4.00007	-5.44275e-05	
4.00031	0.00258917	
4.00056	0.00279899	
4.0008	0.00171516	
4.00105	0.0022815	
4.00129	0.00219571	
4.00154	-0.00326504	
4.00178	-0.0122013	
4.00203	-0.0168257	
4.00227	-0.0140657	
4.00252	-0.00940527	
4.00276	-0.00836761	
4.003	-0.00952551	
4.00325	-0.00904976	
4.00349	-0.00795268	
4.00374	-0.0100357	
4.00398	-0.0143137	
4.00423	-0.0146357	
4.00447	-0.00839382	
4.00472	-0.00196576	
4.00496	-0.0036482	
4.00521	-0.0122292	
4.00545	-0.0172661	
4.0057	-0.0123037	
4.00594	-0.00348633	
4.00618	-0.00117669	
4.00643	-0.0062517	
4.00667	-0.0104037	
4.00692	-0.00886383	
4.00716	-0.00630951	
4.00741	-0.0086875	
4.00765	-0.0146718	
4.0079	-0.0183363	
4.00814	-0.0166461	
4.00839	-0.011099	
4.00863	-0.00448749	
4.00888	0.000721176	
4.00912	0.00220521	
4.00936	-0.00084639	
4.00961	-0.00576464	
4.00985	-0.00752518	
4.0101	-0.00330719	
4.01034	0.00364749	
4.01059	0.00624293	
4.01083	0.00206687	
4.01108	-0.00151647	
4.01132	0.00391657	
4.01157	0.0135451	
4.01181	0.0120224	
4.01205	-0.00468301	
4.0123	-0.0191463	
4.01254	-0.0141143	
4.01279	0.00259923	
4.01303	0.00872297	
4.01328	-0.000478703	
4.01352	-0.00781154	
4.01377	-0.00336102	
4.01401	0.000351648	
4.01426	-0.00889942	
4.0145	-0.020872	
4.01475	-0.0175713	
4.01499	-0.000606312	
4.01523	0.0113471	
4.01548	0.00801465	
4.01572	-0.00314207	
4.01597	-0.0112271	
4.01621	-0.0128822	
4.01646	-0.00843895	
4.0167	0.00133281	
4.01695	0.0112104	
4.01719	0.0129564	
4.01744	0.00531477	
4.01768	-0.00285631	
4.01793	-0.00280811	
4.01817	0.00482219	
4.01841	0.0131452	
4.01866	0.0172464	
4.0189	0.0165831	
4.01915	0.0125093	
4.01939	0.0067297	
4.01964	0.00120208	
4.01988	-0.00227149	
4.02013	-0.0025292	
4.02037	0.000298206	
4.02062	0.00372692	
4.02086	0.00381427	
4.02111	-0.000820351	
4.02135	-0.00654578	
4.02159	-0.00822316	
4.02184	-0.00474658	
4.02208	0.000147932	
4.02233	0.00164778	
4.02257	-0.00245501	
4.02282	-0.0100915	
4.02306	-0.0157738	
4.02331	-0.0151785	
4.02355	-0.0100103	
4.0238	-0.00605534	
4.02404	-0.00603359	
4.02428	-0.00796615	
4.02453	-0.0106649	
4.02477	-0.0148446	
4.02502	-0.017381	
4.02526	-0.0124166	
4.02551	-0.0022294	
4.02575	0.00146155	
4.026	-0.00636962	
4.02624	-0.0149569	
4.02649	-0.0136831	
4.02673	-0.00882129	
4.02698	-0.0119472	
4.02722	-0.0184467	
4.02746	-0.0139086	
4.02771	0.000677171	
4.02795	0.00825963	
4.0282	0.00234781	
4.02844	-0.00368227	
4.02869	-0.000192093	
4.02893	0.00285006	
4.02918	-0.00555076	
4.02942	-0.0171629	
4.02967	-0.0173166	
4.02991	-0.00837498	
4.03016	-0.00486528	
4.0304	-0.0105204	
4.03064	-0.0153156	
4.03089	-0.0132407	
4.03113	-0.00862128	
4.03138	-0.00431506	
4.03162	0.00261083	
4.03187	0.00992968	
4.03211	0.00732852	
4.03236	-0.00855148	
4.0326	-0.0245273	
4.03285	-0.0246279	
4.03309	-0.00943813	
4.03334	0.0050656	
4.03358	0.00617941	
4.03382	-0.00368216	
4.03407	-0.0134221	
4.03431	-0.0163931	
4.03456	-0.0146189	
4.0348	-0.0125078	
4.03505	-0.010629	
4.03529	-0.00738663	
4.03554	-0.00396348	
4.03578	-0.00337777	
4.03603	-0.00525201	
4.03627	-0.00638985	
4.03651	-0.00716565	
4.03676	-0.0114105	
4.037	-0.0176892	
4.03725	-0.017678	
4.03749	-0.00840309	
4.03774	8.08356e-05	
4.03798	-0.0031719	
4.03823	-0.014199	
4.03847	-0.0186601	
4.03872	-0.0100866	
4.03896	0.00401447	
4.03921	0.0128631	
4.03945	0.01204	
4.03969	0.003889	
4.03994	-0.00439067	
4.04018	-0.00448894	
4.04043	0.0037517	
4.04067	0.00885649	
4.04092	0.00179149	
4.04116	-0.00950591	
4.04141	-0.0106022	
4.04165	-0.00307673	
4.0419	-0.00211985	
4.04214	-0.0109923	
4.04239	-0.0145628	
4.04263	-0.00415169	
4.04287	0.00701629	
4.04312	0.00357999	
4.04336	-0.00904194	
4.04361	-0.0139406	
4.04385	-0.00651137	
4.0441	0.00332634	
4.04434	0.00720012	
4.04459	0.00558563	
4.04483	0.0025043	
4.04508	0.00165915	
4.04532	0.00488532	
4.04557	0.00844367	
4.04581	0.005775	
4.04605	-0.0012587	
4.0463	-0.00213257	
4.04654	0.00533885	
4.04679	0.00881042	
4.04703	0.001282	
4.04728	-0.00550685	
4.04752	-0.000848518	
4.04777	0.00445424	
4.04801	-0.00435502	
4.04826	-0.0182163	
4.0485	-0.0165389	
4.04874	-0.00143124	
4.04899	0.00504855	
4.04923	-0.00338713	
4.04948	-0.00972754	
4.04972	-0.00513789	
4.04997	-0.0024453	
4.05021	-0.00987582	
4.05046	-0.0149969	
4.0507	-0.00757887	
4.05095	0.00173258	
4.05119	0.000531373	
4.05144	-0.00470985	
4.05168	-0.00331626	
4.05192	-0.000941441	
4.05217	-0.00765604	
4.05241	-0.0172221	
4.05266	-0.0167854	
4.0529	-0.00880691	
4.05315	-0.00528651	
4.05339	-0.00645222	
4.05364	-0.00300702	
4.05388	0.00471481	
4.05413	0.00727797	
4.05437	0.00369559	
4.05462	0.00211619	
4.05486	0.00381399	
4.0551	0.00194635	
4.05535	-0.00364012	
4.05559	-0.00544322	
4.05584	-0.00320856	
4.05608	-0.00477992	
4.05633	-0.00959858	
4.05657	-0.00655492	
4.05682	0.00655747	
4.05706	0.0155601	
4.05731	0.00967928	
4.05755	-0.00255165	
4.0578	-0.00629599	
4.05804	-0.000671966	
4.05828	0.00376576	
4.05853	0.00202378	
4.05877	-0.000785716	
4.05902	0.000234281	
4.05926	0.00309147	
4.05951	0.00330831	
4.05975	0.000140182	
4.06	-0.0031724	
4.06024	-0.00370817	
4.06049	-0.00257109	
4.06073	-0.00344885	
4.06097	-0.00658424	
4.06122	-0.0066766	
4.06146	-0.000482812	
4.06171	0.00575785	
4.06195	0.00269272	
4.0622	-0.00860844	
4.06244	-0.0164246	
4.06269	-0.0133214	
4.06293	-0.00483178	
4.06318	-0.000394486	
4.06342	-0.00177173	
4.06367	-0.00449581	
4.06391	-0.00542887	
4.06415	-0.00386276	
4.0644	0.000572283	
4.06464	0.00548206	
4.06489	0.00470979	
4.06513	-0.0037222	
4.06538	-0.0108997	
4.06562	-0.00580851	
4.06587	0.00906594	
4.06611	0.0183776	
4.06636	0.0125508	
4.0666	-0.000871295	
4.06685	-0.00857357	
4.06709	-0.0078898	
4.06733	-0.00514081	
4.06758	-0.00244784	
4.06782	0.00356585	
4.06807	0.0105973	
4.06831	0.00958807	
4.06856	-0.000973141	
4.0688	-0.00945688	
4.06905	-0.00682224	
4.06929	0.000276766	
4.06954	0.00119226	
4.06978	-0.00129454	
4.07003	0.00242178	
4.07027	0.00971564	
4.07051	0.00862434	
4.07076	-0.000992169	
4.071	-0.00548979	
4.07125	8.45618e-05	
4.07149	0.00375535	
4.07174	-0.00210189	
4.07198	-0.00683646	
4.07223	-0.00021011	
4.07247	0.00832145	
4.07272	0.0043955	
4.07296	-0.00641495	
4.0732	-0.00632815	
4.07345	0.00602859	
4.07369	0.0127068	
4.07394	0.00354785	
4.07418	-0.00972805	
4.07443	-0.0121931	
4.07467	-0.00600789	
4.07492	-0.00350344	
4.07516	-0.00775784	
4.07541	-0.00994602	
4.07565	-0.00395497	
4.0759	0.00437717	
4.07614	0.00496189	
4.07638	-0.00339617	
4.07663	-0.0116386	
4.07687	-0.0122218	
4.07712	-0.00805041	
4.07736	-0.00625496	
4.07761	-0.00674661	
4.07785	-0.0038947	
4.0781	0.00168286	
4.07834	0.00218069	
4.07859	-0.00457839	
4.07883	-0.0105711	
4.07908	-0.0099541	
4.07932	-0.00725558	
4.07956	-0.00756749	
4.07981	-0.0072292	
4.08005	-0.00177234	
4.0803	0.00429936	
4.08054	0.00412618	
4.08079	-0.00100154	
4.08103	-0.00556066	
4.08128	-0.00828071	
4.08152	-0.0092401	
4.08177	-0.00547538	
4.08201	0.00191763	
4.08226	0.00367125	
4.0825	-0.00465155	
4.08274	-0.01276	
4.08299	-0.00998185	
4.08323	-0.00226582	
4.08348	-0.00174982	
4.08372	-0.00613107	
4.08397	-0.00424035	
4.08421	0.00226658	
4.08446	0.000568557	
4.0847	-0.0105296	
4.08495	-0.0168316	
4.08519	-0.0107612	
4.08544	-0.00197966	
4.08568	-0.00094439	
4.08592	-0.00429143	
4.08617	-0.00284319	
4.08641	0.00472087	
4.08666	0.0117357	
4.0869	0.0115556	
4.08715	0.00306537	
4.08739	-0.00763832	
4.08764	-0.0115837	
4.08788	-0.00695508	
4.08813	-0.00112571	
4.08837	0.00177166	
4.08861	0.00711336	
4.08886	0.0156973	
4.0891	0.0150178	
4.08935	-0.000915521	
4.08959	-0.0140219	
4.08984	-0.00473292	
4.09008	0.0154969	
4.09033	0.0183414	
4.09057	0.00171325	
4.09082	-0.00803424	
4.09106	0.00166233	
4.09131	0.0131791	
4.09155	0.0114618	
4.09179	0.00598759	
4.09204	0.00782176	
4.09228	0.00918206	
4.09253	0.00198892	
4.09277	-0.0036906	
4.09302	0.0021493	
4.09326	0.00944018	
4.09351	0.00482384	
4.09375	-0.00506977	
4.094	-0.005732	
4.09424	0.000827709	
4.09449	0.00231063	
4.09473	-0.00174303	
4.09497	-0.00235848	
4.09522	0.000110541	
4.09546	-0.00283613	
4.09571	-0.0105999	
4.09595	-0.0129483	
4.0962	-0.00651284	
4.09644	0.000458409	
4.09669	0.000689775	
4.09693	-0.00383606	
4.09718	-0.00706138	
4.09742	-0.0063324	
4.09767	-0.00422782	
4.09791	-0.00531544	
4.09815	-0.0097336	
4.0984	-0.0110089	
4.09864	-0.00515047	
4.09889	0.00112984	
4.09913	0.000319802	
4.09938	-0.00192011	
4.09962	0.00333204	
4.09987	0.00852717	
4.10011	6.97373e-07	
4.10036	-0.0135524	
4.1006	-0.00925119	
4.10084	0.00934759	
4.10109	0.010649	
4.10133	-0.0140439	
4.10158	-0.0303172	
4.10182	-0.0123372	
4.10207	0.0151557	
4.10231	0.0152402	
4.10256	-0.0056221	
4.1028	-0.0144274	
4.10305	-0.00538017	
4.10329	0.00040788	
4.10354	-0.00291715	
4.10378	-0.00199015	
4.10402	0.00333436	
4.10427	0.000100506	
4.10451	-0.00713387	
4.10476	-0.00108146	
4.105	0.0123203	
4.10525	0.00833485	
4.10549	-0.0122167	
4.10574	-0.0190865	
4.10598	-0.00191438	
4.10623	0.0119166	
4.10647	0.00312226	
4.10672	-0.0086466	
4.10696	-0.000180728	
4.1072	0.0163908	
4.10745	0.0146587	
4.10769	-0.00510058	
4.10794	-0.0199723	
4.10818	-0.0175701	
4.10843	-0.00537921	
4.10867	0.0045719	
4.10892	0.00499257	
4.10916	-0.00502716	
4.10941	-0.0157845	
4.10965	-0.0128058	
4.1099	0.00359093	
4.11014	0.015121	
4.11038	0.0107836	
4.11063	0.00229995	
4.11087	0.00359557	
4.11112	0.00889887	
4.11136	0.00553368	
4.11161	-0.00327969	
4.11185	-0.0045927	
4.1121	0.00304355	
4.11234	0.00933804	
4.11259	0.00832482	
4.11283	0.00286968	
4.11307	-0.00255236	
4.11332	-0.00473092	
4.11356	-0.00257397	
4.11381	-0.00117223	
4.11405	-0.00693349	
4.1143	-0.0139156	
4.11454	-0.0077189	
4.11479	0.0101099	
4.11503	0.0177145	
4.11528	0.00423755	
4.11552	-0.0112766	
4.11577	-0.00784095	
4.11601	0.00653929	
4.11625	0.0111953	
4.1165	0.00581469	
4.11674	0.00400261	
4.11699	0.00470141	
4.11723	-0.00392818	
4.11748	-0.0180009	
4.11772	-0.0214476	
4.11797	-0.0138552	
4.11821	-0.00968686	
4.11846	-0.0103346	
4.1187	-0.00305008	
4.11895	0.0103858	
4.11919	0.0116712	
4.11943	-0.000838166	
4.11968	-0.00474707	
4.11992	0.00899635	
4.12017	0.0178692	
4.12041	0.00409779	
4.12066	-0.0140997	
4.1209	-0.010034	
4.12115	0.0104507	
4.12139	0.0209292	
4.12164	0.015553	
4.12188	0.0113637	
4.12213	0.0150452	
4.12237	0.0146203	
4.12261	0.00573491	
4.12286	0.00147099	
4.1231	0.00894964	
4.12335	0.0166849	
4.12359	0.0151435	
4.12384	0.012653	
4.12408	0.0185507	
4.12433	0.0250548	
4.12457	0.0211395	
4.12482	0.0136481	
4.12506	0.0169077	
4.1253	0.0276237	
4.12555	0.0292945	
4.12579	0.0203533	
4.12604	0.0180811	
4.12628	0.0302434	
4.12653	0.0421078	
4.12677	0.0420019	
4.12702	0.0427984	
4.12726	0.0615211	
4.12751	0.0895428	
4.12775	0.103901	
4.128	0.102698	
4.12824	0.106192	
4.12848	0.121215	
4.12873	0.127939	
4.12897	0.111516	
4.12922	0.0867371	
4.12946	0.0755714	
4.12971	0.0749003	
4.12995	0.0657027	
4.1302	0.0454208	
4.13044	0.0302463	
4.13069	0.0277574	
4.13093	0.0273981	
4.13118	0.021178	
4.13142	0.0162771	
4.13166	0.0199067	
4.13191	0.0251835	
4.13215	0.0216808	
4.1324	0.0113503	
4.13264	0.00489528	
4.13289	0.00752806	
4.13313	0.0154477	
4.13338	0.0225401	
4.13362	0.0247064	
4.13387	0.0207188	
4.13411	0.0138901	
4.13436	0.0106877	
4.1346	0.0140179	
4.13484	0.0198263	
4.13509	0.0225678	
4.13533	0.0212516	
4.13558	0.0183885	
4.13582	0.0164781	
4.13607	0.0173344	
4.13631	0.0214024	
4.13656	0.0266275	
4.1368	0.0316982	
4.13705	0.0399651	
4.13729	0.0541553	
4.13753	0.0680457	
4.13778	0.0728322	
4.13802	0.0733654	
4.13827	0.0861814	
4.13851	0.115556	
4.13876	0.142959	
4.139	0.149966	
4.13925	0.142072	
4.13949	0.13736	
4.13974	0.13872	
4.13998	0.132511	
4.14023	0.112385	
4.14047	0.0890506	
4.14071	0.0739326	
4.14096	0.0655943	
4.1412	0.0573406	
4.14145	0.0491446	
4.14169	0.0460863	
4.14194	0.050233	
4.14218	0.0584731	
4.14243	0.0656621	
4.14267	0.0684946	
4.14292	0.0690952	
4.14316	0.0740683	
4.14341	0.0862228	
4.14365	0.0991447	
4.14389	0.104732	
4.14414	0.102821	
4.14438	0.0970139	
4.14463	0.0857977	
4.14487	0.067882	
4.14512	0.0522907	
4.14536	0.0494912	
4.14561	0.0534282	
4.14585	0.0475731	
4.1461	0.0306925	
4.14634	0.0203004	
4.14659	0.0252086	
4.14683	0.0313059	
4.14707	0.0241546	
4.14732	0.0108008	
4.14756	0.00627026	
4.14781	0.0104146	
4.14805	0.0129461	
4.1483	0.0125512	
4.14854	0.0152554	
4.14879	0.0192365	
4.14903	0.0166638	
4.14928	0.00842419	
4.14952	0.00388956	
4.14976	0.00690594	
4.15001	0.0126496	
4.15025	0.0170124	
4.1505	0.0195825	
4.15074	0.019339	
4.15099	0.0161951	
4.15123	0.0141173	
4.15148	0.015146	
4.15172	0.0154354	
4.15197	0.0149473	
4.15221	0.0223478	
4.15246	0.0395135	
4.1527	0.0522022	
4.15294	0.0516574	
4.15319	0.053971	
4.15343	0.076811	
4.15368	0.106761	
4.15392	0.116857	
4.15417	0.110735	
4.15441	0.116914	
4.15466	0.138376	
4.1549	0.143835	
4.15515	0.119294	
4.15539	0.0928319	
4.15564	0.0891873	
4.15588	0.0913286	
4.15612	0.0730913	
4.15637	0.0441031	
4.15661	0.0311885	
4.15686	0.0335969	
4.1571	0.0296213	
4.15735	0.0163144	
4.15759	0.0104415	
4.15784	0.0157729	
4.15808	0.0192039	
4.15833	0.016704	
4.15857	0.0157381	
4.15882	0.0136829	
4.15906	0.00106043	
4.1593	-0.0140534	
4.15955	-0.0125749	
4.15979	0.00267468	
4.16004	0.00818289	
4.16028	-0.00226327	
4.16053	-0.00898615	
4.16077	-0.00216223	
4.16102	0.00306847	
4.16126	-0.00240678	
4.16151	-0.00462991	
4.16175	0.00462919	
4.16199	0.00955166	
4.16224	-0.000551053	
4.16248	-0.00927746	
4.16273	-0.00253986	
4.16297	0.00386731	
4.16322	-0.00721292	
4.16346	-0.0191207	
4.16371	-0.00671208	
4.16395	0.0181775	
4.1642	0.022195	
4.16444	0.00382671	
4.16469	-0.00515567	
4.16493	0.0085242	
4.16517	0.0217839	
4.16542	0.0160519	
4.16566	0.00395113	
4.16591	0.0023527	
4.16615	0.00587814	
4.1664	0.00368925	
4.16664	0.000841487	
4.16689	0.00485471	
4.16713	0.00810573	
4.16738	0.00183239	
4.16762	-0.00571348	
4.16787	-0.00274146	
4.16811	0.00545842	
4.16835	0.00649528	
4.1686	0.00196233	
4.16884	0.0012529	
4.16909	0.00261821	
4.16933	-0.00131373	
4.16958	-0.00568316	
4.16982	-0.000805305	
4.17007	0.00665872	
4.17031	0.00109861	
4.17056	-0.0139346	
4.1708	-0.0169599	
4.17105	-0.00217779	
4.17129	0.00924184	
4.17153	0.000594928	
4.17178	-0.0158859	
4.17202	-0.0188954	
4.17227	-0.00816953	
4.17251	0.000393145	
4.17276	-0.000101553	
4.173	-0.00317521	
4.17325	-0.00424243	
4.17349	-0.00500129	
4.17374	-0.00444801	
4.17398	0.00114229	
4.17423	0.00893423	
4.17447	0.0112722	
4.17471	0.00734772	
4.17496	0.00325855	
4.1752	0.000269764	
4.17545	-0.00589782	
4.17569	-0.0126325	
4.17594	-0.00987645	
4.17618	0.00289873	
4.17643	0.0109023	
4.17667	0.00377181	
4.17692	-0.00814844	
4.17716	-0.00828423	
4.1774	0.0017655	
4.17765	0.00520998	
4.17789	-0.00484251	
4.17814	-0.0167923	
4.17838	-0.0191472	
4.17863	-0.0153186	
4.17887	-0.0137364	
4.17912	-0.013235	
4.17936	-0.00780934	
4.17961	7.03153e-05	
4.17985	0.00173855	
4.1801	-0.00396217	
4.18034	-0.00916852	
4.18058	-0.00944525	
4.18083	-0.00830687	
4.18107	-0.00744366	
4.18132	-0.00235902	
4.18156	0.00743559	
4.18181	0.0129592	
4.18205	0.00796735	
4.1823	-0.00063426	
4.18254	-0.00338761	
4.18279	-0.00284218	
4.18303	-0.00658984	
4.18328	-0.0110878	
4.18352	-0.0066535	
4.18376	0.00335735	
4.18401	0.00458589	
4.18425	-0.00486308	
4.1845	-0.00960044	
4.18474	-0.00188946	
4.18499	0.00490672	
4.18523	-0.0014432	
4.18548	-0.0111035	
4.18572	-0.0086177	
4.18597	0.000993172	
4.18621	0.000888465	
4.18646	-0.00945274	
4.1867	-0.0142637	
4.18694	-0.00775952	
4.18719	-0.00143683	
4.18743	-0.0031877	
4.18768	-0.00637359	
4.18792	-0.00438078	
4.18817	-0.000911501	
4.18841	0.00028563	
4.18866	0.00244006	
4.1889	0.00571257	
4.18915	0.00272553	
4.18939	-0.00788801	
4.18963	-0.0149225	
4.18988	-0.0105616	
4.19012	-0.00275911	
4.19037	-0.00210326	
4.19061	-0.00563879	
4.19086	-0.00455395	
4.1911	-0.000180779	
4.19135	-0.000413515	
4.19159	-0.00537702	
4.19184	-0.00796227	
4.19208	-0.00544425	
4.19233	-0.00103175	
4.19257	0.00306135	
4.19281	0.00550607	
4.19306	0.00259183	
4.1933	-0.00609487	
4.19355	-0.0125257	
4.19379	-0.00986606	
4.19404	-0.00338341	
4.19428	-0.00215825	
4.19453	-0.00422542	
4.19477	-0.00127054	
4.19502	0.0054632	
4.19526	0.00711382	
4.19551	0.00342292	
4.19575	0.00301016	
4.19599	0.00684188	
4.19624	0.00590661	
4.19648	-0.00142755	
4.19673	-0.00393563	
4.19697	0.0044317	
4.19722	0.0135563	
4.19746	0.0123472	
4.19771	0.00451016	
4.19795	-5.40386e-05	
4.1982	-0.000811386	
4.19844	-0.0029741	
4.19869	-0.0049434	
4.19893	-0.00104506	
4.19917	0.00656749	
4.19942	0.00976416	
4.19966	0.00703228	
4.19991	0.00432383	
4.20015	0.00341605	
4.2004	-0.000657356	
4.20064	-0.00842523	
4.20089	-0.0115335	
4.20113	-0.00434374	
4.20138	0.0068238	
4.20162	0.0119057	
4.20186	0.0100566	
4.20211	0.0083885	
4.20235	0.0108855	
4.2026	0.0150114	
4.20284	0.0178615	
4.20309	0.0191008	
4.20333	0.0179012	
4.20358	0.0139481	
4.20382	0.0128467	
4.20407	0.0228147	
4.20431	0.0420207	
4.20456	0.0566462	
4.2048	0.0582263	
4.20504	0.0564951	
4.20529	0.0656442	
4.20553	0.0826127	
4.20578	0.0914285	
4.20602	0.0876077	
4.20627	0.0837767	
4.20651	0.0879249	
4.20676	0.0907861	
4.207	0.0829797	
4.20725	0.072112	
4.20749	0.0706673	
4.20774	0.075396	
4.20798	0.0724928	
4.20822	0.0587405	
4.20847	0.0441974	
4.20871	0.0358266	
4.20896	0.0310613	
4.2092	0.0275739	
4.20945	0.0275314	
4.20969	0.0303672	
4.20994	0.0317309	
4.21018	0.0318405	
4.21043	0.0352991	
4.21067	0.0404763	
4.21092	0.0392501	
4.21116	0.0309241	
4.2114	0.026628	
4.21165	0.0347465	
4.21189	0.0502348	
4.21214	0.0636337	
4.21238	0.0727827	
4.21263	0.0798696	
4.21287	0.0845796	
4.21312	0.087169	
4.21336	0.0918732	
4.21361	0.10002	
4.21385	0.105298	
4.21409	0.103059	
4.21434	0.0986984	
4.21458	0.0988128	
4.21483	0.0996423	
4.21507	0.0942691	
4.21532	0.0871839	
4.21556	0.0897235	
4.21581	0.101661	
4.21605	0.109255	
4.2163	0.104388	
4.21654	0.095746	
4.21679	0.0960423	
4.21703	0.105476	
4.21727	0.113462	
4.21752	0.111794	
4.21776	0.10065	
4.21801	0.084831	
4.21825	0.0693273	
4.2185	0.0575645	
4.21874	0.0503604	
4.21899	0.0463099	
4.21923	0.04384	
4.21948	0.041695	
4.21972	0.0379333	
4.21997	0.0319169	
4.22021	0.0275467	
4.22045	0.029867	
4.2207	0.0369093	
4.22094	0.0399405	
4.22119	0.0345255	
4.22143	0.0264039	
4.22168	0.0229486	
4.22192	0.0241818	
4.22217	0.0269016	
4.22241	0.0317238	
4.22266	0.0391002	
4.2229	0.0438879	
4.22315	0.0432564	
4.22339	0.0457508	
4.22363	0.0606071	
4.22388	0.079931	
4.22412	0.0854235	
4.22437	0.0744325	
4.22461	0.0645034	
4.22486	0.0668469	
4.2251	0.0705584	
4.22535	0.0629597	
4.22559	0.0514412	
4.22584	0.0501129	
4.22608	0.0549324	
4.22632	0.0501447	
4.22657	0.0346014	
4.22681	0.0234626	
4.22706	0.0244397	
4.2273	0.0292072	
4.22755	0.0300195	
4.22779	0.0287609	
4.22804	0.0260443	
4.22828	0.0170973	
4.22853	0.00431731	
4.22877	-0.000757842	
4.22902	0.0045306	
4.22926	0.00755351	
4.2295	0.000632642	
4.22975	-0.00568185	
4.22999	-0.000591664	
4.23024	0.0077841	
4.23048	0.00496906	
4.23073	-0.00706556	
4.23097	-0.0139514	
4.23122	-0.00975953	
4.23146	-0.000395191	
4.23171	0.00869593	
4.23195	0.0149025	
4.2322	0.0129157	
4.23244	0.000937482	
4.23268	-0.010381	
4.23293	-0.00915526	
4.23317	-0.000589035	
4.23342	0.000232555	
4.23366	-0.00723495	
4.23391	-0.00782048	
4.23415	0.00420399	
4.2344	0.0150771	
4.23464	0.0124397	
4.23489	0.00228406	
4.23513	-0.00300466	
4.23538	-0.00220932	
4.23562	-0.00192239	
4.23586	-0.00424703	
4.23611	-0.0067718	
4.23635	-0.00857792	
4.2366	-0.00871081	
4.23684	-0.00437413	
4.23709	0.00253302	
4.23733	0.00325552	
4.23758	-0.00571027	
4.23782	-0.0139874	
4.23807	-0.00997033	
4.23831	0.00183992	
4.23855	0.00613119	
4.2388	-0.00211289	
4.23904	-0.0115564	
4.23929	-0.0105394	
4.23953	-0.000499427	
4.23978	0.00957429	
4.24002	0.0148713	
4.24027	0.015932	
4.24051	0.012784	
4.24076	0.00445659	
4.241	-0.00619801	
4.24125	-0.0123599	
4.24149	-0.0102436	
4.24173	-0.00404607	
4.24198	-0.00134143	
4.24222	-0.00405691	
4.24247	-0.00660304	
4.24271	-0.00389362	
4.24296	0.00132501	
4.2432	0.00201887	
4.24345	-0.00308711	
4.24369	-0.00670168	
4.24394	-0.00198077	
4.24418	0.0078703	
4.24443	0.0120996	
4.24467	0.0048693	
4.24491	-0.00734837	
4.24516	-0.0130741	
4.2454	-0.00937652	
4.24565	-0.00437979	
4.24589	-0.00518989	
4.24614	-0.00788122	
4.24638	-0.00392804	
4.24663	0.00655971	
4.24687	0.0148155	
4.24712	0.0159764	
4.24736	0.0140597	
4.24761	0.0127198	
4.24785	0.00885512	
4.24809	-0.000309699	
4.24834	-0.0102815	
4.24858	-0.0149916	
4.24883	-0.0144718	
4.24907	-0.0116066	
4.24932	-0.0065703	
4.24956	-0.000770434	
4.24981	-0.000768027	
4.25005	-0.0096372	
4.2503	-0.0183158	
4.25054	-0.0155844	
4.25079	-0.00497702	
4.25103	-0.00111631	
4.25127	-0.00838386	
4.25152	-0.0139428	
4.25176	-0.00620982	
4.25201	0.00832854	
4.25225	0.0134479	
4.2525	0.00354515	
4.25274	-0.0109405	
4.25299	-0.0168303	
4.25323	-0.0117768	
4.25348	-0.0040154	
4.25372	-0.00179029	
4.25396	-0.00508329	
4.25421	-0.00757901	
4.25445	-0.00507114	
4.2547	0.000199629	
4.25494	0.00342986	
4.25519	0.00264814	
4.25543	-0.000897384	
4.25568	-0.00502947	
4.25592	-0.00761044	
4.25617	-0.00750346	
4.25641	-0.00605274	
4.25666	-0.00543728	
4.2569	-0.00510601	
4.25714	-0.00322738	
4.25739	-0.00172658	
4.25763	-0.00467607	
4.25788	-0.0108732	
4.25812	-0.014361	
4.25837	-0.0137479	
4.25861	-0.0134842	
4.25886	-0.0138799	
4.2591	-0.00945256	
4.25935	-0.00106461	
4.25959	0.00146266	
4.25984	-0.00452413	
4.26008	-0.00750469	
4.26032	-0.000396312	
4.26057	0.00560606	
4.26081	-0.00116513	
4.26106	-0.011688	
4.2613	-0.00938244	
4.26155	0.00303389	
4.26179	0.00822133	
4.26204	0.0018511	
4.26228	-0.00323759	
4.26253	0.000231798	
4.26277	0.00528314	
4.26302	0.00647639	
4.26326	0.00725016	
4.2635	0.00803912	
4.26375	0.00284583	
4.26399	-0.00756934	
4.26424	-0.0133105	
4.26448	-0.0110918	
4.26473	-0.00910378	
4.26497	-0.0116204	
4.26522	-0.0123667	
4.26546	-0.00836055	
4.26571	-0.00635415	
4.26595	-0.00894979	
4.26619	-0.00792562	
4.26644	0.000704146	
4.26668	0.00773204	
4.26693	0.00566005	
4.26717	0.000911831	
4.26742	0.00196021	
4.26766	0.00602071	
4.26791	0.00697175	
4.26815	0.00615531	
4.2684	0.00545375	
4.26864	-0.000186139	
4.26889	-0.0124181	
4.26913	-0.0211257	
4.26937	-0.0180865	
4.26962	-0.0104918	
4.26986	-0.00852969	
4.27011	-0.00790438	
4.27035	0.000730518	
4.2706	0.0116204	
4.27084	0.0103299	
4.27109	-0.00212602	
4.27133	-0.00875629	
4.27158	-0.00207887	
4.27182	0.00556435	
4.27207	0.00270622	
4.27231	-0.00374357	
4.27255	-0.00124742	
4.2728	0.00715211	
4.27304	0.0067076	
4.27329	-0.00645518	
4.27353	-0.0183595	
4.27378	-0.0161951	
4.27402	-0.00564643	
4.27427	-0.0017	
4.27451	-0.0070563	
4.27476	-0.010359	
4.275	-0.005735	
4.27525	-0.00162849	
4.27549	-0.00474601	
4.27573	-0.00721204	
4.27598	-0.000345677	
4.27622	0.00822134	
4.27647	0.00541361	
4.27671	-0.00555187	
4.27696	-0.0103461	
4.2772	-0.00681903	
4.27745	-0.00558165	
4.27769	-0.00855481	
4.27794	-0.00630913	
4.27818	0.000992803	
4.27842	0.000380736	
4.27867	-0.0100588	
4.27891	-0.0140453	
4.27916	-0.00367763	
4.2794	0.00531253	
4.27965	-0.00214267	
4.27989	-0.0169378	
4.28014	-0.0216484	
4.28038	-0.0164095	
4.28063	-0.0126496	
4.28087	-0.011968	
4.28112	-0.0085326	
4.28136	-0.00448848	
4.2816	-0.00591936	
4.28185	-0.00890112	
4.28209	-0.00537917	
4.28234	0.0014373	
4.28258	0.00256991	
4.28283	0.000280357	
4.28307	0.0042449	
4.28332	0.0130149	
4.28356	0.0145766	
4.28381	0.00548049	
4.28405	-0.00428054	
4.2843	-0.00681055	
4.28454	-0.00485785	
4.28478	-0.00310583	
4.28503	-0.00148081	
4.28527	0.000440768	
4.28552	0.000903675	
4.28576	7.86147e-05	
4.28601	0.000162505	
4.28625	0.000721549	
4.2865	-0.000176184	
4.28674	-0.000840513	
4.28699	0.00163218	
4.28723	0.00449632	
4.28748	0.00137214	
4.28772	-0.00855255	
4.28796	-0.018107	
4.28821	-0.019065	
4.28845	-0.00925531	
4.2887	0.00500817	
4.28894	0.0121576	
4.28919	0.00588537	
4.28943	-0.00577995	
4.28968	-0.00870432	
4.28992	-0.00189062	
4.29017	0.00127761	
4.29041	-0.00542275	
4.29065	-0.0108871	
4.2909	-0.00532556	
4.29114	0.00411481	
4.29139	0.00701761	
4.29163	0.00651531	
4.29188	0.00926683	
4.29212	0.0101656	
4.29237	0.00253071	
4.29261	-0.00634773	
4.29286	-0.00683318	
4.2931	-0.00541525	
4.29335	-0.0130183	
4.29359	-0.0222756	
4.29383	-0.0173937	
4.29408	-0.00226363	
4.29432	0.00327569	
4.29457	-0.00568076	
4.29481	-0.0133434	
4.29506	-0.00994755	
4.2953	-0.00379773	
4.29555	-0.00274173	
4.29579	-0.00270718	
4.29604	-0.00052397	
4.29628	-0.00124254	
4.29653	-0.00594777	
4.29677	-0.00713723	
4.29701	-0.00276674	
4.29726	-0.00116999	
4.2975	-0.0056516	
4.29775	-0.0075094	
4.29799	-0.00154102	
4.29824	0.00363579	
4.29848	-0.00126746	
4.29873	-0.0123819	
4.29897	-0.01905	
4.29922	-0.0165256	
4.29946	-0.00770562	
4.29971	0.000690945	
4.29995	0.0014117	
4.30019	-0.00580841	
4.30044	-0.00966962	
4.30068	-0.000353666	
4.30093	0.0133691	
4.30117	0.0132067	
4.30142	-0.00178367	
4.30166	-0.0126405	
4.30191	-0.0082073	
4.30215	0.000392952	
4.3024	-0.000713353	
4.30264	-0.00875278	
4.30288	-0.0129021	
4.30313	-0.0103164	
4.30337	-0.00482156	
4.30362	0.000853021	
4.30386	0.00396077	
4.30411	0.00106797	
4.30435	-0.00553702	
4.3046	-0.00831385	
4.30484	-0.0050954	
4.30509	-0.00104508	
4.30533	0.00168627	
4.30558	0.00577155	
4.30582	0.00889275	
4.30606	0.0048209	
4.30631	-0.00361282	
4.30655	-0.00628551	
4.3068	-0.00281095	
4.30704	-0.00278242	
4.30729	-0.00692327	
4.30753	-0.00556138	
4.30778	0.000800411	
4.30802	-0.000338811	
4.30827	-0.00914643	
4.30851	-0.00967019	
4.30876	0.000871645	
4.309	0.00320538	
4.30924	-0.0104543	
4.30949	-0.0188439	
4.30973	-0.00620168	
4.30998	0.00900977	
4.31022	0.00379372	
4.31047	-0.0108405	
4.31071	-0.00921968	
4.31096	0.0057765	
4.3112	0.00939414	
4.31145	-0.00341127	
4.31169	-0.0130635	
4.31194	-0.00906669	
4.31218	-0.00128148	
4.31242	0.00249635	
4.31267	0.00551326	
4.31291	0.00699569	
4.31316	0.00081198	
4.3134	-0.00813526	
4.31365	-0.00699531	
4.31389	0.00274269	
4.31414	0.00597894	
4.31438	-0.000317197	
4.31463	-0.00283506	
4.31487	0.00260286	
4.31511	0.0027903	
4.31536	-0.00813165	
4.3156	-0.0159787	
4.31585	-0.00955369	
4.31609	0.000500645	
4.31634	-0.00114549	
4.31658	-0.0110933	
4.31683	-0.0142608	
4.31707	-0.00634	
4.31732	0.00225272	
4.31756	0.000934346	
4.31781	-0.00986207	
4.31805	-0.0196425	
4.31829	-0.0174018	
4.31854	-0.00395072	
4.31878	0.00636056	
4.31903	0.0029734	
4.31927	-0.00496698	
4.31952	-0.00120423	
4.31976	0.0117944	
4.32001	0.0152471	
4.32025	0.00338814	
4.3205	-0.00727311	
4.32074	-0.0038132	
4.32099	0.00483323	
4.32123	0.00506483	
4.32147	-0.000355767	
4.32172	-0.000870607	
4.32196	0.00314982	
4.32221	0.00372977	
4.32245	0.000414575	
4.3227	-0.000547906	
4.32294	0.00165667	
4.32319	0.00180158	
4.32343	-0.00179446	
4.32368	-0.00554205	
4.32392	-0.00746175	
4.32417	-0.00905512	
4.32441	-0.0104418	
4.32465	-0.00876366	
4.3249	-0.00239892	
4.32514	0.0052175	
4.32539	0.00726563	
4.32563	0.000768337	
4.32588	-0.00732897	
4.32612	-0.00615951	
4.32637	0.00355017	
4.32661	0.00735524	
4.32686	-0.00186875	
4.3271	-0.00979614	
4.32735	-0.0010619	
4.32759	0.0136151	
4.32783	0.0102614	
4.32808	-0.0109774	
4.32832	-0.0237893	
4.32857	-0.0142548	
4.32881	0.00114675	
4.32906	0.00410654	
4.3293	-0.000677891	
4.32955	-0.00155275	
4.32979	-0.00121285	
4.33004	-0.00587786	
4.33028	-0.00877755	
4.33052	-0.00190719	
4.33077	0.00724859	
4.33101	0.00706073	
4.33126	0.000148625	
4.3315	-0.00432325	
4.33175	-0.00676402	
4.33199	-0.0108717	
4.33224	-0.0117675	
4.33248	-0.00622442	
4.33273	-0.00410732	
4.33297	-0.0122385	
4.33322	-0.0173549	
4.33346	-0.00516693	
4.3337	0.0127059	
4.33395	0.0135175	
4.33419	-0.00107198	
4.33444	-0.00838354	
4.33468	-0.000814873	
4.33493	0.00636419	
4.33517	0.0042976	
4.33542	0.00303538	
4.33566	0.00940055	
4.33591	0.0144791	
4.33615	0.0115378	
4.3364	0.00788232	
4.33664	0.00963853	
4.33688	0.0104483	
4.33713	0.00467176	
4.33737	-0.0014455	
4.33762	-0.000671059	
4.33786	0.00419498	
4.33811	0.00743189	
4.33835	0.00841089	
4.3386	0.00705242	
4.33884	0.00181598	
4.33909	-0.00315638	
4.33933	-0.000126565	
4.33958	0.00870688	
4.33982	0.0117436	
4.34006	0.00623648	
4.34031	0.00290434	
4.34055	0.00754807	
4.3408	0.0123809	
4.34104	0.0117457	
4.34129	0.0112815	
4.34153	0.0134627	
4.34178	0.0096997	
4.34202	-0.00256556	
4.34227	-0.00977391	
4.34251	-0.00234221	
4.34275	0.00820337	
4.343	0.00691189	
4.34324	-0.000627371	
4.34349	0.00193713	
4.34373	0.0158256	
4.34398	0.027004	
4.34422	0.0272177	
4.34447	0.0209942	
4.34471	0.0150389	
4.34496	0.0131146	
4.3452	0.0185395	
4.34545	0.0306744	
4.34569	0.0417718	
4.34593	0.0468272	
4.34618	0.052067	
4.34642	0.0639703	
4.34667	0.0760152	
4.34691	0.0785332	
4.34716	0.0763541	
4.3474	0.0824856	
4.34765	0.0972658	
4.34789	0.108306	
4.34814	0.110307	
4.34838	0.110891	
4.34863	0.115689	
4.34887	0.121001	
4.34911	0.124377	
4.34936	0.130876	
4.3496	0.144049	
4.34985	0.159302	
4.35009	0.170738	
4.35034	0.178519	
4.35058	0.186642	
4.35083	0.198584	
4.35107	0.216412	
4.35132	0.238739	
4.35156	0.258557	
4.35181	0.268091	
4.35205	0.266471	
4.35229	0.25886	
4.35254	0.249659	
4.35278	0.241092	
4.35303	0.234889	
4.35327	0.227882	
4.35352	0.20886	
4.35376	0.169699	
4.35401	0.119979	
4.35425	0.0815986	
4.3545	0.0665118	
4.35474	0.0660381	
4.35498	0.0634154	
4.35523	0.050744	
4.35547	0.032242	
4.35572	0.0168503	
4.35596	0.0102191	
4.35621	0.0105328	
4.35645	0.0108525	
4.3567	0.00711562	
4.35694	0.00210558	
4.35719	-0.00044677	
4.35743	-0.0014434	
4.35768	-0.0020403	
4.35792	0.000930313	
4.35816	0.00870936	
4.35841	0.0144541	
4.35865	0.0113492	
4.3589	0.00347423	
4.35914	0.000410489	
4.35939	0.00379212	
4.35963	0.00726338	
4.35988	0.00691723	
4.36012	0.00344737	
4.36037	-0.00296923	
4.36061	-0.0107185	
4.36086	-0.0126204	
4.3611	-0.00397837	
4.36134	0.00728297	
4.36159	0.00893213	
4.36183	0.00154126	
4.36208	-0.00311023	
4.36232	0.000486312	
4.36257	0.00658214	
4.36281	0.0100701	
4.36306	0.0120828	
4.3633	0.0131342	
4.36355	0.0111209	
4.36379	0.00703817	
4.36404	0.00360178	
4.36428	-0.000766653	
4.36452	-0.00682263	
4.36477	-0.00659897	
4.36501	0.00602878	
4.36526	0.0193996	
4.3655	0.0154959	
4.36575	-0.00216239	
4.36599	-0.010485	
4.36624	-0.000728578	
4.36648	0.00855797	
4.36673	0.000754774	
4.36697	-0.0146009	
4.36721	-0.0192288	
4.36746	-0.0129805	
4.3677	-0.00807491	
4.36795	-0.00707561	
4.36819	-0.0032895	
4.36844	0.00243134	
4.36868	0.00125756	
4.36893	-0.0077168	
4.36917	-0.0137499	
4.36942	-0.00911121	
4.36966	0.000786498	
4.36991	0.00505807	
4.37015	0.000448922	
4.37039	-0.00630566	
4.37064	-0.00787019	
4.37088	-0.00545614	
4.37113	-0.00595616	
4.37137	-0.010153	
4.37162	-0.00993566	
4.37186	-0.00144829	
4.37211	0.00631548	
4.37235	0.00485554	
4.3726	0.00113257	
4.37284	0.00602944	
4.37309	0.0129436	
4.37333	0.00554362	
4.37357	-0.0138099	
4.37382	-0.0231139	
4.37406	-0.0126361	
4.37431	0.00136332	
4.37455	0.00303956	
4.3748	-0.00106028	
4.37504	0.0014826	
4.37529	0.00636903	
4.37553	0.00245132	
4.37578	-0.00674118	
4.37602	-0.00827767	
4.37627	-0.00105551	
4.37651	0.00301715	
4.37675	-0.0028986	
4.377	-0.0124278	
4.37724	-0.0154742	
4.37749	-0.00883789	
4.37773	0.00153092	
4.37798	0.00531254	
4.37822	-0.00181322	
4.37847	-0.0112587	
4.37871	-0.0113188	
4.37896	-0.00384871	
4.3792	-0.000767339	
4.37944	-0.00355431	
4.37969	-0.00117822	
4.37993	0.00809362	
4.38018	0.0109249	
4.38042	0.00281531	
4.38067	-0.00130275	
4.38091	0.00722099	
4.38116	0.0131995	
4.3814	0.00277108	
4.38165	-0.0107811	
4.38189	-0.00757753	
4.38214	0.00583457	
4.38238	0.0079527	
4.38262	-0.00233315	
4.38287	-0.00718122	
4.38311	-0.00185937	
4.38336	0.000321117	
4.3836	-0.00474665	
4.38385	-0.00418883	
4.38409	0.00747329	
4.38434	0.0167645	
4.38458	0.0116589	
4.38483	-0.00205236	
4.38507	-0.011692	
4.38532	-0.0124358	
4.38556	-0.00594874	
4.3858	0.00419415	
4.38605	0.0109881	
4.38629	0.00803684	
4.38654	-0.0012208	
4.38678	-0.00707816	
4.38703	-0.00759099	
4.38727	-0.00916392	
4.38752	-0.0128192	
4.38776	-0.0116191	
4.38801	-0.0034491	
4.38825	0.00504348	
4.3885	0.00929288	
4.38874	0.0106359	
4.38898	0.0080804	
4.38923	-0.00145616	
4.38947	-0.0125957	
4.38972	-0.0140735	
4.38996	-0.00552775	
4.39021	0.000570382	
4.39045	-0.00200113	
4.3907	-0.00461261	
4.39094	0.000205517	
4.39119	0.00623714	
4.39143	0.0046676	
4.39167	-0.00220258	
4.39192	-0.00648556	
4.39216	-0.00642366	
4.39241	-0.00507813	
4.39265	-0.00316259	
4.3929	0.0002825	
4.39314	0.00416395	
4.39339	0.0065677	
4.39363	0.00620043	
4.39388	0.00137539	
4.39412	-0.00696451	
4.39437	-0.0113771	
4.39461	-0.00525252	
4.39485	0.00552877	
4.3951	0.00820732	
4.39534	0.00198397	
4.39559	-0.000209374	
4.39583	0.0077131	
4.39608	0.0147996	
4.39632	0.00971291	
4.39657	-0.00344753	
4.39681	-0.0137548	
4.39706	-0.0182126	
4.3973	-0.0191636	
4.39755	-0.0154782	
4.39779	-0.0062983	
4.39803	0.00255523	
4.39828	0.00542307	
4.39852	0.0055027	
4.39877	0.00838721	
4.39901	0.0115468	
4.39926	0.00899012	
4.3995	0.0027214	
4.39975	0.000405639	
4.39999	0.0033348	
4.40024	0.00478905	
4.40048	5.0903e-06	
4.40073	-0.00837262	
4.40097	-0.0144317	
4.40121	-0.014016	
4.40146	-0.0069661	
4.4017	0.00151054	
4.40195	0.00377309	
4.40219	-0.00186085	
4.40244	-0.00821335	
4.40268	-0.0086969	
4.40293	-0.00598632	
4.40317	-0.00606222	
4.40342	-0.00765727	
4.40366	-0.00507012	
4.4039	0.000931344	
4.40415	0.00347893	
4.40439	0.000815513	
4.40464	-0.00105821	
4.40488	0.00111032	
4.40513	0.00211789	
4.40537	-0.00286871	
4.40562	-0.0094528	
4.40586	-0.00952188	
4.40611	-0.002553	
4.40635	0.00418372	
4.4066	0.0055312	
4.40684	0.003138	
4.40708	-0.000109059	
4.40733	-0.0045939	
4.40757	-0.00986403	
4.40782	-0.0107785	
4.40806	-0.0035665	
4.40831	0.00618052	
4.40855	0.0081673	
4.4088	0.000780529	
4.40904	-0.0063809	
4.40929	-0.0057242	
4.40953	-0.00140488	
4.40978	-0.00159529	
4.41002	-0.00619368	
4.41026	-0.00848298	
4.41051	-0.00608431	
4.41075	-0.00350227	
4.411	-0.00430979	
4.41124	-0.00632669	
4.41149	-0.00529805	
4.41173	1.97386e-05	
4.41198	0.00644146	
4.41222	0.0079329	
4.41247	0.000571767	
4.41271	-0.0112465	
4.41296	-0.0164939	
4.4132	-0.00943334	
4.41344	0.00296801	
4.41369	0.00999675	
4.41393	0.0100813	
4.41418	0.00885988	
4.41442	0.00797707	
4.41467	0.00416136	
4.41491	-0.00171913	
4.41516	-0.00366967	
4.4154	-0.000237075	
4.41565	0.00230669	
4.41589	-0.000576978	
4.41614	-0.00481736	
4.41638	-0.00400123	
4.41662	0.00109698	
4.41687	0.00292549	
4.41711	-0.0037122	
4.41736	-0.0144807	
4.4176	-0.0182311	
4.41785	-0.00859961	
4.41809	0.00715256	
4.41834	0.0147791	
4.41858	0.00971041	
4.41883	0.00161504	
4.41907	-0.000198691	
4.41931	0.00146939	
4.41956	2.68663e-05	
4.4198	-0.00261699	
4.42005	-0.000884671	
4.42029	0.00299672	
4.42054	0.00246824	
4.42078	-0.00209797	
4.42103	-0.00529983	
4.42127	-0.00663449	
4.42152	-0.00859195	
4.42176	-0.00793468	
4.42201	0.000227978	
4.42225	0.0116937	
4.42249	0.0174179	
4.42274	0.0169437	
4.42298	0.016745	
4.42323	0.0171201	
4.42347	0.0127063	
4.42372	0.00492565	
4.42396	0.00119831	
4.42421	0.00184587	
4.42445	0.00031196	
4.4247	-0.0037104	
4.42494	-0.00454907	
4.42519	-0.0036235	
4.42543	-0.00743744	
4.42567	-0.0121709	
4.42592	-0.00734195	
4.42616	0.00264516	
4.42641	-0.000181877	
4.42665	-0.0176904	
4.4269	-0.0263594	
4.42714	-0.00947636	
4.42739	0.017073	
4.42763	0.025762	
4.42788	0.0128067	
4.42812	-0.00256097	
4.42837	-0.00668241	
4.42861	-0.00414728	
4.42885	-0.00427104	
4.4291	-0.0072685	
4.42934	-0.00619529	
4.42959	0.00261783	
4.42983	0.0129036	
4.43008	0.0133936	
4.43032	0.00214164	
4.43057	-0.00818279	
4.43081	-0.00692178	
4.43106	-0.00199899	
4.4313	-0.00684138	
4.43154	-0.0156182	
4.43179	-0.0108582	
4.43203	0.00509124	
4.43228	0.00984894	
4.43252	-0.00280378	
4.43277	-0.0114925	
4.43301	-0.00238787	
4.43326	0.00902802	
4.4335	0.00665161	
4.43375	0.000400712	
4.43399	0.00397246	
4.43424	0.00750379	
4.43448	-0.00268187	
4.43472	-0.0145894	
4.43497	-0.00875463	
4.43521	0.00689748	
4.43546	0.00947708	
4.4357	-0.000503279	
4.43595	-0.00285303	
4.43619	0.00550882	
4.43644	0.00771858	
4.43668	-0.000117584	
4.43693	-0.00259948	
4.43717	0.00545653	
4.43742	0.0103272	
4.43766	0.00541928	
4.4379	0.00101871	
4.43815	0.0017017	
4.43839	-0.00194906	
4.43864	-0.0112288	
4.43888	-0.0121151	
4.43913	-0.000232252	
4.43937	0.0083456	
4.43962	0.0027296	
4.43986	-0.00566235	
4.44011	-0.00388272	
4.44035	0.00225911	
4.4406	0.00172669	
4.44084	-0.00334324	
4.44108	-0.00561377	
4.44133	-0.00537621	
4.44157	-0.00395383	
4.44182	0.0023482	
4.44206	0.0110771	
4.44231	0.010557	
4.44255	-0.0012338	
4.4428	-0.00969019	
4.44304	-0.00683297	
4.44329	-0.00510253	
4.44353	-0.0144954	
4.44377	-0.0233677	
4.44402	-0.0189116	
4.44426	-0.0100881	
4.44451	-0.0101392	
4.44475	-0.0115675	
4.445	-0.00184449	
4.44524	0.00892265	
4.44549	0.0026283	
4.44573	-0.0134328	
4.44598	-0.016107	
4.44622	-0.00461489	
4.44647	-0.000184923	
4.44671	-0.00814875	
4.44695	-0.0102644	
4.4472	0.000590624	
4.44744	0.0070888	
4.44769	-0.00123355	
4.44793	-0.00933641	
4.44818	-0.0033405	
4.44842	0.00617513	
4.44867	0.00385532	
4.44891	-0.00531278	
4.44916	-0.00791269	
4.4494	-0.00466511	
4.44965	-0.0035066	
4.44989	-0.00194531	
4.45013	0.005452	
4.45038	0.010957	
4.45062	0.0038362	
4.45087	-0.00893104	
4.45111	-0.0103026	
4.45136	0.000599958	
4.4516	0.00674011	
4.45185	-0.0015395	
4.45209	-0.013964	
4.45234	-0.0163532	
4.45258	-0.00809419	
4.45283	0.000539621	
4.45307	0.0011333	
4.45331	-0.00604366	
4.45356	-0.0135209	
4.4538	-0.0140702	
4.45405	-0.00915375	
4.45429	-0.00720643	
4.45454	-0.0105736	
4.45478	-0.0106293	
4.45503	-0.00207523	
4.45527	0.00564981	
4.45552	0.00146169	
4.45576	-0.0091468	
4.456	-0.0115333	
4.45625	-0.0034884	
4.45649	0.00408725	
4.45674	0.00548062	
4.45698	0.00472661	
4.45723	0.00291873	
4.45747	-0.00353793	
4.45772	-0.0107751	
4.45796	-0.0091767	
4.45821	-0.000209224	
4.45845	0.00398262	
4.4587	0.00163296	
4.45894	0.0049285	
4.45918	0.0162231	
4.45943	0.0195613	
4.45967	0.0073785	
4.45992	-0.00241238	
4.46016	0.00698402	
4.46041	0.0220648	
4.46065	0.0177581	
4.4609	-0.00350695	
4.46114	-0.0149921	
4.46139	-0.00569361	
4.46163	0.00594927	
4.46188	0.00270802	
4.46212	-0.00736303	
4.46236	-0.0075741	
4.46261	0.00140479	
4.46285	0.00536677	
4.4631	-0.00130256	
4.46334	-0.00965309	
4.46359	-0.0103011	
4.46383	-0.00442571	
4.46408	0.000533289	
4.46432	0.000738819	
4.46457	-0.00106579	
4.46481	-0.000770388	
4.46506	0.00131155	
4.4653	0.00143165	
4.46554	-0.00152451	
4.46579	-0.00424588	
4.46603	-0.00439389	
4.46628	-0.00383028	
4.46652	-0.00397344	
4.46677	-0.00248577	
4.46701	0.00145095	
4.46726	0.00338518	
4.4675	0.00063029	
4.46775	-0.00169105	
4.46799	0.00119603	
4.46823	0.00382045	
4.46848	-0.0020701	
4.46872	-0.0128059	
4.46897	-0.0162088	
4.46921	-0.00961743	
4.46946	-0.00383211	
4.4697	-0.00683947	
4.46995	-0.0133249	
4.47019	-0.014578	
4.47044	-0.0107751	
4.47068	-0.00809618	
4.47093	-0.0092423	
4.47117	-0.011883	
4.47141	-0.0129842	
4.47166	-0.011099	
4.4719	-0.00683535	
4.47215	-0.00268226	
4.47239	5.30655e-05	
4.47264	0.00357434	
4.47288	0.00899055	
4.47313	0.0115087	
4.47337	0.00681895	
4.47362	0.000464385	
4.47386	0.00173149	
4.47411	0.00838561	
4.47435	0.0082432	
4.47459	-0.00211919	
4.47484	-0.0117928	
4.47508	-0.0128088	
4.47533	-0.0110069	
4.47557	-0.0129359	
4.47582	-0.0138525	
4.47606	-0.00869684	
4.47631	-0.00455322	
4.47655	-0.00926134	
4.4768	-0.0154814	
4.47704	-0.011075	
4.47729	-0.000744398	
4.47753	-0.00105742	
4.47777	-0.0144091	
4.47802	-0.0241527	
4.47826	-0.0193383	
4.47851	-0.00984169	
4.47875	-0.00966028	
4.479	-0.0168577	
4.47924	-0.0198232	
4.47949	-0.0155125	
4.47973	-0.0106414	
4.47998	-0.00883329	
4.48022	-0.00690291	
4.48046	-0.0031544	
4.48071	-0.0009472	
4.48095	-0.00269493	
4.4812	-0.00626027	
4.48144	-0.00868836	
4.48169	-0.00909601	
4.48193	-0.00729131	
4.48218	-0.00381514	
4.48242	-0.0018649	
4.48267	-0.00429371	
4.48291	-0.00792801	
4.48316	-0.00646564	
4.4834	-0.000726704	
4.48364	0.000450063	
4.48389	-0.00684625	
4.48413	-0.0140801	
4.48438	-0.0117262	
4.48462	-0.0030853	
4.48487	0.000805269	
4.48511	-0.00347307	
4.48536	-0.0097688	
4.4856	-0.0133957	
4.48585	-0.0147186	
4.48609	-0.0126596	
4.48634	-0.00486134	
4.48658	0.00426812	
4.48682	0.00582131	
4.48707	-0.000526656	
4.48731	-0.00519593	
4.48756	-0.00371684	
4.4878	-0.00281389	
4.48805	-0.00692082	
4.48829	-0.00965515	
4.48854	-0.00566572	
4.48878	-0.000372581	
4.48903	0.000563356	
4.48927	0.00117539	
4.48952	0.00448008	
4.48976	0.00231567	
4.49	-0.0110708	
4.49025	-0.0240601	
4.49049	-0.0215679	
4.49074	-0.00768994	
4.49098	0.00104125	
4.49123	3.05404e-06	
4.49147	-0.00251417	
4.49172	-0.00450464	
4.49196	-0.0114919	
4.49221	-0.0195863	
4.49245	-0.0169302	
4.4927	-0.0046754	
4.49294	0.00188694	
4.49318	-0.0026471	
4.49343	-0.00630469	
4.49367	-0.00186173	
4.49392	0.00126953	
4.49416	-0.00476701	
4.49441	-0.0126677	
4.49465	-0.014153	
4.4949	-0.0128437	
4.49514	-0.0126697	
4.49539	-0.0077194	
4.49563	0.00452411	
4.49587	0.0126221	
4.49612	0.00685019	
4.49636	-0.00506292	
4.49661	-0.0101381	
4.49685	-0.00837997	
4.4971	-0.00709621	
4.49734	-0.00695371	
4.49759	-0.00607498	
4.49783	-0.00833721	
4.49808	-0.0147033	
4.49832	-0.0157772	
4.49857	-0.00661419	
4.49881	0.000725696	
4.49905	-0.00564979	
4.4993	-0.0171619	
4.49954	-0.0182075	
4.49979	-0.0111137	
4.50003	-0.00904284	
4.50028	-0.0116667	
4.50052	-0.00905885	
4.50077	-0.00469137	
4.50101	-0.0112537	
4.50126	-0.0247044	
4.5015	-0.0260401	
4.50175	-0.0115634	
4.50199	0.00097535	
4.50223	0.00134779	
4.50248	8.71371e-05	
4.50272	0.00522772	
4.50297	0.00722034	
4.50321	-0.00134735	
4.50346	-0.00975385	
4.5037	-0.00724257	
4.50395	-0.00198373	
4.50419	-0.00634875	
4.50444	-0.0151374	
4.50468	-0.0148289	
4.50493	-0.00616309	
4.50517	-0.00146021	
4.50541	-0.00452327	
4.50566	-0.007832	
4.5059	-0.00701671	
4.50615	-0.00525417	
4.50639	-0.0043122	
4.50664	-0.00209616	
4.50688	0.000989377	
4.50713	0.00175829	
4.50737	0.000110714	
4.50762	-0.00129715	
4.50786	-0.00159738	
4.5081	-0.000450501	
4.50835	0.00416766	
4.50859	0.0106912	
4.50884	0.0114491	
4.50908	0.00345413	
4.50933	-0.00338953	
4.50957	0.00116379	
4.50982	0.0112204	
4.51006	0.0125351	
4.51031	0.00397162	
4.51055	-0.00209647	
4.5108	-0.000319191	
4.51104	0.00119099	
4.51128	-0.00226188	
4.51153	-0.00308947	
4.51177	0.0038521	
4.51202	0.00988071	
4.51226	0.00528092	
4.51251	-0.00529734	
4.51275	-0.0101873	
4.513	-0.00723332	
4.51324	-0.00330486	
4.51349	-0.00209465	
4.51373	-0.0022317	
4.51398	-0.0041376	
4.51422	-0.00866419	
4.51446	-0.0107247	
4.51471	-0.00469285	
4.51495	0.00402325	
4.5152	0.0033099	
4.51544	-0.00789602	
4.51569	-0.0164013	
4.51593	-0.0133126	
4.51618	-0.00615761	
4.51642	-0.00593785	
4.51667	-0.010322	
4.51691	-0.00924517	
4.51716	-0.00244824	
4.5174	-0.000465444	
4.51764	-0.00813378	
4.51789	-0.0164892	
4.51813	-0.0146141	
4.51838	-0.0037499	
4.51862	0.00467265	
4.51887	0.00251114	
4.51911	-0.00675548	
4.51936	-0.0125289	
4.5196	-0.00845473	
4.51985	0.000837513	
4.52009	0.00497035	
4.52033	8.86978e-05	
4.52058	-0.00654081	
4.52082	-0.00633397	
4.52107	-0.00075954	
4.52131	0.00157699	
4.52156	-0.00252257	
4.5218	-0.00700976	
4.52205	-0.00555807	
4.52229	0.000963487	
4.52254	0.00724772	
4.52278	0.00913623	
4.52303	0.00522075	
4.52327	-0.00234601	
4.52351	-0.00712752	
4.52376	-0.00384244	
4.524	0.00319961	
4.52425	0.00285857	
4.52449	-0.00809179	
4.52474	-0.0187529	
4.52498	-0.0177665	
4.52523	-0.00808436	
4.52547	-0.00135297	
4.52572	-0.00134517	
4.52596	-0.00126878	
4.52621	0.00348815	
4.52645	0.00827626	
4.52669	0.00678742	
4.52694	-0.000353782	
4.52718	-0.00757511	
4.52743	-0.0110221	
4.52767	-0.0106714	
4.52792	-0.00843619	
4.52816	-0.00636614	
4.52841	-0.00533803	
4.52865	-0.00446485	
4.5289	-0.00276799	
4.52914	-0.00121525	
4.52939	-0.00151165	
4.52963	-0.0033776	
4.52987	-0.00486977	
4.53012	-0.0048317	
4.53036	-0.00351295	
4.53061	-0.00213071	
4.53085	-0.00342572	
4.5311	-0.00990945	
4.53134	-0.0186519	
4.53159	-0.0211902	
4.53183	-0.0134013	
4.53208	-0.00263038	
4.53232	0.000828644	
4.53256	-0.00314687	
4.53281	-0.00692192	
4.53305	-0.00815304	
4.5333	-0.0108981	
4.53354	-0.0141881	
4.53379	-0.010914	
4.53403	-0.00119852	
4.53428	0.00398401	
4.53452	-0.00174646	
4.53477	-0.0104859	
4.53501	-0.0123979	
4.53526	-0.00894728	
4.5355	-0.00617907	
4.53574	-0.00370205	
4.53599	-6.67162e-05	
4.53623	-0.000898124	
4.53648	-0.00960565	
4.53672	-0.0165237	
4.53697	-0.0110096	
4.53721	0.000237136	
4.53746	0.00170832	
4.5377	-0.00701813	
4.53795	-0.0119584	
4.53819	-0.00813739	
4.53844	-0.00465137	
4.53868	-0.00480982	
4.53892	-0.00042036	
4.53917	0.00870692	
4.53941	0.00889345	
4.53966	-0.00419139	
4.5399	-0.0144885	
4.54015	-0.0105285	
4.54039	-0.00485079	
4.54064	-0.0123361	
4.54088	-0.023847	
4.54113	-0.0213916	
4.54137	-0.00870376	
4.54162	-0.00437867	
4.54186	-0.0107819	
4.5421	-0.0127357	
4.54235	-0.00518039	
4.54259	0.000254178	
4.54284	-0.00215647	
4.54308	-0.00399214	
4.54333	-0.00119691	
4.54357	-0.00141551	
4.54382	-0.00667826	
4.54406	-0.00669891	
4.54431	0.00251706	
4.54455	0.0094486	
4.54479	0.00554474	
4.54504	-0.00123476	
4.54528	-0.000931588	
4.54553	0.00330157	
4.54577	0.00452113	
4.54602	0.00462401	
4.54626	0.00720602	
4.54651	0.00828677	
4.54675	0.00460304	
4.547	0.00198779	
4.54724	0.00554241	
4.54749	0.00989357	
4.54773	0.00839492	
4.54797	0.00363617	
4.54822	0.00039332	
4.54846	-0.00285327	
4.54871	-0.00724092	
4.54895	-0.00854044	
4.5492	-0.00709969	
4.54944	-0.0109711	
4.54969	-0.0197484	
4.54993	-0.0190774	
4.55018	-0.00367218	
4.55042	0.00870218	
4.55067	0.00239817	
4.55091	-0.0104075	
4.55115	-0.00890431	
4.5514	0.00259718	
4.55164	0.00312097	
4.55189	-0.00969293	
4.55213	-0.0172868	
4.55238	-0.011249	
4.55262	-0.00318084	
4.55287	-0.00150562	
4.55311	0.000330607	
4.55336	0.00761314	
4.5536	0.0141953	
4.55385	0.0144874	
4.55409	0.0114219	
4.55433	0.00798855	
4.55458	0.00326772	
4.55482	-0.000670829	
4.55507	-0.000340718	
4.55531	-0.000224021	
4.55556	-0.00704179	
4.5558	-0.014564	
4.55605	-0.00993899	
4.55629	0.00349748	
4.55654	0.00714351	
4.55678	-0.00512907	
4.55702	-0.0170686	
4.55727	-0.0141036	
4.55751	-0.002027	
4.55776	0.00561987	
4.558	0.00529135	
4.55825	0.000990745	
4.55849	-0.0041677	
4.55874	-0.00683756	
4.55898	-0.00390932	
4.55923	0.000474697	
4.55947	-0.00203167	
4.55972	-0.0104292	
4.55996	-0.0144687	
4.5602	-0.0107637	
4.56045	-0.00679549	
4.56069	-0.00658612	
4.56094	-0.00575821	
4.56118	-0.00348788	
4.56143	-0.00488239	
4.56167	-0.00844542	
4.56192	-0.00654976	
4.56216	-0.00166398	
4.56241	-0.00511435	
4.56265	-0.0157489	
4.5629	-0.0186854	
4.56314	-0.01089	
4.56338	-0.00728379	
4.56363	-0.0133388	
4.56387	-0.0139835	
4.56412	-0.00192004	
4.56436	0.00539025	
4.56461	-0.00610814	
4.56485	-0.0215489	
4.5651	-0.0195708	
4.56534	-0.0042673	
4.56559	0.00589152	
4.56583	0.00755497	
4.56608	0.00933792	
4.56632	0.00997458	
4.56656	0.0019826	
4.56681	-0.00958734	
4.56705	-0.0126333	
4.5673	-0.00777537	
4.56754	-0.00494082	
4.56779	-0.00511901	
4.56803	-0.00266228	
4.56828	-0.00049877	
4.56852	-0.00504097	
4.56877	-0.00996442	
4.56901	-0.00347131	
4.56925	0.0102973	
4.5695	0.0146978	
4.56974	0.00513597	
4.56999	-0.00589758	
4.57023	-0.00885558	
4.57048	-0.00741272	
4.57072	-0.00723768	
4.57097	-0.00762468	
4.57121	-0.00669794	
4.57146	-0.00473114	
4.5717	-0.000970132	
4.57195	0.00472887	
4.57219	0.00794394	
4.57243	0.00509483	
4.57268	0.000427607	
4.57292	-2.51814e-05	
4.57317	0.00211259	
4.57341	0.00167255	
4.57366	-0.00136794	
4.5739	-0.00489265	
4.57415	-0.00992004	
4.57439	-0.0148914	
4.57464	-0.0128935	
4.57488	-0.00383109	
4.57513	0.000437388	
4.57537	-0.00592599	
4.57561	-0.0108644	
4.57586	-0.00411335	
4.5761	0.00337043	
4.57635	-0.00295499	
4.57659	-0.0150835	
4.57684	-0.0145916	
4.57708	-0.0027716	
4.57733	0.00357981	
4.57757	0.00106565	
4.57782	0.00141107	
4.57806	0.00698352	
4.57831	0.00734187	
4.57855	0.00014741	
4.57879	-0.00545908	
4.57904	-0.00694271	
4.57928	-0.0100481	
4.57953	-0.012568	
4.57977	-0.00667369	
4.58002	0.00259212	
4.58026	0.00217588	
4.58051	-0.00530189	
4.58075	-0.0047054	
4.581	0.0040308	
4.58124	0.00532529	
4.58149	-0.00277476	
4.58173	-0.00445154	
4.58197	0.0036579	
4.58222	0.00479372	
4.58246	-0.00670115	
4.58271	-0.0129481	
4.58295	-0.00357582	
4.5832	0.00570116	
4.58344	0.000579731	
4.58369	-0.00848615	
4.58393	-0.00726439	
4.58418	-0.00125193	
4.58442	-8.44917e-05	
4.58466	0.0019114	
4.58491	0.00956877	
4.58515	0.00961844	
4.5854	-0.00746507	
4.58564	-0.0237056	
4.58589	-0.0168936	
4.58613	0.00375601	
4.58638	0.0112098	
4.58662	0.00194865	
4.58687	-0.00332622	
4.58711	0.00323908	
4.58736	0.00655854	
4.5876	-0.00176774	
4.58784	-0.00919231	
4.58809	-0.0057931	
4.58833	-0.00122818	
4.58858	-0.00648956	
4.58882	-0.0144789	
4.58907	-0.0123541	
4.58931	-0.00279484	
4.58956	0.00118554	
4.5898	-0.00251919	
4.59005	-0.00254755	
4.59029	0.0071159	
4.59054	0.0168932	
4.59078	0.0150404	
4.59102	0.00445286	
4.59127	-0.00142505	
4.59151	0.00290635	
4.59176	0.00892028	
4.592	0.00793274	
4.59225	0.00255292	
4.59249	-0.000811802	
4.59274	-0.00295025	
4.59298	-0.00677558	
4.59323	-0.00777295	
4.59347	-0.000989969	
4.59372	0.00665302	
4.59396	0.00424859	
4.5942	-0.00508828	
4.59445	-0.00841101	
4.59469	-0.00425865	
4.59494	-0.00342383	
4.59518	-0.00705149	
4.59543	-0.00260376	
4.59567	0.0124233	
4.59592	0.0210638	
4.59616	0.0111871	
4.59641	-0.00614787	
4.59665	-0.0137616	
4.59689	-0.0102338	
4.59714	-0.00389931	
4.59738	0.00111979	
4.59763	0.00106619	
4.59787	-0.0104275	
4.59812	-0.0272118	
4.59836	-0.0276256	
4.59861	-0.00439773	
4.59885	0.0166022	
4.5991	0.00920661	
4.59934	-0.0133428	
4.59959	-0.0175043	
4.59983	-0.000543976	
4.60007	0.00763882	
4.60032	-0.00622386	
4.60056	-0.0188189	
4.60081	-0.00900448	
4.60105	0.0100737	
4.6013	0.0138317	
4.60154	0.00222224	
4.60179	-0.0057281	
4.60203	-0.00190791	
4.60228	0.00407588	
4.60252	0.00292368	
4.60277	-0.00375959	
4.60301	-0.00954855	
4.60325	-0.0104677	
4.6035	-0.00705608	
4.60374	-0.00469799	
4.60399	-0.00910577	
4.60423	-0.0174497	
4.60448	-0.0191445	
4.60472	-0.0102532	
4.60497	-0.000623979	
4.60521	-9.43509e-05	
4.60546	-0.0041835	
4.6057	-0.0023063	
4.60595	0.00509674	
4.60619	0.00824678	
4.60643	0.00398854	
4.60668	-0.000952626	
4.60692	-0.00215562	
4.60717	-0.00226545	
4.60741	-0.00246545	
4.60766	0.00032663	
4.6079	0.00478429	
4.60815	0.00383337	
4.60839	-0.00317402	
4.60864	-0.0066136	
4.60888	-0.00159743	
4.60912	0.00245146	
4.60937	-0.00322506	
4.60961	-0.0103666	
4.60986	-0.00548192	
4.6101	0.00695298	
4.61035	0.00900853	
4.61059	-0.0029282	
4.61084	-0.0114076	
4.61108	-0.00417004	
4.61133	0.00785853	
4.61157	0.00842673	
4.61182	-0.000368865	
4.61206	-0.0053591	
4.6123	-0.00486869	
4.61255	-0.00854994	
4.61279	-0.0175464	
4.61304	-0.0201844	
4.61328	-0.0102454	
4.61353	0.00211294	
4.61377	0.003428	
4.61402	-0.00597968	
4.61426	-0.0135571	
4.61451	-0.0101189	
4.61475	-2.66601e-05	
4.615	0.00403894	
4.61524	-0.00422746	
4.61548	-0.0162381	
4.61573	-0.0176431	
4.61597	-0.00605142	
4.61622	0.00602356	
4.61646	0.00780793	
4.61671	0.00229572	
4.61695	-0.00269829	
4.6172	-0.00654777	
4.61744	-0.0110758	
4.61769	-0.0121199	
4.61793	-0.00655115	
4.61818	-0.00154435	
4.61842	-0.00535135	
4.61866	-0.0135992	
4.61891	-0.0161914	
4.61915	-0.0130155	
4.6194	-0.0106585	
4.61964	-0.00874494	
4.61989	-0.00354668	
4.62013	-0.000237232	
4.62038	-0.00542537	
4.62062	-0.0112539	
4.62087	-0.00495736	
4.62111	0.00794637	
4.62135	0.00963271	
4.6216	-0.00123778	
4.62184	-0.00791443	
4.62209	-0.00466396	
4.62233	-0.00463967	
4.62258	-0.0132274	
4.62282	-0.0169081	
4.62307	-0.00853309	
4.62331	-0.00187201	
4.62356	-0.00783584	
4.6238	-0.0154189	
4.62405	-0.0113483	
4.62429	-0.00225333	
4.62453	-0.00146703	
4.62478	-0.00765456	
4.62502	-0.0119634	
4.62527	-0.0141213	
4.62551	-0.0166069	
4.62576	-0.0143724	
4.626	-0.00478233	
4.62625	0.00306826	
4.62649	0.00233704	
4.62674	0.000283236	
4.62698	0.00336323	
4.62723	0.00385411	
4.62747	-0.00435882	
4.62771	-0.0111235	
4.62796	-0.00778924	
4.6282	-0.00507946	
4.62845	-0.0140868	
4.62869	-0.0234552	
4.62894	-0.0173777	
4.62918	-0.00386925	
4.62943	-0.00106401	
4.62967	-0.00613626	
4.62992	-0.00409278	
4.63016	0.00127435	
4.63041	-0.00583201	
4.63065	-0.0205816	
4.63089	-0.0219659	
4.63114	-0.00919758	
4.63138	-0.00381394	
4.63163	-0.0125869	
4.63187	-0.0175254	
4.63212	-0.00908489	
4.63236	-0.00130559	
4.63261	-0.00402815	
4.63285	-0.00586033	
4.6331	0.00238195	
4.63334	0.00987946	
4.63358	0.00593615	
4.63383	-0.00121564	
4.63407	-0.000433255	
4.63432	0.00381878	
4.63456	0.00317656	
4.63481	0.00108514	
4.63505	0.00286851	
4.6353	0.00305072	
4.63554	-0.00376121	
4.63579	-0.0106663	
4.63603	-0.00995656	
4.63628	-0.00634704	
4.63652	-0.00667172	
4.63676	-0.00685422	
4.63701	-0.00163668	
4.63725	0.00260033	
4.6375	-0.00194667	
4.63774	-0.00954171	
4.63799	-0.00920513	
4.63823	-0.00167207	
4.63848	0.00359011	
4.63872	0.00276596	
4.63897	-0.00135722	
4.63921	-0.00709877	
4.63946	-0.0127194	
4.6397	-0.0130122	
4.63994	-0.00622059	
4.64019	0.00102103	
4.64043	0.0035115	
4.64068	0.00532573	
4.64092	0.0100232	
4.64117	0.011654	
4.64141	0.00544006	
4.64166	-0.00104463	
4.6419	0.0011762	
4.64215	0.00755452	
4.64239	0.00774687	
4.64264	0.0015863	
4.64288	-0.00443894	
4.64312	-0.00978079	
4.64337	-0.0160486	
4.64361	-0.0173647	
4.64386	-0.00887796	
4.6441	0.00069418	
4.64435	0.000506373	
4.64459	-0.00321604	
4.64484	0.00341554	
4.64508	0.0164316	
4.64533	0.0172401	
4.64557	0.00212708	
4.64581	-0.0110166	
4.64606	-0.0101022	
4.6463	-0.00477224	
4.64655	-0.00706996	
4.64679	-0.0125223	
4.64704	-0.0115725	
4.64728	-0.00682752	
4.64753	-0.00573841	
4.64777	-0.00516245	
4.64802	0.00273021	
4.64826	0.0138112	
4.64851	0.0147066	
4.64875	0.00214872	
4.64899	-0.010738	
4.64924	-0.0103835	
4.64948	0.00122432	
4.64973	0.00996084	
4.64997	0.0064665	
4.65022	-0.00342377	
4.65046	-0.00646621	
4.65071	0.000456325	
4.65095	0.00500667	
4.6512	-0.00405966	
4.65144	-0.0190889	
4.65169	-0.0214973	
4.65193	-0.00728609	
4.65217	0.00644494	
4.65242	0.00447759	
4.65266	-0.00769479	
4.65291	-0.0153426	
4.65315	-0.0152249	
4.6534	-0.0138451	
4.65364	-0.0118709	
4.65389	-0.00435876	
4.65413	0.00525668	
4.65438	0.00563855	
4.65462	-0.00491895	
4.65487	-0.0132051	
4.65511	-0.0092015	
4.65535	-0.000303385	
4.6556	8.67384e-05	
4.65584	-0.00830447	
4.65609	-0.0136989	
4.65633	-0.00954299	
4.65658	-0.00243418	
4.65682	-0.00236332	
4.65707	-0.0107432	
4.65731	-0.0195899	
4.65756	-0.0197385	
4.6578	-0.0096344	
4.65805	0.00215434	
4.65829	0.00459989	
4.65853	-0.00317038	
4.65878	-0.00949084	
4.65902	-0.00452051	
4.65927	0.00566169	
4.65951	0.00598258	
4.65976	-0.00694016	
4.66	-0.0187328	
4.66025	-0.0150697	
4.66049	0.000441405	
4.66074	0.0114206	
4.66098	0.00853536	
4.66122	-0.0014701	
4.66147	-0.00627281	
4.66171	-0.00293778	
4.66196	0.000236365	
4.6622	-0.00404196	
4.66245	-0.0110864	
4.66269	-0.00945587	
4.66294	0.00228181	
4.66318	0.0101105	
4.66343	0.00201576	
4.66367	-0.013293	
4.66392	-0.0152262	
4.66416	0.000910476	
4.6644	0.0161581	
4.66465	0.012584	
4.66489	-0.00414713	
4.66514	-0.0147687	
4.66538	-0.0115844	
4.66563	-0.00389532	
4.66587	-0.00246915	
4.66612	-0.00837839	
4.66636	-0.0158915	
4.66661	-0.0184133	
4.66685	-0.0121396	
4.6671	-0.000371431	
4.66734	0.00688373	
4.66758	0.00345454	
4.66783	-0.00496915	
4.66807	-0.00928198	
4.66832	-0.00949296	
4.66856	-0.0106312	
4.66881	-0.0105522	
4.66905	-0.0035892	
4.6693	0.00573989	
4.66954	0.00658981	
4.66979	0.000582315	
4.67003	0.00218944	
4.67028	0.0155626	
4.67052	0.0250352	
4.67076	0.0171743	
4.67101	0.000464402	
4.67125	-0.00800039	
4.6715	-0.00630891	
4.67174	-0.00564872	
4.67199	-0.0103402	
4.67223	-0.0133552	
4.67248	-0.00990602	
4.67272	-0.00359598	
4.67297	0.00172804	
4.67321	0.00650325	
4.67345	0.0100036	
4.6737	0.00850049	
4.67394	0.00172055	
4.67419	-0.00489638	
4.67443	-0.00707605	
4.67468	-0.0063676	
4.67492	-0.00608495	
4.67517	-0.00682272	
4.67541	-0.00776481	
4.67566	-0.00863235	
4.6759	-0.00838937	
4.67615	-0.00523687	
4.67639	0.000135378	
4.67663	0.00381819	
4.67688	0.00306379	
4.67712	-0.000396214	
4.67737	-0.00295428	
4.67761	-0.00374363	
4.67786	-0.00525334	
4.6781	-0.00950377	
4.67835	-0.014189	
4.67859	-0.0136259	
4.67884	-0.00533399	
4.67908	0.00458936	
4.67933	0.00630687	
4.67957	-0.00174072	
4.67981	-0.00956758	
4.68006	-0.00796426	
4.6803	-0.000441194	
4.68055	0.00254215	
4.68079	-0.00127448	
4.68104	-0.0036299	
4.68128	0.0014578	
4.68153	0.00955181	
4.68177	0.0126147	
4.68202	0.0085423	
4.68226	0.00107595	
4.68251	-0.005591	
4.68275	-0.00931993	
4.68299	-0.0104336	
4.68324	-0.0117284	
4.68348	-0.0148781	
4.68373	-0.015883	
4.68397	-0.00916231	
4.68422	0.00198227	
4.68446	0.00577439	
4.68471	-0.00276285	
4.68495	-0.0135657	
4.6852	-0.0151563	
4.68544	-0.0103588	
4.68568	-0.00930333	
4.68593	-0.0116749	
4.68617	-0.00820982	
4.68642	0.00160792	
4.68666	0.00696631	
4.68691	0.00334686	
4.68715	-0.000352115	
4.6874	0.00225547	
4.68764	0.0042951	
4.68789	-0.0010084	
4.68813	-0.0072311	
4.68838	-0.00566826	
4.68862	-0.000286877	
4.68886	0.000276418	
4.68911	-0.00211697	
4.68935	-0.00152326	
4.6896	-0.00244707	
4.68984	-0.0115573	
4.69009	-0.0199266	
4.69033	-0.0129353	
4.69058	0.00334864	
4.69082	0.00692285	
4.69107	-0.00601066	
4.69131	-0.0137333	
4.69156	-0.00366751	
4.6918	0.00752811	
4.69204	0.00188507	
4.69229	-0.0111871	
4.69253	-0.0121314	
4.69278	-0.0021762	
4.69302	0.00329932	
4.69327	0.00157802	
4.69351	0.00154044	
4.69376	0.00280136	
4.694	-0.00263631	
4.69425	-0.0113747	
4.69449	-0.0117496	
4.69474	-0.00472179	
4.69498	-0.00223823	
4.69522	-0.00505619	
4.69547	-0.00199093	
4.69571	0.00727399	
4.69596	0.00918702	
4.6962	0.000622266	
4.69645	-0.00369404	
4.69669	0.00444889	
4.69694	0.0129952	
4.69718	0.00972151	
4.69743	0.000383061	
4.69767	-0.00379259	
4.69791	-0.00313764	
4.69816	-0.00330727	
4.6984	-0.00390745	
4.69865	-0.00386426	
4.69889	-0.00706575	
4.69914	-0.0124596	
4.69938	-0.00968325	
4.69963	0.00431123	
4.69987	0.0150378	
4.70012	0.00932215	
4.70036	-0.00511008	
4.70061	-0.0118996	
4.70085	-0.00938713	
4.70109	-0.00731089	
4.70134	-0.00709218	
4.70158	-0.00138464	
4.70183	0.00937444	
4.70207	0.0144543	
4.70232	0.00781743	
4.70256	-0.00439487	
4.70281	-0.0117706	
4.70305	-0.00843782	
4.7033	0.00369707	
4.70354	0.0144443	
4.70379	0.012338	
4.70403	-0.00148628	
4.70427	-0.012153	
4.70452	-0.0102733	
4.70476	-0.00405354	
4.70501	-0.00370762	
4.70525	-0.00434774	
4.7055	0.00240467	
4.70574	0.00941801	
4.70599	0.00432324	
4.70623	-0.00696813	
4.70648	-0.00651578	
4.70672	0.0071854	
4.70697	0.0160177	
4.70721	0.00967396	
4.70745	-0.00135779	
4.7077	-0.00518908	
4.70794	-0.00524796	
4.70819	-0.0100444	
4.70843	-0.0179721	
4.70868	-0.0204553	
4.70892	-0.0132561	
4.70917	7.78547e-05	
4.70941	0.0104277	
4.70966	0.00815078	
4.7099	-0.00633978	
4.71014	-0.0179056	
4.71039	-0.0126351	
4.71063	0.00254559	
4.71088	0.00828132	
4.71112	-1.36846e-05	
4.71137	-0.00811894	
4.71161	-0.00701302	
4.71186	-0.00375536	
4.7121	-0.00419153	
4.71235	-0.0026013	
4.71259	0.00361104	
4.71284	0.00570852	
4.71308	0.000281088	
4.71332	-0.00150922	
4.71357	0.00669379	
4.71381	0.0127831	
4.71406	0.00611693	
4.7143	-0.00293494	
4.71455	-0.000562349	
4.71479	0.00553369	
4.71504	-0.000813412	
4.71528	-0.0148102	
4.71553	-0.0171453	
4.71577	-0.00630595	
4.71602	-0.00119131	
4.71626	-0.0098418	
4.7165	-0.017709	
4.71675	-0.0134205	
4.71699	-0.00641878	
4.71724	-0.00823349	
4.71748	-0.0120298	
4.71773	-0.00487041	
4.71797	0.00959707	
4.71822	0.0151692	
4.71846	0.00578374	
4.71871	-0.00726793	
4.71895	-0.0100459	
4.7192	-0.00030309	
4.71944	0.012438	
4.71968	0.0160839	
4.71993	0.00641196	
4.72017	-0.00800723	
4.72042	-0.0134443	
4.72066	-0.00659937	
4.72091	0.00107552	
4.72115	-0.00151674	
4.7214	-0.0104367	
4.72164	-0.0133981	
4.72189	-0.00735303	
4.72213	-0.000926951	
4.72237	-0.000213625	
4.72262	-0.0011575	
4.72286	0.00147241	
4.72311	0.00523352	
4.72335	0.00518332	
4.7236	0.00283761	
4.72384	0.00374505	
4.72409	0.00818792	
4.72433	0.0102223	
4.72458	0.00626852	
4.72482	8.69563e-05	
4.72507	-0.00247229	
4.72531	-0.000526432	
4.72555	0.00225625	
4.7258	0.00319338	
4.72604	0.00288802	
4.72629	0.00225605	
4.72653	3.63662e-05	
4.72678	-0.00467564	
4.72702	-0.00830219	
4.72727	-0.00461674	
4.72751	0.00679439	
4.72776	0.0160752	
4.728	0.0123246	
4.72825	-0.00165452	
4.72849	-0.00957134	
4.72873	-0.00095149	
4.72898	0.0142995	
4.72922	0.0175547	
4.72947	0.00529643	
4.72971	-0.0072753	
4.72996	-0.00694186	
4.7302	0.00230937	
4.73045	0.00820511	
4.73069	0.00612296	
4.73094	0.000121882	
4.73118	-0.00569434	
4.73143	-0.00961894	
4.73167	-0.0100525	
4.73191	-0.00753459	
4.73216	-0.00639297	
4.7324	-0.00876107	
4.73265	-0.0100945	
4.73289	-0.00630774	
4.73314	-0.00143783	
4.73338	-0.00148741	
4.73363	-0.00462037	
4.73387	-0.00520552	
4.73412	-0.00362017	
4.73436	-0.00311094	
4.73461	-0.00104375	
4.73485	0.0056407	
4.73509	0.00977901	
4.73534	0.00244099	
4.73558	-0.0095124	
4.73583	-0.0100445	
4.73607	0.000718784	
4.73632	0.00503798	
4.73656	-0.00382165	
4.73681	-0.00984147	
4.73705	-0.000635013	
4.7373	0.0117315	
4.73754	0.0105813	
4.73778	0.00112908	
4.73803	-0.000361121	
4.73827	0.00632158	
4.73852	0.00836658	
4.73876	0.0039451	
4.73901	0.00326975	
4.73925	0.00778769	
4.7395	0.00754271	
4.73974	0.00057741	
4.73999	-0.00281722	
4.74023	0.00118904	
4.74048	0.00338059	
4.74072	-0.00110701	
4.74096	-0.00406448	
4.74121	6.09775e-05	
4.74145	0.00370552	
4.7417	0.000341929	
4.74194	-0.00338962	
4.74219	-0.00019586	
4.74243	0.00376197	
4.74268	-0.000630471	
4.74292	-0.00873124	
4.74317	-0.00882476	
4.74341	-0.000814931	
4.74366	0.00407719	
4.7439	0.000327656	
4.74414	-0.00577631	
4.74439	-0.00661412	
4.74463	-0.00133684	
4.74488	0.00627193	
4.74512	0.011017	
4.74537	0.00821974	
4.74561	-0.00108789	
4.74586	-0.00821241	
4.7461	-0.00645578	
4.74635	-0.000871764	
4.74659	-0.00146274	
4.74684	-0.00866108	
4.74708	-0.0135221	
4.74732	-0.0111866	
4.74757	-0.0057952	
4.74781	-0.00229259	
4.74806	-0.00149444	
4.7483	-0.00323262	
4.74855	-0.00633002	
4.74879	-0.00572674	
4.74904	0.00146855	
4.74928	0.00745616	
4.74953	0.00189549	
4.74977	-0.0108791	
4.75001	-0.0152721	
4.75026	-0.00777898	
4.7505	-0.00303344	
4.75075	-0.0105517	
4.75099	-0.0195993	
4.75124	-0.0171558	
4.75148	-0.00834503	
4.75173	-0.00581946	
4.75197	-0.00865194	
4.75222	-0.00693254	
4.75246	-0.000697608	
4.75271	0.00146662	
4.75295	-0.00127908	
4.75319	-0.00242233	
4.75344	-0.00202383	
4.75368	-0.00469101	
4.75393	-0.00572168	
4.75417	0.00323733	
4.75442	0.0144574	
4.75466	0.00944892	
4.75491	-0.011369	
4.75515	-0.0234641	
4.7554	-0.0116417	
4.75564	0.00823359	
4.75589	0.0129186	
4.75613	0.00278352	
4.75637	-0.00520907	
4.75662	-0.00410721	
4.75686	-0.000396137	
4.75711	0.00190583	
4.75735	0.00462449	
4.7576	0.00642799	
4.75784	0.00411964	
4.75809	0.000913705	
4.75833	0.00206355	
4.75858	0.0046746	
4.75882	0.00246704	
4.75907	-0.0024035	
4.75931	-0.00307709	
4.75955	-3.56517e-05	
4.7598	0.00193	
4.76004	0.00462966	
4.76029	0.0111864	
4.76053	0.0137565	
4.76078	0.00260032	
4.76102	-0.013944	
4.76127	-0.0161243	
4.76151	-0.0014419	
4.76176	0.0106675	
4.762	0.00745439	
4.76224	-0.0008323	
4.76249	-0.000673296	
4.76273	0.0047321	
4.76298	0.00586776	
4.76322	0.00394515	
4.76347	0.00498484	
4.76371	0.00671472	
4.76396	0.00384529	
4.7642	-0.000835487	
4.76445	-0.00201828	
4.76469	-0.00221256	
4.76494	-0.00564448	
4.76518	-0.00766459	
4.76542	-0.00158915	
4.76567	0.00817846	
4.76591	0.0111045	
4.76616	0.00592807	
4.7664	0.00111539	
4.76665	0.00194902	
4.76689	0.00595993	
4.76714	0.0090747	
4.76738	0.00825842	
4.76763	0.000967824	
4.76787	-0.00987399	
4.76812	-0.0138573	
4.76836	-0.00493279	
4.7686	0.00828182	
4.76885	0.0133254	
4.76909	0.0106328	
4.76934	0.00847852	
4.76958	0.00614082	
4.76983	-0.00304737	
4.77007	-0.0140204	
4.77032	-0.012805	
4.77056	0.000320873	
4.77081	0.00734757	
4.77105	-0.00121894	
4.7713	-0.0117325	
4.77154	-0.00858812	
4.77178	0.00281077	
4.77203	0.00654768	
4.77227	0.000290707	
4.77252	-0.00482408	
4.77276	-0.00315706	
4.77301	6.94061e-06	
4.77325	0.000355361	
4.7735	0.000123651	
4.77374	0.000773174	
4.77399	-0.000644096	
4.77423	-0.00559443	
4.77447	-0.0110266	
4.77472	-0.0137899	
4.77496	-0.0130059	
4.77521	-0.00793066	
4.77545	0.000732511	
4.7757	0.00707653	
4.77594	0.00424717	
4.77619	-0.00565905	
4.77643	-0.0119167	
4.77668	-0.00795809	
4.77692	0.00143495	
4.77717	0.00824899	
4.77741	0.0104681	
4.77765	0.00912169	
4.7779	0.00267651	
4.77814	-0.0082089	
4.77839	-0.0147006	
4.77863	-0.00841432	
4.77888	0.00439702	
4.77912	0.00720685	
4.77937	-0.00516044	
4.77961	-0.0180115	
4.77986	-0.0156624	
4.7801	-0.00176961	
4.78035	0.00723314	
4.78059	0.00406995	
4.78083	-0.00390788	
4.78108	-0.00905205	
4.78132	-0.0118076	
4.78157	-0.0128659	
4.78181	-0.00802546	
4.78206	0.0027835	
4.7823	0.00930636	
4.78255	0.00240854	
4.78279	-0.0121993	
4.78304	-0.019686	
4.78328	-0.0140784	
4.78353	-0.00368319	
4.78377	0.00127793	
4.78401	0.000210605	
4.78426	-0.000541635	
4.7845	0.00220217	
4.78475	0.00417444	
4.78499	-0.000663212	
4.78524	-0.0110641	
4.78548	-0.0172481	
4.78573	-0.0117893	
4.78597	-0.000458862	
4.78622	0.00375031	
4.78646	-0.00194423	
4.7867	-0.00662545	
4.78695	-0.00288273	
4.78719	0.00189774	
4.78744	-0.00128372	
4.78768	-0.00732313	
4.78793	-0.00551048	
4.78817	0.00234909	
4.78842	0.00529071	
4.78866	0.00139516	
4.78891	-0.00103087	
4.78915	0.000674245	
4.7894	0.000699067	
4.78964	-0.00130702	
4.78988	0.00171658	
4.79013	0.00895511	
4.79037	0.00932181	
4.79062	0.000124009	
4.79086	-0.00616309	
4.79111	-0.00164169	
4.79135	0.00427577	
4.7916	0.00190037	
4.79184	-0.00227185	
4.79209	0.000963871	
4.79233	0.00543221	
4.79258	0.000897252	
4.79282	-0.00666774	
4.79306	-0.00426669	
4.79331	0.00426248	
4.79355	0.00295761	
4.7938	-0.00939793	
4.79404	-0.0165226	
4.79429	-0.0108268	
4.79453	-0.00390655	
4.79478	-0.00540553	
4.79502	-0.0081779	
4.79527	-0.00317413	
4.79551	0.00479772	
4.79576	0.00669235	
4.796	0.00412025	
4.79624	0.00401394	
4.79649	0.00637709	
4.79673	0.00728091	
4.79698	0.00755265	
4.79722	0.00911253	
4.79747	0.0084449	
4.79771	0.00297537	
4.79796	-0.00133884	
4.7982	0.00147191	
4.79845	0.0057104	
4.79869	0.00133079	
4.79893	-0.00979226	
4.79918	-0.0153047	
4.79942	-0.00925707	
4.79967	0.00165524	
4.79991	0.008506	
4.80016	0.00836355	
4.8004	0.00217004	
4.80065	-0.00713936	
4.80089	-0.013461	
4.80114	-0.0120102	
4.80138	-0.00616268	
4.80163	-0.00331893	
4.80187	-0.00402578	
4.80211	-0.0028293	
4.80236	0.000279663	
4.8026	-0.000897979	
4.80285	-0.00613991	
4.80309	-0.00601841	
4.80334	0.00312548	
4.80358	0.0109448	
4.80383	0.00751886	
4.80407	-0.00129647	
4.80432	-0.00239181	
4.80456	0.0052112	
4.80481	0.00986459	
4.80505	0.00530011	
4.80529	-0.000848107	
4.80554	0.000376619	
4.80578	0.00565726	
4.80603	0.00458876	
4.80627	-0.00461708	
4.80652	-0.0116227	
4.80676	-0.00790628	
4.80701	0.00118837	
4.80725	0.00387696	
4.8075	-0.000984687	
4.80774	-0.00257607	
4.80799	0.0041341	
4.80823	0.00867205	
4.80847	0.00040199	
4.80872	-0.0138182	
4.80896	-0.0184655	
4.80921	-0.0116622	
4.80945	-0.00562554	
4.8097	-0.00602111	
4.80994	-0.00539259	
4.81019	0.000548894	
4.81043	0.00516184	
4.81068	0.00522936	
4.81092	0.00855182	
4.81116	0.0181456	
4.81141	0.0223091	
4.81165	0.0126251	
4.8119	0.000413731	
4.81214	0.000541919	
4.81239	0.00790819	
4.81263	0.0069029	
4.81288	-0.00188913	
4.81312	-0.00329797	
4.81337	0.00594518	
4.81361	0.0111609	
4.81386	0.00299531	
4.8141	-0.00953165	
4.81434	-0.0144425	
4.81459	-0.0118719	
4.81483	-0.00785771	
4.81508	-0.00449391	
4.81532	-0.00240056	
4.81557	-0.00359576	
4.81581	-0.00651181	
4.81606	-0.00639363	
4.8163	-0.00419873	
4.81655	-0.00593285	
4.81679	-0.0103428	
4.81704	-0.00861487	
4.81728	-0.000256456	
4.81752	0.00363289	
4.81777	-0.00101309	
4.81801	-0.00325483	
4.81826	0.00340985	
4.8185	0.00788104	
4.81875	0.000333545	
4.81899	-0.00873005	
4.81924	-0.00480994	
4.81948	0.00509981	
4.81973	0.00289153	
4.81997	-0.0102001	
4.82022	-0.014588	
4.82046	-0.00393099	
4.8207	0.00447242	
4.82095	-0.00357477	
4.82119	-0.0187599	
4.82144	-0.0231322	
4.82168	-0.0130668	
4.82193	0.00144509	
4.82217	0.0108415	
4.82242	0.0106712	
4.82266	7.50521e-05	
4.82291	-0.0151241	
4.82315	-0.0228883	
4.8234	-0.0166546	
4.82364	-0.00346112	
4.82388	0.00527425	
4.82413	0.00684605	
4.82437	0.00546571	
4.82462	0.00276806	
4.82486	-0.00183393	
4.82511	-0.0049447	
4.82535	-0.00237087	
4.8256	0.00255317	
4.82584	0.00206944	
4.82609	-0.00441278	
4.82633	-0.00930269	
4.82657	-0.00824656	
4.82682	-0.00516267	
4.82706	-0.00413055	
4.82731	-0.00350399	
4.82755	-0.00141779	
4.8278	-0.000360923	
4.82804	-0.00173227	
4.82829	-0.00179251	
4.82853	0.0013039	
4.82878	0.00160844	
4.82902	-0.0063104	
4.82927	-0.0167543	
4.82951	-0.0185413	
4.82975	-0.00954186	
4.83	0.00197114	
4.83024	0.00902928	
4.83049	0.0107042	
4.83073	0.00626044	
4.83098	-0.00473837	
4.83122	-0.014919	
4.83147	-0.0132523	
4.83171	-0.00144506	
4.83196	0.00486961	
4.8322	-0.0018005	
4.83245	-0.00866105	
4.83269	-0.00261065	
4.83293	0.0081302	
4.83318	0.00685738	
4.83342	-0.00432961	
4.83367	-0.00779483	
4.83391	0.00108439	
4.83416	0.00709803	
4.8344	0.000296015	
4.83465	-0.0088521	
4.83489	-0.00700623	
4.83514	0.00270902	
4.83538	0.00873944	
4.83563	0.00867748	
4.83587	0.00819271	
4.83611	0.00869884	
4.83636	0.0061953	
4.8366	-0.000601283	
4.83685	-0.00844439	
4.83709	-0.013864	
4.83734	-0.0144175	
4.83758	-0.00892639	
4.83783	-0.000832233	
4.83807	0.00265876	
4.83832	-0.000754619	
4.83856	-0.00491977	
4.8388	-0.00466551	
4.83905	-0.00372596	
4.83929	-0.00769997	
4.83954	-0.0136302	
4.83978	-0.0132606	
4.84003	-0.00435255	
4.84027	0.00655646	
4.84052	0.011288	
4.84076	0.00682029	
4.84101	-0.00260467	
4.84125	-0.00812482	
4.8415	-0.00441331	
4.84174	0.00364948	
4.84198	0.00704594	
4.84223	0.00500554	
4.84247	0.00370597	
4.84272	0.00301776	
4.84296	-0.00370046	
4.84321	-0.014111	
4.84345	-0.0154206	
4.8437	-0.00478297	
4.84394	0.0033196	
4.84419	-0.000532227	
4.84443	-0.00569872	
4.84468	-0.00138169	
4.84492	0.00366737	
4.84516	-0.00153066	
4.84541	-0.00689268	
4.84565	0.00266006	
4.8459	0.0177444	
4.84614	0.0165472	
4.84639	0.00138765	
4.84663	-0.00388909	
4.84688	0.00655139	
4.84712	0.011176	
4.84737	-0.0025594	
4.84761	-0.0182554	
4.84786	-0.0181239	
4.8481	-0.00831997	
4.84834	-0.0027541	
4.84859	-0.000467576	
4.84883	0.00462417	
4.84908	0.00661169	
4.84932	-0.0021156	
4.84957	-0.0140684	
4.84981	-0.01669	
4.85006	-0.0114053	
4.8503	-0.00802346	
4.85055	-0.00739511	
4.85079	-0.00424166	
4.85103	-0.000856143	
4.85128	-0.0028251	
4.85152	-0.00572429	
4.85177	-0.00130251	
4.85201	0.00611603	
4.85226	0.00472166	
4.8525	-0.00450361	
4.85275	-0.00796403	
4.85299	-0.00114065	
4.85324	0.00481416	
4.85348	0.00226169	
4.85373	-0.000740606	
4.85397	0.00513951	
4.85421	0.0142909	
4.85446	0.0141684	
4.8547	0.00390985	
4.85495	-0.00478213	
4.85519	-0.00436757	
4.85544	-0.00110402	
4.85568	-0.00503455	
4.85593	-0.01491	
4.85617	-0.0188837	
4.85642	-0.0108497	
4.85666	-0.000176017	
4.85691	0.000390208	
4.85715	-0.00720002	
4.85739	-0.00974524	
4.85764	-0.00412547	
4.85788	-0.00313753	
4.85813	-0.0146903	
4.85837	-0.0269678	
4.85862	-0.0248111	
4.85886	-0.012203	
4.85911	-0.00503149	
4.85935	-0.00691394	
4.8596	-0.00760973	
4.85984	-0.00385007	
4.86009	-0.00491114	
4.86033	-0.0136811	
4.86057	-0.0177443	
4.86082	-0.00813723	
4.86106	0.00454135	
4.86131	0.00438966	
4.86155	-0.00620788	
4.8618	-0.00978876	
4.86204	0.00094005	
4.86229	0.0123525	
4.86253	0.00783652	
4.86278	-0.0106459	
4.86302	-0.024813	
4.86326	-0.0217077	
4.86351	-0.00754053	
4.86375	0.00202872	
4.864	0.00141028	
4.86424	-0.000932322	
4.86449	0.00230243	
4.86473	0.00614956	
4.86498	0.00281107	
4.86522	-0.00419998	
4.86547	-0.00462466	
4.86571	0.00248328	
4.86596	0.00750761	
4.8662	0.00533929	
4.86644	0.00145345	
4.86669	0.000733223	
4.86693	0.000566659	
4.86718	-0.000650642	
4.86742	0.00160685	
4.86767	0.00798465	
4.86791	0.00951557	
4.86816	0.000642206	
4.8684	-0.00988731	
4.86865	-0.0110689	
4.86889	-0.00576895	
4.86914	-0.00366084	
4.86938	-0.00444516	
4.86962	-0.00177716	
4.86987	0.000705962	
4.87011	-0.00622044	
4.87036	-0.0179668	
4.8706	-0.0187611	
4.87085	-0.00657183	
4.87109	0.00201397	
4.87134	-0.0021301	
4.87158	-0.00699492	
4.87183	-0.00135353	
4.87207	0.00635395	
4.87232	0.00474918	
4.87256	0.00047618	
4.8728	0.00486557	
4.87305	0.0109613	
4.87329	0.00432679	
4.87354	-0.0102066	
4.87378	-0.0143752	
4.87403	-0.0061738	
4.87427	-0.00172066	
4.87452	-0.00694642	
4.87476	-0.00967084	
4.87501	-0.00412311	
4.87525	-0.00136436	
4.87549	-0.00703275	
4.87574	-0.00926828	
4.87598	-0.000379443	
4.87623	0.00797714	
4.87647	0.00534526	
4.87672	0.00134548	
4.87696	0.00724838	
4.87721	0.0135325	
4.87745	0.00598628	
4.8777	-0.00689937	
4.87794	-0.00523823	
4.87819	0.00949818	
4.87843	0.0158234	
4.87867	0.00529084	
4.87892	-0.00682028	
4.87916	-0.00655213	
4.87941	0.00146439	
4.87965	0.00678624	
4.8799	0.00760632	
4.88014	0.00596211	
4.88039	0.000944429	
4.88063	-0.00673373	
4.88088	-0.0124396	
4.88112	-0.0143242	
4.88137	-0.0145643	
4.88161	-0.0124454	
4.88185	-0.0055804	
4.8821	0.00124897	
4.88234	-0.000186783	
4.88259	-0.00746539	
4.88283	-0.00925032	
4.88308	-0.00341084	
4.88332	-0.000162032	
4.88357	-0.0037961	
4.88381	-0.00591018	
4.88406	-0.00259812	
4.8843	-0.00312928	
4.88455	-0.0123381	
4.88479	-0.018479	
4.88503	-0.0109879	
4.88528	0.00082963	
4.88552	0.000730387	
4.88577	-0.0106552	
4.88601	-0.0187206	
4.88626	-0.0163989	
4.8865	-0.00979419	
4.88675	-0.00553276	
4.88699	-0.00456899	
4.88724	-0.00705473	
4.88748	-0.0125043	
4.88772	-0.0152939	
4.88797	-0.0094768	
4.88821	0.00119301	
4.88846	0.00595356	
4.8887	0.00108044	
4.88895	-0.0051322	
4.88919	-0.0032978	
4.88944	0.00553296	
4.88968	0.0114325	
4.88993	0.0072218	
4.89017	-0.00252147	
4.89042	-0.00576342	
4.89066	0.00170193	
4.8909	0.00903296	
4.89115	0.00513916	
4.89139	-0.00292869	
4.89164	0.00127654	
4.89188	0.0165982	
4.89213	0.0220717	
4.89237	0.00740008	
4.89262	-0.0107028	
4.89286	-0.0131889	
4.89311	-0.00480821	
4.89335	-0.00134013	
4.8936	-0.00378813	
4.89384	-0.00307256	
4.89408	-0.000663715	
4.89433	-0.00459483	
4.89457	-0.0110047	
4.89482	-0.00987602	
4.89506	-0.00538814	
4.89531	-0.00966123	
4.89555	-0.0180715	
4.8958	-0.0133567	
4.89604	0.00393268	
4.89629	0.0123001	
4.89653	0.00265685	
4.89678	-0.00735161	
4.89702	-0.00215241	
4.89726	0.00885567	
4.89751	0.0101314	
4.89775	0.00398341	
4.898	0.000333055	
4.89824	-0.00259089	
4.89849	-0.00989934	
4.89873	-0.0141267	
4.89898	-0.00648307	
4.89922	0.0040911	
4.89947	0.00221896	
4.89971	-0.00850717	
4.89996	-0.0106676	
4.9002	-0.00171883	
4.90044	0.00183834	
4.90069	-0.00844031	
4.90093	-0.0192889	
4.90118	-0.015815	
4.90142	-0.00168824	
4.90167	0.00874474	
4.90191	0.00858092	
4.90216	0.000842857	
4.9024	-0.00935015	
4.90265	-0.0170718	
4.90289	-0.0172661	
4.90313	-0.00952959	
4.90338	-0.000624499	
4.90362	0.00261979	
4.90387	0.000370888	
4.90411	-0.00346128	
4.90436	-0.00743157	
4.9046	-0.0111451	
4.90485	-0.0113803	
4.90509	-0.0053994	
4.90534	0.00333287	
4.90558	0.00761003	
4.90583	0.00460471	
4.90607	-0.00160012	
4.90631	-0.00528834	
4.90656	-0.00448951	
4.9068	-0.00139298	
4.90705	0.000702879	
4.90729	0.0009122	
4.90754	0.00169654	
4.90778	0.00511342	
4.90803	0.00837716	
4.90827	0.00627041	
4.90852	-0.0010983	
4.90876	-0.00676563	
4.90901	-0.00541414	
4.90925	0.000142366	
4.90949	0.00383785	
4.90974	0.00421579	
4.90998	0.00372044	
4.91023	0.00332287	
4.91047	0.00234688	
4.91072	0.00135956	
4.91096	0.000865147	
4.91121	-0.000812504	
4.91145	-0.00416703	
4.9117	-0.00561226	
4.91194	-0.00261785	
4.91219	0.00136542	
4.91243	0.00255899	
4.91267	0.00352174	
4.91292	0.00691033	
4.91316	0.00710692	
4.91341	-0.0013455	
4.91365	-0.0101394	
4.9139	-0.00600978	
4.91414	0.00669855	
4.91439	0.00836836	
4.91463	-0.00631502	
4.91488	-0.0176105	
4.91512	-0.00925415	
4.91536	0.0070766	
4.91561	0.00975745	
4.91585	-0.00178735	
4.9161	-0.0106909	
4.91634	-0.00960902	
4.91659	-0.00609719	
4.91683	-0.00465674	
4.91708	-0.00143173	
4.91732	0.00286657	
4.91757	0.00113744	
4.91781	-0.00620138	
4.91806	-0.00943343	
4.9183	-0.00509096	
4.91854	-0.000839039	
4.91879	-0.00164829	
4.91903	-0.00320263	
4.91928	-0.0023726	
4.91952	-0.00194255	
4.91977	-0.00118977	
4.92001	0.0054133	
4.92026	0.0153715	
4.9205	0.0171214	
4.92075	0.00777751	
4.92099	-0.000876493	
4.92124	-0.000723179	
4.92148	0.00179726	
4.92172	0.00103426	
4.92197	0.00392995	
4.92221	0.0153081	
4.92246	0.0245835	
4.9227	0.0208143	
4.92295	0.0103739	
4.92319	0.00565704	
4.92344	0.00574954	
4.92368	0.00305095	
4.92393	0.000171366	
4.92417	0.00396607	
4.92442	0.00991297	
4.92466	0.00913845	
4.9249	0.00492747	
4.92515	0.00517844	
4.92539	0.00470315	
4.92564	-0.00545111	
4.92588	-0.0160495	
4.92613	-0.00965845	
4.92637	0.0087549	
4.92662	0.0151743	
4.92686	0.00311873	
4.92711	-0.00732405	
4.92735	-0.00337363	
4.92759	0.0019349	
4.92784	-0.00381669	
4.92808	-0.0106043	
4.92833	-0.00661941	
4.92857	-0.00106687	
4.92882	-0.00659848	
4.92906	-0.0143828	
4.92931	-0.00872148	
4.92955	0.00426906	
4.9298	0.00577136	
4.93004	-0.00422351	
4.93029	-0.00796682	
4.93053	-0.000669431	
4.93077	0.00291392	
4.93102	-0.00445957	
4.93126	-0.0103633	
4.93151	-0.0051344	
4.93175	0.00184265	
4.932	-0.00073863	
4.93224	-0.00689278	
4.93249	-0.00430902	
4.93273	0.00518265	
4.93298	0.00950494	
4.93322	0.00496949	
4.93347	-0.0015598	
4.93371	-0.00600179	
4.93395	-0.0103724	
4.9342	-0.0131326	
4.93444	-0.00797809	
4.93469	0.00443089	
4.93493	0.0128093	
4.93518	0.00885451	
4.93542	-0.0017598	
4.93567	-0.00797898	
4.93591	-0.00807813	
4.93616	-0.00824947	
4.9364	-0.00927203	
4.93665	-0.00444546	
4.93689	0.00705946	
4.93713	0.0141517	
4.93738	0.00831077	
4.93762	-0.00171871	
4.93787	0.000123516	
4.93811	0.0139744	
4.93836	0.0219079	
4.9386	0.0123255	
4.93885	-0.00391333	
4.93909	-0.00923045	
4.93934	-0.00298471	
4.93958	0.00163218	
4.93982	-0.000779734	
4.94007	-0.00328617	
4.94031	-0.00323425	
4.94056	-0.00784582	
4.9408	-0.0177948	
4.94105	-0.0197496	
4.94129	-0.00639832	
4.94154	0.00734139	
4.94178	0.00319545	
4.94203	-0.0122854	
4.94227	-0.0160565	
4.94252	-0.00292332	
4.94276	0.00766824	
4.943	0.00248456	
4.94325	-0.00721344	
4.94349	-0.00730536	
4.94374	-0.00319997	
4.94398	-0.00621741	
4.94423	-0.0114788	
4.94447	-0.0075181	
4.94472	0.00132025	
4.94496	0.00194171	
4.94521	-0.00349849	
4.94545	-0.00162005	
4.9457	0.00619403	
4.94594	0.00416281	
4.94618	-0.00939398	
4.94643	-0.0166122	
4.94667	-0.00964007	
4.94692	-0.00349166	
4.94716	-0.00901131	
4.94741	-0.0144996	
4.94765	-0.00907423	
4.9479	-0.00426613	
4.94814	-0.0126758	
4.94839	-0.021908	
4.94863	-0.013575	
4.94888	0.00371729	
4.94912	0.00642194	
4.94936	-0.00602835	
4.94961	-0.0121955	
4.94985	-0.00496742	
4.9501	0.000184877	
4.95034	-0.00469008	
4.95059	-0.00790643	
4.95083	-0.00254176	
4.95108	0.0011308	
4.95132	-0.00310263	
4.95157	-0.00542298	
4.95181	-0.000307481	
4.95205	0.00149793	
4.9523	-0.00580138	
4.95254	-0.009165	
4.95279	0.000585629	
4.95303	0.00978832	
4.95328	0.00345174	
4.95352	-0.00955796	
4.95377	-0.0124519	
4.95401	-0.00838972	
4.95426	-0.0105286	
4.9545	-0.0148493	
4.95475	-0.00744283	
4.95499	0.007102	
4.95523	0.0100754	
4.95548	0.000163245	
4.95572	-0.00402115	
4.95597	0.00451242	
4.95621	0.0106722	
4.95646	0.00476204	
4.9567	-0.00157708	
4.95695	0.00278759	
4.95719	0.00963014	
4.95744	0.00750573	
4.95768	0.00138075	
4.95793	0.00123434	
4.95817	0.00294266	
4.95841	-0.0031275	
4.95866	-0.0121744	
4.9589	-0.0103301	
4.95915	0.00300756	
4.95939	0.0131272	
4.95964	0.0106803	
4.95988	0.00211415	
4.96013	-0.00268505	
4.96037	-0.0027059	
4.96062	-0.00173872	
4.96086	-4.63953e-05	
4.96111	0.0040482	
4.96135	0.0085458	
4.96159	0.00920399	
4.96184	0.00528735	
4.96208	0.000173005	
4.96233	-0.00362019	
4.96257	-0.00697784	
4.96282	-0.0106626	
4.96306	-0.0119331	
4.96331	-0.00820631	
4.96355	-0.00345986	
4.9638	-0.00573619	
4.96404	-0.0156102	
4.96428	-0.0221914	
4.96453	-0.0161049	
4.96477	-0.00283885	
4.96502	0.00403873	
4.96526	0.000758046	
4.96551	-0.00419064	
4.96575	-0.0047714	
4.966	-0.00439495	
4.96624	-0.00615912	
4.96649	-0.00644314	
4.96673	-0.00297992	
4.96698	-0.000292389	
4.96722	-0.0012428	
4.96746	-0.00156222	
4.96771	0.000704573	
4.96795	-0.000741089	
4.9682	-0.00836625	
4.96844	-0.011568	
4.96869	-0.00122377	
4.96893	0.0132605	
4.96918	0.0153656	
4.96942	0.00602872	
4.96967	0.00159944	
4.96991	0.008027	
4.97016	0.0131295	
4.9704	0.00796582	
4.97064	0.000654583	
4.97089	0.00136863	
4.97113	0.00591269	
4.97138	0.00434427	
4.97162	-0.00257608	
4.97187	-0.00609949	
4.97211	-0.00335089	
4.97236	0.00119913	
4.9726	0.00464409	
4.97285	0.0070957	
4.97309	0.00654804	
4.97334	0.00100896	
4.97358	-0.00503123	
4.97382	-0.00444912	
4.97407	0.001557	
4.97431	0.00365679	
4.97456	-0.0026455	
4.9748	-0.010695	
4.97505	-0.012257	
4.97529	-0.00809076	
4.97554	-0.00480423	
4.97578	-0.00485415	
4.97603	-0.00479297	
4.97627	-0.00214389	
4.97652	0.000994667	
4.97676	0.00202476	
4.977	0.00143243	
4.97725	-7.08649e-05	
4.97749	-0.00445553	
4.97774	-0.0121178	
4.97798	-0.0169405	
4.97823	-0.0121573	
4.97847	-0.00145809	
4.97872	0.00341315	
4.97896	-0.000849243	
4.97921	-0.00365515	
4.97945	0.00209959	
4.97969	0.00653145	
4.97994	-0.00158798	
4.98018	-0.012949	
4.98043	-0.00848697	
4.98067	0.00985403	
4.98092	0.0187015	
4.98116	0.00773362	
4.98141	-0.00525636	
4.98165	-0.0036011	
4.9819	0.00280523	
4.98214	-0.00275597	
4.98239	-0.0140368	
4.98263	-0.0128747	
4.98287	-0.000595245	
4.98312	0.00475804	
4.98336	-0.00112014	
4.98361	-0.00412183	
4.98385	0.00150339	
4.9841	0.00395667	
4.98434	-0.00316528	
4.98459	-0.00914002	
4.98483	-0.00617827	
4.98508	-0.00337099	
4.98532	-0.00926623	
4.98557	-0.0156008	
4.98581	-0.0115785	
4.98605	-0.00225207	
4.9863	0.0012861	
4.98654	0.000362074	
4.98679	0.00305073	
4.98703	0.00755181	
4.98728	0.00609666	
4.98752	0.000658977	
4.98777	0.00049925	
4.98801	0.00639803	
4.98826	0.00998243	
4.9885	0.00729629	
4.98875	0.0019947	
4.98899	-0.00310942	
4.98923	-0.00683811	
4.98948	-0.00450371	
4.98972	0.00588485	
4.98997	0.014141	
4.99021	0.00800898	
4.99046	-0.00742524	
4.9907	-0.0144599	
4.99095	-0.00814121	
4.99119	-0.00195261	
4.99144	-0.00472563	
4.99168	-0.00800719	
4.99192	-0.00402149	
4.99217	-0.000781053	
4.99241	-0.00712	
4.99266	-0.0146923	
4.9929	-0.0100293	
4.99315	0.00281187	
4.99339	0.00740846	
4.99364	-0.000561382	
4.99388	-0.00907069	
4.99413	-0.00963477	
4.99437	-0.00696771	
4.99462	-0.00612416	
4.99486	-0.00359219	
4.9951	0.002575	
4.99535	0.00499185	
4.99559	-0.0016088	
4.99584	-0.00867611	
4.99608	-0.00378717	
4.99633	0.0113652	
4.99657	0.0223637	
4.99682	0.0203224	
4.99706	0.0104877	
4.99731	0.00229086	
4.99755	-0.00140911	
4.9978	-0.00286308	
4.99804	-0.00362848	
4.99828	-0.00396236	
4.99853	-0.0039755	
4.99877	-0.00234801	
4.99902	0.0027429	
4.99926	0.00908898	
4.99951	0.0108352	
4.99975	0.00648137	
5	0.00249752	
5.00024	0.00488474	
5.00049	0.0105245	
5.00073	0.0116742	
5.00098	0.00651101	
5.00122	0.00020627	
5.00146	-0.00265489	
5.00171	-0.0020268	
5.00195	-0.000333886	
5.0022	-0.000620104	
5.00244	-0.00463199	
5.00269	-0.00882497	
5.00293	-0.00607474	
5.00318	0.00342259	
5.00342	0.00840056	
5.00367	0.00179316	
5.00391	-0.00603062	
5.00415	-0.00147298	
5.0044	0.00914794	
5.00464	0.0071071	
5.00489	-0.00812514	
5.00513	-0.0148868	
5.00538	-0.00194425	
5.00562	0.0134733	
5.00587	0.0116181	
5.00611	-0.00181085	
5.00636	-0.0088167	
5.0066	-0.00719969	
5.00685	-0.00715507	
5.00709	-0.00887917	
5.00733	-0.00420062	
5.00758	0.00345716	
5.00782	0.00161447	
5.00807	-0.00810726	
5.00831	-0.00900729	
5.00856	0.0039941	
5.0088	0.0142836	
5.00905	0.00810642	
5.00929	-0.00542425	
5.00954	-0.00917795	
5.00978	-0.00196452	
5.01003	0.00384665	
5.01027	0.00179965	
5.01051	-0.00296787	
5.01076	-0.00479722	
5.011	-0.00460601	
5.01125	-0.00510418	
5.01149	-0.00518002	
5.01174	-0.00188427	
5.01198	0.00385944	
5.01223	0.00617521	
5.01247	0.00102388	
5.01272	-0.00635725	
5.01296	-0.00569261	
5.01321	0.00401627	
5.01345	0.0105548	
5.01369	0.00482663	
5.01394	-0.00503636	
5.01418	-0.00511846	
5.01443	0.00371488	
5.01467	0.00865084	
5.01492	0.00559238	
5.01516	0.00328619	
5.01541	0.00670567	
5.01565	0.0101484	
5.0159	0.00926328	
5.01614	0.00682779	
5.01638	0.0035469	
5.01663	-0.00347363	
5.01687	-0.00952317	
5.01712	-0.00435321	
5.01736	0.00910349	
5.01761	0.0138302	
5.01785	0.00437251	
5.0181	-0.00303963	
5.01834	0.00303848	
5.01859	0.00948734	
5.01883	0.00111356	
5.01908	-0.0118834	
5.01932	-0.00943594	
5.01956	0.00521286	
5.01981	0.0104725	
5.02005	0.000243841	
5.0203	-0.00953558	
5.02054	-0.00855475	
5.02079	-0.00550586	
5.02103	-0.00927629	
5.02128	-0.0146434	
5.02152	-0.0140208	
5.02177	-0.00955898	
5.02201	-0.0058615	
5.02226	-0.00172746	
5.0225	0.00365174	
5.02274	0.0056272	
5.02299	0.00203514	
5.02323	-0.00164951	
5.02348	-0.000985866	
5.02372	0.000908226	
5.02397	0.000780537	
5.02421	0.00164544	
5.02446	0.00592135	
5.0247	0.00908544	
5.02495	0.00657257	
5.02519	0.00125343	
5.02544	-0.00194611	
5.02568	-0.00351064	
5.02592	-0.00556084	
5.02617	-0.00602459	
5.02641	-0.0032447	
5.02666	-0.00190774	
5.0269	-0.00712285	
5.02715	-0.0155443	
5.02739	-0.0191483	
5.02764	-0.0159147	
5.02788	-0.0107556	
5.02813	-0.00760169	
5.02837	-0.00657651	
5.02861	-0.00788561	
5.02886	-0.0121992	
5.0291	-0.0166949	
5.02935	-0.0159738	
5.02959	-0.00860282	
5.02984	0.000464094	
5.03008	0.00522508	
5.03033	0.0043472	
5.03057	0.00105274	
5.03082	-0.00106749	
5.03106	-0.00173117	
5.03131	-0.00388067	
5.03155	-0.00909933	
5.03179	-0.0133536	
5.03204	-0.010309	
5.03228	-3.25442e-05	
5.03253	0.00922922	
5.03277	0.0104026	
5.03302	0.00515773	
5.03326	-0.00075809	
5.03351	-0.00541292	
5.03375	-0.00918592	
5.034	-0.00956445	
5.03424	-0.00446824	
5.03449	0.00133506	
5.03473	0.000846504	
5.03497	-0.0044947	
5.03522	-0.00625526	
5.03546	-0.00168345	
5.03571	0.00302045	
5.03595	0.00379297	
5.0362	0.00436369	
5.03644	0.00701983	
5.03669	0.00651465	
5.03693	-0.000386323	
5.03718	-0.00689171	
5.03742	-0.00612806	
5.03767	-0.0030377	
5.03791	-0.00640953	
5.03815	-0.0134624	
5.0384	-0.013911	
5.03864	-0.00727154	
5.03889	-0.00370673	
5.03913	-0.0072644	
5.03938	-0.010943	
5.03962	-0.0109144	
5.03987	-0.0126434	
5.04011	-0.0176751	
5.04036	-0.0171958	
5.0406	-0.00697636	
5.04084	0.00251371	
5.04109	0.00112946	
5.04133	-0.00546696	
5.04158	-0.00676971	
5.04182	-0.00507487	
5.04207	-0.00852746	
5.04231	-0.0136006	
5.04256	-0.0102604	
5.0428	-0.000742896	
5.04305	0.00297283	
5.04329	-0.00106312	
5.04354	-0.00339817	
5.04378	-0.0014387	
5.04402	-0.00262018	
5.04427	-0.00741097	
5.04451	-0.0058858	
5.04476	0.00428122	
5.045	0.0119756	
5.04525	0.0103366	
5.04549	0.00552743	
5.04574	0.00236703	
5.04598	-0.00281447	
5.04623	-0.00832591	
5.04647	-0.00396201	
5.04672	0.00849496	
5.04696	0.0101566	
5.0472	-0.00589269	
5.04745	-0.0185309	
5.04769	-0.00958383	
5.04794	0.00576689	
5.04818	0.00247625	
5.04843	-0.013372	
5.04867	-0.0143402	
5.04892	0.00404828	
5.04916	0.0173977	
5.04941	0.0113399	
5.04965	-0.000400591	
5.0499	-0.00261066	
5.05014	0.0002244	
5.05038	-0.0011976	
5.05063	-0.00418581	
5.05087	-0.00338218	
5.05112	-0.0021031	
5.05136	-0.00367357	
5.05161	-0.00327986	
5.05185	0.0022578	
5.0521	0.00702846	
5.05234	0.00624043	
5.05259	0.00376605	
5.05283	0.00269854	
5.05307	-0.000521561	
5.05332	-0.00551457	
5.05356	-0.00372663	
5.05381	0.00629852	
5.05405	0.0115499	
5.0543	0.00337146	
5.05454	-0.00748257	
5.05479	-0.00727086	
5.05503	-0.000863699	
5.05528	-0.00208919	
5.05552	-0.00984616	
5.05577	-0.0104918	
5.05601	-0.000974668	
5.05625	0.00644185	
5.0565	0.00321689	
5.05674	-0.005195	
5.05699	-0.0103469	
5.05723	-0.0106912	
5.05748	-0.00760031	
5.05772	-0.00183304	
5.05797	0.00199164	
5.05821	-0.00348424	
5.05846	-0.0171665	
5.0587	-0.0264564	
5.05895	-0.0217847	
5.05919	-0.00945136	
5.05943	-0.00332776	
5.05968	-0.00663978	
5.05992	-0.00934738	
5.06017	-0.00371722	
5.06041	0.00464461	
5.06066	0.00514365	
5.0609	-0.00320098	
5.06115	-0.0115766	
5.06139	-0.0138826	
5.06164	-0.0122025	
5.06188	-0.00919469	
5.06213	-0.00356194	
5.06237	0.00275687	
5.06261	0.00154374	
5.06286	-0.00938322	
5.0631	-0.017665	
5.06335	-0.011328	
5.06359	0.00210023	
5.06384	0.00444721	
5.06408	-0.0067456	
5.06433	-0.0152486	
5.06457	-0.0112209	
5.06482	-0.00414045	
5.06506	-0.00492554	
5.06531	-0.00889713	
5.06555	-0.00594371	
5.06579	0.0026423	
5.06604	0.00785061	
5.06628	0.00656116	
5.06653	0.00229775	
5.06677	-0.00217336	
5.06702	-0.0051573	
5.06726	-0.00404866	
5.06751	-0.000143684	
5.06775	-0.000384376	
5.068	-0.0078147	
5.06824	-0.0156311	
5.06848	-0.0168215	
5.06873	-0.0137039	
5.06897	-0.0118278	
5.06922	-0.0113521	
5.06946	-0.0111357	
5.06971	-0.0135001	
5.06995	-0.017056	
5.0702	-0.0133779	
5.07044	-0.000632095	
5.07069	0.00774397	
5.07093	-0.000214345	
5.07118	-0.0163938	
5.07142	-0.0233794	
5.07166	-0.018165	
5.07191	-0.0117858	
5.07215	-0.00994861	
5.0724	-0.00846347	
5.07264	-0.0054047	
5.07289	-0.00368273	
5.07313	-0.00254444	
5.07338	0.000604294	
5.07362	0.00135649	
5.07387	-0.00558324	
5.07411	-0.0133798	
5.07436	-0.0109364	
5.0746	-0.00272466	
5.07484	-0.00407997	
5.07509	-0.0155004	
5.07533	-0.0197135	
5.07558	-0.0091715	
5.07582	0.00144146	
5.07607	-0.00120504	
5.07631	-0.00881512	
5.07656	-0.00679742	
5.0768	0.00246236	
5.07705	0.00538867	
5.07729	-0.00135935	
5.07754	-0.00832023	
5.07778	-0.00814342	
5.07802	-0.00248539	
5.07827	0.00387589	
5.07851	0.00752394	
5.07876	0.00651518	
5.079	0.00227187	
5.07925	-0.00024471	
5.07949	0.00112078	
5.07974	0.00198604	
5.07998	-0.00175928	
5.08023	-0.00707381	
5.08047	-0.00849767	
5.08071	-0.00615702	
5.08096	-0.00384069	
5.0812	-0.00228929	
5.08145	4.54252e-05	
5.08169	0.00198726	
5.08194	0.00102629	
5.08218	-0.0015758	
5.08243	-0.00214519	
5.08267	-0.000611527	
5.08292	-0.000909932	
5.08316	-0.00492586	
5.08341	-0.00903148	
5.08365	-0.0076462	
5.08389	0.000585283	
5.08414	0.0101016	
5.08438	0.0122635	
5.08463	0.00385563	
5.08487	-0.00799583	
5.08512	-0.0120722	
5.08536	-0.00528228	
5.08561	0.003923	
5.08585	0.00591788	
5.0861	0.00129873	
5.08634	-0.000912639	
5.08659	0.00404591	
5.08683	0.00903374	
5.08707	0.00352516	
5.08732	-0.0102842	
5.08756	-0.0158468	
5.08781	-0.00281838	
5.08805	0.0152457	
5.0883	0.0152594	
5.08854	-0.00329913	
5.08879	-0.0154658	
5.08903	-0.00575604	
5.08928	0.00995903	
5.08952	0.00990568	
5.08977	-0.00111278	
5.09001	-0.00373285	
5.09025	0.00214495	
5.0905	-1.55099e-05	
5.09074	-0.0106722	
5.09099	-0.0105928	
5.09123	0.00576389	
5.09148	0.0175587	
5.09172	0.00851021	
5.09197	-0.00894004	
5.09221	-0.0132053	
5.09246	-0.00262121	
5.0927	0.00769465	
5.09294	0.00684935	
5.09319	-0.00492183	
5.09343	-0.0207497	
5.09368	-0.0294942	
5.09392	-0.0231256	
5.09417	-0.00904396	
5.09441	-0.00417562	
5.09466	-0.0106459	
5.0949	-0.011673	
5.09515	0.000313264	
5.09539	0.00890762	
5.09564	8.08107e-05	
5.09588	-0.0137777	
5.09612	-0.0138505	
5.09637	-0.00464856	
5.09661	-0.0031843	
5.09686	-0.00933945	
5.0971	-0.00957403	
5.09735	-0.00315731	
5.09759	-0.00164274	
5.09784	-0.00544195	
5.09808	-0.00336756	
5.09833	0.00467385	
5.09857	0.00574408	
5.09882	-0.00300001	
5.09906	-0.00859456	
5.0993	-0.00376931	
5.09955	0.0031457	
5.09979	0.0046914	
5.10004	0.00478592	
5.10028	0.00725179	
5.10053	0.00835239	
5.10077	0.00686436	
5.10102	0.008338	
5.10126	0.0128467	
5.10151	0.0106904	
5.10175	-0.00241599	
5.102	-0.0160722	
5.10224	-0.0182528	
5.10248	-0.00972286	
5.10273	-3.53247e-05	
5.10297	0.00382678	
5.10322	0.00117735	
5.10346	-0.00311251	
5.10371	-0.00144333	
5.10395	0.00702341	
5.1042	0.0107051	
5.10444	-2.29998e-05	
5.10469	-0.0146483	
5.10493	-0.0137572	
5.10517	0.00115194	
5.10542	0.00745632	
5.10566	-0.00435709	
5.10591	-0.01606	
5.10615	-0.0110543	
5.1064	0.000624606	
5.10664	0.00160127	
5.10689	-0.00440957	
5.10713	-0.00234626	
5.10738	0.00682962	
5.10762	0.00898878	
5.10787	0.00173203	
5.10811	-0.00308931	
5.10835	-0.000552084	
5.1086	0.0012698	
5.10884	-0.00171301	
5.10909	-0.00218364	
5.10933	0.00415006	
5.10958	0.00912241	
5.10982	0.00391237	
5.11007	-0.00789777	
5.11031	-0.0155367	
5.11056	-0.014429	
5.1108	-0.00919825	
5.11105	-0.00611466	
5.11129	-0.00648556	
5.11153	-0.00702273	
5.11178	-0.00521016	
5.11202	-0.00348206	
5.11227	-0.00621518	
5.11251	-0.0121661	
5.11276	-0.0138446	
5.113	-0.00712062	
5.11325	0.00226658	
5.11349	0.00557481	
5.11374	0.00125578	
5.11398	-0.00554468	
5.11423	-0.0102162	
5.11447	-0.0109863	
5.11471	-0.00735755	
5.11496	-0.00141835	
5.1152	0.00180704	
5.11545	0.000123527	
5.11569	-0.00216538	
5.11594	-0.000672895	
5.11618	0.00220387	
5.11643	0.00165056	
5.11667	-0.00176587	
5.11692	-0.00409327	
5.11716	-0.00449612	
5.1174	-0.00419139	
5.11765	-0.0025798	
5.11789	-0.000371213	
5.11814	-0.00209247	
5.11838	-0.00821496	
5.11863	-0.0098213	
5.11887	-0.000792657	
5.11912	0.00893319	
5.11936	0.00458702	
5.11961	-0.010655	
5.11985	-0.017846	
5.1201	-0.00895123	
5.12034	0.00230727	
5.12058	0.00143069	
5.12083	-0.0071758	
5.12107	-0.00963857	
5.12132	-0.00257088	
5.12156	0.00577975	
5.12181	0.00850831	
5.12205	0.00534687	
5.1223	-0.00135511	
5.12254	-0.00811246	
5.12279	-0.0101052	
5.12303	-0.00619876	
5.12328	-0.00231132	
5.12352	-0.00388488	
5.12376	-0.00710105	
5.12401	-0.00417774	
5.12425	0.00376686	
5.1245	0.00653201	
5.12474	-0.00116352	
5.12499	-0.0116173	
5.12523	-0.0133164	
5.12548	-0.00453931	
5.12572	0.00558788	
5.12597	0.00806988	
5.12621	0.00321766	
5.12646	-0.00129415	
5.1267	0.000176359	
5.12694	0.00526374	
5.12719	0.00737137	
5.12743	0.00405718	
5.12768	-0.000518868	
5.12792	-0.00152734	
5.12817	0.000815466	
5.12841	0.00290205	
5.12866	0.00296794	
5.1289	0.0023311	
5.12915	0.00245634	
5.12939	0.00314883	
5.12963	0.00368129	
5.12988	0.00397232	
5.13012	0.00403151	
5.13037	0.00323521	
5.13061	0.00123037	
5.13086	-0.000419915	
5.1311	0.00111219	
5.13135	0.00586142	
5.13159	0.00855474	
5.13184	0.00385851	
5.13208	-0.00488221	
5.13233	-0.00716337	
5.13257	0.000709335	
5.13281	0.00830707	
5.13306	0.00470821	
5.1333	-0.00440467	
5.13355	-0.00355237	
5.13379	0.00910114	
5.13404	0.0171878	
5.13428	0.00928985	
5.13453	-0.00450418	
5.13477	-0.00733537	
5.13502	0.00163858	
5.13526	0.00947642	
5.13551	0.00882055	
5.13575	0.00358773	
5.13599	-0.00190844	
5.13624	-0.0077005	
5.13648	-0.0115572	
5.13673	-0.00834713	
5.13697	0.00098095	
5.13722	0.007926	
5.13746	0.00724361	
5.13771	0.00265333	
5.13795	-0.000775415	
5.1382	-0.0030061	
5.13844	-0.00456516	
5.13869	-0.00267657	
5.13893	0.00331134	
5.13917	0.00811215	
5.13942	0.00732517	
5.13966	0.0038868	
5.13991	0.0028617	
5.14015	0.00356875	
5.1404	0.00204655	
5.14064	-0.00155515	
5.14089	-0.00343663	
5.14113	-0.00246974	
5.14138	-0.00138002	
5.14162	-0.00205362	
5.14187	-0.00300221	
5.14211	-0.00155392	
5.14235	0.00293425	
5.1426	0.00740644	
5.14284	0.0069138	
5.14309	0.000689357	
5.14333	-0.00448934	
5.14358	-0.00219734	
5.14382	0.00280815	
5.14407	-0.000289342	
5.14431	-0.0106096	
5.14456	-0.0133016	
5.1448	-0.000907929	
5.14504	0.0133767	
5.14529	0.0136491	
5.14553	0.00383601	
5.14578	-0.00079128	
5.14602	0.00158865	
5.14627	-0.000766588	
5.14651	-0.0101501	
5.14676	-0.0136693	
5.147	-0.004523	
5.14725	0.00601222	
5.14749	0.0055431	
5.14774	-0.00189159	
5.14798	-0.004177	
5.14822	0.00111709	
5.14847	0.00629245	
5.14871	0.00543427	
5.14896	-0.00104301	
5.1492	-0.00994591	
5.14945	-0.0170141	
5.14969	-0.0181558	
5.14994	-0.0138619	
5.15018	-0.00928913	
5.15043	-0.00678109	
5.15067	-0.00322073	
5.15092	0.00191888	
5.15116	0.00267236	
5.1514	-0.00412018	
5.15165	-0.0122789	
5.15189	-0.0153547	
5.15214	-0.0157905	
5.15238	-0.0178417	
5.15263	-0.0178868	
5.15287	-0.0108506	
5.15312	-0.00112932	
5.15336	0.00280613	
5.15361	0.00102261	
5.15385	-0.00029945	
5.1541	-0.000291802	
5.15434	-0.00184916	
5.15458	-0.00177445	
5.15483	0.00523779	
5.15507	0.0137491	
5.15532	0.0115572	
5.15556	-0.00188015	
5.15581	-0.0128285	
5.15605	-0.0119714	
5.1563	-0.00466053	
5.15654	0.00101072	
5.15679	0.00500132	
5.15703	0.00862029	
5.15727	0.00768298	
5.15752	0.00032086	
5.15776	-0.00645379	
5.15801	-0.0064498	
5.15825	-0.00444101	
5.1585	-0.00812127	
5.15874	-0.0146738	
5.15899	-0.0144088	
5.15923	-0.00558178	
5.15948	0.00284679	
5.15972	0.00358475	
5.15997	-0.000273137	
5.16021	-0.000822238	
5.16045	0.00405133	
5.1607	0.00823829	
5.16094	0.0053296	
5.16119	-0.00245589	
5.16143	-0.00612108	
5.16168	-0.00219519	
5.16192	0.00134847	
5.16217	-0.00316618	
5.16241	-0.00988115	
5.16266	-0.00733086	
5.1629	0.00260753	
5.16315	0.00606761	
5.16339	-0.00124223	
5.16363	-0.00739269	
5.16388	-0.00384771	
5.16412	0.00208312	
5.16437	0.00245471	
5.16461	0.0029162	
5.16486	0.00987087	
5.1651	0.0149722	
5.16535	0.00768399	
5.16559	-0.00468334	
5.16584	-0.00623097	
5.16608	0.00282217	
5.16633	0.00767623	
5.16657	0.00328147	
5.16681	-0.000209525	
5.16706	0.00246919	
5.1673	0.00322545	
5.16755	-0.00292681	
5.16779	-0.00801067	
5.16804	-0.00521954	
5.16828	-0.000730444	
5.16853	-0.00253498	
5.16877	-0.00680103	
5.16902	-0.00482451	
5.16926	0.00262332	
5.1695	0.00670206	
5.16975	0.00302767	
5.16999	-0.00377244	
5.17024	-0.00639352	
5.17048	-0.00217933	
5.17073	0.00403655	
5.17097	0.00351173	
5.17122	-0.00627729	
5.17146	-0.0154993	
5.17171	-0.0122447	
5.17195	0.00119993	
5.1722	0.0105671	
5.17244	0.00890619	
5.17268	0.00351754	
5.17293	0.00107139	
5.17317	-0.00229729	
5.17342	-0.00977897	
5.17366	-0.0139801	
5.17391	-0.0076385	
5.17415	0.00381199	
5.1744	0.00996339	
5.17464	0.0093767	
5.17489	0.00686941	
5.17513	0.00312962	
5.17538	-0.00305017	
5.17562	-0.00740049	
5.17586	-0.00539869	
5.17611	-0.00126991	
5.17635	-0.00216733	
5.1766	-0.00665426	
5.17684	-0.00831615	
5.17709	-0.00730266	
5.17733	-0.00818952	
5.17758	-0.00948209	
5.17782	-0.00613806	
5.17807	-0.000517705	
5.17831	0.000387062	
5.17856	-0.00243254	
5.1788	-0.00137303	
5.17904	0.00411568	
5.17929	0.00655511	
5.17953	0.00348927	
5.17978	3.33623e-05	
5.18002	-0.00255873	
5.18027	-0.00861175	
5.18051	-0.0160484	
5.18076	-0.0155311	
5.181	-0.00605187	
5.18125	0.000856616	
5.18149	-0.00152131	
5.18173	-0.00508595	
5.18198	-0.0016559	
5.18222	0.00347408	
5.18247	0.00227367	
5.18271	-0.0014391	
5.18296	0.000225784	
5.1832	0.00410693	
5.18345	0.00148254	
5.18369	-0.00559354	
5.18394	-0.00650761	
5.18418	0.000549018	
5.18443	0.00558978	
5.18467	0.00252121	
5.18491	-0.00279587	
5.18516	-0.00323482	
5.1854	-0.000107912	
5.18565	0.00220105	
5.18589	0.00381182	
5.18614	0.00579539	
5.18638	0.00460468	
5.18663	-0.00295579	
5.18687	-0.0118813	
5.18712	-0.0130006	
5.18736	-0.00490943	
5.18761	0.00365272	
5.18785	0.00464066	
5.18809	-0.000748132	
5.18834	-0.00649683	
5.18858	-0.00997231	
5.18883	-0.0113956	
5.18907	-0.008879	
5.18932	-0.000809713	
5.18956	0.00768753	
5.18981	0.00807506	
5.19005	0.000121152	
5.1903	-0.00615433	
5.19054	-0.00342475	
5.19079	0.0039557	
5.19103	0.00786919	
5.19127	0.00729956	
5.19152	0.00578853	
5.19176	0.00363053	
5.19201	-0.000335271	
5.19225	-0.00326823	
5.1925	-0.00215048	
5.19274	7.62583e-05	
5.19299	-0.000632931	
5.19323	-0.00177656	
5.19348	0.000715303	
5.19372	0.00344817	
5.19396	0.000718347	
5.19421	-0.00411465	
5.19445	-0.00275729	
5.1947	0.0040764	
5.19494	0.00754003	
5.19519	0.00494032	
5.19543	0.00228506	
5.19568	0.0024785	
5.19592	0.00227425	
5.19617	0.00195918	
5.19641	0.00627558	
5.19666	0.0133033	
5.1969	0.0139272	
5.19714	0.00595044	
5.19739	-0.00165227	
5.19763	-0.00217551	
5.19788	0.000819954	
5.19812	0.00206312	
5.19837	0.00160412	
5.19861	0.00069482	
5.19886	-7.67788e-05	
5.1991	0.00245127	
5.19935	0.00880606	
5.19959	0.00960994	
5.19984	-0.00265653	
5.20008	-0.0159364	
5.20032	-0.0109335	
5.20057	0.0077108	
5.20081	0.0143	
5.20106	0.000923015	
5.2013	-0.0106148	
5.20155	-0.00497645	
5.20179	0.00401937	
5.20204	0.00178258	
5.20228	-0.00102392	
5.20253	0.00816035	
5.20277	0.0163467	
5.20302	0.00659631	
5.20326	-0.00998154	
5.2035	-0.0113947	
5.20375	-0.00104681	
5.20399	0.00135348	
5.20424	-0.00489089	
5.20448	-0.00458867	
5.20473	0.00184671	
5.20497	0.000342013	
5.20522	-0.00675046	
5.20546	-0.00314119	
5.20571	0.0086007	
5.20595	0.00732923	
5.20619	-0.00933757	
5.20644	-0.0175134	
5.20668	-0.00515253	
5.20693	0.00956571	
5.20717	0.0092415	
5.20742	0.00201913	
5.20766	0.00126382	
5.20791	0.00204016	
5.20815	-0.0052867	
5.2084	-0.0144	
5.20864	-0.0133114	
5.20889	-0.00427817	
5.20913	0.00153505	
5.20937	0.00158844	
5.20962	0.00194039	
5.20986	0.00525983	
5.21011	0.00827603	
5.21035	0.00759185	
5.2106	0.00292706	
5.21084	-0.00162165	
5.21109	0.00109098	
5.21133	0.012014	
5.21158	0.0195982	
5.21182	0.0129017	
5.21207	-0.001131	
5.21231	-0.00649034	
5.21255	-0.00201279	
5.2128	-0.000207862	
5.21304	-0.0033983	
5.21329	-0.000876213	
5.21353	0.0079346	
5.21378	0.00906497	
5.21402	-0.00101562	
5.21427	-0.00677151	
5.21451	0.000950317	
5.21476	0.00995354	
5.215	0.00770142	
5.21525	-0.000215407	
5.21549	-0.00364911	
5.21573	-0.00352509	
5.21598	-0.00283398	
5.21622	0.00206847	
5.21647	0.00990251	
5.21671	0.00987395	
5.21696	-0.000103631	
5.2172	-0.00620004	
5.21745	-0.000695626	
5.21769	0.00524525	
5.21794	0.00204361	
5.21818	-0.00292044	
5.21843	-0.00279333	
5.21867	-0.00466376	
5.21891	-0.0108995	
5.21916	-0.00774947	
5.2194	0.00945826	
5.21965	0.0201839	
5.21989	0.00907857	
5.22014	-0.00679472	
5.22038	-0.00518257	
5.22063	0.00530851	
5.22087	0.00399125	
5.22112	-0.0036131	
5.22136	0.00168091	
5.2216	0.0139672	
5.22185	0.0108663	
5.22209	-0.00524816	
5.22234	-0.00959405	
5.22258	0.00243479	
5.22283	0.00868554	
5.22307	-0.000780934	
5.22332	-0.010034	
5.22356	-0.00876388	
5.22381	-0.00728709	
5.22405	-0.0109864	
5.2243	-0.0079739	
5.22454	0.00563217	
5.22478	0.013587	
5.22503	0.0069102	
5.22527	0.00096883	
5.22552	0.00964901	
5.22576	0.0221864	
5.22601	0.0225866	
5.22625	0.0154286	
5.2265	0.0144394	
5.22674	0.0184632	
5.22699	0.0165967	
5.22723	0.00799259	
5.22748	0.000545565	
5.22772	-0.0032342	
5.22796	-0.00542126	
5.22821	-0.00409538	
5.22845	0.00197725	
5.2287	0.00599425	
5.22894	0.00231861	
5.22919	-0.00233566	
5.22943	0.00160097	
5.22968	0.0106445	
5.22992	0.0134406	
5.23017	0.00814567	
5.23041	0.00310591	
5.23066	0.00252092	
5.2309	0.00265888	
5.23114	0.00155437	
5.23139	0.00175649	
5.23163	0.002586	
5.23188	-0.000638698	
5.23212	-0.00727872	
5.23237	-0.00967806	
5.23261	-0.004513	
5.23286	0.00102077	
5.2331	-0.000763261	
5.23335	-0.00692746	
5.23359	-0.00874522	
5.23383	-0.00459128	
5.23408	-0.000969614	
5.23432	-0.00107092	
5.23457	4.89069e-05	
5.23481	0.00546976	
5.23506	0.00847265	
5.2353	0.0015891	
5.23555	-0.0104169	
5.23579	-0.0155612	
5.23604	-0.0110342	
5.23628	-0.00470874	
5.23653	-0.00019978	
5.23677	0.00736709	
5.23701	0.0170118	
5.23726	0.01672	
5.2375	0.00156807	
5.23775	-0.01388	
5.23799	-0.0132277	
5.23824	-0.000755088	
5.23848	0.00621005	
5.23873	0.00164338	
5.23897	-0.00566391	
5.23922	-0.00918209	
5.23946	-0.0111404	
5.23971	-0.0126538	
5.23995	-0.0101292	
5.24019	-0.00311185	
5.24044	0.00387463	
5.24068	0.00799893	
5.24093	0.00875685	
5.24117	0.00382834	
5.24142	-0.00658542	
5.24166	-0.0139857	
5.24191	-0.0107878	
5.24215	-0.00291625	
5.2424	-0.00166275	
5.24264	-0.00561679	
5.24289	-0.00413244	
5.24313	0.00308881	
5.24337	0.00539933	
5.24362	0.000488521	
5.24386	-0.00208098	
5.24411	0.000854348	
5.24435	0.000935513	
5.2446	-0.00395668	
5.24484	-0.00372087	
5.24509	0.0046594	
5.24533	0.00811852	
5.24558	-0.00148347	
5.24582	-0.01141	
5.24606	-0.0063825	
5.24631	0.00766332	
5.24655	0.0124193	
5.2468	0.00316175	
5.24704	-0.00764887	
5.24729	-0.00931349	
5.24753	-0.00368421	
5.24778	0.00206306	
5.24802	0.00426705	
5.24827	0.00375783	
5.24851	0.00364365	
5.24876	0.00629229	
5.249	0.00969071	
5.24924	0.00873309	
5.24949	0.00208453	
5.24973	-0.00554185	
5.24998	-0.00957579	
5.25022	-0.00978815	
5.25047	-0.00721987	
5.25071	-0.00255163	
5.25096	0.00119587	
5.2512	0.000794352	
5.25145	-0.00111896	
5.25169	0.000668079	
5.25194	0.00403755	
5.25218	0.00221115	
5.25242	-0.00287802	
5.25267	-0.00181999	
5.25291	0.0050592	
5.25316	0.00566867	
5.2534	-0.00329958	
5.25365	-0.00887048	
5.25389	-0.00332266	
5.25414	0.00223059	
5.25438	-0.00223507	
5.25463	-0.00727037	
5.25487	-0.00149337	
5.25512	0.0059706	
5.25536	0.000619905	
5.2556	-0.0100345	
5.25585	-0.00727937	
5.25609	0.00662536	
5.25634	0.0120722	
5.25658	0.0061407	
5.25683	0.00627841	
5.25707	0.0163862	
5.25732	0.0168693	
5.25756	-0.000721492	
5.25781	-0.0148025	
5.25805	-0.00673462	
5.25829	0.00868224	
5.25854	0.00775112	
5.25878	-0.00372374	
5.25903	-0.00313974	
5.25927	0.00807124	
5.25952	0.0065163	
5.25976	-0.0115238	
5.26001	-0.0207134	
5.26025	-0.0069167	
5.2605	0.00954637	
5.26074	0.00586771	
5.26099	-0.00863453	
5.26123	-0.00958732	
5.26147	0.0046489	
5.26172	0.01432	
5.26196	0.0105598	
5.26221	0.00454954	
5.26245	0.00512452	
5.2627	0.00687051	
5.26294	0.00442665	
5.26319	0.00221798	
5.26343	0.00322693	
5.26368	0.00124794	
5.26392	-0.00740451	
5.26417	-0.0145054	
5.26441	-0.0110219	
5.26465	-0.000568562	
5.2649	0.00630873	
5.26514	0.00607776	
5.26539	0.00320933	
5.26563	0.00129676	
5.26588	0.000106442	
5.26612	-0.000680207	
5.26637	6.88763e-05	
5.26661	0.00341957	
5.26686	0.00919256	
5.2671	0.0142423	
5.26735	0.0126603	
5.26759	0.00295624	
5.26783	-0.00578954	
5.26808	-0.00317583	
5.26832	0.00672723	
5.26857	0.0092017	
5.26881	0.000705593	
5.26906	-0.00533954	
5.2693	0.000305744	
5.26955	0.00863438	
5.26979	0.00782313	
5.27004	0.000906975	
5.27028	-0.00255354	
5.27052	-0.00216054	
5.27077	-0.00217709	
5.27101	-0.000441132	
5.27126	0.00529194	
5.2715	0.00770166	
5.27175	0.000159473	
5.27199	-0.0100028	
5.27224	-0.0120543	
5.27248	-0.00913269	
5.27273	-0.0102926	
5.27297	-0.0118977	
5.27322	-0.00427008	
5.27346	0.00751754	
5.2737	0.00854216	
5.27395	-0.00124069	
5.27419	-0.00599513	
5.27444	0.00044567	
5.27468	0.0057982	
5.27493	0.000342277	
5.27517	-0.00919331	
5.27542	-0.0126075	
5.27566	-0.00980226	
5.27591	-0.00553048	
5.27615	-0.00178666	
5.2764	-0.000387726	
5.27664	-0.00309709	
5.27688	-0.00574497	
5.27713	-0.00229435	
5.27737	0.00325389	
5.27762	0.000680298	
5.27786	-0.00854067	
5.27811	-0.0104872	
5.27835	-2.98642e-05	
5.2786	0.0104591	
5.27884	0.0095875	
5.27909	0.00202763	
5.27933	-0.00169274	
5.27958	0.000150402	
5.27982	0.00311748	
5.28006	0.00494533	
5.28031	0.00498423	
5.28055	0.00309676	
5.2808	0.00350437	
5.28104	0.0112739	
5.28129	0.0216464	
5.28153	0.0226182	
5.28178	0.0115641	
5.28202	-0.00120524	
5.28227	-0.0084829	
5.28251	-0.0132866	
5.28275	-0.0160627	
5.283	-0.00967423	
5.28324	0.00534809	
5.28349	0.0148011	
5.28373	0.0103607	
5.28398	0.00284521	
5.28422	0.00457844	
5.28447	0.00977032	
5.28471	0.00599171	
5.28496	-0.00359877	
5.2852	-0.00480345	
5.28545	0.00496901	
5.28569	0.0127628	
5.28593	0.00882003	
5.28618	-0.00125617	
5.28642	-0.00522486	
5.28667	0.00111363	
5.28691	0.0101874	
5.28716	0.011644	
5.2874	0.00434839	
5.28765	-0.00239601	
5.28789	-0.00189243	
5.28814	0.000422606	
5.28838	-0.0024924	
5.28863	-0.00491876	
5.28887	0.00267009	
5.28911	0.0137396	
5.28936	0.0118286	
5.2896	-0.00269744	
5.28985	-0.0106693	
5.29009	-0.00324176	
5.29034	0.00621807	
5.29058	0.00661948	
5.29083	0.00559656	
5.29107	0.0104131	
5.29132	0.0119552	
5.29156	0.00301986	
5.29181	-0.00453919	
5.29205	0.00110951	
5.29229	0.00965291	
5.29254	0.00481061	
5.29278	-0.0087826	
5.29303	-0.0145896	
5.29327	-0.0108937	
5.29352	-0.00862037	
5.29376	-0.00971509	
5.29401	-0.00762588	
5.29425	-0.00412935	
5.2945	-0.00626086	
5.29474	-0.0102632	
5.29498	-0.00703884	
5.29523	-0.000157525	
5.29547	-0.000110295	
5.29572	-0.00397715	
5.29596	4.29622e-05	
5.29621	0.0102924	
5.29645	0.0138144	
5.2967	0.0095023	
5.29694	0.00820447	
5.29719	0.00953628	
5.29743	0.00110947	
5.29768	-0.0157334	
5.29792	-0.0221562	
5.29816	-0.0111435	
5.29841	0.000386976	
5.29865	-0.00142028	
5.2989	-0.00750771	
5.29914	-0.00526116	
5.29939	-0.000275808	
5.29963	-0.00353736	
5.29988	-0.0105815	
5.30012	-0.0103249	
5.30037	-0.0053848	
5.30061	-0.00678528	
5.30086	-0.013649	
5.3011	-0.0137383	
5.30134	-0.00273135	
5.30159	0.00976528	
5.30183	0.013894	
5.30208	0.00967917	
5.30232	0.00296845	
5.30257	-0.000963618	
5.30281	0.000855503	
5.30306	0.00716619	
5.3033	0.011213	
5.30355	0.00654665	
5.30379	-0.00468259	
5.30404	-0.0127789	
5.30428	-0.0107707	
5.30452	-0.00139374	
5.30477	0.0064832	
5.30501	0.00712217	
5.30526	0.0037124	
5.3055	0.00486221	
5.30575	0.013868	
5.30599	0.0225154	
5.30624	0.0195255	
5.30648	0.00521207	
5.30673	-0.00747026	
5.30697	-0.00826047	
5.30722	-0.000609807	
5.30746	0.00560756	
5.3077	0.00685142	
5.30795	0.00634516	
5.30819	0.0060763	
5.30844	0.0051588	
5.30868	0.00461771	
5.30893	0.00710678	
5.30917	0.0109491	
5.30942	0.00988239	
5.30966	0.00151197	
5.30991	-0.00729716	
5.31015	-0.00704734	
5.31039	0.0030805	
5.31064	0.0133908	
5.31088	0.0139719	
5.31113	0.00515084	
5.31137	-0.00381534	
5.31162	-0.00529819	
5.31186	1.21278e-05	
5.31211	0.00672082	
5.31235	0.0112431	
5.3126	0.0125471	
5.31284	0.00971093	
5.31309	0.00302093	
5.31333	-0.0036761	
5.31357	-0.0060611	
5.31382	-0.00504918	
5.31406	-0.00559554	
5.31431	-0.00910478	
5.31455	-0.011046	
5.3148	-0.00799711	
5.31504	-0.00320049	
5.31529	-0.00167351	
5.31553	-0.00258748	
5.31578	-0.00132524	
5.31602	0.00190752	
5.31627	0.00144608	
5.31651	-0.00410344	
5.31675	-0.00726994	
5.317	-0.00189762	
5.31724	0.00597528	
5.31749	0.00493712	
5.31773	-0.00505234	
5.31798	-0.0114656	
5.31822	-0.00714292	
5.31847	-0.00048491	
5.31871	-0.00192285	
5.31896	-0.00806424	
5.3192	-0.00830739	
5.31945	-0.0019121	
5.31969	0.00236136	
5.31993	0.0011266	
5.32018	-0.000223235	
5.32042	0.0013888	
5.32067	0.00300952	
5.32091	0.00372726	
5.32116	0.00572295	
5.3214	0.00581705	
5.32165	-0.00226324	
5.32189	-0.0142813	
5.32214	-0.0166798	
5.32238	-0.00642943	
5.32262	0.00284208	
5.32287	0.0014866	
5.32311	-0.00213661	
5.32336	0.00227059	
5.3236	0.00923581	
5.32385	0.00841122	
5.32409	0.00270666	
5.32434	0.000653239	
5.32458	-0.000946568	
5.32483	-0.009825	
5.32507	-0.019132	
5.32532	-0.0142757	
5.32556	0.00231403	
5.3258	0.0116548	
5.32605	0.00582309	
5.32629	-0.00185277	
5.32654	0.000641762	
5.32678	0.00696891	
5.32703	0.0059481	
5.32727	-0.00124249	
5.32752	-0.00753935	
5.32776	-0.0132862	
5.32801	-0.0213472	
5.32825	-0.0260968	
5.3285	-0.0193375	
5.32874	-0.00421903	
5.32898	0.00694374	
5.32923	0.00796379	
5.32947	0.0036349	
5.32972	-9.10897e-05	
5.32996	-0.00262818	
5.33021	-0.00430322	
5.33045	-0.00255815	
5.3307	0.00367314	
5.33094	0.0100765	
5.33119	0.0111582	
5.33143	0.00650048	
5.33168	0.000166794	
5.33192	-0.00458513	
5.33216	-0.00726323	
5.33241	-0.00741253	
5.33265	-0.00352599	
5.3329	0.00346538	
5.33314	0.00794607	
5.33339	0.00476863	
5.33363	-0.00296288	
5.33388	-0.00519261	
5.33412	0.00318101	
5.33437	0.0140859	
5.33461	0.0143649	
5.33485	0.00189721	
5.3351	-0.0108731	
5.33534	-0.0116089	
5.33559	-0.00267308	
5.33583	0.00291864	
5.33608	-0.00171084	
5.33632	-0.0100571	
5.33657	-0.0126009	
5.33681	-0.0084164	
5.33706	-0.00240612	
5.3373	0.0036751	
5.33755	0.009818	
5.33779	0.0105433	
5.33803	-0.00015689	
5.33828	-0.0156217	
5.33852	-0.0199498	
5.33877	-0.00976549	
5.33901	-0.00128496	
5.33926	-0.00719415	
5.3395	-0.0171939	
5.33975	-0.0140938	
5.33999	-0.000630375	
5.34024	0.00570276	
5.34048	-0.000551746	
5.34073	-0.00856776	
5.34097	-0.0115702	
5.34121	-0.0132399	
5.34146	-0.013618	
5.3417	-0.00771622	
5.34195	-0.000641386	
5.34219	-0.00396845	
5.34244	-0.0123355	
5.34268	-0.00590934	
5.34293	0.0150773	
5.34317	0.0221789	
5.34342	0.000259743	
5.34366	-0.0251815	
5.34391	-0.0232374	
5.34415	-0.0018466	
5.34439	0.00816278	
5.34464	-0.000525932	
5.34488	-0.00919226	
5.34513	-0.00860097	
5.34537	-0.00756669	
5.34562	-0.00808345	
5.34586	-0.000389561	
5.34611	0.0135859	
5.34635	0.0171879	
5.3466	0.00622467	
5.34684	-0.00253592	
5.34708	0.00199282	
5.34733	0.00954915	
5.34757	0.00829152	
5.34782	0.00241894	
5.34806	0.000107398	
5.34831	-0.000316777	
5.34855	-0.00153009	
5.3488	0.00156756	
5.34904	0.0108628	
5.34929	0.0171841	
5.34953	0.0139327	
5.34978	0.00823788	
5.35002	0.00897815	
5.35026	0.0133444	
5.35051	0.0139548	
5.35075	0.00982351	
5.351	0.00273453	
5.35124	-0.00681993	
5.35149	-0.012894	
5.35173	-0.00594069	
5.35198	0.00973405	
5.35222	0.0143214	
5.35247	-0.00014008	
5.35271	-0.014767	
5.35296	-0.0107286	
5.3532	0.00250576	
5.35344	0.00415377	
5.35369	-0.00405823	
5.35393	-0.00365596	
5.35418	0.00731186	
5.35442	0.0112082	
5.35467	0.00128823	
5.35491	-0.00757594	
5.35516	-0.00402075	
5.3554	0.00316958	
5.35565	0.00200486	
5.35589	-0.00427693	
5.35614	-0.00562137	
5.35638	-0.00117545	
5.35662	0.00252164	
5.35687	0.00207487	
5.35711	-0.00128333	
5.35736	-0.00506912	
5.3576	-0.00546842	
5.35785	0.000275334	
5.35809	0.00773034	
5.35834	0.00825271	
5.35858	0.0014314	
5.35883	-0.00304946	
5.35907	0.000136297	
5.35931	0.00402868	
5.35956	0.00111182	
5.3598	-0.00519064	
5.36005	-0.00729462	
5.36029	-0.00454417	
5.36054	-0.000454543	
5.36078	0.00434354	
5.36103	0.00851207	
5.36127	0.00577947	
5.36152	-0.00612915	
5.36176	-0.017048	
5.36201	-0.015176	
5.36225	-0.0036234	
5.36249	0.00394587	
5.36274	0.00234672	
5.36298	-0.00133309	
5.36323	-0.00270611	
5.36347	-0.00651079	
5.36372	-0.0142922	
5.36396	-0.016976	
5.36421	-0.00776237	
5.36445	0.0047362	
5.3647	0.00580093	
5.36494	-0.00553301	
5.36519	-0.0145687	
5.36543	-0.00977745	
5.36567	0.00319727	
5.36592	0.00981549	
5.36616	0.00500025	
5.36641	-0.00196882	
5.36665	-0.00101079	
5.3669	0.00516879	
5.36714	0.00520522	
5.36739	-0.00500347	
5.36763	-0.016305	
5.36788	-0.0180113	
5.36812	-0.0103762	
5.36837	-0.00140132	
5.36861	0.00433728	
5.36885	0.00769077	
5.3691	0.00878674	
5.36934	0.00640133	
5.36959	0.00288898	
5.36983	0.00233496	
5.37008	0.00305566	
5.37032	-0.000810871	
5.37057	-0.0086715	
5.37081	-0.0121378	
5.37106	-0.00747018	
5.3713	-0.00175839	
5.37154	-0.00202388	
5.37179	-0.00541053	
5.37203	-0.00639068	
5.37228	-0.0068022	
5.37252	-0.0103091	
5.37277	-0.0126054	
5.37301	-0.00788041	
5.37326	-0.00183414	
5.3735	-0.00570605	
5.37375	-0.0168847	
5.37399	-0.0186414	
5.37424	-0.00433278	
5.37448	0.00981548	
5.37472	0.00581653	
5.37497	-0.0100038	
5.37521	-0.0149004	
5.37546	-0.00145725	
5.3757	0.0122064	
5.37595	0.0081593	
5.37619	-0.0068575	
5.37644	-0.0123878	
5.37668	-0.00307754	
5.37693	0.00653765	
5.37717	0.00561319	
5.37742	0.00138986	
5.37766	0.00367543	
5.3779	0.0068827	
5.37815	-8.19623e-06	
5.37839	-0.0123778	
5.37864	-0.0145632	
5.37888	-0.00481403	
5.37913	0.000343589	
5.37937	-0.00857063	
5.37962	-0.0187848	
5.37986	-0.0145651	
5.38011	-0.000349217	
5.38035	0.00744617	
5.3806	0.00419387	
5.38084	-0.000462784	
5.38108	8.16134e-06	
5.38133	0.00190123	
5.38157	0.000805801	
5.38182	-0.00241665	
5.38206	-0.00572632	
5.38231	-0.00754014	
5.38255	-0.00468265	
5.3828	0.00304349	
5.38304	0.00739763	
5.38329	0.000137004	
5.38353	-0.0137367	
5.38378	-0.021074	
5.38402	-0.0185794	
5.38426	-0.0146634	
5.38451	-0.0129394	
5.38475	-0.00723928	
5.385	0.00333208	
5.38524	0.00817018	
5.38549	0.00151495	
5.38573	-0.00667262	
5.38598	-0.00580063	
5.38622	-0.000948154	
5.38647	-0.00284411	
5.38671	-0.00923927	
5.38695	-0.00953011	
5.3872	-0.00372054	
5.38744	-0.00263342	
5.38769	-0.00925621	
5.38793	-0.0129329	
5.38818	-0.00580335	
5.38842	0.00550308	
5.38867	0.010306	
5.38891	0.00799863	
5.38916	0.00464652	
5.3894	0.00138052	
5.38965	-0.00482561	
5.38989	-0.0112568	
5.39013	-0.0102423	
5.39038	-0.00177111	
5.39062	0.00333051	
5.39087	-0.00175413	
5.39111	-0.00836763	
5.39136	-0.00389826	
5.3916	0.00901525	
5.39185	0.0148667	
5.39209	0.00671133	
5.39234	-0.00506715	
5.39258	-0.00816459	
5.39283	-0.00283955	
5.39307	0.00362043	
5.39331	0.00740478	
5.39356	0.00643143	
5.3938	-0.00257305	
5.39405	-0.0158771	
5.39429	-0.019637	
5.39454	-0.00648909	
5.39478	0.0105654	
5.39503	0.0131208	
5.39527	0.00170932	
5.39552	-0.0077716	
5.39576	-0.0080774	
5.39601	-0.00591607	
5.39625	-0.00486968	
5.39649	5.17213e-05	
5.39674	0.0081255	
5.39698	0.00904359	
5.39723	-0.000709427	
5.39747	-0.010366	
5.39772	-0.0102985	
5.39796	-0.00430105	
5.39821	-0.00050317	
5.39845	-6.54237e-05	
5.3987	-0.00119969	
5.39894	-0.00527947	
5.39918	-0.0121674	
5.39943	-0.0165456	
5.39967	-0.014335	
5.39992	-0.00707902	
5.40016	0.00234781	
5.40041	0.0111176	
5.40065	0.0130587	
5.4009	0.00416232	
5.40114	-0.00753206	
5.40139	-0.00958901	
5.40163	-0.00405188	
5.40188	-0.00448263	
5.40212	-0.012044	
5.40236	-0.0119658	
5.40261	0.000766243	
5.40285	0.0111526	
5.4031	0.00886885	
5.40334	0.00448371	
5.40359	0.0084181	
5.40383	0.0115642	
5.40408	0.00300496	
5.40432	-0.00831757	
5.40457	-0.00786329	
5.40481	0.00092691	
5.40506	0.00558603	
5.4053	0.00631541	
5.40554	0.0100193	
5.40579	0.0123785	
5.40603	0.00545385	
5.40628	-0.00457378	
5.40652	-0.00629189	
5.40677	-0.00263688	
5.40701	-0.00321544	
5.40726	-0.00508901	
5.4075	-0.000896662	
5.40775	0.00256284	
5.40799	-0.00381369	
5.40824	-0.00931667	
5.40848	0.00115574	
5.40872	0.016079	
5.40897	0.0110387	
5.40921	-0.00926055	
5.40946	-0.0146115	
5.4097	0.00281387	
5.40995	0.0170736	
5.41019	0.0123672	
5.41044	0.00545724	
5.41068	0.0109026	
5.41093	0.015009	
5.41117	0.00372038	
5.41141	-0.0101701	
5.41166	-0.0103777	
5.4119	-0.00563577	
5.41215	-0.0104441	
5.41239	-0.015783	
5.41264	-0.00571117	
5.41288	0.0106332	
5.41313	0.011531	
5.41337	-0.00136896	
5.41362	-0.00684763	
5.41386	0.000379255	
5.41411	0.00432247	
5.41435	-0.00200054	
5.41459	-0.00569623	
5.41484	0.00161713	
5.41508	0.00938828	
5.41533	0.00622108	
5.41557	-0.00313611	
5.41582	-0.00728931	
5.41606	-0.00348883	
5.41631	0.00347804	
5.41655	0.00889268	
5.4168	0.00908229	
5.41704	0.00201477	
5.41729	-0.00862115	
5.41753	-0.0155716	
5.41777	-0.0166985	
5.41802	-0.0160166	
5.41826	-0.0152612	
5.41851	-0.0112474	
5.41875	-0.00314514	
5.419	0.00420059	
5.41924	0.00643251	
5.41949	0.00422302	
5.41973	0.000640102	
5.41998	-0.00157725	
5.42022	-0.000290318	
5.42047	0.00376361	
5.42071	0.00576886	
5.42095	0.00255173	
5.4212	-0.00221881	
5.42144	-0.00328714	
5.42169	-0.000975222	
5.42193	0.00247326	
5.42218	0.00858101	
5.42242	0.0165255	
5.42267	0.0170686	
5.42291	0.00409743	
5.42316	-0.0120258	
5.4234	-0.0160907	
5.42364	-0.0102201	
5.42389	-0.00917315	
5.42413	-0.0149755	
5.42438	-0.0145459	
5.42462	-0.00485726	
5.42487	-0.000426853	
5.42511	-0.00815685	
5.42536	-0.0136199	
5.4256	-0.00430968	
5.42585	0.00969074	
5.42609	0.0128807	
5.42634	0.00842632	
5.42658	0.00814415	
5.42682	0.00938885	
5.42707	0.00144593	
5.42731	-0.0115019	
5.42756	-0.014132	
5.4278	-0.00520124	
5.42805	-0.000270585	
5.42829	-0.00721898	
5.42854	-0.0155043	
5.42878	-0.0144955	
5.42903	-0.0084906	
5.42927	-0.00668495	
5.42952	-0.00875145	
5.42976	-0.00820664	
5.43	-0.00374176	
5.43025	-0.000515923	
5.43049	-0.00282144	
5.43074	-0.00878964	
5.43098	-0.0113967	
5.43123	-0.00565815	
5.43147	0.00318903	
5.43172	0.00299919	
5.43196	-0.00904287	
5.43221	-0.0195454	
5.43245	-0.0163477	
5.4327	-0.00631486	
5.43294	-0.0039583	
5.43318	-0.00795091	
5.43343	-0.00489243	
5.43367	0.00569006	
5.43392	0.00843934	
5.43416	-0.00285944	
5.43441	-0.014624	
5.43465	-0.0139364	
5.4349	-0.00467627	
5.43514	0.00384695	
5.43539	0.0101834	
5.43563	0.0142923	
5.43587	0.01129	
5.43612	0.00174497	
5.43636	-0.0033819	
5.43661	0.00154477	
5.43685	0.00668918	
5.4371	0.00254958	
5.43734	-0.0046752	
5.43759	-0.00484327	
5.43783	-0.000902011	
5.43808	-0.0014832	
5.43832	-0.00504534	
5.43857	-0.0046057	
5.43881	-0.00117302	
5.43905	0.000403913	
5.4393	0.00231557	
5.43954	0.00755683	
5.43979	0.00948925	
5.44003	0.00170741	
5.44028	-0.00734446	
5.44052	-0.00462859	
5.44077	0.00664816	
5.44101	0.0114267	
5.44126	0.00531886	
5.4415	-0.00199558	
5.44175	-0.00419973	
5.44199	-0.00452271	
5.44223	-0.00472725	
5.44248	-0.00171336	
5.44272	0.0037555	
5.44297	0.00662684	
5.44321	0.00641702	
5.44346	0.00636813	
5.4437	0.00526285	
5.44395	0.000832677	
5.44419	-0.00157294	
5.44444	0.0037881	
5.44468	0.010189	
5.44493	0.00694	
5.44517	-0.00179582	
5.44541	-0.00247643	
5.44566	0.00496191	
5.4459	0.00717532	
5.44615	0.000909246	
5.44639	-0.00196925	
5.44664	0.00369674	
5.44688	0.00765886	
5.44713	0.00342963	
5.44737	-0.000635601	
5.44762	0.00243252	
5.44786	0.00545605	
5.4481	-5.36712e-06	
5.44835	-0.00937701	
5.44859	-0.0124674	
5.44884	-0.00670715	
5.44908	0.00295652	
5.44933	0.00965985	
5.44957	0.00748336	
5.44982	-0.00186335	
5.45006	-0.00500195	
5.45031	0.00757537	
5.45055	0.022217	
5.4508	0.0159327	
5.45104	-0.00804856	
5.45128	-0.0194692	
5.45153	-0.0033016	
5.45177	0.0185686	
5.45202	0.0201982	
5.45226	0.00616866	
5.45251	-0.00330441	
5.45275	-0.00457802	
5.453	-0.00715957	
5.45324	-0.0101316	
5.45349	-0.00445552	
5.45373	0.00665688	
5.45398	0.00986368	
5.45422	0.00308252	
5.45446	-0.00180072	
5.45471	0.00175729	
5.45495	0.00645211	
5.4552	0.00392627	
5.45544	-0.00403569	
5.45569	-0.00947755	
5.45593	-0.00745851	
5.45618	-0.000571413	
5.45642	0.00292298	
5.45667	-0.00199427	
5.45691	-0.00900736	
5.45716	-0.00794695	
5.4574	-0.00154734	
5.45764	-0.00338311	
5.45789	-0.0149267	
5.45813	-0.0193065	
5.45838	-0.0073866	
5.45862	0.00470735	
5.45887	-0.00120347	
5.45911	-0.016685	
5.45936	-0.0194464	
5.4596	-0.00683138	
5.45985	0.00326536	
5.46009	0.00154164	
5.46034	-0.00238256	
5.46058	1.04077e-05	
5.46082	0.00349423	
5.46107	0.00150893	
5.46131	-0.00244815	
5.46156	-0.00248035	
5.4618	-2.54747e-05	
5.46205	-4.75506e-05	
5.46229	-0.00358471	
5.46254	-0.0080707	
5.46278	-0.0106196	
5.46303	-0.00875163	
5.46327	-0.00184185	
5.46351	0.00668827	
5.46376	0.0114851	
5.464	0.00995752	
5.46425	0.00352797	
5.46449	-0.00351696	
5.46474	-0.00480284	
5.46498	0.00377697	
5.46523	0.0168136	
5.46547	0.0216726	
5.46572	0.013198	
5.46596	0.0014057	
5.46621	-0.00127076	
5.46645	0.00413936	
5.46669	0.00649191	
5.46694	-2.61034e-05	
5.46718	-0.0105353	
5.46743	-0.0169333	
5.46767	-0.0150587	
5.46792	-0.0067502	
5.46816	0.000755166	
5.46841	0.000377432	
5.46865	-0.00628827	
5.4689	-0.00985175	
5.46914	-0.0052941	
5.46939	0.00220412	
5.46963	0.00640471	
5.46987	0.00763106	
5.47012	0.00731262	
5.47036	0.00353088	
5.47061	-0.0023319	
5.47085	-0.0032843	
5.4711	0.00188361	
5.47134	0.00348531	
5.47159	-0.0046898	
5.47183	-0.0142171	
5.47208	-0.0144916	
5.47232	-0.00854908	
5.47257	-0.00618336	
5.47281	-0.00803949	
5.47305	-0.00784724	
5.4733	-0.00547208	
5.47354	-0.00633707	
5.47379	-0.0105854	
5.47403	-0.0126596	
5.47428	-0.0102641	
5.47452	-0.00643233	
5.47477	-0.00421636	
5.47501	-0.00418376	
5.47526	-0.00440581	
5.4755	-0.00046017	
5.47574	0.00902291	
5.47599	0.0158282	
5.47623	0.0108308	
5.47648	0.000735604	
5.47672	0.00222024	
5.47697	0.015155	
5.47721	0.0190669	
5.47746	0.00496815	
5.4777	-0.0082249	
5.47795	-0.00301244	
5.47819	0.00918756	
5.47844	0.0083798	
5.47868	-0.00206288	
5.47892	-0.00584053	
5.47917	-0.00333147	
5.47941	-0.006105	
5.47966	-0.0109247	
5.4799	-0.00538846	
5.48015	0.00546168	
5.48039	0.00454398	
5.48064	-0.00646964	
5.48088	-0.0077253	
5.48113	0.00501398	
5.48137	0.0120023	
5.48162	0.00155888	
5.48186	-0.0115512	
5.4821	-0.00991804	
5.48235	0.00159634	
5.48259	0.00643265	
5.48284	0.000158112	
5.48308	-0.00690044	
5.48333	-0.00456296	
5.48357	0.00636439	
5.48382	0.0150801	
5.48406	0.0113627	
5.48431	-0.00186507	
5.48455	-0.0101781	
5.4848	-0.0067515	
5.48504	-0.00234715	
5.48528	-0.00773887	
5.48553	-0.015848	
5.48577	-0.0145285	
5.48602	-0.00791695	
5.48626	-0.0079054	
5.48651	-0.0115416	
5.48675	-0.00650078	
5.487	0.00540339	
5.48724	0.0105327	
5.48749	0.00687611	
5.48773	0.00491624	
5.48797	0.00632161	
5.48822	0.00278462	
5.48846	-0.00384499	
5.48871	-0.00209033	
5.48895	0.00631027	
5.4892	0.00576253	
5.48944	-0.00661234	
5.48969	-0.0145328	
5.48993	-0.00857261	
5.49018	0.000793028	
5.49042	0.0027836	
5.49067	0.000617955	
5.49091	-0.000737821	
5.49115	-0.00372879	
5.4914	-0.00789635	
5.49164	-0.00683669	
5.49189	-0.00204004	
5.49213	-0.00333939	
5.49238	-0.0097055	
5.49262	-0.00763584	
5.49287	0.00455308	
5.49311	0.0103639	
5.49336	0.00247947	
5.4936	-0.00324286	
5.49385	0.00588425	
5.49409	0.0170186	
5.49433	0.0119703	
5.49458	-0.00414469	
5.49482	-0.0118454	
5.49507	-0.00571191	
5.49531	0.00262611	
5.49556	0.00472351	
5.4958	0.0041609	
5.49605	0.00628889	
5.49629	0.0094611	
5.49654	0.0081808	
5.49678	0.00104594	
5.49703	-0.00544353	
5.49727	-0.00284447	
5.49751	0.00710358	
5.49776	0.0117785	
5.498	0.00526783	
5.49825	-0.00153406	
5.49849	0.000949012	
5.49874	0.00331203	
5.49898	-0.00535084	
5.49923	-0.0127758	
5.49947	-0.00056218	
5.49972	0.0208344	
5.49996	0.0234484	
5.5002	0.00661238	
5.50045	-0.00172343	
5.50069	0.00812947	
5.50094	0.013877	
5.50118	0.00380167	
5.50143	-0.00226782	
5.50167	0.00923112	
5.50192	0.0203045	
5.50216	0.0156775	
5.50241	0.0117945	
5.50265	0.0252738	
5.5029	0.0393006	
5.50314	0.0316847	
5.50338	0.0142051	
5.50363	0.0114818	
5.50387	0.018317	
5.50412	0.0122907	
5.50436	-0.00388841	
5.50461	-0.0077303	
5.50485	0.00249123	
5.5051	0.0064465	
5.50534	-0.00132162	
5.50559	-0.00473868	
5.50583	0.00216708	
5.50608	0.00584031	
5.50632	-2.95052e-05	
5.50656	-0.00359138	
5.50681	0.00264707	
5.50705	0.00939364	
5.5073	0.00751352	
5.50754	0.000194262	
5.50779	-0.00709775	
5.50803	-0.0135318	
5.50828	-0.01591	
5.50852	-0.00933967	
5.50877	0.0017444	
5.50901	0.00661189	
5.50926	0.00436249	
5.5095	0.00387046	
5.50974	0.00679869	
5.50999	0.00517542	
5.51023	-0.00225959	
5.51048	-0.00597496	
5.51072	-0.00136127	
5.51097	0.00450295	
5.51121	0.00554531	
5.51146	0.00481313	
5.5117	0.00663232	
5.51195	0.0104568	
5.51219	0.0145036	
5.51243	0.016809	
5.51268	0.0130295	
5.51292	0.00258361	
5.51317	-0.00512348	
5.51341	-0.0016693	
5.51366	0.00600927	
5.5139	0.00511768	
5.51415	-0.00215725	
5.51439	-0.00273338	
5.51464	0.00429131	
5.51488	0.00636234	
5.51513	0.000275456	
5.51537	-0.00229627	
5.51561	0.00375879	
5.51586	0.00770889	
5.5161	0.00192111	
5.51635	-0.0058009	
5.51659	-0.00676803	
5.51684	-0.00386897	
5.51708	-0.00107321	
5.51733	0.00542401	
5.51757	0.0153319	
5.51782	0.0168267	
5.51806	0.00390436	
5.51831	-0.00916533	
5.51855	-0.00523587	
5.51879	0.010543	
5.51904	0.0175385	
5.51928	0.00859364	
5.51953	-0.00189514	
5.51977	0.000134244	
5.52002	0.0104108	
5.52026	0.0151502	
5.52051	0.0100416	
5.52075	0.00328058	
5.521	0.00221136	
5.52124	0.00408698	
5.52149	0.00285457	
5.52173	0.000430979	
5.52197	0.00423201	
5.52222	0.0136124	
5.52246	0.0173373	
5.52271	0.00933566	
5.52295	-0.00045284	
5.5232	0.00082499	
5.52344	0.010405	
5.52369	0.0149148	
5.52393	0.011077	
5.52418	0.00950301	
5.52442	0.0172367	
5.52466	0.0279867	
5.52491	0.0333911	
5.52515	0.0345428	
5.5254	0.037026	
5.52564	0.041468	
5.52589	0.0446835	
5.52613	0.045637	
5.52638	0.0454019	
5.52662	0.0439905	
5.52687	0.0409779	
5.52711	0.0377987	
5.52736	0.0372013	
5.5276	0.0405177	
5.52784	0.04506	
5.52809	0.0441278	
5.52833	0.0331613	
5.52858	0.0179331	
5.52882	0.0112898	
5.52907	0.0172415	
5.52931	0.0242981	
5.52956	0.0214479	
5.5298	0.0142256	
5.53005	0.0147142	
5.53029	0.0210709	
5.53054	0.0206384	
5.53078	0.0115183	
5.53102	0.00632946	
5.53127	0.012704	
5.53151	0.0235153	
5.53176	0.0302724	
5.532	0.0338384	
5.53225	0.0367821	
5.53249	0.0366389	
5.53274	0.0333784	
5.53298	0.0335978	
5.53323	0.0400374	
5.53347	0.0453673	
5.53372	0.0434742	
5.53396	0.0388972	
5.5342	0.0376111	
5.53445	0.0364079	
5.53469	0.0305098	
5.53494	0.0250477	
5.53518	0.0280671	
5.53543	0.0356109	
5.53567	0.0347044	
5.53592	0.0211528	
5.53616	0.0054156	
5.53641	-0.00127527	
5.53665	0.000108706	
5.53689	0.000905121	
5.53714	-0.00175772	
5.53738	-0.00106122	
5.53763	0.00905594	
5.53787	0.0227795	
5.53812	0.0265044	
5.53836	0.015249	
5.53861	-8.79048e-05	
5.53885	-0.00619353	
5.5391	-0.00323246	
5.53934	-0.000260342	
5.53959	0.000820897	
5.53983	0.00573647	
5.54007	0.0134047	
5.54032	0.0141149	
5.54056	0.0056605	
5.54081	-0.0005541	
5.54105	0.00396921	
5.5413	0.011909	
5.54154	0.0116659	
5.54179	0.004128	
5.54203	-0.000653129	
5.54228	0.00198918	
5.54252	0.00804631	
5.54277	0.0117888	
5.54301	0.00931947	
5.54325	-0.000221459	
5.5435	-0.0107066	
5.54374	-0.0116918	
5.54399	-0.00194239	
5.54423	0.0057367	
5.54448	0.00138297	
5.54472	-0.00692329	
5.54497	-0.00530363	
5.54521	0.00403016	
5.54546	0.00648622	
5.5457	-0.00189905	
5.54595	-0.0094321	
5.54619	-0.00741758	
5.54643	-0.000183143	
5.54668	0.00631212	
5.54692	0.0126285	
5.54717	0.0176663	
5.54741	0.0150345	
5.54766	0.00511755	
5.5479	-0.000359678	
5.54815	0.00490344	
5.54839	0.0103516	
5.54864	0.00508848	
5.54888	-0.00291369	
5.54913	0.00145671	
5.54937	0.0148891	
5.54961	0.0186135	
5.54986	0.00664002	
5.5501	-0.00553086	
5.55035	-0.00474787	
5.55059	0.00213322	
5.55084	0.00229317	
5.55108	-0.00373119	
5.55133	-0.00724248	
5.55157	-0.00648563	
5.55182	-0.00463058	
5.55206	0.000326348	
5.5523	0.0105044	
5.55255	0.0173466	
5.55279	0.0100826	
5.55304	-0.00608515	
5.55328	-0.0139695	
5.55353	-0.00787931	
5.55377	-2.53589e-05	
5.55402	-0.000530831	
5.55426	-0.00412311	
5.55451	-0.00230645	
5.55475	0.00311349	
5.555	0.00626103	
5.55524	0.00704682	
5.55548	0.00679687	
5.55573	0.00287948	
5.55597	-0.0040363	
5.55622	-0.0058231	
5.55646	0.0010737	
5.55671	0.00755615	
5.55695	0.00528792	
5.5572	-8.71323e-05	
5.55744	0.000311735	
5.55769	0.0033831	
5.55793	0.00222143	
5.55818	0.000921554	
5.55842	0.00586797	
5.55866	0.00974955	
5.55891	0.00248306	
5.55915	-0.00739306	
5.5594	-0.00322916	
5.55964	0.0102897	
5.55989	0.0115616	
5.56013	-0.00235249	
5.56038	-0.00934713	
5.56062	0.00172508	
5.56087	0.0132841	
5.56111	0.00935268	
5.56136	0.000724353	
5.5616	0.00290317	
5.56184	0.00879832	
5.56209	0.00458473	
5.56233	-0.00281876	
5.56258	0.00170737	
5.56282	0.0121138	
5.56307	0.0100983	
5.56331	-0.00186577	
5.56356	-0.00262206	
5.5638	0.0121215	
5.56405	0.0212072	
5.56429	0.0110129	
5.56453	-0.00431827	
5.56478	-0.00553839	
5.56502	0.00533364	
5.56527	0.0128398	
5.56551	0.0104409	
5.56576	0.00373305	
5.566	-0.000730436	
5.56625	-7.92073e-05	
5.56649	0.00605084	
5.56674	0.0137362	
5.56698	0.0157949	
5.56723	0.00986135	
5.56747	0.00153615	
5.56771	-0.00357494	
5.56796	-0.00556167	
5.5682	-0.0055235	
5.56845	-0.00249859	
5.56869	0.00130535	
5.56894	5.01156e-05	
5.56918	-0.00615295	
5.56943	-0.00885993	
5.56967	-0.00387149	
5.56992	0.00173589	
5.57016	0.00159264	
5.57041	0.000711447	
5.57065	0.00575196	
5.57089	0.0122721	
5.57114	0.0123391	
5.57138	0.0088219	
5.57163	0.00985614	
5.57187	0.0129733	
5.57212	0.00850079	
5.57236	-0.00195928	
5.57261	-0.00465993	
5.57285	0.00556381	
5.5731	0.0162773	
5.57334	0.0149934	
5.57359	0.00548497	
5.57383	-0.000663287	
5.57407	-0.000381558	
5.57432	0.00161504	
5.57456	0.00352941	
5.57481	0.00669022	
5.57505	0.00866724	
5.5753	0.00590608	
5.57554	0.00175357	
5.57579	0.00251236	
5.57603	0.00571423	
5.57628	0.0023062	
5.57652	-0.00750633	
5.57676	-0.0111623	
5.57701	-0.00199919	
5.57725	0.00877261	
5.5775	0.00727844	
5.57774	-0.00273918	
5.57799	-0.00638937	
5.57823	-0.000915916	
5.57848	0.00115692	
5.57872	-0.00648352	
5.57897	-0.0130639	
5.57921	-0.00791935	
5.57946	0.0025384	
5.5797	0.00532115	
5.57994	0.000858605	
5.58019	0.000360389	
5.58043	0.00678611	
5.58068	0.0112279	
5.58092	0.00876239	
5.58117	0.00596417	
5.58141	0.00877689	
5.58166	0.0127965	
5.5819	0.0118044	
5.58215	0.00844539	
5.58239	0.00878097	
5.58264	0.011023	
5.58288	0.00819003	
5.58312	0.000427623	
5.58337	-0.00325209	
5.58361	0.00287921	
5.58386	0.0129474	
5.5841	0.0164186	
5.58435	0.0103484	
5.58459	0.00150223	
5.58484	-0.0023671	
5.58508	0.00011396	
5.58533	0.00567126	
5.58557	0.0116293	
5.58582	0.0161869	
5.58606	0.0159037	
5.5863	0.00870753	
5.58655	-3.40072e-05	
5.58679	-0.000801641	
5.58704	0.00746955	
5.58728	0.0138695	
5.58753	0.00962368	
5.58777	0.000497797	
5.58802	-0.00171912	
5.58826	0.00433511	
5.58851	0.0103324	
5.58875	0.0123955	
5.58899	0.0141825	
5.58924	0.0164972	
5.58948	0.0146828	
5.58973	0.00845759	
5.58997	0.00453767	
5.59022	0.00593716	
5.59046	0.00710825	
5.59071	0.00370661	
5.59095	-0.000189917	
5.5912	0.00139181	
5.59144	0.00879657	
5.59169	0.0184272	
5.59193	0.0254853	
5.59217	0.0239031	
5.59242	0.0120956	
5.59266	0.000183853	
5.59291	0.00120164	
5.59315	0.0128545	
5.5934	0.0196365	
5.59364	0.0157457	
5.59389	0.0115336	
5.59413	0.0126237	
5.59438	0.0101702	
5.59462	0.00101158	
5.59487	-0.00105443	
5.59511	0.0114396	
5.59535	0.0222354	
5.5956	0.0158819	
5.59584	0.00453427	
5.59609	0.00789357	
5.59633	0.0191081	
5.59658	0.0173288	
5.59682	0.00565183	
5.59707	0.00615281	
5.59731	0.0194866	
5.59756	0.0214283	
5.5978	0.00435125	
5.59805	-0.00850395	
5.59829	-0.000869549	
5.59853	0.0119856	
5.59878	0.0115589	
5.59902	0.00501435	
5.59927	0.00730996	
5.59951	0.0141117	
5.59976	0.0132685	
5.6	0.00856512	
5.60025	0.0110482	
5.60049	0.0173621	
5.60074	0.016723	
5.60098	0.011276	
5.60122	0.0102998	
5.60147	0.0107352	
5.60171	0.00284387	
5.60196	-0.00911279	
5.6022	-0.0110724	
5.60245	-0.00224455	
5.60269	0.00415455	
5.60294	0.0031376	
5.60318	0.00352389	
5.60343	0.00955996	
5.60367	0.0136371	
5.60392	0.0115017	
5.60416	0.0100838	
5.6044	0.0146195	
5.60465	0.020297	
5.60489	0.022209	
5.60514	0.0224714	
5.60538	0.0220711	
5.60563	0.016901	
5.60587	0.00853241	
5.60612	0.00800298	
5.60636	0.0198068	
5.60661	0.0307929	
5.60685	0.025645	
5.6071	0.00812155	
5.60734	-0.00346732	
5.60758	0.000593814	
5.60783	0.0119774	
5.60807	0.0175086	
5.60832	0.0140078	
5.60856	0.00845214	
5.60881	0.00837682	
5.60905	0.0141763	
5.6093	0.0193149	
5.60954	0.018444	
5.60979	0.0154412	
5.61003	0.0193313	
5.61028	0.0301309	
5.61052	0.0353867	
5.61076	0.0273345	
5.61101	0.0173325	
5.61125	0.0219571	
5.6115	0.0373094	
5.61174	0.0415738	
5.61199	0.0264221	
5.61223	0.0112004	
5.61248	0.016448	
5.61272	0.0351366	
5.61297	0.0442288	
5.61321	0.0375437	
5.61345	0.0303697	
5.6137	0.0334259	
5.61394	0.0396763	
5.61419	0.0405267	
5.61443	0.0395403	
5.61468	0.0427171	
5.61492	0.0476605	
5.61517	0.0513029	
5.61541	0.0582809	
5.61566	0.0720519	
5.6159	0.0859588	
5.61615	0.0926923	
5.61639	0.0955226	
5.61663	0.101169	
5.61688	0.109012	
5.61712	0.116788	
5.61737	0.1287	
5.61761	0.146951	
5.61786	0.163898	
5.6181	0.175602	
5.61835	0.194195	
5.61859	0.230346	
5.61884	0.271015	
5.61908	0.294819	
5.61933	0.305797	
5.61957	0.330047	
5.61981	0.378558	
5.62006	0.436057	
5.6203	0.491931	
5.62055	0.56094	
5.62079	0.663898	
5.62104	0.806055	
5.62128	0.986571	
5.62153	1.21468	
5.62177	1.50226	
5.62202	1.84798	
5.62226	2.23752	
5.62251	2.65027	
5.62275	3.05731	
5.62299	3.42126	
5.62324	3.70752	
5.62348	3.89229	
5.62373	3.95784	
5.62397	3.89101	
5.62422	3.69292	
5.62446	3.38335	
5.62471	2.99327	
5.62495	2.56087	
5.6252	2.13158	
5.62544	1.74366	
5.62569	1.40875	
5.62593	1.12034	
5.62617	0.882103	
5.62642	0.707965	
5.62666	0.591547	
5.62691	0.501727	
5.62715	0.419949	
5.6274	0.357785	
5.62764	0.323504	
5.62789	0.297204	
5.62813	0.259856	
5.62838	0.223375	
5.62862	0.205519	
5.62886	0.194227	
5.62911	0.16691	
5.62935	0.13088	
5.6296	0.112249	
5.62984	0.112885	
5.63009	0.110418	
5.63033	0.0972332	
5.63058	0.0881943	
5.63082	0.0889624	
5.63107	0.0861258	
5.63131	0.0734082	
5.63156	0.0617897	
5.6318	0.0576074	
5.63204	0.0537466	
5.63229	0.0484646	
5.63253	0.0504183	
5.63278	0.0579725	
5.63302	0.0555874	
5.63327	0.0399786	
5.63351	0.0294829	
5.63376	0.0363316	
5.634	0.0477289	
5.63425	0.0468728	
5.63449	0.037195	
5.63474	0.0322183	
5.63498	0.0337751	
5.63522	0.034056	
5.63547	0.0306683	
5.63571	0.0274339	
5.63596	0.0258288	
5.6362	0.0249631	
5.63645	0.0254942	
5.63669	0.0267189	
5.63694	0.0244955	
5.63718	0.0175846	
5.63743	0.0115055	
5.63767	0.0115517	
5.63792	0.0160402	
5.63816	0.019551	
5.6384	0.018907	
5.63865	0.0143611	
5.63889	0.00900661	
5.63914	0.00733379	
5.63938	0.0101375	
5.63963	0.0121886	
5.63987	0.00963188	
5.64012	0.00634556	
5.64036	0.00686217	
5.64061	0.00810103	
5.64085	0.00634587	
5.64109	0.00623045	
5.64134	0.0119137	
5.64158	0.0158389	
5.64183	0.0101747	
5.64207	0.00368465	
5.64232	0.0102745	
5.64256	0.0242884	
5.64281	0.0261905	
5.64305	0.0124441	
5.6433	0.000474354	
5.64354	0.00170614	
5.64379	0.0082533	
5.64403	0.0103452	
5.64427	0.00912781	
5.64452	0.00694046	
5.64476	0.00180837	
5.64501	-0.00240602	
5.64525	0.00351705	
5.6455	0.0171186	
5.64574	0.0231022	
5.64599	0.0155461	
5.64623	0.00611739	
5.64648	0.00410669	
5.64672	0.00445737	
5.64697	0.00271251	
5.64721	0.00489432	
5.64745	0.0130903	
5.6477	0.0170992	
5.64794	0.0111557	
5.64819	0.00466124	
5.64843	0.00566034	
5.64868	0.00766386	
5.64892	0.00422721	
5.64917	0.00276537	
5.64941	0.0105707	
5.64966	0.0188051	
5.6499	0.01445	
5.65015	-0.000200288	
5.65039	-0.0120297	
5.65063	-0.0141452	
5.65088	-0.00914195	
5.65112	-0.00275883	
5.65137	-0.00161218	
5.65161	-0.0085775	
5.65186	-0.0148512	
5.6521	-0.00816943	
5.65235	0.00594179	
5.65259	0.00695947	
5.65284	-0.00857038	
5.65308	-0.0165736	
5.65332	-0.000602136	
5.65357	0.0208417	
5.65381	0.0208648	
5.65406	0.00305137	
5.6543	-0.00826715	
5.65455	-0.00577549	
5.65479	-0.00312083	
5.65504	-0.00657099	
5.65528	-0.00678981	
5.65553	0.000462618	
5.65577	0.00582067	
5.65602	0.00253033	
5.65626	-0.00423011	
5.6565	-0.00825418	
5.65675	-0.0102135	
5.65699	-0.0111583	
5.65724	-0.00841796	
5.65748	-0.00157684	
5.65773	0.0048406	
5.65797	0.00689482	
5.65822	0.00444085	
5.65846	-0.000688732	
5.65871	-0.00516866	
5.65895	-0.0054507	
5.6592	-0.00320022	
5.65944	-0.00493437	
5.65968	-0.0108611	
5.65993	-0.0107602	
5.66017	0.00110518	
5.66042	0.0138216	
5.66066	0.0129743	
5.66091	0.000771027	
5.66115	-0.00832054	
5.6614	-0.00838268	
5.66164	-0.00645802	
5.66189	-0.00763711	
5.66213	-0.00768342	
5.66238	-0.00238533	
5.66262	0.0046607	
5.66286	0.00680936	
5.66311	0.00219993	
5.66335	-0.0046699	
5.6636	-0.00707482	
5.66384	-0.00276084	
5.66409	0.00281124	
5.66433	0.00348185	
5.66458	0.00201751	
5.66482	0.00507705	
5.66507	0.00878798	
5.66531	0.00204256	
5.66555	-0.0120418	
5.6658	-0.0135872	
5.66604	0.00533708	
5.66629	0.0240704	
5.66653	0.0199806	
5.66678	0.000418146	
5.66702	-0.00896208	
5.66727	4.94789e-05	
5.66751	0.0123288	
5.66776	0.0149531	
5.668	0.0103678	
5.66825	0.0045675	
5.66849	-0.00126722	
5.66873	-0.00482386	
5.66898	-0.00178811	
5.66922	0.00550627	
5.66947	0.00862616	
5.66971	0.00476985	
5.66996	-0.000236458	
5.6702	-0.00187265	
5.67045	-0.00217273	
5.67069	-0.00415966	
5.67094	-0.00762923	
5.67118	-0.0107972	
5.67143	-0.0111696	
5.67167	-0.00638076	
5.67191	0.00130338	
5.67216	0.00498646	
5.6724	0.00272955	
5.67265	0.0017987	
5.67289	0.00712552	
5.67314	0.0121809	
5.67338	0.00938791	
5.67363	0.00272085	
5.67387	0.000369471	
5.67412	0.00155877	
5.67436	0.00149299	
5.67461	0.00290976	
5.67485	0.0100499	
5.67509	0.0162556	
5.67534	0.0112889	
5.67558	-0.00168641	
5.67583	-0.0092136	
5.67607	-0.00610057	
5.67632	0.000315985	
5.67656	0.00269047	
5.67681	0.000296733	
5.67705	-0.00442794	
5.6773	-0.00671417	
5.67754	-0.000893175	
5.67778	0.00968382	
5.67803	0.0106127	
5.67827	-0.00422746	
5.67852	-0.0188096	
5.67876	-0.0150267	
5.67901	5.12168e-05	
5.67925	0.00426088	
5.6795	-0.00681732	
5.67974	-0.0160678	
5.67999	-0.0124799	
5.68023	-0.00355985	
5.68048	0.00150064	
5.68072	0.00358692	
5.68096	0.004976	
5.68121	0.00373194	
5.68145	0.000656436	
5.6817	-0.000311138	
5.68194	-0.000466343	
5.68219	-0.00361146	
5.68243	-0.00554384	
5.68268	0.000546192	
5.68292	0.00932355	
5.68317	0.00881063	
5.68341	5.41111e-05	
5.68366	-0.00452037	
5.6839	-0.00213806	
5.68414	-0.00190275	
5.68439	-0.00527308	
5.68463	-0.00277757	
5.68488	0.00694254	
5.68512	0.0130418	
5.68537	0.0116087	
5.68561	0.0111562	
5.68586	0.0142647	
5.6861	0.0117262	
5.68635	0.00103547	
5.68659	-0.00687295	
5.68684	-0.00626393	
5.68708	-0.00490044	
5.68732	-0.00655663	
5.68757	-0.00289619	
5.68781	0.00838005	
5.68806	0.0144687	
5.6883	0.00711361	
5.68855	-0.00382124	
5.68879	-0.00665567	
5.68904	-0.00357062	
5.68928	-0.000649034	
5.68953	0.00286122	
5.68977	0.00564005	
5.69001	-2.55879e-05	
5.69026	-0.0130426	
5.6905	-0.0190713	
5.69075	-0.0120727	
5.69099	-0.00482883	
5.69124	-0.00697693	
5.69148	-0.00965264	
5.69173	-0.0049626	
5.69197	-0.00230702	
5.69222	-0.00882581	
5.69246	-0.0115797	
5.69271	0.00040743	
5.69295	0.0121835	
5.69319	0.00457104	
5.69344	-0.012496	
5.69368	-0.0142135	
5.69393	-0.000729432	
5.69417	0.00402707	
5.69442	-0.00897031	
5.69466	-0.0216266	
5.69491	-0.0179826	
5.69515	-0.00467342	
5.6954	0.00312362	
5.69564	3.21267e-05	
5.69589	-0.0101397	
5.69613	-0.0206596	
5.69637	-0.0238652	
5.69662	-0.0170407	
5.69686	-0.00793113	
5.69711	-0.00585043	
5.69735	-0.00853214	
5.6976	-0.00697612	
5.69784	-0.000403086	
5.69809	0.00419292	
5.69833	0.00418012	
5.69858	0.00198189	
5.69882	-0.00265276	
5.69907	-0.00956257	
5.69931	-0.0117293	
5.69955	-0.00436774	
5.6998	0.0042329	
5.70004	0.00401788	
5.70029	-0.000481465	
5.70053	0.000243142	
5.70078	0.00175765	
5.70102	-0.00535715	
5.70127	-0.0139768	
5.70151	-0.00999859	
5.70176	0.00013951	
5.702	-0.00349695	
5.70225	-0.0195448	
5.70249	-0.0241355	
5.70273	-0.00918824	
5.70298	0.0049113	
5.70322	0.00375353	
5.70347	-0.000511486	
5.70371	0.00363355	
5.70396	0.00476677	
5.7042	-0.00770074	
5.70445	-0.0192645	
5.70469	-0.0127418	
5.70494	0.00163416	
5.70518	0.00307981	
5.70542	-0.0050751	
5.70567	-0.00351535	
5.70591	0.00795516	
5.70616	0.0104039	
5.7064	-0.000783425	
5.70665	-0.008133	
5.70689	-0.00189242	
5.70714	0.00471446	
5.70738	-0.0015925	
5.70763	-0.0133855	
5.70787	-0.0152416	
5.70812	-0.00516324	
5.70836	0.00671188	
5.7086	0.0124915	
5.70885	0.0110523	
5.70909	0.00427429	
5.70934	-0.00379034	
5.70958	-0.00792864	
5.70983	-0.00731245	
5.71007	-0.00683489	
5.71032	-0.00944838	
5.71056	-0.011226	
5.71081	-0.00751435	
5.71105	0.000117811	
5.7113	0.00668322	
5.71154	0.00970381	
5.71178	0.00871983	
5.71203	0.0028683	
5.71227	-0.00620848	
5.71252	-0.0118476	
5.71276	-0.00848897	
5.71301	9.62216e-05	
5.71325	0.00360127	
5.7135	-0.00258081	
5.71374	-0.0115632	
5.71399	-0.0136408	
5.71423	-0.00810115	
5.71448	-0.00269971	
5.71472	-0.0022444	
5.71496	-0.00279159	
5.71521	0.000457393	
5.71545	0.00434352	
5.7157	0.00266337	
5.71594	-0.00271548	
5.71619	-0.0034586	
5.71643	0.00222831	
5.71668	0.00656108	
5.71692	0.00482074	
5.71717	0.00248233	
5.71741	0.00467955	
5.71765	0.00672744	
5.7179	0.00260698	
5.71814	-0.00403084	
5.71839	-0.00619734	
5.71863	-0.004893	
5.71888	-0.00418702	
5.71912	-0.000965277	
5.71937	0.00785719	
5.71961	0.0129038	
5.71986	0.00313783	
5.7201	-0.0127084	
5.72035	-0.0138357	
5.72059	0.000980304	
5.72083	0.00881158	
5.72108	-0.00313195	
5.72132	-0.0178765	
5.72157	-0.0159286	
5.72181	-0.00486569	
5.72206	-0.00374996	
5.7223	-0.0108581	
5.72255	-0.00866699	
5.72279	0.00554239	
5.72304	0.0162016	
5.72328	0.0153339	
5.72353	0.0114737	
5.72377	0.0107834	
5.72401	0.00839604	
5.72426	0.00309206	
5.7245	0.00255552	
5.72475	0.00708123	
5.72499	0.00492392	
5.72524	-0.00695605	
5.72548	-0.0132926	
5.72573	-0.00347566	
5.72597	0.00973521	
5.72622	0.00865084	
5.72646	-0.00338374	
5.72671	-0.0100896	
5.72695	-0.00765953	
5.72719	-0.00515844	
5.72744	-0.00533991	
5.72768	-0.00271156	
5.72793	0.00180502	
5.72817	0.00150139	
5.72842	-0.00115057	
5.72866	0.00305354	
5.72891	0.0112064	
5.72915	0.00904018	
5.7294	-0.00540793	
5.72964	-0.0159151	
5.72988	-0.0128063	
5.73013	-0.00719273	
5.73037	-0.0104211	
5.73062	-0.014793	
5.73086	-0.0091089	
5.73111	-0.00073761	
5.73135	-0.00390594	
5.7316	-0.0136273	
5.73184	-0.0116493	
5.73209	0.00329879	
5.73233	0.0113435	
5.73258	0.0016557	
5.73282	-0.0110041	
5.73306	-0.00893731	
5.73331	0.00333425	
5.73355	0.0089878	
5.7338	0.00469745	
5.73404	0.00207037	
5.73429	0.0070079	
5.73453	0.0119102	
5.73478	0.0101976	
5.73502	0.00668843	
5.73527	0.00788631	
5.73551	0.0102272	
5.73576	0.00601559	
5.736	-0.00303939	
5.73624	-0.00669317	
5.73649	-0.000568707	
5.73673	0.00737492	
5.73698	0.00752377	
5.73722	0.000948078	
5.73747	-0.00332372	
5.73771	-0.000917069	
5.73796	0.00319822	
5.7382	0.00323711	
5.73845	0.00159902	
5.73869	0.0059131	
5.73894	0.0181204	
5.73918	0.0300336	
5.73942	0.0319671	
5.73967	0.0245696	
5.73991	0.0186862	
5.74016	0.0220413	
5.7404	0.0293251	
5.74065	0.0296043	
5.74089	0.0215825	
5.74114	0.0148289	
5.74138	0.014834	
5.74163	0.014979	
5.74187	0.00865706	
5.74211	0.00201478	
5.74236	0.00490238	
5.7426	0.0130849	
5.74285	0.0119374	
5.74309	-0.00118902	
5.74334	-0.0108574	
5.74358	-0.00519288	
5.74383	0.00724605	
5.74407	0.0110559	
5.74432	0.00609987	
5.74456	0.00440077	
5.74481	0.00965974	
5.74505	0.0130996	
5.74529	0.00967088	
5.74554	0.0060348	
5.74578	0.00853931	
5.74603	0.0129502	
5.74627	0.0118907	
5.74652	0.00549447	
5.74676	-0.00130553	
5.74701	-0.00663299	
5.74725	-0.0105367	
5.7475	-0.0102829	
5.74774	-0.00378255	
5.74799	0.0044412	
5.74823	0.00715228	
5.74847	0.00357138	
5.74872	-0.000579949	
5.74896	-0.00156421	
5.74921	-0.00102422	
5.74945	-0.00111925	
5.7497	-0.00148802	
5.74994	-0.00188862	
5.75019	-0.00328703	
5.75043	-0.00503457	
5.75068	-0.00489197	
5.75092	-0.00323877	
5.75117	-0.00367057	
5.75141	-0.00772601	
5.75165	-0.0119936	
5.7519	-0.0119995	
5.75214	-0.00665249	
5.75239	0.00160552	
5.75263	0.00813526	
5.75288	0.00770741	
5.75312	-0.000765891	
5.75337	-0.0102971	
5.75361	-0.011373	
5.75386	-0.00292869	
5.7541	0.00693453	
5.75434	0.0120977	
5.75459	0.0137707	
5.75483	0.0128852	
5.75508	0.0061048	
5.75532	-0.00502208	
5.75557	-0.00959277	
5.75581	-0.00102355	
5.75606	0.0110971	
5.7563	0.0130405	
5.75655	0.0059492	
5.75679	0.00143267	
5.75704	0.00212868	
5.75728	0.000602308	
5.75752	-0.00350124	
5.75777	-0.00101332	
5.75801	0.0088267	
5.75826	0.0132241	
5.7585	0.00559221	
5.75875	-0.00282148	
5.75899	-0.000418779	
5.75924	0.00705402	
5.75948	0.00766696	
5.75973	0.00270804	
5.75997	0.00149543	
5.76022	0.0034291	
5.76046	0.000229511	
5.7607	-0.00678005	
5.76095	-0.0069959	
5.76119	0.000639278	
5.76144	0.00322621	
5.76168	-0.0065086	
5.76193	-0.0172534	
5.76217	-0.0135658	
5.76242	0.00323235	
5.76266	0.0166201	
5.76291	0.0148709	
5.76315	0.00321104	
5.7634	-0.00425457	
5.76364	-0.000690032	
5.76388	0.00748339	
5.76413	0.00960334	
5.76437	0.00305289	
5.76462	-0.00546765	
5.76486	-0.00917387	
5.76511	-0.00727637	
5.76535	-0.00181336	
5.7656	0.00560141	
5.76584	0.0112834	
5.76609	0.00967718	
5.76633	0.00067687	
5.76657	-0.00783999	
5.76682	-0.00954453	
5.76706	-0.00735803	
5.76731	-0.00689846	
5.76755	-0.00727844	
5.7678	-0.00451449	
5.76804	0.000559343	
5.76829	0.00423654	
5.76853	0.00550576	
5.76878	0.00366427	
5.76902	-0.00372913	
5.76927	-0.0132138	
5.76951	-0.0129871	
5.76975	0.00151358	
5.77	0.0161429	
5.77024	0.0147973	
5.77049	0.00228884	
5.77073	-0.00390299	
5.77098	-0.000274897	
5.77122	0.00156932	
5.77147	-0.00140287	
5.77171	0.00119824	
5.77196	0.0111595	
5.7722	0.0144216	
5.77245	0.00403939	
5.77269	-0.00613469	
5.77293	-0.00162827	
5.77318	0.0111558	
5.77342	0.014731	
5.77367	0.00312657	
5.77391	-0.0142979	
5.77416	-0.0244833	
5.7744	-0.0199443	
5.77465	-0.00435959	
5.77489	0.00670978	
5.77514	0.000550904	
5.77538	-0.0137645	
5.77563	-0.0142557	
5.77587	0.00177391	
5.77611	0.0114038	
5.77636	0.000485492	
5.7766	-0.0144737	
5.77685	-0.0131396	
5.77709	-0.00253503	
5.77734	-0.00180345	
5.77758	-0.00943588	
5.77783	-0.00879379	
5.77807	0.00169596	
5.77832	0.00724573	
5.77856	0.00233461	
5.7788	-0.00377022	
5.77905	-0.00606436	
5.77929	-0.00845169	
5.77954	-0.0093213	
5.77978	-0.00222266	
5.78003	0.00726236	
5.78027	0.00476189	
5.78052	-0.00886797	
5.78076	-0.0152386	
5.78101	-0.00582784	
5.78125	0.00571116	
5.7815	0.00594713	
5.78174	-3.15454e-06	
5.78198	-0.00180911	
5.78223	-0.00082995	
5.78247	-0.00240077	
5.78272	-0.00323212	
5.78296	0.00112928	
5.78321	0.00503806	
5.78345	0.0010711	
5.7837	-0.0062621	
5.78394	-0.00605607	
5.78419	0.00327515	
5.78443	0.0127137	
5.78468	0.0146995	
5.78492	0.00970592	
5.78516	0.00295932	
5.78541	-0.000117154	
5.78565	0.00269098	
5.7859	0.00773585	
5.78614	0.0087009	
5.78639	0.00442971	
5.78663	-0.000387074	
5.78688	-0.00337469	
5.78712	-0.00694258	
5.78737	-0.0106591	
5.78761	-0.00919314	
5.78786	-0.00183474	
5.7881	0.00400147	
5.78834	0.00411186	
5.78859	0.00433249	
5.78883	0.00930589	
5.78908	0.0123851	
5.78932	0.00609356	
5.78957	-0.00337907	
5.78981	-0.0034089	
5.79006	0.00582756	
5.7903	0.0104287	
5.79055	0.00199595	
5.79079	-0.0114402	
5.79104	-0.0168227	
5.79128	-0.0116841	
5.79152	-0.00385813	
5.79177	0.000535342	
5.79201	0.00365988	
5.79226	0.010484	
5.7925	0.0200946	
5.79275	0.0253065	
5.79299	0.0211259	
5.79324	0.011025	
5.79348	0.00267147	
5.79373	-0.0004394	
5.79397	0.000290659	
5.79421	0.00401689	
5.79446	0.0107809	
5.7947	0.0163455	
5.79495	0.0135133	
5.79519	0.00191543	
5.79544	-0.00820934	
5.79568	-0.00653464	
5.79593	0.00497736	
5.79617	0.013709	
5.79642	0.0101455	
5.79666	-0.00182626	
5.79691	-0.00898058	
5.79715	-0.0034066	
5.79739	0.00775584	
5.79764	0.0100862	
5.79788	-0.000351456	
5.79813	-0.0122621	
5.79837	-0.0145694	
5.79862	-0.00968347	
5.79886	-0.00582869	
5.79911	-0.003688	
5.79935	-5.21425e-05	
5.7996	0.00161857	
5.79984	-0.0031274	
5.80009	-0.00745427	
5.80033	-0.00124659	
5.80057	0.00984636	
5.80082	0.00932816	
5.80106	-0.00433405	
5.80131	-0.0134247	
5.80155	-0.00781788	
5.8018	2.49289e-05	
5.80204	-0.0040636	
5.80229	-0.0141938	
5.80253	-0.0155869	
5.80278	-0.00710743	
5.80302	0.000259233	
5.80327	0.000735747	
5.80351	-0.00224524	
5.80375	-0.00501919	
5.804	-0.00666831	
5.80424	-0.00622027	
5.80449	-0.00478734	
5.80473	-0.00682523	
5.80498	-0.0124885	
5.80522	-0.0136911	
5.80547	-0.00541659	
5.80571	0.00407435	
5.80596	0.00313742	
5.8062	-0.00669226	
5.80644	-0.0129222	
5.80669	-0.00905915	
5.80693	-0.00141418	
5.80718	0.000777119	
5.80742	-0.00394744	
5.80767	-0.0090903	
5.80791	-0.00768388	
5.80816	-0.000139966	
5.8084	0.0052609	
5.80865	0.00234772	
5.80889	-0.00411355	
5.80914	-0.00544081	
5.80938	-0.00252579	
5.80962	-0.0024191	
5.80987	-0.00290536	
5.81011	0.00501723	
5.81036	0.0170269	
5.8106	0.0151704	
5.81085	-0.0044696	
5.81109	-0.0204559	
5.81134	-0.0145428	
5.81158	0.00259502	
5.81183	0.00863942	
5.81207	0.000716641	
5.81232	-0.00680099	
5.81256	-0.00598082	
5.8128	-0.000122028	
5.81305	0.00765569	
5.81329	0.0140342	
5.81354	0.0100511	
5.81378	-0.00710844	
5.81403	-0.0220163	
5.81427	-0.0177446	
5.81452	-0.000622804	
5.81476	0.00875635	
5.81501	0.00539642	
5.81525	0.00222494	
5.8155	0.00482494	
5.81574	0.00423378	
5.81598	-0.00305422	
5.81623	-0.00700122	
5.81647	-0.0015053	
5.81672	0.00541397	
5.81696	0.00519911	
5.81721	0.000568037	
5.81745	-0.00152455	
5.8177	0.000902177	
5.81794	0.00603903	
5.81819	0.0103577	
5.81843	0.00865084	
5.81867	0.000506842	
5.81892	-0.00477442	
5.81916	0.000330596	
5.81941	0.00829114	
5.81965	0.00685369	
5.8199	-0.00113055	
5.82014	-0.00309212	
5.82039	0.00127688	
5.82063	0.00102097	
5.82088	-0.00434631	
5.82112	-0.00337398	
5.82137	0.00567648	
5.82161	0.011042	
5.82185	0.00851382	
5.8221	0.00713722	
5.82234	0.00979761	
5.82259	0.00788588	
5.82283	0.000863943	
5.82308	0.000662477	
5.82332	0.00900256	
5.82357	0.0110397	
5.82381	0.00115309	
5.82406	-0.00589758	
5.8243	-0.00143935	
5.82455	0.000802745	
5.82479	-0.0096327	
5.82503	-0.0181908	
5.82528	-0.0088779	
5.82552	0.00721218	
5.82577	0.00910836	
5.82601	-0.00105878	
5.82626	-0.00533295	
5.8265	-0.00104622	
5.82675	-0.00096486	
5.82699	-0.00720878	
5.82724	-0.00793968	
5.82748	0.000209365	
5.82773	0.00638473	
5.82797	0.00432472	
5.82821	0.000385261	
5.82846	-0.000299163	
5.8287	-0.00158863	
5.82895	-0.00666091	
5.82919	-0.0116707	
5.82944	-0.012556	
5.82968	-0.00998013	
5.82993	-0.00596613	
5.83017	-0.00234313	
5.83042	-0.00193611	
5.83066	-0.00469838	
5.8309	-0.00482966	
5.83115	0.00118309	
5.83139	0.00704705	
5.83164	0.00529356	
5.83188	-0.000426412	
5.83213	-0.000798746	
5.83237	0.0049156	
5.83262	0.0097601	
5.83286	0.0109679	
5.83311	0.0110936	
5.83335	0.0103332	
5.8336	0.0078598	
5.83384	0.0078889	
5.83408	0.0139669	
5.83433	0.0199673	
5.83457	0.0173434	
5.83482	0.00856208	
5.83506	0.00260959	
5.83531	0.000613468	
5.83555	-0.0021489	
5.8358	-0.00370939	
5.83604	0.00107131	
5.83629	0.00686895	
5.83653	0.0032869	
5.83678	-0.00638763	
5.83702	-0.00756141	
5.83726	0.00293755	
5.83751	0.0119376	
5.83775	0.0106647	
5.838	0.00524271	
5.83824	0.00230738	
5.83849	-0.000723024	
5.83873	-0.004948	
5.83898	-0.0038837	
5.83922	0.00394901	
5.83947	0.00858114	
5.83971	0.00319664	
5.83996	-0.00511457	
5.8402	-0.00690513	
5.84044	-0.0030939	
5.84069	0.000941471	
5.84093	0.00449877	
5.84118	0.00778811	
5.84142	0.00809763	
5.84167	0.00583377	
5.84191	0.00499276	
5.84216	0.00314508	
5.8424	-0.00658973	
5.84265	-0.0182938	
5.84289	-0.0142198	
5.84313	0.00740494	
5.84338	0.0227545	
5.84362	0.0147724	
5.84387	-0.00116352	
5.84411	-0.00218453	
5.84436	0.00655347	
5.8446	0.00471945	
5.84485	-0.00607673	
5.84509	-0.00597473	
5.84534	0.00680587	
5.84558	0.012263	
5.84583	0.00327383	
5.84607	-0.00340464	
5.84631	0.0022821	
5.84656	0.00735358	
5.8468	0.00127123	
5.84705	-0.00447675	
5.84729	0.00278907	
5.84754	0.0141294	
5.84778	0.0134598	
5.84803	0.00203588	
5.84827	-0.00688179	
5.84852	-0.00779938	
5.84876	-0.00380294	
5.84901	0.00306721	
5.84925	0.00928116	
5.84949	0.00665563	
5.84974	-0.0053655	
5.84998	-0.0128964	
5.85023	-0.00591758	
5.85047	0.00556464	
5.85072	0.00718409	
5.85096	0.00246344	
5.85121	0.00371187	
5.85145	0.00952006	
5.8517	0.00926165	
5.85194	0.00341075	
5.85219	0.000732904	
5.85243	0.000420635	
5.85267	-0.00388607	
5.85292	-0.00691321	
5.85316	0.000626731	
5.85341	0.0105718	
5.85365	0.00613042	
5.8539	-0.00883777	
5.85414	-0.0133366	
5.85439	-0.0034839	
5.85463	0.00197655	
5.85488	-0.00508206	
5.85512	-0.00963752	
5.85536	-0.00267777	
5.85561	0.00304407	
5.85585	-0.00121795	
5.8561	-0.00316556	
5.85634	0.00626708	
5.85659	0.0140112	
5.85683	0.00807904	
5.85708	-0.000724625	
5.85732	0.00051738	
5.85757	0.00379335	
5.85781	-0.00131299	
5.85806	-0.00499619	
5.8583	0.00296423	
5.85854	0.00840716	
5.85879	-0.00451601	
5.85903	-0.0207765	
5.85928	-0.0156317	
5.85952	0.00263101	
5.85977	0.00489317	
5.86001	-0.0100534	
5.86026	-0.0146382	
5.8605	-0.000205268	
5.86075	0.0102579	
5.86099	0.00335293	
5.86124	-0.00437817	
5.86148	0.00119303	
5.86172	0.0090337	
5.86197	0.00756392	
5.86221	0.00582071	
5.86246	0.0125891	
5.8627	0.0167505	
5.86295	0.00748533	
5.86319	-0.00438614	
5.86344	-0.00456115	
5.86368	0.000878219	
5.86393	-0.000812139	
5.86417	-0.00500149	
5.86442	-9.46344e-06	
5.86466	0.00895324	
5.8649	0.00746982	
5.86515	-0.00283356	
5.86539	-0.00706965	
5.86564	-0.00187887	
5.86588	0.00155499	
5.86613	-0.00123195	
5.86637	-0.00143765	
5.86662	0.00556528	
5.86686	0.0112428	
5.86711	0.00769904	
5.86735	-0.000448933	
5.8676	-0.00376819	
5.86784	-0.000232807	
5.86808	0.00496156	
5.86833	0.00670817	
5.86857	0.00343024	
5.86882	-0.00323295	
5.86906	-0.00946504	
5.86931	-0.0120576	
5.86955	-0.0112637	
5.8698	-0.00930389	
5.87004	-0.00661523	
5.87029	-0.0022858	
5.87053	0.00210871	
5.87077	0.00255771	
5.87102	-0.00215415	
5.87126	-0.0074271	
5.87151	-0.00724171	
5.87175	-0.00129068	
5.872	0.00437522	
5.87224	0.00497626	
5.87249	0.00302089	
5.87273	0.00348976	
5.87298	0.00502733	
5.87322	0.00216593	
5.87347	-0.00374801	
5.87371	-0.00452661	
5.87395	0.000938512	
5.8742	0.00253426	
5.87444	-0.00483977	
5.87469	-0.0108331	
5.87493	-0.00553951	
5.87518	0.00289059	
5.87542	-0.000142651	
5.87567	-0.0125563	
5.87591	-0.0190664	
5.87616	-0.0145003	
5.8764	-0.00827181	
5.87665	-0.00663055	
5.87689	-0.00564942	
5.87713	-0.00279683	
5.87738	-0.00136812	
5.87762	-0.00166985	
5.87787	-0.000635313	
5.87811	-0.00103448	
5.87836	-0.00781629	
5.8786	-0.0151332	
5.87885	-0.0119822	
5.87909	-0.00156804	
5.87934	0.00134308	
5.87958	-0.00562454	
5.87983	-0.0088171	
5.88007	-0.00248632	
5.88031	0.00229682	
5.88056	-0.00127475	
5.8808	-0.00444946	
5.88105	-0.00102855	
5.88129	0.0012299	
5.88154	-0.00259281	
5.88178	-0.00366748	
5.88203	0.00285541	
5.88227	0.00552807	
5.88252	-0.00422304	
5.88276	-0.0149878	
5.883	-0.0122226	
5.88325	-0.000255683	
5.88349	0.00679991	
5.88374	0.00539243	
5.88398	0.000337522	
5.88423	-0.00684116	
5.88447	-0.0134453	
5.88472	-0.010138	
5.88496	0.00515311	
5.88521	0.0172438	
5.88545	0.012539	
5.8857	-0.000888409	
5.88594	-0.00689731	
5.88618	-0.00555705	
5.88643	-0.00698159	
5.88667	-0.00938687	
5.88692	-0.00306341	
5.88716	0.00818166	
5.88741	0.00962367	
5.88765	-0.000469544	
5.8879	-0.00728771	
5.88814	-0.00239074	
5.88839	0.00495238	
5.88863	0.00366722	
5.88888	-0.00388698	
5.88912	-0.0080395	
5.88936	-0.00499372	
5.88961	0.00112718	
5.88985	0.00483142	
5.8901	0.00452185	
5.89034	0.00286484	
5.89059	0.00264779	
5.89083	0.00264277	
5.89108	0.000199066	
5.89132	-0.00289164	
5.89157	-0.00275472	
5.89181	-0.00107696	
5.89206	-0.00257955	
5.8923	-0.00526254	
5.89254	-0.00338469	
5.89279	1.99529e-05	
5.89303	-0.00314984	
5.89328	-0.0089645	
5.89352	-0.00470605	
5.89377	0.00747702	
5.89401	0.00950026	
5.89426	-0.00318675	
5.8945	-0.0119964	
5.89475	-0.00557992	
5.89499	0.00208283	
5.89523	-0.00154028	
5.89548	-0.00518358	
5.89572	0.00230451	
5.89597	0.00712673	
5.89621	-0.00552264	
5.89646	-0.0209613	
5.8967	-0.0172979	
5.89695	-0.00415155	
5.89719	-0.00731749	
5.89744	-0.0238974	
5.89768	-0.0265191	
5.89793	-0.00934541	
5.89817	0.00358063	
5.89841	-0.0011581	
5.89866	-0.00834518	
5.8989	-0.00393107	
5.89915	0.00429235	
5.89939	0.00588634	
5.89964	0.00465434	
5.89988	0.00511303	
5.90013	0.00135344	
5.90037	-0.00920491	
5.90062	-0.0167338	
5.90086	-0.0140389	
5.90111	-0.00760215	
5.90135	-0.00542532	
5.90159	-0.00618779	
5.90184	-0.00718948	
5.90208	-0.0102711	
5.90233	-0.0131299	
5.90257	-0.00745819	
5.90282	0.0068117	
5.90306	0.0168384	
5.90331	0.0138186	
5.90355	0.00452964	
5.9038	-0.000512352	
5.90404	-0.000693332	
5.90429	-0.000757177	
5.90453	-0.00169581	
5.90477	-0.00270213	
5.90502	-0.00480191	
5.90526	-0.00687627	
5.90551	-0.00421	
5.90575	0.00462279	
5.906	0.0142822	
5.90624	0.0183018	
5.90649	0.0140603	
5.90673	0.00315812	
5.90698	-0.00758779	
5.90722	-0.00873872	
5.90746	0.00040957	
5.90771	0.00721318	
5.90795	0.00189144	
5.9082	-0.00727718	
5.90844	-0.00729188	
5.90869	-0.00229612	
5.90893	-0.00523911	
5.90918	-0.0127434	
5.90942	-0.00963045	
5.90967	0.00227586	
5.90991	0.00361188	
5.91016	-0.00973831	
5.9104	-0.01704	
5.91064	-0.00578551	
5.91089	0.00724677	
5.91113	0.00263562	
5.91138	-0.0114511	
5.91162	-0.0133863	
5.91187	-0.00048587	
5.91211	0.011026	
5.91236	0.0118756	
5.9126	0.00849695	
5.91285	0.00757829	
5.91309	0.00602827	
5.91334	-0.000919659	
5.91358	-0.0103336	
5.91382	-0.0144695	
5.91407	-0.0101606	
5.91431	-0.00292816	
5.91456	-0.000746009	
5.9148	-0.00371583	
5.91505	-0.0037893	
5.91529	0.00236299	
5.91554	0.00637993	
5.91578	0.00118228	
5.91603	-0.00561878	
5.91627	-0.00259351	
5.91652	0.00627052	
5.91676	0.00759425	
5.917	0.00111273	
5.91725	-0.000552148	
5.91749	0.0052703	
5.91774	0.0067572	
5.91798	-0.000505093	
5.91823	-0.00508482	
5.91847	-2.1809e-05	
5.91872	0.00501948	
5.91896	0.0010033	
5.91921	-0.0058563	
5.91945	-0.00701496	
5.91969	-0.00579282	
5.91994	-0.00733834	
5.92018	-0.00645131	
5.92043	0.00195937	
5.92067	0.0101151	
5.92092	0.0081248	
5.92116	-9.92853e-05	
5.92141	-0.00400969	
5.92165	-0.00289686	
5.9219	-0.00287592	
5.92214	-0.003004	
5.92239	0.00245985	
5.92263	0.0107708	
5.92287	0.0119041	
5.92312	0.00279656	
5.92336	-0.00904536	
5.92361	-0.0161479	
5.92385	-0.0174558	
5.9241	-0.0145015	
5.92434	-0.00875197	
5.92459	-0.0034803	
5.92483	-0.00204234	
5.92508	-0.00286482	
5.92532	-0.00061719	
5.92557	0.00630137	
5.92581	0.0126377	
5.92605	0.0121415	
5.9263	0.00493451	
5.92654	-0.00233666	
5.92679	-0.00390994	
5.92703	-0.00146967	
5.92728	-0.00095622	
5.92752	-0.00301328	
5.92777	-0.00184064	
5.92801	0.00373365	
5.92826	0.00507902	
5.9285	-0.00352587	
5.92875	-0.0135431	
5.92899	-0.0136835	
5.92923	-0.00751595	
5.92948	-0.00656884	
5.92972	-0.00940577	
5.92997	-0.00397255	
5.93021	0.00888227	
5.93046	0.0127245	
5.9307	0.00197939	
5.93095	-0.00674793	
5.93119	-0.000251253	
5.93144	0.00970988	
5.93168	0.00514005	
5.93192	-0.00896315	
5.93217	-0.0117399	
5.93241	0.0018587	
5.93266	0.0138435	
5.9329	0.00922612	
5.93315	-0.00451509	
5.93339	-0.00991319	
5.93364	-0.00286601	
5.93388	0.00441356	
5.93413	0.00132138	
5.93437	-0.0072302	
5.93462	-0.00802724	
5.93486	0.00225746	
5.9351	0.0121619	
5.93535	0.0106065	
5.93559	0.000852974	
5.93584	-0.00619748	
5.93608	-0.00735333	
5.93633	-0.00719475	
5.93657	-0.00637158	
5.93682	-0.000989167	
5.93706	0.00673156	
5.93731	0.00878813	
5.93755	0.00454725	
5.9378	0.00261718	
5.93804	0.00603716	
5.93828	0.00639433	
5.93853	-0.00189776	
5.93877	-0.0113647	
5.93902	-0.0125419	
5.93926	-0.00717351	
5.93951	-0.00287824	
5.93975	-0.00149692	
5.94	-0.000487453	
5.94024	-0.000426681	
5.94049	-0.00310116	
5.94073	-0.00591649	
5.94098	-0.00530038	
5.94122	-0.00286673	
5.94146	-0.00232162	
5.94171	-0.00322398	
5.94195	-0.00337994	
5.9422	-0.004039	
5.94244	-0.00649209	
5.94269	-0.00655089	
5.94293	0.000187177	
5.94318	0.00885368	
5.94342	0.0089268	
5.94367	-0.00141672	
5.94391	-0.0113669	
5.94416	-0.0112184	
5.9444	-0.00481738	
5.94464	-0.00300988	
5.94489	-0.00765902	
5.94513	-0.00953013	
5.94538	-0.00315441	
5.94562	0.00368452	
5.94587	0.000931493	
5.94611	-0.00832282	
5.94636	-0.0118903	
5.9466	-0.00628535	
5.94685	-0.000953312	
5.94709	-0.00320533	
5.94733	-0.00806462	
5.94758	-0.00728029	
5.94782	-0.00119832	
5.94807	0.00321598	
5.94831	0.000972588	
5.94856	-0.007467	
5.9488	-0.0160682	
5.94905	-0.0156013	
5.94929	-0.00348816	
5.94954	0.00874531	
5.94978	0.00813287	
5.95003	-5.51466e-06	
5.95027	0.000589357	
5.95051	0.00931359	
5.95076	0.00788625	
5.951	-0.00755901	
5.95125	-0.0167481	
5.95149	-0.00881242	
5.95174	-0.00123297	
5.95198	-0.0079991	
5.95223	-0.0129975	
5.95247	0.00104654	
5.95272	0.0188408	
5.95296	0.0169563	
5.95321	0.00378837	
5.95345	0.00195134	
5.95369	0.00572607	
5.95394	-0.00606004	
5.95418	-0.0247998	
5.95443	-0.0217976	
5.95467	-0.00017429	
5.95492	0.00620372	
5.95516	-0.01041	
5.95541	-0.0188624	
5.95565	-0.0033502	
5.9559	0.0111744	
5.95614	0.00457482	
5.95639	-0.00571326	
5.95663	0.000285488	
5.95687	0.0102657	
5.95712	0.00542518	
5.95736	-0.00593292	
5.95761	-0.006748	
5.95785	-0.00131972	
5.9581	-0.00220021	
5.95834	-0.00553292	
5.95859	-0.00247918	
5.95883	0.00167883	
5.95908	0.00108564	
5.95932	0.00468709	
5.95956	0.0169978	
5.95981	0.0215112	
5.96005	0.00645332	
5.9603	-0.00986156	
5.96054	-0.00460599	
5.96079	0.0130704	
5.96103	0.0171497	
5.96128	0.0046183	
5.96152	-0.00587219	
5.96177	-0.0061197	
5.96201	-0.00371951	
5.96226	-0.0020414	
5.9625	0.00135142	
5.96274	0.00173465	
5.96299	-0.00551145	
5.96323	-0.0106677	
5.96348	-0.00384882	
5.96372	0.00384179	
5.96397	-0.00387957	
5.96421	-0.0185456	
5.96446	-0.018227	
5.9647	-0.00426932	
5.96495	0.000401184	
5.96519	-0.0105528	
5.96544	-0.0172524	
5.96568	-0.0065216	
5.96592	0.00938483	
5.96617	0.0143078	
5.96641	0.00893458	
5.96666	0.00229673	
5.9669	-0.0015225	
5.96715	-0.00139038	
5.96739	0.002885	
5.96764	0.00576347	
5.96788	0.00124495	
5.96813	-0.00467107	
5.96837	5.19577e-06	
5.96862	0.01295	
5.96886	0.0177534	
5.9691	0.00743907	
5.96935	-0.0067186	
5.96959	-0.0135738	
5.96984	-0.0147334	
5.97008	-0.013968	
5.97033	-0.00870273	
5.97057	0.000518712	
5.97082	0.00473124	
5.97106	-0.000549903	
5.97131	-0.00678404	
5.97155	-0.00488355	
5.97179	0.00174192	
5.97204	0.0042261	
5.97228	0.00152836	
5.97253	-0.000937366	
5.97277	-0.00095508	
5.97302	-0.000695104	
5.97326	-0.00120036	
5.97351	-0.00144266	
5.97375	-0.00154162	
5.974	-0.0029228	
5.97424	-0.00556217	
5.97449	-0.00715056	
5.97473	-0.00533083	
5.97497	-0.000918875	
5.97522	0.00133044	
5.97546	-0.00251746	
5.97571	-0.00920706	
5.97595	-0.0102809	
5.9762	-0.00258394	
5.97644	0.00700793	
5.97669	0.00994872	
5.97693	0.00519781	
5.97718	-0.00218081	
5.97742	-0.00674527	
5.97767	-0.00497004	
5.97791	0.00199038	
5.97815	0.00585501	
5.9784	-0.000478811	
5.97864	-0.0100807	
5.97889	-0.00835801	
5.97913	0.00394132	
5.97938	0.00806862	
5.97962	-0.00474114	
5.97987	-0.0179508	
5.98011	-0.014623	
5.98036	-0.00295875	
5.9806	-0.000492556	
5.98085	-0.00541152	
5.98109	-0.003669	
5.98133	0.00466243	
5.98158	0.00821833	
5.98182	0.00735703	
5.98207	0.0113012	
5.98231	0.0158006	
5.98256	0.00817746	
5.9828	-0.00557488	
5.98305	-0.00442633	
5.98329	0.0128137	
5.98354	0.0217651	
5.98378	0.0101478	
5.98402	-0.00321475	
5.98427	-1.15925e-06	
5.98451	0.00923171	
5.98476	0.00593665	
5.985	-0.00519102	
5.98525	-0.00698409	
5.98549	0.000598859	
5.98574	0.00382557	
5.98598	0.000905895	
5.98623	0.00224189	
5.98647	0.0075277	
5.98672	0.00434222	
5.98696	-0.0077107	
5.9872	-0.0114686	
5.98745	0.00115437	
5.98769	0.0134849	
5.98794	0.00737812	
5.98818	-0.00934875	
5.98843	-0.0139564	
5.98867	-0.00161325	
5.98892	0.00916865	
5.98916	0.00454476	
5.98941	-0.00659906	
5.98965	-0.00916188	
5.9899	-0.00409679	
5.99014	-0.00283898	
5.99038	-0.00701068	
5.99063	-0.00750341	
5.99087	-0.00179115	
5.99112	0.00144517	
5.99136	-0.00265824	
5.99161	-0.00709793	
5.99185	-0.00465686	
5.9921	0.00181241	
5.99234	0.00616664	
5.99259	0.00780248	
5.99283	0.00796207	
5.99308	0.00480688	
5.99332	-0.00142295	
5.99356	-0.00526517	
5.99381	-0.00471316	
5.99405	-0.00640628	
5.9943	-0.0150489	
5.99454	-0.0238251	
5.99479	-0.0230103	
5.99503	-0.0128129	
5.99528	-0.000643584	
5.99552	0.00859529	
5.99577	0.0123788	
5.99601	0.0077391	
5.99625	-0.00248871	
5.9965	-0.00703773	
5.99674	2.85986e-05	
5.99699	0.00839898	
5.99723	0.00485963	
5.99748	-0.00755379	
5.99772	-0.0151644	
5.99797	-0.0137712	
5.99821	-0.0104301	
5.99846	-0.00840074	
5.9987	-0.00422607	
5.99895	0.0009051	
5.99919	0.000611285	
5.99943	-0.00411758	
5.99968	-0.0038394	
5.99992	0.00478853	
6.00017	0.0133493	
6.00041	0.0138123	
6.00066	0.00802311	
6.0009	0.002126	
6.00115	-0.00145792	
6.00139	-0.00386284	
6.00164	-0.00678368	
6.00188	-0.010762	
6.00213	-0.0127792	
6.00237	-0.0078558	
6.00261	0.00220908	
6.00286	0.00663304	
6.0031	-0.000194095	
6.00335	-0.00804574	
6.00359	-0.0047558	
6.00384	0.00458756	
6.00408	0.00547176	
6.00433	-0.00306166	
6.00457	-0.00863622	
6.00482	-0.00683214	
6.00506	-0.00542848	
6.00531	-0.00698815	
6.00555	-0.00507187	
6.00579	-0.000897121	
6.00604	-0.0052672	
6.00628	-0.0177825	
6.00653	-0.0223729	
6.00677	-0.0125815	
6.00702	-0.00374962	
6.00726	-0.00796585	
6.00751	-0.0135335	
6.00775	-0.00540617	
6.008	0.00794458	
6.00824	0.00774115	
6.00848	-0.00425101	
6.00873	-0.00921533	
6.00897	-0.00151726	
6.00922	0.00526345	
6.00946	0.0027299	
6.00971	-0.00135745	
6.00995	-0.00038608	
6.0102	0.000407032	
6.01044	-0.00237515	
6.01069	-0.00135229	
6.01093	0.00681563	
6.01118	0.0103115	
6.01142	-0.00116193	
6.01166	-0.0171636	
6.01191	-0.0185547	
6.01215	-0.00490529	
6.0124	0.00477533	
6.01264	-0.000584539	
6.01289	-0.0096287	
6.01313	-0.00676142	
6.01338	0.00578215	
6.01362	0.0128281	
6.01387	0.00722293	
6.01411	-0.00379626	
6.01436	-0.0112728	
6.0146	-0.0143207	
6.01484	-0.0154882	
6.01509	-0.0139011	
6.01533	-0.0079464	
6.01558	-0.000805408	
6.01582	0.00219587	
6.01607	0.000719147	
6.01631	-0.000654383	
6.01656	-9.54561e-05	
6.0168	-0.00173709	
6.01705	-0.00865776	
6.01729	-0.0159332	
6.01754	-0.0155527	
6.01778	-0.00775843	
6.01802	-0.00193983	
6.01827	-0.00416346	
6.01851	-0.00924779	
6.01876	-0.00979755	
6.019	-0.00795786	
6.01925	-0.0104321	
6.01949	-0.0151588	
6.01974	-0.01354	
6.01998	-0.00562814	
6.02023	-0.00103919	
6.02047	-0.00192801	
6.02071	0.00161169	
6.02096	0.0123332	
6.0212	0.015746	
6.02145	0.00142788	
6.02169	-0.0166048	
6.02194	-0.0169217	
6.02218	-0.00142542	
6.02243	0.00832903	
6.02267	0.0026288	
6.02292	-0.00657883	
6.02316	-0.00817147	
6.02341	-0.00651526	
6.02365	-0.00859076	
6.02389	-0.0112986	
6.02414	-0.00927005	
6.02438	-0.00476532	
6.02463	-0.00272886	
6.02487	-0.00344929	
6.02512	-0.0048438	
6.02536	-0.0055486	
6.02561	-0.00353932	
6.02585	0.00125678	
6.0261	0.00279464	
6.02634	-0.00390291	
6.02659	-0.0122984	
6.02683	-0.0119163	
6.02707	-0.00508104	
6.02732	-0.0030519	
6.02756	-0.00662758	
6.02781	-0.00632836	
6.02805	-0.00174612	
6.0283	-0.00217221	
6.02854	-0.006113	
6.02879	-0.00117109	
6.02903	0.0108312	
6.02928	0.0115361	
6.02952	-0.00244014	
6.02977	-0.00929251	
6.03001	0.00353798	
6.03025	0.0175808	
6.0305	0.0132143	
6.03074	0.000471445	
6.03099	-0.000692348	
6.03123	0.00705879	
6.03148	0.00861636	
6.03172	0.00448854	
6.03197	0.00461552	
6.03221	0.00576407	
6.03246	-0.000593879	
6.0327	-0.00715985	
6.03295	-0.00187114	
6.03319	0.00746025	
6.03343	0.00403594	
6.03368	-0.00836133	
6.03392	-0.0114353	
6.03417	-0.0036537	
6.03441	-0.000220335	
6.03466	-0.00432419	
6.0349	-0.00427899	
6.03515	0.000642765	
6.03539	-0.00239235	
6.03564	-0.0134222	
6.03588	-0.0157048	
6.03612	-0.00397565	
6.03637	0.00616996	
6.03661	0.00448442	
6.03686	0.000504833	
6.0371	0.00323189	
6.03735	0.00602598	
6.03759	0.00200634	
6.03784	-0.00256444	
6.03808	-0.00102969	
6.03833	0.00180467	
6.03857	0.000362179	
6.03882	-0.00191762	
6.03906	-0.00219276	
6.0393	-0.00534244	
6.03955	-0.0129547	
6.03979	-0.0166986	
6.04004	-0.0111258	
6.04028	-0.00296453	
6.04053	-0.000157033	
6.04077	-0.00123152	
6.04102	-0.00208457	
6.04126	-0.00361375	
6.04151	-0.00622466	
6.04175	-0.00604045	
6.042	-0.00249868	
6.04224	-0.000985435	
6.04248	-0.00314331	
6.04273	-0.00355458	
6.04297	0.000109421	
6.04322	0.0033841	
6.04346	0.00455068	
6.04371	0.00696504	
6.04395	0.00904496	
6.0442	0.00458941	
6.04444	-0.00329408	
6.04469	-0.00266839	
6.04493	0.00765743	
6.04518	0.0136935	
6.04542	0.00816087	
6.04566	0.00163984	
6.04591	0.00316487	
6.04615	0.00508679	
6.0464	-0.000991182	
6.04664	-0.00706017	
6.04689	-0.0017921	
6.04713	0.00973711	
6.04738	0.0138844	
6.04762	0.00819486	
6.04787	8.33576e-05	
6.04811	-0.0071982	
6.04835	-0.0140284	
6.0486	-0.015728	
6.04884	-0.0078729	
6.04909	0.00326496	
6.04933	0.007408	
6.04958	0.00450873	
6.04982	0.00201622	
6.05007	0.00163587	
6.05031	-0.00027793	
6.05056	-0.00230655	
6.0508	0.000328106	
6.05105	0.00486933	
6.05129	0.00302342	
6.05153	-0.00554905	
6.05178	-0.0114827	
6.05202	-0.00918675	
6.05227	-0.00389188	
6.05251	-0.00258949	
6.05276	-0.00448219	
6.053	-0.00414033	
6.05325	-0.000247497	
6.05349	0.00277563	
6.05374	0.0014471	
6.05398	-0.000974497	
6.05423	0.00179521	
6.05447	0.00864638	
6.05471	0.00886184	
6.05496	-0.00423458	
6.0552	-0.0208824	
6.05545	-0.0249002	
6.05569	-0.014875	
6.05594	-0.00481504	
6.05618	-0.00304574	
6.05643	-0.00293731	
6.05667	0.00177212	
6.05692	0.0058015	
6.05716	0.00370049	
6.05741	0.000291641	
6.05765	0.000406126	
6.05789	-0.00108532	
6.05814	-0.00827902	
6.05838	-0.0130381	
6.05863	-0.00714374	
6.05887	0.00244633	
6.05912	0.0037663	
6.05936	-0.00133427	
6.05961	-0.00249873	
6.05985	0.000455718	
6.0601	-0.000647478	
6.06034	-0.00527306	
6.06058	-0.00488734	
6.06083	0.000154928	
6.06107	0.000138316	
6.06132	-0.00634751	
6.06156	-0.00935991	
6.06181	-0.00529393	
6.06205	-0.00303595	
6.0623	-0.00736625	
6.06254	-0.00985927	
6.06279	-0.00360666	
6.06303	0.00485859	
6.06328	0.00713815	
6.06352	0.00651301	
6.06376	0.0099334	
6.06401	0.014266	
6.06425	0.0115592	
6.0645	0.0032359	
6.06474	-0.0015939	
6.06499	0.000266915	
6.06523	0.0034349	
6.06548	0.00390112	
6.06572	0.00349437	
6.06597	0.00443848	
6.06621	0.00630807	
6.06646	0.00849024	
6.0667	0.00967244	
6.06694	0.00575363	
6.06719	-0.00459155	
6.06743	-0.0129323	
6.06768	-0.00882574	
6.06792	0.00386107	
6.06817	0.00865163	
6.06841	-0.000784538	
6.06866	-0.0100373	
6.0689	-0.00491842	
6.06915	0.00619415	
6.06939	0.00478829	
6.06964	-0.00792411	
6.06988	-0.0110912	
6.07012	0.00361307	
6.07037	0.0172463	
6.07061	0.0103409	
6.07086	-0.00915354	
6.0711	-0.0183854	
6.07135	-0.0113947	
6.07159	-0.00246986	
6.07184	-0.00168191	
6.07208	-0.00402099	
6.07233	-0.00416742	
6.07257	-0.00579539	
6.07281	-0.0100459	
6.07306	-0.00834363	
6.0733	0.00377355	
6.07355	0.015464	
6.07379	0.01403	
6.07404	0.00307801	
6.07428	-0.00335009	
6.07453	-0.000263222	
6.07477	0.00537107	
6.07502	0.00821589	
6.07526	0.00966477	
6.07551	0.0099361	
6.07575	0.00626527	
6.07599	0.00073585	
6.07624	-0.000266269	
6.07648	0.00271435	
6.07673	0.00153693	
6.07697	-0.00473605	
6.07722	-0.00507093	
6.07746	0.00611185	
6.07771	0.0165811	
6.07795	0.0124511	
6.0782	-0.000291813	
6.07844	-0.00398897	
6.07869	0.00438032	
6.07893	0.0100957	
6.07917	0.00461693	
6.07942	-0.00284284	
6.07966	-0.00281699	
6.07991	-0.000316496	
6.08015	-0.00280391	
6.0804	-0.00524098	
6.08064	0.000331184	
6.08089	0.00855737	
6.08113	0.00832397	
6.08138	0.00174473	
6.08162	0.00101499	
6.08187	0.0079295	
6.08211	0.0109093	
6.08235	0.00364035	
6.0826	-0.00647308	
6.08284	-0.0113586	
6.08309	-0.0117693	
6.08333	-0.0101998	
6.08358	-0.00583543	
6.08382	-0.00108381	
6.08407	-0.00195783	
6.08431	-0.00693336	
6.08456	-0.00666725	
6.0848	-0.000280443	
6.08504	0.000839117	
6.08529	-0.00690146	
6.08553	-0.00942967	
6.08578	0.00298652	
6.08602	0.0165834	
6.08627	0.0128798	
6.08651	-0.00256665	
6.08676	-0.0084578	
6.087	0.000250299	
6.08725	0.0078964	
6.08749	0.00510423	
6.08774	0.0013569	
6.08798	0.0061427	
6.08822	0.0133757	
6.08847	0.0124369	
6.08871	0.00370419	
6.08896	-0.00480218	
6.0892	-0.00875574	
6.08945	-0.00903606	
6.08969	-0.00745464	
6.08994	-0.00596804	
6.09018	-0.00596796	
6.09043	-0.00566889	
6.09067	-0.00272827	
6.09092	-0.000196324	
6.09116	-0.00303844	
6.0914	-0.0077053	
6.09165	-0.00433267	
6.09189	0.00706279	
6.09214	0.0123175	
6.09238	0.00204091	
6.09263	-0.0130771	
6.09287	-0.0152763	
6.09312	-0.00318288	
6.09336	0.00813411	
6.09361	0.00891022	
6.09385	0.00571251	
6.0941	0.0083662	
6.09434	0.0152599	
6.09458	0.0180722	
6.09483	0.0151826	
6.09507	0.0117757	
6.09532	0.0086661	
6.09556	0.000845995	
6.09581	-0.0105151	
6.09605	-0.0143402	
6.0963	-0.00516549	
6.09654	0.00490318	
6.09679	0.000670485	
6.09703	-0.0134311	
6.09727	-0.018181	
6.09752	-0.00730732	
6.09776	0.00379531	
6.09801	0.00169773	
6.09825	-0.00643192	
6.0985	-0.00671042	
6.09874	0.000267043	
6.09899	0.00390891	
6.09923	0.00139502	
6.09948	-0.00166918	
6.09972	-0.00321312	
6.09997	-0.00491565	
6.10021	-0.00385471	
6.10045	0.00374836	
6.1007	0.0121774	
6.10094	0.0116022	
6.10119	0.00360097	
6.10143	6.64124e-06	
6.10168	0.00528245	
6.10192	0.0107078	
6.10217	0.00839278	
6.10241	0.00154476	
6.10266	-0.00268297	
6.1029	-0.00290024	
6.10315	-0.00225282	
6.10339	-0.00289962	
6.10363	-0.00458857	
6.10388	-0.00532698	
6.10412	-0.00299182	
6.10437	0.000655695	
6.10461	-0.00028195	
6.10486	-0.00748095	
6.1051	-0.0130983	
6.10535	-0.00929483	
6.10559	0.000214268	
6.10584	0.00572096	
6.10608	0.00513764	
6.10633	0.00314481	
6.10657	0.000385409	
6.10681	-0.00522596	
6.10706	-0.00867975	
6.1073	-0.0026619	
6.10755	0.00742979	
6.10779	0.00709345	
6.10804	-0.00529456	
6.10828	-0.0132711	
6.10853	-0.00513919	
6.10877	0.00940098	
6.10902	0.0136264	
6.10926	0.00604792	
6.10951	-0.00117449	
6.10975	-0.000565004	
6.10999	0.00344694	
6.11024	0.00412241	
6.11048	0.00176982	
6.11073	0.00188532	
6.11097	0.00727188	
6.11122	0.0138264	
6.11146	0.0144651	
6.11171	0.00719199	
6.11195	-0.00244181	
6.1122	-0.00808381	
6.11244	-0.00917054	
6.11268	-0.00877685	
6.11293	-0.00850816	
6.11317	-0.00871036	
6.11342	-0.00970501	
6.11366	-0.00898798	
6.11391	-0.00217071	
6.11415	0.00852021	
6.1144	0.0127509	
6.11464	0.00569657	
6.11489	-0.00306257	
6.11513	-0.0024638	
6.11538	0.00437646	
6.11562	0.00720847	
6.11586	0.00537456	
6.11611	0.00556473	
6.11635	0.00733148	
6.1166	0.00415458	
6.11684	-0.00296461	
6.11709	-0.00564506	
6.11733	-0.00145036	
6.11758	0.00374106	
6.11782	0.0056227	
6.11807	0.00402652	
6.11831	-0.00136473	
6.11856	-0.0075409	
6.1188	-0.00544461	
6.11904	0.00669157	
6.11929	0.0135532	
6.11953	0.0022909	
6.11978	-0.0140994	
6.12002	-0.0128903	
6.12027	0.00268218	
6.12051	0.0074637	
6.12076	-0.00531461	
6.121	-0.013458	
6.12125	-0.00213855	
6.12149	0.0136456	
6.12174	0.0148899	
6.12198	0.00647283	
6.12222	0.0045073	
6.12247	0.0111647	
6.12271	0.0168637	
6.12296	0.0164527	
6.1232	0.0107826	
6.12345	0.0012279	
6.12369	-0.0074544	
6.12394	-0.00757157	
6.12418	5.48014e-05	
6.12443	0.00384709	
6.12467	-0.00288667	
6.12491	-0.0134697	
6.12516	-0.0197067	
6.1254	-0.0208533	
6.12565	-0.0165917	
6.12589	-0.0047275	
6.12614	0.00885629	
6.12638	0.0124818	
6.12663	0.00675724	
6.12687	0.00500352	
6.12712	0.010089	
6.12736	0.00893959	
6.12761	-0.00234255	
6.12785	-0.00804772	
6.12809	0.00139808	
6.12834	0.0130139	
6.12858	0.0138411	
6.12883	0.0105488	
6.12907	0.0116123	
6.12932	0.00966393	
6.12956	-0.00075208	
6.12981	-0.00690794	
6.13005	0.000392085	
6.1303	0.00678615	
6.13054	-0.00153139	
6.13079	-0.0107832	
6.13103	-0.00219689	
6.13127	0.0134712	
6.13152	0.0127378	
6.13176	-0.000748479	
6.13201	-0.00383604	
6.13225	0.00591758	
6.1325	0.0092351	
6.13274	0.00152748	
6.13299	-0.000961751	
6.13323	0.00679492	
6.13348	0.00959986	
6.13372	0.000348138	
6.13397	-0.00849932	
6.13421	-0.00830616	
6.13445	-0.00578281	
6.1347	-0.004762	
6.13494	0.00085381	
6.13519	0.00878996	
6.13543	0.00581129	
6.13568	-0.0075901	
6.13592	-0.0121848	
6.13617	-0.000907895	
6.13641	0.00699809	
6.13666	-0.00261879	
6.1369	-0.0134947	
6.13714	-0.0045039	
6.13739	0.0147818	
6.13763	0.017094	
6.13788	-0.00142315	
6.13812	-0.015813	
6.13837	-0.00863174	
6.13861	0.00695122	
6.13886	0.00745031	
6.1391	-0.00922482	
6.13935	-0.0226767	
6.13959	-0.0173644	
6.13984	-0.00141662	
6.14008	0.00588243	
6.14032	-0.000592214	
6.14057	-0.0081447	
6.14081	-0.00695361	
6.14106	-0.00236898	
6.1413	-0.00168767	
6.14155	-0.00114362	
6.14179	0.00393659	
6.14204	0.00695939	
6.14228	0.00179728	
6.14253	-0.00241915	
6.14277	0.00503413	
6.14302	0.0147818	
6.14326	0.00873711	
6.1435	-0.0101199	
6.14375	-0.0199319	
6.14399	-0.0123364	
6.14424	-0.00245653	
6.14448	-0.00340686	
6.14473	-0.00993029	
6.14497	-0.0126737	
6.14522	-0.0111966	
6.14546	-0.00685697	
6.14571	0.000854479	
6.14595	0.00538361	
6.1462	-0.00242251	
6.14644	-0.015163	
6.14668	-0.0129945	
6.14693	0.00519592	
6.14717	0.0147319	
6.14742	0.000955227	
6.14766	-0.0173337	
6.14791	-0.0160944	
6.14815	-0.00105787	
6.1484	0.00453524	
6.14864	-0.00488566	
6.14889	-0.0143015	
6.14913	-0.0132519	
6.14937	-0.00572244	
6.14962	0.00135794	
6.14986	0.00444975	
6.15011	0.00103961	
6.15035	-0.00663868	
6.1506	-0.00888341	
6.15084	-0.000514485	
6.15109	0.00881328	
6.15133	0.00709856	
6.15158	-0.00226777	
6.15182	-0.00654626	
6.15207	-0.00244836	
6.15231	0.00270738	
6.15255	0.00399058	
6.1528	0.00143151	
6.15304	-0.0056968	
6.15329	-0.0153364	
6.15353	-0.018214	
6.15378	-0.00936183	
6.15402	0.000729984	
6.15427	-0.000381901	
6.15451	-0.00744677	
6.15476	-0.00623176	
6.155	0.0025117	
6.15525	0.00489204	
6.15549	-0.00237772	
6.15573	-0.00831075	
6.15598	-0.00835664	
6.15622	-0.0102897	
6.15647	-0.0160704	
6.15671	-0.0161217	
6.15696	-0.00806377	
6.1572	-0.00401468	
6.15745	-0.0100491	
6.15769	-0.0137047	
6.15794	-0.00372649	
6.15818	0.0102396	
6.15843	0.0113783	
6.15867	0.000474343	
6.15891	-0.00705209	
6.15916	-0.00391537	
6.1594	0.00238851	
6.15965	0.00401836	
6.15989	0.00232017	
6.16014	0.00144734	
6.16038	0.000850096	
6.16063	-0.00244871	
6.16087	-0.0079382	
6.16112	-0.0107115	
6.16136	-0.00664237	
6.1616	0.00110893	
6.16185	0.00274343	
6.16209	-0.00669795	
6.16234	-0.017825	
6.16258	-0.0162298	
6.16283	-0.00212765	
6.16307	0.00838985	
6.16332	0.00512357	
6.16356	-0.00301345	
6.16381	-0.00294366	
6.16405	0.00375003	
6.1643	0.00652447	
6.16454	0.0033291	
6.16478	0.000771978	
6.16503	0.000800536	
6.16527	-0.000776019	
6.16552	-0.00345183	
6.16576	-0.00105275	
6.16601	0.00681014	
6.16625	0.0117582	
6.1665	0.00802152	
6.16674	-0.000470701	
6.16699	-0.00695969	
6.16723	-0.00936834	
6.16748	-0.00850541	
6.16772	-0.00504042	
6.16796	-0.0014455	
6.16821	-0.0015349	
6.16845	-0.00458664	
6.1687	-0.00448149	
6.16894	0.00188307	
6.16919	0.00947069	
6.16943	0.0121322	
6.16968	0.0111262	
6.16992	0.012138	
6.17017	0.01608	
6.17041	0.0176478	
6.17066	0.0129242	
6.1709	0.00477674	
6.17114	-0.000695951	
6.17139	-0.00137878	
6.17163	-0.000961107	
6.17188	-0.00316263	
6.17212	-0.00562698	
6.17237	-0.00230608	
6.17261	0.00740838	
6.17286	0.0152273	
6.1731	0.0126112	
6.17335	0.00096369	
6.17359	-0.00998937	
6.17383	-0.012704	
6.17408	-0.00776662	
6.17432	-0.000976355	
6.17457	0.00198279	
6.17481	-0.000895283	
6.17506	-0.00642075	
6.1753	-0.00915455	
6.17555	-0.00799348	
6.17579	-0.00713006	
6.17604	-0.0081435	
6.17628	-0.00631422	
6.17653	0.000473999	
6.17677	0.005432	
6.17701	0.00324196	
6.17726	0.00078668	
6.1775	0.0067296	
6.17775	0.0150885	
6.17799	0.0127127	
6.17824	0.000914744	
6.17848	-0.0056227	
6.17873	-0.00181569	
6.17897	0.00217738	
6.17922	0.000829473	
6.17946	0.00122755	
6.17971	0.00561695	
6.17995	0.00427098	
6.18019	-0.0049287	
6.18044	-0.00788599	
6.18068	0.00188891	
6.18093	0.00815463	
6.18117	-0.0025177	
6.18142	-0.0155892	
6.18166	-0.0100509	
6.18191	0.00685604	
6.18215	0.0107216	
6.1824	-0.00117931	
6.18264	-0.00793948	
6.18289	-0.000451682	
6.18313	0.00663176	
6.18337	0.00218627	
6.18362	-0.00496917	
6.18386	-0.00455284	
6.18411	-0.000724996	
6.18435	-0.000376333	
6.1846	-0.000976943	
6.18484	0.000842044	
6.18509	0.00150732	
6.18533	-0.000640478	
6.18558	-0.000390428	
6.18582	0.0034902	
6.18606	0.00400747	
6.18631	-0.000969544	
6.18655	-0.00322504	
6.1868	0.00158144	
6.18704	0.00632022	
6.18729	0.00602067	
6.18753	0.00655681	
6.18778	0.0117586	
6.18802	0.0143948	
6.18827	0.00911943	
6.18851	0.00248349	
6.18876	0.000534317	
6.189	-0.00164764	
6.18924	-0.00788059	
6.18949	-0.0107199	
6.18973	-0.00497449	
6.18998	0.000533653	
6.19022	-0.00251404	
6.19047	-0.00721275	
6.19071	-0.00510768	
6.19096	-0.00283865	
6.1912	-0.00896393	
6.19145	-0.0150235	
6.19169	-0.00851478	
6.19194	0.00370677	
6.19218	0.00505088	
6.19242	-0.00391073	
6.19267	-0.00862473	
6.19291	-0.00605598	
6.19316	-0.00555548	
6.1934	-0.00700721	
6.19365	-0.000961579	
6.19389	0.00913342	
6.19414	0.00807487	
6.19438	-0.00432121	
6.19463	-0.0101277	
6.19487	-0.0026595	
6.19512	0.00325419	
6.19536	-0.00167503	
6.1956	-0.00603797	
6.19585	-0.000998831	
6.19609	0.00257477	
6.19634	-0.00451292	
6.19658	-0.0101787	
6.19683	-0.00148368	
6.19707	0.0105661	
6.19732	0.00752258	
6.19756	-0.00603652	
6.19781	-0.0102014	
6.19805	-0.00133993	
6.1983	0.00528453	
6.19854	0.00187281	
6.19878	-0.00283029	
6.19903	-0.00171057	
6.19927	0.000565124	
6.19952	-0.00155601	
6.19976	-0.00695532	
6.20001	-0.0132871	
6.20025	-0.0183414	
6.2005	-0.0159417	
6.20074	-0.00318739	
6.20099	0.00856589	
6.20123	0.00452708	
6.20147	-0.0108719	
6.20172	-0.0178965	
6.20196	-0.0104149	
6.20221	-0.00340437	
6.20245	-0.00651003	
6.2027	-0.00919091	
6.20294	-0.00216634	
6.20319	0.00464484	
6.20343	0.000401411	
6.20368	-0.0057868	
6.20392	-0.000586559	
6.20417	0.00869205	
6.20441	0.00586391	
6.20465	-0.00498074	
6.2049	-0.00490705	
6.20514	0.00760248	
6.20539	0.0128654	
6.20563	0.00152428	
6.20588	-0.011436	
6.20612	-0.0113484	
6.20637	-0.00390918	
6.20661	-0.000528872	
6.20686	0.000219129	
6.2071	0.00378374	
6.20735	0.00508201	
6.20759	-0.00271086	
6.20783	-0.0132274	
6.20808	-0.0145837	
6.20832	-0.00653505	
6.20857	0.00197903	
6.20881	0.00739595	
6.20906	0.0117611	
6.2093	0.0128078	
6.20955	0.00656706	
6.20979	-0.00228759	
6.21004	-0.00463711	
6.21028	-0.000505483	
6.21053	0.00233886	
6.21077	0.00215703	
6.21101	0.00410936	
6.21126	0.00773557	
6.2115	0.00611467	
6.21175	-0.000303189	
6.21199	-0.00103076	
6.21224	0.0086848	
6.21248	0.019263	
6.21273	0.0195462	
6.21297	0.0105058	
6.21322	0.000842506	
6.21346	-0.00463384	
6.2137	-0.00659806	
6.21395	-0.00599636	
6.21419	-0.00284097	
6.21444	0.00182124	
6.21468	0.0059165	
6.21493	0.00731802	
6.21517	0.00487364	
6.21542	0.000881792	
6.21566	0.000804974	
6.21591	0.00627451	
6.21615	0.0106932	
6.2164	0.00756089	
6.21664	0.000462982	
6.21688	-0.00275694	
6.21713	-0.0029159	
6.21737	-0.00668442	
6.21762	-0.0125051	
6.21786	-0.0111921	
6.21811	-0.00152351	
6.21835	0.00661894	
6.2186	0.00727921	
6.21884	0.00535606	
6.21909	0.00545315	
6.21933	0.00529136	
6.21958	0.00419003	
6.21982	0.00648364	
6.22006	0.0115287	
6.22031	0.0115107	
6.22055	0.00448194	
6.2208	-0.00161089	
6.22104	-0.00267098	
6.22129	-0.00354083	
6.22153	-0.00427468	
6.22178	0.00316228	
6.22202	0.0164663	
6.22227	0.0184173	
6.22251	0.00310296	
6.22276	-0.00990905	
6.223	-0.00384004	
6.22324	0.00827435	
6.22349	0.00517341	
6.22373	-0.00715872	
6.22398	-0.00673335	
6.22422	0.00576406	
6.22447	0.00789034	
6.22471	-0.00566817	
6.22496	-0.0133881	
6.2252	-0.0027136	
6.22545	0.00940443	
6.22569	0.0042037	
6.22593	-0.0101757	
6.22618	-0.0134053	
6.22642	-0.00323897	
6.22667	0.00533312	
6.22691	0.00394436	
6.22716	-0.00111374	
6.2274	-0.00244877	
6.22765	-0.000980819	
6.22789	-0.00026771	
6.22814	0.000514085	
6.22838	0.00411592	
6.22863	0.00887218	
6.22887	0.00859766	
6.22911	0.000422877	
6.22936	-0.00889799	
6.2296	-0.00916679	
6.22985	-0.000464201	
6.23009	0.00564046	
6.23034	0.00249465	
6.23058	-0.00192943	
6.23083	0.000696546	
6.23107	0.00356766	
6.23132	-0.00399958	
6.23156	-0.0161035	
6.23181	-0.0172881	
6.23205	-0.00771592	
6.23229	-0.00336933	
6.23254	-0.0095179	
6.23278	-0.0127337	
6.23303	-0.00523405	
6.23327	0.00116661	
6.23352	-0.00401617	
6.23376	-0.0111356	
6.23401	-0.00680809	
6.23425	0.00327824	
6.2345	0.00450452	
6.23474	-0.00200975	
6.23499	-0.00251977	
6.23523	0.00549038	
6.23547	0.00981952	
6.23572	0.00414112	
6.23596	-0.00337613	
6.23621	-0.00515562	
6.23645	-0.00453997	
6.2367	-0.00595938	
6.23694	-0.00619161	
6.23719	-0.00242871	
6.23743	0.000127643	
6.23768	-0.00294274	
6.23792	-0.00573593	
6.23816	-0.000815282	
6.23841	0.00673748	
6.23865	0.00470546	
6.2389	-0.00748109	
6.23914	-0.015767	
6.23939	-0.0103432	
6.23963	0.00103881	
6.23988	0.00434979	
6.24012	-0.00229439	
6.24037	-0.00879613	
6.24061	-0.00804467	
6.24086	-0.00247554	
6.2411	0.00321064	
6.24134	0.00742537	
6.24159	0.00847882	
6.24183	0.00394385	
6.24208	-0.00335616	
6.24232	-0.00543354	
6.24257	0.000298437	
6.24281	0.00617836	
6.24306	0.00492901	
6.2433	-0.000172293	
6.24355	-0.00178896	
6.24379	-0.000415742	
6.24404	-0.00215724	
6.24428	-0.00750161	
6.24452	-0.0103318	
6.24477	-0.00742426	
6.24501	-0.00203959	
6.24526	0.00195125	
6.2455	0.00345952	
6.24575	0.00181291	
6.24599	-0.00280092	
6.24624	-0.00603949	
6.24648	-0.0028367	
6.24673	0.00422041	
6.24697	0.00559772	
6.24722	-0.00337132	
6.24746	-0.0154882	
6.2477	-0.0195616	
6.24795	-0.0128059	
6.24819	-0.00277049	
6.24844	0.00189503	
6.24868	0.000566732	
6.24893	-0.000125806	
6.24917	0.00408012	
6.24942	0.00829516	
6.24966	0.00469387	
6.24991	-0.00507163	
6.25015	-0.00944636	
6.25039	-0.00144092	
6.25064	0.0118556	
6.25088	0.0182868	
6.25113	0.0145383	
6.25137	0.00641964	
6.25162	-0.000288556	
6.25186	-0.00367608	
6.25211	-0.00389241	
6.25235	-0.0029552	
6.2526	-0.0036948	
6.25284	-0.00503035	
6.25309	-0.0026263	
6.25333	0.0019839	
6.25357	-0.000186684	
6.25382	-0.0119034	
6.25406	-0.0219777	
6.25431	-0.0197998	
6.25455	-0.010618	
6.2548	-0.00600541	
6.25504	-0.00582016	
6.25529	-0.00244837	
6.25553	0.0023172	
6.25578	2.22156e-06	
6.25602	-0.00702052	
6.25627	-0.00662144	
6.25651	0.00315465	
6.25675	0.00982377	
6.257	0.00557589	
6.25724	-0.00207842	
6.25749	-0.00336004	
6.25773	0.000797235	
6.25798	0.00363912	
6.25822	0.00202526	
6.25847	-0.00266935	
6.25871	-0.00617151	
6.25896	-0.00268316	
6.2592	0.00793548	
6.25945	0.0152872	
6.25969	0.0102138	
6.25993	-0.000281065	
6.26018	-0.00174878	
6.26042	0.00549453	
6.26067	0.0074303	
6.26091	1.89343e-06	
6.26116	-0.00476293	
6.2614	0.000236551	
6.26165	0.0064817	
6.26189	0.00621957	
6.26214	0.00426076	
6.26238	0.00587364	
6.26262	0.00681715	
6.26287	0.00356474	
6.26311	0.000717444	
6.26336	0.000475862	
6.2636	-0.0026604	
6.26385	-0.00923959	
6.26409	-0.0102933	
6.26434	-0.00329041	
6.26458	0.00149218	
6.26483	-0.00109456	
6.26507	-0.00235991	
6.26532	0.00121396	
6.26556	-0.00192497	
6.2658	-0.015657	
6.26605	-0.0215915	
6.26629	-0.00584107	
6.26654	0.0149134	
6.26678	0.0159049	
6.26703	0.00123866	
6.26727	-0.00509489	
6.26752	0.00289988	
6.26776	0.00890288	
6.26801	0.00425569	
6.26825	-0.00172254	
6.2685	-0.00212311	
6.26874	-0.00202326	
6.26898	-0.00463342	
6.26923	-0.00555577	
6.26947	-0.00392642	
6.26972	-0.00414771	
6.26996	-0.0050476	
6.27021	-0.0019514	
6.27045	0.00067837	
6.2707	-0.0052031	
6.27094	-0.0135412	
6.27119	-0.0105344	
6.27143	0.000432836	
6.27168	0.000770394	
6.27192	-0.0123908	
6.27216	-0.0187197	
6.27241	-0.00623595	
6.27265	0.00990654	
6.2729	0.0117686	
6.27314	0.0039414	
6.27339	0.000614163	
6.27363	0.00238735	
6.27388	0.00159934	
6.27412	-0.000918424	
6.27437	-0.000285838	
6.27461	0.000126123	
6.27486	-0.00400205	
6.2751	-0.00585771	
6.27534	0.00212047	
6.27559	0.0119945	
6.27583	0.010238	
6.27608	-0.000429787	
6.27632	-0.00521043	
6.27657	-0.000847465	
6.27681	0.00155006	
6.27706	-0.00240657	
6.2773	-0.00344483	
6.27755	0.0030062	
6.27779	0.00699599	
6.27803	0.000546759	
6.27828	-0.00822475	
6.27852	-0.00751487	
6.27877	0.000227424	
6.27901	0.00360999	
6.27926	0.000279218	
6.2795	-0.00145735	
6.27975	0.00276872	
6.27999	0.00727264	
6.28024	0.00613912	
6.28048	0.00122865	
6.28073	-0.00257747	
6.28097	-0.00428129	
6.28121	-0.00507749	
6.28146	-0.00386706	
6.2817	0.000988582	
6.28195	0.00714936	
6.28219	0.00955319	
6.28244	0.00630587	
6.28268	0.00110819	
6.28293	-0.000678754	
6.28317	0.00232081	
6.28342	0.00564917	
6.28366	0.00331933	
6.28391	-0.00447598	
6.28415	-0.00916558	
6.28439	-0.00343549	
6.28464	0.00724082	
6.28488	0.00947085	
6.28513	0.000726152	
6.28537	-0.00525159	
6.28562	0.00168847	
6.28586	0.0114211	
6.28611	0.00808195	
6.28635	-0.00487906	
6.2866	-0.00960138	
6.28684	-0.0018781	
6.28709	0.00341192	
6.28733	-0.00176642	
6.28757	-0.00546447	
6.28782	0.00259028	
6.28806	0.0125087	
6.28831	0.010716	
6.28855	0.00203431	
6.2888	-0.000394248	
6.28904	0.00237952	
6.28929	-0.000136513	
6.28953	-0.00711645	
6.28978	-0.00844326	
6.29002	-0.00405784	
6.29026	-0.00325392	
6.29051	-0.00567995	
6.29075	-0.00117733	
6.291	0.00982373	
6.29124	0.0135567	
6.29149	0.00480601	
6.29173	-0.00489349	
6.29198	-0.00668725	
6.29222	-0.00632513	
6.29247	-0.00942069	
6.29271	-0.0101748	
6.29296	-0.00452027	
6.2932	-0.000614322	
6.29344	-0.00462553	
6.29369	-0.00807065	
6.29393	-0.00224582	
6.29418	0.005016	
6.29442	0.00136648	
6.29467	-0.00921301	
6.29491	-0.0125794	
6.29516	-0.00605771	
6.2954	0.000737844	
6.29565	0.002817	
6.29589	0.00298894	
6.29614	0.000940638	
6.29638	-0.00547297	
6.29662	-0.0089871	
6.29687	0.0006879	
6.29711	0.0171816	
6.29736	0.0202812	
6.2976	0.00380607	
6.29785	-0.01391	
6.29809	-0.0151138	
6.29834	-0.00505283	
6.29858	0.00076171	
6.29883	0.00010386	
6.29907	0.00127424	
6.29932	0.00448426	
6.29956	0.0017439	
6.2998	-0.00661591	
6.30005	-0.00983265	
6.30029	-0.00350789	
6.30054	0.00319311	
6.30078	0.00161433	
6.30103	-0.00419648	
6.30127	-0.00517459	
6.30152	-0.000403616	
6.30176	0.003678	
6.30201	0.00265986	
6.30225	-0.00305183	
6.30249	-0.0111555	
6.30274	-0.017514	
6.30298	-0.0166177	
6.30323	-0.00823214	
6.30347	-0.000842541	
6.30372	-0.00153356	
6.30396	-0.00484694	
6.30421	-0.000366003	
6.30445	0.00981504	
6.3047	0.0121184	
6.30494	0.0020508	
6.30519	-0.00788732	
6.30543	-0.00675084	
6.30567	-0.000882346	
6.30592	-0.0018111	
6.30616	-0.00734018	
6.30641	-0.00707695	
6.30665	-0.00123553	
6.3069	0.000218277	
6.30714	-0.00474871	
6.30739	-0.00755172	
6.30763	-0.00489453	
6.30788	-0.00353951	
6.30812	-0.00589621	
6.30837	-0.00438623	
6.30861	0.00370547	
6.30885	0.00816595	
6.3091	0.00134539	
6.30934	-0.00849296	
6.30959	-0.00934248	
6.30983	-0.00277036	
6.31008	0.00167201	
6.31032	0.00251145	
6.31057	0.00485465	
6.31081	0.00748747	
6.31106	0.00420766	
6.3113	-0.00366467	
6.31155	-0.00779601	
6.31179	-0.00593905	
6.31203	-0.00423117	
6.31228	-0.00572019	
6.31252	-0.00620113	
6.31277	-0.0029934	
6.31301	0.000689755	
6.31326	0.00196616	
6.3135	0.00152851	
6.31375	-0.000188964	
6.31399	-0.00274544	
6.31424	-0.00166131	
6.31448	0.00667712	
6.31472	0.0159305	
6.31497	0.0156003	
6.31521	0.00693418	
6.31546	0.00192772	
6.3157	0.00425221	
6.31595	0.00395854	
6.31619	-0.0038604	
6.31644	-0.0087014	
6.31668	-0.00180586	
6.31693	0.00823259	
6.31717	0.00893207	
6.31742	0.00380197	
6.31766	0.00496663	
6.3179	0.0117973	
6.31815	0.0117662	
6.31839	0.000932047	
6.31864	-0.0099888	
6.31888	-0.0113539	
6.31913	-0.00534839	
6.31937	0.00135794	
6.31962	0.00625705	
6.31986	0.00875274	
6.32011	0.00677901	
6.32035	0.000223107	
6.3206	-0.00658262	
6.32084	-0.00919172	
6.32108	-0.00775387	
6.32133	-0.00615775	
6.32157	-0.00791412	
6.32182	-0.012462	
6.32206	-0.0146262	
6.32231	-0.0102282	
6.32255	-0.00297273	
6.3228	-0.000617982	
6.32304	-0.00247094	
6.32329	0.000960145	
6.32353	0.0111756	
6.32378	0.0150441	
6.32402	0.00443667	
6.32426	-0.00773423	
6.32451	-0.0050245	
6.32475	0.0070353	
6.325	0.0103546	
6.32524	0.00378865	
6.32549	0.00245059	
6.32573	0.00866453	
6.32598	0.00679295	
6.32622	-0.0078105	
6.32647	-0.0171725	
6.32671	-0.00876105	
6.32695	0.004047	
6.3272	0.00356247	
6.32744	-0.00582221	
6.32769	-0.00863956	
6.32793	-0.00331738	
6.32818	0.000770566	
6.32842	0.00189887	
6.32867	0.00470162	
6.32891	0.00686904	
6.32916	0.00364494	
6.3294	0.000795732	
6.32965	0.00688492	
6.32989	0.0157337	
6.33013	0.0129724	
6.33038	-0.000943689	
6.33062	-0.0101541	
6.33087	-0.00678002	
6.33111	4.40246e-05	
6.33136	0.00128055	
6.3316	-3.96573e-06	
6.33185	0.00144868	
6.33209	0.00326893	
6.33234	0.00192961	
6.33258	-5.64656e-05	
6.33283	0.000377708	
6.33307	0.00124142	
6.33331	0.000641307	
6.33356	0.00143244	
6.3338	0.00566664	
6.33405	0.00942694	
6.33429	0.00797808	
6.33454	0.002417	
6.33478	-0.00247915	
6.33503	-0.00393664	
6.33527	-0.00203665	
6.33552	0.00189348	
6.33576	0.00524377	
6.33601	0.00517016	
6.33625	0.00182623	
6.33649	-0.00157436	
6.33674	-0.0030683	
6.33698	-0.00385576	
6.33723	-0.00482733	
6.33747	-0.00406467	
6.33772	8.36202e-05	
6.33796	0.00504117	
6.33821	0.00565556	
6.33845	0.000290068	
6.3387	-0.00622697	
6.33894	-0.00785722	
6.33918	-0.00528215	
6.33943	-0.00467979	
6.33967	-0.00690094	
6.33992	-0.00426594	
6.34016	0.00583311	
6.34041	0.0112481	
6.34065	0.000917854	
6.3409	-0.0141018	
6.34114	-0.0120782	
6.34139	0.00669605	
6.34163	0.0177864	
6.34188	0.00870006	
6.34212	-0.00305116	
6.34236	0.000764955	
6.34261	0.0109357	
6.34285	0.00888682	
6.3431	-0.00255869	
6.34334	-0.00702232	
6.34359	-0.00245845	
6.34383	2.58779e-05	
6.34408	-0.00174264	
6.34432	-0.000832432	
6.34457	0.0015684	
6.34481	-0.00159529	
6.34506	-0.00725248	
6.3453	-0.00716334	
6.34554	-0.004953	
6.34579	-0.00896505	
6.34603	-0.012585	
6.34628	-0.00332525	
6.34652	0.0117425	
6.34677	0.0134704	
6.34701	0.00249588	
6.34726	-0.00169325	
6.3475	0.00519676	
6.34775	0.00630581	
6.34799	-0.00334709	
6.34824	-0.00616719	
6.34848	0.0056696	
6.34872	0.0141063	
6.34897	0.00603878	
6.34921	-0.00364286	
6.34946	0.00239543	
6.3497	0.0155027	
6.34995	0.0177036	
6.35019	0.0104225	
6.35044	0.00641933	
6.35068	0.00583865	
6.35093	0.000687041	
6.35117	-0.00594822	
6.35142	-0.00468036	
6.35166	0.00190409	
6.3519	0.0031017	
6.35215	-0.00141229	
6.35239	-0.00231688	
6.35264	0.00218363	
6.35288	0.00372217	
6.35313	-0.00144052	
6.35337	-0.00602446	
6.35362	-0.00258919	
6.35386	0.005747	
6.35411	0.00835096	
6.35435	-0.000133974	
6.35459	-0.0107896	
6.35484	-0.00831544	
6.35508	0.00803983	
6.35533	0.0184603	
6.35557	0.00774562	
6.35582	-0.0107194	
6.35606	-0.0124007	
6.35631	0.00226153	
6.35655	0.0105639	
6.3568	0.00465309	
6.35704	0.000463762	
6.35729	0.00594646	
6.35753	0.00761716	
6.35777	-0.00170657	
6.35802	-0.00790248	
6.35826	-0.00156626	
6.35851	0.00517143	
6.35875	0.00283784	
6.359	0.00185827	
6.35924	0.00878059	
6.35949	0.00966541	
6.35973	-0.00253982	
6.35998	-0.00822878	
6.36022	0.00675433	
6.36047	0.0217146	
6.36071	0.0125686	
6.36095	-0.00651021	
6.3612	-0.00535773	
6.36144	0.0127578	
6.36169	0.018667	
6.36193	0.00567764	
6.36218	-0.00417421	
6.36242	0.000608619	
6.36267	0.00745124	
6.36291	0.00657456	
6.36316	0.00312949	
6.3634	-0.000225676	
6.36365	-0.00774858	
6.36389	-0.0147642	
6.36413	-0.0102791	
6.36438	0.00207371	
6.36462	0.00718693	
6.36487	0.00403947	
6.36511	0.0062962	
6.36536	0.0157844	
6.3656	0.0181897	
6.36585	0.00892806	
6.36609	0.00126998	
6.36634	0.00308112	
6.36658	0.00574476	
6.36682	0.00271779	
6.36707	0.000574782	
6.36731	0.0043104	
6.36756	0.00785149	
6.3678	0.00625873	
6.36805	0.00362442	
6.36829	0.00331974	
6.36854	0.00260478	
6.36878	0.000460238	
6.36903	-0.000875429	
6.36927	-0.00334855	
6.36952	-0.009739	
6.36976	-0.0134972	
6.37	-0.00606468	
6.37025	0.00665855	
6.37049	0.0104478	
6.37074	0.00424931	
6.37098	-0.000677302	
6.37123	-0.00140339	
6.37147	-0.00484414	
6.37172	-0.00959288	
6.37196	-0.00641449	
6.37221	0.00218221	
6.37245	0.00341334	
6.3727	-0.00250505	
6.37294	-0.00170099	
6.37318	0.00728562	
6.37343	0.00885857	
6.37367	-0.00217215	
6.37392	-0.010327	
6.37416	-0.00533665	
6.37441	0.00210383	
6.37465	0.00119747	
6.3749	-0.000788465	
6.37514	0.00603961	
6.37539	0.015562	
6.37563	0.0157466	
6.37588	0.00682029	
6.37612	-0.00149071	
6.37636	-0.00308159	
6.37661	0.00132704	
6.37685	0.00688467	
6.3771	0.00686626	
6.37734	2.22156e-05	
6.37759	-0.00425242	
6.37783	0.00161542	
6.37808	0.00847959	
6.37832	0.00261798	
6.37857	-0.0101085	
6.37881	-0.0110946	
6.37905	0.00108216	
6.3793	0.00925387	
6.37954	0.00751907	
6.37979	0.00846654	
6.38003	0.0159064	
6.38028	0.0157127	
6.38052	0.00295096	
6.38077	-0.00608419	
6.38101	-0.000910164	
6.38126	0.00634967	
6.3815	0.00449932	
6.38175	0.00194036	
6.38199	0.0064871	
6.38223	0.00716907	
6.38248	-0.00550088	
6.38272	-0.0187562	
6.38297	-0.0168767	
6.38321	-0.00700728	
6.38346	-0.00572378	
6.3837	-0.0111773	
6.38395	-0.00857303	
6.38419	0.00420275	
6.38444	0.0147112	
6.38468	0.0153438	
6.38493	0.0100426	
6.38517	0.00501625	
6.38541	0.00375708	
6.38566	0.00751324	
6.3859	0.0127337	
6.38615	0.0131444	
6.38639	0.00951102	
6.38664	0.00917015	
6.38688	0.0119171	
6.38713	0.00839898	
6.38737	-0.00210641	
6.38762	-0.00690426	
6.38786	-0.000624863	
6.38811	0.00450036	
6.38835	-0.00100327	
6.38859	-0.00827415	
6.38884	-0.00634965	
6.38908	0.000384431	
6.38933	0.00338355	
6.38957	0.00487706	
6.38982	0.00861717	
6.39006	0.0087104	
6.39031	0.00114975	
6.39055	-0.00549908	
6.3908	-0.00366275	
6.39104	0.000944337	
6.39128	0.00231848	
6.39153	0.00573761	
6.39177	0.0138854	
6.39202	0.0164335	
6.39226	0.00787762	
6.39251	0.000614077	
6.39275	0.00464522	
6.393	0.00984223	
6.39324	0.0054493	
6.39349	0.000588782	
6.39373	0.00522818	
6.39398	0.00737677	
6.39422	-0.00626251	
6.39446	-0.0211763	
6.39471	-0.0146311	
6.39495	0.00550746	
6.3952	0.0113196	
6.39544	-0.000958299	
6.39569	-0.00731148	
6.39593	0.00349008	
6.39618	0.0143856	
6.39642	0.0101367	
6.39667	-0.00162758	
6.39691	-0.00738131	
6.39716	-0.00595702	
6.3974	-0.00176686	
6.39764	0.00422322	
6.39789	0.0095292	
6.39813	0.00918315	
6.39838	0.00498224	
6.39862	0.00418487	
6.39887	0.00605418	
6.39911	0.00209007	
6.39936	-0.0077793	
6.3996	-0.0124455	
6.39985	-0.0069661	
6.40009	-0.000271755	
6.40034	-0.00068435	
6.40058	-0.00457008	
6.40082	-0.00472812	
6.40107	-0.000862232	
6.40131	0.00374573	
6.40156	0.00855563	
6.4018	0.0133633	
6.40205	0.0146986	
6.40229	0.0095382	
6.40254	0.000630946	
6.40278	-0.00450759	
6.40303	-0.000547004	
6.40327	0.00837318	
6.40351	0.00967796	
6.40376	-0.00374417	
6.404	-0.0208846	
6.40425	-0.0229009	
6.40449	-0.00811223	
6.40474	0.00460495	
6.40498	0.00186504	
6.40523	-0.00783603	
6.40547	-0.0110012	
6.40572	-0.00814445	
6.40596	-0.00521589	
6.40621	-0.000202643	
6.40645	0.00773743	
6.40669	0.00858492	
6.40694	-0.00278455	
6.40718	-0.0123834	
6.40743	-0.00652246	
6.40767	0.00429636	
6.40792	0.000536612	
6.40816	-0.0147719	
6.40841	-0.020248	
6.40865	-0.00774075	
6.4089	0.00958768	
6.40914	0.0180543	
6.40939	0.0150378	
6.40963	0.00316994	
6.40987	-0.0101703	
6.41012	-0.0117837	
6.41036	0.00172104	
6.41061	0.0124057	
6.41085	0.00343328	
6.4111	-0.0134685	
6.41134	-0.0144122	
6.41159	-0.00106332	
6.41183	0.00369918	
6.41208	-0.00501635	
6.41232	-0.00791232	
6.41257	0.00279908	
6.41281	0.0101942	
6.41305	0.00345301	
6.4133	-0.00396438	
6.41354	0.000911947	
6.41379	0.00924391	
6.41403	0.00749416	
6.41428	-0.00153193	
6.41452	-0.00790463	
6.41477	-0.0104475	
6.41501	-0.0115899	
6.41526	-0.00907122	
6.4155	-0.00335486	
6.41574	-0.00172604	
6.41599	-0.00566893	
6.41623	-0.00563962	
6.41648	0.00288141	
6.41672	0.00968949	
6.41697	0.00524643	
6.41721	-0.00496258	
6.41746	-0.0103296	
6.4177	-0.00963933	
6.41795	-0.00750207	
6.41819	-0.0054909	
6.41844	-0.00445234	
6.41868	-0.00706409	
6.41892	-0.0114863	
6.41917	-0.0107595	
6.41941	-0.00376288	
6.41966	0.00211643	
6.4199	0.0032127	
6.42015	0.00393014	
6.42039	0.00510876	
6.42064	0.000839526	
6.42088	-0.00750971	
6.42113	-0.00778063	
6.42137	0.00416461	
6.42162	0.0144501	
6.42186	0.0098106	
6.4221	-0.00376608	
6.42235	-0.0106643	
6.42259	-0.00579	
6.42284	0.00342462	
6.42308	0.00837484	
6.42333	0.00594284	
6.42357	-0.000152111	
6.42382	-0.000952579	
6.42406	0.00748008	
6.42431	0.0145181	
6.42455	0.00685174	
6.4248	-0.00951693	
6.42504	-0.0144982	
6.42528	-0.00381581	
6.42553	0.00457774	
6.42577	-0.000174242	
6.42602	-0.00627091	
6.42626	-0.00295023	
6.42651	0.000841256	
6.42675	-0.00410722	
6.427	-0.00816915	
6.42724	-0.00123057	
6.42749	0.00621209	
6.42773	0.000624082	
6.42797	-0.0093656	
6.42822	-0.00712685	
6.42846	0.00319911	
6.42871	0.00460504	
6.42895	-0.00387982	
6.4292	-0.00860813	
6.42944	-0.00603342	
6.42969	-0.00400923	
6.42993	-0.00263227	
6.43018	0.00390447	
6.43042	0.00917274	
6.43067	0.00129651	
6.43091	-0.0128122	
6.43115	-0.0134528	
6.4314	-6.21936e-05	
6.43164	0.00639161	
6.43189	-0.00283193	
6.43213	-0.0115918	
6.43238	-0.00729402	
6.43262	0.000730069	
6.43287	0.00183299	
6.43311	0.00213158	
6.43336	0.00855064	
6.4336	0.0130033	
6.43385	0.00767407	
6.43409	0.000637113	
6.43433	0.000585266	
6.43458	0.000256833	
6.43482	-0.00785675	
6.43507	-0.0127721	
6.43531	-0.00234157	
6.43556	0.0113227	
6.4358	0.00714975	
6.43605	-0.0100397	
6.43629	-0.0148676	
6.43654	-0.00108526	
6.43678	0.00921707	
6.43703	0.00154901	
6.43727	-0.00952071	
6.43751	-0.0064026	
6.43776	0.00403433	
6.438	0.00563192	
6.43825	0.000920279	
6.43849	0.0036572	
6.43874	0.0113611	
6.43898	0.00720084	
6.43923	-0.0104869	
6.43947	-0.0204825	
6.43972	-0.00775543	
6.43996	0.0141604	
6.44021	0.0207143	
6.44045	0.00758041	
6.44069	-0.00730382	
6.44094	-0.00891358	
6.44118	-0.000615952	
6.44143	0.0062435	
6.44167	0.00797633	
6.44192	0.00837597	
6.44216	0.00892171	
6.44241	0.00650421	
6.44265	0.000152309	
6.4429	-0.00547123	
6.44314	-0.00525046	
6.44338	0.000220909	
6.44363	0.00559812	
6.44387	0.00702131	
6.44412	0.00619541	
6.44436	0.00808827	
6.44461	0.0143771	
6.44485	0.0192735	
6.4451	0.0140024	
6.44534	-0.00214151	
6.44559	-0.0169604	
6.44583	-0.0164311	
6.44608	-0.00131206	
6.44632	0.0125443	
6.44656	0.0128894	
6.44681	0.0044979	
6.44705	-0.000594078	
6.4473	-0.000288433	
6.44754	-0.00154339	
6.44779	-0.00585518	
6.44803	-0.00660441	
6.44828	-0.0017935	
6.44852	0.00106185	
6.44877	-0.00307089	
6.44901	-0.00854116	
6.44926	-0.00843373	
6.4495	-0.00503536	
6.44974	-0.00426782	
6.44999	-0.0054249	
6.45023	-0.00389256	
6.45048	-0.000183822	
6.45072	0.00105397	
6.45097	-0.00120804	
6.45121	-0.00358454	
6.45146	-0.00345699	
6.4517	-0.00053088	
6.45195	0.00402057	
6.45219	0.00638258	
6.45244	0.0026614	
6.45268	-0.00337638	
6.45292	-0.00172063	
6.45317	0.0088045	
6.45341	0.0147665	
6.45366	0.00620502	
6.4539	-0.00717304	
6.45415	-0.00944712	
6.45439	-0.0018104	
6.45464	0.00155172	
6.45488	-0.00333364	
6.45513	-0.00679271	
6.45537	-0.00394305	
6.45561	-0.000616488	
6.45586	0.000443093	
6.4561	0.00398255	
6.45635	0.0097678	
6.45659	0.0100918	
6.45684	0.00399845	
6.45708	0.000579122	
6.45733	0.00342192	
6.45757	0.00491655	
6.45782	0.00114156	
6.45806	-0.00101846	
6.45831	0.00203889	
6.45855	0.00270668	
6.45879	-0.00391367	
6.45904	-0.010529	
6.45928	-0.0104356	
6.45953	-0.00820283	
6.45977	-0.00897199	
6.46002	-0.00853428	
6.46026	-0.00347244	
6.46051	6.80279e-05	
6.46075	-0.00206702	
6.461	-0.00271411	
6.46124	0.00310145	
6.46149	0.00609645	
6.46173	-0.00256312	
6.46197	-0.0136123	
6.46222	-0.0115514	
6.46246	0.00197242	
6.46271	0.0111114	
6.46295	0.0084541	
6.4632	0.00168029	
6.46344	-0.000390657	
6.46369	0.00279784	
6.46393	0.00708744	
6.46418	0.00807871	
6.46442	0.00358111	
6.46467	-0.00259668	
6.46491	-0.00326524	
6.46515	0.00117254	
6.4654	0.00181696	
6.46564	-0.00306121	
6.46589	-0.00226153	
6.46613	0.00919317	
6.46638	0.0170367	
6.46662	0.00770463	
6.46687	-0.00843338	
6.46711	-0.0103905	
6.46736	0.00323076	
6.4676	0.0144737	
6.46784	0.0129221	
6.46809	0.00557947	
6.46833	0.00107208	
6.46858	-0.000261647	
6.46882	0.000624142	
6.46907	0.00495885	
6.46931	0.0105056	
6.46956	0.0124621	
6.4698	0.0104691	
6.47005	0.00680127	
6.47029	0.000645999	
6.47054	-0.00683857	
6.47078	-0.00752412	
6.47102	0.00171707	
6.47127	0.00826967	
6.47151	6.7376e-05	
6.47176	-0.0128932	
6.472	-0.0113201	
6.47225	0.00254849	
6.47249	0.00766977	
6.47274	-0.00194615	
6.47298	-0.00832328	
6.47323	0.000181677	
6.47347	0.0109695	
6.47372	0.00980231	
6.47396	0.0032859	
6.4742	0.00500898	
6.47445	0.0124537	
6.47469	0.0128418	
6.47494	0.00416613	
6.47518	-0.00347547	
6.47543	-0.00374585	
6.47567	-7.84045e-05	
6.47592	0.00250509	
6.47616	0.00279853	
6.47641	0.000811534	
6.47665	-0.00358253	
6.4769	-0.00816468	
6.47714	-0.00846971	
6.47738	-0.00250251	
6.47763	0.00517039	
6.47787	0.00586916	
6.47812	-0.00368349	
6.47836	-0.0141278	
6.47861	-0.0114501	
6.47885	0.00457378	
6.4791	0.0166147	
6.47934	0.010902	
6.47959	-0.00443089	
6.47983	-0.0110821	
6.48007	-0.00474472	
6.48032	0.00391692	
6.48056	0.00791931	
6.48081	0.00948657	
6.48105	0.00859781	
6.4813	0.00129426	
6.48154	-0.00853617	
6.48179	-0.00984444	
6.48203	-0.00120441	
6.48228	0.00553563	
6.48252	0.00331184	
6.48277	-0.000420417	
6.48301	0.00165872	
6.48325	0.00394137	
6.4835	-0.00112293	
6.48374	-0.00821374	
6.48399	-0.00614492	
6.48423	0.0049881	
6.48448	0.0134853	
6.48472	0.0113857	
6.48497	0.0026052	
6.48521	-0.00434626	
6.48546	-0.00619865	
6.4857	-0.0056713	
6.48595	-0.00526464	
6.48619	-0.00310876	
6.48643	0.0036961	
6.48668	0.0125	
6.48692	0.0154943	
6.48717	0.00889819	
6.48741	-0.00147784	
6.48766	-0.00733321	
6.4879	-0.00757791	
6.48815	-0.00695978	
6.48839	-0.00796159	
6.48864	-0.00896631	
6.48888	-0.00838776	
6.48913	-0.00610402	
6.48937	-0.00239514	
6.48961	0.00114476	
6.48986	0.00241356	
6.4901	0.00312004	
6.49035	0.00766468	
6.49059	0.0146768	
6.49084	0.0161404	
6.49108	0.0093358	
6.49133	0.00229658	
6.49157	0.00181274	
6.49182	0.00438817	
6.49206	0.00571073	
6.4923	0.00891264	
6.49255	0.0143712	
6.49279	0.0123417	
6.49304	-0.00154346	
6.49328	-0.0135709	
6.49353	-0.00981971	
6.49377	0.00171416	
6.49402	0.00365711	
6.49426	-0.00323705	
6.49451	-0.00406037	
6.49475	0.00360035	
6.495	0.00724143	
6.49524	0.00211127	
6.49548	-0.00304338	
6.49573	-0.00319079	
6.49597	-0.00197343	
6.49622	0.000669889	
6.49646	0.00769998	
6.49671	0.0117677	
6.49695	0.00242247	
6.4972	-0.0121707	
6.49744	-0.0118732	
6.49769	0.00369792	
6.49793	0.0121285	
6.49818	0.00295907	
6.49842	-0.00710421	
6.49866	-0.00361307	
6.49891	0.00287294	
6.49915	-0.00220029	
6.4994	-0.012087	
6.49964	-0.0118787	
6.49989	-0.00346679	
6.50013	0.000309292	
6.50038	-0.00239881	
6.50062	-0.00277151	
6.50087	0.0017274	
6.50111	0.00489466	
6.50136	0.00357201	
6.5016	0.000869128	
6.50184	-0.00091794	
6.50209	-0.00252778	
6.50233	-0.00404001	
6.50258	-0.00446013	
6.50282	-0.00363298	
6.50307	-0.00183883	
6.50331	0.00013628	
6.50356	0.000164021	
6.5038	-0.0018554	
6.50405	-0.0013345	
6.50429	0.00394594	
6.50453	0.00722467	
6.50478	0.0026216	
6.50502	-0.00215029	
6.50527	0.00371016	
6.50551	0.0135301	
6.50576	0.0102434	
6.506	-0.00548473	
6.50625	-0.0134765	
6.50649	-0.00473328	
6.50674	0.00570106	
6.50698	0.00441697	
6.50723	-0.000833877	
6.50747	0.00157717	
6.50771	0.00736726	
6.50796	0.00742706	
6.5082	0.00458649	
6.50845	0.00503152	
6.50869	0.00460718	
6.50894	-0.00218428	
6.50918	-0.00914838	
6.50943	-0.00773481	
6.50967	-0.00130135	
6.50992	0.001748	
6.51016	0.000995676	
6.51041	-0.000474966	
6.51065	-0.00444643	
6.51089	-0.0104257	
6.51114	-0.00985171	
6.51138	0.000567532	
6.51163	0.00941357	
6.51187	0.00718024	
6.51212	0.00234954	
6.51236	0.00640112	
6.51261	0.0125341	
6.51285	0.00673773	
6.5131	-0.00707017	
6.51334	-0.012112	
6.51359	-0.00558509	
6.51383	-0.00149247	
6.51407	-0.00646559	
6.51432	-0.0105225	
6.51456	-0.0057813	
6.51481	0.00069532	
6.51505	-0.000393818	
6.5153	-0.00559065	
6.51554	-0.00428161	
6.51579	0.00597919	
6.51603	0.01601	
6.51628	0.0158231	
6.51652	0.00620222	
6.51677	-0.00177431	
6.51701	0.000107573	
6.51725	0.00682363	
6.5175	0.00806431	
6.51774	0.00424044	
6.51799	0.00455117	
6.51823	0.00898878	
6.51848	0.0066294	
6.51872	-0.00331328	
6.51897	-0.00514815	
6.51921	0.00785533	
6.51946	0.0175594	
6.5197	0.00699459	
6.51994	-0.0104014	
6.52019	-0.00877206	
6.52043	0.010343	
6.52068	0.019617	
6.52092	0.00632542	
6.52117	-0.0116675	
6.52141	-0.0147476	
6.52166	-0.00602548	
6.5219	0.00167661	
6.52215	0.0062232	
6.52239	0.0112026	
6.52264	0.0126858	
6.52288	0.00513815	
6.52312	-0.00548718	
6.52337	-0.00734707	
6.52361	0.000454244	
6.52386	0.00687982	
6.5241	0.00515896	
6.52435	0.00126089	
6.52459	0.00321605	
6.52484	0.00868557	
6.52508	0.00910177	
6.52533	0.00332358	
6.52557	-0.000205716	
6.52582	0.00335953	
6.52606	0.00679392	
6.5263	0.00139057	
6.52655	-0.00862114	
6.52679	-0.011239	
6.52704	-0.00496357	
6.52728	-0.00136792	
6.52753	-0.00707949	
6.52777	-0.0136418	
6.52802	-0.0109117	
6.52826	-0.00147706	
6.52851	0.00568008	
6.52875	0.00819523	
6.529	0.00840285	
6.52924	0.0052245	
6.52948	-0.00176843	
6.52973	-0.00539223	
6.52997	0.000600772	
6.53022	0.00918084	
6.53046	0.00821386	
6.53071	-0.000455076	
6.53095	-0.00290887	
6.5312	0.00490444	
6.53144	0.0106678	
6.53169	0.00567449	
6.53193	-0.00149193	
6.53217	0.00010197	
6.53242	0.0053801	
6.53266	0.00198389	
6.53291	-0.00845935	
6.53315	-0.0118467	
6.5334	-0.00394756	
6.53364	0.00241747	
6.53389	-0.00278023	
6.53413	-0.0112352	
6.53438	-0.00937815	
6.53462	0.00099677	
6.53487	0.00659896	
6.53511	0.00311337	
6.53535	-0.000757635	
6.5356	0.000597168	
6.53584	0.00228495	
6.53609	0.000577078	
6.53633	-0.000158246	
6.53658	0.00222735	
6.53682	0.00179498	
6.53707	-0.00341189	
6.53731	-0.00440915	
6.53756	0.00361443	
6.5378	0.00960372	
6.53805	0.00298025	
6.53829	-0.00706192	
6.53853	-0.00414659	
6.53878	0.00936825	
6.53902	0.0160933	
6.53927	0.0100716	
6.53951	0.00207864	
6.53976	-0.00069183	
6.54	-0.00231854	
6.54025	-0.00394559	
6.54049	0.000270126	
6.54074	0.00875443	
6.54098	0.0105825	
6.54123	0.00346907	
6.54147	-0.00168109	
6.54171	0.000227024	
6.54196	0.00110997	
6.5422	-0.00187691	
6.54245	0.00178405	
6.54269	0.0150647	
6.54294	0.021283	
6.54318	0.0078367	
6.54343	-0.0109881	
6.54367	-0.011822	
6.54392	0.00560804	
6.54416	0.0201452	
6.5444	0.0178045	
6.54465	0.00447846	
6.54489	-0.0063846	
6.54514	-0.00632171	
6.54538	0.00511445	
6.54563	0.0188231	
6.54587	0.0204787	
6.54612	0.00656337	
6.54636	-0.00729333	
6.54661	-0.00462599	
6.54685	0.00864995	
6.5471	0.0116724	
6.54734	-0.00198244	
6.54758	-0.01563	
6.54783	-0.0130127	
6.54807	0.000784285	
6.54832	0.00819405	
6.54856	0.00196857	
6.54881	-0.00833087	
6.54905	-0.0106114	
6.5493	-0.00456389	
6.54954	0.00102509	
6.54979	0.0021336	
6.55003	0.00440649	
6.55028	0.0117582	
6.55052	0.0166278	
6.55076	0.00958946	
6.55101	-0.00474728	
6.55125	-0.0119092	
6.5515	-0.00742989	
6.55174	-0.00142506	
6.55199	-0.00146683	
6.55223	-0.00278859	
6.55248	-8.89843e-05	
6.55272	0.00264767	
6.55297	0.00139495	
6.55321	0.000961535	
6.55346	0.00597521	
6.5537	0.0112296	
6.55394	0.00994211	
6.55419	0.00458947	
6.55443	0.000766721	
6.55468	-0.00287384	
6.55492	-0.00913741	
6.55517	-0.0129968	
6.55541	-0.00833065	
6.55566	0.000662481	
6.5559	0.00536685	
6.55615	0.00647117	
6.55639	0.0106706	
6.55663	0.0157702	
6.55688	0.0114271	
6.55712	-0.00335867	
6.55737	-0.0142728	
6.55761	-0.00896202	
6.55786	0.00589848	
6.5581	0.0114419	
6.55835	-0.00088119	
6.55859	-0.0188087	
6.55884	-0.023486	
6.55908	-0.0115805	
6.55933	0.00163743	
6.55957	0.00221366	
6.55981	-0.00572622	
6.56006	-0.00844784	
6.5603	-0.0024247	
6.56055	0.00342615	
6.56079	0.00289231	
6.56104	-0.00077636	
6.56128	-0.00380393	
6.56153	-0.00701774	
6.56177	-0.00931481	
6.56202	-0.00573711	
6.56226	0.00340197	
6.56251	0.00920289	
6.56275	0.00479056	
6.56299	-0.00619526	
6.56324	-0.0146276	
6.56348	-0.0143517	
6.56373	-0.00480839	
6.56397	0.00837105	
6.56422	0.0149396	
6.56446	0.00923262	
6.56471	-0.00221899	
6.56495	-0.00906453	
6.5652	-0.0105788	
6.56544	-0.0115935	
6.56569	-0.00947052	
6.56593	0.00085807	
6.56617	0.0116689	
6.56642	0.00973152	
6.56666	-0.000860301	
6.56691	-0.00209736	
6.56715	0.00884928	
6.5674	0.0144284	
6.56764	0.00675508	
6.56789	0.00140729	
6.56813	0.0104312	
6.56838	0.0215086	
6.56862	0.0186106	
6.56886	0.00677725	
6.56911	0.000322233	
6.56935	0.000185088	
6.5696	-0.000547494	
6.56984	-0.000414481	
6.57009	0.00433868	
6.57033	0.00730104	
6.57058	0.00221974	
6.57082	-0.00226577	
6.57107	0.00525836	
6.57131	0.0184576	
6.57156	0.0212929	
6.5718	0.0126857	
6.57204	0.00769528	
6.57229	0.0152832	
6.57253	0.0279038	
6.57278	0.0339949	
6.57302	0.0314537	
6.57327	0.0272569	
6.57351	0.0284204	
6.57376	0.0332538	
6.574	0.03158	
6.57425	0.0181786	
6.57449	0.00358325	
6.57474	0.00127323	
6.57498	0.006527	
6.57522	0.00388033	
6.57547	-0.00478914	
6.57571	-0.00106816	
6.57596	0.016752	
6.5762	0.0261428	
6.57645	0.0168028	
6.57669	0.00928104	
6.57694	0.020524	
6.57718	0.0350502	
6.57743	0.0326891	
6.57767	0.0239523	
6.57792	0.0311501	
6.57816	0.0506328	
6.5784	0.0622822	
6.57865	0.0645166	
6.57889	0.0707991	
6.57914	0.0798505	
6.57938	0.0788859	
6.57963	0.0719147	
6.57987	0.0759439	
6.58012	0.0897552	
6.58036	0.0931363	
6.58061	0.0789242	
6.58085	0.0617712	
6.58109	0.0521756	
6.58134	0.0439546	
6.58158	0.031475	
6.58183	0.0195928	
6.58207	0.0121479	
6.58232	0.00752682	
6.58256	0.00800631	
6.58281	0.0170317	
6.58305	0.0261276	
6.5833	0.0217469	
6.58354	0.00664527	
6.58379	-0.00238776	
6.58403	0.000736824	
6.58427	0.00556958	
6.58452	0.00470326	
6.58476	0.00200576	
6.58501	0.00031059	
6.58525	-0.00182315	
6.5855	-0.000300871	
6.58574	0.00965941	
6.58599	0.018343	
6.58623	0.0107605	
6.58648	-0.0072526	
6.58672	-0.0130633	
6.58697	-0.00103635	
6.58721	0.00950378	
6.58745	0.00635561	
6.5877	0.00191861	
6.58794	0.00799682	
6.58819	0.0141222	
6.58843	0.00647256	
6.58868	-0.00745498	
6.58892	-0.0103042	
6.58917	-0.000951144	
6.58941	0.00668577	
6.58966	0.00511062	
6.5899	4.07506e-05	
6.59015	-0.00153666	
6.59039	0.000496202	
6.59063	0.00285478	
6.59088	0.00367482	
6.59112	0.00345496	
6.59137	0.00399005	
6.59161	0.00561979	
6.59186	0.0052758	
6.5921	1.37156e-05	
6.59235	-0.007775	
6.59259	-0.0120631	
6.59284	-0.00939622	
6.59308	-0.000548784	
6.59333	0.011186	
6.59357	0.0194541	
6.59381	0.0169438	
6.59406	0.00405576	
6.5943	-0.0080937	
6.59455	-0.00919744	
6.59479	-0.000817947	
6.59504	0.00843046	
6.59528	0.0128562	
6.59553	0.0102877	
6.59577	0.00120688	
6.59602	-0.00659972	
6.59626	-0.00253523	
6.5965	0.0103473	
6.59675	0.0152889	
6.59699	0.00660188	
6.59724	-0.000401023	
6.59748	0.0045535	
6.59773	0.008784	
6.59797	0.00110188	
6.59822	-0.00516981	
6.59846	0.00381579	
6.59871	0.0135541	
6.59895	0.00459267	
6.5992	-0.010473	
6.59944	-0.0064993	
6.59968	0.00921762	
6.59993	0.00880097	
6.60017	-0.00592706	
6.60042	-0.00605037	
6.60066	0.0113678	
6.60091	0.015422	
6.60115	-0.0053557	
6.6014	-0.0227593	
6.60164	-0.0163035	
6.60189	-0.00322189	
6.60213	-0.00220381	
6.60238	-0.00175376	
6.60262	0.0115926	
6.60286	0.0231058	
6.60311	0.0147629	
6.60335	-0.00287194	
6.6036	-0.00982362	
6.60384	-0.00848845	
6.60409	-0.0109805	
6.60433	-0.011946	
6.60458	-0.000332109	
6.60482	0.0148111	
6.60507	0.0159147	
6.60531	0.00524855	
6.60556	-0.00104098	
6.6058	0.000341825	
6.60604	7.02933e-05	
6.60629	-0.0033043	
6.60653	-0.00289762	
6.60678	0.00111677	
6.60702	0.00314397	
6.60727	0.00481873	
6.60751	0.010245	
6.60776	0.0133917	
6.608	0.00571167	
6.60825	-0.00767497	
6.60849	-0.0136945	
6.60873	-0.00966726	
6.60898	-0.00312525	
6.60922	0.00247606	
6.60947	0.0091207	
6.60971	0.0149294	
6.60996	0.0155884	
6.6102	0.0126901	
6.61045	0.011014	
6.61069	0.0105861	
6.61094	0.00894058	
6.61118	0.00622478	
6.61143	0.00169908	
6.61167	-0.0069918	
6.61191	-0.014498	
6.61216	-0.00888708	
6.6124	0.00863877	
6.61265	0.0179749	
6.61289	0.00693767	
6.61314	-0.00869357	
6.61338	-0.00834952	
6.61363	0.00137871	
6.61387	-0.00163264	
6.61412	-0.0184835	
6.61436	-0.0270379	
6.61461	-0.0155053	
6.61485	0.00265758	
6.61509	0.0111737	
6.61534	0.0106403	
6.61558	0.00914103	
6.61583	0.00727604	
6.61607	0.00200455	
6.61632	-0.00319271	
6.61656	-0.00173924	
6.61681	0.0050891	
6.61705	0.00762998	
6.6173	-0.0002375	
6.61754	-0.0117157	
6.61779	-0.0135065	
6.61803	-0.00268117	
6.61827	0.00783153	
6.61852	0.0057984	
6.61876	-0.00337979	
6.61901	-0.0057196	
6.61925	-0.0005321	
6.6195	0.000468407	
6.61974	-0.0053787	
6.61999	-0.00775004	
6.62023	-0.00319207	
6.62048	-0.00114041	
6.62072	-0.00477079	
6.62096	-0.00422205	
6.62121	0.00318781	
6.62145	0.00495575	
6.6217	-0.0038729	
6.62194	-0.0092255	
6.62219	-0.00245996	
6.62243	0.00328909	
6.62268	-0.002403	
6.62292	-0.00613337	
6.62317	0.00520409	
6.62341	0.0173693	
6.62366	0.0109677	
6.6239	-0.0039798	
6.62414	-0.00379274	
6.62439	0.00902406	
6.62463	0.0115681	
6.62488	0.000205661	
6.62512	-0.00601051	
6.62537	-0.000224825	
6.62561	0.00364885	
6.62586	2.60914e-05	
6.6261	0.00122236	
6.62635	0.0114313	
6.62659	0.0163719	
6.62684	0.00806827	
6.62708	-0.00156685	
6.62732	-0.00153258	
6.62757	0.0026951	
6.62781	0.00360486	
6.62806	0.00430319	
6.6283	0.00753496	
6.62855	0.00797963	
6.62879	0.00433799	
6.62904	0.00419895	
6.62928	0.00875675	
6.62953	0.00794414	
6.62977	-0.00081667	
6.63002	-0.00483183	
6.63026	0.00305919	
6.6305	0.0113698	
6.63075	0.0091295	
6.63099	0.00363107	
6.63124	0.00574687	
6.63148	0.0103758	
6.63173	0.00657834	
6.63197	-0.0026485	
6.63222	-0.00604498	
6.63246	-0.00250729	
6.63271	0.000589914	
6.63295	0.00234347	
6.63319	0.00766113	
6.63344	0.0146067	
6.63368	0.0152363	
6.63393	0.00852649	
6.63417	0.00221257	
6.63442	0.00145267	
6.63466	0.00358344	
6.63491	0.00443026	
6.63515	0.00347785	
6.6354	0.00231915	
6.63564	0.00218667	
6.63589	0.00297727	
6.63613	0.00287131	
6.63637	0.000793158	
6.63662	-0.000395364	
6.63686	0.00237585	
6.63711	0.00534813	
6.63735	0.00182965	
6.6376	-0.00569454	
6.63784	-0.00673009	
6.63809	0.000887324	
6.63833	0.00642185	
6.63858	0.00315735	
6.63882	-0.00157079	
6.63907	-0.000834993	
6.63931	-0.000698517	
6.63955	-0.00758883	
6.6398	-0.0141762	
6.64004	-0.0116321	
6.64029	-0.00674145	
6.64053	-0.0105288	
6.64078	-0.0167321	
6.64102	-0.010571	
6.64127	0.00428187	
6.64151	0.00819994	
6.64176	-0.00325234	
6.642	-0.0111937	
6.64225	-0.00321618	
6.64249	0.0074095	
6.64273	0.00384228	
6.64298	-0.00805895	
6.64322	-0.0106112	
6.64347	-0.00161571	
6.64371	0.00568182	
6.64396	0.00531907	
6.6442	0.00508359	
6.64445	0.00960001	
6.64469	0.0111222	
6.64494	0.00261325	
6.64518	-0.00940839	
6.64542	-0.0123445	
6.64567	-0.00342671	
6.64591	0.00773043	
6.64616	0.0108502	
6.6464	0.0051085	
6.64665	-0.00219251	
6.64689	-0.00422929	
6.64714	-0.000904331	
6.64738	0.00282978	
6.64763	0.00382192	
6.64787	0.00409784	
6.64812	0.00618192	
6.64836	0.00719609	
6.6486	0.00176081	
6.64885	-0.00875687	
6.64909	-0.0145135	
6.64934	-0.00841102	
6.64958	0.00327131	
6.64983	0.00647411	
6.65007	-0.00374137	
6.65032	-0.0161846	
6.65056	-0.0163052	
6.65081	-0.00331358	
6.65105	0.00956353	
6.6513	0.011212	
6.65154	0.00424277	
6.65178	-0.00116447	
6.65203	-0.000627081	
6.65227	0.00163635	
6.65252	0.00133645	
6.65276	-0.000158462	
6.65301	0.000121643	
6.65325	0.00124925	
6.6535	9.92316e-05	
6.65374	-0.00335026	
6.65399	-0.00543856	
6.65423	-0.00344183	
6.65448	0.000797611	
6.65472	0.00207093	
6.65496	-0.0033445	
6.65521	-0.0129194	
6.65545	-0.0183585	
6.6557	-0.0137918	
6.65594	-0.0042453	
6.65619	-0.00179399	
6.65643	-0.0103605	
6.65668	-0.0187423	
6.65692	-0.014425	
6.65717	-0.00120914	
6.65741	0.00532584	
6.65765	-8.18015e-05	
6.6579	-0.00458108	
6.65814	0.00391765	
6.65839	0.0184616	
6.65863	0.0222026	
6.65888	0.0113932	
6.65912	-0.000654294	
6.65937	-0.00219977	
6.65961	0.00352916	
6.65986	0.00629092	
6.6601	0.00276149	
6.66035	-0.00247022	
6.66059	-0.00525593	
6.66083	-0.00583243	
6.66108	-0.00625765	
6.66132	-0.00771767	
6.66157	-0.00921249	
6.66181	-0.00689279	
6.66206	0.00239943	
6.6623	0.0140557	
6.66255	0.016385	
6.66279	0.00416264	
6.66304	-0.0113499	
6.66328	-0.0137183	
6.66353	-0.00219861	
6.66377	0.00743457	
6.66401	0.00491102	
6.66426	-0.00129204	
6.6645	0.00126305	
6.66475	0.00947183	
6.66499	0.0101753	
6.66524	0.000635325	
6.66548	-0.00818588	
6.66573	-0.00841005	
6.66597	-0.00423543	
6.66622	-0.00190843	
6.66646	-0.000948457	
6.66671	0.000235055	
6.66695	-0.000804235	
6.66719	-0.00385976	
6.66744	-0.00215258	
6.66768	0.00732279	
6.66793	0.0160522	
6.66817	0.0150172	
6.66842	0.00818083	
6.66866	0.00585259	
6.66891	0.00898901	
6.66915	0.0103169	
6.6694	0.00815685	
6.66964	0.00788825	
6.66988	0.0102742	
6.67013	0.00916418	
6.67037	0.00212973	
6.67062	-0.00593912	
6.67086	-0.0112425	
6.67111	-0.0144832	
6.67135	-0.0151099	
6.6716	-0.0114534	
6.67184	-0.00762176	
6.67209	-0.0101701	
6.67233	-0.0159951	
6.67258	-0.014128	
6.67282	-0.00256161	
6.67306	0.00725368	
6.67331	0.00647561	
6.67355	-0.000845413	
6.6738	-0.00722278	
6.67404	-0.0104904	
6.67429	-0.00903727	
6.67453	-0.000490691	
6.67478	0.00937607	
6.67502	0.00910107	
6.67527	-0.000596426	
6.67551	-0.00485442	
6.67576	0.00187983	
6.676	0.00570809	
6.67624	-0.00296255	
6.67649	-0.0116165	
6.67673	-0.00627533	
6.67698	0.00461182	
6.67722	0.00474336	
6.67747	-0.0035433	
6.67771	-0.00667286	
6.67796	-0.00390195	
6.6782	-0.00362938	
6.67845	-0.00380645	
6.67869	0.0025653	
6.67894	0.00884371	
6.67918	0.00371228	
6.67942	-0.00647584	
6.67967	-0.00696917	
6.67991	-0.00133019	
6.68016	-0.00435115	
6.6804	-0.0124226	
6.68065	-0.00883313	
6.68089	0.00296156	
6.68114	0.00212646	
6.68138	-0.011196	
6.68163	-0.0130098	
6.68187	0.00240689	
6.68212	0.0115574	
6.68236	0.00440422	
6.6826	0.00270636	
6.68285	0.0176881	
6.68309	0.0243247	
6.68334	0.00383683	
6.68358	-0.0190535	
6.68383	-0.0134128	
6.68407	0.00837878	
6.68432	0.0138766	
6.68456	0.00347486	
6.68481	0.00155261	
6.68505	0.00892983	
6.68529	0.00531315	
6.68554	-0.00783201	
6.68578	-0.00818387	
6.68603	0.00441494	
6.68627	0.00589709	
6.68652	-0.00697508	
6.68676	-0.00893583	
6.68701	0.00708584	
6.68725	0.0143257	
6.6875	-0.000965428	
6.68774	-0.0132724	
6.68799	-0.000881843	
6.68823	0.0163012	
6.68847	0.0100901	
6.68872	-0.00950135	
6.68896	-0.0125078	
6.68921	0.00337194	
6.68945	0.0153029	
6.6897	0.01481	
6.68994	0.0134407	
6.69019	0.0139135	
6.69043	0.00576974	
6.69068	-0.00910599	
6.69092	-0.0134879	
6.69117	-0.00275995	
6.69141	0.00654165	
6.69165	0.00317284	
6.6919	-0.00319316	
6.69214	-0.00111525	
6.69239	0.00492602	
6.69263	0.00609799	
6.69288	0.00445006	
6.69312	0.00554313	
6.69337	0.00661041	
6.69361	0.00288906	
6.69386	-0.00231793	
6.6941	-0.00356204	
6.69435	-0.00252469	
6.69459	-0.00283102	
6.69483	-0.00218881	
6.69508	0.00161598	
6.69532	0.00318005	
6.69557	-0.00245246	
6.69581	-0.00930172	
6.69606	-0.00817426	
6.6963	-0.0011527	
6.69655	0.00202621	
6.69679	-0.000490824	
6.69704	-0.00173529	
6.69728	0.000392823	
6.69752	-5.63673e-05	
6.69777	-0.00501465	
6.69801	-0.0079609	
6.69826	-0.00533037	
6.6985	-0.00294699	
6.69875	-0.00580675	
6.69899	-0.00934891	
6.69924	-0.00719313	
6.69948	-0.00122045	
6.69973	0.00297266	
6.69997	0.00562484	
6.70022	0.0102097	
6.70046	0.0147615	
6.7007	0.0138311	
6.70095	0.00759366	
6.70119	0.00164539	
6.70144	-0.0017057	
6.70168	-0.00476247	
6.70193	-0.00688734	
6.70217	-0.00346325	
6.70242	0.00527116	
6.70266	0.0114278	
6.70291	0.00959018	
6.70315	0.00424919	
6.7034	0.0024344	
6.70364	0.00388721	
6.70388	0.00461875	
6.70413	0.00621691	
6.70437	0.0131654	
6.70462	0.0218595	
6.70486	0.0215669	
6.70511	0.00947047	
6.70535	-0.00289339	
6.7056	-0.00383685	
6.70584	0.00325715	
6.70609	0.00604373	
6.70633	0.00098794	
6.70658	-0.00380729	
6.70682	-0.00276067	
6.70706	-6.40493e-05	
6.70731	-4.65051e-05	
6.70755	0.000643375	
6.7078	0.00540317	
6.70804	0.00939801	
6.70829	0.00652753	
6.70853	-0.000397848	
6.70878	-0.00464122	
6.70902	-0.006541	
6.70927	-0.0101116	
6.70951	-0.0118658	
6.70975	-0.00479463	
6.71	0.00670719	
6.71024	0.00856608	
6.71049	-0.00296045	
6.71073	-0.0144419	
6.71098	-0.0138632	
6.71122	-0.00575421	
6.71147	-0.000849526	
6.71171	-0.000365564	
6.71196	0.000354483	
6.7122	0.000636025	
6.71245	-0.00211876	
6.71269	-0.00336055	
6.71293	0.00276102	
6.71318	0.0114862	
6.71342	0.0123376	
6.71367	0.0046032	
6.71391	-0.00207013	
6.71416	-0.00197972	
6.7144	0.00139101	
6.71465	0.00441171	
6.71489	0.00753889	
6.71514	0.00885195	
6.71538	0.00303585	
6.71563	-0.00923566	
6.71587	-0.0182047	
6.71611	-0.0158387	
6.71636	-0.0050857	
6.7166	0.00461826	
6.71685	0.00719396	
6.71709	0.00348555	
6.71734	-0.00104281	
6.71758	-0.000836071	
6.71783	0.00419494	
6.71807	0.00758635	
6.71832	0.00436871	
6.71856	-0.00127033	
6.71881	-0.00140858	
6.71905	0.00436013	
6.71929	0.00961085	
6.71954	0.0113335	
6.71978	0.0116324	
6.72003	0.0103528	
6.72027	0.00538218	
6.72052	0.000385634	
6.72076	0.00186785	
6.72101	0.00697055	
6.72125	0.00542063	
6.7215	-0.00311964	
6.72174	-0.00571963	
6.72198	0.00365892	
6.72223	0.012387	
6.72247	0.00697485	
6.72272	-0.00670716	
6.72296	-0.0124469	
6.72321	-0.00651946	
6.72345	0.000658701	
6.7237	0.00223815	
6.72394	0.00207608	
6.72419	0.00431577	
6.72443	0.00649642	
6.72468	0.00555951	
6.72492	0.00305477	
6.72516	0.00145461	
6.72541	0.000604147	
6.72565	9.59317e-05	
6.7259	0.000970474	
6.72614	0.00322883	
6.72639	0.00506582	
6.72663	0.00589763	
6.72688	0.00714478	
6.72712	0.00898391	
6.72737	0.00925806	
6.72761	0.00697715	
6.72786	0.00445534	
6.7281	0.00428963	
6.72834	0.00579638	
6.72859	0.00624477	
6.72883	0.0049828	
6.72908	0.00438126	
6.72932	0.00580014	
6.72957	0.00612925	
6.72981	0.00128586	
6.73006	-0.00635391	
6.7303	-0.0079942	
6.73055	0.000718909	
6.73079	0.0119136	
6.73104	0.0138239	
6.73128	0.00550155	
6.73152	-0.00280981	
6.73177	-0.00383041	
6.73201	-0.00100958	
6.73226	-0.000479935	
6.7325	-0.00188139	
6.73275	-0.00113731	
6.73299	0.00220634	
6.73324	0.00468631	
6.73348	0.00373096	
6.73373	0.000346972	
6.73397	-0.00127471	
6.73421	0.00317001	
6.73446	0.012054	
6.7347	0.0159224	
6.73495	0.00757662	
6.73519	-0.0062616	
6.73544	-0.0111391	
6.73568	-0.00374114	
6.73593	0.00460499	
6.73617	0.00595804	
6.73642	0.00632936	
6.73666	0.0121132	
6.73691	0.0168678	
6.73715	0.0121525	
6.73739	0.00362423	
6.73764	0.00353622	
6.73788	0.0111637	
6.73813	0.0136651	
6.73837	0.006016	
6.73862	-0.00180769	
6.73886	-0.000183529	
6.73911	0.00700181	
6.73935	0.00919582	
6.7396	0.00351815	
6.73984	-0.00229239	
6.74009	0.000719301	
6.74033	0.0124067	
6.74057	0.0224543	
6.74082	0.0210082	
6.74106	0.0109085	
6.74131	0.00508656	
6.74155	0.00948852	
6.7418	0.0148593	
6.74204	0.0109299	
6.74229	0.00204143	
6.74253	-0.000200877	
6.74278	0.00522584	
6.74302	0.00925184	
6.74327	0.00839406	
6.74351	0.00805522	
6.74375	0.010672	
6.744	0.0126192	
6.74424	0.0140235	
6.74449	0.0192002	
6.74473	0.0246178	
6.74498	0.0199332	
6.74522	0.00655792	
6.74547	0.00161535	
6.74571	0.0141682	
6.74596	0.0297897	
6.7462	0.0313463	
6.74644	0.0248613	
6.74669	0.028275	
6.74693	0.0406847	
6.74718	0.0424423	
6.74742	0.02645	
6.74767	0.0101271	
6.74791	0.00928051	
6.74816	0.0162145	
6.7484	0.0152695	
6.74865	0.00792357	
6.74889	0.00735913	
6.74914	0.0149329	
6.74938	0.0184881	
6.74962	0.012867	
6.74987	0.00663015	
6.75011	0.00550953	
6.75036	0.00334797	
6.7506	-0.00386646	
6.75085	-0.00719243	
6.75109	0.00183334	
6.75134	0.0155908	
6.75158	0.020163	
6.75183	0.0155048	
6.75207	0.0134422	
6.75232	0.0184929	
6.75256	0.0242295	
6.7528	0.0288266	
6.75305	0.0395369	
6.75329	0.056971	
6.75354	0.0683235	
6.75378	0.0652017	
6.75403	0.0582103	
6.75427	0.0630244	
6.75452	0.0789257	
6.75476	0.0926507	
6.75501	0.098362	
6.75525	0.100424	
6.7555	0.098457	
6.75574	0.0848746	
6.75598	0.0608626	
6.75623	0.0414105	
6.75647	0.036588	
6.75672	0.0375352	
6.75696	0.0305751	
6.75721	0.017979	
6.75745	0.0128651	
6.7577	0.0172065	
6.75794	0.0185451	
6.75819	0.010237	
6.75843	0.00219829	
6.75868	0.00494755	
6.75892	0.0127342	
6.75916	0.0124618	
6.75941	0.00369599	
6.75965	-0.00164897	
6.7599	0.00204876	
6.76014	0.00705611	
6.76039	0.00572089	
6.76063	0.00100955	
6.76088	-0.000547609	
6.76112	0.0017961	
6.76137	0.0058961	
6.76161	0.0116903	
6.76185	0.0172957	
6.7621	0.0169942	
6.76234	0.0103653	
6.76259	0.00712823	
6.76283	0.0141928	
6.76308	0.0232787	
6.76332	0.0215355	
6.76357	0.0102869	
6.76381	0.00178849	
6.76406	0.000256845	
6.7643	-0.000769787	
6.76455	-0.00285913	
6.76479	0.000940813	
6.76503	0.010977	
6.76528	0.0158215	
6.76552	0.00864357	
6.76577	-0.00212327	
6.76601	-0.0056723	
6.76626	-0.0033592	
6.7665	-0.00280345	
6.76675	-0.00506798	
6.76699	-0.00577214	
6.76724	-0.00358509	
6.76748	-0.00065441	
6.76773	0.00124076	
6.76797	0.000158261	
6.76821	-0.00542106	
6.76846	-0.0116006	
6.7687	-0.0111172	
6.76895	-0.00426973	
6.76919	-4.1245e-05	
6.76944	-0.00188892	
6.76968	-0.00194456	
6.76993	0.00432241	
6.77017	0.00818911	
6.77042	0.00169062	
6.77066	-0.00790947	
6.77091	-0.0088082	
6.77115	-0.00196624	
6.77139	0.0039768	
6.77164	0.007774	
6.77188	0.0125642	
6.77213	0.014241	
6.77237	0.0073957	
6.77262	-0.0015202	
6.77286	-0.00193719	
6.77311	0.00295185	
6.77335	0.00130962	
6.7736	-0.00642046	
6.77384	-0.00810891	
6.77408	-0.00152792	
6.77433	0.00160953	
6.77457	-0.00405613	
6.77482	-0.00922264	
6.77506	-0.00657429	
6.77531	-0.000939347	
6.77555	0.00281808	
6.7758	0.00787834	
6.77604	0.0145153	
6.77629	0.0145194	
6.77653	0.00500788	
6.77678	-0.00397027	
6.77702	-0.00432788	
6.77726	-0.00138101	
6.77751	-0.00156437	
6.77775	-0.000326579	
6.778	0.00667238	
6.77824	0.0111111	
6.77849	0.00427385	
6.77873	-0.00645501	
6.77898	-0.00790738	
6.77922	-0.00188619	
6.77947	-0.000213535	
6.77971	-0.00293998	
6.77996	0.00135626	
6.7802	0.0130891	
6.78044	0.016607	
6.78069	0.00365581	
6.78093	-0.0116073	
6.78118	-0.0105721	
6.78142	0.00524042	
6.78167	0.0176755	
6.78191	0.0159548	
6.78216	0.00747888	
6.7824	0.00446682	
6.78265	0.00778533	
6.78289	0.00834251	
6.78314	0.000914747	
6.78338	-0.00903345	
6.78362	-0.0131301	
6.78387	-0.0104013	
6.78411	-0.00642324	
6.78436	-0.00476474	
6.7846	-0.00428921	
6.78485	-0.00417717	
6.78509	-0.00568753	
6.78534	-0.00765462	
6.78558	-0.00622096	
6.78583	-0.00193606	
6.78607	-0.00148422	
6.78631	-0.00798876	
6.78656	-0.0143979	
6.7868	-0.012067	
6.78705	-0.00254897	
6.78729	0.00501151	
6.78754	0.00591849	
6.78778	0.00328218	
6.78803	0.000537351	
6.78827	-0.0029502	
6.78852	-0.00764835	
6.78876	-0.01013	
6.78901	-0.00650259	
6.78925	0.00195029	
6.78949	0.00846395	
6.78974	0.00704864	
6.78998	-0.000363951	
6.79023	-0.00461118	
6.79047	-5.24275e-05	
6.79072	0.00690031	
6.79096	0.00548511	
6.79121	-0.00351381	
6.79145	-0.00747392	
6.7917	-3.45167e-05	
6.79194	0.00920853	
6.79219	0.00869683	
6.79243	0.000807779	
6.79267	-0.00392605	
6.79292	-0.00213906	
6.79316	0.00165472	
6.79341	0.00458849	
6.79365	0.00618342	
6.7939	0.00375856	
6.79414	-0.0027466	
6.79439	-0.00491598	
6.79463	0.00403618	
6.79488	0.0158647	
6.79512	0.0161969	
6.79537	0.00555856	
6.79561	-0.00159528	
6.79585	0.00089637	
6.7961	0.00385627	
6.79634	0.000459774	
6.79659	-0.00353992	
6.79683	-0.0025252	
6.79708	-0.000306087	
6.79732	0.000376098	
6.79757	0.00466393	
6.79781	0.0129854	
6.79806	0.0139908	
6.7983	0.00163312	
6.79854	-0.0109307	
6.79879	-0.00801811	
6.79903	0.00519402	
6.79928	0.00993821	
6.79952	0.000317177	
6.79977	-0.0108231	
6.80001	-0.0107478	
6.80026	-9.58055e-05	
6.8005	0.0122381	
6.80075	0.0182067	
6.80099	0.0152503	
6.80124	0.00900176	
6.80148	0.00870135	
6.80172	0.0137379	
6.80197	0.0113584	
6.80221	-0.00312955	
6.80246	-0.0131288	
6.8027	-0.00270932	
6.80295	0.015706	
6.80319	0.0157955	
6.80344	-0.00333521	
6.80368	-0.0151616	
6.80393	-0.00568516	
6.80417	0.0083623	
6.80442	0.00978772	
6.80466	0.0064134	
6.8049	0.0113089	
6.80515	0.0168661	
6.80539	0.00901917	
6.80564	-0.00540184	
6.80588	-0.00772925	
6.80613	0.00236522	
6.80637	0.00686675	
6.80662	-0.00181562	
6.80686	-0.0111421	
6.80711	-0.00987827	
6.80735	-0.00297274	
6.8076	8.96675e-05	
6.80784	-0.00093327	
6.80808	-0.00146802	
6.80833	-0.00133796	
6.80857	-0.00306903	
6.80882	-0.00609999	
6.80906	-0.00710965	
6.80931	-0.00351591	
6.80955	0.00412606	
6.8098	0.0104398	
6.81004	0.00833147	
6.81029	-0.00121238	
6.81053	-0.00640005	
6.81077	0.000279867	
6.81102	0.0084373	
6.81126	0.00305392	
6.81151	-0.0108582	
6.81175	-0.0122015	
6.812	0.00501785	
6.81224	0.020669	
6.81249	0.016714	
6.81273	0.00215696	
6.81298	-0.00273215	
6.81322	0.00363035	
6.81347	0.00602488	
6.81371	-0.00118445	
6.81395	-0.00701921	
6.8142	-0.00408491	
6.81444	0.000100368	
6.81469	-0.00202455	
6.81493	-0.0045038	
6.81518	0.00113778	
6.81542	0.00974359	
6.81567	0.00945445	
6.81591	0.00144184	
6.81616	2.68583e-05	
6.8164	0.011	
6.81665	0.0208925	
6.81689	0.0145753	
6.81713	-0.00366895	
6.81738	-0.015478	
6.81762	-0.011412	
6.81787	0.000291781	
6.81811	0.00720991	
6.81836	0.00611091	
6.8186	0.000997724	
6.81885	-0.00420113	
6.81909	-0.00676462	
6.81934	-0.00478689	
6.81958	-0.000352703	
6.81983	0.000693271	
6.82007	-0.00409446	
6.82031	-0.0100633	
6.82056	-0.0116233	
6.8208	-0.00843136	
6.82105	-0.00326382	
6.82129	0.00165209	
6.82154	0.00385818	
6.82178	0.00165989	
6.82203	-0.0014228	
6.82227	0.000682978	
6.82252	0.00665828	
6.82276	0.00792149	
6.823	0.00223019	
6.82325	-0.00208301	
6.82349	-0.000860308	
6.82374	-0.00234438	
6.82398	-0.0118654	
6.82423	-0.0188352	
6.82447	-0.0115556	
6.82472	0.00300475	
6.82496	0.00840806	
6.82521	0.00244731	
6.82545	-0.00263073	
6.8257	-0.000227737	
6.82594	0.00431398	
6.82618	0.00556102	
6.82643	0.00317655	
6.82667	-0.00288531	
6.82692	-0.0101239	
6.82716	-0.00948533	
6.82741	0.00305314	
6.82765	0.0146577	
6.8279	0.010636	
6.82814	-0.0022584	
6.82839	-0.00502586	
6.82863	0.00385001	
6.82888	0.00839695	
6.82912	0.00438139	
6.82936	0.00522104	
6.82961	0.0147009	
6.82985	0.0176827	
6.8301	0.00684544	
6.83034	-0.00341125	
6.83059	-0.00174641	
6.83083	0.0015894	
6.83108	-0.00452514	
6.83132	-0.0109675	
6.83157	-0.00504675	
6.83181	0.0060256	
6.83206	0.00673224	
6.8323	-0.00179277	
6.83254	-0.00581509	
6.83279	-0.00117299	
6.83303	0.00384487	
6.83328	0.00343332	
6.83352	-0.000170581	
6.83377	-0.00253789	
6.83401	-0.000105523	
6.83426	0.00767635	
6.8345	0.0135342	
6.83475	0.00802246	
6.83499	-0.00488366	
6.83524	-0.00908482	
6.83548	0.00073042	
6.83572	0.0110642	
6.83597	0.0116674	
6.83621	0.00940966	
6.83646	0.0104327	
6.8367	0.00672102	
6.83695	-0.00575161	
6.83719	-0.0133936	
6.83744	-0.00653781	
6.83768	0.00197236	
6.83793	-0.00166977	
6.83817	-0.00837021	
6.83841	-0.00468136	
6.83866	0.000951652	
6.8389	-0.00530802	
6.83915	-0.0144786	
6.83939	-0.0102466	
6.83964	-0.000501564	
6.83988	-0.00371387	
6.84013	-0.0132639	
6.84037	-0.0075025	
6.84062	0.0101803	
6.84086	0.0148574	
6.84111	0.00230624	
6.84135	-0.00567089	
6.84159	-0.000323387	
6.84184	0.00290815	
6.84208	-0.00202503	
6.84233	-0.000104987	
6.84257	0.0127694	
6.84282	0.0173191	
6.84306	0.0044723	
6.84331	-0.00656032	
6.84355	-0.000366136	
6.8438	0.00935937	
6.84404	0.00521297	
6.84429	-0.00459606	
6.84453	-0.00278889	
6.84477	0.00769039	
6.84502	0.0113152	
6.84526	0.00537971	
6.84551	-5.17099e-05	
6.84575	0.000562837	
6.846	0.0049708	
6.84624	0.0101376	
6.84649	0.0123829	
6.84673	0.00811191	
6.84698	0.0013775	
6.84722	0.000978528	
6.84747	0.00518361	
6.84771	0.00261987	
6.84795	-0.0066246	
6.8482	-0.00769083	
6.84844	0.0038066	
6.84869	0.0118912	
6.84893	0.00616932	
6.84918	-0.00132009	
6.84942	0.0012684	
6.84967	0.00468611	
6.84991	-0.00279471	
6.85016	-0.0124183	
6.8504	-0.00996652	
6.85064	-0.000434749	
6.85089	0.00239307	
6.85113	0.000232198	
6.85138	0.00374191	
6.85162	0.00990198	
6.85187	0.00666608	
6.85211	-0.00439869	
6.85236	-0.00909237	
6.8526	-0.00228912	
6.85285	0.00704867	
6.85309	0.0111159	
6.85334	0.0102373	
6.85358	0.0064211	
6.85382	0.00152996	
6.85407	-0.000144548	
6.85431	0.00305885	
6.85456	0.00586229	
6.8548	0.00455851	
6.85505	0.00392923	
6.85529	0.00785412	
6.85554	0.0109877	
6.85578	0.00850294	
6.85603	0.00489517	
6.85627	0.00371889	
6.85652	-0.000432168	
6.85676	-0.00875837	
6.857	-0.00976231	
6.85725	0.00225085	
6.85749	0.0130105	
6.85774	0.00914344	
6.85798	0.000812172	
6.85823	0.00405889	
6.85847	0.0117731	
6.85872	0.0053532	
6.85896	-0.0121969	
6.85921	-0.0195257	
6.85945	-0.0102353	
6.8597	0.000773841	
6.85994	0.00398678	
6.86018	0.00586233	
6.86043	0.010482	
6.86067	0.0112792	
6.86092	0.00537785	
6.86116	-0.000925734	
6.86141	-0.00436027	
6.86165	-0.00702374	
6.8619	-0.00560993	
6.86214	0.0048907	
6.86239	0.0159535	
6.86263	0.0125466	
6.86287	-0.00208334	
6.86312	-0.00792899	
6.86336	0.00122315	
6.86361	0.00841078	
6.86385	0.00166035	
6.8641	-0.00776009	
6.86434	-0.00581135	
6.86459	0.00227903	
6.86483	0.00369041	
6.86508	-0.0007921	
6.86532	-0.00134962	
6.86557	0.00286108	
6.86581	0.00328006	
6.86605	-0.00353852	
6.8663	-0.0104311	
6.86654	-0.00862484	
6.86679	0.0020086	
6.86703	0.0118567	
6.86728	0.0113236	
6.86752	0.00319348	
6.86777	0.000596122	
6.86801	0.00801695	
6.86826	0.0122156	
6.8685	0.00193514	
6.86875	-0.0119257	
6.86899	-0.0113083	
6.86923	0.000302254	
6.86948	0.00397343	
6.86972	-0.00258946	
6.86997	-0.00186625	
6.87021	0.0120883	
6.87046	0.0223014	
6.8707	0.0166731	
6.87095	0.00602868	
6.87119	0.00328473	
6.87144	0.00303253	
6.87168	-0.00451877	
6.87193	-0.0141216	
6.87217	-0.0144251	
6.87241	-0.00525894	
6.87266	0.00635874	
6.8729	0.0174724	
6.87315	0.0255485	
6.87339	0.0242764	
6.87364	0.014462	
6.87388	0.00874214	
6.87413	0.0135608	
6.87437	0.0166898	
6.87462	0.00586135	
6.87486	-0.00973253	
6.8751	-0.0116495	
6.87535	0.000949574	
6.87559	0.0120221	
6.87584	0.012257	
6.87608	0.00754587	
6.87633	0.00544168	
6.87657	0.00575524	
6.87682	0.005216	
6.87706	0.00222638	
6.87731	-0.00345597	
6.87755	-0.00953399	
6.8778	-0.0111384	
6.87804	-0.0069207	
6.87828	-0.00182597	
6.87853	0.000412424	
6.87877	0.00170014	
6.87902	0.00180392	
6.87926	-0.00504644	
6.87951	-0.017953	
6.87975	-0.0231486	
6.88	-0.0114528	
6.88024	0.00546988	
6.88049	0.00944617	
6.88073	0.00104215	
6.88098	-0.00382803	
6.88122	0.000576836	
6.88146	0.0032228	
6.88171	-0.00372768	
6.88195	-0.0125073	
6.8822	-0.012232	
6.88244	-0.00383012	
6.88269	0.00333574	
6.88293	0.00388133	
6.88318	0.000686171	
6.88342	-0.000568544	
6.88367	0.00137501	
6.88391	0.0016552	
6.88416	-0.00360074	
6.8844	-0.00902277	
6.88464	-0.00527855	
6.88489	0.00530746	
6.88513	0.00809672	
6.88538	-0.0024379	
6.88562	-0.0112395	
6.88587	-0.00387927	
6.88611	0.0101443	
6.88636	0.0110573	
6.8866	-0.000315948	
6.88685	-0.00441038	
6.88709	0.00535511	
6.88733	0.0129758	
6.88758	0.00699373	
6.88782	-0.00127367	
6.88807	0.00318309	
6.88831	0.0158695	
6.88856	0.021317	
6.8888	0.0155483	
6.88905	0.00747282	
6.88929	0.00347489	
6.88954	0.0022211	
6.88978	0.00197129	
6.89003	0.00305952	
6.89027	0.00404653	
6.89051	0.00324532	
6.89076	0.00320935	
6.891	0.0069873	
6.89125	0.01104	
6.89149	0.00891303	
6.89174	0.00153775	
6.89198	-0.00300795	
6.89223	-0.000598506	
6.89247	0.00439143	
6.89272	0.00670753	
6.89296	0.00606912	
6.89321	0.00358008	
6.89345	-0.00130389	
6.89369	-0.00668022	
6.89394	-0.00672619	
6.89418	0.000600416	
6.89443	0.00821678	
6.89467	0.0078121	
6.89492	0.000660339	
6.89516	-0.00492518	
6.89541	-0.00522851	
6.89565	-0.00420038	
6.8959	-0.00544363	
6.89614	-0.00745048	
6.89639	-0.00780816	
6.89663	-0.00655535	
6.89687	-0.00379291	
6.89712	0.000672115	
6.89736	0.00369882	
6.89761	0.000962165	
6.89785	-0.00473667	
6.8981	-0.00426296	
6.89834	0.00448233	
6.89859	0.0110703	
6.89883	0.00681099	
6.89908	-0.00203222	
6.89932	-0.00378263	
6.89956	0.00116702	
6.89981	0.00291669	
6.90005	-0.00105081	
6.9003	-0.00338158	
6.90054	-0.00106337	
6.90079	-0.000123095	
6.90103	-0.00347229	
6.90128	-0.00504649	
6.90152	-0.00101828	
6.90177	0.00245908	
6.90201	-0.000817132	
6.90226	-0.00669907	
6.9025	-0.0074209	
6.90274	-0.00345918	
6.90299	-0.0013524	
6.90323	-0.002982	
6.90348	-0.00388828	
6.90372	-0.000836755	
6.90397	0.00443583	
6.90421	0.00852173	
6.90446	0.00935488	
6.9047	0.00642465	
6.90495	0.00122562	
6.90519	-0.00276973	
6.90544	-0.00304496	
6.90568	-0.000957074	
6.90592	-0.000338063	
6.90617	-0.00331243	
6.90641	-0.00795208	
6.90666	-0.00967468	
6.9069	-0.00548389	
6.90715	0.00214102	
6.90739	0.00673691	
6.90764	0.00484794	
6.90788	-0.000199282	
6.90813	-0.00354709	
6.90837	-0.00505148	
6.90862	-0.00688853	
6.90886	-0.00816679	
6.9091	-0.00682249	
6.90935	-0.00414274	
6.90959	-0.00194364	
6.90984	0.00180568	
6.91008	0.00830076	
6.91033	0.0123942	
6.91057	0.00958344	
6.91082	0.00487068	
6.91106	0.00509254	
6.91131	0.00613874	
6.91155	0.000131701	
6.91179	-0.00734506	
6.91204	-0.00297655	
6.91228	0.0105516	
6.91253	0.0141999	
6.91277	0.00132581	
6.91302	-0.0104175	
6.91326	-0.0054321	
6.91351	0.00703746	
6.91375	0.00934201	
6.914	0.00199474	
6.91424	-0.00177313	
6.91449	0.000686294	
6.91473	0.000387599	
6.91497	-0.0049846	
6.91522	-0.00730804	
6.91546	-0.00251299	
6.91571	0.00352424	
6.91595	0.00511389	
6.9162	0.00349697	
6.91644	0.00207847	
6.91669	0.00210875	
6.91693	0.0039617	
6.91718	0.00703022	
6.91742	0.00830304	
6.91767	0.00562118	
6.91791	0.00134604	
6.91815	-0.00114863	
6.9184	-0.00236106	
6.91864	-0.00402996	
6.91889	-0.00489158	
6.91913	-0.00349408	
6.91938	-0.00172824	
6.91962	-0.00116712	
6.91987	1.70487e-05	
6.92011	0.00226654	
6.92036	0.00227958	
6.9206	0.000366608	
6.92085	0.00328197	
6.92109	0.0128741	
6.92133	0.0191195	
6.92158	0.0134911	
6.92182	0.002769	
6.92207	-0.00115043	
6.92231	0.000334213	
6.92256	-0.00305319	
6.9228	-0.011182	
6.92305	-0.0128908	
6.92329	-0.00486628	
6.92354	0.00228198	
6.92378	0.000230732	
6.92403	-0.00561864	
6.92427	-0.00586986	
6.92451	-0.00030265	
6.92476	0.00385075	
6.925	0.00186166	
6.92525	-0.00396188	
6.92549	-0.00671746	
6.92574	-0.000900243	
6.92598	0.0108348	
6.92623	0.0177375	
6.92647	0.0123605	
6.92672	0.000653249	
6.92696	-0.00494832	
6.9272	-0.00130297	
6.92745	0.00329155	
6.92769	0.00233307	
6.92794	-0.00103799	
6.92818	-0.000962987	
6.92843	0.00298522	
6.92867	0.00732376	
6.92892	0.00956389	
6.92916	0.0089434	
6.92941	0.00562343	
6.92965	0.00112851	
6.9299	-0.0025206	
6.93014	-0.00474219	
6.93038	-0.00576753	
6.93063	-0.00472385	
6.93087	-0.000538505	
6.93112	0.00601801	
6.93136	0.0126466	
6.93161	0.016237	
6.93185	0.0129368	
6.9321	0.00195994	
6.93234	-0.00916204	
6.93259	-0.00956554	
6.93283	0.00101412	
6.93308	0.0101162	
6.93332	0.00934828	
6.93356	0.00524802	
6.93381	0.00599328	
6.93405	0.00624562	
6.9343	-0.00292055	
6.93454	-0.0154942	
6.93479	-0.0166257	
6.93503	-0.00484201	
6.93528	0.00635094	
6.93552	0.00922499	
6.93577	0.00997106	
6.93601	0.0137301	
6.93626	0.0154492	
6.9365	0.0111937	
6.93674	0.00676997	
6.93699	0.00769606	
6.93723	0.00958344	
6.93748	0.00617104	
6.93772	-1.17009e-05	
6.93797	-0.00253173	
6.93821	-0.00141146	
6.93846	-0.0014783	
6.9387	-0.00397842	
6.93895	-0.0061701	
6.93919	-0.00682625	
6.93943	-0.00669703	
6.93968	-0.00524827	
6.93992	-0.00165201	
6.94017	0.0022548	
6.94041	0.00419594	
6.94066	0.00578593	
6.9409	0.0102897	
6.94115	0.0156816	
6.94139	0.0142585	
6.94164	0.00245257	
6.94188	-0.0107591	
6.94213	-0.0103734	
6.94237	0.00689696	
6.94261	0.0251238	
6.94286	0.0254412	
6.9431	0.00889976	
6.94335	-0.00455374	
6.94359	-0.00177078	
6.94384	0.00776171	
6.94408	0.00761037	
6.94433	-0.00197503	
6.94457	-0.0060501	
6.94482	0.00298012	
6.94506	0.0157259	
6.94531	0.0186654	
6.94555	0.00885053	
6.94579	-0.00555461	
6.94604	-0.0137157	
6.94628	-0.0101166	
6.94653	0.00136232	
6.94677	0.0107914	
6.94702	0.01266	
6.94726	0.0115195	
6.94751	0.0138573	
6.94775	0.0179009	
6.948	0.0172469	
6.94824	0.0115047	
6.94849	0.00602107	
6.94873	0.00298287	
6.94897	0.000737777	
6.94922	0.000901882	
6.94946	0.00730155	
6.94971	0.0167959	
6.94995	0.019634	
6.9502	0.012108	
6.95044	0.00242863	
6.95069	0.000192781	
6.95093	0.00461474	
6.95118	0.00709464	
6.95142	0.00276494	
6.95166	-0.00407611	
6.95191	-0.00575716	
6.95215	-0.000787361	
6.9524	0.00383433	
6.95264	0.00134391	
6.95289	-0.00506972	
6.95313	-0.00569063	
6.95338	0.00222244	
6.95362	0.0104221	
6.95387	0.0114804	
6.95411	0.00786921	
6.95436	0.00511844	
6.9546	0.00296305	
6.95484	-0.000699477	
6.95509	-0.00337779	
6.95533	-0.00279525	
6.95558	-0.00273409	
6.95582	-0.00645834	
6.95607	-0.00901361	
6.95631	-0.00401811	
6.95656	0.00576577	
6.9568	0.0120386	
6.95705	0.0113975	
6.95729	0.00582217	
6.95754	-0.00208757	
6.95778	-0.00762309	
6.95802	-0.00417181	
6.95827	0.00696384	
6.95851	0.0135459	
6.95876	0.00797886	
6.959	-0.00116484	
6.95925	-0.00239164	
6.95949	0.00239999	
6.95974	0.00587127	
6.95998	0.00972842	
6.96023	0.0169004	
6.96047	0.0184153	
6.96072	0.00564792	
6.96096	-0.0110328	
6.9612	-0.0146954	
6.96145	-0.00783469	
6.96169	-0.00609852	
6.96194	-0.0101498	
6.96218	-0.00615197	
6.96243	0.00662363	
6.96267	0.0121891	
6.96292	0.00501195	
6.96316	-0.00123899	
6.96341	0.00238181	
6.96365	0.00763937	
6.96389	0.00710197	
6.96414	0.00555316	
6.96438	0.00629544	
6.96463	0.00417247	
6.96487	-0.000288597	
6.96512	0.00232317	
6.96536	0.0114784	
6.96561	0.0127433	
6.96585	0.00156757	
6.9661	-0.007003	
6.96634	-0.0025372	
6.96659	0.00481643	
6.96683	0.00433583	
6.96707	0.00301588	
6.96732	0.00970909	
6.96756	0.0168389	
6.96781	0.0138529	
6.96805	0.00605106	
6.9683	0.0043491	
6.96854	0.0070822	
6.96879	0.00666409	
6.96903	0.00427691	
6.96928	0.00381142	
6.96952	0.000850858	
6.96977	-0.0081605	
6.97001	-0.0147633	
6.97025	-0.0105134	
6.9705	-0.00205993	
6.97074	-0.00073194	
6.97099	-0.00476513	
6.97123	-0.00488299	
6.97148	-0.000140904	
6.97172	0.00423232	
6.97197	0.00732213	
6.97221	0.00916818	
6.97246	0.0052131	
6.9727	-0.004393	
6.97295	-0.0093374	
6.97319	-0.00481797	
6.97343	-0.00160601	
6.97368	-0.0072981	
6.97392	-0.0105431	
6.97417	-0.000831278	
6.97441	0.00900284	
6.97466	0.00151935	
6.9749	-0.014117	
6.97515	-0.0141209	
6.97539	0.0022964	
6.97564	0.0125452	
6.97588	0.00665545	
6.97612	-0.000958783	
6.97637	0.00151758	
6.97661	0.00720774	
6.97686	0.00738124	
6.9771	0.00501251	
6.97735	0.0041419	
6.97759	0.00178254	
6.97784	-0.00242219	
6.97808	-0.0023188	
6.97833	0.00264672	
6.97857	0.00416624	
6.97882	-0.000421768	
6.97906	-0.00280296	
6.9793	0.00138647	
6.97955	0.00450835	
6.97979	0.000573434	
6.98004	-0.00385339	
6.98028	7.86101e-05	
6.98053	0.0105654	
6.98077	0.018869	
6.98102	0.0195844	
6.98126	0.0131645	
6.98151	0.00452029	
6.98175	0.00136983	
6.982	0.00703582	
6.98224	0.0139885	
6.98248	0.0126108	
6.98273	0.00600115	
6.98297	0.00548549	
6.98322	0.0115157	
6.98346	0.0122148	
6.98371	0.00330953	
6.98395	-0.00443362	
6.9842	-0.00259838	
6.98444	0.00320517	
6.98469	0.00534526	
6.98493	0.00543159	
6.98518	0.00619315	
6.98542	0.00382808	
6.98566	-0.00293299	
6.98591	-0.00661108	
6.98615	-0.00277585	
6.9864	0.00166309	
6.98664	0.00108991	
6.98689	0.00199706	
6.98713	0.0104024	
6.98738	0.0178629	
6.98762	0.0130733	
6.98787	0.000695831	
6.98811	-0.00493817	
6.98835	-0.000594871	
6.9886	0.00435654	
6.98884	0.00446719	
6.98909	0.00350444	
6.98933	0.00425731	
6.98958	0.00484846	
6.98982	0.00560761	
6.99007	0.009323	
6.99031	0.0141242	
6.99056	0.0156056	
6.9908	0.0157623	
6.99105	0.019469	
6.99129	0.0222545	
6.99153	0.0144928	
6.99178	0.00055056	
6.99202	-0.000126451	
6.99227	0.0213645	
6.99251	0.0479024	
6.99276	0.0566868	
6.993	0.0470081	
6.99325	0.0364038	
6.99349	0.0347703	
6.99374	0.0354776	
6.99398	0.0310365	
6.99423	0.0246373	
6.99447	0.0226305	
6.99471	0.0247468	
6.99496	0.0266237	
6.9952	0.0258736	
6.99545	0.0218203	
6.99569	0.0145965	
6.99594	0.00786797	
6.99618	0.00698175	
6.99643	0.0109241	
6.99667	0.0120961	
6.99692	0.00811277	
6.99716	0.00661712	
6.99741	0.0121835	
6.99765	0.0161989	
6.99789	0.00959515	
6.99814	-0.000530429	
6.99838	8.08688e-05	
6.99863	0.0101799	
6.99887	0.0141355	
6.99912	0.00671772	
6.99936	0.00138162	
6.99961	0.00829239	
6.99985	0.0182292	
7.0001	0.0179755	
7.00034	0.010651	
7.00059	0.00863022	
7.00083	0.0135269	
7.00107	0.0160658	
7.00132	0.0123576	
7.00156	0.00847888	
7.00181	0.00975243	
7.00205	0.0151522	
7.0023	0.0224258	
7.00254	0.0308173	
7.00279	0.0387273	
7.00303	0.0454211	
7.00328	0.054242	
7.00352	0.0675681	
7.00376	0.0801059	
7.00401	0.0841276	
7.00425	0.0793068	
7.0045	0.069908	
7.00474	0.0555791	
7.00499	0.0352909	
7.00523	0.0179212	
7.00548	0.0153889	
7.00572	0.023945	
7.00597	0.0260306	
7.00621	0.014959	
7.00646	0.00435779	
7.0067	0.00632019	
7.00694	0.0133872	
7.00719	0.0127605	
7.00743	0.00716709	
7.00768	0.00765861	
7.00792	0.0131344	
7.00817	0.0128105	
7.00841	0.00592036	
7.00866	0.00304879	
7.0089	0.00707205	
7.00915	0.00789579	
7.00939	0.000435955	
7.00964	-0.00585667	
7.00988	-0.00291434	
7.01012	0.0020448	
7.01037	-0.00126908	
7.01061	-0.00871613	
7.01086	-0.00869971	
7.0111	-0.00144926	
7.01135	0.00214171	
7.01159	-0.000434567	
7.01184	0.000814183	
7.01208	0.0107416	
7.01233	0.0198177	
7.01257	0.0188071	
7.01282	0.0126067	
7.01306	0.0108998	
7.0133	0.0124876	
7.01355	0.00909098	
7.01379	0.00034692	
7.01404	-0.0054734	
7.01428	-0.00427665	
7.01453	-0.000389672	
7.01477	0.00183503	
7.01502	0.00240381	
7.01526	0.00151165	
7.01551	-0.000862757	
7.01575	-0.000696984	
7.01599	0.00620275	
7.01624	0.0148802	
7.01648	0.014922	
7.01673	0.005883	
7.01697	-0.000509392	
7.01722	0.00263722	
7.01746	0.00807406	
7.01771	0.00778752	
7.01795	0.0055944	
7.0182	0.00768143	
7.01844	0.00919633	
7.01869	0.00183584	
7.01893	-0.0101004	
7.01917	-0.0132756	
7.01942	-0.00354206	
7.01966	0.00946207	
7.01991	0.015794	
7.02015	0.0146245	
7.0204	0.00995601	
7.02064	0.00518457	
7.02089	0.00320123	
7.02113	0.00518116	
7.02138	0.00801089	
7.02162	0.00806274	
7.02187	0.00701093	
7.02211	0.00805368	
7.02235	0.00816248	
7.0226	0.00226909	
7.02284	-0.00565279	
7.02309	-0.00570221	
7.02333	0.00231261	
7.02358	0.00664719	
7.02382	0.000777958	
7.02407	-0.00705143	
7.02431	-0.00709952	
7.02456	-0.00190044	
7.0248	0.000861882	
7.02505	0.00143724	
7.02529	0.00430239	
7.02553	0.00686268	
7.02578	0.00291645	
7.02602	-0.00500084	
7.02627	-0.0075139	
7.02651	-0.00263219	
7.02676	0.00180977	
7.027	0.00124927	
7.02725	0.000284941	
7.02749	0.00247521	
7.02774	0.00363542	
7.02798	0.000496354	
7.02822	-0.00204981	
7.02847	0.000931154	
7.02871	0.00573345	
7.02896	0.00701305	
7.0292	0.00754251	
7.02945	0.0120619	
7.02969	0.016528	
7.02994	0.0142525	
7.03018	0.00919847	
7.03043	0.0106727	
7.03067	0.0164798	
7.03092	0.0156114	
7.03116	0.00831649	
7.0314	0.00707041	
7.03165	0.0133458	
7.03189	0.0115593	
7.03214	-0.00426156	
7.03238	-0.0156522	
7.03263	-0.00691693	
7.03287	0.00817192	
7.03312	0.00718186	
7.03336	-0.00493759	
7.03361	-0.00503814	
7.03385	0.00905736	
7.0341	0.0155947	
7.03434	0.00553687	
7.03458	-0.00493188	
7.03483	-0.00481623	
7.03507	-0.00521391	
7.03532	-0.0140094	
7.03556	-0.0173168	
7.03581	-0.00349	
7.03605	0.0131652	
7.0363	0.0130151	
7.03654	0.00184248	
7.03679	-0.000237582	
7.03703	0.00866992	
7.03728	0.0125044	
7.03752	0.00561801	
7.03776	0.000216004	
7.03801	0.00506197	
7.03825	0.0138325	
7.0385	0.0174878	
7.03874	0.0152464	
7.03899	0.0103865	
7.03923	0.00507803	
7.03948	0.00151111	
7.03972	0.000945777	
7.03997	0.00161035	
7.04021	0.00297811	
7.04045	0.00843798	
7.0407	0.0171351	
7.04094	0.0196236	
7.04119	0.0112405	
7.04143	0.00287984	
7.04168	0.00616691	
7.04192	0.0142659	
7.04217	0.012147	
7.04241	0.000885253	
7.04266	-0.00503572	
7.0429	-0.00163772	
7.04315	0.00145001	
7.04339	0.00103926	
7.04363	0.00443744	
7.04388	0.011264	
7.04412	0.0103682	
7.04437	0.000205508	
7.04461	-0.00533857	
7.04486	0.00128532	
7.0451	0.00962631	
7.04535	0.00927392	
7.04559	0.00452758	
7.04584	0.00231312	
7.04608	0.000108296	
7.04633	-0.00395111	
7.04657	-0.00295252	
7.04681	0.00503968	
7.04706	0.00806382	
7.0473	-0.00140468	
7.04755	-0.0105882	
7.04779	-0.00427043	
7.04804	0.010334	
7.04828	0.0132666	
7.04853	0.00103812	
7.04877	-0.0104601	
7.04902	-0.0104363	
7.04926	-0.005316	
7.04951	-0.00495035	
7.04975	-0.00911624	
7.04999	-0.0113014	
7.05024	-0.00786648	
7.05048	-0.000744344	
7.05073	0.00422721	
7.05097	0.00183636	
7.05122	-0.00551754	
7.05146	-0.00812648	
7.05171	-0.00137262	
7.05195	0.00645901	
7.0522	0.00560251	
7.05244	-0.000857451	
7.05268	-0.00314626	
7.05293	-0.00107333	
7.05317	-0.00256835	
7.05342	-0.00761002	
7.05366	-0.00646254	
7.05391	0.00374517	
7.05415	0.0121182	
7.0544	0.00902918	
7.05464	-0.000234977	
7.05489	-0.00349375	
7.05513	0.00146811	
7.05538	0.00446011	
7.05562	-0.00355306	
7.05586	-0.0180587	
7.05611	-0.0237403	
7.05635	-0.0109176	
7.0566	0.0108298	
7.05684	0.0201925	
7.05709	0.0088584	
7.05733	-0.00674445	
7.05758	-0.00571449	
7.05782	0.00968447	
7.05807	0.0175503	
7.05831	0.00682555	
7.05856	-0.0081128	
7.0588	-0.00774603	
7.05904	0.00787394	
7.05929	0.0222532	
7.05953	0.0237578	
7.05978	0.0153245	
7.06002	0.00603189	
7.06027	0.00113624	
7.06051	0.00105794	
7.06076	0.00458843	
7.061	0.0102215	
7.06125	0.0156902	
7.06149	0.0178673	
7.06174	0.0144283	
7.06198	0.00687861	
7.06222	0.000769783	
7.06247	0.000203361	
7.06271	0.00268756	
7.06296	0.00283552	
7.0632	0.000572375	
7.06345	0.000869501	
7.06369	0.00508367	
7.06394	0.00855714	
7.06418	0.0086837	
7.06443	0.00883146	
7.06467	0.0104846	
7.06491	0.00802538	
7.06516	-0.00242297	
7.0654	-0.0139529	
7.06565	-0.0164815	
7.06589	-0.0105027	
7.06614	-0.00517675	
7.06638	-0.00428985	
7.06663	-0.0030068	
7.06687	0.00105726	
7.06712	0.00296613	
7.06736	-0.000188923	
7.06761	-0.00325606	
7.06785	-0.00126702	
7.06809	0.00277587	
7.06834	0.00381581	
7.06858	0.00280632	
7.06883	0.00276136	
7.06907	0.0019777	
7.06932	-0.00143309	
7.06956	-0.00261405	
7.06981	0.00362297	
7.07005	0.0121562	
7.0703	0.013038	
7.07054	0.00675346	
7.07079	0.00370695	
7.07103	0.00743192	
7.07127	0.00903832	
7.07152	0.00218054	
7.07176	-0.00632672	
7.07201	-0.00691325	
7.07225	-0.000515851	
7.0725	0.00521176	
7.07274	0.00664308	
7.07299	0.00455137	
7.07323	-0.000531976	
7.07348	-0.00642111	
7.07372	-0.00773499	
7.07397	-0.00300682	
7.07421	0.00149718	
7.07445	0.00142039	
7.0747	0.00163039	
7.07494	0.00628818	
7.07519	0.00891383	
7.07543	0.00298617	
7.07568	-0.00409496	
7.07592	-0.00111408	
7.07617	0.00729291	
7.07641	0.00655801	
7.07666	-0.00391136	
7.0769	-0.00940214	
7.07715	-0.00398301	
7.07739	0.0011539	
7.07763	-0.00160408	
7.07788	-0.00369462	
7.07812	0.00308073	
7.07837	0.0116842	
7.07861	0.012214	
7.07886	0.00759702	
7.0791	0.00540793	
7.07935	0.00380298	
7.07959	-0.0019294	
7.07984	-0.00668779	
7.08008	-0.00310466	
7.08032	0.00338204	
7.08057	0.000947592	
7.08081	-0.00932161	
7.08106	-0.0135958	
7.0813	-0.00542962	
7.08155	0.00528801	
7.08179	0.00655305	
7.08204	-0.000745188	
7.08228	-0.00601741	
7.08253	-0.00276425	
7.08277	0.00421367	
7.08302	0.00458876	
7.08326	-0.00509076	
7.0835	-0.0161404	
7.08375	-0.0177296	
7.08399	-0.0103563	
7.08424	-0.0030003	
7.08448	0.00172348	
7.08473	0.0091071	
7.08497	0.0180055	
7.08522	0.0187552	
7.08546	0.0108737	
7.08571	0.00818977	
7.08595	0.0168385	
7.0862	0.0226062	
7.08644	0.0134861	
7.08668	0.00130563	
7.08693	0.00370846	
7.08717	0.0158434	
7.08742	0.0201389	
7.08766	0.0156615	
7.08791	0.014912	
7.08815	0.0165873	
7.0884	0.00690534	
7.08864	-0.011764	
7.08889	-0.0187624	
7.08913	-0.00675076	
7.08938	0.00699676	
7.08962	0.00818993	
7.08986	0.00375422	
7.09011	0.0036532	
7.09035	0.00430029	
7.0906	0.0015045	
7.09084	0.00214129	
7.09109	0.00955206	
7.09133	0.0124826	
7.09158	0.00292878	
7.09182	-0.00762388	
7.09207	-0.00442288	
7.09231	0.00827617	
7.09255	0.0153437	
7.0928	0.0129634	
7.09304	0.00931645	
7.09329	0.00959488	
7.09353	0.0124009	
7.09378	0.0158613	
7.09402	0.017381	
7.09427	0.0127981	
7.09451	0.00417652	
7.09476	0.0016394	
7.095	0.00939128	
7.09525	0.0177027	
7.09549	0.0168465	
7.09573	0.0101704	
7.09598	0.00495777	
7.09622	0.000582998	
7.09647	-0.00453057	
7.09671	-0.00506264	
7.09696	0.000770182	
7.0972	0.00366821	
7.09745	-0.00181749	
7.09769	-0.00591688	
7.09794	-0.000353936	
7.09818	0.00558046	
7.09843	0.00110159	
7.09867	-0.00579652	
7.09891	-0.0021624	
7.09916	0.00650706	
7.0994	0.00654194	
7.09965	0.000386793	
7.09989	-0.000690292	
7.10014	0.000639751	
7.10038	-0.00400701	
7.10063	-0.00556113	
7.10087	0.00994538	
7.10112	0.030026	
7.10136	0.0274106	
7.10161	0.00403537	
7.10185	-0.00789613	
7.10209	0.00482644	
7.10234	0.0169966	
7.10258	0.0071969	
7.10283	-0.00908324	
7.10307	-0.00718357	
7.10332	0.00845338	
7.10356	0.0158815	
7.10381	0.0105394	
7.10405	0.00664526	
7.1043	0.0116211	
7.10454	0.017584	
7.10478	0.0156006	
7.10503	0.00596113	
7.10527	-0.00427668	
7.10552	-0.00734257	
7.10576	-0.00176309	
7.10601	0.00385278	
7.10625	0.000600209	
7.1065	-0.00648133	
7.10674	-0.00478545	
7.10699	0.00446047	
7.10723	0.00618704	
7.10748	-0.00365309	
7.10772	-0.0104559	
7.10796	-0.0051809	
7.10821	0.00135949	
7.10845	-0.00134593	
7.1087	-0.00563487	
7.10894	-0.000899435	
7.10919	0.00741456	
7.10943	0.00803681	
7.10968	0.0017407	
7.10992	-0.00392007	
7.11017	-0.00757217	
7.11041	-0.010168	
7.11066	-0.00849163	
7.1109	-0.00304626	
7.11114	-0.00127767	
7.11139	-0.00334759	
7.11163	0.00173448	
7.11188	0.0153525	
7.11212	0.0209329	
7.11237	0.0097621	
7.11261	-0.00215419	
7.11286	0.000166419	
7.1131	0.00566537	
7.11335	-0.00100629	
7.11359	-0.00919932	
7.11384	0.000333006	
7.11408	0.0197056	
7.11432	0.0239951	
7.11457	0.0103458	
7.11481	-0.000901128	
7.11506	-0.000821192	
7.1153	-0.000263589	
7.11555	-0.0038817	
7.11579	-0.00269728	
7.11604	0.00406493	
7.11628	0.00452511	
7.11653	-0.00268037	
7.11677	-0.00298841	
7.11701	0.00908643	
7.11726	0.0195113	
7.1175	0.0174424	
7.11775	0.0108076	
7.11799	0.0105202	
7.11824	0.01437	
7.11848	0.0152639	
7.11873	0.0127915	
7.11897	0.00899402	
7.11922	0.00351359	
7.11946	-0.0012317	
7.11971	-0.000203863	
7.11995	0.00471449	
7.12019	0.00534381	
7.12044	0.000283801	
7.12068	-0.00268881	
7.12093	0.0010032	
7.12117	0.00812335	
7.12142	0.0153142	
7.12166	0.0202887	
7.12191	0.017293	
7.12215	0.00493238	
7.1224	-0.00416668	
7.12264	0.0020851	
7.12289	0.0135405	
7.12313	0.0103982	
7.12337	-0.0037537	
7.12362	-0.00524367	
7.12386	0.0105072	
7.12411	0.0193245	
7.12435	0.00665561	
7.1246	-0.00955882	
7.12484	-0.00840895	
7.12509	0.00355131	
7.12533	0.00860906	
7.12558	0.00643309	
7.12582	0.00706307	
7.12607	0.0092522	
7.12631	0.00549654	
7.12655	-0.000671117	
7.1268	-0.000521775	
7.12704	0.00307733	
7.12729	0.000506504	
7.12753	-0.00746018	
7.12778	-0.0109053	
7.12802	-0.00598756	
7.12827	0.00182227	
7.12851	0.00659635	
7.12876	0.00589132	
7.129	7.47447e-07	
7.12924	-0.0063064	
7.12949	-0.00676133	
7.12973	-0.00309774	
7.12998	-0.00389632	
7.13022	-0.00980272	
7.13047	-0.0106465	
7.13071	-0.00271835	
7.13096	0.00390658	
7.1312	0.00292322	
7.13145	0.0027788	
7.13169	0.00995603	
7.13194	0.0151131	
7.13218	0.00871365	
7.13242	-0.00181834	
7.13267	-0.00467226	
7.13291	-0.00240811	
7.13316	-0.00347098	
7.1334	-0.00505729	
7.13365	-0.00026561	
7.13389	0.0061025	
7.13414	0.00507815	
7.13438	0.000158974	
7.13463	0.000965371	
7.13487	0.00633868	
7.13512	0.00869339	
7.13536	0.00916272	
7.1356	0.0130892	
7.13585	0.0161035	
7.13609	0.0105415	
7.13634	0.00107395	
7.13658	-0.00176978	
7.13683	0.000638632	
7.13707	-0.000558986	
7.13732	-0.00395825	
7.13756	-0.00146474	
7.13781	0.00377011	
7.13805	0.000979234	
7.1383	-0.00791741	
7.13854	-0.0095133	
7.13878	-0.00114935	
7.13903	0.00509148	
7.13927	0.00288802	
7.13952	0.000117224	
7.13976	0.00300372	
7.14001	0.00632026	
7.14025	0.00465275	
7.1405	0.00154685	
7.14074	0.001973	
7.14099	0.00457141	
7.14123	0.00554499	
7.14147	0.00386001	
7.14172	0.00114552	
7.14196	0.00152943	
7.14221	0.0091443	
7.14245	0.0195371	
7.1427	0.0194635	
7.14294	0.00481092	
7.14319	-0.00829819	
7.14343	-0.00335796	
7.14368	0.0120173	
7.14392	0.0171407	
7.14417	0.00849419	
7.14441	0.000784227	
7.14465	0.00115774	
7.1449	0.00231777	
7.14514	0.000777581	
7.14539	0.00178273	
7.14563	0.00448441	
7.14588	0.00205682	
7.14612	-0.00111749	
7.14637	0.00696262	
7.14661	0.0215819	
7.14686	0.0226429	
7.1471	0.0066473	
7.14735	-0.00511346	
7.14759	0.000376019	
7.14783	0.00883503	
7.14808	0.00531382	
7.14832	-0.00136017	
7.14857	0.00276856	
7.14881	0.0117042	
7.14906	0.0118703	
7.1493	0.00567401	
7.14955	0.00389605	
7.14979	0.00550183	
7.15004	0.0032897	
7.15028	0.00069067	
7.15053	0.00507283	
7.15077	0.0114558	
7.15101	0.0100235	
7.15126	0.00401959	
7.1515	0.00386461	
7.15175	0.00882384	
7.15199	0.0106026	
7.15224	0.0100846	
7.15248	0.0136405	
7.15273	0.0169835	
7.15297	0.0106962	
7.15322	-0.000300913	
7.15346	-0.00136276	
7.1537	0.00755776	
7.15395	0.0107187	
7.15419	0.0026297	
7.15444	-0.00297929	
7.15468	0.0032956	
7.15493	0.0106594	
7.15517	0.00615806	
7.15542	-0.00410894	
7.15566	-0.00453299	
7.15591	0.00669538	
7.15615	0.0162686	
7.1564	0.0149942	
7.15664	0.00779456	
7.15688	0.00383914	
7.15713	0.00478076	
7.15737	0.00645216	
7.15762	0.00761263	
7.15786	0.0113606	
7.15811	0.0177759	
7.15835	0.0204416	
7.1586	0.0145906	
7.15884	0.00580347	
7.15909	0.00402749	
7.15933	0.00949286	
7.15958	0.0123832	
7.15982	0.00800286	
7.16006	0.00338614	
7.16031	0.00503514	
7.16055	0.00938183	
7.1608	0.0114804	
7.16104	0.0137968	
7.16129	0.0181206	
7.16153	0.0179514	
7.16178	0.00980053	
7.16202	0.003879	
7.16227	0.0102989	
7.16251	0.0210885	
7.16276	0.0210636	
7.163	0.0121152	
7.16324	0.00968681	
7.16349	0.0167321	
7.16373	0.0194635	
7.16398	0.0112513	
7.16422	0.00299379	
7.16447	0.00408344	
7.16471	0.00896962	
7.16496	0.0102975	
7.1652	0.0111516	
7.16545	0.0149426	
7.16569	0.0155957	
7.16594	0.00844526	
7.16618	0.000787554	
7.16642	0.000892774	
7.16667	0.00518185	
7.16691	0.00681933	
7.16716	0.00861164	
7.1674	0.015602	
7.16765	0.0220411	
7.16789	0.0189384	
7.16814	0.00999166	
7.16838	0.00689014	
7.16863	0.0111622	
7.16887	0.0131521	
7.16911	0.00841844	
7.16936	0.00365956	
7.1696	0.0052543	
7.16985	0.0114042	
7.17009	0.0169238	
7.17034	0.0179329	
7.17058	0.0116752	
7.17083	-0.000154249	
7.17107	-0.00793191	
7.17132	-0.00278387	
7.17156	0.0105157	
7.17181	0.0179125	
7.17205	0.0142166	
7.17229	0.00788121	
7.17254	0.00638795	
7.17278	0.00716315	
7.17303	0.00650118	
7.17327	0.00736143	
7.17352	0.0121679	
7.17376	0.015956	
7.17401	0.013728	
7.17425	0.0087083	
7.1745	0.00660603	
7.17474	0.00664787	
7.17499	0.00499912	
7.17523	0.00299108	
7.17547	0.00512602	
7.17572	0.0114861	
7.17596	0.0179757	
7.17621	0.0218005	
7.17645	0.0216636	
7.1767	0.0154541	
7.17694	0.00371299	
7.17719	-0.00655456	
7.17743	-0.00747448	
7.17768	0.000977916	
7.17792	0.0120118	
7.17817	0.0197091	
7.17841	0.02133	
7.17865	0.0154664	
7.1789	0.00473356	
7.17914	-0.00202393	
7.17939	0.00173327	
7.17963	0.0101745	
7.17988	0.0117798	
7.18012	0.00609728	
7.18037	0.00409	
7.18061	0.00957562	
7.18086	0.0115381	
7.1811	0.00189689	
7.18134	-0.00875482	
7.18159	-0.00467933	
7.18183	0.0107357	
7.18208	0.0178503	
7.18232	0.00860584	
7.18257	-0.00156601	
7.18281	0.004099	
7.18306	0.019782	
7.1833	0.0259933	
7.18355	0.0175027	
7.18379	0.00949958	
7.18404	0.0144343	
7.18428	0.0244244	
7.18452	0.023861	
7.18477	0.011901	
7.18501	0.00241154	
7.18526	0.00439011	
7.1855	0.012693	
7.18575	0.0189283	
7.18599	0.0218989	
7.18624	0.0232492	
7.18648	0.0209371	
7.18673	0.0138338	
7.18697	0.00781618	
7.18722	0.00987464	
7.18746	0.0183196	
7.1877	0.0248855	
7.18795	0.0250308	
7.18819	0.0207937	
7.18844	0.0152899	
7.18868	0.0105495	
7.18893	0.00960421	
7.18917	0.0138316	
7.18942	0.0181645	
7.18966	0.0157725	
7.18991	0.0084383	
7.19015	0.00525799	
7.1904	0.0092966	
7.19064	0.0132599	
7.19088	0.0120108	
7.19113	0.0113248	
7.19137	0.0174405	
7.19162	0.0241437	
7.19186	0.0197924	
7.19211	0.00517607	
7.19235	-0.00492602	
7.1926	0.000344376	
7.19284	0.0153	
7.19309	0.025882	
7.19333	0.025475	
7.19357	0.0189583	
7.19382	0.0143353	
7.19406	0.0147259	
7.19431	0.0179496	
7.19455	0.0206917	
7.1948	0.0218358	
7.19504	0.022455	
7.19529	0.0231441	
7.19553	0.0220212	
7.19578	0.0165823	
7.19602	0.0077776	
7.19627	0.00067265	
7.19651	-0.000303986	
7.19675	0.00407082	
7.197	0.00949471	
7.19724	0.0136693	
7.19749	0.0176834	
7.19773	0.0214504	
7.19798	0.0211834	
7.19822	0.0146939	
7.19847	0.00735059	
7.19871	0.00759611	
7.19896	0.0155081	
7.1992	0.0209302	
7.19945	0.0164164	
7.19969	0.00774603	
7.19993	0.00589986	
7.20018	0.0111519	
7.20042	0.012759	
7.20067	0.0051703	
7.20091	-0.00303913	
7.20116	-0.00038355	
7.2014	0.012617	
7.20165	0.0246621	
7.20189	0.0266501	
7.20214	0.0189693	
7.20238	0.00845921	
7.20263	0.00274032	
7.20287	0.0054708	
7.20311	0.0124177	
7.20336	0.0140592	
7.2036	0.00728845	
7.20385	0.002396	
7.20409	0.0112476	
7.20434	0.0291857	
7.20458	0.0377748	
7.20483	0.0281947	
7.20507	0.0130757	
7.20532	0.00950314	
7.20556	0.0178677	
7.2058	0.0257239	
7.20605	0.0267836	
7.20629	0.0254499	
7.20654	0.0249362	
7.20678	0.0226917	
7.20703	0.0189668	
7.20727	0.0190406	
7.20752	0.0228393	
7.20776	0.0219786	
7.20801	0.0131745	
7.20825	0.00596172	
7.2085	0.00884753	
7.20874	0.0148993	
7.20898	0.0115889	
7.20923	0.000386663	
7.20947	-0.00551941	
7.20972	-0.00153532	
7.20996	0.00293694	
7.21021	0.00137036	
7.21045	0.000170068	
7.2107	0.00632084	
7.21094	0.0148531	
7.21119	0.0165233	
7.21143	0.0113348	
7.21168	0.00641329	
7.21192	0.00516766	
7.21216	0.00624374	
7.21241	0.00945871	
7.21265	0.0145865	
7.2129	0.0167354	
7.21314	0.0114207	
7.21339	0.00338986	
7.21363	0.00233311	
7.21388	0.00950031	
7.21412	0.0162719	
7.21437	0.0171063	
7.21461	0.0159939	
7.21486	0.0174335	
7.2151	0.0186981	
7.21534	0.0157514	
7.21559	0.0108794	
7.21583	0.00883098	
7.21608	0.00960821	
7.21632	0.0105637	
7.21657	0.0121718	
7.21681	0.0159403	
7.21706	0.0193903	
7.2173	0.019316	
7.21755	0.01797	
7.21779	0.0191217	
7.21803	0.0194014	
7.21828	0.012092	
7.21852	0.00034882	
7.21877	-0.00288273	
7.21901	0.00753783	
7.21926	0.0197897	
7.2195	0.0204463	
7.21975	0.0123499	
7.21999	0.00827073	
7.22024	0.0114847	
7.22048	0.01372	
7.22073	0.0107975	
7.22097	0.00841444	
7.22121	0.0105062	
7.22146	0.0130002	
7.2217	0.0131343	
7.22195	0.0143832	
7.22219	0.0164831	
7.22244	0.011618	
7.22268	-0.000586493	
7.22293	-0.00465234	
7.22317	0.0110535	
7.22342	0.0331395	
7.22366	0.0371839	
7.22391	0.0203687	
7.22415	0.00446161	
7.22439	0.00527155	
7.22464	0.0146705	
7.22488	0.0178236	
7.22513	0.0139914	
7.22537	0.0113455	
7.22562	0.0117289	
7.22586	0.0114619	
7.22611	0.0112294	
7.22635	0.0149234	
7.2266	0.0211237	
7.22684	0.0236724	
7.22709	0.0199141	
7.22733	0.0130565	
7.22757	0.00719251	
7.22782	0.00395962	
7.22806	0.00337155	
7.22831	0.00514994	
7.22855	0.0094133	
7.2288	0.0163876	
7.22904	0.0239901	
7.22929	0.0273262	
7.22953	0.0242779	
7.22978	0.0195003	
7.23002	0.017456	
7.23026	0.0145021	
7.23051	0.00614731	
7.23075	-0.000931927	
7.231	0.00376503	
7.23124	0.0160559	
7.23149	0.0205368	
7.23173	0.0146001	
7.23198	0.0126191	
7.23222	0.0208336	
7.23247	0.0257608	
7.23271	0.0175268	
7.23296	0.00758201	
7.2332	0.00914864	
7.23344	0.0151802	
7.23369	0.0129607	
7.23393	0.0077359	
7.23418	0.0119238	
7.23442	0.0206107	
7.23467	0.0195791	
7.23491	0.011147	
7.23516	0.00941946	
7.2354	0.0137307	
7.23565	0.0105859	
7.23589	0.00129944	
7.23614	0.00277031	
7.23638	0.0169033	
7.23662	0.0236177	
7.23687	0.0127506	
7.23711	0.000913008	
7.23736	0.00475169	
7.2376	0.0164195	
7.23785	0.0198151	
7.23809	0.0153955	
7.23834	0.0129488	
7.23858	0.0121044	
7.23883	0.00707262	
7.23907	0.00232933	
7.23932	0.00679271	
7.23956	0.0170039	
7.2398	0.0210657	
7.24005	0.0169856	
7.24029	0.0138209	
7.24054	0.0156209	
7.24078	0.0165146	
7.24103	0.0126785	
7.24127	0.00838904	
7.24152	0.00761181	
7.24176	0.00808564	
7.24201	0.00727898	
7.24225	0.00777815	
7.2425	0.0125963	
7.24274	0.0192303	
7.24298	0.0223845	
7.24323	0.0208471	
7.24347	0.0183329	
7.24372	0.0175631	
7.24396	0.0162292	
7.24421	0.0110081	
7.24445	0.00443324	
7.2447	0.00364034	
7.24494	0.0107187	
7.24519	0.0188311	
7.24543	0.0217055	
7.24567	0.0221948	
7.24592	0.0250892	
7.24616	0.0260116	
7.24641	0.0174619	
7.24665	0.00430165	
7.2469	0.00140264	
7.24714	0.0133423	
7.24739	0.0270201	
7.24763	0.0292752	
7.24788	0.0228593	
7.24812	0.0188711	
7.24837	0.0208905	
7.24861	0.0238219	
7.24885	0.0232906	
7.2491	0.0193718	
7.24934	0.0142253	
7.24959	0.0110244	
7.24983	0.0122559	
7.25008	0.0155479	
7.25032	0.0150143	
7.25057	0.00971733	
7.25081	0.00597378	
7.25106	0.00815964	
7.2513	0.01291	
7.25155	0.0160609	
7.25179	0.0187006	
7.25203	0.0213668	
7.25228	0.01926	
7.25252	0.0103102	
7.25277	0.0022484	
7.25301	0.00342759	
7.25326	0.0105229	
7.2535	0.0135673	
7.25375	0.0104884	
7.25399	0.00840561	
7.25424	0.0117917	
7.25448	0.0170161	
7.25473	0.0188128	
7.25497	0.0161806	
7.25521	0.0116754	
7.25546	0.00935267	
7.2557	0.0122915	
7.25595	0.0175858	
7.25619	0.0163052	
7.25644	0.0048498	
7.25668	-0.00579077	
7.25693	-0.000753522	
7.25717	0.0181701	
7.25742	0.0316385	
7.25766	0.0260141	
7.2579	0.0101806	
7.25815	0.00349747	
7.25839	0.0120441	
7.25864	0.0238958	
7.25888	0.0259091	
7.25913	0.0178714	
7.25937	0.00877054	
7.25962	0.00504657	
7.25986	0.00645404	
7.26011	0.0102553	
7.26035	0.0143591	
7.2606	0.0164895	
7.26084	0.0145805	
7.26108	0.00983787	
7.26133	0.00689995	
7.26157	0.00904084	
7.26182	0.01468	
7.26206	0.0197924	
7.26231	0.0218658	
7.26255	0.0204742	
7.2628	0.0167198	
7.26304	0.0138666	
7.26329	0.0153163	
7.26353	0.0192874	
7.26378	0.0188991	
7.26402	0.0113213	
7.26426	0.00352203	
7.26451	0.00385738	
7.26475	0.010551	
7.265	0.0147191	
7.26524	0.0133858	
7.26549	0.0123593	
7.26573	0.0156837	
7.26598	0.0193187	
7.26622	0.018104	
7.26647	0.0136952	
7.26671	0.0117918	
7.26696	0.0145508	
7.2672	0.0190272	
7.26744	0.0216426	
7.26769	0.0218756	
7.26793	0.0219777	
7.26818	0.0238688	
7.26842	0.026341	
7.26867	0.0262244	
7.26891	0.0229192	
7.26916	0.0198259	
7.2694	0.0196847	
7.26965	0.0207111	
7.26989	0.019658	
7.27013	0.0165588	
7.27038	0.0140256	
7.27062	0.0139006	
7.27087	0.0165205	
7.27111	0.0205679	
7.27136	0.0220956	
7.2716	0.0179319	
7.27185	0.0119966	
7.27209	0.0125418	
7.27234	0.0201475	
7.27258	0.0254563	
7.27283	0.0231011	
7.27307	0.0195161	
7.27331	0.0204998	
7.27356	0.0204367	
7.2738	0.0136285	
7.27405	0.00753665	
7.27429	0.0119011	
7.27454	0.0212986	
7.27478	0.0230671	
7.27503	0.0181176	
7.27527	0.0183978	
7.27552	0.026046	
7.27576	0.0310256	
7.27601	0.0291628	
7.27625	0.0268499	
7.27649	0.0267821	
7.27674	0.0244472	
7.27698	0.0206943	
7.27723	0.0220067	
7.27747	0.0254039	
7.27772	0.0196933	
7.27796	0.00668658	
7.27821	0.0040552	
7.27845	0.0190084	
7.2787	0.03497	
7.27894	0.0350293	
7.27919	0.0250073	
7.27943	0.0209929	
7.27967	0.0251678	
7.27992	0.0276894	
7.28016	0.0250428	
7.28041	0.0231061	
7.28065	0.0255233	
7.2809	0.0295798	
7.28114	0.0321057	
7.28139	0.0327254	
7.28163	0.0330444	
7.28188	0.0359897	
7.28212	0.0417261	
7.28236	0.0424913	
7.28261	0.0295244	
7.28285	0.00847816	
7.2831	-0.00195137	
7.28334	0.00717477	
7.28359	0.02301	
7.28383	0.0289797	
7.28408	0.0256353	
7.28432	0.0242977	
7.28457	0.0281195	
7.28481	0.0309521	
7.28506	0.0302457	
7.2853	0.0297524	
7.28554	0.030803	
7.28579	0.029992	
7.28603	0.0259443	
7.28628	0.0222731	
7.28652	0.0230703	
7.28677	0.0285837	
7.28701	0.0348812	
7.28726	0.0365822	
7.2875	0.032079	
7.28775	0.0264829	
7.28799	0.0260784	
7.28824	0.0302105	
7.28848	0.0331556	
7.28872	0.0328741	
7.28897	0.0320385	
7.28921	0.0321502	
7.28946	0.0339589	
7.2897	0.0412349	
7.28995	0.0547781	
7.29019	0.0655439	
7.29044	0.0654094	
7.29068	0.0620257	
7.29093	0.0687717	
7.29117	0.0826833	
7.29142	0.0906353	
7.29166	0.096706	
7.2919	0.120462	
7.29215	0.162889	
7.29239	0.197357	
7.29264	0.204628	
7.29288	0.195727	
7.29313	0.188889	
7.29337	0.186655	
7.29362	0.191357	
7.29386	0.219535	
7.29411	0.276704	
7.29435	0.333797	
7.29459	0.353907	
7.29484	0.332854	
7.29508	0.293083	
7.29533	0.250334	
7.29557	0.210661	
7.29582	0.188556	
7.29606	0.196801	
7.29631	0.220252	
7.29655	0.227142	
7.2968	0.208399	
7.29704	0.182524	
7.29729	0.160955	
7.29753	0.13481	
7.29777	0.101481	
7.29802	0.0782334	
7.29826	0.0765583	
7.29851	0.0826223	
7.29875	0.0778043	
7.299	0.0645665	
7.29924	0.057822	
7.29949	0.0612058	
7.29973	0.0659617	
7.29998	0.0669177	
7.30022	0.0667375	
7.30047	0.0670101	
7.30071	0.0654185	
7.30095	0.0619192	
7.3012	0.0608777	
7.30144	0.0657838	
7.30169	0.0752811	
7.30193	0.0853537	
7.30218	0.0938709	
7.30242	0.10234	
7.30267	0.113408	
7.30291	0.128087	
7.30316	0.147885	
7.3034	0.178066	
7.30365	0.221758	
7.30389	0.268475	
7.30413	0.297372	
7.30438	0.300208	
7.30462	0.296155	
7.30487	0.314023	
7.30511	0.360773	
7.30536	0.415927	
7.3056	0.458265	
7.30585	0.491997	
7.30609	0.543489	
7.30634	0.632327	
7.30658	0.743798	
7.30682	0.830152	
7.30707	0.846313	
7.30731	0.790434	
7.30756	0.706135	
7.3078	0.640559	
7.30805	0.603723	
7.30829	0.572015	
7.30854	0.5245	
7.30878	0.467319	
7.30903	0.424132	
7.30927	0.409278	
7.30952	0.412448	
7.30976	0.409543	
7.31	0.388786	
7.31025	0.361937	
7.31049	0.344967	
7.31074	0.334388	
7.31098	0.314605	
7.31123	0.283888	
7.31147	0.25576	
7.31172	0.235093	
7.31196	0.212824	
7.31221	0.188084	
7.31245	0.174205	
7.3127	0.174989	
7.31294	0.176395	
7.31318	0.172205	
7.31343	0.175508	
7.31367	0.190634	
7.31392	0.196879	
7.31416	0.179473	
7.31441	0.155863	
7.31465	0.148983	
7.3149	0.153513	
7.31514	0.153101	
7.31539	0.15243	
7.31563	0.163762	
7.31588	0.178582	
7.31612	0.185446	
7.31636	0.202456	
7.31661	0.254564	
7.31685	0.325916	
7.3171	0.373317	
7.31734	0.385559	
7.31759	0.39153	
7.31783	0.408487	
7.31808	0.423657	
7.31832	0.436264	
7.31857	0.475725	
7.31881	0.555332	
7.31906	0.637483	
7.3193	0.669685	
7.31954	0.637659	
7.31979	0.567063	
7.32003	0.492454	
7.32028	0.441468	
7.32052	0.430991	
7.32077	0.457945	
7.32101	0.502247	
7.32126	0.549969	
7.3215	0.602819	
7.32175	0.658952	
7.32199	0.703294	
7.32223	0.72792	
7.32248	0.743539	
7.32272	0.757472	
7.32297	0.758535	
7.32321	0.739571	
7.32346	0.717945	
7.3237	0.714925	
7.32395	0.727991	
7.32419	0.74177	
7.32444	0.754133	
7.32468	0.771879	
7.32493	0.791092	
7.32517	0.803805	
7.32541	0.81871	
7.32566	0.853781	
7.3259	0.908598	
7.32615	0.961626	
7.32639	0.996618	
7.32664	1.01674	
7.32688	1.02884	
7.32713	1.02659	
7.32737	0.996992	
7.32762	0.93832	
7.32786	0.865265	
7.32811	0.795588	
7.32835	0.733697	
7.32859	0.67083	
7.32884	0.602989	
7.32908	0.542476	
7.32933	0.503959	
7.32957	0.484367	
7.32982	0.468278	
7.33006	0.449712	
7.33031	0.43393	
7.33055	0.419632	
7.3308	0.397991	
7.33104	0.371744	
7.33129	0.355659	
7.33153	0.352088	
7.33177	0.345317	
7.33202	0.327877	
7.33226	0.313198	
7.33251	0.312219	
7.33275	0.317207	
7.333	0.321155	
7.33324	0.33354	
7.33349	0.362176	
7.33373	0.399329	
7.33398	0.443317	
7.33422	0.513062	
7.33446	0.61751	
7.33471	0.727567	
7.33495	0.806053	
7.3352	0.854028	
7.33544	0.899158	
7.33569	0.946397	
7.33593	0.971098	
7.33618	0.960318	
7.33642	0.932931	
7.33667	0.914927	
7.33691	0.918068	
7.33716	0.947509	
7.3374	1.00939	
7.33764	1.10355	
7.33789	1.22307	
7.33813	1.36253	
7.33838	1.5112	
7.33862	1.64034	
7.33887	1.71832	
7.33911	1.74059	
7.33936	1.72474	
7.3396	1.67568	
7.33985	1.58114	
7.34009	1.44682	
7.34034	1.3079	
7.34058	1.19164	
7.34082	1.09122	
7.34107	0.992045	
7.34131	0.90154	
7.34156	0.832575	
7.3418	0.775795	
7.34205	0.712962	
7.34229	0.645616	
7.34254	0.586134	
7.34278	0.529423	
7.34303	0.459908	
7.34327	0.382806	
7.34352	0.321395	
7.34376	0.280889	
7.344	0.240686	
7.34425	0.189956	
7.34449	0.14703	
7.34474	0.129915	
7.34498	0.127387	
7.34523	0.11783	
7.34547	0.102594	
7.34572	0.0987034	
7.34596	0.105864	
7.34621	0.104512	
7.34645	0.0874119	
7.34669	0.0712125	
7.34694	0.0692672	
7.34718	0.0714758	
7.34743	0.0633797	
7.34767	0.0508432	
7.34792	0.0493647	
7.34816	0.0575994	
7.34841	0.0597377	
7.34865	0.0510979	
7.3489	0.0436663	
7.34914	0.045065	
7.34939	0.0487289	
7.34963	0.0493066	
7.34987	0.0520277	
7.35012	0.0591961	
7.35036	0.0616981	
7.35061	0.0543912	
7.35085	0.0479174	
7.3511	0.0529552	
7.35134	0.0628503	
7.35159	0.0656139	
7.35183	0.0643577	
7.35208	0.0697777	
7.35232	0.0788139	
7.35257	0.0790421	
7.35281	0.0713436	
7.35305	0.0688895	
7.3533	0.0729433	
7.35354	0.069656	
7.35379	0.05594	
7.35403	0.0490864	
7.35428	0.0607506	
7.35452	0.0778308	
7.35477	0.0825058	
7.35501	0.0784575	
7.35526	0.0817134	
7.3555	0.0943813	
7.35575	0.10435	
7.35599	0.106891	
7.35623	0.110144	
7.35648	0.118751	
7.35672	0.126169	
7.35697	0.127002	
7.35721	0.126463	
7.35746	0.132571	
7.3577	0.145781	
7.35795	0.160944	
7.35819	0.175574	
7.35844	0.193364	
7.35868	0.222056	
7.35892	0.267622	
7.35917	0.326155	
7.35941	0.381672	
7.35966	0.418555	
7.3599	0.439891	
7.36015	0.470402	
7.36039	0.53738	
7.36064	0.64711	
7.36088	0.77781	
7.36113	0.894825	
7.36137	0.9777	
7.36162	1.03766	
7.36186	1.10504	
7.3621	1.19188	
7.36235	1.26794	
7.36259	1.2819	
7.36284	1.20737	
7.36308	1.0624	
7.36333	0.886581	
7.36357	0.711518	
7.36382	0.55604	
7.36406	0.434273	
7.36431	0.353202	
7.36455	0.305852	
7.3648	0.27852	
7.36504	0.266381	
7.36528	0.276157	
7.36553	0.312965	
7.36577	0.368464	
7.36602	0.42162	
7.36626	0.449278	
7.36651	0.439887	
7.36675	0.401689	
7.367	0.355356	
7.36724	0.314693	
7.36749	0.277374	
7.36773	0.237717	
7.36798	0.2019	
7.36822	0.181796	
7.36846	0.177515	
7.36871	0.177154	
7.36895	0.174796	
7.3692	0.178849	
7.36944	0.198511	
7.36969	0.229178	
7.36993	0.257193	
7.37018	0.275997	
7.37042	0.293017	
7.37067	0.320856	
7.37091	0.363777	
7.37115	0.414371	
7.3714	0.465501	
7.37164	0.524194	
7.37189	0.605824	
7.37213	0.708785	
7.37238	0.801846	
7.37262	0.848332	
7.37287	0.843402	
7.37311	0.819692	
7.37336	0.816712	
7.3736	0.852002	
7.37385	0.918068	
7.37409	0.991237	
7.37433	1.03853	
7.37458	1.03154	
7.37482	0.968982	
7.37507	0.883518	
7.37531	0.817673	
7.37556	0.791958	
7.3758	0.796432	
7.37605	0.805108	
7.37629	0.792041	
7.37654	0.740898	
7.37678	0.652205	
7.37703	0.544539	
7.37727	0.44271	
7.37751	0.361182	
7.37776	0.299653	
7.378	0.253384	
7.37825	0.223493	
7.37849	0.214456	
7.37874	0.222601	
7.37898	0.23152	
7.37923	0.224622	
7.37947	0.203252	
7.37972	0.185606	
7.37996	0.18288	
7.38021	0.183446	
7.38045	0.169491	
7.38069	0.143387	
7.38094	0.124251	
7.38118	0.120521	
7.38143	0.121554	
7.38167	0.118895	
7.38192	0.120249	
7.38216	0.13508	
7.38241	0.158932	
7.38265	0.181054	
7.3829	0.198073	
7.38314	0.211692	
7.38338	0.221314	
7.38363	0.22704	
7.38387	0.232236	
7.38412	0.235953	
7.38436	0.231487	
7.38461	0.220035	
7.38485	0.215726	
7.3851	0.227561	
7.38534	0.246746	
7.38559	0.264256	
7.38583	0.291296	
7.38608	0.345161	
7.38632	0.41776	
7.38656	0.473618	
7.38681	0.481618	
7.38705	0.441256	
7.3873	0.379914	
7.38754	0.332498	
7.38779	0.319625	
7.38803	0.334276	
7.38828	0.348886	
7.38852	0.341209	
7.38877	0.311059	
7.38901	0.268998	
7.38926	0.219289	
7.3895	0.164587	
7.38974	0.117764	
7.38999	0.0924747	
7.39023	0.0847146	
7.39048	0.0777985	
7.39072	0.0645088	
7.39097	0.0520325	
7.39121	0.0464238	
7.39146	0.0449905	
7.3917	0.0443993	
7.39195	0.0449995	
7.39219	0.0460497	
7.39244	0.0455122	
7.39268	0.0443948	
7.39292	0.0441289	
7.39317	0.0424737	
7.39341	0.0391278	
7.39366	0.0394494	
7.3939	0.043831	
7.39415	0.042114	
7.39439	0.0308139	
7.39464	0.0257179	
7.39488	0.0403316	
7.39513	0.0612403	
7.39537	0.0663593	
7.39561	0.0603563	
7.39586	0.0661195	
7.3961	0.0844669	
7.39635	0.0919746	
7.39659	0.0816902	
7.39684	0.0753683	
7.39708	0.0857632	
7.39733	0.0956604	
7.39757	0.0891936	
7.39782	0.0781882	
7.39806	0.0785718	
7.39831	0.0827953	
7.39855	0.0775189	
7.39879	0.0708395	
7.39904	0.0784956	
7.39928	0.0966272	
7.39953	0.111798	
7.39977	0.12731	
7.40002	0.155051	
7.40026	0.188492	
7.40051	0.208852	
7.40075	0.215307	
7.401	0.225718	
7.40124	0.248393	
7.40149	0.277568	
7.40173	0.320618	
7.40197	0.405292	
7.40222	0.546969	
7.40246	0.722228	
7.40271	0.884412	
7.40295	0.995602	
7.4032	1.03931	
7.40344	1.01819	
7.40369	0.951884	
7.40393	0.867187	
7.40418	0.77746	
7.40442	0.67692	
7.40467	0.564263	
7.40491	0.463714	
7.40515	0.407851	
7.4054	0.401089	
7.40564	0.413519	
7.40589	0.41265	
7.40613	0.389806	
7.40638	0.352564	
7.40662	0.305767	
7.40687	0.251503	
7.40711	0.199462	
7.40736	0.162134	
7.4076	0.139793	
7.40785	0.121656	
7.40809	0.103418	
7.40833	0.092769	
7.40858	0.0942962	
7.40882	0.100176	
7.40907	0.102349	
7.40931	0.104022	
7.40956	0.110395	
7.4098	0.116552	
7.41005	0.115542	
7.41029	0.11192	
7.41054	0.114916	
7.41078	0.122683	
7.41102	0.126832	
7.41127	0.130065	
7.41151	0.144595	
7.41176	0.17255	
7.412	0.202761	
7.41225	0.230716	
7.41249	0.268133	
7.41274	0.326033	
7.41298	0.398836	
7.41323	0.472711	
7.41347	0.54175	
7.41372	0.608772	
7.41396	0.676772	
7.4142	0.747602	
7.41445	0.826289	
7.41469	0.920712	
7.41494	1.03642	
7.41518	1.17111	
7.41543	1.31095	
7.41567	1.43466	
7.41592	1.52781	
7.41616	1.5917	
7.41641	1.63	
7.41665	1.62819	
7.4169	1.55853	
7.41714	1.4101	
7.41738	1.20695	
7.41763	0.994266	
7.41787	0.812638	
7.41812	0.682806	
7.41836	0.601148	
7.41861	0.544908	
7.41885	0.49149	
7.4191	0.437327	
7.41934	0.391546	
7.41959	0.352995	
7.41983	0.30766	
7.42008	0.251277	
7.42032	0.198791	
7.42056	0.164139	
7.42081	0.143663	
7.42105	0.127417	
7.4213	0.114468	
7.42154	0.107433	
7.42179	0.102648	
7.42203	0.0962807	
7.42228	0.0921193	
7.42252	0.0941409	
7.42277	0.0983181	
7.42301	0.0992349	
7.42325	0.0978978	
7.4235	0.0972987	
7.42374	0.098237	
7.42399	0.103713	
7.42423	0.117115	
7.42448	0.132478	
7.42472	0.140602	
7.42497	0.150003	
7.42521	0.183732	
7.42546	0.244686	
7.4257	0.301663	
7.42595	0.324766	
7.42619	0.319615	
7.42643	0.310789	
7.42668	0.30755	
7.42692	0.306984	
7.42717	0.317944	
7.42741	0.356022	
7.42766	0.419673	
7.4279	0.493984	
7.42815	0.57547	
7.42839	0.671188	
7.42864	0.772651	
7.42888	0.850434	
7.42913	0.878753	
7.42937	0.851892	
7.42961	0.776704	
7.42986	0.665258	
7.4301	0.537966	
7.43035	0.420206	
7.43059	0.329779	
7.43084	0.271846	
7.43108	0.241979	
7.43133	0.226182	
7.43157	0.205487	
7.43182	0.173419	
7.43206	0.143172	
7.43231	0.125861	
7.43255	0.111462	
7.43279	0.0871103	
7.43304	0.0625328	
7.43328	0.0546417	
7.43353	0.0556035	
7.43377	0.0435353	
7.43402	0.0209792	
7.43426	0.0129053	
7.43451	0.0250193	
7.43475	0.0344594	
7.435	0.028547	
7.43524	0.0230768	
7.43548	0.0305247	
7.43573	0.0378072	
7.43597	0.0318463	
7.43622	0.0232734	
7.43646	0.0256037	
7.43671	0.030568	
7.43695	0.0246611	
7.4372	0.0143556	
7.43744	0.0136912	
7.43769	0.0187959	
7.43793	0.0157695	
7.43818	0.00573582	
7.43842	0.00225273	
7.43866	0.00850199	
7.43891	0.0143459	
7.43915	0.0135633	
7.4394	0.00976626	
7.43964	0.00709281	
7.43989	0.00670615	
7.44013	0.0103002	
7.44038	0.0170834	
7.44062	0.020241	
7.44087	0.0153685	
7.44111	0.00887771	
7.44136	0.00959238	
7.4416	0.0159113	
7.44184	0.0193523	
7.44209	0.017007	
7.44233	0.0131622	
7.44258	0.0123357	
7.44282	0.0164145	
7.44307	0.0240403	
7.44331	0.0287166	
7.44356	0.0243916	
7.4438	0.0163581	
7.44405	0.0168018	
7.44429	0.0255378	
7.44454	0.0282918	
7.44478	0.0204575	
7.44502	0.0166702	
7.44527	0.0262592	
7.44551	0.0359625	
7.44576	0.0323494	
7.446	0.0259118	
7.44625	0.033402	
7.44649	0.0490896	
7.44674	0.0562029	
7.44698	0.0574639	
7.44723	0.0690694	
7.44747	0.0891027	
7.44771	0.0977507	
7.44796	0.0890318	
7.4482	0.0781173	
7.44845	0.0740298	
7.44869	0.0681298	
7.44894	0.0559287	
7.44918	0.0489666	
7.44943	0.0553681	
7.44967	0.0660991	
7.44992	0.0712523	
7.45016	0.0755313	
7.45041	0.0862782	
7.45065	0.0974664	
7.45089	0.0969866	
7.45114	0.0828441	
7.45138	0.0637471	
7.45163	0.04892	
7.45187	0.0423897	
7.45212	0.0417261	
7.45236	0.039416	
7.45261	0.031467	
7.45285	0.0248071	
7.4531	0.0277977	
7.45334	0.0349683	
7.45359	0.03363	
7.45383	0.0250565	
7.45407	0.0229894	
7.45432	0.0288115	
7.45456	0.0271525	
7.45481	0.0133599	
7.45505	0.00594465	
7.4553	0.0186	
7.45554	0.0362092	
7.45579	0.035853	
7.45603	0.0200695	
7.45628	0.0104621	
7.45652	0.0152668	
7.45677	0.0224443	
7.45701	0.0228167	
7.45725	0.0221067	
7.4575	0.0274257	
7.45774	0.0361019	
7.45799	0.0430369	
7.45823	0.0489411	
7.45848	0.05553	
7.45872	0.0594056	
7.45897	0.056445	
7.45921	0.0488264	
7.45946	0.0433277	
7.4597	0.0436627	
7.45994	0.0469649	
7.46019	0.0483221	
7.46043	0.0480313	
7.46068	0.0524497	
7.46092	0.0654269	
7.46117	0.0804024	
7.46141	0.0855668	
7.46166	0.077381	
7.4619	0.064291	
7.46215	0.0558003	
7.46239	0.0527532	
7.46264	0.0506546	
7.46288	0.0479688	
7.46312	0.0474376	
7.46337	0.051084	
7.46361	0.0559524	
7.46386	0.0547347	
7.4641	0.0426918	
7.46435	0.0256946	
7.46459	0.0165667	
7.46484	0.0189292	
7.46508	0.02125	
7.46533	0.0147197	
7.46557	0.00857018	
7.46582	0.0141375	
7.46606	0.0213324	
7.4663	0.0111885	
7.46655	-0.0105941	
7.46679	-0.0165257	
7.46704	0.00194217	
7.46728	0.0204368	
7.46753	0.0180841	
7.46777	0.00526122	
7.46802	0.000909035	
7.46826	0.00327418	
7.46851	0.00194508	
7.46875	0.000983798	
7.469	0.00765137	
7.46924	0.0117771	
7.46948	0.000772099	
7.46973	-0.0141001	
7.46997	-0.0114738	
7.47022	0.00551769	
7.47046	0.0133724	
7.47071	0.0050155	
7.47095	-0.00248199	
7.4712	0.000982643	
7.47144	0.00419674	
7.47169	-0.00138116	
7.47193	-0.00487766	
7.47217	0.00475091	
7.47242	0.0184724	
7.47266	0.0199289	
7.47291	0.00903142	
7.47315	0.000389622	
7.4734	0.00266475	
7.47364	0.00940426	
7.47389	0.00989775	
7.47413	0.00294159	
7.47438	-0.00268605	
7.47462	-0.000611352	
7.47487	0.00338173	
7.47511	-0.00104113	
7.47535	-0.0120836	
7.4756	-0.0158801	
7.47584	-0.00666423	
7.47609	0.00386125	
7.47633	0.00445913	
7.47658	0.000477041	
7.47682	0.00163512	
7.47707	0.00456786	
7.47731	0.00121984	
7.47756	-0.00447028	
7.4778	-0.00371079	
7.47805	0.000736724	
7.47829	0.00117696	
7.47853	0.000993931	
7.47878	0.0070466	
7.47902	0.0130097	
7.47927	0.00929885	
7.47951	0.00341914	
7.47976	0.00912143	
7.48	0.0197997	
7.48025	0.0162041	
7.48049	-0.00106621	
7.48074	-0.0111553	
7.48098	-0.00595568	
7.48123	0.000687706	
7.48147	-0.000452253	
7.48171	-0.00251779	
7.48196	-0.00222146	
7.4822	-0.00662821	
7.48245	-0.0138187	
7.48269	-0.010679	
7.48294	0.00237479	
7.48318	0.00815729	
7.48343	0.00226686	
7.48367	0.000553138	
7.48392	0.00727001	
7.48416	0.00373209	
7.48441	-0.0162288	
7.48465	-0.027524	
7.48489	-0.0117984	
7.48514	0.0100773	
7.48538	0.0087183	
7.48563	-0.00983369	
7.48587	-0.0179369	
7.48612	-0.00954687	
7.48636	-0.00168376	
7.48661	-0.00196075	
7.48685	-0.00167732	
7.4871	0.00243465	
7.48734	0.00292243	
7.48758	-0.00249245	
7.48783	-0.00772421	
7.48807	-0.00999755	
7.48832	-0.0106211	
7.48856	-0.00762329	
7.48881	-0.000597881	
7.48905	0.00275733	
7.4893	-0.00204459	
7.48954	-0.00577296	
7.48979	2.05044e-05	
7.49003	0.00696118	
7.49028	0.00389831	
7.49052	-0.00248287	
7.49076	0.000581918	
7.49101	0.0081868	
7.49125	0.00639878	
7.4915	-0.00175882	
7.49174	-0.00114631	
7.49199	0.00820598	
7.49223	0.0112165	
7.49248	0.00451848	
7.49272	0.00119423	
7.49297	0.00670383	
7.49321	0.010544	
7.49346	0.00625757	
7.4937	0.00155984	
7.49394	0.00291184	
7.49419	0.00548775	
7.49443	0.00411343	
7.49468	0.000862324	
7.49492	-0.00262858	
7.49517	-0.00801047	
7.49541	-0.0119329	
7.49566	-0.0074576	
7.4959	0.00283178	
7.49615	0.00726952	
7.49639	0.00203268	
7.49664	-0.00412704	
7.49688	-0.00520274	
7.49712	-0.00580332	
7.49737	-0.00966659	
7.49761	-0.0119347	
7.49786	-0.00801585	
7.4981	-0.0006519	
7.49835	0.00610005	
7.49859	0.0113889	
7.49884	0.0132487	
7.49908	0.00879747	
7.49933	0.00143946	
7.49957	-0.000974144	
7.49981	0.00245215	
7.50006	0.00480873	
7.5003	0.00338353	
7.50055	0.00268654	
7.50079	0.00361578	
7.50104	0.000519391	
7.50128	-0.00716654	
7.50153	-0.0104297	
7.50177	-0.00303347	
7.50202	0.00920355	
7.50226	0.0158522	
7.50251	0.0125176	
7.50275	0.00180629	
7.50299	-0.00949125	
7.50324	-0.0124223	
7.50348	-0.00271574	
7.50373	0.0118548	
7.50397	0.0177176	
7.50422	0.0112905	
7.50446	0.00237542	
7.50471	0.000686469	
7.50495	0.00567619	
7.5052	0.0108341	
7.50544	0.0114455	
7.50569	0.00688106	
7.50593	0.000799646	
7.50617	-0.000788616	
7.50642	0.0033625	
7.50666	0.00664667	
7.50691	0.00440552	
7.50715	0.00240942	
7.5074	0.00719114	
7.50764	0.0131309	
7.50789	0.010802	
7.50813	0.00390377	
7.50838	0.0035994	
7.50862	0.00826632	
7.50887	0.00521798	
7.50911	-0.00659838	
7.50935	-0.0124861	
7.5096	-0.00478489	
7.50984	0.00571527	
7.51009	0.00749989	
7.51033	0.00385924	
7.51058	0.00310914	
7.51082	0.00504735	
7.51107	0.00546094	
7.51131	0.00477052	
7.51156	0.00453561	
7.5118	0.00300512	
7.51204	0.000178921	
7.51229	-0.000204532	
7.51253	0.00163151	
7.51278	0.000260828	
7.51302	-0.00423715	
7.51327	-0.00412213	
7.51351	0.00237601	
7.51376	0.00605799	
7.514	0.00215365	
7.51425	-0.00026144	
7.51449	0.00658114	
7.51474	0.0145135	
7.51498	0.0114026	
7.51522	0.000418181	
7.51547	-0.00522988	
7.51571	-0.00231906	
7.51596	0.000391009	
7.5162	-0.00126551	
7.51645	-0.000886944	
7.51669	0.00537121	
7.51694	0.0101663	
7.51718	0.00576296	
7.51743	-0.00245078	
7.51767	-0.00114797	
7.51792	0.0126704	
7.51816	0.0249822	
7.5184	0.0200537	
7.51865	-0.000498329	
7.51889	-0.0189159	
7.51914	-0.0210025	
7.51938	-0.00947057	
7.51963	0.0027914	
7.51987	0.00650802	
7.52012	0.00103942	
7.52036	-0.00752562	
7.52061	-0.00975567	
7.52085	-0.000889129	
7.5211	0.0111172	
7.52134	0.0131905	
7.52158	0.00591416	
7.52183	0.0036023	
7.52207	0.0104504	
7.52232	0.0114523	
7.52256	-0.00233173	
7.52281	-0.0153588	
7.52305	-0.0111772	
7.5233	-0.000198479	
7.52354	-0.00202224	
7.52379	-0.0111931	
7.52403	-0.00729255	
7.52427	0.00717602	
7.52452	0.00912385	
7.52476	-0.00477294	
7.52501	-0.0109925	
7.52525	0.00104457	
7.5255	0.0117461	
7.52574	0.00600153	
7.52599	-0.0021099	
7.52623	0.00355594	
7.52648	0.0124884	
7.52672	0.00724278	
7.52697	-0.00537479	
7.52721	-0.00599397	
7.52745	0.0049682	
7.5277	0.00872881	
7.52794	-0.0026338	
7.52819	-0.0165574	
7.52843	-0.018609	
7.52868	-0.00764791	
7.52892	0.00704764	
7.52917	0.0147524	
7.52941	0.010997	
7.52966	0.00241113	
7.5299	0.000420579	
7.53015	0.00620492	
7.53039	0.00866982	
7.53063	0.00152511	
7.53088	-0.00695897	
7.53112	-0.00734476	
7.53137	-0.00245093	
7.53161	7.45808e-05	
7.53186	-0.00052699	
7.5321	-0.00153858	
7.53235	-0.00313271	
7.53259	-0.00410612	
7.53284	-0.000494482	
7.53308	0.00479536	
7.53333	0.00179779	
7.53357	-0.0094976	
7.53381	-0.0142671	
7.53406	-0.00450387	
7.5343	0.00717434	
7.53455	0.00692901	
7.53479	0.000219919	
7.53504	-0.000927931	
7.53528	0.000917252	
7.53553	-0.00290854	
7.53577	-0.00717981	
7.53602	-0.000526389	
7.53626	0.0121383	
7.5365	0.0139839	
7.53675	0.00176455	
7.53699	-0.00973871	
7.53724	-0.00971171	
7.53748	-0.003529	
7.53773	-0.000602318	
7.53797	-0.00154744	
7.53822	-0.00119702	
7.53846	0.00282236	
7.53871	0.00730347	
7.53895	0.00662263	
7.5392	0.000105812	
7.53944	-0.00332577	
7.53968	0.00499057	
7.53993	0.0173983	
7.54017	0.0158601	
7.54042	-0.000767013	
7.54066	-0.0107324	
7.54091	-0.00088491	
7.54115	0.0124488	
7.5414	0.0100528	
7.54164	0.00130659	
7.54189	0.00669668	
7.54213	0.0208393	
7.54238	0.0204329	
7.54262	0.00397497	
7.54286	-0.00532015	
7.54311	0.00214347	
7.54335	0.00884465	
7.5436	0.00209518	
7.54384	-0.0059801	
7.54409	-0.00280276	
7.54433	0.00196385	
7.54458	-0.00498906	
7.54482	-0.0149953	
7.54507	-0.00977868	
7.54531	0.00884762	
7.54556	0.0199886	
7.5458	0.0125322	
7.54604	-0.00175961	
7.54629	-0.0062302	
7.54653	0.000389688	
7.54678	0.00680629	
7.54702	0.00596359	
7.54727	0.0019263	
7.54751	0.000609418	
7.54776	0.000513138	
7.548	-0.00224988	
7.54825	-0.00396855	
7.54849	0.00217275	
7.54873	0.0115788	
7.54898	0.0101833	
7.54922	-0.00392554	
7.54947	-0.0129247	
7.54971	-0.00320492	
7.54996	0.0135793	
7.5502	0.0167729	
7.55045	0.00605083	
7.55069	-0.00145551	
7.55094	0.00156571	
7.55118	0.00569304	
7.55143	0.00417832	
7.55167	0.0021633	
7.55191	0.00398257	
7.55216	0.00598999	
7.5524	0.00596714	
7.55265	0.00718467	
7.55289	0.00953839	
7.55314	0.00815564	
7.55338	0.0039211	
7.55363	0.00388864	
7.55387	0.00820575	
7.55412	0.00832266	
7.55436	0.00154738	
7.55461	-0.00449182	
7.55485	-0.00555632	
7.55509	-0.00656326	
7.55534	-0.00918059	
7.55558	-0.00655515	
7.55583	0.00321618	
7.55607	0.0104273	
7.55632	0.00799189	
7.55656	0.00166994	
7.55681	-0.00107543	
7.55705	-0.00164158	
7.5573	-0.0020303	
7.55754	0.00258647	
7.55779	0.0131581	
7.55803	0.0188189	
7.55827	0.0113504	
7.55852	-0.000113397	
7.55876	-0.000643991	
7.55901	0.00996788	
7.55925	0.0194815	
7.5595	0.0211818	
7.55974	0.018178	
7.55999	0.0131908	
7.56023	0.00585171	
7.56048	-0.000404734	
7.56072	0.000875525	
7.56097	0.00975496	
7.56121	0.0182032	
7.56145	0.019273	
7.5617	0.0136386	
7.56194	0.00719371	
7.56219	0.00564998	
7.56243	0.0101549	
7.56268	0.0154082	
7.56292	0.0148127	
7.56317	0.00982871	
7.56341	0.00914905	
7.56366	0.0148604	
7.5639	0.0163605	
7.56414	0.00514666	
7.56439	-0.0102559	
7.56463	-0.0137978	
7.56488	-0.00328655	
7.56512	0.00759269	
7.56537	0.00799017	
7.56561	0.00149163	
7.56586	-0.00216492	
7.5661	0.000838095	
7.56635	0.00711078	
7.56659	0.0110017	
7.56684	0.00810077	
7.56708	-0.00187186	
7.56732	-0.0130262	
7.56757	-0.0170082	
7.56781	-0.0110027	
7.56806	-0.000705109	
7.5683	0.00561045	
7.56855	0.00489853	
7.56879	0.000848565	
7.56904	-0.00148993	
7.56928	-0.0015676	
7.56953	-0.00250695	
7.56977	-0.00438865	
7.57002	-0.00238969	
7.57026	0.00467621	
7.5705	0.00862655	
7.57075	0.002649	
7.57099	-0.00535507	
7.57124	-0.0016384	
7.57148	0.011439	
7.57173	0.0163495	
7.57197	0.00661692	
7.57222	-0.00356034	
7.57246	-0.00335824	
7.57271	-0.00222025	
7.57295	-0.00970128	
7.5732	-0.0143711	
7.57344	-0.00205064	
7.57368	0.0165311	
7.57393	0.0193041	
7.57417	0.00737392	
7.57442	0.00134759	
7.57466	0.00573924	
7.57491	0.00373961	
7.57515	-0.00961301	
7.5754	-0.0164401	
7.57564	-0.00755632	
7.57589	0.000435057	
7.57613	-0.00593901	
7.57637	-0.0133962	
7.57662	-0.00598329	
7.57686	0.00585134	
7.57711	0.00278846	
7.57735	-0.0101187	
7.5776	-0.0120362	
7.57784	-0.000383357	
7.57809	0.00760363	
7.57833	0.0039415	
7.57858	-0.00202186	
7.57882	-0.00436136	
7.57907	-0.00807529	
7.57931	-0.0131608	
7.57955	-0.0107457	
7.5798	-0.00016417	
7.58004	0.00705615	
7.58029	0.00580284	
7.58053	0.0042017	
7.58078	0.00627958	
7.58102	0.00417787	
7.58127	-0.00462197	
7.58151	-0.00833469	
7.58176	0.000195415	
7.582	0.00941434	
7.58225	0.00615857	
7.58249	-0.00447688	
7.58273	-0.00928099	
7.58298	-0.0074567	
7.58322	-0.00740471	
7.58347	-0.0102633	
7.58371	-0.0102522	
7.58396	-0.0065794	
7.5842	-0.00280957	
7.58445	0.00148946	
7.58469	0.00723365	
7.58494	0.00884165	
7.58518	0.00258551	
7.58543	-0.00313499	
7.58567	0.00101291	
7.58591	0.00824941	
7.58616	0.00481047	
7.5864	-0.00679827	
7.58665	-0.0103374	
7.58689	-0.00144225	
7.58714	0.00652483	
7.58738	0.00479279	
7.58763	0.000243936	
7.58787	-0.000958729	
7.58812	-0.0038651	
7.58836	-0.0105089	
7.5886	-0.0108554	
7.58885	0.000469429	
7.58909	0.0113764	
7.58934	0.00929724	
7.58958	0.000458163	
7.58983	-0.0017318	
7.59007	0.00154143	
7.59032	-3.28875e-05	
7.59056	-0.00555916	
7.59081	-0.00566087	
7.59105	-0.00205998	
7.5913	-0.00597621	
7.59154	-0.0165433	
7.59178	-0.0189716	
7.59203	-0.00829282	
7.59227	0.0020115	
7.59252	0.00194326	
7.59276	-0.000580192	
7.59301	0.00278498	
7.59325	0.00403396	
7.5935	-0.00582043	
7.59374	-0.0163946	
7.59399	-0.0113934	
7.59423	0.00395742	
7.59448	0.00883444	
7.59472	-0.00101704	
7.59496	-0.00722523	
7.59521	0.00103155	
7.59545	0.0102031	
7.5957	0.00557235	
7.59594	-0.00508687	
7.59619	-0.00569274	
7.59643	0.00169352	
7.59668	0.00176275	
7.59692	-0.0084175	
7.59717	-0.015873	
7.59741	-0.0128243	
7.59766	-0.00593675	
7.5979	-0.00262004	
7.59814	-0.00163379	
7.59839	-0.000972517	
7.59863	-0.00306007	
7.59888	-0.00717676	
7.59912	-0.00720019	
7.59937	-0.00221782	
7.59961	0.000186843	
7.59986	-0.00343223	
7.6001	-0.00624456	
7.60035	-0.00363344	
7.60059	-0.00144481	
7.60083	-0.00406356	
7.60108	-0.00489765	
7.60132	0.000932093	
7.60157	0.00437805	
7.60181	-0.00350125	
7.60206	-0.0128141	
7.6023	-0.00639525	
7.60255	0.0129442	
7.60279	0.0233628	
7.60304	0.013732	
7.60328	-0.00225101	
7.60353	-0.00641959	
7.60377	0.00125391	
7.60401	0.0073095	
7.60426	0.00399812	
7.6045	-0.00363648	
7.60475	-0.00628956	
7.60499	-0.000746574	
7.60524	0.00762962	
7.60548	0.0112702	
7.60573	0.00925056	
7.60597	0.00745647	
7.60622	0.00876016	
7.60646	0.00884648	
7.60671	0.0061038	
7.60695	0.00779041	
7.60719	0.0174883	
7.60744	0.0237105	
7.60768	0.0140004	
7.60793	-0.00420973	
7.60817	-0.0117985	
7.60842	-0.00488879	
7.60866	0.00264615	
7.60891	0.00335173	
7.60915	0.00450414	
7.6094	0.00887495	
7.60964	0.0067677	
7.60989	-0.00441986	
7.61013	-0.0107725	
7.61037	-0.00403056	
7.61062	0.00257766	
7.61086	-0.00468333	
7.61111	-0.0167615	
7.61135	-0.016705	
7.6116	-0.00718536	
7.61184	-0.00362361	
7.61209	-0.00684413	
7.61233	-0.00403912	
7.61258	0.00501139	
7.61282	0.00469651	
7.61306	-0.00944239	
7.61331	-0.0201336	
7.61355	-0.013779	
7.6138	-0.000969703	
7.61404	0.000393163	
7.61429	-0.00841583	
7.61453	-0.0112617	
7.61478	-0.00230122	
7.61502	0.00724039	
7.61527	0.00735792	
7.61551	0.00206016	
7.61576	-0.000594491	
7.616	-0.00231901	
7.61624	-0.0100099	
7.61649	-0.0208007	
7.61673	-0.0215126	
7.61698	-0.00623721	
7.61722	0.0122624	
7.61747	0.0156205	
7.61771	0.00213402	
7.61796	-0.0113196	
7.6182	-0.010476	
7.61845	9.74058e-05	
7.61869	0.00588852	
7.61894	0.00232692	
7.61918	-0.000851386	
7.61942	0.00565199	
7.61967	0.0174539	
7.61991	0.0212832	
7.62016	0.0113463	
7.6204	-0.00303563	
7.62065	-0.00852199	
7.62089	-0.00400117	
7.62114	-6.44562e-05	
7.62138	-0.00204474	
7.62163	-0.00221386	
7.62187	0.00556591	
7.62212	0.0120767	
7.62236	0.00489133	
7.6226	-0.0106275	
7.62285	-0.0165824	
7.62309	-0.00827072	
7.62334	4.72218e-05	
7.62358	-0.00187429	
7.62383	-0.00625238	
7.62407	-0.00306973	
7.62432	0.00315913	
7.62456	0.00235336	
7.62481	-0.00502172	
7.62505	-0.0110553	
7.62529	-0.0123497	
7.62554	-0.00958501	
7.62578	-0.0020657	
7.62603	0.00785637	
7.62627	0.0114952	
7.62652	0.00482802	
7.62676	-0.00313972	
7.62701	-0.00282236	
7.62725	0.00144869	
7.6275	0.000301125	
7.62774	-0.00377818	
7.62799	-0.00172366	
7.62823	0.00443056	
7.62847	0.00399012	
7.62872	-0.00374831	
7.62896	-0.0077218	
7.62921	-0.00282069	
7.62945	0.00375529	
7.6297	0.0058002	
7.62994	0.00558052	
7.63019	0.00536737	
7.63043	0.00311815	
7.63068	0.000118397	
7.63092	0.00189437	
7.63117	0.00728646	
7.63141	0.007215	
7.63165	-0.000627152	
7.6319	-0.0062766	
7.63214	-0.00311132	
7.63239	0.00107335	
7.63263	-0.00268374	
7.63288	-0.00847284	
7.63312	-0.00397456	
7.63337	0.00925497	
7.63361	0.0155048	
7.63386	0.00544689	
7.6341	-0.0117982	
7.63435	-0.0200661	
7.63459	-0.0140176	
7.63483	-0.00189076	
7.63508	0.00614344	
7.63532	0.00737342	
7.63557	0.00440379	
7.63581	-0.0011035	
7.63606	-0.00823656	
7.6363	-0.0130446	
7.63655	-0.0116271	
7.63679	-0.00754815	
7.63704	-0.00886185	
7.63728	-0.0149795	
7.63752	-0.0146745	
7.63777	-0.0027832	
7.63801	0.00931363	
7.63826	0.00868051	
7.6385	-0.000740441	
7.63875	-0.00589471	
7.63899	-0.00519417	
7.63924	-0.00742169	
7.63948	-0.0130933	
7.63973	-0.0129946	
7.63997	-0.00630089	
7.64022	-0.00388522	
7.64046	-0.00900051	
7.6407	-0.0101084	
7.64095	-0.000558747	
7.64119	0.00867127	
7.64144	0.00642185	
7.64168	-0.000428514	
7.64193	0.000907412	
7.64217	0.00776348	
7.64242	0.00748962	
7.64266	-0.000780887	
7.64291	-0.00491548	
7.64315	0.000536525	
7.6434	0.00696167	
7.64364	0.00627747	
7.64388	0.00186677	
7.64413	0.000742098	
7.64437	0.00302334	
7.64462	0.00420755	
7.64486	0.00244357	
7.64511	-0.000908595	
7.64535	-0.00409696	
7.6456	-0.00461526	
7.64584	0.000646968	
7.64609	0.0107427	
7.64633	0.0182507	
7.64658	0.0159456	
7.64682	0.005837	
7.64706	-0.00187249	
7.64731	4.81917e-06	
7.64755	0.00767489	
7.6478	0.0110819	
7.64804	0.00505318	
7.64829	-0.00599826	
7.64853	-0.0133423	
7.64878	-0.0117	
7.64902	-0.00286904	
7.64927	0.00541956	
7.64951	0.00498883	
7.64976	-0.00460056	
7.65	-0.0137792	
7.65024	-0.0135387	
7.65049	-0.00749886	
7.65073	-0.00628678	
7.65098	-0.00982105	
7.65122	-0.0060865	
7.65147	0.00834988	
7.65171	0.0190396	
7.65196	0.0140304	
7.6522	0.00226316	
7.65245	-0.00121417	
7.65269	0.00157511	
7.65293	-0.000393421	
7.65318	-0.00413581	
7.65342	0.00128122	
7.65367	0.00958658	
7.65391	0.00241208	
7.65416	-0.01832	
7.6544	-0.0275033	
7.65465	-0.0138253	
7.65489	0.00310365	
7.65514	0.00358642	
7.65538	-0.00562419	
7.65563	-0.00980786	
7.65587	-0.0108626	
7.65611	-0.0151528	
7.65636	-0.0146775	
7.6566	-0.0021941	
7.65685	0.00895035	
7.65709	0.00363632	
7.65734	-0.00739585	
7.65758	-0.00371475	
7.65783	0.00951965	
7.65807	0.00985976	
7.65832	-0.0034288	
7.65856	-0.00814657	
7.65881	0.00212571	
7.65905	0.0077796	
7.65929	-0.00145743	
7.65954	-0.00884691	
7.65978	-0.000774445	
7.66003	0.00959114	
7.66027	0.00528379	
7.66052	-0.00674856	
7.66076	-0.00901165	
7.66101	-0.000531606	
7.66125	0.00717448	
7.6615	0.0106082	
7.66174	0.0136767	
7.66199	0.0144031	
7.66223	0.00848122	
7.66247	0.000926502	
7.66272	-0.000165518	
7.66296	0.0026095	
7.66321	0.00131151	
7.66345	-0.00248617	
7.6637	-0.00126351	
7.66394	0.00343703	
7.66419	0.00306145	
7.66443	-0.00248272	
7.66468	-0.00422225	
7.66492	0.00119984	
7.66516	0.00798046	
7.66541	0.0125638	
7.66565	0.0171734	
7.6659	0.0207461	
7.66614	0.0177924	
7.66639	0.009472	
7.66663	0.00574993	
7.66688	0.0118707	
7.66712	0.0204172	
7.66737	0.0213787	
7.66761	0.0139783	
7.66786	0.00455018	
7.6681	-0.00178402	
7.66834	-0.00332979	
7.66859	-0.000409138	
7.66883	0.00418613	
7.66908	0.00653505	
7.66932	0.00631303	
7.66957	0.00726978	
7.66981	0.0107878	
7.67006	0.0124224	
7.6703	0.00779262	
7.67055	-0.000562294	
7.67079	-0.00527775	
7.67104	-0.00225143	
7.67128	0.00506336	
7.67152	0.00912108	
7.67177	0.00572748	
7.67201	-0.00154799	
7.67226	-0.00523937	
7.6725	-0.00296132	
7.67275	-0.000165083	
7.67299	-0.00200471	
7.67324	-0.00589109	
7.67348	-0.00625632	
7.67373	-0.00361687	
7.67397	-0.00275757	
7.67422	-0.00353258	
7.67446	-0.000851969	
7.6747	0.00557396	
7.67495	0.00882717	
7.67519	0.00482315	
7.67544	-0.00119091	
7.67568	-0.0017211	
7.67593	0.00396182	
7.67617	0.0114661	
7.67642	0.0178928	
7.67666	0.0227045	
7.67691	0.024971	
7.67715	0.0239662	
7.67739	0.0209849	
7.67764	0.0175826	
7.67788	0.0137292	
7.67813	0.010284	
7.67837	0.0106875	
7.67862	0.0161949	
7.67886	0.0212401	
7.67911	0.0186673	
7.67935	0.00991004	
7.6796	0.00513941	
7.67984	0.0108443	
7.68009	0.0205106	
7.68033	0.0213496	
7.68057	0.00943819	
7.68082	-0.00506361	
7.68106	-0.00845763	
7.68131	0.00289475	
7.68155	0.0202037	
7.6818	0.0310964	
7.68204	0.0292372	
7.68229	0.0175796	
7.68253	0.00524178	
7.68278	0.000372275	
7.68302	0.00317785	
7.68327	0.00627442	
7.68351	0.00411313	
7.68375	0.000384492	
7.684	0.00234205	
7.68424	0.0095745	
7.68449	0.0144059	
7.68473	0.0131374	
7.68498	0.00962904	
7.68522	0.00641174	
7.68547	0.000761479	
7.68571	-0.00628762	
7.68596	-0.00585448	
7.6862	0.00606611	
7.68645	0.0181522	
7.68669	0.0158418	
7.68693	0.00090019	
7.68718	-0.0104357	
7.68742	-0.00797912	
7.68767	0.00220132	
7.68791	0.00843719	
7.68816	0.00655426	
7.6884	0.000544206	
7.68865	-0.00379534	
7.68889	-0.00358671	
7.68914	-0.000868675	
7.68938	-0.000622006	
7.68962	-0.00415409	
7.68987	-0.00625151	
7.69011	-0.00273985	
7.69036	0.00233549	
7.6906	0.00310236	
7.69085	0.00204185	
7.69109	0.00545575	
7.69134	0.0110003	
7.69158	0.0101364	
7.69183	0.00323894	
7.69207	0.00108966	
7.69232	0.00818911	
7.69256	0.015033	
7.6928	0.0125904	
7.69305	0.00564261	
7.69329	0.00437859	
7.69354	0.00925126	
7.69378	0.0124808	
7.69403	0.010777	
7.69427	0.00835896	
7.69452	0.00836224	
7.69476	0.00816428	
7.69501	0.00466858	
7.69525	-1.50561e-05	
7.6955	-0.000599794	
7.69574	0.00484217	
7.69598	0.0120436	
7.69623	0.0150724	
7.69647	0.0130203	
7.69672	0.00984833	
7.69696	0.00746552	
7.69721	0.00339944	
7.69745	-0.00238538	
7.6977	-0.00417712	
7.69794	0.000613585	
7.69819	0.00478825	
7.69843	0.00151787	
7.69868	-0.00339239	
7.69892	0.000305281	
7.69916	0.00961057	
7.69941	0.0110021	
7.69965	0.00096916	
7.6999	-0.00869827	
7.70014	-0.00885879	
7.70039	-0.00442256	
7.70063	-0.00316431	
7.70088	-0.00373943	
7.70112	-0.00118402	
7.70137	0.00385897	
7.70161	0.00745339	
7.70185	0.00773216	
7.7021	0.00417966	
7.70234	-0.00175932	
7.70259	-0.00344708	
7.70283	0.00443542	
7.70308	0.0140402	
7.70332	0.0107492	
7.70357	-0.00461647	
7.70381	-0.013507	
7.70406	-0.00649099	
7.7043	0.00201626	
7.70455	-0.00309413	
7.70479	-0.0128975	
7.70503	-0.00815237	
7.70528	0.0109797	
7.70552	0.0252369	
7.70577	0.0221664	
7.70601	0.00754191	
7.70626	-0.00673909	
7.7065	-0.0136287	
7.70675	-0.0112305	
7.70699	-0.0030348	
7.70724	0.00293295	
7.70748	0.00348819	
7.70773	0.00560391	
7.70797	0.0141148	
7.70821	0.0201945	
7.70846	0.0136806	
7.7087	0.00135283	
7.70895	-0.00147223	
7.70919	0.00575056	
7.70944	0.00957188	
7.70968	0.00534692	
7.70993	0.00248027	
7.71017	0.00550204	
7.71042	0.00723804	
7.71066	0.00564054	
7.71091	0.0103604	
7.71115	0.0236585	
7.71139	0.0298539	
7.71164	0.0167239	
7.71188	-0.00334813	
7.71213	-0.00843624	
7.71237	0.00265926	
7.71262	0.0104115	
7.71286	0.00367964	
7.71311	-0.00573773	
7.71335	-0.00227088	
7.7136	0.0106514	
7.71384	0.0161591	
7.71408	0.00770675	
7.71433	-0.00272294	
7.71457	-0.00192293	
7.71482	0.00677442	
7.71506	0.00932342	
7.71531	0.000869631	
7.71555	-0.00857987	
7.7158	-0.00932395	
7.71604	-0.004883	
7.71629	-0.00510217	
7.71653	-0.0116064	
7.71678	-0.0162401	
7.71702	-0.0120051	
7.71726	-0.000905173	
7.71751	0.00836604	
7.71775	0.0081928	
7.718	-0.000915426	
7.71824	-0.00987915	
7.71849	-0.0106366	
7.71873	-0.0064486	
7.71898	-0.00728351	
7.71922	-0.0143437	
7.71947	-0.0174345	
7.71971	-0.0108506	
7.71996	-0.00231266	
7.7202	-9.54433e-05	
7.72044	-0.000862706	
7.72069	0.000993402	
7.72093	0.000936065	
7.72118	-0.00702096	
7.72142	-0.0158754	
7.72167	-0.0135705	
7.72191	-0.00217294	
7.72216	0.00437901	
7.7224	0.00129625	
7.72265	-0.000821774	
7.72289	0.00687661	
7.72314	0.0180059	
7.72338	0.0187686	
7.72362	0.00426588	
7.72387	-0.015116	
7.72411	-0.0219513	
7.72436	-0.00888102	
7.7246	0.0110556	
7.72485	0.0176955	
7.72509	0.00968889	
7.72534	0.00577189	
7.72558	0.0142598	
7.72583	0.0175644	
7.72607	0.00144373	
7.72632	-0.0162089	
7.72656	-0.00874161	
7.7268	0.0169751	
7.72705	0.0286152	
7.72729	0.0154156	
7.72754	-0.000794772	
7.72778	-0.00343173	
7.72803	-0.00151254	
7.72827	-0.00450173	
7.72852	-0.00408025	
7.72876	0.00521799	
7.72901	0.0102844	
7.72925	0.00148837	
7.72949	-0.00804117	
7.72974	-0.00329852	
7.72998	0.00766076	
7.73023	0.00855094	
7.73047	0.00226817	
7.73072	0.00353546	
7.73096	0.0128149	
7.73121	0.017408	
7.73145	0.0137279	
7.7317	0.0101883	
7.73194	0.0101388	
7.73219	0.00829167	
7.73243	0.0038792	
7.73267	0.00312691	
7.73292	0.00763175	
7.73316	0.0118188	
7.73341	0.0126921	
7.73365	0.0122445	
7.7339	0.0103783	
7.73414	0.00499212	
7.73439	-0.00100879	
7.73463	-0.00190716	
7.73488	0.00163996	
7.73512	0.00385986	
7.73537	0.00374912	
7.73561	0.00545366	
7.73585	0.00954646	
7.7361	0.0124149	
7.73634	0.0137643	
7.73659	0.0158221	
7.73683	0.0153911	
7.73708	0.00660489	
7.73732	-0.00695982	
7.73757	-0.0128952	
7.73781	-0.0063018	
7.73806	0.00310402	
7.7383	0.00509091	
7.73855	0.00264401	
7.73879	0.00494604	
7.73903	0.011994	
7.73928	0.0147345	
7.73952	0.00932953	
7.73977	0.0034178	
7.74001	0.00537095	
7.74026	0.0125091	
7.7405	0.0150757	
7.74075	0.00990261	
7.74099	0.00403042	
7.74124	0.00361203	
7.74148	0.00530032	
7.74172	0.00285242	
7.74197	-0.00268921	
7.74221	-0.0056319	
7.74246	-0.00493022	
7.7427	-0.00342108	
7.74295	-0.000462148	
7.74319	0.00573002	
7.74344	0.0100348	
7.74368	0.00549755	
7.74393	-0.00307838	
7.74417	-0.00261026	
7.74442	0.00802575	
7.74466	0.0134725	
7.7449	0.00363347	
7.74515	-0.0112195	
7.74539	-0.015257	
7.74564	-0.00761972	
7.74588	0.00106457	
7.74613	0.00479962	
7.74637	0.00482167	
7.74662	0.00218898	
7.74686	-0.00220572	
7.74711	-0.00426558	
7.74735	-0.00179785	
7.7476	0.000986934	
7.74784	0.00105812	
7.74808	0.00296011	
7.74833	0.00972892	
7.74857	0.0142201	
7.74882	0.00957238	
7.74906	0.00229396	
7.74931	0.00307738	
7.74955	0.00909739	
7.7498	0.00846698	
7.75004	0.000103326	
7.75029	-0.00425502	
7.75053	0.0015765	
7.75078	0.00976773	
7.75102	0.0108621	
7.75126	0.00520328	
7.75151	-0.000670378	
7.75175	-0.00179522	
7.752	0.00276731	
7.75224	0.00934172	
7.75249	0.0112864	
7.75273	0.00663503	
7.75298	0.00255646	
7.75322	0.00611001	
7.75347	0.0133692	
7.75371	0.0152006	
7.75395	0.0106988	
7.7542	0.00603217	
7.75444	0.00311863	
7.75469	-0.000258919	
7.75493	-0.00160594	
7.75518	0.00328659	
7.75542	0.00961777	
7.75567	0.00805468	
7.75591	0.000154391	
7.75616	-0.0028307	
7.7564	0.00239947	
7.75665	0.00711954	
7.75689	0.00611623	
7.75713	0.00478338	
7.75738	0.00740058	
7.75762	0.0103734	
7.75787	0.0113402	
7.75811	0.01355	
7.75836	0.0165432	
7.7586	0.0137443	
7.75885	0.00469491	
7.75909	-0.00103961	
7.75934	0.00214427	
7.75958	0.00807357	
7.75983	0.0102134	
7.76007	0.0102742	
7.76031	0.0100028	
7.76056	0.00606394	
7.7608	-5.40512e-05	
7.76105	0.000966925	
7.76129	0.0109057	
7.76154	0.0172768	
7.76178	0.0118064	
7.76203	0.00433924	
7.76227	0.00670229	
7.76252	0.0132151	
7.76276	0.0111051	
7.76301	0.00219338	
7.76325	-0.000775179	
7.76349	0.00551324	
7.76374	0.0121922	
7.76398	0.012846	
7.76423	0.00884469	
7.76447	0.00269305	
7.76472	-0.00338994	
7.76496	-0.00531907	
7.76521	-0.00292333	
7.76545	-0.00304693	
7.7657	-0.00743245	
7.76594	-0.00508332	
7.76618	0.0106808	
7.76643	0.0255987	
7.76667	0.021458	
7.76692	0.00392417	
7.76716	-0.0052704	
7.76741	-0.000449527	
7.76765	0.00408007	
7.7679	0.00126045	
7.76814	0.000189196	
7.76839	0.00459763	
7.76863	0.00471661	
7.76888	-0.00228133	
7.76912	-0.00458981	
7.76936	0.00190704	
7.76961	0.00388493	
7.76985	-0.00449034	
7.7701	-0.00668653	
7.77034	0.00929648	
7.77059	0.0266027	
7.77083	0.0233232	
7.77108	0.00762918	
7.77132	0.00493325	
7.77157	0.0173451	
7.77181	0.0218727	
7.77206	0.00874326	
7.7723	-0.0035094	
7.77254	0.00179971	
7.77279	0.0147866	
7.77303	0.0162145	
7.77328	0.00526311	
7.77352	-0.00347059	
7.77377	-0.00256492	
7.77401	0.00181951	
7.77426	0.00322475	
7.7745	0.00333334	
7.77475	0.00565653	
7.77499	0.00836032	
7.77524	0.00720143	
7.77548	0.00230378	
7.77572	-0.00160166	
7.77597	-0.00115424	
7.77621	0.00204387	
7.77646	0.00454488	
7.7767	0.00550618	
7.77695	0.00603839	
7.77719	0.00595591	
7.77744	0.00437208	
7.77768	0.00245821	
7.77793	0.00197092	
7.77817	0.00201991	
7.77841	0.00146416	
7.77866	0.00298283	
7.7789	0.00880389	
7.77915	0.0136345	
7.77939	0.00999362	
7.77964	0.000973532	
7.77988	-0.00164898	
7.78013	0.00571997	
7.78037	0.0131645	
7.78062	0.0123897	
7.78086	0.00713884	
7.78111	0.00362761	
7.78135	0.00114797	
7.78159	-0.0011891	
7.78184	0.000882233	
7.78208	0.00697861	
7.78233	0.00745811	
7.78257	-0.00130517	
7.78282	-0.00727346	
7.78306	-0.00032129	
7.78331	0.0102662	
7.78355	0.0101151	
7.7838	0.00319047	
7.78404	0.00425968	
7.78429	0.0134695	
7.78453	0.016279	
7.78477	0.00712843	
7.78502	-0.00315223	
7.78526	-0.00423499	
7.78551	0.00300423	
7.78575	0.0129396	
7.786	0.0203129	
7.78624	0.0196742	
7.78649	0.011282	
7.78673	0.0054201	
7.78698	0.00932961	
7.78722	0.0143739	
7.78747	0.00978354	
7.78771	0.00261218	
7.78795	0.00618159	
7.7882	0.0146881	
7.78844	0.0117682	
7.78869	0.00112662	
7.78893	0.00260999	
7.78918	0.0166155	
7.78942	0.0206095	
7.78967	0.0076185	
7.78991	-0.000260896	
7.79016	0.0110197	
7.7904	0.0235459	
7.79064	0.0178812	
7.79089	0.00444867	
7.79113	0.00380132	
7.79138	0.013739	
7.79162	0.0181089	
7.79187	0.0146959	
7.79211	0.0125626	
7.79236	0.011783	
7.7926	0.0067119	
7.79285	0.00202995	
7.79309	0.00609486	
7.79334	0.0136353	
7.79358	0.0129158	
7.79382	0.00592807	
7.79407	0.0046556	
7.79431	0.0102539	
7.79456	0.0119702	
7.7948	0.00588543	
7.79505	0.000725689	
7.79529	0.004106	
7.79554	0.0132242	
7.79578	0.0199928	
7.79603	0.0190015	
7.79627	0.0117568	
7.79652	0.00648893	
7.79676	0.00898444	
7.797	0.0121516	
7.79725	0.00465598	
7.79749	-0.00809095	
7.79774	-0.00704155	
7.79798	0.0105062	
7.79823	0.0226954	
7.79847	0.0155991	
7.79872	0.00423433	
7.79896	0.00577641	
7.79921	0.0118496	
7.79945	0.00836345	
7.7997	0.00451646	
7.79994	0.0155022	
7.80018	0.0302379	
7.80043	0.0262598	
7.80067	0.0084711	
7.80092	0.0023069	
7.80116	0.0119515	
7.80141	0.0162112	
7.80165	0.00709281	
7.8019	0.00226464	
7.80214	0.0125127	
7.80239	0.0237598	
7.80263	0.0222922	
7.80287	0.0160738	
7.80312	0.0184557	
7.80336	0.0270926	
7.80361	0.0309976	
7.80385	0.027073	
7.8041	0.0205086	
7.80434	0.0171849	
7.80459	0.0208999	
7.80483	0.030429	
7.80508	0.0375899	
7.80532	0.0366432	
7.80557	0.0345445	
7.80581	0.0413599	
7.80605	0.0528624	
7.8063	0.0558238	
7.80654	0.0490753	
7.80679	0.0450825	
7.80703	0.0508988	
7.80728	0.061506	
7.80752	0.0721345	
7.80777	0.0838164	
7.80801	0.0965106	
7.80826	0.108898	
7.8085	0.124099	
7.80875	0.144526	
7.80899	0.164452	
7.80923	0.178816	
7.80948	0.193156	
7.80972	0.212386	
7.80997	0.229171	
7.81021	0.238767	
7.81046	0.25417	
7.8107	0.289173	
7.81095	0.341516	
7.81119	0.414796	
7.81144	0.53601	
7.81168	0.715472	
7.81193	0.904296	
7.81217	1.03526	
7.81241	1.09938	
7.81266	1.13785	
7.8129	1.16586	
7.81315	1.16237	
7.81339	1.14066	
7.81364	1.16165	
7.81388	1.24546	
7.81413	1.32294	
7.81437	1.31677	
7.81462	1.23323	
7.81486	1.13414	
7.81511	1.05124	
7.81535	0.972547	
7.81559	0.889158	
7.81584	0.808147	
7.81608	0.729779	
7.81633	0.650535	
7.81657	0.582531	
7.81682	0.539058	
7.81706	0.507833	
7.81731	0.465689	
7.81755	0.411376	
7.8178	0.358759	
7.81804	0.308581	
7.81828	0.254122	
7.81853	0.20487	
7.81877	0.176327	
7.81902	0.163131	
7.81926	0.148172	
7.81951	0.131534	
7.81975	0.125296	
7.82	0.126886	
7.82024	0.123573	
7.82049	0.117926	
7.82073	0.123349	
7.82098	0.138119	
7.82122	0.147914	
7.82146	0.15213	
7.82171	0.166567	
7.82195	0.201397	
7.8222	0.252312	
7.82244	0.307756	
7.82269	0.350989	
7.82293	0.366606	
7.82318	0.361175	
7.82342	0.362997	
7.82367	0.385089	
7.82391	0.409725	
7.82416	0.431005	
7.8244	0.48407	
7.82464	0.597399	
7.82489	0.741673	
7.82513	0.869408	
7.82538	0.983435	
7.82562	1.11297	
7.82587	1.23595	
7.82611	1.28746	
7.82636	1.24742	
7.8266	1.1623	
7.82685	1.07325	
7.82709	0.982548	
7.82734	0.905814	
7.82758	0.891253	
7.82782	0.949316	
7.82807	1.01242	
7.82831	1.00796	
7.82856	0.937799	
7.8288	0.848607	
7.82905	0.757388	
7.82929	0.651027	
7.82954	0.535358	
7.82978	0.43672	
7.83003	0.363109	
7.83027	0.301129	
7.83051	0.246394	
7.83076	0.206051	
7.831	0.175982	
7.83125	0.14374	
7.83149	0.111354	
7.83174	0.0911426	
7.83198	0.082349	
7.83223	0.0736538	
7.83247	0.0644203	
7.83272	0.0616663	
7.83296	0.0602794	
7.83321	0.04878	
7.83345	0.0325781	
7.83369	0.0294097	
7.83394	0.0408911	
7.83418	0.0486233	
7.83443	0.0412493	
7.83467	0.0280056	
7.83492	0.0213682	
7.83516	0.0208697	
7.83541	0.0194963	
7.83565	0.0155231	
7.8359	0.012744	
7.83614	0.014752	
7.83639	0.0208431	
7.83663	0.0247353	
7.83687	0.0201018	
7.83712	0.010615	
7.83736	0.00817943	
7.83761	0.0161775	
7.83785	0.0228591	
7.8381	0.0185029	
7.83834	0.00987206	
7.83859	0.00817055	
7.83883	0.0117887	
7.83908	0.0125011	
7.83932	0.0108588	
7.83957	0.0125884	
7.83981	0.0156683	
7.84005	0.0135689	
7.8403	0.00715256	
7.84054	0.00244446	
7.84079	0.000766417	
7.84103	0.000423799	
7.84128	0.00253284	
7.84152	0.00613812	
7.84177	0.00474992	
7.84201	-0.00247692	
7.84226	-0.00464822	
7.8425	0.0046181	
7.84274	0.0141581	
7.84299	0.0114618	
7.84323	0.00251235	
7.84348	0.000590519	
7.84372	0.00434716	
7.84397	0.00412231	
7.84421	0.00206548	
7.84446	0.00651419	
7.8447	0.0119433	
7.84495	0.00541831	
7.84519	-0.00935606	
7.84544	-0.0148907	
7.84568	-0.00679454	
7.84592	0.00143231	
7.84617	0.00164826	
7.84641	0.000525763	
7.84666	0.00330955	
7.8469	0.00580317	
7.84715	0.00624087	
7.84739	0.00902941	
7.84764	0.0129898	
7.84788	0.0109362	
7.84813	0.0040151	
7.84837	0.00143163	
7.84862	0.00355327	
7.84886	0.00136749	
7.8491	-0.00472508	
7.84935	-0.00315466	
7.84959	0.00779299	
7.84984	0.0152196	
7.85008	0.0131918	
7.85033	0.0107863	
7.85057	0.0124191	
7.85082	0.00967728	
7.85106	0.000929203	
7.85131	-0.00146438	
7.85155	0.00538071	
7.8518	0.00513987	
7.85204	-0.00923028	
7.85228	-0.0178052	
7.85253	-0.00391489	
7.85277	0.0158843	
7.85302	0.0155248	
7.85326	-0.000583108	
7.85351	-0.00722757	
7.85375	0.000897558	
7.854	0.00553503	
7.85424	-0.00163835	
7.85449	-0.00877234	
7.85473	-0.00844193	
7.85497	-0.00757664	
7.85522	-0.00815761	
7.85546	-0.00115759	
7.85571	0.0125417	
7.85595	0.0164398	
7.8562	0.00415516	
7.85644	-0.00782302	
7.85669	-0.00545018	
7.85693	0.00165353	
7.85718	-0.00116513	
7.85742	-0.00876415	
7.85767	-0.00779517	
7.85791	-0.00191766	
7.85815	-0.00534378	
7.8584	-0.0171428	
7.85864	-0.0218367	
7.85889	-0.0141766	
7.85913	-0.00517908	
7.85938	-0.00237002	
7.85962	-0.00105568	
7.85987	0.00136591	
7.86011	-0.00108238	
7.86036	-0.00871875	
7.8606	-0.0103356	
7.86085	-0.000655509	
7.86109	0.00872695	
7.86133	0.0063595	
7.86158	-0.00151922	
7.86182	-0.00230043	
7.86207	0.00279827	
7.86231	0.00344568	
7.86256	-0.000806338	
7.8628	-0.000933954	
7.86305	0.00469646	
7.86329	0.0080007	
7.86354	0.00580957	
7.86378	0.00405451	
7.86403	0.00571926	
7.86427	0.00609897	
7.86451	0.00261868	
7.86476	-0.000816405	
7.865	-0.00181329	
7.86525	-0.00262094	
7.86549	-0.00372128	
7.86574	-0.00380486	
7.86598	-0.00649305	
7.86623	-0.015429	
7.86647	-0.0224009	
7.86672	-0.0151897	
7.86696	0.000366721	
7.8672	0.0037042	
7.86745	-0.00918106	
7.86769	-0.017001	
7.86794	-0.00619422	
7.86818	0.00693098	
7.86843	0.00304387	
7.86867	-0.00897611	
7.86892	-0.00868401	
7.86916	0.00201308	
7.86941	0.00609703	
7.86965	0.00315536	
7.8699	0.00712683	
7.87014	0.0167614	
7.87038	0.0157935	
7.87063	0.00330134	
7.87087	-0.00264919	
7.87112	0.00380127	
7.87136	0.00665674	
7.87161	-0.00277073	
7.87185	-0.0110058	
7.8721	-0.00751309	
7.87234	-0.00240735	
7.87259	-0.00543703	
7.87283	-0.00729975	
7.87308	0.00175744	
7.87332	0.0117735	
7.87356	0.00928158	
7.87381	-0.000507549	
7.87405	-0.00579024	
7.8743	-0.00943177	
7.87454	-0.0183049	
7.87479	-0.0226514	
7.87503	-0.00906389	
7.87528	0.0125013	
7.87552	0.0183373	
7.87577	0.00578761	
7.87601	-0.00401209	
7.87626	0.000351466	
7.8765	0.00600859	
7.87674	0.000358167	
7.87699	-0.00955079	
7.87723	-0.012003	
7.87748	-0.00942302	
7.87772	-0.0100941	
7.87797	-0.012103	
7.87821	-0.00848462	
7.87846	-0.00183225	
7.8787	-0.00121875	
7.87895	-0.00679696	
7.87919	-0.00828257	
7.87943	-0.000195596	
7.87968	0.00931819	
7.87992	0.00875829	
7.88017	-0.00187477	
7.88041	-0.011316	
7.88066	-0.0113835	
7.8809	-0.00639032	
7.88115	-0.00562603	
7.88139	-0.00999737	
7.88164	-0.0118609	
7.88188	-0.00742225	
7.88213	-0.00231935	
7.88237	-0.0025278	
7.88261	-0.00595435	
7.88286	-0.00704735	
7.8831	-0.00460572	
7.88335	-0.000641343	
7.88359	0.00387696	
7.88384	0.00765793	
7.88408	0.00796494	
7.88433	0.00514266	
7.88457	0.00337959	
7.88482	0.00294294	
7.88506	-0.00175209	
7.88531	-0.0109454	
7.88555	-0.0142264	
7.88579	-0.00460269	
7.88604	0.00909166	
7.88628	0.0137169	
7.88653	0.00988105	
7.88677	0.00741413	
7.88702	0.00787265	
7.88726	0.00455146	
7.88751	-0.00268796	
7.88775	-0.00612972	
7.888	-0.00378809	
7.88824	-0.00192757	
7.88849	-0.00283492	
7.88873	-0.00155252	
7.88897	0.00321979	
7.88922	0.00570191	
7.88946	0.00332409	
7.88971	0.000990399	
7.88995	0.00227809	
7.8902	0.00466649	
7.89044	0.00541119	
7.89069	0.00426847	
7.89093	-0.000138835	
7.89118	-0.00776364	
7.89142	-0.01137	
7.89167	-0.00437537	
7.89191	0.00530013	
7.89215	0.00249161	
7.8924	-0.0117379	
7.89264	-0.0184572	
7.89289	-0.0082983	
7.89313	0.0038118	
7.89338	0.000516699	
7.89362	-0.0134534	
7.89387	-0.0202281	
7.89411	-0.0137299	
7.89436	-0.00363363	
7.8946	0.00069985	
7.89484	-0.000505038	
7.89509	-0.00224067	
7.89533	-0.0009485	
7.89558	0.00308694	
7.89582	0.00546781	
7.89607	0.00255675	
7.89631	-0.00118957	
7.89656	0.00319827	
7.8968	0.0150809	
7.89705	0.0214812	
7.89729	0.0139587	
7.89754	0.000659168	
7.89778	-0.0052583	
7.89802	-0.00235377	
7.89827	0.0014409	
7.89851	0.00156613	
7.89876	-0.00114729	
7.899	-0.00598667	
7.89925	-0.011425	
7.89949	-0.0126875	
7.89974	-0.00797351	
7.89998	-0.00319876	
7.90023	-0.00337999	
7.90047	-0.00411347	
7.90072	0.000327512	
7.90096	0.0055497	
7.9012	0.00353657	
7.90145	-0.00324381	
7.90169	-0.00508205	
7.90194	-0.00043708	
7.90218	0.00279547	
7.90243	0.00111198	
7.90267	-0.00020722	
7.90292	0.00187616	
7.90316	0.00258563	
7.90341	-0.00168391	
7.90365	-0.0066261	
7.9039	-0.00657433	
7.90414	-0.00229912	
7.90438	0.0015291	
7.90463	0.00248955	
7.90487	0.000992076	
7.90512	-0.00168085	
7.90536	-0.0031974	
7.90561	-0.00127938	
7.90585	0.00234297	
7.9061	0.00205388	
7.90634	-0.00430087	
7.90659	-0.0103237	
7.90683	-0.00759051	
7.90707	0.00271104	
7.90732	0.00901396	
7.90756	0.00296108	
7.90781	-0.00924246	
7.90805	-0.0140487	
7.9083	-0.00809743	
7.90854	-0.0014572	
7.90879	-0.00149504	
7.90903	-0.00237705	
7.90928	0.00274969	
7.90952	0.00753491	
7.90977	0.00208498	
7.91001	-0.00812389	
7.91025	-0.00759753	
7.9105	0.00538431	
7.91074	0.0151143	
7.91099	0.0113926	
7.91123	0.0019561	
7.91148	-0.00303558	
7.91172	-0.00520727	
7.91197	-0.00927035	
7.91221	-0.0124333	
7.91246	-0.0113229	
7.9127	-0.00912621	
7.91295	-0.00768688	
7.91319	-0.00304116	
7.91343	0.00330342	
7.91368	0.00126256	
7.91392	-0.00968431	
7.91417	-0.0131755	
7.91441	-0.00036964	
7.91466	0.011852	
7.9149	0.00463846	
7.91515	-0.0123074	
7.91539	-0.0147757	
7.91564	-0.000642876	
7.91588	0.0104021	
7.91613	0.00938197	
7.91637	0.0062467	
7.91661	0.00593224	
7.91686	0.000936567	
7.9171	-0.00761349	
7.91735	-0.00501904	
7.91759	0.0115902	
7.91784	0.0231479	
7.91808	0.0158381	
7.91833	0.00159378	
7.91857	-0.00161144	
7.91882	0.00458876	
7.91906	0.00760544	
7.9193	0.00624563	
7.91955	0.00781605	
7.91979	0.0105547	
7.92004	0.00576205	
7.92028	-0.00540652	
7.92053	-0.0116834	
7.92077	-0.00814856	
7.92102	-0.00156009	
7.92126	0.00130566	
7.92151	0.000844373	
7.92175	-0.00101316	
7.922	-0.00493125	
7.92224	-0.0102203	
7.92248	-0.0132381	
7.92273	-0.0120388	
7.92297	-0.00786431	
7.92322	-0.00122457	
7.92346	0.00800426	
7.92371	0.0155641	
7.92395	0.0145103	
7.9242	0.00508328	
7.92444	-0.00301686	
7.92469	-0.0029293	
7.92493	-0.00016792	
7.92518	-0.00335138	
7.92542	-0.00947074	
7.92566	-0.00794219	
7.92591	0.00132997	
7.92615	0.00546241	
7.9264	-0.00159131	
7.92664	-0.00787976	
7.92689	-0.0014211	
7.92713	0.00942217	
7.92738	0.00710031	
7.92762	-0.00788082	
7.92787	-0.0163502	
7.92811	-0.00758437	
7.92836	0.00785934	
7.9286	0.0158829	
7.92884	0.0150794	
7.92909	0.00954696	
7.92933	-0.0003267	
7.92958	-0.0111521	
7.92982	-0.0132643	
7.93007	-0.00472161	
7.93031	0.00227183	
7.93056	-0.000285096	
7.9308	-0.002717	
7.93105	0.0046953	
7.93129	0.0121543	
7.93153	0.00517545	
7.93178	-0.00975095	
7.93202	-0.0135546	
7.93227	-0.00397781	
7.93251	0.00284073	
7.93276	-0.00125394	
7.933	-0.00716234	
7.93325	-0.00674805	
7.93349	-0.00283733	
7.93374	0.00190366	
7.93398	0.00982062	
7.93423	0.0176389	
7.93447	0.0158934	
7.93471	0.00462543	
7.93496	-0.00330081	
7.9352	-0.000312294	
7.93545	0.00604877	
7.93569	0.0068702	
7.93594	0.00431942	
7.93618	0.0043539	
7.93643	0.00674684	
7.93667	0.00837861	
7.93692	0.00843335	
7.93716	0.00573364	
7.93741	-0.00156852	
7.93765	-0.0103993	
7.93789	-0.014472	
7.93814	-0.0133762	
7.93838	-0.0116256	
7.93863	-0.00842712	
7.93887	0.000719955	
7.93912	0.011586	
7.93936	0.0133453	
7.93961	0.00559673	
7.93985	-0.000138468	
7.9401	0.000783292	
7.94034	0.000216201	
7.94059	-0.0051624	
7.94083	-0.0058201	
7.94107	0.00344625	
7.94132	0.0126931	
7.94156	0.0125579	
7.94181	0.00797421	
7.94205	0.00646638	
7.9423	0.00512392	
7.94254	-2.13915e-05	
7.94279	-0.00317454	
7.94303	0.00106962	
7.94328	0.00700151	
7.94352	0.00863344	
7.94376	0.0109692	
7.94401	0.0184431	
7.94425	0.0226858	
7.9445	0.0158789	
7.94474	0.00678462	
7.94499	0.00756961	
7.94523	0.0124416	
7.94548	0.00705065	
7.94572	-0.00578208	
7.94597	-0.00859571	
7.94621	0.00328921	
7.94646	0.0147773	
7.9467	0.0143086	
7.94694	0.00863054	
7.94719	0.00852163	
7.94743	0.0119763	
7.94768	0.00964239	
7.94792	4.62833e-05	
7.94817	-0.00791929	
7.94841	-0.00560673	
7.94866	0.00576139	
7.9489	0.0157636	
7.94915	0.0152441	
7.94939	0.00637321	
7.94964	-0.000616093	
7.94988	-0.00102428	
7.95012	0.00024487	
7.95037	6.65545e-05	
7.95061	0.00293978	
7.95086	0.00955237	
7.9511	0.0101408	
7.95135	-0.000403384	
7.95159	-0.0100156	
7.95184	-0.00553922	
7.95208	0.00592551	
7.95233	0.0077516	
7.95257	0.000788057	
7.95282	0.000618142	
7.95306	0.00888968	
7.9533	0.00858832	
7.95355	-0.00672405	
7.95379	-0.019018	
7.95404	-0.012334	
7.95428	0.00290453	
7.95453	0.00692611	
7.95477	0.000378667	
7.95502	-0.000287403	
7.95526	0.00906861	
7.95551	0.0150093	
7.95575	0.00932115	
7.95599	0.000829316	
7.95624	-0.000203709	
7.95648	0.00344806	
7.95673	0.00438064	
7.95697	0.00365211	
7.95722	0.00618257	
7.95746	0.00959513	
7.95771	0.00806075	
7.95795	0.00404427	
7.9582	0.00531017	
7.95844	0.0103199	
7.95869	0.0076877	
7.95893	-0.00616846	
7.95917	-0.0183491	
7.95942	-0.0151428	
7.95966	0.000123427	
7.95991	0.0122209	
7.96015	0.0124346	
7.9604	0.00444151	
7.96064	-0.00460514	
7.96089	-0.0105279	
7.96113	-0.011318	
7.96138	-0.00771074	
7.96162	-0.00437964	
7.96187	-0.00452123	
7.96211	-0.00456878	
7.96235	-0.000585104	
7.9626	0.00287836	
7.96284	-0.00105949	
7.96309	-0.00862809	
7.96333	-0.00930423	
7.96358	-0.00262064	
7.96382	0.000697808	
7.96407	-0.00337431	
7.96431	-0.00551119	
7.96456	0.000359386	
7.9648	0.00532023	
7.96505	-0.00103621	
7.96529	-0.0137909	
7.96553	-0.0192007	
7.96578	-0.0130305	
7.96602	-0.00327562	
7.96627	0.00262032	
7.96651	0.00482571	
7.96676	0.00583718	
7.967	0.00497696	
7.96725	0.000414856	
7.96749	-0.00622174	
7.96774	-0.00957062	
7.96798	-0.00590322	
7.96823	0.00119981	
7.96847	0.00347082	
7.96871	-0.00133385	
7.96896	-0.00535042	
7.9692	-0.00189841	
7.96945	0.00396152	
7.96969	0.00370036	
7.96994	-0.000501949	
7.97018	-0.000361587	
7.97043	0.00317642	
7.97067	0.00225032	
7.97092	-0.00171997	
7.97116	0.000826773	
7.9714	0.00898533	
7.97165	0.00987111	
7.97189	-0.00011955	
7.97214	-0.00825507	
7.97238	-0.00603427	
7.97263	-0.00152368	
7.97287	-0.00287502	
7.97312	-0.00438215	
7.97336	0.000529016	
7.97361	0.00587142	
7.97385	0.00465651	
7.9741	0.00202096	
7.97434	0.00414233	
7.97458	0.00485464	
7.97483	-0.0029399	
7.97507	-0.0118302	
7.97532	-0.0103986	
7.97556	-0.00204593	
7.97581	0.000754068	
7.97605	-0.00441832	
7.9763	-0.00938035	
7.97654	-0.00909453	
7.97679	-0.00433875	
7.97703	0.00420584	
7.97728	0.0135005	
7.97752	0.0154413	
7.97776	0.00749801	
7.97801	-0.000246938	
7.97825	0.000498251	
7.9785	0.00264988	
7.97874	-0.0030881	
7.97899	-0.0102866	
7.97923	-0.00754016	
7.97948	0.000138086	
7.97972	-0.00163691	
7.97997	-0.0124733	
7.98021	-0.0178588	
7.98046	-0.0120659	
7.9807	-0.0035458	
7.98094	0.00195927	
7.98119	0.00746632	
7.98143	0.0130803	
7.98168	0.0134186	
7.98192	0.00892846	
7.98217	0.00706858	
7.98241	0.0103501	
7.98266	0.0138546	
7.9829	0.0145207	
7.98315	0.0125571	
7.98339	0.00588251	
7.98363	-0.00526442	
7.98388	-0.0117277	
7.98412	-0.0069731	
7.98437	-0.00130038	
7.98461	-0.00862949	
7.98486	-0.0223325	
7.9851	-0.0225903	
7.98535	-0.00688679	
7.98559	0.00651534	
7.98584	0.00691874	
7.98608	0.00292736	
7.98633	0.00222806	
7.98657	0.000141338	
7.98681	-0.00481026	
7.98706	-0.00348205	
7.9873	0.00594422	
7.98755	0.00976742	
7.98779	-0.000111651	
7.98804	-0.0114372	
7.98828	-0.00984761	
7.98853	0.000629254	
7.98877	0.00724769	
7.98902	0.0076481	
7.98926	0.00683537	
7.98951	0.00429645	
7.98975	-0.00270593	
7.98999	-0.00891922	
7.99024	-0.00629953	
7.99048	0.00335689	
7.99073	0.0100898	
7.99097	0.00822614	
7.99122	0.000847806	
7.99146	-0.00609918	
7.99171	-0.00931171	
7.99195	-0.00918554	
7.9922	-0.00793795	
7.99244	-0.00575011	
7.99269	-0.000275894	
7.99293	0.0069565	
7.99317	0.00821212	
7.99342	0.000556836	
7.99366	-0.00617867	
7.99391	-0.00258502	
7.99415	0.00474954	
7.9944	0.00399862	
7.99464	-0.00135713	
7.99489	0.000251381	
7.99513	0.00576066	
7.99538	0.00330616	
7.99562	-0.0020934	
7.99586	0.00548057	
7.99611	0.0200237	
7.99635	0.0162757	
7.9966	-0.00762256	
7.99684	-0.0211451	
7.99709	-0.00862025	
7.99733	0.0054019	
7.99758	-0.00222103	
7.99782	-0.0155882	
7.99807	-0.0105001	
7.99831	0.00258631	
7.99856	-0.000934665	
7.9988	-0.0150533	
7.99904	-0.0145526	
7.99929	0.000412344	
7.99953	0.00691247	
7.99978	0.000445153	
8.00002	-0.00134323	
8.00027	0.00509771	
8.00051	0.00285131	
8.00076	-0.0122905	
8.001	-0.0228809	
8.00125	-0.019755	
8.00149	-0.0131798	
8.00174	-0.00830072	
8.00198	0.00248985	
8.00222	0.0151867	
8.00247	0.0113056	
8.00271	-0.00886291	
8.00296	-0.0180736	
8.0032	-0.00272266	
8.00345	0.0144347	
8.00369	0.0110774	
8.00394	0.000402071	
8.00418	0.00541171	
8.00443	0.0183656	
8.00467	0.0149249	
8.00492	-0.00367215	
8.00516	-0.0127517	
8.0054	-0.00427586	
8.00565	0.00296398	
8.00589	-0.0047166	
8.00614	-0.0171866	
8.00638	-0.0199274	
8.00663	-0.013678	
8.00687	-0.00648638	
8.00712	-0.00019678	
8.00736	0.00579587	
8.00761	0.00694502	
8.00785	-0.000633512	
8.00809	-0.0112504	
8.00834	-0.0139097	
8.00858	-0.00463668	
8.00883	0.00889435	
8.00907	0.0148767	
8.00932	0.00893835	
8.00956	-0.00128993	
8.00981	-0.00428551	
8.01005	0.00186324	
8.0103	0.00694713	
8.01054	0.00159772	
8.01079	-0.0109297	
8.01103	-0.0191294	
8.01127	-0.0159432	
8.01152	-0.00371898	
8.01176	0.00964331	
8.01201	0.015619	
8.01225	0.0101764	
8.0125	-0.00149007	
8.01274	-0.00864636	
8.01299	-0.00690556	
8.01323	-0.00207282	
8.01348	0.000543509	
8.01372	0.00329284	
8.01397	0.00775881	
8.01421	0.00816585	
8.01445	0.00161137	
8.0147	-0.00342268	
8.01494	0.000292846	
8.01519	0.00480047	
8.01543	-0.0010708	
8.01568	-0.0113557	
8.01592	-0.0102722	
8.01617	0.00256763	
8.01641	0.0109995	
8.01666	0.00726272	
8.0169	0.00156992	
8.01715	0.00281424	
8.01739	0.00539708	
8.01763	0.00232873	
8.01788	-0.00192194	
8.01812	-0.000563135	
8.01837	0.00379164	
8.01861	0.00523344	
8.01886	0.00426576	
8.0191	0.00371719	
8.01935	0.00233614	
8.01959	-0.000510708	
8.01984	-0.000817646	
8.02008	0.00284881	
8.02032	0.00507713	
8.02057	0.00266788	
8.02081	0.000495798	
8.02106	0.00220836	
8.0213	0.00322214	
8.02155	-0.000289346	
8.02179	-0.00394902	
8.02204	-0.00405505	
8.02228	-0.00495942	
8.02253	-0.00929483	
8.02277	-0.0103324	
8.02302	-0.00372798	
8.02326	0.00263025	
8.0235	0.00155995	
8.02375	-0.000192475	
8.02399	0.00558626	
8.02424	0.0121602	
8.02448	0.00872414	
8.02473	-0.000399864	
8.02497	-0.00359636	
8.02522	-0.0018882	
8.02546	-0.0035615	
8.02571	-0.00552359	
8.02595	0.000269921	
8.0262	0.00697504	
8.02644	0.00133906	
8.02668	-0.0111489	
8.02693	-0.0131747	
8.02717	-0.00607734	
8.02742	-0.00702675	
8.02766	-0.0146683	
8.02791	-0.00784649	
8.02815	0.0144231	
8.0284	0.0239008	
8.02864	0.0082271	
8.02889	-0.00624477	
8.02913	0.00206407	
8.02938	0.0128107	
8.02962	-0.00095491	
8.02986	-0.0241549	
8.03011	-0.0222203	
8.03035	0.00244918	
8.0306	0.0149942	
8.03084	0.00353954	
8.03109	-0.00754955	
8.03133	-0.00212469	
8.03158	0.00550489	
8.03182	0.00223722	
8.03207	-0.00102476	
8.03231	0.00678931	
8.03255	0.0152489	
8.0328	0.0119222	
8.03304	0.00401721	
8.03329	0.00290974	
8.03353	0.00314527	
8.03378	-0.00484281	
8.03402	-0.0140763	
8.03427	-0.0122531	
8.03451	-0.00402904	
8.03476	-0.00274343	
8.035	-0.00654869	
8.03525	-0.00283432	
8.03549	0.00664591	
8.03573	0.00583992	
8.03598	-0.00818159	
8.03622	-0.0170462	
8.03647	-0.00773884	
8.03671	0.0076275	
8.03696	0.00929302	
8.0372	-0.00326776	
8.03745	-0.0138206	
8.03769	-0.0128733	
8.03794	-0.00663534	
8.03818	-0.00382649	
8.03843	-0.00430271	
8.03867	-0.00349608	
8.03891	-0.000541991	
8.03916	0.00260585	
8.0394	0.00579974	
8.03965	0.00971841	
8.03989	0.0123975	
8.04014	0.0109323	
8.04038	0.006026	
8.04063	0.00157957	
8.04087	-0.000151701	
8.04112	-0.000383278	
8.04136	-0.000854655	
8.04161	-0.00170273	
8.04185	-0.00251135	
8.04209	-0.00319586	
8.04234	-0.00346601	
8.04258	-0.0032122	
8.04283	-0.00312327	
8.04307	-0.00310906	
8.04332	-0.00146971	
8.04356	0.00152249	
8.04381	0.00148575	
8.04405	-0.00380023	
8.0443	-0.00811297	
8.04454	-0.00405023	
8.04478	0.00421488	
8.04503	0.00485647	
8.04527	-0.00325087	
8.04552	-0.00708124	
8.04576	0.000302287	
8.04601	0.00720737	
8.04625	0.000828522	
8.0465	-0.0115938	
8.04674	-0.01257	
8.04699	-0.000790961	
8.04723	0.00705516	
8.04748	0.00123368	
8.04772	-0.00806332	
8.04796	-0.00718688	
8.04821	0.00255599	
8.04845	0.0101262	
8.0487	0.0109806	
8.04894	0.00965229	
8.04919	0.00940872	
8.04943	0.0073144	
8.04968	0.000641359	
8.04992	-0.00682232	
8.05017	-0.00827534	
8.05041	-0.00269668	
8.05066	0.00315734	
8.0509	0.00332314	
8.05114	0.000535765	
8.05139	0.00116931	
8.05163	0.00399836	
8.05188	0.00142957	
8.05212	-0.00684077	
8.05237	-0.0106393	
8.05261	-0.00497638	
8.05286	0.000155652	
8.0531	-0.00537734	
8.05335	-0.0144439	
8.05359	-0.0121812	
8.05384	0.000926492	
8.05408	0.00891116	
8.05432	0.00313792	
8.05457	-0.00753211	
8.05481	-0.0118841	
8.05506	-0.00985339	
8.0553	-0.00636801	
8.05555	-0.00242953	
8.05579	0.000811028	
8.05604	-0.00209105	
8.05628	-0.01225	
8.05653	-0.0195363	
8.05677	-0.0137	
8.05702	0.000345351	
8.05726	0.0073124	
8.0575	0.00136429	
8.05775	-0.00717147	
8.05799	-0.00733691	
8.05824	-0.00226366	
8.05848	-0.00209448	
8.05873	-0.00681299	
8.05897	-0.0059632	
8.05922	0.00338247	
8.05946	0.00891693	
8.05971	0.000778034	
8.05995	-0.0112269	
8.06019	-0.0104443	
8.06044	0.000845475	
8.06068	0.00441403	
8.06093	-0.00430808	
8.06117	-0.00784732	
8.06142	0.0046231	
8.06166	0.0176799	
8.06191	0.0125443	
8.06215	-0.00406739	
8.0624	-0.0114369	
8.06264	-0.00586009	
8.06289	-0.000858365	
8.06313	-0.00141913	
8.06337	0.00171071	
8.06362	0.0118505	
8.06386	0.0186718	
8.06411	0.0144163	
8.06435	0.00401919	
8.0646	-0.0043856	
8.06484	-0.00777419	
8.06509	-0.00542463	
8.06533	0.00124311	
8.06558	0.00544709	
8.06582	0.00240324	
8.06607	-0.00123455	
8.06631	0.00301491	
8.06655	0.00940581	
8.0668	0.00620172	
8.06704	-0.00303886	
8.06729	-0.00432498	
8.06753	0.00210273	
8.06778	0.00244644	
8.06802	-0.00453982	
8.06827	-0.00490996	
8.06851	0.00294285	
8.06876	0.00227989	
8.069	-0.0121113	
8.06925	-0.0217143	
8.06949	-0.0137706	
8.06973	-0.0010375	
8.06998	0.00168411	
8.07022	-0.000245156	
8.07047	0.00186099	
8.07071	0.00151714	
8.07096	-0.00639715	
8.0712	-0.00964481	
8.07145	0.000612982	
8.07169	0.0102943	
8.07194	0.0048566	
8.07218	-0.0052777	
8.07242	-0.00454217	
8.07267	-0.000680335	
8.07291	-0.0070596	
8.07316	-0.0122435	
8.0734	0.001575	
8.07365	0.0214392	
8.07389	0.0196546	
8.07414	0.000715826	
8.07438	-0.00420652	
8.07463	0.0108798	
8.07487	0.0174759	
8.07512	0.00104894	
8.07536	-0.0166045	
8.0756	-0.0153177	
8.07585	-0.00522472	
8.07609	-0.00196883	
8.07634	-0.00119374	
8.07658	0.00407171	
8.07683	0.00499646	
8.07707	-0.00397404	
8.07732	-0.00849073	
8.07756	0.00208075	
8.07781	0.0124192	
8.07805	0.00491274	
8.0783	-0.00991434	
8.07854	-0.0105158	
8.07878	0.000392326	
8.07903	0.00334368	
8.07927	-0.0030152	
8.07952	-0.00139699	
8.07976	0.0117588	
8.08001	0.0189417	
8.08025	0.0104957	
8.0805	-0.000585395	
8.08074	-0.000303966	
8.08099	0.00654805	
8.08123	0.00724444	
8.08148	-0.00021519	
8.08172	-0.00807919	
8.08196	-0.0105844	
8.08221	-0.00768431	
8.08245	-0.00239144	
8.0827	0.00105085	
8.08294	0.000454246	
8.08319	-0.00103294	
8.08343	6.51347e-05	
8.08368	-0.000268551	
8.08392	-0.00822405	
8.08417	-0.0186429	
8.08441	-0.0179817	
8.08465	-0.00486132	
8.0849	0.00395448	
8.08514	-0.0035265	
8.08539	-0.0154955	
8.08563	-0.0124988	
8.08588	0.00368939	
8.08612	0.012433	
8.08637	0.00440148	
8.08661	-0.00642785	
8.08686	-0.00566754	
8.0871	0.00103803	
8.08735	0.000748488	
8.08759	-0.00442976	
8.08783	-0.00236895	
8.08808	0.00686306	
8.08832	0.0100827	
8.08857	0.00307674	
8.08881	-0.00187722	
8.08906	0.00389944	
8.0893	0.0111182	
8.08955	0.00745577	
8.08979	-0.00328626	
8.09004	-0.00827333	
8.09028	-0.00515667	
8.09053	-0.0023046	
8.09077	-0.00320561	
8.09101	-0.00277369	
8.09126	0.00128871	
8.0915	0.00407284	
8.09175	0.00191984	
8.09199	-0.00271618	
8.09224	-0.00612998	
8.09248	-0.00678279	
8.09273	-0.00395129	
8.09297	0.000904487	
8.09322	0.00263328	
8.09346	-0.00106692	
8.09371	-0.00374138	
8.09395	0.00124654	
8.09419	0.00899332	
8.09444	0.00986471	
8.09468	0.0056001	
8.09493	0.00615872	
8.09517	0.0111729	
8.09542	0.00911379	
8.09566	-0.00235014	
8.09591	-0.0101093	
8.09615	-0.00583487	
8.0964	0.0010548	
8.09664	-0.000897632	
8.09688	-0.00805739	
8.09713	-0.0102169	
8.09737	-0.00684331	
8.09762	-0.00412154	
8.09786	-0.00286806	
8.09811	2.10016e-05	
8.09835	0.00310332	
8.0986	0.00299664	
8.09884	0.00174667	
8.09909	0.00338682	
8.09933	0.0063205	
8.09958	0.00594896	
8.09982	0.001506	
