4.00007	0.0201258
4.00031	0.0228383
4.00056	0.0269208
4.0008	0.0265168
4.00105	0.0208514
4.00129	0.0148263
4.00154	0.0151929
4.00178	0.0236762
4.00203	0.0336883
4.00227	0.0373419
4.00252	0.0351821
4.00276	0.0337208
4.003	0.0340911
4.00325	0.0312354
4.00349	0.0255926
4.00374	0.0255446
4.00398	0.03345
4.00423	0.0388177
4.00447	0.0332087
4.00472	0.0242492
4.00496	0.0251209
4.00521	0.0352662
4.00545	0.0419963
4.0057	0.0387402
4.00594	0.0317615
4.00618	0.0291284
4.00643	0.0315824
4.00667	0.0351665
4.00692	0.0360575
4.00716	0.0319206
4.00741	0.0240647
4.00765	0.0185048
4.0079	0.0198899
4.00814	0.0249629
4.00839	0.0272881
4.00863	0.0271112
4.00888	0.0299404
4.00912	0.0360612
4.00936	0.0391442
4.00961	0.0364188
4.00985	0.0331541
4.0101	0.0346452
4.01034	0.0394879
4.01059	0.0432256
4.01083	0.0437605
4.01108	0.0410877
4.01132	0.0363624
4.01157	0.0331015
4.01181	0.0347162
4.01205	0.0391411
4.0123	0.040674
4.01254	0.038499
4.01279	0.0377428
4.01303	0.0402464
4.01328	0.0411038
4.01352	0.0379952
4.01377	0.0369817
4.01401	0.0431507
4.01426	0.0511196
4.0145	0.0522328
4.01475	0.0476532
4.01499	0.0465764
4.01523	0.0530779
4.01548	0.0620319
4.01572	0.0677396
4.01597	0.0699431
4.01621	0.0708063
4.01646	0.0717322
4.0167	0.0738563
4.01695	0.0765272
4.01719	0.0753814
4.01744	0.0679297
4.01768	0.060545
4.01793	0.0617901
4.01817	0.0680789
4.01841	0.0663654
4.01866	0.0548114
4.0189	0.0490001
4.01915	0.0592744
4.01939	0.0728139
4.01964	0.0713349
4.01988	0.0587204
4.02013	0.0542858
4.02037	0.0619027
4.02062	0.0648875
4.02086	0.0541943
4.02111	0.0429158
4.02135	0.0444074
4.02159	0.051735
4.02184	0.050803
4.02208	0.0420126
4.02233	0.0356744
4.02257	0.0348856
4.02282	0.0363587
4.02306	0.0407991
4.02331	0.0483411
4.02355	0.0498678
4.0238	0.0381959
4.02404	0.023495
4.02428	0.0214565
4.02453	0.0291476
4.02477	0.0302306
4.02502	0.0230393
4.02526	0.023586
4.02551	0.0375324
4.02575	0.0493897
4.026	0.0474432
4.02624	0.0411112
4.02649	0.0421952
4.02673	0.044673
4.02698	0.0375077
4.02722	0.0256424
4.02746	0.0225817
4.02771	0.0295758
4.02795	0.0365877
4.0282	0.0387344
4.02844	0.0386893
4.02869	0.0369696
4.02893	0.03257
4.02918	0.0304034
4.02942	0.0358136
4.02967	0.0431562
4.02991	0.0414012
4.03016	0.0309302
4.0304	0.0242008
4.03064	0.0286997
4.03089	0.038278
4.03113	0.0430332
4.03138	0.0402965
4.03162	0.0340737
4.03187	0.0295087
4.03211	0.0294328
4.03236	0.032531
4.0326	0.0349156
4.03285	0.0358229
4.03309	0.0386249
4.03334	0.0430514
4.03358	0.042115
4.03382	0.0327901
4.03407	0.0239313
4.03431	0.0253964
4.03456	0.0342191
4.0348	0.0406751
4.03505	0.0432238
4.03529	0.0465346
4.03554	0.0486549
4.03578	0.043379
4.03603	0.0343529
4.03627	0.0332338
4.03651	0.0417049
4.03676	0.0473134
4.037	0.041133
4.03725	0.029599
4.03749	0.0243116
4.03774	0.0281395
4.03798	0.0358702
4.03823	0.0422025
4.03847	0.0450961
4.03872	0.0457013
4.03896	0.0471768
4.03921	0.050269
4.03945	0.0511091
4.03969	0.0481003
4.03994	0.0477099
4.04018	0.0557651
4.04043	0.0663121
4.04067	0.0692036
4.04092	0.066167
4.04116	0.0673994
4.04141	0.0738052
4.04165	0.0766069
4.0419	0.0749048
4.04214	0.0779568
4.04239	0.0868627
4.04263	0.0902195
4.04287	0.0842764
4.04312	0.0818928
4.04336	0.0923106
4.04361	0.105749
4.04385	0.109127
4.0441	0.105464
4.04434	0.105612
4.04459	0.110275
4.04483	0.112928
4.04508	0.113463
4.04532	0.116718
4.04557	0.122462
4.04581	0.127118
4.04605	0.130718
4.0463	0.133714
4.04654	0.133256
4.04679	0.131127
4.04703	0.137172
4.04728	0.154208
4.04752	0.168236
4.04777	0.167149
4.04801	0.161695
4.04826	0.171771
4.0485	0.196568
4.04874	0.21591
4.04899	0.220294
4.04923	0.222057
4.04948	0.233822
4.04972	0.251546
4.04997	0.265148
4.05021	0.273909
4.05046	0.283953
4.0507	0.298228
4.05095	0.315028
4.05119	0.331391
4.05144	0.344675
4.05168	0.355179
4.05192	0.368265
4.05217	0.388841
4.05241	0.414018
4.05266	0.437287
4.0529	0.459004
4.05315	0.485553
4.05339	0.51916
4.05364	0.556652
4.05388	0.597498
4.05413	0.644329
4.05437	0.696216
4.05462	0.751375
4.05486	0.816696
4.0551	0.904184
4.05535	1.01704
4.05559	1.15002
4.05584	1.3049
4.05608	1.49298
4.05633	1.71887
4.05657	1.975
4.05682	2.26184
4.05706	2.6062
4.05731	3.04994
4.05755	3.61853
4.0578	4.29589
4.05804	5.02009
4.05828	5.70296
4.05853	6.26353
4.05877	6.64636
4.05902	6.80761
4.05926	6.70156
4.05951	6.31153
4.05975	5.70061
4.06	5.00789
4.06024	4.37685
4.06049	3.89075
4.06073	3.57073
4.06097	3.4049
4.06122	3.36207
4.06146	3.40135
4.06171	3.49514
4.06195	3.63594
4.0622	3.80806
4.06244	3.97045
4.06269	4.08784
4.06293	4.16214
4.06318	4.20723
4.06342	4.20499
4.06367	4.11399
4.06391	3.91152
4.06415	3.59641
4.0644	3.16127
4.06464	2.60633
4.06489	1.9892
4.06513	1.42126
4.06538	0.991066
4.06562	0.708703
4.06587	0.533752
4.06611	0.429134
4.06636	0.370172
4.0666	0.329762
4.06685	0.287747
4.06709	0.247577
4.06733	0.222442
4.06758	0.210523
4.06782	0.199446
4.06807	0.186799
4.06831	0.179054
4.06856	0.175557
4.0688	0.169049
4.06905	0.15851
4.06929	0.14884
4.06954	0.141471
4.06978	0.135786
4.07003	0.134505
4.07027	0.137394
4.07051	0.13607
4.07076	0.125927
4.071	0.116206
4.07125	0.116594
4.07149	0.121072
4.07174	0.117802
4.07198	0.107856
4.07223	0.10017
4.07247	0.0948391
4.07272	0.0871741
4.07296	0.0823819
4.0732	0.0883933
4.07345	0.0974018
4.07369	0.0932858
4.07394	0.077415
4.07418	0.0691472
4.07443	0.0778635
4.07467	0.0904108
4.07492	0.0908614
4.07516	0.0794652
4.07541	0.0672992
4.07565	0.0630872
4.0759	0.069162
4.07614	0.0810082
4.07638	0.0883096
4.07663	0.0848821
4.07687	0.0775016
4.07712	0.0757633
4.07736	0.0760094
4.07761	0.0681122
4.07785	0.0554654
4.0781	0.0517375
4.07834	0.0578551
4.07859	0.0605161
4.07883	0.0562525
4.07908	0.0574354
4.07932	0.068115
4.07956	0.0735246
4.07981	0.0640362
4.08005	0.0519332
4.0803	0.0510763
4.08054	0.0549983
4.08079	0.0507814
4.08103	0.0426833
4.08128	0.0445038
4.08152	0.0557909
4.08177	0.0624814
4.08201	0.0581263
4.08226	0.0506034
4.0825	0.0487082
4.08274	0.0527133
4.08299	0.0574931
4.08323	0.0573001
4.08348	0.0494652
4.08372	0.0393465
4.08397	0.0372879
4.08421	0.0446295
4.08446	0.0491165
4.0847	0.0418603
4.08495	0.0315637
4.08519	0.0316412
4.08544	0.0395316
4.08568	0.0412826
4.08592	0.0331167
4.08617	0.025609
4.08641	0.0269178
4.08666	0.0329774
4.0869	0.0356812
4.08715	0.0324468
4.08739	0.0264826
4.08764	0.0235557
4.08788	0.0278888
4.08813	0.0361461
4.08837	0.0383492
4.08861	0.0308436
4.08886	0.0239166
4.0891	0.0282641
4.08935	0.0383141
4.08959	0.0397351
4.08984	0.0308478
4.09008	0.024392
4.09033	0.027902
4.09057	0.0343438
4.09082	0.0350932
4.09106	0.0317865
4.09131	0.0305075
4.09155	0.0320349
4.09179	0.0332089
4.09204	0.0330473
4.09228	0.0332543
4.09253	0.0354462
4.09277	0.0399132
4.09302	0.0449069
4.09326	0.0473237
4.09351	0.0469692
4.09375	0.0484278
4.094	0.0543833
4.09424	0.0593688
4.09449	0.0560036
4.09473	0.0457479
4.09497	0.0370605
4.09522	0.0342874
4.09546	0.0351148
4.09571	0.0374244
4.09595	0.0408238
4.0962	0.0423514
4.09644	0.0392216
4.09669	0.0356308
4.09693	0.0380776
4.09718	0.0440443
4.09742	0.0452871
4.09767	0.0428467
4.09791	0.046808
4.09815	0.0580153
4.0984	0.0630422
4.09864	0.0543848
4.09889	0.0441796
4.09913	0.0476666
4.09938	0.0616497
4.09962	0.0710884
4.09987	0.0712352
4.10011	0.0703739
4.10036	0.0730449
4.1006	0.0736522
4.10084	0.0683473
4.10109	0.0622118
4.10133	0.0604873
4.10158	0.0610826
4.10182	0.0609197
4.10207	0.0630426
4.10231	0.0709943
4.10256	0.0803498
4.1028	0.0827287
4.10305	0.0768285
4.10329	0.069846
4.10354	0.0681446
4.10378	0.0712236
4.10402	0.0751549
4.10427	0.0772765
4.10451	0.0761634
4.10476	0.0712202
4.105	0.0648524
4.10525	0.0620864
4.10549	0.0654681
4.10574	0.0721654
4.10598	0.0773821
4.10623	0.0780107
4.10647	0.0723038
4.10672	0.0608278
4.10696	0.050088
4.1072	0.0492753
4.10745	0.0587904
4.10769	0.0675567
4.10794	0.0677323
4.10818	0.0662
4.10843	0.0731425
4.10867	0.0848934
4.10892	0.0896347
4.10916	0.0867784
4.10941	0.0874522
4.10965	0.096569
4.1099	0.108566
4.11014	0.122188
4.11038	0.144297
4.11063	0.174724
4.11087	0.202148
4.11112	0.221292
4.11136	0.23982
4.11161	0.260678
4.11185	0.273089
4.1121	0.271536
4.11234	0.267983
4.11259	0.270889
4.11283	0.266582
4.11307	0.239832
4.11332	0.201603
4.11356	0.175299
4.11381	0.162867
4.11405	0.14692
4.1143	0.122757
4.11454	0.10481
4.11479	0.100038
4.11503	0.0971119
4.11528	0.0873796
4.11552	0.0775586
4.11577	0.0744249
4.11601	0.0732599
4.11625	0.0693303
4.1165	0.0666322
4.11674	0.0674827
4.11699	0.0665117
4.11723	0.0626163
4.11748	0.0641121
4.11772	0.0738686
4.11797	0.0817912
4.11821	0.0810094
4.11846	0.0791809
4.1187	0.0834833
4.11895	0.0866193
4.11919	0.0808055
4.11943	0.0754879
4.11968	0.0858105
4.11992	0.109602
4.12017	0.130791
4.12041	0.142527
4.12066	0.153323
4.1209	0.171696
4.12115	0.197479
4.12139	0.228569
4.12164	0.26445
4.12188	0.300738
4.12213	0.329807
4.12237	0.349574
4.12261	0.36407
4.12286	0.373318
4.1231	0.370368
4.12335	0.351233
4.12359	0.320983
4.12384	0.286743
4.12408	0.25083
4.12433	0.214839
4.12457	0.184839
4.12482	0.166598
4.12506	0.158228
4.1253	0.152663
4.12555	0.146491
4.12579	0.142781
4.12604	0.145864
4.12628	0.15668
4.12653	0.173211
4.12677	0.192613
4.12702	0.212174
4.12726	0.230007
4.12751	0.245238
4.12775	0.256141
4.128	0.258663
4.12824	0.249692
4.12848	0.232365
4.12873	0.214506
4.12897	0.199492
4.12922	0.181612
4.12946	0.154161
4.12971	0.120269
4.12995	0.0914531
4.1302	0.0758662
4.13044	0.071492
4.13069	0.0704585
4.13093	0.0664382
4.13118	0.0583745
4.13142	0.0508343
4.13166	0.0502474
4.13191	0.0570061
4.13215	0.0627587
4.1324	0.0602371
4.13264	0.0534344
4.13289	0.0513969
4.13313	0.0544804
4.13338	0.056005
4.13362	0.0559318
4.13387	0.0608902
4.13411	0.0696209
4.13436	0.071746
4.1346	0.0650333
4.13484	0.0608433
4.13509	0.0666013
4.13533	0.0756886
4.13558	0.0817746
4.13582	0.0899617
4.13607	0.104998
4.13631	0.121701
4.13656	0.137075
4.1368	0.158326
4.13705	0.187656
4.13729	0.213927
4.13753	0.232547
4.13778	0.256872
4.13802	0.292701
4.13827	0.31906
4.13851	0.317038
4.13876	0.301454
4.139	0.296014
4.13925	0.291068
4.13949	0.260358
4.13974	0.211297
4.13998	0.179373
4.14023	0.172404
4.14047	0.160128
4.14071	0.126934
4.14096	0.0964491
4.1412	0.0890366
4.14145	0.0899942
4.14169	0.0800219
4.14194	0.0667012
4.14218	0.0624923
4.14243	0.0580475
4.14267	0.0430771
4.14292	0.0313354
4.14316	0.0378282
4.14341	0.0498281
4.14365	0.0479702
4.14389	0.0399226
4.14414	0.0443865
4.14438	0.0552704
4.14463	0.0526888
4.14487	0.0402093
4.14512	0.0392426
4.14536	0.0505136
4.14561	0.0524123
4.14585	0.0385405
4.1461	0.0277908
4.14634	0.0319759
4.14659	0.0391605
4.14683	0.0370201
4.14707	0.0307817
4.14732	0.0286229
4.14756	0.0277328
4.14781	0.0248081
4.14805	0.0250201
4.1483	0.0306691
4.14854	0.0335322
4.14879	0.0279463
4.14903	0.0213732
4.14928	0.0233416
4.14952	0.0316133
4.14976	0.0365322
4.15001	0.0333146
4.15025	0.0249499
4.1505	0.0175644
4.15074	0.0156843
4.15099	0.0180543
4.15123	0.0183492
4.15148	0.0147524
4.15172	0.0152216
4.15197	0.0252512
4.15221	0.0353357
4.15246	0.0327746
4.1527	0.0223794
4.15294	0.0203172
4.15319	0.0287973
4.15343	0.0342191
4.15368	0.0318392
4.15392	0.0327916
4.15417	0.0408127
4.15441	0.0420865
4.15466	0.0298
4.1549	0.0211448
4.15515	0.0333296
4.15539	0.0550814
4.15564	0.0606882
4.15588	0.0456609
4.15612	0.0302592
4.15637	0.0298012
4.15661	0.0382042
4.15686	0.0427821
4.1571	0.0411393
4.15735	0.038395
4.15759	0.0377007
4.15784	0.0393057
4.15808	0.0429474
4.15833	0.0468881
4.15857	0.0487913
4.15882	0.0498222
4.15906	0.0535075
4.1593	0.0591518
4.15955	0.0618667
4.15979	0.0611608
4.16004	0.0633716
4.16028	0.0718708
4.16053	0.0807015
4.16077	0.0831492
4.16102	0.081795
4.16126	0.0833471
4.16151	0.0872218
4.16175	0.087422
4.16199	0.0837156
4.16224	0.0814364
4.16248	0.0798532
4.16273	0.0712512
4.16297	0.0549916
4.16322	0.042242
4.16346	0.0403915
4.16371	0.0418599
4.16395	0.0368394
4.1642	0.0289961
4.16444	0.0276922
4.16469	0.0312737
4.16493	0.0311285
4.16517	0.0277846
4.16542	0.0281112
4.16566	0.0288802
4.16591	0.0201334
4.16615	0.00630888
4.1664	0.00592196
4.16664	0.0239417
4.16689	0.0408645
4.16713	0.0391733
4.16738	0.0269143
4.16762	0.0228892
4.16787	0.0292199
4.16811	0.0325282
4.16835	0.0257418
4.1686	0.0155549
4.16884	0.0110928
4.16909	0.0148947
4.16933	0.0230235
4.16958	0.0276971
4.16982	0.0236797
4.17007	0.0167275
4.17031	0.0187477
4.17056	0.0295505
4.1708	0.0336761
4.17105	0.023371
4.17129	0.0130647
4.17153	0.0188631
4.17178	0.0341269
4.17202	0.0404344
4.17227	0.0343728
4.17251	0.0267368
4.17276	0.0220116
4.173	0.0175477
4.17325	0.0187148
4.17349	0.0338022
4.17374	0.053939
4.17398	0.0590671
4.17423	0.0477509
4.17447	0.0416692
4.17471	0.0540215
4.17496	0.0713491
4.1752	0.0756175
4.17545	0.0681807
4.17569	0.060432
4.17594	0.0544122
4.17618	0.0462574
4.17643	0.0389291
4.17667	0.0373619
4.17692	0.0372759
4.17716	0.0317434
4.1774	0.0243604
4.17765	0.0233808
4.17789	0.0258539
4.17814	0.0208414
4.17838	0.00851653
4.17863	0.00314695
4.17887	0.0130889
4.17912	0.0281462
4.17936	0.0332153
4.17961	0.0269888
4.17985	0.0193691
4.1801	0.0156909
4.18034	0.0134899
4.18058	0.013138
4.18083	0.0199933
4.18107	0.0322477
4.18132	0.03697
4.18156	0.02655
4.18181	0.0120942
4.18205	0.00997884
4.1823	0.0193022
4.18254	0.0247287
4.18279	0.0199067
4.18303	0.0142285
4.18328	0.0147084
4.18352	0.0157747
4.18376	0.0126899
4.18401	0.0115576
4.18425	0.0172073
4.1845	0.0224397
4.18474	0.0196835
4.18499	0.0142738
4.18523	0.0155299
4.18548	0.0222511
4.18572	0.0272884
4.18597	0.0290601
4.18621	0.0282537
4.18646	0.0211877
4.1867	0.00818769
4.18694	0.000869391
4.18719	0.00780997
4.18743	0.019337
4.18768	0.0202144
4.18792	0.0117143
4.18817	0.00693331
4.18841	0.00959282
4.18866	0.0127489
4.1889	0.0140001
4.18915	0.0160781
4.18939	0.0160774
4.18963	0.0105756
4.18988	0.00802522
4.19012	0.0184826
4.19037	0.033856
4.19061	0.0374542
4.19086	0.0311391
4.1911	0.031717
4.19135	0.0404217
4.19159	0.039768
4.19184	0.0247807
4.19208	0.0130965
4.19233	0.0155156
4.19257	0.0194795
4.19281	0.0138789
4.19306	0.00939661
4.1933	0.0186522
4.19355	0.0332509
4.19379	0.0376687
4.19404	0.0329505
4.19428	0.0301273
4.19453	0.0305947
4.19477	0.0288566
4.19502	0.0263382
4.19526	0.0276462
4.19551	0.0299449
4.19575	0.0291326
4.19599	0.0296435
4.19624	0.0355555
4.19648	0.0392449
4.19673	0.0320814
4.19697	0.0198606
4.19722	0.0142569
4.19746	0.0150713
4.19771	0.0146614
4.19795	0.0141269
4.1982	0.0199939
4.19844	0.0290844
4.19869	0.0322308
4.19893	0.0304936
4.19917	0.0322563
4.19942	0.0359547
4.19966	0.0321863
4.19991	0.0233519
4.20015	0.0237688
4.2004	0.0363686
4.20064	0.0459183
4.20089	0.042629
4.20113	0.0375697
4.20138	0.044192
4.20162	0.0568166
4.20186	0.0609847
4.20211	0.0572413
4.20235	0.0595686
4.2026	0.07289
4.20284	0.0866921
4.20309	0.0930589
4.20333	0.098543
4.20358	0.112286
4.20382	0.131938
4.20407	0.149871
4.20431	0.166984
4.20456	0.189803
4.2048	0.216637
4.20504	0.238305
4.20529	0.253837
4.20553	0.273488
4.20578	0.300584
4.20602	0.321104
4.20627	0.321118
4.20651	0.30698
4.20676	0.296104
4.207	0.292021
4.20725	0.282254
4.20749	0.26027
4.20774	0.235374
4.20798	0.217054
4.20822	0.201878
4.20847	0.182865
4.20871	0.162695
4.20896	0.14925
4.2092	0.143595
4.20945	0.139883
4.20969	0.134162
4.20994	0.127726
4.21018	0.124269
4.21043	0.127908
4.21067	0.141195
4.21092	0.161104
4.21116	0.179625
4.2114	0.192353
4.21165	0.204659
4.21189	0.225873
4.21214	0.258267
4.21238	0.29397
4.21263	0.321957
4.21287	0.336918
4.21312	0.342247
4.21336	0.345122
4.21361	0.348783
4.21385	0.350985
4.21409	0.349879
4.21434	0.346859
4.21458	0.341339
4.21483	0.328972
4.21507	0.310621
4.21532	0.297109
4.21556	0.297082
4.21581	0.304988
4.21605	0.310073
4.2163	0.311919
4.21654	0.315606
4.21679	0.316469
4.21703	0.304925
4.21727	0.28472
4.21752	0.269796
4.21776	0.26164
4.21801	0.246682
4.21825	0.220066
4.2185	0.19466
4.21874	0.179199
4.21899	0.16414
4.21923	0.140222
4.21948	0.117007
4.21972	0.109308
4.21997	0.114953
4.22021	0.119534
4.22045	0.116813
4.2207	0.112256
4.22094	0.110787
4.22119	0.11202
4.22143	0.115604
4.22168	0.123139
4.22192	0.135793
4.22217	0.154184
4.22241	0.177432
4.22266	0.200162
4.2229	0.216377
4.22315	0.228211
4.22339	0.242534
4.22363	0.256741
4.22388	0.259053
4.22412	0.247139
4.22437	0.233728
4.22461	0.226956
4.22486	0.21823
4.2251	0.198751
4.22535	0.175106
4.22559	0.156604
4.22584	0.13893
4.22608	0.11464
4.22632	0.0905189
4.22657	0.0789586
4.22681	0.078024
4.22706	0.0746377
4.2273	0.0637985
4.22755	0.0521331
4.22779	0.0456388
4.22804	0.0446431
4.22828	0.0472911
4.22853	0.0489441
4.22877	0.0433372
4.22902	0.032695
4.22926	0.0287997
4.2295	0.0346498
4.22975	0.0356271
4.22999	0.0216018
4.23024	0.00645582
4.23048	0.00875965
4.23073	0.0227158
4.23097	0.0281077
4.23122	0.0219987
4.23146	0.0187466
4.23171	0.0227086
4.23195	0.0240176
4.2322	0.0208933
4.23244	0.0231941
4.23268	0.0312029
4.23293	0.0326099
4.23317	0.0250223
4.23342	0.0208126
4.23366	0.0240489
4.23391	0.0234741
4.23415	0.0158862
4.2344	0.0152355
4.23464	0.0275036
4.23489	0.0367628
4.23513	0.030717
4.23538	0.022319
4.23562	0.0284293
4.23586	0.041316
4.23611	0.0413866
4.23635	0.0286307
4.2366	0.0206575
4.23684	0.0241572
4.23709	0.0279996
4.23733	0.0244779
4.23758	0.0200657
4.23782	0.0218828
4.23807	0.0269836
4.23831	0.02954
4.23855	0.0285319
4.2388	0.024717
4.23904	0.0187625
4.23929	0.0155056
4.23953	0.0212476
4.23978	0.0327392
4.24002	0.0372646
4.24027	0.0292162
4.24051	0.0188712
4.24076	0.0176663
4.241	0.02174
4.24125	0.0201292
4.24149	0.0144896
4.24173	0.0170586
4.24198	0.0285612
4.24222	0.0329636
4.24247	0.0214041
4.24271	0.00876792
4.24296	0.0138541
4.2432	0.0311801
4.24345	0.038531
4.24369	0.0294619
4.24394	0.020653
4.24418	0.0245876
4.24443	0.032424
4.24467	0.0317014
4.24491	0.0257635
4.24516	0.0241198
4.2454	0.0255348
4.24565	0.0241726
4.24589	0.0235857
4.24614	0.030091
4.24638	0.0384369
4.24663	0.0386747
4.24687	0.0335177
4.24712	0.0349683
4.24736	0.0458849
4.24761	0.0575695
4.24785	0.0636561
4.24809	0.0643133
4.24834	0.0594379
4.24858	0.050668
4.24883	0.0470651
4.24907	0.054167
4.24932	0.060053
4.24956	0.0490115
4.24981	0.0276414
4.25005	0.0182715
4.2503	0.0255146
4.25054	0.0307082
4.25079	0.024262
4.25103	0.0204641
4.25127	0.0297711
4.25152	0.0385449
4.25176	0.0326968
4.25201	0.0232481
4.25225	0.0279291
4.2525	0.0404215
4.25274	0.0404752
4.25299	0.0273695
4.25323	0.0206213
4.25348	0.0289082
4.25372	0.0388639
4.25396	0.0377965
4.25421	0.030628
4.25445	0.0285628
4.2547	0.0334321
4.25494	0.0393145
4.25519	0.0409954
4.25543	0.0366068
4.25568	0.0291412
4.25592	0.0276165
4.25617	0.0387205
4.25641	0.0551866
4.25666	0.0613314
4.2569	0.0533958
4.25714	0.0453232
4.25739	0.0494349
4.25763	0.0602481
4.25788	0.0650485
4.25812	0.0635859
4.25837	0.067177
4.25861	0.0808666
4.25886	0.0962936
4.2591	0.103715
4.25935	0.103735
4.25959	0.103467
4.25984	0.105646
4.26008	0.106348
4.26032	0.102309
4.26057	0.096425
4.26081	0.0945148
4.26106	0.0983389
4.2613	0.103515
4.26155	0.104045
4.26179	0.0976112
4.26204	0.0863376
4.26228	0.0740388
4.26253	0.0640705
4.26277	0.0588978
4.26302	0.0594202
4.26326	0.0636832
4.2635	0.06741
4.26375	0.0673417
4.26399	0.0641325
4.26424	0.0609935
4.26448	0.0594749
4.26473	0.0580955
4.26497	0.0559203
4.26522	0.0555417
4.26546	0.0599994
4.26571	0.0675664
4.26595	0.0729273
4.26619	0.0741351
4.26644	0.07525
4.26668	0.0805634
4.26693	0.0888054
4.26717	0.0948645
4.26742	0.0950691
4.26766	0.0892692
4.26791	0.0801824
4.26815	0.0721334
4.2684	0.0675981
4.26864	0.0638012
4.26889	0.0566939
4.26913	0.0494184
4.26937	0.0504626
4.26962	0.0600405
4.26986	0.0660482
4.27011	0.0602386
4.27035	0.0512846
4.2706	0.0522636
4.27084	0.0610256
4.27109	0.0651407
4.27133	0.0626755
4.27158	0.0636565
4.27182	0.0710952
4.27207	0.0756349
4.27231	0.0724119
4.27255	0.0689918
4.2728	0.0706851
4.27304	0.0712318
4.27329	0.0661049
4.27353	0.0629566
4.27378	0.0686284
4.27402	0.0757493
4.27427	0.0735134
4.27451	0.0638086
4.27476	0.0554207
4.275	0.0495448
4.27525	0.0429109
4.27549	0.038391
4.27573	0.0391982
4.27598	0.0384413
4.27622	0.0294601
4.27647	0.022056
4.27671	0.0313702
4.27696	0.0522735
4.2772	0.0632251
4.27745	0.0575392
4.27769	0.0521089
4.27794	0.0592148
4.27818	0.0677726
4.27842	0.0631236
4.27867	0.050459
4.27891	0.044743
4.27916	0.0476293
4.2794	0.0487513
4.27965	0.0436825
4.27989	0.0371973
4.28014	0.0321726
4.28038	0.0271187
4.28063	0.0231517
4.28087	0.0234176
4.28112	0.0262191
4.28136	0.0265362
4.2816	0.0232645
4.28185	0.0186128
4.28209	0.0133615
4.28234	0.00953881
4.28258	0.0131815
4.28283	0.0252522
4.28307	0.034006
4.28332	0.0277694
4.28356	0.0129767
4.28381	0.00706935
4.28405	0.0139729
4.2843	0.0200654
4.28454	0.0167499
4.28478	0.0131504
4.28503	0.0198163
4.28527	0.030951
4.28552	0.03226
4.28576	0.0204297
4.28601	0.00653521
4.28625	0.00246586
4.2865	0.00909257
4.28674	0.0167843
4.28699	0.0158153
4.28723	0.00766419
4.28748	0.00430178
4.28772	0.0123839
4.28796	0.0223346
4.28821	0.0214762
4.28845	0.0138788
4.2887	0.0141783
4.28894	0.023181
4.28919	0.0261937
4.28943	0.0185018
4.28968	0.0144443
4.28992	0.0231653
4.29017	0.0324906
4.29041	0.0291828
4.29065	0.0204237
4.2909	0.0200009
4.29114	0.0251949
4.29139	0.0244331
4.29163	0.0187925
4.29188	0.0176952
4.29212	0.0193607
4.29237	0.0141404
4.29261	0.00431935
4.29286	0.00259961
4.2931	0.0110659
4.29335	0.0177174
4.29359	0.0153208
4.29383	0.0098151
4.29408	0.00827073
4.29432	0.0105184
4.29457	0.0139626
4.29481	0.0162587
4.29506	0.0136449
4.2953	0.00652807
4.29555	0.00391011
4.29579	0.0111324
4.29604	0.0179882
4.29628	0.0128643
4.29653	0.00333738
4.29677	0.00549447
4.29701	0.0171545
4.29726	0.0217512
4.2975	0.0162913
4.29775	0.0131015
4.29799	0.0142802
4.29824	0.00920944
4.29848	9.2254e-05
4.29873	0.00313314
4.29897	0.0175253
4.29922	0.0205487
4.29946	0.00449218
4.29971	-0.00831262
4.29995	-0.00159635
4.30019	0.0100162
4.30044	0.0100321
4.30068	0.00803898
4.30093	0.0160628
4.30117	0.0209737
4.30142	0.0081898
4.30166	-0.00675142
4.30191	-0.00122884
4.30215	0.0148163
4.3024	0.0149098
4.30264	0.000773348
4.30288	-0.00341903
4.30313	0.00501155
4.30337	0.00542829
4.30362	-0.00460356
4.30386	-0.00307337
4.30411	0.0146239
4.30435	0.0227514
4.3046	0.00750353
4.30484	-0.00861826
4.30509	-0.00295012
4.30533	0.0124113
4.30558	0.0135491
4.30582	0.00273166
4.30606	-0.000559226
4.30631	0.00660105
4.30655	0.0100227
4.3068	0.0052632
4.30704	0.00301329
4.30729	0.00837749
4.30753	0.0127468
4.30778	0.00925051
4.30802	0.00320876
4.30827	0.00295915
4.30851	0.00881477
4.30876	0.0147896
4.309	0.0160291
4.30924	0.0123587
4.30949	0.00786792
4.30973	0.00761974
4.30998	0.0122151
4.31022	0.0162959
4.31047	0.0148888
4.31071	0.00976491
4.31096	0.00671671
4.3112	0.00805836
4.31145	0.0109434
4.31169	0.0122192
4.31194	0.0120162
4.31218	0.0125983
4.31242	0.0154579
4.31267	0.0195966
4.31291	0.0220448
4.31316	0.0206339
4.3134	0.0164637
4.31365	0.0126494
4.31389	0.0106949
4.31414	0.00950394
4.31438	0.00795517
4.31463	0.00684222
4.31487	0.00780331
4.31511	0.0111303
4.31536	0.0147271
4.3156	0.0151823
4.31585	0.0109575
4.31609	0.00468303
4.31634	0.000636285
4.31658	-8.59494e-05
4.31683	0.000478927
4.31707	0.00153737
4.31732	0.00386113
4.31756	0.00575477
4.31781	0.00430157
4.31805	0.00171927
4.31829	0.00383347
4.31854	0.00994214
4.31878	0.0118354
4.31903	0.00673821
4.31927	0.0028614
4.31952	0.00628939
4.31976	0.0110056
4.32001	0.0100019
4.32025	0.00794862
4.3205	0.0120729
4.32074	0.017232
4.32099	0.0130294
4.32123	0.0019171
4.32147	-0.0032714
4.32172	0.00138669
4.32196	0.00693661
4.32221	0.00742436
4.32245	0.00739182
4.3227	0.01086
4.32294	0.0137381
4.32319	0.0116857
4.32343	0.00744724
4.32368	0.00606197
4.32392	0.00859188
4.32417	0.0134306
4.32441	0.0187313
4.32465	0.0217353
4.3249	0.0203603
4.32514	0.0164045
4.32539	0.0132267
4.32563	0.0112621
4.32588	0.0104498
4.32612	0.0142597
4.32637	0.0241409
4.32661	0.0323077
4.32686	0.028934
4.3271	0.0160152
4.32735	0.00555047
4.32759	0.00399876
4.32783	0.00705336
4.32808	0.00983056
4.32832	0.0127325
4.32857	0.015577
4.32881	0.014972
4.32906	0.0106613
4.3293	0.00731874
4.32955	0.00743189
4.32979	0.00856444
4.33004	0.00925699
4.33028	0.011169
4.33052	0.0138661
4.33077	0.0140969
4.33101	0.0120787
4.33126	0.0123839
4.3315	0.0166866
4.33175	0.0209721
4.33199	0.0214568
4.33224	0.018745
4.33248	0.0155538
4.33273	0.0143822
4.33297	0.0166972
4.33322	0.0203705
4.33346	0.0201707
4.3337	0.0153423
4.33395	0.0127226
4.33419	0.0164278
4.33444	0.0198801
4.33468	0.0163713
4.33493	0.0116563
4.33517	0.0150713
4.33542	0.0231221
4.33566	0.0249613
4.33591	0.0205512
4.33615	0.0188372
4.3364	0.0200239
4.33664	0.0158157
4.33688	0.00754372
4.33713	0.00718957
4.33737	0.0171528
4.33762	0.0248148
4.33786	0.0222672
4.33811	0.0169083
4.33835	0.0165706
4.3386	0.0179577
4.33884	0.0169983
4.33909	0.0179476
4.33933	0.0238069
4.33958	0.0283534
4.33982	0.0260178
4.34006	0.0208855
4.34031	0.0186511
4.34055	0.0179211
4.3408	0.0160973
4.34104	0.0159319
4.34129	0.0196869
4.34153	0.0236428
4.34178	0.0239497
4.34202	0.0218566
4.34227	0.0194514
4.34251	0.0168042
4.34275	0.0157067
4.343	0.0186287
4.34324	0.0223187
4.34349	0.0209283
4.34373	0.0163103
4.34398	0.0155204
4.34422	0.0181352
4.34447	0.0176059
4.34471	0.0148209
4.34496	0.0165607
4.3452	0.0206853
4.34545	0.0192288
4.34569	0.0167551
4.34593	0.0260795
4.34618	0.042783
4.34642	0.0462475
4.34667	0.0328108
4.34691	0.0245056
4.34716	0.0340228
4.3474	0.0445665
4.34765	0.0395469
4.34789	0.0296949
4.34814	0.0314212
4.34838	0.0384484
4.34863	0.0375516
4.34887	0.0355695
4.34911	0.0456895
4.34936	0.059792
4.3496	0.0603729
4.34985	0.0510064
4.35009	0.0496728
4.35034	0.0581709
4.35058	0.0627041
4.35083	0.0604009
4.35107	0.0611065
4.35132	0.0655872
4.35156	0.0656532
4.35181	0.0647506
4.35205	0.0748715
4.35229	0.092574
4.35254	0.101462
4.35278	0.100775
4.35303	0.108067
4.35327	0.128765
4.35352	0.146204
4.35376	0.150221
4.35401	0.154839
4.35425	0.176617
4.3545	0.212704
4.35474	0.252258
4.35498	0.295713
4.35523	0.350955
4.35547	0.421088
4.35572	0.506171
4.35596	0.608072
4.35621	0.724605
4.35645	0.845398
4.3567	0.958884
4.35694	1.05611
4.35719	1.12602
4.35743	1.15953
4.35768	1.1624
4.35792	1.15013
4.35816	1.12336
4.35841	1.0633
4.35865	0.960858
4.3589	0.835825
4.35914	0.714102
4.35939	0.599129
4.35963	0.4824
4.35988	0.371903
4.36012	0.288953
4.36037	0.239181
4.36061	0.205956
4.36086	0.175228
4.3611	0.150831
4.36134	0.139783
4.36159	0.136296
4.36183	0.129506
4.36208	0.118236
4.36232	0.108522
4.36257	0.101737
4.36281	0.0944722
4.36306	0.0879087
4.3633	0.0880587
4.36355	0.0954002
4.36379	0.101607
4.36404	0.100194
4.36428	0.0952523
4.36452	0.0949727
4.36477	0.100019
4.36501	0.104217
4.36526	0.105115
4.3655	0.107081
4.36575	0.11316
4.36599	0.120429
4.36624	0.12619
4.36648	0.133012
4.36673	0.143162
4.36697	0.152438
4.36721	0.154953
4.36746	0.151622
4.3677	0.148987
4.36795	0.151214
4.36819	0.15753
4.36844	0.166273
4.36868	0.177071
4.36893	0.189145
4.36917	0.200554
4.36942	0.209589
4.36966	0.215913
4.36991	0.221383
4.37015	0.229668
4.37039	0.242322
4.37064	0.255597
4.37088	0.2655
4.37113	0.275221
4.37137	0.290459
4.37162	0.307447
4.37186	0.31622
4.37211	0.318783
4.37235	0.331187
4.3726	0.359858
4.37284	0.388571
4.37309	0.401264
4.37333	0.406966
4.37357	0.425961
4.37382	0.458723
4.37406	0.487559
4.37431	0.506278
4.37455	0.52849
4.3748	0.564495
4.37504	0.608145
4.37529	0.651831
4.37553	0.698177
4.37578	0.749558
4.37602	0.800516
4.37627	0.849868
4.37651	0.908106
4.37675	0.982704
4.377	1.06672
4.37724	1.15276
4.37749	1.24836
4.37773	1.36452
4.37798	1.49703
4.37822	1.63494
4.37847	1.78404
4.37871	1.9652
4.37896	2.18793
4.3792	2.44081
4.37944	2.71513
4.37969	3.02688
4.37993	3.40566
4.38018	3.8684
4.38042	4.41388
4.38067	5.03886
4.38091	5.74551
4.38116	6.52782
4.3814	7.35909
4.38165	8.19976
4.38189	9.01296
4.38214	9.76475
4.38238	10.4138
4.38262	10.9141
4.38287	11.2341
4.38311	11.3697
4.38336	11.3355
4.3836	11.1514
4.38385	10.839
4.38409	10.4221
4.38434	9.92147
4.38458	9.34942
4.38483	8.71404
4.38507	8.02681
4.38532	7.30258
4.38556	6.5569
4.3858	5.80844
4.38605	5.07991
4.38629	4.39185
4.38654	3.75875
4.38678	3.19427
4.38703	2.71262
4.38727	2.31786
4.38752	1.99809
4.38776	1.73767
4.38801	1.52873
4.38825	1.36341
4.3885	1.22412
4.38874	1.09482
4.38898	0.976551
4.38923	0.878444
4.38947	0.798097
4.38972	0.725348
4.38996	0.66115
4.39021	0.614735
4.39045	0.582224
4.3907	0.54647
4.39094	0.501828
4.39119	0.462392
4.39143	0.439511
4.39167	0.425744
4.39192	0.408423
4.39216	0.386563
4.39241	0.366525
4.39265	0.351228
4.3929	0.340536
4.39314	0.333411
4.39339	0.324753
4.39363	0.309279
4.39388	0.291487
4.39412	0.280539
4.39437	0.273282
4.39461	0.257273
4.39485	0.234248
4.3951	0.222051
4.39534	0.225231
4.39559	0.2233
4.39583	0.201295
4.39608	0.173978
4.39632	0.162949
4.39657	0.165467
4.39681	0.165381
4.39706	0.16131
4.3973	0.1614
4.39755	0.160428
4.39779	0.147189
4.39803	0.129238
4.39828	0.125088
4.39852	0.133208
4.39877	0.1332
4.39901	0.119287
4.39926	0.108456
4.3995	0.110465
4.39975	0.113365
4.39999	0.107683
4.40024	0.103198
4.40048	0.108939
4.40073	0.115041
4.40097	0.109793
4.40121	0.100035
4.40146	0.0977464
4.4017	0.0976563
4.40195	0.0864042
4.40219	0.0672628
4.40244	0.0575464
4.40268	0.0634993
4.40293	0.0738816
4.40317	0.079228
4.40342	0.082707
4.40366	0.0878526
4.4039	0.0883065
4.40415	0.0780165
4.40439	0.0641758
4.40464	0.0607216
4.40488	0.0706128
4.40513	0.081598
4.40537	0.0811015
4.40562	0.0707967
4.40586	0.0628822
4.40611	0.0640134
4.40635	0.0681973
4.4066	0.0669866
4.40684	0.0612281
4.40708	0.0577497
4.40733	0.0581293
4.40757	0.0579709
4.40782	0.0560704
4.40806	0.0563286
4.40831	0.0593497
4.40855	0.0597152
4.4088	0.0544802
4.40904	0.048022
4.40929	0.0450714
4.40953	0.0446414
4.40978	0.0442864
4.41002	0.0446943
4.41026	0.0460947
4.41051	0.0456101
4.41075	0.0426223
4.411	0.0416296
4.41124	0.0449813
4.41149	0.0477465
4.41173	0.0449472
4.41198	0.0392878
4.41222	0.0363749
4.41247	0.0367703
4.41271	0.0382434
4.41296	0.0410773
4.4132	0.0449354
4.41344	0.0452637
4.41369	0.0398468
4.41393	0.0344952
4.41418	0.0346542
4.41442	0.0361056
4.41467	0.0328371
4.41491	0.0292758
4.41516	0.0332666
4.4154	0.0401214
4.41565	0.0373864
4.41589	0.0256578
4.41614	0.0203486
4.41638	0.02886
4.41662	0.0391379
4.41687	0.0378341
4.41711	0.0288396
4.41736	0.0245728
4.4176	0.0271034
4.41785	0.0286553
4.41809	0.0263162
4.41834	0.0255698
4.41858	0.0298374
4.41883	0.0349548
4.41907	0.0358021
4.41931	0.0331232
4.41956	0.0314736
4.4198	0.0329632
4.42005	0.0348914
4.42029	0.0334031
4.42054	0.0289403
4.42078	0.0264698
4.42103	0.0287668
4.42127	0.0318175
4.42152	0.0306551
4.42176	0.0274262
4.42201	0.0277502
4.42225	0.030645
4.42249	0.0300373
4.42274	0.0262779
4.42298	0.0265751
4.42323	0.0316346
4.42347	0.0320814
4.42372	0.0232138
4.42396	0.0138712
4.42421	0.0136119
4.42445	0.0194025
4.4247	0.0232845
4.42494	0.0257371
4.42519	0.0316128
4.42543	0.0386694
4.42567	0.0408557
4.42592	0.0391742
4.42616	0.0389273
4.42641	0.0391018
4.42665	0.0348902
4.4269	0.0286328
4.42714	0.0273774
4.42739	0.030344
4.42763	0.0295619
4.42788	0.0234147
4.42812	0.0190505
4.42837	0.0197084
4.42861	0.0198918
4.42885	0.0163042
4.4291	0.014341
4.42934	0.0191004
4.42959	0.0271832
4.42983	0.0322376
4.43008	0.0332388
4.43032	0.0330447
4.43057	0.0330237
4.43081	0.0326761
4.43106	0.0316111
4.4313	0.0297448
4.43154	0.0279252
4.43179	0.0283999
4.43203	0.0313749
4.43228	0.0322798
4.43252	0.0273527
4.43277	0.0207443
4.43301	0.0198717
4.43326	0.0242931
4.4335	0.0259128
4.43375	0.0204345
4.43399	0.0119925
4.43424	0.00614706
4.43448	0.00489953
4.43472	0.00873377
4.43497	0.0164045
4.43521	0.0222851
4.43546	0.0211816
4.4357	0.0162011
4.43595	0.0148109
4.43619	0.0178089
4.43644	0.02047
4.43668	0.0232151
4.43693	0.0302867
4.43717	0.0380042
4.43742	0.0371035
4.43766	0.0290384
4.4379	0.0269307
4.43815	0.0359937
4.43839	0.0455644
4.43864	0.0461254
4.43888	0.0419105
4.43913	0.0397533
4.43937	0.0374874
4.43962	0.0319255
4.43986	0.0275165
4.44011	0.0278503
4.44035	0.0281319
4.4406	0.0249192
4.44084	0.0236728
4.44108	0.0276112
4.44133	0.0294119
4.44157	0.024174
4.44182	0.0199835
4.44206	0.023675
4.44231	0.0267232
4.44255	0.0197326
4.4428	0.0115894
4.44304	0.0171566
4.44329	0.0323123
4.44353	0.0392792
4.44377	0.0336363
4.44402	0.0282657
4.44426	0.0309689
4.44451	0.0351627
4.44475	0.0349221
4.445	0.0338873
4.44524	0.0350256
4.44549	0.0342817
4.44573	0.0293349
4.44598	0.0245938
4.44622	0.0232026
4.44647	0.0223401
4.44671	0.0196105
4.44695	0.0168133
4.4472	0.0153996
4.44744	0.014835
4.44769	0.0159179
4.44793	0.0188656
4.44818	0.0191909
4.44842	0.0135625
4.44867	0.00788869
4.44891	0.00982873
4.44916	0.0151796
4.4494	0.0134173
4.44965	0.00576887
4.44989	0.00417354
4.45013	0.0110416
4.45038	0.0145245
4.45062	0.00793817
4.45087	5.50446e-05
4.45111	-0.000182957
4.45136	0.00326175
4.4516	0.00338801
4.45185	0.00217837
4.45209	0.00404032
4.45234	0.00635088
4.45258	0.00559339
4.45283	0.00543413
4.45307	0.0097406
4.45331	0.0139586
4.45356	0.0124254
4.4538	0.00891307
4.45405	0.0107221
4.45429	0.0164252
4.45454	0.0187387
4.45478	0.0169342
4.45503	0.0172872
4.45527	0.0219774
4.45552	0.0257817
4.45576	0.0248054
4.456	0.0219718
4.45625	0.0218427
4.45649	0.0246086
4.45674	0.0274733
4.45698	0.0291413
4.45723	0.0307253
4.45747	0.0333702
4.45772	0.0364772
4.45796	0.0382193
4.45821	0.0371134
4.45845	0.0326182
4.4587	0.0248366
4.45894	0.0154713
4.45918	0.00916099
4.45943	0.0105443
4.45967	0.018033
4.45992	0.0237525
4.46016	0.0228119
4.46041	0.0196079
4.46065	0.0211137
4.4609	0.026949
4.46114	0.0307515
4.46139	0.0288283
4.46163	0.0226691
4.46188	0.0155545
4.46212	0.0117754
4.46236	0.0162372
4.46261	0.0288986
4.46285	0.0419516
4.4631	0.0477078
4.46334	0.0461945
4.46359	0.0406591
4.46383	0.0318397
4.46408	0.0232672
4.46432	0.0238224
4.46457	0.0343489
4.46481	0.039729
4.46506	0.0282619
4.4653	0.012098
4.46554	0.0113209
4.46579	0.0228281
4.46603	0.0254803
4.46628	0.0143267
4.46652	0.0066717
4.46677	0.0112545
4.46701	0.0151763
4.46726	0.0093385
4.4675	0.00431345
4.46775	0.0089578
4.46799	0.0131823
4.46823	0.00663148
4.46848	-0.00248878
4.46872	-0.00285674
4.46897	0.00059022
4.46921	-0.00101112
4.46946	-0.00235098
4.4697	0.00437769
4.46995	0.0115254
4.47019	0.00817355
4.47044	0.000447606
4.47068	0.000872732
4.47093	0.0058054
4.47117	0.0030335
4.47141	-0.00466378
4.47166	-0.00388656
4.4719	0.00541579
4.47215	0.0101687
4.47239	0.00641864
4.47264	0.00257235
4.47288	0.00132883
4.47313	-0.00310637
4.47337	-0.0093389
4.47362	-0.00840037
4.47386	-0.00095221
4.47411	0.00205415
4.47435	-0.00150007
4.47459	-0.00154868
4.47484	0.00510338
4.47508	0.00862945
4.47533	0.00395894
4.47557	-0.000380043
4.47582	0.00266023
4.47606	0.00782243
4.47631	0.00794242
4.47655	0.00407678
4.4768	0.000289013
4.47704	-0.00158357
4.47729	0.000825328
4.47753	0.00755234
4.47777	0.00973963
4.47802	-0.000703429
4.47826	-0.0140515
4.47851	-0.0119521
4.47875	0.00373169
4.479	0.0103498
4.47924	-0.00140462
4.47949	-0.0131344
4.47973	-0.0085158
4.47998	0.00268473
4.48022	0.00456634
4.48046	0.00079398
4.48071	0.00247189
4.48095	0.00537013
4.4812	-0.000458189
4.48144	-0.00935993
4.48169	-0.00914512
4.48193	-0.0035583
4.48218	-0.00522384
4.48242	-0.0117473
4.48267	-0.00945344
4.48291	0.00216448
4.48316	0.00979431
4.4834	0.00887552
4.48364	0.00747191
4.48389	0.0076829
4.48413	0.00278294
4.48438	-0.00521797
4.48462	-0.00483297
4.48487	0.00371413
4.48511	0.00563017
4.48536	-0.0036614
4.4856	-0.00912622
4.48585	-0.000646361
4.48609	0.00997426
4.48634	0.00840404
4.48658	2.97943e-05
4.48682	-0.00101391
4.48707	0.00567981
4.48731	0.00942835
4.48756	0.00633277
4.4878	0.00146433
4.48805	-0.00183207
4.48829	-0.00353041
4.48854	-0.00184356
4.48878	0.00350806
4.48903	0.00664733
4.48927	0.00321066
4.48952	-0.0011943
4.48976	0.00131093
4.49	0.00876116
4.49025	0.0133945
4.49049	0.0133777
4.49074	0.0117789
4.49098	0.00862226
4.49123	0.00360909
4.49147	0.00230166
4.49172	0.00887651
4.49196	0.0162563
4.49221	0.0144166
4.49245	0.00560632
4.4927	0.00038968
4.49294	0.00153211
4.49318	0.00351785
4.49343	0.00492189
4.49367	0.00810551
4.49392	0.00917124
4.49416	0.0029631
4.49441	-0.0034305
4.49465	0.0015515
4.4949	0.013118
4.49514	0.0152844
4.49539	0.00826185
4.49563	0.00957202
4.49587	0.0225708
4.49612	0.0268821
4.49636	0.0114983
4.49661	-0.0046088
4.49685	-0.00157763
4.4971	0.0109685
4.49734	0.0133678
4.49759	0.00957573
4.49783	0.0162893
4.49808	0.0295072
4.49832	0.0301126
4.49857	0.0187085
4.49881	0.0167947
4.49905	0.031124
4.4993	0.0430758
4.49954	0.0404968
4.49979	0.0365559
4.50003	0.0454941
4.50028	0.0592062
4.50052	0.0625282
4.50077	0.0572914
4.50101	0.0556789
4.50126	0.0594967
4.5015	0.0609782
4.50175	0.0582607
4.50199	0.0567576
4.50223	0.0581946
4.50248	0.0590921
4.50272	0.0583592
4.50297	0.0575162
4.50321	0.0546812
4.50346	0.0461493
4.5037	0.0336434
4.50395	0.0237689
4.50419	0.0201712
4.50444	0.0206571
4.50468	0.0216822
4.50493	0.0218835
4.50517	0.0212798
4.50541	0.019834
4.50566	0.0171681
4.5059	0.0129415
4.50615	0.00801637
4.50639	0.00456727
4.50664	0.00316822
4.50688	0.00129526
4.50713	-0.00225562
4.50737	-0.00388507
4.50762	-0.000854041
4.50786	0.00254513
4.5081	0.0011823
4.50835	-0.00162693
4.50859	2.79193e-05
4.50884	0.00236177
4.50908	-0.00260356
4.50933	-0.0104341
4.50957	-0.00799627
4.50982	0.00404229
4.51006	0.00873866
4.51031	-0.000820985
4.51055	-0.00888459
4.5108	-0.00101574
4.51104	0.0134363
4.51128	0.0161445
4.51153	0.00600072
4.51177	-0.00386705
4.51202	-0.00664256
4.51226	-0.00473315
4.51251	0.000962186
4.51275	0.00968716
4.513	0.0137154
4.51324	0.00727083
4.51349	-0.00125196
4.51373	-0.000137626
4.51398	0.00647147
4.51422	0.00539965
4.51446	-0.00277514
4.51471	-0.00480917
4.51495	0.00199819
4.5152	0.00549305
4.51544	6.78807e-05
4.51569	-0.00464676
4.51593	-0.00152308
4.51618	0.0032444
4.51642	0.00386785
4.51667	0.00521758
4.51691	0.0106322
4.51716	0.0120393
4.5174	0.00292245
4.51764	-0.00837357
4.51789	-0.00934558
4.51813	-0.000804889
4.51838	0.00630888
4.51862	0.00651321
4.51887	0.002897
4.51911	-0.0014173
4.51936	-0.0057485
4.5196	-0.00774068
4.51985	-0.00465227
4.52009	0.00158978
4.52033	0.00610493
4.52058	0.00715406
4.52082	0.00641893
4.52107	0.00490934
4.52131	0.00290589
4.52156	0.00241851
4.5218	0.00528618
4.52205	0.00939263
4.52229	0.0101581
4.52254	0.00563428
4.52278	-0.00174299
4.52303	-0.00750015
4.52327	-0.00802482
4.52351	-0.0030079
4.52376	0.00366663
4.524	0.00721414
4.52425	0.00662331
4.52449	0.00386266
4.52474	-0.000700313
4.52498	-0.00742248
4.52523	-0.0121176
4.52547	-0.00833146
4.52572	0.00284607
4.52596	0.0116646
4.52621	0.0119718
4.52645	0.00857933
4.52669	0.00805411
4.52694	0.00846248
4.52718	0.00459706
4.52743	-0.00179128
4.52767	-0.00473963
4.52792	-0.00385976
4.52816	-0.0036635
4.52841	-0.00498651
4.52865	-0.00464456
4.5289	-0.00258578
4.52914	-0.00182103
4.52939	-0.00147748
4.52963	0.00225778
4.52987	0.00761866
4.53012	0.0079668
4.53036	0.00317226
4.53061	0.00166636
4.53085	0.00693791
4.5311	0.0105053
4.53134	0.0052571
4.53159	-0.00168033
4.53183	0.000588575
4.53208	0.00828256
4.53232	0.00764231
4.53256	-0.00255507
4.53281	-0.00695788
4.53305	0.00316357
4.5333	0.0150638
4.53354	0.012284
4.53379	-0.00166138
4.53403	-0.0097226
4.53428	-0.00644157
4.53452	-0.00255508
4.53477	-0.00493565
4.53501	-0.00644051
4.53526	-0.000513035
4.5355	0.00640971
4.53574	0.0056121
4.53599	0.00056567
4.53623	0.000644446
4.53648	0.00562066
4.53672	0.00703299
4.53697	0.00298403
4.53721	0.00121322
4.53746	0.00592469
4.5377	0.0101764
4.53795	0.00579937
4.53819	-0.00422892
4.53844	-0.00877924
4.53868	-0.00273715
4.53892	0.00635693
4.53917	0.00778101
4.53941	0.0013409
4.53966	-0.00282579
4.5399	0.00111347
4.54015	0.00621355
4.54039	0.00393273
4.54064	-0.00175157
4.54088	-0.000771116
4.54113	0.00551701
4.54137	0.00579553
4.54162	-0.0015837
4.54186	-0.0048079
4.5421	0.000701724
4.54235	0.00262928
4.54259	-0.00772958
4.54284	-0.0186461
4.54308	-0.0149656
4.54333	-0.00157474
4.54357	0.00541212
4.54382	0.00317906
4.54406	0.00132531
4.54431	0.00180647
4.54455	-0.0021886
4.54479	-0.00912039
4.54504	-0.00858695
4.54528	0.000625207
4.54553	0.00765003
4.54577	0.00690103
4.54602	0.00383121
4.54626	0.00134611
4.54651	-0.00432486
4.54675	-0.0109598
4.547	-0.00925524
4.54724	0.000381748
4.54749	0.00506537
4.54773	-0.000106091
4.54797	-0.00356424
4.54822	0.00280221
4.54846	0.00972265
4.54871	0.00654887
4.54895	-0.00192055
4.5492	-0.00602067
4.54944	-0.0069806
4.54969	-0.00970229
4.54993	-0.0102368
4.55018	-0.00427837
4.55042	0.000511642
4.55067	-0.0044656
4.55091	-0.0117782
4.55115	-0.0075598
4.5514	0.00578905
4.55164	0.0119924
4.55189	0.00497176
4.55213	-0.00414984
4.55238	-0.00542659
4.55262	-0.00218408
4.55287	-0.0011237
4.55311	-0.00175864
4.55336	-0.00145123
4.5536	-0.00253964
4.55385	-0.0076751
4.55409	-0.0129643
4.55433	-0.0120559
4.55458	-0.00528955
4.55482	-7.32505e-05
4.55507	-0.00172656
4.55531	-0.00661585
4.55556	-0.00651319
4.5558	0.000416126
4.55605	0.00595941
4.55629	0.00209109
4.55654	-0.00756558
4.55678	-0.0119618
4.55702	-0.00750283
4.55727	-0.00166474
4.55751	-0.000675018
4.55776	-0.00155103
4.558	0.000102166
4.55825	0.00197679
4.55849	0.000163498
4.55874	-0.00351015
4.55898	-0.00495079
4.55923	-0.00401193
4.55947	-0.00253094
4.55972	-0.00067648
4.55996	0.000801899
4.5602	-1.81254e-05
4.56045	-0.00119853
4.56069	0.001785
4.56094	0.00611072
4.56118	0.00226551
4.56143	-0.00943007
4.56167	-0.0138077
4.56192	-0.00216651
4.56216	0.0114115
4.56241	0.00835321
4.56265	-0.00726348
4.5629	-0.0153177
4.56314	-0.00897081
4.56338	-0.000638206
4.56363	0.000599883
4.56387	0.000407248
4.56412	0.00426441
4.56436	0.00628491
4.56461	0.000559825
4.56485	-0.00724998
4.5651	-0.00820405
4.56534	-0.00302734
4.56559	0.000697965
4.56583	-0.000521228
4.56608	-0.00433788
4.56632	-0.00835539
4.56656	-0.0118399
4.56681	-0.0132284
4.56705	-0.010563
4.5673	-0.00467858
4.56754	0.000368543
4.56779	0.000771666
4.56803	-0.00312815
4.56828	-0.00646315
4.56852	-0.00464773
4.56877	0.000852512
4.56901	0.00385542
4.56925	0.00159514
4.5695	-0.00202479
4.56974	-0.00323532
4.56999	-0.00367114
4.57023	-0.00527734
4.57048	-0.00531733
4.57072	-0.00206915
4.57097	-0.00057038
4.57121	-0.00543826
4.57146	-0.0117998
4.5717	-0.0116718
4.57195	-0.00675528
4.57219	-0.00602072
4.57243	-0.0118716
4.57268	-0.0176344
4.57292	-0.0185271
4.57317	-0.0163676
4.57341	-0.0129084
4.57366	-0.00722542
4.5739	-0.00117635
4.57415	0.000760159
4.57439	-0.00103261
4.57464	-0.0016788
4.57488	-0.00113402
4.57513	-0.00452737
4.57537	-0.0108766
4.57561	-0.0112623
4.57586	-0.00308136
4.5761	0.00322042
4.57635	-0.000953051
4.57659	-0.00839734
4.57684	-0.00658204
4.57708	0.00287745
4.57733	0.00628204
4.57757	-0.00162602
4.57782	-0.00996305
4.57806	-0.00764953
4.57831	0.00155308
4.57855	0.00613412
4.57879	0.00362316
4.57904	0.00206914
4.57928	0.0059429
4.57953	0.0090984
4.57977	0.00505559
4.58002	-0.00239741
4.58026	-0.00511426
4.58051	-0.00307813
4.58075	-0.00316942
4.581	-0.00683181
4.58124	-0.0075244
4.58149	-0.00199116
4.58173	0.00383342
4.58197	0.00359181
4.58222	-0.00136918
4.58246	-0.00649301
4.58271	-0.0104303
4.58295	-0.0125106
4.5832	-0.00989211
4.58344	-0.00285093
4.58369	0.00213339
4.58393	0.000319894
4.58418	-0.0045833
4.58442	-0.0068989
4.58466	-0.00721034
4.58491	-0.00829131
4.58515	-0.00817185
4.5854	-0.00452063
4.58564	-0.0013097
4.58589	-0.00306173
4.58613	-0.00613324
4.58638	-0.00419323
4.58662	0.000443057
4.58687	-0.000144028
4.58711	-0.00649905
4.58736	-0.0103783
4.5876	-0.00635288
4.58784	0.00205326
4.58809	0.00791715
4.58833	0.00727542
4.58858	0.00108248
4.58882	-0.00419567
4.58907	-0.000364084
4.58931	0.0124236
4.58956	0.0222707
4.5898	0.0185761
4.59005	0.00552683
4.59029	-0.00408574
4.59054	-0.00495707
4.59078	-0.0014533
4.59102	0.00264738
4.59127	0.00705516
4.59151	0.00952205
4.59176	0.00714131
4.592	0.00281402
4.59225	0.0019985
4.59249	0.00336326
4.59274	0.000791462
4.59298	-0.0055317
4.59323	-0.00825816
4.59347	-0.00391682
4.59372	0.00215603
4.59396	0.00307712
4.5942	-0.00233656
4.59445	-0.00942995
4.59469	-0.0112582
4.59494	-0.00465024
4.59518	0.0039849
4.59543	0.00389272
4.59567	-0.0049841
4.59592	-0.00987714
4.59616	-0.0042078
4.59641	0.00128434
4.59665	-0.00385761
4.59689	-0.0117445
4.59714	-0.00948428
4.59738	-0.00124543
4.59763	4.0042e-06
4.59787	-0.00427204
4.59812	-0.00236862
4.59836	0.00457403
4.59861	0.00400316
4.59885	-0.00484206
4.5991	-0.0091952
4.59934	-0.00487292
4.59959	-0.000905203
4.59983	-0.000758027
4.60007	0.00165011
4.60032	0.00525864
4.60056	0.00138216
4.60081	-0.00708024
4.60105	-0.00699407
4.6013	0.000302714
4.60154	-0.0017418
4.60179	-0.0145602
4.60203	-0.0177644
4.60228	-0.00329898
4.60252	0.00809637
4.60277	-0.000111943
4.60301	-0.0130611
4.60325	-0.00966319
4.6035	0.00365383
4.60374	0.00658128
4.60399	-0.00167793
4.60423	-0.00601155
4.60448	-0.00338507
4.60472	-0.00431944
4.60497	-0.0106031
4.60521	-0.0121822
4.60546	-0.00600967
4.6057	-0.00124068
4.60595	-0.00401834
4.60619	-0.00957592
4.60643	-0.0109429
4.60668	-0.006557
4.60692	0.000763114
4.60717	0.0058466
4.60741	0.00420279
4.60766	-0.00180414
4.6079	-0.00407611
4.60815	-0.0003098
4.60839	0.00272332
4.60864	0.00221353
4.60888	0.00552853
4.60912	0.0159917
4.60937	0.0235352
4.60961	0.0196691
4.60986	0.0113792
4.6101	0.00853408
4.61035	0.00771547
4.61059	0.00199821
4.61084	-0.00290595
4.61108	0.00165336
4.61133	0.00887624
4.61157	0.00532631
4.61182	-0.00605978
4.61206	-0.00922358
4.6123	-9.36773e-05
4.61255	0.00771162
4.61279	0.00375565
4.61304	-0.00632092
4.61328	-0.0116569
4.61353	-0.00925738
4.61377	-0.00321666
4.61402	0.00138659
4.61426	0.00176104
4.61451	-0.000409436
4.61475	-0.000259267
4.615	0.0033673
4.61524	0.0057369
4.61548	0.00424166
4.61573	0.0023086
4.61597	0.0010633
4.61622	-0.0039317
4.61646	-0.0113559
4.61671	-0.0105424
4.61695	0.00139647
4.6172	0.0103067
4.61744	0.00496092
4.61769	-0.00476301
4.61793	-0.00412677
4.61818	0.00262663
4.61842	0.00184931
4.61866	-0.00511244
4.61891	-0.00648911
4.61915	-0.00247221
4.6194	-0.00265914
4.61964	-0.00566262
4.61989	-0.00235609
4.62013	0.00327267
4.62038	-0.00147901
4.62062	-0.0131365
4.62087	-0.0139686
4.62111	-0.00118943
4.62135	0.00767543
4.6216	0.00334095
4.62184	-0.0025236
4.62209	-0.000240555
4.62233	0.00225145
4.62258	-0.00342029
4.62282	-0.0104943
4.62307	-0.00986088
4.62331	-0.00469049
4.62356	-0.00215014
4.6238	-0.002292
4.62405	-0.00368155
4.62429	-0.00837553
4.62453	-0.0136367
4.62478	-0.0109973
4.62502	-0.00135531
4.62527	0.00188919
4.62551	-0.00666529
4.62576	-0.0141422
4.626	-0.00958815
4.62625	-0.0010747
4.62649	-0.000506694
4.62674	-0.00395168
4.62698	-0.00169385
4.62723	0.00251332
4.62747	-0.00122069
4.62771	-0.00935302
4.62796	-0.009736
4.6282	-0.00265025
4.62845	-0.00075302
4.62869	-0.00816341
4.62894	-0.0140848
4.62918	-0.00980266
4.62943	-0.000155426
4.62967	0.00594562
4.62992	0.00722358
4.63016	0.00753875
4.63041	0.00828253
4.63065	0.00815278
4.63089	0.00676281
4.63114	0.00480018
4.63138	0.00260444
4.63163	0.000731486
4.63187	0.000346583
4.63212	0.00151428
4.63236	0.0022209
4.63261	0.000562475
4.63285	-0.00229296
4.6331	-0.00257888
4.63334	0.0014484
4.63358	0.00595715
4.63383	0.00523252
4.63407	-0.000219263
4.63432	-0.0028588
4.63456	0.00189829
4.63481	0.00853471
4.63505	0.00864838
4.6353	0.002097
4.63554	-0.00446554
4.63579	-0.0073064
4.63603	-0.00744557
4.63628	-0.00516616
4.63652	-0.000151612
4.63676	0.0042485
4.63701	0.00438791
4.63725	0.0028584
4.6375	0.00420415
4.63774	0.00607141
4.63799	0.00350565
4.63823	-0.000129357
4.63848	0.00218659
4.63872	0.00669952
4.63897	0.00273571
4.63921	-0.00772683
4.63946	-0.00956352
4.6397	0.00159397
4.63994	0.0102173
4.64019	0.0041582
4.64043	-0.00674191
4.64068	-0.0070351
4.64092	0.000650582
4.64117	0.00256607
4.64141	-0.00296946
4.64166	-0.00475382
4.6419	0.00161709
4.64215	0.00727256
4.64239	0.00439206
4.64264	-0.00357091
4.64288	-0.00854296
4.64312	-0.00729511
4.64337	-0.00203414
4.64361	0.00303589
4.64386	0.00390623
4.6441	-0.00051326
4.64435	-0.00631593
4.64459	-0.0076446
4.64484	-0.00260076
4.64508	0.00476419
4.64533	0.00779975
4.64557	0.00249292
4.64581	-0.00865088
4.64606	-0.0179224
4.6463	-0.0200588
4.64655	-0.0175555
4.64679	-0.0147607
4.64704	-0.00971641
4.64728	0.000562606
4.64753	0.00913218
4.64777	0.00532261
4.64802	-0.00683189
4.64826	-0.0098681
4.64851	0.002079
4.64875	0.0130111
4.64899	0.00860564
4.64924	-0.00281723
4.64948	-0.00531133
4.64973	-0.000245982
4.64997	-0.000138478
4.65022	-0.00489006
4.65046	-0.00288666
4.65071	0.00613863
4.65095	0.00792048
4.6512	-0.00336053
4.65144	-0.014715
4.65169	-0.0134281
4.65193	-0.00415876
4.65217	0.00101789
4.65242	-1.33294e-05
4.65266	-0.00120522
4.65291	-0.00116928
4.65315	-0.00421081
4.6534	-0.0105167
4.65364	-0.0137664
4.65389	-0.0100731
4.65413	-0.00406969
4.65438	-0.00296705
4.65462	-0.00680996
4.65487	-0.00839017
4.65511	-0.0037035
4.65535	0.00126289
4.6556	-0.00139669
4.65584	-0.00860314
4.65609	-0.0088663
4.65633	0.000747376
4.65658	0.00880155
4.65682	0.00583643
4.65707	-0.00164335
4.65731	-0.00232179
4.65756	0.00145161
4.6578	-0.00146217
4.65805	-0.0106014
4.65829	-0.0125495
4.65853	-0.00203125
4.65878	0.00862751
4.65902	0.00712181
4.65927	-0.00197884
4.65951	-0.00626507
4.65976	-0.00399067
4.66	-0.00342706
4.66025	-0.0070855
4.66049	-0.00724607
4.66074	0.000957048
4.66098	0.0099515
4.66122	0.00883665
4.66147	-0.00115895
4.66171	-0.00674648
4.66196	0.0002098
4.6622	0.0105374
4.66245	0.00831647
4.66269	-0.00804119
4.66294	-0.0225924
4.66318	-0.0218636
4.66343	-0.0107554
4.66367	-0.00326115
4.66392	-0.00373349
4.66416	-0.00546604
4.6644	-0.00381649
4.66465	-0.00117794
4.66489	-2.71199e-05
4.66514	7.3714e-05
4.66538	-0.00148318
4.66563	-0.00516158
4.66587	-0.00624721
4.66612	0.000260354
4.66636	0.00942583
4.66661	0.010677
4.66685	0.00346325
4.6671	-0.00185032
4.66734	-0.000708086
4.66758	0.000119376
4.66783	-0.0021992
4.66807	0.000495514
4.66832	0.0110781
4.66856	0.0168529
4.66881	0.00763884
4.66905	-0.00615909
4.6693	-0.00775362
4.66954	0.00108868
4.66979	0.0047853
4.67003	-0.00108933
4.67028	-0.00585194
4.67052	-0.00327851
4.67076	0.000957118
4.67101	0.00282358
4.67125	0.00586604
4.6715	0.00996026
4.67174	0.00779893
4.67199	-0.00205123
4.67223	-0.0102194
4.67248	-0.0103624
4.67272	-0.00751215
4.67297	-0.00722875
4.67321	-0.00697484
4.67345	-0.00435931
4.6737	-0.00323294
4.67394	-0.00435181
4.67419	-0.000704745
4.67443	0.00901245
4.67468	0.0126466
4.67492	0.00138453
4.67517	-0.0143096
4.67541	-0.0178821
4.67566	-0.00914354
4.6759	-0.000932417
4.67615	0.00100164
4.67639	0.00092207
4.67663	-6.67274e-05
4.67688	-0.00498138
4.67712	-0.00962149
4.67737	-0.00508594
4.67761	0.00648684
4.67786	0.0119714
4.6781	0.00640432
4.67835	2.65061e-05
4.67859	0.00154363
4.67884	0.00540706
4.67908	0.0023322
4.67933	-0.00629302
4.67957	-0.0119517
4.67981	-0.0109424
4.68006	-0.00613009
4.6803	-0.00102812
4.68055	0.00198356
4.68079	0.000565494
4.68104	-0.00509252
4.68128	-0.00988691
4.68153	-0.00793932
4.68177	0.00049795
4.68202	0.00812566
4.68226	0.00781657
4.68251	0.00130465
4.68275	-0.00118255
4.68299	0.00631576
4.68324	0.0148666
4.68348	0.0109178
4.68373	-0.00234671
4.68397	-0.00651025
4.68422	0.00380027
4.68446	0.00945576
4.68471	-0.00407788
4.68495	-0.0211983
4.6852	-0.019009
4.68544	-0.00391467
4.68568	-0.000564819
4.68593	-0.0111731
4.68617	-0.0146048
4.68642	-0.00502036
4.68666	-0.000446309
4.68691	-0.0073981
4.68715	-0.00827886
4.6874	0.00431497
4.68764	0.0107402
4.68789	-0.00129048
4.68813	-0.013241
4.68838	-0.00809698
4.68862	-0.000758422
4.68886	-0.0101499
4.68911	-0.0230525
4.68935	-0.0162151
4.6896	0.00233511
4.68984	0.00708975
4.69009	-0.00148997
4.69033	-0.00161416
4.69058	0.00824426
4.69082	0.00738078
4.69107	-0.00798447
4.69131	-0.0169137
4.69156	-0.00955596
4.6918	-0.000766947
4.69204	-0.00111391
4.69229	-0.00186571
4.69253	0.00244335
4.69278	0.00213403
4.69302	-0.00649255
4.69327	-0.0112797
4.69351	-0.00624562
4.69376	-0.00202432
4.694	-0.00397494
4.69425	-0.00185403
4.69449	0.00716906
4.69474	0.00796702
4.69498	-0.00559791
4.69522	-0.0151195
4.69547	-0.00639647
4.69571	0.0063162
4.69596	0.00438468
4.6962	-0.00511834
4.69645	-0.00534609
4.69669	0.000204117
4.69694	-0.00193115
4.69718	-0.00712077
4.69743	-0.00144221
4.69767	0.0093561
4.69791	0.00674085
4.69816	-0.00788781
4.6984	-0.013458
4.69865	-0.00323701
4.69889	0.00557004
4.69914	0.000572323
4.69938	-0.00913094
4.69963	-0.0118654
4.69987	-0.00990203
4.70012	-0.00840682
4.70036	-0.00443019
4.70061	0.0028243
4.70085	0.00445225
4.70109	-0.00416498
4.70134	-0.0125292
4.70158	-0.00967373
4.70183	-0.00146077
4.70207	-0.00149016
4.70232	-0.010104
4.70256	-0.014411
4.70281	-0.00781592
4.70305	0.000753241
4.7033	-0.000500076
4.70354	-0.0107202
4.70379	-0.0175536
4.70403	-0.0122837
4.70427	-0.000809192
4.70452	0.0028016
4.70476	-0.00639372
4.70501	-0.0176745
4.70525	-0.0186841
4.7055	-0.0111063
4.70574	-0.00544928
4.70599	-0.00427688
4.70623	-0.00139032
4.70648	0.00328322
4.70672	0.00141076
4.70697	-0.0074672
4.70721	-0.0108639
4.70745	-0.00269297
4.7077	0.00432152
4.70794	-0.0024315
4.70819	-0.0137934
4.70843	-0.0118654
4.70868	0.000943753
4.70892	0.00439355
4.70917	-0.00798781
4.70941	-0.0187349
4.70966	-0.0139372
4.7099	-0.00381203
4.71014	-0.0046085
4.71039	-0.0133123
4.71063	-0.0151058
4.71088	-0.00761158
4.71112	-0.00178647
4.71137	-0.00261066
4.71161	-0.00416787
4.71186	-0.00297475
4.7121	-0.00203938
4.71235	-0.00107978
4.71259	0.00356087
4.71284	0.00760935
4.71308	0.00189941
4.71332	-0.0099805
4.71357	-0.0123538
4.71381	-0.00169682
4.71406	0.00549957
4.7143	-0.00187337
4.71455	-0.011984
4.71479	-0.0106318
4.71504	-0.00441117
4.71528	-0.00619013
4.71553	-0.010129
4.71577	-0.00281241
4.71602	0.00899786
4.71626	0.00645813
4.7165	-0.00822954
4.71675	-0.0126546
4.71699	-0.000938769
4.71724	0.00622312
4.71748	-0.0034425
4.71773	-0.0137038
4.71797	-0.00906414
4.71822	-0.00165593
4.71846	-0.00838181
4.71871	-0.0186035
4.71895	-0.0104098
4.7192	0.0105513
4.71944	0.0163633
4.71968	-0.000189522
4.71993	-0.0144802
4.72017	-0.00800646
4.72042	0.0058295
4.72066	0.00632775
4.72091	-0.00255105
4.72115	-0.00242731
4.7214	0.00842092
4.72164	0.013692
4.72189	0.00536266
4.72213	-0.00634812
4.72237	-0.0110437
4.72262	-0.0110497
4.72286	-0.0112151
4.72311	-0.00897118
4.72335	-0.00286973
4.7236	-0.000542035
4.72384	-0.00736294
4.72409	-0.014809
4.72433	-0.0123688
4.72458	-0.00542596
4.72482	-0.00682504
4.72507	-0.0137149
4.72531	-0.0102484
4.72555	0.00486697
4.7258	0.012244
4.72604	0.00103957
4.72629	-0.0127503
4.72653	-0.00993354
4.72678	0.00377916
4.72702	0.00924595
4.72727	0.00307855
4.72751	-0.00285582
4.72776	-0.0044416
4.728	-0.00804778
4.72825	-0.0125768
4.72849	-0.00872145
4.72873	0.00179481
4.72898	0.00456715
4.72922	-0.00469948
4.72947	-0.0117988
4.72971	-0.00559444
4.72996	0.00580438
4.7302	0.00886277
4.73045	0.00319155
4.73069	-0.00268349
4.73094	-0.00496934
4.73118	-0.0051597
4.73143	-0.00404901
4.73167	-0.00306302
4.73191	-0.0058828
4.73216	-0.0121044
4.7324	-0.0144462
4.73265	-0.00788901
4.73289	0.00296175
4.73314	0.00959429
4.73338	0.00775524
4.73363	-0.00214034
4.73387	-0.0154629
4.73412	-0.0219451
4.73436	-0.0130477
4.73461	0.00496656
4.73485	0.0142671
4.73509	0.0066248
4.73534	-0.00721188
4.73558	-0.0136485
4.73583	-0.0118327
4.73607	-0.00785659
4.73632	-0.00439867
4.73656	-0.00335205
4.73681	-0.00824964
4.73705	-0.0157576
4.7373	-0.0148845
4.73754	-0.0033394
4.73778	0.00584995
4.73803	0.00352008
4.73827	-0.00154837
4.73852	0.000573577
4.73876	0.00262098
4.73901	-0.00554839
4.73925	-0.0150288
4.7395	-0.0100514
4.73974	0.00426927
4.73999	0.00763447
4.74023	-0.00364557
4.74048	-0.0113245
4.74072	-0.00402646
4.74096	0.00784643
4.74121	0.0115824
4.74145	0.0096235
4.7417	0.00912995
4.74194	0.00785301
4.74219	0.00085297
4.74243	-0.00795622
4.74268	-0.0108453
4.74292	-0.00731305
4.74317	-0.00277336
4.74341	-0.000783296
4.74366	-0.00229747
4.7439	-0.00820786
4.74414	-0.0169873
4.74439	-0.0230267
4.74463	-0.0220156
4.74488	-0.0158626
4.74512	-0.00925619
4.74537	-0.00400763
4.74561	0.000531716
4.74586	0.00393668
4.7461	0.00437956
4.74635	0.000683745
4.74659	-0.00623438
4.74684	-0.0126093
4.74708	-0.0131792
4.74732	-0.00626249
4.74757	0.00263885
4.74781	0.00546529
4.74806	0.000127642
4.7483	-0.00789314
4.74855	-0.0117011
4.74879	-0.00833582
4.74904	0.000188914
4.74928	0.00762934
4.74953	0.00709966
4.74977	-0.00179184
4.75001	-0.0106825
4.75026	-0.0114678
4.7505	-0.00604065
4.75075	-0.00272514
4.75099	-0.00491614
4.75124	-0.00850877
4.75148	-0.00929064
4.75173	-0.00749398
4.75197	-0.00551492
4.75222	-0.00553847
4.75246	-0.00832701
4.75271	-0.0105789
4.75295	-0.00620904
4.75319	0.00494772
4.75344	0.0133818
4.75368	0.0111496
4.75393	0.00315227
4.75417	-0.000530795
4.75442	0.000141749
4.75466	-0.00274079
4.75491	-0.0102239
4.75515	-0.0148949
4.7554	-0.0136503
4.75564	-0.0108497
4.75589	-0.00797174
4.75613	-0.00176994
4.75637	0.00511094
4.75662	0.00391087
4.75686	-0.0053155
4.75711	-0.0100199
4.75735	-0.00301634
4.7576	0.00601258
4.75784	0.00481474
4.75809	-0.00397989
4.75833	-0.00879792
4.75858	-0.00632162
4.75882	-0.00320931
4.75907	-0.00422244
4.75931	-0.00737485
4.75955	-0.0094532
4.7598	-0.0093406
4.76004	-0.00634667
4.76029	-0.000729223
4.76053	0.00405524
4.76078	0.00357298
4.76102	-0.00271257
4.76127	-0.0106178
4.76151	-0.0148261
4.76176	-0.0130698
4.762	-0.00867438
4.76224	-0.00834403
4.76249	-0.0139262
4.76273	-0.0175532
4.76298	-0.0107119
4.76322	0.00249213
4.76347	0.00885696
4.76371	0.00357008
4.76396	-0.0047982
4.7642	-0.0087157
4.76445	-0.0102444
4.76469	-0.0106798
4.76494	-0.00383225
4.76518	0.0111907
4.76542	0.0208784
4.76567	0.0134245
4.76591	-0.00278979
4.76616	-0.00973711
4.7664	-0.00423273
4.76665	0.00151672
4.76689	0.0010355
4.76714	0.000533514
4.76738	0.00412291
4.76763	0.00641522
4.76787	0.00403637
4.76812	0.00236203
4.76836	0.0047271
4.7686	0.00493832
4.76885	-0.00215675
4.76909	-0.0105605
4.76934	-0.0116305
4.76958	-0.00697514
4.76983	-0.00458629
4.77007	-0.00595815
4.77032	-0.00562849
4.77056	-0.00208711
4.77081	-0.000812113
4.77105	-0.00495177
4.7713	-0.00937625
4.77154	-0.00755121
4.77178	-0.000810516
4.77203	0.00319938
4.77227	0.000425035
4.77252	-0.00484411
4.77276	-0.0063854
4.77301	-0.00444166
4.77325	-0.00402567
4.7735	-0.00558747
4.77374	-0.00298213
4.77399	0.00623062
4.77423	0.0136306
4.77447	0.00954873
4.77472	-0.00267277
4.77496	-0.00990203
4.77521	-0.00675999
4.77545	-0.00166824
4.7757	-0.00292006
4.77594	-0.0071626
4.77619	-0.00739021
4.77643	-0.00541391
4.77668	-0.00783594
4.77692	-0.01331
4.77717	-0.0133385
4.77741	-0.00578132
4.77765	0.000849601
4.7779	-0.000785454
4.77814	-0.00711523
4.77839	-0.00956166
4.77863	-0.00585661
4.77888	-0.00123144
4.77912	-0.000849916
4.77937	-0.00488953
4.77961	-0.00996237
4.77986	-0.0123696
4.7801	-0.0106795
4.78035	-0.00745889
4.78059	-0.00762374
4.78083	-0.0126049
4.78108	-0.0169233
4.78132	-0.0135779
4.78157	-0.00308979
4.78181	0.00576761
4.78206	0.00553534
4.7823	-0.00175963
4.78255	-0.00765892
4.78279	-0.00698237
4.78304	-0.00231614
4.78328	0.00066798
4.78353	9.3771e-06
4.78377	-0.00160412
4.78401	-0.00162676
4.78426	-0.00136015
4.7845	-0.00358606
4.78475	-0.00727679
4.78499	-0.00736638
4.78524	-0.00152456
4.78548	0.00495729
4.78573	0.00466855
4.78597	-0.00203639
4.78622	-0.00713096
4.78646	-0.0060301
4.7867	-0.00349981
4.78695	-0.00499638
4.78719	-0.00702972
4.78744	-0.00269579
4.78768	0.00569488
4.78793	0.00763097
4.78817	-0.00105225
4.78842	-0.012045
4.78866	-0.0159355
4.78891	-0.0134963
4.78915	-0.0111928
4.7894	-0.0105433
4.78964	-0.00791106
4.78988	-0.00230022
4.79013	0.00239693
4.79037	0.0025231
4.79062	-0.00164728
4.79086	-0.0068075
4.79111	-0.00889051
4.79135	-0.00615669
4.7916	-0.00221452
4.79184	-0.00321801
4.79209	-0.00928047
4.79233	-0.0124325
4.79258	-0.00711187
4.79282	0.00127153
4.79306	0.00365139
4.79331	-0.000471633
4.79355	-0.00461512
4.7938	-0.00590584
4.79404	-0.00624039
4.79429	-0.00503966
4.79453	0.000231058
4.79478	0.00652727
4.79502	0.00676387
4.79527	-0.000237174
4.79551	-0.00852903
4.79576	-0.0135992
4.796	-0.0144755
4.79624	-0.008808
4.79649	0.00377562
4.79673	0.0138397
4.79698	0.0101693
4.79722	-0.00273107
4.79747	-0.00850702
4.79771	-0.00327687
4.79796	-0.000816757
4.7982	-0.00802936
4.79845	-0.0125962
4.79869	-0.00556767
4.79893	0.00071576
4.79918	-0.00712638
4.79942	-0.0193059
4.79967	-0.0179178
4.79991	-0.00614793
4.80016	-0.00165544
4.8004	-0.00709354
4.80065	-0.00901401
4.80089	-0.00376475
4.80114	-0.00268655
4.80138	-0.00974043
4.80163	-0.0139335
4.80187	-0.00856988
4.80211	-0.000919396
4.80236	0.00219374
4.8026	0.00281644
4.80285	0.00143944
4.80309	-0.00590403
4.80334	-0.0149876
4.80358	-0.0143621
4.80383	-0.00550013
4.80407	-0.00493196
4.80432	-0.0174313
4.80456	-0.0242996
4.80481	-0.0109786
4.80505	0.00867641
4.80529	0.0112111
4.80554	-0.00437335
4.80578	-0.0191215
4.80603	-0.0209119
4.80627	-0.0138431
4.80652	-0.006365
4.80676	-0.00375338
4.80701	-0.00865742
4.80725	-0.0173211
4.8075	-0.0187379
4.80774	-0.00796823
4.80799	0.00397805
4.80823	0.00396234
4.80847	-0.00455612
4.80872	-0.00813993
4.80896	-0.00422942
4.80921	-0.00232342
4.80945	-0.0066352
4.8097	-0.0107922
4.80994	-0.0100964
4.81019	-0.00738537
4.81043	-0.00505198
4.81068	-0.00115183
4.81092	0.0042168
4.81116	0.00670216
4.81141	0.00429644
4.81165	0.000247883
4.8119	-0.00187146
4.81214	-0.0013819
4.81239	0.000875123
4.81263	0.00267157
4.81288	0.00070592
4.81312	-0.00454248
4.81337	-0.00674432
4.81361	-0.00176784
4.81386	0.00507857
4.8141	0.00570474
4.81434	0.000221149
4.81459	-0.00478677
4.81483	-0.00596919
4.81508	-0.00485598
4.81532	-0.00258375
4.81557	0.000714107
4.81581	0.00357145
4.81606	0.00531147
4.8163	0.00720921
4.81655	0.00743702
4.81679	0.00061229
4.81704	-0.0122951
4.81728	-0.020791
4.81752	-0.0185354
4.81777	-0.0124888
4.81801	-0.010433
4.81826	-0.00848016
4.8185	-0.00153556
4.81875	0.00328726
4.81899	-0.00242968
4.81924	-0.0116607
4.81948	-0.0115085
4.81973	-0.00373976
4.81997	0.000207221
4.82022	-0.000371318
4.82046	0.0025227
4.8207	0.00689641
4.82095	0.00319196
4.82119	-0.00582245
4.82144	-0.00698725
4.82168	0.000376985
4.82193	0.00257632
4.82217	-0.00490143
4.82242	-0.0107469
4.82266	-0.00880255
4.82291	-0.00707587
4.82315	-0.0100654
4.8234	-0.0101152
4.82364	-0.00376878
4.82388	0.000321946
4.82413	-0.00194706
4.82437	-0.00195319
4.82462	0.00420169
4.82486	0.00640389
4.82511	-0.000833035
4.82535	-0.0062778
4.8256	-0.000817582
4.82584	0.00643589
4.82609	0.00472133
4.82633	0.000577824
4.82657	0.00427923
4.82682	0.00917114
4.82706	0.00289732
4.82731	-0.00898495
4.82755	-0.0101007
4.8278	-0.000234927
4.82804	0.00357435
4.82829	-0.00630237
4.82853	-0.0166655
4.82878	-0.0133552
4.82902	-0.000490173
4.82927	0.00677241
4.82951	0.00175742
4.82975	-0.0077153
4.83	-0.010364
4.83024	-0.00401641
4.83049	0.00401668
4.83073	0.00737851
4.83098	0.00745009
4.83122	0.00739816
4.83147	0.00483396
4.83171	-0.00253455
4.83196	-0.00834756
4.8322	-0.0054137
4.83245	0.000367591
4.83269	-0.00277794
4.83293	-0.0116927
4.83318	-0.0105285
4.83342	0.00325311
4.83367	0.0123419
4.83391	0.00569988
4.83416	-0.0058455
4.8344	-0.00971229
4.83465	-0.0103785
4.83489	-0.0150377
4.83514	-0.0163263
4.83538	-0.00642217
4.83563	0.00414644
4.83587	0.000990859
4.83611	-0.00953662
4.83636	-0.009717
4.8366	0.00118176
4.83685	0.00721174
4.83709	0.00161047
4.83734	-0.00613668
4.83758	-0.00868929
4.83783	-0.00925722
4.83807	-0.0101757
4.83832	-0.00839946
4.83856	-0.00506874
4.8388	-0.00617355
4.83905	-0.0107391
4.83929	-0.0103449
4.83954	-0.00335317
4.83978	0.00146323
4.84003	-0.00134861
4.84027	-0.00665332
4.84052	-0.00834809
4.84076	-0.00712779
4.84101	-0.00547845
4.84125	-0.00310967
4.8415	-0.000497146
4.84174	-0.000216018
4.84198	-0.00239083
4.84223	-0.00431036
4.84247	-0.00503943
4.84272	-0.00502967
4.84296	-0.00268996
4.84321	0.00190359
4.84345	0.00262564
4.8437	-0.00453303
4.84394	-0.0115554
4.84419	-0.00750556
4.84443	0.00387463
4.84468	0.00786128
4.84492	0.00030509
4.84516	-0.00744614
4.84541	-0.00739601
4.84565	-0.00550547
4.8459	-0.00872182
4.84614	-0.0134521
4.84639	-0.0138634
4.84663	-0.0118294
4.84688	-0.0110524
4.84712	-0.0091747
4.84737	-0.00352211
4.84761	0.00126478
4.84786	-0.00111128
4.8481	-0.00897256
4.84834	-0.0145099
4.84859	-0.012748
4.84883	-0.0050426
4.84908	0.00346772
4.84932	0.00751013
4.84957	0.00586418
4.84981	0.00292021
4.85006	0.00252964
4.8503	0.0015529
4.85055	-0.00425302
4.85079	-0.00978512
4.85103	-0.005847
4.85128	0.00508991
4.85152	0.0101483
4.85177	0.00562492
4.85201	0.00249995
4.85226	0.00731185
4.8525	0.0110406
4.85275	0.00554744
4.85299	-0.00187971
4.85324	-0.0021387
4.85348	-0.00111776
4.85373	-0.00816575
4.85397	-0.0165801
4.85421	-0.0129328
4.85446	-0.000936783
4.8547	0.00245586
4.85495	-0.00603928
4.85519	-0.0113043
4.85544	-0.00495419
4.85568	0.00203329
4.85593	-0.00149521
4.85617	-0.009815
4.85642	-0.0118571
4.85666	-0.00830877
4.85691	-0.00674268
4.85715	-0.00815357
4.85739	-0.00869565
4.85764	-0.0085935
4.85788	-0.00972858
4.85813	-0.00950146
4.85837	-0.00600055
4.85862	-0.00411134
4.85886	-0.00734213
4.85911	-0.0091161
4.85935	-0.00310813
4.8596	0.00268766
4.85984	-0.00440078
4.86009	-0.0202448
4.86033	-0.0266014
4.86057	-0.0163459
4.86082	-0.00218237
4.86106	0.00304417
4.86131	0.00123846
4.86155	-0.00110533
4.8618	-0.00483596
4.86204	-0.0113656
4.86229	-0.0145653
4.86253	-0.00958256
4.86278	-0.00236002
4.86302	-0.0010328
4.86326	-0.00407652
4.86351	-0.00565734
4.86375	-0.00635516
4.864	-0.00911286
4.86424	-0.0103392
4.86449	-0.00542277
4.86473	0.00133004
4.86498	0.00253155
4.86522	-0.000297684
4.86547	-0.00078567
4.86571	-0.000121044
4.86596	-0.00425499
4.8662	-0.0111662
4.86644	-0.0123727
4.86669	-0.00646154
4.86693	-0.00093527
4.86718	-0.00108248
4.86742	-0.0059678
4.86767	-0.013639
4.86791	-0.0208833
4.86816	-0.0206358
4.8684	-0.0103899
4.86865	-0.000136263
4.86889	-0.000132936
4.86914	-0.00460056
4.86938	-0.0016724
4.86962	0.00470175
4.86987	0.00105377
4.87011	-0.00931825
4.87036	-0.00825006
4.8706	0.00599462
4.87085	0.0120494
4.87109	-0.00159351
4.87134	-0.0179543
4.87158	-0.0180408
4.87183	-0.00763464
4.87207	-0.00323973
4.87232	-0.00687571
4.87256	-0.01068
4.8728	-0.0137212
4.87305	-0.0178182
4.87329	-0.0170083
4.87354	-0.00735604
4.87378	0.00135986
4.87403	-0.000895974
4.87427	-0.00727639
4.87452	-0.00557939
4.87476	0.00101296
4.87501	0.00100097
4.87525	-0.00437967
4.87549	-0.00447321
4.87574	0.0011258
4.87598	0.00330122
4.87623	0.000673438
4.87647	-0.000314674
4.87672	-0.00011402
4.87696	-0.00447066
4.87721	-0.00977123
4.87745	-0.00668439
4.8777	0.00199435
4.87794	0.00388078
4.87819	-0.00198381
4.87843	-0.00372206
4.87867	0.001615
4.87892	0.00255672
4.87916	-0.00545474
4.87941	-0.0102723
4.87965	-0.00311475
4.8799	0.00577541
4.88014	0.0023141
4.88039	-0.0106245
4.88063	-0.0183538
4.88088	-0.0140652
4.88112	-0.00433253
4.88137	0.00123262
4.88161	-0.00109307
4.88185	-0.00824738
4.8821	-0.0137602
4.88234	-0.0133162
4.88259	-0.00850563
4.88283	-0.00348355
4.88308	0.000446632
4.88332	0.00289336
4.88357	0.00050504
4.88381	-0.00745232
4.88406	-0.0125926
4.8843	-0.00672503
4.88455	0.00348505
4.88479	0.00316015
4.88503	-0.00851638
4.88528	-0.0157634
4.88552	-0.00974685
4.88577	-0.0014025
4.88601	-0.00340403
4.88626	-0.0109825
4.8865	-0.0111
4.88675	-0.00274309
4.88699	0.00341698
4.88724	0.00165284
4.88748	-0.0028157
4.88772	-0.00354298
4.88797	-0.000707671
4.88821	0.00160029
4.88846	0.000988915
4.8887	-0.00151532
4.88895	-0.00322844
4.88919	-0.00321552
4.88944	-0.00388134
4.88968	-0.00702151
4.88993	-0.00895638
4.89017	-0.00424827
4.89042	0.00527429
4.89066	0.0108498
4.8909	0.00805953
4.89115	0.00208107
4.89139	-0.000879435
4.89164	-0.00137743
4.89188	-0.00222778
4.89213	-0.00216764
4.89237	0.000469781
4.89262	0.00213729
4.89286	-0.00160603
4.89311	-0.00839071
4.89335	-0.0110649
4.8936	-0.0065017
4.89384	0.00146498
4.89408	0.00680791
4.89433	0.00600011
4.89457	-0.000311271
4.89482	-0.0069886
4.89506	-0.00743234
4.89531	-0.000527774
4.89555	0.00653145
4.8958	0.00579858
4.89604	-0.00186583
4.89629	-0.00821484
4.89653	-0.00805541
4.89678	-0.00424386
4.89702	-0.00161874
4.89726	-0.000127245
4.89751	0.00308674
4.89775	0.00725362
4.898	0.00785888
4.89824	0.00318895
4.89849	-0.00254703
4.89873	-0.00435224
4.89898	-0.00221935
4.89922	0.000332319
4.89947	0.000993345
4.89971	-0.000922758
4.89996	-0.00598348
4.9002	-0.0121201
4.90044	-0.0130716
4.90069	-0.00560145
4.90093	0.0030565
4.90118	0.00260125
4.90142	-0.00549199
4.90167	-0.00927917
4.90191	-0.00399708
4.90216	0.00158307
4.9024	0.00010508
4.90265	-0.0038942
4.90289	-0.0049503
4.90313	-0.0073192
4.90338	-0.0149171
4.90362	-0.019843
4.90387	-0.0132889
4.90411	-0.00147933
4.90436	0.0024558
4.9046	-0.00170268
4.90485	-0.00297292
4.90509	0.00191538
4.90534	0.00518568
4.90558	0.00320615
4.90583	0.00146048
4.90607	0.00266345
4.90631	0.00209028
4.90656	-0.00234012
4.9068	-0.00592745
4.90705	-0.00603988
4.90729	-0.00558912
4.90754	-0.00548561
4.90778	-0.00323806
4.90803	-0.000978781
4.90827	-0.00446683
4.90852	-0.011396
4.90876	-0.0114993
4.90901	-0.00216848
4.90925	0.00645868
4.90949	0.00662127
4.90974	0.0030886
4.90998	0.00283231
4.91023	0.00425888
4.91047	0.00313607
4.91072	0.000825821
4.91096	-6.42917e-05
4.91121	-0.00112537
4.91145	-0.00357941
4.9117	-0.0052562
4.91194	-0.00674103
4.91219	-0.0123034
4.91243	-0.0197474
4.91267	-0.0190622
4.91292	-0.00795833
4.91316	0.00123757
4.91341	-0.00107584
4.91365	-0.00713869
4.9139	-0.00534228
4.91414	0.000262139
4.91439	-0.00242948
4.91463	-0.0118542
4.91488	-0.0135334
4.91512	-0.00159825
4.91536	0.0132202
4.91561	0.0185635
4.91585	0.013327
4.9161	0.00391145
4.91634	-0.00364014
4.91659	-0.0057123
4.91683	-0.00257588
4.91708	0.000374459
4.91732	-0.00134932
4.91757	-0.00390428
4.91781	-0.000499933
4.91806	0.00608563
4.9183	0.00537219
4.91854	-0.00444844
4.91879	-0.0115487
4.91903	-0.00704389
4.91928	0.00155072
4.91952	0.0012152
4.91977	-0.00756242
4.92001	-0.0122147
4.92026	-0.00686557
4.9205	7.14461e-05
4.92075	-0.000490075
4.92099	-0.00545661
4.92124	-0.00630167
4.92148	-0.00317376
4.92172	-0.00364605
4.92197	-0.00883911
4.92221	-0.0102353
4.92246	-0.00325654
4.9227	0.00409349
4.92295	0.00230612
4.92319	-0.0056029
4.92344	-0.0087989
4.92368	-0.00401479
4.92393	0.00193901
4.92417	0.00342783
4.92442	0.00132197
4.92466	-0.00279065
4.9249	-0.00920112
4.92515	-0.0153487
4.92539	-0.0161237
4.92564	-0.0111587
4.92588	-0.00534787
4.92613	-0.00081788
4.92637	0.0042778
4.92662	0.00790496
4.92686	0.00448188
4.92711	-0.00408911
4.92735	-0.00777538
4.92759	-0.00345458
4.92784	-0.000307992
4.92808	-0.00390255
4.92833	-0.00582091
4.92857	0.0014652
4.92882	0.00952768
4.92906	0.00642088
4.92931	-0.00335726
4.92955	-0.00579787
4.9298	0.000207459
4.93004	0.00265084
4.93029	-0.00294925
4.93053	-0.00816557
4.93077	-0.00841125
4.93102	-0.0100527
4.93126	-0.0158814
4.93151	-0.016731
4.93175	-0.00544379
4.932	0.0103186
4.93224	0.0174905
4.93249	0.0132923
4.93273	0.00461596
4.93298	-0.00257971
4.93322	-0.00647297
4.93347	-0.00656982
4.93371	-0.00413471
4.93395	-0.0024219
4.9342	-0.00213685
4.93444	-0.000557517
4.93469	0.00158272
4.93493	-0.00131994
4.93518	-0.00927087
4.93542	-0.0123196
4.93567	-0.0046248
4.93591	0.0039022
4.93616	0.000657539
4.9364	-0.00979451
4.93665	-0.0117296
4.93689	-0.0023269
4.93713	0.00427976
4.93738	-0.000920495
4.93762	-0.00917596
4.93787	-0.00905878
4.93811	-0.00270543
4.93836	0.00115445
4.9386	0.00141192
4.93885	0.00209006
4.93909	0.00175533
4.93934	-0.00420497
4.93958	-0.013497
4.93982	-0.0181518
4.94007	-0.0149995
4.94031	-0.00812423
4.94056	-0.00200421
4.9408	0.00175956
4.94105	0.00235181
4.94129	0.000346917
4.94154	-0.00113149
4.94178	-0.0011387
4.94203	-0.00388926
4.94227	-0.010842
4.94252	-0.0142315
4.94276	-0.0077615
4.943	-0.000147664
4.94325	-0.00552192
4.94349	-0.0207181
4.94374	-0.0259146
4.94398	-0.0116349
4.94423	0.00757518
4.94447	0.0130932
4.94472	0.00522887
4.94496	-0.00216254
4.94521	-0.00186119
4.94545	0.00164086
4.9457	0.00238868
4.94594	-0.000673673
4.94618	-0.00554792
4.94643	-0.00910932
4.94667	-0.00867332
4.94692	-0.00532037
4.94716	-0.00292825
4.94741	-0.00168373
4.94765	0.00237197
4.9479	0.00860883
4.94814	0.00946473
4.94839	0.00145109
4.94863	-0.00817884
4.94888	-0.0113186
4.94912	-0.00928689
4.94936	-0.00744775
4.94961	-0.00619171
4.94985	-0.00413694
4.9501	-0.00405869
4.95034	-0.00793761
4.95059	-0.0113152
4.95083	-0.0099775
4.95108	-0.00733094
4.95132	-0.00816492
4.95157	-0.0104214
4.95181	-0.0100999
4.95205	-0.00851886
4.9523	-0.0077573
4.95254	-0.00561229
4.95279	-0.00228357
4.95303	-0.00391283
4.95328	-0.0111305
4.95352	-0.0136451
4.95377	-0.0065118
4.95401	-0.000986918
4.95426	-0.0059666
4.9545	-0.00997882
4.95475	0.000766743
4.95499	0.0160097
4.95523	0.0146076
4.95548	-0.0017548
4.95572	-0.0112736
4.95597	-0.00640223
4.95621	-0.00148808
4.95646	-0.00430553
4.9567	-0.00420489
4.95695	0.00479237
4.95719	0.0110505
4.95744	0.00539883
4.95768	-0.00386027
4.95793	-0.00636669
4.95817	-0.00485443
4.95841	-0.00521853
4.95866	-0.00546536
4.9589	-0.00397115
4.95915	-0.00571509
4.95939	-0.0112526
4.95964	-0.0119203
4.95988	-0.00439021
4.96013	0.00245947
4.96037	0.00296559
4.96062	0.00346416
4.96086	0.00748056
4.96111	0.00691753
4.96135	-0.00186917
4.96159	-0.00803917
4.96184	-0.00426362
4.96208	-0.000509932
4.96233	-0.00618179
4.96257	-0.0119441
4.96282	-0.00535938
4.96306	0.00652444
4.96331	0.00765849
4.96355	-0.00186132
4.9638	-0.00808311
4.96404	-0.00531196
4.96428	-0.000351561
4.96453	0.00180881
4.96477	0.00269248
4.96502	0.00300282
4.96526	0.00185489
4.96551	0.000873337
4.96575	0.000485797
4.966	-0.0030694
4.96624	-0.00922077
4.96649	-0.00918976
4.96673	9.23374e-05
4.96698	0.00727367
4.96722	0.00307986
4.96746	-0.00390608
4.96771	-0.00129859
4.96795	0.00628863
4.9682	0.0059096
4.96844	-0.0017093
4.96869	-0.00547904
4.96893	-0.00374574
4.96918	-0.00391754
4.96942	-0.00621636
4.96967	-0.00447305
4.96991	-0.000704201
4.97016	-0.00292071
4.9704	-0.00984349
4.97064	-0.0127022
4.97089	-0.0108436
4.97113	-0.0111964
4.97138	-0.0137451
4.97162	-0.0119219
4.97187	-0.00625916
4.97211	-0.0038212
4.97236	-0.00526362
4.9726	-0.00546994
4.97285	-0.00468931
4.97309	-0.00594282
4.97334	-0.00527195
4.97358	0.00111038
4.97382	0.00501343
4.97407	-0.00208122
4.97431	-0.0112303
4.97456	-0.00880765
4.9748	-0.00133602
4.97505	-0.0050927
4.97529	-0.015159
4.97554	-0.0113337
4.97578	0.00532427
4.97603	0.0107934
4.97627	-0.0021557
4.97652	-0.0113896
4.97676	-0.00232145
4.977	0.0100762
4.97725	0.00974896
4.97749	0.00474165
4.97774	0.00700256
4.97798	0.00929937
4.97823	0.00173019
4.97847	-0.00714737
4.97872	-0.00559181
4.97896	0.000226552
4.97921	-0.000350643
4.97945	-0.0020367
4.97969	0.00382783
4.97994	0.00916744
4.98018	0.00235629
4.98043	-0.00902088
4.98067	-0.00942452
4.98092	-0.000854751
4.98116	0.00331416
4.98141	0.00237765
4.98165	0.00511706
4.9819	0.00851104
4.98214	0.00174929
4.98239	-0.0112251
4.98263	-0.0146052
4.98287	-0.00608529
4.98312	0.000340253
4.98336	-0.00183553
4.98361	-0.00376096
4.98385	3.63326e-05
4.9841	0.00260384
4.98434	-0.00088032
4.98459	-0.00459254
4.98483	-0.00369117
4.98508	-0.00190784
4.98532	-0.00260328
4.98557	-0.00321201
4.98581	-0.00268586
4.98605	-0.00419705
4.9863	-0.00723006
4.98654	-0.00698855
4.98679	-0.00413765
4.98703	-0.0045964
4.98728	-0.00758069
4.98752	-0.00564373
4.98777	0.000400771
4.98801	-0.000427139
4.98826	-0.010989
4.9885	-0.0183259
4.98875	-0.0119827
4.98899	0.000514033
4.98923	0.00522228
4.98948	0.000371068
4.98972	-0.00565566
4.98997	-0.00797226
4.99021	-0.00764245
4.99046	-0.00565991
4.9907	-0.00325827
4.99095	-0.00455479
4.99119	-0.0108049
4.99144	-0.0152834
4.99168	-0.0117502
4.99192	-0.0051677
4.99217	-0.00529216
4.99241	-0.0110481
4.99266	-0.0109283
4.9929	-0.00046062
4.99315	0.00983349
4.99339	0.00861548
4.99364	-0.000757836
4.99388	-0.00561479
4.99413	-0.00142071
4.99437	0.00365811
4.99462	0.00137248
4.99486	-0.00638287
4.9951	-0.0124205
4.99535	-0.0135489
4.99559	-0.0107605
4.99584	-0.00476338
4.99608	0.00273339
4.99633	0.00622892
4.99657	0.0018235
4.99682	-0.00573006
4.99706	-0.00807316
4.99731	-0.00459703
4.99755	-0.00162259
4.9978	-0.00108972
4.99804	0.000990189
4.99828	0.00445881
4.99853	0.00396571
4.99877	0.000428139
4.99902	0.00206931
4.99926	0.00945
4.99951	0.0113801
4.99975	0.00268608
5.0	-0.00584843
5.00024	-0.00449827
5.00049	7.38833e-05
5.00073	-0.00180304
5.00098	-0.00508911
5.00122	-0.000420032
5.00146	0.00666046
5.00171	0.003854
5.00195	-0.00626257
5.0022	-0.0101834
5.00244	-0.00554221
5.00269	-0.00185474
5.00293	-0.00155857
5.00318	0.00146812
5.00342	0.00520565
5.00367	0.000552182
5.00391	-0.0092637
5.00415	-0.00988961
5.0044	-0.00041101
5.00464	0.00297885
5.00489	-0.00583951
5.00513	-0.0119196
5.00538	-0.00494485
5.00562	0.00323662
5.00587	-0.000262646
5.00611	-0.00783693
5.00636	-0.00683089
5.0066	-0.00213983
5.00685	-0.00519105
5.00709	-0.0111042
5.00733	-0.00647617
5.00758	0.00629658
5.00782	0.0114388
5.00807	0.00396457
5.00831	-0.00532972
5.00856	-0.00813842
5.0088	-0.00684485
5.00905	-0.00450372
5.00929	-0.000837718
5.00954	0.000837156
5.00978	-0.00402779
5.01003	-0.0105741
5.01027	-0.00919336
5.01051	-0.00218654
5.01076	-0.00159017
5.011	-0.00754519
5.01125	-0.00511274
5.01149	0.0100167
5.01174	0.0189275
5.01198	0.00594323
5.01223	-0.0146855
5.01247	-0.0163647
5.01272	0.0017684
5.01296	0.0139592
5.01321	0.00546519
5.01345	-0.00823276
5.01369	-0.00722915
5.01394	0.00426679
5.01418	0.00867461
5.01443	0.00322989
5.01467	-6.97965e-06
5.01492	0.00210252
5.01516	-0.00125593
5.01541	-0.0135457
5.01565	-0.0214833
5.0159	-0.014954
5.01614	-0.00318745
5.01638	-0.000411933
5.01663	-0.00524885
5.01687	-0.00637326
5.01712	-0.00147304
5.01736	0.00228773
5.01761	0.00206846
5.01785	0.00103156
5.0181	-0.000696858
5.01834	-0.00458421
5.01859	-0.00596683
5.01883	-0.000405305
5.01908	0.00467003
5.01932	-0.00135351
5.01956	-0.0133619
5.01981	-0.015799
5.02005	-0.00711461
5.0203	-0.0020473
5.02054	-0.00695285
5.02079	-0.0108035
5.02103	-0.00639736
5.02128	-0.00234938
5.02152	-0.00495516
5.02177	-0.00542803
5.02201	0.00254791
5.02226	0.00800754
5.0225	0.000361394
5.02274	-0.0107325
5.02299	-0.00947303
5.02323	0.00168594
5.02348	0.00819864
5.02372	0.0064665
5.02397	0.00402927
5.02421	0.00234507
5.02446	-0.00351989
5.0247	-0.0108371
5.02495	-0.0109561
5.02519	-0.00429727
5.02544	0.000370174
5.02568	0.000719264
5.02592	0.00148943
5.02617	0.0016394
5.02641	-0.00452487
5.02666	-0.0132412
5.0269	-0.0134662
5.02715	-0.00546213
5.02739	-0.00250042
5.02764	-0.00970046
5.02788	-0.0152621
5.02813	-0.00964053
5.02837	-0.00112656
5.02861	-0.00285094
5.02886	-0.0131749
5.0291	-0.0194413
5.02935	-0.0163316
5.02959	-0.0106974
5.02984	-0.00944882
5.03008	-0.0105081
5.03033	-0.00775482
5.03057	-0.00074534
5.03082	0.00385525
5.03106	0.000767697
5.03131	-0.00620248
5.03155	-0.00835516
5.03179	-0.00402029
5.03204	-0.000993549
5.03228	-0.00443817
5.03253	-0.00857857
5.03277	-0.00632257
5.03302	-0.0015823
5.03326	-0.00321977
5.03351	-0.00988081
5.03375	-0.0112762
5.034	-0.00466957
5.03424	-1.11774e-05
5.03449	-0.00528731
5.03473	-0.0146709
5.03497	-0.0167969
5.03522	-0.0104401
5.03546	-0.0059328
5.03571	-0.0111657
5.03595	-0.0202157
5.0362	-0.0193622
5.03644	-0.00470897
5.03669	0.0105696
5.03693	0.0114817
5.03718	0.000511989
5.03742	-0.00681892
5.03767	-0.00458209
5.03791	-0.00261974
5.03815	-0.00724745
5.0384	-0.00969123
5.03864	-0.00219778
5.03889	0.00660288
5.03913	0.00451132
5.03938	-0.0052345
5.03962	-0.0106523
5.03987	-0.00929942
5.04011	-0.00659303
5.04036	-0.00270791
5.0406	0.00416868
5.04084	0.00709033
5.04109	-0.00109778
5.04133	-0.0120691
5.04158	-0.0112694
5.04182	-0.000777462
5.04207	0.00365585
5.04231	-0.00246238
5.04256	-0.00774606
5.0428	-0.00625111
5.04305	-0.00574721
5.04329	-0.0109365
5.04354	-0.014856
5.04378	-0.0127338
5.04402	-0.0101212
5.04427	-0.011077
5.04451	-0.0109214
5.04476	-0.00666592
5.045	-0.00305104
5.04525	-0.00279761
5.04549	-0.00195723
5.04574	0.000362699
5.04598	-0.00102066
5.04623	-0.00636971
5.04647	-0.00883182
5.04672	-0.00748159
5.04696	-0.00978952
5.0472	-0.0162075
5.04745	-0.016096
5.04769	-0.00556967
5.04794	0.004243
5.04818	0.00460286
5.04843	0.00159167
5.04867	0.00236182
5.04892	0.00223677
5.04916	-0.00367983
5.04941	-0.00803607
5.04965	-0.00274947
5.0499	0.00666134
5.05014	0.0104381
5.05038	0.00986265
5.05063	0.0110531
5.05087	0.0111562
5.05112	0.00380531
5.05136	-0.0070159
5.05161	-0.0112025
5.05185	-0.00757019
5.0521	-0.00405014
5.05234	-0.00517335
5.05259	-0.00824783
5.05283	-0.00984124
5.05307	-0.00872286
5.05332	-0.00485227
5.05356	-0.00120444
5.05381	-0.00285255
5.05405	-0.00931023
5.0543	-0.0132047
5.05454	-0.0115014
5.05479	-0.0107109
5.05503	-0.0146967
5.05528	-0.0159524
5.05552	-0.00790343
5.05577	0.00196845
5.05601	0.00201078
5.05625	-0.00628152
5.0565	-0.011472
5.05674	-0.00851025
5.05699	-0.0021186
5.05723	0.00240061
5.05748	0.00281256
5.05772	-0.00164936
5.05797	-0.00715096
5.05821	-0.0053149
5.05846	0.00486192
5.0587	0.0109724
5.05895	0.00344995
5.05919	-0.00799686
5.05943	-0.00689667
5.05968	0.00526375
5.05992	0.0112208
5.06017	0.00348287
5.06041	-0.00699328
5.06066	-0.00935386
5.0609	-0.00618298
5.06115	-0.00358086
5.06139	4.72356e-06
5.06164	0.00727493
5.06188	0.0127227
5.06213	0.00904484
5.06237	-0.000496809
5.06261	-0.00429886
5.06286	0.00228688
5.0631	0.00956865
5.06335	0.00528587
5.06359	-0.00842044
5.06384	-0.015861
5.06408	-0.00820035
5.06433	0.00332791
5.06457	0.00230553
5.06482	-0.00916121
5.06506	-0.0137119
5.06531	-0.00546343
5.06555	0.00121056
5.06579	-0.00522535
5.06604	-0.0157678
5.06628	-0.016016
5.06653	-0.00755871
5.06677	-0.00213127
5.06702	-0.00293045
5.06726	-0.00451126
5.06751	-0.00504594
5.06775	-0.0060569
5.068	-0.00469455
5.06824	0.00148633
5.06848	0.0059527
5.06873	0.00125334
5.06897	-0.0078293
5.06922	-0.0108396
5.06946	-0.0077122
5.06971	-0.00618905
5.06995	-0.00698854
5.0702	-0.00497163
5.07044	-0.00200536
5.07069	-0.0039752
5.07093	-0.00689826
5.07118	-0.00183639
5.07142	0.00691316
5.07166	0.00571517
5.07191	-0.00473717
5.07215	-0.00805767
5.0724	0.000791599
5.07264	0.0059649
5.07289	-0.00292534
5.07313	-0.0127968
5.07338	-0.00854991
5.07362	0.00251311
5.07387	0.0042247
5.07411	-0.00172272
5.07436	-0.00154965
5.0746	0.00470529
5.07484	0.00342451
5.07509	-0.0074305
5.07533	-0.0131133
5.07558	-0.00630245
5.07582	0.000941555
5.07607	-0.00228166
5.07631	-0.00797916
5.07656	-0.00406527
5.0768	0.00434053
5.07705	0.00356388
5.07729	-0.00506305
5.07754	-0.00701514
5.07778	0.00124973
5.07802	0.0064898
5.07827	0.000561072
5.07851	-0.00714583
5.07876	-0.00655574
5.079	-0.00296954
5.07925	-0.00558375
5.07949	-0.01051
5.07974	-0.00845696
5.07998	-0.00221608
5.08023	-0.00212343
5.08047	-0.00800026
5.08071	-0.00984929
5.08096	-0.00517991
5.0812	-0.00210384
5.08145	-0.00486065
5.08169	-0.00866516
5.08194	-0.0100291
5.08218	-0.0106965
5.08243	-0.0102748
5.08267	-0.00605811
5.08292	-0.000840192
5.08316	-1.00743e-05
5.08341	-0.00151652
5.08365	-0.000449797
5.08389	-0.000896692
5.08414	-0.00828843
5.08438	-0.0134871
5.08463	-0.0043707
5.08487	0.00853663
5.08512	0.00279604
5.08536	-0.0174828
5.08561	-0.0227267
5.08585	-0.00545212
5.0861	0.00473728
5.08634	-0.0105513
5.08659	-0.0266419
5.08683	-0.0165805
5.08707	0.00396058
5.08732	0.00410079
5.08756	-0.0113938
5.08781	-0.0148511
5.08805	-0.00517736
5.0883	-0.00608766
5.08854	-0.0208333
5.08879	-0.0264724
5.08903	-0.0146742
5.08928	-0.00403284
5.08952	-0.0059263
5.08977	-0.00864204
5.09001	-0.00395996
5.09025	-0.00205022
5.0905	-0.00912486
5.09074	-0.0141223
5.09099	-0.00932012
5.09123	-0.0036393
5.09148	-0.0043789
5.09172	-0.0047131
5.09197	-0.00022185
5.09221	0.000442729
5.09246	-0.00696971
5.0927	-0.0113306
5.09294	-0.00514013
5.09319	0.000954412
5.09343	-0.00425425
5.09368	-0.0141076
5.09392	-0.0164859
5.09417	-0.0126657
5.09441	-0.010429
5.09466	-0.0086346
5.0949	-0.00220286
5.09515	0.00522965
5.09539	0.00615664
5.09564	0.00139214
5.09588	-0.00235463
5.09612	-0.00226257
5.09637	0.000547247
5.09661	0.00486821
5.09686	0.00710351
5.0971	0.00202558
5.09735	-0.0082401
5.09759	-0.0135682
5.09784	-0.00976374
5.09808	-0.00471289
5.09833	-0.00506212
5.09857	-0.0066004
5.09882	-0.00471116
5.09906	-0.00389005
5.0993	-0.00791804
5.09955	-0.0101755
5.09979	-0.00421544
5.10004	0.00376527
5.10028	0.00377398
5.10053	-0.00266129
5.10077	-0.00635735
5.10102	-0.00503769
5.10126	-0.00423476
5.10151	-0.00670833
5.10175	-0.00938137
5.102	-0.00909616
5.10224	-0.00565539
5.10248	-0.00135493
5.10273	-0.000924447
5.10297	-0.00751249
5.10322	-0.0157944
5.10346	-0.0155423
5.10371	-0.00563987
5.10395	0.0031516
5.1042	0.00369295
5.10444	0.00174203
5.10469	0.00388162
5.10493	0.00588002
5.10517	0.00151194
5.10542	-0.00531791
5.10566	-0.00696114
5.10591	-0.00412985
5.10615	-0.00222283
5.1064	-0.000948449
5.10664	0.00305332
5.10689	0.0075387
5.10713	0.00733971
5.10738	0.00252351
5.10762	-0.00311405
5.10787	-0.00791175
5.10811	-0.0107481
5.10835	-0.00882735
5.1086	-0.00342275
5.10884	-0.00189933
5.10909	-0.00706352
5.10933	-0.0110866
5.10958	-0.00762374
5.10982	-0.00255055
5.11007	-0.00339767
5.11031	-0.00591139
5.11056	-0.0028385
5.1108	0.000814812
5.11105	-0.0042931
5.11129	-0.0129657
5.11153	-0.0107134
5.11178	0.00247947
5.11202	0.0096583
5.11227	0.00181839
5.11251	-0.00889404
5.11276	-0.00790385
5.113	0.00116248
5.11325	0.00409238
5.11349	-0.00276345
5.11374	-0.00953034
5.11398	-0.00868605
5.11423	-0.004254
5.11447	-0.00301971
5.11471	-0.0037377
5.11496	-0.000845646
5.1152	0.00426117
5.11545	0.00348238
5.11569	-0.00484986
5.11594	-0.0107566
5.11618	-0.00632469
5.11643	0.00159173
5.11667	0.00153788
5.11692	-0.0040466
5.11716	-0.00277593
5.1174	0.00658364
5.11765	0.0114504
5.11789	0.00633863
5.11814	0.00107823
5.11838	0.00181761
5.11863	-0.000473487
5.11887	-0.011617
5.11912	-0.0186762
5.11936	-0.00847826
5.11961	0.0086262
5.11985	0.0118337
5.1201	0.000959337
5.12034	-0.00477984
5.12058	0.00241283
5.12083	0.00873227
5.12107	0.00302522
5.12132	-0.00628272
5.12156	-0.00677145
5.12181	-0.00114047
5.12205	-4.25406e-05
5.1223	-0.00453342
5.12254	-0.00690146
5.12279	-0.00463492
5.12303	-0.00319282
5.12328	-0.005436
5.12352	-0.00673876
5.12376	-0.00296293
5.12401	0.0021275
5.12425	0.00141515
5.1245	-0.00563024
5.12474	-0.0115917
5.12499	-0.0105698
5.12523	-0.00596861
5.12548	-0.00568507
5.12572	-0.0107183
5.12597	-0.0131201
5.12621	-0.00692653
5.12646	0.00259344
5.1267	0.00430921
5.12694	-0.00523945
5.12719	-0.0169909
5.12743	-0.0191861
5.12768	-0.0107877
5.12792	-0.00299959
5.12817	-0.0058761
5.12841	-0.0151976
5.12866	-0.0174181
5.1289	-0.00812853
5.12915	0.00153089
5.12939	0.000942628
5.12963	-0.00532224
5.12988	-0.00687149
5.13012	-0.00448844
5.13037	-0.00605851
5.13061	-0.0100749
5.13086	-0.00745779
5.1311	0.00135254
5.13135	0.0059179
5.13159	0.00365059
5.13184	0.00323485
5.13208	0.00716473
5.13233	0.00614474
5.13257	-0.00366199
5.13281	-0.012501
5.13306	-0.0130264
5.1333	-0.0105465
5.13355	-0.00999396
5.13379	-0.00722692
5.13404	-0.00199996
5.13428	-0.00420818
5.13453	-0.0159388
5.13477	-0.0223733
5.13502	-0.0142117
5.13526	-0.00483839
5.13551	-0.009003
5.13575	-0.0177004
5.13599	-0.0135212
5.13624	-0.000559563
5.13648	0.00261299
5.13673	-0.00623889
5.13697	-0.0107994
5.13722	-0.00286551
5.13746	0.00803057
5.13771	0.0118805
5.13795	0.00849952
5.1382	0.00020539
5.13844	-0.0106422
5.13869	-0.0163896
5.13893	-0.0104934
5.13917	0.000367512
5.13942	0.00340701
5.13966	-0.00176867
5.13991	-0.00461224
5.14015	-0.00184423
5.1404	-7.63556e-05
5.14064	-0.00147964
5.14089	-0.00161277
5.14113	-0.00133265
5.14138	-0.00625831
5.14162	-0.0138279
5.14187	-0.0148227
5.14211	-0.00833619
5.14235	-0.00217446
5.1426	0.000845881
5.14284	0.00337624
5.14309	0.00255868
5.14333	-0.00564101
5.14358	-0.013165
5.14382	-0.00862724
5.14407	0.00175653
5.14431	0.00124368
5.14456	-0.00966479
5.1448	-0.013851
5.14504	-0.00745883
5.14529	-0.00555968
5.14553	-0.0129811
5.14578	-0.0142058
5.14602	-0.0018807
5.14627	0.00794095
5.14651	0.00195316
5.14676	-0.00968591
5.147	-0.0130023
5.14725	-0.0115323
5.14749	-0.012695
5.14774	-0.0110149
5.14798	-0.00236047
5.14822	0.00137191
5.14847	-0.00903157
5.14871	-0.0204482
5.14896	-0.0163093
5.1492	-0.00336302
5.14945	0.00101821
5.14969	-0.00180041
5.14994	0.00261738
5.15018	0.0133116
5.15043	0.0143137
5.15067	0.00201957
5.15092	-0.00860387
5.15116	-0.00722955
5.1514	-0.000625986
5.15165	0.00124823
5.15189	-0.00197036
5.15214	-0.00539633
5.15238	-0.00569325
5.15263	-0.00182694
5.15287	0.00289821
5.15312	0.000803047
5.15336	-0.0096729
5.15361	-0.0167101
5.15385	-0.0089477
5.1541	0.0064057
5.15434	0.0114288
5.15458	0.00205806
5.15483	-0.00770361
5.15507	-0.00656312
5.15532	0.00100595
5.15556	0.00478807
5.15581	0.0018046
5.15605	-0.00408621
5.1563	-0.00815884
5.15654	-0.00764661
5.15679	-0.00371788
5.15703	-0.00153594
5.15727	-0.00434173
5.15752	-0.00860958
5.15776	-0.0091867
5.15801	-0.00663465
5.15825	-0.00505335
5.1585	-0.00612958
5.15874	-0.00952304
5.15899	-0.0141229
5.15923	-0.0151761
5.15948	-0.00802067
5.15972	0.000612849
5.15997	-0.00352623
5.16021	-0.0190611
5.16045	-0.0238621
5.1607	-0.00637045
5.16094	0.0124327
5.16119	0.00775362
5.16143	-0.0106419
5.16168	-0.0139046
5.16192	-0.000214075
5.16217	0.00436964
5.16241	-0.00909156
5.16266	-0.0179973
5.1629	-0.00722123
5.16315	0.00604909
5.16339	0.00174294
5.16363	-0.0118998
5.16388	-0.0154301
5.16412	-0.00910935
5.16437	-0.00637596
5.16461	-0.00845988
5.16486	-0.00612885
5.1651	9.00671e-05
5.16535	0.000511817
5.16559	-0.00542388
5.16584	-0.00754442
5.16608	-0.00171876
5.16633	0.00442353
5.16657	0.00361824
5.16681	-0.00275584
5.16706	-0.00920793
5.1673	-0.0116073
5.16755	-0.00859349
5.16779	-0.0037452
5.16804	-0.00446919
5.16828	-0.0123233
5.16853	-0.0174277
5.16877	-0.0105773
5.16902	0.00148902
5.16926	0.00272533
5.1695	-0.0100182
5.16975	-0.0213011
5.16999	-0.0172726
5.17024	-0.00357331
5.17048	0.00334337
5.17073	-0.00168208
5.17097	-0.00723613
5.17122	-0.00298944
5.17146	0.00472536
5.17171	0.00150576
5.17195	-0.0134408
5.1722	-0.0234645
5.17244	-0.0160792
5.17268	-0.000458872
5.17293	0.0047557
5.17317	-0.00402698
5.17342	-0.0135555
5.17366	-0.0142348
5.17391	-0.0103338
5.17415	-0.00841902
5.1744	-0.00754695
5.17464	-0.00560665
5.17489	-0.00551465
5.17513	-0.00903141
5.17538	-0.0121575
5.17562	-0.012179
5.17586	-0.0121869
5.17611	-0.0136926
5.17635	-0.0126391
5.1766	-0.00828517
5.17684	-0.00742077
5.17709	-0.0127043
5.17733	-0.0154332
5.17758	-0.00894944
5.17782	-0.00146859
5.17807	-0.00445683
5.17831	-0.0140552
5.17856	-0.0165174
5.1788	-0.00933865
5.17904	-0.00446059
5.17929	-0.010073
5.17953	-0.0199905
5.17978	-0.0236778
5.18002	-0.0189642
5.18027	-0.011858
5.18051	-0.008969
5.18076	-0.0119489
5.181	-0.0160567
5.18125	-0.0142951
5.18149	-0.00600648
5.18173	0.000758245
5.18198	-0.000654163
5.18222	-0.00632975
5.18247	-0.0081512
5.18271	-0.00557292
5.18296	-0.00379578
5.1832	-0.00342496
5.18345	-0.00106956
5.18369	0.00129063
5.18394	-0.00223829
5.18418	-0.0097987
5.18443	-0.0116385
5.18467	-0.00463559
5.18491	0.00219874
5.18516	0.0013661
5.1854	-0.00221866
5.18565	-0.000603534
5.18589	0.00360086
5.18614	0.0019354
5.18638	-0.00465245
5.18663	-0.00508991
5.18687	0.00561313
5.18712	0.0172845
5.18736	0.0169742
5.18761	0.00619119
5.18785	-0.00121339
5.18809	0.00211973
5.18834	0.00797133
5.18858	0.00595408
5.18883	-0.000841607
5.18907	-0.00172303
5.18932	0.00386249
5.18956	0.00552547
5.18981	-0.000260301
5.19005	-0.00327368
5.1903	0.00405107
5.19054	0.0133579
5.19079	0.0123778
5.19103	0.00312341
5.19127	-0.00236032
5.19152	-0.000237339
5.19176	0.00204145
5.19201	-0.000426653
5.19225	-0.00356181
5.1925	-0.00306448
5.19274	-0.00098806
5.19299	-0.000685268
5.19323	-0.00142303
5.19348	-0.00112942
5.19372	-0.00031159
5.19396	-0.000873443
5.19421	-0.00344925
5.19445	-0.00670071
5.1947	-0.00763741
5.19494	-0.00390181
5.19519	0.00220807
5.19543	0.00472415
5.19568	0.00172334
5.19592	-0.00197923
5.19617	-0.00333984
5.19641	-0.0062044
5.19666	-0.0119847
5.1969	-0.0127619
5.19714	-0.00375451
5.19739	0.00389124
5.19763	-0.00316153
5.19788	-0.0174649
5.19812	-0.0182418
5.19837	-0.00240072
5.19861	0.00968998
5.19886	0.00456557
5.1991	-0.00574213
5.19935	-0.00531237
5.19959	0.0011033
5.19984	-0.000362521
5.20008	-0.00816482
5.20032	-0.00985082
5.20057	-0.00487497
5.20081	-0.00482895
5.20106	-0.0120368
5.2013	-0.0149044
5.20155	-0.00771496
5.20179	-0.000252304
5.20204	-0.00142741
5.20228	-0.00557724
5.20253	-0.00384531
5.20277	0.000315465
5.20302	-0.00182263
5.20326	-0.00743448
5.2035	-0.00512864
5.20375	0.00591314
5.20399	0.0119694
5.20424	0.00418901
5.20448	-0.00752961
5.20473	-0.00773864
5.20497	0.00319221
5.20522	0.0102896
5.20546	0.0047238
5.20571	-0.00631399
5.20595	-0.012236
5.20619	-0.0125419
5.20644	-0.0124134
5.20668	-0.0117883
5.20693	-0.00676928
5.20717	0.00140821
5.20742	0.00688265
5.20766	0.00797573
5.20791	0.00855555
5.20815	0.0101096
5.2084	0.0089101
5.20864	0.00296668
5.20889	-0.00350623
5.20913	-0.00526043
5.20937	-0.00209678
5.20962	0.00229596
5.20986	0.00469142
5.21011	0.00395633
5.21035	0.000912646
5.2106	-0.00221378
5.21084	-0.00410239
5.21109	-0.00586113
5.21133	-0.00791665
5.21158	-0.0070555
5.21182	-0.000783184
5.21207	0.00701358
5.21231	0.0106136
5.21255	0.0116225
5.2128	0.0162209
5.21304	0.0232839
5.21329	0.0243589
5.21353	0.0178886
5.21378	0.0138312
5.21402	0.0190296
5.21427	0.0267494
5.21451	0.0277679
5.21476	0.0239877
5.215	0.0223489
5.21525	0.0219197
5.21549	0.0176058
5.21573	0.01197
5.21598	0.0115198
5.21622	0.0135327
5.21647	0.0089029
5.21671	-0.00176021
5.21696	-0.00710484
5.2172	-0.00253472
5.21745	0.00293526
5.21769	0.00186481
5.21794	-0.000455547
5.21818	0.00311352
5.21843	0.0088704
5.21867	0.00926501
5.21891	0.00560323
5.21916	0.00403339
5.2194	0.00371933
5.21965	-0.000622216
5.21989	-0.00702885
5.22014	-0.00776597
5.22038	-0.00246416
5.22063	3.11227e-05
5.22087	-0.00499353
5.22112	-0.0113738
5.22136	-0.0121534
5.2216	-0.00938548
5.22185	-0.00903861
5.22209	-0.0110618
5.22234	-0.0100753
5.22258	-0.0040632
5.22283	0.00196063
5.22307	0.00138978
5.22332	-0.00617527
5.22356	-0.0131738
5.22381	-0.0117405
5.22405	-0.00394803
5.2243	-0.000625375
5.22454	-0.00664566
5.22478	-0.0125814
5.22503	-0.00802252
5.22527	0.0016929
5.22552	0.00311434
5.22576	-0.00347747
5.22601	-0.00405282
5.22625	0.0059951
5.2265	0.0141946
5.22674	0.0119507
5.22699	0.00753063
5.22723	0.0089828
5.22748	0.00920109
5.22772	0.00123875
5.22796	-0.00488173
5.22821	0.00245466
5.22845	0.0144947
5.2287	0.0145471
5.22894	0.00518529
5.22919	0.00257766
5.22943	0.0081543
5.22968	0.0082014
5.22992	0.00106379
5.23017	0.00159515
5.23041	0.0143306
5.23066	0.0240556
5.2309	0.0209988
5.23114	0.0161169
5.23139	0.0211171
5.23163	0.0299774
5.23188	0.0318799
5.23212	0.0286072
5.23237	0.0274234
5.23261	0.0283092
5.23286	0.0289359
5.2331	0.0316224
5.23335	0.0357228
5.23359	0.0337929
5.23383	0.0242829
5.23408	0.0167568
5.23432	0.0160031
5.23457	0.0139082
5.23481	0.00623211
5.23506	0.00230444
5.2353	0.00630773
5.23555	0.00540927
5.23579	-0.00784615
5.23604	-0.0171827
5.23628	-0.00625005
5.23653	0.0127889
5.23677	0.0166967
5.23701	0.00686415
5.23726	0.0031666
5.2375	0.00896889
5.23775	0.00847402
5.23799	-0.00250423
5.23824	-0.00851072
5.23848	-0.000939243
5.23873	0.00877331
5.23897	0.00832941
5.23922	0.000148837
5.23946	-0.00732434
5.23971	-0.00980808
5.23995	-0.00539155
5.24019	0.00442108
5.24044	0.0101984
5.24068	0.00381355
5.24093	-0.00793183
5.24117	-0.0120161
5.24142	-0.00921861
5.24166	-0.00992518
5.24191	-0.0134049
5.24215	-0.0106071
5.2424	-0.00529076
5.24264	-0.00960594
5.24289	-0.0182267
5.24313	-0.0125169
5.24337	0.00525969
5.24362	0.00932968
5.24386	-0.00852611
5.24411	-0.0225905
5.24435	-0.0126095
5.2446	0.00573098
5.24484	0.00888154
5.24509	0.00133411
5.24533	-2.04847e-05
5.24558	0.00122471
5.24582	-0.00860603
5.24606	-0.022162
5.24631	-0.0193469
5.24655	-0.00169415
5.2468	0.00859959
5.24704	0.0038043
5.24729	2.631e-05
5.24753	0.00761712
5.24778	0.0147654
5.24802	0.00916439
5.24827	-0.00198546
5.24851	-0.00507511
5.24876	-0.000584625
5.249	0.00147966
5.24924	-0.00138206
5.24949	-0.00341655
5.24973	-0.00311854
5.24998	-0.00576262
5.25022	-0.0129077
5.25047	-0.0176509
5.25071	-0.0141388
5.25096	-0.0068663
5.2512	-0.00476739
5.25145	-0.00778372
5.25169	-0.00646874
5.25194	0.00297879
5.25218	0.0107884
5.25242	0.00691546
5.25267	-0.00369202
5.25291	-0.00825164
5.25316	-0.00475111
5.2534	-0.00236227
5.25365	-0.00477413
5.25389	-0.00552074
5.25414	-0.00116101
5.25438	0.00317478
5.25463	0.0044499
5.25487	0.0060518
5.25512	0.00765715
5.25536	0.00321748
5.2556	-0.00563124
5.25585	-0.00715746
5.25609	0.00196529
5.25634	0.00836193
5.25658	0.0017277
5.25683	-0.00879915
5.25707	-0.00952416
5.25732	-0.00317961
5.25756	-0.00176295
5.25781	-0.00638939
5.25805	-0.00856403
5.25829	-0.00653682
5.25854	-0.00660198
5.25878	-0.0104548
5.25903	-0.012988
5.25927	-0.0114732
5.25952	-0.00771613
5.25976	-0.00314048
5.26001	0.00042573
5.26025	-0.00103466
5.2605	-0.0066677
5.26074	-0.00737882
5.26099	0.00104742
5.26123	0.00784834
5.26147	0.00203942
5.26172	-0.00882519
5.26196	-0.00898227
5.26221	0.000806476
5.26245	0.00517064
5.2627	-0.000885253
5.26294	-0.00638482
5.26319	-0.00534143
5.26343	-0.005571
5.26368	-0.0111954
5.26392	-0.0129599
5.26417	-0.00502174
5.26441	0.00258359
5.26465	-0.000194382
5.2649	-0.00604958
5.26514	-0.00224052
5.26539	0.00760911
5.26563	0.00865322
5.26588	-0.00102703
5.26612	-0.00650062
5.26637	0.00119866
5.26661	0.0110872
5.26686	0.00823998
5.2671	-0.00466877
5.26735	-0.0117059
5.26759	-0.0063162
5.26783	0.000888132
5.26808	-0.000896603
5.26832	-0.00686829
5.26857	-0.00466224
5.26881	0.00675777
5.26906	0.0153164
5.2693	0.0125238
5.26955	0.00355837
5.26979	-0.00179757
5.27004	-0.00118886
5.27028	0.00153677
5.27052	0.00375219
5.27077	0.00474403
5.27101	0.0030187
5.27126	-0.00128501
5.2715	-0.00382469
5.27175	-0.00116431
5.27199	0.00332403
5.27224	0.00348287
5.27248	-0.00124309
5.27273	-0.00609359
5.27297	-0.00827653
5.27322	-0.00898078
5.27346	-0.00873346
5.2737	-0.00576607
5.27395	0.000168649
5.27419	0.00599106
5.27444	0.00845266
5.27468	0.00707746
5.27493	0.0038147
5.27517	0.00132298
5.27542	0.000932341
5.27566	0.000848345
5.27591	-0.00221096
5.27615	-0.00787087
5.2764	-0.0107461
5.27664	-0.00680867
5.27688	0.000892795
5.27713	0.00600995
5.27737	0.00661627
5.27762	0.00556363
5.27786	0.00469088
5.27811	0.0032884
5.27835	0.00202533
5.2786	0.0033307
5.27884	0.00611897
5.27909	0.00445283
5.27933	-0.00483469
5.27958	-0.0153891
5.27982	-0.0168111
5.28006	-0.00729467
5.28031	0.00328297
5.28055	0.0051697
5.2808	0.000112654
5.28104	-0.00324778
5.28129	-0.00259634
5.28153	-0.00366235
5.28178	-0.00876795
5.28202	-0.0118097
5.28227	-0.00804159
5.28251	-0.00158898
5.28275	0.00199854
5.283	0.00397628
5.28324	0.00670336
5.28349	0.00651325
5.28373	0.00102064
5.28398	-0.00238606
5.28422	0.00357126
5.28447	0.0117849
5.28471	0.00904487
5.28496	-0.00316237
5.2852	-0.00962834
5.28545	-0.00380072
5.28569	0.00440463
5.28593	0.00606184
5.28618	0.00511035
5.28642	0.00724303
5.28667	0.0090555
5.28691	0.00618995
5.28716	0.00295446
5.2874	0.00522625
5.28765	0.0102877
5.28789	0.0113781
5.28814	0.00760222
5.28838	0.00307255
5.28863	0.000272392
5.28887	-0.000708859
5.28911	-4.31537e-05
5.28936	0.000957504
5.2896	0.000471476
5.28985	-9.1364e-05
5.29009	0.0025495
5.29034	0.00721934
5.29058	0.00904765
5.29083	0.00737618
5.29107	0.0060721
5.29132	0.00551728
5.29156	0.00277652
5.29181	0.000501513
5.29205	0.00517476
5.29229	0.0141328
5.29254	0.0157001
5.29278	0.0065293
5.29303	-0.00227491
5.29327	-0.00162837
5.29352	0.00379211
5.29376	0.00626297
5.29401	0.00635085
5.29425	0.00636683
5.2945	0.00339855
5.29474	-0.00253143
5.29498	-0.00335558
5.29523	0.00461114
5.29547	0.0120162
5.29572	0.00971803
5.29596	0.00229067
5.29621	-0.00123383
5.29645	-0.00158975
5.2967	-0.003648
5.29694	-0.00462449
5.29719	-9.0517e-05
5.29743	0.00434756
5.29768	0.000184915
5.29792	-0.00869679
5.29816	-0.00977855
5.29841	0.000339368
5.29865	0.0117476
5.2989	0.0146748
5.29914	0.00994152
5.29939	0.00611257
5.29963	0.0106433
5.29988	0.0225999
5.30012	0.0322065
5.30037	0.0313523
5.30061	0.0248395
5.30086	0.0238255
5.3011	0.0280221
5.30134	0.0262614
5.30159	0.0173625
5.30183	0.0150808
5.30208	0.0249864
5.30232	0.0323549
5.30257	0.0250042
5.30281	0.0137602
5.30306	0.0147482
5.3033	0.0231545
5.30355	0.0226017
5.30379	0.0125111
5.30404	0.00738956
5.30428	0.0131284
5.30452	0.021474
5.30477	0.0262676
5.30501	0.029452
5.30526	0.0310657
5.3055	0.0270533
5.30575	0.0180724
5.30599	0.00987411
5.30624	0.00498004
5.30648	0.00253284
5.30673	0.00363808
5.30697	0.00764594
5.30722	0.00725872
5.30746	-0.00207338
5.3077	-0.011833
5.30795	-0.0106021
5.30819	-0.000702568
5.30844	0.00660579
5.30868	0.00840523
5.30893	0.0103431
5.30917	0.0131987
5.30942	0.0122974
5.30966	0.00829178
5.30991	0.00640864
5.31015	0.00664494
5.31039	0.00556541
5.31064	0.00483383
5.31088	0.00689883
5.31113	0.00639572
5.31137	-0.00170781
5.31162	-0.00986864
5.31186	-0.00772541
5.31211	0.000109532
5.31235	0.00123344
5.3126	-0.00326531
5.31284	-0.00178626
5.31309	0.00558533
5.31333	0.0064245
5.31357	-0.00177239
5.31382	-0.00713398
5.31406	-0.00433913
5.31431	-0.00227339
5.31455	-0.00568056
5.3148	-0.00590728
5.31504	0.00265288
5.31529	0.011243
5.31553	0.0103171
5.31578	0.00288584
5.31602	-0.00327628
5.31627	-0.00647533
5.31651	-0.00735105
5.31675	-0.00421813
5.317	0.000864368
5.31724	0.000499588
5.31749	-0.00648991
5.31773	-0.0103129
5.31798	-0.00422642
5.31822	0.00437695
5.31847	0.00471287
5.31871	-0.00195567
5.31896	-0.00607047
5.3192	-0.00468419
5.31945	-0.00391474
5.31969	-0.00767985
5.31993	-0.0113947
5.32018	-0.00902654
5.32042	-0.00218679
5.32067	0.00174856
5.32091	6.2137e-05
5.32116	-0.00142819
5.3214	0.00168268
5.32165	0.00328352
5.32189	-0.00405564
5.32214	-0.0134503
5.32238	-0.0102163
5.32262	0.00439249
5.32287	0.0115677
5.32311	0.00333582
5.32336	-0.00448816
5.3236	0.000904401
5.32385	0.00722035
5.32409	-0.000541517
5.32434	-0.0113177
5.32458	-0.00536134
5.32483	0.0103726
5.32507	0.0116173
5.32532	-0.00327665
5.32556	-0.0112474
5.3258	-0.00291628
5.32605	0.00496114
5.32629	0.000751774
5.32654	-0.00492796
5.32678	-0.00295872
5.32703	-0.00268238
5.32727	-0.0120719
5.32752	-0.0209112
5.32776	-0.0181408
5.32801	-0.00970974
5.32825	-0.00538812
5.3285	-0.0023854
5.32874	0.00411622
5.32898	0.00758167
5.32923	0.00179611
5.32947	-0.00557966
5.32972	-0.00544764
5.32996	-0.00316489
5.33021	-0.00787479
5.33045	-0.0152684
5.3307	-0.0155771
5.33094	-0.0107156
5.33119	-0.0085138
5.33143	-0.00688546
5.33168	0.000317031
5.33192	0.00698194
5.33216	0.00157497
5.33241	-0.0114836
5.33265	-0.0143247
5.3329	-0.00163139
5.33314	0.0107098
5.33339	0.00786726
5.33363	-0.00485398
5.33388	-0.0117703
5.33412	-0.00702853
5.33437	0.0022618
5.33461	0.00773389
5.33485	0.00740625
5.3351	0.00373156
5.33534	-0.00016437
5.33559	-0.00186941
5.33583	-0.000850156
5.33608	0.000421397
5.33632	-0.00177539
5.33657	-0.00795747
5.33681	-0.013263
5.33706	-0.0115442
5.3373	-0.00252544
5.33755	0.00647041
5.33779	0.0075263
5.33803	0.0003093
5.33828	-0.00804057
5.33852	-0.0105519
5.33877	-0.00654615
5.33901	-0.000760895
5.33926	0.00195102
5.3395	0.000708854
5.33975	-0.00196872
5.33999	-0.00416206
5.34024	-0.00636708
5.34048	-0.00845039
5.34073	-0.00784269
5.34097	-0.00414347
5.34121	-0.00227656
5.34146	-0.00544342
5.3417	-0.00804147
5.34195	-0.00356042
5.34219	0.00313264
5.34244	0.00196802
5.34268	-0.00546762
5.34293	-0.00834861
5.34317	-0.00563339
5.34342	-0.00655057
5.34366	-0.0102116
5.34391	-0.00456544
5.34415	0.00819432
5.34439	0.00774999
5.34464	-0.0107064
5.34488	-0.0220197
5.34513	-0.00856367
5.34537	0.00958119
5.34562	0.00605526
5.34586	-0.00930551
5.34611	-0.00920781
5.34635	0.00450719
5.3466	0.0074127
5.34684	-0.00265876
5.34708	-0.00396842
5.34733	0.00760845
5.34757	0.0120432
5.34782	0.00396505
5.34806	0.0022055
5.34831	0.011987
5.34855	0.0126451
5.3488	-0.003079
5.34904	-0.0108758
5.34929	0.00452238
5.34953	0.0202578
5.34978	0.0112421
5.35002	-0.00915098
5.35026	-0.0118588
5.35051	0.00222735
5.35075	0.00804368
5.351	-0.00305943
5.35124	-0.0154064
5.35149	-0.0166107
5.35173	-0.0102967
5.35198	-0.00319601
5.35222	0.00197331
5.35247	0.00176987
5.35271	-0.00501246
5.35296	-0.0112512
5.3532	-0.0103768
5.35344	-0.00771676
5.35369	-0.0113955
5.35393	-0.0170434
5.35418	-0.014533
5.35442	-0.00553239
5.35467	-0.000979024
5.35491	-0.00397116
5.35516	-0.0076045
5.3554	-0.007511
5.35565	-0.00534773
5.35589	-0.00248732
5.35614	-0.000802076
5.35638	-0.00596244
5.35662	-0.018434
5.35687	-0.0252821
5.35711	-0.0143833
5.35736	0.00558778
5.3576	0.0136896
5.35785	0.00490994
5.35809	-0.00465393
5.35834	-0.00279026
5.35858	0.00335628
5.35883	0.00258684
5.35907	-0.00231148
5.35931	-0.00145314
5.35956	0.00507981
5.3598	0.00762471
5.36005	0.00168124
5.36029	-0.00657666
5.36054	-0.0100097
5.36078	-0.00907912
5.36103	-0.00790707
5.36127	-0.00642172
5.36152	-0.00161082
5.36176	0.00461839
5.36201	0.00496489
5.36225	-0.0032209
5.36249	-0.0120984
5.36274	-0.0123551
5.36298	-0.00517724
5.36323	8.35413e-05
5.36347	-0.00190025
5.36372	-0.00840328
5.36396	-0.0149727
5.36421	-0.0188899
5.36445	-0.0171749
5.3647	-0.0088277
5.36494	0.000251938
5.36519	0.00175118
5.36543	-0.00426418
5.36567	-0.00935623
5.36592	-0.00844241
5.36616	-0.00508515
5.36641	-0.00422505
5.36665	-0.00624832
5.3669	-0.00938581
5.36714	-0.0117629
5.36739	-0.0105869
5.36763	-0.00554288
5.36788	-0.00253547
5.36812	-0.00700599
5.36837	-0.0145323
5.36861	-0.0161374
5.36885	-0.0114984
5.3691	-0.00762177
5.36934	-0.00614499
5.36959	-0.00300696
5.36983	0.000548702
5.37008	-0.000765698
5.37032	-0.004344
5.37057	-0.00261269
5.37081	0.00192191
5.37106	-0.000372408
5.3713	-0.00733165
5.37154	-0.00623507
5.37179	0.00301436
5.37203	0.00478709
5.37228	-0.00627846
5.37252	-0.0154991
5.37277	-0.0131416
5.37301	-0.00971811
5.37326	-0.0143786
5.3735	-0.0170361
5.37375	-0.00786339
5.37399	0.0020537
5.37424	-0.00163577
5.37448	-0.0114163
5.37472	-0.010467
5.37497	-0.000397114
5.37521	0.00408809
5.37546	0.00128891
5.3757	0.00255726
5.37595	0.00980048
5.37619	0.0126662
5.37644	0.00779746
5.37668	0.00340176
5.37693	0.00316713
5.37717	0.000806816
5.37742	-0.00677556
5.37766	-0.0135092
5.3779	-0.0141936
5.37815	-0.0105537
5.37839	-0.005719
5.37864	-0.0013389
5.37888	-0.000340609
5.37913	-0.00418128
5.37937	-0.00792586
5.37962	-0.00603912
5.37986	-0.00127144
5.38011	0.000433123
5.38035	0.000614674
5.3806	0.00384625
5.38084	0.00610469
5.38108	-2.48324e-05
5.38133	-0.0101789
5.38157	-0.0117932
5.38182	-0.00376751
5.38206	0.000627443
5.38231	-0.00638631
5.38255	-0.0164558
5.3828	-0.0190622
5.38304	-0.0153993
5.38329	-0.0119795
5.38353	-0.00929846
5.38378	-0.00469351
5.38402	-0.000682887
5.38426	-0.00243213
5.38451	-0.00910056
5.38475	-0.0136547
5.385	-0.0112214
5.38524	-0.00448538
5.38549	-0.000586052
5.38573	-0.00371872
5.38598	-0.0107524
5.38622	-0.0145679
5.38647	-0.0122923
5.38671	-0.00840547
5.38695	-0.00818237
5.3872	-0.0107352
5.38744	-0.0115508
5.38769	-0.00936136
5.38793	-0.00649218
5.38818	-0.00429118
5.38842	-0.00257491
5.38867	-0.002381
5.38891	-0.00490248
5.38916	-0.00831648
5.3894	-0.00954566
5.38965	-0.00869686
5.38989	-0.0082807
5.39013	-0.00867633
5.39038	-0.00782319
5.39062	-0.00512396
5.39087	-0.00263636
5.39111	-0.00252086
5.39136	-0.00530912
5.3916	-0.00978952
5.39185	-0.0128417
5.39209	-0.0111726
5.39234	-0.0055592
5.39258	-0.00142277
5.39283	-0.00254102
5.39307	-0.00609996
5.39331	-0.00683877
5.39356	-0.00421748
5.3938	-0.00221534
5.39405	-0.00344105
5.39429	-0.00673764
5.39454	-0.00981032
5.39478	-0.0112984
5.39503	-0.0107398
5.39527	-0.00905293
5.39552	-0.00874555
5.39576	-0.0113389
5.39601	-0.0145856
5.39625	-0.014363
5.39649	-0.00999207
5.39674	-0.00597134
5.39698	-0.00667427
5.39723	-0.00988146
5.39747	-0.00854098
5.39772	-0.000656369
5.39796	0.00597686
5.39821	0.00367737
5.39845	-0.00304448
5.3987	-0.00327203
5.39894	0.00275721
5.39918	0.00251981
5.39943	-0.00891239
5.39967	-0.0194982
5.39992	-0.0179996
5.40016	-0.00985441
5.40041	-0.00503238
5.40065	-0.00112063
5.4009	0.00751556
5.40114	0.0133996
5.40139	0.00646831
5.40163	-0.0055075
5.40188	-0.00641425
5.40212	0.00195985
5.40236	0.00354652
5.40261	-0.00376056
5.40285	-0.00554038
5.4031	0.00201521
5.40334	0.00536594
5.40359	-0.000855773
5.40383	-0.00419916
5.40408	0.00154614
5.40432	0.00437619
5.40457	-0.00286858
5.40481	-0.00790424
5.40506	-0.000901103
5.4053	0.00747757
5.40554	0.00514271
5.40579	-0.000791568
5.40603	0.00122892
5.40628	0.00644834
5.40652	0.00514871
5.40677	0.0018881
5.40701	0.00532542
5.40726	0.00973001
5.4075	0.0052299
5.40775	-0.00249879
5.40799	-0.00169321
5.40824	0.00346599
5.40848	-0.000342249
5.40872	-0.011048
5.40897	-0.0125063
5.40921	0.00021431
5.40946	0.0130313
5.4097	0.0121934
5.40995	-0.000248752
5.41019	-0.0117915
5.41044	-0.0125966
5.41068	-0.00388126
5.41093	0.0022972
5.41117	-0.00394877
5.41141	-0.0148618
5.41166	-0.0127613
5.4119	0.00270636
5.41215	0.0106356
5.41239	0.00103059
5.41264	-0.00789135
5.41288	0.000140958
5.41313	0.0111074
5.41337	0.00485094
5.41362	-0.00876795
5.41386	-0.00623952
5.41411	0.00775863
5.41435	0.00706488
5.41459	-0.0110164
5.41484	-0.0203871
5.41508	-0.00941839
5.41533	0.00141294
5.41557	-0.00506307
5.41582	-0.0165021
5.41606	-0.0143002
5.41631	-0.00168864
5.41655	0.00693703
5.4168	0.00827562
5.41704	0.00649212
5.41729	0.000482999
5.41753	-0.0101934
5.41777	-0.0164336
5.41802	-0.0106612
5.41826	-4.36659e-05
5.41851	0.00322675
5.41875	-0.00065524
5.419	-0.00206854
5.41924	0.0021374
5.41949	0.00587586
5.41973	0.00461204
5.41998	0.000496017
5.42022	-0.0024961
5.42047	-0.00272064
5.42071	-0.000937707
5.42095	-9.9017e-05
5.4212	-0.00353315
5.42144	-0.0103068
5.42169	-0.0143004
5.42193	-0.0105744
5.42218	-0.000929292
5.42242	0.00852574
5.42267	0.0130962
5.42291	0.0113987
5.42316	0.0043603
5.4234	-0.00514664
5.42364	-0.012851
5.42389	-0.0153824
5.42413	-0.0128691
5.42438	-0.00934331
5.42462	-0.00926657
5.42487	-0.0118123
5.42511	-0.010343
5.42536	-0.00166504
5.4256	0.006363
5.42585	0.00412212
5.42609	-0.00357316
5.42634	-0.00174602
5.42658	0.0112939
5.42682	0.0177345
5.42707	0.00526571
5.42731	-0.0136928
5.42756	-0.0192432
5.4278	-0.0109924
5.42805	-0.00425659
5.42829	-0.00616799
5.42854	-0.0100137
5.42878	-0.00972886
5.42903	-0.00644828
5.42927	-0.00225369
5.42952	0.00138792
5.42976	0.000866377
5.43	-0.00427991
5.43025	-0.00711423
5.43049	-0.00403884
5.43074	-0.00369249
5.43098	-0.0130016
5.43123	-0.0212045
5.43147	-0.0135274
5.43172	0.00391798
5.43196	0.0105072
5.43221	0.000430819
5.43245	-0.0119182
5.4327	-0.0156706
5.43294	-0.0147506
5.43318	-0.0136162
5.43343	-0.00939578
5.43367	-0.00292152
5.43392	-0.00226632
5.43416	-0.00954504
5.43441	-0.0164212
5.43465	-0.0168685
5.4349	-0.0132766
5.43514	-0.00810188
5.43539	-0.00175163
5.43563	0.000547785
5.43587	-0.00610693
5.43612	-0.0135648
5.43636	-0.0089036
5.43661	0.00337272
5.43685	0.00543046
5.4371	-0.0048751
5.43734	-0.00927173
5.43759	0.000728029
5.43783	0.010005
5.43808	0.00596551
5.43832	-0.00176254
5.43857	-0.00101223
5.43881	0.00180437
5.43905	-0.00360273
5.4393	-0.0106867
5.43954	-0.0077925
5.43979	0.000720075
5.44003	0.00245337
5.44028	-0.0024704
5.44052	-0.00493188
5.44077	-0.00370181
5.44101	-0.00364428
5.44126	-0.00339486
5.4415	0.000599681
5.44175	0.00359674
5.44199	0.00025684
5.44223	-0.00306248
5.44248	0.00171527
5.44272	0.00787406
5.44297	0.00341737
5.44321	-0.00721974
5.44346	-0.00829028
5.4437	0.00205575
5.44395	0.0089206
5.44419	0.00399017
5.44444	-0.00445179
5.44468	-0.00767465
5.44493	-0.00756445
5.44517	-0.00696017
5.44541	-0.00280528
5.44566	0.00447957
5.4459	0.00648726
5.44615	-0.000584409
5.44639	-0.00788871
5.44664	-0.00607097
5.44688	0.00175199
5.44713	0.00630602
5.44737	0.0052599
5.44762	0.00274215
5.44786	0.000674753
5.4481	-0.0019887
5.44835	-0.00446965
5.44859	-0.00522419
5.44884	-0.00576356
5.44908	-0.00772805
5.44933	-0.00808948
5.44957	-0.00311636
5.44982	0.00414902
5.45006	0.00665678
5.45031	0.00368905
5.45055	0.00213499
5.4508	0.00567371
5.45104	0.00866452
5.45128	0.00474291
5.45153	-0.00302153
5.45177	-0.0061779
5.45202	-0.00289092
5.45226	0.000266043
5.45251	-0.00157263
5.45275	-0.00578417
5.453	-0.00845417
5.45324	-0.0106184
5.45349	-0.0144079
5.45373	-0.0173573
5.45398	-0.0157247
5.45422	-0.0108093
5.45446	-0.00660174
5.45471	-0.00298861
5.45495	0.00275409
5.4552	0.00844738
5.45544	0.00765397
5.45569	-0.000635596
5.45593	-0.00866958
5.45618	-0.00910657
5.45642	-0.00334883
5.45667	0.00217135
5.45691	0.00427863
5.45716	0.00398035
5.4574	0.00194206
5.45764	-0.00225405
5.45789	-0.00678792
5.45813	-0.00764893
5.45838	-0.00353915
5.45862	0.00155844
5.45887	0.00284426
5.45911	0.000783585
5.45936	0.000217217
5.4596	0.00318091
5.45985	0.00571771
5.46009	0.00393115
5.46034	9.62633e-05
5.46058	-0.00127794
5.46082	-0.00099904
5.46107	-0.00282638
5.46131	-0.00486868
5.46156	-0.00104335
5.4618	0.00808153
5.46205	0.0143977
5.46229	0.0146811
5.46254	0.0146848
5.46278	0.0165856
5.46303	0.0128553
5.46327	0.000497045
5.46351	-0.00851837
5.46376	-0.00256701
5.464	0.0109313
5.46425	0.0151101
5.46449	0.00747661
5.46474	0.000460866
5.46498	0.000553724
5.46523	0.00144438
5.46547	-0.00127367
5.46572	-0.00267332
5.46596	0.00020907
5.46621	0.00133216
5.46645	-0.00436414
5.46669	-0.0122907
5.46694	-0.0146487
5.46718	-0.00943106
5.46743	0.000199214
5.46767	0.00951918
5.46792	0.0130606
5.46816	0.0081035
5.46841	-0.000522168
5.46865	-0.00479146
5.4689	-0.00358548
5.46914	-0.00257167
5.46939	-0.00442434
5.46963	-0.00660895
5.46987	-0.00841931
5.47012	-0.0113542
5.47036	-0.012458
5.47061	-0.00720881
5.47085	0.000141492
5.4711	6.94803e-05
5.47134	-0.00635857
5.47159	-0.00685371
5.47183	0.00293114
5.47208	0.0112546
5.47232	0.00741923
5.47257	-0.00305434
5.47281	-0.00759187
5.47305	-0.00295235
5.4733	0.00434115
5.47354	0.00743789
5.47379	0.00338956
5.47403	-0.00607768
5.47428	-0.0136508
5.47452	-0.0123527
5.47477	-0.00525963
5.47501	-0.00215047
5.47526	-0.00486963
5.4755	-0.0058778
5.47574	-0.00338376
5.47599	-0.00506982
5.47623	-0.0119864
5.47648	-0.0130061
5.47672	-0.00364722
5.47697	0.00329099
5.47721	-0.00276704
5.47746	-0.0122126
5.4777	-0.0105308
5.47795	-0.00152618
5.47819	0.00035783
5.47844	-0.00595788
5.47868	-0.00849347
5.47892	-0.0034295
5.47917	3.94143e-05
5.47941	-0.00326055
5.47966	-0.00617497
5.4799	-0.001535
5.48015	0.0068213
5.48039	0.00964566
5.48064	0.00374804
5.48088	-0.00484527
5.48113	-0.00726757
5.48137	-0.00155528
5.48162	0.00408509
5.48186	0.00156275
5.4821	-0.00460486
5.48235	-0.00357065
5.48259	0.00289783
5.48284	0.00113201
5.48308	-0.0104296
5.48333	-0.014347
5.48357	-0.00164501
5.48382	0.0101758
5.48406	0.00266111
5.48431	-0.0137743
5.48455	-0.0157715
5.4848	-0.00298102
5.48504	0.00458633
5.48528	-0.000455668
5.48553	-0.00626229
5.48577	-0.00647185
5.48602	-0.00781246
5.48626	-0.0109968
5.48651	-0.0069969
5.48675	0.0025564
5.487	0.00298887
5.48724	-0.00801542
5.48749	-0.0133094
5.48773	-0.00421784
5.48797	0.00427056
5.48822	-0.00126489
5.48846	-0.0106423
5.48871	-0.00909902
5.48895	-0.00277666
5.4892	-0.00633862
5.48944	-0.0160869
5.48969	-0.0156604
5.48993	-0.00332139
5.49018	0.00524622
5.49042	0.000560803
5.49067	-0.00956312
5.49091	-0.0137923
5.49115	-0.0100678
5.4914	-0.00281521
5.49164	0.00304262
5.49189	0.00347329
5.49213	-0.0018286
5.49238	-0.00690697
5.49262	-0.00549003
5.49287	0.000979361
5.49311	0.00621288
5.49336	0.00771299
5.4936	0.00682559
5.49385	0.00336818
5.49409	-0.00260545
5.49433	-0.00646182
5.49458	-0.00455781
5.49482	-0.00197258
5.49507	-0.00608669
5.49531	-0.0139319
5.49556	-0.0152813
5.4958	-0.00798778
5.49605	-0.000697208
5.49629	0.000643037
5.49654	-0.000533997
5.49678	-0.000249708
5.49703	-0.000274387
5.49727	-0.00220483
5.49751	-0.0035366
5.49776	-0.00361893
5.498	-0.00584053
5.49825	-0.00972435
5.49849	-0.00883394
5.49874	-0.00204266
5.49898	0.00108292
5.49923	-0.0063451
5.49947	-0.0163988
5.49972	-0.0166311
5.49996	-0.00790996
5.5002	-0.001981
5.50045	-0.00366216
5.50069	-0.00585723
5.50094	-0.00252899
5.50118	0.00296831
5.50143	0.00482236
5.50167	0.00208182
5.50192	-0.00374964
5.50216	-0.0112513
5.50241	-0.0160868
5.50265	-0.0127622
5.5029	-0.00372477
5.50314	0.000424793
5.50338	-0.0045234
5.50363	-0.00871593
5.50387	-0.00302911
5.50412	0.00486876
5.50436	0.000504602
5.50461	-0.0145384
5.50485	-0.0228892
5.5051	-0.0156808
5.50534	-0.00385329
5.50559	-0.000425554
5.50583	-0.00313253
5.50608	-0.0029469
5.50632	-0.000397351
5.50656	-0.00194459
5.50681	-0.00573527
5.50705	-0.00359376
5.5073	0.00421038
5.50754	0.00806489
5.50779	0.00433381
5.50803	0.00101091
5.50828	0.00438515
5.50852	0.009045
5.50877	0.0067995
5.50901	-0.00097598
5.50926	-0.00612223
5.5095	-0.00464594
5.50974	0.000530734
5.50999	0.00468968
5.51023	0.00457417
5.51048	-0.000714233
5.51072	-0.00777028
5.51097	-0.0103158
5.51121	-0.00645509
5.51146	-0.00175595
5.5117	-0.00124436
5.51195	-0.00188708
5.51219	0.00173229
5.51243	0.00751058
5.51268	0.00834399
5.51292	0.00299309
5.51317	-0.00240236
5.51341	-0.00332345
5.51366	-0.000950756
5.5139	0.00281549
5.51415	0.0076272
5.51439	0.0109697
5.51464	0.00903601
5.51488	0.0035314
5.51513	0.00134442
5.51537	0.00476854
5.51561	0.00808956
5.51586	0.0068235
5.5161	0.00370551
5.51635	0.00149004
5.51659	-0.00296173
5.51684	-0.0111132
5.51708	-0.0156942
5.51733	-0.00961137
5.51757	0.00223979
5.51782	0.0088576
5.51806	0.00804022
5.51831	0.00643726
5.51855	0.00671896
5.51879	0.0048901
5.51904	0.00042325
5.51928	-0.00130593
5.51953	0.00111026
5.51977	0.0021831
5.52002	-0.000638574
5.52026	-0.00327688
5.52051	-0.00440144
5.52075	-0.00848706
5.521	-0.0147365
5.52124	-0.0137901
5.52149	-0.00305115
5.52173	0.0051854
5.52197	0.00126029
5.52222	-0.0054558
5.52246	-0.000930363
5.52271	0.0099845
5.52295	0.0103956
5.5232	-0.0017157
5.52344	-0.0106331
5.52369	-0.00760475
5.52393	-0.00164556
5.52418	-0.00164567
5.52442	-0.003266
5.52466	-0.000537379
5.52491	0.00291475
5.52515	0.00257816
5.5254	0.00142619
5.52564	0.00113518
5.52589	-0.00368167
5.52613	-0.0129894
5.52638	-0.0148984
5.52662	-0.00372231
5.52687	0.00670698
5.52711	0.00251684
5.52736	-0.00737421
5.5276	-0.00602169
5.52784	0.00161636
5.52809	-0.00421837
5.52833	-0.0232234
5.52858	-0.0313409
5.52882	-0.0167755
5.52907	0.00227246
5.52931	0.00566108
5.52956	-0.00157759
5.5298	-0.00311598
5.53005	0.00307338
5.53029	0.00832107
5.53054	0.0108146
5.53078	0.0132302
5.53102	0.0111898
5.53127	0.000864735
5.53151	-0.00753511
5.53176	-0.00113185
5.532	0.0133516
5.53225	0.0156928
5.53249	0.000955982
5.53274	-0.0138077
5.53298	-0.0142582
5.53323	-0.00521983
5.53347	0.00198565
5.53372	0.00441059
5.53396	0.00303496
5.5342	-0.00348407
5.53445	-0.0116469
5.53469	-0.0107526
5.53494	0.00176918
5.53518	0.0115875
5.53543	0.0055962
5.53567	-0.00826915
5.53592	-0.0120813
5.53616	-0.00377507
5.53641	0.00228802
5.53665	-0.00126801
5.53689	-0.00590372
5.53714	-0.00394373
5.53738	-0.000282255
5.53763	-0.00107072
5.53787	-0.00205501
5.53812	0.00286775
5.53836	0.00928696
5.53861	0.00853958
5.53885	0.00191721
5.5391	-0.00139069
5.53934	0.0010164
5.53959	0.00166103
5.53983	-0.00397784
5.54007	-0.00985552
5.54032	-0.00854487
5.54056	-0.00235911
5.54081	-3.69022e-05
5.54105	-0.0048314
5.5413	-0.010949
5.54154	-0.0118834
5.54179	-0.00844323
5.54203	-0.0063814
5.54228	-0.00787419
5.54252	-0.00879791
5.54277	-0.00572481
5.54301	-0.00262918
5.54325	-0.00624347
5.5435	-0.0150443
5.54374	-0.0184856
5.54399	-0.0101407
5.54423	0.00312911
5.54448	0.00998857
5.54472	0.00885257
5.54497	0.00680705
5.54521	0.00696538
5.54546	0.00537181
5.5457	0.00057794
5.54595	-0.0026715
5.54619	-0.00194649
5.54643	-0.00118809
5.54668	-0.00232603
5.54692	-0.00079345
5.54717	0.005091
5.54741	0.00790411
5.54766	0.00180431
5.5479	-0.0069411
5.54815	-0.00885312
5.54839	-0.00538439
5.54864	-0.00429497
5.54888	-0.00527081
5.54913	-0.00179558
5.54937	0.00497651
5.54961	0.00689714
5.54986	0.00329238
5.5501	0.00193676
5.55035	0.00400562
5.55059	0.00149305
5.55084	-0.00656309
5.55108	-0.00921868
5.55133	-0.00181117
5.55157	0.00421988
5.55182	-0.000451545
5.55206	-0.00664909
5.5523	-0.00128528
5.55255	0.0104558
5.55279	0.0122482
5.55304	0.00115865
5.55328	-0.0094404
5.55353	-0.0098715
5.55377	-0.00401701
5.55402	0.000930598
5.55426	0.00266881
5.55451	0.000266446
5.55475	-0.00689041
5.555	-0.0141555
5.55524	-0.014654
5.55548	-0.00953755
5.55573	-0.0069314
5.55597	-0.00887209
5.55622	-0.00822418
5.55646	-0.00128583
5.55671	0.00564341
5.55695	0.00654684
5.5572	0.00444838
5.55744	0.00461883
5.55769	0.0057573
5.55793	0.00378731
5.55818	-0.000500311
5.55842	-0.00301656
5.55866	-0.00213359
5.55891	0.00115846
5.55915	0.00547705
5.5594	0.00817386
5.55964	0.00594745
5.55989	-0.000398888
5.56013	-0.00522346
5.56038	-0.00489281
5.56062	-0.00192514
5.56087	4.82121e-05
5.56111	0.00140206
5.56136	0.00376605
5.5616	0.00593302
5.56184	0.00552884
5.56209	0.00192273
5.56233	-0.00425109
5.56258	-0.0111063
5.56282	-0.0142579
5.56307	-0.0103935
5.56331	-0.00332965
5.56356	-0.000997518
5.5638	-0.00483021
5.56405	-0.00814592
5.56429	-0.00665736
5.56453	-0.00341121
5.56478	-0.00116552
5.56502	0.00151911
5.56527	0.00309811
5.56551	-0.00216411
5.56576	-0.012347
5.566	-0.0150131
5.56625	-0.00477037
5.56649	0.00569343
5.56674	0.00310182
5.56698	-0.0061138
5.56723	-0.00648537
5.56747	0.00167808
5.56771	0.0042784
5.56796	-0.00216915
5.5682	-0.00547923
5.56845	0.000488561
5.56869	0.00549729
5.56894	0.000886664
5.56918	-0.0059754
5.56943	-0.00484496
5.56967	0.000346917
5.56992	-0.000897212
5.57016	-0.00771737
5.57041	-0.00969923
5.57065	-0.00366435
5.57089	0.00259128
5.57114	0.00332245
5.57138	0.00156062
5.57163	0.000572041
5.57187	-0.0025418
5.57212	-0.00975584
5.57236	-0.0152192
5.57261	-0.0123487
5.57285	-0.00458748
5.5731	-0.00178054
5.57334	-0.00625045
5.57359	-0.00944169
5.57383	-0.00450029
5.57407	0.00395419
5.57432	0.00705712
5.57456	0.00421049
5.57481	0.00214865
5.57505	0.0035109
5.5753	0.00334006
5.57554	-0.00204952
5.57579	-0.00843168
5.57603	-0.00879369
5.57628	-0.00195841
5.57652	0.00608511
5.57676	0.00767924
5.57701	-0.000106992
5.57725	-0.0121375
5.5775	-0.018428
5.57774	-0.0138367
5.57799	-0.00413084
5.57823	0.00110219
5.57848	6.11965e-05
5.57872	-0.00197394
5.57897	-0.00296674
5.57921	-0.00546978
5.57946	-0.00776964
5.5797	-0.00405237
5.57994	0.00368447
5.58019	0.00468889
5.58043	-0.00378821
5.58068	-0.00932215
5.58092	-0.00253187
5.58117	0.00702854
5.58141	0.00489417
5.58166	-0.00559271
5.5819	-0.00887146
5.58215	-0.00200798
5.58239	0.00158914
5.58264	-0.00534231
5.58288	-0.0121706
5.58312	-0.00702251
5.58337	0.00560034
5.58361	0.0118535
5.58386	0.00667722
5.5841	-0.0027147
5.58435	-0.00778383
5.58459	-0.00624818
5.58484	-0.000223186
5.58508	0.00718602
5.58533	0.0123995
5.58557	0.0123177
5.58582	0.0072275
5.58606	0.0017188
5.5863	0.000509475
5.58655	0.00280011
5.58679	0.00289576
5.58704	-0.00157476
5.58728	-0.00445847
5.58753	0.00130297
5.58777	0.0120174
5.58802	0.0160549
5.58826	0.00956931
5.58851	0.00164165
5.58875	9.73142e-05
5.58899	0.000673098
5.58924	-0.00279336
5.58948	-0.00529234
5.58973	0.00154497
5.58997	0.0132371
5.59022	0.0164023
5.59046	0.00819402
5.59071	7.99002e-05
5.59095	0.000378388
5.5912	0.00404612
5.59144	0.00426259
5.59169	0.00438449
5.59193	0.0106126
5.59217	0.0188071
5.59242	0.0178241
5.59266	0.00519517
5.59291	-0.00750978
5.59315	-0.00758719
5.5934	0.0036343
5.59364	0.0118815
5.59389	0.00661235
5.59413	-0.00598688
5.59438	-0.009949
5.59462	0.00117137
5.59487	0.0169345
5.59511	0.0238788
5.59535	0.0211422
5.5956	0.0173299
5.59584	0.0164893
5.59609	0.0149345
5.59633	0.0105511
5.59658	0.00720027
5.59682	0.00820454
5.59707	0.0115282
5.59731	0.0139744
5.59756	0.015537
5.5978	0.0167045
5.59805	0.0153205
5.59829	0.0100833
5.59853	0.0051655
5.59878	0.00662402
5.59902	0.013329
5.59927	0.0154139
5.59951	0.00570439
5.59976	-0.00888957
5.6	-0.0135081
5.60025	-0.00453728
5.60049	0.00451714
5.60074	0.00182184
5.60098	-0.00556534
5.60122	-0.0034822
5.60147	0.00598042
5.60171	0.00775621
5.60196	-0.000856557
5.6022	-0.00543069
5.60245	0.00119752
5.60269	0.00718173
5.60294	0.00262834
5.60318	-0.00397043
5.60343	-0.00220501
5.60367	0.00170743
5.60392	-0.00234883
5.60416	-0.00901404
5.6044	-0.00742988
5.60465	-0.00124871
5.60489	-0.00110968
5.60514	-0.00440964
5.60538	-0.000952785
5.60563	0.00660103
5.60587	0.00691596
5.60612	0.00120921
5.60636	0.00112313
5.60661	0.00710395
5.60685	0.00822735
5.6071	0.00335769
5.60734	0.00273362
5.60758	0.00695613
5.60783	0.00461026
5.60807	-0.00526416
5.60832	-0.00824731
5.60856	0.00160008
5.60881	0.0113744
5.60905	0.0105378
5.6093	0.00528252
5.60954	0.003296
5.60979	0.00106016
5.61003	-0.00382755
5.61028	-0.00377825
5.61052	0.00394072
5.61076	0.00829723
5.61101	0.00269234
5.61125	-0.00196316
5.6115	0.00411382
5.61174	0.011226
5.61199	0.0061874
5.61223	-0.00465592
5.61248	-0.00602332
5.61272	0.000984943
5.61297	0.00258086
5.61321	-0.00362179
5.61345	-0.00660805
5.6137	-0.00260378
5.61394	-0.000353998
5.61419	-0.00371978
5.61443	-0.00423028
5.61468	0.00370096
5.61492	0.0115571
5.61517	0.00785993
5.61541	-0.00576476
5.61566	-0.0157073
5.6159	-0.0114629
5.61615	0.00317793
5.61639	0.0137481
5.61663	0.0103034
5.61688	-0.00106808
5.61712	-0.00547665
5.61737	0.00132281
5.61761	0.00747432
5.61786	0.00270248
5.6181	-0.00655289
5.61835	-0.00751695
5.61859	-0.000265178
5.61884	0.00419054
5.61908	0.00193245
5.61933	0.000667229
5.61957	0.00550492
5.61981	0.0107293
5.62006	0.00955466
5.6203	0.0043468
5.62055	0.0018564
5.62079	0.00319849
5.62104	0.0040404
5.62128	0.00230601
5.62153	0.000547958
5.62177	0.000913739
5.62202	0.00194043
5.62226	0.00189342
5.62251	0.00218624
5.62275	0.0044796
5.62299	0.00620301
5.62324	0.00330986
5.62348	-0.0026495
5.62373	-0.00544939
5.62397	-0.0036646
5.62422	-0.00330826
5.62446	-0.0078163
5.62471	-0.0119233
5.62495	-0.0107756
5.6252	-0.00834478
5.62544	-0.00918509
5.62569	-0.00858243
5.62593	-0.00120559
5.62617	0.00626902
5.62642	0.00419947
5.62666	-0.00235721
5.62691	-0.000311914
5.62715	0.00877276
5.6274	0.00989885
5.62764	0.000119381
5.62789	-0.00570731
5.62813	-0.000252719
5.62838	0.00378635
5.62862	-0.00333208
5.62886	-0.00998757
5.62911	-0.00251325
5.62935	0.010244
5.6296	0.00948551
5.62984	-0.00399029
5.63009	-0.0108445
5.63033	-0.00169257
5.63058	0.0112361
5.63082	0.0128366
5.63107	0.00368227
5.63131	-0.00399618
5.63156	-0.00153427
5.6318	0.00846757
5.63204	0.0160801
5.63229	0.014374
5.63253	0.00713451
5.63278	0.00456408
5.63302	0.0100513
5.63327	0.0153568
5.63351	0.0115096
5.63376	-0.000197555
5.634	-0.0113534
5.63425	-0.0158297
5.63449	-0.0128161
5.63474	-0.00556847
5.63498	-0.000347316
5.63522	-0.00123095
5.63547	-0.00352513
5.63571	0.000804045
5.63596	0.0090014
5.6362	0.00868245
5.63645	-0.00247985
5.63669	-0.00996443
5.63694	-0.00346595
5.63718	0.00673323
5.63743	0.00628911
5.63767	-4.99217e-05
5.63792	0.00265019
5.63816	0.0133403
5.6384	0.0155033
5.63865	0.00372747
5.63889	-0.0071273
5.63914	-0.00464182
5.63938	0.00279214
5.63963	-0.000280365
5.63987	-0.0123816
5.64012	-0.0162671
5.64036	-0.00283511
5.64061	0.0157179
5.64085	0.0209471
5.64109	0.0108419
5.64134	3.67483e-05
5.64158	-0.00131825
5.64183	0.00084765
5.64207	-0.00198669
5.64232	-0.00610184
5.64256	-0.00402162
5.64281	0.000275193
5.64305	-0.00129318
5.6433	-0.00351841
5.64354	0.00463472
5.64379	0.0168385
5.64403	0.0141558
5.64427	-0.00356307
5.64452	-0.0127524
5.64476	-0.00156322
5.64501	0.0108556
5.64525	0.00474943
5.6455	-0.00947842
5.64574	-0.0102848
5.64599	-8.82944e-05
5.64623	0.00169237
5.64648	-0.00770496
5.64672	-0.0115849
5.64697	-0.00265169
5.64721	0.00693963
5.64745	0.00704744
5.6477	0.00323793
5.64794	0.00367463
5.64819	0.00617789
5.64843	0.00506354
5.64868	0.00149988
5.64892	0.000701429
5.64917	0.00385992
5.64941	0.00697822
5.64966	0.00570449
5.6499	0.000476012
5.65015	-0.00269344
5.65039	0.000691227
5.65063	0.00563926
5.65088	0.00324749
5.65112	-0.00473826
5.65137	-0.00697777
5.65161	-0.00137855
5.65186	3.16427e-05
5.6521	-0.0082392
5.65235	-0.0142803
5.65259	-0.00928435
5.65284	-0.00383741
5.65308	-0.00877545
5.65332	-0.0140386
5.65357	-0.00606875
5.65381	0.00552551
5.65406	0.00182176
5.6543	-0.0127076
5.65455	-0.0163357
5.65479	-0.00528568
5.65504	0.00280066
5.65528	0.000851119
5.65553	0.0020497
5.65577	0.0128177
5.65602	0.019994
5.65626	0.0135004
5.6565	0.00159406
5.65675	-0.00566008
5.65699	-0.0100339
5.65724	-0.0131924
5.65748	-0.00889628
5.65773	0.00213587
5.65797	0.00621153
5.65822	-0.00225428
5.65846	-0.00847495
5.65871	0.000474351
5.65895	0.0144677
5.6592	0.0161932
5.65944	0.00725886
5.65968	0.00259299
5.65993	0.00665018
5.66017	0.0110011
5.66042	0.0108385
5.66066	0.00896879
5.66091	0.00575532
5.66115	-0.0016055
5.6614	-0.0102171
5.66164	-0.0131234
5.66189	-0.0101289
5.66213	-0.00751404
5.66238	-0.00687992
5.66262	-0.0035146
5.66286	0.00307375
5.66311	0.00615608
5.66335	0.00241564
5.6636	-0.00180203
5.66384	0.000406038
5.66409	0.00603444
5.66433	0.00621282
5.66458	-0.00134348
5.66482	-0.00906134
5.66507	-0.0091706
5.66531	-0.00254395
5.66555	0.00455714
5.6658	0.00935276
5.66604	0.0131813
5.66629	0.0146651
5.66653	0.00966214
5.66678	0.000574763
5.66702	-0.00209452
5.66727	0.00593035
5.66751	0.0130802
5.66776	0.00617642
5.668	-0.00920518
5.66825	-0.0139613
5.66849	-0.00125181
5.66873	0.0139463
5.66898	0.0145869
5.66922	0.00188419
5.66947	-0.00940912
5.66971	-0.00942076
5.66996	-0.000975146
5.6702	0.00709254
5.67045	0.00905459
5.67069	0.00607159
5.67094	0.00364067
5.67118	0.00464067
5.67143	0.00520393
5.67167	0.000406338
5.67191	-0.00688891
5.67216	-0.00814806
5.6724	-0.00101264
5.67265	0.00656089
5.67289	0.00654525
5.67314	0.000784138
5.67338	-0.00267587
5.67363	-0.00036345
5.67387	0.00313687
5.67412	0.00178457
5.67436	-0.00420898
5.67461	-0.00870639
5.67485	-0.00781324
5.67509	-0.00558529
5.67534	-0.00787435
5.67558	-0.0116743
5.67583	-0.00770476
5.67607	0.00440412
5.67632	0.0121663
5.67656	0.00715522
5.67681	-0.00233171
5.67705	-0.00406759
5.6773	-9.1327e-05
5.67754	-0.00076448
5.67778	-0.00593688
5.67803	-0.00580887
5.67827	0.00109779
5.67852	0.00471896
5.67876	-0.00028168
5.67901	-0.00723332
5.67925	-0.00936109
5.6795	-0.00830118
5.67974	-0.00735761
5.67999	-0.00595756
5.68023	-0.00441309
5.68048	-0.00526902
5.68072	-0.00635499
5.68096	-0.00127426
5.68121	0.00936675
5.68145	0.0157553
5.6817	0.012299
5.68194	0.00531509
5.68219	0.00285561
5.68243	0.00440099
5.68268	0.0054371
5.68292	0.00510468
5.68317	0.00410008
5.68341	0.00129902
5.68366	-0.00243228
5.6839	-0.00280759
5.68414	0.000874733
5.68439	0.00275447
5.68463	-0.000980065
5.68488	-0.00579743
5.68512	-0.00558819
5.68537	-0.000794851
5.68561	0.0043802
5.68586	0.00802085
5.6861	0.00960417
5.68635	0.00770879
5.68659	0.00278789
5.68684	-0.00168524
5.68708	-0.00387314
5.68732	-0.00512744
5.68757	-0.00492199
5.68781	-0.000418078
5.68806	0.00599524
5.6883	0.00601201
5.68855	-0.00263828
5.68879	-0.0101159
5.68904	-0.00689846
5.68928	0.00275733
5.68953	0.00688633
5.68977	0.00191936
5.69001	-0.00443058
5.69026	-0.00470514
5.6905	0.000314114
5.69075	0.00508499
5.69099	0.00586192
5.69124	0.00299894
5.69148	-0.00037517
5.69173	-0.00145687
5.69197	-0.00073864
5.69222	-0.00112378
5.69246	-0.00330749
5.69271	-0.00400248
5.69295	-0.000330339
5.69319	0.00576665
5.69344	0.00943174
5.69368	0.00831185
5.69393	0.00473568
5.69417	0.00265073
5.69442	0.00301728
5.69466	0.00296637
5.69491	0.000596387
5.69515	-0.000747375
5.6954	0.00311304
5.69564	0.00869219
5.69589	0.00732441
5.69613	-0.00137574
5.69637	-0.00641517
5.69662	-0.0013365
5.69686	0.00480722
5.69711	0.00109219
5.69735	-0.00788355
5.6976	-0.00984661
5.69784	-0.00472669
5.69809	-0.00284919
5.69833	-0.00613089
5.69858	-0.00639661
5.69882	-0.00261632
5.69907	-0.00403416
5.69931	-0.0126911
5.69955	-0.0176693
5.6998	-0.012486
5.70004	-0.00486121
5.70029	-0.00214062
5.70053	0.000304189
5.70078	0.00710695
5.70102	0.0107282
5.70127	0.00284976
5.70151	-0.00985745
5.70176	-0.0133168
5.702	-0.00527006
5.70225	0.00345591
5.70249	0.00477763
5.70273	0.00149547
5.70298	-0.000292112
5.70322	4.09274e-05
5.70347	-0.00149365
5.70371	-0.00665916
5.70396	-0.0107303
5.7042	-0.00662441
5.70445	0.0050526
5.70469	0.0134157
5.70494	0.0101469
5.70518	0.0019622
5.70542	0.00185396
5.70567	0.0095437
5.70591	0.0115235
5.70616	0.00163967
5.7064	-0.00984777
5.70665	-0.0114702
5.70689	-0.00453225
5.70714	0.00272745
5.70738	0.00560429
5.70763	0.00278547
5.70787	-0.00533425
5.70812	-0.0133077
5.70836	-0.0139339
5.7086	-0.00895017
5.70885	-0.0076352
5.70909	-0.0115784
5.70934	-0.0117625
5.70958	-0.00483929
5.70983	0.000391971
5.71007	-0.00116455
5.71032	-0.00197821
5.71056	0.00289907
5.71081	0.00510551
5.71105	-0.00175565
5.7113	-0.00839024
5.71154	-0.00414438
5.71178	0.00525239
5.71203	0.0075692
5.71227	0.00280956
5.71252	-0.00128019
5.71276	-0.00408684
5.71301	-0.008603
5.71325	-0.0106154
5.7135	-0.0059324
5.71374	-0.00166576
5.71399	-0.00546557
5.71423	-0.00995468
5.71448	-0.00379687
5.71472	0.0074492
5.71496	0.00892899
5.71521	0.000784307
5.71545	-0.003473
5.7157	-0.000562764
5.71594	-0.000314648
5.71619	-0.00499491
5.71643	-0.00523592
5.71668	0.000522734
5.71692	0.00120542
5.71717	-0.00685193
5.71741	-0.0120231
5.71765	-0.00670104
5.7179	0.000496594
5.71814	-9.54099e-05
5.71839	-0.00488921
5.71863	-0.00624993
5.71888	-0.00452856
5.71912	-0.00286811
5.71937	-0.000523415
5.71961	0.00123813
5.71986	-0.00281884
5.7201	-0.0106227
5.72035	-0.0110524
5.72059	-0.0019704
5.72083	0.00222706
5.72108	-0.00789972
5.72132	-0.0195983
5.72157	-0.0163884
5.72181	-0.00398638
5.72206	-0.000609507
5.7223	-0.00756275
5.72255	-0.00878001
5.72279	0.00127131
5.72304	0.00856589
5.72328	0.00313903
5.72353	-0.00477135
5.72377	-0.00131488
5.72401	0.0100361
5.72426	0.0149664
5.7245	0.00876278
5.72475	-7.6795e-05
5.72499	-0.00313323
5.72524	-3.76909e-05
5.72548	0.00539057
5.72573	0.00931019
5.72597	0.0081218
5.72622	0.000868221
5.72646	-0.00753404
5.72671	-0.0102578
5.72695	-0.00669348
5.72719	-0.00247166
5.72744	-0.000797246
5.72768	0.00117586
5.72793	0.00556224
5.72817	0.00862046
5.72842	0.00626957
5.72866	0.000979496
5.72891	-0.00155137
5.72915	-0.000440984
5.7294	0.000260994
5.72964	-0.00163868
5.72988	-0.00400121
5.73013	-0.00431853
5.73037	-0.00232658
5.73062	0.00106578
5.73086	0.0038434
5.73111	0.00250936
5.73135	-0.0041251
5.7316	-0.0111874
5.73184	-0.0126557
5.73209	-0.0100576
5.73233	-0.0105393
5.73258	-0.0152679
5.73282	-0.0163649
5.73306	-0.00859994
5.73331	0.00172728
5.73355	0.00451385
5.7338	-0.00136212
5.73404	-0.00792337
5.73429	-0.00835289
5.73453	-0.0030963
5.73478	0.00271573
5.73502	0.00444317
5.73527	0.00163873
5.73551	-0.0013994
5.73576	-0.000598543
5.736	0.00150832
5.73624	-0.00157628
5.73649	-0.00951048
5.73673	-0.0127089
5.73698	-0.0052086
5.73722	0.0053829
5.73747	0.00731546
5.73771	0.000522961
5.73796	-0.00433299
5.7382	-0.000994132
5.73845	0.00548054
5.73869	0.00703933
5.73894	0.00174892
5.73918	-0.00623639
5.73942	-0.0110714
5.73967	-0.00908831
5.73991	-0.00247233
5.74016	0.00107255
5.7404	-0.00329394
5.74065	-0.0102235
5.74089	-0.0104727
5.74114	-0.00397378
5.74138	-0.000151986
5.74163	-0.00438664
5.74187	-0.0112649
5.74211	-0.0139681
5.74236	-0.013495
5.7426	-0.0137123
5.74285	-0.0128884
5.74309	-0.00697335
5.74334	0.00140049
5.74358	0.00439055
5.74383	-0.000398564
5.74407	-0.00641696
5.74432	-0.00716016
5.74456	-0.00431891
5.74481	-0.00387431
5.74505	-0.00668164
5.74529	-0.00720848
5.74554	-0.00186489
5.74578	0.00496507
5.74603	0.00582481
5.74627	-0.000365934
5.74652	-0.00701549
5.74676	-0.00832845
5.74701	-0.00574519
5.74725	-0.0040141
5.7475	-0.00391198
5.74774	-0.00260187
5.74799	0.000423074
5.74823	0.00247968
5.74847	0.00278544
5.74872	0.00335009
5.74896	0.00335686
5.74921	-0.00186207
5.74945	-0.0124513
5.7497	-0.0195007
5.74994	-0.0151653
5.75019	-0.00460149
5.75043	-0.000320893
5.75068	-0.00529469
5.75092	-0.0101102
5.75117	-0.00850857
5.75141	-0.00633033
5.75165	-0.00983256
5.7519	-0.0139636
5.75214	-0.011142
5.75239	-0.00530555
5.75263	-0.00608474
5.75288	-0.0124971
5.75312	-0.0146019
5.75337	-0.010252
5.75361	-0.00722468
5.75386	-0.00756447
5.7541	-0.00385707
5.75434	0.00467304
5.75459	0.00674357
5.75483	-0.0023264
5.75508	-0.00963775
5.75532	-0.0033869
5.75557	0.00842758
5.75581	0.010851
5.75606	0.00456492
5.7563	0.00113858
5.75655	0.00260878
5.75679	0.00177008
5.75704	-0.00131377
5.75728	0.000429781
5.75752	0.00581208
5.75777	0.00625349
5.75801	0.00194764
5.75826	0.0017237
5.7585	0.00584397
5.75875	0.00484073
5.75899	-0.00216062
5.75924	-0.00456027
5.75948	-6.41715e-05
5.75973	-0.000283201
5.75997	-0.00929998
5.76022	-0.0132878
5.76046	-0.00224508
5.7607	0.0123751
5.76095	0.0148584
5.76119	0.00826334
5.76144	0.00567347
5.76168	0.00753676
5.76193	0.00406411
5.76217	-0.00469245
5.76242	-0.00755946
5.76266	-0.00082601
5.76291	0.00566203
5.76315	0.00375656
5.7634	-0.0021559
5.76364	-0.00369446
5.76388	-0.000181476
5.76413	0.0035465
5.76437	0.00677232
5.76462	0.0144158
5.76486	0.0283365
5.76511	0.0409028
5.76535	0.0415601
5.7656	0.0304832
5.76584	0.0208205
5.76609	0.023413
5.76633	0.0335749
5.76657	0.0389311
5.76682	0.0360514
5.76706	0.0308446
5.76731	0.0260645
5.76755	0.0195276
5.7678	0.0133408
5.76804	0.012775
5.76829	0.0154412
5.76853	0.0136183
5.76878	0.0083782
5.76902	0.00861026
5.76927	0.0143991
5.76951	0.0153213
5.76975	0.00805271
5.77	0.000978174
5.77024	-0.00222419
5.77049	-0.00743902
5.77073	-0.013755
5.77098	-0.0102581
5.77122	0.00309861
5.77147	0.00972274
5.77171	0.00187013
5.77196	-0.00600156
5.7722	-0.00167174
5.77245	0.00496177
5.77269	0.00146311
5.77293	-0.00486664
5.77318	-0.00215003
5.77342	0.00376943
5.77367	0.00167747
5.77391	-0.0034176
5.77416	-0.0013415
5.7744	0.00220812
5.77465	-0.00315997
5.77489	-0.0106092
5.77514	-0.00744383
5.77538	0.00028978
5.77563	-0.00256032
5.77587	-0.0129521
5.77611	-0.0150623
5.77636	-0.0076319
5.7766	-0.00302656
5.77685	-0.0035163
5.77709	-0.00144305
5.77734	0.00105735
5.77758	-0.00367034
5.77783	-0.00815056
5.77807	0.00150402
5.77832	0.0178334
5.77856	0.0187313
5.7788	0.00216489
5.77905	-0.0113562
5.77929	-0.0120153
5.77954	-0.00991512
5.77978	-0.00897831
5.78003	-0.000183283
5.78027	0.0133973
5.78052	0.0134634
5.78076	-0.00223375
5.78101	-0.0121852
5.78125	-0.00563928
5.7815	0.00095998
5.78174	-0.00532962
5.78198	-0.012182
5.78223	-0.00648954
5.78247	0.0025893
5.78272	0.00245803
5.78296	-0.00146921
5.78321	-0.000864205
5.78345	-0.00218966
5.7837	-0.0111874
5.78394	-0.0170768
5.78419	-0.0109233
5.78443	-0.0037661
5.78468	-0.00741636
5.78492	-0.0123533
5.78516	-0.00491579
5.78541	0.0068626
5.78565	0.00579505
5.7859	-0.00651872
5.78614	-0.0145617
5.78639	-0.0133242
5.78663	-0.00935894
5.78688	-0.00524806
5.78712	-0.000518701
5.78737	-0.000589932
5.78761	-0.00827948
5.78786	-0.0139273
5.7881	-0.00927107
5.78834	-0.00227454
5.78859	-0.00283999
5.78883	-0.00486079
5.78908	4.43622e-05
5.78932	0.00301403
5.78957	-0.00683274
5.78981	-0.0185464
5.79006	-0.0147264
5.7903	-0.0024987
5.79055	-0.00316465
5.79079	-0.0160337
5.79104	-0.0199388
5.79128	-0.00952288
5.79152	-0.00241835
5.79177	-0.0072827
5.79201	-0.01106
5.79226	-0.00486813
5.7925	0.00134021
5.79275	-0.000486596
5.79299	-0.00169787
5.79324	0.00605691
5.79348	0.0160441
5.79373	0.0195852
5.79397	0.0194799
5.79421	0.0201581
5.79446	0.0177995
5.7947	0.0107368
5.79495	0.00790055
5.79519	0.0159843
5.79544	0.0275323
5.79568	0.0318006
5.79593	0.0296523
5.79617	0.0285974
5.79642	0.0298817
5.79666	0.0293
5.79691	0.0258496
5.79715	0.0220605
5.79739	0.0190149
5.79764	0.0161622
5.79788	0.013206
5.79813	0.00945694
5.79837	0.00480087
5.79862	0.00197188
5.79886	0.00285603
5.79911	0.00322429
5.79935	-0.00179193
5.7996	-0.00788981
5.79984	-0.00630994
5.80009	0.00193661
5.80033	0.00701961
5.80057	0.00595556
5.80082	0.00555162
5.80106	0.00794853
5.80131	0.00630592
5.80155	-0.00111425
5.8018	-0.00560331
5.80204	-0.0025497
5.80229	0.000982251
5.80253	2.57994e-05
5.80278	0.000760372
5.80302	0.00730996
5.80327	0.0112491
5.80351	0.00497999
5.80375	-0.00421201
5.804	-0.00504904
5.80424	0.000614583
5.80449	0.00336945
5.80473	0.00247675
5.80498	0.00422699
5.80522	0.00851775
5.80547	0.00913519
5.80571	0.00509096
5.80596	0.00116167
5.8062	-0.00120611
5.80644	-0.00407543
5.80669	-0.0058384
5.80693	-0.00308785
5.80718	0.0015387
5.80742	0.00219172
5.80767	-0.000455498
5.80791	-0.000801668
5.80816	0.00141
5.8084	0.00133013
5.80865	-0.000914437
5.80889	8.72855e-05
5.80914	0.00427251
5.80938	0.00440871
5.80962	-0.00233868
5.80987	-0.00943114
5.81011	-0.0108401
5.81036	-0.00838869
5.8106	-0.00549625
5.81085	-0.00083754
5.81109	0.00662317
5.81134	0.0122408
5.81158	0.0113867
5.81183	0.00649849
5.81207	0.00283472
5.81232	0.000544916
5.81256	-0.00324373
5.8128	-0.00703249
5.81305	-0.00608047
5.81329	-0.000145067
5.81354	0.00558399
5.81378	0.00737204
5.81403	0.00591972
5.81427	0.00254248
5.81452	-0.00226599
5.81476	-0.00580502
5.81501	-0.00445737
5.81525	7.06821e-05
5.8155	0.00132104
5.81574	-0.00247405
5.81598	-0.00517581
5.81623	-0.00251899
5.81647	0.00112305
5.81672	0.0010546
5.81696	0.000762091
5.81721	0.00418495
5.81745	0.00552197
5.8177	-0.00194668
5.81794	-0.0106735
5.81819	-0.00665662
5.81843	0.00753513
5.81867	0.0130672
5.81892	0.00241342
5.81916	-0.00897012
5.81941	-0.00693293
5.81965	0.000271785
5.8199	-0.00178569
5.82014	-0.00884078
5.82039	-0.00674034
5.82063	0.0026803
5.82088	0.00435633
5.82112	-0.00363068
5.82137	-0.00642437
5.82161	0.00216476
5.82185	0.00926708
5.8221	0.00498432
5.82234	-0.00161781
5.82259	0.000714446
5.82283	0.00587731
5.82308	0.00148089
5.82332	-0.00912984
5.82357	-0.0112362
5.82381	-0.00199012
5.82406	0.00512928
5.8243	0.000631744
5.82455	-0.00794298
5.82479	-0.00813274
5.82503	0.000436901
5.82528	0.00754197
5.82552	0.00647598
5.82577	0.00026186
5.82601	-0.00485219
5.82626	-0.00646636
5.8265	-0.00566271
5.82675	-0.0038999
5.82699	-0.00269433
5.82724	-0.00357139
5.82748	-0.00546978
5.82773	-0.0044037
5.82797	0.000902021
5.82821	0.00518903
5.82846	0.00307448
5.8287	-0.00241272
5.82895	-0.00368558
5.82919	-7.93234e-05
5.82944	0.00201015
5.82968	0.00075067
5.82993	0.00140272
5.83017	0.00475363
5.83042	0.00338591
5.83066	-0.00500914
5.8309	-0.0107669
5.83115	-0.00680363
5.83139	-0.00078756
5.83164	-0.00261886
5.83188	-0.00791837
5.83213	-0.00624774
5.83237	0.00066078
5.83262	0.00263209
5.83286	-0.00127537
5.83311	-0.0032302
5.83335	-0.00227433
5.8336	-0.00471997
5.83384	-0.0095331
5.83408	-0.00818112
5.83433	-0.000459804
5.83457	0.00351373
5.83482	-0.000476201
5.83506	-0.00562028
5.83531	-0.00758204
5.83555	-0.00965294
5.8358	-0.0113876
5.83604	-0.00625712
5.83629	0.00443502
5.83653	0.00889612
5.83678	0.0022289
5.83702	-0.00605164
5.83726	-0.00801193
5.83751	-0.00795905
5.83775	-0.010097
5.838	-0.00878454
5.83824	-0.00035723
5.83849	0.00717588
5.83873	0.00645314
5.83898	0.00254764
5.83922	0.00251543
5.83947	0.00313864
5.83971	-0.000547209
5.83996	-0.0042804
5.8402	-0.00348721
5.84044	-0.00405485
5.84069	-0.0118036
5.84093	-0.0191587
5.84118	-0.0155555
5.84142	-0.00485532
5.84167	0.000859753
5.84191	-0.000157561
5.84216	-0.000134195
5.8424	0.00279401
5.84265	0.00319244
5.84289	0.000220632
5.84313	-0.00134039
5.84338	-0.000958108
5.84362	-0.0025677
5.84387	-0.00573668
5.84411	-0.00608494
5.84436	-0.00343747
5.8446	-0.00115208
5.84485	0.000579185
5.84509	0.00266084
5.84534	0.00183741
5.84558	-0.00346589
5.84583	-0.00614729
5.84607	0.00026675
5.84631	0.00901129
5.84656	0.00823602
5.8468	-0.00114272
5.84705	-0.00770937
5.84729	-0.00726305
5.84754	-0.00555744
5.84778	-0.00498536
5.84803	-0.00221041
5.84827	0.0010767
5.84852	-0.00118061
5.84876	-0.00696811
5.84901	-0.00809285
5.84925	-0.0059341
5.84949	-0.0104116
5.84974	-0.0201304
5.84998	-0.0197981
5.85023	-0.00429505
5.85047	0.00993139
5.85072	0.0077813
5.85096	-0.00304165
5.85121	-0.00589568
5.85145	-0.000363386
5.8517	0.00115444
5.85194	-0.00413996
5.85219	-0.00623378
5.85243	-0.000817432
5.85267	0.00315052
5.85292	-0.00158816
5.85316	-0.00840368
5.85341	-0.00636986
5.85365	0.00356951
5.8539	0.00946818
5.85414	0.00432501
5.85439	-0.00513268
5.85463	-0.0080218
5.85488	-0.00333906
5.85512	0.00074536
5.85536	-6.97827e-05
5.85561	-0.00121145
5.85585	0.000598209
5.8561	0.000100136
5.85634	-0.00712958
5.85659	-0.0142067
5.85683	-0.0113336
5.85708	-0.00149281
5.85732	0.00297874
5.85757	-0.000960338
5.85781	-0.00319819
5.85806	0.00231028
5.8583	0.00770975
5.85854	0.00449577
5.85879	-0.00262263
5.85903	-0.00334394
5.85928	0.00282528
5.85952	0.00752157
5.85977	0.00644481
5.86001	0.00296499
5.86026	0.000212388
5.8605	-0.00264121
5.86075	-0.00557096
5.86099	-0.00583653
5.86124	-0.00314753
5.86148	-0.00171999
5.86172	-0.00419187
5.86197	-0.00702673
5.86221	-0.00556003
5.86246	-0.00130099
5.8627	9.77213e-05
5.86295	-0.002498
5.86319	-0.003747
5.86344	1.35229e-05
5.86368	0.00492564
5.86393	0.0052206
5.86417	0.00139822
5.86442	-0.00169399
5.86466	-0.00256342
5.8649	-0.0032026
5.86515	-0.00292376
5.86539	0.00106834
5.86564	0.0067787
5.86588	0.00835609
5.86613	0.00527559
5.86637	0.00306165
5.86662	0.00290366
5.86686	-0.000575637
5.86711	-0.0075437
5.86735	-0.00906534
5.8676	-0.00172649
5.86784	0.0034493
5.86808	-0.00381948
5.86833	-0.0168162
5.86857	-0.021752
5.86882	-0.0174997
5.86906	-0.0129891
5.86931	-0.0100673
5.86955	-0.00347801
5.8698	0.00433363
5.87004	0.00397879
5.87029	-0.00387207
5.87053	-0.00675472
5.87077	0.000185639
5.87102	0.00609326
5.87126	0.00184149
5.87151	-0.00565543
5.87175	-0.00480405
5.872	0.00317814
5.87224	0.00715516
5.87249	0.00198885
5.87273	-0.00609232
5.87298	-0.00834954
5.87322	-0.00289082
5.87347	0.00411289
5.87371	0.00473311
5.87395	-0.00175494
5.8742	-0.00667475
5.87444	-0.00214213
5.87469	0.00801373
5.87493	0.0131517
5.87518	0.010239
5.87542	0.00556021
5.87567	0.00251147
5.87591	-0.0021926
5.87616	-0.00809123
5.8764	-0.00795042
5.87665	-0.000615549
5.87689	0.0033872
5.87713	-0.00274807
5.87738	-0.00963504
5.87762	-0.00499865
5.87787	0.00669331
5.87811	0.0101755
5.87836	0.00235731
5.8786	-0.00380025
5.87885	-0.000230155
5.87909	0.00391789
5.87934	-0.00220477
5.87958	-0.012578
5.87983	-0.0122757
5.88007	-0.000275128
5.88031	0.0081235
5.88056	0.00383567
5.8808	-0.00275609
5.88105	0.00120798
5.88129	0.0100151
5.88154	0.00810344
5.88178	-0.00437383
5.88203	-0.0103264
5.88227	-0.00205833
5.88252	0.00662782
5.88276	0.0019077
5.883	-0.00960458
5.88325	-0.0125345
5.88349	-0.00470497
5.88374	0.00475943
5.88398	0.011161
5.88423	0.0147085
5.88447	0.0116758
5.88472	-8.4204e-05
5.88496	-0.0106637
5.88521	-0.0082925
5.88545	0.0016728
5.8857	0.00280583
5.88594	-0.00756824
5.88618	-0.0145484
5.88643	-0.00843112
5.88667	0.0028656
5.88692	0.00765543
5.88716	0.00437052
5.88741	-0.00226991
5.88765	-0.0080677
5.8879	-0.00890505
5.88814	-0.00329406
5.88839	0.00250007
5.88863	0.00139668
5.88888	-0.00256563
5.88912	-0.000646346
5.88936	0.00374219
5.88961	-0.000239266
5.88985	-0.00950679
5.8901	-0.00889773
5.89034	0.0026611
5.89059	0.00796611
5.89083	0.000287886
5.89108	-0.00435819
5.89132	0.00532073
5.89157	0.0156924
5.89181	0.0104436
5.89206	-0.00348858
5.8923	-0.00944597
5.89254	-0.00712964
5.89279	-0.00696343
5.89303	-0.00886255
5.89328	-0.00533697
5.89352	0.00152051
5.89377	0.00376737
5.89401	0.00281361
5.89426	0.00474327
5.8945	0.00580102
5.89475	-0.00116095
5.89499	-0.0104302
5.89523	-0.0103779
5.89548	-0.00320966
5.89572	-0.000939751
5.89597	-0.00406904
5.89621	-0.00179828
5.89646	0.00694387
5.8967	0.0103917
5.89695	0.00400891
5.89719	-0.00278653
5.89744	-0.00382253
5.89768	-0.0048786
5.89793	-0.00977011
5.89817	-0.0114814
5.89841	-0.00450904
5.89866	0.00488312
5.8989	0.00823454
5.89915	0.00620249
5.89939	0.00369059
5.89964	0.00119185
5.89988	-0.00242475
5.90013	-0.00467007
5.90037	-0.00350922
5.90062	-0.00227123
5.90086	-0.00478789
5.90111	-0.00880736
5.90135	-0.00916881
5.90159	-0.00554186
5.90184	-0.00282432
5.90208	-0.00428807
5.90233	-0.00708737
5.90257	-0.00581188
5.90282	-0.000294437
5.90306	0.00219365
5.90331	-0.00410331
5.90355	-0.0133301
5.9038	-0.0133921
5.90404	-0.00290057
5.90429	0.00566219
5.90453	0.00408043
5.90477	1.53077e-05
5.90502	0.00241371
5.90526	0.00510294
5.90551	-0.00220236
5.90575	-0.0135214
5.906	-0.0131784
5.90624	-0.000305719
5.90649	0.00935437
5.90673	0.0071227
5.90698	0.00162019
5.90722	0.00188036
5.90746	0.00437005
5.90771	0.00273115
5.90795	-0.00159959
5.9082	-0.00546181
5.90844	-0.0104315
5.90869	-0.015927
5.90893	-0.0149952
5.90918	-0.00516048
5.90942	0.00398911
5.90967	0.00263845
5.90991	-0.00546917
5.91016	-0.00939182
5.9104	-0.00675281
5.91064	-0.0047353
5.91089	-0.00777531
5.91113	-0.0120593
5.91138	-0.0120272
5.91162	-0.00680847
5.91187	3.80711e-05
5.91211	0.00361772
5.91236	0.00104804
5.9126	-0.00548555
5.91285	-0.00994609
5.91309	-0.00892733
5.91334	-0.00532827
5.91358	-0.00343996
5.91382	-0.00275653
5.91407	-2.46479e-05
5.91431	0.00409071
5.91456	0.00464729
5.9148	-0.000437877
5.91505	-0.00590987
5.91529	-0.00447834
5.91554	0.00385463
5.91578	0.0105908
5.91603	0.00887938
5.91627	0.00257464
5.91652	0.000763437
5.91676	0.00416297
5.917	0.00388457
5.91725	-0.0041613
5.91749	-0.0116414
5.91774	-0.0103896
5.91798	-0.00537528
5.91823	-0.00619769
5.91847	-0.0108382
5.91872	-0.00910065
5.91896	8.36956e-07
5.91921	0.00634489
5.91945	0.00488317
5.91969	0.00211523
5.91994	0.00319006
5.92018	0.00320377
5.92043	-0.00312971
5.92067	-0.0115622
5.92092	-0.0145713
5.92116	-0.0115505
5.92141	-0.00691381
5.92165	-0.00286157
5.9219	0.000513308
5.92214	0.00197369
5.92239	0.0012402
5.92263	0.00127689
5.92287	0.0039394
5.92312	0.00597118
5.92336	0.0034808
5.92361	-0.00172194
5.92385	-0.00408424
5.9241	-0.00141377
5.92434	0.00276458
5.92459	0.00340043
5.92483	-0.000774711
5.92508	-0.00549304
5.92532	-0.00501171
5.92557	0.000647034
5.92581	0.00450418
5.92605	0.00164986
5.9263	-0.00367611
5.92654	-0.0050162
5.92679	-0.00380157
5.92703	-0.00461541
5.92728	-0.00411136
5.92752	0.00367134
5.92777	0.0123231
5.92801	0.00819378
5.92826	-0.00669649
5.9285	-0.0128294
5.92875	-0.00158034
5.92899	0.0102859
5.92923	0.00638511
5.92948	-0.00339248
5.92972	0.000121878
5.92997	0.0129092
5.93021	0.0138049
5.93046	-0.000684154
5.9307	-0.0100358
5.93095	-0.00163301
5.93119	0.0109086
5.93144	0.00989894
5.93168	-0.0017955
5.93192	-0.00982454
5.93217	-0.0104792
5.93241	-0.0107888
5.93266	-0.0136714
5.9329	-0.0156096
5.93315	-0.0154143
5.93339	-0.0145599
5.93364	-0.0112048
5.93388	-0.00365878
5.93413	0.00236664
5.93437	0.000111052
5.93462	-0.00604406
5.93486	-0.00579845
5.9351	-0.000264438
5.93535	-0.00147231
5.93559	-0.0117575
5.93584	-0.0170711
5.93608	-0.00801629
5.93633	0.00444627
5.93657	0.0052014
5.93682	-0.00236315
5.93706	-0.00347076
5.93731	0.00405867
5.93755	0.0083436
5.9378	0.00446799
5.93804	0.00130712
5.93828	0.00445558
5.93853	0.00644959
5.93877	0.00029995
5.93902	-0.00845638
5.93926	-0.0109711
5.93951	-0.007704
5.93975	-0.00411766
5.94	-0.00100173
5.94024	0.00297364
5.94049	0.00517681
5.94073	0.00351739
5.94098	0.00202681
5.94122	0.00430555
5.94146	0.00621005
5.94171	0.00278539
5.94195	-0.0022117
5.9422	-0.00220757
5.94244	0.000804214
5.94269	-0.000300405
5.94293	-0.00598472
5.94318	-0.0104696
5.94342	-0.011379
5.94367	-0.0103909
5.94391	-0.00684169
5.94416	0.000144887
5.9444	0.00526819
5.94464	0.00246424
5.94489	-0.0045156
5.94513	-0.00640758
5.94538	-0.00227481
5.94562	0.000630141
5.94587	-8.78068e-05
5.94611	0.000342795
5.94636	0.00302066
5.9466	0.00312017
5.94685	-0.000178564
5.94709	-0.0019628
5.94733	-0.00163974
5.94758	-0.00435017
5.94782	-0.009954
5.94807	-0.0110936
5.94831	-0.00553905
5.94856	-0.000372823
5.9488	-4.07168e-05
5.94905	-0.000106547
5.94929	0.00275182
5.94954	0.00433418
5.94978	0.00173705
5.95003	-0.00064403
5.95027	0.00026873
5.95051	0.00016774
5.95076	-0.00385162
5.951	-0.00628501
5.95125	-0.00176182
5.95149	0.00573602
5.95174	0.00828127
5.95198	0.00338027
5.95223	-0.00622499
5.95247	-0.0160264
5.95272	-0.0196723
5.95296	-0.012928
5.95321	-0.00141469
5.95345	0.00366786
5.95369	0.001015
5.95394	0.000900231
5.95418	0.00747606
5.95443	0.0110664
5.95467	0.00461459
5.95492	-0.00413776
5.95516	-0.00584829
5.95541	-0.00383671
5.95565	-0.00470916
5.9559	-0.00516026
5.95614	-0.000426704
5.95639	0.00306008
5.95663	-0.00279118
5.95687	-0.0122219
5.95712	-0.0134281
5.95736	-0.00693016
5.95761	-0.00283943
5.95785	-0.00375868
5.9581	-0.00357503
5.95834	-0.000540313
5.95859	0.000975638
5.95883	-8.17208e-06
5.95908	-0.000858434
5.95932	-0.00229584
5.95956	-0.00531261
5.95981	-0.00494317
5.96005	0.00174557
5.9603	0.0062035
5.96054	-2.0014e-05
5.96079	-0.00886965
5.96103	-0.0060829
5.96128	0.00550381
5.96152	0.00983864
5.96177	0.00327986
5.96201	-0.00182384
5.96226	1.72573e-05
5.9625	3.61653e-05
5.96274	-0.005624
5.96299	-0.00820863
5.96323	-0.00437835
5.96348	-0.00400544
5.96372	-0.0109789
5.96397	-0.0131028
5.96421	-0.00271701
5.96446	0.00771166
5.9647	0.00472032
5.96495	-0.00384029
5.96519	-0.00163657
5.96544	0.00988956
5.96568	0.0149234
5.96592	0.00802189
5.96617	-0.000710692
5.96641	-0.00379591
5.96666	-0.00518724
5.9669	-0.00927453
5.96715	-0.0128546
5.96739	-0.011678
5.96764	-0.00704265
5.96788	-0.00274865
5.96813	-0.000776285
5.96837	-0.00150863
5.96862	-0.00389168
5.96886	-0.00506422
5.9691	-0.00381128
5.96935	-0.00355937
5.96959	-0.00759269
5.96984	-0.0129274
5.97008	-0.0142623
5.97033	-0.0123892
5.97057	-0.0120996
5.97082	-0.0126036
5.97106	-0.00799462
5.97131	0.0014372
5.97155	0.00652101
5.97179	0.00190342
5.97204	-0.00528776
5.97228	-0.00546832
5.97253	-0.000364987
5.97277	0.000901104
5.97302	-0.00294362
5.97326	-0.00318733
5.97351	0.00427657
5.97375	0.0109828
5.974	0.00797528
5.97424	-0.000608734
5.97449	-0.0038051
5.97473	0.00016901
5.97497	0.00337075
5.97522	0.00216463
5.97546	0.00152111
5.97571	0.00397226
5.97595	0.00489169
5.9762	0.00269114
5.97644	0.00338143
5.97669	0.0089281
5.97693	0.0112416
5.97718	0.00592189
5.97742	0.00188757
5.97767	0.00641782
5.97791	0.0102439
5.97815	0.00192727
5.9784	-0.0105671
5.97864	-0.0103729
5.97889	0.000388833
5.97913	0.00298658
5.97938	-0.0075199
5.97962	-0.0146836
5.97987	-0.00825713
5.98011	8.26388e-05
5.98036	-0.00214517
5.9806	-0.00792554
5.98085	-0.00403823
5.98109	0.00741393
5.98133	0.0136601
5.98158	0.00957483
5.98182	0.000646589
5.98207	-0.00619267
5.98231	-0.0064467
5.98256	0.000680745
5.9828	0.00794289
5.98305	0.004634
5.98329	-0.00796264
5.98354	-0.014748
5.98378	-0.00742151
5.98402	0.00374169
5.98427	0.00718522
5.98451	0.00707434
5.98476	0.0113728
5.985	0.0146918
5.98525	0.008221
5.98549	-0.00211688
5.98574	-0.00376012
5.98598	0.00233379
5.98623	0.00533126
5.98647	0.00304231
5.98672	0.00103139
5.98696	-0.0017527
5.9872	-0.00935299
5.98745	-0.0146567
5.98769	-0.00726038
5.98794	0.00629405
5.98818	0.00906805
5.98843	0.000404454
5.98867	-0.00349222
5.98892	0.00282918
5.98916	0.00667139
5.98941	0.00208465
5.98965	0.00055458
5.9899	0.00782164
5.99014	0.0105683
5.99038	-0.000206109
5.99063	-0.0101278
5.99087	-0.00315935
5.99112	0.0105505
5.99136	0.00805285
5.99161	-0.0121033
5.99185	-0.0277358
5.9921	-0.0234168
5.99234	-0.00710081
5.99259	0.00486133
5.99283	0.00636084
5.99308	0.00192651
5.99332	-0.00179278
5.99356	-0.000634132
5.99381	0.00501182
5.99405	0.00958012
5.9943	0.00747445
5.99454	0.00022855
5.99479	-0.00478425
5.99503	-0.00350064
5.99528	0.000315332
5.99552	0.000875198
5.99577	-0.00195018
5.99601	-0.00294345
5.99625	0.000744517
5.9965	0.00405983
5.99674	-0.000746145
5.99699	-0.0124265
5.99723	-0.0186868
5.99748	-0.0106298
5.99772	0.00407384
5.99797	0.00980102
5.99821	0.00316553
5.99846	-0.00431978
5.9987	-0.00394379
5.99895	0.000172636
5.99919	0.00162356
5.99943	0.00171219
5.99968	0.00314235
5.99992	0.00296143
6.00017	-0.00068483
6.00041	-0.00232831
6.00066	0.00219093
6.0009	0.00726219
6.00115	0.00612742
6.00139	0.00216564
6.00164	0.00236958
6.00188	0.00476216
6.00213	0.00281951
6.00237	-0.00136353
6.00261	4.79722e-05
6.00286	0.00615136
6.0031	0.00748789
6.00335	0.00136676
6.00359	-0.00423541
6.00384	-0.00451429
6.00408	-0.00478585
6.00433	-0.00906454
6.00457	-0.01153
6.00482	-0.00663615
6.00506	-0.000370238
6.00531	-0.00251293
6.00555	-0.0115535
6.00579	-0.0162191
6.00604	-0.0110746
6.00628	-0.0025803
6.00653	0.00157201
6.00677	0.00189339
6.00702	0.0022601
6.00726	0.00149191
6.00751	-0.00400246
6.00775	-0.011748
6.008	-0.0142987
6.00824	-0.00934973
6.00848	-0.00285536
6.00873	-0.000257988
6.00897	-0.000314819
6.00922	-0.000657289
6.00946	-0.00324917
6.00971	-0.00879453
6.00995	-0.01132
6.0102	-0.00621199
6.01044	0.000257409
6.01069	-0.00106556
6.01093	-0.00696851
6.01118	-0.00571012
6.01142	0.00374819
6.01166	0.00856985
6.01191	0.0016155
6.01215	-0.00755936
6.0124	-0.00770349
6.01264	-0.00172488
6.01289	0.000904668
6.01313	-0.000700016
6.01338	-0.00130401
6.01362	-0.00121135
6.01387	-0.00465134
6.01411	-0.00962563
6.01436	-0.00955812
6.0146	-0.00409375
6.01484	0.000390055
6.01509	0.000922194
6.01533	0.000962371
6.01558	0.00284223
6.01582	0.003858
6.01607	0.00118994
6.01631	-0.00413666
6.01656	-0.00897577
6.0168	-0.0103203
6.01705	-0.00668678
6.01729	-0.000897002
6.01754	0.000403768
6.01778	-0.00542427
6.01802	-0.0115415
6.01827	-0.00925654
6.01851	0.000260273
6.01876	0.00736987
6.019	0.00620056
6.01925	0.000168021
6.01949	-0.00425288
6.01974	-0.00414262
6.01998	-0.000606051
6.02023	0.00292327
6.02047	0.00286488
6.02071	-0.00047818
6.02096	-0.00211633
6.0212	0.000970376
6.02145	0.00468122
6.02169	0.00385837
6.02194	0.000842116
6.02218	0.0018417
6.02243	0.00644059
6.02267	0.00761623
6.02292	0.00215407
6.02316	-0.00525371
6.02341	-0.00906258
6.02365	-0.00860021
6.02389	-0.00577432
6.02414	-0.00194187
6.02438	0.00131632
6.02463	0.00165205
6.02487	-0.00238691
6.02512	-0.0100271
6.02536	-0.0173664
6.02561	-0.0175324
6.02585	-0.00682592
6.0261	0.00654837
6.02634	0.00700834
6.02659	-0.00871183
6.02683	-0.0232188
6.02707	-0.0192178
6.02732	-0.00307426
6.02756	0.00425958
6.02781	-0.00365824
6.02805	-0.012697
6.0283	-0.0108825
6.02854	-0.00254544
6.02879	0.00349557
6.02903	0.00630853
6.02928	0.00726501
6.02952	0.00354224
6.02977	-0.00501011
6.03001	-0.0111885
6.03025	-0.0101327
6.0305	-0.00657465
6.03074	-0.00577318
6.03099	-0.00468218
6.03123	0.00022471
6.03148	0.00347937
6.03172	-0.00142487
6.03197	-0.00947691
6.03221	-0.00986755
6.03246	-0.00235659
6.0327	0.00167043
6.03295	-0.00482233
6.03319	-0.0151245
6.03343	-0.0178073
6.03368	-0.010255
6.03392	-0.000361142
6.03417	0.00314071
6.03441	-3.91602e-06
6.03466	-0.00222358
6.0349	0.00192793
6.03515	0.00820259
6.03539	0.007994
6.03564	0.000152209
6.03588	-0.00771698
6.03612	-0.0102123
6.03637	-0.0100395
6.03661	-0.0105966
6.03686	-0.00958658
6.0371	-0.00487547
6.03735	-0.000681252
6.03759	-0.00125966
6.03784	-0.00281291
6.03808	0.000652233
6.03833	0.00618689
6.03857	0.00523624
6.03882	-0.00234584
6.03906	-0.0064146
6.0393	-0.00130069
6.03955	0.00501334
6.03979	0.00186482
6.04004	-0.00864918
6.04028	-0.0141899
6.04053	-0.00907329
6.04077	-0.00159726
6.04102	-0.0018596
6.04126	-0.00797715
6.04151	-0.0104884
6.04175	-0.00764405
6.042	-0.00769073
6.04224	-0.0142528
6.04248	-0.0183225
6.04273	-0.0113424
6.04297	-0.000119565
6.04322	0.000671563
6.04346	-0.0113511
6.04371	-0.0230504
6.04395	-0.0233232
6.0442	-0.0154035
6.04444	-0.00904625
6.04469	-0.00763172
6.04493	-0.00737512
6.04518	-0.00476742
6.04542	-0.000472776
6.04566	0.00241389
6.04591	0.00197175
6.04615	5.27923e-05
6.0464	0.000255548
6.04664	0.0017507
6.04689	-0.00100113
6.04713	-0.00818817
6.04738	-0.0100041
6.04762	-0.000427732
6.04787	0.00957768
6.04811	0.00522275
6.04835	-0.0083509
6.0486	-0.0110056
6.04884	0.00240917
6.04909	0.0139483
6.04933	0.0101108
6.04958	0.000815246
6.04982	0.000957185
6.05007	0.00774882
6.05031	0.00952665
6.05056	0.00537209
6.0508	0.00139264
6.05105	-0.00330087
6.05129	-0.0116417
6.05153	-0.0170264
6.05178	-0.0126266
6.05202	-0.00656376
6.05227	-0.0111107
6.05251	-0.0207365
6.05276	-0.0188466
6.053	-0.00508894
6.05325	0.00260857
6.05349	-0.00466006
6.05374	-0.0150784
6.05398	-0.0165917
6.05423	-0.0129875
6.05447	-0.0122769
6.05471	-0.0128322
6.05496	-0.0100007
6.0552	-0.00584927
6.05545	-0.00383764
6.05569	-0.00260278
6.05594	-0.00202683
6.05618	-0.00624192
6.05643	-0.0133898
6.05667	-0.0123887
6.05692	0.000885142
6.05716	0.0132173
6.05741	0.010568
6.05765	-0.00219991
6.05789	-0.0094406
6.05814	-0.00670345
6.05838	-0.00234418
6.05863	-0.00127337
6.05887	-0.000375681
6.05912	0.000811349
6.05936	-0.00232215
6.05961	-0.00916648
6.05985	-0.0118216
6.0601	-0.00677154
6.06034	-0.000309185
6.06058	0.00122166
6.06083	-0.000582348
6.06107	-0.00148398
6.06132	-0.00145173
6.06156	-0.00208272
6.06181	-0.00242877
6.06205	-0.00164082
6.0623	-0.00166133
6.06254	-0.00340416
6.06279	-0.0039018
6.06303	-0.00105775
6.06328	0.00195097
6.06352	0.00101402
6.06376	-0.00268313
6.06401	-0.00477158
6.06425	-0.00418529
6.0645	-0.0034629
6.06474	-0.00364013
6.06499	-0.00285166
6.06523	-0.000237467
6.06548	0.00200843
6.06572	0.00152732
6.06597	-0.00119947
6.06621	-0.00375792
6.06646	-0.00466297
6.0667	-0.00442762
6.06694	-0.00397338
6.06719	-0.00272031
6.06743	0.000656143
6.06768	0.00511395
6.06792	0.00657748
6.06817	0.00251448
6.06841	-0.0038856
6.06866	-0.00715602
6.0689	-0.00663119
6.06915	-0.00614687
6.06939	-0.00662752
6.06964	-0.00433957
6.06988	0.00143698
6.07012	0.00465006
6.07037	0.000724603
6.07061	-0.00591456
6.07086	-0.00802297
6.0711	-0.00582235
6.07135	-0.00489232
6.07159	-0.00630841
6.07184	-0.0061823
6.07208	-0.00408879
6.07233	-0.00423149
6.07257	-0.00742993
6.07281	-0.009289
6.07306	-0.00825611
6.0733	-0.00830522
6.07355	-0.0106172
6.07379	-0.00982287
6.07404	-0.00343387
6.07428	0.00126132
6.07453	-0.00343027
6.07477	-0.0132225
6.07502	-0.0161968
6.07526	-0.00839342
6.07551	0.00127963
6.07575	0.00261868
6.07599	-0.00375444
6.07624	-0.0079194
6.07648	-0.00290223
6.07673	0.00632835
6.07697	0.00807867
6.07722	-0.000722023
6.07746	-0.00839002
6.07771	-0.00358688
6.07795	0.00671142
6.0782	0.00524398
6.07844	-0.00884588
6.07869	-0.0154644
6.07893	-0.0026595
6.07917	0.0135919
6.07942	0.0116309
6.07966	-0.00447267
6.07991	-0.0127791
6.08015	-0.00636237
6.0804	0.00118735
6.08064	0.00166835
6.08089	0.00289619
6.08113	0.00917508
6.08138	0.0106966
6.08162	0.00191459
6.08187	-0.00547574
6.08211	-0.000217603
6.08235	0.00991694
6.0826	0.0102743
6.08284	0.000949096
6.08309	-0.00667844
6.08333	-0.00772796
6.08358	-0.00520154
6.08382	0.000152594
6.08407	0.00763383
6.08431	0.00901995
6.08456	-0.00196622
6.0848	-0.0151666
6.08504	-0.0140734
6.08529	3.30166e-05
6.08553	0.00921759
6.08578	0.00544081
6.08602	-0.000110438
6.08627	0.00147236
6.08651	0.00243792
6.08676	-0.00556862
6.087	-0.0151934
6.08725	-0.0154823
6.08749	-0.00984279
6.08774	-0.00812075
6.08798	-0.00836318
6.08822	-0.00191176
6.08847	0.00744081
6.08871	0.00610693
6.08896	-0.00677179
6.0892	-0.0151252
6.08945	-0.00894534
6.08969	0.00210911
6.08994	0.00540099
6.09018	0.00361179
6.09043	0.00572507
6.09067	0.00896527
6.09092	0.00379131
6.09116	-0.00712106
6.0914	-0.00966595
6.09165	0.000552335
6.09189	0.0105453
6.09214	0.00797476
6.09238	-0.0033301
6.09263	-0.0120163
6.09287	-0.0145367
6.09312	-0.0136842
6.09336	-0.00893518
6.09361	0.00111658
6.09385	0.0102915
6.0941	0.0100274
6.09434	0.00276694
6.09458	-0.000188295
6.09483	0.00429813
6.09507	0.00646275
6.09532	-0.000279739
6.09556	-0.00828633
6.09581	-0.00743047
6.09605	-0.000183578
6.0963	0.00374021
6.09654	0.00259614
6.09679	0.00262937
6.09703	0.00537733
6.09727	0.00521552
6.09752	0.000306153
6.09776	-0.00313238
6.09801	-0.000579416
6.09825	0.00380046
6.0985	0.00372142
6.09874	-0.00096356
6.09899	-0.00612644
6.09923	-0.00869497
6.09948	-0.00672197
6.09972	0.000726338
6.09997	0.00934341
6.10021	0.0103967
6.10045	0.00163351
6.1007	-0.00699531
6.10094	-0.00551593
6.10119	0.00189555
6.10143	0.00352917
6.10168	-0.00189218
6.10192	-0.00493665
6.10217	-0.00290246
6.10241	-0.00445658
6.10266	-0.012778
6.1029	-0.0174075
6.10315	-0.011636
6.10339	-0.00628438
6.10363	-0.0131643
6.10388	-0.0237094
6.10412	-0.0207792
6.10437	-0.0072881
6.10461	-0.00376095
6.10486	-0.0160087
6.1051	-0.0248393
6.10535	-0.0152671
6.10559	0.00147247
6.10584	0.00691761
6.10608	0.00194395
6.10633	-0.000986525
6.10657	-0.00116873
6.10681	-0.00673469
6.10706	-0.0142561
6.1073	-0.0111045
6.10755	0.00192059
6.10779	0.00870576
6.10804	0.00245977
6.10828	-0.00412411
6.10853	-9.51241e-05
6.10877	0.00676669
6.10902	0.00384984
6.10926	-0.00666457
6.10951	-0.0133871
6.10975	-0.0131203
6.10999	-0.0111895
6.11024	-0.00957046
6.11048	-0.00600345
6.11073	-0.00223322
6.11097	-0.00256955
6.11122	-0.0051255
6.11146	-0.00398791
6.11171	-0.000228516
6.11195	-0.00148455
6.1122	-0.0089958
6.11244	-0.0139389
6.11268	-0.0104133
6.11293	-0.00454429
6.11317	-0.00498035
6.11342	-0.00964187
6.11366	-0.00907422
6.11391	-0.00097302
6.11415	0.0056774
6.1144	0.00247504
6.11464	-0.00721111
6.11489	-0.0124858
6.11513	-0.00842086
6.11538	-0.00135402
6.11562	7.46518e-05
6.11586	-0.00415406
6.11611	-0.00680265
6.11635	-0.00431581
6.1166	-0.00155026
6.11684	-0.00366982
6.11709	-0.00748172
6.11733	-0.0056228
6.11758	0.00198267
6.11782	0.00630833
6.11807	0.000625493
6.11831	-0.0102481
6.11856	-0.0154118
6.1188	-0.0106357
6.11904	-0.00209046
6.11929	0.00207305
6.11953	0.000155161
6.11978	-0.00394322
6.12002	-0.00657731
6.12027	-0.00699885
6.12051	-0.00638096
6.12076	-0.00699705
6.121	-0.0107736
6.12125	-0.0157415
6.12149	-0.0156703
6.12174	-0.00733848
6.12198	0.00307214
6.12222	0.00620029
6.12247	0.00185829
6.12271	-0.00144127
6.12296	-0.000313817
6.1232	-0.00152717
6.12345	-0.0090268
6.12369	-0.0146272
6.12394	-0.00979406
6.12418	-0.000199694
6.12443	0.00204598
6.12467	-0.00310471
6.12491	-0.00485642
6.12516	-0.000188945
6.1254	0.00172963
6.12565	-0.0036543
6.12589	-0.00759605
6.12614	-0.00239333
6.12638	0.00574112
6.12663	0.00639755
6.12687	-1.04223e-05
6.12712	-0.00586533
6.12736	-0.00916388
6.12761	-0.0128214
6.12785	-0.0148436
6.12809	-0.00992802
6.12834	-0.00055844
6.12858	0.00312134
6.12883	-0.00320638
6.12907	-0.0118073
6.12932	-0.0130527
6.12956	-0.0064515
6.12981	0.00133722
6.13005	0.00514718
6.1303	0.00476165
6.13054	0.00270047
6.13079	0.00174156
6.13103	0.00342415
6.13127	0.00719938
6.13152	0.0114756
6.13176	0.0152
6.13201	0.0167867
6.13225	0.012775
6.1325	0.00153448
6.13274	-0.0115399
6.13299	-0.0173046
6.13323	-0.0134837
6.13348	-0.00793067
6.13372	-0.0082856
6.13397	-0.0121312
6.13421	-0.0117887
6.13445	-0.00602189
6.1347	-0.00108139
6.13494	-0.000839584
6.13519	-0.00201738
6.13543	-0.000712503
6.13568	0.00156855
6.13592	0.0013025
6.13617	-0.00152541
6.13641	-0.00462381
6.13666	-0.00705822
6.1369	-0.00827598
6.13714	-0.00634003
6.13739	-0.00116683
6.13763	0.00280273
6.13788	0.00161273
6.13812	-0.00252776
6.13837	-0.00515268
6.13861	-0.00656248
6.13886	-0.0088994
6.1391	-0.00884826
6.13935	-0.00200388
6.13959	0.00615634
6.13984	0.00427768
6.14008	-0.007323
6.14032	-0.013913
6.14057	-0.00665334
6.14081	0.00439695
6.14106	0.00554928
6.1413	-0.00110805
6.14155	-0.00401802
6.14179	-0.000989888
6.14204	0.000638782
6.14228	-0.00125859
6.14253	-0.00163031
6.14277	8.0172e-05
6.14302	-0.00138618
6.14326	-0.00586046
6.1435	-0.00655631
6.14375	-0.00227109
6.14399	-0.000162184
6.14424	-0.003269
6.14448	-0.00529213
6.14473	-0.00197522
6.14497	0.00158448
6.14522	5.44098e-05
6.14546	-0.0037875
6.14571	-0.00508907
6.14595	-0.00394495
6.1462	-0.0012791
6.14644	0.00484183
6.14668	0.0128607
6.14693	0.0148426
6.14717	0.00686591
6.14742	-0.00364187
6.14766	-0.00788458
6.14791	-0.00742032
6.14815	-0.0086034
6.1484	-0.0107578
6.14864	-0.00854134
6.14889	-0.00227403
6.14913	0.00288644
6.14937	0.00552409
6.14962	0.00726705
6.14986	0.00586672
6.15011	-0.00167433
6.15035	-0.0099468
6.1506	-0.00906036
6.15084	0.000687609
6.15109	0.00722471
6.15133	0.0031585
6.15158	-0.0042193
6.15182	-0.004554
6.15207	0.00049227
6.15231	0.00117435
6.15255	-0.00463669
6.1528	-0.00797464
6.15304	-0.00214014
6.15329	0.00700928
6.15353	0.00850652
6.15378	0.000975708
6.15402	-0.00571342
6.15427	-0.00377182
6.15451	0.00288213
6.15476	0.00538021
6.155	0.00199636
6.15525	-0.00189529
6.15549	-0.0035489
6.15573	-0.00568168
6.15598	-0.00949266
6.15622	-0.0117173
6.15647	-0.0107666
6.15671	-0.0100087
6.15696	-0.0120847
6.1572	-0.0148672
6.15745	-0.0156778
6.15769	-0.0143778
6.15794	-0.00990454
6.15818	-0.000279117
6.15843	0.0102901
6.15867	0.0119001
6.15891	0.00274763
6.15916	-0.00471856
6.1594	9.41808e-05
6.15965	0.00958166
6.15989	0.00826918
6.16014	-0.0044015
6.16038	-0.0140007
6.16063	-0.0130253
6.16087	-0.00988456
6.16112	-0.0129704
6.16136	-0.0177263
6.1616	-0.0161371
6.16185	-0.0100715
6.16209	-0.00695367
6.16234	-0.0080137
6.16258	-0.00901681
6.16283	-0.00888421
6.16307	-0.00951258
6.16332	-0.00917695
6.16356	-0.00431874
6.16381	0.00220176
6.16405	0.00246539
6.1643	-0.00487602
6.16454	-0.0110561
6.16478	-0.00898623
6.16503	-0.0030756
6.16527	-0.00191646
6.16552	-0.00500268
6.16576	-0.00409685
6.16601	0.00266555
6.16625	0.00594008
6.1665	-0.00179516
6.16674	-0.0136785
6.16699	-0.0151957
6.16723	-0.00229125
6.16748	0.0128117
6.16772	0.0152442
6.16796	0.00345455
6.16821	-0.0104898
6.16845	-0.0145947
6.1687	-0.00858188
6.16894	-0.00184051
6.16919	-0.00132582
6.16943	-0.00367522
6.16968	-0.00118143
6.16992	0.00619561
6.17017	0.0100351
6.17041	0.00606791
6.17066	0.00116472
6.1709	0.00239629
6.17114	0.00469477
6.17139	-0.00149376
6.17163	-0.0128147
6.17188	-0.0145153
6.17212	-0.00142056
6.17237	0.0130061
6.17261	0.0138894
6.17286	0.0033203
6.1731	-0.00508346
6.17335	-0.00378068
6.17359	0.0038933
6.17383	0.0119152
6.17408	0.0162745
6.17432	0.0136187
6.17457	0.00325921
6.17481	-0.00891894
6.17506	-0.0142966
6.1753	-0.0105706
6.17555	-0.00359888
6.17579	-9.6152e-05
6.17604	-0.00128449
6.17628	-0.00353937
6.17653	-0.00312093
6.17677	-0.000632997
6.17701	-0.00134626
6.17726	-0.0085805
6.1775	-0.0165352
6.17775	-0.015144
6.17799	-0.00435977
6.17824	0.00327775
6.17848	-0.000587207
6.17873	-0.0078946
6.17897	-0.00654813
6.17922	0.00110117
6.17946	0.00292755
6.17971	-0.00343753
6.17995	-0.00811439
6.18019	-0.00583649
6.18044	-0.00308902
6.18068	-0.00555694
6.18093	-0.00912896
6.18117	-0.00809795
6.18142	-0.00388967
6.18166	-0.000659129
6.18191	0.000910164
6.18215	0.00109403
6.1824	-0.00101912
6.18264	-0.00321563
6.18289	-0.000570429
6.18313	0.00576692
6.18337	0.00756307
6.18362	0.00186247
6.18386	-0.00356377
6.18411	-0.00271375
6.18435	-0.00068715
6.1846	-0.00313212
6.18484	-0.00517248
6.18509	-0.000715468
6.18533	0.00497174
6.18558	0.00378511
6.18582	-0.000454545
6.18606	0.000833844
6.18631	0.00417054
6.18655	-1.07295e-05
6.1868	-0.00752204
6.18704	-0.00465369
6.18729	0.00682458
6.18753	0.0081366
6.18778	-0.00717501
6.18802	-0.0207744
6.18827	-0.0165856
6.18851	-0.00418159
6.18876	-0.001541
6.189	-0.00771127
6.18924	-0.00928986
6.18949	-0.00479005
6.18973	-0.00414316
6.18998	-0.0085433
6.19022	-0.0087706
6.19047	-0.00284457
6.19071	0.000890487
6.19096	-0.000384647
6.1912	4.6399e-05
6.19145	0.00372582
6.19169	0.00238536
6.19194	-0.00701144
6.19218	-0.0148563
6.19242	-0.0128813
6.19267	-0.00571243
6.19291	-0.00221921
6.19316	-0.00377474
6.1934	-0.00703184
6.19365	-0.010773
6.19389	-0.0141925
6.19414	-0.014845
6.19438	-0.0130638
6.19463	-0.0122166
6.19487	-0.0115434
6.19512	-0.00684913
6.19536	-0.00123423
6.1956	-0.00438741
6.19585	-0.0159429
6.19609	-0.0215677
6.19634	-0.0139606
6.19658	-0.00588759
6.19683	-0.010656
6.19707	-0.0201657
6.19732	-0.0175778
6.19756	-0.00460724
6.19781	0.00122232
6.19805	-0.00597436
6.1983	-0.0129806
6.19854	-0.00943184
6.19878	-0.00202294
6.19903	-0.00138126
6.19927	-0.00649803
6.19952	-0.00951856
6.19976	-0.00817358
6.20001	-0.00618182
6.20025	-0.00562412
6.2005	-0.00497035
6.20074	-0.00307829
6.20099	-0.00129749
6.20123	-0.00148059
6.20147	-0.0031083
6.20172	-0.00312717
6.20196	-9.95774e-05
6.20221	0.00200019
6.20245	-0.00188729
6.2027	-0.00910432
6.20294	-0.0108537
6.20319	-0.0050037
6.20343	0.000254322
6.20368	2.76241e-05
6.20392	0.000898573
6.20417	0.0075931
6.20441	0.010862
6.20465	0.00106989
6.2049	-0.0129006
6.20514	-0.0137788
6.20539	-0.00230827
6.20563	0.002843
6.20588	-0.00660911
6.20612	-0.0159236
6.20637	-0.00951628
6.20661	0.00618338
6.20686	0.011617
6.2071	-0.000175941
6.20735	-0.0155028
6.20759	-0.0170363
6.20783	-0.00391518
6.20808	0.00764058
6.20832	0.00406012
6.20857	-0.00842742
6.20881	-0.0126543
6.20906	-0.00549777
6.2093	-0.00214438
6.20955	-0.0107655
6.20979	-0.0174727
6.21004	-0.00844232
6.21028	0.00602872
6.21053	0.00718468
6.21077	-0.00199196
6.21101	-0.00337721
6.21126	0.00489236
6.2115	0.00703386
6.21175	-0.00108359
6.21199	-0.00535165
6.21224	3.54769e-05
6.21248	0.00253464
6.21273	-0.00474522
6.21297	-0.0103822
6.21322	-0.00610635
6.21346	-0.00149545
6.2137	-0.00500724
6.21395	-0.00778849
6.21419	-0.000512494
6.21444	0.00835713
6.21468	0.00624501
6.21493	-0.00327692
6.21517	-0.00837874
6.21542	-0.00748963
6.21566	-0.0064382
6.21591	-0.00557258
6.21615	-0.0024231
6.2164	0.000117279
6.21664	-0.000566651
6.21688	-0.00022468
6.21713	0.00362003
6.21737	0.00511854
6.21762	0.00152477
6.21786	0.000810497
6.21811	0.00749314
6.21835	0.0124253
6.2186	0.00884249
6.21884	0.00614526
6.21909	0.0128284
6.21933	0.0179693
6.21958	0.00801814
6.21982	-0.00812523
6.22006	-0.0114814
6.22031	-0.00318481
6.22055	-0.000346251
6.2208	-0.00611078
6.22104	-0.00695897
6.22129	0.000649359
6.22153	0.00416329
6.22178	-0.000861341
6.22202	-0.00213236
6.22227	0.00635315
6.22251	0.0116509
6.22276	0.00278068
6.223	-0.010679
6.22324	-0.0128489
6.22349	-0.00371769
6.22373	0.0044465
6.22398	0.00534308
6.22422	0.00250725
6.22447	-0.000432706
6.22471	-0.00356035
6.22496	-0.00608799
6.2252	-0.00517044
6.22545	-0.00014071
6.22569	0.00563974
6.22593	0.00792313
6.22618	0.00558029
6.22642	0.00147654
6.22667	-0.000967923
6.22691	-0.0021734
6.22716	-0.00516438
6.2274	-0.00935318
6.22765	-0.00984657
6.22789	-0.00533962
6.22814	-0.00160548
6.22838	-0.00313602
6.22863	-0.0064011
6.22887	-0.0062272
6.22911	-0.00359846
6.22936	-0.0018688
6.2296	-0.00107456
6.22985	-0.00157009
6.23009	-0.00603887
6.23034	-0.0111941
6.23058	-0.00679729
6.23083	0.0073907
6.23107	0.0139435
6.23132	0.000915668
6.23156	-0.0164006
6.23181	-0.0147107
6.23205	0.00239025
6.23229	0.00961582
6.23254	-0.00161021
6.23278	-0.0122952
6.23303	-0.00714448
6.23327	0.00456597
6.23352	0.00804074
6.23376	0.00497415
6.23401	0.00474867
6.23425	0.00702956
6.2345	0.00559385
6.23474	0.000612647
6.23499	-0.00345839
6.23523	-0.00561191
6.23547	-0.00591271
6.23572	-0.00193619
6.23596	0.00554051
6.23621	0.00991971
6.23645	0.00782734
6.2367	0.00395795
6.23694	0.0019979
6.23719	-0.000924706
6.23743	-0.005361
6.23768	-0.00494707
6.23792	0.00203967
6.23816	0.00618263
6.23841	0.000813639
6.23865	-0.00636399
6.2389	-0.00539258
6.23914	8.36612e-05
6.23939	-0.000115937
6.23963	-0.00645378
6.23988	-0.0117249
6.24012	-0.0138107
6.24037	-0.0147788
6.24061	-0.0119364
6.24086	-0.0019789
6.2411	0.00892409
6.24134	0.0110093
6.24159	0.00508262
6.24183	3.60536e-05
6.24208	-0.00142649
6.24232	-0.00315072
6.24257	-0.00415607
6.24281	-0.000157135
6.24306	0.00441773
6.2433	0.000274163
6.24355	-0.00955311
6.24379	-0.0111335
6.24404	-0.00169389
6.24428	0.00460431
6.24452	-0.00116817
6.24477	-0.00940892
6.24501	-0.00936983
6.24526	-0.00583459
6.2455	-0.0066773
6.24575	-0.00617295
6.24599	0.00397869
6.24624	0.0157569
6.24648	0.0142681
6.24673	0.00166577
6.24697	-0.0054989
6.24722	-0.00153698
6.24746	0.00265079
6.2477	0.000474006
6.24795	-0.000546347
6.24819	0.00519145
6.24844	0.0107773
6.24868	0.00983532
6.24893	0.00721196
6.24917	0.00780945
6.24942	0.00631926
6.24966	-0.00155967
6.24991	-0.00782682
6.25015	-0.00403906
6.25039	0.00347849
6.25064	0.00290005
6.25088	-0.00471464
6.25113	-0.00916463
6.25137	-0.00829727
6.25162	-0.00793223
6.25186	-0.00820773
6.25211	-0.00437651
6.25235	0.000520114
6.2526	-0.00145501
6.25284	-0.00761006
6.25309	-0.0069158
6.25333	0.000734491
6.25357	0.00296837
6.25382	-0.00383211
6.25406	-0.00753639
6.25431	-0.000904777
6.25455	0.005679
6.2548	0.00141569
6.25504	-0.00761186
6.25529	-0.00921511
6.25553	-0.00327842
6.25578	0.00177152
6.25602	0.00277039
6.25627	0.00175023
6.25651	-0.0010712
6.25675	-0.00462402
6.257	-0.00380195
6.25724	0.00204483
6.25749	0.00447636
6.25773	-0.000985163
6.25798	-0.00515189
6.25822	0.000686642
6.25847	0.00894463
6.25871	0.0070404
6.25896	-0.00224486
6.2592	-0.00607653
6.25945	-0.0021285
6.25969	0.00145017
6.25993	0.00293128
6.26018	0.00734503
6.26042	0.0114496
6.26067	0.00574745
6.26091	-0.00692836
6.26116	-0.011611
6.2614	-0.00389698
6.26165	0.00313011
6.26189	0.000139001
6.26214	-0.00521885
6.26238	-0.00383756
6.26262	-9.57658e-05
6.26287	-0.00142382
6.26311	-0.00430121
6.26336	-0.00186707
6.2636	0.00304468
6.26385	0.00365731
6.26409	0.00148679
6.26434	0.00182226
6.26458	0.00193772
6.26483	-0.00488388
6.26507	-0.0159649
6.26532	-0.0202845
6.26556	-0.0128976
6.2658	-0.000485654
6.26605	0.00761609
6.26629	0.00769496
6.26654	0.00152154
6.26678	-0.0059291
6.26703	-0.00870837
6.26727	-0.00522941
6.26752	-0.00120132
6.26776	-0.00260469
6.26801	-0.00681675
6.26825	-0.00621276
6.2685	0.000173375
6.26874	0.00493427
6.26898	0.00273682
6.26923	-0.00357956
6.26947	-0.00867132
6.26972	-0.0107314
6.26996	-0.00979906
6.27021	-0.00563827
6.27045	-0.00046317
6.2707	0.000970578
6.27094	-0.00226499
6.27119	-0.00488746
6.27143	-0.00326416
6.27168	-0.00144449
6.27192	-0.0042746
6.27216	-0.00844616
6.27241	-0.00737513
6.27265	-0.00245948
6.2729	-0.000974766
6.27314	-0.00314263
6.27339	-0.00102351
6.27363	0.00696633
6.27388	0.0102643
6.27412	0.0014768
6.27437	-0.0103556
6.27461	-0.0111528
6.27486	-0.00181719
6.2751	0.00369716
6.27534	-0.00102596
6.27559	-0.00695509
6.27583	-0.00446547
6.27608	0.00311471
6.27632	0.00576669
6.27657	0.000562112
6.27681	-0.00650333
6.27706	-0.00950419
6.2773	-0.00862694
6.27755	-0.0076089
6.27779	-0.00774772
6.27803	-0.00577324
6.27828	0.000932847
6.27852	0.0073164
6.27877	0.00397674
6.27901	-0.00865732
6.27926	-0.0154467
6.2795	-0.0042989
6.27975	0.0150156
6.27999	0.0210631
6.28024	0.0088493
6.28048	-0.00491235
6.28073	-0.0065934
6.28097	-0.00195087
6.28121	-0.00171926
6.28146	-0.00413464
6.2817	-0.00211368
6.28195	0.00214651
6.28219	0.00215501
6.28244	0.000330224
6.28268	0.00346668
6.28293	0.0084822
6.28317	0.0054569
6.28342	-0.00531214
6.28366	-0.0108123
6.28391	-0.0027021
6.28415	0.0112666
6.28439	0.0171832
6.28464	0.0109992
6.28488	0.00103253
6.28513	-0.00247202
6.28537	0.00244894
6.28562	0.00860928
6.28586	0.00777269
6.28611	-0.000609398
6.28635	-0.00945939
6.2866	-0.0122687
6.28684	-0.00884804
6.28709	-0.00334301
6.28733	-0.000304905
6.28757	-0.00264661
6.28782	-0.00870984
6.28806	-0.0111444
6.28831	-0.0045638
6.28855	0.00526246
6.2888	0.00710284
6.28904	5.86077e-05
6.28929	-0.00524619
6.28953	-0.00339317
6.28978	-0.00129647
6.29002	-0.00398063
6.29026	-0.00479592
6.29051	0.00221697
6.29075	0.0103878
6.291	0.0105464
6.29124	0.00471249
6.29149	-0.000276059
6.29173	-0.00476899
6.29198	-0.0110737
6.29222	-0.0138298
6.29247	-0.00798865
6.29271	-0.000393385
6.29296	-0.000564788
6.2932	-0.00487592
6.29344	-0.00306198
6.29369	0.00363016
6.29393	0.00490915
6.29418	-0.000327569
6.29442	-0.00257816
6.29467	0.00157061
6.29491	0.00456179
6.29516	0.00109845
6.2954	-0.00487057
6.29565	-0.00788735
6.29589	-0.0064791
6.29614	-0.000775514
6.29638	0.00663445
6.29662	0.00876456
6.29687	0.00237461
6.29711	-0.00429379
6.29736	-0.00210163
6.2976	0.00381453
6.29785	0.00156927
6.29809	-0.00756929
6.29834	-0.0108909
6.29858	-0.00490335
6.29883	0.000504246
6.29907	-0.000486866
6.29932	-0.00236153
6.29956	-0.000826116
6.2998	0.000616473
6.30005	-0.000518804
6.30029	-0.00215655
6.30054	-0.00463094
6.30078	-0.00942685
6.30103	-0.0109769
6.30127	-0.00339222
6.30152	0.00501657
6.30176	0.000362636
6.30201	-0.0128864
6.30225	-0.0153187
6.30249	-0.00308327
6.30274	0.00548564
6.30298	2.95808e-05
6.30323	-0.00642254
6.30347	-0.00245959
6.30372	0.00217888
6.30396	-0.0034402
6.30421	-0.0102756
6.30445	-0.00564416
6.3047	0.00405175
6.30494	0.00543822
6.30519	0.00122521
6.30543	0.00230264
6.30567	0.00627097
6.30592	0.00305342
6.30616	-0.00502387
6.30641	-0.00758868
6.30665	-0.00571191
6.3069	-0.00881132
6.30714	-0.0154045
6.30739	-0.0147624
6.30763	-0.00627382
6.30788	-0.000473694
6.30812	-0.00111461
6.30837	-0.00184508
6.30861	-0.000855171
6.30885	-0.00332958
6.3091	-0.00820641
6.30934	-0.00769185
6.30959	-0.00235713
6.30983	-0.00231457
6.31008	-0.00979095
6.31032	-0.0140688
6.31057	-0.00838597
6.31081	0.000374475
6.31106	0.00395892
6.3113	0.00361096
6.31155	0.00334052
6.31179	0.00240186
6.31203	-2.35034e-05
6.31228	-0.00147012
6.31252	-0.00220155
6.31277	-0.00594521
6.31301	-0.0107817
6.31326	-0.00917
6.3135	-0.00167057
6.31375	0.000301489
6.31399	-0.00788187
6.31424	-0.0145019
6.31448	-0.00874127
6.31472	0.00187887
6.31497	0.0027309
6.31521	-0.00590015
6.31546	-0.0106794
6.3157	-0.00610189
6.31595	-0.00127436
6.31619	-0.00499376
6.31644	-0.0135772
6.31668	-0.0166851
6.31693	-0.00995769
6.31717	0.000458546
6.31742	0.00370906
6.31766	-0.00490674
6.3179	-0.016976
6.31815	-0.0179324
6.31839	-0.0043041
6.31864	0.0100812
6.31888	0.0102523
6.31913	-0.00159288
6.31937	-0.0107851
6.31962	-0.00986279
6.31986	-0.00485306
6.32011	-0.0030056
6.32035	-0.0036661
6.3206	-0.00324046
6.32084	-0.00139333
6.32108	0.000979504
6.32133	0.00408261
6.32157	0.00654737
6.32182	0.00547845
6.32206	0.00184086
6.32231	0.000814496
6.32255	0.00378449
6.3228	0.00489907
6.32304	-0.000649803
6.32329	-0.00906129
6.32353	-0.0128323
6.32378	-0.0101652
6.32402	-0.00542292
6.32426	-0.00236605
6.32451	-0.000765078
6.32475	0.00130642
6.325	0.00444549
6.32524	0.00670955
6.32549	0.00485139
6.32573	-0.0015176
6.32598	-0.0074165
6.32622	-0.00768339
6.32647	-0.00429496
6.32671	-0.00320749
6.32695	-0.00383851
6.3272	0.000710247
6.32744	0.0107185
6.32769	0.0159756
6.32793	0.010133
6.32818	0.000704702
6.32842	-0.00261627
6.32867	-0.00211237
6.32891	-0.0050159
6.32916	-0.00867564
6.3294	-0.00484417
6.32965	0.00435857
6.32989	0.00748604
6.33013	0.000993292
6.33038	-0.00595761
6.33062	-0.00576109
6.33087	-0.00138107
6.33111	0.00168164
6.33136	0.00338311
6.3316	0.00522346
6.33185	0.00574691
6.33209	0.00407045
6.33234	0.00244545
6.33258	0.00232525
6.33283	0.0024087
6.33307	0.00193728
6.33331	0.00111765
6.33356	-0.00173697
6.3338	-0.00749218
6.33405	-0.0111536
6.33429	-0.00698244
6.33454	0.00143438
6.33478	0.00444504
6.33503	-3.68871e-05
6.33527	-0.00476203
6.33552	-0.00519777
6.33576	-0.00367513
6.33601	-0.00113042
6.33625	0.00414649
6.33649	0.00822733
6.33674	0.00419527
6.33698	-0.00454584
6.33723	-0.00666474
6.33747	-0.00162859
6.33772	-0.00131143
6.33796	-0.00823748
6.33821	-0.00909168
6.33845	0.00173021
6.3387	0.00936598
6.33894	0.00180202
6.33918	-0.00973312
6.33943	-0.00935323
6.33967	-0.00214505
6.33992	-0.00306491
6.34016	-0.0105991
6.34041	-0.0115557
6.34065	-0.00563813
6.3409	-0.00487255
6.34114	-0.0110985
6.34139	-0.0130903
6.34163	-0.00653865
6.34188	-0.000117028
6.34212	0.000412708
6.34236	-0.000240706
6.34261	0.00219052
6.34285	0.00530523
6.3431	0.00711693
6.34334	0.00909655
6.34359	0.0107529
6.34383	0.0101189
6.34408	0.00924527
6.34432	0.0104088
6.34457	0.00913222
6.34481	0.00107276
6.34506	-0.007335
6.3453	-0.00681164
6.34554	-0.000541584
6.34579	0.00153889
6.34603	0.000467353
6.34628	0.00489486
6.34652	0.011935
6.34677	0.00873355
6.34701	-0.00565219
6.34726	-0.016747
6.3475	-0.0159148
6.34775	-0.00937115
6.34799	-0.00320926
6.34824	0.00374108
6.34848	0.00808686
6.34872	0.00109254
6.34897	-0.0131085
6.34921	-0.0160529
6.34946	-0.0015664
6.3497	0.0121177
6.34995	0.00850198
6.35019	-0.00358048
6.35044	-0.00642715
6.35068	-0.000838532
6.35093	-0.000318225
6.35117	-0.00636807
6.35142	-0.00748226
6.35166	-9.11269e-05
6.3519	0.00526961
6.35215	0.000408301
6.35239	-0.00922637
6.35264	-0.0130975
6.35288	-0.00847459
6.35313	-0.00157108
6.35337	0.000841279
6.35362	-0.00122669
6.35386	-0.00199483
6.35411	0.0015646
6.35435	0.00468043
6.35459	0.00200519
6.35484	-0.00302012
6.35508	-0.00306775
6.35533	0.000833719
6.35557	0.00138112
6.35582	-0.00142937
6.35606	-0.000233269
6.35631	0.00510389
6.35655	0.00561727
6.3568	-0.000634677
6.35704	-0.00391858
6.35729	0.000264462
6.35753	0.00308564
6.35777	-0.0011866
6.35802	-0.00401047
6.35826	0.00203857
6.35851	0.00870687
6.35875	0.00516549
6.359	-0.0039506
6.35924	-0.00650439
6.35949	-0.00136781
6.35973	0.0035127
6.35998	0.0052136
6.36022	0.00583647
6.36047	0.00411994
6.36071	-0.000929105
6.36095	-0.00322273
6.3612	0.00166349
6.36144	0.00610539
6.36169	0.00127315
6.36193	-0.00662502
6.36218	-0.00470546
6.36242	0.00572641
6.36267	0.0113429
6.36291	0.00785728
6.36316	0.00396949
6.3634	0.00440878
6.36365	0.00380935
6.36389	-0.000438902
6.36413	-0.00283245
6.36438	-0.00072851
6.36462	0.00107043
6.36487	8.41797e-05
6.36511	-0.000209832
6.36536	0.000638464
6.3656	-0.00149904
6.36585	-0.00500656
6.36609	-0.00263737
6.36634	0.00401256
6.36658	0.00296053
6.36682	-0.00895167
6.36707	-0.0178856
6.36731	-0.0128162
6.36756	-0.00211786
6.3678	0.000513633
6.36805	-0.00326917
6.36829	-0.00301243
6.36854	0.00108054
6.36878	0.000667251
6.36903	-0.0029264
6.36927	-4.50748e-05
6.36952	0.00811186
6.36976	0.00817011
6.37	-0.00318485
6.37025	-0.0107863
6.37049	-0.00319471
6.37074	0.00920992
6.37098	0.00987779
6.37123	0.000611778
6.37147	-0.00361595
6.37172	0.000966906
6.37196	0.00346411
6.37221	-0.00124087
6.37245	-0.00419272
6.3727	0.000998647
6.37294	0.00668507
6.37318	0.00417038
6.37343	-0.00235692
6.37367	-0.00429354
6.37392	-0.0026944
6.37416	-0.00340082
6.37441	-0.00474945
6.37465	-0.00202062
6.3749	0.000400509
6.37514	-0.00555263
6.37539	-0.0158086
6.37563	-0.0169204
6.37588	-0.00551071
6.37612	0.00704581
6.37636	0.0112632
6.37661	0.00936933
6.37685	0.00603698
6.3771	0.00141718
6.37734	-0.00235582
6.37759	0.000196201
6.37783	0.00661118
6.37808	0.00538637
6.37832	-0.0060191
6.37857	-0.0130371
6.37881	-0.00387967
6.37905	0.0117816
6.3793	0.0157594
6.37954	0.0059298
6.37979	-0.0046298
6.38003	-0.00799963
6.38028	-0.00757388
6.38052	-0.00618237
6.38077	-0.00156508
6.38101	0.0048804
6.38126	0.00597077
6.3815	-0.00102683
6.38175	-0.00951276
6.38199	-0.0119829
6.38223	-0.00806787
6.38248	-0.00255891
6.38272	-0.000177534
6.38297	-0.0032808
6.38321	-0.0102896
6.38346	-0.0153963
6.3837	-0.0133492
6.38395	-0.00507826
6.38419	0.00355498
6.38444	0.00749659
6.38468	0.00514676
6.38493	-0.00154394
6.38517	-0.00670898
6.38541	-0.0043594
6.38566	0.00347826
6.3859	0.00688958
6.38615	0.00083936
6.38639	-0.00747244
6.38664	-0.00938519
6.38688	-0.00643229
6.38713	-0.00418827
6.38737	-0.0017803
6.38762	0.00274774
6.38786	0.00380858
6.38811	-0.00231959
6.38835	-0.00540013
6.38859	0.00583276
6.38884	0.0218752
6.38908	0.0212161
6.38933	0.00145262
6.38957	-0.0160034
6.38982	-0.0158419
6.39006	-0.00634234
6.39031	-0.00116515
6.39055	-0.00070893
6.3908	-0.000601121
6.39104	-0.00327609
6.39128	-0.00947498
6.39153	-0.0110943
6.39177	-0.00474573
6.39202	-0.000833781
6.39226	-0.00629976
6.39251	-0.0100425
6.39275	-0.00102989
6.393	0.0096776
6.39324	0.00414554
6.39349	-0.0120486
6.39373	-0.0160278
6.39398	-0.00245444
6.39422	0.0092273
6.39446	0.00546033
6.39471	-0.00346995
6.39495	-0.00367147
6.3952	0.00132895
6.39544	0.00110278
6.39569	-0.00273227
6.39593	-0.00118227
6.39618	0.00585384
6.39642	0.0100633
6.39667	0.00795351
6.39691	0.00380309
6.39716	0.00103866
6.3974	-0.00132414
6.39764	-0.00382051
6.39789	-0.00420886
6.39813	-0.000948364
6.39838	0.0043401
6.39862	0.00834541
6.39887	0.00868083
6.39911	0.00592013
6.39936	0.00361382
6.3996	0.00448001
6.39985	0.00670113
6.40009	0.0068142
6.40034	0.005347
6.40058	0.00510409
6.40082	0.00487222
6.40107	0.00124863
6.40131	-0.00341833
6.40156	-0.00287816
6.4018	0.00212893
6.40205	0.00382588
6.40229	0.000504026
6.40254	-0.000725612
6.40278	0.0016839
6.40303	-0.00128353
6.40327	-0.0121692
6.40351	-0.0173554
6.40376	-0.00646685
6.404	0.00863499
6.40425	0.00943404
6.40449	-0.00149111
6.40474	-0.00533713
6.40498	0.00353748
6.40523	0.0110366
6.40547	0.00707251
6.40572	-0.00119168
6.40596	-0.00416651
6.40621	-0.00304224
6.40645	-0.00191129
6.40669	0.000618374
6.40694	0.00479809
6.40718	0.00553159
6.40743	0.00184059
6.40767	0.000717595
6.40792	0.00472315
6.40816	0.00577437
6.40841	-0.00110669
6.40865	-0.00804133
6.4089	-0.00735192
6.40914	-0.00451173
6.40939	-0.00707559
6.40963	-0.00956108
6.40987	-0.00269729
6.41012	0.00854652
6.41036	0.0106227
6.41061	0.00191252
6.41085	-0.00623525
6.4111	-0.00759761
6.41134	-0.00683719
6.41159	-0.00701798
6.41183	-0.0046182
6.41208	0.000718806
6.41232	0.00345643
6.41257	0.00254533
6.41281	0.00343649
6.41305	0.0061154
6.4133	0.0027404
6.41354	-0.0073795
6.41379	-0.0123584
6.41403	-0.005739
6.41428	0.000883772
6.41452	-0.00511657
6.41477	-0.0159679
6.41501	-0.0137682
6.41526	0.00158385
6.4155	0.0108014
6.41574	0.00343122
6.41599	-0.00723645
6.41623	-0.00451745
6.41648	0.00795354
6.41672	0.0134401
6.41697	0.00626048
6.41721	-0.00301331
6.41746	-0.00425306
6.4177	0.00126715
6.41795	0.00738874
6.41819	0.0108125
6.41844	0.00939061
6.41868	0.00119993
6.41892	-0.0099566
6.41917	-0.0149468
6.41941	-0.0105902
6.41966	-0.00472813
6.4199	-0.00453419
6.42015	-0.00605457
6.42039	-0.00259939
6.42064	0.00261061
6.42088	0.00197464
6.42113	-0.00256668
6.42137	-0.00248169
6.42162	0.00254628
6.42186	0.00478582
6.4221	0.0032296
6.42235	0.00525
6.42259	0.011159
6.42284	0.0104602
6.42308	-0.000712725
6.42333	-0.0103326
6.42357	-0.00706142
6.42382	0.00313065
6.42406	0.00621717
6.42431	-0.000637937
6.42455	-0.00817248
6.4248	-0.00863467
6.42504	-0.00232324
6.42528	0.00579635
6.42553	0.00941538
6.42577	0.00473578
6.42602	-0.00337476
6.42626	-0.00396784
6.42651	0.0055284
6.42675	0.0135585
6.427	0.0100559
6.42724	0.00110846
6.42749	-0.000984339
6.42773	0.00368895
6.42797	0.00506741
6.42822	0.000468857
6.42846	-0.00234758
6.42871	0.0011252
6.42895	0.00586508
6.4292	0.00613259
6.42944	0.00272791
6.42969	-6.8876e-05
6.42993	0.000664749
6.43018	0.00484554
6.43042	0.0083925
6.43067	0.00580862
6.43091	-0.00190767
6.43115	-0.00573236
6.4314	-0.000403537
6.43164	0.00723418
6.43189	0.00854679
6.43213	0.00614975
6.43238	0.00762455
6.43262	0.0115385
6.43287	0.0106835
6.43311	0.00544845
6.43336	0.00225604
6.4336	0.00130036
6.43385	-0.00227807
6.43409	-0.00694454
6.43433	-0.00673219
6.43458	-0.00316458
6.43482	-0.00268626
6.43507	-0.00354745
6.43531	0.00112394
6.43556	0.00813622
6.4358	0.00733634
6.43605	0.000246083
6.43629	-0.00115994
6.43654	0.0035502
6.43678	0.000866098
6.43703	-0.0117811
6.43727	-0.0178064
6.43751	-0.00759512
6.43776	0.00496974
6.438	0.00496641
6.43825	-0.000264684
6.43849	0.00378978
6.43874	0.0129739
6.43898	0.0121403
6.43923	0.000871373
6.43947	-0.0068956
6.43972	-0.00541285
6.43996	-0.00253896
6.44021	-0.00360906
6.44045	-0.00489268
6.44069	-0.004154
6.44094	-0.00468764
6.44118	-0.0065343
6.44143	-0.00473232
6.44167	0.0008293
6.44192	0.00309652
6.44216	-0.00161929
6.44241	-0.00828252
6.44265	-0.0104463
6.4429	-0.00636051
6.44314	0.00294245
6.44338	0.0140604
6.44363	0.0189066
6.44387	0.0109456
6.44412	-0.00338416
6.44436	-0.00814662
6.44461	0.00234489
6.44485	0.0144949
6.4451	0.0123776
6.44534	-0.00180825
6.44559	-0.0116258
6.44583	-0.00780898
6.44608	0.00212934
6.44632	0.00622376
6.44656	0.00338714
6.44681	0.0024161
6.44705	0.00841664
6.4473	0.0152235
6.44754	0.0132629
6.44779	0.00225255
6.44803	-0.00813378
6.44828	-0.010513
6.44852	-0.00789531
6.44877	-0.00664672
6.44901	-0.0058875
6.44926	-9.10022e-05
6.4495	0.00966955
6.44974	0.0145979
6.44999	0.00986664
6.45023	0.00116833
6.45048	-0.00351243
6.45072	-0.00344832
6.45097	-0.00236025
6.45121	-0.000713565
6.45146	0.00307205
6.4517	0.0061205
6.45195	0.00282476
6.45219	-0.00621565
6.45244	-0.0127041
6.45268	-0.010539
6.45292	-0.00326185
6.45317	0.00123537
6.45341	0.000670995
6.45366	-0.000282229
6.4539	0.00262933
6.45415	0.00753445
6.45439	0.00848347
6.45464	0.00214438
6.45488	-0.00750673
6.45513	-0.0114562
6.45537	-0.00433178
6.45561	0.00888368
6.45586	0.0172615
6.4561	0.0157347
6.45635	0.00934663
6.45659	0.00462084
6.45684	0.00162524
6.45708	-0.00166538
6.45733	-0.00209727
6.45757	0.00449531
6.45782	0.0138884
6.45806	0.0160616
6.45831	0.00821536
6.45855	-0.00117553
6.45879	-0.00339987
6.45904	0.000587765
6.45928	0.00382258
6.45953	0.00260909
6.45977	-0.000866694
6.46002	-0.00257591
6.46026	-0.00117622
6.46051	8.85676e-05
6.46075	-0.00369875
6.461	-0.01187
6.46124	-0.0157838
6.46149	-0.0087405
6.46173	0.00331773
6.46197	0.00819839
6.46222	0.00439564
6.46246	0.00283355
6.46271	0.00958313
6.46295	0.0163
6.4632	0.013245
6.46344	0.00379573
6.46369	-0.00152707
6.46393	-4.2082e-05
6.46418	0.00215702
6.46442	0.00135005
6.46467	0.000668679
6.46491	0.00367965
6.46515	0.0089028
6.4654	0.0118507
6.46564	0.0101592
6.46589	0.0061159
6.46613	0.00405589
6.46638	0.00461161
6.46662	0.00365589
6.46687	-0.000337932
6.46711	-0.00178185
6.46736	0.00320267
6.4676	0.00770956
6.46784	0.00343128
6.46809	-0.00407333
6.46833	-0.0023919
6.46858	0.0066275
6.46882	0.00853159
6.46907	0.000861145
6.46931	-0.00189923
6.46956	0.00625423
6.4698	0.0115406
6.47005	0.00486867
6.47029	-0.00106791
6.47054	0.00595002
6.47078	0.0151601
6.47102	0.0113304
6.47127	0.0019165
6.47151	0.00399112
6.47176	0.0141195
6.472	0.0147937
6.47225	0.00507199
6.47249	0.000865502
6.47274	0.00652402
6.47298	0.00930676
6.47323	0.00382442
6.47347	0.000550307
6.47372	0.00564119
6.47396	0.0112193
6.4742	0.0112361
6.47445	0.0102861
6.47469	0.0109301
6.47494	0.00793608
6.47518	0.00124026
6.47543	-0.000177295
6.47567	0.00580934
6.47592	0.00847103
6.47616	0.00173625
6.47641	-0.00470592
6.47665	-0.000216262
6.4769	0.0110055
6.47714	0.0169259
6.47738	0.0125643
6.47763	0.0019185
6.47787	-0.00755362
6.47812	-0.00818806
6.47836	0.00194217
6.47861	0.0128114
6.47885	0.0111729
6.4791	-0.00120924
6.47934	-0.00805675
6.47959	-0.00113396
6.47983	0.00868899
6.48007	0.00856811
6.48032	0.00148172
6.48056	-0.000699245
6.48081	0.00580784
6.48105	0.0141234
6.4813	0.016373
6.48154	0.0109058
6.48179	0.00340884
6.48203	0.00248176
6.48228	0.00979386
6.48252	0.0159377
6.48277	0.0127818
6.48301	0.00661532
6.48325	0.00848641
6.4835	0.0149934
6.48374	0.0133409
6.48399	0.00406166
6.48423	0.000941868
6.48448	0.00644628
6.48472	0.00671657
6.48497	-0.00314651
6.48521	-0.00852361
6.48546	8.17638e-05
6.4857	0.0101587
6.48595	0.0080712
6.48619	0.000863507
6.48643	0.00193746
6.48668	0.00826395
6.48692	0.00885124
6.48717	0.00540168
6.48741	0.00665562
6.48766	0.00960071
6.4879	0.0044623
6.48815	-0.00576005
6.48839	-0.00815384
6.48864	-0.00111217
6.48888	0.00325052
6.48913	-0.00109756
6.48937	-0.00604612
6.48961	-0.00430962
6.48986	-0.000321425
6.4901	-0.000813423
6.49035	-0.00344701
6.49059	-0.00155423
6.49084	0.00453426
6.49108	0.00716991
6.49133	0.00178903
6.49157	-0.00614757
6.49182	-0.00674167
6.49206	0.00223649
6.4923	0.0118432
6.49255	0.0128405
6.49279	0.00709923
6.49304	0.00335848
6.49328	0.00426428
6.49353	0.00473481
6.49377	0.00213292
6.49402	-0.000106382
6.49426	0.000509383
6.49451	0.00283309
6.49475	0.00685034
6.495	0.0127812
6.49524	0.0152715
6.49548	0.00857315
6.49573	-0.00130822
6.49597	-0.00106056
6.49622	0.0103527
6.49646	0.0179591
6.49671	0.0111787
6.49695	-0.00261522
6.4972	-0.010074
6.49744	-0.00775185
6.49769	-0.000964542
6.49793	0.00423075
6.49818	0.00377887
6.49842	-0.00115393
6.49866	-0.00160979
6.49891	0.00838299
6.49915	0.0183913
6.4994	0.0131049
6.49964	-0.00200735
6.49989	-0.00512201
6.50013	0.00790772
6.50038	0.0154288
6.50062	0.0047739
6.50087	-0.00719165
6.50111	-0.0026684
6.50136	0.00869745
6.5016	0.00901958
6.50184	0.0024515
6.50209	0.00440604
6.50233	0.0131569
6.50258	0.0145963
6.50282	0.00673414
6.50307	-0.0010352
6.50331	-0.00589919
6.50356	-0.00976159
6.5038	-0.00702263
6.50405	0.00606578
6.50429	0.016855
6.50453	0.0113833
6.50478	-0.00225156
6.50502	-0.0062408
6.50527	-0.00215971
6.50551	-0.00464002
6.50576	-0.0114579
6.506	-0.00649099
6.50625	0.00854882
6.50649	0.0129971
6.50674	0.00177444
6.50698	-0.00521371
6.50723	0.00395537
6.50747	0.0147669
6.50771	0.0116448
6.50796	0.00100309
6.5082	-0.00367958
6.50845	-0.0024741
6.50869	-0.00159716
6.50894	-2.42143e-05
6.50918	0.00368806
6.50943	0.00361318
6.50967	-0.00262469
6.50992	-0.00631707
6.51016	-0.00180346
6.51041	0.00339389
6.51065	0.00330546
6.51089	0.00542118
6.51114	0.0144498
6.51138	0.0171289
6.51163	0.00131697
6.51187	-0.018886
6.51212	-0.0180718
6.51236	0.00358144
6.51261	0.0191347
6.51285	0.0125251
6.5131	-0.00209254
6.51334	-0.00543879
6.51359	-0.000254362
6.51383	-0.00075816
6.51407	-0.00704191
6.51432	-0.00666605
6.51456	0.00231181
6.51481	0.00655128
6.51505	-0.0013051
6.5153	-0.0100433
6.51554	-0.00643281
6.51579	0.00485164
6.51603	0.00843747
6.51628	0.000451379
6.51652	-0.00809733
6.51677	-0.00896202
6.51701	-0.00594868
6.51725	-0.00438535
6.5175	-0.00235468
6.51774	0.00241544
6.51799	0.00602365
6.51823	0.00524315
6.51848	0.00355776
6.51872	0.00398446
6.51897	0.00309147
6.51921	-0.00098464
6.51946	-0.00226036
6.5197	0.00291847
6.51994	0.00703392
6.52019	0.00302187
6.52043	-0.00220229
6.52068	0.00166079
6.52092	0.00969593
6.52117	0.00833017
6.52141	-0.00238735
6.52166	-0.00874599
6.5219	-0.00562311
6.52215	-0.0027065
6.52239	-0.00529569
6.52264	-0.00472816
6.52288	0.00487257
6.52312	0.0137381
6.52337	0.0104646
6.52361	-0.000466239
6.52386	-0.00567835
6.5241	-0.00136797
6.52435	0.00486416
6.52459	0.00671127
6.52484	0.00484142
6.52508	0.00190183
6.52533	-0.000623703
6.52557	-0.00123033
6.52582	0.000192289
6.52606	0.000270409
6.5263	-0.00373321
6.52655	-0.00833115
6.52679	-0.00692531
6.52704	0.00149091
6.52728	0.0107434
6.52753	0.0147865
6.52777	0.0129334
6.52802	0.0074307
6.52826	0.000273594
6.52851	-0.00527956
6.52875	-0.0038529
6.529	0.00650618
6.52924	0.018692
6.52948	0.0214153
6.52973	0.0116406
6.52997	-0.00141495
6.53022	-0.00736849
6.53046	-0.00633493
6.53071	-0.00551849
6.53095	-0.00735528
6.5312	-0.00739907
6.53144	-0.00314211
6.53169	0.00191689
6.53193	0.00423427
6.53217	0.00453411
6.53242	0.00453279
6.53266	0.00448015
6.53291	0.00511904
6.53315	0.00676107
6.5334	0.00582076
6.53364	-0.00105129
6.53389	-0.00874837
6.53413	-0.00803009
6.53438	0.000164855
6.53462	0.00455864
6.53487	0.00099676
6.53511	-0.0012033
6.53535	0.00380403
6.5356	0.00729941
6.53584	0.00131544
6.53609	-0.00604767
6.53633	-0.00327134
6.53658	0.00546778
6.53682	0.00838783
6.53707	0.00664696
6.53731	0.0101548
6.53756	0.0163519
6.5378	0.0115673
6.53805	-0.00474956
6.53829	-0.014481
6.53853	-0.0060631
6.53878	0.00845903
6.53902	0.0107025
6.53927	0.000656081
6.53951	-0.00629481
6.53976	-0.00184463
6.54	0.00622902
6.54025	0.00749818
6.54049	0.00319426
6.54074	0.00249941
6.54098	0.00760264
6.54123	0.00918023
6.54147	0.000184616
6.54171	-0.0110006
6.54196	-0.00978502
6.5422	0.00325089
6.54245	0.0112375
6.54269	0.00472239
6.54294	-0.00500798
6.54318	-0.00381817
6.54343	0.00481108
6.54367	0.00837978
6.54392	0.00585648
6.54416	0.00562466
6.5444	0.00814891
6.54465	0.00577728
6.54489	-0.001485
6.54514	-0.00407064
6.54538	0.00193583
6.54563	0.00929628
6.54587	0.0112878
6.54612	0.00905219
6.54636	0.00579459
6.54661	0.0027943
6.54685	0.00244101
6.5471	0.00660477
6.54734	0.0109987
6.54758	0.00934834
6.54783	0.00338596
6.54807	0.000309358
6.54832	0.000857453
6.54856	-0.000490783
6.54881	-0.00374917
6.54905	-0.00265846
6.5493	0.00327819
6.54954	0.00674129
6.54979	0.0047849
6.55003	0.00298732
6.55028	0.00480458
6.55052	0.00640659
6.55076	0.00496973
6.55101	0.00298579
6.55125	0.00151887
6.5515	-0.0018738
6.55174	-0.00579237
6.55199	-0.00466694
6.55223	0.00124652
6.55248	0.00454218
6.55272	0.00248415
6.55297	0.00119223
6.55321	0.00464506
6.55346	0.00825434
6.5537	0.00710225
6.55394	0.00239182
6.55419	-0.0034913
6.55443	-0.00996924
6.55468	-0.0135422
6.55492	-0.00928365
6.55517	-0.000403688
6.55541	0.0029244
6.55566	-0.00202936
6.5559	-0.00657764
6.55615	-0.00450926
6.55639	-8.91728e-05
6.55663	0.00166925
6.55688	0.00221489
6.55712	0.00240936
6.55737	-0.000813097
6.55761	-0.00560967
6.55786	-0.004492
6.5581	0.00180715
6.55835	0.00228556
6.55859	-0.00517428
6.55884	-0.00638261
6.55908	0.00688127
6.55933	0.0204334
6.55957	0.0175356
6.55981	0.00435321
6.56006	-0.000617971
6.5603	0.00532358
6.56055	0.0091465
6.56079	0.00586049
6.56104	0.00409957
6.56128	0.0080891
6.56153	0.0105578
6.56177	0.00685789
6.56202	0.00259846
6.56226	0.00265812
6.56251	0.00352893
6.56275	0.00165498
6.56299	0.00034891
6.56324	0.00289824
6.56348	0.00580662
6.56373	0.00451721
6.56397	0.000960565
6.56422	0.000418034
6.56446	0.00403705
6.56471	0.00843866
6.56495	0.0106859
6.5652	0.0104202
6.56544	0.00802898
6.56569	0.00329132
6.56593	-0.00338128
6.56617	-0.00904164
6.56642	-0.00938341
6.56666	-0.00383748
6.56691	0.00190737
6.56715	0.00249305
6.5674	0.00131035
6.56764	0.00621188
6.56789	0.016036
6.56813	0.0194286
6.56838	0.0107802
6.56862	-0.000765874
6.56886	-0.00410833
6.56911	-0.000401231
6.56935	0.00281799
6.5696	0.00427085
6.56984	0.00639077
6.57009	0.0068466
6.57033	0.00376213
6.57058	0.00386093
6.57082	0.0126868
6.57107	0.0210611
6.57131	0.0159942
6.57156	0.0026387
6.5718	-0.00125859
6.57204	0.0070123
6.57229	0.011284
6.57253	0.00407339
6.57278	-0.00139319
6.57302	0.00455186
6.57327	0.0103382
6.57351	0.00387302
6.57376	-0.00461368
6.574	0.00105632
6.57425	0.0144674
6.57449	0.015393
6.57474	0.00203828
6.57498	-0.00659419
6.57522	-0.000414724
6.57547	0.00948918
6.57571	0.0117801
6.57596	0.00973424
6.5762	0.00857338
6.57645	0.00454139
6.57669	-0.00368501
6.57694	-0.00667625
6.57718	0.000853704
6.57743	0.00802965
6.57767	0.00359006
6.57792	-0.00523763
6.57816	-0.00378557
6.5784	0.00646565
6.57865	0.0104718
6.57889	0.00281118
6.57914	-0.00636188
6.57938	-0.00810821
6.57963	-0.00393683
6.57987	0.00272724
6.58012	0.0112491
6.58036	0.0172612
6.58061	0.0138649
6.58085	0.00365713
6.58109	-0.00161394
6.58134	0.00167463
6.58158	0.00323176
6.58183	-0.00329393
6.58207	-0.008043
6.58232	-0.00024635
6.58256	0.0132482
6.58281	0.0168254
6.58305	0.00838866
6.5833	0.000697213
6.58354	0.00216203
6.58379	0.00733683
6.58403	0.00773319
6.58427	0.00317175
6.58452	-0.000764035
6.58476	-0.000592235
6.58501	0.00324523
6.58525	0.00876673
6.5855	0.0132411
6.58574	0.0130252
6.58599	0.00590415
6.58623	-0.00484407
6.58648	-0.0102957
6.58672	-0.00426692
6.58697	0.00641856
6.58721	0.00612788
6.58745	-0.00894461
6.5877	-0.020546
6.58794	-0.0102999
6.58819	0.0117148
6.58843	0.0167591
6.58868	-0.00238299
6.58892	-0.0198707
6.58917	-0.0139058
6.58941	0.00326702
6.58966	0.00785943
6.5899	0.00154947
6.59015	0.00414995
6.59039	0.0177962
6.59063	0.0230353
6.59088	0.0107688
6.59112	-0.00378558
6.59137	-0.00452344
6.59161	0.00544487
6.59186	0.0142045
6.5921	0.01722
6.59235	0.0151827
6.59259	0.00775908
6.59284	-0.00158976
6.59308	-0.00399663
6.59333	0.00286747
6.59357	0.00868217
6.59381	0.00442805
6.59406	-0.00416893
6.5943	-0.0054318
6.59455	0.00151003
6.59479	0.00764845
6.59504	0.00824641
6.59528	0.00702809
6.59553	0.00715798
6.59577	0.00622332
6.59602	0.0020721
6.59626	-0.00204236
6.5965	-0.00172952
6.59675	0.00163082
6.59699	0.00202619
6.59724	-0.00263191
6.59748	-0.00622055
6.59773	-0.00194331
6.59797	0.0072772
6.59822	0.0114255
6.59846	0.00733766
6.59871	0.00329697
6.59895	0.00603632
6.5992	0.0103834
6.59944	0.00855755
6.59968	0.00335035
6.59993	0.00266728
6.60017	0.00554281
6.60042	0.00461038
6.60066	0.000193735
6.60091	0.00024537
6.60115	0.00623524
6.6014	0.0102916
6.60164	0.00804552
6.60189	0.00421551
6.60213	0.00326029
6.60238	0.00376525
6.60262	0.00422249
6.60286	0.00542429
6.60311	0.00544624
6.60335	0.00161915
6.6036	-0.00128381
6.60384	0.0042341
6.60409	0.0136593
6.60433	0.0131
6.60458	0.000673873
6.60482	-0.00808669
6.60507	-0.00285594
6.60531	0.00642648
6.60556	0.00642583
6.6058	0.000742943
6.60604	0.00152335
6.60629	0.00937949
6.60653	0.0146328
6.60678	0.0134109
6.60702	0.0105911
6.60727	0.00940469
6.60751	0.00825083
6.60776	0.00632519
6.608	0.00450598
6.60825	0.00215213
6.60849	-0.000922412
6.60873	-0.00214088
6.60898	-0.00102856
6.60922	-0.00165636
6.60947	-0.00451249
6.60971	-0.00257188
6.60996	0.00665286
6.6102	0.0123899
6.61045	0.0049168
6.61069	-0.00723659
6.61094	-0.00768757
6.61118	0.00345454
6.61143	0.0102959
6.61167	0.00606275
6.61191	0.00212952
6.61216	0.00811157
6.6124	0.0166168
6.61265	0.015708
6.61289	0.00684409
6.61314	0.00117972
6.61338	0.00371461
6.61363	0.00955878
6.61387	0.0130236
6.61412	0.0132909
6.61436	0.0119276
6.61461	0.010002
6.61485	0.0080334
6.61509	0.0061289
6.61534	0.00450737
6.61558	0.00497343
6.61583	0.00968582
6.61607	0.0166414
6.61632	0.0192758
6.61656	0.0137631
6.61681	0.00473532
6.61705	0.000148722
6.6173	0.00180934
6.61754	0.00500312
6.61779	0.00679219
6.61803	0.00959301
6.61827	0.0150582
6.61852	0.0193556
6.61876	0.0183748
6.61901	0.0144725
6.61925	0.0131296
6.6195	0.0144395
6.61974	0.0134307
6.61999	0.0087526
6.62023	0.00508497
6.62048	0.00541015
6.62072	0.00692021
6.62096	0.00736122
6.62121	0.00914305
6.62145	0.0127286
6.6217	0.0125025
6.62194	0.00602284
6.62219	0.00157606
6.62243	0.0072804
6.62268	0.0165805
6.62292	0.0155761
6.62317	0.0034275
6.62341	-0.00604348
6.62366	-0.00398019
6.6239	0.00378184
6.62414	0.00932252
6.62439	0.0132078
6.62463	0.0171964
6.62488	0.0173095
6.62512	0.0119986
6.62537	0.0084043
6.62561	0.0117404
6.62586	0.0157528
6.6261	0.0131671
6.62635	0.00899009
6.62659	0.0121168
6.62684	0.0183991
6.62708	0.0154429
6.62732	0.00334931
6.62757	-0.00301352
6.62781	0.00398855
6.62806	0.0125541
6.6283	0.00881749
6.62855	-0.00217396
6.62879	-0.00349749
6.62904	0.00900448
6.62928	0.0204566
6.62953	0.017527
6.62977	0.00574673
6.63002	-0.000342541
6.63026	0.00214227
6.6305	0.00370636
6.63075	0.000171417
6.63099	-0.00113925
6.63124	0.004027
6.63148	0.00820929
6.63173	0.00590006
6.63197	0.00524588
6.63222	0.0142977
6.63246	0.0238593
6.63271	0.0194012
6.63295	0.00548505
6.63319	0.000761751
6.63344	0.0091236
6.63368	0.0143005
6.63393	0.00682386
6.63417	-0.00195373
6.63442	-0.000542418
6.63466	0.0047279
6.63491	0.00350768
6.63515	-0.000867945
6.6354	-0.000419256
6.63564	0.00201666
6.63589	2.99803e-05
6.63613	-0.00275355
6.63637	-1.1246e-05
6.63662	0.00383412
6.63686	0.00118734
6.63711	-0.00403263
6.63735	-0.00283288
6.6376	0.00313848
6.63784	0.00566194
6.63809	0.00467937
6.63833	0.00551699
6.63858	0.00647246
6.63882	0.00338556
6.63907	0.0017322
6.63931	0.00867099
6.63955	0.0172223
6.6398	0.015277
6.64004	0.00710922
6.64029	0.00726924
6.64053	0.0146173
6.64078	0.0131451
6.64102	0.000286375
6.64127	-0.00703873
6.64151	8.05757e-05
6.64176	0.00953973
6.642	0.0104479
6.64225	0.00866607
6.64249	0.0101441
6.64273	0.00798144
6.64298	-0.00081044
6.64322	-0.00338573
6.64347	0.00823148
6.64371	0.0198475
6.64396	0.016261
6.6442	0.00641393
6.64445	0.0075103
6.64469	0.0151215
6.64494	0.0120273
6.64518	9.24924e-05
6.64542	-0.00141118
6.64567	0.011684
6.64591	0.0213504
6.64616	0.0166965
6.6464	0.00926
6.64665	0.0116279
6.64689	0.0188112
6.64714	0.0205802
6.64738	0.01773
6.64763	0.0154786
6.64787	0.0123749
6.64812	0.00641247
6.64836	0.00260925
6.6486	0.00417686
6.64885	0.00456469
6.64909	-0.00141826
6.64934	-0.00646666
6.64958	-0.00220443
6.64983	0.0050923
6.65007	0.0033879
6.65032	-0.00470433
6.65056	-0.0045705
6.65081	0.00798187
6.65105	0.0202964
6.6513	0.0212226
6.65154	0.014441
6.65178	0.00925319
6.65203	0.00773401
6.65227	0.00678238
6.65252	0.00569928
6.65276	0.00531806
6.65301	0.00434929
6.65325	0.00212454
6.6535	0.00147662
6.65374	0.00410197
6.65399	0.0061597
6.65423	0.0032873
6.65448	-0.002407
6.65472	-0.00499234
6.65496	-0.0027815
6.65521	0.000518567
6.65545	0.00167803
6.6557	0.000944787
6.65594	-0.000406423
6.65619	-0.00191906
6.65643	-0.003015
6.65668	-0.00289337
6.65692	-0.00181967
6.65717	-0.000680488
6.65741	0.000643963
6.65765	0.00277939
6.6579	0.00496392
6.65814	0.00536873
6.65839	0.00340306
6.65863	0.000445188
6.65888	-0.00159537
6.65912	-0.00168071
6.65937	-1.87476e-05
6.65961	0.00197798
6.65986	0.00250357
6.6601	0.000815707
6.66035	-0.00203561
6.66059	-0.00380142
6.66083	-0.0023615
6.66108	0.00208752
6.66132	0.00546783
6.66157	0.00310041
6.66181	-0.00306546
6.66206	-0.00419681
6.6623	0.00372916
6.66255	0.011705
6.66279	0.00857883
6.66304	-0.00266311
6.66328	-0.00938227
6.66353	-0.00846512
6.66377	-0.00782841
6.66401	-0.00773246
6.66426	0.00262146
6.6645	0.0228871
6.66475	0.0332135
6.66499	0.0214953
6.66524	0.00447445
6.66548	0.00427831
6.66573	0.0155729
6.66597	0.0172692
6.66622	0.00860708
6.66646	0.00834252
6.66671	0.0201137
6.66695	0.0254793
6.66719	0.016283
6.66744	0.00875897
6.66768	0.015323
6.66793	0.0243182
6.66817	0.0214604
6.66842	0.0125859
6.66866	0.00936448
6.66891	0.00849203
6.66915	0.00283811
6.6694	-0.000199727
6.66964	0.00867695
6.66988	0.019712
6.67013	0.0166669
6.67037	0.0040509
6.67062	0.000652333
6.67086	0.00876403
6.67111	0.0113816
6.67135	0.00150231
6.6716	-0.00641744
6.67184	-0.00072549
6.67209	0.00887406
6.67233	0.0070879
6.67258	-0.00417783
6.67282	-0.00952882
6.67306	-0.000633285
6.67331	0.0150693
6.67355	0.02361
6.6738	0.0177883
6.67404	0.00296271
6.67429	-0.00864444
6.67453	-0.0106805
6.67478	-0.00816955
6.67502	-0.00776784
6.67527	-0.00739202
6.67551	-0.0023093
6.67576	0.00323081
6.676	0.0011977
6.67624	-0.00546558
6.67649	-0.00529181
6.67673	0.00384473
6.67698	0.0114535
6.67722	0.0114602
6.67747	0.0102641
6.67771	0.0129705
6.67796	0.0135529
6.6782	0.00649137
6.67845	-0.00138511
6.67869	-0.000398205
6.67894	0.00704609
6.67918	0.0105468
6.67942	0.00689686
6.67967	0.00251466
6.67991	0.00266135
6.68016	0.00553698
6.6804	0.00673316
6.68065	0.0043008
6.68089	-0.000442293
6.68114	-0.00362966
6.68138	-0.001373
6.68163	0.00553577
6.68187	0.0110614
6.68212	0.0106699
6.68236	0.00668705
6.6826	0.00448501
6.68285	0.00580771
6.68309	0.00875032
6.68334	0.0118842
6.68358	0.0149217
6.68383	0.0167992
6.68407	0.0162643
6.68432	0.0139041
6.68456	0.0118479
6.68481	0.0120514
6.68505	0.0151415
6.68529	0.0191148
6.68554	0.0193256
6.68578	0.0129524
6.68603	0.00386662
6.68627	-0.00057419
6.68652	0.0018591
6.68676	0.00682734
6.68701	0.010835
6.68725	0.014564
6.6875	0.017396
6.68774	0.0150379
6.68799	0.00626956
6.68823	-0.00302619
6.68847	-0.00673297
6.68872	-0.00549226
6.68896	-0.00343648
6.68921	-0.00219679
6.68945	-0.00167972
6.6897	-0.00236755
6.68994	-0.00301558
6.69019	-0.000543515
6.69043	0.00400132
6.69068	0.00466662
6.69092	0.000243737
6.69117	-0.0016564
6.69141	0.00335625
6.69165	0.00684689
6.6919	-0.000553206
6.69214	-0.0122905
6.69239	-0.0127472
6.69263	-6.53901e-05
6.69288	0.00976497
6.69312	0.00448488
6.69337	-0.00877846
6.69361	-0.0146309
6.69386	-0.00876129
6.6941	0.000410834
6.69435	0.0050205
6.69459	0.00586928
6.69483	0.00820488
6.69508	0.0143512
6.69532	0.0216981
6.69557	0.0259411
6.69581	0.0252502
6.69606	0.0216141
6.6963	0.0187848
6.69655	0.0194992
6.69679	0.0239119
6.69704	0.0285523
6.69728	0.0273
6.69752	0.0176463
6.69777	0.0070029
6.69801	0.00687526
6.69826	0.0172044
6.6985	0.0230584
6.69875	0.0135161
6.69899	-0.00207029
6.69924	-0.00622751
6.69948	0.00230196
6.69973	0.00832152
6.69997	0.00311723
6.70022	-0.00567154
6.70046	-0.0092721
6.7007	-0.00918776
6.70095	-0.00770561
6.70119	-0.000161257
6.70144	0.0136093
6.70168	0.0209031
6.70193	0.0119655
6.70217	-0.00299338
6.70242	-0.00640397
6.70266	0.00133441
6.70291	0.00401683
6.70315	-0.00389962
6.7034	-0.0090137
6.70364	-0.00149555
6.70388	0.00839098
6.70413	0.00557415
6.70437	-0.00743742
6.70462	-0.014568
6.70486	-0.0082413
6.70511	0.00284103
6.70535	0.00729194
6.7056	0.00395493
6.70584	-0.00059562
6.70609	-0.00148074
6.70633	0.000690847
6.70658	0.00236462
6.70682	0.000869147
6.70706	-0.00282167
6.70731	-0.00403247
6.70755	0.000966559
6.7078	0.00893493
6.70804	0.0107624
6.70829	0.00163489
6.70853	-0.0110983
6.70878	-0.0144746
6.70902	-0.00524465
6.70927	0.00577687
6.70951	0.00765047
6.70975	0.00308373
6.71	0.00225142
6.71024	0.00608281
6.71049	0.00527742
6.71073	-0.00311656
6.71098	-0.00883323
6.71122	-0.00367094
6.71147	0.0055743
6.71171	0.00811184
6.71196	0.00581743
6.7122	0.00781901
6.71245	0.013426
6.71269	0.0136095
6.71293	0.00773761
6.71318	0.00505158
6.71342	0.00839278
6.71367	0.0102699
6.71391	0.00847193
6.71416	0.0112904
6.7144	0.0207496
6.71465	0.024585
6.71489	0.0152098
6.71514	0.00492425
6.71538	0.00917623
6.71563	0.0231601
6.71587	0.0293703
6.71611	0.0229307
6.71636	0.0146176
6.7166	0.0114255
6.71685	0.00911615
6.71709	0.00463041
6.71734	0.00218319
6.71758	0.00393318
6.71783	0.00576042
6.71807	0.00577066
6.71832	0.00702989
6.71856	0.00832387
6.71881	0.0023989
6.71905	-0.0111416
6.71929	-0.0200858
6.71954	-0.0140879
6.71978	0.000961185
6.72003	0.0101408
6.72027	0.00757193
6.72052	0.00100293
6.72076	7.19582e-06
6.72101	0.00485864
6.72125	0.00796002
6.7215	0.00397146
6.72174	-0.00317524
6.72198	-0.0047447
6.72223	0.0015597
6.72247	0.00867845
6.72272	0.0105444
6.72296	0.00981674
6.72321	0.010452
6.72345	0.00893154
6.7237	0.00146245
6.72394	-0.00530065
6.72419	-0.0021864
6.72443	0.00668906
6.72468	0.00881768
6.72492	0.00294982
6.72516	-6.33454e-05
6.72541	0.00317504
6.72565	0.00365785
6.7259	-0.00182637
6.72614	-0.00363438
6.72639	0.00255087
6.72663	0.00595423
6.72688	-0.000730831
6.72712	-0.00697591
6.72737	-0.0014384
6.72761	0.00838428
6.72786	0.00846407
6.7281	0.00130504
6.72834	0.000344618
6.72859	0.00685288
6.72883	0.00916075
6.72908	0.00315303
6.72932	-0.00197319
6.72957	0.00041211
6.72981	0.00591622
6.73006	0.00907982
6.7303	0.010605
6.73055	0.0112743
6.73079	0.00820261
6.73104	0.00153354
6.73128	-0.00242582
6.73152	0.000497014
6.73177	0.00564011
6.73201	0.005129
6.73226	-0.00231762
6.7325	-0.00980338
6.73275	-0.00971453
6.73299	-0.00220177
6.73324	0.00405696
6.73348	0.00147328
6.73373	-0.00640551
6.73397	-0.00877455
6.73421	-0.00203355
6.73446	0.00590102
6.7347	0.00771739
6.73495	0.0055698
6.73519	0.00420608
6.73544	0.00354451
6.73568	0.00337452
6.73593	0.00682003
6.73617	0.0124324
6.73642	0.0118451
6.73666	0.00351599
6.73691	-0.000597788
6.73715	0.00754295
6.73739	0.017108
6.73764	0.0136461
6.73788	0.00155474
6.73813	-0.00335869
6.73837	0.00182599
6.73862	0.00584491
6.73886	0.00289772
6.73911	-0.00188466
6.73935	-0.00510144
6.7396	-0.00846312
6.73984	-0.00982929
6.74009	-0.00459797
6.74033	0.00380409
6.74057	0.00729656
6.74082	0.00616089
6.74106	0.00632866
6.74131	0.00608814
6.74155	-3.19103e-05
6.7418	-0.00646883
6.74204	-0.00268644
6.74229	0.00652805
6.74253	0.00527584
6.74278	-0.00713339
6.74302	-0.0131227
6.74327	-0.00464511
6.74351	0.00481542
6.74375	0.0032353
6.744	-0.00245284
6.74424	-0.00142132
6.74449	0.00362792
6.74473	0.00484866
6.74498	0.00289678
6.74522	0.00200802
6.74547	0.00130407
6.74571	-0.00052891
6.74596	-0.000842765
6.7462	0.000199114
6.74644	-0.00207081
6.74669	-0.00663701
6.74693	-0.00564056
6.74718	0.00183839
6.74742	0.00672502
6.74767	0.00533564
6.74791	0.00462634
6.74816	0.00715763
6.7484	0.00568109
6.74865	-0.0010793
6.74889	-0.00310645
6.74914	0.00282359
6.74938	0.00602561
6.74962	0.00132347
6.74987	-0.00176121
6.75011	0.00104597
6.75036	-0.00130875
6.7506	-0.0127754
6.75085	-0.0174982
6.75109	-0.00581761
6.75134	0.00586073
6.75158	0.000476361
6.75183	-0.0116981
6.75207	-0.012267
6.75232	-0.00613207
6.75256	-0.00890646
6.7528	-0.0159156
6.75305	-0.0111993
6.75329	0.00122921
6.75354	0.00327431
6.75378	-0.00479412
6.75403	-0.00533126
6.75427	0.00458304
6.75452	0.00857275
6.75476	0.000294635
6.75501	-0.00713531
6.75525	-0.00510238
6.7555	-0.00106004
6.75574	-0.00123635
6.75598	-0.00127554
6.75623	0.000878829
6.75647	0.000388478
6.75672	-0.00201844
6.75696	0.00040305
6.75721	0.00537772
6.75745	0.00300618
6.7577	-0.00527771
6.75794	-0.00678325
6.75819	0.000588598
6.75843	0.00483813
6.75868	0.00159283
6.75892	0.000493944
6.75916	0.00549155
6.75941	0.00788488
6.75965	0.00438819
6.7599	0.0030497
6.76014	0.00541681
6.76039	0.00263842
6.76063	-0.00422661
6.76088	-0.00162431
6.76112	0.0100797
6.76137	0.0105599
6.76161	-0.00750807
6.76185	-0.0218456
6.7621	-0.0135425
6.76234	0.00353501
6.76259	0.00603945
6.76283	-0.00331977
6.76308	-0.00575911
6.76332	0.00112301
6.76357	0.00426391
6.76381	0.00017095
6.76406	-0.00311098
6.7643	-0.00394527
6.76455	-0.0068054
6.76479	-0.00766166
6.76503	0.00110941
6.76528	0.013221
6.76552	0.0141397
6.76577	0.00375494
6.76601	-0.00359968
6.76626	-0.00198615
6.7665	0.000135001
6.76675	-0.00154609
6.76699	0.000407323
6.76724	0.00911333
6.76748	0.0143915
6.76773	0.00766595
6.76797	-0.00454982
6.76821	-0.00984786
6.76846	-0.00558734
6.7687	0.00117559
6.76895	0.00442187
6.76919	0.00414895
6.76944	0.00321563
6.76968	0.00320175
6.76993	0.00302217
6.77017	0.00101029
6.77042	-0.00141251
6.77066	-0.00053926
6.77091	0.00341056
6.77115	0.00501529
6.77139	0.0021017
6.77164	0.000382232
6.77188	0.00402475
6.77213	0.00699469
6.77237	0.00216526
6.77262	-0.00495175
6.77286	-0.00221257
6.77311	0.0102975
6.77335	0.0182414
6.7736	0.0124139
6.77384	0.0011785
6.77408	-0.00129422
6.77433	0.00671609
6.77457	0.0137186
6.77482	0.0104808
6.77506	0.00166819
6.77531	0.00021884
6.77555	0.0106308
6.7758	0.0210055
6.77604	0.0163715
6.77629	-0.000855491
6.77653	-0.0115578
6.77678	-0.00428646
6.77702	0.00948803
6.77726	0.0116568
6.77751	0.00197715
6.77775	-0.00415815
6.778	0.00111719
6.77824	0.00875855
6.77849	0.00739128
6.77873	-0.00209697
6.77898	-0.00974467
6.77922	-0.00861933
6.77947	-0.000953333
6.77971	0.00508263
6.77996	0.00411252
6.7802	0.000157767
6.78044	0.00174876
6.78069	0.00892407
6.78093	0.0114982
6.78118	0.00492882
6.78142	-0.000291658
6.78167	0.00568227
6.78191	0.0141154
6.78216	0.00875353
6.7824	-0.00860859
6.78265	-0.0185678
6.78289	-0.0109336
6.78314	0.00300383
6.78338	0.00866113
6.78362	0.00583655
6.78387	0.00232316
6.78411	0.000815688
6.78436	6.08408e-05
6.7846	0.00121877
6.78485	0.00520517
6.78509	0.00873726
6.78534	0.00903684
6.78558	0.00809315
6.78583	0.00778487
6.78607	0.00595158
6.78631	0.0019062
6.78656	0.000196494
6.7868	0.00351545
6.78705	0.00707253
6.78729	0.00597075
6.78754	0.00339651
6.78778	0.0048983
6.78803	0.0085363
6.78827	0.00815379
6.78852	0.00395787
6.78876	0.00215082
6.78901	0.00463892
6.78925	0.00626383
6.78949	0.0034333
6.78974	-0.000326559
6.78998	0.000134719
6.79023	0.00450556
6.79047	0.00825641
6.79072	0.00878924
6.79096	0.00764126
6.79121	0.00710607
6.79145	0.00694415
6.7917	0.00564061
6.79194	0.00382633
6.79219	0.00391972
6.79243	0.00554534
6.79267	0.00430239
6.79292	-0.00193426
6.79316	-0.00777676
6.79341	-0.00602429
6.79365	0.00214151
6.7939	0.00783669
6.79414	0.00605582
6.79439	0.00149807
6.79463	0.00107775
6.79488	0.0053281
6.79512	0.00990193
6.79537	0.0116157
6.79561	0.00986517
6.79585	0.00536501
6.7961	0.000939426
6.79634	0.00113869
6.79659	0.00757533
6.79683	0.0158654
6.79708	0.019644
6.79732	0.0167814
6.79757	0.0105439
6.79781	0.00615027
6.79806	0.00667939
6.7983	0.00999389
6.79854	0.00953011
6.79879	0.00167286
6.79903	-0.00738097
6.79928	-0.00723755
6.79952	0.00256482
6.79977	0.00999317
6.80001	0.00582002
6.80026	-0.00406125
6.8005	-0.00725959
6.80075	-0.00154371
6.80099	0.00424395
6.80124	0.00389858
6.80148	0.000879112
6.80172	0.000942797
6.80197	0.00412145
6.80221	0.00680067
6.80246	0.00767093
6.8027	0.00819339
6.80295	0.00898013
6.80319	0.00873604
6.80344	0.00688066
6.80368	0.00522469
6.80393	0.00559685
6.80417	0.00650414
6.80442	0.00474991
6.80466	0.0014444
6.8049	0.00300611
6.80515	0.0123823
6.80539	0.0218656
6.80564	0.0208592
6.80588	0.0103461
6.80613	0.00262726
6.80637	0.0050242
6.80662	0.0109012
6.80686	0.0103229
6.80711	0.00312091
6.80735	-0.00345254
6.8076	-0.00477682
6.80784	-0.00138924
6.80808	0.00411268
6.80833	0.00777813
6.80857	0.00625099
6.80882	0.00251838
6.80906	0.00465383
6.80931	0.0139407
6.80955	0.0205498
6.8098	0.0173363
6.81004	0.0108471
6.81029	0.0100135
6.81053	0.0111519
6.81077	0.00589931
6.81102	-0.00159827
6.81126	1.88079e-05
6.81151	0.00916541
6.81175	0.0118616
6.812	0.00368859
6.81224	-0.00331295
6.81249	0.000610466
6.81273	0.0101425
6.81298	0.0157059
6.81322	0.0155376
6.81347	0.0118761
6.81371	0.00592057
6.81395	0.00182604
6.8142	0.00499859
6.81444	0.0112214
6.81469	0.00886113
6.81493	-0.00237213
6.81518	-0.00769819
6.81542	0.000252496
6.81567	0.00919614
6.81591	0.00779189
6.81616	0.00422721
6.8164	0.010014
6.81665	0.0180652
6.81689	0.0150069
6.81713	0.00571658
6.81738	0.00513251
6.81762	0.0115083
6.81787	0.00967486
6.81811	-0.00093018
6.81836	-0.00382952
6.8186	0.00631305
6.81885	0.0142274
6.81909	0.00921489
6.81934	0.00116853
6.81958	0.00241696
6.81983	0.00934884
6.82007	0.0125308
6.82031	0.0119457
6.82056	0.0111771
6.8208	0.00748429
6.82105	-0.0010727
6.82129	-0.00749025
6.82154	-0.00546883
6.82178	0.000315497
6.82203	0.00295011
6.82227	0.00435504
6.82252	0.00793501
6.82276	0.00877088
6.823	0.00283365
6.82325	-0.00154226
6.82349	0.00507488
6.82374	0.0158377
6.82398	0.0159745
6.82423	0.00569822
6.82447	-2.7025e-05
6.82472	0.00550022
6.82496	0.0123158
6.82521	0.0111875
6.82545	0.00622904
6.8257	0.00441297
6.82594	0.0031245
6.82618	-0.00366339
6.82643	-0.0131946
6.82667	-0.0161079
6.82692	-0.00871645
6.82716	0.00241014
6.82741	0.0078767
6.82765	0.0047299
6.8279	-0.00152734
6.82814	-0.00316623
6.82839	0.00135601
6.82863	0.00609753
6.82888	0.0058204
6.82912	0.0030509
6.82936	0.0035954
6.82961	0.00699676
6.82985	0.00669654
6.8301	5.08174e-05
6.83034	-0.00676443
6.83059	-0.00621036
6.83083	0.0011353
6.83108	0.00734095
6.83132	0.00664567
6.83157	0.00189423
6.83181	-7.58664e-05
6.83206	0.00149248
6.8323	-3.85108e-05
6.83254	-0.00724265
6.83279	-0.0109264
6.83303	-0.00164144
6.83328	0.0136323
6.83352	0.0174039
6.83377	0.00561577
6.83401	-0.00647502
6.83426	-0.00695547
6.8345	-0.00266329
6.83475	-0.00340407
6.83499	-0.00394222
6.83524	0.00444021
6.83548	0.0145274
6.83572	0.0125617
6.83597	0.00139366
6.83621	-0.00365433
6.83646	0.000469238
6.8367	0.00216807
6.83695	-0.00226601
6.83719	-0.00259646
6.83744	0.00501022
6.83768	0.00941262
6.83793	0.00351533
6.83817	-0.00356092
6.83841	-0.00222383
6.83866	0.00270943
6.8389	0.00231313
6.83915	-0.00258009
6.83939	-0.00712288
6.83964	-0.01145
6.83988	-0.0145291
6.84013	-0.00975634
6.84037	0.00261597
6.84062	0.00897825
6.84086	0.00072274
6.84111	-0.0101298
6.84135	-0.00770039
6.84159	0.00310338
6.84184	0.00468558
6.84208	-0.00545138
6.84233	-0.012212
6.84257	-0.00714822
6.84282	0.00101643
6.84306	0.00223231
6.84331	-0.00242155
6.84355	-0.00767752
6.8438	-0.0117368
6.84404	-0.0129371
6.84429	-0.00867962
6.84453	-0.00156011
6.84477	0.0019545
6.84502	0.00151291
6.84526	0.00270225
6.84551	0.00531816
6.84575	0.0027408
6.846	-0.00410264
6.84624	-0.00467976
6.84649	0.00357574
6.84673	0.00829809
6.84698	0.00148486
6.84722	-0.00611413
6.84747	-0.00175876
6.84771	0.00796764
6.84795	0.00745478
6.8482	-0.00271989
6.84844	-0.00758444
6.84869	-0.00254557
6.84893	0.00087109
6.84918	-0.00360675
6.84942	-0.00617093
6.84967	0.00164843
6.84991	0.0119456
6.85016	0.0125098
6.8504	0.00465138
6.85064	-0.00127432
6.85089	-0.00171341
6.85113	-0.00105659
6.85138	-0.00130431
6.85162	-0.000839773
6.85187	-0.00130977
6.85211	-0.00599544
6.85236	-0.0117832
6.8526	-0.0114698
6.85285	-0.00468914
6.85309	0.0011849
6.85334	0.00192878
6.85358	0.000888253
6.85382	0.00137626
6.85407	0.0022986
6.85431	0.00332293
6.85456	0.00669009
6.8548	0.0107688
6.85505	0.00938322
6.85529	0.00197375
6.85554	-0.00264393
6.85578	0.0015405
6.85603	0.00782464
6.85627	0.00613774
6.85652	-0.00191292
6.85676	-0.00511854
6.857	0.00168002
6.85725	0.0106478
6.85749	0.0102942
6.85774	-0.00192924
6.85798	-0.0165583
6.85823	-0.0202689
6.85847	-0.00894521
6.85872	0.00656558
6.85896	0.0114585
6.85921	0.00445006
6.85945	-0.00188339
6.8597	2.21561e-05
6.85994	0.0027742
6.86018	-0.00139134
6.86043	-0.00613368
6.86067	-0.00177724
6.86092	0.00687341
6.86116	0.00725078
6.86141	-0.000102852
6.86165	-0.00225702
6.8619	0.00451968
6.86214	0.00888684
6.86239	0.00381903
6.86263	-0.00216993
6.86287	-0.00041924
6.86312	0.00299366
6.86336	-0.00185559
6.86361	-0.0109596
6.86385	-0.0115401
6.8641	-0.00175157
6.86434	0.00625211
6.86459	0.00392454
6.86483	-0.00243512
6.86508	-0.00231816
6.86532	0.00350216
6.86557	0.00494024
6.86581	-0.00190496
6.86605	-0.00871892
6.8663	-0.00723277
6.86654	-0.00155728
6.86679	-0.00162664
6.86703	-0.0073657
6.86728	-0.00863665
6.86752	-0.00162179
6.86777	0.00498983
6.86801	0.00464938
6.86826	0.00369769
6.8685	0.00936158
6.86875	0.015496
6.86899	0.011626
6.86923	0.000812667
6.86948	-0.00399169
6.86972	0.000893413
6.86997	0.00635282
6.87021	0.0055087
6.87046	0.00090105
6.8707	-0.0038945
6.87095	-0.00867446
6.87119	-0.0108746
6.87144	-0.00579995
6.87168	0.00454203
6.87193	0.0116367
6.87217	0.011806
6.87241	0.00930164
6.87266	0.00698591
6.8729	0.00306358
6.87315	-0.00157812
6.87339	-0.00266009
6.87364	-0.00108414
6.87388	-0.00239367
6.87413	-0.005844
6.87437	-0.00456477
6.87462	0.00134288
6.87486	0.00354695
6.8751	0.000247412
6.87535	-0.00036906
6.87559	0.00439929
6.87584	0.00611243
6.87608	0.000921696
6.87633	-0.00235363
6.87657	0.00239082
6.87682	0.00776904
6.87706	0.00641153
6.87731	0.00322459
6.87755	0.0043592
6.8778	0.00560878
6.87804	0.00262007
6.87828	0.00133649
6.87853	0.00622194
6.87877	0.0089332
6.87902	0.00215091
6.87926	-0.00542579
6.87951	-0.00269306
6.87975	0.00438544
6.88	0.00305234
6.88024	-0.00440741
6.88049	-0.00659423
6.88073	-0.00432462
6.88098	-0.0070406
6.88122	-0.0120904
6.88146	-0.00779637
6.88171	0.003958
6.88195	0.00843999
6.8822	0.00296939
6.88244	0.0014474
6.88269	0.0099103
6.88293	0.0163734
6.88318	0.0117329
6.88342	0.00357442
6.88367	0.000546268
6.88391	-0.00148646
6.88416	-0.00740572
6.8844	-0.0105873
6.88464	-0.0045623
6.88489	0.00376655
6.88513	0.00461732
6.88538	0.000611879
6.88562	0.00011571
6.88587	0.0026403
6.88611	0.00253532
6.88636	0.00111451
6.8866	0.00292639
6.88685	0.0044167
6.88709	-0.00110467
6.88733	-0.00952436
6.88758	-0.00949346
6.88782	-0.000109852
6.88807	0.0065129
6.88831	0.00273253
6.88856	-0.00450351
6.8888	-0.00520047
6.88905	-6.46352e-05
6.88929	0.00284313
6.88954	0.000276855
6.88978	-0.00300604
6.89003	-0.00139299
6.89027	0.00495642
6.89051	0.0103041
6.89076	0.00887381
6.891	0.00104931
6.89125	-0.00598905
6.89149	-0.00562019
6.89174	0.000578217
6.89198	0.00508278
6.89223	0.00383092
6.89247	-0.000164912
6.89272	-0.00261209
6.89296	-0.00283109
6.89321	-0.00161542
6.89345	0.00104735
6.89369	0.00343369
6.89394	0.0016535
6.89418	-0.00437651
6.89443	-0.00817439
6.89467	-0.00465953
6.89492	0.00203345
6.89516	0.00430856
6.89541	0.00251635
6.89565	0.00372643
6.8959	0.00949805
6.89614	0.0125697
6.89639	0.00808336
6.89663	0.00140596
6.89687	0.000487451
6.89712	0.00515148
6.89736	0.00877871
6.89761	0.00780861
6.89785	0.00512145
6.8981	0.00520543
6.89834	0.00881182
6.89859	0.0117365
6.89883	0.0084643
6.89908	-0.000608842
6.89932	-0.00634514
6.89956	-0.000577167
6.89981	0.0111677
6.90005	0.014307
6.9003	0.004859
6.90054	-0.00461138
6.90079	-0.00354047
6.90103	0.00199372
6.90128	0.00138175
6.90152	-0.0029379
6.90177	-0.00157787
6.90201	0.0048167
6.90226	0.00787118
6.9025	0.00661073
6.90274	0.00671949
6.90299	0.00738185
6.90323	0.00310822
6.90348	-0.00243191
6.90372	0.000470537
6.90397	0.00980569
6.90421	0.012757
6.90446	0.00708469
6.9047	0.00541471
6.90495	0.0128123
6.90519	0.016455
6.90544	0.00674056
6.90568	-0.00597717
6.90592	-0.00772664
6.90617	-0.00212066
6.90641	-0.00151851
6.90666	-0.0058333
6.9069	-0.00503739
6.90715	0.00226243
6.90739	0.00723274
6.90764	0.0061529
6.90788	0.00466526
6.90813	0.0061485
6.90837	0.00663069
6.90862	0.00374828
6.90886	0.00222826
6.9091	0.00661659
6.90935	0.0139015
6.90959	0.017092
6.90984	0.0134521
6.91008	0.00660061
6.91033	0.00151738
6.91057	-0.00069508
6.91082	-0.00239593
6.91106	-0.00451439
6.91131	-0.00470216
6.91155	-0.00179584
6.91179	0.00130668
6.91204	0.0026777
6.91228	0.00533437
6.91253	0.0108432
6.91277	0.0132904
6.91302	0.00750528
6.91326	-0.000589199
6.91351	-0.00190556
6.91375	0.000768832
6.914	-0.00187317
6.91424	-0.00741481
6.91449	-0.00430435
6.91473	0.00653663
6.91497	0.0100947
6.91522	0.00200499
6.91546	-0.00261306
6.91571	0.00636045
6.91595	0.0168623
6.9162	0.0136574
6.91644	0.00109985
6.91669	-0.00613728
6.91693	-0.0042855
6.91718	0.000665953
6.91742	0.00621868
6.91767	0.012392
6.91791	0.0148061
6.91815	0.0107567
6.9184	0.00589225
6.91864	0.00474075
6.91889	0.00224742
6.91913	-0.00528005
6.91938	-0.0101585
6.91962	-0.00597432
6.91987	-0.000757285
6.92011	-0.00429886
6.92036	-0.0112979
6.9206	-0.0115215
6.92085	-0.00806668
6.92109	-0.00947676
6.92133	-0.0114709
6.92158	-0.00442822
6.92182	0.00661431
6.92207	0.0080548
6.92231	0.000302334
6.92256	-0.0039313
6.9228	-0.0015688
6.92305	-0.00116221
6.92329	-0.00416911
6.92354	-0.002739
6.92378	0.00324531
6.92403	0.00483651
6.92427	0.00137347
6.92451	0.00175509
6.92476	0.00633964
6.925	0.00544574
6.92525	-0.000797269
6.92549	0.00021995
6.92574	0.0107543
6.92598	0.0157236
6.92623	0.00705681
6.92647	-0.00223987
6.92672	0.000515844
6.92696	0.00743563
6.9272	0.00495818
6.92745	-0.00317598
6.92769	-0.00354141
6.92794	0.00404015
6.92818	0.00711846
6.92843	0.0012704
6.92867	-0.00407588
6.92892	-0.0015032
6.92916	0.00398595
6.92941	0.00426313
6.92965	0.000206089
6.9299	-0.000923099
6.93014	0.00318988
6.93038	0.0066935
6.93063	0.00423743
6.93087	-0.0013064
6.93112	-0.00321469
6.93136	-0.000682
6.93161	0.00115112
6.93185	0.000384912
6.9321	0.000503605
6.93234	0.00186959
6.93259	-0.000468331
6.93283	-0.00654709
6.93308	-0.00815949
6.93332	-0.00198237
6.93356	0.0032831
6.93381	0.00119075
6.93405	-0.00071916
6.9343	0.00536473
6.93454	0.011391
6.93479	0.00566366
6.93503	-0.00577905
6.93528	-0.00691071
6.93552	0.0029738
6.93577	0.00903813
6.93601	0.00470642
6.93626	-0.00153916
6.9365	-0.00370702
6.93674	-0.00565364
6.93699	-0.00855343
6.93723	-0.00731415
6.93748	-0.00307161
6.93772	-0.00372216
6.93797	-0.0081675
6.93821	-0.00595824
6.93846	0.00272205
6.9387	0.00390032
6.93895	-0.00635041
6.93919	-0.0124457
6.93943	-0.00404796
6.93968	0.00614333
6.93992	0.00302435
6.94017	-0.00650113
6.94041	-0.00638272
6.94066	0.00146084
6.9409	0.00141809
6.94115	-0.00920507
6.94139	-0.0158031
6.94164	-0.00924058
6.94188	0.00160521
6.94213	0.00367655
6.94237	-0.0044268
6.94261	-0.0149718
6.94286	-0.0219983
6.9431	-0.0245456
6.94335	-0.0230364
6.94359	-0.01745
6.94384	-0.0090747
6.94408	-0.00180195
6.94433	0.000225011
6.94457	-0.00269881
6.94482	-0.00483422
6.94506	-0.00131635
6.94531	0.00518482
6.94555	0.00746376
6.94579	0.00309437
6.94604	-0.00331217
6.94628	-0.00708141
6.94653	-0.00781541
6.94677	-0.00601857
6.94702	-0.000930501
6.94726	0.00584988
6.94751	0.00917889
6.94775	0.00615796
6.948	0.000236582
6.94824	-0.00322602
6.94849	-0.00334052
6.94873	-0.00325748
6.94897	-0.00479735
6.94922	-0.0058508
6.94946	-0.00347463
6.94971	0.00134288
6.94995	0.00377404
6.9502	0.00155555
6.95044	-0.000872625
6.95069	0.00107749
6.95093	0.0033005
6.95118	-0.00152608
6.95142	-0.00941873
6.95166	-0.00689014
6.95191	0.00822473
6.95215	0.0190628
6.9524	0.0114833
6.95264	-0.00597216
6.95289	-0.0145197
6.95313	-0.00956553
6.95338	-0.000877057
6.95362	0.00459736
6.95387	0.00665973
6.95411	0.00409672
6.95436	-0.00271149
6.9546	-0.0052647
6.95484	0.00260553
6.95509	0.0109953
6.95533	0.0056969
6.95558	-0.00871241
6.95582	-0.013705
6.95607	-0.00385948
6.95631	0.00745954
6.95656	0.00997019
6.9568	0.00706978
6.95705	0.00267136
6.95729	-0.00490054
6.95754	-0.0113725
6.95778	-0.00592251
6.95802	0.0107391
6.95827	0.0222282
6.95851	0.0181853
6.95876	0.00759026
6.959	0.00317561
6.95925	0.00445801
6.95949	0.00406152
6.95974	0.000505529
6.95998	-0.00292489
6.96023	-0.00375112
6.96047	0.000447152
6.96072	0.00974035
6.96096	0.0158096
6.9612	0.00922621
6.96145	-0.00395346
6.96169	-0.00602399
6.96194	0.00686298
6.96218	0.0170897
6.96243	0.0109765
6.96267	-0.00190555
6.96292	-0.00488095
6.96316	0.00198731
6.96341	0.00588789
6.96365	0.000862122
6.96389	-0.00742963
6.96414	-0.011136
6.96438	-0.00634419
6.96463	0.0051856
6.96487	0.0147872
6.96512	0.0134918
6.96536	0.00414963
6.96561	-0.000654574
6.96585	0.00356763
6.9661	0.00723719
6.96634	0.00325297
6.96659	-0.0017443
6.96683	0.00017076
6.96707	0.0049557
6.96732	0.00474229
6.96756	0.00101652
6.96781	0.000865659
6.96805	0.00585459
6.9683	0.0113722
6.96854	0.0121872
6.96879	0.00524179
6.96903	-0.00665328
6.96928	-0.0126492
6.96952	-0.00484682
6.96977	0.00787039
6.97001	0.00935694
6.97025	0.000386668
6.9705	-0.00272755
6.97074	0.00390084
6.97099	0.00528383
6.97123	-0.00403348
6.97148	-0.00735809
6.97172	0.0054468
6.97197	0.0176112
6.97221	0.0115715
6.97246	-0.00250218
6.9727	-0.00493237
6.97295	0.00169646
6.97319	0.00205873
6.97343	-0.00238418
6.97368	0.00144049
6.97392	0.0107013
6.97417	0.0101282
6.97441	0.000514561
6.97466	-0.000945254
6.9749	0.00965627
6.97515	0.0154912
6.97539	0.00609
6.97564	-0.00762184
6.97588	-0.012118
6.97612	-0.00877551
6.97637	-0.00514069
6.97661	-0.00254918
6.97686	-0.000597348
6.9771	-0.00270593
6.97735	-0.00876991
6.97759	-0.0106501
6.97784	-0.00278913
6.97808	0.00850208
6.97833	0.0126325
6.97857	0.00731472
6.97882	-0.00115659
6.97906	-0.00652812
6.9793	-0.00733077
6.97955	-0.00526852
6.97979	-0.00225688
6.98004	0.000966861
6.98028	0.00388245
6.98053	0.00447977
6.98077	0.00115732
6.98102	-0.00290141
6.98126	-0.00163987
6.98151	0.00515135
6.98175	0.0100144
6.982	0.00816024
6.98224	0.00402161
6.98248	0.00294665
6.98273	0.00278423
6.98297	0.000146441
6.98322	-0.00113974
6.98346	0.00387554
6.98371	0.011308
6.98395	0.0132178
6.9842	0.00894868
6.98444	0.0036371
6.98469	-0.00107933
6.98493	-0.00623045
6.98518	-0.00863888
6.98542	-0.00439334
6.98566	0.0026302
6.98591	0.00489919
6.98615	0.00272795
6.9864	0.00276112
6.98664	0.00585208
6.98689	0.005857
6.98713	0.00103149
6.98738	-0.00242949
6.98762	-0.000256716
6.98787	0.00412599
6.98811	0.00614833
6.98835	0.00585854
6.9886	0.00456267
6.98884	0.00154307
6.98909	-0.00261935
6.98933	-0.00407056
6.98958	-0.00068784
6.98982	0.00377508
6.99007	0.00411436
6.99031	0.000891028
6.99056	-0.000106054
6.9908	0.00382735
6.99105	0.00740775
6.99129	0.00404398
6.99153	-0.00355414
6.99178	-0.00518974
6.99202	0.00212539
6.99227	0.00842152
6.99251	0.00594331
6.99276	0.00256127
6.993	0.00878425
6.99325	0.0171017
6.99349	0.0106435
6.99374	-0.00826557
6.99398	-0.0169225
6.99423	-0.00479389
6.99447	0.0105635
6.99471	0.00970362
6.99496	-0.00227728
6.9952	-0.00808182
6.99545	-0.00388462
6.99569	0.00199846
6.99594	0.00604415
6.99618	0.00970093
6.99643	0.0096962
6.99667	0.00292936
6.99692	-0.00399817
6.99716	-0.00338743
6.99741	0.000512227
6.99765	-0.000150672
6.99789	-0.0015011
6.99814	0.00426507
6.99838	0.0109394
6.99863	0.00547535
6.99887	-0.00869113
6.99912	-0.0132041
6.99936	-0.00197454
6.99961	0.00906506
6.99985	0.00472305
7.0001	-0.00944188
7.00034	-0.0166218
7.00059	-0.00965006
7.00083	0.00369868
7.00107	0.0110843
7.00132	0.00732756
7.00156	-0.00125864
7.00181	-0.00367437
7.00205	0.00197642
7.0023	0.00473329
7.00254	-0.0039057
7.00279	-0.0156825
7.00303	-0.0155438
7.00328	-0.00277846
7.00352	0.00843919
7.00376	0.00878609
7.00401	0.00326115
7.00425	-3.81824e-05
7.0045	-0.0002495
7.00474	0.000144599
7.00499	0.00083338
7.00523	0.0012442
7.00548	-0.000996841
7.00572	-0.00540789
7.00597	-0.00713423
7.00621	-0.00303792
7.00646	0.00402368
7.0067	0.00867625
7.00694	0.00817339
7.00719	0.00382102
7.00743	-5.1675e-05
7.00768	0.000674747
7.00792	0.00489521
7.00817	0.00606782
7.00841	0.000393448
7.00866	-0.00687086
7.0089	-0.00742309
7.00915	-0.000661603
7.00939	0.00582911
7.00964	0.00580668
7.00988	0.00109565
7.01012	-0.00103878
7.01037	0.00395772
7.01061	0.011491
7.01086	0.0109908
7.0111	-0.00050462
7.01135	-0.0104392
7.01159	-0.00471189
7.01184	0.0113919
7.01208	0.0178044
7.01233	0.0073837
7.01257	-0.00424955
7.01282	-0.0023336
7.01306	0.0070081
7.0133	0.00974688
7.01355	0.00514493
7.01379	0.00207463
7.01404	0.00290216
7.01428	0.00316587
7.01453	0.00133288
7.01477	-0.0012329
7.01502	-0.00456204
7.01526	-0.00667787
7.01551	-0.00327397
7.01575	0.00260491
7.01599	0.000948419
7.01624	-0.00768162
7.01648	-0.00845449
7.01673	0.00372346
7.01697	0.0120471
7.01722	0.00384363
7.01746	-0.00720428
7.01771	-0.00336454
7.01795	0.00740004
7.0182	0.00650314
7.01844	-0.00268369
7.01869	-0.00297779
7.01893	0.00437655
7.01917	0.00310925
7.01942	-0.0066168
7.01966	-0.00752471
7.01991	0.00427444
7.02015	0.0134789
7.0204	0.0118191
7.02064	0.00666511
7.02089	0.00207655
7.02113	-0.00552791
7.02138	-0.0111961
7.02162	-0.00473013
7.02187	0.00747901
7.02211	0.00797467
7.02235	-0.00174262
7.0226	-0.00231563
7.02284	0.00868655
7.02309	0.0112261
7.02333	-0.000715829
7.02358	-0.0062693
7.02382	0.00672856
7.02407	0.020774
7.02431	0.0185745
7.02456	0.00876268
7.0248	0.00466942
7.02505	0.000941171
7.02529	-0.00910265
7.02553	-0.013934
7.02578	-0.00343729
7.02602	0.00910689
7.02627	0.00647356
7.02651	-0.00505977
7.02676	-0.00801961
7.027	-0.000762827
7.02725	0.00712913
7.02749	0.0139739
7.02774	0.0210701
7.02798	0.0206474
7.02822	0.00863908
7.02847	-0.00166615
7.02871	0.00141124
7.02896	0.0067409
7.0292	-0.000744284
7.02945	-0.0115546
7.02969	-0.00640368
7.02994	0.009441
7.03018	0.0131031
7.03043	0.000740753
7.03067	-0.00895921
7.03092	-0.00659445
7.03116	-0.00226496
7.0314	-0.00277279
7.03165	-0.00242636
7.03189	9.4553e-06
7.03214	-0.0026448
7.03238	-0.00819047
7.03263	-0.00418528
7.03287	0.00906176
7.03312	0.0144017
7.03336	0.00428812
7.03361	-0.00695944
7.03385	-0.00598013
7.0341	0.00150688
7.03434	0.00506564
7.03458	0.00613756
7.03483	0.00900647
7.03507	0.00911099
7.03532	0.00296069
7.03556	-0.00159054
7.03581	0.00230433
7.03605	0.00732939
7.0363	0.00403652
7.03654	-0.00192387
7.03679	0.00145647
7.03703	0.0117057
7.03728	0.0141535
7.03752	0.00407355
7.03776	-0.0061633
7.03801	-0.00458825
7.03825	0.0049979
7.0385	0.00969357
7.03874	0.00443393
7.03899	-0.00255482
7.03923	-0.000652021
7.03948	0.00932824
7.03972	0.0148266
7.03997	0.00675341
7.04021	-0.00764789
7.04045	-0.0123989
7.0407	-0.0026935
7.04094	0.0095691
7.04119	0.01186
7.04143	0.00557954
7.04168	0.000641884
7.04192	0.00191136
7.04217	0.00681963
7.04241	0.0118337
7.04266	0.0147755
7.0429	0.0134769
7.04315	0.00835344
7.04339	0.00477704
7.04363	0.00709142
7.04388	0.0110431
7.04412	0.00795627
7.04437	-0.00299674
7.04461	-0.0119585
7.04486	-0.00987817
7.0451	0.000794952
7.04535	0.00950454
7.04559	0.00950026
7.04584	0.00374917
7.04608	-6.64776e-05
7.04633	0.00213942
7.04657	0.00801615
7.04681	0.0123559
7.04706	0.0119283
7.0473	0.00752087
7.04755	0.0030841
7.04779	0.00301031
7.04804	0.00833318
7.04828	0.0148611
7.04853	0.0168313
7.04877	0.0133049
7.04902	0.0089723
7.04926	0.00782709
7.04951	0.00901226
7.04975	0.0105128
7.04999	0.0129525
7.05024	0.016293
7.05048	0.0166641
7.05073	0.0116427
7.05097	0.00580714
7.05122	0.00496247
7.05146	0.00698735
7.05171	0.00557656
7.05195	0.0018231
7.0522	0.00351361
7.05244	0.0119648
7.05268	0.0184326
7.05293	0.0167335
7.05317	0.0114392
7.05342	0.00914478
7.05366	0.00913974
7.05391	0.00855788
7.05415	0.0100262
7.0544	0.0165476
7.05464	0.0234591
7.05489	0.0235987
7.05513	0.0179562
7.05538	0.0139124
7.05562	0.0146175
7.05586	0.016743
7.05611	0.0173442
7.05635	0.0164296
7.0566	0.0138681
7.05684	0.0101379
7.05709	0.0090703
7.05733	0.0130691
7.05758	0.0164627
7.05782	0.0112941
7.05807	-8.51555e-05
7.05831	-0.00627991
7.05856	-0.00234626
7.0588	0.0038755
7.05904	0.00401755
7.05929	0.000480344
7.05953	0.000776064
7.05978	0.00600789
7.06002	0.0102409
7.06027	0.00846193
7.06051	0.00160898
7.06076	-0.00432053
7.061	-0.0029031
7.06125	0.00593336
7.06149	0.0136584
7.06174	0.0122613
7.06198	0.0050249
7.06222	0.00140649
7.06247	0.00188715
7.06271	-0.00168001
7.06296	-0.00876387
7.0632	-0.00650301
7.06345	0.00950074
7.06369	0.0233674
7.06394	0.0197164
7.06418	0.00654722
7.06443	0.00284598
7.06467	0.0099209
7.06491	0.0119824
7.06516	0.00321285
7.0654	-0.00340311
7.06565	0.00226707
7.06589	0.0121564
7.06614	0.0135877
7.06638	0.00733554
7.06663	0.00361762
7.06687	0.00678245
7.06712	0.0118425
7.06736	0.012909
7.06761	0.00933522
7.06785	0.00479814
7.06809	0.00314897
7.06834	0.0044239
7.06858	0.00500065
7.06883	0.00332086
7.06907	0.00285697
7.06932	0.00560317
7.06956	0.00657732
7.06981	0.00154278
7.07005	-0.00364526
7.0703	-0.000823571
7.07054	0.00595199
7.07079	0.00519509
7.07103	-0.00325382
7.07127	-0.00693897
7.07152	-4.11745e-05
7.07176	0.00882204
7.07201	0.0116156
7.07225	0.0111636
7.0725	0.0113225
7.07274	0.00918975
7.07299	0.0038739
7.07323	0.0017807
7.07348	0.00560326
7.07372	0.00834417
7.07397	0.00567339
7.07421	0.00348571
7.07445	0.00526049
7.0747	0.0037892
7.07494	-0.00456246
7.07519	-0.00937366
7.07543	-0.00232716
7.07568	0.00733384
7.07592	0.00792241
7.07617	0.00562775
7.07641	0.0124893
7.07666	0.0221086
7.0769	0.0174619
7.07715	-0.000309537
7.07739	-0.0110439
7.07763	-0.00462574
7.07788	0.00682483
7.07812	0.0092552
7.07837	0.00379551
7.07861	-0.00107189
7.07886	-0.00149604
7.0791	0.00244228
7.07935	0.00865213
7.07959	0.0107007
7.07984	0.00372578
7.08008	-0.00512541
7.08032	-0.003454
7.08057	0.00703905
7.08081	0.0106963
7.08106	0.00104742
7.0813	-0.00960033
7.08155	-0.00941031
7.08179	-0.00281844
7.08204	0.000403345
7.08228	-0.000346059
7.08253	-0.00195066
7.08277	-0.00631545
7.08302	-0.0129962
7.08326	-0.0129584
7.0835	-0.00177259
7.08375	0.00893551
7.08399	0.00631516
7.08424	-0.00371531
7.08448	-0.00546903
7.08473	0.00170095
7.08497	0.00344281
7.08522	-0.00523678
7.08546	-0.011804
7.08571	-0.00672353
7.08595	0.00181474
7.0862	0.00171553
7.08644	-0.00484299
7.08668	-0.00706612
7.08693	-0.00280297
7.08717	0.000618621
7.08742	4.43327e-05
7.08766	0.000500323
7.08791	0.00491451
7.08815	0.00862743
7.0884	0.00713481
7.08864	0.00254595
7.08889	-0.00128917
7.08913	-0.00414435
7.08938	-0.00542754
7.08962	-0.000898579
7.08986	0.00976285
7.09011	0.0168819
7.09035	0.0114339
7.0906	-0.000540162
7.09084	-0.00434582
7.09109	0.00260388
7.09133	0.00757344
7.09158	0.00248414
7.09182	-0.00462159
7.09207	-0.00394622
7.09231	0.00120843
7.09255	0.00275839
7.0928	0.00187836
7.09304	0.00380303
7.09329	0.00557028
7.09353	0.00123992
7.09378	-0.00515428
7.09402	-0.00459856
7.09427	0.00152163
7.09451	0.00375811
7.09476	0.00105531
7.095	0.00157308
7.09525	0.00643967
7.09549	0.00643894
7.09573	-0.00156109
7.09598	-0.00753207
7.09622	-0.0035655
7.09647	0.00401471
7.09671	0.00460297
7.09696	-0.00235571
7.0972	-0.00919801
7.09745	-0.0102115
7.09769	-0.00521528
7.09794	0.00151131
7.09818	0.00291179
7.09843	-0.00375662
7.09867	-0.00971531
7.09891	-0.00352406
7.09916	0.0104344
7.0994	0.0140513
7.09965	0.00147049
7.09989	-0.0100125
7.10014	-0.00450639
7.10038	0.00917917
7.10063	0.0122559
7.10087	0.00449277
7.10112	0.00129425
7.10136	0.00733577
7.10161	0.0111801
7.10185	0.00618806
7.10209	-0.000155591
7.10234	-0.00170159
7.10258	-0.00358058
7.10283	-0.00992628
7.10307	-0.0138101
7.10332	-0.00827709
7.10356	0.00146125
7.10381	0.00603076
7.10405	0.00543555
7.1043	0.00537988
7.10454	0.00532903
7.10478	0.000729561
7.10503	-0.00535558
7.10527	-0.00361984
7.10552	0.00742035
7.10576	0.0175384
7.10601	0.0177452
7.10625	0.0103294
7.1065	0.00300776
7.10674	-0.000610302
7.10699	-0.000675267
7.10723	0.00301092
7.10748	0.00896663
7.10772	0.0117202
7.10796	0.0077833
7.10821	0.00181221
7.10845	0.000819019
7.1087	0.00383187
7.10894	0.00387011
7.10919	-0.000459189
7.10943	-0.00283706
7.10968	8.68341e-06
7.10992	0.00290601
7.11017	0.000891221
7.11041	-0.00325954
7.11066	-0.0045182
7.1109	-0.00299969
7.11114	-0.000792824
7.11139	0.00329357
7.11163	0.00940256
7.11188	0.0114492
7.11212	0.0042378
7.11237	-0.00649755
7.11261	-0.00929366
7.11286	-0.00193583
7.1131	0.00614576
7.11335	0.0071556
7.11359	0.0036328
7.11384	0.00194698
7.11408	0.00344201
7.11432	0.00536587
7.11457	0.00612088
7.11481	0.00596228
7.11506	0.00510048
7.1153	0.00390072
7.11555	0.00345981
7.11579	0.00437179
7.11604	0.0060222
7.11628	0.00738077
7.11653	0.00734392
7.11677	0.00517878
7.11701	0.00255852
7.11726	0.00342144
7.1175	0.00879185
7.11775	0.0136732
7.11799	0.0130088
7.11824	0.00862535
7.11848	0.0053581
7.11873	0.0028235
7.11897	-0.00198628
7.11922	-0.00562189
7.11946	-0.000897775
7.11971	0.0101387
7.11995	0.0153599
7.12019	0.00848473
7.12044	-0.00212403
7.12068	-0.00549859
7.12093	-0.00182051
7.12117	0.00171654
7.12142	0.00245555
7.12166	0.00254965
7.12191	0.00252961
7.12215	0.00216902
7.1224	0.00427471
7.12264	0.00995575
7.12289	0.0129541
7.12313	0.00710341
7.12337	-0.00221681
7.12362	-0.00336675
7.12386	0.00454444
7.12411	0.00964962
7.12435	0.0049758
7.1246	-0.00149644
7.12484	-7.14987e-05
7.12509	0.0058431
7.12533	0.00704543
7.12558	0.00491654
7.12582	0.00886964
7.12607	0.0186686
7.12631	0.0218434
7.12655	0.0128664
7.1268	0.00406374
7.12704	0.00879518
7.12729	0.0209534
7.12753	0.0226694
7.12778	0.00987865
7.12802	-0.00195671
7.12827	0.000227123
7.12851	0.0103387
7.12876	0.0141519
7.129	0.00897303
7.12924	0.00407271
7.12949	0.00599619
7.12973	0.0119454
7.12998	0.0165534
7.13022	0.0179071
7.13047	0.0159807
7.13071	0.0107088
7.13096	0.00392379
7.1312	0.000211426
7.13145	0.00344086
7.13169	0.0124773
7.13194	0.020419
7.13218	0.0192274
7.13242	0.00784603
7.13267	-0.00454221
7.13291	-0.00749086
7.13316	-0.00182121
7.1334	0.0024332
7.13365	0.00131638
7.13389	0.00170777
7.13414	0.00724026
7.13438	0.00963704
7.13463	0.00215031
7.13487	-0.00715511
7.13512	-0.00664907
7.13536	0.000920443
7.1356	0.00430389
7.13585	0.00258015
7.13609	0.00372202
7.13634	0.00733006
7.13658	0.00501273
7.13683	-0.00180879
7.13707	-0.00131214
7.13732	0.00806767
7.13756	0.0128073
7.13781	0.00628417
7.13805	-0.000125886
7.1383	0.00331636
7.13854	0.00879302
7.13878	0.00632961
7.13903	0.00207067
7.13927	0.00655744
7.13952	0.0146511
7.13976	0.0135617
7.14001	0.00478043
7.14025	0.00141624
7.1405	0.00656214
7.14074	0.0103457
7.14099	0.00820748
7.14123	0.00663295
7.14147	0.0084718
7.14172	0.00709965
7.14196	0.000142278
7.14221	-0.00365218
7.14245	0.00180339
7.1427	0.00946999
7.14294	0.0103652
7.14319	0.00692979
7.14343	0.00658694
7.14368	0.00859669
7.14392	0.00723128
7.14417	0.0039483
7.14441	0.00558389
7.14465	0.011229
7.1449	0.0115639
7.14514	0.00404346
7.14539	-0.000476019
7.14563	0.00739189
7.14588	0.020218
7.14612	0.0221344
7.14637	0.0108203
7.14661	0.00174379
7.14686	0.00749735
7.1471	0.0207038
7.14735	0.0243505
7.14759	0.0146108
7.14783	0.004253
7.14808	0.00371594
7.14832	0.00824186
7.14857	0.0077546
7.14881	0.00208494
7.14906	-0.000590185
7.1493	0.00333337
7.14955	0.00879902
7.14979	0.0102088
7.15004	0.00789188
7.15028	0.0057512
7.15053	0.00632942
7.15077	0.00900271
7.15101	0.0105727
7.15126	0.00795885
7.1515	0.0026709
7.15175	0.00112131
7.15199	0.00684107
7.15224	0.0137385
7.15248	0.0121617
7.15273	0.0018303
7.15297	-0.00656512
7.15322	-0.00431324
7.15346	0.00538224
7.1537	0.012885
7.15395	0.0134104
7.15419	0.00931863
7.15444	0.00430711
7.15468	8.3367e-05
7.15493	-0.00202771
7.15517	-0.000456085
7.15542	0.00431913
7.15566	0.00883676
7.15591	0.00933028
7.15615	0.00513442
7.1564	-0.000560246
7.15664	-0.00328514
7.15688	-0.00137248
7.15713	0.00237123
7.15737	0.00423994
7.15762	0.00472014
7.15786	0.0074296
7.15811	0.0120574
7.15835	0.0121251
7.1586	0.00336973
7.15884	-0.00814314
7.15909	-0.0115665
7.15933	-0.00467377
7.15958	0.00353706
7.15982	0.00490938
7.16006	0.00147836
7.16031	-0.000246181
7.16055	0.000566697
7.1608	2.58331e-05
7.16104	-0.00229981
7.16129	-0.00256078
7.16153	0.000361405
7.16178	0.00300376
7.16202	0.0036086
7.16227	0.0049041
7.16251	0.00844388
7.16276	0.0110448
7.163	0.0100366
7.16324	0.00778433
7.16349	0.00693038
7.16373	0.00500566
7.16398	-0.000817124
7.16422	-0.00642204
7.16447	-0.00518752
7.16471	0.000925396
7.16496	0.00224546
7.1652	-0.00457787
7.16545	-0.0104851
7.16569	-0.00656877
7.16594	0.00272376
7.16618	0.00590903
7.16642	0.00116647
7.16667	-0.00164669
7.16691	0.00353736
7.16716	0.00968543
7.1674	0.00757741
7.16765	0.00011716
7.16789	-0.00169946
7.16814	0.00521778
7.16838	0.0120873
7.16863	0.0110872
7.16887	0.00469297
7.16911	-0.000870365
7.16936	-0.00459288
7.1696	-0.00760615
7.16985	-0.00674825
7.17009	0.000804942
7.17034	0.00935708
7.17058	0.00989996
7.17083	0.00324929
7.17107	-0.000539475
7.17132	0.00277579
7.17156	0.00583991
7.17181	0.00247865
7.17205	-0.00212899
7.17229	-0.000196456
7.17254	0.00628859
7.17278	0.0097778
7.17303	0.0094511
7.17327	0.0106026
7.17352	0.0136021
7.17376	0.0124211
7.17401	0.00537632
7.17425	-0.000114354
7.1745	0.00311372
7.17474	0.0125166
7.17499	0.0192193
7.17523	0.0181779
7.17547	0.0122075
7.17572	0.00751563
7.17596	0.0075202
7.17621	0.0105957
7.17645	0.0125304
7.1767	0.0109413
7.17694	0.0074579
7.17719	0.00574569
7.17743	0.00781638
7.17768	0.0119947
7.17792	0.013673
7.17817	0.00917133
7.17841	0.00105094
7.17865	-0.00189653
7.1789	0.0055467
7.17914	0.0158985
7.17939	0.0163424
7.17963	0.00666185
7.17988	0.00133017
7.18012	0.00886784
7.18037	0.0179494
7.18061	0.0132708
7.18086	-0.00147037
7.1811	-0.00891786
7.18134	-0.00322808
7.18159	0.00417035
7.18183	0.00486737
7.18208	0.00479171
7.18232	0.00945429
7.18257	0.0111438
7.18281	0.00166095
7.18306	-0.0108133
7.1833	-0.010692
7.18355	0.00238844
7.18379	0.0123215
7.18404	0.00875015
7.18428	-0.000137283
7.18452	-0.00110214
7.18477	0.00621897
7.18501	0.011769
7.18526	0.0109561
7.1855	0.00986511
7.18575	0.0142608
7.18599	0.0203077
7.18624	0.0206554
7.18648	0.0164292
7.18673	0.0167728
7.18697	0.0254058
7.18722	0.0334493
7.18746	0.0305175
7.1877	0.01966
7.18795	0.0142122
7.18819	0.0197776
7.18844	0.0272104
7.18868	0.0269999
7.18893	0.0231456
7.18917	0.0252082
7.18942	0.0316836
7.18966	0.0322148
7.18991	0.0257221
7.19015	0.0241437
7.1904	0.0335467
7.19064	0.0427012
7.19088	0.0396434
7.19113	0.0309361
7.19137	0.0313265
7.19162	0.0393823
7.19186	0.0399611
7.19211	0.0310027
7.19235	0.0292098
7.1926	0.0420149
7.19284	0.0518156
7.19309	0.0421166
7.19333	0.0252448
7.19357	0.0246768
7.19382	0.0384154
7.19406	0.042616
7.19431	0.0294083
7.19455	0.0170977
7.1948	0.0181549
7.19504	0.0202575
7.19529	0.0105499
7.19553	-0.000948997
7.19578	0.00130855
7.19602	0.0119044
7.19627	0.0141667
7.19651	0.00742733
7.19675	0.00530772
7.197	0.0111231
7.19724	0.0138215
7.19749	0.00839506
7.19773	0.00350735
7.19798	0.00579668
7.19822	0.0106961
7.19847	0.0132289
7.19871	0.015805
7.19896	0.0201546
7.1992	0.0222685
7.19945	0.0214846
7.19969	0.0251714
7.19993	0.0369057
7.20018	0.0474176
7.20042	0.0458576
7.20067	0.0354125
7.20091	0.029181
7.20116	0.0326789
7.2014	0.0386269
7.20165	0.0396886
7.20189	0.0388851
7.20214	0.0430159
7.20238	0.0501701
7.20263	0.0509553
7.20287	0.0428549
7.20311	0.0362395
7.20336	0.0404786
7.2036	0.0491174
7.20385	0.0483114
7.20409	0.0383012
7.20434	0.0341817
7.20458	0.0422677
7.20483	0.0488833
7.20507	0.0410358
7.20532	0.0267453
7.20556	0.0223543
7.2058	0.0280844
7.20605	0.0312254
7.20629	0.0285717
7.20654	0.0289652
7.20678	0.0343828
7.20703	0.0351313
7.20727	0.0271975
7.20752	0.0200958
7.20776	0.0220182
7.20801	0.0288118
7.20825	0.0331797
7.2085	0.0341575
7.20874	0.0316951
7.20898	0.0225642
7.20923	0.00918553
7.20947	0.00304804
7.20972	0.01028
7.20996	0.0210739
7.21021	0.0226883
7.21045	0.0169867
7.2107	0.0151095
7.21094	0.0191314
7.21119	0.0204085
7.21143	0.0154889
7.21168	0.0127045
7.21192	0.0192534
7.21216	0.0292371
7.21241	0.0306363
7.21265	0.0210898
7.2129	0.0106932
7.21314	0.00861761
7.21339	0.0121722
7.21363	0.0129307
7.21388	0.00990801
7.21412	0.00929321
7.21437	0.0116624
7.21461	0.0093206
7.21486	0.000621073
7.2151	-0.00307445
7.21534	0.00630626
7.21559	0.0182926
7.21583	0.0173113
7.21608	0.00648771
7.21632	0.00360311
7.21657	0.014568
7.21681	0.0259632
7.21706	0.0262397
7.2173	0.0199717
7.21755	0.0157809
7.21779	0.0129328
7.21803	0.00776433
7.21828	0.00354307
7.21852	0.00527621
7.21877	0.0112372
7.21901	0.0166498
7.21926	0.0206213
7.2195	0.024241
7.21975	0.0271517
7.21999	0.0301722
7.22024	0.035647
7.22048	0.0419439
7.22073	0.0441673
7.22097	0.043011
7.22121	0.0447944
7.22146	0.049712
7.2217	0.0498993
7.22195	0.0438354
7.22219	0.0419555
7.22244	0.0507714
7.22268	0.0611841
7.22293	0.0613591
7.22317	0.0531982
7.22342	0.047038
7.22366	0.0467847
7.22391	0.049076
7.22415	0.0512093
7.22439	0.0516142
7.22464	0.0478128
7.22488	0.0411012
7.22513	0.0375307
7.22537	0.0381697
7.22562	0.035906
7.22586	0.0283667
7.22611	0.0246869
7.22635	0.0311109
7.2266	0.0394954
7.22684	0.0397462
7.22709	0.0337911
7.22733	0.0267013
7.22757	0.015349
7.22782	-0.000592145
7.22806	-0.00780902
7.22831	0.00331451
7.22855	0.0196731
7.2288	0.0225624
7.22904	0.0162165
7.22929	0.0186092
7.22953	0.0299638
7.22978	0.0340016
7.23002	0.0278783
7.23026	0.0257712
7.23051	0.0313092
7.23075	0.031667
7.231	0.0239564
7.23124	0.0226074
7.23149	0.0322782
7.23173	0.0374636
7.23198	0.030312
7.23222	0.0257532
7.23247	0.0347117
7.23271	0.0441641
7.23296	0.0413634
7.2332	0.0376453
7.23344	0.0469574
7.23369	0.0583778
7.23393	0.0547421
7.23418	0.0447441
7.23442	0.0488983
7.23467	0.062932
7.23491	0.0650083
7.23516	0.0552668
7.2354	0.0565198
7.23565	0.072752
7.23589	0.0784747
7.23614	0.0603292
7.23638	0.0416091
7.23662	0.0478723
7.23687	0.0693338
7.23711	0.0780627
7.23736	0.06748
7.2376	0.0528703
7.23785	0.042654
7.23809	0.032447
7.23834	0.0241888
7.23858	0.0285058
7.23883	0.0444686
7.23907	0.0549993
7.23932	0.0494933
7.23956	0.037842
7.2398	0.0342901
7.24005	0.0379435
7.24029	0.0383614
7.24054	0.0330581
7.24078	0.0293768
7.24103	0.03212
7.24127	0.0377693
7.24152	0.0405795
7.24176	0.0386378
7.24201	0.0336038
7.24225	0.0283766
7.2425	0.0252328
7.24274	0.0240845
7.24298	0.0232597
7.24323	0.0230478
7.24347	0.0256224
7.24372	0.0296038
7.24396	0.0291341
7.24421	0.0223498
7.24445	0.016426
7.2447	0.0184143
7.24494	0.0248514
7.24519	0.0277582
7.24543	0.0278101
7.24567	0.0320737
7.24592	0.0399196
7.24616	0.042292
7.24641	0.036715
7.24665	0.0319357
7.2469	0.0337109
7.24714	0.0367975
7.24739	0.0367127
7.24763	0.0382304
7.24788	0.0438688
7.24812	0.0448753
7.24837	0.0354306
7.24861	0.0267641
7.24885	0.0327171
7.2491	0.0476538
7.24934	0.054649
7.24959	0.0513668
7.24983	0.0500352
7.25008	0.0532223
7.25032	0.0495766
7.25057	0.0367384
7.25081	0.0285062
7.25106	0.0316773
7.2513	0.0341968
7.25155	0.0270507
7.25179	0.0209066
7.25203	0.0268897
7.25228	0.0355985
7.25252	0.0325166
7.25277	0.0228351
7.25301	0.0217084
7.25326	0.0276532
7.2535	0.0260034
7.25375	0.0148775
7.25399	0.00742791
7.25424	0.00876267
7.25448	0.00992328
7.25473	0.00689614
7.25497	0.00739497
7.25521	0.0143472
7.25546	0.0192064
7.2557	0.0175563
7.25595	0.0163633
7.25619	0.0192617
7.25644	0.0190202
7.25668	0.0122148
7.25693	0.00773199
7.25717	0.0118005
7.25742	0.0168855
7.25766	0.0150343
7.2579	0.0109393
7.25815	0.0117792
7.25839	0.0146377
7.25864	0.0144879
7.25888	0.0147909
7.25913	0.0191943
7.25937	0.021885
7.25962	0.0173689
7.25986	0.011145
7.26011	0.00972146
7.26035	0.00948407
7.2606	0.00704332
7.26084	0.00973132
7.26108	0.0214345
7.26133	0.0287251
7.26157	0.0186839
7.26182	0.00186882
7.26206	-0.00166761
7.26231	0.00775613
7.26255	0.0140846
7.2628	0.0138038
7.26304	0.0160738
7.26329	0.0181697
7.26353	0.00737531
7.26378	-0.0109901
7.26402	-0.0143508
7.26426	0.00182259
7.26451	0.0145816
7.26475	0.0087369
7.265	-0.00236989
7.26524	-0.00314192
7.26549	0.000643406
7.26573	-3.79882e-05
7.26598	0.00248932
7.26622	0.0149173
7.26647	0.0236734
7.26671	0.0155044
7.26696	0.00314293
7.2672	0.00695806
7.26744	0.02134
7.26769	0.0236232
7.26793	0.0104015
7.26818	0.000897673
7.26842	0.00563422
7.26867	0.0137875
7.26891	0.0140497
7.26916	0.00956092
7.2694	0.00767278
7.26965	0.00897409
7.26989	0.010726
7.27013	0.0109959
7.27038	0.00771818
7.27062	0.00202367
7.27087	0.000817741
7.27111	0.00709497
7.27136	0.0119247
7.2716	0.00713789
7.27185	0.000414419
7.27209	0.00385334
7.27234	0.0129635
7.27258	0.0139019
7.27283	0.00766232
7.27307	0.00748381
7.27331	0.013421
7.27356	0.0109713
7.2738	-0.00198587
7.27405	-0.00813109
7.27429	0.00235856
7.27454	0.0164084
7.27478	0.0185106
7.27503	0.0106505
7.27527	0.00280486
7.27552	-0.00167433
7.27576	-0.00182667
7.27601	0.00571266
7.27625	0.017197
7.27649	0.0203881
7.27674	0.0127838
7.27698	0.008489
7.27723	0.0162474
7.27747	0.0237313
7.27772	0.0166302
7.27796	0.00158125
7.27821	-0.00485641
7.27845	-0.00100961
7.2787	0.0016599
7.27894	-0.00117653
7.27919	-0.00313867
7.27943	-0.000381002
7.27967	0.0042614
7.27992	0.00806522
7.28016	0.00962705
7.28041	0.00693721
7.28065	0.00271358
7.2809	0.00577963
7.28114	0.0178913
7.28139	0.0264704
7.28163	0.0213791
7.28188	0.0110051
7.28212	0.0087193
7.28236	0.0115378
7.28261	0.00840968
7.28285	0.00271812
7.2831	0.00678898
7.28334	0.0172061
7.28359	0.0170651
7.28383	0.00430065
7.28408	-0.00315702
7.28432	0.00429299
7.28457	0.0140109
7.28481	0.0136662
7.28506	0.00960686
7.2853	0.0113518
7.28554	0.0136764
7.28579	0.00872045
7.28603	0.00370892
7.28628	0.00991959
7.28652	0.021707
7.28677	0.023404
7.28701	0.0135041
7.28726	0.00599219
7.2875	0.00800422
7.28775	0.0112445
7.28799	0.00862746
7.28824	0.00609723
7.28848	0.0114656
7.28872	0.0213262
7.28897	0.0270482
7.28921	0.0273518
7.28946	0.0267958
7.2897	0.0259056
7.28995	0.0214934
7.29019	0.0154233
7.29044	0.0145232
7.29068	0.0201674
7.29093	0.0251426
7.29117	0.0243437
7.29142	0.0225695
7.29166	0.0265077
7.2919	0.0335855
7.29215	0.0356292
7.29239	0.0311374
7.29264	0.02643
7.29288	0.0251734
7.29313	0.0244444
7.29337	0.0222027
7.29362	0.0211339
7.29386	0.0228529
7.29411	0.025403
7.29435	0.029069
7.29459	0.0366571
7.29484	0.0446553
7.29508	0.0438275
7.29533	0.0346775
7.29557	0.0317915
7.29582	0.042986
7.29606	0.0539597
7.29631	0.0477902
7.29655	0.0325445
7.2968	0.0317159
7.29704	0.0494384
7.29729	0.0645744
7.29753	0.0627175
7.29777	0.0553283
7.29802	0.0582436
7.29826	0.0672084
7.29851	0.0682131
7.29875	0.0611666
7.299	0.0577335
7.29924	0.060989
7.29949	0.0622608
7.29973	0.0576661
7.29998	0.0551415
7.30022	0.062101
7.30047	0.0749334
7.30071	0.0846064
7.30095	0.0869585
7.3012	0.0839986
7.30144	0.0790549
7.30169	0.0743325
7.30193	0.0715136
7.30218	0.071647
7.30242	0.0737605
7.30267	0.074907
7.30291	0.0735612
7.30316	0.0734325
7.3034	0.080694
7.30365	0.0943369
7.30389	0.102973
7.30413	0.0977783
7.30438	0.0864214
7.30462	0.0848458
7.30487	0.0950203
7.30511	0.102167
7.30536	0.0976247
7.3056	0.0919247
7.30585	0.0970525
7.30609	0.107247
7.30634	0.109773
7.30658	0.106412
7.30682	0.109384
7.30707	0.120381
7.30731	0.129284
7.30756	0.13287
7.3078	0.139624
7.30805	0.153452
7.30829	0.166073
7.30854	0.170419
7.30878	0.171002
7.30903	0.176157
7.30927	0.189089
7.30952	0.210694
7.30976	0.24194
7.31	0.278782
7.31025	0.313721
7.31049	0.34767
7.31074	0.391688
7.31098	0.451226
7.31123	0.516619
7.31147	0.574805
7.31172	0.622187
7.31196	0.660183
7.31221	0.688055
7.31245	0.709245
7.3127	0.736922
7.31294	0.782961
7.31318	0.846148
7.31343	0.91836
7.31367	0.994614
7.31392	1.06739
7.31416	1.11908
7.31441	1.1334
7.31465	1.11136
7.3149	1.06609
7.31514	1.00817
7.31539	0.947803
7.31563	0.903917
7.31588	0.892619
7.31612	0.907267
7.31636	0.926337
7.31661	0.941223
7.31685	0.959367
7.3171	0.978893
7.31734	0.981662
7.31759	0.960847
7.31783	0.937293
7.31808	0.933946
7.31832	0.946406
7.31857	0.95483
7.31881	0.957335
7.31906	0.974711
7.3193	1.02389
7.31954	1.10193
7.31979	1.19944
7.32003	1.31861
7.32028	1.4714
7.32052	1.66532
7.32077	1.89722
7.32101	2.1585
7.32126	2.43915
7.3215	2.72391
7.32175	2.99113
7.32199	3.22636
7.32223	3.43757
7.32248	3.6456
7.32272	3.85505
7.32297	4.04886
7.32321	4.22257
7.32346	4.40674
7.3237	4.63265
7.32395	4.8865
7.32419	5.12845
7.32444	5.35459
7.32468	5.60295
7.32493	5.88717
7.32517	6.15929
7.32541	6.35978
7.32566	6.47338
7.3259	6.50629
7.32615	6.4364
7.32639	6.22949
7.32664	5.89374
7.32688	5.47647
7.32713	5.00891
7.32737	4.49435
7.32762	3.95531
7.32786	3.45082
7.32811	3.02835
7.32835	2.68895
7.32859	2.41899
7.32884	2.22791
7.32908	2.1285
7.32933	2.0996
7.32957	2.09752
7.32982	2.09581
7.33006	2.09238
7.33031	2.08776
7.33055	2.08166
7.3308	2.08666
7.33104	2.11981
7.33129	2.17751
7.33153	2.23756
7.33177	2.28953
7.33202	2.34516
7.33226	2.41371
7.33251	2.48568
7.33275	2.55342
7.333	2.63605
7.33324	2.76931
7.33349	2.9756
7.33373	3.25696
7.33398	3.61557
7.33422	4.0655
7.33446	4.6152
7.33471	5.24672
7.33495	5.92501
7.3352	6.62763
7.33544	7.3515
7.33569	8.08307
7.33593	8.77377
7.33618	9.36094
7.33642	9.81042
7.33667	10.124
7.33691	10.3069
7.33716	10.349
7.3374	10.2447
7.33764	10.0124
7.33789	9.6761
7.33813	9.23586
7.33838	8.67439
7.33862	7.98806
7.33887	7.20211
7.33911	6.36153
7.33936	5.52083
7.3396	4.73615
7.33985	4.04756
7.34009	3.46493
7.34034	2.98211
7.34058	2.60439
7.34082	2.34804
7.34107	2.21092
7.34131	2.15789
7.34156	2.14033
7.3418	2.11882
7.34205	2.06472
7.34229	1.95876
7.34254	1.80372
7.34278	1.63166
7.34303	1.48527
7.34327	1.39125
7.34352	1.35459
7.34376	1.3703
7.344	1.43073
7.34425	1.52513
7.34449	1.64163
7.34474	1.7698
7.34498	1.89594
7.34523	1.99885
7.34547	2.05778
7.34572	2.06389
7.34596	2.01799
7.34621	1.91943
7.34645	1.76752
7.34669	1.57795
7.34694	1.38997
7.34718	1.2477
7.34743	1.17155
7.34767	1.14941
7.34792	1.1545
7.34816	1.1669
7.34841	1.17579
7.34865	1.16828
7.3489	1.12912
7.34914	1.05655
7.34939	0.970656
7.34963	0.898249
7.34987	0.852197
7.35012	0.8307
7.35036	0.830493
7.35061	0.851172
7.35085	0.891007
7.3511	0.950401
7.35134	1.03761
7.35159	1.15882
7.35183	1.30353
7.35208	1.45233
7.35232	1.59733
7.35257	1.73935
7.35281	1.86781
7.35305	1.9684
7.3533	2.05711
7.35354	2.18141
7.35379	2.3732
7.35403	2.62236
7.35428	2.91265
7.35452	3.25876
7.35477	3.68178
7.35501	4.16812
7.35526	4.68421
7.3555	5.21568
7.35575	5.75268
7.35599	6.24247
7.35623	6.59929
7.35648	6.76791
7.35672	6.74432
7.35697	6.53271
7.35721	6.1303
7.35746	5.57886
7.3577	4.99403
7.35795	4.50659
7.35819	4.18514
7.35844	4.02864
7.35868	4.00377
7.35892	4.05887
7.35917	4.12557
7.35941	4.15224
7.35966	4.14107
7.3599	4.13149
7.36015	4.14937
7.36039	4.18783
7.36064	4.22583
7.36088	4.24276
7.36113	4.2267
7.36137	4.19852
7.36162	4.22527
7.36186	4.38063
7.3621	4.68533
7.36235	5.10131
7.36259	5.57732
7.36284	6.07512
7.36308	6.55473
7.36333	6.96713
7.36357	7.27377
7.36382	7.45372
7.36406	7.48573
7.36431	7.34577
7.36455	7.03739
7.3648	6.61518
7.36504	6.17097
7.36528	5.79793
7.36553	5.55331
7.36577	5.43064
7.36602	5.36852
7.36626	5.31096
7.36651	5.26635
7.36675	5.29624
7.367	5.45644
7.36724	5.77296
7.36749	6.25933
7.36773	6.90502
7.36798	7.63228
7.36822	8.30587
7.36846	8.81229
7.36871	9.10987
7.36895	9.19748
7.3692	9.07979
7.36944	8.7881
7.36969	8.39097
7.36993	7.93944
7.37018	7.42593
7.37042	6.83661
7.37067	6.22222
7.37091	5.6738
7.37115	5.24542
7.3714	4.94794
7.37164	4.80635
7.37189	4.86569
7.37213	5.13247
7.37238	5.56041
7.37262	6.11177
7.37287	6.7892
7.37311	7.5776
7.37336	8.384
7.3736	9.06698
7.37385	9.51426
7.37409	9.6762
7.37433	9.5511
7.37458	9.18021
7.37482	8.66074
7.37507	8.13088
7.37531	7.71063
7.37556	7.44259
7.3758	7.28284
7.37605	7.14543
7.37629	6.95783
7.37654	6.68197
7.37678	6.29975
7.37703	5.80389
7.37727	5.2163
7.37751	4.59991
7.37776	4.02777
7.378	3.53822
7.37825	3.13203
7.37849	2.80756
7.37874	2.57735
7.37898	2.44775
7.37923	2.40244
7.37947	2.41429
7.37972	2.45951
7.37996	2.51317
7.38021	2.54421
7.38045	2.52607
7.38069	2.44847
7.38094	2.31777
7.38118	2.15484
7.38143	1.99229
7.38167	1.86026
7.38192	1.76964
7.38216	1.71749
7.38241	1.70843
7.38265	1.75713
7.3829	1.8696
7.38314	2.0391
7.38338	2.26419
7.38363	2.55107
7.38387	2.88763
7.38412	3.23064
7.38436	3.5311
7.38461	3.76098
7.38485	3.90633
7.3851	3.95104
7.38534	3.88642
7.38559	3.72887
7.38583	3.51067
7.38608	3.25678
7.38632	2.98573
7.38656	2.72949
7.38681	2.53268
7.38705	2.42351
7.3873	2.39291
7.38754	2.40584
7.38779	2.42566
7.38803	2.42474
7.38828	2.38185
7.38852	2.28386
7.38877	2.13494
7.38901	1.95951
7.38926	1.78945
7.3895	1.64589
7.38974	1.53292
7.38999	1.44445
7.39023	1.36942
7.39048	1.29159
7.39072	1.19691
7.39097	1.08949
7.39121	0.993183
7.39146	0.928093
7.3917	0.889933
7.39195	0.859561
7.39219	0.825745
7.39244	0.788652
7.39268	0.748713
7.39292	0.706803
7.39317	0.671872
7.39341	0.653719
7.39366	0.649443
7.3939	0.649839
7.39415	0.656099
7.39439	0.67452
7.39464	0.696524
7.39488	0.702165
7.39513	0.685537
7.39537	0.659965
7.39561	0.636022
7.39586	0.613096
7.3961	0.597249
7.39635	0.606741
7.39659	0.648353
7.39684	0.702799
7.39708	0.744286
7.39733	0.762538
7.39757	0.757129
7.39782	0.724617
7.39806	0.664526
7.39831	0.589111
7.39855	0.51593
7.39879	0.456221
7.39904	0.415651
7.39928	0.3961
7.39953	0.389691
7.39977	0.381323
7.40002	0.364075
7.40026	0.342261
7.40051	0.315415
7.40075	0.274874
7.401	0.224104
7.40124	0.184882
7.40149	0.169916
7.40173	0.164084
7.40197	0.148019
7.40222	0.126791
7.40246	0.117526
7.40271	0.120064
7.40295	0.120212
7.4032	0.114772
7.40344	0.112693
7.40369	0.114939
7.40393	0.112956
7.40418	0.106466
7.40442	0.104636
7.40467	0.108153
7.40491	0.107062
7.40515	0.0998723
7.4054	0.0991239
7.40564	0.111488
7.40589	0.124943
7.40613	0.124349
7.40638	0.111662
7.40662	0.102105
7.40687	0.104141
7.40711	0.11048
7.40736	0.108976
7.4076	0.0980928
7.40785	0.0885746
7.40809	0.0893575
7.40833	0.0953341
7.40858	0.0941891
7.40882	0.0840932
7.40907	0.0763956
7.40931	0.0783891
7.40956	0.0822491
7.4098	0.0771514
7.41005	0.065568
7.41029	0.0598389
7.41054	0.0662705
7.41078	0.0790385
7.41102	0.0876768
7.41127	0.0865742
7.41151	0.0795997
7.41176	0.0773675
7.412	0.0857303
7.41225	0.0965111
7.41249	0.0967834
7.41274	0.0880744
7.41298	0.0860538
7.41323	0.0980251
7.41347	0.112641
7.41372	0.11793
7.41396	0.117374
7.4142	0.119219
7.41445	0.121138
7.41469	0.117024
7.41494	0.110432
7.41518	0.109091
7.41543	0.112035
7.41567	0.113227
7.41592	0.113147
7.41616	0.116984
7.41641	0.12576
7.41665	0.137525
7.4169	0.15202
7.41714	0.166414
7.41738	0.173154
7.41763	0.170584
7.41787	0.168635
7.41812	0.175018
7.41836	0.183271
7.41861	0.183813
7.41885	0.178439
7.4191	0.173244
7.41934	0.166228
7.41959	0.154777
7.41983	0.147346
7.42008	0.152955
7.42032	0.164862
7.42056	0.169195
7.42081	0.165208
7.42105	0.162834
7.4213	0.164587
7.42154	0.164862
7.42179	0.164248
7.42203	0.169379
7.42228	0.179498
7.42252	0.186706
7.42277	0.189361
7.42301	0.193429
7.42325	0.201435
7.4235	0.211253
7.42374	0.224143
7.42399	0.242576
7.42423	0.261744
7.42448	0.274666
7.42472	0.284476
7.42497	0.301014
7.42521	0.326754
7.42546	0.356038
7.4257	0.385837
7.42595	0.417308
7.42619	0.44948
7.42643	0.481065
7.42668	0.515782
7.42692	0.557854
7.42717	0.606957
7.42741	0.664319
7.42766	0.735263
7.4279	0.818398
7.42815	0.90544
7.42839	1.00225
7.42864	1.13377
7.42888	1.31412
7.42913	1.53264
7.42937	1.78983
7.42961	2.1221
7.42986	2.55766
7.4301	3.06954
7.43035	3.61504
7.43059	4.20347
7.43084	4.86546
7.43108	5.55383
7.43133	6.13775
7.43157	6.51708
7.43182	6.69286
7.43206	6.70445
7.43231	6.55919
7.43255	6.27435
7.43279	5.94507
7.43304	5.70361
7.43328	5.61818
7.43353	5.67273
7.43377	5.82967
7.43402	6.05974
7.43426	6.31233
7.43451	6.50887
7.43475	6.58406
7.435	6.50627
7.43524	6.2552
7.43548	5.82042
7.43573	5.23958
7.43597	4.60519
7.43622	4.00671
7.43646	3.47987
7.43671	3.02539
7.43695	2.65356
7.4372	2.38521
7.43744	2.22163
7.43769	2.13803
7.43793	2.10334
7.43818	2.08938
7.43842	2.06584
7.43866	2.00741
7.43891	1.9111
7.43915	1.79571
7.4394	1.68249
7.43964	1.58472
7.43989	1.51468
7.44013	1.48698
7.44038	1.50998
7.44062	1.58302
7.44087	1.7062
7.44111	1.88342
7.44136	2.1089
7.4416	2.35885
7.44184	2.60488
7.44209	2.83052
7.44233	3.02751
7.44258	3.18615
7.44282	3.30667
7.44307	3.41777
7.44331	3.56402
7.44356	3.76819
7.4438	4.0209
7.44405	4.31163
7.44429	4.64518
7.44454	5.00692
7.44478	5.32984
7.44502	5.52949
7.44527	5.57242
7.44551	5.4861
7.44576	5.30344
7.446	5.03435
7.44625	4.70844
7.44649	4.41045
7.44674	4.23068
7.44698	4.18049
7.44723	4.18235
7.44747	4.14458
7.44771	4.02409
7.44796	3.81502
7.4482	3.51
7.44845	3.10238
7.44869	2.62015
7.44894	2.13114
7.44918	1.70287
7.44943	1.36348
7.44967	1.10488
7.44992	0.91237
7.45016	0.778599
7.45041	0.693547
7.45065	0.638354
7.45089	0.598267
7.45114	0.573628
7.45138	0.568793
7.45163	0.574972
7.45187	0.574044
7.45212	0.557036
7.45236	0.528465
7.45261	0.492804
7.45285	0.447897
7.4531	0.394839
7.45334	0.344057
7.45359	0.305143
7.45383	0.276751
7.45407	0.251952
7.45432	0.228818
7.45456	0.210682
7.45481	0.199285
7.45505	0.191891
7.4553	0.183576
7.45554	0.17111
7.45579	0.156972
7.45603	0.148545
7.45628	0.14862
7.45652	0.148628
7.45677	0.139065
7.45701	0.125318
7.45725	0.122334
7.4575	0.132125
7.45774	0.138739
7.45799	0.130255
7.45823	0.113972
7.45848	0.102925
7.45872	0.0987045
7.45897	0.0968603
7.45921	0.0988548
7.45946	0.106488
7.4597	0.112044
7.45994	0.107173
7.46019	0.096995
7.46043	0.0928951
7.46068	0.0944827
7.46092	0.0911973
7.46117	0.0803768
7.46141	0.0713829
7.46166	0.0710581
7.4619	0.0758629
7.46215	0.079936
7.46239	0.081383
7.46264	0.0789901
7.46288	0.0720095
7.46312	0.0654304
7.46337	0.0665588
7.46361	0.0735403
7.46386	0.0758085
7.4641	0.0692152
7.46435	0.0620625
7.46459	0.0615865
7.46484	0.0632594
7.46508	0.0604673
7.46533	0.057353
7.46557	0.0624403
7.46582	0.0734998
7.46606	0.0789515
7.4663	0.074014
7.46655	0.0665674
7.46679	0.0650257
7.46704	0.0679042
7.46728	0.0691427
7.46753	0.0676228
7.46777	0.0659975
7.46802	0.064346
7.46826	0.0613984
7.46851	0.0595767
7.46875	0.0617958
7.469	0.0643743
7.46924	0.0611093
7.46948	0.0548925
7.46973	0.0558093
7.46997	0.0643547
7.47022	0.0668631
7.47046	0.0550194
7.47071	0.0405407
7.47095	0.0391851
7.4712	0.0470829
7.47144	0.0473829
7.47169	0.0372087
7.47193	0.0315518
7.47217	0.0385245
7.47242	0.0466931
7.47266	0.0434406
7.47291	0.0329315
7.47315	0.0272881
7.4734	0.0298474
7.47364	0.0358223
7.47389	0.0413266
7.47413	0.0431846
7.47438	0.0372235
7.47462	0.0255721
7.47487	0.0190621
7.47511	0.023487
7.47535	0.0298319
7.4756	0.0276483
7.47584	0.0219514
7.47609	0.0254708
7.47633	0.0384176
7.47658	0.0481475
7.47682	0.0473919
7.47707	0.0415099
7.47731	0.0375282
7.47756	0.0362375
7.4778	0.0367076
7.47805	0.0398336
7.47829	0.0446779
7.47853	0.0474731
7.47878	0.0461295
7.47902	0.0414314
7.47927	0.0341987
7.47951	0.0263477
7.47976	0.0234153
7.48	0.0294261
7.48025	0.0393829
7.48049	0.0432119
7.48074	0.0379869
7.48098	0.0312153
7.48123	0.0313568
7.48147	0.0389602
7.48171	0.047009
7.48196	0.0469692
7.4822	0.0360194
7.48245	0.0210505
7.48269	0.012671
7.48294	0.0128827
7.48318	0.0139462
7.48343	0.0123285
7.48367	0.0150383
7.48392	0.0256351
7.48416	0.0341412
7.48441	0.0316782
7.48465	0.025981
7.48489	0.0283605
7.48514	0.0331879
7.48538	0.0276801
7.48563	0.016398
7.48587	0.0154514
7.48612	0.0242561
7.48636	0.0254379
7.48661	0.0152591
7.48685	0.0111167
7.4871	0.0216724
7.48734	0.0316327
7.48758	0.0275088
7.48783	0.0186308
7.48807	0.018559
7.48832	0.0233092
7.48856	0.0243542
7.48881	0.0272335
7.48905	0.0382127
7.4893	0.0458167
7.48954	0.0373169
7.48979	0.023938
7.49003	0.0267105
7.49028	0.0431033
7.49052	0.0512606
7.49076	0.0451017
7.49101	0.0411552
7.49125	0.0485207
7.4915	0.0557827
7.49174	0.054654
7.49199	0.0551597
7.49223	0.0658693
7.49248	0.0764658
7.49272	0.0739706
7.49297	0.0635987
7.49321	0.0589021
7.49346	0.0600695
7.4937	0.0568278
7.49394	0.0478284
7.49419	0.0427808
7.49443	0.0460954
7.49468	0.050083
7.49492	0.0467404
7.49517	0.0383128
7.49541	0.033111
7.49566	0.0351769
7.4959	0.0406783
7.49615	0.04257
7.49639	0.0377265
7.49664	0.0295541
7.49688	0.0232123
7.49712	0.019604
7.49737	0.0170462
7.49761	0.0174718
7.49786	0.0248272
7.4981	0.0361563
7.49835	0.0409999
7.49859	0.0336151
7.49884	0.0208623
7.49908	0.0139172
7.49933	0.0163183
7.49957	0.0240478
7.49981	0.03266
7.50006	0.0391203
7.5003	0.0402893
7.50055	0.0356245
7.50079	0.0297929
7.50104	0.0279993
7.50128	0.0299542
7.50153	0.0321522
7.50177	0.0342871
7.50202	0.0392381
7.50226	0.0473387
7.50251	0.0539198
7.50275	0.0529941
7.50299	0.0432897
7.50324	0.0319667
7.50348	0.0307455
7.50373	0.0436362
7.50397	0.0594955
7.50422	0.063846
7.50446	0.0579251
7.50471	0.0561243
7.50495	0.0626726
7.5052	0.0641332
7.50544	0.0521021
7.50569	0.0398572
7.50593	0.0436948
7.50617	0.0578606
7.50642	0.0636361
7.50666	0.0568702
7.50691	0.0498793
7.50715	0.0495639
7.5074	0.0507329
7.50764	0.0502417
7.50789	0.0507508
7.50813	0.0493963
7.50838	0.0395525
7.50862	0.0264078
7.50887	0.0237315
7.50911	0.031144
7.50935	0.0325857
7.5096	0.0233205
7.50984	0.0188775
7.51009	0.0272338
7.51033	0.0323374
7.51058	0.0209906
7.51082	0.00825329
7.51107	0.0151692
7.51131	0.0340955
7.51156	0.0399215
7.5118	0.0285296
7.51204	0.0197504
7.51229	0.0242041
7.51253	0.0308751
7.51278	0.0301011
7.51302	0.0272528
7.51327	0.0277543
7.51351	0.0275559
7.51376	0.0259512
7.514	0.0304317
7.51425	0.0399485
7.51449	0.040182
7.51474	0.026876
7.51498	0.0182639
7.51522	0.0296909
7.51547	0.0489467
7.51571	0.0541844
7.51596	0.0465451
7.5162	0.0449875
7.51645	0.0536042
7.51669	0.0555936
7.51694	0.0415887
7.51718	0.0249148
7.51743	0.0216255
7.51767	0.0294289
7.51792	0.0348552
7.51816	0.0311971
7.5184	0.0213757
7.51865	0.0111049
7.51889	0.0066947
7.51914	0.0126448
7.51938	0.0242436
7.51963	0.0290134
7.51987	0.022462
7.52012	0.0152814
7.52036	0.0169763
7.52061	0.0205996
7.52085	0.0153302
7.5211	0.00712487
7.52134	0.0111052
7.52158	0.0260112
7.52183	0.033526
7.52207	0.0254005
7.52232	0.0147904
7.52256	0.0146947
7.52281	0.0203228
7.52305	0.0220085
7.5233	0.0219551
7.52354	0.0258748
7.52379	0.0288222
7.52403	0.0235932
7.52427	0.0155438
7.52452	0.0144969
7.52476	0.0176568
7.52501	0.0156288
7.52525	0.0109952
7.5255	0.0142616
7.52574	0.0231623
7.52599	0.0235416
7.52623	0.0124528
7.52648	0.00368202
7.52672	0.00628603
7.52697	0.0130418
7.52721	0.0156679
7.52745	0.0169434
7.5277	0.0207204
7.52794	0.02332
7.52819	0.0227845
7.52843	0.0245003
7.52868	0.0296563
7.52892	0.030174
7.52917	0.0234401
7.52941	0.019305
7.52966	0.0227394
7.5299	0.0229703
7.53015	0.0122415
7.53039	0.00243692
7.53063	0.00759214
7.53088	0.020615
7.53112	0.0246488
7.53137	0.0192159
7.53161	0.0165008
7.53186	0.0177799
7.5321	0.0135735
7.53235	0.00450709
7.53259	0.00172747
7.53284	0.00572548
7.53308	0.00400918
7.53333	-0.00633926
7.53357	-0.0115194
7.53381	-0.00301318
7.53406	0.00821717
7.5343	0.00809598
7.53455	-0.00109628
7.53479	-0.00620147
7.53504	-0.000637729
7.53528	0.0105221
7.53553	0.0178623
7.53577	0.0157752
7.53602	0.00730723
7.53626	0.00218966
7.5365	0.0056418
7.53675	0.0107196
7.53699	0.00836224
7.53724	0.00183426
7.53748	0.00140882
7.53773	0.00736918
7.53797	0.0104724
7.53822	0.00813416
7.53846	0.00661504
7.53871	0.00702142
7.53895	0.00389789
7.5392	-0.000462914
7.53944	0.00368085
7.53968	0.0147051
7.53993	0.0172356
7.54017	0.00536055
7.54042	-0.00704559
7.54066	-0.00761658
7.54091	-0.00244056
7.54115	-0.00145115
7.5414	-0.000987153
7.54164	0.00592382
7.54189	0.0134775
7.54213	0.0122019
7.54238	0.00607349
7.54262	0.00583977
7.54286	0.0106268
7.54311	0.0101929
7.54335	0.00249396
7.5436	-0.0036533
7.54384	-0.00254535
7.54409	0.00215811
7.54433	0.00510144
7.54458	0.0052044
7.54482	0.00400294
7.54507	0.00352223
7.54531	0.00481117
7.54556	0.00534567
7.5458	0.00146568
7.54604	-0.00402399
7.54629	-0.00325922
7.54653	0.00395254
7.54678	0.00739062
7.54702	0.0020795
7.54727	-0.00318935
7.54751	-0.000961627
7.54776	0.00187667
7.548	-0.0025679
7.54825	-0.00679749
7.54849	0.000449344
7.54873	0.0133252
7.54898	0.016114
7.54922	0.00750524
7.54947	0.000916373
7.54971	0.00190779
7.54996	0.00231013
7.5502	-0.00140903
7.55045	-0.00078917
7.55069	0.00786849
7.55094	0.0138287
7.55118	0.00785795
7.55143	-0.00250968
7.55167	-0.00346424
7.55191	0.00568441
7.55216	0.0129285
7.5524	0.010542
7.55265	0.00371204
7.55289	0.00177854
7.55314	0.0059526
7.55338	0.00839643
7.55363	0.00267363
7.55387	-0.00703463
7.55412	-0.00959755
7.55436	-7.13126e-05
7.55461	0.0139482
7.55485	0.0208336
7.55509	0.016837
7.55534	0.00767016
7.55558	0.00166658
7.55583	0.00343889
7.55607	0.0104681
7.55632	0.0140105
7.55656	0.00795358
7.55681	-0.00178519
7.55705	-0.00316796
7.5573	0.00501664
7.55754	0.0111567
7.55779	0.00899562
7.55803	0.00636733
7.55827	0.00938122
7.55852	0.0105286
7.55876	0.00297628
7.55901	-0.00513864
7.55925	-0.00410001
7.5595	0.000149508
7.55974	-0.00231165
7.55999	-0.00587896
7.56023	0.000181203
7.56048	0.00949589
7.56072	0.00759573
7.56097	-0.00171118
7.56121	-0.00162137
7.56145	0.0079385
7.5617	0.0100226
7.56194	0.00162707
7.56219	-0.000281443
7.56243	0.0105154
7.56268	0.0178524
7.56292	0.012445
7.56317	0.00901338
7.56341	0.0198725
7.56366	0.0326802
7.5639	0.0320862
7.56414	0.0254223
7.56439	0.0269433
7.56463	0.0316317
7.56488	0.0268201
7.56512	0.0184394
7.56537	0.021971
7.56561	0.0342203
7.56586	0.0380496
7.5661	0.032347
7.56635	0.0336448
7.56659	0.0464666
7.56684	0.0544426
7.56708	0.0469528
7.56732	0.0353612
7.56757	0.0335135
7.56781	0.0374629
7.56806	0.0357462
7.5683	0.0285592
7.56855	0.0247311
7.56879	0.0263773
7.56904	0.027487
7.56928	0.0246697
7.56953	0.0205864
7.56977	0.0176932
7.57002	0.015099
7.57026	0.0120329
7.5705	0.0102413
7.57075	0.0118365
7.57099	0.0163768
7.57124	0.0204668
7.57148	0.0201858
7.57173	0.01464
7.57197	0.00706222
7.57222	0.00179985
7.57246	0.00110977
7.57271	0.00517671
7.57295	0.0123553
7.5732	0.0178302
7.57344	0.0162064
7.57368	0.00895885
7.57393	0.0051701
7.57417	0.0101467
7.57442	0.0177538
7.57466	0.0202009
7.57491	0.0203465
7.57515	0.0251976
7.5754	0.0314141
7.57564	0.0296156
7.57589	0.0218781
7.57613	0.0207711
7.57637	0.028579
7.57662	0.032308
7.57686	0.0256998
7.57711	0.0216475
7.57735	0.0317656
7.5776	0.0459234
7.57784	0.0471384
7.57809	0.0384852
7.57833	0.037579
7.57858	0.0477471
7.57882	0.0532498
7.57907	0.0450667
7.57931	0.0340538
7.57955	0.032069
7.5798	0.0348596
7.58004	0.0332644
7.58029	0.0295371
7.58053	0.0306721
7.58078	0.0338398
7.58102	0.0310851
7.58127	0.0234338
7.58151	0.0182129
7.58176	0.0158793
7.582	0.0117067
7.58225	0.00811745
7.58249	0.0118065
7.58273	0.0187145
7.58298	0.0163287
7.58322	0.00414008
7.58347	-0.00250847
7.58371	0.00454581
7.58396	0.0128022
7.5842	0.00853824
7.58445	-0.00167995
7.58469	-0.00216829
7.58494	0.00705254
7.58518	0.0118872
7.58543	0.00710799
7.58567	0.0021104
7.58591	0.00313309
7.58616	0.00441957
7.5864	0.00146656
7.58665	0.000424072
7.58689	0.00680182
7.58714	0.0142551
7.58738	0.0136964
7.58763	0.00764729
7.58787	0.00616921
7.58812	0.0113775
7.58836	0.0148245
7.5886	0.0104031
7.58885	0.00274627
7.58909	0.000473235
7.58934	0.00547068
7.58958	0.0117588
7.58983	0.0129833
7.59007	0.00863298
7.59032	0.00303794
7.59056	-0.000223291
7.59081	-0.00158168
7.59105	-0.00285999
7.5913	-0.00313465
7.59154	0.000276433
7.59178	0.00681517
7.59203	0.0116006
7.59227	0.0107874
7.59252	0.00607775
7.59276	0.00219958
7.59301	0.00128403
7.59325	0.00170882
7.5935	0.00185021
7.59374	0.00277827
7.59399	0.00630453
7.59423	0.0112012
7.59448	0.013
7.59472	0.00874197
7.59496	0.00137266
7.59521	-0.00263858
7.59545	-0.000621463
7.5957	0.00369428
7.59594	0.00621129
7.59619	0.00805439
7.59643	0.0117361
7.59668	0.0140029
7.59692	0.00801528
7.59717	-0.00629174
7.59741	-0.0184936
7.59766	-0.0176313
7.5979	-0.00442918
7.59814	0.00899806
7.59839	0.0117648
7.59863	0.0049673
7.59888	-0.00120686
7.59912	-0.000390359
7.59937	0.00274083
7.59961	0.000382572
7.59986	-0.00586083
7.6001	-0.00615782
7.60035	0.00313198
7.60059	0.0128119
7.60083	0.0126628
7.60108	0.00473045
7.60132	-0.00090182
7.60157	2.26893e-05
7.60181	0.00299767
7.60206	0.00367584
7.6023	0.00275337
7.60255	0.00196359
7.60279	0.00108562
7.60304	-0.000342661
7.60328	-0.00268753
7.60353	-0.00723097
7.60377	-0.0130211
7.60401	-0.0140817
7.60426	-0.00601832
7.6045	0.00507042
7.60475	0.00759037
7.60499	-0.000219697
7.60524	-0.00701074
7.60548	-0.00330419
7.60573	0.00649588
7.60597	0.0113398
7.60622	0.00807952
7.60646	0.00351221
7.60671	0.0041205
7.60695	0.00858001
7.60719	0.0109094
7.60744	0.00846665
7.60768	0.00490693
7.60793	0.00452868
7.60817	0.00524251
7.60842	0.00107486
7.60866	-0.00759504
7.60891	-0.0120881
7.60915	-0.00757724
7.6094	-0.00112107
7.60964	-0.000888692
7.60989	-0.0030107
7.61013	0.00108312
7.61037	0.00819175
7.61062	0.00679504
7.61086	-0.00347366
7.61111	-0.00914942
7.61135	-0.00295461
7.6116	0.00579043
7.61184	0.00644771
7.61209	0.00184918
7.61233	9.87467e-05
7.61258	0.000680729
7.61282	-0.00168631
7.61306	-0.00548044
7.61331	-0.00478457
7.61355	-0.000287904
7.6138	0.00122076
7.61404	-0.00217857
7.61429	-0.00462707
7.61453	-0.00197729
7.61478	0.00127542
7.61502	-0.00199765
7.61527	-0.0103516
7.61551	-0.0125893
7.61576	-0.00114121
7.616	0.014735
7.61624	0.0163854
7.61649	5.94571e-05
7.61673	-0.0145479
7.61698	-0.00895441
7.61722	0.0081999
7.61747	0.0136651
7.61771	0.00346525
7.61796	-0.00365961
7.6182	0.0028648
7.61845	0.0111292
7.61869	0.00971554
7.61894	0.00573111
7.61918	0.00827929
7.61942	0.0103471
7.61967	0.002333
7.61991	-0.00899258
7.62016	-0.0114475
7.6204	-0.00761709
7.62065	-0.00723846
7.62089	-0.00756734
7.62114	0.000142069
7.62138	0.00978556
7.62163	0.00599756
7.62187	-0.0102377
7.62212	-0.0202205
7.62236	-0.0143188
7.6226	-0.00365062
7.62285	-0.000801593
7.62309	-0.00355653
7.62334	-0.0038498
7.62358	-0.000482085
7.62383	0.0040624
7.62407	0.00957359
7.62432	0.014214
7.62456	0.0128483
7.62481	0.00537519
7.62505	-0.000360821
7.62529	0.00053744
7.62554	0.00296832
7.62578	0.000987606
7.62603	-0.00272388
7.62627	-0.00273133
7.62652	-0.000357484
7.62676	-0.000438766
7.62701	-0.00270175
7.62725	-0.00311471
7.6275	-0.00110966
7.62774	0.000541786
7.62799	0.000952813
7.62823	0.000619426
7.62847	-0.00229525
7.62872	-0.0088451
7.62896	-0.0134419
7.62921	-0.00850375
7.62945	0.00334018
7.6297	0.00888996
7.62994	0.000889029
7.63019	-0.010639
7.63043	-0.0106958
7.63068	0.000255891
7.63092	0.00742489
7.63117	0.00311675
7.63141	-0.00387148
7.63165	-0.00442981
7.6319	-0.00349042
7.63214	-0.00906844
7.63239	-0.0160951
7.63263	-0.0141773
7.63288	-0.00571304
7.63312	-0.00138751
7.63337	-0.000798245
7.63361	0.00562482
7.63386	0.0156836
7.6341	0.0151176
7.63435	0.00219821
7.63459	-0.00620034
7.63483	-0.000769984
7.63508	0.0059216
7.63532	0.00185566
7.63557	-0.00496314
7.63581	-0.00321429
7.63606	0.00124707
7.6363	-0.00157962
7.63655	-0.00542391
7.63679	0.000850292
7.63704	0.0114067
7.63728	0.0123641
7.63752	0.00509434
7.63777	0.00154976
7.63801	0.00258854
7.63826	0.000413461
7.6385	-0.0025556
7.63875	0.00248107
7.63899	0.0114144
7.63924	0.012174
7.63948	0.00680117
7.63973	0.00795717
7.63997	0.0146601
7.64022	0.0132809
7.64046	0.00341307
7.6407	0.000252246
7.64095	0.00794811
7.64119	0.0126947
7.64144	0.00757513
7.64168	0.00272899
7.64193	0.00393773
7.64217	0.00250285
7.64242	-0.00472738
7.64266	-0.00610805
7.64291	0.00289245
7.64315	0.00812127
7.6434	0.000368641
7.64364	-0.00709977
7.64388	0.000394516
7.64413	0.0152569
7.64437	0.020389
7.64462	0.0133048
7.64486	0.00297117
7.64511	-0.00627804
7.64535	-0.0133935
7.6456	-0.0131824
7.64584	-0.00427074
7.64609	0.00381058
7.64633	0.00350808
7.64658	0.00049426
7.64682	0.00144659
7.64706	0.00153575
7.64731	-0.00399171
7.64755	-0.007683
7.6478	-0.00318616
7.64804	0.000986694
7.64829	-0.00362309
7.64853	-0.0083286
7.64878	-0.00265471
7.64902	0.00432853
7.64927	-0.00143898
7.64951	-0.0120174
7.64976	-0.00833255
7.65	0.00709055
7.65024	0.0129089
7.65049	0.00382366
7.65073	-0.00182255
7.65098	0.00656174
7.65122	0.0154451
7.65147	0.0104979
7.65171	-0.00231823
7.65196	-0.0093781
7.6522	-0.00854052
7.65245	-0.00513567
7.65269	-0.000282321
7.65293	0.00622828
7.65318	0.00963145
7.65342	0.00597214
7.65367	-0.00157795
7.65391	-0.00842515
7.65416	-0.0143026
7.6544	-0.0180957
7.65465	-0.0146241
7.65489	-0.00355891
7.65514	0.00488987
7.65538	0.00119447
7.65563	-0.0104641
7.65587	-0.017463
7.65611	-0.0142298
7.65636	-0.00626512
7.6566	-0.000704145
7.65685	0.000814126
7.65709	6.28855e-05
7.65734	-0.00153522
7.65758	-0.00281607
7.65783	-0.00212841
7.65807	0.00103097
7.65832	0.00454482
7.65856	0.00566664
7.65881	0.00454522
7.65905	0.00392142
7.65929	0.0043618
7.65954	0.00241907
7.65978	-0.00344419
7.66003	-0.00780057
7.66027	-0.0047067
7.66052	0.00217739
7.66076	0.00356307
7.66101	-0.00125142
7.66125	-0.00343191
7.6615	1.32053e-05
7.66174	0.000823814
7.66199	-0.00532929
7.66223	-0.00989644
7.66247	-0.00630052
7.66272	-0.00256273
7.66296	-0.00709689
7.66321	-0.0118253
7.66345	-0.00492556
7.6637	0.00693547
7.66394	0.00737591
7.66419	-0.00214327
7.66443	-0.00360563
7.66468	0.00775471
7.66492	0.015063
7.66516	0.0074944
7.66541	-0.00225879
7.66565	0.000800999
7.6659	0.0098042
7.66614	0.0073193
7.66639	-0.00781063
7.66663	-0.0192219
7.66688	-0.015365
7.66712	-0.00186185
7.66737	0.00822834
7.66761	0.00855287
7.66786	0.00311794
7.6681	0.000272107
7.66834	0.0036392
7.66859	0.00793065
7.66883	0.00593394
7.66908	-0.000546446
7.66932	-0.00247814
7.66957	0.00230056
7.66981	0.00450333
7.67006	-0.00262359
7.6703	-0.0120778
7.67055	-0.0129462
7.67079	-0.00616166
7.67104	-0.00206999
7.67128	-0.00492666
7.67152	-0.00813593
7.67177	-0.0048956
7.67201	0.00291022
7.67226	0.00811148
7.6725	0.00667419
7.67275	0.00143683
7.67299	-0.00103363
7.67324	0.00230043
7.67348	0.00639159
7.67373	0.00365825
7.67397	-0.00483893
7.67422	-0.00890522
7.67446	-0.00330458
7.6747	0.0034158
7.67495	0.000742966
7.67519	-0.0077649
7.67544	-0.00924596
7.67568	-0.000574388
7.67593	0.00746592
7.67617	0.00630792
7.67642	0.000347757
7.67666	-0.00241893
7.67691	-0.00209789
7.67715	-0.00289233
7.67739	-0.00391867
7.67764	-0.00196685
7.67788	0.000591845
7.67813	-0.000926243
7.67837	-0.00435106
7.67862	-0.00327441
7.67886	0.00148979
7.67911	0.00193031
7.67935	-0.00417731
7.6796	-0.00910288
7.67984	-0.00756327
7.68009	-0.00477622
7.68033	-0.00640463
7.68057	-0.00836717
7.68082	-0.00494527
7.68106	-0.000811998
7.68131	-0.00440136
7.68155	-0.0125612
7.6818	-0.0136157
7.68204	-0.00558721
7.68229	0.000198218
7.68253	-0.00345878
7.68278	-0.00905898
7.68302	-0.00644175
7.68327	0.00295124
7.68351	0.0101113
7.68375	0.0103318
7.684	0.00492886
7.68424	-0.00329371
7.68449	-0.00975798
7.68473	-0.00834931
7.68498	0.000709704
7.68522	0.00683429
7.68547	0.000864855
7.68571	-0.0113937
7.68596	-0.0154506
7.6862	-0.00723489
7.68645	0.00234732
7.68669	0.00339725
7.68693	-0.000219302
7.68718	0.00144521
7.68742	0.0093424
7.68767	0.0145009
7.68791	0.0110421
7.68816	0.00418131
7.6884	0.00273499
7.68865	0.00726951
7.68889	0.0104512
7.68914	0.00830089
7.68938	0.00514793
7.68962	0.00509233
7.68987	0.00459987
7.69011	-0.000502423
7.69036	-0.00523089
7.6906	-0.00104813
7.69085	0.0103097
7.69109	0.0175907
7.69134	0.0152537
7.69158	0.00923013
7.69183	0.00558935
7.69207	0.00245969
7.69232	-0.0027187
7.69256	-0.00621859
7.6928	-0.00439129
7.69305	-0.000961197
7.69329	-0.00172999
7.69354	-0.00600361
7.69378	-0.00846192
7.69403	-0.00617023
7.69427	0.000206145
7.69452	0.00840407
7.69476	0.0140504
7.69501	0.0122512
7.69525	0.0038604
7.6955	-0.0030126
7.69574	-0.0013597
7.69598	0.00714931
7.69623	0.0146513
7.69647	0.0142659
7.69672	0.00455748
7.69696	-0.00879194
7.69721	-0.0160247
7.69745	-0.0133436
7.6977	-0.00869325
7.69794	-0.0107334
7.69819	-0.0146924
7.69843	-0.00944506
7.69868	0.00324096
7.69892	0.010012
7.69916	0.00682038
7.69941	0.00338206
7.69965	0.00442583
7.6999	0.00319738
7.70014	-0.00159423
7.70039	-0.000256941
7.70063	0.00871402
7.70088	0.0119237
7.70112	0.00365466
7.70137	-0.00274207
7.70161	0.00183876
7.70185	0.00574555
7.7021	-0.00171053
7.70234	-0.00990308
7.70259	-0.00617068
7.70283	0.00125319
7.70308	-0.000120893
7.70332	-0.00309558
7.70357	0.00357352
7.70381	0.00977908
7.70406	0.000369563
7.7043	-0.0144293
7.70455	-0.0131505
7.70479	0.000217388
7.70503	0.00308223
7.70528	-0.00679448
7.70552	-0.00951028
7.70577	0.000539703
7.70601	0.00664407
7.70626	0.00169779
7.7065	-0.000286544
7.70675	0.00866434
7.70699	0.0170225
7.70724	0.0153827
7.70748	0.00927598
7.70773	0.00318836
7.70797	-0.00684717
7.70821	-0.0177363
7.70846	-0.0175511
7.7087	-0.00668923
7.70895	-0.000526754
7.70919	-0.00410557
7.70944	-0.00496981
7.70968	0.00191672
7.70993	0.00445481
7.71017	-0.0026883
7.71042	-0.00694055
7.71066	-0.00122149
7.71091	0.00330752
7.71115	-0.000343059
7.71139	-0.0013484
7.71164	0.00688827
7.71188	0.0120304
7.71213	0.0051101
7.71237	-0.00230711
7.71262	0.000532489
7.71286	0.00401016
7.71311	-0.00245222
7.71335	-0.00919748
7.7136	-0.00395381
7.71384	0.00503691
7.71408	0.00399998
7.71433	-0.00158295
7.71457	0.00179619
7.71482	0.0103924
7.71506	0.010221
7.71531	0.00154752
7.71555	-0.00347019
7.7158	-0.00197406
7.71604	-0.00119919
7.71629	-0.00232322
7.71653	3.16752e-05
7.71678	0.00496241
7.71702	0.00590825
7.71726	0.00196603
7.71751	-0.0023292
7.71775	-0.00523449
7.718	-0.00702256
7.71824	-0.00586318
7.71849	-0.00197747
7.71873	0.000417926
7.71898	0.00114918
7.71922	0.00508329
7.71947	0.0100333
7.71971	0.00636233
7.71996	-0.00487665
7.7202	-0.00861469
7.72044	0.000861377
7.72069	0.00982518
7.72093	0.00823074
7.72118	0.00419322
7.72142	0.00353872
7.72167	-0.0033807
7.72191	-0.0181248
7.72216	-0.020275
7.7224	0.000960789
7.72265	0.0222883
7.72289	0.019058
7.72314	0.0032843
7.72338	0.000278637
7.72362	0.00548063
7.72387	-0.00137939
7.72411	-0.0133914
7.72436	-0.00674787
7.7246	0.0130882
7.72485	0.0155304
7.72509	-0.00460635
7.72534	-0.0186509
7.72558	-0.0112025
7.72583	-0.000106303
7.72607	-0.000349345
7.72632	-0.00128808
7.72656	0.00671986
7.7268	0.012114
7.72705	0.00489479
7.72729	-0.00395385
7.72754	-0.00206546
7.72778	0.00451042
7.72803	0.00572053
7.72827	0.00473212
7.72852	0.00728087
7.72876	0.00904762
7.72901	0.00613625
7.72925	0.00443645
7.72949	0.00745304
7.72974	0.00796108
7.72998	0.00191062
7.73023	-0.0022884
7.73047	0.00177804
7.73072	0.00711829
7.73096	0.0056814
7.73121	0.000363435
7.73145	-0.00359567
7.7317	-0.00712485
7.73194	-0.00920472
7.73219	-0.0030412
7.73243	0.0106273
7.73267	0.0185113
7.73292	0.0125317
7.73316	0.00174087
7.73341	-0.00229088
7.73365	-0.00121724
7.7339	-0.00207537
7.73414	-0.0040836
7.73439	-0.00295634
7.73463	-0.000124886
7.73488	0.000815221
7.73512	6.17768e-05
7.73537	-0.00173039
7.73561	-0.00522601
7.73585	-0.00706193
7.7361	-0.00223833
7.73634	0.00481474
7.73659	0.00284011
7.73683	-0.00860278
7.73708	-0.0163317
7.73732	-0.0129123
7.73757	-0.00605824
7.73781	-0.00393253
7.73806	-0.004717
7.7383	-0.00604753
7.73855	-0.0101697
7.73879	-0.0136461
7.73903	-0.00764721
7.73928	0.00427459
7.73952	0.0052296
7.73977	-0.00936268
7.74001	-0.022051
7.74026	-0.0195415
7.7405	-0.0112442
7.74075	-0.00954669
7.74099	-0.00948418
7.74124	-0.00330864
7.74148	0.00147836
7.74172	-0.00340782
7.74197	-0.00909353
7.74221	-0.00505015
7.74246	0.000473172
7.7427	-0.00438135
7.74295	-0.0113675
7.74319	-0.00572055
7.74344	0.0061172
7.74368	0.0062739
7.74393	-0.00339994
7.74417	-0.00459083
7.74442	0.00574259
7.74466	0.0113758
7.7449	0.00568146
7.74515	0.00134228
7.74539	0.00654921
7.74564	0.0118954
7.74588	0.00820633
7.74613	0.000561585
7.74637	-0.00338634
7.74662	-0.00508624
7.74686	-0.00735967
7.74711	-0.00689263
7.74735	-0.00211297
7.7476	0.000994514
7.74784	-0.00225067
7.74808	-0.00813269
7.74833	-0.0110643
7.74857	-0.00991132
7.74882	-0.00476456
7.74906	0.00386626
7.74931	0.00965664
7.74955	0.0045531
7.7498	-0.00715464
7.75004	-0.00970147
7.75029	0.00222257
7.75053	0.0129703
7.75078	0.00744196
7.75102	-0.00576853
7.75126	-0.00645847
7.75151	0.00673243
7.75175	0.0143063
7.752	0.00597681
7.75224	-0.00362059
7.75249	0.00158144
7.75273	0.0128355
7.75298	0.00973262
7.75322	-0.00631879
7.75347	-0.0115975
7.75371	0.00371411
7.75395	0.0184203
7.7542	0.0114001
7.75444	-0.00598383
7.75469	-0.00733207
7.75493	0.00858588
7.75518	0.0179765
7.75542	0.0100221
7.75567	0.000605533
7.75591	0.00307436
7.75616	0.00782983
7.7564	0.00219332
7.75665	-0.00781403
7.75689	-0.0100299
7.75713	-0.00639552
7.75738	-0.00510561
7.75762	-0.00348527
7.75787	0.00488336
7.75811	0.0138261
7.75836	0.0121998
7.7586	0.00353439
7.75885	0.00217491
7.75909	0.0109526
7.75934	0.0165995
7.75958	0.00888099
7.75983	-0.00622577
7.76007	-0.0149069
7.76031	-0.0107061
7.76056	-0.000269304
7.7608	0.00297862
7.76105	-0.00718267
7.76129	-0.0207464
7.76154	-0.0222586
7.76178	-0.0120093
7.76203	-0.00637526
7.76227	-0.0132239
7.76252	-0.0200582
7.76276	-0.0145103
7.76301	-0.00297917
7.76325	0.00246463
7.76349	0.00261675
7.76374	0.00282361
7.76398	-0.00098845
7.76423	-0.0112569
7.76447	-0.0155678
7.76472	-0.00434994
7.76496	0.00792364
7.76521	0.00167846
7.76545	-0.0145674
7.7657	-0.0148815
7.76594	0.00304267
7.76618	0.0136496
7.76643	0.00267074
7.76667	-0.0142484
7.76692	-0.018539
7.76716	-0.0122147
7.76741	-0.00525397
7.76765	0.00122097
7.7679	0.00782455
7.76814	0.00840944
7.76839	0.000651872
7.76863	-0.00607978
7.76888	-0.00355573
7.76912	0.0034629
7.76936	0.00588148
7.76961	0.00257541
7.76985	-0.00183097
7.7701	-0.00344715
7.77034	0.000744015
7.77059	0.0104034
7.77083	0.0166532
7.77108	0.00978578
7.77132	-0.00495372
7.77157	-0.0109692
7.77181	-0.00310296
7.77206	0.0058108
7.7723	0.00537816
7.77254	0.000776791
7.77279	-0.000602375
7.77303	-0.00154217
7.77328	-0.00545004
7.77352	-0.00704562
7.77377	-0.00241744
7.77401	0.00224241
7.77426	0.00160423
7.7745	0.00109456
7.77475	0.0061022
7.77499	0.0105014
7.77524	0.00643603
7.77548	-0.0021252
7.77572	-0.00590935
7.77597	-0.00420842
7.77621	-0.00286795
7.77646	-0.00394729
7.7767	-0.00588268
7.77695	-0.00879166
7.77719	-0.0119691
7.77744	-0.0113727
7.77768	-0.00654475
7.77793	-0.00423422
7.77817	-0.00806608
7.77841	-0.0108401
7.77866	-0.00486882
7.7789	0.00569928
7.77915	0.0110003
7.77939	0.00917092
7.77964	0.00610552
7.77988	0.00523023
7.78013	0.00483454
7.78037	0.00318035
7.78062	0.000749923
7.78086	-0.00080006
7.78111	0.000888872
7.78135	0.00617713
7.78159	0.0101907
7.78184	0.00769438
7.78208	0.00161795
7.78233	-0.00062568
7.78257	0.000941552
7.78282	0.000454872
7.78306	-0.000737072
7.78331	0.00404968
7.78355	0.0108718
7.7838	0.00767451
7.78404	-0.00325461
7.78429	-0.00436787
7.78453	0.00777574
7.78477	0.0127154
7.78502	-0.00159666
7.78526	-0.0168871
7.78551	-0.0127339
7.78575	0.00150359
7.786	0.00490312
7.78624	-7.84172e-05
7.78649	0.00319429
7.78673	0.0120426
7.78698	0.0089608
7.78722	-0.00472802
7.78747	-0.00827896
7.78771	0.00396873
7.78795	0.0135974
7.7882	0.00875102
7.78844	0.000470398
7.78869	0.000786616
7.78893	0.00504423
7.78918	0.00567395
7.78942	0.00611275
7.78967	0.0103745
7.78991	0.0130801
7.79016	0.0102265
7.7904	0.00798722
7.79064	0.0112742
7.79089	0.0141923
7.79113	0.0108969
7.79138	0.00626405
7.79162	0.00683484
7.79187	0.00964277
7.79211	0.00873482
7.79236	0.00556081
7.7926	0.00470429
7.79285	0.00526842
7.79309	0.00381571
7.79334	0.000978048
7.79358	-0.000609907
7.79382	-0.000462382
7.79407	0.0014676
7.79431	0.00509115
7.79456	0.00623691
7.7948	-3.95644e-05
7.79505	-0.00924379
7.79529	-0.00975172
7.79554	0.000176163
7.79578	0.00746788
7.79603	0.00256676
7.79627	-0.00680564
7.79652	-0.00803198
7.79676	-0.00110543
7.797	0.00532127
7.79725	0.00801771
7.79749	0.0093135
7.79774	0.00877629
7.79798	0.00493785
7.79823	0.00157128
7.79847	0.0029837
7.79872	0.00588947
7.79896	0.00426503
7.79921	-0.000573517
7.79945	-0.00262349
7.7997	-0.000826238
7.79994	0.00204117
7.80018	0.00672068
7.80043	0.0144847
7.80067	0.0193948
7.80092	0.0140662
7.80116	0.00275572
7.80141	-0.00163051
7.80165	0.00487209
7.8019	0.0119342
7.80214	0.00992119
7.80239	0.00199385
7.80263	-0.00273655
7.80287	-0.0015381
7.80312	0.00117457
7.80336	0.00110721
7.80361	-0.00186456
7.80385	-0.00432801
7.8041	-0.00193106
7.80434	0.0059319
7.80459	0.0133355
7.80483	0.0135908
7.80508	0.00831554
7.80532	0.00566394
7.80557	0.00848307
7.80581	0.0105552
7.80605	0.00728203
7.8063	0.00327736
7.80654	0.004284
7.80679	0.00738307
7.80703	0.00617858
7.80728	0.00172626
7.80752	0.000345351
7.80777	0.00240502
7.80801	0.00160723
7.80826	-0.00408629
7.8085	-0.00859204
7.80875	-0.00721012
7.80899	-0.00352451
7.80923	-0.00300762
7.80948	-0.00469461
7.80972	-0.00392091
7.80997	-0.000294908
7.81021	0.00185856
7.81046	1.61317e-05
7.8107	-0.00312861
7.81095	-0.0029555
7.81119	0.00186838
7.81144	0.00732039
7.81168	0.0074039
7.81193	0.00127931
7.81217	-0.0040417
7.81241	-0.00184429
7.81266	0.00438568
7.8129	0.00514114
7.81315	-0.00101037
7.81339	-0.00581759
7.81364	-0.00588762
7.81388	-0.00812483
7.81413	-0.0146814
7.81437	-0.0141467
7.81462	0.000749577
7.81486	0.0161487
7.81511	0.0134298
7.81535	-0.00291193
7.81559	-0.0112861
7.81584	-0.00485864
7.81608	0.00164194
7.81633	-0.00125958
7.81657	-0.00424387
7.81682	0.000632245
7.81706	0.0050636
7.81731	0.00100111
7.81755	-0.00387408
7.8178	-0.000717266
7.81804	0.00373306
7.81828	6.74656e-05
7.81853	-0.00532661
7.81877	-0.00138404
7.81902	0.00672776
7.81926	0.00574133
7.81951	-0.00256496
7.81975	-0.00472795
7.82	0.00109266
7.82024	0.00367174
7.82049	-2.26469e-05
7.82073	-0.000417037
7.82098	0.00555732
7.82122	0.00822739
7.82146	0.002979
7.82171	-0.000895987
7.82195	0.00412174
7.8222	0.0118849
7.82244	0.0135344
7.82269	0.00991341
7.82293	0.00632017
7.82318	0.00401858
7.82342	0.00319086
7.82367	0.00590601
7.82391	0.010302
7.82416	0.00981539
7.8244	0.003668
7.82464	5.19701e-05
7.82489	0.00342545
7.82513	0.00708232
7.82538	0.00468069
7.82562	0.000797333
7.82587	0.00235247
7.82611	0.00672391
7.82636	0.00685281
7.8266	0.00279907
7.82685	7.61845e-05
7.82709	0.000487802
7.82734	0.00178009
7.82758	0.00294632
7.82782	0.00359046
7.82807	0.00150365
7.82831	-0.00329386
7.82856	-0.00581277
7.8288	-0.003082
7.82905	0.000173406
7.82929	-0.00111569
7.82954	-0.00359582
7.82978	-0.00118272
7.83003	0.00400813
7.83027	0.00442872
7.83051	-0.00096796
7.83076	-0.00538853
7.831	-0.00458467
7.83125	-0.00163212
7.83149	-0.000339882
7.83174	0.000312231
7.83198	0.00294
7.83223	0.00664841
7.83247	0.00755993
7.83272	0.00336637
7.83296	-0.00339831
7.83321	-0.00674903
7.83345	-0.00314685
7.83369	0.00388852
7.83394	0.00741028
7.83418	0.00554637
7.83443	0.00317699
7.83467	0.00472092
7.83492	0.00948324
7.83516	0.0149868
7.83541	0.0195435
7.83565	0.0198067
7.8359	0.0122732
7.83614	0.000727906
7.83639	-0.00443155
7.83663	0.000365513
7.83687	0.00503224
7.83712	-0.000779933
7.83736	-0.0121267
7.83761	-0.0147878
7.83785	-0.00448085
7.8381	0.00806162
7.83834	0.0111636
7.83859	0.00470591
7.83883	-0.0026467
7.83908	-0.00375925
7.83932	0.0012547
7.83957	0.00681096
7.83981	0.00799814
7.84005	0.00541881
7.8403	0.00315669
7.84054	0.00237659
7.84079	0.00068641
7.84103	-0.00139789
7.84128	0.000878339
7.84152	0.00803599
7.84177	0.0123268
7.84201	0.00759743
7.84226	-0.00134133
7.8425	-0.00536812
7.84274	-0.00323242
7.84299	-0.000324469
7.84323	0.00132187
7.84348	0.00360878
7.84372	0.00475616
7.84397	0.000169257
7.84421	-0.00811638
7.84446	-0.0109057
7.8447	-0.00374012
7.84495	0.00643408
7.84519	0.00985362
7.84544	0.00511215
7.84568	-0.00137252
7.84592	-0.00405591
7.84617	-0.00309691
7.84641	-0.00175438
7.84666	-0.00179705
7.8469	-0.00236857
7.84715	-0.00262694
7.84739	-0.00382332
7.84764	-0.00708259
7.84788	-0.0100214
7.84813	-0.00864901
7.84837	-0.0029239
7.84862	0.0028294
7.84886	0.00542499
7.8491	0.00512024
7.84935	0.00259363
7.84959	-0.00107124
7.84984	-0.00137728
7.85008	0.00510222
7.85033	0.0119499
7.85057	0.00819622
7.85082	-0.00417314
7.85106	-0.00954601
7.85131	-0.00229726
7.85155	0.00186044
7.8518	-0.00985494
7.85204	-0.0237564
7.85228	-0.0183023
7.85253	0.00149183
7.85277	0.00991223
7.85302	-0.000911602
7.85326	-0.0111851
7.85351	-0.00643087
7.85375	0.0019823
7.854	-0.000278499
7.85424	-0.0063457
7.85449	-0.00239448
7.85473	0.00791852
7.85497	0.0110329
7.85522	0.00680742
7.85546	0.0062314
7.85571	0.0102275
7.85595	0.00842956
7.8562	-0.000875405
7.85644	-0.00547167
7.85669	0.00233693
7.85693	0.0143075
7.85718	0.0183049
7.85742	0.0125229
7.85767	0.00294444
7.85791	-0.00553504
7.85815	-0.0102193
7.8584	-0.00900148
7.85864	-0.00305498
7.85889	0.00262811
7.85913	0.00486303
7.85938	0.00485758
7.85962	0.00334165
7.85987	-0.00136854
7.86011	-0.00740205
7.86036	-0.00757774
7.8606	0.00111848
7.86085	0.0109754
7.86109	0.0125004
7.86133	0.00677106
7.86158	0.0027884
7.86182	0.00461344
7.86207	0.00740629
7.86231	0.00571042
7.86256	0.000100228
7.8628	-0.00492199
7.86305	-0.00549616
7.86329	-0.00070268
7.86354	0.00609238
7.86378	0.00866281
7.86403	0.00450429
7.86427	-0.000716902
7.86451	0.000297726
7.86476	0.00619866
7.865	0.00844552
7.86525	0.00288891
7.86549	-0.00582089
7.86574	-0.0119
7.86598	-0.0141351
7.86623	-0.0125483
7.86647	-0.00643365
7.86672	0.00111411
7.86696	0.00346689
7.8672	-0.000234426
7.86745	-0.00217987
7.86769	0.00223511
7.86794	0.00571699
7.86818	-0.000226063
7.86843	-0.0105912
7.86867	-0.0124066
7.86892	-0.0033492
7.86916	0.00470948
7.86941	0.00217842
7.86965	-0.00629601
7.8699	-0.00983931
7.87014	-0.00557764
7.87038	-0.000293781
7.87063	-0.000482819
7.87087	-0.00457427
7.87112	-0.00530687
7.87136	0.00110455
7.87161	0.00902973
7.87185	0.00890502
7.8721	-0.000244652
7.87234	-0.00738064
7.87259	-0.00225806
7.87283	0.0112474
7.87308	0.0198703
7.87332	0.0173503
7.87356	0.0100471
7.87381	0.00639265
7.87405	0.00727144
7.8743	0.00893261
7.87454	0.0100444
7.87479	0.0119067
7.87503	0.0143703
7.87528	0.0152589
7.87552	0.0134247
7.87577	0.0101657
7.87601	0.00727137
7.87626	0.00494642
7.8765	0.00278709
7.87674	0.00203318
7.87699	0.00403557
7.87723	0.00576134
7.87748	0.00170489
7.87772	-0.00592068
7.87797	-0.00516552
7.87821	0.0089226
7.87846	0.0212199
7.8787	0.0141167
7.87895	-0.00440424
7.87919	-0.00879852
7.87943	0.00562971
7.87968	0.0144663
7.87992	0.00348301
7.88017	-0.00750064
7.88041	0.00213867
7.88066	0.0181176
7.8809	0.0144175
7.88115	-0.00363305
7.88139	-0.00991837
7.88164	-0.00168994
7.88188	0.000109004
7.88213	-0.00852206
7.88237	-0.00848551
7.88261	0.00434914
7.88286	0.00922794
7.8831	-0.00152952
7.88335	-0.0068957
7.88359	0.00561133
7.88384	0.016517
7.88408	0.00754454
7.88433	-0.00756577
7.88457	-0.00785063
7.88482	0.000993412
7.88506	0.00204772
7.88531	-0.00114992
7.88555	0.00563284
7.88579	0.0187786
7.88604	0.023369
7.88628	0.0191512
7.88653	0.0167116
7.88677	0.0155608
7.88702	0.0085511
7.88726	0.00142274
7.88751	0.00540475
7.88775	0.0150955
7.888	0.0153093
7.88824	0.00633135
7.88849	0.00181332
7.88873	0.00494717
7.88897	0.00719567
7.88922	0.00764523
7.88946	0.0126402
7.88971	0.018193
7.88995	0.0139296
7.8902	0.00368087
7.89044	0.00128502
7.89069	0.00638477
7.89093	0.00572451
7.89118	-0.00144017
7.89142	-0.00200139
7.89167	0.00504171
7.89191	0.00488136
7.89215	-0.00603008
7.8924	-0.0121679
7.89264	-0.0054589
7.89289	0.00180062
7.89313	-0.000748891
7.89338	-0.00620875
7.89362	-0.00672407
7.89387	-0.00616883
7.89411	-0.00684895
7.89436	-0.00224894
7.8946	0.0064976
7.89484	0.00586276
7.89509	-0.00639129
7.89533	-0.0117468
7.89558	0.000548545
7.89582	0.0137372
7.89607	0.00909478
7.89631	-0.00529992
7.89656	-0.010292
7.8968	-0.00574994
7.89705	-0.00413948
7.89729	-0.00565651
7.89754	-0.00200894
7.89778	0.00319296
7.89802	0.000169563
7.89827	-0.00624039
7.89851	-0.0033853
7.89876	0.00504096
7.899	0.00379878
7.89925	-0.00611102
7.89949	-0.00741971
7.89974	0.0032783
7.89998	0.00833848
7.90023	-0.00109757
7.90047	-0.00942563
7.90072	-0.00226565
7.90096	0.00980484
7.9012	0.0081354
7.90145	-0.00567262
7.90169	-0.014082
7.90194	-0.00889255
7.90218	0.00224052
7.90243	0.0102463
7.90267	0.0125359
7.90292	0.00878328
7.90316	0.000931685
7.90341	-0.00329599
7.90365	0.00184839
7.9039	0.00863369
7.90414	0.00372702
7.90438	-0.0105233
7.90463	-0.0153749
7.90487	-0.00201316
7.90512	0.0135687
7.90536	0.0122636
7.90561	-0.000987898
7.90585	-0.00579515
7.9061	0.0029956
7.90634	0.00978392
7.90659	0.00414243
7.90683	-0.00439499
7.90707	-0.00412764
7.90732	0.000362448
7.90756	-0.00144696
7.90781	-0.00738476
7.90805	-0.00755435
7.9083	-0.00198978
7.90854	0.000294911
7.90879	-0.00265322
7.90903	-0.00375549
7.90928	-0.000768221
7.90952	0.0004047
7.90977	-0.00182074
7.91001	-0.000820669
7.91025	0.00543137
7.9105	0.00825181
7.91074	0.00134112
7.91099	-0.00810401
7.91123	-0.008658
7.91148	0.000318376
7.91172	0.00968019
7.91197	0.0127213
7.91221	0.0101071
7.91246	0.00504127
7.9127	-0.00036976
7.91295	-0.00408678
7.91319	-0.00367571
7.91343	0.00178273
7.91368	0.0102335
7.91392	0.0170519
7.91417	0.0175628
7.91441	0.0111442
7.91466	0.00266618
7.9149	-0.00242384
7.91515	-0.00391966
7.91539	-0.00510964
7.91564	-0.00646726
7.91588	-0.00527216
7.91613	-0.00112771
7.91637	0.00278675
7.91661	0.00446005
7.91686	0.00479588
7.9171	0.0042005
7.91735	0.00182447
7.91759	-0.00113296
7.91784	-0.00179393
7.91808	-0.000319202
7.91833	-0.000232338
7.91857	-0.00304744
7.91882	-0.00623613
7.91906	-0.00720393
7.9193	-0.00571453
7.91955	-0.00227339
7.91979	0.00193593
7.92004	0.00357695
7.92028	0.000223231
7.92053	-0.00483364
7.92077	-0.00562335
7.92102	-0.00198008
7.92126	-0.000224252
7.92151	-0.00415006
7.92175	-0.00960871
7.922	-0.00982225
7.92224	-0.00319924
7.92248	0.0051376
7.92273	0.0077642
7.92297	0.00147138
7.92322	-0.00857856
7.92346	-0.0129452
7.92371	-0.0082923
7.92395	-0.000722808
7.9242	0.00346772
7.92444	0.00504055
7.92469	0.00581883
7.92493	0.00257196
7.92518	-0.00580547
7.92542	-0.011641
7.92566	-0.00862669
7.92591	-0.00308079
7.92615	-0.00402331
7.9264	-0.00701321
7.92664	-0.00117403
7.92689	0.0107339
7.92713	0.0140284
7.92738	0.00384352
7.92762	-0.00848833
7.92787	-0.0119053
7.92811	-0.00617625
7.92836	0.00415992
7.9286	0.0134014
7.92884	0.0124195
7.92909	-0.00245059
7.92933	-0.0174873
7.92958	-0.0145697
7.92982	0.00202046
7.93007	0.00910558
7.93031	-0.0017237
7.93056	-0.0131119
7.9308	-0.0108667
7.93105	-0.00372769
7.93129	-0.00377623
7.93153	-0.00611648
7.93178	-0.00232458
7.93202	0.00186604
7.93227	-0.0014681
7.93251	-0.00551957
7.93276	-0.000434737
7.933	0.0080379
7.93325	0.00779683
7.93349	0.000377395
7.93374	-0.00361939
7.93398	-0.00251339
7.93423	-0.00243866
7.93447	-0.00381415
7.93471	-0.00259405
7.93496	-0.000196383
7.9352	8.56828e-05
7.93545	0.00130603
7.93569	0.00589362
7.93594	0.00696738
7.93618	-0.000784608
7.93643	-0.00834179
7.93667	-0.00440047
7.93692	0.00576284
7.93716	0.00817473
7.93741	0.00182458
7.93765	-0.00279102
7.93789	-0.00251422
7.93814	-0.00294491
7.93838	-0.00386836
7.93863	0.000348477
7.93887	0.00681404
7.93912	0.00631129
7.93936	-0.000253476
7.93961	-0.00236475
7.93985	0.0023131
7.9401	0.00490248
7.94034	0.00148537
7.94059	-0.0015487
7.94083	-0.000554053
7.94107	2.51377e-05
7.94132	-0.00177647
7.94156	-0.0015934
7.94181	0.00140278
7.94205	0.00153425
7.9423	-0.00357134
7.94254	-0.009489
7.94279	-0.012521
7.94303	-0.0118413
7.94328	-0.00531059
7.94352	0.0061196
7.94376	0.0122331
7.94401	0.00517549
7.94425	-0.00488209
7.9445	-0.00185489
7.94474	0.00964227
7.94499	0.00926703
7.94523	-0.00546655
7.94548	-0.0127946
7.94572	-0.00134496
7.94597	0.0108799
7.94621	0.00530808
7.94646	-0.00849278
7.9467	-0.0101696
7.94694	-3.83748e-05
7.94719	0.00616651
7.94743	0.00418413
7.94768	0.00323041
7.94792	0.00615542
7.94817	0.00575308
7.94841	-0.000420418
7.94866	-0.00642393
7.9489	-0.00902968
7.94915	-0.0103114
7.94939	-0.00982035
7.94964	-0.00541326
7.94988	-0.000987118
7.95012	-0.00243277
7.95037	-0.00688172
7.95061	-0.00694711
7.95086	-0.00459213
7.9511	-0.00865842
7.95135	-0.0185603
7.95159	-0.023228
7.95184	-0.0181596
7.95208	-0.010918
7.95233	-0.00657981
7.95257	-0.000780529
7.95282	0.00743735
7.95306	0.00896865
7.9533	-0.000546054
7.95355	-0.0101166
7.95379	-0.00811204
7.95404	0.000854883
7.95428	0.00484265
7.95453	0.00319112
7.95477	0.0034913
7.95502	0.00532414
7.95526	0.00187403
7.95551	-0.00406971
7.95575	-0.00165446
7.95599	0.00820588
7.95624	0.0101315
7.95648	-0.00184228
7.95673	-0.0116002
7.95697	-0.00328524
7.95722	0.0138099
7.95746	0.0169081
7.95771	0.00151869
7.95795	-0.0130817
7.9582	-0.0105994
7.95844	0.00292797
7.95869	0.0109337
7.95893	0.00777192
7.95917	0.00128545
7.95942	-0.000684707
7.95966	0.00111684
7.95991	0.00159093
7.96015	-0.000810539
7.9604	-0.0022858
7.96064	0.000863474
7.96089	0.00604901
7.96113	0.00581593
7.96138	-0.00282255
7.96162	-0.012633
7.96187	-0.013327
7.96211	-0.00359375
7.96235	0.00774599
7.9626	0.0122457
7.96284	0.00964255
7.96309	0.00498011
7.96333	0.001801
7.96358	-0.000421721
7.96382	-0.00404183
7.96407	-0.00915181
7.96431	-0.0115937
7.96456	-0.00735631
7.9648	0.000402726
7.96505	0.00374397
7.96529	0.0020775
7.96553	0.00479145
7.96578	0.0157131
7.96602	0.023105
7.96627	0.0160043
7.96651	0.00397725
7.96676	0.00557093
7.967	0.0197642
7.96725	0.0260874
7.96749	0.0148659
7.96774	4.99448e-05
7.96798	-0.00363539
7.96823	8.61783e-05
7.96847	0.00123986
7.96871	0.0001259
7.96896	0.000463873
7.9692	-0.00126285
7.96945	-0.00693609
7.96969	-0.00798035
7.96994	0.0010191
7.97018	0.00913168
7.97043	0.00423511
7.97067	-0.00629784
7.97092	-0.00606882
7.97116	0.00468214
7.9714	0.010858
7.97165	0.00707788
7.97189	0.00298809
7.97214	0.00377225
7.97238	0.00250007
7.97263	-0.00420764
7.97287	-0.00799385
7.97312	-0.00279436
7.97336	0.00469718
7.97361	0.00585776
7.97385	0.00236505
7.9741	0.000529487
7.97434	0.000555179
7.97458	-0.00123873
7.97483	-0.00421579
7.97507	-0.00406291
7.97532	0.000410381
7.97556	0.00536342
7.97581	0.00583095
7.97605	0.000112486
7.9763	-0.00783485
7.97654	-0.0102766
7.97679	-0.00322797
7.97703	0.00779823
7.97728	0.0130923
7.97752	0.00974247
7.97776	0.00356879
7.97801	0.00069173
7.97825	0.00196154
7.9785	0.00571346
7.97874	0.010551
7.97899	0.0139345
7.97923	0.0125401
7.97948	0.00635899
7.97972	-1.78183e-05
7.97997	-0.00146814
7.98021	0.00325949
7.98046	0.0101165
7.9807	0.0114467
7.98094	0.00241857
7.98119	-0.011132
7.98143	-0.0153916
7.98168	-0.00424985
7.98192	0.0114271
7.98217	0.0166029
7.98241	0.0106597
7.98266	0.00512735
7.9829	0.00549464
7.98315	0.00559167
7.98339	0.000519294
7.98363	-0.00523415
7.98388	-0.00628823
7.98412	-0.00488709
7.98437	-0.00603157
7.98461	-0.00972355
7.98486	-0.012659
7.9851	-0.0134673
7.98535	-0.01224
7.98559	-0.00826369
7.98584	-0.00221479
7.98608	0.00182796
7.98633	0.000516214
7.98657	-0.00355041
7.98681	-0.00407155
7.98706	0.000744772
7.9873	0.00438586
7.98755	-0.000966042
7.98779	-0.013348
7.98804	-0.020601
7.98828	-0.0147825
7.98853	-0.00383205
7.98877	-0.00161083
7.98902	-0.00777487
7.98926	-0.00831358
7.98951	0.00166623
7.98975	0.00882504
7.98999	0.0029557
7.99024	-0.00528675
7.99048	-0.001292
7.99073	0.00842336
7.99097	0.00546104
7.99122	-0.0105022
7.99146	-0.0199202
7.99171	-0.0129015
7.99195	-0.00292416
7.9922	-0.00496898
7.99244	-0.014385
7.99269	-0.0167144
7.99293	-0.00867702
7.99317	0.000406746
7.99342	0.00263861
7.99366	-0.00106585
7.99391	-0.00498683
7.99415	-0.00484805
7.9944	-0.00147375
7.99464	-6.66287e-06
7.99489	-0.00316056
7.99513	-0.00598004
7.99538	-0.0021756
7.99562	0.00533315
7.99586	0.00751751
7.99611	0.00279729
7.99635	-0.00104904
7.9966	6.59107e-05
7.99684	0.00118982
7.99709	-0.000678786
7.99733	-0.000165022
7.99758	0.00589032
7.99782	0.00994748
7.99807	0.00401603
7.99831	-0.00742256
7.99856	-0.0131784
7.9988	-0.0104349
7.99904	-0.00612063
7.99929	-0.00533835
7.99953	-0.0062879
7.99978	-0.00670223
8.00002	-0.00815388
8.00027	-0.0114882
8.00051	-0.0129697
8.00076	-0.00894853
8.001	-0.00214277
8.00125	0.000943739
8.00149	-0.00106459
8.00174	-0.00220619
8.00198	0.00163025
8.00222	0.00522619
8.00247	0.00137575
8.00271	-0.00637805
8.00296	-0.00676984
8.0032	0.0021358
8.00345	0.00835095
8.00369	0.00340167
8.00394	-0.00454321
8.00418	-0.00312241
8.00443	0.00557521
8.00467	0.00900601
8.00492	0.00262348
8.00516	-0.00588398
8.0054	-0.00867033
8.00565	-0.00505469
8.00589	0.00142078
8.00614	0.00515822
8.00638	0.000469157
8.00663	-0.0101058
8.00687	-0.0131089
8.00712	0.000101095
8.00736	0.0184136
8.00761	0.0233873
8.00785	0.0136133
8.00809	0.00349315
8.00834	-2.44705e-05
8.00858	-0.00342978
8.00883	-0.00849433
8.00907	-0.00566038
8.00932	0.00809946
8.00956	0.0194193
8.00981	0.0156481
8.01005	0.00185685
8.0103	-0.00736383
8.01054	-0.00540357
8.01079	0.00357257
8.01103	0.0124001
8.01127	0.0156212
8.01152	0.0120915
8.01176	0.00719904
8.01201	0.00768038
8.01225	0.0126282
8.0125	0.0155845
8.01274	0.0150523
8.01299	0.0143611
8.01323	0.0121808
8.01348	0.00476692
8.01372	-0.00232132
8.01397	0.00133041
8.01421	0.0126791
8.01445	0.0164313
8.0147	0.00858971
8.01494	0.00268484
8.01519	0.00598421
8.01543	0.00664117
8.01568	-0.0047967
8.01592	-0.0168136
8.01617	-0.0141806
8.01641	-0.00183037
8.01666	0.0038562
8.0169	-0.000776822
8.01715	-0.00583192
8.01739	-0.00511899
8.01763	-0.000805669
8.01788	0.0045878
8.01812	0.00877117
8.01837	0.00636445
8.01861	-0.00375935
8.01886	-0.0114785
8.0191	-0.00664277
8.01935	0.00568255
8.01959	0.0113183
8.01984	0.00589283
8.02008	-0.00172333
8.02032	-0.0030476
8.02057	0.00143916
8.02081	0.0061222
8.02106	0.00587736
8.0213	-0.000764408
8.02155	-0.00906245
8.02179	-0.0111393
8.02204	-0.00528641
8.02228	0.00191253
8.02253	0.0054969
8.02277	0.00763833
8.02302	0.0100241
8.02326	0.00935685
8.0235	0.00512493
8.02375	0.00251372
8.02399	0.00233023
8.02424	-0.00134957
8.02448	-0.00765505
8.02473	-0.0061405
8.02497	0.00426379
8.02522	0.00821885
8.02546	-0.00233382
8.02571	-0.012307
8.02595	-0.00672466
8.0262	0.00405782
8.02644	0.00152094
8.02668	-0.0100374
8.02693	-0.0117435
8.02717	-0.00177041
8.02742	0.00442177
8.02766	0.00150718
8.02791	-0.000902273
8.02815	0.000251573
8.0284	-0.00255459
8.02864	-0.00861086
8.02889	-0.00731628
8.02913	0.00132785
8.02938	0.00433967
8.02962	-0.00169587
8.02986	-0.00451068
8.03011	0.00192533
8.03035	0.00739647
8.0306	0.00409085
8.03084	-0.00165028
8.03109	-0.00373624
8.03133	-0.00639298
8.03158	-0.0114128
8.03182	-0.0107022
8.03207	-0.00130805
8.03231	0.00593152
8.03255	0.00317604
8.0328	-0.00133853
8.03304	0.00213497
8.03329	0.00834006
8.03353	0.00664463
8.03378	-0.00183079
8.03402	-0.00803686
8.03427	-0.00900357
8.03451	-0.00794935
8.03476	-0.00628108
8.035	-0.00414999
8.03525	-0.00362258
8.03549	-0.00421968
8.03573	-0.00124542
8.03598	0.00542332
8.03622	0.00825668
8.03647	0.0040677
8.03671	0.000676173
8.03696	0.00436621
8.0372	0.00969362
8.03745	0.01018
8.03769	0.00961951
8.03794	0.012329
8.03818	0.0114994
8.03843	0.000626379
8.03867	-0.0106288
8.03891	-0.00755056
8.03916	0.00602506
8.0394	0.0109379
8.03965	2.94652e-05
8.03989	-0.0119387
8.04014	-0.00947097
8.04038	0.00379727
8.04063	0.0121153
8.04087	0.00715427
8.04112	-0.00494258
8.04136	-0.0119677
8.04161	-0.00739943
8.04185	0.00402916
8.04209	0.010971
8.04234	0.00737592
8.04258	-0.000810208
8.04283	-0.00335823
8.04307	0.00156881
8.04332	0.00651028
8.04356	0.00511064
8.04381	-0.00157777
8.04405	-0.0090834
8.0443	-0.0147285
8.04454	-0.017407
8.04478	-0.0159503
8.04503	-0.0102471
8.04527	-0.00273999
8.04552	0.00271462
8.04576	0.00386038
8.04601	0.002267
8.04625	0.00183168
8.0465	0.00355232
8.04674	0.00307035
8.04699	-0.00322729
8.04723	-0.0108435
8.04748	-0.0115037
8.04772	-0.00497148
8.04796	0.000432509
8.04821	0.000681672
8.04845	0.000995674
8.0487	0.00415381
8.04894	0.00351928
8.04919	-0.00459713
8.04943	-0.0101755
8.04968	-0.00233727
8.04992	0.0123377
8.05017	0.0169423
8.05041	0.00760467
8.05066	-0.00292348
8.0509	-0.00535968
8.05114	-0.00463292
8.05139	-0.00703928
8.05163	-0.00867759
8.05188	-0.0038261
8.05212	0.003869
8.05237	0.00683922
8.05261	0.00455153
8.05286	0.00132031
8.0531	-0.00233433
8.05335	-0.00793062
8.05359	-0.0115962
8.05384	-0.0075591
8.05408	0.00101841
8.05432	0.00339004
8.05457	-0.00396583
8.05481	-0.0111318
8.05506	-0.00814764
8.0553	0.000697261
8.05555	0.00275144
8.05579	-0.00510682
8.05604	-0.0121021
8.05628	-0.00846988
8.05653	0.0017607
8.05677	0.0071713
8.05702	0.00394345
8.05726	-0.00138393
8.0575	-0.00262322
8.05775	-0.00131336
8.05799	-0.00229075
8.05824	-0.00663309
8.05848	-0.0111463
8.05873	-0.0116809
8.05897	-0.00559347
8.05922	0.00537757
8.05946	0.0130732
8.05971	0.00878224
8.05995	-0.00514533
8.06019	-0.0140946
8.06044	-0.00718503
8.06068	0.00855701
8.06093	0.0165639
8.06117	0.0113518
8.06142	0.00289805
8.06166	0.000263256
8.06191	6.15536e-05
8.06215	-0.00445128
8.0624	-0.0106424
8.06264	-0.0108336
8.06289	-0.00551646
8.06313	-0.00326699
8.06337	-0.00727281
8.06362	-0.00991884
8.06386	-0.00414343
8.06411	0.0053769
8.06435	0.00758046
8.0646	-0.000857885
8.06484	-0.0116384
8.06509	-0.0149606
8.06533	-0.00993383
8.06558	-0.00380512
8.06582	-0.00300218
8.06607	-0.00652244
8.06631	-0.00788718
8.06655	-0.00301408
8.0668	0.00463765
8.06704	0.0080712
8.06729	0.00553815
8.06753	0.00235986
8.06778	0.00275363
8.06802	0.00379498
8.06827	0.00122378
8.06851	-0.00239414
8.06876	-0.00162987
8.069	0.00147413
8.06925	-0.000833888
8.06949	-0.00877173
8.06973	-0.0120545
8.06998	-0.00454245
8.07022	0.00541051
8.07047	0.00593251
8.07071	-0.00211572
8.07096	-0.00760006
8.0712	-0.00487923
8.07145	0.000959393
8.07169	0.00375186
8.07194	0.00329228
8.07218	0.00152244
8.07242	-0.00168804
8.07267	-0.00620006
8.07291	-0.00946846
8.07316	-0.00942044
8.0734	-0.00685402
8.07365	-0.00369222
8.07389	-0.00132668
8.07414	-0.00121034
8.07438	-0.00405598
8.07463	-0.00760434
8.07487	-0.00788992
8.07512	-0.0037936
8.07536	0.00151861
8.0756	0.0041156
8.07585	0.00293271
8.07609	0.000366299
8.07634	0.000383928
8.07658	0.00448218
8.07683	0.00842267
8.07707	0.0061113
8.07732	-0.001392
8.07756	-0.00549647
8.07781	-0.00236399
8.07805	0.000381405
8.0783	-0.00447504
8.07854	-0.0112628
8.07878	-0.0101589
8.07903	-0.00352013
8.07927	-0.00145471
8.07952	-0.003756
8.07976	-0.00054899
8.08001	0.00835558
8.08025	0.0100765
8.0805	-0.000591309
8.08074	-0.0111754
8.08099	-0.0100863
8.08123	-0.00312613
8.08148	-0.0019545
8.08172	-0.00632526
8.08196	-0.00872095
8.08221	-0.0085633
8.08245	-0.0101588
8.0827	-0.0122878
8.08294	-0.0111526
8.08319	-0.00927113
8.08343	-0.0107946
8.08368	-0.0120004
8.08392	-0.00724965
8.08417	-0.000672893
8.08441	-0.000309711
8.08465	-0.00357712
8.0849	-0.00141491
8.08514	0.00453366
8.08539	0.00292725
8.08563	-0.0077588
8.08588	-0.014671
8.08612	-0.00977785
8.08637	-0.0010696
8.08661	0.00167359
8.08686	0.000962446
8.0871	0.00305209
8.08735	0.00478546
8.08759	-0.000205331
8.08783	-0.00792965
8.08808	-0.00810858
8.08832	-8.92732e-05
8.08857	0.00520278
8.08881	0.000203458
8.08906	-0.00994223
8.0893	-0.0151682
8.08955	-0.012146
8.08979	-0.00549453
8.09004	-0.00122623
8.09028	-0.00186857
8.09053	-0.00593496
8.09077	-0.00984801
8.09101	-0.0111487
8.09126	-0.0106212
8.0915	-0.0100233
8.09175	-0.00785908
8.09199	-0.000753851
8.09224	0.00926723
8.09248	0.0129354
8.09273	0.0041104
8.09297	-0.00995887
8.09322	-0.0151273
8.09346	-0.00761401
8.09371	0.00200886
8.09395	0.00421179
8.09419	0.0020274
8.09444	0.0020806
8.09468	0.00232464
8.09493	-0.0019656
8.09517	-0.00612361
8.09542	-0.00234142
8.09566	0.00511636
8.09591	0.00469989
8.09615	-0.00299102
8.0964	-0.00574564
8.09664	-0.00167329
8.09688	-0.00350687
8.09713	-0.0147659
8.09737	-0.0194691
8.09762	-0.00726394
8.09786	0.00719248
8.09811	0.00593219
8.09835	-0.00435141
8.0986	-0.0054121
8.09884	0.00109802
8.09909	-0.0020107
8.09933	-0.0156744
8.09958	-0.0208341
8.09982	-0.00889649
8.10006	0.00517841
8.10031	0.00658702
8.10055	-0.000164704
8.1008	-0.00400481
8.10104	-0.00444527
8.10129	-0.00644004
8.10153	-0.00930067
8.10178	-0.00972899
8.10202	-0.00769708
8.10227	-0.00298726
8.10251	0.00580928
8.10276	0.0140658
8.103	0.0126669
8.10324	0.00201216
8.10349	-0.00566858
8.10373	-0.00359148
8.10398	0.000741828
8.10422	7.40913e-05
8.10447	-0.00114925
8.10471	0.00193005
8.10496	0.00345992
8.1052	-0.00254465
8.10545	-0.0102747
8.10569	-0.0116571
8.10594	-0.00919232
8.10618	-0.00860616
8.10642	-0.00731908
8.10667	-0.0019122
8.10691	0.00115733
8.10716	-0.00461154
8.1074	-0.0120535
8.10765	-0.0102
8.10789	-0.00239276
8.10814	-0.000452838
8.10838	-0.00497537
8.10863	-0.0059776
8.10887	-0.000742392
8.10911	0.00322627
8.10936	0.00221907
8.1096	0.000210188
8.10985	-0.00102858
8.11009	-0.00364976
8.11034	-0.00592141
8.11058	-0.00409319
8.11083	-0.0011024
8.11107	-0.00189123
8.11132	-0.00200391
8.11156	0.0059253
8.11181	0.0160034
8.11205	0.0145816
8.11229	0.00196272
8.11254	-0.00745317
8.11278	-0.00819288
8.11303	-0.0095724
8.11327	-0.0148634
8.11352	-0.0133339
8.11376	-0.00112021
8.11401	0.00750258
8.11425	0.00155728
8.1145	-0.00835345
8.11474	-0.00686924
8.11499	0.00262369
8.11523	0.00631647
8.11547	0.00317868
8.11572	0.0035968
8.11596	0.00929741
8.11621	0.0104478
8.11645	0.00291783
8.1167	-0.0045569
8.11694	-0.00358558
8.11719	0.00239571
8.11743	0.00392464
8.11768	-0.00200707
8.11792	-0.00863745
8.11817	-0.00755907
8.11841	0.000885032
8.11865	0.00696325
8.1189	0.00384811
8.11914	-0.00203764
8.11939	0.000303729
8.11963	0.00878584
8.11988	0.00957728
8.12012	-0.00202599
8.12037	-0.0137493
8.12061	-0.0145412
8.12086	-0.0090725
8.1211	-0.00629067
8.12134	-0.00460199
8.12159	0.000901397
8.12183	0.00569899
8.12208	0.00289041
8.12232	-0.00339345
8.12257	-0.00398251
8.12281	0.000713213
8.12306	0.00360969
8.1233	0.00377518
8.12355	0.00456811
8.12379	0.00374517
8.12404	-0.00162421
8.12428	-0.00471572
8.12452	0.00193056
8.12477	0.00992732
8.12501	0.00420532
8.12526	-0.0118676
8.1255	-0.0181804
8.12575	-0.00771082
8.12599	0.00275194
8.12624	-0.00148834
8.12648	-0.0120327
8.12673	-0.0123433
8.12697	-0.00156777
8.12722	0.00818906
8.12746	0.0102078
8.1277	0.00765484
8.12795	0.0048496
8.12819	0.00352953
8.12844	0.00458057
8.12868	0.00617792
8.12893	0.00330294
8.12917	-0.00487151
8.12942	-0.0108105
8.12966	-0.00781723
8.12991	0.000226181
8.13015	0.0044162
8.1304	0.00272585
8.13064	-3.93061e-05
8.13088	-0.00134497
8.13113	-0.00295678
8.13137	-0.00495312
8.13162	-0.00412416
8.13186	0.000859861
8.13211	0.00678893
8.13235	0.00922506
8.1326	0.0065437
8.13284	0.0014162
8.13309	-0.000509247
8.13333	0.00429445
8.13358	0.0118611
8.13382	0.0137375
8.13406	0.00757611
8.13431	0.00066213
8.13455	-0.000307555
8.1348	0.00165212
8.13504	-0.000159384
8.13529	-0.0051047
8.13553	-0.00689673
8.13578	-0.0040563
8.13602	-0.00143319
8.13627	-0.00145014
8.13651	-0.000702509
8.13675	0.00306583
8.137	0.00651346
8.13724	0.00634985
8.13749	0.00502303
8.13773	0.00642983
8.13798	0.00838263
8.13822	0.00460094
8.13847	-0.00514275
8.13871	-0.0115711
8.13896	-0.00665166
8.1392	0.00417591
8.13945	0.00649646
8.13969	-0.00462788
8.13993	-0.0167696
8.14018	-0.0160506
8.14042	-0.00610096
8.14067	-0.0022626
8.14091	-0.00869307
8.14116	-0.0125799
8.1414	-0.0042339
8.14165	0.0079337
8.14189	0.010009
8.14214	0.00206104
8.14238	-0.00470451
8.14263	-0.00522869
8.14287	-0.00410966
8.14311	-0.00384656
8.14336	-0.000836451
8.1436	0.00523159
8.14385	0.00775004
8.14409	0.0029651
8.14434	-0.00395757
8.14458	-0.00717239
8.14483	-0.00813887
8.14507	-0.0100393
8.14532	-0.00977059
8.14556	-0.00297204
8.14581	0.0059597
8.14605	0.00717684
8.14629	-0.000868382
8.14654	-0.00811535
8.14678	-0.00570161
8.14703	0.00363029
8.14727	0.0113871
8.14752	0.0143891
8.14776	0.0146579
8.14801	0.0122355
8.14825	0.00580096
8.1485	-0.0005378
8.14874	0.000410543
8.14898	0.00732746
8.14923	0.00881656
8.14947	-0.00157909
8.14972	-0.0149019
8.14996	-0.0180325
8.15021	-0.0108484
8.15045	-0.00417813
8.1507	-0.00356985
8.15094	-0.00454591
8.15119	-0.00362196
8.15143	-0.00401764
8.15168	-0.00757796
8.15192	-0.00959262
8.15216	-0.0063976
8.15241	-0.00164646
8.15265	-2.8811e-05
8.1529	-0.000340857
8.15314	9.69476e-05
8.15339	-0.000492093
8.15363	-0.00349482
8.15388	-0.00373023
8.15412	0.00394305
8.15437	0.0139957
8.15461	0.0144951
8.15486	0.00273187
8.1551	-0.0101692
8.15534	-0.0125307
8.15559	-0.00493657
8.15583	0.00314452
8.15608	0.00553734
8.15632	0.00382692
8.15657	0.0013914
8.15681	-0.00175625
8.15706	-0.00608189
8.1573	-0.00809008
8.15755	-0.00365552
8.15779	0.00450932
8.15804	0.0081773
8.15828	0.00462421
8.15852	0.000926551
8.15877	0.00290793
8.15901	0.00545108
8.15926	0.00118588
8.1595	-0.00568997
8.15975	-0.00473647
8.15999	0.00333957
8.16024	0.00653485
8.16048	9.1192e-05
8.16073	-0.00670187
8.16097	-0.00577776
8.16121	-0.000680173
8.16146	0.00344328
8.1617	0.00813466
8.16195	0.0125765
8.16219	0.00830728
8.16244	-0.00665281
8.16268	-0.0188805
8.16293	-0.0168888
8.16317	-0.00831696
8.16342	-0.00665333
8.16366	-0.00954818
8.16391	-0.0062246
8.16415	0.000840093
8.16439	0.000631746
8.16464	-0.00403213
8.16488	0.000101147
8.16513	0.0109159
8.16537	0.0106837
8.16562	-0.00352923
8.16586	-0.0110907
8.16611	0.000288791
8.16635	0.0133532
8.1666	0.00733597
8.16684	-0.00979858
8.16709	-0.0136933
8.16733	0.000514539
8.16757	0.0135966
8.16782	0.0108241
8.16806	-0.00137612
8.16831	-0.0087796
8.16855	-0.00643097
8.1688	0.00118408
8.16904	0.0078395
8.16929	0.00936781
8.16953	0.00545886
8.16978	0.000578549
8.17002	-0.000258527
8.17027	0.00249336
8.17051	0.00401111
8.17075	0.00158445
8.171	-0.00313897
8.17124	-0.00728208
8.17149	-0.00886269
8.17173	-0.00734274
8.17198	-0.0051161
8.17222	-0.00623178
8.17247	-0.0104073
8.17271	-0.0115295
8.17296	-0.00619015
8.1732	1.25858e-05
8.17344	0.000101012
8.17369	-0.00397532
8.17393	-0.00529027
8.17418	-0.00315821
8.17442	-0.0024778
8.17467	-0.0037272
8.17491	-0.00241261
8.17516	0.00146566
8.1754	0.00230488
8.17565	-0.00111361
8.17589	-0.00282428
8.17614	0.000241559
8.17638	0.00303221
8.17662	0.00122263
8.17687	-0.00146877
8.17711	0.000185669
8.17736	0.00459413
8.1776	0.00698297
8.17785	0.00677151
8.17809	0.00551158
8.17834	0.00119081
8.17858	-0.0083837
8.17883	-0.0181194
8.17907	-0.0186855
8.17932	-0.00833252
8.17956	0.00327579
8.1798	0.0054026
8.18005	-0.00231801
8.18029	-0.0108213
8.18054	-0.012304
8.18078	-0.00765052
8.18103	-0.00313194
8.18127	-0.00179821
8.18152	-0.000728123
8.18176	0.00290427
8.18201	0.00651437
8.18225	0.00598586
8.1825	0.00256953
8.18274	0.00126314
8.18298	0.00312209
8.18323	0.00441518
8.18347	0.0034748
8.18372	0.00262628
8.18396	0.00238151
8.18421	0.000129106
8.18445	-0.00344686
8.1847	-0.00364548
8.18494	-0.000558835
8.18519	-0.000956682
8.18543	-0.00662174
8.18567	-0.00905059
8.18592	-0.00286574
8.18616	0.00357201
8.18641	0.000583416
8.18665	-0.00691132
8.1869	-0.00803294
8.18714	-0.00479288
8.18739	-0.0074103
8.18763	-0.0137223
8.18788	-0.010564
8.18812	0.0027695
8.18837	0.00995611
8.18861	0.0023609
8.18885	-0.00769013
8.1891	-0.00711862
8.18934	-0.00118486
8.18959	-0.00104331
8.18983	-0.00452222
8.19008	-0.0030687
8.19032	0.00140541
8.19057	0.00138268
8.19081	-0.000879863
8.19106	0.00248062
8.1913	0.00943182
8.19155	0.0108224
8.19179	0.00617077
8.19203	0.00316589
8.19228	0.00297836
8.19252	-0.000444337
8.19277	-0.00684262
8.19301	-0.00883372
8.19326	-0.00546938
8.1935	-0.00375413
8.19375	-0.00510233
8.19399	-0.00311617
8.19424	0.00266149
8.19448	0.00383838
8.19473	-0.00191473
8.19497	-0.00541002
8.19521	-0.000873161
8.19546	0.00488214
8.1957	0.00450323
8.19595	0.0013349
8.19619	0.00171514
8.19644	0.00450432
8.19668	0.00511596
8.19693	0.00317308
8.19717	0.000653676
8.19742	-0.0014153
8.19766	-0.000784706
8.1979	0.00431155
8.19815	0.00868291
8.19839	0.00440032
8.19864	-0.00575836
8.19888	-0.00958527
8.19913	-0.00360081
8.19937	0.00191429
8.19962	0.000351464
8.19986	-0.00234097
8.20011	-0.00232068
8.20035	-0.00625652
8.2006	-0.0158014
8.20084	-0.0187978
8.20108	-0.00831094
8.20133	0.00335977
8.20157	0.00375138
8.20182	0.000190405
8.20206	0.00457548
8.20231	0.0106896
8.20255	0.0058777
8.2028	-0.0046121
8.20304	-0.00622426
8.20329	-0.00108804
8.20353	-0.00324551
8.20378	-0.0120401
8.20402	-0.0129871
8.20426	-0.0040764
8.20451	0.00125785
8.20475	-0.00111011
8.205	-0.000251135
8.20524	0.00696425
8.20549	0.00853821
8.20573	-0.000535528
8.20598	-0.008345
8.20622	-0.00657824
8.20647	-0.00329922
8.20671	-0.00593635
8.20696	-0.00803604
8.2072	-0.00374328
8.20744	-0.000422289
8.20769	-0.00463654
8.20793	-0.00860521
8.20818	-0.00387347
8.20842	0.0024092
8.20867	-0.00111368
8.20891	-0.0104751
8.20916	-0.0123551
8.2094	-0.00440306
8.20965	0.00340857
8.20989	0.00488698
8.21014	0.00354032
8.21038	0.00322447
8.21062	0.00271418
8.21087	0.000964681
8.21111	0.000826147
8.21136	0.00468485
8.2116	0.00921952
8.21185	0.00696794
8.21209	-0.00523484
8.21234	-0.0190315
8.21258	-0.0204213
8.21283	-0.0073399
8.21307	0.00428346
8.21331	0.00059721
8.21356	-0.00969965
8.2138	-0.00806943
8.21405	0.00470235
8.21429	0.00989861
8.21454	0.00181906
8.21478	-0.00329013
8.21503	0.00440268
8.21527	0.0115826
8.21552	0.00550505
8.21576	-0.00350463
8.21601	0.000176808
8.21625	0.0107351
8.21649	0.0107426
8.21674	-0.000755127
8.21698	-0.00856351
8.21723	-0.00546366
8.21747	0.000847629
8.21772	0.00332727
8.21796	0.00331771
8.21821	0.00254619
8.21845	-3.85496e-05
8.2187	-0.00235183
8.21894	-0.000439702
8.21919	0.00324262
8.21943	0.00163718
8.21967	-0.00580144
8.21992	-0.0113345
8.22016	-0.00945698
8.22041	-0.00336386
8.22065	7.95661e-05
8.2209	-0.0018606
8.22114	-0.00502086
8.22139	-0.00218322
8.22163	0.00757201
8.22188	0.0138213
8.22212	0.00629089
8.22237	-0.00811366
8.22261	-0.0109285
8.22285	0.00179602
8.2231	0.0127764
8.22334	0.00983752
8.22359	0.00333108
8.22383	0.00534795
8.22408	0.0076353
8.22432	-0.00162891
8.22457	-0.0122143
8.22481	-0.00623927
8.22506	0.00952611
8.2253	0.0112593
8.22554	-0.00399576
8.22579	-0.0135569
8.22603	-0.00535172
8.22628	0.00560564
8.22652	0.00478209
8.22677	-0.000303733
8.22701	0.00169927
8.22726	0.00518248
8.2275	0.00072755
8.22775	-0.00528342
8.22799	-0.00174616
8.22824	0.00578922
8.22848	0.00282054
8.22872	-0.00936082
8.22897	-0.0138295
8.22921	-0.00351403
8.22946	0.00821449
8.2297	0.0071404
8.22995	-0.00261604
8.23019	-0.00645774
8.23044	0.000241205
8.23068	0.00819058
8.23093	0.00874638
8.23117	0.00414086
8.23142	0.00100254
8.23166	0.000459111
8.2319	0.000190442
8.23215	0.00180592
8.23239	0.0081562
8.23264	0.0149295
8.23288	0.014221
8.23313	0.00748887
8.23337	0.00512027
8.23362	0.0100529
8.23386	0.0124521
8.23411	0.00614972
8.23435	-0.000885933
8.2346	-0.00100349
8.23484	-0.000555541
8.23508	-0.0070073
8.23533	-0.0122203
8.23557	-0.00461004
8.23582	0.0084029
8.23606	0.00840614
8.23631	-0.00531874
8.23655	-0.0134668
8.2368	-0.005514
8.23704	0.00600392
8.23729	0.00588445
8.23753	-0.0030691
8.23777	-0.00791559
8.23802	-0.00406589
8.23826	0.00232117
8.23851	0.00424864
8.23875	0.000180544
8.239	-0.00548246
8.23924	-0.00560851
8.23949	0.00156131
8.23973	0.00760643
8.23998	0.00379239
8.24022	-0.00537842
8.24047	-0.00765421
8.24071	-0.00149531
8.24095	0.00249209
8.2412	-0.000181767
8.24144	-0.00133368
8.24169	0.00395476
8.24193	0.00806895
8.24218	0.00490048
8.24242	0.00138594
8.24267	0.00518281
8.24291	0.0103233
8.24316	0.00687603
8.2434	-0.00153915
8.24365	-0.00269078
8.24389	0.00437414
8.24413	0.00689712
8.24438	-0.00226016
8.24462	-0.013168
8.24487	-0.0123235
8.24511	-0.00135031
8.24536	0.00575676
8.2456	0.00271705
8.24585	-0.000548795
8.24609	0.00606891
8.24634	0.0157229
8.24658	0.0137858
8.24683	0.00121916
8.24707	-0.00509492
