4.00007	0.0252882
4.00031	0.030859
4.00056	0.0353571
4.0008	0.0365045
4.00105	0.0321324
4.00129	0.0227683
4.00154	0.0163672
4.00178	0.0203961
4.00203	0.028793
4.00227	0.0280163
4.00252	0.0176608
4.00276	0.0124188
4.003	0.0195321
4.00325	0.0275324
4.00349	0.0249009
4.00374	0.0179544
4.00398	0.0194879
4.00423	0.028504
4.00447	0.0334857
4.00472	0.030689
4.00496	0.0271722
4.00521	0.0275629
4.00545	0.0284087
4.0057	0.0262673
4.00594	0.0230783
4.00618	0.0215081
4.00643	0.0206379
4.00667	0.0185127
4.00692	0.0157414
4.00716	0.0150823
4.00741	0.0185574
4.00765	0.0247284
4.0079	0.0287389
4.00814	0.027327
4.00839	0.0239353
4.00863	0.0249366
4.00888	0.0301516
4.00912	0.0326591
4.00936	0.0299049
4.00961	0.0282072
4.00985	0.0321395
4.0101	0.0361111
4.01034	0.032735
4.01059	0.0243609
4.01083	0.01934
4.01108	0.0207487
4.01132	0.0256291
4.01157	0.0318012
4.01181	0.0381405
4.01205	0.0412724
4.0123	0.0398285
4.01254	0.0394701
4.01279	0.0455039
4.01303	0.0528323
4.01328	0.0524493
4.01352	0.0461182
4.01377	0.0436974
4.01401	0.0460317
4.01426	0.0432096
4.0145	0.0331178
4.01475	0.0285076
4.01499	0.037794
4.01523	0.0497324
4.01548	0.0483389
4.01572	0.0358719
4.01597	0.028427
4.01621	0.0322989
4.01646	0.0377924
4.0167	0.0366654
4.01695	0.0332466
4.01719	0.034268
4.01744	0.0377789
4.01768	0.0385887
4.01793	0.0377092
4.01817	0.0393036
4.01841	0.042645
4.01866	0.0437815
4.0189	0.0425644
4.01915	0.0422251
4.01939	0.043875
4.01964	0.0465691
4.01988	0.0507189
4.02013	0.0559713
4.02037	0.0577342
4.02062	0.0522987
4.02086	0.0443928
4.02111	0.0427524
4.02135	0.0482427
4.02159	0.0534655
4.02184	0.0546289
4.02208	0.055685
4.02233	0.0585472
4.02257	0.0577883
4.02282	0.049806
4.02306	0.0402338
4.02331	0.0364308
4.02355	0.0381675
4.0238	0.0414194
4.02404	0.045967
4.02428	0.0525789
4.02453	0.0572326
4.02477	0.0556279
4.02502	0.050559
4.02526	0.048032
4.02551	0.0485799
4.02575	0.0488257
4.026	0.0488873
4.02624	0.0512381
4.02649	0.0543399
4.02673	0.0544669
4.02698	0.0523256
4.02722	0.0513199
4.02746	0.0511201
4.02771	0.0496257
4.02795	0.0490418
4.0282	0.0525545
4.02844	0.0569289
4.02869	0.0561749
4.02893	0.0507182
4.02918	0.0450901
4.02942	0.0392041
4.02967	0.031332
4.02991	0.0269805
4.03016	0.0330713
4.0304	0.0441258
4.03064	0.046874
4.03089	0.0397249
4.03113	0.0350773
4.03138	0.039898
4.03162	0.0467019
4.03187	0.0476596
4.03211	0.0452697
4.03236	0.0438062
4.0326	0.0417033
4.03285	0.0382423
4.03309	0.0371201
4.03334	0.0379513
4.03358	0.0351576
4.03382	0.0302818
4.03407	0.0327645
4.03431	0.0423721
4.03456	0.0451977
4.0348	0.0357412
4.03505	0.0279763
4.03529	0.0329895
4.03554	0.0405419
4.03578	0.0377199
4.03603	0.0320299
4.03627	0.0373356
4.03651	0.0477579
4.03676	0.0467681
4.037	0.0354824
4.03725	0.0302009
4.03749	0.0351719
4.03774	0.0391187
4.03798	0.0378979
4.03823	0.0393529
4.03847	0.0439866
4.03872	0.0418234
4.03896	0.0329664
4.03921	0.0311777
4.03945	0.0400308
4.03969	0.0445956
4.03994	0.0366056
4.04018	0.0302592
4.04043	0.0397414
4.04067	0.0554421
4.04092	0.0584085
4.04116	0.0489677
4.04141	0.0446335
4.04165	0.0539203
4.0419	0.0668198
4.04214	0.0709787
4.04239	0.0659848
4.04263	0.0594017
4.04287	0.0560818
4.04312	0.0547696
4.04336	0.0522848
4.04361	0.0487573
4.04385	0.0478139
4.0441	0.0508031
4.04434	0.053337
4.04459	0.0514383
4.04483	0.0484742
4.04508	0.0498141
4.04532	0.0531672
4.04557	0.0527124
4.04581	0.0506953
4.04605	0.0537628
4.0463	0.0584162
4.04654	0.0537942
4.04679	0.0410351
4.04703	0.0349383
4.04728	0.0410161
4.04752	0.0458833
4.04777	0.0385793
4.04801	0.0270343
4.04826	0.022866
4.0485	0.023617
4.04874	0.0229661
4.04899	0.0255731
4.04923	0.0359601
4.04948	0.0436597
4.04972	0.0377345
4.04997	0.0278007
4.05021	0.0308615
4.05046	0.0430209
4.0507	0.0456324
4.05095	0.0367819
4.05119	0.0335992
4.05144	0.0416571
4.05168	0.0455538
4.05192	0.0370143
4.05217	0.0308428
4.05241	0.0410504
4.05266	0.0582618
4.0529	0.0649302
4.05315	0.0601625
4.05339	0.0550549
4.05364	0.0533023
4.05388	0.0511914
4.05413	0.0500714
4.05437	0.0547089
4.05462	0.0630934
4.05486	0.0699377
4.0551	0.0768635
4.05535	0.0876695
4.05559	0.0967568
4.05584	0.0947724
4.05608	0.0845481
4.05633	0.0790249
4.05657	0.0822133
4.05682	0.0834224
4.05706	0.073261
4.05731	0.0560197
4.05755	0.0426724
4.0578	0.0392185
4.05804	0.0448977
4.05828	0.0545049
4.05853	0.0592229
4.05877	0.0525035
4.05902	0.0391782
4.05926	0.0322102
4.05951	0.0363056
4.05975	0.0415491
4.06	0.0381413
4.06024	0.0301509
4.06049	0.0273168
4.06073	0.0294227
4.06097	0.0286126
4.06122	0.0241051
4.06146	0.0237925
4.06171	0.0305079
4.06195	0.0362767
4.0622	0.0339281
4.06244	0.0274916
4.06269	0.0261989
4.06293	0.0325204
4.06318	0.0410101
4.06342	0.04651
4.06367	0.048918
4.06391	0.0505324
4.06415	0.0524362
4.0644	0.0544672
4.06464	0.0570012
4.06489	0.0615058
4.06513	0.0690888
4.06538	0.0785548
4.06562	0.0866237
4.06587	0.0908707
4.06611	0.0918017
4.06636	0.0911586
4.0666	0.0894167
4.06685	0.0863108
4.06709	0.0821462
4.06733	0.076492
4.06758	0.0677554
4.06782	0.0570866
4.06807	0.050105
4.06831	0.0500226
4.06856	0.0513485
4.0688	0.0469411
4.06905	0.040091
4.06929	0.0412908
4.06954	0.052125
4.06978	0.0614992
4.07003	0.0614097
4.07027	0.0575941
4.07051	0.0588148
4.07076	0.0634932
4.071	0.0648571
4.07125	0.0633983
4.07149	0.0652644
4.07174	0.0717591
4.07198	0.0786969
4.07223	0.0839605
4.07247	0.0885496
4.07272	0.0924546
4.07296	0.0962076
4.0732	0.103521
4.07345	0.115026
4.07369	0.122698
4.07394	0.119148
4.07418	0.109794
4.07443	0.10627
4.07467	0.109651
4.07492	0.110572
4.07516	0.105059
4.07541	0.0988908
4.07565	0.0953238
4.0759	0.0901068
4.07614	0.0820009
4.07638	0.0779974
4.07663	0.0833486
4.07687	0.0940987
4.07712	0.103376
4.07736	0.108603
4.07761	0.110183
4.07785	0.109958
4.0781	0.11254
4.07834	0.120764
4.07859	0.12895
4.07883	0.128888
4.07908	0.122831
4.07932	0.121282
4.07956	0.12806
4.07981	0.138339
4.08005	0.150547
4.0803	0.166558
4.08054	0.180417
4.08079	0.184057
4.08103	0.1866
4.08128	0.208646
4.08152	0.251858
4.08177	0.294851
4.08201	0.327988
4.08226	0.370564
4.0825	0.440923
4.08274	0.531776
4.08299	0.6322
4.08323	0.751987
4.08348	0.900686
4.08372	1.05983
4.08397	1.20164
4.08421	1.32196
4.08446	1.42975
4.0847	1.51898
4.08495	1.58176
4.08519	1.6386
4.08544	1.71973
4.08568	1.81698
4.08592	1.88458
4.08617	1.88824
4.08641	1.82679
4.08666	1.71111
4.0869	1.55929
4.08715	1.41608
4.08739	1.33922
4.08764	1.35286
4.08788	1.43971
4.08813	1.57818
4.08837	1.74434
4.08861	1.86817
4.08886	1.84334
4.0891	1.62218
4.08935	1.27515
4.08959	0.924653
4.08984	0.641988
4.09008	0.434335
4.09033	0.29665
4.09057	0.226057
4.09082	0.197665
4.09106	0.173725
4.09131	0.141703
4.09155	0.115095
4.09179	0.0994723
4.09204	0.0857148
4.09228	0.0729203
4.09253	0.0688397
4.09277	0.0690154
4.09302	0.0623104
4.09326	0.0547667
4.09351	0.0607668
4.09375	0.0733826
4.094	0.0727065
4.09424	0.0616214
4.09449	0.0615464
4.09473	0.0725101
4.09497	0.0720607
4.09522	0.057963
4.09546	0.0551749
4.09571	0.0703928
4.09595	0.0765152
4.0962	0.0585662
4.09644	0.0403889
4.09669	0.0440571
4.09693	0.0540838
4.09718	0.0480864
4.09742	0.0357412
4.09767	0.0371605
4.09791	0.0446137
4.09815	0.0385183
4.0984	0.0256211
4.09864	0.0277189
4.09889	0.0423024
4.09913	0.0467421
4.09938	0.0365167
4.09962	0.0290387
4.09987	0.0314438
4.10011	0.0331212
4.10036	0.0310097
4.1006	0.035159
4.10084	0.045424
4.10109	0.0474377
4.10133	0.0375741
4.10158	0.0296337
4.10182	0.030368
4.10207	0.0296386
4.10231	0.022529
4.10256	0.0204216
4.1028	0.0298293
4.10305	0.039005
4.10329	0.0377685
4.10354	0.034212
4.10378	0.0382281
4.10402	0.0428265
4.10427	0.0372549
4.10451	0.0276307
4.10476	0.028152
4.105	0.0386734
4.10525	0.0463708
4.10549	0.0457724
4.10574	0.043196
4.10598	0.0428902
4.10623	0.0414775
4.10647	0.037241
4.10672	0.0347122
4.10696	0.0370659
4.1072	0.0407179
4.10745	0.0405923
4.10769	0.0369763
4.10794	0.0350683
4.10818	0.0392375
4.10843	0.0480973
4.10867	0.0550173
4.10892	0.0550953
4.10916	0.0514706
4.10941	0.0513406
4.10965	0.0556537
4.1099	0.0581327
4.11014	0.0561612
4.11038	0.0563019
4.11063	0.0650796
4.11087	0.0796604
4.11112	0.0927578
4.11136	0.103099
4.11161	0.116073
4.11185	0.136344
4.1121	0.16355
4.11234	0.193191
4.11259	0.219134
4.11283	0.237715
4.11307	0.250902
4.11332	0.262157
4.11356	0.268993
4.11381	0.26551
4.11405	0.253144
4.1143	0.240572
4.11454	0.229857
4.11479	0.212006
4.11503	0.182117
4.11528	0.149844
4.11552	0.126536
4.11577	0.109661
4.11601	0.090028
4.11625	0.0685232
4.1165	0.0545339
4.11674	0.0513321
4.11699	0.0536224
4.11723	0.0572234
4.11748	0.0610801
4.11772	0.0616882
4.11797	0.0561163
4.11821	0.0498837
4.11846	0.0517295
4.1187	0.0603564
4.11895	0.0657384
4.11919	0.0639046
4.11943	0.0610974
4.11968	0.0625542
4.11992	0.0664277
4.12017	0.0702849
4.12041	0.0749372
4.12066	0.0801532
4.1209	0.0844673
4.12115	0.0903639
4.12139	0.101817
4.12164	0.116547
4.12188	0.129566
4.12213	0.14413
4.12237	0.168419
4.12261	0.200662
4.12286	0.229948
4.1231	0.254354
4.12335	0.284744
4.12359	0.324785
4.12384	0.359852
4.12408	0.374286
4.12433	0.369685
4.12457	0.357442
4.12482	0.341919
4.12506	0.320659
4.1253	0.294353
4.12555	0.266688
4.12579	0.238467
4.12604	0.209793
4.12628	0.184829
4.12653	0.168374
4.12677	0.160874
4.12702	0.160448
4.12726	0.165095
4.12751	0.17068
4.12775	0.174242
4.128	0.181917
4.12824	0.203775
4.12848	0.236626
4.12873	0.263005
4.12897	0.272683
4.12922	0.273035
4.12946	0.271528
4.12971	0.262578
4.12995	0.242012
4.1302	0.219511
4.13044	0.202789
4.13069	0.183105
4.13093	0.152641
4.13118	0.123104
4.13142	0.107931
4.13166	0.0980296
4.13191	0.0777594
4.13215	0.0553269
4.1324	0.0512331
4.13264	0.0620467
4.13289	0.0638188
4.13313	0.0509459
4.13338	0.0432755
4.13362	0.0506299
4.13387	0.0578946
4.13411	0.0537477
4.13436	0.0486323
4.1346	0.0522621
4.13484	0.0559995
4.13509	0.0519278
4.13533	0.0497688
4.13558	0.0590524
4.13582	0.0708218
4.13607	0.0731022
4.13631	0.0707608
4.13656	0.0743669
4.1368	0.0815307
4.13705	0.0849763
4.13729	0.08872
4.13753	0.100906
4.13778	0.119169
4.13802	0.137133
4.13827	0.157309
4.13851	0.184323
4.13876	0.213427
4.139	0.2384
4.13925	0.26222
4.13949	0.287065
4.13974	0.303213
4.13998	0.302446
4.14023	0.293592
4.14047	0.288979
4.14071	0.283439
4.14096	0.263652
4.1412	0.231641
4.14145	0.201343
4.14169	0.176907
4.14194	0.152323
4.14218	0.128353
4.14243	0.111072
4.14267	0.096187
4.14292	0.0742276
4.14316	0.0507332
4.14341	0.0417415
4.14365	0.0475422
4.14389	0.0500976
4.14414	0.040407
4.14438	0.0301027
4.14463	0.0300191
4.14487	0.0345432
4.14512	0.0354191
4.14536	0.0358048
4.14561	0.0405147
4.14585	0.0445713
4.1461	0.0421415
4.14634	0.0377476
4.14659	0.0386092
4.14683	0.0424989
4.14707	0.0419204
4.14732	0.0356136
4.14756	0.0288112
4.14781	0.0253095
4.14805	0.0241564
4.1483	0.02178
4.14854	0.0153637
4.14879	0.00713095
4.14903	0.00466915
4.14928	0.0117814
4.14952	0.0207646
4.14976	0.0213123
4.15001	0.0150841
4.15025	0.0117747
4.1505	0.0126445
4.15074	0.0105444
4.15099	0.00606639
4.15123	0.0085197
4.15148	0.0175373
4.15172	0.019259
4.15197	0.00775318
4.15221	-0.00364559
4.15246	-0.00135543
4.1527	0.00996679
4.15294	0.0175837
4.15319	0.0187211
4.15343	0.0178552
4.15368	0.0152689
4.15392	0.00984599
4.15417	0.00649203
4.15441	0.00969977
4.15466	0.0150064
4.1549	0.0165071
4.15515	0.0175144
4.15539	0.0239084
4.15564	0.0320442
4.15588	0.0338403
4.15612	0.0303199
4.15637	0.0298653
4.15661	0.0352485
4.15686	0.0415763
4.1571	0.0453211
4.15735	0.0468778
4.15759	0.0454519
4.15784	0.0391789
4.15808	0.0298704
4.15833	0.0217997
4.15857	0.0172327
4.15882	0.0175207
4.15906	0.0246779
4.1593	0.0361814
4.15955	0.043225
4.15979	0.0416472
4.16004	0.0399109
4.16028	0.0473048
4.16053	0.0585121
4.16077	0.0606641
4.16102	0.0534904
4.16126	0.0506357
4.16151	0.0600444
4.16175	0.073967
4.16199	0.0819801
4.16224	0.0851674
4.16248	0.0916673
4.16273	0.103021
4.16297	0.110627
4.16322	0.105477
4.16346	0.0893491
4.16371	0.0749442
4.16395	0.0727957
4.1642	0.078316
4.16444	0.0765232
4.16469	0.0608462
4.16493	0.0408364
4.16517	0.0282835
4.16542	0.0237178
4.16566	0.0221552
4.16591	0.0232694
4.16615	0.0268722
4.1664	0.0262896
4.16664	0.0176973
4.16689	0.00983055
4.16713	0.0116447
4.16738	0.015781
4.16762	0.00941443
4.16787	-0.00218962
4.16811	-0.00100891
4.16835	0.0145752
4.1686	0.0250385
4.16884	0.0193126
4.16909	0.0109579
4.16933	0.0149753
4.16958	0.0239702
4.16982	0.0213999
4.17007	0.00824698
4.17031	0.00102778
4.17056	0.00778542
4.1708	0.0197069
4.17105	0.0257739
4.17129	0.0246706
4.17153	0.0208399
4.17178	0.0173045
4.17202	0.0153409
4.17227	0.0158312
4.17251	0.0178481
4.17276	0.0185075
4.173	0.016431
4.17325	0.0144486
4.17349	0.0174394
4.17374	0.0266012
4.17398	0.0359671
4.17423	0.037059
4.17447	0.0290452
4.17471	0.0216858
4.17496	0.0245356
4.1752	0.0358522
4.17545	0.0470198
4.17569	0.0547545
4.17594	0.0617207
4.17618	0.0676111
4.17643	0.0694039
4.17667	0.0701293
4.17692	0.0763797
4.17716	0.0850597
4.1774	0.0838974
4.17765	0.0695447
4.17789	0.0543966
4.17814	0.0490424
4.17838	0.0477621
4.17863	0.039588
4.17887	0.0254765
4.17912	0.0151051
4.17936	0.012487
4.17961	0.0138345
4.17985	0.0155273
4.1801	0.0163407
4.18034	0.0152624
4.18058	0.0135407
4.18083	0.01493
4.18107	0.0187759
4.18132	0.018749
4.18156	0.0139678
4.18181	0.0131699
4.18205	0.0200003
4.1823	0.0232897
4.18254	0.0132453
4.18279	-0.000696369
4.18303	-0.00216948
4.18328	0.00768481
4.18352	0.0136489
4.18376	0.0110348
4.18401	0.00996726
4.18425	0.0148243
4.1845	0.0163273
4.18474	0.00858319
4.18499	-0.00016653
4.18523	-0.000366389
4.18548	0.00584693
4.18572	0.0103818
4.18597	0.00959894
4.18621	0.00465533
4.18646	-0.000676824
4.1867	0.000300594
4.18694	0.0109905
4.18719	0.0224384
4.18743	0.0204278
4.18768	0.00487992
4.18792	-0.00828193
4.18817	-0.00848082
4.18841	-0.0023716
4.18866	0.00065271
4.1889	0.00232317
4.18915	0.00683332
4.18939	0.00998111
4.18963	0.00764566
4.18988	0.00606485
4.19012	0.0119835
4.19037	0.0192713
4.19061	0.017156
4.19086	0.00735875
4.1911	0.00199135
4.19135	0.00703428
4.19159	0.0173066
4.19184	0.0255582
4.19208	0.0282093
4.19233	0.0244386
4.19257	0.0173921
4.19281	0.0140644
4.19306	0.017206
4.1933	0.0205407
4.19355	0.0184771
4.19379	0.0155397
4.19404	0.0179127
4.19428	0.0210736
4.19453	0.0164844
4.19477	0.00670118
4.19502	0.00210795
4.19526	0.00488367
4.19551	0.00822906
4.19575	0.0103136
4.19599	0.0160646
4.19624	0.0243586
4.19648	0.0267207
4.19673	0.022091
4.19697	0.0205421
4.19722	0.0270093
4.19746	0.0323752
4.19771	0.0278368
4.19795	0.018913
4.1982	0.0166992
4.19844	0.0219532
4.19869	0.02672
4.19893	0.0271548
4.19917	0.0257113
4.19942	0.023101
4.19966	0.0173075
4.19991	0.0111496
4.20015	0.0124941
4.2004	0.0231167
4.20064	0.0330297
4.20089	0.0318828
4.20113	0.0235271
4.20138	0.0220223
4.20162	0.032176
4.20186	0.04209
4.20211	0.0404672
4.20235	0.0339041
4.2026	0.0365798
4.20284	0.0472501
4.20309	0.0509686
4.20333	0.0439096
4.20358	0.0400224
4.20382	0.0479066
4.20407	0.0580636
4.20431	0.0628154
4.20456	0.0717686
4.2048	0.0925443
4.20504	0.111871
4.20529	0.1162
4.20553	0.11878
4.20578	0.141749
4.20602	0.179525
4.20627	0.207828
4.20651	0.225414
4.20676	0.255418
4.207	0.301348
4.20725	0.33396
4.20749	0.334391
4.20774	0.321993
4.20798	0.321355
4.20822	0.325641
4.20847	0.314703
4.20871	0.290646
4.20896	0.270258
4.2092	0.254582
4.20945	0.231235
4.20969	0.200247
4.20994	0.17456
4.21018	0.157928
4.21043	0.142632
4.21067	0.127686
4.21092	0.120627
4.21116	0.121174
4.2114	0.120291
4.21165	0.116738
4.21189	0.119097
4.21214	0.129692
4.21238	0.141018
4.21263	0.150525
4.21287	0.165345
4.21312	0.189214
4.21336	0.217068
4.21361	0.245683
4.21385	0.277693
4.21409	0.311266
4.21434	0.337221
4.21458	0.351219
4.21483	0.359
4.21507	0.364947
4.21532	0.364833
4.21556	0.355026
4.21581	0.340268
4.21605	0.326566
4.2163	0.313603
4.21654	0.300057
4.21679	0.290332
4.21703	0.289729
4.21727	0.29672
4.21752	0.30505
4.21776	0.310862
4.21801	0.314132
4.21825	0.315279
4.2185	0.31333
4.21874	0.306594
4.21899	0.294127
4.21923	0.277031
4.21948	0.256956
4.21972	0.232361
4.21997	0.200088
4.22021	0.163601
4.22045	0.134286
4.2207	0.118749
4.22094	0.109918
4.22119	0.0982209
4.22143	0.086382
4.22168	0.0833788
4.22192	0.0883926
4.22217	0.0930651
4.22241	0.0967293
4.22266	0.105175
4.2229	0.115177
4.22315	0.116568
4.22339	0.112523
4.22363	0.12111
4.22388	0.14969
4.22412	0.182653
4.22437	0.204022
4.22461	0.218593
4.22486	0.238202
4.2251	0.258412
4.22535	0.264975
4.22559	0.257488
4.22584	0.250266
4.22608	0.25033
4.22632	0.248325
4.22657	0.233677
4.22681	0.207859
4.22706	0.178638
4.2273	0.149754
4.22755	0.121757
4.22779	0.0975465
4.22804	0.0807757
4.22828	0.0703727
4.22853	0.0611477
4.22877	0.050462
4.22902	0.041704
4.22926	0.0396192
4.2295	0.043342
4.22975	0.0465293
4.22999	0.0449224
4.23024	0.0408671
4.23048	0.0381724
4.23073	0.0356894
4.23097	0.0303067
4.23122	0.0240715
4.23146	0.0223281
4.23171	0.0251196
4.23195	0.0265585
4.2322	0.0236268
4.23244	0.019841
4.23268	0.0188357
4.23293	0.0200203
4.23317	0.0221899
4.23342	0.0252936
4.23366	0.0267087
4.23391	0.0228127
4.23415	0.0173895
4.2344	0.0204555
4.23464	0.0329556
4.23489	0.0402811
4.23513	0.0300122
4.23538	0.0112132
4.23562	0.00528301
4.23586	0.0186055
4.23611	0.0348298
4.23635	0.0368383
4.2366	0.0271858
4.23684	0.0208982
4.23709	0.0242851
4.23733	0.0293967
4.23758	0.0279849
4.23782	0.0226095
4.23807	0.0206824
4.23831	0.0229356
4.23855	0.0235149
4.2388	0.0198152
4.23904	0.0167025
4.23929	0.0197706
4.23953	0.0280297
4.23978	0.0349142
4.24002	0.0344859
4.24027	0.0263776
4.24051	0.017047
4.24076	0.0151985
4.241	0.021924
4.24125	0.0267491
4.24149	0.0199657
4.24173	0.00806426
4.24198	0.00732775
4.24222	0.020295
4.24247	0.0303068
4.24271	0.0252296
4.24296	0.0146185
4.2432	0.0135647
4.24345	0.020351
4.24369	0.0233818
4.24394	0.021769
4.24418	0.0230723
4.24443	0.0258744
4.24467	0.0219334
4.24491	0.0139161
4.24516	0.0138657
4.2454	0.0230113
4.24565	0.0292232
4.24589	0.0272497
4.24614	0.0260348
4.24638	0.0316054
4.24663	0.0370626
4.24687	0.0353662
4.24712	0.0295551
4.24736	0.0246968
4.24761	0.0211621
4.24785	0.0205878
4.24809	0.0266869
4.24834	0.0357261
4.24858	0.0385961
4.24883	0.0364211
4.24907	0.0401926
4.24932	0.0505808
4.24956	0.0545859
4.24981	0.0487074
4.25005	0.0467329
4.2503	0.0542014
4.25054	0.0547347
4.25079	0.037294
4.25103	0.019016
4.25127	0.0205564
4.25152	0.0327635
4.25176	0.0314756
4.25201	0.0163979
4.25225	0.0101016
4.2525	0.021512
4.25274	0.0345723
4.25299	0.0353451
4.25323	0.0294586
4.25348	0.0272576
4.25372	0.0285923
4.25396	0.0291384
4.25421	0.0288014
4.25445	0.0275043
4.2547	0.0227418
4.25494	0.016139
4.25519	0.0137947
4.25543	0.0167807
4.25568	0.0195096
4.25592	0.0196523
4.25617	0.0209843
4.25641	0.0244188
4.25666	0.0253491
4.2569	0.0225864
4.25714	0.0212822
4.25739	0.0240299
4.25763	0.0271712
4.25788	0.0289747
4.25812	0.0333431
4.25837	0.0413875
4.25861	0.0465217
4.25886	0.0431735
4.2591	0.0358811
4.25935	0.0350892
4.25959	0.0456
4.25984	0.0611118
4.26008	0.0696968
4.26032	0.0660803
4.26057	0.0592403
4.26081	0.0629248
4.26106	0.0759099
4.2613	0.0798559
4.26155	0.0638917
4.26179	0.0423974
4.26204	0.0364319
4.26228	0.0446999
4.26253	0.0485683
4.26277	0.0415348
4.26302	0.0351172
4.26326	0.0354426
4.2635	0.0337672
4.26375	0.0255421
4.26399	0.0207509
4.26424	0.0261718
4.26448	0.0324976
4.26473	0.0300359
4.26497	0.024626
4.26522	0.0258175
4.26546	0.029577
4.26571	0.0261032
4.26595	0.0174731
4.26619	0.0141813
4.26644	0.0187377
4.26668	0.0251439
4.26693	0.0317372
4.26717	0.0424131
4.26742	0.0556454
4.26766	0.0632014
4.26791	0.0615854
4.26815	0.0566492
4.2684	0.0546372
4.26864	0.054658
4.26889	0.0520661
4.26913	0.0448664
4.26937	0.0350736
4.26962	0.0265346
4.26986	0.0220928
4.27011	0.0211198
4.27035	0.0204113
4.2706	0.0187457
4.27084	0.0183028
4.27109	0.0198193
4.27133	0.0199006
4.27158	0.0163755
4.27182	0.0127512
4.27207	0.0130659
4.27231	0.0156137
4.27255	0.0170068
4.2728	0.0195239
4.27304	0.027564
4.27329	0.0379202
4.27353	0.0412694
4.27378	0.0352168
4.27402	0.0295267
4.27427	0.0343612
4.27451	0.0471689
4.27476	0.0558923
4.275	0.0536987
4.27525	0.0460508
4.27549	0.0423421
4.27573	0.0442374
4.27598	0.0455306
4.27622	0.0421115
4.27647	0.0374596
4.27671	0.0363895
4.27696	0.0372035
4.2772	0.0344214
4.27745	0.0277352
4.27769	0.0232231
4.27794	0.0251503
4.27818	0.0309588
4.27842	0.0359354
4.27867	0.0391055
4.27891	0.0420881
4.27916	0.0448818
4.2794	0.0456429
4.27965	0.0436334
4.27989	0.0406059
4.28014	0.0395401
4.28038	0.0418091
4.28063	0.0442875
4.28087	0.0404625
4.28112	0.0277849
4.28136	0.0136556
4.2816	0.00953325
4.28185	0.0175571
4.28209	0.0271233
4.28234	0.0273659
4.28258	0.0195734
4.28283	0.0136883
4.28307	0.0149682
4.28332	0.0185354
4.28356	0.0169405
4.28381	0.0095278
4.28405	0.00274556
4.2843	0.00257874
4.28454	0.00818445
4.28478	0.0133013
4.28503	0.0133605
4.28527	0.0101791
4.28552	0.00921977
4.28576	0.0130979
4.28601	0.018567
4.28625	0.0195429
4.2865	0.0132194
4.28674	0.00421481
4.28699	0.00177328
4.28723	0.00994756
4.28748	0.0212101
4.28772	0.024455
4.28796	0.0196832
4.28821	0.0180296
4.28845	0.0249034
4.2887	0.0316083
4.28894	0.0298319
4.28919	0.0262116
4.28943	0.0324223
4.28968	0.0466305
4.28992	0.0572627
4.29017	0.0624031
4.29041	0.0715211
4.29065	0.0869908
4.2909	0.0977543
4.29114	0.0960603
4.29139	0.0886105
4.29163	0.084017
4.29188	0.0788609
4.29212	0.0653471
4.29237	0.0465728
4.29261	0.0344783
4.29286	0.034506
4.2931	0.0396708
4.29335	0.0403752
4.29359	0.0357592
4.29383	0.0336385
4.29408	0.0399064
4.29432	0.0494632
4.29457	0.0511397
4.29481	0.0431176
4.29506	0.0372612
4.2953	0.0422491
4.29555	0.0492452
4.29579	0.045215
4.29604	0.0353987
4.29628	0.0373856
4.29653	0.0537998
4.29677	0.0679666
4.29701	0.0700818
4.29726	0.0705151
4.2975	0.0801165
4.29775	0.0936619
4.29799	0.102838
4.29824	0.110518
4.29848	0.11951
4.29873	0.120711
4.29897	0.107572
4.29922	0.0912068
4.29946	0.0845539
4.29971	0.0806345
4.29995	0.0645737
4.30019	0.0406332
4.30044	0.0279282
4.30068	0.0321931
4.30093	0.0404916
4.30117	0.0433686
4.30142	0.044099
4.30166	0.0444604
4.30191	0.0393027
4.30215	0.0300937
4.3024	0.0280586
4.30264	0.0368837
4.30288	0.044848
4.30313	0.0414166
4.30337	0.0315117
4.30362	0.0264877
4.30386	0.029145
4.30411	0.0337269
4.30435	0.0342997
4.3046	0.0289305
4.30484	0.0213672
4.30509	0.0203988
4.30533	0.0304839
4.30558	0.0424186
4.30582	0.0424029
4.30606	0.0311865
4.30631	0.0234802
4.30655	0.0267725
4.3068	0.0331164
4.30704	0.0351109
4.30729	0.0365375
4.30753	0.04153
4.30778	0.0466192
4.30802	0.0509758
4.30827	0.0613807
4.30851	0.0779478
4.30876	0.0881433
4.309	0.0862563
4.30924	0.0855917
4.30949	0.0966584
4.30973	0.105211
4.30998	0.0909778
4.31022	0.0605745
4.31047	0.0406568
4.31071	0.0408322
4.31096	0.0445409
4.3112	0.038688
4.31145	0.0314513
4.31169	0.0330635
4.31194	0.0368661
4.31218	0.0318092
4.31242	0.0215551
4.31267	0.0177306
4.31291	0.0217545
4.31316	0.026229
4.3134	0.0297394
4.31365	0.0372058
4.31389	0.0466674
4.31414	0.0484812
4.31438	0.0407714
4.31463	0.0350852
4.31487	0.0402933
4.31511	0.048773
4.31536	0.0480174
4.3156	0.0417572
4.31585	0.0473842
4.31609	0.0704612
4.31634	0.093654
4.31658	0.0988433
4.31683	0.0912905
4.31707	0.0896454
4.31732	0.0969954
4.31756	0.0975572
4.31781	0.0829586
4.31805	0.065158
4.31829	0.0563961
4.31854	0.0512584
4.31878	0.0401647
4.31903	0.0285094
4.31927	0.0272158
4.31952	0.0324799
4.31976	0.0319015
4.32001	0.0261362
4.32025	0.0265871
4.3205	0.0329921
4.32074	0.0320798
4.32099	0.0209256
4.32123	0.0132768
4.32147	0.0168455
4.32172	0.0218328
4.32196	0.0206238
4.32221	0.0218117
4.32245	0.0319775
4.3227	0.0388077
4.32294	0.0293597
4.32319	0.0141822
4.32343	0.0137709
4.32368	0.0269577
4.32392	0.0326719
4.32417	0.0219593
4.32441	0.00918766
4.32465	0.00843095
4.3249	0.0154392
4.32514	0.0191226
4.32539	0.017276
4.32563	0.0135455
4.32588	0.00958149
4.32612	0.00754418
4.32637	0.0113632
4.32661	0.0187743
4.32686	0.0207192
4.3271	0.0153438
4.32735	0.0134371
4.32759	0.0217977
4.32783	0.0302841
4.32808	0.0261135
4.32832	0.0136815
4.32857	0.00749344
4.32881	0.0101077
4.32906	0.0110291
4.3293	0.00610656
4.32955	0.00404221
4.32979	0.0112048
4.33004	0.021818
4.33028	0.0276306
4.33052	0.027942
4.33077	0.0254763
4.33101	0.0208175
4.33126	0.0161935
4.3315	0.0171649
4.33175	0.0241965
4.33199	0.028617
4.33224	0.0234877
4.33248	0.0136438
4.33273	0.00850482
4.33297	0.00923115
4.33322	0.00981352
4.33346	0.00737443
4.3337	0.00406056
4.33395	0.0010872
4.33419	-0.00161293
4.33444	-0.00103536
4.33468	0.00613766
4.33493	0.016296
4.33517	0.0210757
4.33542	0.0177421
4.33566	0.0119161
4.33591	0.00940851
4.33615	0.0108063
4.3364	0.0145147
4.33664	0.01888
4.33688	0.0201414
4.33713	0.0148695
4.33737	0.00675668
4.33762	0.00466276
4.33786	0.0108238
4.33811	0.0170439
4.33835	0.0163733
4.3386	0.0125144
4.33884	0.0126348
4.33909	0.0163853
4.33933	0.018443
4.33958	0.0177531
4.33982	0.0172027
4.34006	0.0168751
4.34031	0.0146948
4.34055	0.0121258
4.3408	0.0123518
4.34104	0.013726
4.34129	0.0118505
4.34153	0.00786451
4.34178	0.00767598
4.34202	0.0122484
4.34227	0.0153875
4.34251	0.0127846
4.34275	0.00727427
4.343	0.00340284
4.34324	0.00255628
4.34349	0.00507305
4.34373	0.0108289
4.34398	0.015668
4.34422	0.0143064
4.34447	0.00977982
4.34471	0.0120481
4.34496	0.0223653
4.3452	0.0275492
4.34545	0.0177797
4.34569	0.00294859
4.34593	0.000654164
4.34618	0.012339
4.34642	0.0233235
4.34667	0.0247979
4.34691	0.0226768
4.34716	0.0227446
4.3474	0.0203613
4.34765	0.0117971
4.34789	0.00552829
4.34814	0.0120815
4.34838	0.0277099
4.34863	0.0378005
4.34887	0.0348209
4.34911	0.0250919
4.34936	0.018202
4.3496	0.0169743
4.34985	0.0192269
4.35009	0.023143
4.35034	0.027346
4.35058	0.0292885
4.35083	0.0275512
4.35107	0.0248192
4.35132	0.0257802
4.35156	0.0315776
4.35181	0.0377745
4.35205	0.0389303
4.35229	0.0349355
4.35254	0.0314347
4.35278	0.033174
4.35303	0.0384977
4.35327	0.0426479
4.35352	0.0452942
4.35376	0.0509966
4.35401	0.061754
4.35425	0.0734481
4.3545	0.0819648
4.35474	0.0892017
4.35498	0.0995352
4.35523	0.113024
4.35547	0.126459
4.35572	0.139987
4.35596	0.15832
4.35621	0.184942
4.35645	0.21852
4.3567	0.256602
4.35694	0.301496
4.35719	0.361328
4.35743	0.444817
4.35768	0.553567
4.35792	0.678395
4.35816	0.803837
4.35841	0.916406
4.35865	1.00762
4.3589	1.07141
4.35914	1.10448
4.35939	1.11036
4.35963	1.09675
4.35988	1.06471
4.36012	1.0054
4.36037	0.912011
4.36061	0.79065
4.36086	0.655167
4.3611	0.517791
4.36134	0.39108
4.36159	0.290828
4.36183	0.224538
4.36208	0.18048
4.36232	0.141072
4.36257	0.105847
4.36281	0.0877782
4.36306	0.0871572
4.3633	0.08566
4.36355	0.0715015
4.36379	0.0550359
4.36404	0.0502809
4.36428	0.0539579
4.36452	0.0544137
4.36477	0.0508934
4.36501	0.0503874
4.36526	0.0522614
4.3655	0.049859
4.36575	0.0436702
4.36599	0.0404963
4.36624	0.0416857
4.36648	0.0431064
4.36673	0.0446128
4.36697	0.048665
4.36721	0.051425
4.36746	0.0466732
4.3677	0.0379211
4.36795	0.0355024
4.36819	0.041405
4.36844	0.0476774
4.36868	0.050183
4.36893	0.0529363
4.36917	0.0579062
4.36942	0.0619672
4.36966	0.0656775
4.36991	0.0732974
4.37015	0.0813808
4.37039	0.0796569
4.37064	0.0676749
4.37088	0.058846
4.37113	0.0623906
4.37137	0.0723354
4.37162	0.080147
4.37186	0.0865158
4.37211	0.0932321
4.37235	0.0954091
4.3726	0.0916391
4.37284	0.0913435
4.37309	0.100946
4.37333	0.112059
4.37357	0.115268
4.37382	0.116727
4.37406	0.127229
4.37431	0.142169
4.37455	0.148046
4.3748	0.144443
4.37504	0.143794
4.37529	0.151631
4.37553	0.162346
4.37578	0.173384
4.37602	0.188082
4.37627	0.204273
4.37651	0.215965
4.37675	0.227708
4.377	0.250603
4.37724	0.280948
4.37749	0.301111
4.37773	0.308377
4.37798	0.32437
4.37822	0.364535
4.37847	0.41519
4.37871	0.456422
4.37896	0.493685
4.3792	0.547104
4.37944	0.618994
4.37969	0.694576
4.37993	0.771809
4.38018	0.867418
4.38042	0.989738
4.38067	1.12625
4.38091	1.26661
4.38116	1.42039
4.3814	1.59909
4.38165	1.79376
4.38189	1.986
4.38214	2.17285
4.38238	2.36306
4.38262	2.55152
4.38287	2.71545
4.38311	2.83963
4.38336	2.93059
4.3836	2.99919
4.38385	3.04199
4.38409	3.05092
4.38434	3.03189
4.38458	2.99965
4.38483	2.95754
4.38507	2.8961
4.38532	2.8112
4.38556	2.70959
4.3858	2.59289
4.38605	2.44908
4.38629	2.26833
4.38654	2.05824
4.38678	1.83502
4.38703	1.6076
4.38727	1.38054
4.38752	1.16637
4.38776	0.981286
4.38801	0.829663
4.38825	0.703549
4.3885	0.597393
4.38874	0.512746
4.38898	0.448026
4.38923	0.395283
4.38947	0.350426
4.38972	0.316499
4.38996	0.292533
4.39021	0.268973
4.39045	0.240227
4.3907	0.213097
4.39094	0.19546
4.39119	0.183733
4.39143	0.169679
4.39167	0.153809
4.39192	0.142907
4.39216	0.137835
4.39241	0.132685
4.39265	0.124442
4.3929	0.116059
4.39314	0.110849
4.39339	0.109947
4.39363	0.113915
4.39388	0.120883
4.39412	0.12464
4.39437	0.120741
4.39461	0.113197
4.39485	0.109146
4.3951	0.108694
4.39534	0.106534
4.39559	0.101482
4.39583	0.0964312
4.39608	0.0904029
4.39632	0.080194
4.39657	0.069759
4.39681	0.0671126
4.39706	0.069752
4.3973	0.0647919
4.39755	0.0489737
4.39779	0.0373453
4.39803	0.0430029
4.39828	0.0569407
4.39852	0.0596851
4.39877	0.047662
4.39901	0.0351284
4.39926	0.0316548
4.3995	0.0311416
4.39975	0.0259033
4.39999	0.0196345
4.40024	0.0195804
4.40048	0.0241494
4.40073	0.0266959
4.40097	0.026754
4.40121	0.0290157
4.40146	0.0334525
4.4017	0.0349282
4.40195	0.0327882
4.40219	0.0329337
4.40244	0.0377201
4.40268	0.0404131
4.40293	0.0344752
4.40317	0.0240143
4.40342	0.0191394
4.40366	0.0227249
4.4039	0.0274718
4.40415	0.0263366
4.40439	0.0208116
4.40464	0.0169428
4.40488	0.0168996
4.40513	0.0177185
4.40537	0.0167632
4.40562	0.015288
4.40586	0.0161509
4.40611	0.0194715
4.40635	0.0215657
4.4066	0.0186923
4.40684	0.0119668
4.40708	0.00723316
4.40733	0.00848166
4.40757	0.0124725
4.40782	0.0128321
4.40806	0.0092784
4.40831	0.008544
4.40855	0.0140841
4.4088	0.0190208
4.40904	0.0143303
4.40929	0.00262841
4.40953	-0.00227843
4.40978	0.00790681
4.41002	0.02386
4.41026	0.0280951
4.41051	0.015792
4.41075	0.00113355
4.411	0.000454704
4.41124	0.0129423
4.41149	0.0231395
4.41173	0.0211711
4.41198	0.0135464
4.41222	0.011394
4.41247	0.0146402
4.41271	0.0144515
4.41296	0.00805471
4.4132	0.00300632
4.41344	0.00610971
4.41369	0.0146588
4.41393	0.020937
4.41418	0.0206748
4.41442	0.0149499
4.41467	0.00796813
4.41491	0.00502204
4.41516	0.00846105
4.4154	0.0135013
4.41565	0.0122161
4.41589	0.00406022
4.41614	-0.00208119
4.41638	0.0008391
4.41662	0.00947675
4.41687	0.0162095
4.41711	0.0186621
4.41736	0.0183698
4.4176	0.0149376
4.41785	0.00800873
4.41809	0.00169227
4.41834	0.000334573
4.41858	0.00224125
4.41883	0.0038872
4.41907	0.00735352
4.41931	0.0156004
4.41956	0.0225228
4.4198	0.0180811
4.42005	0.00458106
4.42029	-0.00244315
4.42054	0.00572181
4.42078	0.0182925
4.42103	0.019178
4.42127	0.00826917
4.42152	0.000386887
4.42176	0.00507458
4.42201	0.0153239
4.42225	0.0181417
4.42249	0.0109024
4.42274	0.00309471
4.42298	0.00347545
4.42323	0.00979954
4.42347	0.0134269
4.42372	0.0116457
4.42396	0.01039
4.42421	0.013719
4.42445	0.0165095
4.4247	0.0128649
4.42494	0.00763194
4.42519	0.0111611
4.42543	0.0228795
4.42567	0.0290722
4.42592	0.0206506
4.42616	0.0061743
4.42641	0.00128827
4.42665	0.00952712
4.4269	0.0200548
4.42714	0.0225838
4.42739	0.01816
4.42763	0.0145569
4.42788	0.015986
4.42812	0.0200889
4.42837	0.0228724
4.42861	0.0237536
4.42885	0.0250738
4.4291	0.0276541
4.42934	0.0287013
4.42959	0.0255698
4.42983	0.0204742
4.43008	0.0187645
4.43032	0.0222375
4.43057	0.026786
4.43081	0.0276085
4.43106	0.0245556
4.4313	0.0214002
4.43154	0.0220833
4.43179	0.0285534
4.43203	0.0395621
4.43228	0.0499992
4.43252	0.054037
4.43277	0.0510425
4.43301	0.0464658
4.43326	0.0453526
4.4335	0.0473929
4.43375	0.0499439
4.43399	0.0525342
4.43424	0.055342
4.43448	0.0563737
4.43472	0.0544488
4.43497	0.0529699
4.43521	0.0559885
4.43546	0.0615932
4.4357	0.06412
4.43595	0.0626174
4.43619	0.0617737
4.43644	0.0636026
4.43668	0.063958
4.43693	0.0602243
4.43717	0.057432
4.43742	0.0615843
4.43766	0.0694581
4.4379	0.0709158
4.43815	0.0619432
4.43839	0.0511773
4.43864	0.0513514
4.43888	0.0660035
4.43913	0.0860623
4.43937	0.0988506
4.43962	0.0999751
4.43986	0.0967859
4.44011	0.099634
4.44035	0.109255
4.4406	0.114951
4.44084	0.10777
4.44108	0.0930203
4.44133	0.0842735
4.44157	0.085614
4.44182	0.0872861
4.44206	0.0815059
4.44231	0.0743496
4.44255	0.0751028
4.4428	0.0804793
4.44304	0.0799374
4.44329	0.0736678
4.44353	0.072977
4.44377	0.0814721
4.44402	0.0878301
4.44426	0.0824139
4.44451	0.0711355
4.44475	0.0656736
4.445	0.0679941
4.44524	0.0728666
4.44549	0.078848
4.44573	0.0866508
4.44598	0.0912736
4.44622	0.0869108
4.44647	0.0778777
4.44671	0.0742205
4.44695	0.0766763
4.4472	0.0758741
4.44744	0.0672831
4.44769	0.0571569
4.44793	0.0512591
4.44818	0.046934
4.44842	0.040416
4.44867	0.034237
4.44891	0.0323494
4.44916	0.0335712
4.4494	0.0343291
4.44965	0.0333882
4.44989	0.0307202
4.45013	0.0266419
4.45038	0.0248524
4.45062	0.030481
4.45087	0.0414658
4.45111	0.0477743
4.45136	0.0437966
4.4516	0.036335
4.45185	0.0354056
4.45209	0.0419368
4.45234	0.049676
4.45258	0.0546836
4.45283	0.0570961
4.45307	0.0571696
4.45331	0.055518
4.45356	0.0547563
4.4538	0.056065
4.45405	0.056864
4.45429	0.0559119
4.45454	0.0566136
4.45478	0.0604726
4.45503	0.0623266
4.45527	0.0584965
4.45552	0.0547213
4.45576	0.0577001
4.456	0.0628324
4.45625	0.0604788
4.45649	0.0523368
4.45674	0.0503139
4.45698	0.0583607
4.45723	0.0665473
4.45747	0.0667698
4.45772	0.0644781
4.45796	0.0688284
4.45821	0.0787212
4.45845	0.0860424
4.4587	0.0879723
4.45894	0.0882668
4.45918	0.088368
4.45943	0.0848515
4.45967	0.0769024
4.45992	0.0704961
4.46016	0.071353
4.46041	0.0761566
4.46065	0.0753061
4.4609	0.0652522
4.46114	0.0541416
4.46139	0.0515644
4.46163	0.0553935
4.46188	0.0551854
4.46212	0.0484046
4.46236	0.0447297
4.46261	0.0505793
4.46285	0.0580236
4.4631	0.0567281
4.46334	0.0500697
4.46359	0.0490849
4.46383	0.0546674
4.46408	0.0576285
4.46432	0.0548402
4.46457	0.0528438
4.46481	0.0544127
4.46506	0.0538034
4.4653	0.0485174
4.46554	0.0440053
4.46579	0.0418714
4.46603	0.0348446
4.46628	0.0203212
4.46652	0.00834496
4.46677	0.00728883
4.46701	0.0105583
4.46726	0.00762187
4.4675	0.000855178
4.46775	0.000223553
4.46799	0.00665662
4.46823	0.0123361
4.46848	0.0139069
4.46872	0.013879
4.46897	0.011275
4.46921	0.0027883
4.46946	-0.00720123
4.4697	-0.00914052
4.46995	-0.00200924
4.47019	0.00525675
4.47044	0.00708903
4.47068	0.00647105
4.47093	0.00588851
4.47117	0.0035816
4.47141	0.0010573
4.47166	0.00368208
4.4719	0.010108
4.47215	0.0113097
4.47239	0.00469216
4.47264	-0.000937983
4.47288	7.34767e-05
4.47313	0.0011359
4.47337	-0.00393232
4.47362	-0.00939218
4.47386	-0.00817947
4.47411	-0.00497095
4.47435	-0.00731034
4.47459	-0.0110315
4.47484	-0.00742432
4.47508	0.000321379
4.47533	0.00182376
4.47557	-0.00239071
4.47582	-0.00219211
4.47606	0.00333958
4.47631	0.00364323
4.47655	-0.00436851
4.4768	-0.00981372
4.47704	-0.00568473
4.47729	0.000111464
4.47753	-0.000920371
4.47777	-0.00425635
4.47802	-0.0026245
4.47826	-0.00011537
4.47851	-0.00456834
4.47875	-0.0126158
4.479	-0.0143371
4.47924	-0.00899511
4.47949	-0.0048366
4.47973	-0.00514157
4.47998	-0.00511832
4.48022	-0.00249004
4.48046	-0.00161721
4.48071	-0.00586642
4.48095	-0.0133098
4.4812	-0.0205745
4.48144	-0.0243205
4.48169	-0.0199013
4.48193	-0.00692512
4.48218	0.00436034
4.48242	0.00225663
4.48267	-0.00947187
4.48291	-0.0144479
4.48316	-0.00636459
4.4834	0.00235318
4.48364	1.37579e-05
4.48389	-0.00757872
4.48413	-0.00871188
4.48438	-0.00446926
4.48462	-0.00384996
4.48487	-0.00666403
4.48511	-0.00501222
4.48536	0.000655065
4.4856	0.000893913
4.48585	-0.00618043
4.48609	-0.0103314
4.48634	-0.00530053
4.48658	0.0013474
4.48682	0.000685954
4.48707	-0.00384353
4.48731	-0.00301067
4.48756	0.00376676
4.4878	0.00898263
4.48805	0.00885636
4.48829	0.00651119
4.48854	0.00437588
4.48878	0.000960475
4.48903	-0.00365345
4.48927	-0.00530291
4.48952	-0.00164409
4.48976	0.00331702
4.49	0.00408286
4.49025	0.00105735
4.49049	-0.00011211
4.49074	0.00365943
4.49098	0.00853207
4.49123	0.00865831
4.49147	0.00414448
4.49172	0.00138106
4.49196	0.00458083
4.49221	0.00961048
4.49245	0.00941042
4.4927	0.00443676
4.49294	0.00307886
4.49318	0.0102168
4.49343	0.019485
4.49367	0.0203551
4.49392	0.0105945
4.49416	-0.00194712
4.49441	-0.00876441
4.49465	-0.00813376
4.4949	-0.00365579
4.49514	0.000607168
4.49539	0.00227467
4.49563	0.000710406
4.49587	-0.00294165
4.49612	-0.00648595
4.49636	-0.00816855
4.49661	-0.00705321
4.49685	-0.00264186
4.4971	0.00407383
4.49734	0.00958641
4.49759	0.0104507
4.49783	0.00752371
4.49808	0.00527389
4.49832	0.00584434
4.49857	0.00647937
4.49881	0.00475748
4.49905	0.00367999
4.4993	0.00766375
4.49954	0.0146186
4.49979	0.0170186
4.50003	0.0123587
4.50028	0.00786915
4.50052	0.0108074
4.50077	0.0173019
4.50101	0.0173529
4.50126	0.0105969
4.5015	0.0091138
4.50175	0.0202651
4.50199	0.0333036
4.50223	0.0314008
4.50248	0.0144627
4.50272	0.000338719
4.50297	0.00183593
4.50321	0.0115781
4.50346	0.0145466
4.5037	0.00822101
4.50395	0.00255749
4.50419	0.00422558
4.50444	0.00967498
4.50468	0.0130387
4.50493	0.0131878
4.50517	0.0115288
4.50541	0.00876408
4.50566	0.00600828
4.5059	0.00484482
4.50615	0.0044579
4.50639	0.0023569
4.50664	-0.00079681
4.50688	-0.000905066
4.50713	0.00346442
4.50737	0.00835823
4.50762	0.00967733
4.50786	0.00779442
4.5081	0.00511747
4.50835	0.00241807
4.50859	-0.000219817
4.50884	-0.00179936
4.50908	-0.00210982
4.50933	-0.00257212
4.50957	-0.00348919
4.50982	-0.00294962
4.51006	-7.61226e-05
4.51031	0.00341945
4.51055	0.00626997
4.5108	0.00877239
4.51104	0.00938029
4.51128	0.00471724
4.51153	-0.00423723
4.51177	-0.0105023
4.51202	-0.0093766
4.51226	-0.004294
4.51251	-0.000504748
4.51275	0.00236821
4.513	0.00621239
4.51324	0.00783844
4.51349	0.0041545
4.51373	0.000459817
4.51398	0.00437924
4.51422	0.0127807
4.51446	0.0146437
4.51471	0.00801828
4.51495	0.00394209
4.5152	0.00956108
4.51544	0.0167144
4.51569	0.0141804
4.51593	0.00421226
4.51618	-0.00188688
4.51642	-0.000535938
4.51667	0.00148816
4.51691	0.000172073
4.51716	0.000140605
4.5174	0.00443782
4.51764	0.00670655
4.51789	0.00026257
4.51813	-0.00932221
4.51838	-0.00897257
4.51862	0.00416008
4.51887	0.0168858
4.51911	0.0158963
4.51936	0.00478442
4.5196	-0.00102546
4.51985	0.00541124
4.52009	0.0146448
4.52033	0.0148647
4.52058	0.00695434
4.52082	0.000717088
4.52107	0.000978011
4.52131	0.00420696
4.52156	0.00666829
4.5218	0.00862034
4.52205	0.0102066
4.52229	0.00965791
4.52254	0.00723813
4.52278	0.00560632
4.52303	0.00451949
4.52327	0.00058924
4.52351	-0.0053186
4.52376	-0.00640869
4.524	0.000137885
4.52425	0.00688765
4.52449	0.00559776
4.52474	-0.00106664
4.52498	-0.00414392
4.52523	-0.00208576
4.52547	-0.00162005
4.52572	-0.00519511
4.52596	-0.00634524
4.52621	-0.000528744
4.52645	0.00694994
4.52669	0.00897561
4.52694	0.00690828
4.52718	0.00647601
4.52743	0.0074566
4.52767	0.00508589
4.52792	-4.05673e-05
4.52816	-0.00162614
4.52841	0.00218167
4.52865	0.00589274
4.5289	0.00592338
4.52914	0.00534437
4.52939	0.00591453
4.52963	0.00307377
4.52987	-0.0049569
4.53012	-0.00970448
4.53036	-0.00283857
4.53061	0.00991183
4.53085	0.0150319
4.5311	0.00990927
4.53134	0.00515499
4.53159	0.00754577
4.53183	0.0108772
4.53208	0.00744769
4.53232	0.000108408
4.53256	-0.00267046
4.53281	0.00195852
4.53305	0.00967743
4.5333	0.0143772
4.53354	0.0119582
4.53379	0.0036834
4.53403	-0.00185519
4.53428	0.00349304
4.53452	0.0148534
4.53477	0.01739
4.53501	0.00631378
4.53526	-0.00495527
4.5355	-0.00323061
4.53574	0.00651523
4.53599	0.0104627
4.53623	0.00550315
4.53648	-0.000993998
4.53672	-0.00474202
4.53697	-0.00635538
4.53721	-0.00447161
4.53746	0.00102014
4.5377	0.00299482
4.53795	-0.0032143
4.53819	-0.00819224
4.53844	-0.000717361
4.53868	0.0116851
4.53892	0.0113854
4.53917	-0.000930115
4.53941	-0.00544498
4.53966	0.00607355
4.5399	0.0181248
4.54015	0.017128
4.54039	0.0103991
4.54064	0.00844618
4.54088	0.00570985
4.54113	-0.00541422
4.54137	-0.014946
4.54162	-0.00853891
4.54186	0.00766296
4.5421	0.0140766
4.54235	0.00604674
4.54259	-0.00195728
4.54284	0.000313845
4.54308	0.00714811
4.54333	0.0100547
4.54357	0.00848057
4.54382	0.00387091
4.54406	-0.00451109
4.54431	-0.0127226
4.54455	-0.0116584
4.54479	2.57042e-05
4.54504	0.010476
4.54528	0.00885002
4.54553	-0.000886036
4.54577	-0.00670881
4.54602	-0.00432264
4.54626	0.00063065
4.54651	0.00311465
4.54675	0.00414158
4.547	0.00582662
4.54724	0.00722911
4.54749	0.00728539
4.54773	0.00773385
4.54797	0.00989316
4.54822	0.0109598
4.54846	0.00754766
4.54871	0.00210265
4.54895	0.000841134
4.5492	0.00408148
4.54944	0.00435158
4.54969	-0.00178334
4.54993	-0.00582135
4.55018	0.000937923
4.55042	0.0117446
4.55067	0.0116934
4.55091	0.000409116
4.55115	-0.00549367
4.5514	0.00326781
4.55164	0.0147267
4.55189	0.014415
4.55213	0.00651473
4.55238	0.00387354
4.55262	0.00559941
4.55287	0.000669946
4.55311	-0.0097517
4.55336	-0.0109741
4.5536	0.00185468
4.55385	0.0140239
4.55409	0.0111667
4.55433	-0.00218264
4.55458	-0.0110617
4.55482	-0.00854774
4.55507	0.00136724
4.55531	0.0120793
4.55556	0.0178079
4.5558	0.0145597
4.55605	0.0056499
4.55629	0.00170649
4.55654	0.0073051
4.55678	0.0121965
4.55702	0.00534714
4.55727	-0.0062358
4.55751	-0.00537519
4.55776	0.00880361
4.558	0.0165916
4.55825	0.00523744
4.55849	-0.0120462
4.55874	-0.0146146
4.55898	-0.00256154
4.55923	0.0066784
4.55947	0.00463167
4.55972	-2.41827e-05
4.55996	0.00101774
4.5602	0.00450476
4.56045	0.00557324
4.56069	0.00635624
4.56094	0.00869836
4.56118	0.00879291
4.56143	0.00578403
4.56167	0.00585539
4.56192	0.0102908
4.56216	0.00973823
4.56241	-0.000121095
4.56265	-0.00766797
4.5629	-0.00255441
4.56314	0.00579725
4.56338	0.00258607
4.56363	-0.00723908
4.56387	-0.00709045
4.56412	0.00265169
4.56436	0.0056288
4.56461	-0.00131576
4.56485	-0.0028202
4.5651	0.00655002
4.56534	0.0113292
4.56559	0.00233884
4.56583	-0.00588304
4.56608	0.00115402
4.56632	0.0140062
4.56656	0.0157644
4.56681	0.00875801
4.56705	0.00674287
4.5673	0.0104857
4.56754	0.00987102
4.56779	0.00415225
4.56803	0.00216236
4.56828	0.00538426
4.56852	0.00676181
4.56877	0.00485646
4.56901	0.00514396
4.56925	0.00826726
4.5695	0.00964481
4.56974	0.00935374
4.56999	0.0102176
4.57023	0.00825201
4.57048	-0.0015968
4.57072	-0.0118031
4.57097	-0.00925967
4.57121	0.00334199
4.57146	0.00817874
4.5717	-0.0022209
4.57195	-0.0141467
4.57219	-0.0132059
4.57243	-0.00368658
4.57268	0.000483187
4.57292	-0.00448461
4.57317	-0.0100774
4.57341	-0.00861806
4.57366	-0.00173304
4.5739	0.00287213
4.57415	-0.000344021
4.57439	-0.00905377
4.57464	-0.015081
4.57488	-0.0131248
4.57513	-0.00559087
4.57537	0.00295793
4.57561	0.01145
4.57586	0.0181347
4.5761	0.0168253
4.57635	0.00515839
4.57659	-0.0079504
4.57684	-0.0121035
4.57708	-0.00911277
4.57733	-0.00753921
4.57757	-0.0075627
4.57782	-0.00283587
4.57806	0.00522219
4.57831	0.00816448
4.57855	0.00539846
4.57879	0.00543284
4.57904	0.0106618
4.57928	0.0130503
4.57953	0.00774262
4.57977	-4.71211e-05
4.58002	-0.00471186
4.58026	-0.0066139
4.58051	-0.00627865
4.58075	-0.00256859
4.581	0.000848878
4.58124	-0.00207145
4.58149	-0.00810487
4.58173	-0.00663645
4.58197	0.00357007
4.58222	0.0110878
4.58246	0.00931814
4.58271	0.0052207
4.58295	0.00532369
4.5832	0.00535459
4.58344	0.0011065
4.58369	-0.00162704
4.58393	0.00302331
4.58418	0.0099624
4.58442	0.0107264
4.58466	0.00530457
4.58491	-0.000642838
4.58515	-0.00379546
4.5854	-0.00285976
4.58564	0.00238607
4.58589	0.00700528
4.58613	0.00440995
4.58638	-0.00193793
4.58662	-0.00104234
4.58687	0.00682005
4.58711	0.00752943
4.58736	-0.00337207
4.5876	-0.0103865
4.58784	-0.00301204
4.58809	0.00481643
4.58833	-0.00308261
4.58858	-0.0170563
4.58882	-0.0166151
4.58907	-0.00381342
4.58931	0.00205025
4.58956	-0.00214161
4.5898	-0.00093827
4.59005	0.00835696
4.59029	0.00857167
4.59054	-0.00602611
4.59078	-0.0157893
4.59102	-0.00616745
4.59127	0.00811947
4.59151	0.00659995
4.59176	-0.00488046
4.592	-0.00608672
4.59225	0.00386284
4.59249	0.00766972
4.59274	0.00125314
4.59298	0.000275146
4.59323	0.0111974
4.59347	0.0175397
4.59372	0.00629188
4.59396	-0.0090611
4.5942	-0.00844838
4.59445	0.0030949
4.59469	0.00374302
4.59494	-0.00963899
4.59518	-0.0163699
4.59543	-0.00558257
4.59567	0.00612861
4.59592	0.00118436
4.59616	-0.0124488
4.59641	-0.0168012
4.59665	-0.0123918
4.59689	-0.0116904
4.59714	-0.0133867
4.59738	-0.00617758
4.59763	0.00538066
4.59787	0.00378192
4.59812	-0.0101336
4.59836	-0.0138408
4.59861	0.000594508
4.59885	0.0110479
4.5991	0.000265918
4.59934	-0.0156149
4.59959	-0.0134295
4.59983	-0.000263742
4.60007	0.000367026
4.60032	-0.0117499
4.60056	-0.0148507
4.60081	-0.00214001
4.60105	0.00924081
4.6013	0.00819101
4.60154	0.00452449
4.60179	0.00760716
4.60203	0.0109716
4.60228	0.00743587
4.60252	0.00220774
4.60277	0.000546204
4.60301	-0.00284487
4.60325	-0.0110127
4.6035	-0.0144661
4.60374	-0.00614962
4.60399	0.00411595
4.60423	0.00348835
4.60448	-0.00405992
4.60472	-0.00555121
4.60497	-0.000386961
4.60521	0.000616454
4.60546	-0.00547893
4.6057	-0.00948033
4.60595	-0.00556517
4.60619	0.000590064
4.60643	0.00162126
4.60668	-0.00204682
4.60692	-0.00505308
4.60717	-0.0036245
4.60741	0.0019128
4.60766	0.00683751
4.6079	0.00529737
4.60815	-0.00167439
4.60839	-0.00456753
4.60864	0.00182317
4.60888	0.00815386
4.60912	0.00255689
4.60937	-0.010056
4.60961	-0.0129014
4.60986	-0.00169072
4.6101	0.00904578
4.61035	0.00764821
4.61059	0.000788415
4.61084	0.000313159
4.61108	0.00513686
4.61133	0.0057083
4.61157	-0.000512688
4.61182	-0.00764724
4.61206	-0.0112795
4.6123	-0.0114676
4.61255	-0.00878194
4.61279	-0.00426005
4.61304	-0.000810679
4.61328	0.000835119
4.61353	0.00409131
4.61377	0.00927825
4.61402	0.00961471
4.61426	0.00146256
4.61451	-0.00664996
4.61475	-0.00432784
4.615	0.00512367
4.61524	0.00930929
4.61548	0.00457941
4.61573	-0.000998195
4.61597	-0.00150131
4.61622	0.000451255
4.61646	0.00173862
4.61671	0.00337522
4.61695	0.0052752
4.6172	0.00483635
4.61744	0.00263448
4.61769	0.00223876
4.61793	0.00338906
4.61818	0.00277267
4.61842	0.00166426
4.61866	0.0043378
4.61891	0.00877143
4.61915	0.00832741
4.6194	0.00331008
4.61964	0.000856147
4.61989	0.00243469
4.62013	0.00221313
4.62038	-0.000929588
4.62062	-0.00158435
4.62087	8.54971e-05
4.62111	-0.00272492
4.62135	-0.00944721
4.6216	-0.0108799
4.62184	-0.00603175
4.62209	-0.00538679
4.62233	-0.011734
4.62258	-0.0137591
4.62282	-0.0066694
4.62307	-0.00252849
4.62331	-0.0092984
4.62356	-0.0160144
4.6238	-0.0122857
4.62405	-0.00688295
4.62429	-0.010801
4.62453	-0.0161072
4.62478	-0.0102564
4.62502	0.000571602
4.62527	0.00247432
4.62551	-0.00189117
4.62576	-0.000912664
4.626	0.00282276
4.62625	-0.00051788
4.62649	-0.00486712
4.62674	0.00333574
4.62698	0.0173095
4.62723	0.0162755
4.62747	-0.000104665
4.62771	-0.00911967
4.62796	-0.00094919
4.6282	0.00701064
4.62845	-0.000254027
4.62869	-0.0126412
4.62894	-0.0128064
4.62918	-0.000606983
4.62943	0.0110358
4.62967	0.0130957
4.62992	0.00569046
4.63016	-0.00386357
4.63041	-0.00452922
4.63065	0.00645751
4.63089	0.0146904
4.63114	0.00535629
4.63138	-0.0122012
4.63163	-0.0149842
4.63187	-0.00195301
4.63212	0.00338494
4.63236	-0.00895755
4.63261	-0.0192848
4.63285	-0.0112175
4.6331	0.00209581
4.63334	0.00105243
4.63358	-0.00978983
4.63383	-0.0130499
4.63407	-0.00680163
4.63432	-0.00260833
4.63456	-0.00450084
4.63481	-0.0067965
4.63505	-0.00650487
4.6353	-0.00429355
4.63554	0.000868004
4.63579	0.0069969
4.63603	0.00654536
4.63628	-0.00134934
4.63652	-0.005134
4.63676	0.00202821
4.63701	0.00968774
4.63725	0.00638656
4.6375	-0.00226025
4.63774	-0.00509716
4.63799	-0.0043603
4.63823	-0.00789856
4.63848	-0.0120991
4.63872	-0.00925605
4.63897	-0.00394159
4.63921	-0.00481905
4.63946	-0.00710174
4.6397	-0.00126256
4.63994	0.00675399
4.64019	0.00358482
4.64043	-0.0071694
4.64068	-0.00911775
4.64092	-0.000169687
4.64117	0.00546147
4.64141	0.00342263
4.64166	0.00567317
4.6419	0.0156029
4.64215	0.0177256
4.64239	0.00263194
4.64264	-0.0147725
4.64288	-0.0153707
4.64312	-0.00239668
4.64337	0.00578001
4.64361	0.00178868
4.64386	-0.00506521
4.6441	-0.00557951
4.64435	-0.00123699
4.64459	0.00208664
4.64484	0.00234858
4.64508	0.00111427
4.64533	0.000181642
4.64557	0.000486011
4.64581	0.0017895
4.64606	0.00232524
4.6463	0.000351619
4.64655	-0.00325653
4.64679	-0.00504738
4.64704	-0.00259276
4.64728	0.00229893
4.64753	0.00510264
4.64777	0.00376699
4.64802	0.000932114
4.64826	-0.000380952
4.64851	-0.00149235
4.64875	-0.00566352
4.64899	-0.0123212
4.64924	-0.0172915
4.64948	-0.0179089
4.64973	-0.0139605
4.64997	-0.0050629
4.65022	0.00737805
4.65046	0.0165291
4.65071	0.0154988
4.65095	0.00694698
4.6512	0.000686787
4.65144	0.000960319
4.65169	0.00319224
4.65193	0.00376868
4.65217	0.00422261
4.65242	0.00407841
4.65266	-0.000649559
4.65291	-0.00840722
4.65315	-0.0110087
4.6534	-0.00587789
4.65364	-0.000245677
4.65389	0.00111836
4.65413	0.00250897
4.65438	0.00643816
4.65462	0.0068123
4.65487	-6.64108e-05
4.65511	-0.00754307
4.65535	-0.0093878
4.6556	-0.00900138
4.65584	-0.00983925
4.65609	-0.00680309
4.65633	0.00292573
4.65658	0.0100472
4.65682	0.00586556
4.65707	-0.00292455
4.65731	-0.00429684
4.65756	0.000606016
4.6578	0.00148478
4.65805	-0.00348671
4.65829	-0.00658922
4.65853	-0.00415806
4.65878	5.33655e-05
4.65902	0.00350222
4.65927	0.00711467
4.65951	0.0101993
4.65976	0.0109482
4.66	0.0104426
4.66025	0.0100495
4.66049	0.00785249
4.66074	0.00292479
4.66098	-0.00130716
4.66122	-0.00284552
4.66147	-0.00424134
4.66171	-0.00542594
4.66196	-0.00175423
4.6622	0.0053333
4.66245	0.00617183
4.66269	-0.00118047
4.66294	-0.00452485
4.66318	0.00332493
4.66343	0.0112557
4.66367	0.00779728
4.66392	0.000189608
4.66416	0.0009288
4.6644	0.00638941
4.66465	0.0055188
4.66489	0.000461587
4.66514	0.000798608
4.66538	0.00482871
4.66563	0.00435113
4.66587	0.00125887
4.66612	0.00160358
4.66636	0.000275016
4.66661	-0.00935263
4.66685	-0.017364
4.6671	-0.00986572
4.66734	0.00586319
4.66758	0.0107038
4.66783	0.00399944
4.66807	0.00157431
4.66832	0.00679234
4.66856	0.00827269
4.66881	0.00524134
4.66905	0.00882837
4.6693	0.0165573
4.66954	0.0125986
4.66979	-0.00188108
4.67003	-0.00573876
4.67028	0.00701402
4.67052	0.0156545
4.67076	0.00715057
4.67101	-0.00332283
4.67125	-0.000212754
4.6715	0.00758847
4.67174	0.00644119
4.67199	0.00180266
4.67223	0.00374179
4.67248	0.00627986
4.67272	0.000874865
4.67297	-0.00413789
4.67321	0.00214217
4.67345	0.0112153
4.6737	0.00792878
4.67394	-0.00366808
4.67419	-0.00711456
4.67443	-2.09539e-05
4.67468	0.00530078
4.67492	0.00402773
4.67517	0.0037522
4.67541	0.00819455
4.67566	0.0116046
4.6759	0.0102989
4.67615	0.00731471
4.67639	0.00465647
4.67663	0.00114319
4.67688	-0.00179498
4.67712	-0.00136496
4.67737	-0.000358624
4.67761	-0.00445332
4.67786	-0.0125784
4.6781	-0.0172745
4.67835	-0.0145908
4.67859	-0.00767494
4.67884	-0.00137405
4.67908	0.00145959
4.67933	7.46077e-05
4.67957	-0.0026831
4.67981	-0.00154482
4.68006	0.00367217
4.6803	0.00544841
4.68055	-0.000516191
4.68079	-0.00595784
4.68104	0.000184262
4.68128	0.0149022
4.68153	0.0227645
4.68177	0.0149832
4.68202	-0.000297627
4.68226	-0.00874574
4.68251	-0.0056795
4.68275	0.00147054
4.68299	0.00362691
4.68324	7.78687e-05
4.68348	-0.00226649
4.68373	0.00125724
4.68397	0.00620753
4.68422	0.00454987
4.68446	-0.00432807
4.68471	-0.0122279
4.68495	-0.0117814
4.6852	-0.00364218
4.68544	0.00586634
4.68568	0.0100038
4.68593	0.00502504
4.68617	-0.00633219
4.68642	-0.0147321
4.68666	-0.0131397
4.68691	-0.00570357
4.68715	-0.00198882
4.6874	-0.00353305
4.68764	-0.00398264
4.68789	-0.00180042
4.68813	-0.00248766
4.68838	-0.00656828
4.68862	-0.0063859
4.68886	0.000867988
4.68911	0.00700097
4.68935	0.00537676
4.6896	0.000700978
4.68984	-0.000372046
4.69009	-0.000494983
4.69033	-0.0057356
4.69058	-0.0142865
4.69082	-0.0186546
4.69107	-0.0155504
4.69131	-0.00794319
4.69156	-0.000511734
4.6918	0.00282077
4.69204	0.000496041
4.69229	-0.00409682
4.69253	-0.00531545
4.69278	-0.00247786
4.69302	0.000213842
4.69327	0.00153956
4.69351	0.00417046
4.69376	0.00674914
4.694	0.00379232
4.69425	-0.00418223
4.69449	-0.0096707
4.69474	-0.010219
4.69498	-0.0113419
4.69522	-0.0138992
4.69547	-0.0102432
4.69571	0.00129096
4.69596	0.00985765
4.6962	0.00778411
4.69645	0.00175264
4.69669	-0.000126046
4.69694	-0.00105535
4.69718	-0.00537492
4.69743	-0.007212
4.69767	-0.00183864
4.69791	0.00212787
4.69816	-0.00347013
4.6984	-0.00945943
4.69865	-0.00317401
4.69889	0.00779745
4.69914	0.0051075
4.69938	-0.0100496
4.69963	-0.0165626
4.69987	-0.0053204
4.70012	0.00753395
4.70036	0.00546197
4.70061	-0.00645537
4.70085	-0.0131995
4.70109	-0.0107428
4.70134	-0.00492124
4.70158	0.00122285
4.70183	0.0078141
4.70207	0.0114737
4.70232	0.00867459
4.70256	0.00325534
4.70281	0.00228527
4.70305	0.00578368
4.7033	0.00751063
4.70354	0.00493377
4.70379	0.00150052
4.70403	-0.000941125
4.70427	-0.0049999
4.70452	-0.0112541
4.70476	-0.0150527
4.70501	-0.0130304
4.70525	-0.00806739
4.7055	-0.00415396
4.70574	-0.000824926
4.70599	0.002824
4.70623	0.00330389
4.70648	-0.00152614
4.70672	-0.00588248
4.70697	-0.0039369
4.70721	-0.00148829
4.70745	-0.00855474
4.7077	-0.0209116
4.70794	-0.0227435
4.70819	-0.0108943
4.70843	-0.00152953
4.70868	-0.00537889
4.70892	-0.0113891
4.70917	-0.00668194
4.70941	0.00130218
4.70966	-0.00115627
4.7099	-0.00910896
4.71014	-0.00757293
4.71039	0.00216613
4.71063	0.00585761
4.71088	0.00195851
4.71112	0.0022219
4.71137	0.00743677
4.71161	0.00493436
4.71186	-0.00692598
4.7121	-0.0134184
4.71235	-0.00811858
4.71259	-0.00268458
4.71284	-0.00493584
4.71308	-0.00680604
4.71332	-0.00297872
4.71357	-0.00237597
4.71381	-0.00979518
4.71406	-0.0137395
4.7143	-0.00573772
4.71455	0.00361064
4.71479	0.00187131
4.71504	-0.00542705
4.71528	-0.0065796
4.71553	-0.0035412
4.71577	-0.00539181
4.71602	-0.0115179
4.71626	-0.0149366
4.7165	-0.01452
4.71675	-0.012381
4.71699	-0.00733505
4.71724	-0.00104321
4.71748	-0.00102888
4.71773	-0.00765062
4.71797	-0.00921457
4.71822	-0.000681915
4.71846	0.00534069
4.71871	-0.00136371
4.71895	-0.0108538
4.7192	-0.00989001
4.71944	-0.00361319
4.71968	-0.00357603
4.71993	-0.00611056
4.72017	-0.00161345
4.72042	0.00459712
4.72066	0.00117227
4.72091	-0.00708771
4.72115	-0.00667883
4.7214	0.000480419
4.72164	0.00104754
4.72189	-0.00540122
4.72213	-0.00675873
4.72237	-0.00137338
4.72262	-0.000324735
4.72286	-0.0062034
4.72311	-0.00866493
4.72335	-0.0037142
4.7236	-0.000585506
4.72384	-0.00567167
4.72409	-0.0134392
4.72433	-0.0165598
4.72458	-0.0138059
4.72482	-0.00676729
4.72507	0.000980186
4.72531	0.00253604
4.72555	-0.00397753
4.7258	-0.00876865
4.72604	-0.00352306
4.72629	0.00378104
4.72653	0.0010495
4.72678	-0.00661945
4.72702	-0.00504376
4.72727	0.00367967
4.72751	0.00356748
4.72776	-0.00827366
4.728	-0.016867
4.72825	-0.0135104
4.72849	-0.00621831
4.72873	-0.0026607
4.72898	-0.000118009
4.72922	0.0030464
4.72947	0.00192118
4.72971	-0.00368785
4.72996	-0.0064646
4.7302	-0.00437143
4.73045	-0.00329282
4.73069	-0.00414211
4.73094	-0.000937564
4.73118	0.00575244
4.73143	0.00755955
4.73167	0.00298371
4.73191	-0.000920216
4.73216	-0.0032712
4.7324	-0.0101276
4.73265	-0.0184131
4.73289	-0.0164011
4.73314	-0.00437659
4.73338	0.00244782
4.73363	-0.00281866
4.73387	-0.00922285
4.73412	-0.00764538
4.73436	-0.00333869
4.73461	-0.00223542
4.73485	-0.00155223
4.73509	-0.00138983
4.73534	-0.00847426
4.73558	-0.0198039
4.73583	-0.0203365
4.73607	-0.00748099
4.73632	-0.000247565
4.73656	-0.0109107
4.73681	-0.0242075
4.73705	-0.0205198
4.7373	-0.00545837
4.73754	0.00169502
4.73778	-0.00183273
4.73803	-0.00295142
4.73827	0.00273945
4.73852	0.00562802
4.73876	9.24652e-05
4.73901	-0.00717214
4.73925	-0.00859848
4.7395	-0.00547538
4.73974	-0.00405116
4.73999	-0.00738513
4.74023	-0.011934
4.74048	-0.0107039
4.74072	-0.00203308
4.74096	0.00560252
4.74121	0.00367004
4.74145	-0.0029384
4.7417	-0.00254492
4.74194	0.00374071
4.74219	0.00280075
4.74243	-0.00792723
4.74268	-0.0146395
4.74292	-0.00978687
4.74317	-0.00424411
4.74341	-0.00779451
4.74366	-0.0128331
4.7439	-0.00929171
4.74414	-0.00234241
4.74439	-0.00196408
4.74463	-0.00609975
4.74488	-0.00750131
4.74512	-0.00738992
4.74537	-0.00923316
4.74561	-0.00837008
4.74586	-0.00123247
4.7461	0.00388388
4.74635	-0.00118169
4.74659	-0.00972215
4.74684	-0.0109196
4.74708	-0.00737922
4.74732	-0.00802222
4.74757	-0.0112705
4.74781	-0.0102885
4.74806	-0.00819293
4.7483	-0.0121982
4.74855	-0.0179085
4.74879	-0.0154689
4.74904	-0.00752857
4.74928	-0.00539085
4.74953	-0.00988882
4.74977	-0.0113812
4.75001	-0.00730254
4.75026	-0.00509329
4.7505	-0.00802468
4.75075	-0.0113232
4.75099	-0.0122799
4.75124	-0.0124096
4.75148	-0.0105271
4.75173	-0.00507165
4.75197	-0.00132041
4.75222	-0.00448945
4.75246	-0.00849198
4.75271	-0.00460025
4.75295	0.00191718
4.75319	-0.00096405
4.75344	-0.0102444
4.75368	-0.0106213
4.75393	0.000357765
4.75417	0.00770704
4.75442	0.00323865
4.75466	-0.00293923
4.75491	-0.00157947
4.75515	0.00121503
4.7554	-0.00207086
4.75564	-0.00584239
4.75589	-0.00257587
4.75613	0.00191949
4.75637	-0.002609
4.75662	-0.0130694
4.75686	-0.0167068
4.75711	-0.00998743
4.75735	-0.00283134
4.7576	-0.00366388
4.75784	-0.0090581
4.75809	-0.0109913
4.75833	-0.00829081
4.75858	-0.0062344
4.75882	-0.00735001
4.75907	-0.00793379
4.75931	-0.00505097
4.75955	-0.00253763
4.7598	-0.00522101
4.76004	-0.00957104
4.76029	-0.00737954
4.76053	0.000885413
4.76078	0.0049485
4.76102	6.21314e-05
4.76127	-0.00544099
4.76151	-0.00351745
4.76176	0.00161824
4.762	0.00297887
4.76224	0.00370765
4.76249	0.00935124
4.76273	0.0140029
4.76298	0.00791952
4.76322	-0.00437808
4.76347	-0.00808297
4.76371	-0.000345236
4.76396	0.00501003
4.7642	-0.00195575
4.76445	-0.0135425
4.76469	-0.0162197
4.76494	-0.00785118
4.76518	0.00203743
4.76542	0.00397581
4.76567	-0.00291849
4.76591	-0.0107197
4.76616	-0.0100582
4.7664	-0.000712326
4.76665	0.00694344
4.76689	0.00526123
4.76714	0.000166033
4.76738	0.00179749
4.76763	0.00855818
4.76787	0.0102711
4.76812	0.00469174
4.76836	-0.000262465
4.7686	-0.000175822
4.76885	0.00114897
4.76909	0.00130518
4.76934	0.00252376
4.76958	0.00364514
4.76983	-0.000277483
4.77007	-0.00781218
4.77032	-0.0111451
4.77056	-0.00922676
4.77081	-0.0100968
4.77105	-0.0161544
4.7713	-0.0182657
4.77154	-0.0105022
4.77178	-0.000562953
4.77203	0.0018864
4.77227	-0.00137917
4.77252	-0.00327527
4.77276	-0.00330537
4.77301	-0.00448096
4.77325	-0.00450164
4.7735	0.000160947
4.77374	0.00493079
4.77399	0.00147703
4.77423	-0.00953526
4.77447	-0.0179419
4.77472	-0.0168666
4.77496	-0.0100034
4.77521	-0.00523923
4.77545	-0.00579779
4.7757	-0.00913677
4.77594	-0.0110304
4.77619	-0.00894349
4.77643	-0.00354623
4.77668	0.00152154
4.77692	0.00258216
4.77717	-0.000104181
4.77741	-0.00224146
4.77765	-0.000931306
4.7779	0.000655371
4.77814	-0.00277636
4.77839	-0.00948461
4.77863	-0.0104824
4.77888	-0.00239201
4.77912	0.00489934
4.77937	0.00137645
4.77961	-0.00648889
4.77986	-0.0043107
4.7801	0.00631405
4.78035	0.00840528
4.78059	-0.00212047
4.78083	-0.00677039
4.78108	0.00649411
4.78132	0.0214626
4.78157	0.0172587
4.78181	0.000245807
4.78206	-0.00783636
4.7823	-0.00383948
4.78255	-0.0021131
4.78279	-0.00506128
4.78304	-0.000753405
4.78328	0.00969578
4.78353	0.00856536
4.78377	-0.00801064
4.78401	-0.0195308
4.78426	-0.0117645
4.7845	0.00210912
4.78475	0.00379128
4.78499	-0.00394919
4.78524	-0.00795193
4.78548	-0.00708885
4.78573	-0.00786692
4.78597	-0.0084418
4.78622	-0.00337627
4.78646	0.0028173
4.7867	0.00189748
4.78695	-0.00339746
4.78719	-0.00422484
4.78744	-0.00115378
4.78768	-0.00219545
4.78793	-0.00823029
4.78817	-0.0121628
4.78842	-0.010821
4.78866	-0.00724026
4.78891	-0.00264022
4.78915	0.00387293
4.7894	0.00849085
4.78964	0.00540066
4.78988	-0.00306972
4.79013	-0.00724969
4.79037	-0.00251617
4.79062	0.00548911
4.79086	0.00926055
4.79111	0.00787411
4.79135	0.00560591
4.7916	0.00555559
4.79184	0.00603868
4.79209	0.00282332
4.79233	-0.00418337
4.79258	-0.00790296
4.79282	-0.00256952
4.79306	0.00563175
4.79331	0.00484859
4.79355	-0.00412231
4.7938	-0.0069602
4.79404	0.00168295
4.79429	0.00751356
4.79453	-0.00140148
4.79478	-0.0136922
4.79502	-0.0112148
4.79527	0.00137555
4.79551	0.00288216
4.79576	-0.0105933
4.796	-0.0187558
4.79624	-0.00913065
4.79649	0.00294272
4.79673	-0.00183563
4.79698	-0.0166372
4.79722	-0.0186623
4.79747	-0.00303082
4.79771	0.0109063
4.79796	0.00815463
4.7982	-0.00257098
4.79845	-0.00530274
4.79869	-0.000848765
4.79893	-0.00185451
4.79918	-0.00961423
4.79942	-0.0111247
4.79967	-0.000991921
4.79991	0.00805416
4.80016	0.00417945
4.8004	-0.00525582
4.80065	-0.0057892
4.80089	0.00172112
4.80114	0.00473078
4.80138	0.000637078
4.80163	-0.00100097
4.80187	0.00251274
4.80211	0.00199634
4.80236	-0.00600172
4.8026	-0.0117015
4.80285	-0.00875027
4.80309	-0.00482622
4.80334	-0.00707951
4.80358	-0.00917575
4.80383	-0.00344316
4.80407	0.00415093
4.80432	0.00318986
4.80456	-0.00445796
4.80481	-0.00899638
4.80505	-0.00820163
4.80529	-0.00716465
4.80554	-0.00698609
4.80578	-0.00486797
4.80603	-0.00219688
4.80627	-0.002186
4.80652	-0.00241778
4.80676	0.000473844
4.80701	0.00204347
4.80725	-0.0036433
4.8075	-0.0120631
4.80774	-0.0138617
4.80799	-0.00996231
4.80823	-0.00895507
4.80847	-0.0109077
4.80872	-0.00735025
4.80896	0.00152302
4.80921	0.00355294
4.80945	-0.00696995
4.8097	-0.0194855
4.80994	-0.0222055
4.81019	-0.0174552
4.81043	-0.0145624
4.81068	-0.0148408
4.81092	-0.0121246
4.81116	-0.00423397
4.81141	0.00368782
4.81165	0.00601635
4.8119	0.0016922
4.81214	-0.00669966
4.81239	-0.0149219
4.81263	-0.0184236
4.81288	-0.0148888
4.81312	-0.00656199
4.81337	0.00082482
4.81361	0.0023203
4.81386	-0.00196413
4.8141	-0.00631187
4.81434	-0.00461421
4.81459	0.00265894
4.81483	0.00835686
4.81508	0.00699653
4.81532	0.001131
4.81557	-0.00251154
4.81581	-0.000990504
4.81606	0.00290843
4.8163	0.00438958
4.81655	0.000552948
4.81679	-0.00649571
4.81704	-0.00935694
4.81728	-0.0030413
4.81752	0.00553152
4.81777	0.00327005
4.81801	-0.0100295
4.81826	-0.01778
4.8185	-0.00932178
4.81875	0.00325869
4.81899	0.00301286
4.81924	-0.00549301
4.81948	-0.00441877
4.81973	0.00694851
4.81997	0.0100206
4.82022	-0.00268955
4.82046	-0.0148469
4.8207	-0.0121099
4.82095	-0.00344602
4.82119	-0.004162
4.82144	-0.011256
4.82168	-0.0114829
4.82193	-0.005084
4.82217	-0.0039074
4.82242	-0.00946237
4.82266	-0.010101
4.82291	-0.00142206
4.82315	0.00573546
4.8234	0.0025468
4.82364	-0.00502944
4.82388	-0.00777587
4.82413	-0.0073113
4.82437	-0.00938427
4.82462	-0.0104427
4.82486	-0.00240576
4.82511	0.0118952
4.82535	0.0192412
4.8256	0.013371
4.82584	0.00285484
4.82609	-0.00150014
4.82633	0.000329961
4.82657	0.00182138
4.82682	0.000880743
4.82706	-7.19284e-05
4.82731	-0.00116134
4.82755	-0.00463129
4.8278	-0.00838929
4.82804	-0.00699846
4.82829	-0.000168638
4.82853	0.00536426
4.82878	0.00434829
4.82902	-0.000974306
4.82927	-0.00523389
4.82951	-0.00618488
4.82975	-0.00429713
4.83	2.31728e-05
4.83024	0.00532777
4.83049	0.00761061
4.83073	0.00356713
4.83098	-0.0049751
4.83122	-0.0119801
4.83147	-0.0129305
4.83171	-0.00926003
4.83196	-0.00706608
4.8322	-0.010463
4.83245	-0.0156033
4.83269	-0.0136728
4.83293	-0.0021112
4.83318	0.00994566
4.83342	0.0115657
4.83367	0.00322652
4.83391	-0.00500564
4.83416	-0.00685474
4.8344	-0.00518189
4.83465	-0.0046159
4.83489	-0.00580368
4.83514	-0.0078294
4.83538	-0.00986459
4.83563	-0.00915115
4.83587	-0.00357597
4.83611	0.00256057
4.83636	0.00197826
4.8366	-0.00492513
4.83685	-0.0097652
4.83709	-0.00822659
4.83734	-0.00499486
4.83758	-0.00447764
4.83783	-0.00468146
4.83807	-0.00359008
4.83832	-0.00374326
4.83856	-0.00648682
4.8388	-0.00898765
4.83905	-0.0105422
4.83929	-0.0139601
4.83954	-0.0171107
4.83978	-0.0124223
4.84003	8.34125e-05
4.84027	0.00886256
4.84052	0.00652256
4.84076	0.000309278
4.84101	-0.000477394
4.84125	0.00155107
4.8415	-0.000634233
4.84174	-0.00512504
4.84198	-0.00521933
4.84223	-0.000862126
4.84247	0.00312951
4.84272	0.0049223
4.84296	0.00427171
4.84321	-0.00024502
4.84345	-0.00545436
4.8437	-0.00323267
4.84394	0.00604932
4.84419	0.00932129
4.84443	-0.000364888
4.84468	-0.0114054
4.84492	-0.011734
4.84516	-0.00790746
4.84541	-0.0112367
4.84565	-0.0159405
4.8459	-0.00989142
4.84614	0.00130821
4.84639	0.00203917
4.84663	-0.00695834
4.84688	-0.0115133
4.84712	-0.0096951
4.84737	-0.0116078
4.84761	-0.0154286
4.84786	-0.00908796
4.8481	0.00235052
4.84834	-0.001747
4.84859	-0.0216507
4.84883	-0.0300493
4.84908	-0.013376
4.84932	0.00494521
4.84957	0.000500211
4.84981	-0.0147733
4.85006	-0.0141628
4.8503	0.00126707
4.85055	0.0081846
4.85079	0.00022949
4.85103	-0.00518153
4.85128	0.00173553
4.85152	0.00887113
4.85177	0.00435831
4.85201	-0.005805
4.85226	-0.0101451
4.8525	-0.00808143
4.85275	-0.00545537
4.85299	-0.00356503
4.85324	-0.00100097
4.85348	0.000452271
4.85373	-0.000474462
4.85397	0.000342984
4.85421	0.00630992
4.85446	0.0121262
4.8547	0.00906977
4.85495	-0.00255224
4.85519	-0.0125118
4.85544	-0.0130638
4.85568	-0.00706689
4.85593	-0.00206074
4.85617	-0.00117731
4.85642	-0.00316042
4.85666	-0.00705376
4.85691	-0.0116722
4.85715	-0.0130424
4.85739	-0.0083731
4.85764	-0.00160524
4.85788	0.000787382
4.85813	-0.00124523
4.85837	-0.00291463
4.85862	-0.00403143
4.85886	-0.0083817
4.85911	-0.0137104
4.85935	-0.0130057
4.8596	-0.00803756
4.85984	-0.00954623
4.86009	-0.0190137
4.86033	-0.0232137
4.86057	-0.0149099
4.86082	-0.00582043
4.86106	-0.00763579
4.86131	-0.0127027
4.86155	-0.00851344
4.8618	-0.000547478
4.86204	-0.00243915
4.86229	-0.0112835
4.86253	-0.0130861
4.86278	-0.00822155
4.86302	-0.00984994
4.86326	-0.0180619
4.86351	-0.0178017
4.86375	-0.00547095
4.864	0.00359376
4.86424	0.000226872
4.86449	-0.00532845
4.86473	-0.00337901
4.86498	-0.000287495
4.86522	-0.00394373
4.86547	-0.00905492
4.86571	-0.008189
4.86596	-0.00496686
4.8662	-0.00528081
4.86644	-0.00608234
4.86669	-0.00313375
4.86693	-0.000245128
4.86718	-0.00123692
4.86742	-0.0018947
4.86767	0.00096812
4.86791	0.0015152
4.86816	-0.00486952
4.8684	-0.0119322
4.86865	-0.0121022
4.86889	-0.00754751
4.86914	-0.00347417
4.86938	0.000624601
4.86962	0.00437532
4.86987	0.000996502
4.87011	-0.0111685
4.87036	-0.0203943
4.8706	-0.0162498
4.87085	-0.00513482
4.87109	4.4468e-05
4.87134	-0.00131934
4.87158	-0.00093457
4.87183	0.00227002
4.87207	0.00213004
4.87232	-0.00234324
4.87256	-0.00602171
4.8728	-0.00674134
4.87305	-0.00601716
4.87329	-0.00377711
4.87354	-0.000724892
4.87378	-0.00169917
4.87403	-0.00809767
4.87427	-0.0119773
4.87452	-0.00692698
4.87476	0.000635715
4.87501	0.00130469
4.87525	-0.00185258
4.87549	0.000294995
4.87574	0.00572985
4.87598	0.00430287
4.87623	-0.00408704
4.87647	-0.00830977
4.87672	-0.00379312
4.87696	0.00103052
4.87721	-0.00131117
4.87745	-0.00739537
4.8777	-0.0105324
4.87794	-0.0101727
4.87819	-0.00982242
4.87843	-0.0109685
4.87867	-0.0119328
4.87892	-0.00992207
4.87916	-0.0040975
4.87941	0.00146169
4.87965	0.000928312
4.8799	-0.00427232
4.88014	-0.00513484
4.88039	0.00148373
4.88063	0.00615995
4.88088	0.000955062
4.88112	-0.0073489
4.88137	-0.0080254
4.88161	-0.00345914
4.88185	-0.00303582
4.8821	-0.0056637
4.88234	-0.00300878
4.88259	0.00316248
4.88283	0.00263904
4.88308	-0.00485733
4.88332	-0.00864925
4.88357	-0.00587263
4.88381	-0.00572755
4.88406	-0.0114826
4.8843	-0.0133462
4.88455	-0.00534295
4.88479	0.00397031
4.88503	0.00523423
4.88528	0.00191585
4.88552	0.00252962
4.88577	0.00795206
4.88601	0.0131864
4.88626	0.0142002
4.8865	0.00813436
4.88675	-0.00477547
4.88699	-0.0152678
4.88724	-0.0114038
4.88748	0.00379468
4.88772	0.0124808
4.88797	0.00655661
4.88821	-0.000638773
4.88846	0.0031111
4.8887	0.00812876
4.88895	-0.000548426
4.88919	-0.0162196
4.88944	-0.0188039
4.88968	-0.00531021
4.88993	0.00655116
4.89017	0.00486714
4.89042	-0.00339796
4.89066	-0.00832916
4.8909	-0.0103626
4.89115	-0.0122547
4.89139	-0.011058
4.89164	-0.00558068
4.89188	-0.00192678
4.89213	-0.00425351
4.89237	-0.00775537
4.89262	-0.0071439
4.89286	-0.00483546
4.89311	-0.00461313
4.89335	-0.00441567
4.8936	-0.00201764
4.89384	-0.0010001
4.89408	-0.0039559
4.89433	-0.00626442
4.89457	-0.00401786
4.89482	-0.00139234
4.89506	-0.00196888
4.89531	-0.000303699
4.89555	0.007347
4.8958	0.0114445
4.89604	0.00222028
4.89629	-0.0111531
4.89653	-0.010986
4.89678	0.00177797
4.89702	0.00909155
4.89726	0.00501599
4.89751	0.0030945
4.89775	0.00941023
4.898	0.00984379
4.89824	-0.0041004
4.89849	-0.0161855
4.89873	-0.00942422
4.89898	0.00576886
4.89922	0.00767751
4.89947	-0.0029617
4.89971	-0.00753191
4.89996	-0.00178534
4.9002	9.1518e-05
4.90044	-0.00701336
4.90069	-0.0104962
4.90093	-0.00328372
4.90118	0.00428059
4.90142	0.00295477
4.90167	-0.00199386
4.90191	-0.00391371
4.90216	-0.00597748
4.9024	-0.0104411
4.90265	-0.0110421
4.90289	-0.00608429
4.90313	-0.00565843
4.90338	-0.0143867
4.90362	-0.0196045
4.90387	-0.0102234
4.90411	0.00359563
4.90436	0.0050793
4.9046	-0.00345108
4.90485	-0.00651925
4.90509	-0.00145338
4.90534	-1.98924e-05
4.90558	-0.00578435
4.90583	-0.00821035
4.90607	-0.00227832
4.90631	0.00228583
4.90656	-0.00240643
4.9068	-0.00982981
4.90705	-0.0111413
4.90729	-0.0093309
4.90754	-0.0116893
4.90778	-0.0156463
4.90803	-0.0129212
4.90827	-0.00425006
4.90852	0.000502206
4.90876	-0.00284197
4.90901	-0.00664199
4.90925	-0.00308448
4.90949	0.0045637
4.90974	0.0073785
4.90998	0.00377925
4.91023	0.000846947
4.91047	0.00315266
4.91072	0.00639029
4.91096	0.00463533
4.91121	-0.000750057
4.91145	-0.00373093
4.9117	-0.00226805
4.91194	0.00045442
4.91219	0.00187656
4.91243	0.00214765
4.91267	0.00114128
4.91292	-0.00157927
4.91316	-0.00377557
4.91341	-0.00238841
4.91365	0.00138108
4.9139	0.00340142
4.91414	0.00295251
4.91439	0.00263085
4.91463	0.00213769
4.91488	-0.00156935
4.91512	-0.00728315
4.91536	-0.00942538
4.91561	-0.00646676
4.91585	-0.00292414
4.9161	-0.00133101
4.91634	0.000510479
4.91659	0.00216377
4.91683	-0.00111021
4.91708	-0.00876988
4.91732	-0.0122446
4.91757	-0.00754402
4.91781	-0.00279124
4.91806	-0.00589902
4.9183	-0.0115053
4.91854	-0.00917256
4.91879	-2.8135e-05
4.91903	0.00443642
4.91928	-0.00147104
4.91952	-0.011157
4.91977	-0.0156231
4.92001	-0.0131095
4.92026	-0.00768229
4.9205	-0.00321643
4.92075	-0.000876441
4.92099	-0.000236759
4.92124	-0.00119922
4.92148	-0.00425282
4.92172	-0.00815603
4.92197	-0.00911352
4.92221	-0.00556666
4.92246	-0.00216093
4.9227	-0.00375565
4.92295	-0.00696782
4.92319	-0.00494636
4.92344	0.000354567
4.92368	0.000433728
4.92393	-0.00442397
4.92417	-0.00401909
4.92442	0.00379796
4.92466	0.00701046
4.9249	-0.00137077
4.92515	-0.0103703
4.92539	-0.0078809
4.92564	0.000200659
4.92588	0.000652972
4.92613	-0.00568527
4.92637	-0.00800629
4.92662	-0.00533615
4.92686	-0.00619447
4.92711	-0.0105759
4.92735	-0.00819794
4.92759	0.00347155
4.92784	0.0132191
4.92808	0.0122306
4.92833	0.00547515
4.92857	0.0022668
4.92882	0.00394123
4.92906	0.00562934
4.92931	0.0039285
4.92955	-0.00123965
4.9298	-0.00760948
4.93004	-0.0107545
4.93029	-0.00768643
4.93053	-0.00202514
4.93077	-0.00103395
4.93102	-0.00592728
4.93126	-0.00980643
4.93151	-0.00719555
4.93175	-0.00138594
4.932	0.000318522
4.93224	-0.00419837
4.93249	-0.00995122
4.93273	-0.0108747
4.93298	-0.00621296
4.93322	-0.000964251
4.93347	-0.000230507
4.93371	-0.00394628
4.93395	-0.0083339
4.9342	-0.0108729
4.93444	-0.0107107
4.93469	-0.00634983
4.93493	0.00132255
4.93518	0.00524462
4.93542	-0.000458103
4.93567	-0.00961829
4.93591	-0.0105588
4.93616	-0.00438866
4.9364	-0.0042129
4.93665	-0.0127156
4.93689	-0.0155989
4.93713	-0.00516441
4.93738	0.00495347
4.93762	0.00088643
4.93787	-0.00948591
4.93811	-0.0112128
4.93836	-0.00699146
4.9386	-0.00875083
4.93885	-0.0139337
4.93909	-0.0111721
4.93934	-0.00370444
4.93958	-0.00482519
4.93982	-0.0125757
4.94007	-0.0118625
4.94031	-0.00239349
4.94056	-0.00117328
4.9408	-0.012864
4.94105	-0.0204613
4.94129	-0.0134923
4.94154	-0.00423071
4.94178	-0.00478318
4.94203	-0.00744216
4.94227	-0.00192598
4.94252	0.00465546
4.94276	0.00184081
4.943	-0.00353004
4.94325	0.000747113
4.94349	0.00892541
4.94374	0.00547472
4.94398	-0.00805459
4.94423	-0.0135798
4.94447	-0.00426691
4.94472	0.00529874
4.94496	0.00130254
4.94521	-0.0103855
4.94545	-0.0148777
4.9457	-0.00876121
4.94594	-0.00110764
4.94618	0.0015615
4.94643	0.00232629
4.94667	0.00523678
4.94692	0.00667741
4.94716	0.000579891
4.94741	-0.0102537
4.94765	-0.0149511
4.9479	-0.00874714
4.94814	-0.000384483
4.94839	-0.000458697
4.94863	-0.0071363
4.94888	-0.010489
4.94912	-0.00775097
4.94936	-0.00551249
4.94961	-0.00763929
4.94985	-0.0101217
4.9501	-0.00930584
4.95034	-0.00724789
4.95059	-0.00651763
4.95083	-0.00627896
4.95108	-0.00570419
4.95132	-0.00558866
4.95157	-0.00549319
4.95181	-0.00495615
4.95205	-0.0072226
4.9523	-0.0145734
4.95254	-0.0206569
4.95279	-0.0167639
4.95303	-0.00612267
4.95328	-0.00146816
4.95352	-0.00657903
4.95377	-0.0115071
4.95401	-0.0094798
4.95426	-0.00659016
4.9545	-0.00898839
4.95475	-0.0119017
4.95499	-0.0093936
4.95523	-0.00548452
4.95548	-0.00653255
4.95572	-0.00995523
4.95597	-0.00935763
4.95621	-0.0052838
4.95646	-0.00314544
4.9567	-0.00503731
4.95695	-0.00936835
4.95719	-0.0135145
4.95744	-0.0128366
4.95768	-0.00462097
4.95793	0.00302418
4.95817	-0.00325797
4.95841	-0.0211781
4.95866	-0.0296207
4.9589	-0.0164244
4.95915	0.00241686
4.95939	0.00482983
4.95964	-0.00622512
4.95988	-0.0104589
4.96013	-0.00207021
4.96037	0.00525485
4.96062	0.00308382
4.96086	-0.00101322
4.96111	-0.000204649
4.96135	0.000560241
4.96159	-0.0037729
4.96184	-0.00833153
4.96208	-0.00721355
4.96233	-0.00353304
4.96257	-0.0037658
4.96282	-0.00787149
4.96306	-0.0104303
4.96331	-0.00821453
4.96355	-0.00355162
4.9638	-0.00214252
4.96404	-0.00752086
4.96428	-0.0155595
4.96453	-0.0175175
4.96477	-0.0122276
4.96502	-0.00971308
4.96526	-0.0160064
4.96551	-0.0213166
4.96575	-0.0142634
4.966	-0.00205876
4.96624	-0.00167467
4.96649	-0.0134333
4.96673	-0.0200165
4.96698	-0.0128693
4.96722	-0.00267196
4.96746	0.000638084
4.96771	0.00156152
4.96795	0.00522298
4.9682	0.00521983
4.96844	-0.00387896
4.96869	-0.0136034
4.96893	-0.0127642
4.96918	-0.00323518
4.96942	0.00525652
4.96967	0.00844286
4.96991	0.00682765
4.97016	4.11005e-05
4.9704	-0.0087477
4.97064	-0.0110088
4.97089	-0.00526532
4.97113	-0.00294874
4.97138	-0.0112364
4.97162	-0.0190747
4.97187	-0.0132136
4.97211	9.25282e-05
4.97236	0.00467888
4.9726	-0.000640146
4.97285	-0.00369126
4.97309	-0.00133821
4.97334	-0.00190541
4.97358	-0.0060376
4.97382	-0.00379585
4.97407	0.00624259
4.97431	0.0120406
4.97456	0.00750423
4.9748	0.00182121
4.97505	0.00297718
4.97529	0.00546708
4.97554	0.00198397
4.97578	-0.0043189
4.97603	-0.007117
4.97627	-0.00644949
4.97652	-0.00369152
4.97676	0.00327714
4.977	0.0124762
4.97725	0.0148878
4.97749	0.00706678
4.97774	-0.00201997
4.97798	-0.00454324
4.97823	-0.00512115
4.97847	-0.00987656
4.97872	-0.0133479
4.97896	-0.00728615
4.97921	0.00421306
4.97945	0.00940545
4.97969	0.00432272
4.97994	-0.00544328
4.98018	-0.0136621
4.98043	-0.0162126
4.98067	-0.0107911
4.98092	-0.00211258
4.98116	-0.000800212
4.98141	-0.00844396
4.98165	-0.0117999
4.9819	-0.00220569
4.98214	0.00830673
4.98239	0.0039745
4.98263	-0.00963231
4.98287	-0.0140212
4.98312	-0.00588586
4.98336	0.000937045
4.98361	-0.00115876
4.98385	-0.00629393
4.9841	-0.01035
4.98434	-0.0150046
4.98459	-0.0156742
4.98483	-0.00462173
4.98508	0.0105528
4.98532	0.0108439
4.98557	-0.00562514
4.98581	-0.0175524
4.98605	-0.0113109
4.9863	-2.80479e-05
4.98654	-0.000850668
4.98679	-0.00970566
4.98703	-0.0125619
4.98728	-0.00815536
4.98752	-0.00401371
4.98777	-0.0006355
4.98801	0.00451735
4.98826	0.00560059
4.9885	-0.00292969
4.98875	-0.0123368
4.98899	-0.0102269
4.98923	-0.000909119
4.98948	0.00048459
4.98972	-0.00819016
4.98997	-0.013878
4.99021	-0.0097428
4.99046	-0.00355984
4.9907	-0.00220908
4.99095	-0.00181335
4.99119	0.00160753
4.99144	0.00329958
4.99168	-0.00148758
4.99192	-0.00816404
4.99217	-0.0092516
4.99241	-0.0048289
4.99266	-0.000682603
4.9929	0.000142465
4.99315	-0.00104833
4.99339	-0.00252563
4.99364	-0.00312234
4.99388	-0.00115578
4.99413	0.00340911
4.99437	0.00633223
4.99462	0.00236067
4.99486	-0.00792197
4.9951	-0.0169288
4.99535	-0.0175863
4.99559	-0.0109325
4.99584	-0.00397514
4.99608	-0.000466357
4.99633	0.00239399
4.99657	0.00653735
4.99682	0.00724069
4.99706	7.87648e-05
4.99731	-0.00939183
4.99755	-0.010318
4.9978	-0.000948125
4.99804	0.00858162
4.99828	0.00919018
4.99853	0.00233753
4.99877	-0.00508853
4.99902	-0.0089877
4.99926	-0.00864483
4.99951	-0.00522852
4.99975	-0.00289543
5.0	-0.00619989
5.00024	-0.0134598
5.00049	-0.0174315
5.00073	-0.0146951
5.00098	-0.00920371
5.00122	-0.00512773
5.00146	-0.00270353
5.00171	-0.00283537
5.00195	-0.00783986
5.0022	-0.0145146
5.00244	-0.0147529
5.00269	-0.00745894
5.00293	-0.00204449
5.00318	-0.0051021
5.00342	-0.0111678
5.00367	-0.0121431
5.00391	-0.00867608
5.00415	-0.00640402
5.0044	-0.00738197
5.00464	-0.0103787
5.00489	-0.0132309
5.00513	-0.0111155
5.00538	-0.000693516
5.00562	0.010419
5.00587	0.00901216
5.00611	-0.00376826
5.00636	-0.010328
5.0066	-0.00190958
5.00685	0.00774799
5.00709	0.00465119
5.00733	-0.00351839
5.00758	-0.00220912
5.00782	0.00551725
5.00807	0.00683307
5.00831	0.00207955
5.00856	0.000717056
5.0088	0.00115143
5.00905	-0.00497291
5.00929	-0.0121522
5.00954	-0.00609138
5.00978	0.0105192
5.01003	0.0178417
5.01027	0.00797274
5.01051	-0.00428515
5.01076	-0.00518038
5.011	0.000185969
5.01125	0.00126676
5.01149	-0.00112145
5.01174	-0.000717723
5.01198	0.00203067
5.01223	0.00280012
5.01247	0.0014275
5.01272	0.000416054
5.01296	0.000653314
5.01321	0.00266521
5.01345	0.00681996
5.01369	0.0100081
5.01394	0.00811174
5.01418	0.00302738
5.01443	0.000483389
5.01467	0.000403903
5.01492	-0.00248446
5.01516	-0.00787149
5.01541	-0.00900027
5.01565	-0.00435178
5.0159	-0.000907922
5.01614	-0.00296849
5.01638	-0.0062511
5.01663	-0.00608212
5.01687	-0.00358967
5.01712	-0.00109914
5.01736	0.00103869
5.01761	0.000828427
5.01785	-0.00436627
5.0181	-0.011175
5.01834	-0.0124342
5.01859	-0.00786743
5.01883	-0.00452184
5.01908	-0.00524538
5.01932	-0.00576169
5.01956	-0.0047756
5.01981	-0.00684408
5.02005	-0.0123556
5.0203	-0.0148853
5.02054	-0.0123049
5.02079	-0.0104948
5.02103	-0.0116882
5.02128	-0.00951324
5.02152	-0.00131583
5.02177	0.00472052
5.02201	0.00214984
5.02226	-0.00280137
5.0225	-0.00119372
5.02274	0.00475227
5.02299	0.00639329
5.02323	0.0020654
5.02348	-0.00266334
5.02372	-0.00480073
5.02397	-0.00643869
5.02421	-0.00919121
5.02446	-0.0118865
5.0247	-0.0129336
5.02495	-0.0114988
5.02519	-0.00788743
5.02544	-0.00485544
5.02568	-0.00572871
5.02592	-0.00928614
5.02617	-0.0100142
5.02641	-0.00551708
5.02666	-1.73549e-05
5.0269	0.00155436
5.02715	-0.000641993
5.02739	-0.00331977
5.02764	-0.00429204
5.02788	-0.00317301
5.02813	-0.0012058
5.02837	-0.00136823
5.02861	-0.00536021
5.02886	-0.0102827
5.0291	-0.0118216
5.02935	-0.00994737
5.02959	-0.00735224
5.02984	-0.0040771
5.03008	0.000720846
5.03033	0.0038481
5.03057	0.00207671
5.03082	-0.000706905
5.03106	0.00124939
5.03131	0.00432657
5.03155	-0.000775709
5.03179	-0.0137062
5.03204	-0.0227106
5.03228	-0.0199926
5.03253	-0.00993619
5.03277	-0.000334924
5.03302	0.00543625
5.03326	0.0057242
5.03351	-0.000196923
5.03375	-0.00740839
5.034	-0.00884014
5.03424	-0.00598769
5.03449	-0.00704699
5.03473	-0.0124324
5.03497	-0.0128955
5.03522	-0.00518906
5.03546	0.00188105
5.03571	0.00197298
5.03595	0.000626656
5.0362	0.00390248
5.03644	0.00781898
5.03669	0.00642585
5.03693	0.00162731
5.03718	-0.00210899
5.03742	-0.00470922
5.03767	-0.00568205
5.03791	-0.00120313
5.03815	0.00661891
5.0384	0.00659365
5.03864	-0.00624233
5.03889	-0.0196544
5.03913	-0.0186654
5.03938	-0.00551331
5.03962	0.00476952
5.03987	0.00484496
5.04011	0.00139143
5.04036	0.00251159
5.0406	0.00734656
5.04084	0.00927734
5.04109	0.00469111
5.04133	-0.00267138
5.04158	-0.00533389
5.04182	-0.00131495
5.04207	0.00176398
5.04231	-0.00339171
5.04256	-0.0114271
5.0428	-0.0101663
5.04305	0.00123089
5.04329	0.00992835
5.04354	0.00718489
5.04378	-0.00205741
5.04402	-0.0100897
5.04427	-0.0150403
5.04451	-0.014325
5.04476	-0.00327403
5.045	0.0121014
5.04525	0.0148387
5.04549	0.000739241
5.04574	-0.0101897
5.04598	-0.000437706
5.04623	0.0172724
5.04647	0.0168711
5.04672	-0.00257333
5.04696	-0.015614
5.0472	-0.00794297
5.04745	0.00470663
5.04769	0.00253696
5.04794	-0.00919077
5.04818	-0.0103756
5.04843	0.00260383
5.04867	0.0113404
5.04892	0.00262554
5.04916	-0.0113664
5.04941	-0.00918616
5.04965	0.00941886
5.0499	0.0218226
5.05014	0.0131898
5.05038	-0.00353715
5.05063	-0.00680735
5.05087	0.00382266
5.05112	0.0102231
5.05136	0.00312437
5.05161	-0.00782852
5.05185	-0.0112441
5.0521	-0.00726524
5.05234	-0.00112473
5.05259	0.0042066
5.05283	0.00513187
5.05307	-0.00187841
5.05332	-0.012327
5.05356	-0.0156984
5.05381	-0.00900088
5.05405	3.08876e-05
5.0543	0.00473106
5.05454	0.00513354
5.05479	0.00173769
5.05503	-0.00467227
5.05528	-0.00683496
5.05552	0.00158158
5.05577	0.0116154
5.05601	0.00775204
5.05625	-0.00715703
5.0565	-0.0134432
5.05674	-0.0044742
5.05699	0.00473505
5.05723	0.00446795
5.05748	0.00433049
5.05772	0.0110102
5.05797	0.0139728
5.05821	0.00655947
5.05846	0.000741065
5.0587	0.0050177
5.05895	0.00698344
5.05919	-0.00408293
5.05943	-0.0153552
5.05968	-0.0114301
5.05992	-0.000787362
5.06017	0.000699561
5.06041	-0.00199683
5.06066	0.00464639
5.0609	0.0144302
5.06115	0.0113122
5.06139	-0.00111267
5.06164	-0.00581964
5.06188	-0.00207786
5.06213	-0.00353899
5.06237	-0.0105192
5.06261	-0.00972952
5.06286	-0.000779988
5.0631	0.00152864
5.06335	-0.00670188
5.06359	-0.0121176
5.06384	-0.00710557
5.06408	0.000416062
5.06433	0.00340645
5.06457	0.00409328
5.06482	0.00321787
5.06506	-0.00201496
5.06531	-0.00657947
5.06555	-0.000824597
5.06579	0.0120188
5.06604	0.0172549
5.06628	0.0106222
5.06653	0.00380485
5.06677	0.00512199
5.06702	0.009032
5.06726	0.00818051
5.06751	0.0031715
5.06775	-0.00245068
5.068	-0.00619975
5.06824	-0.00521755
5.06848	-0.000864152
5.06873	-0.00185461
5.06897	-0.0114261
5.06922	-0.0172469
5.06946	-0.0088233
5.06971	0.00234234
5.06995	-0.000885262
5.0702	-0.0113775
5.07044	-0.00796535
5.07069	0.00782787
5.07093	0.0122404
5.07118	-0.0017296
5.07142	-0.0130311
5.07166	-0.00703772
5.07191	0.00385626
5.07215	0.00420564
5.0724	-0.00185935
5.07264	-0.00366141
5.07289	-0.00127064
5.07313	0.00132724
5.07338	0.00476773
5.07362	0.00711145
5.07387	0.00305069
5.07411	-0.00318474
5.07436	-0.000443634
5.0746	0.00862383
5.07484	0.00836266
5.07509	-0.00270292
5.07533	-0.00712173
5.07558	0.00112533
5.07582	0.00516717
5.07607	-0.00433975
5.07631	-0.011406
5.07656	-0.00305469
5.0768	0.00697744
5.07705	0.00203782
5.07729	-0.0092866
5.07754	-0.0096024
5.07778	-0.0011177
5.07802	0.00324088
5.07827	0.00297791
5.07851	0.00366046
5.07876	0.000481436
5.079	-0.0107878
5.07925	-0.01835
5.07949	-0.0114111
5.07974	-0.00157531
5.07998	-0.00490269
5.08023	-0.0131528
5.08047	-0.00763195
5.08071	0.0066678
5.08096	0.00805144
5.0812	-0.00478402
5.08145	-0.0105771
5.08169	-0.00140776
5.08194	0.00583453
5.08218	-0.000555113
5.08243	-0.00937804
5.08267	-0.00797287
5.08292	-0.00171186
5.08316	-0.000846155
5.08341	-0.00311614
5.08365	-0.00132748
5.08389	0.00272868
5.08414	0.00314646
5.08438	0.00136698
5.08463	0.0031272
5.08487	0.00829815
5.08512	0.0112297
5.08536	0.00896111
5.08561	0.00413271
5.08585	0.000825121
5.0861	4.59187e-05
5.08634	-0.00105242
5.08659	-0.00551755
5.08683	-0.0117663
5.08707	-0.0148316
5.08732	-0.013657
5.08756	-0.0126601
5.08781	-0.0133807
5.08805	-0.0106951
5.0883	-0.00224126
5.08854	0.00489064
5.08879	0.00383629
5.08903	-0.00146814
5.08928	-0.00346456
5.08952	-0.00340638
5.08977	-0.00720785
5.09001	-0.0128833
5.09025	-0.0123986
5.0905	-0.004382
5.09074	0.0039422
5.09099	0.00671056
5.09123	0.00426103
5.09148	-0.000374199
5.09172	-0.00366998
5.09197	-0.00295651
5.09221	-0.00111216
5.09246	-0.00538175
5.0927	-0.0153991
5.09294	-0.0189771
5.09319	-0.00853969
5.09343	0.00484282
5.09368	0.00493452
5.09392	-0.00718376
5.09417	-0.0160591
5.09441	-0.0135988
5.09466	-0.00568358
5.0949	0.000316574
5.09515	0.00241102
5.09539	1.47641e-06
5.09564	-0.0053295
5.09588	-0.00644911
5.09612	0.000743183
5.09637	0.00743939
5.09661	0.002485
5.09686	-0.00950157
5.0971	-0.0137637
5.09735	-0.00746062
5.09759	-0.00169556
5.09784	-0.00214578
5.09808	-0.00320834
5.09833	-0.00256226
5.09857	-0.00526389
5.09882	-0.00988989
5.09906	-0.00674987
5.0993	0.00437943
5.09955	0.00985871
5.09979	0.00286373
5.10004	-0.00542733
5.10028	-0.00385992
5.10053	0.00234703
5.10077	0.0031707
5.10102	0.000269656
5.10126	0.000673056
5.10151	0.00330215
5.10175	0.003398
5.102	0.00289036
5.10224	0.00473024
5.10248	0.00331411
5.10273	-0.00695303
5.10297	-0.0180421
5.10322	-0.0165283
5.10346	-0.00403158
5.10371	0.00329262
5.10395	-0.0027211
5.1042	-0.0115021
5.10444	-0.00990061
5.10469	-0.000185446
5.10493	0.00495853
5.10517	0.000289454
5.10542	-0.0068547
5.10566	-0.00815877
5.10591	-0.00407307
5.10615	0.000228949
5.1064	0.00310626
5.10664	0.00556638
5.10689	0.00522779
5.10713	-0.00171905
5.10738	-0.0123208
5.10762	-0.0176726
5.10787	-0.0141585
5.10811	-0.00744533
5.10835	-0.00272971
5.1086	0.00133722
5.10884	0.00507507
5.10909	0.00333816
5.10933	-0.00447454
5.10958	-0.00905081
5.10982	-0.00479954
5.11007	-6.68113e-06
5.11031	-0.00249822
5.11056	-0.00487327
5.1108	0.00148444
5.11105	0.00702992
5.11129	-0.00204769
5.11153	-0.0170737
5.11178	-0.0171128
5.11202	-0.00376604
5.11227	-0.000144371
5.11251	-0.0122168
5.11276	-0.0182663
5.113	-0.00602265
5.11325	0.00613932
5.11349	0.000464018
5.11374	-0.0109552
5.11398	-0.00828326
5.11423	0.00349717
5.11447	0.00697141
5.11471	0.00291825
5.11496	0.00406809
5.1152	0.00823198
5.11545	0.00306069
5.11569	-0.00782302
5.11594	-0.00853669
5.11618	0.000801341
5.11643	0.00351573
5.11667	-0.00436176
5.11692	-0.00748727
5.11716	0.00117974
5.1174	0.00793448
5.11765	0.00206805
5.11789	-0.00696843
5.11814	-0.00733896
5.11838	-0.00404566
5.11863	-0.00736009
5.11887	-0.0139487
5.11912	-0.0132293
5.11936	-0.00483884
5.11961	0.00245648
5.11985	0.00417438
5.1201	0.00230812
5.12034	-0.0015688
5.12058	-0.00622184
5.12083	-0.00737126
5.12107	-0.00273336
5.12132	0.0023733
5.12156	0.00164645
5.12181	-0.00301051
5.12205	-0.00573948
5.1223	-0.00654505
5.12254	-0.00908479
5.12279	-0.0117141
5.12303	-0.00966302
5.12328	-0.00485113
5.12352	-0.00457741
5.12376	-0.00992594
5.12401	-0.0136644
5.12425	-0.0112703
5.1245	-0.0065083
5.12474	-0.00356846
5.12499	-0.000950997
5.12523	0.00271562
5.12548	0.00317055
5.12572	-0.00304804
5.12597	-0.0105116
5.12621	-0.00998427
5.12646	-0.000627809
5.1267	0.00844311
5.12694	0.00940115
5.12719	0.00398073
5.12743	-0.00107089
5.12768	-0.00301194
5.12792	-0.00435312
5.12817	-0.00691829
5.12841	-0.0086706
5.12866	-0.00738119
5.1289	-0.00458187
5.12915	-0.00334771
5.12939	-0.00348474
5.12963	-0.00222631
5.12988	0.000103212
5.13012	-0.00109359
5.13037	-0.00799054
5.13061	-0.0155847
5.13086	-0.0172895
5.1311	-0.0132858
5.13135	-0.0089902
5.13159	-0.00672171
5.13184	-0.00454853
5.13208	-0.0030115
5.13233	-0.00560192
5.13257	-0.0103546
5.13281	-0.00892108
5.13306	0.000609457
5.1333	0.00699517
5.13355	0.000195974
5.13379	-0.0124925
5.13404	-0.0148941
5.13428	-0.00433476
5.13453	0.00566668
5.13477	0.00565678
5.13502	0.00146204
5.13526	0.00133086
5.13551	0.0030312
5.13575	0.000956926
5.13599	-0.00270522
5.13624	-0.00295939
5.13648	-0.00185272
5.13673	-0.00373029
5.13697	-0.00513145
5.13722	0.000167117
5.13746	0.00838187
5.13771	0.00876199
5.13795	-0.000360866
5.1382	-0.00849308
5.13844	-0.00801328
5.13869	-0.00341097
5.13893	-0.0020453
5.13917	-0.00372874
5.13942	-0.00474981
5.13966	-0.00590151
5.13991	-0.00954347
5.14015	-0.0122878
5.1404	-0.00805974
5.14064	0.00184617
5.14089	0.00796005
5.14113	0.00402172
5.14138	-0.00497545
5.14162	-0.00957056
5.14187	-0.00827092
5.14211	-0.00818315
5.14235	-0.0128812
5.1426	-0.0156882
5.14284	-0.00960024
5.14309	0.000540937
5.14333	0.00335471
5.14358	-0.00318485
5.14382	-0.00988325
5.14407	-0.0109203
5.14431	-0.010481
5.14456	-0.011661
5.1448	-0.00936917
5.14504	-0.000925971
5.14529	0.00576848
5.14553	0.00367907
5.14578	-0.00158404
5.14602	-0.00161771
5.14627	0.00025999
5.14651	-0.00353808
5.14676	-0.00866555
5.147	-0.00428625
5.14725	0.00805733
5.14749	0.0153022
5.14774	0.0120072
5.14798	0.00501645
5.14822	-0.000979656
5.14847	-0.00810469
5.14871	-0.0138896
5.14896	-0.0103436
5.1492	0.00100512
5.14945	0.00702308
5.14969	0.00211426
5.14994	-0.00311181
5.15018	0.00060118
5.15043	0.0068033
5.15067	0.0053602
5.15092	-0.00118482
5.15116	-0.00319812
5.1514	0.00113491
5.15165	0.00559847
5.15189	0.00572851
5.15214	0.00175046
5.15238	-0.00389202
5.15263	-0.00698839
5.15287	-0.00450526
5.15312	-0.000473183
5.15336	-0.00229864
5.15361	-0.00859599
5.15385	-0.00972145
5.1541	-0.0037391
5.15434	-0.000485586
5.15458	-0.00424664
5.15483	-0.00521725
5.15507	0.00290004
5.15532	0.00931228
5.15556	0.00260005
5.15581	-0.00928375
5.15605	-0.0100014
5.1563	0.000709336
5.15654	0.00814762
5.15679	0.00482152
5.15703	-0.00179349
5.15727	-0.00260161
5.15752	0.00298205
5.15776	0.0101016
5.15801	0.0134632
5.15825	0.0101404
5.1585	0.0035231
5.15874	0.00161754
5.15899	0.0060838
5.15923	0.00825477
5.15948	0.00234582
5.15972	-0.00448384
5.15997	-0.00343544
5.16021	0.00209203
5.16045	0.00379755
5.1607	0.00221152
5.16094	0.00197041
5.16119	0.00070795
5.16143	-0.00459212
5.16168	-0.00692231
5.16192	0.00060313
5.16217	0.00965013
5.16241	0.00741074
5.16266	-0.00210395
5.1629	-0.00461254
5.16315	-0.000162543
5.16339	-0.00222992
5.16363	-0.0124208
5.16388	-0.0159893
5.16412	-0.00640041
5.16437	0.00405415
5.16461	0.00497907
5.16486	0.00303793
5.1651	0.00767727
5.16535	0.0148937
5.16559	0.0150636
5.16584	0.00755936
5.16608	-0.000770154
5.16633	-0.00450526
5.16657	-0.0011688
5.16681	0.00881238
5.16706	0.018673
5.1673	0.0191457
5.16755	0.0101166
5.16779	0.00153511
5.16804	-0.00021915
5.16828	0.00103618
5.16853	0.000677807
5.16877	2.80242e-05
5.16902	0.000508277
5.16926	0.000347008
5.1695	0.000411741
5.16975	0.00383836
5.16999	0.00717824
5.17024	0.00304331
5.17048	-0.00510903
5.17073	-0.00378922
5.17097	0.00937289
5.17122	0.0189398
5.17146	0.0141724
5.17171	0.00485793
5.17195	0.00398496
5.1722	0.00709359
5.17244	0.00284827
5.17268	-0.00537368
5.17293	-0.0046296
5.17317	0.0058442
5.17342	0.0133776
5.17366	0.0108944
5.17391	0.00416701
5.17415	-8.58738e-06
5.1744	-0.00165703
5.17464	-0.00241339
5.17489	-0.00177236
5.17513	-0.000323914
5.17538	0.000226185
5.17562	0.000799158
5.17586	0.00263555
5.17611	0.0023395
5.17635	-0.00346053
5.1766	-0.00934824
5.17684	-0.0057983
5.17709	0.00623102
5.17733	0.0139979
5.17758	0.00947353
5.17782	-0.000124304
5.17807	-0.00291425
5.17831	0.00220162
5.17856	0.00659453
5.1788	0.00500067
5.17904	0.000867082
5.17929	-0.00119722
5.17953	-0.00234885
5.17978	-0.00587996
5.18002	-0.0100104
5.18027	-0.00914404
5.18051	-0.00254234
5.18076	0.00245912
5.181	-0.00122567
5.18125	-0.0111052
5.18149	-0.0175944
5.18173	-0.0151044
5.18198	-0.00735891
5.18222	-0.00163109
5.18247	-0.000837541
5.18271	-0.0023295
5.18296	-0.00218282
5.1832	0.000654965
5.18345	0.00362965
5.18369	0.00360677
5.18394	0.000737519
5.18418	-0.00193822
5.18443	-0.00315272
5.18467	-0.0049802
5.18491	-0.00826764
5.18516	-0.0100851
5.1854	-0.00886309
5.18565	-0.00849376
5.18589	-0.0127312
5.18614	-0.0181737
5.18638	-0.017964
5.18663	-0.0108988
5.18687	-0.00218726
5.18712	0.00335105
5.18736	0.00448981
5.18761	0.00194674
5.18785	-0.00183912
5.18809	-0.00310329
5.18834	-0.00106509
5.18858	0.000594084
5.18883	8.98869e-05
5.18907	0.000768915
5.18932	0.00324217
5.18956	0.000862985
5.18981	-0.0090333
5.19005	-0.0158603
5.1903	-0.00881644
5.19054	0.00528947
5.19079	0.0100801
5.19103	0.00328248
5.19127	-0.00134531
5.19152	0.00377707
5.19176	0.00967079
5.19201	0.00614846
5.19225	-0.00406854
5.1925	-0.0115815
5.19274	-0.0118341
5.19299	-0.0060064
5.19323	0.00217187
5.19348	0.00672245
5.19372	0.00273117
5.19396	-0.00755224
5.19421	-0.0163043
5.19445	-0.0183873
5.1947	-0.0139588
5.19494	-0.00532306
5.19519	0.002832
5.19543	0.00385067
5.19568	-0.00246505
5.19592	-0.00630154
5.19617	-0.00151462
5.19641	0.00329237
5.19666	-0.00129679
5.1969	-0.0078803
5.19714	-0.00393155
5.19739	0.00525067
5.19763	0.00416253
5.19788	-0.00618335
5.19812	-0.00991544
5.19837	-0.00339476
5.19861	0.000998628
5.19886	-0.00115963
5.1991	-0.000955811
5.19935	0.00281151
5.19959	0.000209316
5.19984	-0.00807753
5.20008	-0.00881034
5.20032	-0.00120296
5.20057	0.000150758
5.20081	-0.00671299
5.20106	-0.00606264
5.2013	0.00495789
5.20155	0.00896233
5.20179	0.00215571
5.20204	0.00519403
5.20228	0.0248684
5.20253	0.0359255
5.20277	0.0218992
5.20302	0.00480439
5.20326	0.00896943
5.2035	0.0222596
5.20375	0.0219901
5.20399	0.0150129
5.20424	0.0197327
5.20448	0.0287999
5.20473	0.0242132
5.20497	0.013196
5.20522	0.0142338
5.20546	0.0211264
5.20571	0.0160624
5.20595	0.00625223
5.20619	0.0106582
5.20644	0.0203738
5.20668	0.0114275
5.20693	-0.00947233
5.20717	-0.0128192
5.20742	0.00265092
5.20766	0.00848535
5.20791	-0.00229791
5.20815	-0.00503087
5.2084	0.00867556
5.20864	0.0148712
5.20889	0.00221935
5.20913	-0.00623277
5.20937	0.00566331
5.20962	0.0188502
5.20986	0.0133893
5.21011	0.00105222
5.21035	0.000663022
5.2106	0.00631501
5.21084	0.00366761
5.21109	-0.00333533
5.21133	-0.00474099
5.21158	-0.00543033
5.21182	-0.0123138
5.21207	-0.0169474
5.21231	-0.0110815
5.21255	-0.00432153
5.2128	-0.00683499
5.21304	-0.00961304
5.21329	-0.0019546
5.21353	0.00617125
5.21378	0.0010006
5.21402	-0.00880811
5.21427	-0.00621656
5.21451	0.0039881
5.21476	0.00323866
5.215	-0.00890161
5.21525	-0.0146788
5.21549	-0.00765167
5.21573	-0.000442288
5.21598	-0.00211231
5.21622	-0.0064384
5.21647	-0.00551741
5.21671	-8.41293e-05
5.21696	0.00649383
5.2172	0.0123532
5.21745	0.0135234
5.21769	0.00698549
5.21794	-0.00153151
5.21818	-0.00260675
5.21843	0.00340712
5.21867	0.00724079
5.21891	0.00528853
5.21916	0.00392336
5.2194	0.00787807
5.21965	0.0129256
5.21989	0.0131532
5.22014	0.00964182
5.22038	0.0087941
5.22063	0.0147036
5.22087	0.0243376
5.22112	0.029596
5.22136	0.0256704
5.2216	0.0176246
5.22185	0.0150288
5.22209	0.0198036
5.22234	0.0249796
5.22258	0.0259112
5.22283	0.0247954
5.22307	0.0226462
5.22332	0.016889
5.22356	0.0103476
5.22381	0.0112283
5.22405	0.0184267
5.2243	0.01888
5.22454	0.00759024
5.22478	-0.00210087
5.22503	0.0010488
5.22527	0.00770058
5.22552	0.00397705
5.22576	-0.00483638
5.22601	-0.00434312
5.22625	0.00269717
5.2265	0.000584128
5.22674	-0.0112558
5.22699	-0.0152448
5.22723	-0.00370327
5.22748	0.00892979
5.22772	0.00911149
5.22796	0.00371156
5.22821	0.00599751
5.22845	0.0135925
5.2287	0.0131333
5.22894	0.00138453
5.22919	-0.0101035
5.22943	-0.0109297
5.22968	-0.00392215
5.22992	0.000760749
5.23017	-0.00145852
5.23041	-0.00590388
5.23066	-0.00625687
5.2309	-0.00252509
5.23114	0.000381117
5.23139	0.000409516
5.23163	0.000696196
5.23188	0.00291154
5.23212	0.00263907
5.23237	-0.00444192
5.23261	-0.0141695
5.23286	-0.0169362
5.2331	-0.009327
5.23335	0.00131875
5.23359	0.00540978
5.23383	0.00157101
5.23408	-0.00319835
5.23432	-0.00253696
5.23457	0.00244876
5.23481	0.00616957
5.23506	0.0065018
5.2353	0.00648261
5.23555	0.00776329
5.23579	0.00675813
5.23604	0.000405569
5.23628	-0.0078413
5.23653	-0.0121138
5.23677	-0.0112545
5.23701	-0.00734647
5.23726	-0.000980531
5.2375	0.0058115
5.23775	0.00621191
5.23799	-0.00295461
5.23824	-0.0123573
5.23848	-0.0102393
5.23873	-2.51659e-05
5.23897	0.0036535
5.23922	-0.00340127
5.23946	-0.00984284
5.23971	-0.0073422
5.23995	-0.00128297
5.24019	0.00122207
5.24044	0.00140388
5.24068	0.00123236
5.24093	-0.00232256
5.24117	-0.00850182
5.24142	-0.00961958
5.24166	-0.004196
5.24191	-0.00202759
5.24215	-0.00753411
5.2424	-0.00959665
5.24264	0.000843649
5.24289	0.013163
5.24313	0.0104854
5.24337	-0.00575759
5.24362	-0.0178731
5.24386	-0.0151044
5.24411	-0.00373261
5.24435	0.00396301
5.2446	0.00219143
5.24484	-0.00536013
5.24509	-0.00929673
5.24533	-0.00398053
5.24558	0.00404295
5.24582	0.00349074
5.24606	-0.00387495
5.24631	-0.00427846
5.24655	0.00489113
5.2468	0.00795381
5.24704	-0.00384029
5.24729	-0.0159454
5.24753	-0.0133178
5.24778	-0.0045305
5.24802	-0.00504398
5.24827	-0.00960025
5.24851	-0.00357815
5.24876	0.00758713
5.249	0.005637
5.24924	-0.00807668
5.24949	-0.0130193
5.24973	-0.00300382
5.24998	0.00494748
5.25022	-0.000458963
5.25047	-0.00907229
5.25071	-0.00952607
5.25096	-0.0058435
5.2512	-0.00525378
5.25145	-0.00570003
5.25169	-0.00426009
5.25194	-0.00435232
5.25218	-0.00692338
5.25242	-0.00671455
5.25267	-0.00321333
5.25291	-0.00279746
5.25316	-0.00540019
5.2534	-0.00325897
5.25365	0.00253496
5.25389	0.00098652
5.25414	-0.00697159
5.25438	-0.00456519
5.25463	0.0124391
5.25487	0.0225581
5.25512	0.00923604
5.25536	-0.0117944
5.2556	-0.0148252
5.25585	-0.00143211
5.25609	0.00574915
5.25634	-0.00135068
5.25658	-0.00892573
5.25683	-0.00734171
5.25707	-0.00393965
5.25732	-0.00695525
5.25756	-0.0129172
5.25781	-0.015143
5.25805	-0.0132215
5.25829	-0.00941977
5.25854	-0.00423066
5.25878	0.000965325
5.25903	0.00313621
5.25927	0.00142042
5.25952	-0.00294488
5.25976	-0.00943723
5.26001	-0.0156985
5.26025	-0.0153988
5.2605	-0.00628854
5.26074	0.0029019
5.26099	0.00284316
5.26123	-0.00219981
5.26147	-0.00146196
5.26172	0.0037441
5.26196	0.00236887
5.26221	-0.0056871
5.26245	-0.00730107
5.2627	0.00121309
5.26294	0.00533542
5.26319	-0.00466018
5.26343	-0.0158634
5.26368	-0.0111261
5.26392	0.00458527
5.26417	0.0117186
5.26441	0.00478801
5.26465	-0.00260445
5.2649	-0.00071342
5.26514	0.00382555
5.26539	0.00217322
5.26563	-0.00311939
5.26588	-0.00567706
5.26612	-0.00652412
5.26637	-0.00896607
5.26661	-0.00930963
5.26686	-0.00274587
5.2671	0.00535983
5.26735	0.0045579
5.26759	-0.00482495
5.26783	-0.010723
5.26808	-0.00624174
5.26832	0.00128782
5.26857	0.00258384
5.26881	0.000242269
5.26906	0.00312747
5.2693	0.0113555
5.26955	0.0151896
5.26979	0.00842333
5.27004	-0.00387897
5.27028	-0.0123267
5.27052	-0.0130467
5.27077	-0.00888912
5.27101	-0.00467975
5.27126	-0.00337264
5.2715	-0.00442335
5.27175	-0.00441342
5.27199	-0.00110771
5.27224	0.0027992
5.27248	0.00272189
5.27273	-0.000792958
5.27297	-0.00202362
5.27322	0.00146818
5.27346	0.00460072
5.2737	0.00209534
5.27395	-0.00348431
5.27419	-0.00541968
5.27444	-0.00251911
5.27468	-0.000231594
5.27493	-0.0023508
5.27517	-0.00616679
5.27542	-0.00710398
5.27566	-0.00475031
5.27591	-0.00219617
5.27615	-0.00152965
5.2764	-0.00213603
5.27664	-0.00241334
5.27688	-0.00136612
5.27713	0.0010213
5.27737	0.00357053
5.27762	0.00422287
5.27786	0.00176229
5.27811	-0.00252711
5.27835	-0.00562271
5.2786	-0.00540151
5.27884	-0.00218592
5.27909	0.00207298
5.27933	0.00529708
5.27958	0.00595546
5.27982	0.00344339
5.28006	-0.00125931
5.28031	-0.00565991
5.28055	-0.00719521
5.2808	-0.00470009
5.28104	0.00119844
5.28129	0.00801909
5.28153	0.0117438
5.28178	0.00948402
5.28202	0.00355999
5.28227	0.00107647
5.28251	0.00656024
5.28275	0.0157513
5.283	0.0197107
5.28324	0.0149453
5.28349	0.00654329
5.28373	0.00140428
5.28398	0.0018039
5.28422	0.00578745
5.28447	0.00954469
5.28471	0.00819197
5.28496	-0.000918293
5.2852	-0.0128879
5.28545	-0.0175569
5.28569	-0.0108982
5.28593	-0.000656579
5.28618	0.0033944
5.28642	0.00133029
5.28667	0.000188102
5.28691	0.00222117
5.28716	0.00274561
5.2874	-0.000859088
5.28765	-0.00443816
5.28789	-0.00309579
5.28814	0.0022425
5.28838	0.00624799
5.28863	0.00505187
5.28887	-0.000126432
5.28911	-0.004183
5.28936	-0.00386868
5.2896	-0.00281896
5.28985	-0.00720801
5.29009	-0.0145502
5.29034	-0.0132184
5.29058	0.00104051
5.29083	0.0144784
5.29107	0.0112137
5.29132	-0.00406701
5.29156	-0.0115742
5.29181	-0.00387561
5.29205	0.0056464
5.29229	0.00450747
5.29254	-0.00250865
5.29278	-0.00511892
5.29303	-0.00324853
5.29327	-0.0015088
5.29352	0.00184294
5.29376	0.00900496
5.29401	0.0132634
5.29425	0.00792173
5.2945	-0.000504668
5.29474	-0.000648205
5.29498	0.00540141
5.29523	0.00520864
5.29547	-0.00359556
5.29572	-0.00919664
5.29596	-0.00387898
5.29621	0.00517154
5.29645	0.00736154
5.2967	0.00189946
5.29694	-0.00478855
5.29719	-0.00779112
5.29743	-0.00617863
5.29768	-0.00230513
5.29792	-0.000745736
5.29816	-0.00276381
5.29841	-0.00214695
5.29865	0.00620106
5.2989	0.0147535
5.29914	0.0110837
5.29939	-0.00235073
5.29963	-0.0089775
5.29988	-0.00192372
5.30012	0.00668921
5.30037	0.00628723
5.30061	0.00323518
5.30086	0.00608581
5.3011	0.00935303
5.30134	0.00562009
5.30159	0.00243678
5.30183	0.0108768
5.30208	0.0254459
5.30232	0.0324794
5.30257	0.0323209
5.30281	0.0348587
5.30306	0.0376738
5.3033	0.0293336
5.30355	0.0132056
5.30379	0.00601066
5.30404	0.0100216
5.30428	0.00892106
5.30452	-0.00241966
5.30477	-0.00660854
5.30501	0.00699573
5.30526	0.0230523
5.3055	0.025606
5.30575	0.0234895
5.30599	0.030641
5.30624	0.0371766
5.30648	0.0249315
5.30673	0.00208245
5.30697	-0.00488171
5.30722	0.00870064
5.30746	0.0195772
5.3077	0.0136058
5.30795	0.00436144
5.30819	0.00635908
5.30844	0.0114876
5.30868	0.0061775
5.30893	-0.00407497
5.30917	-0.00442212
5.30942	0.00447653
5.30966	0.00821843
5.30991	0.00164488
5.31015	-0.00481835
5.31039	-0.00263206
5.31064	0.00272044
5.31088	0.00105723
5.31113	-0.00827751
5.31137	-0.0163423
5.31162	-0.0156865
5.31186	-0.00805662
5.31211	-0.00161938
5.31235	-0.00216601
5.3126	-0.00757238
5.31284	-0.0109258
5.31309	-0.00839684
5.31333	-0.00295447
5.31357	-0.000532607
5.31382	-0.00356452
5.31406	-0.00813044
5.31431	-0.00729937
5.31455	0.00115258
5.3148	0.0101381
5.31504	0.00978965
5.31529	-3.02686e-05
5.31553	-0.00854093
5.31578	-0.00838604
5.31602	-0.0050739
5.31627	-0.00668903
5.31651	-0.0109806
5.31675	-0.0114771
5.317	-0.0103808
5.31724	-0.0133012
5.31749	-0.0151974
5.31773	-0.00660985
5.31798	0.00679758
5.31822	0.00781882
5.31847	-0.00552591
5.31871	-0.0138346
5.31896	-0.0049236
5.3192	0.00719421
5.31945	0.00417856
5.31969	-0.00865526
5.31993	-0.0118906
5.32018	-0.00154069
5.32042	0.00755079
5.32067	0.00489273
5.32091	-0.00388351
5.32116	-0.0089395
5.3214	-0.00798465
5.32165	-0.00404494
5.32189	-0.000376112
5.32214	0.000148393
5.32238	-0.00326022
5.32262	-0.00727535
5.32287	-0.0085542
5.32311	-0.00846662
5.32336	-0.0092347
5.3236	-0.00871036
5.32385	-0.00497448
5.32409	-0.00210582
5.32434	-0.00399756
5.32458	-0.00659586
5.32483	-0.00492549
5.32507	-0.00333682
5.32532	-0.00794642
5.32556	-0.0126294
5.3258	-0.00606814
5.32605	0.00817189
5.32629	0.0131432
5.32654	0.00240088
5.32678	-0.0112062
5.32703	-0.0147883
5.32727	-0.0105825
5.32752	-0.00605787
5.32776	-0.00149365
5.32801	0.00406504
5.32825	0.00513257
5.3285	-0.00135911
5.32874	-0.0070895
5.32898	-0.00300634
5.32923	0.00620105
5.32947	0.00857326
5.32972	0.00236576
5.32996	-0.00298394
5.33021	-0.00190901
5.33045	0.000584438
5.3307	-0.00169208
5.33094	-0.00699174
5.33119	-0.00838317
5.33143	-0.00237476
5.33168	0.00634999
5.33192	0.00831165
5.33216	-0.00058458
5.33241	-0.0119335
5.33265	-0.0129345
5.3329	-0.00342302
5.33314	0.00237992
5.33339	-0.00444708
5.33363	-0.0142215
5.33388	-0.0129701
5.33412	-0.0029081
5.33437	0.00238669
5.33461	-0.00116352
5.33485	-0.00473829
5.3351	-0.00279133
5.33534	0.000240981
5.33559	0.00103632
5.33583	0.00303017
5.33608	0.00684481
5.33632	0.00584265
5.33657	-0.0026532
5.33681	-0.0103173
5.33706	-0.00890334
5.3373	-0.00166017
5.33755	0.00297485
5.33779	0.00306212
5.33803	0.00151354
5.33828	-0.00166828
5.33852	-0.00709461
5.33877	-0.00971177
5.33901	-0.00383833
5.33926	0.00687263
5.3395	0.0124893
5.33975	0.00963122
5.33999	0.00426117
5.34024	0.00164507
5.34048	0.000634379
5.34073	-0.000902338
5.34097	-0.00184238
5.34121	-0.0016275
5.34146	-0.0027551
5.3417	-0.00614648
5.34195	-0.00823501
5.34219	-0.00603248
5.34244	-0.0019971
5.34268	-0.000822601
5.34293	-0.00362361
5.34317	-0.00765351
5.34342	-0.00980728
5.34366	-0.00857786
5.34391	-0.00467816
5.34415	-0.00138114
5.34439	-0.00202037
5.34464	-0.00569817
5.34488	-0.00795912
5.34513	-0.00704382
5.34537	-0.00624553
5.34562	-0.0080681
5.34586	-0.00975622
5.34611	-0.00796429
5.34635	-0.0046446
5.3466	-0.00391512
5.34684	-0.00525606
5.34708	-0.00473945
5.34733	-0.00208118
5.34757	-0.00126836
5.34782	-0.0036111
5.34806	-0.00498908
5.34831	-0.00222498
5.34855	0.00139332
5.3488	0.000383098
5.34904	-0.00461205
5.34929	-0.00637748
5.34953	-4.67402e-05
5.34978	0.00975269
5.35002	0.0133494
5.35026	0.00757663
5.35051	-0.000275501
5.35075	-0.0021419
5.351	0.000237796
5.35124	-0.00102899
5.35149	-0.00748998
5.35173	-0.0121795
5.35198	-0.0107863
5.35222	-0.00761646
5.35247	-0.00695631
5.35271	-0.00570078
5.35296	-0.000593382
5.3532	0.00354146
5.35344	0.00122482
5.35369	-0.00257561
5.35393	0.000831446
5.35418	0.00805244
5.35442	0.00625423
5.35467	-0.00683407
5.35491	-0.0170686
5.35516	-0.0130866
5.3554	-0.00171175
5.35565	0.00312672
5.35589	-0.000682444
5.35614	-0.00479095
5.35638	-0.00575494
5.35662	-0.00829415
5.35687	-0.0139956
5.35711	-0.0168273
5.35736	-0.0128675
5.3576	-0.00703844
5.35785	-0.00552654
5.35809	-0.00664815
5.35834	-0.00493494
5.35858	-0.00108225
5.35883	-0.000977366
5.35907	-0.00505317
5.35931	-0.00584527
5.35956	0.000561392
5.3598	0.00654165
5.36005	0.00262174
5.36029	-0.00818967
5.36054	-0.0136994
5.36078	-0.00960997
5.36103	-0.00446724
5.36127	-0.00528582
5.36152	-0.00726594
5.36176	-0.0033669
5.36201	0.0037138
5.36225	0.00696373
5.36249	0.00632029
5.36274	0.00545786
5.36298	0.00239944
5.36323	-0.0059362
5.36347	-0.0133381
5.36372	-0.0108246
5.36396	-0.00235927
5.36421	-0.00088469
5.36445	-0.00770396
5.3647	-0.00977531
5.36494	-0.00135162
5.36519	0.00571319
5.36543	0.000582863
5.36567	-0.00990189
5.36592	-0.0128244
5.36616	-0.00760473
5.36641	-0.00219968
5.36665	0.00118427
5.3669	0.00502902
5.36714	0.00696609
5.36739	0.0031336
5.36763	-0.00221488
5.36788	-0.00144815
5.36812	0.00379572
5.36837	0.00444921
5.36861	-0.00250784
5.36885	-0.0108927
5.3691	-0.014717
5.36934	-0.0130094
5.36959	-0.006616
5.36983	0.00203017
5.37008	0.00715861
5.37032	0.00511604
5.37057	0.000228352
5.37081	-0.00160134
5.37106	-0.00234787
5.3713	-0.00689225
5.37154	-0.0120549
5.37179	-0.0107627
5.37203	-0.0048045
5.37228	-0.00224769
5.37252	-0.00348325
5.37277	-0.00187003
5.37301	0.00224665
5.37326	0.00146852
5.3735	-0.00369933
5.37375	-0.00413738
5.37399	0.000737267
5.37424	0.000227419
5.37448	-0.0078716
5.37472	-0.0103583
5.37497	-0.000199497
5.37521	0.00961087
5.37546	0.00549787
5.3757	-0.00603364
5.37595	-0.0108467
5.37619	-0.00928473
5.37644	-0.00994538
5.37668	-0.0102408
5.37693	-0.00181477
5.37717	0.00951521
5.37742	0.00888439
5.37766	-0.00307912
5.3779	-0.00976123
5.37815	-0.00523482
5.37839	-0.00305659
5.37864	-0.0120916
5.37888	-0.0204435
5.37913	-0.0139973
5.37937	0.0018021
5.37962	0.0105768
5.37986	0.00642169
5.38011	-0.00439928
5.38035	-0.0155806
5.3806	-0.0229795
5.38084	-0.0206843
5.38108	-0.007529
5.38133	0.00543505
5.38157	0.00577601
5.38182	-0.00319271
5.38206	-0.00681573
5.38231	9.13732e-06
5.38255	0.00735065
5.3828	0.00654686
5.38304	0.000962933
5.38329	-0.00250567
5.38353	-0.00280557
5.38378	-0.00139861
5.38402	0.00173385
5.38426	0.00394718
5.38451	-0.00015467
5.38475	-0.00930965
5.385	-0.0138678
5.38524	-0.00960188
5.38549	-0.00533058
5.38573	-0.00894846
5.38598	-0.0136246
5.38622	-0.00859001
5.38647	0.00215126
5.38671	0.00499405
5.38695	-0.00165792
5.3872	-0.00481224
5.38744	0.00238968
5.38769	0.0101676
5.38793	0.00737793
5.38818	-0.00313222
5.38842	-0.0113144
5.38867	-0.0141323
5.38891	-0.0150974
5.38916	-0.0150949
5.3894	-0.0120979
5.38965	-0.00753285
5.38989	-0.00561143
5.39013	-0.00682473
5.39038	-0.00757756
5.39062	-0.00633759
5.39087	-0.00567936
5.39111	-0.00744561
5.39136	-0.00905766
5.3916	-0.00612871
5.39185	0.00210856
5.39209	0.0104098
5.39234	0.0112587
5.39258	0.00273259
5.39283	-0.00769071
5.39307	-0.00997939
5.39331	-0.00253338
5.39356	0.00668826
5.3938	0.0101623
5.39405	0.00786214
5.39429	0.00369424
5.39454	-0.000146664
5.39478	-0.00307157
5.39503	-0.0047155
5.39527	-0.00615042
5.39552	-0.00885305
5.39576	-0.0110494
5.39601	-0.00980106
5.39625	-0.00779519
5.39649	-0.0111524
5.39674	-0.017796
5.39698	-0.0164773
5.39723	-0.00311729
5.39747	0.00977996
5.39772	0.00852881
5.39796	-0.0028777
5.39821	-0.00920076
5.39845	-0.0054667
5.3987	-0.00120186
5.39894	-0.00400353
5.39918	-0.00941904
5.39943	-0.00968619
5.39967	-0.00490388
5.39992	-0.0017123
5.40016	-0.00484002
5.40041	-0.0122693
5.40065	-0.01692
5.4009	-0.0133433
5.40114	-0.00437838
5.40139	0.00107456
5.40163	-0.00120417
5.40188	-0.00637532
5.40212	-0.00956431
5.40236	-0.0125479
5.40261	-0.0160565
5.40285	-0.013507
5.4031	-0.00193653
5.40334	0.00761854
5.40359	0.00325071
5.40383	-0.00865878
5.40408	-0.0115886
5.40432	-0.00412703
5.40457	-0.00121027
5.40481	-0.00895451
5.40506	-0.0150086
5.4053	-0.00967435
5.40554	-0.0014776
5.40579	-0.00228761
5.40603	-0.00873822
5.40628	-0.00962754
5.40652	-0.00376077
5.40677	0.000858868
5.40701	0.000760907
5.40726	-0.000246161
5.4075	0.000258507
5.40775	0.000187796
5.40799	-0.00206036
5.40824	-0.00513126
5.40848	-0.00697753
5.40872	-0.00635019
5.40897	-0.00330517
5.40921	-0.000157942
5.40946	0.000326713
5.4097	-0.0011126
5.40995	-0.00115624
5.41019	0.000776566
5.41044	0.00217131
5.41068	0.00224898
5.41093	0.00193126
5.41117	-0.000438042
5.41141	-0.0066404
5.41166	-0.0123674
5.4119	-0.0114723
5.41215	-0.00610008
5.41239	-0.00339726
5.41264	-0.00297514
5.41288	0.000777094
5.41313	0.00461575
5.41337	-0.00010205
5.41362	-0.00854215
5.41386	-0.00559639
5.41411	0.00684025
5.41435	0.00690524
5.41459	-0.0122594
5.41484	-0.0262923
5.41508	-0.0152614
5.41533	0.00425127
5.41557	0.00507203
5.41582	-0.00886742
5.41606	-0.0136917
5.41631	-0.00688283
5.41655	-0.00672949
5.4168	-0.0155316
5.41704	-0.0154978
5.41729	-0.00361469
5.41753	0.000135796
5.41777	-0.0123675
5.41802	-0.0217923
5.41826	-0.0131544
5.41851	0.000436675
5.41875	0.00104303
5.419	-0.00682609
5.41924	-0.00890069
5.41949	-0.00508849
5.41973	-0.00345805
5.41998	-0.00307629
5.42022	0.000265528
5.42047	0.00157191
5.42071	-0.00405063
5.42095	-0.00865449
5.4212	-0.00365809
5.42144	0.00364555
5.42169	0.00153675
5.42193	-0.00616622
5.42218	-0.00822812
5.42242	-0.00650024
5.42267	-0.0098761
5.42291	-0.0141924
5.42316	-0.00926917
5.4234	-0.0022203
5.42364	-0.00997786
5.42389	-0.027665
5.42413	-0.0295228
5.42438	-0.00828694
5.42462	0.0103175
5.42487	0.00505527
5.42511	-0.00996755
5.42536	-0.00970918
5.4256	0.00327257
5.42585	0.00700716
5.42609	-0.0031077
5.42634	-0.00992519
5.42658	-0.0046721
5.42682	0.00139845
5.42707	-0.000560383
5.42731	-0.00262846
5.42756	0.00301589
5.4278	0.00821012
5.42805	0.00171434
5.42829	-0.0119631
5.42854	-0.0189395
5.42878	-0.0154256
5.42903	-0.00961572
5.42927	-0.00728612
5.42952	-0.00595698
5.42976	-0.00273575
5.43	0.000782332
5.43025	0.0023832
5.43049	0.0016911
5.43074	-0.0015467
5.43098	-0.00637929
5.43123	-0.00879337
5.43147	-0.00661721
5.43172	-0.00455147
5.43196	-0.00731427
5.43221	-0.00978672
5.43245	-0.00328282
5.4327	0.00900685
5.43294	0.0139081
5.43318	0.00731907
5.43343	-0.000282258
5.43367	-0.00100948
5.43392	0.000127941
5.43416	-0.00189067
5.43441	-0.00204802
5.43465	0.00222868
5.4349	0.0011292
5.43514	-0.0114166
5.43539	-0.0220241
5.43563	-0.0151228
5.43587	0.00105532
5.43612	0.00487302
5.43636	-0.00557058
5.43661	-0.0104039
5.43685	-0.000504239
5.4371	0.00916924
5.43734	0.00583189
5.43759	-0.000901927
5.43783	0.00261936
5.43808	0.0105025
5.43832	0.00781999
5.43857	-0.00428378
5.43881	-0.00997169
5.43905	-0.00190572
5.4393	0.0101218
5.43954	0.0136725
5.43979	0.00713222
5.44003	-0.00209306
5.44028	-0.00597778
5.44052	-0.00192244
5.44077	0.00492577
5.44101	0.00603304
5.44126	-0.000274279
5.4415	-0.00532637
5.44175	-0.00121292
5.44199	0.00769842
5.44223	0.0102804
5.44248	0.0039388
5.44272	-0.00213924
5.44297	0.000293086
5.44321	0.0077318
5.44346	0.0095581
5.4437	0.00157948
5.44395	-0.00779968
5.44419	-0.00681187
5.44444	0.00457564
5.44468	0.0130054
5.44493	0.0085405
5.44517	-0.00173141
5.44541	-0.00415216
5.44566	0.00134763
5.4459	0.00267781
5.44615	-0.00391524
5.44639	-0.00856596
5.44664	-0.00598044
5.44688	-0.00438488
5.44713	-0.00932193
5.44737	-0.0122568
5.44762	-0.00577509
5.44786	0.00183015
5.4481	4.55655e-05
5.44835	-0.00555193
5.44859	-0.00303551
5.44884	0.00527236
5.44908	0.00753437
5.44933	0.00262981
5.44957	-0.00038825
5.44982	7.61278e-05
5.45006	-0.00253078
5.45031	-0.00722355
5.45055	-0.00574986
5.4508	0.00053695
5.45104	0.00064203
5.45128	-0.00619095
5.45153	-0.00689729
5.45177	0.00370096
5.45202	0.0131126
5.45226	0.0110169
5.45251	0.0048543
5.45275	0.00541948
5.453	0.00875647
5.45324	0.00474401
5.45349	-0.00465753
5.45373	-0.00867782
5.45398	-0.00458952
5.45422	0.000234857
5.45446	0.000781276
5.45471	-0.000907301
5.45495	-0.0023548
5.4552	-0.00354633
5.45544	-0.00346888
5.45569	-0.000853387
5.45593	0.00152073
5.45618	-0.000700018
5.45642	-0.00641099
5.45667	-0.00987067
5.45691	-0.00884062
5.45716	-0.00669842
5.4574	-0.0057041
5.45764	-0.00352243
5.45789	0.00132717
5.45813	0.00516523
5.45838	0.00420678
5.45862	0.00112624
5.45887	0.00164829
5.45911	0.00518799
5.45936	0.0045875
5.4596	-0.00243761
5.45985	-0.0071657
5.46009	-0.00137302
5.46034	0.00856164
5.46058	0.00841159
5.46082	-0.00282193
5.46107	-0.00954094
5.46131	-0.00192012
5.46156	0.00901207
5.4618	0.0075611
5.46205	-0.00384142
5.46229	-0.00988235
5.46254	-0.00504023
5.46278	0.0021548
5.46303	0.00511938
5.46327	0.00609101
5.46351	0.00685124
5.46376	0.0051619
5.464	0.00230654
5.46425	0.00297896
5.46449	0.0057379
5.46474	0.00447837
5.46498	0.000892165
5.46523	0.00335238
5.46547	0.011231
5.46572	0.0137843
5.46596	0.00838593
5.46621	0.00537079
5.46645	0.00886443
5.46669	0.00809315
5.46694	-0.00307922
5.46718	-0.012475
5.46743	-0.00761515
5.46767	0.00468397
5.46792	0.0100083
5.46816	0.00732721
5.46841	0.0045124
5.46865	0.00242557
5.4689	-0.00132329
5.46914	-0.00106842
5.46939	0.00771669
5.46963	0.0143749
5.46987	0.00615431
5.47012	-0.00899473
5.47036	-0.0115153
5.47061	-1.16155e-05
5.47085	0.00768377
5.4711	0.00362173
5.47134	-0.000576764
5.47159	0.00274672
5.47183	0.00431729
5.47208	-0.00291608
5.47232	-0.00925262
5.47257	-0.00451422
5.47281	0.00502976
5.47305	0.00850621
5.4733	0.00785984
5.47354	0.0102286
5.47379	0.0121929
5.47403	0.0064576
5.47428	-0.00147125
5.47452	0.00163627
5.47477	0.0164278
5.47501	0.0287788
5.47526	0.0291
5.4755	0.0234154
5.47574	0.0226757
5.47599	0.0292854
5.47623	0.0377651
5.47648	0.0430119
5.47672	0.0441303
5.47697	0.0431648
5.47721	0.0427027
5.47746	0.0434356
5.4777	0.043355
5.47795	0.0404001
5.47819	0.0355538
5.47844	0.0320789
5.47868	0.0323246
5.47892	0.0358719
5.47917	0.0392822
5.47941	0.0375272
5.47966	0.0287485
5.4799	0.0183704
5.48015	0.0144326
5.48039	0.0174205
5.48064	0.0195773
5.48088	0.0163469
5.48113	0.0122408
5.48137	0.0115073
5.48162	0.0101441
5.48186	0.00408663
5.4821	-0.000802773
5.48235	0.00359715
5.48259	0.0135051
5.48284	0.0168791
5.48308	0.0102343
5.48333	0.00229251
5.48357	0.000530484
5.48382	0.00310656
5.48406	0.00549011
5.48431	0.00656576
5.48455	0.00597768
5.4848	0.00320943
5.48504	0.00152108
5.48528	0.00520202
5.48553	0.0109323
5.48577	0.0102539
5.48602	0.00286858
5.48626	-0.00203256
5.48651	-0.000771846
5.48675	-0.000380486
5.487	-0.00354288
5.48724	-0.00106085
5.48749	0.0114004
5.48773	0.0207471
5.48797	0.0138402
5.48822	-0.00135846
5.48846	-0.00692941
5.48871	-0.00103609
5.48895	0.00336671
5.4892	0.00174025
5.48944	0.0017669
5.48969	0.00453733
5.48993	0.000936567
5.49018	-0.00921913
5.49042	-0.0120907
5.49067	-0.00136168
5.49091	0.0102562
5.49115	0.0101504
5.4914	0.00326568
5.49164	0.000361758
5.49189	0.000738544
5.49213	-0.00147671
5.49238	-0.0037814
5.49262	-0.00105181
5.49287	0.00265625
5.49311	0.00107233
5.49336	-0.00148753
5.4936	0.0025788
5.49385	0.00891993
5.49409	0.00713384
5.49433	-0.00114439
5.49458	-0.00417594
5.49482	0.000637773
5.49507	0.00351124
5.49531	-0.000116047
5.49556	-0.00207247
5.4958	0.00395283
5.49605	0.011072
5.49629	0.00883028
5.49654	-0.0025681
5.49678	-0.0132035
5.49703	-0.0146869
5.49727	-0.0072242
5.49751	0.00169029
5.49776	0.00430712
5.498	0.000663476
5.49825	-0.00124948
5.49849	0.00397698
5.49874	0.0115222
5.49898	0.0135327
5.49923	0.00987684
5.49947	0.00536326
5.49972	0.000616152
5.49996	-0.00608292
5.5002	-0.0112801
5.50045	-0.0100286
5.50069	-0.00480865
5.50094	-0.00173444
5.50118	-0.000407815
5.50143	0.0030079
5.50167	0.0057958
5.50192	0.00268126
5.50216	-0.0031036
5.50241	-0.00452232
5.50265	-0.0035553
5.5029	-0.00641302
5.50314	-0.0094421
5.50338	-0.00493915
5.50363	0.00226812
5.50387	0.00180966
5.50412	-0.00138214
5.50436	0.00552345
5.50461	0.0160118
5.50485	0.0100065
5.5051	-0.00976234
5.50534	-0.0158806
5.50559	-4.05488e-05
5.50583	0.0112519
5.50608	0.000507857
5.50632	-0.0111046
5.50656	-0.00129721
5.50681	0.0133289
5.50705	0.00571607
5.5073	-0.0143281
5.50754	-0.0172118
5.50779	-0.004294
5.50803	-0.00288598
5.50828	-0.0163753
5.50852	-0.0187484
5.50877	-0.00150521
5.50901	0.0110531
5.50926	0.00305139
5.5095	-0.00896634
5.50974	-0.00718021
5.50999	0.000294625
5.51023	-5.92767e-05
5.51048	-0.00326128
5.51072	-0.0010865
5.51097	-0.0012624
5.51121	-0.0112183
5.51146	-0.0184974
5.5117	-0.00864577
5.51195	0.00858141
5.51219	0.0116457
5.51243	-0.00137413
5.51268	-0.0128978
5.51292	-0.0128327
5.51317	-0.00768462
5.51341	-0.00463431
5.51366	-0.00266482
5.5139	-0.000358892
5.51415	0.000509199
5.51439	0.000945843
5.51464	0.00434175
5.51488	0.0091777
5.51513	0.0105467
5.51537	0.00890011
5.51561	0.0092354
5.51586	0.0120192
5.5161	0.012869
5.51635	0.0109143
5.51659	0.00959303
5.51684	0.00933514
5.51708	0.00734907
5.51733	0.00490672
5.51757	0.00680873
5.51782	0.012298
5.51806	0.0140603
5.51831	0.00871397
5.51855	0.00205306
5.51879	0.000917508
5.51904	0.00460752
5.51928	0.00712385
5.51953	0.00455238
5.51977	-0.00163033
5.52002	-0.00595033
5.52026	-0.0029961
5.52051	0.0070046
5.52075	0.0166409
5.521	0.0184625
5.52124	0.0131919
5.52149	0.00733521
5.52173	0.00390251
5.52197	0.000670377
5.52222	-0.00279749
5.52246	-0.00279638
5.52271	0.00206606
5.52295	0.0072648
5.5232	0.00769604
5.52344	0.00277635
5.52369	-0.0052413
5.52393	-0.0134133
5.52418	-0.016692
5.52442	-0.00993521
5.52466	0.00461276
5.52491	0.016023
5.52515	0.0156857
5.5254	0.00707607
5.52564	0.000291243
5.52589	-0.000677405
5.52613	-0.000208994
5.52638	-0.00213045
5.52662	-0.00441667
5.52687	-0.00380387
5.52711	-0.00115769
5.52736	0.000116847
5.5276	-0.00132745
5.52784	-0.00379485
5.52809	-0.00515822
5.52833	-0.00517794
5.52858	-0.00535712
5.52882	-0.00661649
5.52907	-0.00738851
5.52931	-0.00534294
5.52956	-0.00127811
5.5298	0.00130387
5.53005	0.00186257
5.53029	0.00448785
5.53054	0.0105929
5.53078	0.0137702
5.53102	0.00790925
5.53127	-0.00200933
5.53151	-0.00520874
5.53176	-0.000890764
5.532	0.000586209
5.53225	-0.0052059
5.53249	-0.00868055
5.53274	-0.00177524
5.53298	0.00732254
5.53323	0.00542916
5.53347	-0.00514493
5.53372	-0.00973679
5.53396	-0.00352723
5.5342	0.00221917
5.53445	-0.00130911
5.53469	-0.00745564
5.53494	-0.00604724
5.53518	0.000639579
5.53543	0.00282557
5.53567	-0.00103264
5.53592	-0.0031841
5.53616	0.000145024
5.53641	0.00343375
5.53665	0.00174142
5.53689	-0.00129736
5.53714	5.68911e-05
5.53738	0.00365579
5.53763	0.00234173
5.53787	-0.00401921
5.53812	-0.00623332
5.53836	0.00122405
5.53861	0.0103203
5.53885	0.00938944
5.5391	0.000388487
5.53934	-0.00295307
5.53959	0.00454991
5.53983	0.0113292
5.54007	0.00679852
5.54032	-0.00229166
5.54056	-0.0030841
5.54081	0.00295525
5.54105	0.00380324
5.5413	-0.00258038
5.54154	-0.00602938
5.54179	-0.0026689
5.54203	-0.000734083
5.54228	-0.00414864
5.54252	-0.00460924
5.54277	0.0026987
5.54301	0.00806411
5.54325	0.0020106
5.5435	-0.00859209
5.54374	-0.0107411
5.54399	-0.0047155
5.54423	-0.00119274
5.54448	-0.00328009
5.54472	-0.00377842
5.54497	0.000819202
5.54521	0.00486159
5.54546	0.0035162
5.5457	-0.00051915
5.54595	-0.00258648
5.54619	-0.00183475
5.54643	0.000672647
5.54668	0.00437594
5.54692	0.00774665
5.54717	0.00843858
5.54741	0.00666429
5.54766	0.00545157
5.5479	0.00622728
5.54815	0.00639286
5.54839	0.0025793
5.54864	-0.00453684
5.54888	-0.00954601
5.54913	-0.00767323
5.54937	-0.00183253
5.54961	-0.00141803
5.54986	-0.00968223
5.5501	-0.0153656
5.55035	-0.00543579
5.55059	0.014301
5.55084	0.0226373
5.55108	0.0106049
5.55133	-0.00595518
5.55157	-0.00854397
5.55182	0.000375018
5.55206	0.00634559
5.5523	0.00594736
5.55255	0.00693519
5.55279	0.0109948
5.55304	0.0114396
5.55328	0.00702272
5.55353	0.00471611
5.55377	0.00736786
5.55402	0.00940331
5.55426	0.00677148
5.55451	0.00227614
5.55475	-0.000638893
5.555	-0.00186064
5.55524	-0.00148277
5.55548	0.000409729
5.55573	0.00100267
5.55597	-0.00149202
5.55622	-0.00284686
5.55646	0.000957733
5.55671	0.00502276
5.55695	0.00223811
5.5572	-0.00382201
5.55744	-0.00356374
5.55769	0.00277707
5.55793	0.00617495
5.55818	0.00495869
5.55842	0.00639332
5.55866	0.0113941
5.55891	0.0123125
5.55915	0.00866862
5.5594	0.00964413
5.55964	0.0160008
5.55989	0.0155152
5.56013	0.00430543
5.56038	-0.00317862
5.56062	0.00324178
5.56087	0.011326
5.56111	0.00552081
5.56136	-0.00745775
5.5616	-0.00946865
5.56184	0.000403258
5.56209	0.00669092
5.56233	0.00355867
5.56258	0.00131584
5.56282	0.00602651
5.56307	0.0099183
5.56331	0.00698574
5.56356	0.00366646
5.5638	0.00650333
5.56405	0.0104183
5.56429	0.00815287
5.56453	0.00320003
5.56478	0.00371882
5.56502	0.00857472
5.56527	0.00912964
5.56551	0.00313989
5.56576	-0.00178582
5.566	0.000389561
5.56625	0.00600272
5.56649	0.00782739
5.56674	0.00507395
5.56698	0.00366108
5.56723	0.0082249
5.56747	0.016801
5.56771	0.0232868
5.56796	0.023471
5.5682	0.0185516
5.56845	0.0137677
5.56869	0.0136157
5.56894	0.0176274
5.56918	0.020987
5.56943	0.0198938
5.56967	0.0156365
5.56992	0.0123246
5.57016	0.0118571
5.57041	0.0133438
5.57065	0.0163163
5.57089	0.0207005
5.57114	0.0236261
5.57138	0.0211312
5.57163	0.0150042
5.57187	0.0131657
5.57212	0.0196488
5.57236	0.0281111
5.57261	0.0300025
5.57285	0.0261294
5.5731	0.0243721
5.57334	0.0273652
5.57359	0.028641
5.57383	0.0221142
5.57407	0.0111936
5.57432	0.00638866
5.57456	0.0148372
5.57481	0.031821
5.57505	0.0425658
5.5753	0.0359774
5.57554	0.0185683
5.57579	0.00982741
5.57603	0.0196276
5.57628	0.0357042
5.57652	0.0402735
5.57676	0.0338257
5.57701	0.0321919
5.57725	0.0423007
5.5775	0.0529484
5.57774	0.0519489
5.57799	0.0420368
5.57823	0.03457
5.57848	0.0347071
5.57872	0.0385043
5.57897	0.0403138
5.57921	0.0385499
5.57946	0.0366823
5.5797	0.040431
5.57994	0.0510156
5.58019	0.0610307
5.58043	0.0618872
5.58068	0.0554807
5.58092	0.0522518
5.58117	0.0568769
5.58141	0.06307
5.58166	0.0643367
5.5819	0.06211
5.58215	0.0603498
5.58239	0.0601405
5.58264	0.0635688
5.58288	0.0744137
5.58312	0.0893389
5.58337	0.0968131
5.58361	0.092503
5.58386	0.0883825
5.5841	0.0970342
5.58435	0.112765
5.58459	0.119638
5.58484	0.114935
5.58508	0.112099
5.58533	0.120144
5.58557	0.13236
5.58582	0.139518
5.58606	0.144148
5.5863	0.154525
5.58655	0.170826
5.58679	0.185292
5.58704	0.193571
5.58728	0.198956
5.58753	0.205817
5.58777	0.214833
5.58802	0.225942
5.58826	0.240844
5.58851	0.259584
5.58875	0.278167
5.58899	0.293288
5.58924	0.307182
5.58948	0.323701
5.58973	0.341592
5.58997	0.357151
5.59022	0.37258
5.59046	0.394407
5.59071	0.422171
5.59095	0.44688
5.5912	0.465145
5.59144	0.487037
5.59169	0.522763
5.59193	0.568247
5.59217	0.613372
5.59242	0.659624
5.59266	0.718029
5.59291	0.791945
5.59315	0.874426
5.5934	0.963248
5.59364	1.06631
5.59389	1.18953
5.59413	1.33148
5.59438	1.49488
5.59462	1.69205
5.59487	1.93175
5.59511	2.21015
5.59535	2.52355
5.5956	2.88202
5.59584	3.30083
5.59609	3.78355
5.59633	4.32211
5.59658	4.90737
5.59682	5.528
5.59707	6.16056
5.59731	6.77095
5.59756	7.32704
5.5978	7.80427
5.59805	8.18103
5.59829	8.43777
5.59853	8.5624
5.59878	8.55126
5.59902	8.40528
5.59927	8.13158
5.59951	7.74809
5.59976	7.27798
5.6	6.73619
5.60025	6.12782
5.60049	5.46399
5.60074	4.77439
5.60098	4.09885
5.60122	3.46841
5.60147	2.89838
5.60171	2.39666
5.60196	1.97103
5.6022	1.62465
5.60245	1.3491
5.60269	1.1287
5.60294	0.952691
5.60318	0.818189
5.60343	0.718974
5.60367	0.63871
5.60392	0.562795
5.60416	0.492994
5.6044	0.440488
5.60465	0.405319
5.60489	0.373838
5.60514	0.338158
5.60538	0.305482
5.60563	0.282318
5.60587	0.261913
5.60612	0.237345
5.60636	0.216205
5.60661	0.20833
5.60685	0.206529
5.6071	0.195967
5.60734	0.178786
5.60758	0.17115
5.60783	0.175326
5.60807	0.173728
5.60832	0.156312
5.60856	0.136088
5.60881	0.127337
5.60905	0.123992
5.6093	0.113682
5.60954	0.100828
5.60979	0.0980822
5.61003	0.102396
5.61028	0.0991784
5.61052	0.0879665
5.61076	0.0840742
5.61101	0.0918014
5.61125	0.0949932
5.6115	0.0826364
5.61174	0.0678101
5.61199	0.0683308
5.61223	0.0797206
5.61248	0.0824779
5.61272	0.0703919
5.61297	0.0567448
5.61321	0.0537489
5.61345	0.0588768
5.6137	0.0631639
5.61394	0.0623316
5.61419	0.0565509
5.61443	0.047644
5.61468	0.0402087
5.61492	0.0392148
5.61517	0.0434754
5.61541	0.0466247
5.61566	0.0460607
5.6159	0.0451084
5.61615	0.0451788
5.61639	0.0429314
5.61663	0.0374568
5.61688	0.0329425
5.61712	0.0309824
5.61737	0.0275417
5.61761	0.0213905
5.61786	0.0181717
5.6181	0.0212217
5.61835	0.0255812
5.61859	0.0266513
5.61884	0.0274559
5.61908	0.0307343
5.61933	0.0315077
5.61957	0.025963
5.61981	0.020663
5.62006	0.0225171
5.6203	0.025557
5.62055	0.0200393
5.62079	0.0106962
5.62104	0.0115427
5.62128	0.023048
5.62153	0.029439
5.62177	0.0223602
5.62202	0.0136208
5.62226	0.0170774
5.62251	0.0285175
5.62275	0.0334501
5.62299	0.028317
5.62324	0.0232422
5.62348	0.0257694
5.62373	0.0313677
5.62397	0.0316751
5.62422	0.025491
5.62446	0.0180448
5.62471	0.0132047
5.62495	0.0108063
5.6252	0.0104182
5.62544	0.0129691
5.62569	0.0173001
5.62593	0.0194015
5.62617	0.0182858
5.62642	0.0184551
5.62666	0.0214603
5.62691	0.0196466
5.62715	0.00724493
5.6274	-0.00548568
5.62764	-0.00237192
5.62789	0.0133671
5.62813	0.0192444
5.62838	0.00523757
5.62862	-0.0098868
5.62886	-0.00533123
5.62911	0.0120524
5.62935	0.020494
5.6296	0.015715
5.62984	0.0117916
5.63009	0.0148769
5.63033	0.0159953
5.63058	0.010199
5.63082	0.00491163
5.63107	0.005555
5.63131	0.00756538
5.63156	0.00721031
5.6318	0.00800424
5.63204	0.0119275
5.63229	0.0147724
5.63253	0.01403
5.63278	0.012198
5.63302	0.00997897
5.63327	0.00541141
5.63351	0.000863821
5.63376	0.00115353
5.634	0.00451941
5.63425	0.00596408
5.63449	0.00810139
5.63474	0.015488
5.63498	0.0201206
5.63522	0.0100536
5.63547	-0.00670931
5.63571	-0.00727051
5.63596	0.0118561
5.6362	0.0260794
5.63645	0.0179196
5.63669	0.00147219
5.63694	-0.00138069
5.63718	0.00801932
5.63743	0.0139139
5.63767	0.0120558
5.63792	0.00912778
5.63816	0.00614626
5.6384	-0.000206379
5.63865	-0.00608986
5.63889	-0.0055869
5.63914	-0.00233529
5.63938	-0.00311798
5.63963	-0.00523926
5.63987	-0.00254164
5.64012	0.00206846
5.64036	0.00263944
5.64061	0.00249781
5.64085	0.00733474
5.64109	0.011893
5.64134	0.00763705
5.64158	-0.00115626
5.64183	-0.00336528
5.64207	0.000973008
5.64232	0.0030391
5.64256	0.00195888
5.64281	0.00391519
5.64305	0.00715923
5.6433	0.00399649
5.64354	-0.00281637
5.64379	-0.00165782
5.64403	0.00850649
5.64427	0.0152627
5.64452	0.0121827
5.64476	0.00725976
5.64501	0.00784524
5.64525	0.00965616
5.6455	0.00618037
5.64574	-0.000860605
5.64599	-0.00545728
5.64623	-0.00435904
5.64648	0.0022883
5.64672	0.0101149
5.64697	0.0101598
5.64721	-0.00146107
5.64745	-0.0135527
5.6477	-0.0104622
5.64794	0.00627668
5.64819	0.0187556
5.64843	0.0171764
5.64868	0.0108075
5.64892	0.0105361
5.64917	0.0135788
5.64941	0.0125049
5.64966	0.00834345
5.6499	0.00626582
5.65015	0.00644842
5.65039	0.00685497
5.65063	0.0081959
5.65088	0.00978085
5.65112	0.00745449
5.65137	0.00157491
5.65161	-0.000629465
5.65186	0.00312761
5.6521	0.0044221
5.65235	-0.00223398
5.65259	-0.00859784
5.65284	-0.00532013
5.65308	0.00201417
5.65332	0.00152599
5.65357	-0.00518743
5.65381	-0.00527214
5.65406	0.004674
5.6543	0.0130994
5.65455	0.0109381
5.65479	0.00358251
5.65504	0.000846013
5.65528	0.00345582
5.65553	0.00556594
5.65577	0.00501975
5.65602	0.00432997
5.65626	0.00410363
5.6565	0.00186983
5.65675	-0.00240859
5.65699	-0.00435675
5.65724	-0.000708656
5.65748	0.00576852
5.65773	0.00939214
5.65797	0.00851798
5.65822	0.00671635
5.65846	0.0069046
5.65871	0.00740883
5.65895	0.00548559
5.6592	0.0020473
5.65944	2.63286e-05
5.65968	0.000119668
5.65993	0.0014376
5.66017	0.00427617
5.66042	0.00781803
5.66066	0.00703114
5.66091	-0.00167286
5.66115	-0.0120485
5.6614	-0.0129008
5.66164	-0.00344123
5.66189	0.0038681
5.66213	9.5362e-05
5.66238	-0.0076114
5.66262	-0.00690198
5.66286	0.00183768
5.66311	0.00728731
5.66335	0.00422372
5.6636	-0.000835495
5.66384	-0.0016817
5.66409	-0.00111876
5.66433	-0.00380212
5.66458	-0.00721341
5.66482	-0.00568666
5.66507	0.000174221
5.66531	0.00414929
5.66555	0.00343149
5.6658	0.00178391
5.66604	0.00295266
5.66629	0.00529578
5.66653	0.00538962
5.66678	0.00410023
5.66702	0.00523358
5.66727	0.00869786
5.66751	0.0089521
5.66776	0.00232297
5.668	-0.00652822
5.66825	-0.0088739
5.66849	-0.00246111
5.66873	0.00545259
5.66898	0.0067334
5.66922	0.00160071
5.66947	-0.00285425
5.66971	-0.00170252
5.66996	0.00287878
5.6702	0.00527191
5.67045	0.00271532
5.67069	-0.00228319
5.67094	-0.00438066
5.67118	-0.000150525
5.67143	0.00827694
5.67167	0.0143981
5.67191	0.0133123
5.67216	0.00617271
5.6724	-0.00226308
5.67265	-0.00882417
5.67289	-0.0123568
5.67314	-0.0111177
5.67338	-0.00467549
5.67363	0.00200247
5.67387	0.00232424
5.67412	-0.00244639
5.67436	-0.00371836
5.67461	0.00131382
5.67485	0.00408943
5.67509	-0.00191616
5.67534	-0.00891825
5.67558	-0.00530999
5.67583	0.00582168
5.67607	0.0102937
5.67632	0.00400462
5.67656	-0.0018824
5.67681	0.000575608
5.67705	0.00461914
5.6773	0.00172749
5.67754	-0.00440092
5.67778	-0.00522191
5.67803	-0.00102031
5.67827	0.0017539
5.67852	0.00106551
5.67876	-0.00168047
5.67901	-0.00806807
5.67925	-0.0184555
5.6795	-0.0249102
5.67974	-0.0188494
5.67999	-0.00453274
5.68023	0.00442104
5.68048	0.00199417
5.68072	-0.00479379
5.68096	-0.00728663
5.68121	-0.00433768
5.68145	0.00023096
5.6817	0.00222234
5.68194	-0.0013267
5.68219	-0.00888814
5.68243	-0.0131148
5.68268	-0.00878428
5.68292	-0.000603906
5.68317	0.00340631
5.68341	0.00355051
5.68366	0.00491669
5.6839	0.0052603
5.68414	-0.00196339
5.68439	-0.0132696
5.68463	-0.0167042
5.68488	-0.0097151
5.68512	-0.00300776
5.68537	-0.00306622
5.68561	-0.00313168
5.68586	0.00298097
5.6861	0.00983088
5.68635	0.0102525
5.68659	0.00620358
5.68684	0.00199129
5.68708	-0.00395301
5.68732	-0.0118775
5.68757	-0.0139027
5.68781	-0.00477751
5.68806	0.00679313
5.6883	0.00808322
5.68855	-0.000314467
5.68879	-0.00663921
5.68904	-0.00466563
5.68928	0.00070289
5.68953	0.00323784
5.68977	0.00253661
5.69001	0.000841364
5.69026	-0.00121995
5.6905	-0.00408093
5.69075	-0.00714964
5.69099	-0.00802999
5.69124	-0.00399623
5.69148	0.00367208
5.69173	0.00803396
5.69197	0.00418366
5.69222	-0.00217288
5.69246	-0.00106777
5.69271	0.00678163
5.69295	0.0106327
5.69319	0.00678848
5.69344	0.0037053
5.69368	0.00603993
5.69393	0.00584475
5.69417	-0.0028714
5.69442	-0.011952
5.69466	-0.0112389
5.69491	-0.00404103
5.69515	-0.000377261
5.6954	-0.00230236
5.69564	-0.00576603
5.69589	-0.00979969
5.69613	-0.0137028
5.69637	-0.0121153
5.69662	-0.00347433
5.69686	0.00311273
5.69711	-3.64401e-05
5.69735	-0.00686096
5.6976	-0.00773998
5.69784	-0.00428001
5.69809	-0.0024682
5.69833	-9.06935e-05
5.69858	0.00509012
5.69882	0.00397744
5.69907	-0.00950046
5.69931	-0.0207146
5.69955	-0.0119254
5.6998	0.00743133
5.70004	0.0113189
5.70029	-0.0034227
5.70053	-0.01297
5.70078	-0.00491536
5.70102	0.00468469
5.70127	0.00107733
5.70151	-0.00632319
5.70176	-0.00426222
5.702	0.00154147
5.70225	0.000573681
5.70249	-0.00173365
5.70273	0.00406985
5.70298	0.0109695
5.70322	0.00632424
5.70347	-0.00481625
5.70371	-0.00641501
5.70396	0.00285812
5.7042	0.00877197
5.70445	0.00498974
5.70469	0.000264354
5.70494	0.000712782
5.70518	0.000787411
5.70542	-0.00319441
5.70567	-0.00397743
5.70591	0.00423694
5.70616	0.0136604
5.7064	0.0124176
5.70665	0.00140324
5.70689	-0.00677301
5.70714	-0.00435837
5.70738	0.00290351
5.70763	0.00491378
5.70787	2.65525e-05
5.70812	-0.00478872
5.70836	-0.00429773
5.7086	-0.000755362
5.70885	0.00154563
5.70909	0.00280013
5.70934	0.0049558
5.70958	0.00576428
5.70983	0.00150107
5.71007	-0.00544767
5.71032	-0.00814099
5.71056	-0.00487795
5.71081	-0.00113498
5.71105	-0.000140202
5.7113	0.00182559
5.71154	0.0075639
5.71178	0.0128581
5.71203	0.0131254
5.71227	0.011169
5.71252	0.0127075
5.71276	0.0177691
5.71301	0.0219236
5.71325	0.0232908
5.7135	0.0230469
5.71374	0.0213028
5.71399	0.018035
5.71423	0.0168184
5.71448	0.0220987
5.71472	0.032495
5.71496	0.0407919
5.71521	0.0412067
5.71545	0.0344387
5.7157	0.0262141
5.71594	0.022843
5.71619	0.0266455
5.71643	0.0332497
5.71668	0.0350891
5.71692	0.0300142
5.71717	0.0241833
5.71741	0.0236628
5.71765	0.026065
5.7179	0.0244024
5.71814	0.0165995
5.71839	0.0066784
5.71863	-0.00117084
5.71888	-0.00465757
5.71912	-0.00193615
5.71937	0.00564522
5.71961	0.0107666
5.71986	0.00712965
5.7201	-0.000861183
5.72035	-0.00243925
5.72059	0.00495226
5.72083	0.0129205
5.72108	0.0152707
5.72132	0.0152406
5.72157	0.0161334
5.72181	0.0137602
5.72206	0.00487875
5.7223	-0.00408638
5.72255	-0.00522234
5.72279	-0.00108875
5.72304	0.000194301
5.72328	-0.00210437
5.72353	-0.00273448
5.72377	-0.00192074
5.72401	-0.00452464
5.72426	-0.00864649
5.7245	-0.00676183
5.72475	0.00025834
5.72499	0.00209579
5.72524	-0.00433306
5.72548	-0.00877258
5.72573	-0.00410517
5.72597	0.00230163
5.72622	0.00196397
5.72646	-0.000620958
5.72671	0.00176495
5.72695	0.00384232
5.72719	-0.00316414
5.72744	-0.0134396
5.72768	-0.0132796
5.72793	-0.00341236
5.72817	0.00153024
5.72842	-0.00328332
5.72866	-0.00570011
5.72891	0.00244743
5.72915	0.0117644
5.7294	0.010391
5.72964	0.00124875
5.72988	-0.00475012
5.73013	-0.00417159
5.73037	-0.000864646
5.73062	0.00303882
5.73086	0.0070709
5.73111	0.00810065
5.73135	0.00425719
5.7316	0.000193798
5.73184	0.00155148
5.73209	0.00628387
5.73233	0.0069522
5.73258	9.76118e-05
5.73282	-0.0104038
5.73306	-0.0173197
5.73331	-0.0153437
5.73355	-0.0058448
5.7338	0.00226
5.73404	0.00127168
5.73429	-0.00465898
5.73453	-0.00440515
5.73478	0.00347457
5.73502	0.0080458
5.73527	0.00290875
5.73551	-0.0047114
5.73576	-0.00707362
5.736	-0.0071703
5.73624	-0.00940999
5.73649	-0.00966238
5.73673	-0.00425862
5.73698	0.000456732
5.73722	-0.00175741
5.73747	-0.00573707
5.73771	-0.00465198
5.73796	-0.00262373
5.7382	-0.00569354
5.73845	-0.00872386
5.73869	-0.00499202
5.73894	-0.000776926
5.73918	-0.00488691
5.73942	-0.0107647
5.73967	-0.00636377
5.73991	0.00376101
5.74016	0.0050759
5.7404	-0.00219095
5.74065	-0.0051487
5.74089	-0.00288103
5.74114	-0.00708452
5.74138	-0.0173753
5.74163	-0.0190813
5.74187	-0.0100127
5.74211	-0.0066725
5.74236	-0.0158976
5.7426	-0.022076
5.74285	-0.013562
5.74309	-0.00202887
5.74334	-0.00198435
5.74358	-0.00822051
5.74383	-0.00844365
5.74407	-0.00350338
5.74432	0.000306047
5.74456	0.00588003
5.74481	0.0161513
5.74505	0.0217807
5.74529	0.0145148
5.74554	0.00328487
5.74578	0.000868082
5.74603	0.00348493
5.74627	0.000502082
5.74652	-0.00411102
5.74676	0.00121525
5.74701	0.0131065
5.74725	0.0169484
5.7475	0.0100138
5.74774	0.00289855
5.74799	-8.33514e-06
5.74823	-0.00356961
5.74847	-0.00670086
5.74872	-0.00262738
5.74896	0.00488265
5.74921	0.00391407
5.74945	-0.00434827
5.7497	-0.00473586
5.74994	0.00695875
5.75019	0.0157283
5.75043	0.0110105
5.75068	0.0023951
5.75092	0.00249799
5.75117	0.0082738
5.75141	0.0103499
5.75165	0.00970504
5.7519	0.0133022
5.75214	0.0208515
5.75239	0.0263461
5.75263	0.0273684
5.75288	0.0249745
5.75312	0.0196079
5.75337	0.0133981
5.75361	0.0106805
5.75386	0.0110488
5.7541	0.00882675
5.75434	0.00380418
5.75459	0.0032289
5.75483	0.00793426
5.75508	0.00823349
5.75532	0.00165858
5.75557	0.00168738
5.75581	0.0165159
5.75606	0.0312303
5.7563	0.0273291
5.75655	0.0106914
5.75679	0.00146877
5.75704	0.00282844
5.75728	0.00107495
5.75752	-0.00599348
5.75777	-0.00463616
5.75801	0.00764869
5.75826	0.0135359
5.7585	0.00342042
5.75875	-0.00829204
5.75899	-0.00680045
5.75924	0.000205587
5.75948	-0.00148356
5.75973	-0.00755844
5.75997	-0.00428691
5.76022	0.00647881
5.76046	0.0105399
5.7607	0.00519072
5.76095	0.00135334
5.76119	0.00283334
5.76144	0.00119924
5.76168	-0.00612126
5.76193	-0.0090607
5.76217	-0.00221764
5.76242	0.00482756
5.76266	0.00270009
5.76291	-0.00324221
5.76315	-0.00296392
5.7634	0.00214752
5.76364	0.00361352
5.76388	0.000386542
5.76413	-0.00196588
5.76437	-0.00340123
5.76462	-0.00932982
5.76486	-0.0181841
5.76511	-0.0195629
5.76535	-0.00855927
5.7656	0.00566004
5.76584	0.0108551
5.76609	0.00634569
5.76633	0.00103183
5.76657	3.56651e-05
5.76682	4.48572e-05
5.76706	-0.00237104
5.76731	-0.00460078
5.76755	-0.00315205
5.7678	-0.000120527
5.76804	0.000415929
5.76829	-0.00023675
5.76853	0.00236289
5.76878	0.00682758
5.76902	0.00620156
5.76927	-0.000697959
5.76951	-0.00501771
5.76975	-5.4482e-05
5.77	0.00756678
5.77024	0.00619421
5.77049	-0.00409564
5.77073	-0.0112096
5.77098	-0.00744488
5.77122	0.00159728
5.77147	0.00653291
5.77171	0.00577621
5.77196	0.00387988
5.7722	0.00353352
5.77245	0.0038774
5.77269	0.00380361
5.77293	0.00294978
5.77318	0.00108774
5.77342	-0.000827386
5.77367	-0.000771926
5.77391	0.00138758
5.77416	0.00336423
5.7744	0.00436122
5.77465	0.00624425
5.77489	0.00873053
5.77514	0.00741655
5.77538	0.000278003
5.77563	-0.00704266
5.77587	-0.0070455
5.77611	0.000123366
5.77636	0.00697679
5.7766	0.00738471
5.77685	0.00156034
5.77709	-0.00613734
5.77734	-0.0103499
5.77758	-0.00682032
5.77783	0.00371157
5.77807	0.0132534
5.77832	0.0127813
5.77856	0.0026861
5.7788	-0.00625455
5.77905	-0.00469804
5.77929	0.00495271
5.77954	0.0128981
5.77978	0.0146376
5.78003	0.0147383
5.78027	0.0173142
5.78052	0.0181305
5.78076	0.0112834
5.78101	0.0010459
5.78125	-0.000813304
5.7815	0.00870784
5.78174	0.0182075
5.78198	0.0178137
5.78223	0.013569
5.78247	0.0168399
5.78272	0.0246437
5.78296	0.0234791
5.78321	0.0120899
5.78345	0.00600998
5.7837	0.0147995
5.78394	0.027646
5.78419	0.0298425
5.78443	0.0230987
5.78468	0.0189645
5.78492	0.020171
5.78516	0.020778
5.78541	0.0195594
5.78565	0.0201248
5.7859	0.0200642
5.78614	0.0129698
5.78639	0.00161986
5.78663	-0.00269431
5.78688	0.00385081
5.78712	0.01259
5.78737	0.0157221
5.78761	0.0147341
5.78786	0.0125506
5.7881	0.00779427
5.78834	0.00179584
5.78859	0.00138751
5.78883	0.00781405
5.78908	0.0114904
5.78932	0.00591736
5.78957	-0.000759403
5.78981	0.00208351
5.79006	0.00974206
5.7903	0.0083589
5.79055	-0.0035796
5.79079	-0.0121262
5.79104	-0.00763314
5.79128	0.00272448
5.79152	0.00606623
5.79177	-0.000253164
5.79201	-0.00856064
5.79226	-0.0112889
5.7925	-0.00687
5.79275	0.000929557
5.79299	0.00542394
5.79324	0.00154262
5.79348	-0.00861139
5.79373	-0.0168757
5.79397	-0.0179132
5.79421	-0.0139409
5.79446	-0.00866243
5.7947	-0.00154578
5.79495	0.00735898
5.79519	0.0117789
5.79544	0.00593064
5.79568	-0.00501731
5.79593	-0.00905657
5.79617	-0.00248356
5.79642	0.00592505
5.79666	0.00734895
5.79691	0.00290838
5.79715	-0.00136947
5.79739	-0.00317112
5.79764	-0.00333232
5.79788	-0.00186357
5.79813	0.000512163
5.79837	0.000630938
5.79862	-0.00264158
5.79886	-0.00551658
5.79911	-0.00520876
5.79935	-0.00491293
5.7996	-0.00767743
5.79984	-0.00937629
5.80009	-0.00472641
5.80033	0.00257382
5.80057	0.00382617
5.80082	-0.0015655
5.80106	-0.00516781
5.80131	-0.0023
5.80155	0.00202105
5.8018	0.00186424
5.80204	-0.0017274
5.80229	-0.00441355
5.80253	-0.00448282
5.80278	-0.00238231
5.80302	0.000735708
5.80327	0.00157045
5.80351	-0.00336443
5.80375	-0.0117883
5.804	-0.016239
5.80424	-0.0130413
5.80449	-0.00647206
5.80473	-0.00217243
5.80498	-0.00128178
5.80522	-0.00279267
5.80547	-0.00578069
5.80571	-0.0066949
5.80596	-0.00100021
5.8062	0.00854779
5.80644	0.0117183
5.80669	0.00403098
5.80693	-0.00570364
5.80718	-0.00719582
5.80742	-0.00264509
5.80767	-0.00149587
5.80791	-0.00541093
5.80816	-0.00731184
5.8084	-0.00388198
5.80865	-0.000450625
5.80889	-0.00228873
5.80914	-0.00768394
5.80938	-0.0118529
5.80962	-0.0129667
5.80987	-0.0116425
5.81011	-0.0075034
5.81036	0.000652843
5.8106	0.0112641
5.81085	0.0180053
5.81109	0.0138471
5.81134	-0.00020981
5.81158	-0.0120005
5.81183	-0.00943087
5.81207	0.00398426
5.81232	0.0112812
5.81256	0.00326398
5.8128	-0.00905775
5.81305	-0.00946437
5.81329	0.00152384
5.81354	0.00862611
5.81378	0.00331595
5.81403	-0.00642029
5.81427	-0.0091732
5.81452	-0.00448264
5.81476	0.000175049
5.81501	0.00115072
5.81525	0.00150204
5.8155	0.00375669
5.81574	0.00502374
5.81598	0.00119831
5.81623	-0.00623267
5.81647	-0.0107896
5.81672	-0.00910495
5.81696	-0.00556621
5.81721	-0.00609051
5.81745	-0.00951094
5.8177	-0.00985382
5.81794	-0.00629679
5.81819	-0.00464903
5.81843	-0.007547
5.81867	-0.00962316
5.81892	-0.00613015
5.81916	-0.00107025
5.81941	-0.00145863
5.81965	-0.00662013
5.8199	-0.00865976
5.82014	-0.00278045
5.82039	0.00675435
5.82063	0.0112812
5.82088	0.00670236
5.82112	-0.00228078
5.82137	-0.0070479
5.82161	-0.00473319
5.82185	-0.000846476
5.8221	-0.000233741
5.82234	5.01018e-05
5.82259	0.00334283
5.82283	0.00413746
5.82308	-0.00382077
5.82332	-0.0136002
5.82357	-0.0124252
5.82381	-0.00253452
5.82406	0.000302933
5.8243	-0.00836772
5.82455	-0.014578
5.82479	-0.00942252
5.82503	-0.00275382
5.82528	-0.00416035
5.82552	-0.00693617
5.82577	-0.00375795
5.82601	-0.00263355
5.82626	-0.0110483
5.8265	-0.0180195
5.82675	-0.0108565
5.82699	0.00159911
5.82724	0.00318795
5.82748	-0.00185269
5.82773	0.00140298
5.82797	0.00865636
5.82821	0.00283215
5.82846	-0.0124666
5.8287	-0.0145927
5.82895	-6.2086e-05
5.82919	0.00713935
5.82944	-0.00564649
5.82968	-0.0187166
5.82993	-0.0119878
5.83017	0.0039514
5.83042	0.00689663
5.83066	-0.0031976
5.8309	-0.00928803
5.83115	-0.00578465
5.83139	-0.00284168
5.83164	-0.00668188
5.83188	-0.0115412
5.83213	-0.0105882
5.83237	-0.00413883
5.83262	0.00262548
5.83286	0.00359164
5.83311	-0.00401065
5.83335	-0.0140917
5.8336	-0.0150298
5.83384	-0.00390698
5.83408	0.00780698
5.83433	0.00831513
5.83457	-0.000299946
5.83482	-0.00755539
5.83506	-0.00851536
5.83531	-0.00623318
5.83555	-0.00525983
5.8358	-0.00800441
5.83604	-0.0129191
5.83629	-0.0129308
5.83653	-0.00229857
5.83678	0.0118001
5.83702	0.0136298
5.83726	-0.000121721
5.83751	-0.0135068
5.83775	-0.0122274
5.838	-0.00162673
5.83824	0.00440555
5.83849	0.00283896
5.83873	-0.000216829
5.83898	-0.00224924
5.83922	-0.0042753
5.83947	-0.00444251
5.83971	-0.00200725
5.83996	-0.00196643
5.8402	-0.00661002
5.84044	-0.00929306
5.84069	-0.00575503
5.84093	-0.00317038
5.84118	-0.00715873
5.84142	-0.00927561
5.84167	-0.00104662
5.84191	0.0084358
5.84216	0.00521057
5.8424	-0.00618463
5.84265	-0.00971642
5.84289	-0.0032176
5.84313	0.00169998
5.84338	0.00159068
5.84362	0.0035759
5.84387	0.00736628
5.84411	0.00479273
5.84436	-0.00243531
5.8446	-0.00418003
5.84485	-0.00169812
5.84509	-0.00523405
5.84534	-0.0107741
5.84558	-0.00326109
5.84583	0.0130303
5.84607	0.0143529
5.84631	-0.00317262
5.84656	-0.0123186
5.8468	0.00183576
5.84705	0.0149591
5.84729	0.0024688
5.84754	-0.0187905
5.84778	-0.0170604
5.84803	0.00375148
5.84827	0.0129916
5.84852	0.00287465
5.84876	-0.0045347
5.84901	0.00254642
5.84925	0.0104696
5.84949	0.008467
5.84974	0.00383403
5.84998	0.00234361
5.85023	-0.00144052
5.85047	-0.00654443
5.85072	-0.00184963
5.85096	0.0107729
5.85121	0.012189
5.85145	-0.00387353
5.8517	-0.0179301
5.85194	-0.015075
5.85219	-0.00720591
5.85243	-0.00893238
5.85267	-0.0115594
5.85292	-0.00167594
5.85316	0.0110485
5.85341	0.00854313
5.85365	-0.00471765
5.8539	-0.00993339
5.85414	-0.00572433
5.85439	-0.00717883
5.85463	-0.0168203
5.85488	-0.020715
5.85512	-0.0140619
5.85536	-0.00848942
5.85561	-0.0104806
5.85585	-0.0121944
5.8561	-0.00853116
5.85634	-0.00565349
5.85659	-0.00700754
5.85683	-0.00701157
5.85708	-0.00431713
5.85732	-0.00597155
5.85757	-0.0124635
5.85781	-0.0139326
5.85806	-0.00794034
5.8583	-0.00562484
5.85854	-0.012181
5.85879	-0.0165359
5.85903	-0.0102404
5.85928	-0.00199906
5.85952	-0.0018086
5.85977	-0.00427931
5.86001	-0.00114401
5.86026	0.00194867
5.8605	-0.00341125
5.86075	-0.0104174
5.86099	-0.00702253
5.86124	0.00292922
5.86148	0.0053692
5.86172	-0.00140821
5.86197	-0.00591727
5.86221	-0.00302192
5.86246	0.000953813
5.8627	0.00208259
5.86295	0.00333861
5.86319	0.00423408
5.86344	-0.000618956
5.86368	-0.00988983
5.86393	-0.0139902
5.86417	-0.00862339
5.86442	-0.000457331
5.86466	0.00364425
5.8649	0.0044462
5.86515	0.00452067
5.86539	0.00275801
5.86564	-0.00154785
5.86588	-0.00521866
5.86613	-0.00514257
5.86637	-0.00183609
5.86662	0.00210595
5.86686	0.0038853
5.86711	0.00187937
5.86735	-0.00117464
5.8676	0.000428618
5.86784	0.0059514
5.86808	0.00568379
5.86833	-0.00435115
5.86857	-0.011603
5.86882	-0.00308919
5.86906	0.0123853
5.86931	0.0138004
5.86955	-0.00108603
5.8698	-0.0114475
5.87004	-0.00359589
5.87029	0.0111648
5.87053	0.0163246
5.87077	0.0127604
5.87102	0.0104871
5.87126	0.00964473
5.87151	0.00358505
5.87175	-0.00561534
5.872	-0.00829719
5.87224	-0.00218643
5.87249	0.00413623
5.87273	0.00311343
5.87298	-0.00353131
5.87322	-0.00909529
5.87347	-0.00961834
5.87371	-0.00670783
5.87395	-0.00494881
5.8742	-0.00602656
5.87444	-0.00534683
5.87469	0.00201343
5.87493	0.0118213
5.87518	0.0133708
5.87542	0.00407396
5.87567	-0.00537903
5.87591	-0.00494238
5.87616	0.00177722
5.8764	0.00427689
5.87665	-0.000117902
5.87689	-0.00517276
5.87713	-0.00609491
5.87738	-0.00403247
5.87762	-0.00183571
5.87787	-0.00130274
5.87811	-0.0038729
5.87836	-0.00887704
5.8786	-0.0114214
5.87885	-0.00670529
5.87909	0.00299817
5.87934	0.00929959
5.87958	0.0067751
5.87983	-0.000981212
5.88007	-0.00541967
5.88031	-0.00230748
5.88056	0.00400456
5.8808	0.00639016
5.88105	0.00443552
5.88129	0.00469419
5.88154	0.00958947
5.88178	0.0111053
5.88203	0.0015695
5.88227	-0.0129025
5.88252	-0.0184676
5.88276	-0.0119133
5.883	-0.00348734
5.88325	-0.00104055
5.88349	-0.00189506
5.88374	-0.00267212
5.88398	-0.00551861
5.88423	-0.0094113
5.88447	-0.00665431
5.88472	0.00411269
5.88496	0.0113336
5.88521	0.00637198
5.88545	-0.00268957
5.8857	-0.00374514
5.88594	0.000449162
5.88618	-0.00132194
5.88643	-0.0090089
5.88667	-0.0120949
5.88692	-0.00787483
5.88716	-0.00500014
5.88741	-0.00799263
5.88765	-0.0106281
5.8879	-0.00750095
5.88814	-0.00194251
5.88839	0.000856363
5.88863	0.000315587
5.88888	-0.00241183
5.88912	-0.00610582
5.88936	-0.00681228
5.88961	-0.00192404
5.88985	0.00194446
5.8901	-0.00464166
5.89034	-0.0173602
5.89059	-0.020017
5.89083	-0.00826229
5.89108	0.00133622
5.89132	-0.00457773
5.89157	-0.0146735
5.89181	-0.00986698
5.89206	0.00624337
5.8923	0.0119994
5.89254	0.000964477
5.89279	-0.00871726
5.89303	-0.00357379
5.89328	0.00427496
5.89352	-0.00217955
5.89377	-0.0159798
5.89401	-0.0156066
5.89426	0.00182754
5.8945	0.015466
5.89475	0.0109607
5.89499	-0.000995959
5.89523	-0.00386099
5.89548	0.00143497
5.89572	0.00454789
5.89597	0.00620852
5.89621	0.0140714
5.89646	0.0232289
5.8967	0.0193116
5.89695	0.00235354
5.89719	-0.00943565
5.89744	-0.00541585
5.89768	0.00282975
5.89793	0.000987025
5.89817	-0.00718568
5.89841	-0.0098506
5.89866	-0.00668037
5.8989	-0.00458474
5.89915	-0.00236922
5.89939	0.00451454
5.89964	0.00940463
5.89988	0.00189405
5.90013	-0.0121314
5.90037	-0.0155693
5.90062	-0.00622197
5.90086	-9.82406e-05
5.90111	-0.00469368
5.90135	-0.00730313
5.90159	0.00179515
5.90184	0.0118181
5.90208	0.00987752
5.90233	0.00256626
5.90257	0.00335559
5.90282	0.00924091
5.90306	0.00794236
5.90331	0.00125899
5.90355	0.00157636
5.9038	0.0078159
5.90404	0.00511306
5.90429	-0.00941931
5.90453	-0.0196565
5.90477	-0.015263
5.90502	-0.00654714
5.90526	-0.00549898
5.90551	-0.00698306
5.90575	-0.00118648
5.906	0.00690792
5.90624	0.00520007
5.90649	-0.00530301
5.90673	-0.0122595
5.90698	-0.0102549
5.90722	-0.00464992
5.90746	0.000208772
5.90771	0.00423379
5.90795	0.00474941
5.9082	-0.000844967
5.90844	-0.00574504
5.90869	-0.000318058
5.90893	0.0104157
5.90918	0.00974417
5.90942	-0.00580734
5.90967	-0.0181874
5.90991	-0.012407
5.91016	0.00237256
5.9104	0.00716267
5.91064	-0.000326133
5.91089	-0.00625767
5.91113	-0.00274499
5.91138	0.00377418
5.91162	0.00523124
5.91187	0.00155625
5.91211	-0.00385954
5.91236	-0.00914249
5.9126	-0.0117322
5.91285	-0.00837453
5.91309	-0.000535276
5.91334	0.00526551
5.91358	0.00491287
5.91382	0.000378707
5.91407	-0.0052653
5.91431	-0.011439
5.91456	-0.0166162
5.9148	-0.0164808
5.91505	-0.00953185
5.91529	-0.00141728
5.91554	0.000485077
5.91578	-0.0042022
5.91603	-0.00853917
5.91627	-0.00668795
5.91652	-0.000685126
5.91676	0.00207079
5.917	-0.00226325
5.91725	-0.00860204
5.91749	-0.00792211
5.91774	0.00225048
5.91798	0.0143783
5.91823	0.0190503
5.91847	0.0143791
5.91872	0.00558957
5.91896	-0.00220016
5.91921	-0.00756276
5.91945	-0.0106232
5.91969	-0.0111382
5.91994	-0.00930596
5.92018	-0.0065751
5.92043	-0.00504744
5.92067	-0.00612854
5.92092	-0.00882902
5.92116	-0.009782
5.92141	-0.00730065
5.92165	-0.00496849
5.9219	-0.00731876
5.92214	-0.0119264
5.92239	-0.0112207
5.92263	-0.00333708
5.92287	0.00492659
5.92312	0.00784753
5.92336	0.00637932
5.92361	0.00166568
5.92385	-0.00781409
5.9241	-0.0179683
5.92434	-0.0184682
5.92459	-0.00813971
5.92483	-0.000729142
5.92508	-0.00528457
5.92532	-0.0111923
5.92557	-0.00577608
5.92581	0.00339603
5.92605	0.000976649
5.9263	-0.00922829
5.92654	-0.0103571
5.92679	-0.00153034
5.92703	0.00144277
5.92728	-0.00581075
5.92752	-0.0103487
5.92777	-0.00731631
5.92801	-0.00780096
5.92826	-0.0145452
5.9285	-0.0133662
5.92875	9.40373e-05
5.92899	0.00735317
5.92923	-0.00419903
5.92948	-0.0193366
5.92972	-0.0192151
5.92997	-0.0100471
5.93021	-0.00788757
5.93046	-0.0101943
5.9307	-0.00504315
5.93095	0.00318751
5.93119	0.00144647
5.93144	-0.00655673
5.93168	-0.00635099
5.93192	0.00099075
5.93217	0.00193263
5.93241	-0.00348709
5.93266	-0.00249201
5.9329	0.00461185
5.93315	0.00365215
5.93339	-0.00677085
5.93364	-0.0117554
5.93388	-0.00717166
5.93413	-0.00654433
5.93437	-0.0144684
5.93462	-0.0168773
5.93486	-0.0074659
5.9351	-0.00100633
5.93535	-0.00739334
5.93559	-0.0135934
5.93584	-0.00725918
5.93608	0.000939376
5.93633	-0.00277707
5.93657	-0.010023
5.93682	-0.00659832
5.93706	-0.000483026
5.93731	-0.00877331
5.93755	-0.0250617
5.9378	-0.0259188
5.93804	-0.00766798
5.93828	0.00782913
5.93853	0.00632137
5.93877	-0.00202399
5.93902	-0.00418259
5.93926	-0.00238878
5.93951	-0.00222231
5.93975	-0.000146096
5.94	0.00586294
5.94024	0.00726335
5.94049	-0.000867342
5.94073	-0.00753285
5.94098	-0.00126245
5.94122	0.0102058
5.94146	0.0102729
5.94171	-0.00109387
5.94195	-0.00753347
5.9422	-0.00152319
5.94244	0.00519541
5.94269	0.000725964
5.94293	-0.00945906
5.94318	-0.0120835
5.94342	-0.00527618
5.94367	0.00150034
5.94391	0.00301594
5.94416	0.00359772
5.9444	0.00628172
5.94464	0.00583704
5.94489	-0.00247726
5.94513	-0.0129632
5.94538	-0.0149705
5.94562	-0.00653857
5.94587	0.00314911
5.94611	0.00494725
5.94636	-0.00114101
5.9466	-0.00839131
5.94685	-0.0105158
5.94709	-0.00546718
5.94733	0.00343426
5.94758	0.00830331
5.94782	0.00285477
5.94807	-0.00935393
5.94831	-0.016401
5.94856	-0.0112271
5.9488	-0.00066225
5.94905	0.00261412
5.94929	-0.00475615
5.94954	-0.0136693
5.94978	-0.0138972
5.95003	-0.00506717
5.95027	0.00401596
5.95051	0.00504444
5.95076	-0.00112554
5.951	-0.00521832
5.95125	-0.000143164
5.95149	0.00966383
5.95174	0.0130216
5.95198	0.00656108
5.95223	-0.000893682
5.95247	-0.000999493
5.95272	0.00335185
5.95296	0.00518551
5.95321	0.00524936
5.95345	0.00816262
5.95369	0.0106556
5.95394	0.00469314
5.95418	-0.00751969
5.95443	-0.0126964
5.95467	-0.00464708
5.95492	0.00587289
5.95516	0.00603931
5.95541	-0.00104788
5.95565	-0.00177549
5.9559	0.00775711
5.95614	0.0159771
5.95639	0.0114508
5.95663	-0.00255695
5.95687	-0.0128176
5.95712	-0.0117717
5.95736	-0.0040316
5.95761	0.00169946
5.95785	0.00271468
5.9581	0.00232446
5.95834	0.00288129
5.95859	0.00306572
5.95883	0.0019139
5.95908	0.00106169
5.95932	0.00120047
5.95956	0.000136839
5.95981	-0.00286146
5.96005	-0.00451251
5.9603	-0.00314152
5.96054	-0.0031515
5.96079	-0.0082724
5.96103	-0.0132856
5.96128	-0.0100245
5.96152	-0.00088396
5.96177	0.00219406
5.96201	-0.00567249
5.96226	-0.0146188
5.9625	-0.0135291
5.96274	-0.00498137
5.96299	-0.000420074
5.96323	-0.00416175
5.96348	-0.00923235
5.96372	-0.00840473
5.96397	-0.00328171
5.96421	-0.000482284
5.96446	-0.00237778
5.9647	-0.00452605
5.96495	-0.0017773
5.96519	0.00494053
5.96544	0.00922255
5.96568	0.00662758
5.96592	-6.30771e-05
5.96617	-0.00439406
5.96641	-0.00385563
5.96666	-0.0018197
5.9669	-0.00250481
5.96715	-0.00620813
5.96739	-0.00940502
5.96764	-0.00820503
5.96788	-0.00266575
5.96813	0.00142483
5.96837	-0.00200788
5.96862	-0.0100826
5.96886	-0.0119681
5.9691	-0.00376628
5.96935	0.00326091
5.96959	-0.00220983
5.96984	-0.0126944
5.97008	-0.0105352
5.97033	0.00528221
5.97057	0.0155617
5.97082	0.00861882
5.97106	-0.00255701
5.97131	-0.000543712
5.97155	0.0102186
5.97179	0.0109909
5.97204	-0.00297407
5.97228	-0.01595
5.97253	-0.0136155
5.97277	-0.000112786
5.97302	0.00983886
5.97326	0.00824478
5.97351	-0.000525882
5.97375	-0.00692259
5.974	-0.00570456
5.97424	0.000126757
5.97449	0.00349881
5.97473	0.00136581
5.97497	-0.0027122
5.97522	-0.00455243
5.97546	-0.00467321
5.97571	-0.00572908
5.97595	-0.00809202
5.9762	-0.0107264
5.97644	-0.0132122
5.97669	-0.0142808
5.97693	-0.0120577
5.97718	-0.00834161
5.97742	-0.00789287
5.97767	-0.0102956
5.97791	-0.00851159
5.97815	-0.000311845
5.9784	0.0054389
5.97864	0.00106407
5.97889	-0.00709183
5.97913	-0.00723236
5.97938	0.000259265
5.97962	0.0039007
5.97987	-0.00148507
5.98011	-0.0084082
5.98036	-0.0088932
5.9806	-0.00461646
5.98085	-0.00210469
5.98109	-0.00369174
5.98133	-0.0060593
5.98158	-0.00454633
5.98182	0.00212541
5.98207	0.00922178
5.98231	0.00937424
5.98256	0.00139325
5.9828	-0.00677205
5.98305	-0.00766127
5.98329	-0.00376577
5.98354	-0.00261685
5.98378	-0.00572987
5.98402	-0.00827376
5.98427	-0.0070682
5.98451	-0.00305624
5.98476	0.00186533
5.985	0.00510967
5.98525	0.00356773
5.98549	-0.00119361
5.98574	-0.00210489
5.98598	0.00317252
5.98623	0.00682738
5.98647	0.00309177
5.98672	-0.000957904
5.98696	0.00287183
5.9872	0.00799475
5.98745	0.00255719
5.98769	-0.00947304
5.98794	-0.0125474
5.98818	-0.00384143
5.98843	0.0029799
5.98867	0.000316962
5.98892	-0.00290116
5.98916	0.00148325
5.98941	0.00713765
5.98965	0.00454519
5.9899	-0.00448093
5.99014	-0.0114461
5.99038	-0.0127538
5.99063	-0.0100565
5.99087	-0.0049553
5.99112	0.00126729
5.99136	0.00653175
5.99161	0.00921417
5.99185	0.00747211
5.9921	-0.00100172
5.99234	-0.0128721
5.99259	-0.016769
5.99283	-0.00665063
5.99308	0.0060888
5.99332	0.00610528
5.99356	-0.00341993
5.99381	-0.00676842
5.99405	-0.00180874
5.9943	-0.00154337
5.99454	-0.0085299
5.99479	-0.00884856
5.99503	0.00243401
5.99528	0.0102191
5.99552	0.00366748
5.99577	-0.006576
5.99601	-0.00711219
5.99625	-0.00150538
5.9965	0.0013236
5.99674	0.00325179
5.99699	0.00773676
5.99723	0.00811824
5.99748	-0.000291875
5.99772	-0.00842439
5.99797	-0.007843
5.99821	-0.00517196
5.99846	-0.00801068
5.9987	-0.00890415
5.99895	0.000602609
5.99919	0.0115737
5.99943	0.0107224
5.99968	0.00165315
5.99992	-0.0043506
6.00017	-0.00829596
6.00041	-0.0153053
6.00066	-0.0171056
6.0009	-0.00474909
6.00115	0.0095034
6.00139	0.00706233
6.00164	-0.00591594
6.00188	-0.00748566
6.00213	0.00359498
6.00237	0.00734178
6.00261	-0.00147958
6.00286	-0.00543594
6.0031	0.00229267
6.00335	0.00464663
6.00359	-0.00851972
6.00384	-0.0211452
6.00408	-0.0170976
6.00433	-0.0050956
6.00457	-0.00107172
6.00482	-0.00254308
6.00506	0.00146801
6.00531	0.00797803
6.00555	0.00641332
6.00579	-0.000841795
6.00604	-0.00197966
6.00628	0.00466879
6.00653	0.0097976
6.00677	0.00909089
6.00702	0.00675274
6.00726	0.00485462
6.00751	0.00133941
6.00775	-0.00202861
6.008	-0.00092683
6.00824	0.00197966
6.00848	-0.000726782
6.00873	-0.00792881
6.00897	-0.00905034
6.00922	-8.34871e-05
6.00946	0.00838957
6.00971	0.00535447
6.00995	-0.00490107
6.0102	-0.00920232
6.01044	-0.00444769
6.01069	-0.000861662
6.01093	-0.00518412
6.01118	-0.00970727
6.01142	-0.00422319
6.01166	0.00732904
6.01191	0.0116412
6.01215	0.00531616
6.0124	-0.00134848
6.01264	-0.00137796
6.01289	-0.000794324
6.01313	-0.00585184
6.01338	-0.0107379
6.01362	-0.00716239
6.01387	0.00069382
6.01411	0.00143532
6.01436	-0.0067852
6.0146	-0.0143897
6.01484	-0.0137892
6.01509	-0.00689295
6.01533	-0.000341583
6.01558	0.00064095
6.01582	-0.00453873
6.01607	-0.0100951
6.01631	-0.00912109
6.01656	-0.00447484
6.0168	-0.00697045
6.01705	-0.0170877
6.01729	-0.0196447
6.01754	-0.00709525
6.01778	0.00426767
6.01802	-0.00234739
6.01827	-0.0156
6.01851	-0.0124865
6.01876	0.00365088
6.019	0.007785
6.01925	-0.00534811
6.01949	-0.0128646
6.01974	-0.00251293
6.01998	0.00800549
6.02023	0.00272619
6.02047	-0.00654459
6.02071	-0.00337394
6.02096	0.00460542
6.0212	0.000960362
6.02145	-0.0105995
6.02169	-0.0142965
6.02194	-0.00889513
6.02218	-0.00514694
6.02243	-0.00394565
6.02267	0.00214982
6.02292	0.00987933
6.02316	0.00809597
6.02341	-0.00131064
6.02365	-0.00388762
6.02389	0.00458685
6.02414	0.0122458
6.02438	0.0107802
6.02463	0.00592283
6.02487	0.00413893
6.02512	0.00223589
6.02536	-0.00372869
6.02561	-0.00964954
6.02585	-0.00987434
6.0261	-0.00535072
6.02634	-0.000673887
6.02659	0.00123579
6.02683	-0.00119019
6.02707	-0.00780803
6.02732	-0.0138966
6.02756	-0.0134896
6.02781	-0.00731248
6.02805	-0.00210141
6.0283	-0.00146121
6.02854	-0.00325121
6.02879	-0.00565305
6.02903	-0.00853844
6.02928	-0.0089446
6.02952	-0.00372933
6.02977	0.00247045
6.03001	0.00113001
6.03025	-0.00640913
6.0305	-0.00864069
6.03074	-0.000643775
6.03099	0.00822443
6.03123	0.00799515
6.03148	0.000839667
6.03172	-0.00521693
6.03197	-0.00737368
6.03221	-0.00686368
6.03246	-0.00400362
6.0327	-0.000796644
6.03295	-0.00188225
6.03319	-0.00654232
6.03343	-0.00644844
6.03368	0.00182246
6.03392	0.00895672
6.03417	0.00560981
6.03441	-0.00335328
6.03466	-0.00628969
6.0349	-0.00108231
6.03515	0.00524344
6.03539	0.00838253
6.03564	0.00851166
6.03588	0.00463971
6.03612	-0.00266547
6.03637	-0.00710577
6.03661	-0.00560964
6.03686	-0.00642845
6.0371	-0.0161162
6.03735	-0.0241746
6.03759	-0.0165321
6.03784	-0.000200925
6.03808	0.00492018
6.03833	-0.00210129
6.03857	-0.00185978
6.03882	0.0111531
6.03906	0.0171329
6.0393	0.00422101
6.03955	-0.00976382
6.03979	-0.00551622
6.04004	0.00688803
6.04028	0.00621641
6.04053	-0.00516021
6.04077	-0.00839531
6.04102	-0.00116239
6.04126	0.00106678
6.04151	-0.0064982
6.04175	-0.011478
6.042	-0.00743775
6.04224	-0.0029008
6.04248	-0.00367162
6.04273	-0.00412328
6.04297	-0.000970159
6.04322	0.000140898
6.04346	-0.00274076
6.04371	-0.00290799
6.04395	0.00174574
6.0442	0.00376346
6.04444	0.000141207
6.04469	-0.00142858
6.04493	0.00332893
6.04518	0.0069552
6.04542	0.00319337
6.04566	-0.00267994
6.04591	-0.00385898
6.04615	-0.00245268
6.0464	-0.00244483
6.04664	-0.00139539
6.04689	0.00300459
6.04713	0.00601711
6.04738	0.00313683
6.04762	-0.00226808
6.04787	-0.00500755
6.04811	-0.0054829
6.04835	-0.00568923
6.0486	-0.00451813
6.04884	-0.00203991
6.04909	-0.00151508
6.04933	-0.00254047
6.04958	0.000246238
6.04982	0.00708818
6.05007	0.0100666
6.05031	0.00530178
6.05056	-0.000345189
6.0508	-0.000641823
6.05105	0.000338465
6.05129	-0.00339624
6.05153	-0.00913938
6.05178	-0.0101706
6.05202	-0.00533209
6.05227	0.0014423
6.05251	0.00599098
6.05276	0.00520366
6.053	-0.000439914
6.05325	-0.00436292
6.05349	-0.00171578
6.05374	0.0011513
6.05398	-0.00376633
6.05423	-0.00901272
6.05447	-0.000800187
6.05471	0.014397
6.05496	0.0138483
6.0552	-0.00541537
6.05545	-0.018163
6.05569	-0.00945154
6.05594	0.00232123
6.05618	-0.00280623
6.05643	-0.0142624
6.05667	-0.0125886
6.05692	-0.00382436
6.05716	-0.00584554
6.05741	-0.0145255
6.05765	-0.012174
6.05789	-0.00101339
6.05814	0.000604403
6.05838	-0.00853917
6.05863	-0.01087
6.05887	-0.00179084
6.05912	0.00283334
6.05936	-0.00533604
6.05961	-0.0144331
6.05985	-0.0134931
6.0601	-0.00694913
6.06034	-0.00198006
6.06058	0.0017514
6.06083	0.00377347
6.06107	-0.000665829
6.06132	-0.0096748
6.06156	-0.0131057
6.06181	-0.00698735
6.06205	0.00139104
6.0623	0.00572274
6.06254	0.00683611
6.06279	0.00500642
6.06303	-0.00140922
6.06328	-0.00743041
6.06352	-0.00428614
6.06376	0.00601131
6.06401	0.010866
6.06425	0.00533721
6.0645	-0.0011131
6.06474	4.48768e-05
6.06499	0.00481774
6.06523	0.00493882
6.06548	-0.000710545
6.06572	-0.00695266
6.06597	-0.00859728
6.06621	-0.00423357
6.06646	0.00146519
6.0667	0.000757328
6.06694	-0.00655834
6.06719	-0.010178
6.06743	-0.00419955
6.06768	0.00189946
6.06792	-0.00217396
6.06817	-0.00944652
6.06841	-0.00652665
6.06866	0.00329189
6.0689	0.00472731
6.06915	-0.00452364
6.06939	-0.0108043
6.06964	-0.00631527
6.06988	0.00194061
6.07012	0.00572613
6.07037	0.00385517
6.07061	-0.00292993
6.07086	-0.0115189
6.0711	-0.0122826
6.07135	-0.000293964
6.07159	0.0112421
6.07184	0.00544265
6.07208	-0.0116426
6.07233	-0.017087
6.07257	-0.00420108
6.07281	0.00913604
6.07306	0.00767451
6.0733	-0.00371453
6.07355	-0.0134029
6.07379	-0.01694
6.07404	-0.0132967
6.07428	-0.00267046
6.07453	0.00760252
6.07477	0.00847761
6.07502	0.00288702
6.07526	0.00107513
6.07551	0.00295705
6.07575	0.000346044
6.07599	-0.00506152
6.07624	-0.00394076
6.07648	0.00155577
6.07673	0.00043173
6.07697	-0.00609375
6.07722	-0.00680171
6.07746	-0.00280564
6.07771	-0.00478399
6.07795	-0.00860788
6.0782	3.37083e-05
6.07844	0.0152198
6.07869	0.0140294
6.07893	-0.00479787
6.07917	-0.0154254
6.07942	-0.00621786
6.07966	0.0039919
6.07991	0.00166782
6.08015	-0.000955387
6.0804	0.00422033
6.08064	0.00262225
6.08089	-0.011995
6.08113	-0.0179892
6.08138	-0.0012569
6.08162	0.0161394
6.08187	0.009364
6.08211	-0.0097209
6.08235	-0.0143641
6.0826	-0.00498731
6.08284	-0.000552495
6.08309	-0.00348085
6.08333	-0.00228486
6.08358	0.00232052
6.08382	0.0014067
6.08407	-0.00101917
6.08431	0.00403063
6.08456	0.00957016
6.0848	0.00336539
6.08504	-0.00803427
6.08529	-0.0087156
6.08553	0.000534592
6.08578	0.00733738
6.08602	0.0107402
6.08627	0.0166955
6.08651	0.0186231
6.08676	0.00650682
6.087	-0.0105177
6.08725	-0.0142815
6.08749	-0.00581286
6.08774	-0.00102664
6.08798	-0.00300474
6.08822	-0.00170082
6.08847	0.00271398
6.08871	0.000361746
6.08896	-0.00631134
6.0892	-0.00459347
6.08945	0.00446406
6.08969	0.0063685
6.08994	-0.0016679
6.09018	-0.00720076
6.09043	-0.00534883
6.09067	-0.00438958
6.09092	-0.00687489
6.09116	-0.00543502
6.0914	6.01207e-05
6.09165	0.000567108
6.09189	-0.00415351
6.09214	-0.00441571
6.09238	-0.000101842
6.09263	-0.00221514
6.09287	-0.0116547
6.09312	-0.0155477
6.09336	-0.00922518
6.09361	-0.00336921
6.09385	-0.00424993
6.0941	-0.00511725
6.09434	-0.00288063
6.09458	-0.00469942
6.09483	-0.0108529
6.09507	-0.00957804
6.09532	0.00180662
6.09556	0.00818354
6.09581	0.000121001
6.09605	-0.0099898
6.0963	-0.00811216
6.09654	-0.000463847
6.09679	-0.000252448
6.09703	-0.00429378
6.09727	-0.000305772
6.09752	0.00949986
6.09776	0.0103035
6.09801	-0.00109584
6.09825	-0.0101258
6.0985	-0.00621407
6.09874	0.00184595
6.09899	-0.000161881
6.09923	-0.0104333
6.09948	-0.0139684
6.09972	-0.00516921
6.09997	0.00320571
6.10021	-0.0013147
6.10045	-0.0118684
6.1007	-0.0123554
6.10094	-0.0022021
6.10119	0.00312612
6.10143	-0.00283378
6.10168	-0.00787239
6.10192	-0.00269188
6.10217	0.00342435
6.10241	-0.000209427
6.10266	-0.00640945
6.1029	-0.00310871
6.10315	0.00469948
6.10339	0.00334303
6.10363	-0.00589699
6.10388	-0.00947056
6.10412	-0.00432821
6.10437	-0.000606773
6.10461	-0.0027755
6.10486	-0.00452882
6.1051	-0.00291352
6.10535	-0.00238729
6.10559	-0.00350993
6.10584	-0.00161373
6.10608	0.001816
6.10633	-4.51674e-05
6.10657	-0.00562368
6.10681	-0.00548897
6.10706	0.00118118
6.1073	0.0039621
6.10755	-0.00192589
6.10779	-0.00864683
6.10804	-0.00938609
6.10828	-0.00725491
6.10853	-0.00651633
6.10877	-0.00566324
6.10902	-0.00357135
6.10926	-0.00310157
6.10951	-0.00470289
6.10975	-0.00481945
6.10999	-0.00345236
6.11024	-0.00499474
6.11048	-0.00948066
6.11073	-0.0112223
6.11097	-0.00779988
6.11122	-0.00269965
6.11146	0.00118567
6.11171	0.00272915
6.11195	-0.000948086
6.1122	-0.00925753
6.11244	-0.0122293
6.11268	-0.00253736
6.11293	0.00898846
6.11317	0.00559284
6.11342	-0.00824207
6.11366	-0.0104113
6.11391	0.00489985
6.11415	0.0168642
6.1144	0.00971432
6.11464	-0.0039299
6.11489	-0.00432273
6.11513	0.0061032
6.11538	0.0107662
6.11562	0.00581298
6.11586	0.00169368
6.11611	0.00305637
6.11635	0.00339973
6.1166	-0.000624768
6.11684	-0.00314156
6.11709	-0.000285724
6.11733	0.00227139
6.11758	-0.00214986
6.11782	-0.0108386
6.11807	-0.0148588
6.11831	-0.0107683
6.11856	-0.00504378
6.1188	-0.00563321
6.11904	-0.011609
6.11929	-0.0148789
6.11953	-0.0118822
6.11978	-0.00814201
6.12002	-0.00862219
6.12027	-0.00951339
6.12051	-0.00522601
6.12076	0.00123333
6.121	0.0022574
6.12125	-0.00285859
6.12149	-0.00773401
6.12174	-0.00843612
6.12198	-0.00649124
6.12222	-0.00406313
6.12247	-0.00219609
6.12271	-0.00178729
6.12296	-0.00120928
6.1232	0.00331827
6.12345	0.00987651
6.12369	0.00972452
6.12394	0.00103391
6.12418	-0.00438898
6.12443	0.00198751
6.12467	0.01047
6.12491	0.00799813
6.12516	-0.000574614
6.1254	-0.00214523
6.12565	0.00133281
6.12589	-0.00121727
6.12614	-0.00636204
6.12638	-0.00152407
6.12663	0.00800597
6.12687	0.00316622
6.12712	-0.0146259
6.12736	-0.0198437
6.12761	-0.00234964
6.12785	0.0145647
6.12809	0.00960597
6.12834	-0.00519015
6.12858	-0.00680024
6.12883	0.00281291
6.12907	0.00457879
6.12932	-0.00512263
6.12956	-0.0117241
6.12981	-0.00773055
6.13005	-0.00186889
6.1303	-0.00283133
6.13054	-0.00786787
6.13079	-0.00972416
6.13103	-0.00607449
6.13127	-0.000360356
6.13152	0.00205849
6.13176	-0.000962486
6.13201	-0.0050091
6.13225	-0.00408968
6.1325	0.000414749
6.13274	0.0018861
6.13299	-0.00010625
6.13323	0.00046479
6.13348	0.0038303
6.13372	0.00327725
6.13397	-0.00132786
6.13421	-0.00212977
6.13445	0.000675315
6.1347	-0.00321616
6.13494	-0.0138089
6.13519	-0.0154717
6.13543	-0.00219581
6.13568	0.00903925
6.13592	0.00395578
6.13617	-0.00645635
6.13641	-0.00619307
6.13666	-0.00158076
6.1369	-0.00694968
6.13714	-0.01559
6.13739	-0.0102912
6.13763	0.00475895
6.13788	0.00943447
6.13812	0.00200693
6.13837	0.000677282
6.13861	0.00942976
6.13886	0.0103185
6.1391	-0.00304492
6.13935	-0.0110276
6.13959	-4.6099e-05
6.13984	0.0138851
6.14008	0.0110267
6.14032	-0.00113852
6.14057	-0.00319127
6.14081	0.0036895
6.14106	0.00323623
6.1413	-0.00586149
6.14155	-0.00908595
6.14179	-0.00332541
6.14204	-0.00216339
6.14228	-0.0103414
6.14253	-0.013804
6.14277	-0.00386397
6.14302	0.00653592
6.14326	0.00365315
6.1435	-0.00396477
6.14375	0.000204965
6.14399	0.0123353
6.14424	0.0135526
6.14448	0.000658308
6.14473	-0.00818648
6.14497	-0.00179216
6.14522	0.0080838
6.14546	0.00722679
6.14571	8.13997e-05
6.14595	-0.00149609
6.1462	0.00154506
6.14644	0.00107086
6.14668	-0.000922129
6.14693	0.00312511
6.14717	0.00945373
6.14742	0.00761554
6.14766	0.000149054
6.14791	0.000374246
6.14815	0.00960254
6.1484	0.0139896
6.14864	0.0081346
6.14889	0.00429669
6.14913	0.0104569
6.14937	0.0156954
6.14962	0.00894859
6.14986	-0.00149587
6.15011	-0.00154231
6.15035	0.00584746
6.1506	0.0068489
6.15084	-0.000688112
6.15109	-0.00640018
6.15133	-0.00583603
6.15158	-0.00507968
6.15182	-0.00744676
6.15207	-0.00845269
6.15231	-0.00553186
6.15255	-0.00240141
6.1528	-0.00190402
6.15304	-0.00269919
6.15329	-0.00392114
6.15353	-0.00577121
6.15378	-0.00587849
6.15402	-0.00264873
6.15427	-0.000804884
6.15451	-0.00482091
6.15476	-0.00878153
6.155	-0.0038163
6.15525	0.00540025
6.15549	0.00490742
6.15573	-0.00626553
6.15598	-0.0127581
6.15622	-0.00666626
6.15647	0.00022776
6.15671	-0.00335559
6.15696	-0.00974049
6.1572	-0.00668018
6.15745	0.00109472
6.15769	0.000558765
6.15794	-0.0065543
6.15818	-0.00682848
6.15843	0.00168151
6.15867	0.0068803
6.15891	0.00392807
6.15916	0.00207298
6.1594	0.00611159
6.15965	0.00711848
6.15989	-0.000697959
6.16014	-0.00791371
6.16038	-0.00467031
6.16063	0.00386569
6.16087	0.00784491
6.16112	0.00842506
6.16136	0.0106991
6.1616	0.0101443
6.16185	0.00130245
6.16209	-0.00674964
6.16234	-0.00103149
6.16258	0.0123278
6.16283	0.014004
6.16307	0.000778898
6.16332	-0.0094493
6.16356	-0.00574304
6.16381	0.00115484
6.16405	-0.000266584
6.1643	-0.00374502
6.16454	0.000573601
6.16478	0.00730791
6.16503	0.00556809
6.16527	-0.00200504
6.16552	-0.00450862
6.16576	-0.000934821
6.16601	0.000585586
6.16625	-0.00222113
6.1665	-0.00398325
6.16674	-0.00255693
6.16699	-0.000930902
6.16723	-0.00014286
6.16748	0.000531762
6.16772	-0.00101162
6.16796	-0.00536202
6.16821	-0.00633328
6.16845	0.000428785
6.1687	0.00768357
6.16894	0.0060784
6.16919	-0.000659528
6.16943	-0.0019169
6.16968	0.00212672
6.16992	0.00263674
6.17017	-0.000552748
6.17041	0.000854057
6.17066	0.00616944
6.1709	0.00481053
6.17114	-0.00413623
6.17139	-0.00734755
6.17163	0.00172882
6.17188	0.0114986
6.17212	0.00998825
6.17237	0.00186209
6.17261	-0.0019003
6.17286	-0.00153558
6.1731	-0.00498027
6.17335	-0.0132
6.17359	-0.0191901
6.17383	-0.0184706
6.17408	-0.0129307
6.17432	-0.00631397
6.17457	-0.00144871
6.17481	-2.21392e-06
6.17506	-0.00095609
6.1753	-0.00121554
6.17555	7.54808e-05
6.17579	0.000619704
6.17604	-0.000536888
6.17628	-0.00167768
6.17653	-0.00233917
6.17677	-0.00367549
6.17701	-0.00456013
6.17726	-0.00318919
6.1775	-0.00243234
6.17775	-0.00597268
6.17799	-0.00912077
6.17824	-0.00335465
6.17848	0.00808906
6.17873	0.0105424
6.17897	-0.00131237
6.17922	-0.013703
6.17946	-0.0120256
6.17971	9.07523e-05
6.17995	0.00816096
6.18019	0.00585696
6.18044	-0.00188868
6.18068	-0.00888177
6.18093	-0.0122127
6.18117	-0.0109614
6.18142	-0.00756882
6.18166	-0.00686872
6.18191	-0.00843306
6.18215	-0.00532094
6.1824	0.0040111
6.18264	0.00989025
6.18289	0.00535739
6.18313	-0.00153702
6.18337	0.000280403
6.18362	0.00681826
6.18386	0.00567917
6.18411	-0.00282919
6.18435	-0.00574411
6.1846	0.000935685
6.18484	0.00486435
6.18509	-0.00338645
6.18533	-0.0151169
6.18558	-0.0158478
6.18582	-0.00595532
6.18606	0.000245046
6.18631	-0.00596978
6.18655	-0.0168636
6.1868	-0.0187895
6.18704	-0.00922533
6.18729	0.000704565
6.18753	0.000495371
6.18778	-0.00659423
6.18802	-0.00824017
6.18827	0.000199414
6.18851	0.00904912
6.18876	0.00701225
6.189	-0.00401883
6.18924	-0.0118604
6.18949	-0.00964586
6.18973	-0.00275103
6.18998	0.000389265
6.19022	-0.000731066
6.19047	-0.000183694
6.19071	0.00425501
6.19096	0.00702576
6.1912	0.00260658
6.19145	-0.00544982
6.19169	-0.00793521
6.19194	-0.00274583
6.19218	0.00145288
6.19242	-0.00204982
6.19267	-0.00713429
6.19291	-0.00381256
6.19316	0.00562293
6.1934	0.00924836
6.19365	0.00376551
6.19389	-0.000971705
6.19414	0.00139904
6.19438	0.00356318
6.19463	-0.0023623
6.19487	-0.0106992
6.19512	-0.010744
6.19536	-0.00370812
6.1956	-0.000660873
6.19585	-0.00573841
6.19609	-0.0109746
6.19634	-0.00835474
6.19658	0.000531132
6.19683	0.0084123
6.19707	0.0102896
6.19732	0.00601821
6.19756	-0.000573811
6.19781	-0.00394206
6.19805	-0.00189744
6.1983	0.000979225
6.19854	-0.0012861
6.19878	-0.00712654
6.19903	-0.00879426
6.19927	-0.00397231
6.19952	-0.000478257
6.19976	-0.00545299
6.20001	-0.0140594
6.20025	-0.0150144
6.2005	-0.00611945
6.20074	0.00232694
6.20099	0.00143439
6.20123	-0.00470491
6.20147	-0.00586168
6.20172	-0.000267336
6.20196	0.00408467
6.20221	0.00168453
6.20245	-0.00377791
6.2027	-0.00634868
6.20294	-0.00529205
6.20319	-0.00276434
6.20343	0.000546758
6.20368	0.00355265
6.20392	0.00326567
6.20417	-0.000316006
6.20441	-0.00193653
6.20465	0.00146855
6.2049	0.00492995
6.20514	0.00235321
6.20539	-0.00429731
6.20563	-0.00841298
6.20588	-0.00805586
6.20612	-0.00598558
6.20637	-0.00374045
6.20661	-0.00212446
6.20686	-0.00433348
6.2071	-0.0114224
6.20735	-0.0172892
6.20759	-0.0153241
6.20783	-0.00759535
6.20808	-0.000641124
6.20832	0.00423136
6.20857	0.00862373
6.20881	0.00946935
6.20906	0.00380707
6.2093	-0.00238291
6.20955	-0.00121828
6.20979	0.00392479
6.21004	0.00402937
6.21028	0.000472402
6.21053	0.00178985
6.21077	0.00613749
6.21101	0.00274583
6.21126	-0.00820481
6.2115	-0.013538
6.21175	-0.00829507
6.21199	-0.00300788
6.21224	-0.00470443
6.21248	-0.00651098
6.21273	-0.00327232
6.21297	-0.002137
6.21322	-0.00820688
6.21346	-0.0134175
6.2137	-0.0103023
6.21395	-0.00479956
6.21419	-0.00429718
6.21444	-0.00400324
6.21468	0.00290503
6.21493	0.0109225
6.21517	0.0101214
6.21542	0.00102054
6.21566	-0.00893336
6.21591	-0.0163748
6.21615	-0.019899
6.2164	-0.0155836
6.21664	-0.00528516
6.21688	-0.000743694
6.21713	-0.00770909
6.21737	-0.0143753
6.21762	-0.0084228
6.21786	0.0024617
6.21811	0.00185142
6.21835	-0.00981476
6.2186	-0.0168205
6.21884	-0.0122572
6.21909	-0.0052871
6.21933	-0.00486177
6.21958	-0.00922585
6.21982	-0.0123299
6.22006	-0.0105351
6.22031	-0.00323123
6.22055	0.00488673
6.2208	0.00472485
6.22104	-0.00546695
6.22129	-0.0136624
6.22153	-0.00923525
6.22178	0.000720965
6.22202	0.00200864
6.22227	-0.00510431
6.22251	-0.00866929
6.22276	-0.00496597
6.223	-0.000280048
6.22324	0.00396863
6.22349	0.0110286
6.22373	0.0152426
6.22398	0.00685377
6.22422	-0.00845028
6.22447	-0.0130696
6.22471	-0.0040385
6.22496	0.00194313
6.2252	-0.00455264
6.22545	-0.0116329
6.22569	-0.0071577
6.22593	0.00288848
6.22618	0.00760809
6.22642	0.00799918
6.22667	0.00860816
6.22691	0.0056048
6.22716	-0.00339342
6.2274	-0.00883148
6.22765	-0.00307804
6.22789	0.00452819
6.22814	0.0016803
6.22838	-0.00576405
6.22863	-0.00345533
6.22887	0.00618108
6.22911	0.00689601
6.22936	-0.00454313
6.2296	-0.0128652
6.22985	-0.00839736
6.23009	-0.000179061
6.23034	0.000625303
6.23058	-0.00386865
6.23083	-0.00690128
6.23107	-0.008732
6.23132	-0.0104369
6.23156	-0.0064419
6.23181	0.00565326
6.23205	0.0155222
6.23229	0.0125212
6.23254	0.00268758
6.23278	0.000777174
6.23303	0.00798935
6.23327	0.010926
6.23352	0.0030878
6.23376	-0.0061647
6.23401	-0.00803263
6.23425	-0.0070484
6.2345	-0.00999524
6.23474	-0.0125617
6.23499	-0.00761049
6.23523	0.000322227
6.23547	0.00103045
6.23572	-0.00417256
6.23596	-0.00407472
6.23621	0.00327097
6.23645	0.00562102
6.2367	-0.00428255
6.23694	-0.014817
6.23719	-0.00963451
6.23743	0.00944639
6.23768	0.0233585
6.23792	0.0194742
6.23816	0.00633803
6.23841	0.000883008
6.23865	0.00615335
6.2389	0.00912917
6.23914	0.000914739
6.23939	-0.00921112
6.23963	-0.00683173
6.23988	0.00534278
6.24012	0.00966144
6.24037	-0.00088256
6.24061	-0.0114929
6.24086	-0.00683828
6.2411	0.00690016
6.24134	0.0122098
6.24159	0.0054745
6.24183	-0.0012776
6.24208	-0.00054901
6.24232	0.00261112
6.24257	0.00320114
6.24281	0.00375494
6.24306	0.00585892
6.2433	0.00498258
6.24355	-0.0012545
6.24379	-0.00749398
6.24404	-0.00759964
6.24428	-0.00143829
6.24452	0.00734458
6.24477	0.0142788
6.24501	0.0141825
6.24526	0.00561994
6.2455	-0.00420677
6.24575	-0.00666093
6.24599	-0.00333489
6.24624	-0.00182558
6.24648	-0.00183251
6.24673	0.00233918
6.24697	0.00656115
6.24722	0.000213193
6.24746	-0.0128524
6.2477	-0.0145014
6.24795	-0.000303873
6.24819	0.0101875
6.24844	0.00217452
6.24868	-0.0109741
6.24893	-0.00772589
6.24917	0.0099284
6.24942	0.0209992
6.24966	0.0144491
6.24991	-0.0012767
6.25015	-0.0131548
6.25039	-0.0151352
6.25064	-0.00808346
6.25088	0.000923177
6.25113	0.00208078
6.25137	-0.00578909
6.25162	-0.0116886
6.25186	-0.00769805
6.25211	-0.000850997
6.25235	-0.000744523
6.2526	-0.00358362
6.25284	-0.000539795
6.25309	0.00523917
6.25333	0.00417343
6.25357	-0.00196229
6.25382	-0.00258696
6.25406	0.00338585
6.25431	0.0058072
6.25455	3.73451e-05
6.2548	-0.00670133
6.25504	-0.00716425
6.25529	-0.00259073
6.25553	0.00198783
6.25578	0.00347447
6.25602	0.00133855
6.25627	-0.0019288
6.25651	-0.0024358
6.25675	-0.00101791
6.257	-0.00299482
6.25724	-0.00737031
6.25749	-0.00468482
6.25773	0.00701451
6.25798	0.0143039
6.25822	0.00761569
6.25847	-0.00189783
6.25871	0.000632229
6.25896	0.00897938
6.2592	0.00623695
6.25945	-0.00608461
6.25969	-0.0101072
6.25993	-0.00120174
6.26018	0.00509251
6.26042	-0.00140952
6.26067	-0.011356
6.26091	-0.0125802
6.26116	-0.00604101
6.2614	0.000704743
6.26165	0.0037631
6.26189	0.00178866
6.26214	-0.00484645
6.26238	-0.0103252
6.26262	-0.00840924
6.26287	-0.00260158
6.26311	-0.00125055
6.26336	-0.00302579
6.2636	0.000491315
6.26385	0.00842934
6.26409	0.0111745
6.26434	0.00744365
6.26458	0.00509668
6.26483	0.00406728
6.26507	-0.00359672
6.26532	-0.0139658
6.26556	-0.0117578
6.2658	0.00280163
6.26605	0.0084106
6.26629	-0.00509875
6.26654	-0.0185878
6.26678	-0.0126793
6.26703	0.002097
6.26727	0.00315481
6.26752	-0.00882623
6.26776	-0.0138028
6.26801	-0.00485736
6.26825	0.00422971
6.2685	0.00281401
6.26874	-0.00326238
6.26898	-0.00476972
6.26923	-0.00163296
6.26947	0.0014252
6.26972	0.00153714
6.26996	-0.00302095
6.27021	-0.0116854
6.27045	-0.0175323
6.2707	-0.0126758
6.27094	-0.000392213
6.27119	0.00612751
6.27143	0.000813176
6.27168	-0.00694509
6.27192	-0.00624418
6.27216	-0.000459873
6.27241	-0.00114871
6.27265	-0.00964834
6.2729	-0.014419
6.27314	-0.00804278
6.27339	0.00187797
6.27363	0.00400232
6.27388	-0.001026
6.27412	-0.00390884
6.27437	-0.00171443
6.27461	0.000263056
6.27486	0.000480629
6.2751	0.00368136
6.27534	0.00927533
6.27559	0.00881763
6.27583	0.000553843
6.27608	-0.00449541
6.27632	0.00095007
6.27657	0.00770107
6.27681	0.00422439
6.27706	-0.00485932
6.2773	-0.00668262
6.27755	-0.000510294
6.27779	0.00289762
6.27803	-0.00122305
6.27828	-0.00717187
6.27852	-0.00982442
6.27877	-0.00922192
6.27901	-0.00601626
6.27926	-0.0019279
6.2795	-0.00160735
6.27975	-0.00506486
6.27999	-0.00388995
6.28024	0.00466704
6.28048	0.00830641
6.28073	-0.00137144
6.28097	-0.00988368
6.28121	0.000419172
6.28146	0.0186864
6.2817	0.0179026
6.28195	-0.00343584
6.28219	-0.0185175
6.28244	-0.0137517
6.28268	-0.00586771
6.28293	-0.00951317
6.28317	-0.0143155
6.28342	-0.00809787
6.28366	1.88766e-05
6.28391	-0.00248781
6.28415	-0.00837484
6.28439	-0.00425957
6.28464	0.00581054
6.28488	0.00864609
6.28513	0.00391334
6.28537	0.000999346
6.28562	0.00147422
6.28586	0.000101829
6.28611	-0.00242061
6.28635	-0.00153081
6.2866	0.00078486
6.28684	-0.000730828
6.28709	-0.0048662
6.28733	-0.00694206
6.28757	-0.00698755
6.28782	-0.00709748
6.28806	-0.00632118
6.28831	-0.00507221
6.28855	-0.00740305
6.2888	-0.0122908
6.28904	-0.0115343
6.28929	-0.0034386
6.28953	0.00165116
6.28978	-0.00240078
6.29002	-0.00712529
6.29026	-0.00475885
6.29051	-0.0017415
6.29075	-0.00540773
6.291	-0.00939792
6.29124	-0.00582952
6.29149	-0.00064961
6.29173	-0.00212869
6.29198	-0.00497374
6.29222	-0.00185032
6.29247	0.000269848
6.29271	-0.00643497
6.29296	-0.0112731
6.2932	-0.000766868
6.29344	0.0140413
6.29369	0.0104449
6.29393	-0.00915805
6.29418	-0.01858
6.29442	-0.00723914
6.29467	0.00615109
6.29491	0.00488375
6.29516	-0.00301432
6.2954	-0.00268043
6.29565	0.0054771
6.29589	0.0127329
6.29614	0.0164923
6.29638	0.0165978
6.29662	0.00929861
6.29687	-0.00388489
6.29711	-0.0110801
6.29736	-0.00485034
6.2976	0.00568714
6.29785	0.00775727
6.29809	0.00307747
6.29834	0.00219758
6.29858	0.00587869
6.29883	0.0043359
6.29907	-0.00585076
6.29932	-0.0149765
6.29956	-0.0132808
6.2998	-0.00349916
6.30005	0.00402823
6.30029	0.00465835
6.30054	0.00284852
6.30078	0.00339404
6.30103	0.00451467
6.30127	0.00222766
6.30152	-0.00200811
6.30176	-0.00310788
6.30201	-0.000685695
6.30225	0.000470191
6.30249	-0.00111787
6.30274	-0.00128356
6.30298	0.00136147
6.30323	0.0020161
6.30347	-0.00102352
6.30372	-0.00125656
6.30396	0.00502389
6.30421	0.00942332
6.30445	0.0025169
6.3047	-0.0102558
6.30494	-0.014341
6.30519	-0.00607752
6.30543	0.00345976
6.30567	0.00524318
6.30592	0.00313102
6.30616	0.00473933
6.30641	0.0094623
6.30665	0.0108596
6.3069	0.00646406
6.30714	2.69894e-05
6.30739	-0.00433931
6.30763	-0.0061265
6.30788	-0.00625074
6.30812	-0.00400393
6.30837	0.0012323
6.30861	0.00620251
6.30885	0.00598214
6.3091	0.00172639
6.30934	0.00120326
6.30959	0.00702108
6.30983	0.00975225
6.31008	0.000841567
6.31032	-0.0121004
6.31057	-0.0142002
6.31081	-0.00518519
6.31106	0.00112404
6.3113	-0.000954795
6.31155	-0.00280019
6.31179	-0.000171845
6.31203	-0.000734053
6.31228	-0.00636757
6.31252	-0.00561585
6.31277	0.00566302
6.31301	0.0126121
6.31326	0.00418089
6.3135	-0.00699139
6.31375	-0.00381282
6.31399	0.00835311
6.31424	0.0120199
6.31448	0.00507784
6.31472	-0.000956985
6.31497	-0.00272264
6.31521	-0.00542257
6.31546	-0.00641354
6.3157	0.00181744
6.31595	0.0141055
6.31619	0.0161793
6.31644	0.00572003
6.31668	-0.00551042
6.31693	-0.00967709
6.31717	-0.00860883
6.31742	-0.00393793
6.31766	0.00318427
6.3179	0.0051486
6.31815	-0.00314625
6.31839	-0.0110052
6.31864	-0.00487299
6.31888	0.00804863
6.31913	0.00830501
6.31937	-0.00523949
6.31962	-0.0143932
6.31986	-0.0116989
6.32011	-0.00893314
6.32035	-0.0122311
6.3206	-0.0120386
6.32084	-0.00481185
6.32108	-0.00209883
6.32133	-0.0079591
6.32157	-0.00854377
6.32182	0.00311533
6.32206	0.0115239
6.32231	0.00335636
6.32255	-0.00930597
6.3228	-0.00819107
6.32304	0.00201631
6.32329	0.00297675
6.32353	-0.00765502
6.32378	-0.0149242
6.32402	-0.0107766
6.32426	-0.00270374
6.32451	0.00112994
6.32475	0.00169499
6.325	0.00242552
6.32524	0.00268285
6.32549	0.000555954
6.32573	-0.00331255
6.32598	-0.00607653
6.32622	-0.00464681
6.32647	0.0014245
6.32671	0.0078566
6.32695	0.00944897
6.3272	0.00633742
6.32744	0.00223682
6.32769	-0.00234268
6.32793	-0.00818283
6.32818	-0.0103483
6.32842	-0.00349273
6.32867	0.00577405
6.32891	0.00437853
6.32916	-0.00699756
6.3294	-0.0126928
6.32965	-0.00553694
6.32989	0.0026083
6.33013	0.000652852
6.33038	-0.00543277
6.33062	-0.00561669
6.33087	-0.00205524
6.33111	-0.000695032
6.33136	0.00198487
6.3316	0.0102792
6.33185	0.0161069
6.33209	0.00910966
6.33234	-0.0054678
6.33258	-0.0123754
6.33283	-0.00665918
6.33307	0.00306688
6.33331	0.00891462
6.33356	0.0105323
6.3338	0.00915707
6.33405	0.00446734
6.33429	-0.00227516
6.33454	-0.00801074
6.33478	-0.0102003
6.33503	-0.00652097
6.33527	0.00340787
6.33552	0.0129288
6.33576	0.0121428
6.33601	0.00166502
6.33625	-0.00556957
6.33649	-0.00227065
6.33674	0.00291174
6.33698	0.0010859
6.33723	-0.00141205
6.33747	0.00501418
6.33772	0.0147465
6.33796	0.014961
6.33821	0.00655694
6.33845	0.00203693
6.3387	0.00511069
6.33894	0.00688048
6.33918	0.00234235
6.33943	-0.00235536
6.33967	-0.00120537
6.33992	0.00344445
6.34016	0.00644867
6.34041	0.00594526
6.34065	0.00248819
6.3409	-0.00159366
6.34114	-0.00207444
6.34139	0.00215778
6.34163	0.00542707
6.34188	0.00243109
6.34212	-0.00369121
6.34236	-0.00695879
6.34261	-0.00822379
6.34285	-0.011097
6.3431	-0.0124155
6.34334	-0.00705946
6.34359	0.000558389
6.34383	0.00113547
6.34408	-0.00456172
6.34432	-0.00681669
6.34457	-0.00313192
6.34481	-0.00152795
6.34506	-0.00571873
6.3453	-0.00840308
6.34554	-0.00361599
6.34579	0.00371804
6.34603	0.0060475
6.34628	0.0037442
6.34652	0.00176351
6.34677	0.0011592
6.34701	-0.000297845
6.34726	-0.00198427
6.3475	-4.5723e-05
6.34775	0.00684692
6.34799	0.0136365
6.34824	0.0122774
6.34848	0.000507756
6.34872	-0.0131141
6.34897	-0.0168198
6.34921	-0.00947149
6.34946	-0.0016455
6.3497	-0.000806899
6.34995	-0.00279491
6.35019	-0.00250888
6.35044	-0.00384719
6.35068	-0.0102682
6.35093	-0.0137533
6.35117	-0.0055789
6.35142	0.00728938
6.35166	0.0102229
6.3519	0.00241359
6.35215	-0.00359639
6.35239	-0.00246108
6.35264	-0.00132119
6.35288	-0.00390338
6.35313	-0.00467988
6.35337	-0.00219578
6.35362	-0.0032844
6.35386	-0.0083798
6.35411	-0.00688441
6.35435	0.00477631
6.35459	0.0135287
6.35484	0.00862799
6.35508	-0.000610294
6.35533	0.00113719
6.35557	0.0109635
6.35582	0.0117923
6.35606	-0.00214304
6.35631	-0.0170922
6.35655	-0.0184986
6.3568	-0.00808384
6.35704	0.00121142
6.35729	0.00109873
6.35753	-0.00510285
6.35777	-0.00850017
6.35802	-0.00469132
6.35826	0.00222185
6.35851	0.00530756
6.35875	0.00338998
6.359	0.00157163
6.35924	0.00347533
6.35949	0.00699273
6.35973	0.00878591
6.35998	0.00848526
6.36022	0.00627958
6.36047	0.00118958
6.36071	-0.00498523
6.36095	-0.00665842
6.3612	-0.00196514
6.36144	0.00255919
6.36169	-6.1247e-05
6.36193	-0.00759131
6.36218	-0.012334
6.36242	-0.0120327
6.36267	-0.0108104
6.36291	-0.0106295
6.36316	-0.00892254
6.3634	-0.00547088
6.36365	-0.00493556
6.36389	-0.00949681
6.36413	-0.0138442
6.36438	-0.011543
6.36462	-0.00374726
6.36487	0.00212636
6.36511	0.00134447
6.36536	-0.00329095
6.3656	-0.00515276
6.36585	-0.000725087
6.36609	0.00670093
6.36634	0.00959697
6.36658	0.00389865
6.36682	-0.00519312
6.36707	-0.00781218
6.36731	-0.00141167
6.36756	0.00551158
6.3678	0.00518511
6.36805	0.00188259
6.36829	0.004747
6.36854	0.0117926
6.36878	0.0108443
6.36903	-0.00184701
6.36927	-0.0138902
6.36952	-0.0132717
6.36976	-0.00441454
6.37	0.000124558
6.37025	-0.00220979
6.37049	-0.00378702
6.37074	-0.00101992
6.37098	0.00138267
6.37123	-0.000512731
6.37147	-0.00512802
6.37172	-0.00938414
6.37196	-0.0103378
6.37221	-0.00456765
6.37245	0.00607928
6.3727	0.01078
6.37294	0.00178057
6.37318	-0.011973
6.37343	-0.0148188
6.37367	-0.00647073
6.37392	-0.000709602
6.37416	-0.00269987
6.37441	-0.00386026
6.37465	-0.00121925
6.3749	-0.00316717
6.37514	-0.00983958
6.37539	-0.00725388
6.37563	0.00821497
6.37588	0.0177414
6.37612	0.00720438
6.37636	-0.00944372
6.37661	-0.011566
6.37685	-0.00312934
6.3771	-0.00229339
6.37734	-0.0099209
6.37759	-0.0110939
6.37783	-0.0026156
6.37808	0.00349438
6.37832	0.00261478
6.37857	0.00281324
6.37881	0.00640978
6.37905	0.00536333
6.3793	-0.00206745
6.37954	-0.00721314
6.37979	-0.00692948
6.38003	-0.00776352
6.38028	-0.0108844
6.38052	-0.00872439
6.38077	-0.000781065
6.38101	0.00290044
6.38126	-0.000893932
6.3815	-0.00295202
6.38175	0.000994535
6.38199	0.00289672
6.38223	-0.000722407
6.38248	-0.000683363
6.38272	0.00649887
6.38297	0.00770814
6.38321	-0.00645691
6.38346	-0.0230915
6.3837	-0.0233617
6.38395	-0.00859316
6.38419	0.00429701
6.38444	0.00681933
6.38468	0.00436557
6.38493	0.00221084
6.38517	0.000100813
6.38541	-0.00064104
6.38566	0.00301319
6.3859	0.00800032
6.38615	0.00692585
6.38639	-0.00104111
6.38664	-0.00852923
6.38688	-0.0101708
6.38713	-0.00798147
6.38737	-0.00580203
6.38762	-0.00435868
6.38786	-0.00320914
6.38811	-0.00277141
6.38835	-0.00280423
6.38859	-0.00211418
6.38884	-0.000691058
6.38908	0.000346377
6.38933	0.00109614
6.38957	0.00274051
6.38982	0.00491251
6.39006	0.00529617
6.39031	0.00229307
6.39055	-0.00295062
6.3908	-0.00700172
6.39104	-0.00623869
6.39128	0.000239519
6.39153	0.00859814
6.39177	0.0121684
6.39202	0.00710409
6.39226	-0.00330979
6.39251	-0.0103812
6.39275	-0.00702317
6.393	0.00550352
6.39324	0.0177701
6.39349	0.0207162
6.39373	0.0141482
6.39398	0.00501713
6.39422	-0.00151166
6.39446	-0.0051645
6.39471	-0.00592706
6.39495	-0.00344724
6.3952	-0.00191029
6.39544	-0.00684156
6.39569	-0.0142542
6.39593	-0.0130358
6.39618	-0.00295175
6.39642	0.00167864
6.39667	-0.00548586
6.39691	-0.0099129
6.39716	0.000795814
6.3974	0.013295
6.39764	0.0068631
6.39789	-0.012715
6.39813	-0.0200285
6.39838	-0.00833578
6.39862	0.00216693
6.39887	-0.0027326
6.39911	-0.0119793
6.39936	-0.0107109
6.3996	-0.00257175
6.39985	0.000290165
6.40009	-0.00388838
6.40034	-0.00836696
6.40058	-0.00948885
6.40082	-0.00807208
6.40107	-0.00614054
6.40131	-0.0071102
6.40156	-0.0121428
6.4018	-0.0145422
6.40205	-0.00707998
6.40229	0.00462842
6.40254	0.00810378
6.40278	0.00395146
6.40303	0.00516151
6.40327	0.01422
6.40351	0.0173601
6.40376	0.00680442
6.404	-0.00705194
6.40425	-0.0121469
6.40449	-0.00890765
6.40474	-0.00210914
6.40498	0.0062717
6.40523	0.0103528
6.40547	0.00280295
6.40572	-0.00970311
6.40596	-0.0105787
6.40621	0.000874861
6.40645	0.00691089
6.40669	0.00146492
6.40694	0.000157215
6.40718	0.00990916
6.40743	0.0136976
6.40767	0.00141607
6.40792	-0.00874075
6.40816	-0.000571252
6.40841	0.0108342
6.40865	0.00467108
6.4089	-0.00993957
6.40914	-0.0111129
6.40939	-0.00131033
6.40963	0.00149821
6.40987	-0.00246814
6.41012	0.000316649
6.41036	0.00684465
6.41061	0.00247118
6.41085	-0.0094812
6.4111	-0.0116017
6.41134	-0.00308696
6.41159	0.000523738
6.41183	-0.00329577
6.41208	-0.00149165
6.41232	0.00766461
6.41257	0.0105932
6.41281	0.00319086
6.41305	-0.00358728
6.4133	-0.00466869
6.41354	-0.00579779
6.41379	-0.00712315
6.41403	-0.00335513
6.41428	0.00048069
6.41452	-0.00408484
6.41477	-0.00836248
6.41501	0.00222183
6.41526	0.0182306
6.4155	0.0162877
6.41574	-0.000748999
6.41599	-0.0055534
6.41623	0.00752052
6.41648	0.0121823
6.41672	-0.00392605
6.41697	-0.0172139
6.41721	-0.00846869
6.41746	0.0057579
6.4177	0.00354858
6.41795	-0.00652484
6.41819	-0.00429102
6.41844	0.00726187
6.41868	0.0107999
6.41892	0.00399552
6.41917	-0.00212373
6.41941	-0.00341948
6.41966	-0.00252948
6.4199	0.00162292
6.42015	0.00811522
6.42039	0.00818348
6.42064	-0.000246656
6.42088	-0.00368238
6.42113	0.00668362
6.42137	0.0183322
6.42162	0.0166239
6.42186	0.00785699
6.4221	0.00596944
6.42235	0.0084708
6.42259	0.00486965
6.42284	-0.00114098
6.42308	0.00158352
6.42333	0.00988648
6.42357	0.0109949
6.42382	0.00400478
6.42406	-0.00123858
6.42431	-0.00225569
6.42455	-0.00381593
6.4248	-0.00411184
6.42504	0.00179491
6.42528	0.00827578
6.42553	0.00589297
6.42577	-0.00104182
6.42602	-0.000529647
6.42626	0.00595462
6.42651	0.0058982
6.42675	-0.00163104
6.427	-0.00392183
6.42724	0.00324898
6.42749	0.00876983
6.42773	0.00564238
6.42797	0.00175551
6.42822	0.00510869
6.42846	0.0111315
6.42871	0.0119394
6.42895	0.00811472
6.4292	0.00396621
6.42944	-0.00109926
6.42969	-0.00880583
6.42993	-0.0145494
6.43018	-0.0112934
6.43042	-7.59926e-05
6.43067	0.00841262
6.43091	0.00494578
6.43115	-0.00660951
6.4314	-0.0117949
6.43164	-0.00239014
6.43189	0.0120284
6.43213	0.0154267
6.43238	0.0065491
6.43262	-0.000529499
6.43287	0.00200222
6.43311	0.00522085
6.43336	-0.000478276
6.4336	-0.0101682
6.43385	-0.0132624
6.43409	-0.00859193
6.43433	-0.0022118
6.43458	0.00220113
6.43482	0.00312097
6.43507	-0.000713646
6.43531	-0.0047169
6.43556	0.000110674
6.4358	0.0126021
6.43605	0.018448
6.43629	0.0102168
6.43654	-0.00114978
6.43678	-0.00462174
6.43703	-0.00550576
6.43727	-0.0107051
6.43751	-0.0117719
6.43776	-0.000207756
6.438	0.0122788
6.43825	0.00943344
6.43849	-0.00234762
6.43874	-0.00422163
6.43898	0.0040471
6.43923	0.00640177
6.43947	0.000491746
6.43972	0.00105326
6.43996	0.0121377
6.44021	0.0188897
6.44045	0.0118911
6.44069	0.00015676
6.44094	-0.00594008
6.44118	-0.0076543
6.44143	-0.00818902
6.44167	-0.00580766
6.44192	-0.00232986
6.44216	-0.00422822
6.44241	-0.0100991
6.44265	-0.0104075
6.4429	-0.00374544
6.44314	0.000587835
6.44338	-0.000102498
6.44363	0.00273838
6.44387	0.0111838
6.44412	0.0140494
6.44436	0.00523278
6.44461	-0.00500547
6.44485	-0.00527545
6.4451	0.00208263
6.44534	0.00854633
6.44559	0.0106982
6.44583	0.00754213
6.44608	-0.00202403
6.44632	-0.0122327
6.44656	-0.0120725
6.44681	-0.0010763
6.44705	0.00690437
6.4473	0.0025835
6.44754	-0.00623549
6.44779	-0.007803
6.44803	-0.00201873
6.44828	0.00420881
6.44852	0.00776425
6.44877	0.00832608
6.44901	0.00498404
6.44926	0.000146461
6.4495	-0.000849462
6.44974	0.00150846
6.44999	0.00090302
6.45023	-0.00333894
6.45048	-0.00514935
6.45072	-0.00408831
6.45097	-0.00568873
6.45121	-0.00701802
6.45146	0.00154432
6.4517	0.0151116
6.45195	0.0141267
6.45219	-0.00505686
6.45244	-0.0188111
6.45268	-0.00948659
6.45292	0.00783605
6.45317	0.0095672
6.45341	-0.000936173
6.45366	-0.00357866
6.4539	0.00412006
6.45415	0.00665146
6.45439	-0.000859178
6.45464	-0.00664486
6.45488	-0.00456344
6.45513	-0.0023303
6.45537	-0.00487636
6.45561	-0.00620311
6.45586	-0.0020474
6.4561	0.00268068
6.45635	0.00355876
6.45659	0.00322103
6.45684	0.0044646
6.45708	0.00515026
6.45733	0.0030042
6.45757	-0.000818796
6.45782	-0.00430035
6.45806	-0.00579745
6.45831	-0.00379393
6.45855	-0.000372718
6.45879	-0.00163467
6.45904	-0.00850746
6.45928	-0.011912
6.45953	-0.00521148
6.45977	0.00364705
6.46002	0.00278955
6.46026	-0.00489952
6.46051	-0.00589151
6.46075	0.00298408
6.461	0.00994679
6.46124	0.00556457
6.46149	-0.00562429
6.46173	-0.0125114
6.46197	-0.0089631
6.46222	0.00217664
6.46246	0.0104141
6.46271	0.00548074
6.46295	-0.00926935
6.4632	-0.0163187
6.46344	-0.00584383
6.46369	0.00864041
6.46393	0.00923034
6.46418	0.00118739
6.46442	0.0036571
6.46467	0.016943
6.46491	0.021086
6.46515	0.00891137
6.4654	-0.00246607
6.46564	-0.000587059
6.46589	0.00356179
6.46613	-0.00187646
6.46638	-0.00755501
6.46662	-0.000697181
6.46687	0.00958009
6.46711	0.00502424
6.46736	-0.0119026
6.4676	-0.0210357
6.46784	-0.0142985
6.46809	-0.004391
6.46833	-0.00339994
6.46858	-0.00854665
6.46882	-0.0121288
6.46907	-0.0124003
6.46931	-0.01013
6.46956	-0.00483735
6.4698	0.000730495
6.47005	0.00076069
6.47029	-0.00463759
6.47054	-0.00782112
6.47078	-0.00492423
6.47102	-0.00184527
6.47127	-0.00446868
6.47151	-0.00931553
6.47176	-0.00919666
6.472	-0.00330522
6.47225	0.0033053
6.47249	0.00633954
6.47274	0.00421734
6.47298	-0.00222289
6.47323	-0.0077478
6.47347	-0.00553506
6.47372	0.0028256
6.47396	0.00560413
6.4742	-0.00385201
6.47445	-0.0154627
6.47469	-0.0152596
6.47494	-0.00583216
6.47518	-0.00211126
6.47543	-0.00805417
6.47567	-0.0111469
6.47592	-0.00289534
6.47616	0.00848864
6.47641	0.0120298
6.47665	0.00871848
6.4769	0.00389583
6.47714	-0.0040177
6.47738	-0.0157578
6.47763	-0.0213059
6.47787	-0.0121609
6.47812	0.00183972
6.47836	0.00317645
6.47861	-0.00801077
6.47885	-0.0143815
6.4791	-0.00747561
6.47934	0.00208176
6.47959	0.00376321
6.47983	0.00178068
6.48007	0.00373542
6.48032	0.00681659
6.48056	0.00428055
6.48081	-0.00273262
6.48105	-0.00812224
6.4813	-0.00937925
6.48154	-0.00690254
6.48179	-0.00104961
6.48203	0.0044239
6.48228	0.00296658
6.48252	-0.00458078
6.48277	-0.00766515
6.48301	-0.000690365
6.48325	0.00743573
6.4835	0.00654792
6.48374	0.000609473
6.48399	-0.000312417
6.48423	0.00263547
6.48448	-6.0882e-06
6.48472	-0.00852541
6.48497	-0.0117951
6.48521	-0.00347162
6.48546	0.00932773
6.4857	0.0157548
6.48595	0.0124364
6.48619	0.00314872
6.48643	-0.00646116
6.48668	-0.0116638
6.48692	-0.010974
6.48717	-0.00784906
6.48741	-0.00683473
6.48766	-0.00719524
6.4879	-0.0036429
6.48815	0.00563159
6.48839	0.0146919
6.48864	0.0153605
6.48888	0.00611221
6.48913	-0.0055628
6.48937	-0.0104178
6.48961	-0.00712559
6.48986	-0.00261253
6.4901	-0.00159663
6.49035	-0.000556016
6.49059	0.00337291
6.49084	0.00358842
6.49108	-0.00596539
6.49133	-0.0160388
6.49157	-0.0115242
6.49182	0.00458521
6.49206	0.0127821
6.4923	0.00597171
6.49255	-0.000370665
6.49279	0.00525272
6.49304	0.0115172
6.49328	0.00474768
6.49353	-0.00726511
6.49377	-0.00859969
6.49402	-0.000740929
6.49426	0.00330358
6.49451	0.00180417
6.49475	0.00244885
6.495	0.00386721
6.49524	-0.00193882
6.49548	-0.0117798
6.49573	-0.0138548
6.49597	-0.00669263
6.49622	0.00050941
6.49646	0.00439168
6.49671	0.00798441
6.49695	0.00748175
6.4972	-0.00316746
6.49744	-0.0155341
6.49769	-0.0141297
6.49793	-0.00174393
6.49818	0.00253143
6.49842	-0.00654509
6.49866	-0.0123396
6.49891	-0.00433349
6.49915	0.00579904
6.4994	0.00508648
6.49964	-0.00146966
6.49989	-0.00351868
6.50013	-0.00235667
6.50038	-0.00342161
6.50062	-0.00396276
6.50087	9.20331e-06
6.50111	0.00371122
6.50136	0.000807355
6.5016	-0.00654054
6.50184	-0.0121383
6.50209	-0.0130007
6.50233	-0.00760818
6.50258	0.00354215
6.50282	0.0118525
6.50307	0.00696805
6.50331	-0.00639272
6.50356	-0.0114042
6.5038	-0.00380053
6.50405	0.00203631
6.50429	-0.00196594
6.50453	-0.0047813
6.50478	0.00168563
6.50502	0.00707285
6.50527	0.0030791
6.50551	0.000739964
6.50576	0.00912001
6.506	0.0141135
6.50625	0.000911072
6.50649	-0.0164045
6.50674	-0.0133958
6.50698	0.00597042
6.50723	0.0160563
6.50747	0.00975005
6.50771	0.00412759
6.50796	0.00687625
6.5082	0.00551458
6.50845	-0.00488076
6.50869	-0.00974154
6.50894	-0.00101253
6.50918	0.00723844
6.50943	0.00233925
6.50967	-0.00601295
6.50992	-0.00306402
6.51016	0.00679643
6.51041	0.00901028
6.51065	0.0024445
6.51089	-0.00139826
6.51114	0.00241556
6.51138	0.00710951
6.51163	0.0063062
6.51187	0.0013232
6.51212	-0.00286455
6.51236	-0.00226835
6.51261	0.00394983
6.51285	0.0109157
6.5131	0.0105061
6.51334	0.00137241
6.51359	-0.00674049
6.51383	-0.00400159
6.51407	0.00703343
6.51432	0.0152341
6.51456	0.0146069
6.51481	0.00875579
6.51505	0.00345489
6.5153	0.000456757
6.51554	-0.00127093
6.51579	-0.00230832
6.51603	-0.00178254
6.51628	0.00181261
6.51652	0.00811155
6.51677	0.0125995
6.51701	0.00969253
6.51725	0.000171885
6.5175	-0.00742037
6.51774	-0.00608983
6.51799	0.000915743
6.51823	0.00410906
6.51848	-0.000694253
6.51872	-0.00784232
6.51897	-0.00832805
6.51921	0.00136959
6.51946	0.0161559
6.5197	0.0262372
6.51994	0.0253028
6.52019	0.016667
6.52043	0.00999507
6.52068	0.0100784
6.52092	0.0109472
6.52117	0.00440352
6.52141	-0.00727158
6.52166	-0.0123301
6.5219	-0.00438037
6.52215	0.00856997
6.52239	0.0135295
6.52264	0.00806963
6.52288	0.00159524
6.52312	0.00194265
6.52337	0.00640479
6.52361	0.0080043
6.52386	0.00541681
6.5241	0.00220394
6.52435	-9.94976e-05
6.52459	-0.00205801
6.52484	-0.00154926
6.52508	0.00380979
6.52533	0.00952791
6.52557	0.00766457
6.52582	-0.000224693
6.52606	-0.00193386
6.5263	0.00832607
6.52655	0.019092
6.52679	0.0159083
6.52704	0.00140173
6.52728	-0.00850628
6.52753	-0.00628664
6.52777	-0.000506867
6.52802	-0.000832887
6.52826	-0.00473015
6.52851	-0.00353122
6.52875	0.0045005
6.529	0.0125727
6.52924	0.0141847
6.52948	0.0098705
6.52973	0.00603109
6.52997	0.00822314
6.53022	0.0144755
6.53046	0.016264
6.53071	0.00904133
6.53095	3.34254e-05
6.5312	8.13369e-05
6.53144	0.00845201
6.53169	0.013208
6.53193	0.0081008
6.53217	0.000627013
6.53242	-0.000959861
6.53266	-9.2209e-05
6.53291	-0.00359159
6.53315	-0.00764112
6.5334	-0.00304626
6.53364	0.00806765
6.53389	0.012448
6.53413	0.00427026
6.53438	-0.00648498
6.53462	-0.00826876
6.53487	-0.00253599
6.53511	0.00134172
6.53535	-0.000601023
6.5356	-0.00502679
6.53584	-0.0081554
6.53609	-0.00809389
6.53633	-0.00371053
6.53658	0.00265975
6.53682	0.00452239
6.53707	-0.000410116
6.53731	-0.00468369
6.53756	-0.00162063
6.5378	0.00248461
6.53805	-0.00272309
6.53829	-0.0128789
6.53853	-0.0128267
6.53878	-0.000877365
6.53902	0.00615096
6.53927	-0.00153471
6.53951	-0.0109452
6.53976	-0.00703085
6.54	0.00359
6.54025	0.00465096
6.54049	-0.00309259
6.54074	-0.00486874
6.54098	0.00284689
6.54123	0.0081988
6.54147	0.00483729
6.54171	-3.59362e-05
6.54196	-0.000943491
6.5422	-0.00194153
6.54245	-0.00506473
6.54269	-0.00537169
6.54294	-0.00261082
6.54318	-0.00400923
6.54343	-0.00946466
6.54367	-0.00798082
6.54392	0.0035322
6.54416	0.0118474
6.5444	0.00750834
6.54465	-1.06606e-05
6.54489	0.000843886
6.54514	0.00402647
6.54538	-0.00226547
6.54563	-0.0136525
6.54587	-0.0157207
6.54612	-0.00613697
6.54636	0.00461525
6.54661	0.0102516
6.54685	0.0120257
6.5471	0.0090952
6.54734	0.000458828
6.54758	-0.00635196
6.54783	-0.00351166
6.54807	0.00236976
6.54832	-0.000729735
6.54856	-0.00840115
6.54881	-0.00462128
6.54905	0.0109055
6.5493	0.0192016
6.54954	0.0104638
6.54979	-0.0017541
6.55003	-0.00246485
6.55028	0.004479
6.55052	0.00757123
6.55076	0.00546133
6.55101	0.0029332
6.55125	0.000596507
6.5515	-0.000706023
6.55174	0.00438733
6.55199	0.0147163
6.55223	0.017377
6.55248	0.00555409
6.55272	-0.00783142
6.55297	-0.0077194
6.55321	0.000441663
6.55346	0.00121327
6.5537	-0.00475265
6.55394	-0.00383644
6.55419	0.00446113
6.55443	0.00503777
6.55468	-0.00652134
6.55492	-0.014435
6.55517	-0.00716419
6.55541	0.0047353
6.55566	0.00630156
6.5559	0.00114444
6.55615	0.00301095
6.55639	0.0122488
6.55663	0.015731
6.55688	0.00795217
6.55712	-0.00118728
6.55737	-0.00154307
6.55761	0.00450787
6.55786	0.00808569
6.5581	0.00532727
6.55835	-0.00105576
6.55859	-0.00637927
6.55884	-0.0064154
6.55908	0.000357066
6.55933	0.00903843
6.55957	0.0105998
6.55981	0.00213223
6.56006	-0.00812628
6.5603	-0.0104661
6.56055	-0.00570209
6.56079	-0.00219618
6.56104	-0.00302185
6.56128	-0.00299555
6.56153	0.00139345
6.56177	0.00622967
6.56202	0.00675423
6.56226	0.00370734
6.56251	-0.000203064
6.56275	-0.00486294
6.56299	-0.00973912
6.56324	-0.0111833
6.56348	-0.00761221
6.56373	-0.0032247
6.56397	-0.00154224
6.56422	0.000276284
6.56446	0.00467966
6.56471	0.00646315
6.56495	0.000887487
6.5652	-0.00507579
6.56544	-0.000891761
6.56569	0.00960153
6.56593	0.0112251
6.56617	0.000236423
6.56642	-0.0090628
6.56666	-0.00578787
6.56691	0.00189775
6.56715	0.00125098
6.5674	-0.00541005
6.56764	-0.00691484
6.56789	-0.00162504
6.56813	0.00301532
6.56838	0.00481318
6.56862	0.00770994
6.56886	0.0104456
6.56911	0.00747734
6.56935	0.00151776
6.5696	0.00223858
6.56984	0.00980836
6.57009	0.012117
6.57033	0.00346056
6.57058	-0.00545859
6.57082	-0.00366571
6.57107	0.00373599
6.57131	0.00502674
6.57156	0.000235091
6.5718	-0.00143465
6.57204	0.00157853
6.57229	0.00129283
6.57253	-0.00484487
6.57278	-0.00818145
6.57302	-0.00166636
6.57327	0.00938322
6.57351	0.0141545
6.57376	0.00932632
6.574	0.000951946
6.57425	-0.00368487
6.57449	-0.00252833
6.57474	0.00134014
6.57498	0.00352239
6.57522	0.00238147
6.57547	0.000146627
6.57571	-0.000523625
6.57596	-0.000121047
6.5762	-0.000205177
6.57645	0.00105002
6.57669	0.00698844
6.57694	0.0156843
6.57718	0.0198071
6.57743	0.0155722
6.57767	0.00802517
6.57792	0.00436012
6.57816	0.00515947
6.5784	0.0059665
6.57865	0.00498783
6.57889	0.00439888
6.57914	0.00481508
6.57938	0.00348363
6.57963	-0.000684934
6.57987	-0.00415333
6.58012	-0.00346055
6.58036	-0.000624049
6.58061	-0.000590263
6.58085	-0.00396302
6.58109	-0.00576552
6.58134	-0.00250662
6.58158	0.00281478
6.58183	0.0054848
6.58207	0.00590777
6.58232	0.00689883
6.58256	0.00626279
6.58281	-0.000187929
6.58305	-0.00761417
6.5833	-0.00427239
6.58354	0.010033
6.58379	0.0179057
6.58403	0.0071717
6.58427	-0.00854157
6.58452	-0.00709582
6.58476	0.00884819
6.58501	0.0145101
6.58525	0.000156232
6.5855	-0.0146737
6.58574	-0.0119118
6.58599	-0.000975176
6.58623	-0.000222383
6.58648	-0.00774687
6.58672	-0.00891795
6.58697	-0.00284754
6.58721	-0.00106912
6.58745	-0.00471519
6.5877	-0.00319015
6.58794	0.00502955
6.58819	0.00912495
6.58843	0.00566461
6.58868	0.0040709
6.58892	0.00812272
6.58917	0.0087796
6.58941	0.00215632
6.58966	-0.0011885
6.5899	0.00549405
6.59015	0.0114089
6.59039	0.00495156
6.59063	-0.00638925
6.59088	-0.00665585
6.59112	0.0046637
6.59137	0.0131237
6.59161	0.0108193
6.59186	0.00474357
6.5921	0.00325869
6.59235	0.00470564
6.59259	0.00288195
6.59284	-0.00278491
6.59308	-0.00689521
6.59333	-0.00549176
6.59357	-0.000773693
6.59381	0.00204129
6.59406	0.00139771
6.5943	0.000502375
6.59455	0.00092038
6.59479	-0.000462806
6.59504	-0.00414562
6.59528	-0.00326925
6.59553	0.0058469
6.59577	0.0133427
6.59602	0.00790729
6.59626	-0.0035901
6.5965	-0.00358117
6.59675	0.00887579
6.59699	0.0157003
6.59724	0.00862406
6.59748	0.00101912
6.59773	0.002147
6.59797	-2.25576e-05
6.59822	-0.0147826
6.59846	-0.0256634
6.59871	-0.0133671
6.59895	0.010511
6.5992	0.0174831
6.59944	0.00376121
6.59968	-0.00739457
6.59993	-0.00387384
6.60017	9.75311e-05
6.60042	-0.00788133
6.60066	-0.0178025
6.60091	-0.0154073
6.60115	-0.00394094
6.6014	0.00409853
6.60164	0.00487953
6.60189	0.00217948
6.60213	-0.00206622
6.60238	-0.00633773
6.60262	-0.00619002
6.60286	-0.000927712
6.60311	0.00251347
6.60335	-0.000717269
6.6036	-0.00598543
6.60384	-0.00746465
6.60409	-0.00693421
6.60433	-0.00801312
6.60458	-0.00875907
6.60482	-0.00697706
6.60507	-0.00601548
6.60531	-0.00776468
6.60556	-0.0067133
6.6058	0.000430537
6.60604	0.00557234
6.60629	-0.000103897
6.60653	-0.0109575
6.60678	-0.013428
6.60702	-0.00532191
6.60727	0.00236046
6.60751	0.00229987
6.60776	-0.000885986
6.608	-0.000585786
6.60825	0.00297557
6.60849	0.00657998
6.60873	0.00892717
6.60898	0.00851517
6.60922	0.00324989
6.60947	-0.00450964
6.60971	-0.00847368
6.60996	-0.00729391
6.6102	-0.00682687
6.61045	-0.00956754
6.61069	-0.00857757
6.61094	0.00135928
6.61118	0.0118227
6.61143	0.009374
6.61167	-0.00535684
6.61191	-0.0165197
6.61216	-0.0128531
6.6124	-0.000736015
6.61265	0.00650147
6.61289	0.00572953
6.61314	0.00428253
6.61338	0.00708352
6.61363	0.0109247
6.61387	0.0110995
6.61412	0.00768848
6.61436	0.00383623
6.61461	0.00179921
6.61485	0.00212808
6.61509	0.00397344
6.61534	0.00540363
6.61558	0.00574105
6.61583	0.00727456
6.61607	0.0115686
6.61632	0.0147058
6.61656	0.0107586
6.61681	0.00054229
6.61705	-0.00771154
6.6173	-0.0078507
6.61754	-0.00203715
6.61779	0.00351638
6.61803	0.00486081
6.61827	0.00153669
6.61852	-0.00349803
6.61876	-0.00420132
6.61901	0.00254382
6.61925	0.010073
6.6195	0.00827887
6.61974	-0.00113817
6.61999	-0.00455206
6.62023	0.00418085
6.62048	0.0137336
6.62072	0.011825
6.62096	0.00262182
6.62121	-0.00222273
6.62145	-0.00221561
6.6217	-0.00517597
6.62194	-0.0105991
6.62219	-0.0097226
6.62243	-0.0011373
6.62268	0.00640011
6.62292	0.00781624
6.62317	0.00730859
6.62341	0.00847107
6.62366	0.00905278
6.6239	0.00760902
6.62414	0.00590322
6.62439	0.00293076
6.62463	-0.00354095
6.62488	-0.00768337
6.62512	0.000493119
6.62537	0.0177329
6.62561	0.0258439
6.62586	0.0147572
6.6261	-0.00260613
6.62635	-0.00753194
6.62659	0.000207991
6.62684	0.00573336
6.62708	0.00168845
6.62732	-0.00385071
6.62757	-0.00151761
6.62781	0.0067095
6.62806	0.0118016
6.6283	0.0095291
6.62855	0.00482531
6.62879	0.00546892
6.62904	0.0126942
6.62928	0.0191826
6.62953	0.0177401
6.62977	0.0103751
6.63002	0.0053187
6.63026	0.00629194
6.6305	0.009667
6.63075	0.0114092
6.63099	0.0105177
6.63124	0.0058026
6.63148	-0.00299549
6.63173	-0.00979049
6.63197	-0.0064529
6.63222	0.00481418
6.63246	0.0119027
6.63271	0.00892438
6.63295	0.00302676
6.63319	0.00130941
6.63344	0.00132203
6.63368	0.000435385
6.63393	0.00333842
6.63417	0.0111531
6.63442	0.0135713
6.63466	0.00361405
6.63491	-0.00839285
6.63515	-0.00883504
6.6354	-0.00166974
6.63564	-0.000408226
6.63589	-0.00484687
6.63613	-0.0029706
6.63637	0.00621919
6.63662	0.0100473
6.63686	0.00399928
6.63711	-0.00114978
6.63735	0.0013837
6.6376	0.00404532
6.63784	0.000633239
6.63809	-0.00239981
6.63833	0.000777674
6.63858	0.00378876
6.63882	0.000186285
6.63907	-0.00383926
6.63931	-0.000398015
6.63955	0.00563736
6.6398	0.00531394
6.64004	0.00121094
6.64029	0.00158299
6.64053	0.00492336
6.64078	0.00378732
6.64102	-0.000275092
6.64127	0.000408057
6.64151	0.0042794
6.64176	0.00224985
6.642	-0.00561502
6.64225	-0.00896253
6.64249	-0.00399411
6.64273	0.00185219
6.64298	0.00432954
6.64322	0.00774591
6.64347	0.0117567
6.64371	0.00713764
6.64396	-0.00748748
6.6442	-0.0173656
6.64445	-0.0107425
6.64469	0.00309771
6.64494	0.00653585
6.64518	-0.00229067
6.64542	-0.00994556
6.64567	-0.00798247
6.64591	-0.000918036
6.64616	0.00455803
6.6464	0.007511
6.64665	0.00885395
6.64689	0.00786179
6.64714	0.00469816
6.64738	0.00129101
6.64763	-0.00103985
6.64787	-0.0014504
6.64812	0.00110994
6.64836	0.00438662
6.6486	0.00213078
6.64885	-0.00724544
6.64909	-0.01497
6.64934	-0.0122948
6.64958	-0.00342545
6.64983	0.000625669
6.65007	-0.00132982
6.65032	-0.000536093
6.65056	0.00576966
6.65081	0.00977659
6.65105	0.00691418
6.6513	0.00366293
6.65154	0.00663132
6.65178	0.0123009
6.65203	0.0137108
6.65227	0.0111596
6.65252	0.00996967
6.65276	0.0113903
6.65301	0.0111525
6.65325	0.00545063
6.6535	-0.00463537
6.65374	-0.0133445
6.65399	-0.0140978
6.65423	-0.00580183
6.65448	0.00446871
6.65472	0.00827924
6.65496	0.00506239
6.65521	0.00117222
6.65545	0.00119623
6.6557	0.00481771
6.65594	0.0103525
6.65619	0.0154611
6.65643	0.0160468
6.65668	0.0110244
6.65692	0.00614385
6.65717	0.00586541
6.65741	0.00485175
6.65765	-0.00285219
6.6579	-0.00996513
6.65814	-0.00464512
6.65839	0.00864624
6.65863	0.0127907
6.65888	0.00415828
6.65912	-0.00157839
6.65937	0.00545574
6.65961	0.0151041
6.65986	0.0159389
6.6601	0.0126556
6.66035	0.0140317
6.66059	0.0168502
6.66083	0.0139482
6.66108	0.00784748
6.66132	0.00487824
6.66157	0.0045707
6.66181	0.00474253
6.66206	0.00777025
6.6623	0.0123906
6.66255	0.0100881
6.66279	-0.000211808
6.66304	-0.00557702
6.66328	0.00141739
6.66353	0.00924127
6.66377	0.00659053
6.66401	0.00150134
6.66426	0.00514849
6.6645	0.00995352
6.66475	0.00377832
6.66499	-0.00549409
6.66524	-0.00250519
6.66548	0.00680385
6.66573	0.00397507
6.66597	-0.00928944
6.66622	-0.0133984
6.66646	-0.00472319
6.66671	-0.000644911
6.66695	-0.0077601
6.66719	-0.011089
6.66744	-0.00235128
6.66768	0.00494171
6.66793	-0.000119367
6.66817	-0.00688107
6.66842	-0.00214752
6.66866	0.00799259
6.66891	0.00969958
6.66915	0.00269651
6.6694	-0.00334722
6.66964	-0.00473644
6.66988	-0.00417276
6.67013	-0.00194711
6.67037	0.00284116
6.67062	0.00684471
6.67086	0.00604281
6.67111	0.00141746
6.67135	-0.00331532
6.6716	-0.00537734
6.67184	-0.00229537
6.67209	0.00593413
6.67233	0.0124695
6.67258	0.0095501
6.67282	0.000738608
6.67306	-0.00193727
6.67331	0.00445054
6.67355	0.0091228
6.6738	0.00429353
6.67404	-0.00359003
6.67429	-0.00445109
6.67453	0.00223358
6.67478	0.0101589
6.67502	0.0147793
6.67527	0.0146074
6.67551	0.010292
6.67576	0.00578625
6.676	0.00496031
6.67624	0.005941
6.67649	0.00492171
6.67673	0.00433889
6.67698	0.00871083
6.67722	0.0142396
6.67747	0.0134731
6.67771	0.00889545
6.67796	0.00932851
6.6782	0.0138659
6.67845	0.0136548
6.67869	0.00936563
6.67894	0.0108336
6.67918	0.0180285
6.67942	0.019574
6.67967	0.0130401
6.67991	0.0090428
6.68016	0.0110048
6.6804	0.0092096
6.68065	0.000685984
6.68089	-0.00361687
6.68114	0.00141767
6.68138	0.00651506
6.68163	0.00668262
6.68187	0.00925574
6.68212	0.0149893
6.68236	0.011892
6.6826	-0.00144812
6.68285	-0.00759047
6.68309	0.00176832
6.68334	0.0106742
6.68358	0.00649028
6.68383	0.000891664
6.68407	0.00581395
6.68432	0.0102234
6.68456	0.00204616
6.68481	-0.00699906
6.68505	-0.00259884
6.68529	0.00439968
6.68554	-0.00197592
6.68578	-0.0111446
6.68603	-0.00347489
6.68627	0.0133261
6.68652	0.0161263
6.68676	0.00550041
6.68701	0.00186769
6.68725	0.00868672
6.6875	0.0107329
6.68774	0.00571084
6.68799	0.00653524
6.68823	0.0127828
6.68847	0.0103501
6.68872	0.000928879
6.68896	0.00184329
6.68921	0.013275
6.68945	0.0155593
6.6897	0.00450081
6.68994	-0.000442493
6.69019	0.00879878
6.69043	0.0149839
6.69068	0.00733936
6.69092	-0.000660496
6.69117	0.00170066
6.69141	0.00404893
6.69165	-0.00145235
6.6919	-0.00329949
6.69214	0.00532313
6.69239	0.00920516
6.69263	-0.00280611
6.69288	-0.015628
6.69312	-0.0127671
6.69337	-0.00389939
6.69361	-0.00490155
6.69386	-0.00805621
6.6941	0.00185572
6.69435	0.0156329
6.69459	0.0122021
6.69483	-0.00505221
6.69508	-0.0123909
6.69532	-0.0029337
6.69557	0.00620087
6.69581	0.00419905
6.69606	-0.000130964
6.6963	0.0010583
6.69655	0.00241323
6.69679	0.000224395
6.69704	0.00135527
6.69728	0.00920444
6.69752	0.0152236
6.69777	0.0126948
6.69801	0.00741318
6.69826	0.00703706
6.6985	0.00959318
6.69875	0.00968279
6.69899	0.00763693
6.69924	0.00558618
6.69948	0.0017955
6.69973	-0.00430957
6.69997	-0.00771756
6.70022	-0.00493778
6.70046	-9.97815e-05
6.7007	0.00226126
6.70095	0.00516777
6.70119	0.0126116
6.70144	0.0192995
6.70168	0.0159396
6.70193	0.00351456
6.70217	-0.00624438
6.70242	-0.00582885
6.70266	-1.58954e-05
6.70291	0.00364167
6.70315	0.0051952
6.7034	0.00790954
6.70364	0.00935183
6.70388	0.0052267
6.70413	-0.000416199
6.70437	0.00140866
6.70462	0.00993788
6.70486	0.0134448
6.70511	0.00722647
6.70535	0.00287583
6.7056	0.0109081
6.70584	0.0221922
6.70609	0.0196886
6.70633	0.00497812
6.70658	-0.00194862
6.70682	0.00886674
6.70706	0.0233125
6.70731	0.0238679
6.70755	0.0127078
6.7078	0.00468152
6.70804	0.00506053
6.70829	0.00561245
6.70853	0.000134151
6.70878	-0.00635982
6.70902	-0.00586998
6.70927	0.00119661
6.70951	0.00630816
6.70975	0.00324526
6.71	-0.00370097
6.71024	-0.00417006
6.71049	0.00448484
6.71073	0.0118093
6.71098	0.00772881
6.71122	-0.00226481
6.71147	-0.00437315
6.71171	0.00266619
6.71196	0.00605356
6.7122	0.000334406
6.71245	-0.00329958
6.71269	0.00388263
6.71293	0.0123557
6.71318	0.00906382
6.71342	-0.00125654
6.71367	-0.00335455
6.71391	0.00492771
6.71416	0.0105154
6.7144	0.00573808
6.71465	-0.00151713
6.71489	-0.000744936
6.71514	0.0072606
6.71538	0.0129215
6.71563	0.00913772
6.71587	-0.00168778
6.71611	-0.00909701
6.71636	-0.0045955
6.7166	0.00703947
6.71685	0.0112289
6.71709	0.00294611
6.71734	-0.00466207
6.71758	0.000801522
6.71783	0.0115146
6.71807	0.0118109
6.71832	0.0038107
6.71856	0.00355138
6.71881	0.0134339
6.71905	0.0177777
6.71929	0.0092663
6.71954	0.000953792
6.71978	0.00374018
6.72003	0.00872742
6.72027	0.00395191
6.72052	-0.00497812
6.72076	-0.00531319
6.72101	0.00174959
6.72125	0.00551993
6.7215	0.00455554
6.72174	0.00575275
6.72198	0.00878851
6.72223	0.00646566
6.72247	-0.000714318
6.72272	-0.00408991
6.72296	-0.00140296
6.72321	0.000529636
6.72345	-0.00109832
6.7237	-0.00113758
6.72394	0.00221799
6.72419	0.00350184
6.72443	0.000666645
6.72468	-0.000893756
6.72492	0.000956285
6.72516	0.000575829
6.72541	-0.00428577
6.72565	-0.00674237
6.7259	-0.00257182
6.72614	0.00152017
6.72639	-0.000724043
6.72663	-0.00370389
6.72688	0.000763711
6.72712	0.00929743
6.72737	0.0123479
6.72761	0.00910458
6.72786	0.00635298
6.7281	0.00539389
6.72834	0.00125178
6.72859	-0.00570357
6.72883	-0.00801076
6.72908	-0.00259899
6.72932	0.00476072
6.72957	0.00847241
6.72981	0.00868904
6.73006	0.00614256
6.7303	-0.000137756
6.73055	-0.0068209
6.73079	-0.00628323
6.73104	0.00247851
6.73128	0.00976363
6.73152	0.00746254
6.73177	-0.000280558
6.73201	-0.00431775
6.73226	-0.00306736
6.7325	-0.00128022
6.73275	-0.000579297
6.73299	0.00138259
6.73324	0.00472301
6.73348	0.00690052
6.73373	0.00683843
6.73397	0.00406487
6.73421	-0.00332034
6.73446	-0.0133368
6.7347	-0.0165072
6.73495	-0.00676106
6.73519	0.0062453
6.73544	0.00705077
6.73568	-0.0031531
6.73593	-0.00689254
6.73617	0.00314552
6.73642	0.0121231
6.73666	0.0062222
6.73691	-0.00500688
6.73715	-0.0036445
6.73739	0.00789033
6.73764	0.0109912
6.73788	0.00113156
6.73813	-0.00506889
6.73837	0.00296103
6.73862	0.012727
6.73886	0.00855362
6.73911	-0.00442853
6.73935	-0.0091525
6.7396	-0.00179734
6.73984	0.0054883
6.74009	0.00412804
6.74033	-0.0008075
6.74057	-0.000800297
6.74082	0.00492471
6.74106	0.0104309
6.74131	0.0096503
6.74155	0.00141641
6.7418	-0.00791427
6.74204	-0.00869131
6.74229	0.000277705
6.74253	0.00754559
6.74278	0.00328649
6.74302	-0.00626939
6.74327	-0.00774748
6.74351	-0.000294494
6.74375	0.0056484
6.744	0.00721022
6.74424	0.0120746
6.74449	0.0208365
6.74473	0.0220289
6.74498	0.0106982
6.74522	-0.00196107
6.74547	-0.00554605
6.74571	-0.00428333
6.74596	-0.00475835
6.7462	-0.00269601
6.74644	0.00579818
6.74669	0.011438
6.74693	0.00537991
6.74718	-0.00321246
6.74742	-0.000119241
6.74767	0.00971669
6.74791	0.0094516
6.74816	-0.00119249
6.7484	-0.00455881
6.74865	0.00613757
6.74889	0.0154858
6.74914	0.00971264
6.74938	-0.0036916
6.74962	-0.0090224
6.74987	-0.00354498
6.75011	0.003593
6.75036	0.00553458
6.7506	0.00251189
6.75085	-0.00187949
6.75109	-0.00265021
6.75134	0.00380997
6.75158	0.0140258
6.75183	0.0187616
6.75207	0.0137651
6.75232	0.00491452
6.75256	4.64018e-06
6.7528	0.000240286
6.75305	0.0022295
6.75329	0.00329809
6.75354	0.00262354
6.75378	0.00162168
6.75403	0.00393313
6.75427	0.00986739
6.75452	0.0120393
6.75476	0.00429334
6.75501	-0.00623802
6.75525	-0.00643911
6.7555	0.00320908
6.75574	0.00859462
6.75598	0.0036564
6.75623	-0.00154712
6.75647	0.000825735
6.75672	0.00417458
6.75696	0.00147226
6.75721	-0.00172919
6.75745	0.00118711
6.7577	0.00458321
6.75794	0.000737667
6.75819	-0.00571453
6.75843	-0.00590606
6.75868	-0.00202008
6.75892	-0.00204942
6.75916	-0.00515505
6.75941	-0.00448083
6.75965	-2.47734e-06
6.7599	0.00300971
6.76014	0.00438965
6.76039	0.00709822
6.76063	0.00877613
6.76088	0.00588691
6.76112	0.00214091
6.76137	0.00219606
6.76161	0.00163752
6.76185	-0.0051429
6.7621	-0.0117724
6.76234	-0.0076687
6.76259	0.00429895
6.76283	0.0111205
6.76308	0.00809682
6.76332	0.00115933
6.76357	-0.00609621
6.76381	-0.0132818
6.76406	-0.013897
6.7643	-0.00164515
6.76455	0.0142129
6.76479	0.0166317
6.76503	0.00540551
6.76528	-0.00251625
6.76552	0.000448081
6.76577	0.00348266
6.76601	-0.000695951
6.76626	-0.00337717
6.7665	0.00240342
6.76675	0.00821207
6.76699	0.00484788
6.76724	-0.00283888
6.76748	-0.00602076
6.76773	-0.00482485
6.76797	-0.00200371
6.76821	0.00390848
6.76846	0.00976177
6.7687	0.00564827
6.76895	-0.00752459
6.76919	-0.0125345
6.76944	-0.00114738
6.76968	0.00944411
6.76993	0.00193019
6.77017	-0.0126916
6.77042	-0.0120828
6.77066	0.0026122
6.77091	0.0116869
6.77115	0.0097811
6.77139	0.00930699
6.77164	0.0135725
6.77188	0.0115632
6.77213	0.00173418
6.77237	-0.00269061
6.77262	0.00246212
6.77286	0.00506648
6.77311	0.000341411
6.77335	0.000268818
6.7736	0.00973331
6.77384	0.0142661
6.77408	0.00474802
6.77433	-0.00495918
6.77457	-0.00121506
6.77482	0.00582358
6.77506	0.00101031
6.77531	-0.00806634
6.77555	-0.00453179
6.7758	0.00721365
6.77604	0.0090298
6.77629	0.00138767
6.77653	0.00258734
6.77678	0.0159372
6.77702	0.0225741
6.77726	0.0119479
6.77751	-0.00263635
6.77775	-0.00694949
6.778	-0.0047624
6.77824	-0.00367952
6.77849	0.000212118
6.77873	0.0103586
6.77898	0.0169533
6.77922	0.0111332
6.77947	0.00126312
6.77971	8.47925e-05
6.77996	0.00413161
6.7802	0.00144899
6.78044	-0.0065068
6.78069	-0.00727937
6.78093	0.000970836
6.78118	0.00625441
6.78142	0.00191057
6.78167	-0.00476278
6.78191	-0.00562536
6.78216	-0.00192949
6.7824	0.00187579
6.78265	0.00487272
6.78289	0.0065983
6.78314	0.00532794
6.78338	0.00271554
6.78362	0.00310265
6.78387	0.0056926
6.78411	0.00445495
6.78436	-0.00186804
6.7846	-0.00700474
6.78485	-0.00700961
6.78509	-0.00539495
6.78534	-0.00524177
6.78558	-0.00392317
6.78583	0.00010697
6.78607	0.00269967
6.78631	0.0014786
6.78656	0.00120636
6.7868	0.00556352
6.78705	0.00956187
6.78729	0.00729157
6.78754	0.00248017
6.78778	0.00332447
6.78803	0.00959202
6.78827	0.0128585
6.78852	0.00873824
6.78876	0.00173687
6.78901	-0.00250667
6.78925	-0.00353281
6.78949	-0.00304243
6.78974	-0.000801656
6.78998	0.00345678
6.79023	0.00711774
6.79047	0.00692762
6.79072	0.00341158
6.79096	0.000878089
6.79121	0.00255349
6.79145	0.00669165
6.7917	0.00852337
6.79194	0.00583244
6.79219	0.00105423
6.79243	-0.00256753
6.79267	-0.00445644
6.79292	-0.00475062
6.79316	-0.00202668
6.79341	0.00341902
6.79365	0.00665917
6.7939	0.00368844
6.79414	-0.00151549
6.79439	-0.00129634
6.79463	0.00469897
6.79488	0.00888499
6.79512	0.00643445
6.79537	0.000492351
6.79561	-0.00404199
6.79585	-0.00552431
6.7961	-0.00327973
6.79634	0.00277137
6.79659	0.00839687
6.79683	0.00795303
6.79708	0.0029794
6.79732	0.000559859
6.79757	0.00156312
6.79781	-9.17537e-05
6.79806	-0.00385655
6.7983	-0.000255014
6.79854	0.0118608
6.79879	0.0185071
6.79903	0.0111459
6.79928	0.0023641
6.79952	0.00708678
6.79977	0.0176751
6.80001	0.0153598
6.80026	0.00103613
6.8005	-0.00543867
6.80075	0.00321296
6.80099	0.0109613
6.80124	0.00491628
6.80148	-0.0054629
6.80172	-0.00574253
6.80197	0.0013003
6.80221	0.00414369
6.80246	0.00301263
6.8027	0.00652398
6.80295	0.0128381
6.80319	0.0101197
6.80344	-0.00322774
6.80368	-0.0123871
6.80393	-0.00576186
6.80417	0.00851318
6.80442	0.0133575
6.80466	0.00489884
6.8049	-0.00462677
6.80515	-0.00489736
6.80539	-1.60824e-05
6.80564	0.000355458
6.80588	-0.00392608
6.80613	-0.00432065
6.80637	0.00241761
6.80662	0.00908405
6.80686	0.00908326
6.80711	0.00590124
6.80735	0.0064537
6.8076	0.00974403
6.80784	0.00901229
6.80808	0.00304741
6.80833	-0.00190177
6.80857	-0.00184406
6.80882	-0.000299156
6.80906	-0.00179772
6.80931	-0.00500145
6.80955	-0.00518667
6.8098	-0.000744768
6.81004	0.00501394
6.81029	0.00713159
6.81053	0.00364685
6.81077	-0.00142596
6.81102	-0.000862737
6.81126	0.0070369
6.81151	0.0140789
6.81175	0.0111904
6.812	0.000606127
6.81224	-0.00693729
6.81249	-0.00669325
6.81273	-0.00403798
6.81298	-0.00319742
6.81322	-0.00114637
6.81347	0.00317394
6.81371	0.00293499
6.81395	-0.00554567
6.8142	-0.0131023
6.81444	-0.00897355
6.81469	0.00265745
6.81493	0.00793352
6.81518	0.00294072
6.81542	-0.00287371
6.81567	-0.0026659
6.81591	-0.000248946
6.81616	0.000301588
6.8164	0.00232244
6.81665	0.00856571
6.81689	0.0141309
6.81713	0.0137032
6.81738	0.0093722
6.81762	0.00539935
6.81787	0.00132012
6.81811	-0.00373712
6.81836	-0.00604818
6.8186	-0.00345597
6.81885	-0.000712412
6.81909	-0.00136755
6.81934	-0.000570955
6.81958	0.00541674
6.81983	0.00921517
6.82007	0.00311613
6.82031	-0.00581303
6.82056	-0.00518028
6.8208	0.0020496
6.82105	0.00223285
6.82129	-0.00511891
6.82154	-0.00621651
6.82178	0.00225415
6.82203	0.00633395
6.82227	-0.00114541
6.82252	-0.00835452
6.82276	-0.00594571
6.823	-0.00285843
6.82325	-0.00762035
6.82349	-0.0105039
6.82374	-0.00126107
6.82398	0.00938422
6.82423	0.00588997
6.82447	-0.00509759
6.82472	-0.00566109
6.82496	0.00276857
6.82521	0.00315762
6.82545	-0.00602903
6.8257	-0.00768653
6.82594	0.00432422
6.82618	0.0150876
6.82643	0.0134191
6.82667	0.00670138
6.82692	0.00400522
6.82716	0.00257915
6.82741	-0.00044288
6.82765	0.000656002
6.8279	0.00756595
6.82814	0.0109866
6.82839	0.00593038
6.82863	0.000990455
6.82888	0.00300639
6.82912	0.00536449
6.82936	0.00158009
6.82961	-0.00214845
6.82985	0.000769966
6.8301	0.00428882
6.83034	0.00140656
6.83059	-0.00173451
6.83083	0.00307289
6.83108	0.00985016
6.83132	0.0074803
6.83157	-0.00182404
6.83181	-0.006938
6.83206	-0.00542443
6.8323	-0.00350072
6.83254	-0.00272987
6.83279	0.000323983
6.83303	0.00426887
6.83328	0.00470683
6.83352	0.00342697
6.83377	0.00492656
6.83401	0.00672655
6.83426	0.00390467
6.8345	-0.000164825
6.83475	0.000847331
6.83499	0.00353815
6.83524	0.000278587
6.83548	-0.00504079
6.83572	-0.00117347
6.83597	0.0105572
6.83621	0.0152248
6.83646	0.00622933
6.8367	-0.00524034
6.83695	-0.00786144
6.83719	-0.00531153
6.83744	-0.00632731
6.83768	-0.00942218
6.83793	-0.0071962
6.83817	-0.000185506
6.83841	0.00365969
6.83866	0.00192238
6.8389	0.00145821
6.83915	0.00688137
6.83939	0.0115601
6.83964	0.00594568
6.83988	-0.00692474
6.84013	-0.0118019
6.84037	-0.0006789
6.84062	0.0145916
6.84086	0.0169925
6.84111	0.00723337
6.84135	0.000570728
6.84159	0.0023897
6.84184	0.00197237
6.84208	-0.00596607
6.84233	-0.00992092
6.84257	-0.00123837
6.84282	0.00927175
6.84306	0.00784756
6.84331	-0.000422221
6.84355	-0.00198498
6.8438	0.00179965
6.84404	-0.000740404
6.84429	-0.00928876
6.84453	-0.0124076
6.84477	-0.00822313
6.84502	-0.00600007
6.84526	-0.00740836
6.84551	-0.00446762
6.84575	0.00234063
6.846	0.00265507
6.84624	-0.0030214
6.84649	-0.000302822
6.84673	0.0137456
6.84698	0.0206834
6.84722	0.00793231
6.84747	-0.00978928
6.84771	-0.0113163
6.84795	0.000612954
6.8482	0.0069329
6.84844	0.00230702
6.84869	-0.00104449
6.84893	0.00287222
6.84918	0.00456443
6.84942	-0.00275246
6.84967	-0.0104112
6.84991	-0.00743961
6.85016	0.00294227
6.8504	0.00852092
6.85064	0.00471357
6.85089	-0.0016567
6.85113	-0.00299757
6.85138	0.00107459
6.85162	0.00612787
6.85187	0.00825177
6.85211	0.00608275
6.85236	0.00107808
6.8526	-0.00303468
6.85285	-0.00342784
6.85309	-0.00116378
6.85334	0.00132147
6.85358	0.00471547
6.85382	0.0101656
6.85407	0.0125625
6.85431	0.0042032
6.85456	-0.0119388
6.8548	-0.0209893
6.85505	-0.0145099
6.85529	-0.00242142
6.85554	0.00186818
6.85578	0.000455342
6.85603	0.00316329
6.85627	0.00782345
6.85652	0.00475058
6.85676	-0.00265228
6.857	-0.00108092
6.85725	0.00825215
6.85749	0.00910656
6.85774	-0.00127078
6.85798	-0.00498354
6.85823	0.00591131
6.85847	0.0137419
6.85872	0.00491057
6.85896	-0.00533606
6.85921	0.00188961
6.85945	0.0160259
6.8597	0.0137974
6.85994	-0.00236342
6.86018	-0.00927673
6.86043	-0.000802008
6.86067	0.00582271
6.86092	0.000953571
6.86116	-0.00493859
6.86141	-0.00337673
6.86165	-0.000686212
6.8619	-0.00257531
6.86214	-0.00433858
6.86239	-0.00311928
6.86263	-0.00395553
6.86287	-0.00731218
6.86312	-0.00555402
6.86336	0.00186009
6.86361	0.00411989
6.86385	-0.00317977
6.8641	-0.00976949
6.86434	-0.0076419
6.86459	-0.00315239
6.86483	-0.00377574
6.86508	-0.00492351
6.86532	0.000201017
6.86557	0.00731798
6.86581	0.00769909
6.86605	0.00114489
6.8663	-0.00575847
6.86654	-0.00850532
6.86679	-0.0056788
6.86703	0.00231689
6.86728	0.00989641
6.86752	0.00857613
6.86777	-0.00154899
6.86801	-0.00903873
6.86826	-0.00536698
6.8685	0.00412719
6.86875	0.00857774
6.86899	0.00481691
6.86923	-0.00246957
6.86948	-0.00783515
6.86972	-0.00774643
6.86997	-0.00180269
6.87021	0.00468019
6.87046	0.00462684
6.8707	-0.00124143
6.87095	-0.00454509
6.87119	-0.00101153
6.87144	0.00465394
6.87168	0.00724798
6.87193	0.00626336
6.87217	0.000903063
6.87241	-0.0101844
6.87266	-0.0209468
6.8729	-0.0203765
6.87315	-0.00800703
6.87339	0.00303389
6.87364	0.00416732
6.87388	0.00240288
6.87413	0.00642675
6.87437	0.0119714
6.87462	0.010329
6.87486	0.00317513
6.8751	-0.00126536
6.87535	-0.000962309
6.87559	0.000475039
6.87584	0.00237635
6.87608	0.00604269
6.87633	0.00868931
6.87657	0.00681187
6.87682	0.00349779
6.87706	0.0052581
6.87731	0.0126211
6.87755	0.0190475
6.8778	0.0181855
6.87804	0.0091174
6.87828	-0.00341845
6.87853	-0.0117831
6.87877	-0.0115047
6.87902	-0.00616052
6.87926	-0.00269596
6.87951	-0.00203966
6.87975	-4.38721e-05
6.88	0.00311532
6.88024	0.00313402
6.88049	0.00140104
6.88073	0.00380401
6.88098	0.00776055
6.88122	0.00296285
6.88146	-0.0103135
6.88171	-0.0168933
6.88195	-0.00834523
6.8822	0.00354063
6.88244	0.00495954
6.88269	0.000379947
6.88293	0.00206487
6.88318	0.00852037
6.88342	0.00820045
6.88367	-0.000253368
6.88391	-0.00574268
6.88416	-0.0013562
6.8844	0.00812415
6.88464	0.0151003
6.88489	0.0165105
6.88513	0.0125028
6.88538	0.00515614
6.88562	-0.00158419
6.88587	-0.0055729
6.88611	-0.00825585
6.88636	-0.00944295
6.8866	-0.00553538
6.88685	0.00211318
6.88709	0.00409159
6.88733	-0.00410517
6.88758	-0.0124561
6.88782	-0.00936833
6.88807	0.000875612
6.88831	0.0043601
6.88856	-0.00204978
6.8888	-0.00773235
6.88905	-0.00490162
6.88929	0.0020829
6.88954	0.00527828
6.88978	0.00325817
6.89003	0.000647129
6.89027	0.00220996
6.89051	0.00801746
6.89076	0.0121368
6.891	0.0085253
6.89125	0.000244707
6.89149	-0.00264128
6.89174	0.00213223
6.89198	0.0041589
6.89223	-0.00331728
6.89247	-0.0107919
6.89272	-0.0062638
6.89296	0.00539206
6.89321	0.0093933
6.89345	0.00338051
6.89369	-0.000529495
6.89394	0.00477112
6.89418	0.0120949
6.89443	0.0119843
6.89467	0.00459378
6.89492	-0.00280166
6.89516	-0.00380265
6.89541	0.00216508
6.89565	0.00794832
6.8959	0.0040648
6.89614	-0.00827591
6.89639	-0.0141894
6.89663	-0.00351614
6.89687	0.0129652
6.89712	0.017132
6.89736	0.00928531
6.89761	0.00606221
6.89785	0.0135716
6.8981	0.0186675
6.89834	0.0110764
6.89859	-0.000190593
6.89883	-0.000685599
6.89908	0.00915244
6.89932	0.016502
6.89956	0.0132138
6.89981	0.00280466
6.90005	-0.00633538
6.9003	-0.00879179
6.90054	-0.00443767
6.90079	0.00322829
6.90103	0.0103465
6.90128	0.0143699
6.90152	0.0131084
6.90177	0.00622498
6.90201	-0.000176168
6.90226	0.00301422
6.9025	0.0139668
6.90274	0.0165837
6.90299	0.00118913
6.90323	-0.017362
6.90348	-0.0161673
6.90372	0.00370244
6.90397	0.0175599
6.90421	0.010803
6.90446	-0.00403061
6.9047	-0.00916171
6.90495	-0.00495012
6.90519	-0.00180827
6.90544	-0.0012816
6.90568	0.00213101
6.90592	0.00759404
6.90617	0.00866579
6.90641	0.00430127
6.90666	-0.000323697
6.9069	-0.00222875
6.90715	-0.00257452
6.90739	-0.00181737
6.90764	0.000756667
6.90788	0.00373902
6.90813	0.00483637
6.90837	0.00449491
6.90862	0.00458207
6.90886	0.00490388
6.9091	0.00412604
6.90935	0.00247322
6.90959	0.000926178
6.90984	-0.000426012
6.91008	-0.00140674
6.91033	-0.00143445
6.91057	-0.00122595
6.91082	-0.00177514
6.91106	-0.00123548
6.91131	0.00275558
6.91155	0.00728326
6.91179	0.00655781
6.91204	0.00118091
6.91228	-0.00186999
6.91253	-0.000382554
6.91277	-9.16731e-05
6.91302	-0.00359583
6.91326	-0.00497314
6.91351	-0.000706407
6.91375	0.00282362
6.914	-6.30883e-05
6.91424	-0.00433474
6.91449	-0.00353088
6.91473	-0.00165564
6.91497	-0.0052075
6.91522	-0.00933639
6.91546	-0.00456389
6.91571	0.00592886
6.91595	0.00922802
6.9162	0.00290846
6.91644	-0.000733175
6.91669	0.00603815
6.91693	0.0140816
6.91718	0.0104458
6.91742	-0.00377544
6.91767	-0.0153184
6.91791	-0.0146551
6.91815	-0.00498176
6.9184	0.00320471
6.91864	0.00359108
6.91889	0.00011612
6.91913	0.00108859
6.91938	0.00707193
6.91962	0.00898283
6.91987	0.00183162
6.92011	-0.00546765
6.92036	-0.00184866
6.9206	0.00884819
6.92085	0.0134406
6.92109	0.00964272
6.92133	0.00754802
6.92158	0.0101616
6.92182	0.00746164
6.92207	-0.00465193
6.92231	-0.0137962
6.92256	-0.00925823
6.9228	0.000842445
6.92305	0.00277133
6.92329	-0.00127089
6.92354	0.000878166
6.92378	0.00947019
6.92403	0.0128288
6.92427	0.0080002
6.92451	0.00566181
6.92476	0.0111074
6.925	0.0141713
6.92525	0.0053523
6.92549	-0.00812519
6.92574	-0.0117192
6.92598	-0.00342153
6.92623	0.0050211
6.92647	0.00488112
6.92672	0.000428022
6.92696	0.000651897
6.9272	0.00649311
6.92745	0.0101984
6.92769	0.00583349
6.92794	-0.00333468
6.92818	-0.00943333
6.92843	-0.0093895
6.92867	-0.00623151
6.92892	-0.00228243
6.92916	0.00334911
6.92941	0.0093624
6.92965	0.0108833
6.9299	0.00736473
6.93014	0.00578902
6.93038	0.0102388
6.93063	0.0139008
6.93087	0.00917648
6.93112	0.000956159
6.93136	-0.000128906
6.93161	0.00511101
6.93185	0.00539303
6.9321	-0.00286996
6.93234	-0.00972631
6.93259	-0.00677301
6.93283	0.0017046
6.93308	0.00662333
6.93332	0.00513855
6.93356	-4.0472e-06
6.93381	-0.00507048
6.93405	-0.00592273
6.9343	-0.000600634
6.93454	0.00610745
6.93479	0.00738868
6.93503	0.00497073
6.93528	0.00660405
6.93552	0.0119944
6.93577	0.0122469
6.93601	0.00592951
6.93626	0.00286184
6.9365	0.00669472
6.93674	0.00741751
6.93699	-0.000580641
6.93723	-0.00647791
6.93748	-0.000338871
6.93772	0.0093834
6.93797	0.00909807
6.93821	0.00113306
6.93846	-0.0028241
6.9387	-0.00136592
6.93895	-0.0013665
6.93919	-0.00270359
6.93943	-0.000333804
6.93968	0.00325329
6.93992	0.00257642
6.94017	0.00150723
6.94041	0.00596802
6.94066	0.0093649
6.9409	0.00214644
6.94115	-0.00856143
6.94139	-0.00778933
6.94164	0.00189026
6.94188	0.00464704
6.94213	-8.02779e-05
6.94237	0.00347109
6.94261	0.0174218
6.94286	0.0235522
6.9431	0.0136606
6.94335	0.00329187
6.94359	0.00463828
6.94384	0.00777305
6.94408	0.00250225
6.94433	-0.00179624
6.94457	0.00468385
6.94482	0.0112674
6.94506	0.00507756
6.94531	-0.00440129
6.94555	-0.000874305
6.94579	0.00969298
6.94604	0.00870699
6.94628	-0.00338125
6.94653	-0.00856892
6.94677	-0.00151626
6.94702	0.00461361
6.94726	0.00328715
6.94751	0.00387209
6.94775	0.0110754
6.948	0.0143147
6.94824	0.0057585
6.94849	-0.00589599
6.94873	-0.00875946
6.94897	-0.0040262
6.94922	-0.000885203
6.94946	-0.00339793
6.94971	-0.00890809
6.94995	-0.012617
6.9502	-0.00925438
6.95044	0.00243589
6.95069	0.013297
6.95093	0.0107408
6.95118	-0.00322816
6.95142	-0.0104887
6.95166	6.44012e-05
6.95191	0.0169148
6.95215	0.0219216
6.9524	0.0139389
6.95264	0.00576328
6.95289	0.00330898
6.95313	0.000821671
6.95338	-0.00452469
6.95362	-0.0061003
6.95387	0.00070633
6.95411	0.00993514
6.95436	0.0133272
6.9546	0.0111645
6.95484	0.00960962
6.95509	0.0110583
6.95533	0.0121778
6.95558	0.00966972
6.95582	0.0040877
6.95607	-0.00124603
6.95631	-0.00272966
6.95656	0.000777786
6.9568	0.00567793
6.95705	0.00609265
6.95729	0.000981312
6.95754	-0.00361048
6.95778	-0.00246315
6.95802	0.00146458
6.95827	0.00199016
6.95851	-0.000658074
6.95876	-0.00118222
6.959	0.00132226
6.95925	0.00250653
6.95949	0.00124888
6.95974	0.00110926
6.95998	0.00220353
6.96023	0.000318278
6.96047	-0.00327779
6.96072	-0.00085685
6.96096	0.00805464
6.9612	0.0120205
6.96145	0.00435684
6.96169	-0.00485005
6.96194	-0.00331634
6.96218	0.00484654
6.96243	0.00691331
6.96267	0.0014236
6.96292	-0.00299861
6.96316	-0.00372639
6.96341	-0.00453195
6.96365	-0.00329873
6.96389	0.00480129
6.96414	0.0133111
6.96438	0.0106011
6.96463	0.000695232
6.96487	0.000188132
6.96512	0.0112671
6.96536	0.0164773
6.96561	0.00679064
6.96585	-0.00383788
6.9661	-0.00210835
6.96634	0.00382392
6.96659	0.00099407
6.96683	-0.00560336
6.96707	-0.00348262
6.96732	0.00465983
6.96756	0.00629197
6.96781	0.000677381
6.96805	-0.00140511
6.9683	0.00366911
6.96854	0.00849199
6.96879	0.00795762
6.96903	0.00445966
6.96928	0.00104989
6.96952	-0.000442618
6.96977	0.00322555
6.97001	0.0115433
6.97025	0.0157357
6.9705	0.00954683
6.97074	0.000652423
6.97099	0.000175977
6.97123	0.00489405
6.97148	0.00302326
6.97172	-0.00508669
6.97197	-0.00692283
6.97221	0.00145084
6.97246	0.00936579
6.9727	0.00901162
6.97295	0.00556179
6.97319	0.005339
6.97343	0.00563064
6.97368	0.00240347
6.97392	-0.00117592
6.97417	-0.000458399
6.97441	0.00301166
6.97466	0.00486819
6.9749	0.00412083
6.97515	0.0024708
6.97539	0.00170219
6.97564	0.00344331
6.97588	0.00693652
6.97612	0.00713243
6.97637	0.00111831
6.97661	-0.00448468
6.97686	-0.000969243
6.9771	0.00789619
6.97735	0.00918568
6.97759	0.00028649
6.97784	-0.0066125
6.97808	-0.00352118
6.97833	0.00195949
6.97857	0.00131131
6.97882	-0.000321575
6.97906	0.00515655
6.9793	0.0124412
6.97955	0.0106103
6.97979	0.00252071
6.98004	0.00214569
6.98028	0.0125918
6.98053	0.0199681
6.98077	0.0132142
6.98102	-0.000388622
6.98126	-0.00622435
6.98151	-0.00163264
6.98175	0.00400627
6.982	0.00457277
6.98224	0.00333812
6.98248	0.0035788
6.98273	0.00171256
6.98297	-0.00565409
6.98322	-0.0133692
6.98346	-0.0129926
6.98371	-0.00451162
6.98395	0.00335941
6.9842	0.00465357
6.98444	0.00238035
6.98469	0.0020185
6.98493	0.00385808
6.98518	0.00446342
6.98542	0.00221968
6.98566	-0.0010486
6.98591	-0.00174405
6.98615	0.002907
6.9864	0.0108439
6.98664	0.0144227
6.98689	0.00883922
6.98713	0.000667545
6.98738	0.000379446
6.98762	0.00607874
6.98787	0.00517221
6.98811	-0.0047412
6.98835	-0.0091953
6.9886	0.00132769
6.98884	0.0150135
6.98909	0.0159485
6.98933	0.00788385
6.98958	0.00573936
6.98982	0.0101505
6.99007	0.00812057
6.99031	-0.00300947
6.99056	-0.0102628
6.9908	-0.00640318
6.99105	-0.000620257
6.99129	-0.00191443
6.99153	-0.00509019
6.99178	-0.00157116
6.99202	0.00556464
6.99227	0.00644894
6.99251	-0.0012917
6.99276	-0.010424
6.993	-0.0130508
6.99325	-0.00696808
6.99349	0.00394154
6.99374	0.0123
6.99398	0.0128466
6.99423	0.00747198
6.99447	0.00262328
6.99471	0.00191718
6.99496	0.00452447
6.9952	0.00905601
6.99545	0.0137619
6.99569	0.0147489
6.99594	0.0105014
6.99618	0.00652081
6.99643	0.00813215
6.99667	0.0109019
6.99692	0.00732194
6.99716	0.000920263
6.99741	0.00218087
6.99765	0.0106937
6.99789	0.014325
6.99814	0.00824349
6.99838	0.00163929
6.99863	0.00175553
6.99887	0.0044965
6.99912	0.00633907
6.99936	0.0119908
6.99961	0.0223042
6.99985	0.0272973
7.0001	0.0213663
7.00034	0.0143704
7.00059	0.0162813
7.00083	0.0206005
7.00107	0.0157737
7.00132	0.00496206
7.00156	0.000219619
7.00181	0.00253738
7.00205	0.00242341
7.0023	-0.002323
7.00254	-0.0037003
7.00279	0.00162428
7.00303	0.00718407
7.00328	0.00824864
7.00352	0.0078093
7.00376	0.0085384
7.00401	0.00806292
7.00425	0.00552184
7.0045	0.0051729
7.00474	0.00971867
7.00499	0.0156023
7.00523	0.0178242
7.00548	0.0150495
7.00572	0.00834041
7.00597	-0.000438603
7.00621	-0.00731015
7.00646	-0.00812349
7.0067	-0.0041116
7.00694	-0.00150563
7.00719	-0.00325329
7.00743	-0.00468253
7.00768	-0.000364853
7.00792	0.00744522
7.00817	0.0110933
7.00841	0.00765353
7.00866	0.00307629
7.0089	0.00442336
7.00915	0.0104457
7.00939	0.0138427
7.00964	0.012434
7.00988	0.0121413
7.01012	0.0159711
7.01037	0.0167439
7.01061	0.00792053
7.01086	-0.00353825
7.0111	-0.00558998
7.01135	0.000359695
7.01159	0.00195596
7.01184	-0.00312003
7.01208	-0.00329276
7.01233	0.00602751
7.01257	0.0130167
7.01282	0.00893952
7.01306	0.00281822
7.0133	0.00496014
7.01355	0.00819478
7.01379	0.000559516
7.01404	-0.0122878
7.01428	-0.0143577
7.01453	-0.00436779
7.01477	0.00320338
7.01502	0.000818444
7.01526	-0.00356924
7.01551	-0.0016815
7.01575	0.00465889
7.01599	0.0104962
7.01624	0.0140189
7.01648	0.0136433
7.01673	0.00834712
7.01697	0.00248498
7.01722	0.00188591
7.01746	0.00512611
7.01771	0.00708994
7.01795	0.00911005
7.0182	0.0146811
7.01844	0.0174551
7.01869	0.00772152
7.01893	-0.00892834
7.01917	-0.0149212
7.01942	-0.00568231
7.01966	0.00404168
7.01991	0.00366159
7.02015	0.000743445
7.0204	0.00383366
7.02064	0.00680939
7.02089	0.00178786
7.02113	-0.00516782
7.02138	-0.00472534
7.02162	-0.000816031
7.02187	-0.00226029
7.02211	-0.0052903
7.02235	0.000481436
7.0226	0.0131441
7.02284	0.0205451
7.02309	0.0195681
7.02333	0.0189268
7.02358	0.0219465
7.02382	0.0203773
7.02407	0.00965045
7.02431	-0.00107107
7.02456	-0.000957301
7.0248	0.00771985
7.02505	0.0138156
7.02529	0.0120167
7.02553	0.00694215
7.02578	0.00449095
7.02602	0.00472823
7.02627	0.00422012
7.02651	0.00201005
7.02676	0.000937097
7.027	0.00349824
7.02725	0.00809335
7.02749	0.0105846
7.02774	0.00904961
7.02798	0.00555258
7.02822	0.00315492
7.02847	0.00260977
7.02871	0.0024009
7.02896	0.00108032
7.0292	-0.000617721
7.02945	0.000104821
7.02969	0.00447877
7.02994	0.00835892
7.03018	0.00553475
7.03043	-0.00300764
7.03067	-0.00770452
7.03092	-0.00262916
7.03116	0.00563174
7.0314	0.00767773
7.03165	0.00492239
7.03189	0.00452831
7.03214	0.00506865
7.03238	-0.000307683
7.03263	-0.00809348
7.03287	-0.00644738
7.03312	0.00499226
7.03336	0.0120578
7.03361	0.00753978
7.03385	0.00131768
7.0341	0.00218414
7.03434	0.00408078
7.03458	0.000121256
7.03483	-0.00352727
7.03507	-0.000247238
7.03532	0.00268017
7.03556	-0.00326958
7.03581	-0.0112008
7.03605	-0.0104308
7.0363	-0.00555437
7.03654	-0.00641358
7.03679	-0.00721832
7.03703	0.00375281
7.03728	0.0186979
7.03752	0.0176347
7.03776	0.000949131
7.03801	-0.00849734
7.03825	0.000311619
7.0385	0.0123257
7.03874	0.0135812
7.03899	0.01085
7.03923	0.0130486
7.03948	0.0133962
7.03972	0.00584761
7.03997	0.00221742
7.04021	0.0134527
7.04045	0.0263609
7.0407	0.0207886
7.04094	0.0023919
7.04119	-0.00475258
7.04143	0.00433746
7.04168	0.00937273
7.04192	-5.95943e-05
7.04217	-0.00640962
7.04241	0.00682171
7.04266	0.0259394
7.0429	0.0248878
7.04315	0.00285475
7.04339	-0.0147711
7.04363	-0.0111884
7.04388	0.00310348
7.04412	0.0100496
7.04437	0.00799744
7.04461	0.00695686
7.04486	0.00968582
7.0451	0.00961308
7.04535	0.0043845
7.04559	0.000270907
7.04584	0.00188883
7.04608	0.00584159
7.04633	0.00714047
7.04657	0.00558018
7.04681	0.00297222
7.04706	-0.000335969
7.0473	-0.00314686
7.04755	-0.00266624
7.04779	0.000744237
7.04804	0.00286637
7.04828	0.00267285
7.04853	0.00465701
7.04877	0.0104818
7.04902	0.0142926
7.04926	0.0114213
7.04951	0.00611451
7.04975	0.00450899
7.04999	0.00516791
7.05024	0.00356091
7.05048	0.00119014
7.05073	0.00228853
7.05097	0.00517452
7.05122	0.00520037
7.05146	0.00336461
7.05171	0.00384702
7.05195	0.00594097
7.0522	0.00690577
7.05244	0.00932442
7.05268	0.0155008
7.05293	0.0177082
7.05317	0.00673569
7.05342	-0.0103152
7.05366	-0.0144396
7.05391	-1.70024e-05
7.05415	0.0165599
7.0544	0.0187749
7.05464	0.0100022
7.05489	0.00478376
7.05513	0.00839924
7.05538	0.0134782
7.05562	0.012545
7.05586	0.00649938
7.05611	0.00136503
7.05635	0.000609689
7.0566	0.00156881
7.05684	-0.000160795
7.05709	-0.00271893
7.05733	0.00128088
7.05758	0.0125315
7.05782	0.0195911
7.05807	0.0132187
7.05831	0.000887506
7.05856	-0.00317137
7.0588	0.00163241
7.05904	0.00391998
7.05929	-0.000346219
7.05953	-0.00404561
7.05978	-0.00348969
7.06002	-0.00215371
7.06027	0.000744302
7.06051	0.00979498
7.06076	0.0194124
7.061	0.0169446
7.06125	0.00411538
7.06149	-0.00153162
7.06174	0.00698696
7.06198	0.0152447
7.06222	0.0114013
7.06247	0.00407587
7.06271	0.00497984
7.06296	0.00949108
7.0632	0.00834291
7.06345	0.00512992
7.06369	0.00714729
7.06394	0.0100032
7.06418	0.00657198
7.06443	0.00171952
7.06467	0.00302321
7.06491	0.00544813
7.06516	0.000513499
7.0654	-0.00699411
7.06565	-0.0069623
7.06589	-0.00186528
7.06614	-0.00123864
7.06638	-0.00420256
7.06663	-0.0031641
7.06687	0.000276998
7.06712	-0.00103271
7.06736	-0.00450739
7.06761	-0.00181377
7.06785	0.00541417
7.06809	0.00896111
7.06834	0.00921168
7.06858	0.0114375
7.06883	0.0114178
7.06907	0.00220723
7.06932	-0.00824148
7.06956	-0.00537009
7.06981	0.00744023
7.07005	0.0122602
7.0703	0.00486736
7.07054	-0.000561039
7.07079	0.00285146
7.07103	0.00515187
7.07127	0.000696245
7.07152	-0.00171593
7.07176	0.00231402
7.07201	0.00310677
7.07225	-0.00382682
7.0725	-0.00663383
7.07274	0.00248782
7.07299	0.0115948
7.07323	0.00781
7.07348	-0.00157467
7.07372	-0.00217429
7.07397	0.00441545
7.07421	0.00721695
7.07445	0.00706363
7.0747	0.0131248
7.07494	0.0226123
7.07519	0.0222105
7.07543	0.0103648
7.07568	0.00205657
7.07592	0.00689508
7.07617	0.0150845
7.07641	0.0122698
7.07666	-0.000192736
7.0769	-0.00808544
7.07715	-0.0035136
7.07739	0.00645004
7.07763	0.0105708
7.07788	0.00747515
7.07812	0.00551342
7.07837	0.0103279
7.07861	0.0168627
7.07886	0.016043
7.0791	0.00704117
7.07935	-0.0012212
7.07959	-0.00128311
7.07984	0.00361374
7.08008	0.00394503
7.08032	-0.00366932
7.08057	-0.0114261
7.08081	-0.00975114
7.08106	-0.000626728
7.0813	0.00335291
7.08155	-0.00365972
7.08179	-0.00989527
7.08204	-0.00101306
7.08228	0.016879
7.08253	0.0220771
7.08277	0.0073386
7.08302	-0.00897825
7.08326	-0.00884012
7.0835	0.00184133
7.08375	0.00635729
7.08399	0.00179724
7.08424	-0.00368518
7.08448	-0.00788058
7.08473	-0.0118029
7.08497	-0.00817734
7.08522	0.00762414
7.08546	0.0204976
7.08571	0.0115566
7.08595	-0.0103478
7.0862	-0.0164941
7.08644	-0.000269084
7.08668	0.0129227
7.08693	0.00513777
7.08717	-0.00864171
7.08742	-0.00797952
7.08766	0.00092896
7.08791	-0.000420792
7.08815	-0.0109864
7.0884	-0.0138525
7.08864	-0.00450282
7.08889	0.00416056
7.08913	0.00323283
7.08938	-0.00173988
7.08962	-0.00288135
7.08986	-0.000250535
7.09011	0.00269258
7.09035	0.00513605
7.0906	0.00731923
7.09084	0.00826365
7.09109	0.00751066
7.09133	0.00648513
7.09158	0.00712675
7.09182	0.00987706
7.09207	0.0124391
7.09231	0.0113986
7.09255	0.00751595
7.0928	0.00726183
7.09304	0.0140341
7.09329	0.0203236
7.09353	0.016516
7.09378	0.00592679
7.09402	0.000974547
7.09427	0.00450898
7.09451	0.00691067
7.09476	0.00365092
7.095	0.00241952
7.09525	0.00793913
7.09549	0.0128467
7.09573	0.0110315
7.09598	0.0081437
7.09622	0.0101287
7.09647	0.0120302
7.09671	0.00792994
7.09696	0.00254184
7.0972	0.0027772
7.09745	0.00611093
7.09769	0.00725944
7.09794	0.00838326
7.09818	0.0125876
7.09843	0.0152512
7.09867	0.0122337
7.09891	0.00875618
7.09916	0.00930007
7.0994	0.00740764
7.09965	-0.00190186
7.09989	-0.00828953
7.10014	-6.99733e-05
7.10038	0.0145169
7.10063	0.0170191
7.10087	0.00608278
7.10112	-0.00202957
7.10136	0.00123347
7.10161	0.00789824
7.10185	0.0106577
7.10209	0.0119989
7.10234	0.0128643
7.10258	0.00799478
7.10283	-0.00163394
7.10307	-0.00539992
7.10332	0.000926126
7.10356	0.0074015
7.10381	0.00571284
7.10405	0.00216683
7.1043	0.00588661
7.10454	0.0129614
7.10478	0.0132623
7.10503	0.0075454
7.10527	0.00618581
7.10552	0.0121435
7.10576	0.0155964
7.10601	0.00841088
7.10625	-0.00318817
7.1065	-0.00595529
7.10674	0.00297328
7.10699	0.0120356
7.10723	0.0104634
7.10748	0.00278869
7.10772	0.00244659
7.10796	0.0126216
7.10821	0.0214968
7.10845	0.0188711
7.1087	0.00946044
7.10894	0.00400757
7.10919	0.00399738
7.10943	0.00331922
7.10968	0.000332486
7.10992	-0.00129138
7.11017	-0.00147602
7.11041	-0.0038765
7.11066	-0.00727757
7.1109	-0.00561899
7.11114	0.00206263
7.11139	0.00902178
7.11163	0.0098418
7.11188	0.0062524
7.11212	0.00287773
7.11237	0.00263447
7.11261	0.00681277
7.11286	0.014144
7.1131	0.0194188
7.11335	0.018389
7.11359	0.0137904
7.11384	0.0110407
7.11408	0.00952904
7.11432	0.0053381
7.11457	0.000935564
7.11481	0.00264863
7.11506	0.00858075
7.1153	0.00983091
7.11555	0.0055983
7.11579	0.00555054
7.11604	0.0128679
7.11628	0.0167333
7.11653	0.00913012
7.11677	-0.00139747
7.11701	-0.0027703
7.11726	0.00216556
7.1175	0.00221168
7.11775	-0.00266494
7.11799	-0.00195202
7.11824	0.00675363
7.11848	0.012967
7.11873	0.00970882
7.11897	0.0036012
7.11922	0.0035138
7.11946	0.0075009
7.11971	0.00771432
7.11995	0.00297995
7.12019	-0.000602211
7.12044	0.000738572
7.12068	0.00434384
7.12093	0.00634771
7.12117	0.00633595
7.12142	0.0060167
7.12166	0.0064709
7.12191	0.00791215
7.12215	0.00989564
7.1224	0.010676
7.12264	0.0081624
7.12289	0.00287665
7.12313	-0.00148329
7.12337	-0.00216058
7.12362	-0.000971051
7.12386	-0.00162926
7.12411	-0.00396947
7.12435	-0.0038764
7.1246	0.000178525
7.12484	0.0038319
7.12509	0.00270752
7.12533	-0.000903962
7.12558	-0.00125328
7.12582	0.00230941
7.12607	0.00492481
7.12631	0.00443803
7.12655	0.00414637
7.1268	0.0053037
7.12704	0.00330319
7.12729	-0.00370987
7.12753	-0.00800721
7.12778	-0.0020148
7.12802	0.00824413
7.12827	0.00925962
7.12851	-0.000310408
7.12876	-0.00658141
7.129	-0.000507485
7.12924	0.00910272
7.12949	0.00958198
7.12973	0.00304937
7.12998	0.00123878
7.13022	0.00715917
7.13047	0.0130601
7.13071	0.0142637
7.13096	0.0137184
7.1312	0.0129023
7.13145	0.00927045
7.13169	0.00454314
7.13194	0.00495231
7.13218	0.0100103
7.13242	0.0112039
7.13267	0.00628281
7.13291	0.00454346
7.13316	0.0114232
7.1334	0.0176501
7.13365	0.0126929
7.13389	0.00136677
7.13414	-0.00313758
7.13438	0.00234637
7.13463	0.00931218
7.13487	0.0106771
7.13512	0.00654561
7.13536	5.29075e-05
7.1356	-0.00419905
7.13585	-0.000991169
7.13609	0.00776361
7.13634	0.0103884
7.13658	0.000443254
7.13683	-0.0100496
7.13707	-0.00487799
7.13732	0.0115691
7.13756	0.0184297
7.13781	0.00793121
7.13805	-0.00432543
7.1383	-0.00292933
7.13854	0.0076283
7.13878	0.0144053
7.13903	0.0151637
7.13927	0.0155738
7.13952	0.0155328
7.13976	0.0103508
7.14001	0.00234718
7.14025	0.00054481
7.1405	0.00796932
7.14074	0.0166468
7.14099	0.0177863
7.14123	0.0126675
7.14147	0.0100266
7.14172	0.0138049
7.14196	0.0173486
7.14221	0.0129211
7.14245	0.00492068
7.1427	0.00643623
7.14294	0.0199852
7.14319	0.0299447
7.14343	0.0218999
7.14368	0.00326526
7.14392	-0.00620553
7.14417	-0.000731629
7.14441	0.00733783
7.14465	0.00873448
7.1449	0.0085109
7.14514	0.0128955
7.14539	0.0179563
7.14563	0.0179537
7.14588	0.0152693
7.14612	0.0149169
7.14637	0.0163911
7.14661	0.0170302
7.14686	0.0171056
7.1471	0.0164732
7.14735	0.0126019
7.14759	0.00667385
7.14783	0.00480608
7.14808	0.00835666
7.14832	0.01036
7.14857	0.00703465
7.14881	0.00488519
7.14906	0.009374
7.1493	0.0142327
7.14955	0.0110489
7.14979	0.00346744
7.15004	0.00163635
7.15028	0.00617643
7.15053	0.00812947
7.15077	0.00381065
7.15101	5.97912e-05
7.15126	0.00321314
7.1515	0.010333
7.15175	0.0142819
7.15199	0.0126926
7.15224	0.00887147
7.15248	0.00647409
7.15273	0.00597487
7.15297	0.00589748
7.15322	0.00598988
7.15346	0.00810716
7.1537	0.013568
7.15395	0.020624
7.15419	0.0255427
7.15444	0.0252927
7.15468	0.0189168
7.15493	0.00910317
7.15517	0.00328665
7.15542	0.00798403
7.15566	0.0188623
7.15591	0.0227369
7.15615	0.0149569
7.1564	0.00758628
7.15664	0.0118922
7.15688	0.0202515
7.15713	0.0178321
7.15737	0.00639183
7.15762	0.000991132
7.15786	0.00609424
7.15811	0.0119512
7.15835	0.013987
7.1586	0.0174661
7.15884	0.0213276
7.15909	0.0172746
7.15933	0.00952363
7.15958	0.0145679
7.15982	0.0329492
7.16006	0.0421312
7.16031	0.0296098
7.16055	0.0131526
7.1608	0.0122629
7.16104	0.0181884
7.16129	0.0125398
7.16153	0.000428916
7.16178	0.000828814
7.16202	0.0133985
7.16227	0.0197911
7.16251	0.0140847
7.16276	0.00873441
7.163	0.0106218
7.16324	0.0124822
7.16349	0.0105199
7.16373	0.0112541
7.16398	0.0162655
7.16422	0.0169314
7.16447	0.0103432
7.16471	0.00616548
7.16496	0.011034
7.1652	0.0181198
7.16545	0.0188314
7.16569	0.0145919
7.16594	0.0106213
7.16618	0.00733151
7.16642	0.00481126
7.16667	0.00781574
7.16691	0.0183038
7.16716	0.0281326
7.1674	0.0265996
7.16765	0.0133492
7.16789	-0.000885259
7.16814	-0.00527969
7.16838	0.0016396
7.16863	0.0120452
7.16887	0.0168747
7.16911	0.0148044
7.16936	0.0127753
7.1696	0.0164931
7.16985	0.0230382
7.17009	0.0259465
7.17034	0.0244735
7.17058	0.0229286
7.17083	0.0232525
7.17107	0.0238875
7.17132	0.0242521
7.17156	0.0246513
7.17181	0.0232862
7.17205	0.0193406
7.17229	0.0174742
7.17254	0.0223788
7.17278	0.0295724
7.17303	0.029065
7.17327	0.019107
7.17352	0.00947414
7.17376	0.00914862
7.17401	0.0164119
7.17425	0.0234921
7.1745	0.0260244
7.17474	0.0249056
7.17499	0.0224431
7.17523	0.020056
7.17547	0.0182537
7.17572	0.0167246
7.17596	0.0148134
7.17621	0.0125419
7.17645	0.0108886
7.1767	0.0112966
7.17694	0.0148598
7.17719	0.0205847
7.17743	0.0243396
7.17768	0.0221234
7.17792	0.0153607
7.17817	0.0104209
7.17841	0.0116826
7.17865	0.0174481
7.1789	0.0231855
7.17914	0.0255849
7.17939	0.0230808
7.17963	0.016826
7.17988	0.0122315
7.18012	0.014774
7.18037	0.0225857
7.18061	0.0277382
7.18086	0.0263162
7.1811	0.0224562
7.18134	0.0213651
7.18159	0.0238436
7.18183	0.0286146
7.18208	0.0337485
7.18232	0.0349548
7.18257	0.0298177
7.18281	0.0244692
7.18306	0.0271458
7.1833	0.0339018
7.18355	0.0316792
7.18379	0.0185833
7.18404	0.00890745
7.18428	0.0124578
7.18452	0.0210276
7.18477	0.0231558
7.18501	0.0209481
7.18526	0.0226779
7.1855	0.0284421
7.18575	0.0334974
7.18599	0.0377159
7.18624	0.0417438
7.18648	0.0412022
7.18673	0.0341949
7.18697	0.0275652
7.18722	0.0270399
7.18746	0.0288256
7.1877	0.0291513
7.18795	0.0325886
7.18819	0.0412876
7.18844	0.0461925
7.18868	0.0404823
7.18893	0.0320375
7.18917	0.0303638
7.18942	0.0311233
7.18966	0.0271557
7.18991	0.0243975
7.19015	0.0307258
7.1904	0.0382021
7.19064	0.0346288
7.19088	0.0258135
7.19113	0.0272669
7.19137	0.0383896
7.19162	0.0439261
7.19186	0.0384394
7.19211	0.0311673
7.19235	0.0281123
7.1926	0.0266247
7.19284	0.0267511
7.19309	0.0312532
7.19333	0.0351324
7.19357	0.0311154
7.19382	0.0242068
7.19406	0.024758
7.19431	0.0294177
7.19455	0.0264507
7.1948	0.0175779
7.19504	0.0152413
7.19529	0.0196134
7.19553	0.0192851
7.19578	0.0147259
7.19602	0.0183495
7.19627	0.0288657
7.19651	0.0293116
7.19675	0.0163116
7.197	0.00807853
7.19724	0.0151168
7.19749	0.0252437
7.19773	0.0277683
7.19798	0.0303743
7.19822	0.0389001
7.19847	0.0413888
7.19871	0.0291551
7.19896	0.0164355
7.1992	0.0205953
7.19945	0.0358649
7.19969	0.0443556
7.19993	0.0422583
7.20018	0.0379617
7.20042	0.033673
7.20067	0.0266829
7.20091	0.0220509
7.20116	0.0267521
7.2014	0.0352883
7.20165	0.0363983
7.20189	0.0310906
7.20214	0.0300448
7.20238	0.0353474
7.20263	0.0381221
7.20287	0.0335011
7.20311	0.0262891
7.20336	0.0218272
7.2036	0.0209906
7.20385	0.0236381
7.20409	0.0280933
7.20434	0.0282878
7.20458	0.0204618
7.20483	0.0118916
7.20507	0.0139138
7.20532	0.0262024
7.20556	0.036466
7.2058	0.0366575
7.20605	0.0316996
7.20629	0.0303606
7.20654	0.034151
7.20678	0.0379904
7.20703	0.0372717
7.20727	0.0318411
7.20752	0.0256843
7.20776	0.0237849
7.20801	0.0273453
7.20825	0.0323084
7.2085	0.0344665
7.20874	0.0346231
7.20898	0.035816
7.20923	0.0369891
7.20947	0.0335707
7.20972	0.0245496
7.20996	0.0154707
7.21021	0.0129511
7.21045	0.0180654
7.2107	0.0264144
7.21094	0.0334436
7.21119	0.037683
7.21143	0.0385983
7.21168	0.034216
7.21192	0.0243577
7.21216	0.0149502
7.21241	0.0135227
7.21265	0.018946
7.2129	0.0216096
7.21314	0.0170899
7.21339	0.0130607
7.21363	0.0169536
7.21388	0.0233732
7.21412	0.0224645
7.21437	0.0158967
7.21461	0.0138639
7.21486	0.0184483
7.2151	0.0210436
7.21534	0.016368
7.21559	0.00897349
7.21583	0.00467946
7.21608	0.00446175
7.21632	0.00791454
7.21657	0.0141768
7.21681	0.01863
7.21706	0.0173263
7.2173	0.0149966
7.21755	0.0192667
7.21779	0.0269223
7.21803	0.027126
7.21828	0.019277
7.21852	0.0149692
7.21877	0.0191001
7.21901	0.0225062
7.21926	0.019128
7.2195	0.0173862
7.21975	0.025675
7.21999	0.0374318
7.22024	0.0413981
7.22048	0.0389765
7.22073	0.0403569
7.22097	0.048108
7.22121	0.054628
7.22146	0.0538024
7.2217	0.047658
7.22195	0.0425737
7.22219	0.0437701
7.22244	0.0515965
7.22268	0.0597544
7.22293	0.060083
7.22317	0.052033
7.22342	0.0438836
7.22366	0.042427
7.22391	0.0461847
7.22415	0.0510309
7.22439	0.0563331
7.22464	0.0616917
7.22488	0.0632208
7.22513	0.0578772
7.22537	0.0480077
7.22562	0.038618
7.22586	0.0333723
7.22611	0.0339695
7.22635	0.0381372
7.2266	0.0379747
7.22684	0.027773
7.22709	0.014692
7.22733	0.0128929
7.22757	0.0243759
7.22782	0.034866
7.22806	0.0327707
7.22831	0.0230377
7.22855	0.0168913
7.2288	0.0167548
7.22904	0.0182261
7.22929	0.0195248
7.22953	0.0213776
7.22978	0.0228177
7.23002	0.0235441
7.23026	0.0260662
7.23051	0.0306618
7.23075	0.0327978
7.231	0.0294921
7.23124	0.0234215
7.23149	0.0181403
7.23173	0.0150982
7.23198	0.0167839
7.23222	0.0248047
7.23247	0.0333802
7.23271	0.0347193
7.23296	0.0327601
7.2332	0.0393005
7.23344	0.0533514
7.23369	0.0593024
7.23393	0.0517693
7.23418	0.0457393
7.23442	0.0518907
7.23467	0.0585006
7.23491	0.052437
7.23516	0.0430921
7.2354	0.0466819
7.23565	0.0580434
7.23589	0.059108
7.23614	0.048481
7.23638	0.0413757
7.23662	0.0436921
7.23687	0.046927
7.23711	0.0476202
7.23736	0.0511534
7.2376	0.0548302
7.23785	0.0479559
7.23809	0.0334999
7.23834	0.0299169
7.23858	0.0431351
7.23883	0.0543096
7.23907	0.0466876
7.23932	0.0300135
7.23956	0.0246267
7.2398	0.0322456
7.24005	0.0377785
7.24029	0.0336742
7.24054	0.0270489
7.24078	0.0243155
7.24103	0.0227909
7.24127	0.0201221
7.24152	0.0208694
7.24176	0.0278988
7.24201	0.0344845
7.24225	0.0322761
7.2425	0.0238253
7.24274	0.0196884
7.24298	0.02321
7.24323	0.025773
7.24347	0.0206895
7.24372	0.0148288
7.24396	0.0187468
7.24421	0.0295012
7.24445	0.0340331
7.2447	0.0292284
7.24494	0.0262283
7.24519	0.0310201
7.24543	0.0337053
7.24567	0.0258359
7.24592	0.0171622
7.24616	0.0218869
7.24641	0.0355507
7.24665	0.0409235
7.2469	0.0338084
7.24714	0.0271622
7.24739	0.0290009
7.24763	0.0317478
7.24788	0.028056
7.24812	0.0233373
7.24837	0.0247646
7.24861	0.0283866
7.24885	0.0266986
7.2491	0.0218887
7.24934	0.0220051
7.24959	0.0280559
7.24983	0.0335584
7.25008	0.035003
7.25032	0.0354855
7.25057	0.0383058
7.25081	0.0424028
7.25106	0.0444538
7.2513	0.0421015
7.25155	0.0355265
7.25179	0.0283926
7.25203	0.0258267
7.25228	0.0286223
7.25252	0.0310323
7.25277	0.0275323
7.25301	0.0204527
7.25326	0.0174874
7.2535	0.0222536
7.25375	0.0303467
7.25399	0.034545
7.25424	0.0316859
7.25448	0.0250177
7.25473	0.0216826
7.25497	0.0264811
7.25521	0.0356952
7.25546	0.0390047
7.2557	0.03118
7.25595	0.0202396
7.25619	0.0190094
7.25644	0.0290878
7.25668	0.0391741
7.25693	0.040403
7.25717	0.0365777
7.25742	0.0354845
7.25766	0.0365238
7.2579	0.0339661
7.25815	0.0286295
7.25839	0.0274759
7.25864	0.0317842
7.25888	0.0340954
7.25913	0.0295396
7.25937	0.0233041
7.25962	0.0224473
7.25986	0.0254853
7.26011	0.0256191
7.26035	0.0212068
7.2606	0.0173186
7.26084	0.0179661
7.26108	0.0216697
7.26133	0.0248029
7.26157	0.0256056
7.26182	0.0243147
7.26206	0.0221027
7.26231	0.0206158
7.26255	0.0208529
7.2628	0.0221369
7.26304	0.0231543
7.26329	0.0235825
7.26353	0.0239692
7.26378	0.0249391
7.26402	0.0272077
7.26426	0.0309477
7.26451	0.0344462
7.26475	0.0352257
7.265	0.0332174
7.26524	0.0307972
7.26549	0.029388
7.26573	0.0286633
7.26598	0.0289357
7.26622	0.0303791
7.26647	0.029982
7.26671	0.024798
7.26696	0.0189118
7.2672	0.0202985
7.26744	0.0287075
7.26769	0.0344024
7.26793	0.0324175
7.26818	0.0297455
7.26842	0.0333617
7.26867	0.0399383
7.26891	0.0441107
7.26916	0.04778
7.2694	0.0525189
7.26965	0.0520349
7.26989	0.0435069
7.27013	0.0379751
7.27038	0.0455927
7.27062	0.0572087
7.27087	0.0562573
7.27111	0.0442407
7.27136	0.0371943
7.2716	0.0395305
7.27185	0.0405374
7.27209	0.0375182
7.27234	0.0420301
7.27258	0.057316
7.27283	0.0678405
7.27307	0.060825
7.27331	0.0441676
7.27356	0.0335055
7.2738	0.0333632
7.27405	0.0398755
7.27429	0.0503439
7.27454	0.0599341
7.27478	0.0594306
7.27503	0.047607
7.27527	0.0377756
7.27552	0.041405
7.27576	0.0521021
7.27601	0.0559364
7.27625	0.0511159
7.27649	0.0467158
7.27674	0.0469712
7.27698	0.0476828
7.27723	0.0454012
7.27747	0.0411223
7.27772	0.0369271
7.27796	0.0358758
7.27821	0.0419038
7.27845	0.0530123
7.2787	0.0588312
7.27894	0.0528404
7.27919	0.0432824
7.27943	0.043331
7.27967	0.0531385
7.27992	0.0605421
7.28016	0.0583779
7.28041	0.0523212
7.28065	0.0507854
7.2809	0.0545461
7.28114	0.0589213
7.28139	0.0612274
7.28163	0.0628303
7.28188	0.0656307
7.28212	0.0686282
7.28236	0.0687071
7.28261	0.0650508
7.28285	0.061164
7.2831	0.0603245
7.28334	0.0609225
7.28359	0.0600069
7.28383	0.0591765
7.28408	0.0616856
7.28432	0.0662364
7.28457	0.0704132
7.28481	0.0771043
7.28506	0.0881775
7.2853	0.0950457
7.28554	0.0885188
7.28579	0.076778
7.28603	0.0778225
7.28628	0.0924233
7.28652	0.102048
7.28677	0.0982232
7.28701	0.0947771
7.28726	0.102226
7.2875	0.109931
7.28775	0.107638
7.28799	0.10652
7.28824	0.120202
7.28848	0.139311
7.28872	0.146125
7.28897	0.144223
7.28921	0.15144
7.28946	0.170053
7.2897	0.186184
7.28995	0.195666
7.29019	0.209745
7.29044	0.236234
7.29068	0.274146
7.29093	0.325883
7.29117	0.395011
7.29142	0.471239
7.29166	0.536403
7.2919	0.586362
7.29215	0.628811
7.29239	0.660918
7.29264	0.673257
7.29288	0.679084
7.29313	0.712351
7.29337	0.784652
7.29362	0.866452
7.29386	0.924593
7.29411	0.956794
7.29435	0.971776
7.29459	0.957529
7.29484	0.897725
7.29508	0.809923
7.29533	0.739127
7.29557	0.711619
7.29582	0.714151
7.29606	0.719823
7.29631	0.716442
7.29655	0.705162
7.2968	0.687297
7.29704	0.662182
7.29729	0.631002
7.29753	0.596943
7.29777	0.565244
7.29802	0.543888
7.29826	0.538556
7.29851	0.546473
7.29875	0.560882
7.299	0.580842
7.29924	0.609883
7.29949	0.64621
7.29973	0.682823
7.29998	0.717202
7.30022	0.751422
7.30047	0.781599
7.30071	0.79765
7.30095	0.796955
7.3012	0.788799
7.30144	0.781619
7.30169	0.776637
7.30193	0.779971
7.30218	0.808721
7.30242	0.873098
7.30267	0.959913
7.30291	1.04613
7.30316	1.1238
7.3034	1.19942
7.30365	1.27363
7.30389	1.33835
7.30413	1.39405
7.30438	1.45397
7.30462	1.52708
7.30487	1.61232
7.30511	1.71575
7.30536	1.85633
7.3056	2.04086
7.30585	2.24298
7.30609	2.42131
7.30634	2.55132
7.30658	2.62559
7.30682	2.6311
7.30707	2.54924
7.30731	2.38411
7.30756	2.17613
7.3078	1.97745
7.30805	1.81836
7.30829	1.69937
7.30854	1.60714
7.30878	1.53233
7.30903	1.47648
7.30927	1.44587
7.30952	1.43865
7.30976	1.44139
7.31	1.44499
7.31025	1.46139
7.31049	1.51433
7.31074	1.61314
7.31098	1.74466
7.31123	1.88988
7.31147	2.03489
7.31172	2.16239
7.31196	2.24891
7.31221	2.28166
7.31245	2.2693
7.3127	2.22718
7.31294	2.16061
7.31318	2.07188
7.31343	1.97378
7.31367	1.88335
7.31392	1.80817
7.31416	1.7516
7.31441	1.7258
7.31465	1.7446
7.3149	1.80554
7.31514	1.89404
7.31539	2.00611
7.31563	2.15195
7.31588	2.33408
7.31612	2.53644
7.31636	2.74026
7.31661	2.93534
7.31685	3.10685
7.3171	3.22965
7.31734	3.29802
7.31759	3.35391
7.31783	3.4589
7.31808	3.63029
7.31832	3.8227
7.31857	3.98231
7.31881	4.09999
7.31906	4.19338
7.3193	4.25424
7.31954	4.24875
7.31979	4.17276
7.32003	4.07409
7.32028	4.00064
7.32052	3.94658
7.32077	3.87258
7.32101	3.765
7.32126	3.6474
7.3215	3.53892
7.32175	3.43223
7.32199	3.32042
7.32223	3.22103
7.32248	3.15827
7.32272	3.13569
7.32297	3.13982
7.32321	3.16013
7.32346	3.19196
7.3237	3.22766
7.32395	3.2599
7.32419	3.29393
7.32444	3.34687
7.32468	3.43115
7.32493	3.53986
7.32517	3.64836
7.32541	3.73223
7.32566	3.78788
7.3259	3.83194
7.32615	3.87326
7.32639	3.89026
7.32664	3.84963
7.32688	3.74608
7.32713	3.60772
7.32737	3.46069
7.32762	3.3082
7.32786	3.15174
7.32811	3.01301
7.32835	2.92037
7.32859	2.88678
7.32884	2.91527
7.32908	3.01467
7.32933	3.19501
7.32957	3.45517
7.32982	3.78701
7.33006	4.18113
7.33031	4.61453
7.33055	5.04272
7.3308	5.42008
7.33104	5.72141
7.33129	5.93039
7.33153	6.01991
7.33177	5.96763
7.33202	5.7886
7.33226	5.53159
7.33251	5.24125
7.33275	4.93881
7.333	4.63864
7.33324	4.36334
7.33349	4.13494
7.33373	3.96134
7.33398	3.83457
7.33422	3.73411
7.33446	3.63381
7.33471	3.51848
7.33495	3.39602
7.3352	3.28465
7.33544	3.19036
7.33569	3.10774
7.33593	3.03965
7.33618	3.00025
7.33642	2.99634
7.33667	3.01807
7.33691	3.05062
7.33716	3.08436
7.3374	3.11271
7.33764	3.13082
7.33789	3.13803
7.33813	3.1313
7.33838	3.09605
7.33862	3.01472
7.33887	2.88572
7.33911	2.72372
7.33936	2.54157
7.3396	2.3428
7.33985	2.13194
7.34009	1.91985
7.34034	1.71717
7.34058	1.53186
7.34082	1.372
7.34107	1.24045
7.34131	1.13033
7.34156	1.03953
7.3418	0.984781
7.34205	0.981972
7.34229	1.01338
7.34254	1.03719
7.34278	1.03481
7.34303	1.02786
7.34327	1.03997
7.34352	1.06203
7.34376	1.06894
7.344	1.05564
7.34425	1.04207
7.34449	1.05272
7.34474	1.10309
7.34498	1.19743
7.34523	1.32859
7.34547	1.48581
7.34572	1.66817
7.34596	1.88041
7.34621	2.1111
7.34645	2.33192
7.34669	2.53203
7.34694	2.73818
7.34718	2.97921
7.34743	3.23527
7.34767	3.44573
7.34792	3.5772
7.34816	3.67191
7.34841	3.81126
7.34865	4.0228
7.3489	4.22867
7.34914	4.30182
7.34939	4.18293
7.34963	3.9324
7.34987	3.65618
7.35012	3.39476
7.35036	3.10777
7.35061	2.75714
7.35085	2.36844
7.3511	2.00345
7.35134	1.7068
7.35159	1.49845
7.35183	1.38987
7.35208	1.37682
7.35232	1.42623
7.35257	1.49426
7.35281	1.55584
7.35305	1.60652
7.3533	1.64589
7.35354	1.67262
7.35379	1.68686
7.35403	1.68654
7.35428	1.67021
7.35452	1.6501
7.35477	1.6476
7.35501	1.67
7.35526	1.71278
7.3555	1.79154
7.35575	1.93828
7.35599	2.14748
7.35623	2.36312
7.35648	2.55353
7.35672	2.76434
7.35697	3.04741
7.35721	3.3613
7.35746	3.60518
7.3577	3.7468
7.35795	3.85327
7.35819	3.98272
7.35844	4.10637
7.35868	4.16689
7.35892	4.16487
7.35917	4.14721
7.35941	4.14377
7.35966	4.15862
7.3599	4.20399
7.36015	4.29896
7.36039	4.4345
7.36064	4.56604
7.36088	4.64262
7.36113	4.63399
7.36137	4.54501
7.36162	4.42213
7.36186	4.32919
7.3621	4.28862
7.36235	4.25195
7.36259	4.15056
7.36284	3.97237
7.36308	3.77146
7.36333	3.6107
7.36357	3.51424
7.36382	3.46491
7.36406	3.41762
7.36431	3.31638
7.36455	3.13021
7.3648	2.88677
7.36504	2.654
7.36528	2.47921
7.36553	2.35721
7.36577	2.26007
7.36602	2.17853
7.36626	2.12228
7.36651	2.09358
7.36675	2.07884
7.367	2.06693
7.36724	2.06659
7.36749	2.09962
7.36773	2.17532
7.36798	2.27746
7.36822	2.38803
7.36846	2.52301
7.36871	2.7222
7.36895	2.98817
7.3692	3.2573
7.36944	3.46171
7.36969	3.60761
7.36993	3.75122
7.37018	3.8951
7.37042	3.95656
7.37067	3.86641
7.37091	3.66477
7.37115	3.45899
7.3714	3.30332
7.37164	3.16366
7.37189	3.00116
7.37213	2.84675
7.37238	2.76897
7.37262	2.79029
7.37287	2.86497
7.37311	2.94033
7.37336	3.02166
7.3736	3.165
7.37385	3.40511
7.37409	3.69516
7.37433	3.92616
7.37458	4.01403
7.37482	3.96815
7.37507	3.86914
7.37531	3.78066
7.37556	3.69073
7.3758	3.53952
7.37605	3.29453
7.37629	2.99182
7.37654	2.70838
7.37678	2.50072
7.37703	2.36751
7.37727	2.26432
7.37751	2.14962
7.37776	2.01572
7.378	1.87759
7.37825	1.74036
7.37849	1.58922
7.37874	1.4132
7.37898	1.22784
7.37923	1.06506
7.37947	0.944462
7.37972	0.863284
7.37996	0.811813
7.38021	0.786839
7.38045	0.786229
7.38069	0.799646
7.38094	0.812736
7.38118	0.817442
7.38143	0.812866
7.38167	0.79879
7.38192	0.773933
7.38216	0.73905
7.38241	0.697144
7.38265	0.652458
7.3829	0.613548
7.38314	0.593567
7.38338	0.59987
7.38363	0.62552
7.38387	0.660616
7.38412	0.711288
7.38436	0.794859
7.38461	0.91191
7.38485	1.03573
7.3851	1.13919
7.38534	1.22311
7.38559	1.30535
7.38583	1.38671
7.38608	1.44155
7.38632	1.44417
7.38656	1.39469
7.38681	1.31597
7.38705	1.23249
7.3873	1.15529
7.38754	1.08264
7.38779	1.01102
7.38803	0.944824
7.38828	0.893013
7.38852	0.855598
7.38877	0.820268
7.38901	0.7787
7.38926	0.739525
7.3895	0.714849
7.38974	0.698625
7.38999	0.671931
7.39023	0.628899
7.39048	0.583454
7.39072	0.548557
7.39097	0.523001
7.39121	0.503341
7.39146	0.49416
7.3917	0.497438
7.39195	0.503375
7.39219	0.503025
7.39244	0.502234
7.39268	0.5127
7.39292	0.536151
7.39317	0.568127
7.39341	0.611095
7.39366	0.670437
7.3939	0.740122
7.39415	0.806142
7.39439	0.86614
7.39464	0.934314
7.39488	1.02209
7.39513	1.12254
7.39537	1.222
7.39561	1.32481
7.39586	1.45899
7.3961	1.65284
7.39635	1.90546
7.39659	2.18255
7.39684	2.44221
7.39708	2.66122
7.39733	2.83241
7.39757	2.94261
7.39782	2.96604
7.39806	2.88408
7.39831	2.70552
7.39855	2.46523
7.39879	2.20874
7.39904	1.97636
7.39928	1.78815
7.39953	1.63608
7.39977	1.49867
7.40002	1.36905
7.40026	1.26
7.40051	1.17641
7.40075	1.09649
7.401	0.993745
7.40124	0.869295
7.40149	0.748267
7.40173	0.649144
7.40197	0.571198
7.40222	0.509301
7.40246	0.46473
7.40271	0.437692
7.40295	0.42125
7.4032	0.409019
7.40344	0.402609
7.40369	0.407031
7.40393	0.422601
7.40418	0.444496
7.40442	0.468399
7.40467	0.494771
7.40491	0.527029
7.40515	0.565282
7.4054	0.605086
7.40564	0.647107
7.40589	0.704558
7.40613	0.791888
7.40638	0.907996
7.40662	1.04252
7.40687	1.19689
7.40711	1.38165
7.40736	1.59144
7.4076	1.80511
7.40785	2.01824
7.40809	2.25057
7.40833	2.50726
7.40858	2.76014
7.40882	2.9904
7.40907	3.2243
7.40931	3.49351
7.40956	3.77876
7.4098	4.03084
7.41005	4.23354
7.41029	4.40073
7.41054	4.51434
7.41078	4.51536
7.41102	4.37011
7.41127	4.10751
7.41151	3.77518
7.41176	3.39494
7.412	2.98202
7.41225	2.57439
7.41249	2.21281
7.41274	1.90955
7.41298	1.6586
7.41323	1.45886
7.41347	1.30551
7.41372	1.17567
7.41396	1.04618
7.4142	0.916211
7.41445	0.796302
7.41469	0.688304
7.41494	0.592186
7.41518	0.517872
7.41543	0.471668
7.41567	0.44304
7.41592	0.42107
7.41616	0.410197
7.41641	0.4134
7.41665	0.416322
7.4169	0.40818
7.41714	0.403045
7.41738	0.418142
7.41763	0.444915
7.41787	0.464925
7.41812	0.481228
7.41836	0.509088
7.41861	0.548311
7.41885	0.592184
7.4191	0.652048
7.41934	0.741455
7.41959	0.843422
7.41983	0.926362
7.42008	0.98884
7.42032	1.05546
7.42056	1.12992
7.42081	1.18825
7.42105	1.2239
7.4213	1.265
7.42154	1.33722
7.42179	1.44064
7.42203	1.57339
7.42228	1.7434
7.42252	1.93809
7.42277	2.11148
7.42301	2.22484
7.42325	2.27824
7.4235	2.28122
7.42374	2.21688
7.42399	2.06459
7.42423	1.84331
7.42448	1.60225
7.42472	1.37483
7.42497	1.16673
7.42521	0.982746
7.42546	0.837339
7.4257	0.734567
7.42595	0.658993
7.42619	0.593366
7.42643	0.532127
7.42668	0.474865
7.42692	0.420532
7.42717	0.372951
7.42741	0.340543
7.42766	0.324915
7.4279	0.317629
7.42815	0.312092
7.42839	0.31121
7.42864	0.3196
7.42888	0.335221
7.42913	0.353316
7.42937	0.373496
7.42961	0.398325
7.42986	0.428698
7.4301	0.465218
7.43035	0.511443
7.43059	0.570647
7.43084	0.640594
7.43108	0.717657
7.43133	0.807381
7.43157	0.923616
7.43182	1.07139
7.43206	1.23834
7.43231	1.41573
7.43255	1.62174
7.43279	1.87821
7.43304	2.15393
7.43328	2.35928
7.43353	2.4296
7.43377	2.40409
7.43402	2.38634
7.43426	2.42279
7.43451	2.45485
7.43475	2.40547
7.435	2.28176
7.43524	2.16647
7.43548	2.12977
7.43573	2.17778
7.43597	2.27121
7.43622	2.35892
7.43646	2.39752
7.43671	2.3732
7.43695	2.31331
7.4372	2.2526
7.43744	2.18139
7.43769	2.05068
7.43793	1.83787
7.43818	1.58406
7.43842	1.35198
7.43866	1.16743
7.43891	1.02071
7.43915	0.906647
7.4394	0.834158
7.43964	0.800647
7.43989	0.78348
7.44013	0.763523
7.44038	0.7414
7.44062	0.724822
7.44087	0.712431
7.44111	0.696778
7.44136	0.673981
7.4416	0.644351
7.44184	0.610867
7.44209	0.582973
7.44233	0.57587
7.44258	0.599672
7.44282	0.652148
7.44307	0.725085
7.44331	0.812158
7.44356	0.905885
7.4438	0.993187
7.44405	1.06298
7.44429	1.11763
7.44454	1.17094
7.44478	1.23464
7.44502	1.3099
7.44527	1.39011
7.44551	1.46759
7.44576	1.54073
7.446	1.62059
7.44625	1.72592
7.44649	1.85888
7.44674	1.98421
7.44698	2.04798
7.44723	2.02925
7.44747	1.96542
7.44771	1.91215
7.44796	1.88189
7.4482	1.83887
7.44845	1.75688
7.44869	1.66083
7.44894	1.59493
7.44918	1.56268
7.44943	1.52208
7.44967	1.44102
7.44992	1.33479
7.45016	1.23779
7.45041	1.15428
7.45065	1.05501
7.45089	0.916937
7.45114	0.750024
7.45138	0.585417
7.45163	0.450138
7.45187	0.354853
7.45212	0.294433
7.45236	0.255501
7.45261	0.229668
7.45285	0.220133
7.4531	0.228719
7.45334	0.240457
7.45359	0.235209
7.45383	0.214556
7.45407	0.199899
7.45432	0.199395
7.45456	0.195759
7.45481	0.176453
7.45505	0.155974
7.4553	0.150847
7.45554	0.149179
7.45579	0.128627
7.45603	0.0945216
7.45628	0.0739244
7.45652	0.0750725
7.45677	0.0786201
7.45701	0.0711583
7.45725	0.0624908
7.4575	0.0625141
7.45774	0.0634775
7.45799	0.0567433
7.45823	0.0490516
7.45848	0.0489827
7.45872	0.0516815
7.45897	0.0503889
7.45921	0.0509447
7.45946	0.0605285
7.4597	0.0712043
7.45994	0.0691365
7.46019	0.0546901
7.46043	0.0411737
7.46068	0.0376295
7.46092	0.0427962
7.46117	0.0517184
7.46141	0.0587482
7.46166	0.0579035
7.4619	0.0495135
7.46215	0.0436047
7.46239	0.0486691
7.46264	0.0597925
7.46288	0.0649899
7.46312	0.0604086
7.46337	0.0526092
7.46361	0.0484095
7.46386	0.0484289
7.4641	0.0488116
7.46435	0.0452899
7.46459	0.0378429
7.46484	0.0328633
7.46508	0.0360456
7.46533	0.0427469
7.46557	0.0432774
7.46582	0.0385229
7.46606	0.0392557
7.4663	0.0471944
7.46655	0.050225
7.46679	0.0423814
7.46704	0.0344815
7.46728	0.0359064
7.46753	0.0393103
7.46777	0.0347555
7.46802	0.0267125
7.46826	0.0242582
7.46851	0.0254224
7.46875	0.0244743
7.469	0.0241029
7.46924	0.0267169
7.46948	0.0247719
7.46973	0.0146927
7.46997	0.00880186
7.47022	0.0163154
7.47046	0.0242992
7.47071	0.0176401
7.47095	0.00686202
7.4712	0.0119972
7.47144	0.0270328
7.47169	0.0277786
7.47193	0.0116778
7.47217	0.00147366
7.47242	0.00785274
7.47266	0.0159461
7.47291	0.0143746
7.47315	0.0117394
7.4734	0.01527
7.47364	0.0164205
7.47389	0.00928869
7.47413	0.00367345
7.47438	0.00767185
7.47462	0.0139581
7.47487	0.0145135
7.47511	0.0134382
7.47535	0.0145693
7.4756	0.0120943
7.47584	0.00488935
7.47609	0.00481553
7.47633	0.0176494
7.47658	0.0296447
7.47682	0.0271708
7.47707	0.0176719
7.47731	0.0162703
7.47756	0.0217626
7.4778	0.0216514
7.47805	0.013925
7.47829	0.00865898
7.47853	0.0116256
7.47878	0.0185894
7.47902	0.0236431
7.47927	0.0242891
7.47951	0.0211775
7.47976	0.0191526
7.48	0.0237652
7.48025	0.0316429
7.48049	0.0317114
7.48074	0.0214603
7.48098	0.0124916
7.48123	0.0130818
7.48147	0.0163629
7.48171	0.0147734
7.48196	0.0139312
7.4822	0.0197605
7.48245	0.0236196
7.48269	0.0162838
7.48294	0.00736994
7.48318	0.0123018
7.48343	0.0258225
7.48367	0.0283172
7.48392	0.0163769
7.48416	0.00687212
7.48441	0.00887866
7.48465	0.0114108
7.48489	0.00551824
7.48514	0.000791688
7.48538	0.00867211
7.48563	0.0222332
7.48587	0.0260268
7.48612	0.0187869
7.48636	0.0130833
7.48661	0.0151734
7.48685	0.0174162
7.4871	0.0125775
7.48734	0.00604398
7.48758	0.00791411
7.48783	0.0176726
7.48807	0.0239389
7.48832	0.0197787
7.48856	0.0123533
7.48881	0.0134221
7.48905	0.0235341
7.4893	0.0316495
7.48954	0.0303279
7.48979	0.0251698
7.49003	0.0262717
7.49028	0.0347839
7.49052	0.0422751
7.49076	0.0415697
7.49101	0.0344844
7.49125	0.0291083
7.4915	0.0312992
7.49174	0.038859
7.49199	0.0437997
7.49223	0.040999
7.49248	0.0336984
7.49272	0.0287089
7.49297	0.0280356
7.49321	0.0288539
7.49346	0.030194
7.4937	0.0340818
7.49394	0.0399024
7.49419	0.0431194
7.49443	0.0408435
7.49468	0.0344345
7.49492	0.0263056
7.49517	0.019097
7.49541	0.0175734
7.49566	0.0245396
7.4959	0.0338781
7.49615	0.0349794
7.49639	0.0264003
7.49664	0.0180581
7.49688	0.0171178
7.49712	0.0190383
7.49737	0.0167636
7.49761	0.0116175
7.49786	0.0093334
7.4981	0.0106061
7.49835	0.0117331
7.49859	0.0111879
7.49884	0.0103882
7.49908	0.0104251
7.49933	0.0118244
7.49957	0.0151688
7.49981	0.0191376
7.50006	0.0207403
7.5003	0.0196885
7.50055	0.0191337
7.50079	0.0200564
7.50104	0.0190382
7.50128	0.0141843
7.50153	0.00949266
7.50177	0.0103917
7.50202	0.0174168
7.50226	0.0260009
7.50251	0.0303553
7.50275	0.027407
7.50299	0.0199189
7.50324	0.0151068
7.50348	0.0168106
7.50373	0.0209036
7.50397	0.0226228
7.50422	0.0246467
7.50446	0.0311902
7.50471	0.0382754
7.50495	0.0393517
7.5052	0.0373741
7.50544	0.0400048
7.50569	0.0449089
7.50593	0.0426766
7.50617	0.0337433
7.50642	0.0286616
7.50666	0.0307923
7.50691	0.0327697
7.50715	0.0314821
7.5074	0.0315496
7.50764	0.0320965
7.50789	0.0266424
7.50813	0.0191463
7.50838	0.0218692
7.50862	0.032338
7.50887	0.0323164
7.50911	0.017231
7.50935	0.00582338
7.5096	0.010075
7.50984	0.017022
7.51009	0.0143503
7.51033	0.0122815
7.51058	0.021398
7.51082	0.0287542
7.51107	0.0190002
7.51131	0.00298136
7.51156	0.000278831
7.5118	0.00637687
7.51204	0.00391336
7.51229	-0.00353006
7.51253	0.00206853
7.51278	0.0182956
7.51302	0.0234773
7.51327	0.0127489
7.51351	0.0053294
7.51376	0.0118101
7.514	0.0192105
7.51425	0.0157949
7.51449	0.00908605
7.51474	0.00971203
7.51498	0.0144538
7.51522	0.0148905
7.51547	0.010222
7.51571	0.00440445
7.51596	0.000865757
7.5162	0.00376628
7.51645	0.013994
7.51669	0.0225248
7.51694	0.019487
7.51718	0.00990809
7.51743	0.0071513
7.51767	0.0115304
7.51792	0.011352
7.51816	0.00512258
7.5184	0.00428476
7.51865	0.0115325
7.51889	0.0156635
7.51914	0.0126411
7.51938	0.0122786
7.51963	0.0172009
7.51987	0.0148762
7.52012	0.000417926
7.52036	-0.0110618
7.52061	-0.00700836
7.52085	0.00377332
7.5211	0.00768129
7.52134	0.00671788
7.52158	0.00831515
7.52183	0.00863838
7.52207	0.00211966
7.52232	-0.00357761
7.52256	0.000812392
7.52281	0.00791833
7.52305	0.0041942
7.5233	-0.00704473
7.52354	-0.00970842
7.52379	0.000803008
7.52403	0.0127111
7.52427	0.0164791
7.52452	0.014793
7.52476	0.0129318
7.52501	0.0106936
7.52525	0.00657533
7.5255	0.0020583
7.52574	-0.000378745
7.52599	0.00120763
7.52623	0.00784417
7.52648	0.0162798
7.52672	0.0189846
7.52697	0.013252
7.52721	0.00685717
7.52745	0.00808799
7.5277	0.0138267
7.52794	0.015223
7.52819	0.0117712
7.52843	0.0105891
7.52868	0.0136195
7.52892	0.0154377
7.52917	0.0141182
7.52941	0.0148072
7.52966	0.019779
7.5299	0.0225746
7.53015	0.0163502
7.53039	0.00344771
7.53063	-0.00712079
7.53088	-0.00928195
7.53112	-0.00458644
7.53137	0.000954847
7.53161	0.00299016
7.53186	0.00238575
7.5321	0.00307872
7.53235	0.00632491
7.53259	0.00849866
7.53284	0.00579905
7.53308	-0.000415422
7.53333	-0.00486258
7.53357	-0.0039741
7.53381	0.00100339
7.53406	0.00566509
7.5343	0.00648713
7.53455	0.0042159
7.53479	0.00304939
7.53504	0.00494186
7.53528	0.00612847
7.53553	0.00260185
7.53577	-0.00268596
7.53602	-0.00348046
7.53626	-0.000298635
7.5365	0.000264601
7.53675	-0.0029362
7.53699	-0.00290627
7.53724	0.00371808
7.53748	0.0105133
7.53773	0.0118456
7.53797	0.0117636
7.53822	0.0152859
7.53846	0.0175881
7.53871	0.0110607
7.53895	-0.000852356
7.5392	-0.00654275
7.53944	-0.00166104
7.53968	0.00674395
7.53993	0.011334
7.54017	0.0120509
7.54042	0.0118064
7.54066	0.0117934
7.54091	0.0132564
7.54115	0.0180221
7.5414	0.0243119
7.54164	0.0264761
7.54189	0.022152
7.54213	0.0164835
7.54238	0.0158247
7.54262	0.0191675
7.54286	0.0193358
7.54311	0.0124457
7.54335	0.00330444
7.5436	-3.28582e-05
7.54384	0.00441558
7.54409	0.0109026
7.54433	0.0134826
7.54458	0.0120692
7.54482	0.00932627
7.54507	0.0051738
7.54531	-0.000983387
7.54556	-0.00501486
7.5458	-0.00214766
7.54604	0.00339902
7.54629	0.0010222
7.54653	-0.0104175
7.54678	-0.017028
7.54702	-0.0071899
7.54727	0.0108743
7.54751	0.0179775
7.54776	0.00849053
7.548	-0.00361216
7.54825	-0.00461155
7.54849	0.00225387
7.54873	0.00494452
7.54898	0.000484232
7.54922	-0.00343444
7.54947	-0.00193309
7.54971	0.000659004
7.54996	-0.000507032
7.5502	-0.00246519
7.55045	0.00105983
7.55069	0.0105733
7.55094	0.0203692
7.55118	0.0249198
7.55143	0.0224369
7.55167	0.0147159
7.55191	0.00724138
7.55216	0.00640444
7.5524	0.0116632
7.55265	0.0136769
7.55289	0.00666916
7.55314	-0.000918505
7.55338	0.00270763
7.55363	0.0138503
7.55387	0.0176322
7.55412	0.0110749
7.55436	0.00732947
7.55461	0.0134795
7.55485	0.0198397
7.55509	0.0184623
7.55534	0.0161781
7.55558	0.0184247
7.55583	0.0162508
7.55607	0.00448687
7.55632	-0.00230454
7.55656	0.00839026
7.55681	0.0219541
7.55705	0.0166772
7.5573	-0.000564469
7.55754	-0.00520779
7.55779	0.00420398
7.55803	0.006038
7.55827	-0.00406144
7.55852	-0.00498697
7.55876	0.0110271
7.55901	0.0226264
7.55925	0.0150668
7.5595	0.00325141
7.55974	0.00247403
7.55999	0.00256866
7.56023	-0.00800298
7.56048	-0.0162264
7.56072	-0.00798162
7.56097	0.00244895
7.56121	-0.00486624
7.56145	-0.0182491
7.5617	-0.0113483
7.56194	0.0118236
7.56219	0.0215125
7.56243	0.00906985
7.56268	-0.00287855
7.56292	-0.000172654
7.56317	0.00339895
7.56341	-0.00457679
7.56366	-0.0130027
7.5639	-0.00859099
7.56414	0.00132564
7.56439	0.00326643
7.56463	-0.000130849
7.56488	0.00186909
7.56512	0.00840751
7.56537	0.0102472
7.56561	0.00611242
7.56586	0.00327427
7.5661	0.00580644
7.56635	0.011645
7.56659	0.0176791
7.56684	0.0205144
7.56708	0.0169002
7.56732	0.0101236
7.56757	0.0102207
7.56781	0.0201238
7.56806	0.0277438
7.5683	0.0216266
7.56855	0.00949345
7.56879	0.00894501
7.56904	0.0214746
7.56928	0.029196
7.56953	0.0204036
7.56977	0.00619305
7.57002	0.00418768
7.57026	0.014391
7.5705	0.0214472
7.57075	0.0166598
7.57099	0.00663384
7.57124	-2.30472e-05
7.57148	-0.00372845
7.57173	-0.00739997
7.57197	-0.00802966
7.57222	-0.00262908
7.57246	0.00320522
7.57271	0.00208437
7.57295	-0.00252451
7.5732	-0.000286243
7.57344	0.00959709
7.57368	0.0159652
7.57393	0.0120792
7.57417	0.00514608
7.57442	0.00483052
7.57466	0.00980606
7.57491	0.0117994
7.57515	0.00769459
7.5754	0.0016918
7.57564	-0.00100698
7.57589	0.0020806
7.57613	0.00999539
7.57637	0.0173398
7.57662	0.0172844
7.57686	0.00922596
7.57711	0.000532497
7.57735	-0.00177288
7.5776	0.00242059
7.57784	0.00920808
7.57809	0.0146553
7.57833	0.014654
7.57858	0.00815054
7.57882	0.00285293
7.57907	0.00890052
7.57931	0.0229439
7.57955	0.0284163
7.5798	0.0177932
7.58004	0.00446071
7.58029	0.00398791
7.58053	0.0132412
7.58078	0.0191197
7.58102	0.019718
7.58127	0.0230271
7.58151	0.0292417
7.58176	0.0287844
7.582	0.017861
7.58225	0.00457984
7.58249	-0.00206283
7.58273	-0.00137351
7.58298	0.00181101
7.58322	0.00336442
7.58347	0.00323711
7.58371	0.00569117
7.58396	0.013448
7.5842	0.0199069
7.58445	0.0144874
7.58469	-0.000514755
7.58494	-0.00861368
7.58518	-0.00169563
7.58543	0.00750166
7.58567	0.00573251
7.58591	-2.63803e-05
7.58616	0.00329026
7.5864	0.0106986
7.58665	0.00777145
7.58689	-0.00358992
7.58714	-0.00812691
7.58738	-0.00276634
7.58763	0.000671351
7.58787	-0.0023093
7.58812	-0.00320881
7.58836	0.00129959
7.5886	0.00350329
7.58885	-0.000110049
7.58909	-0.00404848
7.58934	-0.00690045
7.58958	-0.0130203
7.58983	-0.0185176
7.59007	-0.0127326
7.59032	0.00207324
7.59056	0.00952134
7.59081	0.00317574
7.59105	-0.00441325
7.5913	-0.00280304
7.59154	0.00245058
7.59178	0.00415077
7.59203	0.00560191
7.59227	0.00943478
7.59252	0.00903531
7.59276	0.00102418
7.59301	-0.00643702
7.59325	-0.0068421
7.5935	-0.0046678
7.59374	-0.00361727
7.59399	0.000977952
7.59423	0.00942561
7.59448	0.0117827
7.59472	0.00486867
7.59496	0.000703106
7.59521	0.00633876
7.59545	0.00985755
7.5957	0.000433382
7.59594	-0.0113496
7.59619	-0.00958053
7.59643	0.00208509
7.59668	0.00900577
7.59692	0.00940469
7.59717	0.0111935
7.59741	0.0124711
7.59766	0.00496412
7.5979	-0.00700808
7.59814	-0.00997935
7.59839	-0.00262562
7.59863	0.00337943
7.59888	0.00338099
7.59912	0.00405508
7.59937	0.00681095
7.59961	0.00365961
7.59986	-0.00637768
7.6001	-0.011712
7.60035	-0.00549584
7.60059	0.00317553
7.60083	0.0023837
7.60108	-0.00701322
7.60132	-0.0153798
7.60157	-0.0169671
7.60181	-0.0124932
7.60206	-0.00443271
7.6023	0.00423239
7.60255	0.00954707
7.60279	0.0095454
7.60304	0.00634788
7.60328	0.00296526
7.60353	-0.000113725
7.60377	-0.00318
7.60401	-0.00424439
7.60426	-0.000582944
7.6045	0.00675948
7.60475	0.0121639
7.60499	0.0108601
7.60524	0.00482292
7.60548	0.000955489
7.60573	0.00262122
7.60597	0.00617566
7.60622	0.00794441
7.60646	0.00991435
7.60671	0.0137156
7.60695	0.0141654
7.60719	0.00683371
7.60744	-0.00192894
7.60768	-0.00268295
7.60793	0.00201214
7.60817	0.00196877
7.60842	-0.00292361
7.60866	-0.00343015
7.60891	0.000579898
7.60915	-0.00118574
7.6094	-0.00921448
7.60964	-0.0102232
7.60989	-1.71549e-05
7.61013	0.00709142
7.61037	0.00135605
7.61062	-0.00642354
7.61086	-0.00403487
7.61111	0.00245835
7.61135	0.00227078
7.6116	-0.00088499
7.61184	0.0011047
7.61209	0.00391852
7.61233	0.000867955
7.61258	-0.00165665
7.61282	0.00323934
7.61306	0.00566589
7.61331	-0.00572497
7.61355	-0.0201932
7.6138	-0.018607
7.61404	-0.00433845
7.61429	0.00231152
7.61453	-0.00327239
7.61478	-0.00631097
7.61502	-0.000558809
7.61527	0.0033715
7.61551	-7.15177e-05
7.61576	-0.00265676
7.616	0.0001615
7.61624	0.00239318
7.61649	0.00247689
7.61673	0.00648388
7.61698	0.0116651
7.61722	0.00559385
7.61747	-0.0119699
7.61771	-0.0242142
7.61796	-0.0214715
7.6182	-0.0134324
7.61845	-0.0100131
7.61869	-0.00752369
7.61894	-0.00282551
7.61918	-0.00369576
7.61942	-0.0131309
7.61967	-0.0186125
7.61991	-0.0105092
7.62016	0.00132861
7.6204	0.00279211
7.62065	-0.00346508
7.62089	-0.00568261
7.62114	-0.00241336
7.62138	-0.000589193
7.62163	-0.0012459
7.62187	-0.000347691
7.62212	0.001121
7.62236	-0.000582058
7.6226	-0.00356582
7.62285	-0.00380487
7.62309	-0.0029357
7.62334	-0.00411074
7.62358	-0.00489116
7.62383	-0.00246186
7.62407	-0.000732067
7.62432	-0.0040494
7.62456	-0.00916777
7.62481	-0.0113279
7.62505	-0.0121141
7.62529	-0.0129185
7.62554	-0.00813833
7.62578	0.00439662
7.62603	0.0131842
7.62627	0.00634799
7.62652	-0.00931467
7.62676	-0.016117
7.62701	-0.00957509
7.62725	-0.000956708
7.6275	0.0026685
7.62774	0.0055935
7.62799	0.00898908
7.62823	0.0051093
7.62847	-0.00725389
7.62872	-0.0144942
7.62896	-0.00569723
7.62921	0.00983587
7.62945	0.0138272
7.6297	0.00376748
7.62994	-0.00463212
7.63019	0.000318042
7.63043	0.0116158
7.63068	0.0151065
7.63092	0.00833241
7.63117	0.00072664
7.63141	-0.00148405
7.63165	-0.00180542
7.6319	-0.00395221
7.63214	-0.00438602
7.63239	0.000470195
7.63263	0.0059085
7.63288	0.00535886
7.63312	0.00114933
7.63337	0.000341389
7.63361	0.00224703
7.63386	-0.000114785
7.6341	-0.00671743
7.63435	-0.00938799
7.63459	-0.00562095
7.63483	-0.00259043
7.63508	-0.00379146
7.63532	-0.0026834
7.63557	0.00444692
7.63581	0.00981378
7.63606	0.00646507
7.6363	0.000248319
7.63655	-0.000247978
7.63679	0.00201595
7.63704	-0.000474488
7.63728	-0.004489
7.63752	-0.000643624
7.63777	0.00952655
7.63801	0.0140414
7.63826	0.00838821
7.6385	0.00154241
7.63875	0.00178416
7.63899	0.00608986
7.63924	0.00722301
7.63948	0.00381186
7.63973	-0.000582496
7.63997	-0.00290761
7.64022	-0.00175446
7.64046	0.00259325
7.6407	0.00674233
7.64095	0.00661658
7.64119	0.00296174
7.64144	0.000662033
7.64168	0.00152892
7.64193	0.0024611
7.64217	0.00231255
7.64242	0.00508836
7.64266	0.0126729
7.64291	0.0186845
7.64315	0.0149545
7.6434	0.0029208
7.64364	-0.00618468
7.64388	-0.00392074
7.64413	0.00525354
7.64437	0.00900104
7.64462	0.00179314
7.64486	-0.00855836
7.64511	-0.0112019
7.64535	-0.00614158
7.6456	-0.00254116
7.64584	-0.00412881
7.64609	-0.00431852
7.64633	0.0011996
7.64658	0.00563042
7.64682	0.00224527
7.64706	-0.00250383
7.64731	0.00189846
7.64755	0.0112079
7.6478	0.0100008
7.64804	-0.00443744
7.64829	-0.0149218
7.64853	-0.00740952
7.64878	0.0093305
7.64902	0.0165291
7.64927	0.0108371
7.64951	0.00561934
7.64976	0.00985092
7.65	0.0174445
7.65024	0.0191869
7.65049	0.0154742
7.65073	0.0124352
7.65098	0.0118826
7.65122	0.010869
7.65147	0.00788881
7.65171	0.00462011
7.65196	0.00335825
7.6522	0.00618888
7.65245	0.0143026
7.65269	0.0241402
7.65293	0.0269259
7.65318	0.018096
7.65342	0.00641449
7.65367	0.00673939
7.65391	0.0217905
7.65416	0.0371273
7.6544	0.0379111
7.65465	0.0258565
7.65489	0.0150119
7.65514	0.0146136
7.65538	0.0219236
7.65563	0.0295689
7.65587	0.0332586
7.65611	0.0321172
7.65636	0.0274039
7.6566	0.022907
7.65685	0.0225936
7.65709	0.0258381
7.65734	0.0275498
7.65758	0.02428
7.65783	0.0179239
7.65807	0.0127958
7.65832	0.0114681
7.65856	0.0139644
7.65881	0.0182751
7.65905	0.0208066
7.65929	0.0187871
7.65954	0.0132386
7.65978	0.00803138
7.66003	0.00594915
7.66027	0.00700229
7.66052	0.00933997
7.66076	0.00955023
7.66101	0.00429609
7.66125	-0.00457374
7.6615	-0.00875241
7.66174	-0.00269536
7.66199	0.00738654
7.66223	0.00999115
7.66247	0.00308625
7.66272	-0.0045122
7.66296	-0.00616674
7.66321	-0.00365077
7.66345	4.55076e-05
7.6637	0.00458781
7.66394	0.00658314
7.66419	0.00059483
7.66443	-0.00945667
7.66468	-0.0105209
7.66492	0.00102415
7.66516	0.0113575
7.66541	0.0088282
7.66565	0.0012726
7.6659	0.00154148
7.66614	0.00525077
7.66639	-0.000272055
7.66663	-0.0106821
7.66688	-0.00823482
7.66712	0.00921607
7.66737	0.0227478
7.66761	0.0210122
7.66786	0.0155053
7.6681	0.0179725
7.66834	0.0201978
7.66859	0.0111264
7.66883	0.000395913
7.66908	0.00535642
7.66932	0.0217353
7.66957	0.027875
7.66981	0.0174791
7.67006	0.00851729
7.6703	0.014689
7.67055	0.0251625
7.67079	0.0226341
7.67104	0.0090945
7.67128	0.000820094
7.67152	0.00444754
7.67177	0.0106676
7.67201	0.00980253
7.67226	0.00311944
7.6725	-0.00240648
7.67275	-0.00296287
7.67299	0.000557328
7.67324	0.00488198
7.67348	0.00654228
7.67373	0.00477606
7.67397	0.00284343
7.67422	0.00402157
7.67446	0.00717065
7.6747	0.00904801
7.67495	0.00920612
7.67519	0.00899958
7.67544	0.00816664
7.67568	0.00700453
7.67593	0.00920476
7.67617	0.0161892
7.67642	0.0211087
7.67666	0.0164907
7.67691	0.00632141
7.67715	0.00097603
7.67739	0.000772041
7.67764	-0.00357058
7.67788	-0.0123691
7.67813	-0.0129826
7.67837	-0.000637954
7.67862	0.0104181
7.67886	0.00713074
7.67911	-0.00246467
7.67935	-0.00288815
7.6796	0.00429113
7.67984	0.00538139
7.68009	-0.00167959
7.68033	-0.00569333
7.68057	-0.00247867
7.68082	8.2515e-05
7.68106	-0.00158219
7.68131	-0.00121372
7.68155	0.00334694
7.6818	0.00548862
7.68204	0.00351826
7.68229	0.00471199
7.68253	0.0103154
7.68278	0.0108185
7.68302	0.00315014
7.68327	-0.00191498
7.68351	0.00162323
7.68375	0.00378242
7.684	-0.00267645
7.68424	-0.00710197
7.68449	0.000263391
7.68473	0.00790732
7.68498	0.000851472
7.68522	-0.0116551
7.68547	-0.00927272
7.68571	0.00455013
7.68596	0.00673475
7.6862	-0.00644609
7.68645	-0.0115545
7.68669	0.0037192
7.68693	0.0198242
7.68718	0.0166692
7.68742	0.00429474
7.68767	0.00353156
7.68791	0.0119214
7.68816	0.0108526
7.6884	-0.00254468
7.68865	-0.0126336
7.68889	-0.0108516
7.68914	-0.00437817
7.68938	4.54332e-05
7.68962	0.00301241
7.68987	0.0023795
7.69011	-0.00613121
7.69036	-0.0154454
7.6906	-0.0114102
7.69085	0.00445777
7.69109	0.0132301
7.69134	0.00644389
7.69158	-0.00108242
7.69183	0.00386432
7.69207	0.0117904
7.69232	0.00823821
7.69256	-0.00191552
7.6928	-0.00552047
7.69305	-0.00514854
7.69329	-0.011642
7.69354	-0.0200965
7.69378	-0.0157295
7.69403	-0.00111239
7.69427	0.00524833
7.69452	-0.000982794
7.69476	-0.00366349
7.69501	0.00489122
7.69525	0.0109019
7.6955	0.00469392
7.69574	-0.00149351
7.69598	0.00452233
7.69623	0.0127168
7.69647	0.00835854
7.69672	-0.00205158
7.69696	-0.00221998
7.69721	0.00597114
7.69745	0.00694239
7.6977	-0.00122558
7.69794	-0.00503962
7.69819	-0.000348352
7.69843	0.00145078
7.69868	-0.00500259
7.69892	-0.00957162
7.69916	-0.00518517
7.69941	-0.000203927
7.69965	-0.00344684
7.6999	-0.00925123
7.70014	-0.00762335
7.70039	-0.000403452
7.70063	0.00308902
7.70088	0.000958964
7.70112	-0.000440206
7.70137	0.00207787
7.70161	0.0043923
7.70185	0.00227471
7.7021	-0.00254019
7.70234	-0.00447497
7.70259	-0.000474904
7.70283	0.00573642
7.70308	0.00629755
7.70332	-0.00147714
7.70357	-0.00941193
7.70381	-0.00674866
7.70406	0.00570194
7.7043	0.0152193
7.70455	0.0126226
7.70479	0.00270473
7.70503	-0.00347068
7.70528	-0.00192888
7.70552	0.00225872
7.70577	0.00304921
7.70601	-0.000266232
7.70626	-0.0034417
7.7065	-0.00193416
7.70675	0.00391947
7.70699	0.00829417
7.70724	0.00643303
7.70748	0.00109229
7.70773	-0.000780046
7.70797	0.0029259
7.70821	0.00776807
7.70846	0.00956373
7.7087	0.00821072
7.70895	0.00481213
7.70919	0.000222638
7.70944	-0.00288171
7.70968	-0.00169339
7.70993	0.001679
7.71017	0.00154828
7.71042	-0.00356847
7.71066	-0.00866297
7.71091	-0.00881229
7.71115	-0.004247
7.71139	0.00141571
7.71164	0.00411847
7.71188	0.00123762
7.71213	-0.00482077
7.71237	-0.00643437
7.71262	-0.000153704
7.71286	0.0058054
7.71311	0.00155464
7.71335	-0.00859834
7.7136	-0.0107743
7.71384	-0.00221777
7.71408	0.00481909
7.71433	0.002715
7.71457	-0.0010218
7.71482	0.00100375
7.71506	0.00296709
7.71531	-0.0024128
7.71555	-0.00941597
7.7158	-0.00849239
7.71604	-0.00253059
7.71629	-0.00139553
7.71653	-0.00514829
7.71678	-0.00552255
7.71702	-0.0013401
7.71726	0.000505835
7.71751	-0.00104479
7.71775	0.000927522
7.718	0.00751819
7.71824	0.0099297
7.71849	0.00382811
7.71873	-0.00233056
7.71898	6.23324e-05
7.71922	0.00652693
7.71947	0.00676155
7.71971	-4.03382e-06
7.71996	-0.00541806
7.7202	-0.00521571
7.72044	-0.00336007
7.72069	-0.00278587
7.72093	-0.000314185
7.72118	0.00590402
7.72142	0.0103498
7.72167	0.00722445
7.72191	-0.000132175
7.72216	-0.00329139
7.7224	-0.000608441
7.72265	0.00153896
7.72289	-0.0005824
7.72314	-0.00316456
7.72338	-0.00265694
7.72362	-0.00164445
7.72387	-0.0028831
7.72411	-0.00349776
7.72436	-0.000713965
7.7246	0.00137693
7.72485	-0.00267209
7.72509	-0.0106574
7.72534	-0.0156527
7.72558	-0.0153145
7.72583	-0.0120328
7.72607	-0.00677303
7.72632	-4.36603e-05
7.72656	0.00338864
7.7268	-0.000834577
7.72705	-0.00798004
7.72729	-0.00816195
7.72754	0.000806564
7.72778	0.0113811
7.72803	0.0166281
7.72827	0.0155547
7.72852	0.00921031
7.72876	-0.000164679
7.72901	-0.00635853
7.72925	-0.00424282
7.72949	0.00199308
7.72974	0.00391208
7.72998	0.00153841
7.73023	0.00146897
7.73047	0.00316417
7.73072	-0.000593595
7.73096	-0.00830106
7.73121	-0.00844785
7.73145	0.00207806
7.7317	0.0113844
7.73194	0.0105834
7.73219	0.006051
7.73243	0.00594036
7.73267	0.00645385
7.73292	0.00170438
7.73316	-0.0030974
7.73341	-0.000464369
7.73365	0.00483792
7.7339	0.00266718
7.73414	-0.00576328
7.73439	-0.00992222
7.73463	-0.00620427
7.73488	-0.00143622
7.73512	-0.00119819
7.73537	-0.00379036
7.73561	-0.00575106
7.73585	-0.00583945
7.7361	-0.00320434
7.73634	0.00237215
7.73659	0.00809342
7.73683	0.0104993
7.73708	0.0098614
7.73732	0.00879922
7.73757	0.00788544
7.73781	0.00574841
7.73806	0.00190276
7.7383	-0.00303143
7.73855	-0.00768675
7.73879	-0.00899256
7.73903	-0.00458179
7.73928	0.0021283
7.73952	0.00410486
7.73977	0.000100487
7.74001	-0.00367666
7.74026	-0.00368768
7.7405	-0.00409609
7.74075	-0.00804148
7.74099	-0.0110926
7.74124	-0.00869073
7.74148	-0.00380555
7.74172	-0.00137689
7.74197	-0.000695209
7.74221	0.000999591
7.74246	0.00252016
7.7427	0.00200489
7.74295	0.00129722
7.74319	0.00182794
7.74344	0.00101263
7.74368	-0.00245706
7.74393	-0.00494916
7.74417	-0.00408568
7.74442	-0.00283152
7.74466	-0.00299761
7.7449	-0.00132698
7.74515	0.00304896
7.74539	0.00459082
7.74564	0.000595794
7.74588	-0.00270975
7.74613	0.000363839
7.74637	0.00622076
7.74662	0.0085968
7.74686	0.00677845
7.74711	0.00196519
7.74735	-0.005841
7.7476	-0.011484
7.74784	-0.00576128
7.74808	0.00918299
7.74833	0.0166106
7.74857	0.00740542
7.74882	-0.00516285
7.74906	-0.00462691
7.74931	0.0050413
7.74955	0.0087976
7.7498	0.00451302
7.75004	0.00172096
7.75029	0.00268218
7.75053	0.00107033
7.75078	-0.00365939
7.75102	-0.00527085
7.75126	-0.00236256
7.75151	0.00122345
7.75175	0.00501901
7.752	0.00976107
7.75224	0.0105585
7.75249	0.0038587
7.75273	-0.00307262
7.75298	-0.00150689
7.75322	0.00457847
7.75347	0.00561107
7.75371	0.00213176
7.75395	0.000737232
7.7542	0.000793328
7.75444	-0.000904113
7.75469	0.000728937
7.75493	0.00969418
7.75518	0.0161694
7.75542	0.0106964
7.75567	0.00346775
7.75591	0.00908285
7.75616	0.0191418
7.7564	0.014125
7.75665	-0.00197994
7.75689	-0.00605321
7.75713	0.00566936
7.75738	0.0120566
7.75762	0.00399723
7.75787	-0.00180654
7.75811	0.00547246
7.75836	0.0125839
7.7586	0.00836061
7.75885	0.00366011
7.75909	0.00961857
7.75934	0.0169164
7.75958	0.0136834
7.75983	0.00647463
7.76007	0.00635978
7.76031	0.00914587
7.76056	0.00622006
7.7608	0.00201433
7.76105	0.00431288
7.76129	0.00861337
7.76154	0.00759738
7.76178	0.0054974
7.76203	0.00817574
7.76227	0.00952123
7.76252	0.00303674
7.76276	-0.00304084
7.76301	0.00176161
7.76325	0.0112193
7.76349	0.0121911
7.76374	0.00594938
7.76398	0.00364486
7.76423	0.00671403
7.76447	0.00785124
7.76472	0.00662917
7.76496	0.00841957
7.76521	0.0112408
7.76545	0.00857864
7.7657	0.00272622
7.76594	0.00144275
7.76618	0.00375359
7.76643	0.00262903
7.76667	-0.000370047
7.76692	0.00291352
7.76716	0.0113903
7.76741	0.0145519
7.76765	0.0091375
7.7679	0.00380658
7.76814	0.00499689
7.76839	0.00839243
7.76863	0.00734634
7.76888	0.00193254
7.76912	-0.00281827
7.76936	-0.00221185
7.76961	0.00523659
7.76985	0.0157493
7.7701	0.0219798
7.77034	0.020558
7.77059	0.0157749
7.77083	0.0129895
7.77108	0.0130813
7.77132	0.0163078
7.77157	0.0239891
7.77181	0.0316343
7.77206	0.029884
7.7723	0.0193544
7.77254	0.0143052
7.77279	0.0222929
7.77303	0.0310717
7.77328	0.0274732
7.77352	0.0183259
7.77377	0.0177359
7.77401	0.0235877
7.77426	0.0244722
7.7745	0.022156
7.77475	0.027038
7.77499	0.0360853
7.77524	0.0363844
7.77548	0.028899
7.77572	0.027784
7.77597	0.0357818
7.77621	0.0412361
7.77646	0.0416112
7.7767	0.0481202
7.77695	0.0617658
7.77719	0.0666309
7.77744	0.0563173
7.77768	0.0474684
7.77793	0.0546878
7.77817	0.0685235
7.77841	0.0724037
7.77866	0.0680577
7.7789	0.0687201
7.77915	0.0766514
7.77939	0.0830297
7.77964	0.0850138
7.77988	0.0889898
7.78013	0.0981395
7.78037	0.10704
7.78062	0.109379
7.78086	0.105576
7.78111	0.102853
7.78135	0.109599
7.78159	0.127017
7.78184	0.146065
7.78208	0.157428
7.78233	0.163629
7.78257	0.174005
7.78282	0.189399
7.78306	0.202798
7.78331	0.214806
7.78355	0.23432
7.7838	0.26115
7.78404	0.283492
7.78429	0.298764
7.78453	0.321473
7.78477	0.361308
7.78502	0.408005
7.78526	0.449292
7.78551	0.490518
7.78575	0.543092
7.786	0.605133
7.78624	0.668799
7.78649	0.737452
7.78673	0.819914
7.78698	0.915667
7.78722	1.0222
7.78747	1.15019
7.78771	1.31322
7.78795	1.50651
7.7882	1.71477
7.78844	1.93813
7.78869	2.18744
7.78893	2.44953
7.78918	2.68031
7.78942	2.84869
7.78967	2.97615
7.78991	3.11628
7.79016	3.29724
7.7904	3.49545
7.79064	3.66491
7.79089	3.77726
7.79113	3.82355
7.79138	3.78975
7.79162	3.65962
7.79187	3.45584
7.79211	3.25598
7.79236	3.13161
7.7926	3.06839
7.79285	2.97593
7.79309	2.78976
7.79334	2.53892
7.79358	2.29735
7.79382	2.09655
7.79407	1.9156
7.79431	1.73596
7.79456	1.56477
7.7948	1.40794
7.79505	1.25865
7.79529	1.12026
7.79554	1.01021
7.79578	0.929833
7.79603	0.855157
7.79627	0.770399
7.79652	0.690156
7.79676	0.635612
7.797	0.607278
7.79725	0.594594
7.79749	0.595463
7.79774	0.610867
7.79798	0.633835
7.79823	0.65977
7.79847	0.697934
7.79872	0.758513
7.79896	0.836045
7.79921	0.917619
7.79945	0.999498
7.7997	1.08402
7.79994	1.16846
7.80018	1.25095
7.80043	1.34254
7.80067	1.46085
7.80092	1.61281
7.80116	1.79173
7.80141	1.98799
7.80165	2.19393
7.8019	2.40031
7.80214	2.59573
7.80239	2.77115
7.80263	2.92329
7.80287	3.05432
7.80312	3.16545
7.80336	3.24735
7.80361	3.28415
7.80385	3.27878
7.8041	3.26705
7.80434	3.28506
7.80459	3.31984
7.80483	3.31202
7.80508	3.21295
7.80532	3.02266
7.80557	2.77287
7.80581	2.50295
7.80605	2.26147
7.8063	2.09345
7.80654	1.99444
7.80679	1.89684
7.80703	1.73359
7.80728	1.50683
7.80752	1.27216
7.80777	1.06997
7.80801	0.90047
7.80826	0.754632
7.8085	0.633887
7.80875	0.536839
7.80899	0.453846
7.80923	0.381243
7.80948	0.323194
7.80972	0.27815
7.80997	0.239626
7.81021	0.208409
7.81046	0.187273
7.8107	0.168107
7.81095	0.143249
7.81119	0.123961
7.81144	0.125223
7.81168	0.136357
7.81193	0.131735
7.81217	0.109203
7.81241	0.091914
7.81266	0.0909107
7.8129	0.0922679
7.81315	0.0851802
7.81339	0.0766442
7.81364	0.0716547
7.81388	0.0635078
7.81413	0.05214
7.81437	0.0491953
7.81462	0.0558892
7.81486	0.0574937
7.81511	0.0488871
7.81535	0.0442846
7.81559	0.0518945
7.81584	0.0598061
7.81608	0.0575184
7.81633	0.0512955
7.81657	0.047531
7.81682	0.041016
7.81706	0.0310482
7.81731	0.0292464
7.81755	0.03919
7.8178	0.0472557
7.81804	0.0453026
7.81828	0.0428853
7.81853	0.0454092
7.81877	0.0416923
7.81902	0.0270317
7.81926	0.0168902
7.81951	0.0215406
7.81975	0.0279067
7.82	0.0235089
7.82024	0.017561
7.82049	0.0200694
7.82073	0.0215389
7.82098	0.0141221
7.82122	0.0114483
7.82146	0.0237338
7.82171	0.0337567
7.82195	0.0242588
7.8222	0.0103487
7.82244	0.0150129
7.82269	0.0290359
7.82293	0.0278738
7.82318	0.0150698
7.82342	0.0135802
7.82367	0.0226727
7.82391	0.0202943
7.82416	0.00519887
7.8244	0.000439134
7.82464	0.0127128
7.82489	0.0219494
7.82513	0.0171405
7.82538	0.0116006
7.82562	0.0143548
7.82587	0.0149691
7.82611	0.00771225
7.82636	0.0051796
7.8266	0.0147304
7.82685	0.0229442
7.82709	0.0174267
7.82734	0.00657334
7.82758	0.00433669
7.82782	0.00949962
7.82807	0.0121775
7.82831	0.00980932
7.82856	0.00656376
7.8288	0.0053345
7.82905	0.00706596
7.82929	0.0107292
7.82954	0.0112538
7.82978	0.00576997
7.83003	0.0012837
7.83027	0.00526944
7.83051	0.0112116
7.83076	0.00785019
7.831	4.08788e-06
7.83125	0.00237867
7.83149	0.0141007
7.83174	0.019724
7.83198	0.0159468
7.83223	0.014955
7.83247	0.0185392
7.83272	0.0134344
7.83296	-0.00106716
7.83321	-0.00598074
7.83345	0.00621582
7.83369	0.0168998
7.83394	0.0113888
7.83418	0.00176258
7.83443	0.0035212
7.83467	0.00967511
7.83492	0.00711617
7.83516	0.00159903
7.83541	0.00526426
7.83565	0.012402
7.8359	0.00922805
7.83614	-0.0012283
7.83639	-0.00436194
7.83663	0.00194402
7.83687	0.00683795
7.83712	0.00582154
7.83736	0.00426445
7.83761	0.00484199
7.83785	0.00584428
7.8381	0.00904535
7.83834	0.0163198
7.83859	0.0215005
7.83883	0.0175738
7.83908	0.00874818
7.83932	0.00430506
7.83957	0.00429336
7.83981	0.00223525
7.84005	-0.00217751
7.8403	-0.0043126
7.84054	-0.00461516
7.84079	-0.00638324
7.84103	-0.00706425
7.84128	-0.00219972
7.84152	0.00547441
7.84177	0.0103935
7.84201	0.0130902
7.84226	0.0154233
7.8425	0.0130359
7.84274	0.00346173
7.84299	-0.00453418
7.84323	-0.00191438
7.84348	0.0060544
7.84372	0.00863161
7.84397	0.00675262
7.84421	0.00758925
7.84446	0.00865195
7.8447	0.00354834
7.84495	-0.00203432
7.84519	0.00153816
7.84544	0.0077573
7.84568	0.00238927
7.84592	-0.00969759
7.84617	-0.00855448
7.84641	0.00783329
7.84666	0.0176237
7.8469	0.00881854
7.84715	-0.00311738
7.84739	-0.00186653
7.84764	0.00544554
7.84788	0.00466094
7.84813	-0.00127792
7.84837	-0.00119525
7.84862	0.00353117
7.84886	0.00408476
7.8491	0.0016549
7.84935	0.00350239
7.84959	0.00737009
7.84984	0.0051104
7.85008	-0.00183674
7.85033	-0.00474695
7.85057	-0.00299352
7.85082	-0.00365874
7.85106	-0.0069197
7.85131	-0.00496723
7.85155	0.00363943
7.8518	0.0105181
7.85204	0.010773
7.85228	0.00943305
7.85253	0.0112815
7.85277	0.0130904
7.85302	0.0103268
7.85326	0.00500983
7.85351	0.0025804
7.85375	0.00510216
7.854	0.0102554
7.85424	0.0139626
7.85449	0.0132134
7.85473	0.00952142
7.85497	0.00865023
7.85522	0.0125156
7.85546	0.0137231
7.85571	0.00519161
7.85595	-0.00667193
7.8562	-0.008165
7.85644	0.00188396
7.85669	0.00958642
7.85693	0.00678887
7.85718	0.00295575
7.85742	0.00903983
7.85767	0.0194657
7.85791	0.0209031
7.85815	0.0125774
7.8584	0.00566866
7.85864	0.00524805
7.85889	0.00508781
7.85913	0.00115766
7.85938	-0.00115045
7.85962	0.00248414
7.85987	0.00645632
7.86011	0.00333886
7.86036	-0.00438888
7.8606	-0.0073273
7.86085	-0.00160925
7.86109	0.00708055
7.86133	0.0113942
7.86158	0.00988759
7.86182	0.00603261
7.86207	0.00283852
7.86231	0.000395561
7.86256	-0.00225054
7.8628	-0.00449806
7.86305	-0.00433583
7.86329	-0.00107829
7.86354	0.00294339
7.86378	0.00444821
7.86403	0.00287138
7.86427	0.000940781
7.86451	0.00123817
7.86476	0.00308465
7.865	0.00384064
7.86525	0.00300834
7.86549	0.0034454
7.86574	0.00712953
7.86598	0.0108595
7.86623	0.00928173
7.86647	0.0027748
7.86672	-0.00168136
7.86696	-0.000101981
7.8672	0.00232871
7.86745	-0.000347641
7.86769	-0.00431061
7.86794	-0.0016784
7.86818	0.0055539
7.86843	0.00768099
7.86867	0.0038422
7.86892	0.00432722
7.86916	0.0122872
7.86941	0.0158818
7.86965	0.00715794
7.8699	-0.00270592
7.87014	0.000584636
7.87038	0.0116401
7.87063	0.0134352
7.87087	0.00322891
7.87112	-0.00534072
7.87136	-0.00447662
7.87161	-0.000647983
7.87185	0.000639921
7.8721	0.0030176
7.87234	0.0076667
7.87259	0.00757305
7.87283	0.00044103
7.87308	-0.00420177
7.87332	0.000947479
7.87356	0.00903259
7.87381	0.00975149
7.87405	0.00455577
7.8743	0.00230429
7.87454	0.00521386
7.87479	0.00772235
7.87503	0.00597702
7.87528	0.00132605
7.87552	-0.00329575
7.87577	-0.00493147
7.87601	-0.00101114
7.87626	0.00710906
7.8765	0.0133597
7.87674	0.0133971
7.87699	0.00932505
7.87723	0.00542698
7.87748	0.00297297
7.87772	0.00185547
7.87797	0.00280296
7.87821	0.00454642
7.87846	0.00309438
7.8787	-0.00273055
7.87895	-0.0087997
7.87919	-0.0111263
7.87943	-0.00954471
7.87968	-0.0046229
7.87992	0.00286951
7.88017	0.00748584
7.88041	0.00201803
7.88066	-0.0110223
7.8809	-0.0184085
7.88115	-0.012061
7.88139	0.000585082
7.88164	0.00726234
7.88188	0.00532711
7.88213	-2.44954e-05
7.88237	-0.00507219
7.88261	-0.00825649
7.88286	-0.00729831
7.8831	-0.00268856
7.88335	0.000408528
7.88359	-0.00044492
7.88384	-0.000548854
7.88408	0.00359974
7.88433	0.00736243
7.88457	0.00541084
7.88482	0.000431062
7.88506	-0.00198173
7.88531	-0.00171727
7.88555	-0.0013846
7.88579	-0.000791866
7.88604	-6.80912e-05
7.88628	-0.00198822
7.88653	-0.00536366
7.88677	-0.0035474
7.88702	0.00395049
7.88726	0.00709333
7.88751	0.000842053
7.88775	-0.00419786
7.888	0.00266773
7.88824	0.0143015
7.88849	0.0157968
7.88873	0.0058459
7.88897	-0.00488287
7.88922	-0.0109914
7.88946	-0.014208
7.88971	-0.0126639
7.88995	-0.00344182
7.8902	0.00637918
7.89044	0.0061019
7.89069	-0.00133934
7.89093	-0.00230222
7.89118	0.00660637
7.89142	0.0137669
7.89167	0.0108855
7.89191	0.00377541
7.89215	0.00123305
7.8924	0.0035991
7.89264	0.0065302
7.89289	0.00774508
7.89313	0.00621089
7.89338	0.00121826
7.89362	-0.00484972
7.89387	-0.00788827
7.89411	-0.00719558
7.89436	-0.00464876
7.8946	-3.4324e-05
7.89484	0.00682298
7.89509	0.0110984
7.89533	0.00743445
7.89558	-0.00139957
7.89582	-0.00703494
7.89607	-0.00601535
7.89631	-0.00216865
7.89656	-0.00023788
7.8968	-0.00235447
7.89705	-0.00784299
7.89729	-0.0115815
7.89754	-0.00744284
7.89778	0.00123637
7.89802	0.00206443
7.89827	-0.008143
7.89851	-0.0148473
7.89876	-0.00627008
7.899	0.00730808
7.89925	0.00896585
7.89949	0.00104623
7.89974	-0.00191506
7.89998	0.000632817
7.90023	-0.00299408
7.90047	-0.0115479
7.90072	-0.00965187
7.90096	0.00577763
7.9012	0.0180862
7.90145	0.0153068
7.90169	0.00493929
7.90194	-0.00164035
7.90218	-0.00407542
7.90243	-0.00577612
7.90267	-0.00544866
7.90292	-0.00261764
7.90316	-0.000280326
7.90341	0.00275632
7.90365	0.0109885
7.9039	0.0203114
7.90414	0.0195678
7.90438	0.00785765
7.90463	-0.00234561
7.90487	-0.00338912
7.90512	-0.00100558
7.90536	-0.000823031
7.90561	6.054e-05
7.90585	0.00303604
7.9061	0.00284315
7.90634	-0.00178253
7.90659	-0.0044053
7.90683	-0.00264422
7.90707	-0.00155116
7.90732	-0.00171566
7.90756	0.00224494
7.90781	0.00770772
7.90805	0.00424422
7.9083	-0.00712694
7.90854	-0.011485
7.90879	-0.00344898
7.90903	0.00397501
7.90928	0.00200169
7.90952	-0.000402706
7.90977	0.00391405
7.91001	0.00508598
7.91025	-0.00562282
7.9105	-0.0179348
7.91074	-0.0180195
7.91099	-0.00906806
7.91123	-0.00196155
7.91148	0.00245404
7.91172	0.00717235
7.91197	0.00720323
7.91221	-0.000225236
7.91246	-0.00455943
7.9127	0.00254323
7.91295	0.010589
7.91319	0.00640775
7.91343	-0.00250313
7.91368	7.0597e-05
7.91392	0.0110673
7.91417	0.0129691
7.91441	0.00303499
7.91466	-0.00317392
7.9149	0.00189142
7.91515	0.00694945
7.91539	0.00173922
7.91564	-0.00746204
7.91588	-0.00845954
7.91613	0.000790015
7.91637	0.0119724
7.91661	0.0160507
7.91686	0.0107035
7.9171	0.00275497
7.91735	0.002802
7.91759	0.0130745
7.91784	0.0232162
7.91808	0.0230247
7.91833	0.0152402
7.91857	0.00967487
7.91882	0.00965972
7.91906	0.0115459
7.9193	0.0127822
7.91955	0.0126368
7.91979	0.00952701
7.92004	0.0052233
7.92028	0.00653288
7.92053	0.0149959
7.92077	0.0211267
7.92102	0.0177918
7.92126	0.0124799
7.92151	0.0155489
7.92175	0.0228209
7.922	0.0227099
7.92224	0.0158968
7.92248	0.0136941
7.92273	0.0188552
7.92297	0.0218145
7.92322	0.0167417
7.92346	0.00953217
7.92371	0.00766107
7.92395	0.0111025
7.9242	0.0153235
7.92444	0.0166965
7.92469	0.0141943
7.92493	0.0105352
7.92518	0.0104413
7.92542	0.0140716
7.92566	0.0159607
7.92591	0.0140121
7.92615	0.0127077
7.9264	0.0126101
7.92664	0.00650837
7.92689	-0.00607092
7.92713	-0.0116541
7.92738	-0.0018217
7.92762	0.0109671
7.92787	0.0107982
7.92811	0.00217446
7.92836	-1.80155e-05
7.9286	0.00399115
7.92884	0.00285509
7.92909	-0.00216443
7.92933	0.00101997
7.92958	0.011677
7.92982	0.0156867
7.93007	0.00973846
7.93031	0.00590238
7.93056	0.00924973
7.9308	0.0104577
7.93105	0.00536666
7.93129	0.0031574
7.93153	0.00850496
7.93178	0.0126141
7.93202	0.00960812
7.93227	0.00659393
7.93251	0.00979015
7.93276	0.0145426
7.933	0.0160917
7.93325	0.016599
7.93349	0.0151098
7.93374	0.0054275
7.93398	-0.00855638
7.93423	-0.0109081
7.93447	0.00347951
7.93471	0.0185403
7.93496	0.019954
7.9352	0.0143524
7.93545	0.014086
7.93569	0.0168214
7.93594	0.0145229
7.93618	0.010783
7.93643	0.013285
7.93667	0.0178119
7.93692	0.015576
7.93716	0.00984239
7.93741	0.010015
7.93765	0.0142302
7.93789	0.0127975
7.93814	0.00578082
7.93838	0.00300006
7.93863	0.0077203
7.93887	0.0125206
7.93912	0.0110645
7.93936	0.00417246
7.93961	-0.00465802
7.93985	-0.0113234
7.9401	-0.0113402
7.94034	-0.00614407
7.94059	-0.00486114
7.94083	-0.0109121
7.94107	-0.0130376
7.94132	-0.00147136
7.94156	0.0130848
7.94181	0.0121949
7.94205	-0.00174027
7.9423	-0.00713654
7.94254	0.00515121
7.94279	0.018639
7.94303	0.0150281
7.94328	-0.00252182
7.94352	-0.0172001
7.94376	-0.0193747
7.94401	-0.0124154
7.94425	-0.00507291
7.9445	-0.00397193
7.94474	-0.00862738
7.94499	-0.0110794
7.94523	-0.00569983
7.94548	0.000840762
7.94572	-0.00234747
7.94597	-0.0128737
7.94621	-0.017074
7.94646	-0.0108616
7.9467	-0.00531766
7.94694	-0.00759961
7.94719	-0.0103306
7.94743	-0.00676095
7.94768	-0.00265284
7.94792	-0.00364422
7.94817	-0.00368619
7.94841	0.00232205
7.94866	0.00605373
7.9489	-0.000601438
7.94915	-0.00974807
7.94939	-0.0103948
7.94964	-0.00793257
7.94988	-0.0134367
7.95012	-0.0211736
7.95037	-0.0169179
7.95061	-0.00427316
7.95086	-0.000620905
7.9511	-0.00735615
7.95135	-0.00736068
7.95159	0.00403482
7.95184	0.00940226
7.95208	-0.00026812
7.95233	-0.00799421
7.95257	0.00110934
7.95282	0.0129814
7.95306	0.00587858
7.9533	-0.0142029
7.95355	-0.0217411
7.95379	-0.00973889
7.95404	0.00193826
7.95428	-0.00295031
7.95453	-0.0161873
7.95477	-0.0200073
7.95502	-0.0101462
7.95526	0.0028008
7.95551	0.00778534
7.95575	0.00358678
7.95599	-0.00215844
7.95624	-0.00191264
7.95648	0.00260115
7.95673	0.00203082
7.95697	-0.00754214
7.95722	-0.0176874
7.95746	-0.0185345
7.95771	-0.0116237
7.95795	-0.00529211
7.9582	-0.00206981
7.95844	0.00100847
7.95869	0.00342484
7.95893	0.00205898
7.95917	-0.00109533
7.95942	-0.00129073
7.95966	0.000191005
7.95991	-0.00186299
7.96015	-0.00713002
7.9604	-0.0106056
7.96064	-0.0110837
7.96089	-0.0102943
7.96113	-0.00624482
7.96138	0.00275789
7.96162	0.00996506
7.96187	0.00726866
7.96211	-0.00116845
7.96235	-0.00409209
7.9626	-0.000666649
7.96284	-6.16194e-05
7.96309	-0.0043824
7.96333	-0.00633412
7.96358	-0.0043548
7.96382	-0.00450483
7.96407	-0.00531399
7.96431	0.00205651
7.96456	0.0140075
7.9648	0.0132777
7.96505	-0.00402308
7.96529	-0.0177332
7.96553	-0.0119107
7.96578	0.0018912
7.96602	0.00412102
7.96627	-0.00365926
7.96651	-0.00657322
7.96676	-0.00307748
7.967	-0.00410878
7.96725	-0.0105687
7.96749	-0.010999
7.96774	-0.00199529
7.96798	0.00524565
7.96823	0.00197168
7.96847	-0.00670844
7.96871	-0.0111154
7.96896	-0.00857067
7.9692	-0.00245127
7.96945	0.00331366
7.96969	0.00597495
7.96994	0.00485156
7.97018	0.00188662
7.97043	-0.00134464
7.97067	-0.00553829
7.97092	-0.00961308
7.97116	-0.00896013
7.9714	-0.00273121
7.97165	0.00191442
7.97189	-0.000397258
7.97214	-0.0039581
7.97238	-0.000897852
7.97263	0.00484709
7.97287	0.0030206
7.97312	-0.0055099
7.97336	-0.0084119
7.97361	-0.000304006
7.97385	0.00902835
7.9741	0.0088164
7.97434	0.00162882
7.97458	-0.00205992
7.97483	0.00113406
7.97507	0.00377786
7.97532	-0.00176025
7.97556	-0.0124421
7.97581	-0.0165636
7.97605	-0.00760441
7.9763	0.00597724
7.97654	0.0095423
7.97679	0.00096262
7.97703	-0.00635118
7.97728	-0.00193364
7.97752	0.00799718
7.97776	0.0111079
7.97801	0.00604517
7.97825	0.000591405
7.9785	-0.00180729
7.97874	-0.00372944
7.97899	-0.00518808
7.97923	-0.00359533
7.97948	-0.0012914
7.97972	-0.00368186
7.97997	-0.00961377
7.98021	-0.0120478
7.98046	-0.00889951
7.9807	-0.00516889
7.98094	-0.00320623
7.98119	0.000894444
7.98143	0.00853501
7.98168	0.0135826
7.98192	0.0104933
7.98217	0.00274465
7.98241	-0.00121915
7.98266	0.00182543
7.9829	0.0069843
7.98315	0.00777678
7.98339	0.00362505
7.98363	9.3685e-05
7.98388	0.00154748
7.98412	0.00510529
7.98437	0.0046586
7.98461	-3.03142e-05
7.98486	-0.00310139
7.9851	-0.00191773
7.98535	-0.000781252
7.98559	-0.00360577
7.98584	-0.00897083
7.98608	-0.0144405
7.98633	-0.018745
7.98657	-0.0176385
7.98681	-0.00690914
7.98706	0.00668844
7.9873	0.00855086
7.98755	-0.00321247
7.98779	-0.0119507
7.98804	-0.00627914
7.98828	0.00246317
7.98853	-0.000692879
7.98877	-0.00924146
7.98902	-0.00641142
7.98926	0.00639576
7.98951	0.0120148
7.98975	0.00525188
7.98999	-0.00121089
7.99024	0.000770172
7.99048	0.00452041
7.99073	0.00402383
7.99097	0.00368131
7.99122	0.00727565
7.99146	0.0101937
7.99171	0.00836512
7.99195	0.00484149
7.9922	0.00346533
7.99244	0.00455485
7.99269	0.00838168
7.99293	0.0137368
7.99317	0.0135614
7.99342	0.00326751
7.99366	-0.0078006
7.99391	-0.00701049
7.99415	0.000431186
7.9944	-0.00225853
7.99464	-0.0152966
7.99489	-0.0202173
7.99513	-0.0105622
7.99538	-0.00341677
7.99562	-0.0104625
7.99586	-0.0178329
7.99611	-0.00968967
7.99635	0.00510467
7.9966	0.00809965
7.99684	0.000648417
7.99709	-0.00160346
7.99733	0.00396181
7.99758	0.00479951
7.99782	-0.00411312
7.99807	-0.0125473
7.99831	-0.0111826
7.99856	-0.00287296
7.9988	0.00415951
7.99904	0.00551545
7.99929	0.00214662
7.99953	-0.000967919
7.99978	0.00122522
8.00002	0.00654705
8.00027	0.00615674
8.00051	-0.00246673
8.00076	-0.00951559
8.001	-0.00668306
8.00125	0.000426819
8.00149	0.00264242
8.00174	0.0018904
8.00198	0.00405255
8.00222	0.00489025
8.00247	-0.00233102
8.00271	-0.0107016
8.00296	-0.00780109
8.0032	0.00265089
8.00345	0.00484556
8.00369	-0.00317704
8.00394	-0.00570687
8.00418	0.00474901
8.00443	0.015173
8.00467	0.0129544
8.00492	0.00391119
8.00516	-0.000272296
8.0054	0.000210131
8.00565	-0.000666312
8.00589	-0.00135254
8.00614	0.00197229
8.00638	0.00402348
8.00663	-0.00264463
8.00687	-0.0135015
8.00712	-0.0167459
8.00736	-0.00974122
8.00761	-0.000153912
8.00785	0.007116
8.00809	0.0128576
8.00834	0.0145679
8.00858	0.00731679
8.00883	-0.00415485
8.00907	-0.00662018
8.00932	0.0026989
8.00956	0.00894865
8.00981	-0.000139393
8.01005	-0.0147829
8.0103	-0.0146863
8.01054	0.0038208
8.01079	0.0231903
8.01103	0.0270498
8.01127	0.0174782
8.01152	0.00748487
8.01176	0.00444301
8.01201	0.0057478
8.01225	0.00566267
8.0125	0.00142845
8.01274	-0.00466482
8.01299	-0.00593322
8.01323	0.00303464
8.01348	0.0183105
8.01372	0.0276953
8.01397	0.023643
8.01421	0.011991
8.01445	0.00388838
8.0147	0.00269315
8.01494	0.00404413
8.01519	0.00511493
8.01543	0.00624654
8.01568	0.00545688
8.01592	0.000169375
8.01617	-0.00527391
8.01641	-0.0028764
8.01666	0.00593619
8.0169	0.00947209
8.01715	0.00256544
8.01739	-0.00445047
8.01763	-0.000960931
8.01788	0.00691307
8.01812	0.00502507
8.01837	-0.00659873
8.01861	-0.0124797
8.01886	-0.004032
8.0191	0.00791596
8.01935	0.00857464
8.01959	-0.00111763
8.01984	-0.00859133
8.02008	-0.00843525
8.02032	-0.00682542
8.02057	-0.00782425
8.02081	-0.00603485
8.02106	0.00258556
8.0213	0.0109602
8.02155	0.0100344
8.02179	0.00303519
8.02204	0.00118271
8.02228	0.00660261
8.02253	0.0097191
8.02277	0.00566784
8.02302	0.0029198
8.02326	0.00926837
8.0235	0.0173975
8.02375	0.0141473
8.02399	0.000305915
8.02424	-0.00933559
8.02448	-0.00590162
8.02473	0.00276056
8.02497	0.00458481
8.02522	-0.000336454
8.02546	-0.0017832
8.02571	0.00515139
8.02595	0.0131669
8.0262	0.013181
8.02644	0.00750088
8.02668	0.00700189
8.02693	0.0145952
8.02717	0.0183881
8.02742	0.00760831
8.02766	-0.00954729
8.02791	-0.0146675
8.02815	-0.00482615
8.0284	0.00360542
8.02864	0.000329047
8.02889	-0.00394561
8.02913	0.00320066
8.02938	0.0146524
8.02962	0.0153914
8.02986	0.0061304
8.03011	-8.86685e-05
8.03035	0.0012586
8.0306	0.00452214
8.03084	0.00827236
8.03109	0.0142203
8.03133	0.0148315
8.03158	0.00101503
8.03182	-0.0177862
8.03207	-0.0206745
8.03231	-0.00525716
8.03255	0.00849253
8.0328	0.00857713
8.03304	0.00498505
8.03329	0.00632178
8.03353	0.00391853
8.03378	-0.00826341
8.03402	-0.0170184
8.03427	-0.00980781
8.03451	0.00334409
8.03476	0.00521455
8.035	-0.00277778
8.03525	-0.00714248
8.03549	-0.00503172
8.03573	-0.00309789
8.03598	-0.00171472
8.03622	0.00222982
8.03647	0.00324453
8.03671	-0.00466489
8.03696	-0.0131135
8.0372	-0.00979769
8.03745	0.000760425
8.03769	0.00447233
8.03794	0.00144429
8.03818	0.00343527
8.03843	0.0104517
8.03867	0.0106357
8.03891	0.00346342
8.03916	0.00180216
8.0394	0.00795457
8.03965	0.0087622
8.03989	5.74343e-05
8.04014	-0.00477336
8.04038	0.000960735
8.04063	0.00463311
8.04087	-0.0021718
8.04112	-0.00616038
8.04136	0.00551354
8.04161	0.0204149
8.04185	0.0174214
8.04209	-0.000938694
8.04234	-0.0123973
8.04258	-0.00744207
8.04283	0.000475164
8.04307	-0.00164316
8.04332	-0.00866934
8.04356	-0.00887794
8.04381	-0.00223685
8.04405	0.00113917
8.0443	-0.00363471
8.04454	-0.00967578
8.04478	-0.0079415
8.04503	0.000706501
8.04527	0.00692597
8.04552	0.00606753
8.04576	0.00431534
8.04601	0.0077891
8.04625	0.0114939
8.0465	0.00771087
8.04674	0.0012573
8.04699	0.00398852
8.04723	0.0144533
8.04748	0.0171973
8.04772	0.00596291
8.04796	-0.00641912
8.04821	-0.00804046
8.04845	-0.00452891
8.0487	-0.00621675
8.04894	-0.0107208
8.04919	-0.0101731
8.04943	-0.00600643
8.04968	-0.00366679
8.04992	-0.00107542
8.05017	0.00406067
8.05041	0.00365165
8.05066	-0.00817901
8.0509	-0.0187844
8.05114	-0.0120124
8.05139	0.00432735
8.05163	0.00693346
8.05188	-0.00694187
8.05212	-0.0143036
8.05237	-0.00283752
8.05261	0.00963469
8.05286	0.00412864
8.0531	-0.00989367
8.05335	-0.0113014
8.05359	-0.000741201
8.05384	0.00294934
8.05408	-0.00603622
8.05432	-0.0129909
8.05457	-0.00748324
8.05481	0.00138392
8.05506	0.000652935
8.0553	-0.00736044
8.05555	-0.0100125
8.05579	-0.0021859
8.05604	0.00854313
8.05628	0.0126237
8.05653	0.00886947
8.05677	0.00347661
8.05702	0.00149557
8.05726	0.00137412
8.0575	-0.00120024
8.05775	-0.00542685
8.05799	-0.00532658
8.05824	0.000765664
8.05848	0.00528045
8.05873	0.000946785
8.05897	-0.0077612
8.05922	-0.00954877
8.05946	-0.00215096
8.05971	0.00402071
8.05995	0.000336461
8.06019	-0.00815685
8.06044	-0.00971581
8.06068	-0.0010632
8.06093	0.00920122
8.06117	0.0110399
8.06142	0.00318963
8.06166	-0.00693417
8.06191	-0.0112228
8.06215	-0.0081948
8.0624	-0.00274445
8.06264	0.00101061
8.06289	0.00437781
8.06313	0.00904436
8.06337	0.0103954
8.06362	0.00267624
8.06386	-0.00924055
8.06411	-0.0122462
8.06435	-0.00319249
8.0646	0.00398164
8.06484	-0.00302907
8.06509	-0.0162183
8.06533	-0.0179463
8.06558	-0.00576595
8.06582	0.00609281
8.06607	0.0085581
8.06631	0.00703809
8.06655	0.00682049
8.0668	0.00365438
8.06704	-0.0044742
8.06729	-0.00871676
8.06753	-0.0023292
8.06778	0.00702554
8.06802	0.00842709
8.06827	0.00368717
8.06851	0.00130894
8.06876	0.00125459
8.069	-0.00174091
8.06925	-0.00483062
8.06949	-0.00107215
8.06973	0.00598825
8.06998	0.00633986
8.07022	0.00125427
8.07047	0.00172864
8.07071	0.00800405
8.07096	0.00705181
8.0712	-0.00487718
8.07145	-0.0136007
8.07169	-0.00937219
8.07194	-0.00281797
8.07218	-0.00641248
8.07242	-0.012652
8.07267	-0.00657169
8.07291	0.00797351
8.07316	0.0122216
8.0734	0.000606198
8.07365	-0.0113589
8.07389	-0.00980192
8.07414	0.000134052
8.07438	0.00503564
8.07463	0.0017666
8.07487	-0.00172182
8.07512	0.000986579
8.07536	0.00763168
8.0756	0.01139
8.07585	0.00860008
8.07609	0.00210172
8.07634	-0.00243334
8.07658	-0.00310095
8.07683	-0.00291625
8.07707	-0.00387779
8.07732	-0.00364366
8.07756	-0.000827104
8.07781	0.000638239
8.07805	-0.00256952
8.0783	-0.00613059
8.07854	-0.00341715
8.07878	0.00368548
8.07903	0.00598988
8.07927	-0.000862237
8.07952	-0.0114876
8.07976	-0.018692
8.08001	-0.020506
8.08025	-0.0178157
8.0805	-0.010985
8.08074	-0.00259256
8.08099	0.00060759
8.08123	-0.0061941
8.08148	-0.0182327
8.08172	-0.0237081
8.08196	-0.0160119
8.08221	-0.00191227
8.08245	0.00535389
8.0827	0.00153265
8.08294	-0.00378691
8.08319	-0.000632816
8.08343	0.00716204
8.08368	0.00788785
8.08392	-0.00011476
8.08417	-0.00598199
8.08441	-0.00324565
8.08465	0.000960003
8.0849	-0.00145213
8.08514	-0.00683107
8.08539	-0.00716168
8.08563	-0.00278959
8.08588	0.000721481
8.08612	0.00260516
8.08637	0.0049387
8.08661	0.00563083
8.08686	0.00258291
8.0871	0.000571187
8.08735	0.00435772
8.08759	0.00875194
8.08783	0.00586022
8.08808	-0.00089143
8.08832	-0.00110785
8.08857	0.00608973
8.08881	0.0111923
8.08906	0.00907045
8.0893	0.00369474
8.08955	-0.00130123
8.08979	-0.00550141
8.09004	-0.00552149
8.09028	0.00183991
8.09053	0.00949976
8.09077	0.00604496
8.09101	-0.00594989
8.09126	-0.0107149
8.0915	-0.00225848
8.09175	0.00662725
8.09199	0.00428457
8.09224	-0.0033688
8.09248	-0.00444226
8.09273	0.00149672
8.09297	0.00712476
8.09322	0.0102383
8.09346	0.012873
8.09371	0.0131798
8.09395	0.00772317
8.09419	-0.00109124
8.09444	-0.00736223
8.09468	-0.00947764
8.09493	-0.0100677
8.09517	-0.0102381
8.09542	-0.0083841
8.09566	-0.00343102
8.09591	0.00336149
8.09615	0.00854971
8.0964	0.00838007
8.09664	0.00346552
8.09688	0.000351115
8.09713	0.00368559
8.09737	0.00887867
8.09762	0.00910144
8.09786	0.00665025
8.09811	0.00803709
8.09835	0.0104534
8.0986	0.00560486
8.09884	-0.00374263
8.09909	-0.00561922
8.09933	0.00100538
8.09958	0.00346752
8.09982	-0.0030595
8.10006	-0.00732084
8.10031	-0.00193637
8.10055	0.0042865
8.1008	0.00321366
8.10104	0.00159087
8.10129	0.00685303
8.10153	0.0118418
8.10178	0.00659829
8.10202	-0.00496021
8.10227	-0.0123272
8.10251	-0.0132796
8.10276	-0.0108634
8.103	-0.00530085
8.10324	0.00084757
8.10349	0.000273966
8.10373	-0.00597284
8.10398	-0.00524488
8.10422	0.00570102
8.10447	0.0110469
8.10471	0.00117639
8.10496	-0.00834473
8.1052	-0.00121459
8.10545	0.0115564
8.10569	0.0104806
8.10594	0.00130768
8.10618	0.00350144
8.10642	0.014253
8.10667	0.0130867
8.10691	-0.00140891
8.10716	-0.00860829
8.1074	-0.000641292
8.10765	0.00690296
8.10789	0.00296129
8.10814	-0.00501392
8.10838	-0.0100512
8.10863	-0.0151696
8.10887	-0.0181512
8.10911	-0.00992232
8.10936	0.00475211
8.1096	0.0076456
8.10985	-0.00347966
8.11009	-0.0083883
8.11034	0.00268162
8.11058	0.0124157
8.11083	0.00566169
8.11107	-0.00668972
8.11132	-0.00901788
8.11156	-0.00624073
8.11181	-0.00919461
8.11205	-0.0120448
8.11229	-0.00528385
8.11254	0.00236191
8.11278	-0.0025941
8.11303	-0.0124774
8.11327	-0.00874346
8.11352	0.0067779
8.11376	0.0128912
8.11401	0.00109168
8.11425	-0.0125698
8.1145	-0.0114773
8.11474	0.000451449
8.11499	0.00768131
8.11523	0.00368425
8.11547	-0.00345699
8.11572	-0.00247703
8.11596	0.00729338
8.11621	0.0142917
8.11645	0.0088977
8.1167	-0.0026256
8.11694	-0.00586072
8.11719	0.000355182
8.11743	0.00215082
8.11768	-0.00625372
8.11792	-0.0120565
8.11817	-0.00522137
8.11841	0.00359682
8.11865	-0.000186656
8.1189	-0.0114186
8.11914	-0.0141106
8.11939	-0.00639018
8.11963	0.000195112
8.11988	0.00161312
8.12012	0.00441536
8.12037	0.00924344
8.12061	0.00780703
8.12086	-0.00149483
8.1211	-0.00876748
8.12134	-0.00736301
8.12159	-0.00257747
8.12183	-0.00161808
8.12208	-0.00370617
8.12232	-0.00440879
8.12257	-0.00332528
8.12281	-0.00353273
8.12306	-0.00687737
8.1233	-0.0115494
8.12355	-0.0128248
8.12379	-0.00809979
8.12404	-0.00278367
8.12428	-0.0056789
8.12452	-0.0149214
8.12477	-0.0168404
8.12501	-0.0060088
8.12526	0.00297281
8.1255	-0.00463481
8.12575	-0.0200967
8.12599	-0.0228438
8.12624	-0.010607
8.12648	-0.000400703
8.12673	-0.00114154
8.12697	-0.00421053
8.12722	-0.00365845
8.12746	-0.00661492
8.1277	-0.0162616
8.12795	-0.0211068
8.12819	-0.0120529
8.12844	0.00222607
8.12868	0.00807331
8.12893	0.00538153
8.12917	0.00276249
8.12942	0.00265155
8.12966	0.00224354
8.12991	0.00236533
8.13015	0.00415553
8.1304	0.00224975
8.13064	-0.00741904
8.13088	-0.0170959
8.13113	-0.0157317
8.13137	-0.00511664
8.13162	0.00369115
8.13186	0.00751407
8.13211	0.0120375
8.13235	0.0164912
8.1326	0.0119481
8.13284	-0.00143655
8.13309	-0.00920017
8.13333	-0.0022839
8.13358	0.00874486
8.13382	0.0089531
8.13406	0.000441859
8.13431	-0.00303876
8.13455	0.00209396
8.1348	0.00562978
8.13504	0.000953903
8.13529	-0.00603295
8.13553	-0.00800579
8.13578	-0.00611451
8.13602	-0.00423985
8.13627	-0.0017518
8.13651	0.00197901
8.13675	0.00245803
8.137	-0.00338346
8.13724	-0.00986139
8.13749	-0.00904491
8.13773	-0.00197005
8.13798	0.00338403
8.13822	0.00360339
8.13847	0.00257286
8.13871	0.00326465
8.13896	0.00337744
8.1392	0.000398294
8.13945	-0.00391877
8.13969	-0.00590468
8.13993	-0.00387943
8.14018	0.00082094
8.14042	0.00440838
8.14067	0.00277358
8.14091	-0.0045766
8.14116	-0.0136348
8.1414	-0.0204584
8.14165	-0.0238872
8.14189	-0.0223016
8.14214	-0.0134078
8.14238	-0.00128014
8.14263	0.0033465
8.14287	-0.00305591
8.14311	-0.00918855
8.14336	-0.00449071
8.1436	0.00408993
8.14385	0.00313738
8.14409	-0.00476075
8.14434	-0.00525815
8.14458	0.00327838
8.14483	0.00725182
8.14507	0.00141187
8.14532	-0.00321663
8.14556	-0.000222795
8.14581	0.000958712
8.14605	-0.00672989
8.14629	-0.0144358
8.14654	-0.0130465
8.14678	-0.00840133
8.14703	-0.00849723
8.14727	-0.00810734
8.14752	-0.000359577
8.14776	0.00700266
8.14801	0.00288601
8.14825	-0.00716873
8.1485	-0.00834929
8.14874	0.000762762
8.14898	0.00791748
8.14923	0.00654048
8.14947	0.00139773
8.14972	-0.0030143
8.14996	-0.00648878
8.15021	-0.00668076
8.15045	-0.00112521
8.1507	0.00461722
8.15094	0.00219773
8.15119	-0.00622417
8.15143	-0.0102853
8.15168	-0.00665287
8.15192	-0.00192371
8.15216	-0.000852589
8.15241	-0.0016424
8.15265	-0.0025253
8.1529	-0.00332019
8.15314	-0.00113821
8.15339	0.00582704
8.15363	0.011288
8.15388	0.00780271
8.15412	-0.000560787
8.15437	-0.00333868
8.15461	-0.00017308
8.15486	6.50735e-05
8.1551	-0.00368965
8.15534	-0.00232761
8.15559	0.00635138
8.15583	0.0116017
8.15608	0.00600988
8.15632	-0.00310551
8.15657	-0.00467754
8.15681	0.00188105
8.15706	0.00873716
8.1573	0.009694
8.15755	0.0044327
8.15779	-0.00223196
8.15804	-0.0037612
8.15828	0.00064727
8.15852	0.00326756
8.15877	-0.00125993
8.15901	-0.00591153
8.15926	-0.00171925
8.1595	0.00604348
8.15975	0.00548633
8.15999	-0.000944915
8.16024	0.000282675
8.16048	0.00971252
8.16073	0.0127015
8.16097	0.00478501
8.16121	-0.000140807
8.16146	0.00584886
8.1617	0.0110642
8.16195	0.00547562
8.16219	-0.00184546
8.16244	-4.49673e-05
8.16268	0.00398562
8.16293	-0.000885051
8.16317	-0.00939129
8.16342	-0.0093762
8.16366	-0.00226175
8.16391	0.00233125
8.16415	0.00407575
8.16439	0.00738685
8.16464	0.00706902
8.16488	-0.00321387
8.16513	-0.0136331
8.16537	-0.00893315
8.16562	0.00578589
8.16586	0.00944203
8.16611	-0.00402211
8.16635	-0.0172265
8.1666	-0.0152211
8.16684	-0.00325595
8.16709	0.00616339
8.16733	0.00912719
8.16757	0.00733576
8.16782	0.00252289
8.16806	0.000339608
8.16831	0.00760818
8.16855	0.0189019
8.1688	0.0178642
8.16904	1.25279e-05
8.16929	-0.0172662
8.16953	-0.0175255
8.16978	-0.00770013
8.17002	-0.00538355
8.17027	-0.0119763
8.17051	-0.0137317
8.17075	-0.00593357
8.171	0.000170928
8.17124	-0.00336388
8.17149	-0.00891734
8.17173	-0.00678078
8.17198	-0.000726854
8.17222	-0.000860397
8.17247	-0.0064686
8.17271	-0.00651355
8.17296	0.00309945
8.1732	0.0120886
8.17344	0.00972597
8.17369	-0.000249204
8.17393	-0.00544459
8.17418	-0.00242015
8.17442	-0.000100528
8.17467	-0.00474981
8.17491	-0.00996647
8.17516	-0.00680256
8.1754	0.00212703
8.17565	0.00615389
8.17589	0.00155222
8.17614	-0.00466625
8.17638	-0.00589543
8.17662	-0.00390431
8.17687	-0.00361786
8.17711	-0.00522948
8.17736	-0.00476594
8.1776	0.000273448
8.17785	0.00806129
8.17809	0.0138442
8.17834	0.0136536
8.17858	0.00815351
8.17883	0.00217993
8.17907	-0.00141083
8.17932	-0.00530565
8.17956	-0.0116969
8.1798	-0.0156865
8.18005	-0.0111443
8.18029	-0.00177028
8.18054	0.00167865
8.18078	-0.00371301
8.18103	-0.0089256
8.18127	-0.00654827
8.18152	-0.000679697
8.18176	0.00112403
8.18201	-0.00130258
8.18225	-0.0036918
8.1825	-0.00516882
8.18274	-0.00634411
8.18298	-0.00448165
8.18323	0.00199788
8.18347	0.0078286
8.18372	0.00726099
8.18396	0.00315142
8.18421	0.00188789
8.18445	0.00212316
8.1847	-0.00200602
8.18494	-0.00792163
8.18519	-0.00606404
8.18543	0.00401652
8.18567	0.00994773
8.18592	0.0035744
8.18616	-0.00764132
8.18641	-0.0126136
8.18665	-0.0119653
8.1869	-0.0130978
8.18714	-0.0160184
8.18739	-0.0142383
8.18763	-0.00710727
8.18788	-0.00131104
8.18812	0.000115161
8.18837	0.00132727
8.18861	0.00415631
8.18885	0.00302442
8.1891	-0.00608424
8.18934	-0.0171041
8.18959	-0.0199789
8.18983	-0.0128898
8.19008	-0.00368217
8.19032	0.000104277
8.19057	-0.00122644
8.19081	-0.0024143
8.19106	-0.000728474
8.1913	0.00147477
8.19155	0.00119967
8.19179	-7.54895e-05
8.19203	0.00224975
8.19228	0.00897312
8.19252	0.0138839
8.19277	0.0101121
8.19301	-0.00112489
8.19326	-0.0110729
8.1935	-0.0129418
8.19375	-0.00815454
8.19399	-0.00264562
8.19424	0.000112204
8.19448	0.000784382
8.19473	0.0011512
8.19497	0.001603
8.19521	0.0010165
8.19546	-0.00178415
8.1957	-0.00585107
8.19595	-0.00767373
8.19619	-0.00476103
8.19644	0.000452239
8.19668	0.00281363
8.19693	0.000943387
8.19717	-0.00134215
8.19742	-0.000772131
8.19766	0.00152378
8.1979	0.00310337
8.19815	0.00338738
8.19839	0.00174642
8.19864	-0.00352474
8.19888	-0.0110623
8.19913	-0.0149741
8.19937	-0.0118146
8.19962	-0.0061346
8.19986	-0.00438224
8.20011	-0.00581553
8.20035	-0.00498789
8.2006	-0.00119726
8.20084	0.00121111
8.20108	0.00120133
8.20133	0.00222953
8.20157	0.00411094
8.20182	0.00141822
8.20206	-0.00696796
8.20231	-0.0139093
8.20255	-0.0142881
8.2028	-0.0127219
8.20304	-0.0145494
8.20329	-0.014888
8.20353	-0.00587308
8.20378	0.00826697
8.20402	0.0143058
8.20426	0.00891013
8.20451	0.00353399
8.20475	0.00634936
8.205	0.00971312
8.20524	0.00379859
8.20549	-0.00574817
8.20573	-0.00619583
8.20598	0.000288707
8.20622	-0.00200765
8.20647	-0.0170312
8.20671	-0.0276482
8.20696	-0.0194716
8.2072	-0.00220925
8.20744	0.00466926
8.20769	-0.000552423
8.20793	-0.00346489
8.20818	0.0012059
8.20842	0.00312565
8.20867	-0.00269084
8.20891	-0.0051402
8.20916	0.00441699
8.2094	0.0158476
8.20965	0.0142159
8.20989	0.00171625
8.21014	-0.00674077
8.21038	-0.00467949
8.21062	0.00162145
8.21087	0.00699273
8.21111	0.012617
8.21136	0.0172183
8.2116	0.015322
8.21185	0.00748681
8.21209	0.00230435
8.21234	0.00401052
8.21258	0.00646486
8.21283	0.00388411
8.21307	-0.000337877
8.21331	-0.00108626
8.21356	-0.000774775
8.2138	-0.00408544
8.21405	-0.00844738
8.21429	-0.00747915
8.21454	-0.00146728
8.21478	0.00254981
8.21503	0.000626049
8.21527	-0.00371694
8.21552	-0.00532557
8.21576	-0.00358736
8.21601	-0.00189097
8.21625	-0.00332259
8.21649	-0.00742314
8.21674	-0.0104128
8.21698	-0.0094297
8.21723	-0.00677664
8.21747	-0.0074247
8.21772	-0.0113281
8.21796	-0.0119364
8.21821	-0.00505791
8.21845	0.00413434
8.2187	0.00691443
8.21894	0.00185605
8.21919	-0.00414103
8.21943	-0.00477019
8.21967	-0.000761119
8.21992	0.00244564
8.22016	0.000782241
8.22041	-0.0049428
8.22065	-0.0101331
8.2209	-0.0109096
8.22114	-0.0076631
8.22139	-0.00319118
8.22163	0.00157464
8.22188	0.0067275
8.22212	0.00914686
8.22237	0.00492025
8.22261	-0.00277886
8.22285	-0.00498386
8.2231	0.000522126
8.22334	0.00485827
8.22359	0.0014166
8.22383	-0.00357504
8.22408	-0.00162169
8.22432	0.00323749
8.22457	0.000773338
8.22481	-0.0081807
8.22506	-0.0129193
8.2253	-0.0102676
8.22554	-0.00819315
8.22579	-0.0104618
8.22603	-0.0104146
8.22628	-0.0045551
8.22652	-0.000410366
8.22677	-0.00340655
8.22701	-0.00610519
8.22726	-0.000267277
8.2275	0.00799175
8.22775	0.00638187
8.22799	-0.00480451
8.22824	-0.013534
8.22848	-0.0135464
8.22872	-0.00993797
8.22897	-0.00735825
8.22921	-0.00381672
8.22946	0.00106065
8.2297	0.00167176
8.22995	-0.00440573
8.23019	-0.010509
8.23044	-0.0102292
8.23068	-0.00672299
8.23093	-0.00619741
8.23117	-0.00719284
8.23142	-0.00436254
8.23166	0.000473309
8.2319	0.000557777
8.23215	-0.00326598
8.23239	-0.00247831
8.23264	0.00419246
8.23288	0.005971
8.23313	-0.00365456
8.23337	-0.0144918
8.23362	-0.0131693
8.23386	-0.00319233
8.23411	0.000729086
8.23435	-0.00415377
8.2346	-0.00555709
8.23484	0.0015783
8.23508	0.00505613
8.23533	-0.00414835
8.23557	-0.014615
8.23582	-0.0109463
8.23606	0.00127148
8.23631	0.00322682
8.23655	-0.00817348
8.2368	-0.0163437
8.23704	-0.0112024
8.23729	-0.00267579
8.23753	-0.00227716
8.23777	-0.00579673
8.23802	-0.00405291
8.23826	9.51842e-05
8.23851	-0.00260173
8.23875	-0.0116303
8.239	-0.0176309
8.23924	-0.0162103
8.23949	-0.0113434
8.23973	-0.00701039
8.23998	-0.00368126
8.24022	-0.00160855
8.24047	-0.000405076
8.24071	0.00302992
8.24095	0.00947278
8.2412	0.0125106
8.24144	0.00613878
8.24169	-0.00479314
8.24193	-0.00992424
8.24218	-0.00783819
8.24242	-0.00618499
8.24267	-0.0077506
8.24291	-0.00654603
8.24316	3.29162e-05
8.2434	0.00496232
8.24365	0.00239982
8.24389	-0.00291472
8.24413	-0.00318602
8.24438	0.00084323
8.24462	0.00219384
8.24487	-0.0014842
8.24511	-0.00521249
8.24536	-0.00395269
8.2456	0.00168521
8.24585	0.00710735
8.24609	0.00845462
8.24634	0.00511101
8.24658	-0.00116872
8.24683	-0.00828051
8.24707	-0.0138364
