4.00007	0.0306378
4.00031	0.0340819
4.00056	0.0325038
4.0008	0.0220423
4.00105	0.0150351
4.00129	0.0220898
4.00154	0.034627
4.00178	0.0381057
4.00203	0.0332869
4.00227	0.0310747
4.00252	0.0333575
4.00276	0.0329414
4.003	0.0288582
4.00325	0.0288615
4.00349	0.0368218
4.00374	0.0467341
4.00398	0.050033
4.00423	0.0436245
4.00447	0.031566
4.00472	0.0223463
4.00496	0.0221281
4.00521	0.0281714
4.00545	0.0323918
4.0057	0.0321587
4.00594	0.0313394
4.00618	0.0302884
4.00643	0.0246933
4.00667	0.0169159
4.00692	0.0167745
4.00716	0.0257898
4.00741	0.0325627
4.00765	0.0305614
4.0079	0.0278379
4.00814	0.0305312
4.00839	0.0306875
4.00863	0.0225582
4.00888	0.0173463
4.00912	0.0257499
4.00936	0.0371834
4.00961	0.0349337
4.00985	0.0234591
4.0101	0.0204134
4.01034	0.0273279
4.01059	0.0299145
4.01083	0.0251186
4.01108	0.0253679
4.01132	0.0341151
4.01157	0.0386085
4.01181	0.0324579
4.01205	0.0264603
4.0123	0.0296444
4.01254	0.0360565
4.01279	0.0383561
4.01303	0.0393476
4.01328	0.0413471
4.01352	0.0384347
4.01377	0.0292872
4.01401	0.0248327
4.01426	0.032084
4.0145	0.0413811
4.01475	0.0410272
4.01499	0.0347236
4.01523	0.0327339
4.01548	0.0347682
4.01572	0.0344826
4.01597	0.03341
4.01621	0.0365491
4.01646	0.0396838
4.0167	0.0355924
4.01695	0.0293602
4.01719	0.0323871
4.01744	0.0421156
4.01768	0.0433128
4.01793	0.0321124
4.01817	0.023813
4.01841	0.0302071
4.01866	0.0419744
4.0189	0.0437915
4.01915	0.0375217
4.01939	0.037115
4.01964	0.044922
4.01988	0.0479427
4.02013	0.0393361
4.02037	0.0298724
4.02062	0.030711
4.02086	0.0356659
4.02111	0.0322218
4.02135	0.0233486
4.02159	0.0235618
4.02184	0.0350989
4.02208	0.0441067
4.02233	0.043463
4.02257	0.0431604
4.02282	0.0506394
4.02306	0.0567922
4.02331	0.0535808
4.02355	0.0508871
4.0238	0.0590553
4.02404	0.066864
4.02428	0.0583217
4.02453	0.043451
4.02477	0.0470496
4.02502	0.0685516
4.02526	0.0796447
4.02551	0.0665352
4.02575	0.049045
4.026	0.0474841
4.02624	0.0538462
4.02649	0.0512303
4.02673	0.04255
4.02698	0.0409891
4.02722	0.0457173
4.02746	0.0468854
4.02771	0.0459152
4.02795	0.0520331
4.0282	0.0637647
4.02844	0.0704363
4.02869	0.069002
4.02893	0.0652443
4.02918	0.0612276
4.02942	0.0548119
4.02967	0.0489688
4.02991	0.0486107
4.03016	0.0499989
4.0304	0.0456196
4.03064	0.0379685
4.03089	0.0362185
4.03113	0.0400701
4.03138	0.0395876
4.03162	0.0320696
4.03187	0.0272196
4.03211	0.0323919
4.03236	0.0420439
4.0326	0.0457747
4.03285	0.0406499
4.03309	0.0327924
4.03334	0.0307241
4.03358	0.0377688
4.03382	0.0480426
4.03407	0.0514272
4.03431	0.0452347
4.03456	0.0373851
4.0348	0.0351338
4.03505	0.0367687
4.03529	0.038726
4.03554	0.0425121
4.03578	0.0475229
4.03603	0.0462963
4.03627	0.0369753
4.03651	0.0316079
4.03676	0.0394715
4.037	0.0502868
4.03725	0.0490672
4.03749	0.0407498
4.03774	0.0419895
4.03798	0.0525533
4.03823	0.0553379
4.03847	0.0453385
4.03872	0.0380487
4.03896	0.0438937
4.03921	0.0527738
4.03945	0.0525229
4.03969	0.0471936
4.03994	0.0462556
4.04018	0.0477398
4.04043	0.04424
4.04067	0.0377852
4.04092	0.0369264
4.04116	0.0427256
4.04141	0.0472944
4.04165	0.0455372
4.0419	0.0415802
4.04214	0.0423533
4.04239	0.0482191
4.04263	0.0522503
4.04287	0.0493177
4.04312	0.0437813
4.04336	0.0434466
4.04361	0.0463032
4.04385	0.0420887
4.0441	0.0304702
4.04434	0.0262687
4.04459	0.0378882
4.04483	0.0518121
4.04508	0.0517432
4.04532	0.0432768
4.04557	0.0425409
4.04581	0.0481945
4.04605	0.0458823
4.0463	0.0369329
4.04654	0.0388776
4.04679	0.05499
4.04703	0.0660468
4.04728	0.0597638
4.04752	0.0488869
4.04777	0.0500927
4.04801	0.0609132
4.04826	0.0684156
4.0485	0.0681881
4.04874	0.0646516
4.04899	0.0622619
4.04923	0.0641954
4.04948	0.0711846
4.04972	0.0769999
4.04997	0.0746777
4.05021	0.0696089
4.05046	0.073964
4.0507	0.0862685
4.05095	0.0923273
4.05119	0.0898211
4.05144	0.0933822
4.05168	0.10874
4.05192	0.121487
4.05217	0.121555
4.05241	0.119614
4.05266	0.126333
4.0529	0.133632
4.05315	0.131876
4.05339	0.128881
4.05364	0.13436
4.05388	0.140519
4.05413	0.137449
4.05437	0.134688
4.05462	0.146194
4.05486	0.163815
4.0551	0.168027
4.05535	0.158649
4.05559	0.153163
4.05584	0.158117
4.05608	0.163474
4.05633	0.164704
4.05657	0.170433
4.05682	0.184997
4.05706	0.199765
4.05731	0.206616
4.05755	0.208446
4.0578	0.212784
4.05804	0.223307
4.05828	0.238556
4.05853	0.252174
4.05877	0.256426
4.05902	0.252576
4.05926	0.253483
4.05951	0.267775
4.05975	0.287341
4.06	0.300363
4.06024	0.309814
4.06049	0.326521
4.06073	0.349896
4.06097	0.370026
4.06122	0.3852
4.06146	0.403307
4.06171	0.428309
4.06195	0.458316
4.0622	0.494184
4.06244	0.537229
4.06269	0.582037
4.06293	0.625149
4.06318	0.676826
4.06342	0.74959
4.06367	0.840037
4.06391	0.940132
4.06415	1.06372
4.0644	1.24086
4.06464	1.48297
4.06489	1.77101
4.06513	2.08162
4.06538	2.40765
4.06562	2.74933
4.06587	3.10385
4.06611	3.47529
4.06636	3.88513
4.0666	4.363
4.06685	4.92205
4.06709	5.52418
4.06733	6.04733
4.06758	6.30329
4.06782	6.14276
4.06807	5.58109
4.06831	4.81311
4.06856	4.08496
4.0688	3.54771
4.06905	3.22146
4.06929	3.05772
4.06954	3.00325
4.06978	3.02315
4.07003	3.10784
4.07027	3.27388
4.07051	3.53926
4.07076	3.87976
4.071	4.20805
4.07125	4.39994
4.07149	4.35029
4.07174	4.02428
4.07198	3.47513
4.07223	2.81526
4.07247	2.15987
4.07272	1.58643
4.07296	1.13226
4.0732	0.80691
4.07345	0.594857
4.07369	0.460618
4.07394	0.371236
4.07418	0.313862
4.07443	0.283535
4.07467	0.263609
4.07492	0.235254
4.07516	0.201572
4.07541	0.182567
4.07565	0.184254
4.0759	0.189778
4.07614	0.185077
4.07638	0.176106
4.07663	0.172368
4.07687	0.168599
4.07712	0.155329
4.07736	0.136991
4.07761	0.125422
4.07785	0.121422
4.0781	0.116243
4.07834	0.10819
4.07859	0.104465
4.07883	0.106717
4.07908	0.107063
4.07932	0.101127
4.07956	0.0948546
4.07981	0.094336
4.08005	0.0972232
4.0803	0.0988036
4.08054	0.0993157
4.08079	0.100014
4.08103	0.0985316
4.08128	0.0942734
4.08152	0.0929452
4.08177	0.0987359
4.08201	0.10606
4.08226	0.106297
4.0825	0.0997921
4.08274	0.0939277
4.08299	0.0914679
4.08323	0.0884197
4.08348	0.0824969
4.08372	0.0762803
4.08397	0.0717267
4.08421	0.0678703
4.08446	0.0642862
4.0847	0.0612925
4.08495	0.0572944
4.08519	0.0515925
4.08544	0.0482456
4.08568	0.0502651
4.08592	0.0520989
4.08617	0.0468486
4.08641	0.0394112
4.08666	0.0411025
4.0869	0.0505929
4.08715	0.0530874
4.08739	0.0424598
4.08764	0.0317974
4.08788	0.0349315
4.08813	0.0477631
4.08837	0.0561601
4.08861	0.0541353
4.08886	0.0458877
4.0891	0.0369444
4.08935	0.0316847
4.08959	0.0335615
4.08984	0.0395427
4.09008	0.0396491
4.09033	0.0297918
4.09057	0.0196333
4.09082	0.0197777
4.09106	0.0267679
4.09131	0.0298472
4.09155	0.0278344
4.09179	0.0289178
4.09204	0.0360652
4.09228	0.042498
4.09253	0.0418673
4.09277	0.0358615
4.09302	0.031378
4.09326	0.0346328
4.09351	0.0466557
4.09375	0.0607026
4.094	0.0667527
4.09424	0.0623273
4.09449	0.055402
4.09473	0.0533185
4.09497	0.0539754
4.09522	0.0520506
4.09546	0.0475904
4.09571	0.0427171
4.09595	0.0359378
4.0962	0.0264018
4.09644	0.0186597
4.09669	0.0168743
4.09693	0.01901
4.09718	0.0216649
4.09742	0.0245283
4.09767	0.0256306
4.09791	0.0207695
4.09815	0.0135052
4.0984	0.0154832
4.09864	0.0286756
4.09889	0.0379775
4.09913	0.0317759
4.09938	0.0194152
4.09962	0.0160092
4.09987	0.020076
4.10011	0.020763
4.10036	0.0184225
4.1006	0.0214505
4.10084	0.0288925
4.10109	0.0326776
4.10133	0.0327368
4.10158	0.0345022
4.10182	0.0360666
4.10207	0.0333414
4.10231	0.0327811
4.10256	0.0422049
4.1028	0.0539655
4.10305	0.0553798
4.10329	0.0511023
4.10354	0.0549128
4.10378	0.0631873
4.10402	0.0597695
4.10427	0.0462129
4.10451	0.0418378
4.10476	0.0504257
4.105	0.0525178
4.10525	0.0388292
4.10549	0.0271116
4.10574	0.0335576
4.10598	0.0482681
4.10623	0.0539477
4.10647	0.0520798
4.10672	0.0546527
4.10696	0.0627997
4.1072	0.0692191
4.10745	0.0726902
4.10769	0.0766744
4.10794	0.0803809
4.10818	0.082106
4.10843	0.0851492
4.10867	0.0917649
4.10892	0.0977746
4.10916	0.100152
4.10941	0.1024
4.10965	0.106509
4.1099	0.108943
4.11014	0.110925
4.11038	0.121976
4.11063	0.145279
4.11087	0.169938
4.11112	0.186714
4.11136	0.201755
4.11161	0.225541
4.11185	0.257214
4.1121	0.288484
4.11234	0.313541
4.11259	0.326599
4.11283	0.320561
4.11307	0.298388
4.11332	0.274891
4.11356	0.256067
4.11381	0.22855
4.11405	0.183315
4.1143	0.137678
4.11454	0.11506
4.11479	0.111158
4.11503	0.101216
4.11528	0.0774309
4.11552	0.0579585
4.11577	0.057455
4.11601	0.0681875
4.11625	0.0756005
4.1165	0.0762935
4.11674	0.0734021
4.11699	0.0678548
4.11723	0.0628617
4.11748	0.0660712
4.11772	0.0776296
4.11797	0.0844558
4.11821	0.0765646
4.11846	0.06321
4.1187	0.0619623
4.11895	0.0747366
4.11919	0.0859746
4.11943	0.0854547
4.11968	0.0821135
4.11992	0.0898927
4.12017	0.107937
4.12041	0.123884
4.12066	0.133255
4.1209	0.145073
4.12115	0.167013
4.12139	0.194853
4.12164	0.221458
4.12188	0.247991
4.12213	0.278987
4.12237	0.312734
4.12261	0.344727
4.12286	0.374624
4.1231	0.399787
4.12335	0.407726
4.12359	0.388424
4.12384	0.351399
4.12408	0.316081
4.12433	0.286311
4.12457	0.250562
4.12482	0.208437
4.12506	0.177578
4.1253	0.167438
4.12555	0.164619
4.12579	0.155677
4.12604	0.148378
4.12628	0.155395
4.12653	0.170295
4.12677	0.178185
4.12702	0.181853
4.12726	0.197947
4.12751	0.230208
4.12775	0.263796
4.128	0.2858
4.12824	0.295853
4.12848	0.295369
4.12873	0.281337
4.12897	0.255158
4.12922	0.225851
4.12946	0.199415
4.12971	0.173643
4.12995	0.146869
4.1302	0.123388
4.13044	0.106588
4.13069	0.0942666
4.13093	0.0838566
4.13118	0.0752974
4.13142	0.06666
4.13166	0.0552806
4.13191	0.0457634
4.13215	0.0471818
4.1324	0.0579394
4.13264	0.0636857
4.13289	0.0571331
4.13313	0.0499673
4.13338	0.0553001
4.13362	0.0671875
4.13387	0.0706547
4.13411	0.0658747
4.13436	0.0662021
4.1346	0.0739709
4.13484	0.0761649
4.13509	0.0680924
4.13533	0.064123
4.13558	0.0755088
4.13582	0.0919869
4.13607	0.0987012
4.13631	0.100218
4.13656	0.111516
4.1368	0.132834
4.13705	0.152242
4.13729	0.169737
4.13753	0.198111
4.13778	0.237826
4.13802	0.271199
4.13827	0.288378
4.13851	0.300787
4.13876	0.318621
4.139	0.331602
4.13925	0.325543
4.13949	0.304372
4.13974	0.28038
4.13998	0.253754
4.14023	0.218588
4.14047	0.180655
4.14071	0.151485
4.14096	0.130495
4.1412	0.110144
4.14145	0.0938046
4.14169	0.0899866
4.14194	0.0920165
4.14218	0.083589
4.14243	0.0649658
4.14267	0.0539015
4.14292	0.0571911
4.14316	0.0601873
4.14341	0.0509995
4.14365	0.0381686
4.14389	0.0351552
4.14414	0.0405332
4.14438	0.0433517
4.14463	0.0389339
4.14487	0.0314587
4.14512	0.0276945
4.14536	0.0326179
4.14561	0.0442097
4.14585	0.0510014
4.1461	0.0440138
4.14634	0.0314223
4.14659	0.029184
4.14683	0.0366201
4.14707	0.0371204
4.14732	0.0261422
4.14756	0.020107
4.14781	0.0294298
4.14805	0.0406185
4.1483	0.0378225
4.14854	0.027412
4.14879	0.0257663
4.14903	0.0333231
4.14928	0.0368763
4.14952	0.0312166
4.14976	0.023559
4.15001	0.0195767
4.15025	0.0174259
4.1505	0.0145638
4.15074	0.0114919
4.15099	0.00954822
4.15123	0.0106668
4.15148	0.0165989
4.15172	0.0243185
4.15197	0.0270971
4.15221	0.0241359
4.15246	0.0226941
4.1527	0.0264048
4.15294	0.0292923
4.15319	0.0266474
4.15343	0.0231997
4.15368	0.0240691
4.15392	0.0260717
4.15417	0.0250927
4.15441	0.0239432
4.15466	0.0256331
4.1549	0.0269978
4.15515	0.0261637
4.15539	0.0277347
4.15564	0.0333377
4.15588	0.0363172
4.15612	0.0334649
4.15637	0.0316937
4.15661	0.0345923
4.15686	0.0339557
4.1571	0.025221
4.15735	0.0193745
4.15759	0.026457
4.15784	0.0382182
4.15808	0.0418108
4.15833	0.0406308
4.15857	0.0451577
4.15882	0.0522147
4.15906	0.0520019
4.1593	0.0490589
4.15955	0.0560474
4.15979	0.0701368
4.16004	0.0757808
4.16028	0.0708166
4.16053	0.0707007
4.16077	0.0846511
4.16102	0.104499
4.16126	0.120321
4.16151	0.131278
4.16175	0.136926
4.16199	0.132743
4.16224	0.12012
4.16248	0.108495
4.16273	0.101904
4.16297	0.0936937
4.16322	0.0789883
4.16346	0.0626297
4.16371	0.0506524
4.16395	0.0429724
4.1642	0.038074
4.16444	0.0362854
4.16469	0.0355693
4.16493	0.0323718
4.16517	0.0286715
4.16542	0.0297364
4.16566	0.034079
4.16591	0.0352695
4.16615	0.034058
4.1664	0.0371375
4.16664	0.0429926
4.16689	0.0422279
4.16713	0.0345087
4.16738	0.0307128
4.16762	0.0336874
4.16787	0.0323515
4.16811	0.0224531
4.16835	0.017521
4.1686	0.0276412
4.16884	0.0409523
4.16909	0.0409754
4.16933	0.0319076
4.16958	0.0299926
4.16982	0.0365657
4.17007	0.0376473
4.17031	0.0281319
4.17056	0.019118
4.1708	0.0191735
4.17105	0.0232314
4.17129	0.0246577
4.17153	0.0258285
4.17178	0.0303456
4.17202	0.0346714
4.17227	0.0347957
4.17251	0.0338149
4.17276	0.0357941
4.173	0.0384374
4.17325	0.0391917
4.17349	0.0428404
4.17374	0.0540333
4.17398	0.0664491
4.17423	0.0700687
4.17447	0.0679253
4.17471	0.0742511
4.17496	0.0935961
4.1752	0.112343
4.17545	0.116319
4.17569	0.108254
4.17594	0.100321
4.17618	0.0960387
4.17643	0.0889088
4.17667	0.0755305
4.17692	0.0604799
4.17716	0.0485324
4.1774	0.0397612
4.17765	0.0330128
4.17789	0.0280572
4.17814	0.0236673
4.17838	0.0187098
4.17863	0.0152048
4.17887	0.0157733
4.17912	0.0192322
4.17936	0.0234405
4.17961	0.0295074
4.17985	0.0365556
4.1801	0.0364946
4.18034	0.0242981
4.18058	0.0109023
4.18083	0.0129201
4.18107	0.0288778
4.18132	0.0390893
4.18156	0.0322549
4.18181	0.0187982
4.18205	0.0126047
4.1823	0.0130412
4.18254	0.0133041
4.18279	0.014531
4.18303	0.0206974
4.18328	0.0279903
4.18352	0.0299533
4.18376	0.0274119
4.18401	0.0247078
4.18425	0.0217734
4.1845	0.0174659
4.18474	0.0146388
4.18499	0.0147792
4.18523	0.0140488
4.18548	0.0110728
4.18572	0.0109139
4.18597	0.0148788
4.18621	0.0160297
4.18646	0.0124764
4.1867	0.0137555
4.18694	0.0238833
4.18719	0.0302868
4.18743	0.0230013
4.18768	0.0131255
4.18792	0.015522
4.18817	0.0232661
4.18841	0.0191716
4.18866	0.00585837
4.1889	0.00247066
4.18915	0.0138919
4.18939	0.0246622
4.18963	0.0245795
4.18988	0.0205989
4.19012	0.0201946
4.19037	0.0209167
4.19061	0.0207855
4.19086	0.0227294
4.1911	0.0242685
4.19135	0.01825
4.19159	0.00809824
4.19184	0.00684351
4.19208	0.0163759
4.19233	0.0234465
4.19257	0.021396
4.19281	0.019276
4.19306	0.022949
4.1933	0.0245768
4.19355	0.0198016
4.19379	0.0180521
4.19404	0.0243115
4.19428	0.02697
4.19453	0.0177208
4.19477	0.00863494
4.19502	0.0131878
4.19526	0.0230532
4.19551	0.0220155
4.19575	0.0128017
4.19599	0.0102052
4.19624	0.0147007
4.19648	0.0141674
4.19673	0.00857872
4.19697	0.0113279
4.19722	0.0247498
4.19746	0.0344024
4.19771	0.0322845
4.19795	0.0277637
4.1982	0.0287162
4.19844	0.0285022
4.19869	0.0213196
4.19893	0.0158061
4.19917	0.0206897
4.19942	0.0282914
4.19966	0.0269628
4.19991	0.0219619
4.20015	0.0273392
4.2004	0.040583
4.20064	0.0433014
4.20089	0.0298604
4.20113	0.0190236
4.20138	0.0286154
4.20162	0.050662
4.20186	0.063576
4.20211	0.0616643
4.20235	0.0587084
4.2026	0.0644254
4.20284	0.071725
4.20309	0.0713232
4.20333	0.0675956
4.20358	0.0718102
4.20382	0.0861922
4.20407	0.103491
4.20431	0.119602
4.20456	0.1386
4.2048	0.165066
4.20504	0.197373
4.20529	0.229983
4.20553	0.258599
4.20578	0.281707
4.20602	0.29937
4.20627	0.311655
4.20651	0.31792
4.20676	0.318353
4.207	0.315703
4.20725	0.311958
4.20749	0.302612
4.20774	0.280006
4.20798	0.245782
4.20822	0.213952
4.20847	0.195605
4.20871	0.185755
4.20896	0.172999
4.2092	0.157162
4.20945	0.14676
4.20969	0.142027
4.20994	0.134053
4.21018	0.122305
4.21043	0.119198
4.21067	0.131018
4.21092	0.145843
4.21116	0.149927
4.2114	0.147931
4.21165	0.155929
4.21189	0.179191
4.21214	0.208505
4.21238	0.236882
4.21263	0.26776
4.21287	0.303532
4.21312	0.335744
4.21336	0.353586
4.21361	0.357521
4.21385	0.358145
4.21409	0.363023
4.21434	0.369338
4.21458	0.368921
4.21483	0.356633
4.21507	0.334034
4.21532	0.309075
4.21556	0.293026
4.21581	0.292976
4.21605	0.304221
4.2163	0.313339
4.21654	0.312484
4.21679	0.307893
4.21703	0.309786
4.21727	0.316802
4.21752	0.317237
4.21776	0.304482
4.21801	0.283001
4.21825	0.258119
4.2185	0.229384
4.21874	0.198196
4.21899	0.172785
4.21923	0.157891
4.21948	0.146198
4.21972	0.129043
4.21997	0.110899
4.22021	0.103155
4.22045	0.106307
4.2207	0.109518
4.22094	0.108035
4.22119	0.109762
4.22143	0.12075
4.22168	0.133458
4.22192	0.136335
4.22217	0.130263
4.22241	0.128892
4.22266	0.143816
4.2229	0.173329
4.22315	0.205502
4.22339	0.229739
4.22363	0.244527
4.22388	0.254671
4.22412	0.262797
4.22437	0.266467
4.22461	0.26395
4.22486	0.258126
4.2251	0.251141
4.22535	0.238916
4.22559	0.216244
4.22584	0.185361
4.22608	0.154317
4.22632	0.128115
4.22657	0.106376
4.22681	0.0885868
4.22706	0.0761659
4.2273	0.0691441
4.22755	0.0649035
4.22779	0.0602741
4.22804	0.0525872
4.22828	0.0411815
4.22853	0.0309294
4.22877	0.0297276
4.22902	0.037213
4.22926	0.0412796
4.2295	0.0336083
4.22975	0.0233638
4.22999	0.0246076
4.23024	0.0339799
4.23048	0.0349484
4.23073	0.0239494
4.23097	0.016804
4.23122	0.0247153
4.23146	0.0381871
4.23171	0.0428535
4.23195	0.039531
4.2322	0.0379932
4.23244	0.0392883
4.23268	0.0362425
4.23293	0.0274954
4.23317	0.0202443
4.23342	0.0196849
4.23366	0.0234002
4.23391	0.0264223
4.23415	0.0265967
4.2344	0.0249855
4.23464	0.0244712
4.23489	0.0272888
4.23513	0.0318352
4.23538	0.0339855
4.23562	0.0330443
4.23586	0.0327762
4.23611	0.0345849
4.23635	0.0344553
4.2366	0.0298801
4.23684	0.0250089
4.23709	0.0248223
4.23733	0.0281081
4.23758	0.0300828
4.23782	0.0283529
4.23807	0.0233713
4.23831	0.0175483
4.23855	0.0164024
4.2388	0.0240883
4.23904	0.034228
4.23929	0.033452
4.23953	0.0200331
4.23978	0.0101079
4.24002	0.0165072
4.24027	0.0299863
4.24051	0.0335326
4.24076	0.0281192
4.241	0.0282658
4.24125	0.0355192
4.24149	0.0352459
4.24173	0.0226952
4.24198	0.013965
4.24222	0.0219116
4.24247	0.0353863
4.24271	0.0353495
4.24296	0.022644
4.2432	0.0155863
4.24345	0.0235073
4.24369	0.0358996
4.24394	0.0388372
4.24418	0.0319839
4.24443	0.025516
4.24467	0.0264079
4.24491	0.0319973
4.24516	0.0347462
4.2454	0.0311077
4.24565	0.0261477
4.24589	0.0285061
4.24614	0.0394286
4.24638	0.0495378
4.24663	0.0501625
4.24687	0.045113
4.24712	0.0453077
4.24736	0.0532007
4.24761	0.0603524
4.24785	0.0616064
4.24809	0.0629083
4.24834	0.0701496
4.24858	0.0777181
4.24883	0.0763218
4.24907	0.0678711
4.24932	0.0629149
4.24956	0.0642515
4.24981	0.0628701
4.25005	0.0524233
4.2503	0.0389698
4.25054	0.0316815
4.25079	0.0310548
4.25103	0.0326183
4.25127	0.0364043
4.25152	0.0443964
4.25176	0.0520201
4.25201	0.0516606
4.25225	0.044357
4.2525	0.0392594
4.25274	0.0400128
4.25299	0.0400216
4.25323	0.0343397
4.25348	0.0281297
4.25372	0.0278537
4.25396	0.0308601
4.25421	0.0310292
4.25445	0.0297059
4.2547	0.0322041
4.25494	0.0364091
4.25519	0.0351122
4.25543	0.0298995
4.25568	0.0321497
4.25592	0.0461844
4.25617	0.0602756
4.25641	0.0612065
4.25666	0.0515433
4.2569	0.0443182
4.25714	0.0445825
4.25739	0.0458088
4.25763	0.0436885
4.25788	0.0435312
4.25812	0.0509643
4.25837	0.0631448
4.25861	0.0740629
4.25886	0.0828834
4.2591	0.0916828
4.25935	0.0994934
4.25959	0.104718
4.25984	0.110126
4.26008	0.118568
4.26032	0.125559
4.26057	0.123259
4.26081	0.111596
4.26106	0.098766
4.2613	0.0903981
4.26155	0.0850435
4.26179	0.0812308
4.26204	0.0809466
4.26228	0.0831305
4.26253	0.081577
4.26277	0.0743956
4.26302	0.0686843
4.26326	0.0694107
4.2635	0.0698442
4.26375	0.0613795
4.26399	0.0483033
4.26424	0.0426638
4.26448	0.0462697
4.26473	0.0484493
4.26497	0.0429478
4.26522	0.03714
4.26546	0.0404846
4.26571	0.0517215
4.26595	0.0628795
4.26619	0.0701494
4.26644	0.0749045
4.26668	0.0780781
4.26693	0.0796889
4.26717	0.0816627
4.26742	0.0854139
4.26766	0.0875114
4.26791	0.0826683
4.26815	0.0711365
4.2684	0.0591782
4.26864	0.051667
4.26889	0.0474161
4.26913	0.0426854
4.26937	0.0367169
4.26962	0.0324165
4.26986	0.0328024
4.27011	0.0375902
4.27035	0.0428149
4.2706	0.0441361
4.27084	0.0413652
4.27109	0.0390303
4.27133	0.0412981
4.27158	0.0472662
4.27182	0.0528734
4.27207	0.0562391
4.27231	0.0585169
4.27255	0.0602146
4.2728	0.0604471
4.27304	0.0606773
4.27329	0.0652727
4.27353	0.0754508
4.27378	0.0852046
4.27402	0.0871068
4.27427	0.0813769
4.27451	0.075472
4.27476	0.0745509
4.275	0.0763075
4.27525	0.0766338
4.27549	0.0762017
4.27573	0.0775812
4.27598	0.0785746
4.27622	0.0741029
4.27647	0.0650162
4.27671	0.0594471
4.27696	0.0624258
4.2772	0.0682366
4.27745	0.0679844
4.27769	0.0627599
4.27794	0.0632663
4.27818	0.0751909
4.27842	0.0902644
4.27867	0.0955653
4.27891	0.0886341
4.27916	0.0787732
4.2794	0.0745461
4.27965	0.0749219
4.27989	0.073739
4.28014	0.068593
4.28038	0.0624543
4.28063	0.058733
4.28087	0.0575516
4.28112	0.0560359
4.28136	0.0506083
4.2816	0.0401219
4.28185	0.0281757
4.28209	0.0208151
4.28234	0.0204762
4.28258	0.0239231
4.28283	0.0273806
4.28307	0.0305703
4.28332	0.0334058
4.28356	0.0329489
4.28381	0.028262
4.28405	0.0245896
4.2843	0.0265114
4.28454	0.0297513
4.28478	0.0272923
4.28503	0.021447
4.28527	0.0205958
4.28552	0.0246463
4.28576	0.0248103
4.28601	0.0196164
4.28625	0.019061
4.2865	0.0276588
4.28674	0.0348368
4.28699	0.0303101
4.28723	0.0197207
4.28748	0.0156551
4.28772	0.0205302
4.28796	0.0277581
4.28821	0.0332559
4.28845	0.0363029
4.2887	0.0353844
4.28894	0.0329518
4.28919	0.0374787
4.28943	0.0501654
4.28968	0.0574052
4.28992	0.0494169
4.29017	0.0384201
4.29041	0.0418342
4.29065	0.0539281
4.2909	0.0542134
4.29114	0.0410523
4.29139	0.0343493
4.29163	0.0426425
4.29188	0.0500763
4.29212	0.0433794
4.29237	0.0316305
4.29261	0.028506
4.29286	0.0315688
4.2931	0.0313313
4.29335	0.0276653
4.29359	0.0255449
4.29383	0.0253992
4.29408	0.0276694
4.29432	0.0360947
4.29457	0.0473155
4.29481	0.0489832
4.29506	0.037985
4.2953	0.0283377
4.29555	0.0304545
4.29579	0.0356853
4.29604	0.0338353
4.29628	0.0323559
4.29653	0.0421577
4.29677	0.0558678
4.29701	0.0582887
4.29726	0.0502522
4.2975	0.0441942
4.29775	0.0426583
4.29799	0.0391491
4.29824	0.0348863
4.29848	0.0359519
4.29873	0.0373614
4.29897	0.0290692
4.29922	0.0163496
4.29946	0.0151471
4.29971	0.0263201
4.29995	0.0330326
4.30019	0.0269729
4.30044	0.0197681
4.30068	0.0225606
4.30093	0.0294059
4.30117	0.0289432
4.30142	0.0213028
4.30166	0.0153625
4.30191	0.0164773
4.30215	0.0227206
4.3024	0.0283135
4.30264	0.0277588
4.30288	0.0207729
4.30313	0.013443
4.30337	0.010323
4.30362	0.00817613
4.30386	0.0034307
4.30411	0.00100976
4.30435	0.00687427
4.3046	0.0164105
4.30484	0.0207061
4.30509	0.020254
4.30533	0.0212509
4.30558	0.0228614
4.30582	0.0208182
4.30606	0.0190444
4.30631	0.0234061
4.30655	0.0282834
4.3068	0.0252884
4.30704	0.0212614
4.30729	0.0292859
4.30753	0.044444
4.30778	0.0487382
4.30802	0.0396425
4.30827	0.0325811
4.30851	0.0338153
4.30876	0.0332118
4.309	0.0272866
4.30924	0.026081
4.30949	0.031135
4.30973	0.0301252
4.30998	0.0216127
4.31022	0.0213338
4.31047	0.0331297
4.31071	0.0376873
4.31096	0.0242162
4.3112	0.0100963
4.31145	0.0119639
4.31169	0.0193048
4.31194	0.0169812
4.31218	0.0136304
4.31242	0.0237187
4.31267	0.0379151
4.31291	0.0374108
4.31316	0.0258971
4.3134	0.0216151
4.31365	0.0263318
4.31389	0.0272081
4.31414	0.0228273
4.31438	0.0224797
4.31463	0.0240405
4.31487	0.0173894
4.31511	0.00800288
4.31536	0.0129874
4.3156	0.032562
4.31585	0.047441
4.31609	0.0469593
4.31634	0.0398534
4.31658	0.0347438
4.31683	0.0295126
4.31707	0.023676
4.31732	0.0227346
4.31756	0.0253838
4.31781	0.0227986
4.31805	0.0146912
4.31829	0.010576
4.31854	0.0123085
4.31878	0.0119417
4.31903	0.00962124
4.31927	0.0151372
4.31952	0.0270267
4.31976	0.0295255
4.32001	0.0179312
4.32025	0.00864122
4.3205	0.0140728
4.32074	0.0243479
4.32099	0.0252333
4.32123	0.019089
4.32147	0.0152835
4.32172	0.0131648
4.32196	0.00862693
4.32221	0.00694841
4.32245	0.0146449
4.3227	0.0257476
4.32294	0.0288372
4.32319	0.022545
4.32343	0.0144101
4.32368	0.0102505
4.32392	0.0127665
4.32417	0.0231229
4.32441	0.0353482
4.32465	0.0374032
4.3249	0.0269166
4.32514	0.0171789
4.32539	0.0181338
4.32563	0.0217249
4.32588	0.0176786
4.32612	0.012513
4.32637	0.0170093
4.32661	0.024197
4.32686	0.0193983
4.3271	0.00718844
4.32735	0.00717943
4.32759	0.0227027
4.32783	0.0339212
4.32808	0.0271144
4.32832	0.0135863
4.32857	0.0113669
4.32881	0.0214922
4.32906	0.0317581
4.3293	0.0344408
4.32955	0.031011
4.32979	0.0253277
4.33004	0.0200651
4.33028	0.0169195
4.33052	0.015695
4.33077	0.0152628
4.33101	0.0163953
4.33126	0.0195962
4.3315	0.0207785
4.33175	0.0159116
4.33199	0.00969208
4.33224	0.0109645
4.33248	0.0185935
4.33273	0.0217208
4.33297	0.016312
4.33322	0.0107949
4.33346	0.0114394
4.3337	0.0134806
4.33395	0.0125522
4.33419	0.0132569
4.33444	0.0181399
4.33468	0.0194027
4.33493	0.0123634
4.33517	0.00712769
4.33542	0.0138678
4.33566	0.0248119
4.33591	0.0257524
4.33615	0.0190954
4.3364	0.0186187
4.33664	0.0251538
4.33688	0.0260106
4.33713	0.0182885
4.33737	0.0135228
4.33762	0.0157401
4.33786	0.0140308
4.33811	0.00429491
4.33835	0.000232455
4.3386	0.0111367
4.33884	0.0241398
4.33909	0.0231042
4.33933	0.013314
4.33958	0.0112782
4.33982	0.0185667
4.34006	0.0228936
4.34031	0.0201228
4.34055	0.0182274
4.3408	0.0211693
4.34104	0.0243239
4.34129	0.0256533
4.34153	0.0271576
4.34178	0.0252681
4.34202	0.0146235
4.34227	0.00246579
4.34251	0.00340847
4.34275	0.0164512
4.343	0.0233725
4.34324	0.0160492
4.34349	0.00926391
4.34373	0.0168448
4.34398	0.0300654
4.34422	0.0329691
4.34447	0.0271782
4.34471	0.0255618
4.34496	0.0291667
4.3452	0.0275015
4.34545	0.018522
4.34569	0.0123306
4.34593	0.0146316
4.34618	0.0200086
4.34642	0.0234951
4.34667	0.0270198
4.34691	0.0314352
4.34716	0.0326281
4.3474	0.0296376
4.34765	0.0279921
4.34789	0.0306985
4.34814	0.0331724
4.34838	0.0313881
4.34863	0.0286685
4.34887	0.0300071
4.34911	0.034993
4.34936	0.0404172
4.3496	0.0450632
4.34985	0.0481742
4.35009	0.0479797
4.35034	0.0458118
4.35058	0.0470335
4.35083	0.0533879
4.35107	0.0587674
4.35132	0.0578918
4.35156	0.0554368
4.35181	0.0600899
4.35205	0.0715425
4.35229	0.0801901
4.35254	0.0797752
4.35278	0.0744978
4.35303	0.0724619
4.35327	0.0773374
4.35352	0.0886349
4.35376	0.105494
4.35401	0.126401
4.35425	0.14811
4.3545	0.168915
4.35474	0.191438
4.35498	0.218582
4.35523	0.248804
4.35547	0.281061
4.35572	0.323974
4.35596	0.392474
4.35621	0.491661
4.35645	0.609601
4.3567	0.730472
4.35694	0.848543
4.35719	0.962054
4.35743	1.05968
4.35768	1.12562
4.35792	1.15728
4.35816	1.16504
4.35841	1.15216
4.35865	1.10747
4.3589	1.02424
4.35914	0.914334
4.35939	0.794613
4.35963	0.669347
4.35988	0.538016
4.36012	0.412973
4.36037	0.314319
4.36061	0.248799
4.36086	0.205988
4.3611	0.175134
4.36134	0.154377
4.36159	0.142297
4.36183	0.131824
4.36208	0.117605
4.36232	0.102981
4.36257	0.0957117
4.36281	0.0995414
4.36306	0.109733
4.3633	0.114227
4.36355	0.103412
4.36379	0.0840488
4.36404	0.076899
4.36428	0.0911782
4.36452	0.108389
4.36477	0.105523
4.36501	0.088657
4.36526	0.0845662
4.3655	0.100439
4.36575	0.114537
4.36599	0.112233
4.36624	0.108165
4.36648	0.119578
4.36673	0.137011
4.36697	0.140285
4.36721	0.130962
4.36746	0.128556
4.3677	0.140283
4.36795	0.153025
4.36819	0.154259
4.36844	0.146517
4.36868	0.140439
4.36893	0.144089
4.36917	0.15901
4.36942	0.178444
4.36966	0.190989
4.36991	0.193349
4.37015	0.195859
4.37039	0.207778
4.37064	0.222906
4.37088	0.230213
4.37113	0.232998
4.37137	0.244145
4.37162	0.265381
4.37186	0.285432
4.37211	0.298383
4.37235	0.31041
4.3726	0.326536
4.37284	0.342824
4.37309	0.35508
4.37333	0.365856
4.37357	0.37967
4.37382	0.398273
4.37406	0.421638
4.37431	0.447343
4.37455	0.470237
4.3748	0.489659
4.37504	0.513648
4.37529	0.547653
4.37553	0.584537
4.37578	0.617271
4.37602	0.654976
4.37627	0.710238
4.37651	0.775359
4.37675	0.831301
4.377	0.878924
4.37724	0.939229
4.37749	1.02041
4.37773	1.10861
4.37798	1.198
4.37822	1.30556
4.37847	1.44413
4.37871	1.60306
4.37896	1.77123
4.3792	1.95932
4.37944	2.18216
4.37969	2.43746
4.37993	2.72251
4.38018	3.05552
4.38042	3.45733
4.38067	3.92479
4.38091	4.44598
4.38116	5.02974
4.3814	5.69164
4.38165	6.41627
4.38189	7.15991
4.38214	7.88715
4.38238	8.57748
4.38262	9.1971
4.38287	9.69541
4.38311	10.0387
4.38336	10.2262
4.3836	10.2678
4.38385	10.171
4.38409	9.95543
4.38434	9.65446
4.38458	9.28691
4.38483	8.84591
4.38507	8.32624
4.38532	7.74262
4.38556	7.10948
4.3858	6.42584
4.38605	5.69967
4.38629	4.96893
4.38654	4.27707
4.38678	3.64162
4.38703	3.06656
4.38727	2.57031
4.38752	2.17358
4.38776	1.86702
4.38801	1.61773
4.38825	1.40677
4.3885	1.23742
4.38874	1.10724
4.38898	0.99714
4.38923	0.894318
4.38947	0.80494
4.38972	0.735009
4.38996	0.675386
4.39021	0.615835
4.39045	0.560331
4.3907	0.517329
4.39094	0.484541
4.39119	0.453842
4.39143	0.424409
4.39167	0.401162
4.39192	0.384135
4.39216	0.3677
4.39241	0.349053
4.39265	0.331903
4.3929	0.321405
4.39314	0.317449
4.39339	0.312981
4.39363	0.299966
4.39388	0.278598
4.39412	0.257933
4.39437	0.244428
4.39461	0.234209
4.39485	0.221546
4.3951	0.208924
4.39534	0.200367
4.39559	0.190806
4.39583	0.174018
4.39608	0.156897
4.39632	0.151457
4.39657	0.154584
4.39681	0.151601
4.39706	0.140042
4.3973	0.132423
4.39755	0.132697
4.39779	0.128979
4.39803	0.116182
4.39828	0.106601
4.39852	0.1076
4.39877	0.107194
4.39901	0.0958986
4.39926	0.0860575
4.3995	0.0914567
4.39975	0.101573
4.39999	0.0970528
4.40024	0.0811676
4.40048	0.0736838
4.40073	0.0792848
4.40097	0.0845507
4.40121	0.0837094
4.40146	0.0845308
4.4017	0.0875565
4.40195	0.081995
4.40219	0.0675195
4.40244	0.0597112
4.40268	0.0656665
4.40293	0.0719224
4.40317	0.0663848
4.40342	0.0564891
4.40366	0.0543042
4.4039	0.0572423
4.40415	0.0563911
4.40439	0.0531944
4.40464	0.0544339
4.40488	0.0583943
4.40513	0.0586284
4.40537	0.0558116
4.40562	0.0546608
4.40586	0.0540818
4.40611	0.0506894
4.40635	0.0472143
4.4066	0.0471298
4.40684	0.0457976
4.40708	0.0379544
4.40733	0.029779
4.40757	0.0315742
4.40782	0.0410524
4.40806	0.046018
4.40831	0.0427187
4.40855	0.0397909
4.4088	0.0435625
4.40904	0.0503636
4.40929	0.0546776
4.40953	0.0549772
4.40978	0.0503835
4.41002	0.0415977
4.41026	0.0362188
4.41051	0.0420089
4.41075	0.0526936
4.411	0.0524686
4.41124	0.0386871
4.41149	0.0275726
4.41173	0.0309143
4.41198	0.039611
4.41222	0.0399964
4.41247	0.0350153
4.41271	0.0356678
4.41296	0.039734
4.4132	0.035431
4.41344	0.023309
4.41369	0.0180607
4.41393	0.0265646
4.41418	0.0379877
4.41442	0.0401532
4.41467	0.0341426
4.41491	0.0272027
4.41516	0.0220103
4.4154	0.0205778
4.41565	0.0289414
4.41589	0.04703
4.41614	0.0602072
4.41638	0.0536399
4.41662	0.0333707
4.41687	0.0214229
4.41711	0.0287612
4.41736	0.0434868
4.4176	0.0489317
4.41785	0.043499
4.41809	0.0366906
4.41834	0.0338354
4.41858	0.0334843
4.41883	0.0349731
4.41907	0.0388948
4.41931	0.0416317
4.41956	0.038234
4.4198	0.031221
4.42005	0.0288315
4.42029	0.0331843
4.42054	0.037433
4.42078	0.036928
4.42103	0.0356578
4.42127	0.037817
4.42152	0.0402707
4.42176	0.0392562
4.42201	0.0382936
4.42225	0.0417362
4.42249	0.0449865
4.42274	0.0403346
4.42298	0.0306019
4.42323	0.0275305
4.42347	0.0358398
4.42372	0.0471011
4.42396	0.0514658
4.42421	0.0483657
4.42445	0.0430567
4.4247	0.0392961
4.42494	0.0388872
4.42519	0.0425431
4.42543	0.0472642
4.42567	0.0479914
4.42592	0.0455577
4.42616	0.047512
4.42641	0.0566723
4.42665	0.0646895
4.4269	0.062881
4.42714	0.0544169
4.42739	0.0487552
4.42763	0.048154
4.42788	0.0477761
4.42812	0.0462358
4.42837	0.0467814
4.42861	0.0485727
4.42885	0.045826
4.4291	0.0374199
4.42934	0.0303156
4.42959	0.0311694
4.42983	0.0396307
4.43008	0.0505525
4.43032	0.0573829
4.43057	0.0540967
4.43081	0.0413931
4.43106	0.0310924
4.4313	0.0351661
4.43154	0.0486146
4.43179	0.0534925
4.43203	0.0436218
4.43228	0.0340051
4.43252	0.038892
4.43277	0.051554
4.43301	0.05633
4.43326	0.0517359
4.4335	0.0481962
4.43375	0.0485323
4.43399	0.0458164
4.43424	0.0391285
4.43448	0.036772
4.43472	0.041614
4.43497	0.0457865
4.43521	0.0439166
4.43546	0.0409782
4.4357	0.0422303
4.43595	0.0447506
4.43619	0.0445304
4.43644	0.0440003
4.43668	0.0465984
4.43693	0.0505782
4.43717	0.0539161
4.43742	0.0591009
4.43766	0.0671942
4.4379	0.0729904
4.43815	0.0726042
4.43839	0.0710809
4.43864	0.0757875
4.43888	0.0858328
4.43913	0.0940134
4.43937	0.096206
4.43962	0.0935716
4.43986	0.0886237
4.44011	0.0838733
4.44035	0.0811619
4.4406	0.0783677
4.44084	0.0711132
4.44108	0.061296
4.44133	0.0573178
4.44157	0.060698
4.44182	0.0606692
4.44206	0.0501595
4.44231	0.0389541
4.44255	0.0399019
4.4428	0.0490814
4.44304	0.0533706
4.44329	0.052479
4.44353	0.0571552
4.44377	0.0676684
4.44402	0.0724178
4.44426	0.0702539
4.44451	0.0756431
4.44475	0.0942885
4.445	0.109745
4.44524	0.10528
4.44549	0.086902
4.44573	0.0726095
4.44598	0.0679466
4.44622	0.064742
4.44647	0.0576729
4.44671	0.0494297
4.44695	0.0427224
4.4472	0.037999
4.44744	0.0372557
4.44769	0.0410259
4.44793	0.0434088
4.44818	0.0385842
4.44842	0.0306082
4.44867	0.0284523
4.44891	0.0327672
4.44916	0.0360871
4.4494	0.0353033
4.44965	0.03477
4.44989	0.0362015
4.45013	0.0345929
4.45038	0.0275619
4.45062	0.0216935
4.45087	0.0246585
4.45111	0.0345738
4.45136	0.0411921
4.4516	0.0365513
4.45185	0.0229385
4.45209	0.0110177
4.45234	0.00979719
4.45258	0.0174273
4.45283	0.0235276
4.45307	0.0220435
4.45331	0.0184348
4.45356	0.0206991
4.4538	0.0270986
4.45405	0.0288952
4.45429	0.0233957
4.45454	0.0173992
4.45478	0.017295
4.45503	0.0217557
4.45527	0.0258407
4.45552	0.0275573
4.45576	0.0282279
4.456	0.029728
4.45625	0.0332161
4.45649	0.0385694
4.45674	0.0442363
4.45698	0.0490723
4.45723	0.0537102
4.45747	0.0583211
4.45772	0.0606898
4.45796	0.0592327
4.45821	0.0560512
4.45845	0.0537354
4.4587	0.0513435
4.45894	0.047444
4.45918	0.0444527
4.45943	0.0445778
4.45967	0.0437805
4.45992	0.036556
4.46016	0.0258478
4.46041	0.0209901
4.46065	0.0250907
4.4609	0.0311898
4.46114	0.0323804
4.46139	0.029461
4.46163	0.0265057
4.46188	0.0249089
4.46212	0.0248328
4.46236	0.0275421
4.46261	0.0330623
4.46285	0.03925
4.4631	0.0454889
4.46334	0.0535129
4.46359	0.0626995
4.46383	0.0689219
4.46408	0.0702743
4.46432	0.0695408
4.46457	0.068446
4.46481	0.0640121
4.46506	0.0538883
4.4653	0.041257
4.46554	0.0308553
4.46579	0.0235475
4.46603	0.018293
4.46628	0.0159256
4.46652	0.016714
4.46677	0.0170694
4.46701	0.0136321
4.46726	0.00920424
4.4675	0.00974433
4.46775	0.0153933
4.46799	0.0186652
4.46823	0.0132726
4.46848	0.00251171
4.46872	-0.00351623
4.46897	0.000768839
4.46921	0.00950636
4.46946	0.0118092
4.4697	0.00473935
4.46995	-0.00366082
4.47019	-0.00562583
4.47044	-0.00298629
4.47068	-0.000947524
4.47093	0.00203498
4.47117	0.00972846
4.47141	0.0165895
4.47166	0.0122913
4.4719	-0.00104689
4.47215	-0.00810126
4.47239	-0.00180974
4.47264	0.00560584
4.47288	0.00143653
4.47313	-0.00728072
4.47337	-0.00447006
4.47362	0.00977127
4.47386	0.0186162
4.47411	0.0124242
4.47435	0.000207754
4.47459	-0.00567795
4.47484	-0.00512625
4.47508	-0.0046255
4.47533	-0.00439589
4.47557	0.000646458
4.47582	0.0106643
4.47606	0.0186292
4.47631	0.0178975
4.47655	0.00855857
4.4768	-0.00280617
4.47704	-0.00759243
4.47729	-0.0017802
4.47753	0.00928771
4.47777	0.0152027
4.47802	0.0122486
4.47826	0.00756114
4.47851	0.00793173
4.47875	0.00897633
4.479	0.00241573
4.47924	-0.00877761
4.47949	-0.0123199
4.47973	-0.00477726
4.47998	0.00219949
4.48022	-0.0014131
4.48046	-0.00968159
4.48071	-0.0105562
4.48095	-0.00357239
4.4812	0.00172975
4.48144	0.00129862
4.48169	6.562e-05
4.48193	0.00101127
4.48218	0.0010233
4.48242	-0.000740457
4.48267	0.000488986
4.48291	0.00684755
4.48316	0.0134145
4.4834	0.0151266
4.48364	0.0119992
4.48389	0.00543787
4.48413	-0.00350324
4.48438	-0.00983622
4.48462	-0.00680026
4.48487	0.00377221
4.48511	0.0108296
4.48536	0.00812543
4.4856	0.00134697
4.48585	-0.00264388
4.48609	-0.00467283
4.48634	-0.00629267
4.48658	-0.00424497
4.48682	0.000996663
4.48707	0.0015186
4.48731	-0.00424421
4.48756	-0.00481606
4.4878	0.00584947
4.48805	0.0141528
4.48829	0.00601414
4.48854	-0.00880008
4.48878	-0.00973479
4.48903	0.00311497
4.48927	0.0104543
4.48952	0.00465153
4.48976	-0.00127365
4.49	0.00242279
4.49025	0.00852051
4.49049	0.00853997
4.49074	0.00562268
4.49098	0.00476836
4.49123	0.00411167
4.49147	0.00287307
4.49172	0.00567434
4.49196	0.0122212
4.49221	0.0140088
4.49245	0.00789203
4.4927	0.00246032
4.49294	0.00484767
4.49318	0.0110638
4.49343	0.0147457
4.49367	0.0155245
4.49392	0.0140249
4.49416	0.00901829
4.49441	0.00375075
4.49465	0.00403207
4.4949	0.00680678
4.49514	0.00356943
4.49539	-0.00209381
4.49563	0.00302113
4.49587	0.0170462
4.49612	0.020711
4.49636	0.0085856
4.49661	0.00129132
4.49685	0.0123144
4.4971	0.0237733
4.49734	0.0152552
4.49759	-0.0013524
4.49783	-0.000920194
4.49808	0.0143097
4.49832	0.0211303
4.49857	0.0151289
4.49881	0.0151221
4.49905	0.0287565
4.4993	0.0411144
4.49954	0.0420971
4.49979	0.0408766
4.50003	0.0449663
4.50028	0.0459292
4.50052	0.0371933
4.50077	0.0295882
4.50101	0.0360692
4.50126	0.051881
4.5015	0.0618643
4.50175	0.0607111
4.50199	0.0561917
4.50223	0.0561794
4.50248	0.0597512
4.50272	0.059887
4.50297	0.0519915
4.50321	0.0405978
4.50346	0.0358204
4.5037	0.0395837
4.50395	0.0400822
4.50419	0.027815
4.50444	0.0122755
4.50468	0.0103688
4.50493	0.0206383
4.50517	0.0242814
4.50541	0.0136891
4.50566	0.0040945
4.5059	0.0100143
4.50615	0.0235503
4.50639	0.0266001
4.50664	0.0159535
4.50688	0.00512771
4.50713	0.00498902
4.50737	0.0116282
4.50762	0.0134698
4.50786	0.00551819
4.5081	-0.00468393
4.50835	-0.00526029
4.50859	0.00524999
4.50884	0.0146085
4.50908	0.012264
4.50933	0.00345419
4.50957	0.000483767
4.50982	0.00437904
4.51006	0.00629735
4.51031	0.00450072
4.51055	0.00589872
4.5108	0.009954
4.51104	0.0062919
4.51128	-0.00673792
4.51153	-0.015084
4.51177	-0.00829672
4.51202	0.00548724
4.51226	0.0122323
4.51251	0.00994014
4.51275	0.00540351
4.513	0.00188778
4.51324	-0.000654941
4.51349	-0.000330348
4.51373	0.00265935
4.51398	0.00272025
4.51422	-0.00236645
4.51446	-0.00565208
4.51471	-0.00182467
4.51495	0.00315097
4.5152	0.00203468
4.51544	-0.00110194
4.51569	0.00125252
4.51593	0.00575194
4.51618	0.00372016
4.51642	-0.00330595
4.51667	-0.00601148
4.51691	-0.00280494
4.51716	-0.000430932
4.5174	-0.000167073
4.51764	0.0037768
4.51789	0.0110193
4.51813	0.0126743
4.51838	0.00573009
4.51862	-0.00115638
4.51887	-0.00115984
4.51911	0.0009221
4.51936	-0.00151221
4.5196	-0.00531053
4.51985	-0.00348896
4.52009	0.0028153
4.52033	0.0064532
4.52058	0.00547868
4.52082	0.00453309
4.52107	0.00560432
4.52131	0.0045418
4.52156	-0.00104889
4.5218	-0.00573866
4.52205	-0.00259597
4.52229	0.00632371
4.52254	0.0108747
4.52278	0.00575686
4.52303	-0.00146536
4.52327	0.000348622
4.52351	0.0105316
4.52376	0.0167476
4.524	0.011518
4.52425	0.00175071
4.52449	-0.00224521
4.52474	-0.000920221
4.52498	-0.00155077
4.52523	-0.00449424
4.52547	-0.00296392
4.52572	0.00406213
4.52596	0.0083685
4.52621	0.00471929
4.52645	-0.00136265
4.52669	-0.00258998
4.52694	-0.000412195
4.52718	-0.000664237
4.52743	-0.00309693
4.52767	-0.00212535
4.52792	0.00354672
4.52816	0.00824743
4.52841	0.0069237
4.52865	0.0011537
4.5289	-0.00359276
4.52914	-0.00397937
4.52939	-0.00120812
4.52963	0.000688946
4.52987	-0.00137734
4.53012	-0.00595007
4.53036	-0.00746493
4.53061	-0.00222262
4.53085	0.00642868
4.5311	0.0112529
4.53134	0.00937976
4.53159	0.00475672
4.53183	0.00214472
4.53208	0.0020478
4.53232	0.00298164
4.53256	0.00513732
4.53281	0.00836769
4.53305	0.00885418
4.5333	0.0026434
4.53354	-0.00716554
4.53379	-0.0111235
4.53403	-0.00385088
4.53428	0.00877432
4.53452	0.0158625
4.53477	0.0137942
4.53501	0.00897468
4.53526	0.00821986
4.5355	0.0101154
4.53574	0.00841667
4.53599	0.00176545
4.53623	-0.00398453
4.53648	-0.00353112
4.53672	0.00106407
4.53697	0.00339218
4.53721	0.00072264
4.53746	-0.00348189
4.5377	-0.00464433
4.53795	-0.00251592
4.53819	-0.000882592
4.53844	-0.00275701
4.53868	-0.0065301
4.53892	-0.00731842
4.53917	-0.00274793
4.53941	0.00327355
4.53966	0.0046395
4.5399	0.000855367
4.54015	-0.00246533
4.54039	-0.00185851
4.54064	-0.000353581
4.54088	-0.000916321
4.54113	-0.000729363
4.54137	0.00273491
4.54162	0.00490913
4.54186	0.00135495
4.5421	-0.00180285
4.54235	0.00482424
4.54259	0.0171145
4.54284	0.019907
4.54308	0.00843545
4.54333	-0.00459751
4.54357	-0.0077107
4.54382	-0.00448673
4.54406	-0.00224391
4.54431	0.000686955
4.54455	0.00644613
4.54479	0.0076566
4.54504	-0.000790879
4.54528	-0.00847512
4.54553	-0.00285023
4.54577	0.00980288
4.54602	0.0124748
4.54626	0.00317797
4.54651	-0.00328854
4.54675	0.00146716
4.547	0.00977613
4.54724	0.0124656
4.54749	0.00901463
4.54773	0.0015779
4.54797	-0.00764151
4.54822	-0.0113628
4.54846	-0.0032412
4.54871	0.00900904
4.54895	0.0104984
4.5492	0.00123746
4.54944	-0.00398476
4.54969	-0.000614246
4.54993	-0.00143699
4.55018	-0.0124919
4.55042	-0.020168
4.55067	-0.0127758
4.55091	0.000691455
4.55115	0.005403
4.5514	0.00114243
4.55164	-0.00383439
4.55189	-0.00696577
4.55213	-0.0074961
4.55238	-0.000756577
4.55262	0.0109906
4.55287	0.0140659
4.55311	0.00326556
4.55336	-0.00585604
4.5536	0.000470913
4.55385	0.011589
4.55409	0.00964243
4.55433	-0.00164598
4.55458	-0.00530804
4.55482	0.000507203
4.55507	0.00391275
4.55531	0.00303609
4.55556	0.00612044
4.5558	0.0110239
4.55605	0.00704995
4.55629	-0.0028875
4.55654	-0.003632
4.55678	0.00632395
4.55702	0.0107142
4.55727	0.00154661
4.55751	-0.00953965
4.55776	-0.0115856
4.558	-0.0087044
4.55825	-0.00755378
4.55849	-0.00614352
4.55874	-0.00260809
4.55898	-0.00157206
4.55923	-0.00458592
4.55947	-0.00610945
4.55972	-0.00472262
4.55996	-0.0063743
4.5602	-0.0114862
4.56045	-0.0116876
4.56069	-0.00500016
4.56094	-0.00121794
4.56118	-0.00585489
4.56143	-0.0115127
4.56167	-0.011813
4.56192	-0.0107794
4.56216	-0.0109532
4.56241	-0.00586367
4.56265	0.00620273
4.5629	0.0135844
4.56314	0.00734193
4.56338	-0.00462373
4.56363	-0.0101359
4.56387	-0.00941455
4.56412	-0.00843161
4.56436	-0.00562576
4.56461	0.00240397
4.56485	0.0100631
4.5651	0.0102904
4.56534	0.00678025
4.56559	0.00722671
4.56583	0.0102495
4.56608	0.010283
4.56632	0.00948569
4.56656	0.0126484
4.56681	0.0153082
4.56705	0.00984957
4.5673	0.000135689
4.56754	-0.00267113
4.56779	0.00274265
4.56803	0.00683147
4.56828	0.00474577
4.56852	0.00168284
4.56877	0.00213277
4.56901	0.00389497
4.56925	0.00430025
4.5695	0.00397017
4.56974	0.00306
4.56999	0.00107952
4.57023	0.000905272
4.57048	0.00564493
4.57072	0.0112264
4.57097	0.00997264
4.57121	0.00259373
4.57146	-0.00126044
4.5717	0.00336284
4.57195	0.00974069
4.57219	0.0095987
4.57243	0.00447217
4.57268	0.00255744
4.57292	0.00747878
4.57317	0.0141264
4.57341	0.0148394
4.57366	0.0078236
4.5739	-0.000700914
4.57415	-0.00295845
4.57439	0.00190202
4.57464	0.00773804
4.57488	0.0100176
4.57513	0.0104562
4.57537	0.0112282
4.57561	0.0098844
4.57586	0.00455946
4.5761	-0.000303326
4.57635	0.000562018
4.57659	0.00527453
4.57684	0.00843159
4.57708	0.00944153
4.57733	0.010138
4.57757	0.00735801
4.57782	-0.00251767
4.57806	-0.0127163
4.57831	-0.0110027
4.57855	0.00182847
4.57879	0.00903246
4.57904	-7.49771e-05
4.57928	-0.0136011
4.57953	-0.0120242
4.57977	0.00476173
4.58002	0.0163258
4.58026	0.00843618
4.58051	-0.00877434
4.58075	-0.0148495
4.581	-0.00500748
4.58124	0.00621907
4.58149	0.00574361
4.58173	-0.00283064
4.58197	-0.00801153
4.58222	-0.00662512
4.58246	-0.00378129
4.58271	-0.00142357
4.58295	0.00300853
4.5832	0.00726601
4.58344	0.00434644
4.58369	-0.00508274
4.58393	-0.00993268
4.58418	-0.0039066
4.58442	0.00487794
4.58466	0.00657536
4.58491	0.00406445
4.58515	0.00515991
4.5854	0.00706941
4.58564	0.00164565
4.58589	-0.00704003
4.58613	-0.00545238
4.58638	0.00729345
4.58662	0.0147507
4.58687	0.00685548
4.58711	-0.00455085
4.58736	-0.00391811
4.5876	0.00453448
4.58784	0.00515067
4.58809	-0.00337886
4.58833	-0.00662649
4.58858	0.00146374
4.58882	0.0091013
4.58907	0.00664704
4.58931	0.00214857
4.58956	0.00677862
4.5898	0.0150443
4.59005	0.0130374
4.59029	0.00115682
4.59054	-0.00608856
4.59078	-0.0023474
4.59102	0.00274731
4.59127	0.00121959
4.59151	-0.000961926
4.59176	0.00395373
4.592	0.0117739
4.59225	0.013917
4.59249	0.0108315
4.59274	0.00823979
4.59298	0.00613787
4.59323	0.00173777
4.59347	-0.00150928
4.59372	0.00111604
4.59396	0.004999
4.5942	0.00211862
4.59445	-0.00454815
4.59469	-0.00490358
4.59494	0.000655961
4.59518	0.00103381
4.59543	-0.00639923
4.59567	-0.0104056
4.59592	-0.00447223
4.59616	0.00252512
4.59641	0.00185044
4.59665	-0.000871025
4.59689	0.00283949
4.59714	0.00842416
4.59738	0.00635389
4.59763	-0.000690988
4.59787	-0.00260728
4.59812	-0.000534219
4.59836	-0.00604829
4.59861	-0.0202382
4.59885	-0.0272043
4.5991	-0.0150717
4.59934	0.00573629
4.59959	0.0144595
4.59983	0.00616021
4.60007	-0.00360238
4.60032	-0.00105429
4.60056	0.00748211
4.60081	0.00596848
4.60105	-0.00712851
4.6013	-0.0152485
4.60154	-0.00677006
4.60179	0.00793934
4.60203	0.0104709
4.60228	-0.00104451
4.60252	-0.0123868
4.60277	-0.0151977
4.60301	-0.0150732
4.60325	-0.0165159
4.6035	-0.0140557
4.60374	-0.00474978
4.60399	0.00253718
4.60423	-4.10191e-06
4.60448	-0.00578807
4.60472	-0.0039414
4.60497	0.00375161
4.60521	0.00704499
4.60546	0.00364292
4.6057	-7.4647e-05
4.60595	-0.00168065
4.60619	-0.00427972
4.60643	-0.00679244
4.60668	-0.00462733
4.60692	-0.000402808
4.60717	-0.00191866
4.60741	-0.00716049
4.60766	-0.00378986
4.6079	0.0111478
4.60815	0.0225187
4.60839	0.0166045
4.60864	0.000578273
4.60888	-0.00770266
4.60912	-0.00347306
4.60937	0.00251033
4.60961	0.00222971
4.60986	-0.000784651
4.6101	-0.00149354
4.61035	-0.00116045
4.61059	-0.00141615
4.61084	0.000378535
4.61108	0.00416748
4.61133	0.00303349
4.61157	-0.00668712
4.61182	-0.016583
4.61206	-0.0161585
4.6123	-0.0081892
4.61255	-0.00444127
4.61279	-0.00754599
4.61304	-0.00825032
4.61328	-0.00238497
4.61353	0.00125036
4.61377	-0.00401621
4.61402	-0.00998033
4.61426	-0.00555312
4.61451	0.00525038
4.61475	0.00875791
4.615	0.00207095
4.61524	-0.00363287
4.61548	-0.000965184
4.61573	0.00297454
4.61597	-0.00195893
4.61622	-0.013767
4.61646	-0.0202504
4.61671	-0.0137661
4.61695	-0.000358594
4.6172	0.00625651
4.61744	-0.000385309
4.61769	-0.011498
4.61793	-0.0130115
4.61818	-0.00341589
4.61842	0.00478546
4.61866	0.00373668
4.61891	0.00112223
4.61915	0.00561066
4.6194	0.0111397
4.61964	0.00755201
4.61989	-0.000662605
4.62013	-0.00161288
4.62038	0.00247425
4.62062	-0.00131117
4.62087	-0.0125027
4.62111	-0.0158656
4.62135	-0.00739002
4.6216	-0.00234186
4.62184	-0.0097574
4.62209	-0.0170588
4.62233	-0.0117084
4.62258	-0.00253797
4.62282	-0.00460456
4.62307	-0.0144014
4.62331	-0.016424
4.62356	-0.00732083
4.6238	0.0016761
4.62405	0.00234448
4.62429	-0.00345186
4.62453	-0.0112415
4.62478	-0.0171101
4.62502	-0.0160511
4.62527	-0.00745922
4.62551	6.2495e-05
4.62576	-0.00165585
4.626	-0.00890498
4.62625	-0.0125744
4.62649	-0.0114746
4.62674	-0.00977221
4.62698	-0.00621932
4.62723	0.00252866
4.62747	0.0113805
4.62771	0.0117192
4.62796	0.00523436
4.6282	0.00168414
4.62845	0.00408542
4.62869	0.00683825
4.62894	0.00736547
4.62918	0.00856827
4.62943	0.0101653
4.62967	0.00836774
4.62992	0.00423376
4.63016	0.00238407
4.63041	0.00200295
4.63065	-0.000585703
4.63089	-0.00181341
4.63114	0.00441076
4.63138	0.0123463
4.63163	0.00868856
4.63187	-0.00667144
4.63212	-0.0179037
4.63236	-0.0154345
4.63261	-0.00788961
4.63285	-0.00597388
4.6331	-0.00670909
4.63334	-0.00215996
4.63358	0.00569571
4.63383	0.0085585
4.63407	0.00469846
4.63432	0.000178683
4.63456	0.000137338
4.63481	0.00393455
4.63505	0.00654965
4.6353	0.0026662
4.63554	-0.00708299
4.63579	-0.0137386
4.63603	-0.00959403
4.63628	0.000190598
4.63652	0.00326203
4.63676	-0.00277157
4.63701	-0.00835726
4.63725	-0.00762524
4.6375	-0.00464915
4.63774	-0.00224474
4.63799	0.00248694
4.63823	0.00734404
4.63848	0.00353088
4.63872	-0.0083746
4.63897	-0.0144607
4.63921	-0.00807004
4.63946	-0.001087
4.6397	-0.00412489
4.63994	-0.00877277
4.64019	-0.00333266
4.64043	0.00570501
4.64068	0.00491923
4.64092	-0.00220313
4.64117	-0.00160549
4.64141	0.0063226
4.64166	0.007668
4.6419	-0.000338917
4.64215	-0.00456107
4.64239	0.00182153
4.64264	0.00939636
4.64288	0.00953599
4.64312	0.00667384
4.64337	0.00737281
4.64361	0.00937793
4.64386	0.00830934
4.6441	0.00551327
4.64435	0.00318067
4.64459	4.67203e-05
4.64484	-0.00299214
4.64508	-0.00122769
4.64533	0.00511081
4.64557	0.00845983
4.64581	0.0049051
4.64606	-0.000436684
4.6463	-0.0032711
4.64655	-0.00637681
4.64679	-0.0107188
4.64704	-0.00992282
4.64728	-0.0012147
4.64753	0.00633953
4.64777	0.00337509
4.64802	-0.0060831
4.64826	-0.0109394
4.64851	-0.00803496
4.64875	-0.00280457
4.64899	0.000558687
4.64924	0.0015791
4.64948	-0.000140902
4.64973	-0.00348482
4.64997	-0.00392997
4.65022	0.000218451
4.65046	0.00349893
4.65071	0.00156303
4.65095	-0.00110687
4.6512	0.00086978
4.65144	0.00379962
4.65169	0.00207186
4.65193	-0.000166752
4.65217	0.00416923
4.65242	0.010648
4.65266	0.00863439
4.65291	-0.000935039
4.65315	-0.00671532
4.6534	-0.00565167
4.65364	-0.00611126
4.65389	-0.0103815
4.65413	-0.00926477
4.65438	0.000356632
4.65462	0.00694369
4.65487	0.00211528
4.65511	-0.00492903
4.65535	-0.00173648
4.6556	0.00782561
4.65584	0.0106228
4.65609	0.00486569
4.65633	0.00102976
4.65658	0.00485751
4.65682	0.0110128
4.65707	0.0135245
4.65731	0.0123825
4.65756	0.00821987
4.6578	-0.000577867
4.65805	-0.0117032
4.65829	-0.0164871
4.65853	-0.00925374
4.65878	0.00346911
4.65902	0.00817339
4.65927	-0.000281025
4.65951	-0.0116286
4.65976	-0.0117179
4.66	-0.000287222
4.66025	0.00810379
4.66049	0.00353435
4.66074	-0.00538589
4.66098	-0.00464559
4.66122	0.0036945
4.66147	0.00557718
4.66171	-0.00111633
4.66196	-0.002573
4.6622	0.00706802
4.66245	0.0142528
4.66269	0.00804918
4.66294	-0.000889019
4.66318	0.00237806
4.66343	0.0120125
4.66367	0.0110679
4.66392	-0.000504195
4.66416	-0.00637978
4.6644	-0.000399828
4.66465	0.00575835
4.66489	0.00349282
4.66514	-0.000628929
4.66538	0.00114038
4.66563	0.00518958
4.66587	0.00469874
4.66612	0.000292295
4.66636	-0.00357826
4.66661	-0.00513523
4.66685	-0.00394089
4.6671	-0.000352272
4.66734	0.00110125
4.66758	-0.00401046
4.66783	-0.0105412
4.66807	-0.00838375
4.66832	0.00111228
4.66856	0.00484576
4.66881	-0.00206708
4.66905	-0.00845156
4.6693	-0.00543637
4.66954	-4.56748e-05
4.66979	-0.00172306
4.67003	-0.0068032
4.67028	-0.00739029
4.67052	-0.0058558
4.67076	-0.00798473
4.67101	-0.00943922
4.67125	-0.00273835
4.6715	0.00742551
4.67174	0.00950595
4.67199	0.00291887
4.67223	-0.00231649
4.67248	-0.00211641
4.67272	-0.00204606
4.67297	-0.00456728
4.67321	-0.0047761
4.67345	-0.000689421
4.6737	0.00280719
4.67394	0.00319006
4.67419	0.00433791
4.67443	0.00799889
4.67468	0.00934437
4.67492	0.00510179
4.67517	-0.000266568
4.67541	-0.000826643
4.67566	0.00286462
4.6759	0.00570659
4.67615	0.00501049
4.67639	0.00288744
4.67663	0.00323815
4.67688	0.00718943
4.67712	0.0108747
4.67737	0.00939216
4.67761	0.00397437
4.67786	0.00110605
4.6781	0.00229188
4.67835	0.00118818
4.67859	-0.00427925
4.67884	-0.00536713
4.67908	0.00298374
4.67933	0.00948231
4.67957	0.00195044
4.67981	-0.0104851
4.68006	-0.00805133
4.6803	0.00847953
4.68055	0.0166388
4.68079	0.00568552
4.68104	-0.00816406
4.68128	-0.00818539
4.68153	-0.00118734
4.68177	-0.0022667
4.68202	-0.00947112
4.68226	-0.00955826
4.68251	-0.000409833
4.68275	0.00788241
4.68299	0.00977614
4.68324	0.00865531
4.68348	0.00714002
4.68373	0.00457061
4.68397	0.00221757
4.68422	0.00126344
4.68446	-0.00179077
4.68471	-0.00854559
4.68495	-0.0114399
4.6852	-0.00360006
4.68544	0.00775475
4.68568	0.00983407
4.68593	0.00372363
4.68617	0.00219408
4.68642	0.00894324
4.68666	0.0139269
4.68691	0.0109504
4.68715	0.00607411
4.6874	0.00453805
4.68764	0.00217808
4.68789	-0.00411901
4.68813	-0.00849086
4.68838	-0.00609497
4.68862	-0.00220157
4.68886	-0.00359019
4.68911	-0.00776696
4.68935	-0.00814251
4.6896	-0.00470777
4.68984	-0.00298102
4.69009	-0.00621027
4.69033	-0.0133894
4.69058	-0.0208742
4.69082	-0.0225564
4.69107	-0.0141206
4.69131	-0.000927056
4.69156	0.00475932
4.6918	-0.00117455
4.69204	-0.00907297
4.69229	-0.0096428
4.69253	-0.00599557
4.69278	-0.00543534
4.69302	-0.00729606
4.69327	-0.00724987
4.69351	-0.00660801
4.69376	-0.00758282
4.694	-0.00512225
4.69425	0.0055723
4.69449	0.0173744
4.69474	0.0185142
4.69498	0.00949631
4.69522	0.00188928
4.69547	0.00124776
4.69571	0.002047
4.69596	-0.000177947
4.6962	-0.00250421
4.69645	-0.0025006
4.69669	-0.00276481
4.69694	-0.00437974
4.69718	-0.00407723
4.69743	-0.00147565
4.69767	-0.00181973
4.69791	-0.00730353
4.69816	-0.0117156
4.6984	-0.0084554
4.69865	0.000240593
4.69889	0.00625074
4.69914	0.00527823
4.69938	0.000672357
4.69963	-0.00121752
4.69987	0.0018099
4.70012	0.00496709
4.70036	0.00215758
4.70061	-0.00475207
4.70085	-0.0066287
4.70109	-0.00027356
4.70134	0.00495663
4.70158	0.000322443
4.70183	-0.00809079
4.70207	-0.00804972
4.70232	-0.000126084
4.70256	0.00410196
4.70281	0.0014382
4.70305	0.00124982
4.7033	0.00830322
4.70354	0.0142854
4.70379	0.0112877
4.70403	0.00300799
4.70427	-0.00292286
4.70452	-0.00449812
4.70476	-0.00244567
4.70501	0.00241242
4.70525	0.00379648
4.7055	-0.00698216
4.70574	-0.0252534
4.70599	-0.0313442
4.70623	-0.0149937
4.70648	0.00785368
4.70672	0.0146803
4.70697	0.00546044
4.70721	-0.00147004
4.70745	0.00254723
4.7077	0.00801551
4.70794	0.00592868
4.70819	-0.000179332
4.70843	-0.00400661
4.70868	-0.00563611
4.70892	-0.0055436
4.70917	5.60993e-05
4.70941	0.0106395
4.70966	0.0162723
4.7099	0.00989575
4.71014	-0.000381958
4.71039	-0.000681441
4.71063	0.00924739
4.71088	0.0156616
4.71112	0.0105042
4.71137	0.00180199
4.71161	0.000199439
4.71186	0.00368553
4.7121	0.00372096
4.71235	0.000688931
4.71259	0.00224522
4.71284	0.00814748
4.71308	0.00883428
4.71332	0.00131366
4.71357	-0.00507246
4.71381	-0.00363054
4.71406	-0.000180585
4.7143	-0.00102451
4.71455	-0.00190518
4.71479	0.00146022
4.71504	0.00214271
4.71528	-0.00600051
4.71553	-0.0137564
4.71577	-0.00914256
4.71602	0.00192345
4.71626	0.00447143
4.7165	-0.000589185
4.71675	0.000568041
4.71699	0.00852229
4.71724	0.00835831
4.71748	-0.00374744
4.71773	-0.0122288
4.71797	-0.00716544
4.71822	0.000688797
4.71846	-0.00114083
4.71871	-0.00859645
4.71895	-0.0115652
4.7192	-0.00914266
4.71944	-0.00511603
4.71968	-0.00034026
4.71993	0.00217414
4.72017	-0.00308595
4.72042	-0.011897
4.72066	-0.0111101
4.72091	0.000582499
4.72115	0.00744386
4.7214	0.000915962
4.72164	-0.00703659
4.72189	-0.00526991
4.72213	-0.00102771
4.72237	-0.00312772
4.72262	-0.00483532
4.72286	0.000571031
4.72311	0.00349825
4.72335	-0.0044425
4.7236	-0.0117696
4.72384	-0.00617825
4.72409	0.00177898
4.72433	-0.00348516
4.72458	-0.01358
4.72482	-0.00998858
4.72507	0.00285384
4.72531	0.00526105
4.72555	-0.00330369
4.7258	-0.00544643
4.72604	0.00123815
4.72629	0.000567609
4.72653	-0.0114018
4.72678	-0.018414
4.72702	-0.0118366
4.72727	-0.00317664
4.72751	-0.00265653
4.72776	-0.00570476
4.728	-0.00676899
4.72825	-0.00775381
4.72849	-0.00745131
4.72873	-0.000742174
4.72898	0.00707266
4.72922	0.00371023
4.72947	-0.00788607
4.72971	-0.0103671
4.72996	-0.000462228
4.7302	0.00393396
4.73045	-0.00716624
4.73069	-0.0199314
4.73094	-0.0199641
4.73118	-0.0127415
4.73143	-0.00924425
4.73167	-0.00800493
4.73191	-0.0039942
4.73216	-0.000807412
4.7324	-0.00169569
4.73265	-0.00119931
4.73289	0.00330089
4.73314	0.00420117
4.73338	-0.00196749
4.73363	-0.00583726
4.73387	-0.00133241
4.73412	0.00287475
4.73436	-0.000843536
4.73461	-0.00521937
4.73485	-0.00231158
4.73509	0.00139115
4.73534	-0.00251588
4.73558	-0.0086785
4.73583	-0.00886633
4.73607	-0.00749977
4.73632	-0.0116334
4.73656	-0.0155454
4.73681	-0.0107585
4.73705	-0.00279151
4.7373	-0.00221684
4.73754	-0.00633618
4.73778	-0.00558105
4.73803	-0.00195763
4.73827	-0.00478063
4.73852	-0.0121265
4.73876	-0.0125348
4.73901	-0.00355885
4.73925	0.00518009
4.7395	0.00681398
4.73974	0.0034963
4.73999	-0.00118078
4.74023	-0.00594882
4.74048	-0.00924981
4.74072	-0.0108983
4.74096	-0.0134599
4.74121	-0.0154454
4.74145	-0.00961152
4.7417	0.00367111
4.74194	0.0100277
4.74219	-0.000525857
4.74243	-0.0169809
4.74268	-0.022203
4.74292	-0.0162227
4.74317	-0.00995869
4.74341	-0.00447571
4.74366	0.00486107
4.7439	0.0105043
4.74414	0.0012592
4.74439	-0.0139094
4.74463	-0.013966
4.74488	0.0008022
4.74512	0.00677299
4.74537	-0.00649651
4.74561	-0.0205315
4.74586	-0.0180206
4.7461	-0.00770176
4.74635	-0.00582723
4.74659	-0.0101151
4.74684	-0.00818338
4.74708	0.000416833
4.74732	0.00664088
4.74757	0.00810128
4.74781	0.00859471
4.74806	0.00768962
4.7483	0.0031568
4.74855	-0.00144633
4.74879	-0.00230749
4.74904	-0.00298374
4.74928	-0.00668287
4.74953	-0.00776756
4.74977	-0.00177964
4.75001	0.00345507
4.75026	-0.000461083
4.7505	-0.00658315
4.75075	-0.00337666
4.75099	0.00424126
4.75124	0.00211276
4.75148	-0.00775215
4.75173	-0.00855161
4.75197	0.00308903
4.75222	0.0101595
4.75246	0.00252243
4.75271	-0.00723439
4.75295	-0.00504552
4.75319	0.00333336
4.75344	0.00498082
4.75368	0.00114913
4.75393	0.00139737
4.75417	0.00544859
4.75442	0.00595438
4.75466	0.00357708
4.75491	0.00462151
4.75515	0.0070463
4.7554	0.00294545
4.75564	-0.00630754
4.75589	-0.0103672
4.75613	-0.00548407
4.75637	0.00181479
4.75662	0.0068347
4.75686	0.0109482
4.75711	0.0129034
4.75735	0.00797272
4.7576	-0.00145146
4.75784	-0.00545713
4.75809	-0.000659253
4.75833	0.00510533
4.75858	0.00590291
4.75882	0.00577493
4.75907	0.00896905
4.75931	0.0114096
4.75955	0.00808138
4.7598	0.00164127
4.76004	-0.00227668
4.76029	-0.00271464
4.76053	-0.00170986
4.76078	-0.000214729
4.76102	0.000882498
4.76127	0.000887598
4.76151	0.00233267
4.76176	0.00751371
4.762	0.0112817
4.76224	0.00593826
4.76249	-0.005341
4.76273	-0.010296
4.76298	-0.00523081
4.76322	0.000366111
4.76347	0.000224966
4.76371	-4.85137e-05
4.76396	0.00435372
4.7642	0.00873947
4.76445	0.008979
4.76469	0.00777426
4.76494	0.00498247
4.76518	-0.00420902
4.76542	-0.0147596
4.76567	-0.0120908
4.76591	0.00360041
4.76616	0.0114261
4.7664	0.00100553
4.76665	-0.00930784
4.76689	-0.00228287
4.76714	0.00923773
4.76738	0.00559511
4.76763	-0.00440291
4.76787	0.000769733
4.76812	0.0159881
4.76836	0.0166329
4.7686	-0.000226057
4.76885	-0.0121791
4.76909	-0.00851419
4.76934	-0.00213182
4.76958	-0.0018676
4.76983	-0.000494909
4.77007	0.00399197
4.77032	0.00109643
4.77056	-0.00966664
4.77081	-0.012165
4.77105	0.000506043
4.7713	0.013871
4.77154	0.0153017
4.77178	0.0103885
4.77203	0.0071263
4.77227	0.0030933
4.77252	-0.00163306
4.77276	0.00181863
4.77301	0.0128772
4.77325	0.0156699
4.7735	0.00433032
4.77374	-0.00401417
4.77399	0.00360377
4.77423	0.0133542
4.77447	0.00700151
4.77472	-0.00796598
4.77496	-0.0108427
4.77521	0.000319774
4.77545	0.00969995
4.7757	0.00956586
4.77594	0.0054457
4.77619	-0.00012857
4.77643	-0.00965279
4.77668	-0.0174068
4.77692	-0.012289
4.77717	0.00339786
4.77741	0.0129186
4.77765	0.00755372
4.7779	-0.00193986
4.77814	-0.00219776
4.77839	0.00411145
4.77863	0.00471766
4.77888	-0.00289829
4.77912	-0.00830246
4.77937	-0.00442732
4.77961	0.00135854
4.77986	-0.00170418
4.7801	-0.0102934
4.78035	-0.0102519
4.78059	0.00199961
4.78083	0.0122505
4.78108	0.0086075
4.78132	-0.00129272
4.78157	-0.00292486
4.78181	0.00376965
4.78206	0.00816993
4.7823	0.00738742
4.78255	0.00637218
4.78279	0.00458561
4.78304	-0.0013467
4.78328	-0.0048906
4.78353	0.00302415
4.78377	0.015105
4.78401	0.0143514
4.78426	0.000342403
4.7845	-0.00923338
4.78475	-0.00521174
4.78499	0.00307864
4.78524	0.00675817
4.78548	0.00724005
4.78573	0.00408212
4.78597	-0.00646962
4.78622	-0.0160672
4.78646	-0.00903782
4.7867	0.0105171
4.78695	0.0183399
4.78719	0.00545408
4.78744	-0.00841369
4.78768	-0.00747214
4.78793	-0.00250143
4.78817	-0.0067802
4.78842	-0.0123958
4.78866	-0.00862072
4.78891	-0.00361385
4.78915	-0.00760511
4.7894	-0.0116685
4.78964	-0.00394133
4.78988	0.00791202
4.79013	0.0104763
4.79037	0.0068007
4.79062	0.00523497
4.79086	0.000661142
4.79111	-0.0120912
4.79135	-0.0204404
4.7916	-0.0128181
4.79184	-0.00218499
4.79209	-0.00614073
4.79233	-0.0155122
4.79258	-0.00995232
4.79282	0.00472377
4.79306	0.00464225
4.79331	-0.0115484
4.79355	-0.0203076
4.7938	-0.0114492
4.79404	-0.000841245
4.79429	-0.00140681
4.79453	-0.00630911
4.79478	-0.00644702
4.79502	-0.00335528
4.79527	0.000651523
4.79551	0.00640091
4.79576	0.00804092
4.796	-0.00233182
4.79624	-0.0170108
4.79649	-0.0182956
4.79673	-0.0052787
4.79698	0.00380138
4.79722	-0.000100674
4.79747	-0.00569836
4.79771	-0.00390892
4.79796	-0.00154779
4.7982	-0.00425523
4.79845	-0.0043147
4.79869	0.00374172
4.79893	0.0108312
4.79918	0.00801194
4.79942	0.00107676
4.79967	-0.000144835
4.79991	0.00311004
4.80016	0.00349319
4.8004	-0.000929253
4.80065	-0.00751028
4.80089	-0.0134856
4.80114	-0.0144217
4.80138	-0.00715354
4.80163	0.00156929
4.80187	-7.74354e-05
4.80211	-0.011084
4.80236	-0.0163963
4.8026	-0.00909135
4.80285	-0.000914045
4.80309	-0.00309664
4.80334	-0.00927006
4.80358	-0.00764543
4.80383	0.000296967
4.80407	0.00456738
4.80432	0.00230632
4.80456	-0.00188022
4.80481	-0.00497534
4.80505	-0.00564015
4.80529	-0.00126001
4.80554	0.00627422
4.80578	0.00784809
4.80603	-0.000719463
4.80627	-0.00957969
4.80652	-0.00757179
4.80676	0.00112161
4.80701	0.00350294
4.80725	-0.00286612
4.8075	-0.00801182
4.80774	-0.00530208
4.80799	0.00131369
4.80823	0.00555081
4.80847	0.00509644
4.80872	-0.000520623
4.80896	-0.00958044
4.80921	-0.0149267
4.80945	-0.00985792
4.8097	0.000879566
4.80994	0.00459299
4.81019	-0.00194051
4.81043	-0.00729222
4.81068	-0.00252151
4.81092	0.00511889
4.81116	0.00379304
4.81141	-0.00406637
4.81165	-0.00560143
4.8119	0.00210675
4.81214	0.00746941
4.81239	0.00242596
4.81263	-0.00560653
4.81288	-0.00565066
4.81312	0.00100741
4.81337	0.00481831
4.81361	0.00269134
4.81386	0.000124049
4.8141	0.000884354
4.81434	0.00253264
4.81459	0.0018731
4.81483	-0.00145437
4.81508	-0.00667943
4.81532	-0.011867
4.81557	-0.0129064
4.81581	-0.0077415
4.81606	-0.000479936
4.8163	0.00354183
4.81655	0.00433713
4.81679	0.00364569
4.81704	-0.000673074
4.81728	-0.00859492
4.81752	-0.0115035
4.81777	-0.00325828
4.81801	0.00622009
4.81826	0.00252231
4.8185	-0.0100704
4.81875	-0.0132406
4.81899	-0.00295694
4.81924	0.00490682
4.81948	0.0010657
4.81973	-0.00403598
4.81997	-0.00128108
4.82022	0.00146183
4.82046	-0.0035843
4.8207	-0.00770901
4.82095	-0.00104775
4.82119	0.00861904
4.82144	0.00791331
4.82168	-0.0010096
4.82193	-0.00623439
4.82217	-0.00512735
4.82242	-0.00381186
4.82266	-0.00436286
4.82291	-0.00511452
4.82315	-0.0073714
4.8234	-0.0107304
4.82364	-0.00916404
4.82388	-0.00231196
4.82413	-0.00120964
4.82437	-0.011063
4.82462	-0.0190593
4.82486	-0.0130856
4.82511	-0.00148971
4.82535	0.00160329
4.8256	-0.000514645
4.82584	0.00309892
4.82609	0.00855304
4.82633	0.00541041
4.82657	-0.000939033
4.82682	0.00211298
4.82706	0.0096556
4.82731	0.00682285
4.82755	-0.00334927
4.8278	-0.00451938
4.82804	0.00301599
4.82829	0.00332857
4.82853	-0.00415066
4.82878	-0.00247407
4.82902	0.0101239
4.82927	0.0135671
4.82951	0.000378011
4.82975	-0.0100031
4.83	-0.00346181
4.83024	0.00667209
4.83049	0.00490221
4.83073	-0.00084956
4.83098	0.00306698
4.83122	0.0107414
4.83147	0.00879379
4.83171	0.000289281
4.83196	-0.00277255
4.8322	-0.00094383
4.83245	-0.00293435
4.83269	-0.00709176
4.83293	-0.00469782
4.83318	0.00283638
4.83342	0.00577153
4.83367	0.00229451
4.83391	-0.000661507
4.83416	-0.000970167
4.8344	-0.00321483
4.83465	-0.00771371
4.83489	-0.00867903
4.83514	-0.00424554
4.83538	0.000248631
4.83563	0.000341847
4.83587	-0.00225136
4.83611	-0.00336605
4.83636	-0.00151152
4.8366	0.000870908
4.83685	-0.000348577
4.83709	-0.00579184
4.83734	-0.00966243
4.83758	-0.00658472
4.83783	-0.000974658
4.83807	-0.00187352
4.83832	-0.00746584
4.83856	-0.00537393
4.8388	0.00730691
4.83905	0.0157363
4.83929	0.00747979
4.83954	-0.00845041
4.83978	-0.0134388
4.84003	-0.0039431
4.84027	0.00664921
4.84052	0.00729929
4.84076	0.000307831
4.84101	-0.00574801
4.84125	-0.00603933
4.8415	-0.00249128
4.84174	-0.00154069
4.84198	-0.00736671
4.84223	-0.0145393
4.84247	-0.0122032
4.84272	0.000567523
4.84296	0.0105389
4.84321	0.00773235
4.84345	-0.000247861
4.8437	-0.000161035
4.84394	0.00703356
4.84419	0.00956403
4.84443	0.00389688
4.84468	-0.00210152
4.84492	-0.00379316
4.84516	-0.00518675
4.84541	-0.00845739
4.84565	-0.00931348
4.8459	-0.00613899
4.84614	-0.00418448
4.84639	-0.00633971
4.84663	-0.00777398
4.84688	-0.00462444
4.84712	-0.00105224
4.84737	-0.0020255
4.84761	-0.00476584
4.84786	-0.0037191
4.8481	-7.59168e-05
4.84834	0.000302911
4.84859	-0.00362553
4.84883	-0.00701769
4.84908	-0.00719163
4.84932	-0.00704552
4.84957	-0.00903087
4.84981	-0.0101667
4.85006	-0.0060501
4.8503	0.00222485
4.85055	0.00823569
4.85079	0.0073342
4.85103	0.00164579
4.85128	-0.00288733
4.85152	-0.00327884
4.85177	-0.00164605
4.85201	-0.0007365
4.85226	0.00017854
4.8525	0.0029209
4.85275	0.00562553
4.85299	0.00417724
4.85324	-0.0011571
4.85348	-0.00476597
4.85373	-0.00388265
4.85397	-0.00371301
4.85421	-0.00938125
4.85446	-0.0154233
4.8547	-0.0110403
4.85495	0.00323639
4.85519	0.0124864
4.85544	0.00608936
4.85568	-0.00709372
4.85593	-0.0102186
4.85617	-0.00133611
4.85642	0.00509155
4.85666	-0.000554681
4.85691	-0.0104096
4.85715	-0.0117789
4.85739	-0.00448964
4.85764	0.00118612
4.85788	-0.000430454
4.85813	-0.00479811
4.85837	-0.0057064
4.85862	-0.00340662
4.85886	-0.0024086
4.85911	-0.00445911
4.85935	-0.00648502
4.8596	-0.0053072
4.85984	-0.00236468
4.86009	-0.00167368
4.86033	-0.00354422
4.86057	-0.00406846
4.86082	-0.00252064
4.86106	-0.00435629
4.86131	-0.0120123
4.86155	-0.0170492
4.8618	-0.00944553
4.86204	0.00694591
4.86229	0.0171445
4.86253	0.0140943
4.86278	0.00640876
4.86302	0.00468839
4.86326	0.00824791
4.86351	0.0096357
4.86375	0.00580337
4.864	-4.4546e-05
4.86424	-0.00336001
4.86449	-0.00173861
4.86473	0.00265558
4.86498	0.00289143
4.86522	-0.00529829
4.86547	-0.0154164
4.86571	-0.0166062
4.86596	-0.00882049
4.8662	-0.00283612
4.86644	-0.00370376
4.86669	-0.00488034
4.86693	-0.00214903
4.86718	-0.00135386
4.86742	-0.00603664
4.86767	-0.00898739
4.86791	-0.00460516
4.86816	0.000711065
4.8684	0.000160744
4.86865	-0.00124232
4.86889	0.00280995
4.86914	0.00614333
4.86938	1.93108e-05
4.86962	-0.00988166
4.86987	-0.0106407
4.87011	-0.00229625
4.87036	0.00314779
4.8706	0.00107024
4.87085	-0.00104081
4.87109	0.00121054
4.87134	0.00176217
4.87158	-0.00460435
4.87183	-0.0129379
4.87207	-0.0147054
4.87232	-0.00833974
4.87256	0.000147186
4.8728	0.00444509
4.87305	0.0041772
4.87329	0.00426278
4.87354	0.00726788
4.87378	0.00802104
4.87403	0.000897316
4.87427	-0.00889519
4.87452	-0.0103323
4.87476	-0.00365807
4.87501	-0.000807164
4.87525	-0.00543152
4.87549	-0.00627191
4.87574	0.00268098
4.87598	0.00997662
4.87623	0.0053135
4.87647	-0.00321265
4.87672	-0.00380193
4.87696	-0.000551249
4.87721	-0.00294805
4.87745	-0.0068901
4.8777	-0.00380002
4.87794	0.000479109
4.87819	-0.00493298
4.87843	-0.0145184
4.87867	-0.014193
4.87892	-0.00572285
4.87916	-0.00310353
4.87941	-0.0075779
4.87965	-0.00691605
4.8799	0.00117871
4.88014	0.00529097
4.88039	0.00126608
4.88063	-0.00208461
4.88088	-0.00069993
4.88112	-0.000909481
4.88137	-0.00458425
4.88161	-0.00558952
4.88185	-0.00366946
4.8821	-0.00497169
4.88234	-0.00645872
4.88259	0.00200569
4.88283	0.0164825
4.88308	0.0189063
4.88332	0.00403856
4.88357	-0.0117717
4.88381	-0.0157091
4.88406	-0.0143055
4.8843	-0.0156437
4.88455	-0.0139763
4.88479	-0.00407651
4.88503	0.00454537
4.88528	0.00163343
4.88552	-0.00705219
4.88577	-0.00986828
4.88601	-0.00696542
4.88626	-0.00598008
4.8865	-0.00771949
4.88675	-0.00724212
4.88699	-0.00368396
4.88724	-3.41816e-05
4.88748	0.00220547
4.88772	0.00184729
4.88797	-0.00278317
4.88821	-0.0084351
4.88846	-0.00776924
4.8887	-0.000435044
4.88895	0.00454465
4.88919	0.00223727
4.88944	-0.00108752
4.88968	0.000448048
4.88993	0.00307578
4.89017	0.0019301
4.89042	-0.000552482
4.89066	-0.00172445
4.8909	-0.00501658
4.89115	-0.0113929
4.89139	-0.0134465
4.89164	-0.00683541
4.89188	0.000280124
4.89213	-0.00133465
4.89237	-0.00779449
4.89262	-0.0090418
4.89286	-0.004532
4.89311	-0.00186623
4.89335	-0.00338808
4.8936	-0.00419979
4.89384	-0.0024089
4.89408	-0.00257114
4.89433	-0.00754895
4.89457	-0.0130079
4.89482	-0.0127778
4.89506	-0.00714584
4.89531	-0.00299058
4.89555	-0.00474335
4.8958	-0.0071629
4.89604	-0.001928
4.89629	0.00807446
4.89653	0.0094629
4.89678	-0.00140274
4.89702	-0.00888922
4.89726	0.000125469
4.89751	0.013567
4.89775	0.00959783
4.898	-0.0100934
4.89824	-0.021909
4.89849	-0.0152815
4.89873	-0.00568887
4.89898	-0.0077824
4.89922	-0.0147441
4.89947	-0.0137565
4.89971	-0.00614352
4.89996	-0.00063033
4.9002	0.00156157
4.90044	0.00380601
4.90069	0.00531049
4.90093	0.00470044
4.90118	0.00476235
4.90142	0.00621352
4.90167	0.00450033
4.90191	-0.00109296
4.90216	-0.00367066
4.9024	0.000204519
4.90265	0.00458304
4.90289	0.00445734
4.90313	0.00228069
4.90338	-0.000557789
4.90362	-0.00721171
4.90387	-0.0145432
4.90411	-0.0116982
4.90436	0.00231643
4.9046	0.0119674
4.90485	0.00611192
4.90509	-0.00528142
4.90534	-0.00608762
4.90558	0.00350177
4.90583	0.0104042
4.90607	0.00730958
4.90631	-0.00198628
4.90656	-0.0102846
4.9068	-0.0122338
4.90705	-0.00714044
4.90729	-0.00138854
4.90754	-0.00158398
4.90778	-0.00340337
4.90803	0.0022867
4.90827	0.0110613
4.90852	0.00836225
4.90876	-0.00482555
4.90901	-0.0088814
4.90925	0.00340475
4.90949	0.0130499
4.90974	0.00531926
4.90998	-0.00601162
4.91023	-0.00270892
4.91047	0.00736024
4.91072	0.00569082
4.91096	-0.00456566
4.91121	-0.00596459
4.91145	0.00262872
4.9117	0.00706406
4.91194	0.00449147
4.91219	0.00568721
4.91243	0.0125772
4.91267	0.0147371
4.91292	0.0089586
4.91316	0.00371815
4.91341	0.0027955
4.91365	0.000899336
4.9139	-0.00309207
4.91414	-0.00368298
4.91439	-0.000919211
4.91463	-0.00119605
4.91488	-0.00496547
4.91512	-0.00628703
4.91536	-0.00468183
4.91561	-0.00506367
4.91585	-0.00662105
4.9161	-0.00434252
4.91634	-0.000465038
4.91659	-0.00146114
4.91683	-0.0051024
4.91708	-0.00393372
4.91732	-3.77433e-06
4.91757	-0.00173467
4.91781	-0.00733915
4.91806	-0.00654499
4.9183	0.00140118
4.91854	0.00659937
4.91879	0.00538702
4.91903	0.00309757
4.91928	0.00036157
4.91952	-0.00645407
4.91977	-0.0109373
4.92001	-0.00186292
4.92026	0.0145401
4.9205	0.0175125
4.92075	0.00248936
4.92099	-0.0109039
4.92124	-0.00930127
4.92148	-0.00374528
4.92172	-0.0062135
4.92197	-0.00805259
4.92221	0.00161401
4.92246	0.0123425
4.9227	0.00758873
4.92295	-0.00699388
4.92319	-0.0113487
4.92344	-0.00188406
4.92368	0.00509609
4.92393	-0.000281585
4.92417	-0.00940128
4.92442	-0.0117688
4.92466	-0.00890983
4.9249	-0.00693159
4.92515	-0.006463
4.92539	-0.00538715
4.92564	-0.00358687
4.92588	-0.000522511
4.92613	0.00532513
4.92637	0.0110675
4.92662	0.0100506
4.92686	0.00198653
4.92711	-0.00372825
4.92735	9.7334e-05
4.92759	0.00814238
4.92784	0.0098896
4.92808	0.00342046
4.92833	-0.00423347
4.92857	-0.00773417
4.92882	-0.00756461
4.92906	-0.0050532
4.92931	-0.000854584
4.92955	0.00149475
4.9298	-0.00152773
4.93004	-0.00535842
4.93029	-0.000744601
4.93053	0.0111095
4.93077	0.0159963
4.93102	0.00600419
4.93126	-0.00714181
4.93151	-0.00781221
4.93175	0.00127224
4.932	0.00473996
4.93224	-0.00186988
4.93249	-0.00824677
4.93273	-0.00763013
4.93298	-0.00447342
4.93322	-0.00247833
4.93347	0.000864663
4.93371	0.0045611
4.93395	0.00270457
4.9342	-0.00279711
4.93444	-0.00179944
4.93469	0.00633312
4.93493	0.00898818
4.93518	0.00144676
4.93542	-0.00358184
4.93567	0.00250534
4.93591	0.00854713
4.93616	0.00296718
4.9364	-0.00529278
4.93665	-0.00198986
4.93689	0.00748745
4.93713	0.00732688
4.93738	-0.00233831
4.93762	-0.00785751
4.93787	-0.00612337
4.93811	-0.00657752
4.93836	-0.0109867
4.9386	-0.0102866
4.93885	-0.002675
4.93909	0.00228706
4.93934	0.000240702
4.93958	-0.00229817
4.93982	-0.00125904
4.94007	0.000124322
4.94031	0.00194786
4.94056	0.00860833
4.9408	0.0160969
4.94105	0.01304
4.94129	-0.000861852
4.94154	-0.011106
4.94178	-0.00863339
4.94203	-0.00113939
4.94227	0.00156608
4.94252	0.00072923
4.94276	0.000199508
4.943	-0.00285411
4.94325	-0.00981614
4.94349	-0.0134604
4.94374	-0.00867214
4.94398	-0.00243215
4.94423	-0.00385022
4.94447	-0.0107102
4.94472	-0.0144643
4.94496	-0.01283
4.94521	-0.00908777
4.94545	-0.00405941
4.9457	0.00244535
4.94594	0.00600144
4.94618	0.00212265
4.94643	-0.00541044
4.94667	-0.00829369
4.94692	-0.005011
4.94716	-0.00215676
4.94741	-0.00457972
4.94765	-0.00945277
4.9479	-0.011054
4.94814	-0.00778609
4.94839	-0.00306344
4.94863	-0.0010166
4.94888	-0.00263305
4.94912	-0.00614375
4.94936	-0.0102206
4.94961	-0.0144537
4.94985	-0.016246
4.9501	-0.0116212
4.95034	-0.00240402
4.95059	0.00218269
4.95083	-0.00298561
4.95108	-0.00994946
4.95132	-0.00814877
4.95157	-0.000595275
4.95181	0.000674223
4.95205	-0.00612159
4.9523	-0.00991382
4.95254	-0.00515185
4.95279	-0.000335309
4.95303	-0.00325728
4.95328	-0.00881477
4.95352	-0.00872236
4.95377	-0.00436877
4.95401	-0.00186636
4.95426	-0.00157077
4.9545	-0.00100125
4.95475	-0.00212254
4.95499	-0.00662363
4.95523	-0.00871263
4.95548	-0.00237464
4.95572	0.00704542
4.95597	0.00836466
4.95621	0.000787773
4.95646	-0.00479475
4.9567	-0.00168044
4.95695	0.00423254
4.95719	0.00490686
4.95744	0.00154077
4.95768	0.000359318
4.95793	0.00212384
4.95817	0.0023435
4.95841	-3.20684e-05
4.95866	-0.000651653
4.9589	0.00241905
4.95915	0.00424063
4.95939	-0.00010348
4.95964	-0.00734525
4.95988	-0.00947782
4.96013	-0.00425074
4.96037	0.00257696
4.96062	0.00559103
4.96086	0.00511441
4.96111	0.00296527
4.96135	-0.00150953
4.96159	-0.00798458
4.96184	-0.0127177
4.96208	-0.0134811
4.96233	-0.0125461
4.96257	-0.0110049
4.96282	-0.00579211
4.96306	0.00227862
4.96331	0.00413123
4.96355	-0.00527278
4.9638	-0.0153262
4.96404	-0.0116608
4.96428	0.00249676
4.96453	0.00905907
4.96477	0.000385979
4.96502	-0.00993401
4.96526	-0.00632555
4.96551	0.00811157
4.96575	0.0170961
4.966	0.0117684
4.96624	-0.000964985
4.96649	-0.00859656
4.96673	-0.0066122
4.96698	-0.00143185
4.96722	-0.00122898
4.96746	-0.00520865
4.96771	-0.00518587
4.96795	0.00118887
4.9682	0.00497856
4.96844	-0.000913388
4.96869	-0.00937728
4.96893	-0.00894304
4.96918	-0.0015073
4.96942	0.00141618
4.96967	-0.00200453
4.96991	-0.00184343
4.97016	0.00524826
4.9704	0.00940381
4.97064	0.00376106
4.97089	-0.00491088
4.97113	-0.00818291
4.97138	-0.00802844
4.97162	-0.00957364
4.97187	-0.0110628
4.97211	-0.00937401
4.97236	-0.00780566
4.9726	-0.00951427
4.97285	-0.00942181
4.97309	-0.00180845
4.97334	0.00855249
4.97358	0.0116352
4.97382	0.00557143
4.97407	-0.00280664
4.97431	-0.00816974
4.97456	-0.0100297
4.9748	-0.00811127
4.97505	-0.0022839
4.97529	0.00314126
4.97554	0.00186407
4.97578	-0.00615572
4.97603	-0.013363
4.97627	-0.0130263
4.97652	-0.00658697
4.97676	-0.0017978
4.977	-0.00461402
4.97725	-0.0127783
4.97749	-0.0174496
4.97774	-0.0124971
4.97798	-0.0017122
4.97823	0.00552609
4.97847	0.00487068
4.97872	-2.44982e-05
4.97896	-0.0038435
4.97921	-0.00423499
4.97945	-0.00116575
4.97969	0.00291266
4.97994	0.00331979
4.98018	-0.000395553
4.98043	-0.000533746
4.98067	0.00784222
4.98092	0.014824
4.98116	0.00686374
4.98141	-0.0104263
4.98165	-0.0161393
4.9819	-0.00429875
4.98214	0.00663025
4.98239	0.00247727
4.98263	-0.00531807
4.98287	-0.000425913
4.98312	0.01091
4.98336	0.0110081
4.98361	-0.000255319
4.98385	-0.00716699
4.9841	-0.00406653
4.98434	-0.000391372
4.98459	-0.00112217
4.98483	-0.00034507
4.98508	0.00401011
4.98532	0.00559129
4.98557	0.00332248
4.98581	0.00456236
4.98605	0.00973522
4.9863	0.00834381
4.98654	-0.00291419
4.98679	-0.0114805
4.98703	-0.00748063
4.98728	0.000431238
4.98752	-0.00133129
4.98777	-0.010576
4.98801	-0.0142197
4.98826	-0.00841151
4.9885	-0.00158891
4.98875	0.000219559
4.98899	-2.8863e-05
4.98923	0.0011922
4.98948	0.00231241
4.98972	0.00152031
4.98997	0.000252706
4.99021	-0.000473848
4.99046	-0.00188663
4.9907	-0.00376598
4.99095	-0.00386889
4.99119	-0.00265043
4.99144	-0.00333578
4.99168	-0.00524319
4.99192	-0.00286676
4.99217	0.00461332
4.99241	0.0088082
4.99266	0.00331227
4.9929	-0.0050694
4.99315	-0.00451605
4.99339	0.00445718
4.99364	0.00934298
4.99388	0.0038964
4.99413	-0.00389269
4.99437	-0.00558517
4.99462	-0.00415439
4.99486	-0.00552998
4.9951	-0.00700231
4.99535	-0.00355563
4.99559	0.000811544
4.99584	-0.000521527
4.99608	-0.0034791
4.99633	0.000854924
4.99657	0.0089832
4.99682	0.00778436
4.99706	-0.00422533
4.99731	-0.0127923
4.99755	-0.00958074
4.9978	-0.00429951
4.99804	-0.00762502
4.99828	-0.0141039
4.99853	-0.0124818
4.99877	-0.00391999
4.99902	0.00168603
4.99926	0.00159
4.99951	0.00117319
4.99975	0.00291087
5.0	0.0046342
5.00024	0.00608924
5.00049	0.00781138
5.00073	0.00576122
5.00098	-0.00348222
5.00122	-0.0136128
5.00146	-0.0140626
5.00171	-0.00455623
5.00195	0.00410727
5.0022	0.00436561
5.00244	-0.000358129
5.00269	-0.00295109
5.00293	-0.000997586
5.00318	0.00318056
5.00342	0.00542357
5.00367	0.00222836
5.00391	-0.00500272
5.00415	-0.00885229
5.0044	-0.00383673
5.00464	0.00582898
5.00489	0.0112863
5.00513	0.00944836
5.00538	0.00286045
5.00562	-0.00688876
5.00587	-0.0172971
5.00611	-0.0200064
5.00636	-0.00895719
5.0066	0.00699695
5.00685	0.0112088
5.00709	0.000817551
5.00733	-0.00969948
5.00758	-0.00949357
5.00782	-0.00454532
5.00807	-0.0046425
5.00831	-0.00809825
5.00856	-0.00795336
5.0088	-0.00519566
5.00905	-0.00567089
5.00929	-0.00852566
5.00954	-0.00768726
5.00978	-0.00307104
5.01003	-0.00152202
5.01027	-0.00597418
5.01051	-0.0105012
5.01076	-0.0082995
5.011	-0.000435683
5.01125	0.00567838
5.01149	0.0047149
5.01174	-0.00108422
5.01198	-0.00466234
5.01223	-0.00241918
5.01247	0.00106716
5.01272	-0.00124078
5.01296	-0.00861917
5.01321	-0.0119804
5.01345	-0.00551574
5.01369	0.00464796
5.01394	0.00740002
5.01418	0.000676534
5.01443	-0.00592886
5.01467	-0.00349075
5.01492	0.00477179
5.01516	0.00759605
5.01541	0.000436393
5.01565	-0.008207
5.0159	-0.00798989
5.01614	-0.000692816
5.01638	0.0033161
5.01663	0.00147523
5.01687	0.00261021
5.01712	0.0106968
5.01736	0.0150998
5.01761	0.00606918
5.01785	-0.00745536
5.0181	-0.00833023
5.01834	0.00353896
5.01859	0.0104925
5.01883	0.00289987
5.01908	-0.00785494
5.01932	-0.00712703
5.01956	0.00369415
5.01981	0.0129506
5.02005	0.0150547
5.0203	0.0128475
5.02054	0.00973263
5.02079	0.0072879
5.02103	0.00667032
5.02128	0.00616831
5.02152	0.0013419
5.02177	-0.00710854
5.02201	-0.0107128
5.02226	-0.00473824
5.0225	0.00289661
5.02274	0.00192397
5.02299	-0.00532767
5.02323	-0.008167
5.02348	-0.00394917
5.02372	-0.000414761
5.02397	-0.00186424
5.02421	-0.00263728
5.02446	0.0026437
5.0247	0.00957733
5.02495	0.00953189
5.02519	0.00132586
5.02544	-0.00657974
5.02568	-0.00524277
5.02592	0.00458645
5.02617	0.0121214
5.02641	0.00806365
5.02666	-0.00374484
5.0269	-0.0103284
5.02715	-0.00651082
5.02739	-0.00157615
5.02764	-0.00479506
5.02788	-0.0114177
5.02813	-0.0112688
5.02837	-0.00584333
5.02861	-0.00552373
5.02886	-0.0118185
5.0291	-0.0148487
5.02935	-0.0100279
5.02959	-0.0050867
5.02984	-0.00586667
5.03008	-0.0062576
5.03033	4.78177e-05
5.03057	0.00666325
5.03082	0.0034409
5.03106	-0.00701038
5.03131	-0.0122765
5.03155	-0.0075844
5.03179	-0.000552573
5.03204	0.00178738
5.03228	0.00175028
5.03253	0.00402167
5.03277	0.00704872
5.03302	0.00612548
5.03326	0.00109677
5.03351	-0.00346147
5.03375	-0.00385348
5.034	0.000152509
5.03424	0.006743
5.03449	0.0128565
5.03473	0.0144243
5.03497	0.009234
5.03522	0.000236466
5.03546	-0.00630528
5.03571	-0.00701732
5.03595	-0.00414634
5.0362	-0.00134151
5.03644	0.00106604
5.03669	0.00439744
5.03693	0.00718247
5.03718	0.00637366
5.03742	0.00310581
5.03767	0.0027337
5.03791	0.00687031
5.03815	0.00949229
5.0384	0.00519936
5.03864	-0.00165848
5.03889	-0.00207569
5.03913	0.00442623
5.03938	0.0086132
5.03962	0.00490318
5.03987	-0.000931152
5.04011	-0.00108782
5.04036	0.0032197
5.0406	0.00572267
5.04084	0.00544747
5.04109	0.0056835
5.04133	0.00506564
5.04158	-0.00152804
5.04182	-0.0123365
5.04207	-0.0171954
5.04231	-0.0105464
5.04256	-5.06358e-05
5.0428	0.00283651
5.04305	-0.00306539
5.04329	-0.00940804
5.04354	-0.0106985
5.04378	-0.00984375
5.04402	-0.0113451
5.04427	-0.0144624
5.04451	-0.0155345
5.04476	-0.0136898
5.045	-0.010916
5.04525	-0.00764039
5.04549	-0.00168343
5.04574	0.00720425
5.04598	0.0140587
5.04623	0.0130817
5.04647	0.00542639
5.04672	-0.000672656
5.04696	0.000452919
5.0472	0.00499271
5.04745	0.00579941
5.04769	0.00275184
5.04794	0.0013423
5.04818	0.00209228
5.04843	-0.000973816
5.04867	-0.00923481
5.04892	-0.0144902
5.04916	-0.0102256
5.04941	-0.00211489
5.04965	-0.000503765
5.0499	-0.00598312
5.05014	-0.00967547
5.05038	-0.00623174
5.05063	0.000380383
5.05087	0.0040205
5.05112	0.00346411
5.05136	0.00166876
5.05161	0.00231955
5.05185	0.00722751
5.0521	0.0135937
5.05234	0.0150511
5.05259	0.00956459
5.05283	0.00402476
5.05307	0.00533617
5.05332	0.00946999
5.05356	0.00713419
5.05381	-0.00113404
5.05405	-0.00518677
5.0543	-0.00131869
5.05454	0.00221273
5.05479	-0.000802402
5.05503	-0.00476966
5.05528	-0.00251114
5.05552	0.00272384
5.05577	0.00312611
5.05601	-0.000994875
5.05625	-0.0020417
5.0565	0.00390218
5.05674	0.0128137
5.05699	0.0179868
5.05723	0.0158806
5.05748	0.00868138
5.05772	0.00332444
5.05797	0.00496063
5.05821	0.01002
5.05846	0.010294
5.0587	0.00498415
5.05895	0.00194648
5.05919	0.00479939
5.05943	0.00726166
5.05968	0.00470835
5.05992	0.00245029
5.06017	0.00589865
5.06041	0.0107539
5.06066	0.0110275
5.0609	0.00931412
5.06115	0.0101249
5.06139	0.0102079
5.06164	0.00577007
5.06188	0.00264699
5.06213	0.00734862
5.06237	0.01336
5.06261	0.00956801
5.06286	-0.00134827
5.0631	-0.00663046
5.06335	-0.00322767
5.06359	0.000345851
5.06384	0.000840502
5.06408	0.00376559
5.06433	0.00891028
5.06457	0.00772211
5.06482	-0.00121032
5.06506	-0.00815698
5.06531	-0.00834111
5.06555	-0.00836074
5.06579	-0.0111988
5.06604	-0.0093683
5.06628	-0.000888051
5.06653	0.00254635
5.06677	-0.00529678
5.06702	-0.010974
5.06726	-0.00123282
5.06751	0.0129354
5.06775	0.0102675
5.068	-0.00762129
5.06824	-0.016558
5.06848	-0.00475739
5.06873	0.0105871
5.06897	0.00911707
5.06922	-0.00446391
5.06946	-0.0100658
5.06971	-0.00204704
5.06995	0.00497721
5.0702	-0.000540479
5.07044	-0.0107274
5.07069	-0.0109411
5.07093	-0.000580936
5.07118	0.00754799
5.07142	0.00563784
5.07166	-0.000630928
5.07191	-0.00307658
5.07215	-0.00205858
5.0724	-0.00214021
5.07264	-0.00327432
5.07289	-0.00275336
5.07313	-0.00189639
5.07338	-0.00381308
5.07362	-0.00646018
5.07387	-0.00442629
5.07411	0.00299417
5.07436	0.0108109
5.0746	0.014724
5.07484	0.0138019
5.07509	0.00810662
5.07533	-0.000980909
5.07558	-0.00889628
5.07582	-0.0116344
5.07607	-0.0110372
5.07631	-0.0118934
5.07656	-0.0146815
5.0768	-0.0155465
5.07705	-0.0121907
5.07729	-0.00564645
5.07754	0.00180278
5.07778	0.00646154
5.07802	0.00426733
5.07827	-0.00326444
5.07851	-0.00817355
5.07876	-0.00631254
5.079	-0.00321408
5.07925	-0.00378566
5.07949	-0.00350302
5.07974	0.00149443
5.07998	0.00389054
5.08023	-0.00295804
5.08047	-0.010192
5.08071	-0.00572807
5.08096	0.00439762
5.0812	0.00463363
5.08145	-0.0037689
5.08169	-0.00486744
5.08194	0.00418545
5.08218	0.00865051
5.08243	0.00251495
5.08267	-0.00171701
5.08292	0.00389732
5.08316	0.00928794
5.08341	0.00497011
5.08365	-0.00279597
5.08389	-0.00497
5.08414	-0.00302065
5.08438	-0.000651938
5.08463	0.00326122
5.08487	0.0056267
5.08512	-0.00151733
5.08536	-0.0144977
5.08561	-0.0172427
5.08585	-0.00581115
5.0861	0.00375115
5.08634	0.00165273
5.08659	-0.00092627
5.08683	0.00467987
5.08707	0.00734446
5.08732	-0.00170418
5.08756	-0.00978399
5.08781	-0.00503376
5.08805	0.00105856
5.0883	-0.00498133
5.08854	-0.0125456
5.08879	-0.00668434
5.08903	0.0024052
5.08928	-0.00278898
5.08952	-0.0136043
5.08977	-0.00992042
5.09001	0.00227287
5.09025	0.000922547
5.0905	-0.0110604
5.09074	-0.00959068
5.09099	0.00722901
5.09123	0.0145177
5.09148	0.00310828
5.09172	-0.00702351
5.09197	-0.00373671
5.09221	-0.00118656
5.09246	-0.00928655
5.0927	-0.0141228
5.09294	-0.00470774
5.09319	0.00585
5.09343	0.00346745
5.09368	-0.00385954
5.09392	-0.00375591
5.09417	-0.00145653
5.09441	-0.00587632
5.09466	-0.0101726
5.0949	-0.00499003
5.09515	0.00250539
5.09539	0.00124512
5.09564	-0.00389838
5.09588	-0.00295382
5.09612	-0.000906046
5.09637	-0.00787986
5.09661	-0.0174903
5.09686	-0.0146761
5.0971	-0.000618217
5.09735	0.00839989
5.09759	0.00522791
5.09784	-0.00105766
5.09808	-0.00196838
5.09833	0.000591796
5.09857	0.00237159
5.09882	0.00302785
5.09906	0.00279169
5.0993	0.00155803
5.09955	0.0016631
5.09979	0.00458951
5.10004	0.00650666
5.10028	0.00397094
5.10053	0.000862756
5.10077	0.00176061
5.10102	0.00238173
5.10126	-0.00369386
5.10151	-0.0118977
5.10175	-0.0112417
5.102	-0.000946981
5.10224	0.00797976
5.10248	0.00790825
5.10273	0.00192752
5.10297	-0.00405194
5.10322	-0.0070352
5.10346	-0.00440546
5.10371	0.00429366
5.10395	0.0114855
5.1042	0.00753038
5.10444	-0.00464753
5.10469	-0.010749
5.10493	-0.00479485
5.10517	0.00242836
5.10542	0.000433799
5.10566	-0.00530408
5.10591	-0.00366362
5.10615	0.00388339
5.1064	0.0067642
5.10664	0.0029166
5.10689	0.000694526
5.10713	0.00360315
5.10738	0.00489308
5.10762	0.000363555
5.10787	-0.00367485
5.10811	-0.000882096
5.10835	0.0045741
5.1086	0.00512263
5.10884	0.00169287
5.10909	0.000594172
5.10933	0.0023455
5.10958	0.0022009
5.10982	-0.000147623
5.11007	-0.000204807
5.11031	0.0020931
5.11056	0.0014398
5.1108	-0.0030366
5.11105	-0.00512441
5.11129	-0.00162458
5.11153	0.0022105
5.11178	0.00128317
5.11202	-0.00156189
5.11227	-0.000961222
5.11251	0.00272712
5.11276	0.00511005
5.113	0.00393857
5.11325	0.000122095
5.11349	-0.00400094
5.11374	-0.00525684
5.11398	-0.00254601
5.11423	-4.55533e-05
5.11447	-0.00184107
5.11471	-0.00339058
5.11496	0.00301561
5.1152	0.0133513
5.11545	0.0140537
5.11569	0.00287218
5.11594	-0.00564809
5.11618	-0.00244185
5.11643	0.00207364
5.11667	-0.00327656
5.11692	-0.0111691
5.11716	-0.00960958
5.1174	-0.00352933
5.11765	-0.00498774
5.11789	-0.0101558
5.11814	-0.0056993
5.11838	0.00641931
5.11863	0.0106303
5.11887	0.0031628
5.11912	-0.00354774
5.11936	-0.00312783
5.11961	-0.00314456
5.11985	-0.00705606
5.1201	-0.006424
5.12034	0.00216858
5.12058	0.00831207
5.12083	0.00468089
5.12107	-0.000282803
5.12132	0.00374114
5.12156	0.0124207
5.12181	0.014029
5.12205	0.00641228
5.1223	-0.00214658
5.12254	-0.00524687
5.12279	-0.00487509
5.12303	-0.00683502
5.12328	-0.0125743
5.12352	-0.0156148
5.12376	-0.00855193
5.12401	0.00428679
5.12425	0.00795151
5.1245	-0.00272123
5.12474	-0.0122447
5.12499	-0.00569234
5.12523	0.00745055
5.12548	0.00742014
5.12572	-0.00369771
5.12597	-0.0053067
5.12621	0.00721344
5.12646	0.014742
5.1267	0.00585981
5.12694	-0.00638691
5.12719	-0.00819987
5.12743	-0.00535493
5.12768	-0.00793567
5.12792	-0.0122057
5.12817	-0.0112727
5.12841	-0.00933271
5.12866	-0.0113953
5.1289	-0.0112043
5.12915	-0.00300177
5.12939	0.00572086
5.12963	0.00636943
5.12988	0.00360979
5.13012	0.00450754
5.13037	0.00401407
5.13061	-0.00423572
5.13086	-0.0124704
5.1311	-0.0101779
5.13135	-0.003161
5.13159	-0.00431876
5.13184	-0.0109747
5.13208	-0.00896386
5.13233	0.00290269
5.13257	0.00937053
5.13281	0.00123179
5.13306	-0.0124324
5.1333	-0.0177452
5.13355	-0.0117482
5.13379	-0.00157836
5.13404	0.0049126
5.13428	0.00537302
5.13453	0.00385975
5.13477	0.00550223
5.13502	0.00838844
5.13526	0.00516821
5.13551	-0.00414735
5.13575	-0.00857693
5.13599	-0.00173011
5.13624	0.00694243
5.13648	0.00559893
5.13673	-0.00227163
5.13697	-0.00460988
5.13722	0.000201694
5.13746	0.00357199
5.13771	0.00273789
5.13795	0.00347336
5.1382	0.00710379
5.13844	0.00708913
5.13869	0.000921886
5.13893	-0.00446017
5.13917	-0.0027776
5.13942	0.00316501
5.13966	0.00653071
5.13991	0.00487709
5.14015	0.000783668
5.1404	-0.00254885
5.14064	-0.00412212
5.14089	-0.0049056
5.14113	-0.00545872
5.14138	-0.00428111
5.14162	-0.000655619
5.14187	0.00163699
5.14211	-0.00177147
5.14235	-0.00805775
5.1426	-0.00988128
5.14284	-0.006942
5.14309	-0.0065637
5.14333	-0.0101941
5.14358	-0.00931764
5.14382	-9.80803e-05
5.14407	0.00812068
5.14431	0.00685265
5.14456	0.00180352
5.1448	0.00250908
5.14504	0.00646889
5.14529	0.00468697
5.14553	-0.00269891
5.14578	-0.00779259
5.14602	-0.00833018
5.14627	-0.00902933
5.14651	-0.0115261
5.14676	-0.0119224
5.147	-0.00729875
5.14725	0.0016127
5.14749	0.0115538
5.14774	0.0158557
5.14798	0.00827328
5.14822	-0.00636591
5.14847	-0.0130578
5.14871	-0.00596652
5.14896	0.00192496
5.1492	-0.00150819
5.14945	-0.00810644
5.14969	-0.00366293
5.14994	0.00698602
5.15018	0.00727355
5.15043	-0.00304518
5.15067	-0.00704742
5.15092	0.00134654
5.15116	0.00747892
5.1514	-0.000405277
5.15165	-0.0132397
5.15189	-0.0151655
5.15214	-0.00450135
5.15238	0.00752671
5.15263	0.0116321
5.15287	0.00744009
5.15312	0.000792639
5.15336	-0.00121721
5.15361	0.00359346
5.15385	0.00904745
5.1541	0.00751216
5.15434	0.000559001
5.15458	-0.00313955
5.15483	-0.000738019
5.15507	0.00143066
5.15532	-0.000993763
5.15556	-0.00370546
5.15581	-0.00187563
5.15605	0.00127636
5.1563	-0.000918315
5.15654	-0.00855131
5.15679	-0.0139383
5.15703	-0.0102381
5.15727	0.000147894
5.15752	0.00662131
5.15776	0.00173426
5.15801	-0.00878357
5.15825	-0.0118483
5.1585	-0.00400771
5.15874	0.00418452
5.15899	0.0039066
5.15923	-0.000512993
5.15948	-0.00221394
5.15972	-0.00411621
5.15997	-0.0100313
5.16021	-0.0120603
5.16045	-0.00165594
5.1607	0.011815
5.16094	0.0105831
5.16119	-0.0042308
5.16143	-0.0121889
5.16168	-0.00366931
5.16192	0.00625279
5.16217	0.00151831
5.16241	-0.0114665
5.16266	-0.0151835
5.1629	-0.00620675
5.16315	0.00327061
5.16339	0.00435584
5.16363	0.000504882
5.16388	-0.00156759
5.16412	-0.00102278
5.16437	-0.000838404
5.16461	-0.00224393
5.16486	-0.00420409
5.1651	-0.00595588
5.16535	-0.00748006
5.16559	-0.00812902
5.16584	-0.00705208
5.16608	-0.00572331
5.16633	-0.00776645
5.16657	-0.0135593
5.16681	-0.0168465
5.16706	-0.011443
5.1673	-0.000858355
5.16755	0.00472792
5.16779	0.00192229
5.16804	-0.00237595
5.16828	-0.002813
5.16853	-0.00252632
5.16877	-0.00424137
5.16902	-0.00360857
5.16926	0.00169366
5.1695	0.00451713
5.16975	-0.00108781
5.16999	-0.00855779
5.17024	-0.00804034
5.17048	-0.00133831
5.17073	0.00273669
5.17097	0.00302857
5.17122	0.00466479
5.17146	0.00675114
5.17171	0.00365901
5.17195	-0.00314477
5.1722	-0.00632597
5.17244	-0.00521014
5.17268	-0.00591283
5.17293	-0.00889704
5.17317	-0.00752553
5.17342	-0.000462828
5.17366	0.004714
5.17391	0.00289802
5.17415	-0.001971
5.1744	-0.00419711
5.17464	-0.00317258
5.17489	-0.000989995
5.17513	0.00104264
5.17538	0.00245496
5.17562	0.00444057
5.17586	0.00926759
5.17611	0.0146545
5.17635	0.012932
5.1766	0.00217425
5.17684	-0.00723484
5.17709	-0.00591461
5.17733	0.00012729
5.17758	-0.000711364
5.17782	-0.00657619
5.17807	-0.00621109
5.17831	0.00117681
5.17856	0.00480098
5.1788	0.000324028
5.17904	-0.00520521
5.17929	-0.00702626
5.17953	-0.00767863
5.17978	-0.00735867
5.18002	-0.00285003
5.18027	0.00223949
5.18051	-0.000393611
5.18076	-0.00918381
5.181	-0.0132866
5.18125	-0.0097424
5.18149	-0.00668143
5.18173	-0.00753336
5.18198	-0.00666733
5.18222	-0.0034906
5.18247	-0.00530069
5.18271	-0.0119538
5.18296	-0.0137401
5.1832	-0.00977421
5.18345	-0.0116232
5.18369	-0.021532
5.18394	-0.0246012
5.18418	-0.0128145
5.18443	-0.00011493
5.18467	-0.000686299
5.18491	-0.00712978
5.18516	-0.00506732
5.1854	0.0031932
5.18565	0.00582604
5.18589	0.00232615
5.18614	0.000484786
5.18638	-9.92327e-05
5.18663	-0.00514731
5.18687	-0.0114472
5.18712	-0.010988
5.18736	-0.00583314
5.18761	-0.00442682
5.18785	-0.00590158
5.18809	-0.00242904
5.18834	0.00441364
5.18858	0.00420442
5.18883	-0.00460875
5.18907	-0.0109223
5.18932	-0.00769133
5.18956	-0.0011914
5.18981	0.000306365
5.19005	-0.00203863
5.1903	-0.00217373
5.19054	0.00136158
5.19079	0.00496834
5.19103	0.00540731
5.19127	0.00278303
5.19152	-0.000250785
5.19176	-0.0015946
5.19201	-0.00253302
5.19225	-0.00532281
5.1925	-0.00743768
5.19274	-0.00359268
5.19299	0.00391501
5.19323	0.00444777
5.19348	-0.00533535
5.19372	-0.0125936
5.19396	-0.00457109
5.19421	0.0117497
5.19445	0.017833
5.1947	0.00880706
5.19494	-0.00169713
5.19519	-0.00209527
5.19543	0.00352416
5.19568	0.0053103
5.19592	0.00114306
5.19617	-0.00454309
5.19641	-0.00798307
5.19666	-0.00708981
5.1969	-0.000858962
5.19714	0.00759931
5.19739	0.011624
5.19763	0.0085269
5.19788	0.00295528
5.19812	-0.000329686
5.19837	-0.00276418
5.19861	-0.00697993
5.19886	-0.00957292
5.1991	-0.00503632
5.19935	0.00447781
5.19959	0.00974373
5.19984	0.00624953
5.20008	0.000273551
5.20032	-0.000220352
5.20057	0.00312408
5.20081	0.00255975
5.20106	-0.00243918
5.2013	-0.00324553
5.20155	0.00355035
5.20179	0.00758675
5.20204	-0.00156046
5.20228	-0.0166776
5.20253	-0.0197187
5.20277	-0.0061916
5.20302	0.00838532
5.20326	0.00995018
5.2035	0.0033979
5.20375	0.00161691
5.20399	0.00565767
5.20424	0.00604032
5.20448	-0.000747917
5.20473	-0.00781652
5.20497	-0.00904011
5.20522	-0.00553663
5.20546	-0.000312682
5.20571	0.00530664
5.20595	0.00781356
5.20619	0.00177091
5.20644	-0.0114244
5.20668	-0.0201902
5.20693	-0.0141554
5.20717	0.0025534
5.20742	0.0141969
5.20766	0.0103705
5.20791	-0.00286882
5.20815	-0.0103434
5.2084	-0.00428684
5.20864	0.00921709
5.20889	0.0195715
5.20913	0.0229043
5.20937	0.0216812
5.20962	0.0179025
5.20986	0.0128191
5.21011	0.0109851
5.21035	0.0164709
5.2106	0.0245335
5.21084	0.0254392
5.21109	0.0190365
5.21133	0.016644
5.21158	0.0236498
5.21182	0.029495
5.21207	0.0232206
5.21231	0.0111065
5.21255	0.00734848
5.2128	0.012059
5.21304	0.0121134
5.21329	0.00288983
5.21353	-0.00503207
5.21378	-0.00398355
5.21402	-0.000728427
5.21427	-0.00296834
5.21451	-0.00557245
5.21476	-0.000663473
5.215	0.00628664
5.21525	0.00320295
5.21549	-0.00855226
5.21573	-0.0135043
5.21598	-0.00325459
5.21622	0.0118599
5.21647	0.0167243
5.21671	0.00958442
5.21696	0.00069765
5.2172	-0.00187397
5.21745	0.00111411
5.21769	0.00474171
5.21794	0.00522501
5.21818	0.00152054
5.21843	-0.00370586
5.21867	-0.00514336
5.21891	-0.000598911
5.21916	0.00507167
5.2194	0.005458
5.21965	0.000966845
5.21989	-0.00251274
5.22014	-0.00227841
5.22038	-0.00106232
5.22063	-0.00100557
5.22087	-0.0010915
5.22112	-0.00113572
5.22136	-0.00258695
5.2216	-0.0042466
5.22185	-0.00313196
5.22209	-0.000809899
5.22234	-0.00208834
5.22258	-0.00558184
5.22283	-0.00371141
5.22307	0.00435776
5.22332	0.0086667
5.22356	0.00316804
5.22381	-0.00408724
5.22405	-0.00336954
5.2243	0.00189559
5.22454	0.0024146
5.22478	-0.00143054
5.22503	-0.00264509
5.22527	-0.00131217
5.22552	-0.00289391
5.22576	-0.00605868
5.22601	-0.00492912
5.22625	-0.00144604
5.2265	-0.00208855
5.22674	-0.00337111
5.22699	0.00442428
5.22723	0.018012
5.22748	0.0219251
5.22772	0.0129483
5.22796	0.00742295
5.22821	0.016179
5.22845	0.0273743
5.2287	0.0260238
5.22894	0.0180036
5.22919	0.0196192
5.22943	0.0314171
5.22968	0.0386179
5.22992	0.0344666
5.23017	0.0279129
5.23041	0.0268345
5.23066	0.0264245
5.2309	0.019198
5.23114	0.00820346
5.23139	0.00366423
5.23163	0.00911952
5.23188	0.0156352
5.23212	0.0114117
5.23237	-0.00345791
5.23261	-0.0149866
5.23286	-0.0118225
5.2331	-0.00116825
5.23335	-0.000188187
5.23359	-0.0114721
5.23383	-0.0180446
5.23408	-0.00755688
5.23432	0.00974141
5.23457	0.0163681
5.23481	0.0117849
5.23506	0.00873137
5.2353	0.0111808
5.23555	0.0102902
5.23579	0.00146612
5.23604	-0.00746147
5.23628	-0.00755773
5.23653	0.0010936
5.23677	0.0125337
5.23701	0.0202505
5.23726	0.0185921
5.2375	0.00764404
5.23775	-0.00211782
5.23799	0.000696714
5.23824	0.0122104
5.23848	0.016373
5.23873	0.00735786
5.23897	-0.00200172
5.23922	-6.08704e-05
5.23946	0.00621195
5.23971	0.00351261
5.23995	-0.00620358
5.24019	-0.00920336
5.24044	-0.0018174
5.24068	0.00414946
5.24093	-0.00068955
5.24117	-0.010692
5.24142	-0.0148346
5.24166	-0.0113192
5.24191	-0.00664873
5.24215	-0.00483567
5.2424	-0.00394238
5.24264	-0.0019051
5.24289	-0.000132521
5.24313	-1.71662e-05
5.24337	0.000485993
5.24362	0.00382825
5.24386	0.00748483
5.24411	0.00512223
5.24435	-0.00471032
5.2446	-0.0132989
5.24484	-0.00991573
5.24509	0.00386278
5.24533	0.0131796
5.24558	0.00720366
5.24582	-0.00671869
5.24606	-0.0123986
5.24631	-0.00558497
5.24655	0.00285845
5.2468	0.00422128
5.24704	0.00222068
5.24729	0.00241689
5.24753	0.00163213
5.24778	-0.0037067
5.24802	-0.00652264
5.24827	0.00190105
5.24851	0.0153481
5.24876	0.0176882
5.249	0.00500427
5.24924	-0.00880098
5.24949	-0.0113707
5.24973	-0.00618526
5.24998	-0.00265271
5.25022	-0.00200886
5.25047	-0.000894708
5.25071	-0.00119072
5.25096	-0.00643801
5.2512	-0.0125732
5.25145	-0.0116329
5.25169	-0.00319356
5.25194	0.00565063
5.25218	0.0108204
5.25242	0.0143923
5.25267	0.0171886
5.25291	0.0156437
5.25316	0.00837849
5.2534	0.000472819
5.25365	-0.00239165
5.25389	-0.00144935
5.25414	-0.00338104
5.25438	-0.0113956
5.25463	-0.0193311
5.25487	-0.016852
5.25512	-0.00220031
5.25536	0.0125295
5.2556	0.013656
5.25585	0.00264265
5.25609	-0.0060789
5.25634	-0.00472214
5.25658	-0.000907323
5.25683	-0.00331331
5.25707	-0.00819128
5.25732	-0.00756721
5.25756	-0.0029588
5.25781	-0.00142058
5.25805	-0.00357549
5.25829	-0.00542
5.25854	-0.00744662
5.25878	-0.01169
5.25903	-0.0135761
5.25927	-0.0079343
5.25952	-0.000412013
5.25976	-0.00111119
5.26001	-0.00829549
5.26025	-0.0105749
5.2605	-0.00513198
5.26074	-0.00134883
5.26099	-0.0048927
5.26123	-0.0101996
5.26147	-0.0113272
5.26172	-0.00900009
5.26196	-0.00397742
5.26221	0.00516591
5.26245	0.0138822
5.2627	0.0127996
5.26294	0.00227479
5.26319	-0.00475624
5.26343	-0.00029252
5.26368	0.00830528
5.26392	0.0115085
5.26417	0.0110192
5.26441	0.0122345
5.26465	0.0126789
5.2649	0.00748233
5.26514	-0.000337842
5.26539	-0.00427329
5.26563	-0.00406914
5.26588	-0.00324572
5.26612	-0.00175129
5.26637	0.00134355
5.26661	0.00240758
5.26686	-0.00171386
5.2671	-0.00685586
5.26735	-0.00690706
5.26759	-0.00288213
5.26783	-0.000162704
5.26808	-1.98066e-06
5.26832	-7.57685e-05
5.26857	-0.000153072
5.26881	-0.000857146
5.26906	6.71869e-05
5.2693	0.00384379
5.26955	0.0060136
5.26979	0.00225666
5.27004	-0.00369543
5.27028	-0.00456453
5.27052	2.52525e-05
5.27077	0.00394675
5.27101	0.00370488
5.27126	0.000921223
5.2715	-0.00284455
5.27175	-0.00708118
5.27199	-0.00849555
5.27224	-0.00297428
5.27248	0.0069557
5.27273	0.0118012
5.27297	0.00538108
5.27322	-0.00689395
5.27346	-0.0126985
5.2737	-0.00588452
5.27395	0.00644079
5.27419	0.011523
5.27444	0.00557913
5.27468	-0.00254018
5.27493	-0.00416554
5.27517	-0.00199135
5.27542	-0.0027752
5.27566	-0.00423407
5.27591	0.000588577
5.27615	0.00860248
5.2764	0.0091781
5.27664	0.00212538
5.27688	-0.000622271
5.27713	0.0050242
5.27737	0.00794134
5.27762	0.00121534
5.27786	-0.0051452
5.27811	-0.00122367
5.27835	0.00565716
5.2786	0.0039526
5.27884	-0.00214392
5.27909	-0.00104385
5.27933	0.00511929
5.27958	0.00425328
5.27982	-0.00435054
5.28006	-0.00861083
5.28031	-0.00329036
5.28055	0.00347155
5.2808	0.00495505
5.28104	0.00437862
5.28129	0.00559554
5.28153	0.00623473
5.28178	0.00415414
5.28202	0.00205047
5.28227	0.00169527
5.28251	0.000490089
5.28275	-0.0029579
5.283	-0.0054502
5.28324	-0.00396692
5.28349	0.000531114
5.28373	0.00525108
5.28398	0.00776475
5.28422	0.00650937
5.28447	0.00316292
5.28471	0.00277803
5.28496	0.0068616
5.2852	0.00926393
5.28545	0.00499152
5.28569	-0.000529489
5.28593	0.00103167
5.28618	0.00732779
5.28642	0.00882946
5.28667	0.00399953
5.28691	0.000670368
5.28716	0.00281123
5.2874	0.0062082
5.28765	0.00758128
5.28789	0.00779189
5.28814	0.00548019
5.28838	-0.00170762
5.28863	-0.00847476
5.28887	-0.00603198
5.28911	0.00304943
5.28936	0.00631757
5.2896	0.000952508
5.28985	-0.00156122
5.29009	0.00444304
5.29034	0.00831781
5.29058	0.00172001
5.29083	-0.0055508
5.29107	-0.00102147
5.29132	0.00946763
5.29156	0.0111231
5.29181	0.00366793
5.29205	-0.000464415
5.29229	0.00217874
5.29254	0.00260436
5.29278	-0.00233183
5.29303	-0.00426853
5.29327	0.000233318
5.29352	0.00229583
5.29376	-0.0032004
5.29401	-0.00684688
5.29425	-1.93691e-05
5.2945	0.00906283
5.29474	0.00730324
5.29498	-0.00163689
5.29523	-0.0022681
5.29547	0.00799629
5.29572	0.0141693
5.29596	0.00688998
5.29621	-0.00361003
5.29645	-0.00433038
5.2967	0.00107048
5.29694	0.0009331
5.29719	-0.00400337
5.29743	-0.00277772
5.29768	0.00585208
5.29792	0.00995316
5.29816	0.00332437
5.29841	-0.00434887
5.29865	-0.00190908
5.2989	0.00792343
5.29914	0.0146698
5.29939	0.0150451
5.29963	0.0142035
5.29988	0.0159689
5.30012	0.0191503
5.30037	0.0221408
5.30061	0.0253503
5.30086	0.0286717
5.3011	0.0298369
5.30134	0.0262378
5.30159	0.0181528
5.30183	0.0106516
5.30208	0.0102883
5.30232	0.0167579
5.30257	0.0206045
5.30281	0.0149974
5.30306	0.00690404
5.3033	0.00798025
5.30355	0.0166231
5.30379	0.0207823
5.30404	0.0181128
5.30428	0.0186216
5.30452	0.0247767
5.30477	0.0259852
5.30501	0.0193963
5.30526	0.0180794
5.3055	0.0274223
5.30575	0.0315535
5.30599	0.019274
5.30624	0.00664932
5.30648	0.0125649
5.30673	0.0255727
5.30697	0.0208496
5.30722	0.00136385
5.30746	-0.00666385
5.3077	0.00357933
5.30795	0.011176
5.30819	0.00483984
5.30844	-0.000767422
5.30868	0.00479771
5.30893	0.00835433
5.30917	-0.00139196
5.30942	-0.0114918
5.30966	-0.00630332
5.30991	0.00565312
5.31015	0.00600701
5.31039	-0.00431005
5.31064	-0.00956347
5.31088	-0.00513558
5.31113	-0.000761547
5.31137	-0.00177347
5.31162	-0.00299712
5.31186	-0.000528993
5.31211	0.00273272
5.31235	0.00362046
5.3126	0.00234274
5.31284	0.000406559
5.31309	0.00056339
5.31333	0.00546798
5.31357	0.0115457
5.31382	0.0102327
5.31406	0.00112288
5.31431	-0.00412507
5.31455	0.00124353
5.3148	0.00720467
5.31504	0.00246229
5.31529	-0.00698174
5.31553	-0.00813046
5.31578	-0.00265114
5.31602	-0.00224153
5.31627	-0.0066701
5.31651	-0.0042219
5.31675	0.00608975
5.317	0.0105104
5.31724	0.00290556
5.31749	-0.00465272
5.31773	-0.00120449
5.31798	0.00596233
5.31822	0.00349963
5.31847	-0.00729152
5.31871	-0.0128084
5.31896	-0.00643514
5.3192	0.00360049
5.31945	0.005461
5.31969	-0.0028182
5.31993	-0.0122129
5.32018	-0.0130777
5.32042	-0.00608845
5.32067	-0.00177004
5.32091	-0.00718075
5.32116	-0.0154111
5.3214	-0.0136287
5.32165	-0.000723739
5.32189	0.0102213
5.32214	0.00879483
5.32238	-0.000505778
5.32262	-0.00677437
5.32287	-0.00728451
5.32311	-0.00761532
5.32336	-0.0109591
5.3236	-0.0139045
5.32385	-0.0123033
5.32409	-0.00668383
5.32434	-0.00137019
5.32458	-0.0005939
5.32483	-0.00492223
5.32507	-0.00977695
5.32532	-0.00924148
5.32556	-0.00362701
5.3258	-0.000810976
5.32605	-0.00653785
5.32629	-0.0158138
5.32654	-0.0189014
5.32678	-0.0143374
5.32703	-0.00965821
5.32727	-0.00935359
5.32752	-0.00976522
5.32776	-0.00824247
5.32801	-0.00896796
5.32825	-0.0139759
5.3285	-0.0158075
5.32874	-0.00804822
5.32898	0.00192257
5.32923	0.00172957
5.32947	-0.00683429
5.32972	-0.00984279
5.32996	-0.00285924
5.33021	0.00285083
5.33045	-0.000498587
5.3307	-0.00550455
5.33094	-0.00447292
5.33119	-0.0031329
5.33143	-0.00834582
5.33168	-0.0130785
5.33192	-0.00786531
5.33216	0.000572031
5.33241	-0.00177246
5.33265	-0.0132369
5.3329	-0.0189019
5.33314	-0.013857
5.33339	-0.00731891
5.33363	-0.00376863
5.33388	0.00212085
5.33412	0.0088863
5.33437	0.00511475
5.33461	-0.0100232
5.33485	-0.0197171
5.3351	-0.0131179
5.33534	-0.00201929
5.33559	-0.00230251
5.33583	-0.0105918
5.33608	-0.0127827
5.33632	-0.00682808
5.33657	-0.00263742
5.33681	-0.00445073
5.33706	-0.00677306
5.3373	-0.0057151
5.33755	-0.00340789
5.33779	-0.00193041
5.33803	-0.00124
5.33828	-0.00205931
5.33852	-0.00420291
5.33877	-0.00405271
5.33901	0.000371511
5.33926	0.0047085
5.3395	0.00415502
5.33975	0.000482217
5.33999	-0.0021736
5.34024	-0.00389334
5.34048	-0.00564372
5.34073	-0.0048429
5.34097	-0.000957202
5.34121	0.000152353
5.34146	-0.00496186
5.3417	-0.00977316
5.34195	-0.0072279
5.34219	-0.00116169
5.34244	0.000591255
5.34268	-0.00108568
5.34293	-0.000672957
5.34317	0.000427945
5.34342	-0.00248161
5.34366	-0.00630141
5.34391	-0.0042175
5.34415	0.00204809
5.34439	0.00515352
5.34464	0.00439207
5.34488	0.00378004
5.34513	0.00131765
5.34537	-0.00698009
5.34562	-0.0147578
5.34586	-0.0112567
5.34611	0.000957136
5.34635	0.00832625
5.3466	0.00683561
5.34684	0.00570018
5.34708	0.00890216
5.34733	0.00852462
5.34757	0.000935403
5.34782	-0.00503325
5.34806	-0.00283825
5.34831	0.00122085
5.34855	-0.000624981
5.3488	-0.00647599
5.34904	-0.0117643
5.34929	-0.0166825
5.34953	-0.0194556
5.34978	-0.0132135
5.35002	0.00149042
5.35026	0.0110558
5.35051	0.00613929
5.35075	-0.00367452
5.351	-0.00369427
5.35124	0.00428336
5.35149	0.00670192
5.35173	0.000187904
5.35198	-0.00464524
5.35222	-0.000951316
5.35247	0.0049044
5.35271	0.00481173
5.35296	0.000848726
5.3532	0.000473048
5.35344	0.00472187
5.35369	0.00668973
5.35393	0.000995447
5.35418	-0.00878157
5.35442	-0.0138504
5.35467	-0.0103502
5.35491	-0.00294912
5.35516	0.00248848
5.3554	0.00573061
5.35565	0.00811287
5.35589	0.00640205
5.35614	-0.00190818
5.35638	-0.0100628
5.35662	-0.00870002
5.35687	-0.000866892
5.35711	0.00052845
5.35736	-0.00743065
5.3576	-0.0120614
5.35785	-0.00473535
5.35809	0.00516268
5.35834	0.00478414
5.35858	-0.00272651
5.35883	-0.00457206
5.35907	0.0015399
5.35931	0.00547999
5.35956	0.000963165
5.3598	-0.00672231
5.36005	-0.00965958
5.36029	-0.00606421
5.36054	0.000588677
5.36078	0.00507964
5.36103	0.00309582
5.36127	-0.00405958
5.36152	-0.00818414
5.36176	-0.00336799
5.36201	0.00482624
5.36225	0.00623958
5.36249	0.0010773
5.36274	-0.000753088
5.36298	0.00370861
5.36323	0.00461269
5.36347	-0.00486867
5.36372	-0.0155812
5.36396	-0.0139946
5.36421	-0.00175611
5.36445	0.0065574
5.3647	0.00381651
5.36494	-0.00206531
5.36519	-0.00294015
5.36543	-0.00210646
5.36567	-0.0047984
5.36592	-0.00615588
5.36616	0.000458705
5.36641	0.00854981
5.36665	0.00538571
5.3669	-0.00722388
5.36714	-0.0133506
5.36739	-0.00690625
5.36763	-0.000321832
5.36788	-0.00271151
5.36812	-0.00469549
5.36837	0.00302479
5.36861	0.0096673
5.36885	0.00043496
5.3691	-0.016334
5.36934	-0.0185991
5.36959	-0.00399556
5.36983	0.00678973
5.37008	0.00132246
5.37032	-0.0092687
5.37057	-0.0110042
5.37081	-0.00564261
5.37106	-0.00162686
5.3713	-0.0014237
5.37154	-0.00515631
5.37179	-0.0131551
5.37203	-0.0180826
5.37228	-0.00891513
5.37252	0.00965153
5.37277	0.0171387
5.37301	0.00589477
5.37326	-0.00639029
5.3735	-0.00432189
5.37375	0.00223181
5.37399	-0.00150696
5.37424	-0.00841604
5.37448	-0.00374278
5.37472	0.00673433
5.37497	0.00662117
5.37521	-0.0016212
5.37546	-0.00220881
5.3757	0.00407606
5.37595	0.00200967
5.37619	-0.00743703
5.37644	-0.0065142
5.37668	0.00564854
5.37693	0.0072916
5.37717	-0.00837864
5.37742	-0.0170708
5.37766	-0.00109656
5.3779	0.020095
5.37815	0.0185452
5.37839	-0.000567781
5.37864	-0.0106073
5.37888	-0.00554863
5.37913	-0.00367947
5.37937	-0.01294
5.37962	-0.0186218
5.37986	-0.00991345
5.38011	0.00261913
5.38035	0.00492408
5.3806	-0.000646943
5.38084	-0.00342204
5.38108	-0.00138772
5.38133	3.06253e-05
5.38157	-0.00108009
5.38182	-0.00231877
5.38206	-0.00262145
5.38231	-0.00198825
5.38255	0.000570858
5.3828	0.00386817
5.38304	0.00410024
5.38329	0.00211871
5.38353	0.00481035
5.38378	0.0132539
5.38402	0.0166709
5.38426	0.00693926
5.38451	-0.00705265
5.38475	-0.01053
5.385	-0.0037537
5.38524	0.000892034
5.38549	-0.000147818
5.38573	0.00129108
5.38598	0.00659344
5.38622	0.00567585
5.38647	-0.0042395
5.38671	-0.0111779
5.38695	-0.00817672
5.3872	-0.00545708
5.38744	-0.0112051
5.38769	-0.0142676
5.38793	-0.00205902
5.38818	0.015165
5.38842	0.0171513
5.38867	0.00435875
5.38891	-0.00438065
5.38916	-0.00209073
5.3894	-0.00039503
5.38965	-0.0048491
5.38989	-0.00510174
5.39013	0.00373316
5.39038	0.00917078
5.39062	0.0013649
5.39087	-0.010329
5.39111	-0.0128084
5.39136	-0.00887599
5.3916	-0.00864633
5.39185	-0.0111286
5.39209	-0.00831653
5.39234	-0.00151768
5.39258	-0.000214694
5.39283	-0.00702507
5.39307	-0.0143161
5.39331	-0.0147935
5.39356	-0.00795049
5.3938	0.00229904
5.39405	0.0101057
5.39429	0.0101093
5.39454	0.00305428
5.39478	-0.00336267
5.39503	-0.00370703
5.39527	-0.00144618
5.39552	-0.00223672
5.39576	-0.00513978
5.39601	-0.00560783
5.39625	-0.00311917
5.39649	-0.000877135
5.39674	-0.00129818
5.39698	-0.00512801
5.39723	-0.0106036
5.39747	-0.0114452
5.39772	-0.00258763
5.39796	0.00962633
5.39821	0.0120841
5.39845	0.00357197
5.3987	-0.00201888
5.39894	0.00306608
5.39918	0.00841176
5.39943	0.00366345
5.39967	-0.00384373
5.39992	-0.00247568
5.40016	0.00343574
5.40041	0.00211793
5.40065	-0.00477761
5.4009	-0.00625947
5.40114	-0.00154903
5.40139	0.000877834
5.40163	0.000118432
5.40188	0.00220099
5.40212	0.00494678
5.40236	0.000465665
5.40261	-0.00765851
5.40285	-0.00678575
5.4031	0.00337923
5.40334	0.00837465
5.40359	0.00175405
5.40383	-0.00530269
5.40408	-0.00286236
5.40432	0.00337076
5.40457	0.00394981
5.40481	0.000193595
5.40506	-0.00151867
5.4053	-0.000881893
5.40554	-0.00110757
5.40579	-0.0017345
5.40603	-0.000499599
5.40628	0.00240184
5.40652	0.00581104
5.40677	0.00841064
5.40701	0.00633093
5.40726	-0.00302941
5.4075	-0.0131786
5.40775	-0.0130468
5.40799	-0.00215219
5.40824	0.00737179
5.40848	0.00714429
5.40872	0.00192711
5.40897	-0.00124865
5.40921	-0.00349797
5.40946	-0.00759264
5.4097	-0.00992158
5.40995	-0.00666584
5.41019	-0.00155089
5.41044	-0.00014287
5.41068	-0.00145099
5.41093	-0.00138129
5.41117	0.00045768
5.41141	0.00316725
5.41166	0.00819713
5.4119	0.0140683
5.41215	0.0130486
5.41239	0.00132124
5.41264	-0.0114769
5.41288	-0.0120333
5.41313	-0.00135911
5.41337	0.00576323
5.41362	0.000456173
5.41386	-0.00871605
5.41411	-0.0077106
5.41435	0.00428165
5.41459	0.0135752
5.41484	0.00889851
5.41508	-0.0050922
5.41533	-0.0140682
5.41557	-0.0113236
5.41582	-0.00364321
5.41606	0.000387967
5.41631	0.00115569
5.41655	0.00281913
5.4168	0.00362095
5.41704	-0.000623299
5.41729	-0.00679409
5.41753	-0.00751418
5.41777	-0.00299261
5.41802	-0.000556779
5.41826	-0.00186247
5.41851	-0.000325591
5.41875	0.00626981
5.419	0.0103137
5.41924	0.00629323
5.41949	-2.98419e-05
5.41973	-0.000386274
5.41998	0.00464968
5.42022	0.00931724
5.42047	0.0119112
5.42071	0.0133495
5.42095	0.0112262
5.4212	0.00347887
5.42144	-0.0043768
5.42169	-0.00383791
5.42193	0.00466018
5.42218	0.0111637
5.42242	0.00903396
5.42267	0.00294317
5.42291	0.00144403
5.42316	0.00570298
5.4234	0.00955822
5.42364	0.00900171
5.42389	0.00704493
5.42413	0.00796154
5.42438	0.0100502
5.42462	0.00774257
5.42487	6.86268e-06
5.42511	-0.00738564
5.42536	-0.00911924
5.4256	-0.00633506
5.42585	-0.00331427
5.42609	-0.00134382
5.42634	0.001014
5.42658	0.00382185
5.42682	0.00534119
5.42707	0.00449019
5.42731	0.00134726
5.42756	-0.00321414
5.4278	-0.00646371
5.42805	-0.00490685
5.42829	0.00101829
5.42854	0.00588447
5.42878	0.00556447
5.42903	0.00203706
5.42927	-0.000441299
5.42952	-0.000561957
5.42976	0.00114272
5.43	0.0044355
5.43025	0.00714954
5.43049	0.00539847
5.43074	-0.000163799
5.43098	-0.00311736
5.43123	-0.000427096
5.43147	0.00278915
5.43172	0.00234179
5.43196	0.00220297
5.43221	0.00619445
5.43245	0.00944883
5.4327	0.00660369
5.43294	0.00234386
5.43318	0.00380451
5.43343	0.00750608
5.43367	0.00489541
5.43392	-0.00259729
5.43416	-0.00553804
5.43441	-0.00166865
5.43465	0.00201338
5.4349	0.00171151
5.43514	0.000986526
5.43539	0.00212056
5.43563	0.00237329
5.43587	-0.000341855
5.43612	-0.00486349
5.43636	-0.0090808
5.43661	-0.00944907
5.43685	-0.00218559
5.4371	0.0086069
5.43734	0.0106623
5.43759	0.000473251
5.43783	-0.00743106
5.43808	-0.000251004
5.43832	0.0123667
5.43857	0.0130611
5.43881	0.00451943
5.43905	0.00282918
5.4393	0.00829209
5.43954	0.00613332
5.43979	-0.00430478
5.44003	-0.00593681
5.44028	0.00584513
5.44052	0.0130206
5.44077	0.00387797
5.44101	-0.00893988
5.44126	-0.0105472
5.4415	-0.00553111
5.44175	-0.00489684
5.44199	-0.007214
5.44223	-0.00623489
5.44248	-0.00424987
5.44272	-0.0050354
5.44297	-0.0046312
5.44321	-0.000358621
5.44346	0.00184263
5.4437	-0.000840457
5.44395	-0.000834812
5.44419	0.00529756
5.44444	0.00816077
5.44468	0.00251096
5.44493	-0.00113214
5.44517	0.00470612
5.44541	0.00840985
5.44566	-0.00116484
5.4459	-0.011998
5.44615	-0.00603273
5.44639	0.0103544
5.44664	0.0151109
5.44688	0.00476475
5.44713	-0.00244192
5.44737	0.00296515
5.44762	0.00957156
5.44786	0.00727966
5.4481	0.00266919
5.44835	0.0043617
5.44859	0.00774469
5.44884	0.00425094
5.44908	-0.00376814
5.44933	-0.0073655
5.44957	-0.00482646
5.44982	-0.00251437
5.45006	-0.00385301
5.45031	-0.0046026
5.45055	-0.000495034
5.4508	0.00513001
5.45104	0.00560208
5.45128	0.00167029
5.45153	0.00186136
5.45177	0.00899877
5.45202	0.0130928
5.45226	0.00556519
5.45251	-0.00500896
5.45275	-0.0037937
5.453	0.00629666
5.45324	0.00728574
5.45349	-0.00551136
5.45373	-0.0152458
5.45398	-0.00994434
5.45422	3.02319e-05
5.45446	0.0012144
5.45471	-0.00229576
5.45495	-0.00115764
5.4552	0.000359701
5.45544	-0.00539929
5.45569	-0.0114733
5.45593	-0.00699394
5.45618	0.00197198
5.45642	0.0013057
5.45667	-0.00667389
5.45691	-0.00687213
5.45716	0.00299574
5.4574	0.00940028
5.45764	0.00547447
5.45789	-0.00118915
5.45813	-0.00444932
5.45838	-0.00638286
5.45862	-0.00607965
5.45887	0.00130171
5.45911	0.0105755
5.45936	0.00860361
5.4596	-0.00392722
5.45985	-0.00941066
5.46009	6.43728e-05
5.46034	0.00917624
5.46058	0.00359749
5.46082	-0.00696408
5.46107	-0.0048716
5.46131	0.00737811
5.46156	0.012769
5.4618	0.00720745
5.46205	0.00274003
5.46229	0.00438682
5.46254	0.00225384
5.46278	-0.00837623
5.46303	-0.0150211
5.46327	-0.00622932
5.46351	0.00908386
5.46376	0.0130733
5.464	0.00386667
5.46425	-0.00396746
5.46449	-0.00175694
5.46474	0.00376989
5.46498	0.00514041
5.46523	0.00529658
5.46547	0.00813047
5.46572	0.00896874
5.46596	0.00381132
5.46621	-0.000211269
5.46645	0.00527314
5.46669	0.0150644
5.46694	0.017137
5.46718	0.0105521
5.46743	0.00460196
5.46767	0.00270242
5.46792	0.000485715
5.46816	-0.00109381
5.46841	0.00419532
5.46865	0.0126977
5.4689	0.0112766
5.46914	-0.00164183
5.46939	-0.00982142
5.46963	-0.00222562
5.46987	0.0101633
5.47012	0.0106158
5.47036	-0.000390279
5.47061	-0.00950093
5.47085	-0.00994788
5.4711	-0.00534312
5.47134	0.000454592
5.47159	0.00601903
5.47183	0.00781268
5.47208	0.00283605
5.47232	-0.00473963
5.47257	-0.00649691
5.47281	0.000840421
5.47305	0.0126165
5.4733	0.0209104
5.47354	0.0197105
5.47379	0.00954616
5.47403	-0.000453605
5.47428	-4.30718e-05
5.47452	0.00999695
5.47477	0.0184301
5.47501	0.0178994
5.47526	0.0117914
5.4755	0.00535129
5.47574	-0.00082078
5.47599	-0.00530757
5.47623	-0.00389288
5.47648	0.00218529
5.47672	0.00528612
5.47697	0.00331721
5.47721	0.00295216
5.47746	0.00657189
5.4777	0.00715198
5.47795	0.00154848
5.47819	-0.00308152
5.47844	-0.00239254
5.47868	-0.00166808
5.47892	-0.00270523
5.47917	0.00175687
5.47941	0.0118155
5.47966	0.014298
5.4799	0.00433665
5.48015	-0.00289653
5.48039	0.00376712
5.48064	0.0114801
5.48088	0.00493873
5.48113	-0.00662364
5.48137	-0.00500869
5.48162	0.00598877
5.48186	0.00841302
5.4821	0.00104295
5.48235	-0.00154908
5.48259	0.00345468
5.48284	0.00411479
5.48308	-0.0025586
5.48333	-0.00575174
5.48357	-0.00103683
5.48382	0.00393701
5.48406	0.0054726
5.48431	0.00754506
5.48455	0.00825337
5.4848	0.000781206
5.48504	-0.010249
5.48528	-0.0115481
5.48553	-0.00312477
5.48577	0.000510788
5.48602	-0.00522664
5.48626	-0.0079137
5.48651	-0.00127723
5.48675	0.00302356
5.487	-0.00377013
5.48724	-0.0107224
5.48749	-0.00361133
5.48773	0.0126164
5.48797	0.0201022
5.48822	0.0114179
5.48846	-0.00261929
5.48871	-0.00653461
5.48895	0.00303073
5.4892	0.0136145
5.48944	0.0106857
5.48969	-0.00335051
5.48993	-0.00995844
5.49018	-0.000178483
5.49042	0.00975326
5.49067	0.00118289
5.49091	-0.0167167
5.49115	-0.0181655
5.4914	0.000795524
5.49164	0.0161419
5.49189	0.0107819
5.49213	-0.0041878
5.49238	-0.0101461
5.49262	-0.00585431
5.49287	-0.00198149
5.49311	-0.00348681
5.49336	-0.00769811
5.4936	-0.0116617
5.49385	-0.0136394
5.49409	-0.012786
5.49433	-0.0112179
5.49458	-0.010938
5.49482	-0.00871308
5.49507	-0.00181669
5.49531	0.00306188
5.49556	-0.00218635
5.4958	-0.0118572
5.49605	-0.0127152
5.49629	-0.0049128
5.49654	-0.00145187
5.49678	-0.00603503
5.49703	-0.00801308
5.49727	-0.00226573
5.49751	0.00257671
5.49776	0.000297256
5.498	-0.00434133
5.49825	-0.00777537
5.49849	-0.0125797
5.49874	-0.0158776
5.49898	-0.00983718
5.49923	0.00105565
5.49947	0.00144028
5.49972	-0.00973867
5.49996	-0.0147519
5.5002	-0.00589517
5.50045	0.00166773
5.50069	-0.00336708
5.50094	-0.00980634
5.50118	-0.00609847
5.50143	-0.000894766
5.50167	-0.00429037
5.50192	-0.0072243
5.50216	0.000299409
5.50241	0.00692378
5.50265	-0.00142829
5.5029	-0.0140109
5.50314	-0.01098
5.50338	0.00295619
5.50363	0.00619848
5.50387	-0.00391905
5.50412	-0.00848616
5.50436	0.000643034
5.50461	0.00954403
5.50485	0.00656728
5.5051	-0.00180141
5.50534	-0.00470465
5.50559	-0.00119386
5.50583	0.00413755
5.50608	0.00780249
5.50632	0.00667617
5.50656	0.000695291
5.50681	-0.00310652
5.50705	0.000819851
5.5073	0.00562302
5.50754	0.00129359
5.50779	-0.00766759
5.50803	-0.00788298
5.50828	0.000707714
5.50852	0.00392021
5.50877	-0.00377417
5.50901	-0.0107809
5.50926	-0.00712914
5.5095	0.00168865
5.50974	0.00546649
5.50999	0.00322762
5.51023	0.000655963
5.51048	0.00151687
5.51072	0.00567761
5.51097	0.00944503
5.51121	0.00686736
5.51146	-0.00243256
5.5117	-0.00830386
5.51195	-0.00239799
5.51219	0.00705624
5.51243	0.00544583
5.51268	-0.00487514
5.51292	-0.00716214
5.51317	0.00268736
5.51341	0.0093458
5.51366	0.00335353
5.5139	-0.0043738
5.51415	-0.00218512
5.51439	0.00400838
5.51464	0.00371213
5.51488	-0.000329657
5.51513	-0.000587213
5.51537	-7.74431e-05
5.51561	-0.00483522
5.51586	-0.00944527
5.5161	-0.00500756
5.51635	0.00416954
5.51659	0.00629042
5.51684	0.000755171
5.51708	-0.00269572
5.51733	-0.00125015
5.51757	-0.00186371
5.51782	-0.00718829
5.51806	-0.0112312
5.51831	-0.010447
5.51855	-0.00838347
5.51879	-0.0074783
5.51904	-0.00564712
5.51928	-0.00279707
5.51953	-0.00197533
5.51977	-0.00235532
5.52002	0.000628516
5.52026	0.00662248
5.52051	0.00993974
5.52075	0.00903127
5.521	0.00783282
5.52124	0.00639152
5.52149	-0.000170381
5.52173	-0.0107318
5.52197	-0.0161532
5.52222	-0.0123733
5.52246	-0.00636721
5.52271	-0.00441371
5.52295	-0.00366896
5.5232	-0.000997539
5.52344	-0.000435919
5.52369	-0.00432059
5.52393	-0.00601268
5.52418	-0.00076756
5.52442	0.00405147
5.52466	0.000360158
5.52491	-0.00560678
5.52515	-0.00210366
5.5254	0.00844605
5.52564	0.0117853
5.52589	0.00261457
5.52613	-0.00951961
5.52638	-0.0158098
5.52662	-0.0178639
5.52687	-0.0190808
5.52711	-0.0169288
5.52736	-0.0087239
5.5276	0.00200142
5.52784	0.00923935
5.52809	0.0101476
5.52833	0.00545585
5.52858	-0.0011322
5.52882	-0.00405182
5.52907	-0.00174002
5.52931	0.000174593
5.52956	-0.0021862
5.5298	-0.00264165
5.53005	0.00470507
5.53029	0.0113406
5.53054	0.00522586
5.53078	-0.00628665
5.53102	-0.00342345
5.53127	0.0133585
5.53151	0.0190559
5.53176	0.00177482
5.532	-0.016275
5.53225	-0.011367
5.53249	0.00587358
5.53274	0.00857907
5.53298	-0.00479196
5.53323	-0.0119092
5.53347	-0.00424198
5.53372	0.00239784
5.53396	-0.00291583
5.5342	-0.00930213
5.53445	-0.00432966
5.53469	0.00607991
5.53494	0.00830186
5.53518	0.000200698
5.53543	-0.00944356
5.53567	-0.0130409
5.53592	-0.00907399
5.53616	-0.00100269
5.53641	0.0042371
5.53665	0.00234945
5.53689	-0.00155531
5.53714	0.000816155
5.53738	0.00732914
5.53763	0.00773061
5.53787	0.0009964
5.53812	-0.00192605
5.53836	0.00301865
5.53861	0.00476708
5.53885	-0.00403024
5.5391	-0.0123652
5.53934	-0.00704666
5.53959	0.00583042
5.53983	0.00979692
5.54007	0.00282543
5.54032	-0.00188441
5.54056	0.0018515
5.54081	0.00523638
5.54105	0.00129655
5.5413	-0.00371959
5.54154	-0.00215666
5.54179	0.00183232
5.54203	-0.000278866
5.54228	-0.00654297
5.54252	-0.00673081
5.54277	0.00201896
5.54301	0.0102537
5.54325	0.00899273
5.5435	0.00121952
5.54374	-0.00371308
5.54399	-0.00342039
5.54423	-0.00427222
5.54448	-0.0102094
5.54472	-0.0157623
5.54497	-0.0132298
5.54521	-0.00295581
5.54546	0.00772923
5.5457	0.0135296
5.54595	0.014538
5.54619	0.011951
5.54643	0.0062358
5.54668	0.000495751
5.54692	0.000172299
5.54717	0.00616196
5.54741	0.0118585
5.54766	0.0109466
5.5479	0.00605038
5.54815	0.00532069
5.54839	0.0106904
5.54864	0.0138976
5.54888	0.00675433
5.54913	-0.00682815
5.54937	-0.0132785
5.54961	-0.00516169
5.54986	0.00873746
5.5501	0.0130878
5.55035	0.00441845
5.55059	-0.00566637
5.55084	-0.0068327
5.55108	-0.00301585
5.55133	-0.00406889
5.55157	-0.00967977
5.55182	-0.0102995
5.55206	-0.00311947
5.5523	0.00235334
5.55255	-0.00150658
5.55279	-0.00798
5.55304	-0.00494997
5.55328	0.00681641
5.55353	0.0127896
5.55377	0.00396849
5.55402	-0.00971112
5.55426	-0.0111938
5.55451	0.00144745
5.55475	0.0124448
5.555	0.00951884
5.55524	-0.000288286
5.55548	-0.00204999
5.55573	0.00561327
5.55597	0.0105142
5.55622	0.00677251
5.55646	0.00322701
5.55671	0.00839322
5.55695	0.0167918
5.5572	0.0173742
5.55744	0.00919083
5.55769	0.000835176
5.55793	-0.00200132
5.55818	-0.000990785
5.55842	0.000795374
5.55866	0.00249217
5.55891	0.00329491
5.55915	0.00175691
5.5594	-0.00209303
5.55964	-0.00621405
5.55989	-0.00740813
5.56013	-0.00229446
5.56038	0.00879007
5.56062	0.0177506
5.56087	0.0146994
5.56111	0.00124424
5.56136	-0.00873998
5.5616	-0.0063936
5.56184	0.000942592
5.56209	0.00209867
5.56233	-0.00157488
5.56258	-0.00103574
5.56282	0.00498297
5.56307	0.00946984
5.56331	0.00857953
5.56356	0.00408048
5.5638	-0.00258223
5.56405	-0.00940972
5.56429	-0.0103617
5.56453	-0.00269442
5.56478	0.00539225
5.56502	0.0050759
5.56527	0.0015304
5.56551	0.00579582
5.56576	0.0148545
5.566	0.014892
5.56625	0.00459221
5.56649	-0.00106473
5.56674	0.0057335
5.56698	0.0135553
5.56723	0.0102286
5.56747	0.000510832
5.56771	-0.00383765
5.56796	-0.00171277
5.5682	-0.000532758
5.56845	-0.00309614
5.56869	-0.00560665
5.56894	-0.00498219
5.56918	-0.00156041
5.56943	0.00262153
5.56967	0.00427784
5.56992	0.00122983
5.57016	-0.0032958
5.57041	-0.00354233
5.57065	8.29705e-05
5.57089	0.00152855
5.57114	-0.000452891
5.57138	-0.000594125
5.57163	0.0021756
5.57187	0.00210427
5.57212	-0.00164586
5.57236	-0.00127951
5.57261	0.00592091
5.57285	0.0107552
5.5731	0.00664379
5.57334	0.00115923
5.57359	0.00372817
5.57383	0.0104737
5.57407	0.0119561
5.57432	0.00893081
5.57456	0.00886937
5.57481	0.0120335
5.57505	0.0127037
5.5753	0.0108657
5.57554	0.0116318
5.57579	0.0152282
5.57603	0.0175536
5.57628	0.0185259
5.57652	0.0202799
5.57676	0.0196848
5.57701	0.0130709
5.57725	0.00611949
5.5775	0.00764567
5.57774	0.0149266
5.57799	0.0173704
5.57823	0.0141462
5.57848	0.0143668
5.57872	0.0184489
5.57897	0.0149684
5.57921	0.00163715
5.57946	-0.00578954
5.5797	0.00456249
5.57994	0.0221589
5.58019	0.0295296
5.58043	0.0263594
5.58068	0.0240798
5.58092	0.0241557
5.58117	0.0191005
5.58141	0.012119
5.58166	0.0167174
5.5819	0.0333214
5.58215	0.043404
5.58239	0.0350465
5.58264	0.0205718
5.58288	0.0180585
5.58312	0.0266352
5.58337	0.0333091
5.58361	0.0355178
5.58386	0.0405637
5.5841	0.0470386
5.58435	0.0448353
5.58459	0.0348768
5.58484	0.0319641
5.58508	0.0425042
5.58533	0.0537391
5.58557	0.0529887
5.58582	0.0455297
5.58606	0.0440258
5.5863	0.0503649
5.58655	0.058141
5.58679	0.0642746
5.58704	0.0673732
5.58728	0.0628171
5.58753	0.0514595
5.58777	0.0456067
5.58802	0.0528273
5.58826	0.0608189
5.58851	0.0541656
5.58875	0.0403951
5.58899	0.0403628
5.58924	0.0552333
5.58948	0.0642576
5.58973	0.057636
5.58997	0.0499805
5.59022	0.0541124
5.59046	0.0619076
5.59071	0.0624333
5.59095	0.061193
5.5912	0.0668628
5.59144	0.0736046
5.59169	0.0730045
5.59193	0.0720024
5.59217	0.0814046
5.59242	0.0954592
5.59266	0.101169
5.59291	0.101545
5.59315	0.110554
5.5934	0.129001
5.59364	0.145478
5.59389	0.160039
5.59413	0.185634
5.59438	0.223147
5.59462	0.25644
5.59487	0.279978
5.59511	0.311321
5.59535	0.363503
5.5956	0.421662
5.59584	0.463715
5.59609	0.492184
5.59633	0.526417
5.59658	0.569704
5.59682	0.603653
5.59707	0.614185
5.59731	0.605451
5.59756	0.585615
5.5978	0.555159
5.59805	0.515233
5.59829	0.473767
5.59853	0.434495
5.59878	0.390084
5.59902	0.335469
5.59927	0.280021
5.59951	0.236644
5.59976	0.204804
5.6	0.174314
5.60025	0.141439
5.60049	0.111229
5.60074	0.0873383
5.60098	0.0699737
5.60122	0.0613509
5.60147	0.0619364
5.60171	0.0625941
5.60196	0.0526481
5.6022	0.0362464
5.60245	0.0281462
5.60269	0.0313177
5.60294	0.0323648
5.60318	0.0235827
5.60343	0.0150614
5.60367	0.0165957
5.60392	0.0209122
5.60416	0.0168244
5.6044	0.00855788
5.60465	0.00798469
5.60489	0.0147352
5.60514	0.0186609
5.60538	0.0177665
5.60563	0.0190836
5.60587	0.0233396
5.60612	0.022812
5.60636	0.0153536
5.60661	0.00841827
5.60685	0.0069043
5.6071	0.00709422
5.60734	0.00490506
5.60758	0.00157567
5.60783	-0.000430375
5.60807	0.000365687
5.60832	0.0061843
5.60856	0.0156763
5.60881	0.0193705
5.60905	0.0100694
5.6093	-0.00294597
5.60954	-0.00265264
5.60979	0.0115544
5.61003	0.0218823
5.61028	0.0175188
5.61052	0.00797085
5.61076	0.00512553
5.61101	0.00590269
5.61125	0.00235326
5.6115	-0.00229388
5.61174	0.000472297
5.61199	0.00961634
5.61223	0.016459
5.61248	0.0167077
5.61272	0.0119397
5.61297	0.00401747
5.61321	-0.00353085
5.61345	-0.00342777
5.6137	0.00693901
5.61394	0.0186145
5.61419	0.0209349
5.61443	0.0150076
5.61468	0.00929746
5.61492	0.00591664
5.61517	0.00119159
5.61541	-0.00303003
5.61566	-0.00043529
5.6159	0.00680013
5.61615	0.00736213
5.61639	-0.00286125
5.61663	-0.0125052
5.61688	-0.00879834
5.61712	0.00543255
5.61737	0.0152553
5.61761	0.0118984
5.61786	0.00167564
5.6181	-0.00395991
5.61835	-0.00262055
5.61859	-0.00156123
5.61884	-0.00555362
5.61908	-0.00964823
5.61933	-0.00697045
5.61957	0.000554313
5.61981	0.00532692
5.62006	0.00593987
5.6203	0.00809679
5.62055	0.0129806
5.62079	0.0133285
5.62104	0.00501324
5.62128	-0.00489358
5.62153	-0.00736307
5.62177	-0.00286471
5.62202	0.00268031
5.62226	0.008008
5.62251	0.0146029
5.62275	0.0184784
5.62299	0.0133643
5.62324	0.00181478
5.62348	-0.00520992
5.62373	-0.00184378
5.62397	0.00562366
5.62422	0.00770133
5.62446	0.00323689
5.62471	-0.00091388
5.62495	0.000808279
5.6252	0.00642241
5.62544	0.00921387
5.62569	0.0058934
5.62593	0.00111667
5.62617	0.00207462
5.62642	0.00865652
5.62666	0.0127017
5.62691	0.00899004
5.62715	0.00274534
5.6274	0.00210176
5.62764	0.006488
5.62789	0.00820812
5.62813	0.0039216
5.62838	-0.0016899
5.62862	-0.00388243
5.62886	-0.00358797
5.62911	-0.00345904
5.62935	-0.003211
5.6296	-0.00192732
5.62984	-0.00133962
5.63009	-0.00297493
5.63033	-0.00412278
5.63058	-0.000858428
5.63082	0.00526632
5.63107	0.00773243
5.63131	0.00381398
5.63156	-0.000813364
5.6318	0.000210349
5.63204	0.00394957
5.63229	0.00168975
5.63253	-0.0073082
5.63278	-0.0125222
5.63302	-0.00661492
5.63327	0.00306053
5.63351	0.0046475
5.63376	-0.000621658
5.634	-0.000666957
5.63425	0.00835888
5.63449	0.0157594
5.63474	0.0120733
5.63498	0.00197568
5.63522	-0.00406622
5.63547	-0.00375937
5.63571	-0.00186685
5.63596	-0.000607771
5.6362	0.00113286
5.63645	0.0021537
5.63669	7.01654e-05
5.63694	-0.00299746
5.63718	-0.00228329
5.63743	0.002194
5.63767	0.00536007
5.63792	0.00449295
5.63816	0.00223697
5.6384	0.00159641
5.63865	0.00204049
5.63889	0.00190813
5.63914	0.00165046
5.63938	0.00292927
5.63963	0.00587609
5.63987	0.00830476
5.64012	0.00752367
5.64036	0.00338471
5.64061	-0.000612831
5.64085	-0.00113976
5.64109	-0.000129662
5.64134	-0.00282507
5.64158	-0.00939215
5.64183	-0.012611
5.64207	-0.00733268
5.64232	0.00122578
5.64256	0.00352513
5.64281	-0.00178763
5.64305	-0.00669197
5.6433	-0.00477212
5.64354	0.00162648
5.64379	0.00631232
5.64403	0.00706146
5.64427	0.00612077
5.64452	0.00557969
5.64476	0.00521669
5.64501	0.00433051
5.64525	0.00335647
5.6455	0.00282524
5.64574	0.00199681
5.64599	0.000108935
5.64623	-0.00141559
5.64648	-0.000514586
5.64672	0.00110298
5.64697	-0.00121731
5.64721	-0.00696791
5.64745	-0.00742094
5.6477	0.00312783
5.64794	0.0158548
5.64819	0.0161796
5.64843	0.00430312
5.64868	-0.00334679
5.64892	0.00302615
5.64917	0.0127656
5.64941	0.0113055
5.64966	0.00146425
5.6499	-0.00288436
5.65015	0.00152406
5.65039	0.00513209
5.65063	0.00285273
5.65088	2.43918e-05
5.65112	-0.000144725
5.65137	-0.00212269
5.65161	-0.00680142
5.65186	-0.00661521
5.6521	0.00116151
5.65235	0.00639
5.65259	0.000449038
5.65284	-0.00927311
5.65308	-0.00989245
5.65332	-0.00227297
5.65357	0.00226407
5.65381	0.00117735
5.65406	0.00328682
5.6543	0.0116469
5.65455	0.0169478
5.65479	0.0122145
5.65504	0.00318146
5.65528	-0.0018241
5.65553	-0.00304475
5.65577	-0.0035597
5.65602	-0.00118912
5.65626	0.00504671
5.6565	0.00777968
5.65675	0.00114812
5.65699	-0.00736238
5.65724	-0.00644115
5.65748	0.00115341
5.65773	0.00262839
5.65797	-0.00434045
5.65822	-0.0083677
5.65846	-0.00299911
5.65871	0.00428364
5.65895	0.00535639
5.6592	0.00200149
5.65944	-0.00178213
5.65968	-0.00686379
5.65993	-0.012198
5.66017	-0.0113484
5.66042	-0.00320457
5.66066	0.00314525
5.66091	0.00198239
5.66115	0.000129585
5.6614	0.00417739
5.66164	0.00839473
5.66189	0.00580772
5.66213	0.00190241
5.66238	0.00457051
5.66262	0.00865314
5.66286	0.00521954
5.66311	-0.000362789
5.66335	0.00359046
5.6636	0.0132321
5.66384	0.013577
5.66409	0.00392432
5.66433	8.55527e-06
5.66458	0.00787592
5.66482	0.0139851
5.66507	0.00784993
5.66531	-0.00178819
5.66555	-0.00296304
5.6658	0.000923857
5.66604	0.00016211
5.66629	-0.00377232
5.66653	-0.00251715
5.66678	0.00331056
5.66702	0.00458023
5.66727	-0.0019147
5.66751	-0.00871283
5.66776	-0.00757799
5.668	0.00156633
5.66825	0.0118054
5.66849	0.0160908
5.66873	0.0133805
5.66898	0.0093154
5.66922	0.00938981
5.66947	0.011922
5.66971	0.0112832
5.66996	0.00708543
5.6702	0.00436792
5.67045	0.00461717
5.67069	0.00349275
5.67094	-0.00100447
5.67118	-0.00493623
5.67143	-0.00528342
5.67167	-0.00388237
5.67191	-0.00210482
5.67216	0.00189799
5.6724	0.00755171
5.67265	0.00968149
5.67289	0.00567865
5.67314	0.000111236
5.67338	-0.000926238
5.67363	0.00361442
5.67387	0.0100403
5.67412	0.0127839
5.67436	0.00738074
5.67461	-0.00400861
5.67485	-0.0112587
5.67509	-0.00736785
5.67534	0.000641362
5.67558	0.000358925
5.67583	-0.00807139
5.67607	-0.0129217
5.67632	-0.00871951
5.67656	-0.00115078
5.67681	0.00549874
5.67705	0.0119676
5.6773	0.0141098
5.67754	0.00511034
5.67778	-0.00888039
5.67803	-0.0116586
5.67827	-0.00113829
5.67852	0.00604199
5.67876	0.00118269
5.67901	-0.00322934
5.67925	0.00281322
5.6795	0.00849416
5.67974	0.00237803
5.67999	-0.00569092
5.68023	-0.00156479
5.68048	0.00750811
5.68072	0.00510286
5.68096	-0.00542369
5.68121	-0.00610062
5.68145	0.00570726
5.6817	0.0132058
5.68194	0.00605106
5.68219	-0.00703956
5.68243	-0.0134278
5.68268	-0.0104369
5.68292	-0.00223105
5.68317	0.00582497
5.68341	0.00827899
5.68366	0.00390083
5.6839	-0.0012532
5.68414	-0.00165639
5.68439	0.00028377
5.68463	0.00116378
5.68488	0.00394893
5.68512	0.00944579
5.68537	0.00930641
5.68561	-0.000370029
5.68586	-0.00745198
5.6861	-0.000509848
5.68635	0.0112102
5.68659	0.0114241
5.68684	0.00256081
5.68708	-0.00150467
5.68732	-0.00156395
5.68757	-0.00905283
5.68781	-0.0196075
5.68806	-0.0159122
5.6883	0.00191792
5.68855	0.0135086
5.68879	0.0103613
5.68904	0.0072201
5.68928	0.0141375
5.68953	0.0198308
5.68977	0.013287
5.69001	0.0021405
5.69026	-0.00243999
5.6905	-0.00245729
5.69075	-0.00326132
5.69099	-0.0022297
5.69124	0.00190859
5.69148	0.00269721
5.69173	-0.00123642
5.69197	-0.00138302
5.69222	0.00386045
5.69246	0.0039224
5.69271	-0.00304094
5.69295	-0.00291631
5.69319	0.00850154
5.69344	0.013104
5.69368	0.000637298
5.69393	-0.00932982
5.69417	0.00234464
5.69442	0.0203757
5.69466	0.018223
5.69491	0.00144567
5.69515	-0.00268934
5.6954	0.00913823
5.69564	0.0136178
5.69589	0.00251003
5.69613	-0.00521633
5.69637	0.00155508
5.69662	0.00825687
5.69686	0.00255412
5.69711	-0.00503616
5.69735	-0.00221065
5.6976	0.00446536
5.69784	0.00538258
5.69809	0.00646185
5.69833	0.0146222
5.69858	0.0193984
5.69882	0.00853334
5.69907	-0.00812771
5.69931	-0.010541
5.69955	0.00105122
5.6998	0.00712758
5.70004	-0.000720698
5.70029	-0.0091087
5.70053	-0.00620338
5.70078	0.000612746
5.70102	-0.00113854
5.70127	-0.00875783
5.70151	-0.00937283
5.70176	0.000241997
5.702	0.00966272
5.70225	0.010189
5.70249	0.00541315
5.70273	0.00322322
5.70298	0.00353008
5.70322	0.000300541
5.70347	-0.00648542
5.70371	-0.00878743
5.70396	-0.0028982
5.7042	0.00277942
5.70445	-0.0014549
5.70469	-0.0119931
5.70494	-0.0161697
5.70518	-0.0100196
5.70542	-0.00306314
5.70567	-0.00372921
5.70591	-0.00850487
5.70616	-0.00976847
5.7064	-0.00685233
5.70665	-0.00319671
5.70689	0.00126395
5.70714	0.00701492
5.70738	0.00869211
5.70763	0.00110228
5.70787	-0.0101653
5.70812	-0.0132234
5.70836	-0.00543781
5.7086	0.00357521
5.70885	0.00570004
5.70909	0.00288767
5.70934	-0.000367144
5.70958	-0.00421944
5.70983	-0.00818091
5.71007	-0.00699302
5.71032	0.000543277
5.71056	0.00515421
5.71081	-0.000913087
5.71105	-0.0100218
5.7113	-0.00863222
5.71154	0.00149703
5.71178	0.00488731
5.71203	-0.00336812
5.71227	-0.00917524
5.71252	-0.00173322
5.71276	0.0089743
5.71301	0.00827724
5.71325	0.000249225
5.7135	0.000157771
5.71374	0.00934092
5.71399	0.0144806
5.71423	0.0107415
5.71448	0.00800195
5.71472	0.0105148
5.71496	0.00778341
5.71521	-0.00547587
5.71545	-0.0154494
5.7157	-0.0085694
5.71594	0.00619549
5.71619	0.0098799
5.71643	0.00135635
5.71668	-0.00400719
5.71692	-8.35953e-05
5.71717	0.00323995
5.71741	-9.20582e-05
5.71765	-0.00299514
5.7179	-0.00101607
5.71814	-0.00183035
5.71839	-0.0101031
5.71863	-0.0158303
5.71888	-0.00950074
5.71912	0.000728323
5.71937	0.00042633
5.71961	-0.00852859
5.71986	-0.0110246
5.7201	-0.00217803
5.72035	0.00621195
5.72059	0.00432546
5.72083	-0.00276309
5.72108	-0.0053355
5.72132	-0.00267122
5.72157	-0.000372975
5.72181	-0.000796582
5.72206	-0.00245084
5.7223	-0.00445949
5.72255	-0.00587082
5.72279	-0.00383651
5.72304	0.00221244
5.72328	0.00719776
5.72353	0.00657978
5.72377	0.00389056
5.72401	0.00606404
5.72426	0.0119786
5.7245	0.01238
5.72475	0.00321855
5.72499	-0.00674044
5.72524	-0.00619772
5.72548	0.00390742
5.72573	0.0113353
5.72597	0.00811754
5.72622	9.10284e-05
5.72646	-0.00162246
5.72671	0.00487873
5.72695	0.0108684
5.72719	0.00909913
5.72744	0.00206355
5.72768	-0.00360221
5.72793	-0.00615952
5.72817	-0.00796583
5.72842	-0.00876572
5.72866	-0.00582252
5.72891	-0.000220642
5.72915	0.00295107
5.7294	0.00216703
5.72964	0.00180166
5.72988	0.00431764
5.73013	0.00527546
5.73037	0.000417244
5.73062	-0.00636705
5.73086	-0.00787847
5.73111	-0.00419832
5.73135	-0.00230726
5.7316	-0.00550837
5.73184	-0.009158
5.73209	-0.0082707
5.73233	-0.00426876
5.73258	-0.00150626
5.73282	-0.000814052
5.73306	6.4617e-05
5.73331	0.00164216
5.73355	0.00162392
5.7338	-0.00155838
5.73404	-0.00604963
5.73429	-0.00788557
5.73453	-0.00508381
5.73478	-0.000803754
5.73502	-0.00109951
5.73527	-0.00716461
5.73551	-0.0111409
5.73576	-0.00442549
5.736	0.00913476
5.73624	0.0144186
5.73649	0.00341367
5.73673	-0.0127128
5.73698	-0.0166723
5.73722	-0.00725349
5.73747	0.000337986
5.73771	-0.00332391
5.73796	-0.0091956
5.7382	-0.00457864
5.73845	0.00723565
5.73869	0.0115661
5.73894	0.00357112
5.73918	-0.00542154
5.73942	-0.00441063
5.73967	0.00312719
5.73991	0.00632438
5.74016	0.00207051
5.7404	-0.00313145
5.74065	-0.0031758
5.74089	0.00179301
5.74114	0.00802942
5.74138	0.0114143
5.74163	0.00900395
5.74187	0.00233486
5.74211	-0.00160801
5.74236	0.00199914
5.7426	0.00808889
5.74285	0.00784307
5.74309	0.00218423
5.74334	0.00100742
5.74358	0.00715821
5.74383	0.0106628
5.74407	0.00425739
5.74432	-0.00402581
5.74456	-0.00242888
5.74481	0.0066379
5.74505	0.0108763
5.74529	0.00681305
5.74554	0.00273886
5.74578	0.00361985
5.74603	0.00490311
5.74627	0.00373402
5.74652	0.00493536
5.74676	0.0104388
5.74701	0.0125974
5.74725	0.00593982
5.7475	-0.00188646
5.74774	-0.000339201
5.74799	0.00760826
5.74823	0.00939427
5.74847	0.00122057
5.74872	-0.00744293
5.74896	-0.00816908
5.74921	-0.0032387
5.74945	0.00152606
5.7497	0.00540443
5.74994	0.00951431
5.75019	0.0110536
5.75043	0.00693225
5.75068	-0.000152051
5.75092	-0.00481904
5.75117	-0.00633318
5.75141	-0.00795242
5.75165	-0.0102863
5.7519	-0.0102808
5.75214	-0.00663857
5.75239	-0.00172205
5.75263	0.00213246
5.75288	0.00393472
5.75312	0.00171521
5.75337	-0.00560472
5.75361	-0.0128276
5.75386	-0.0113825
5.7541	-0.00102414
5.75434	0.00748991
5.75459	0.00652329
5.75483	0.00229336
5.75508	0.00398514
5.75532	0.00767392
5.75557	0.00236538
5.75581	-0.010238
5.75606	-0.0156064
5.7563	-0.00835573
5.75655	-0.000848797
5.75679	-0.00344274
5.75704	-0.00841075
5.75728	-0.00364613
5.75752	0.00741743
5.75777	0.0123184
5.75801	0.00937484
5.75826	0.00702868
5.7585	0.00723055
5.75875	0.00429274
5.75899	-0.000505003
5.75924	0.00168348
5.75948	0.0106493
5.75973	0.0138548
5.75997	0.00497738
5.76022	-0.00598656
5.76046	-0.00719751
5.7607	0.000591024
5.76095	0.0100092
5.76119	0.0174202
5.76144	0.0206344
5.76168	0.0164348
5.76193	0.00849064
5.76217	0.00822045
5.76242	0.0186198
5.76266	0.0265003
5.76291	0.0213189
5.76315	0.0123248
5.7634	0.0137279
5.76364	0.0211259
5.76388	0.0194173
5.76413	0.00922939
5.76437	0.00633553
5.76462	0.0144441
5.76486	0.0174862
5.76511	0.00468314
5.76535	-0.0123918
5.7656	-0.0165693
5.76584	-0.00749435
5.76609	0.00194012
5.76633	0.00342058
5.76657	-0.00120001
5.76682	-0.00652052
5.76706	-0.0083468
5.76731	-0.00544016
5.76755	-0.00141762
5.7678	-0.00127804
5.76804	-0.00348776
5.76829	-0.00147693
5.76853	0.00433719
5.76878	0.00431227
5.76902	-0.00554926
5.76927	-0.0147964
5.76951	-0.0121202
5.76975	-0.00117545
5.77	0.00547066
5.77024	0.00327735
5.77049	-0.00165658
5.77073	-0.00312344
5.77098	3.81506e-06
5.77122	0.00613215
5.77147	0.0112027
5.77171	0.00953905
5.77196	0.00137266
5.7722	-0.00397945
5.77245	8.41222e-05
5.77269	0.00649034
5.77293	0.00431899
5.77318	-0.00396036
5.77342	-0.00598291
5.77367	0.00132033
5.77391	0.00768587
5.77416	0.00564746
5.7744	-0.000208276
5.77465	-0.00281922
5.77489	-0.00190435
5.77514	-0.00024937
5.77538	0.000885002
5.77563	-0.000465448
5.77587	-0.00571279
5.77611	-0.0097295
5.77636	-0.0054311
5.7766	0.00264603
5.77685	0.000633942
5.77709	-0.0130671
5.77734	-0.0206466
5.77758	-0.00918018
5.77783	0.00865011
5.77807	0.0117241
5.77832	0.000839591
5.77856	-0.00459038
5.7788	0.00283871
5.77905	0.00936844
5.77929	0.00460762
5.77954	-0.00178916
5.77978	0.00287063
5.78003	0.0132554
5.78027	0.0147393
5.78052	0.0062333
5.78076	0.000691651
5.78101	0.00454499
5.78125	0.00916317
5.7815	0.00556746
5.78174	-0.00229584
5.78198	-0.00469002
5.78223	-0.000195824
5.78247	0.0038428
5.78272	0.0019129
5.78296	-0.00428759
5.78321	-0.00956048
5.78345	-0.0096268
5.7837	-0.00298045
5.78394	0.00704131
5.78419	0.0127605
5.78443	0.00953608
5.78468	0.0023303
5.78492	-0.000156976
5.78516	0.00236473
5.78541	0.00185254
5.78565	-0.00493216
5.7859	-0.0109047
5.78614	-0.00937346
5.78639	-0.0029432
5.78663	0.00295252
5.78688	0.00814087
5.78712	0.012879
5.78737	0.0120361
5.78761	0.00303825
5.78786	-0.00570671
5.7881	-0.00465972
5.78834	0.00217333
5.78859	0.0033826
5.78883	-0.00149383
5.78908	-0.00204487
5.78932	0.00509482
5.78957	0.0115077
5.78981	0.0121812
5.79006	0.0126108
5.7903	0.01659
5.79055	0.018959
5.79079	0.0164083
5.79104	0.0146772
5.79128	0.0181547
5.79152	0.0221961
5.79177	0.0230879
5.79201	0.0258711
5.79226	0.0336279
5.7925	0.0380665
5.79275	0.0310022
5.79299	0.0180518
5.79324	0.0105773
5.79348	0.00992448
5.79373	0.0096466
5.79397	0.0078274
5.79421	0.00694702
5.79446	0.00644469
5.7947	0.00558295
5.79495	0.00869271
5.79519	0.0170907
5.79544	0.0213491
5.79568	0.0135933
5.79593	0.00219094
5.79617	0.000283925
5.79642	0.00418247
5.79666	-0.00025011
5.79691	-0.0115461
5.79715	-0.0119716
5.79739	0.00383138
5.79764	0.0176619
5.79788	0.0133193
5.79813	-0.00123741
5.79837	-0.00778159
5.79862	-0.00301274
5.79886	0.00185275
5.79911	-5.92424e-05
5.79935	-0.00432652
5.7996	-0.0049203
5.79984	-0.00207586
5.80009	0.000224604
5.80033	1.99568e-05
5.80057	-0.000489227
5.80082	0.00218648
5.80106	0.00736955
5.80131	0.00953571
5.80155	0.00607664
5.8018	0.00261569
5.80204	0.00486541
5.80229	0.00826863
5.80253	0.00416224
5.80278	-0.0056566
5.80302	-0.0107025
5.80327	-0.00788861
5.80351	-0.00472096
5.80375	-0.00513238
5.804	-0.00412605
5.80424	0.000203694
5.80449	0.00144898
5.80473	-0.00302938
5.80498	-0.00629244
5.80522	-0.00457183
5.80547	-0.00463291
5.80571	-0.0104828
5.80596	-0.0136603
5.8062	-0.0069323
5.80644	0.00194669
5.80669	0.00200187
5.80693	-0.00324104
5.80718	-0.00301145
5.80742	0.00142983
5.80767	-0.000475008
5.80791	-0.00872073
5.80816	-0.0106466
5.8084	-0.00101568
5.80865	0.00861906
5.80889	0.00635784
5.80914	-0.0033992
5.80938	-0.00720019
5.80962	-0.00154636
5.80987	0.00318969
5.81011	-0.00229074
5.81036	-0.0131139
5.8106	-0.0158505
5.81085	-0.0057012
5.81109	0.00685819
5.81134	0.00909901
5.81158	0.00161616
5.81183	-0.00438771
5.81207	-0.0026664
5.81232	0.00244955
5.81256	0.00502004
5.8128	0.00372376
5.81305	-0.00147489
5.81329	-0.0098192
5.81354	-0.0149607
5.81378	-0.00945602
5.81403	0.00226959
5.81427	0.00555848
5.81452	-0.00443448
5.81476	-0.0143175
5.81501	-0.0110974
5.81525	0.000555179
5.8155	0.00844272
5.81574	0.0107954
5.81598	0.0128458
5.81623	0.0131496
5.81647	0.00655563
5.81672	-0.00348872
5.81696	-0.00825845
5.81721	-0.0069338
5.81745	-0.00518647
5.8177	-0.00331021
5.81794	0.00207498
5.81819	0.00643421
5.81843	0.00130365
5.81867	-0.00920186
5.81892	-0.00983408
5.81916	0.00352007
5.81941	0.0154499
5.81965	0.0120954
5.8199	0.000904829
5.82014	-0.000189064
5.82039	0.0121691
5.82063	0.0226344
5.82088	0.0176867
5.82112	0.00247023
5.82137	-0.00632194
5.82161	-0.000857614
5.82185	0.00935529
5.8221	0.0103801
5.82234	0.00126592
5.82259	-0.00628981
5.82283	-0.00432323
5.82308	0.00223391
5.82332	0.00479517
5.82357	0.00262646
5.82381	0.000542716
5.82406	0.000777704
5.8243	0.00282134
5.82455	0.00663695
5.82479	0.00999876
5.82503	0.00716987
5.82528	-0.00283756
5.82552	-0.0109294
5.82577	-0.00890791
5.82601	-0.00229668
5.82626	-0.00295343
5.8265	-0.0110641
5.82675	-0.014973
5.82699	-0.00927761
5.82724	-0.00251293
5.82748	-0.00346948
5.82773	-0.00876128
5.82797	-0.00967907
5.82821	-0.00532464
5.82846	-0.00215302
5.8287	-0.00319899
5.82895	-0.00436748
5.82919	-0.00211682
5.82944	0.000475322
5.82968	-0.000661529
5.82993	-0.00153912
5.83017	0.00629848
5.83042	0.0209908
5.83066	0.0271036
5.8309	0.0148092
5.83115	-0.00361744
5.83139	-0.00809914
5.83164	0.0016734
5.83188	0.00758537
5.83213	0.00171155
5.83237	-0.00426474
5.83262	-0.00266706
5.83286	-0.00295988
5.83311	-0.0106246
5.83335	-0.0121018
5.8336	0.00247112
5.83384	0.0175023
5.83408	0.0136557
5.83433	-0.000954088
5.83457	-0.00468012
5.83482	0.00149759
5.83506	-0.00184479
5.83531	-0.0163363
5.83555	-0.0221126
5.8358	-0.0126454
5.83604	-0.00576288
5.83629	-0.0120286
5.83653	-0.017102
5.83678	-0.0081075
5.83702	0.00375002
5.83726	0.0027623
5.83751	-0.00557386
5.83775	-0.00571286
5.838	0.00253299
5.83824	0.00655975
5.83849	0.00201675
5.83873	-0.00337826
5.83898	-0.00334768
5.83922	0.000831739
5.83947	0.00499144
5.83971	0.00493026
5.83996	-0.00172253
5.8402	-0.0103273
5.84044	-0.0109944
5.84069	-0.00120125
5.84093	0.00948974
5.84118	0.012674
5.84142	0.0114136
5.84167	0.0110153
5.84191	0.00829509
5.84216	-0.00116552
5.8424	-0.0123214
5.84265	-0.016782
5.84289	-0.0143062
5.84313	-0.00984973
5.84338	-0.00453728
5.84362	0.00216643
5.84387	0.00648931
5.84411	0.00482006
5.84436	-9.04513e-05
5.8446	-0.00385575
5.84485	-0.00592527
5.84509	-0.00494036
5.84534	0.00293533
5.84558	0.0140135
5.84583	0.0156666
5.84607	0.00458299
5.84631	-0.00455997
5.84656	-0.00108895
5.8468	0.00263319
5.84705	-0.00897576
5.84729	-0.0260806
5.84754	-0.0261893
5.84778	-0.00978118
5.84803	0.000780634
5.84827	-0.00290478
5.84852	-0.00528989
5.84876	0.00318084
5.84901	0.0103808
5.84925	0.00600364
5.84949	-0.000710113
5.84974	0.0007498
5.84998	0.0045002
5.85023	0.00280838
5.85047	0.00190377
5.85072	0.00765351
5.85096	0.010256
5.85121	0.000955288
5.85145	-0.0086464
5.8517	-0.00370497
5.85194	0.00785981
5.85219	0.00813027
5.85243	-2.99084e-05
5.85267	0.000798127
5.85292	0.00978404
5.85316	0.0079789
5.85341	-0.00719036
5.85365	-0.0144623
5.8539	-0.00341182
5.85414	0.00816914
5.85439	0.0039416
5.85463	-0.00586075
5.85488	-0.00524071
5.85512	0.000198706
5.85536	-0.00341462
5.85561	-0.0114567
5.85585	-0.00939351
5.8561	0.000392685
5.85634	0.00232608
5.85659	-0.00570836
5.85683	-0.0100021
5.85708	-0.0047031
5.85732	0.000804178
5.85757	-0.000128582
5.85781	-0.00265007
5.85806	-0.00257482
5.8583	-0.0026309
5.85854	-0.00335275
5.85879	-0.00110235
5.85903	0.0020645
5.85928	-0.000231408
5.85952	-0.00517157
5.85977	-0.00284684
5.86001	0.00531664
5.86026	0.00606792
5.8605	-0.00312374
5.86075	-0.00800427
5.86099	-0.00135045
5.86124	0.00441726
5.86148	-0.000836511
5.86172	-0.00682572
5.86197	-0.00109666
5.86221	0.00842328
5.86246	0.00633932
5.8627	-0.0045669
5.86295	-0.00865793
5.86319	-0.00234652
5.86344	0.00381905
5.86368	0.00491009
5.86393	0.00690881
5.86417	0.0124145
5.86442	0.0155198
5.86466	0.0129541
5.8649	0.00894077
5.86515	0.00674396
5.86539	0.00428006
5.86564	-0.000123862
5.86588	-0.00457674
5.86613	-0.00687734
5.86637	-0.00579069
5.86662	-0.000608317
5.86686	0.00581112
5.86711	0.00718644
5.86735	0.00235601
5.8676	-0.00139205
5.86784	0.000510084
5.86808	0.00228416
5.86833	-0.00110351
5.86857	-0.00351657
5.86882	0.00142836
5.86906	0.00705418
5.86931	0.00374666
5.86955	-0.00452995
5.8698	-0.00739804
5.87004	-0.00547232
5.87029	-0.00611391
5.87053	-0.0077639
5.87077	-0.00436961
5.87102	2.17709e-05
5.87126	-0.00172943
5.87151	-0.00344542
5.87175	0.00461855
5.872	0.0142875
5.87224	0.00969007
5.87249	-0.00382479
5.87273	-0.00581136
5.87298	0.00409072
5.87322	0.00447707
5.87347	-0.00963544
5.87371	-0.0158342
5.87395	-0.00220753
5.8742	0.0114444
5.87444	0.0063567
5.87469	-0.00580786
5.87493	-0.00617813
5.87518	-0.000134198
5.87542	-0.00240958
5.87567	-0.00760941
5.87591	-0.00120492
5.87616	0.0112098
5.8764	0.011404
5.87665	-0.000616565
5.87689	-0.00692706
5.87713	-0.000629895
5.87738	0.00672898
5.87762	0.00666229
5.87787	0.00374766
5.87811	0.00247138
5.87836	0.000634143
5.8786	-0.00141467
5.87885	0.000894668
5.87909	0.0060025
5.87934	0.00651411
5.87958	0.00227112
5.87983	0.00177752
5.88007	0.00797619
5.88031	0.0129855
5.88056	0.0102145
5.8808	0.00326894
5.88105	-0.000169551
5.88129	0.00283458
5.88154	0.00905088
5.88178	0.0117423
5.88203	0.00610746
5.88227	-0.00320458
5.88252	-0.00415319
5.88276	0.00677302
5.883	0.0167187
5.88325	0.0134497
5.88349	0.00324895
5.88374	-0.000136596
5.88398	0.0023378
5.88423	-0.000314942
5.88447	-0.00678384
5.88472	-0.00480545
5.88496	0.0053239
5.88521	0.00827061
5.88545	-0.00104229
5.8857	-0.00793855
5.88594	-0.00113487
5.88618	0.0107094
5.88643	0.0145579
5.88667	0.0108001
5.88692	0.00543675
5.88716	-0.00218142
5.88741	-0.011694
5.88765	-0.013027
5.8879	0.000588687
5.88814	0.0182343
5.88839	0.0231626
5.88863	0.0142173
5.88888	0.00395402
5.88912	-0.000110827
5.88936	-0.000866306
5.88961	-0.00155022
5.88985	-0.00176767
5.8901	-0.00233962
5.89034	-0.00456328
5.89059	-0.00553743
5.89083	-0.00230299
5.89108	0.0010581
5.89132	-0.00162761
5.89157	-0.00860203
5.89181	-0.0130238
5.89206	-0.0133625
5.8923	-0.012572
5.89254	-0.00985432
5.89279	-0.00295707
5.89303	0.00370881
5.89328	0.0040307
5.89352	0.0017695
5.89377	0.00567748
5.89401	0.0138642
5.89426	0.0157338
5.8945	0.0100405
5.89475	0.00705345
5.89499	0.0102474
5.89523	0.0106863
5.89548	0.00466063
5.89572	0.0015594
5.89597	0.00601019
5.89621	0.00710524
5.89646	-0.00287561
5.8967	-0.0123223
5.89695	-0.00762423
5.89719	0.00397899
5.89744	0.00590258
5.89768	-0.000960368
5.89793	-0.00172409
5.89817	0.00595219
5.89841	0.00863187
5.89866	0.00138523
5.8989	-0.00347762
5.89915	0.00282328
5.89939	0.0119136
5.89964	0.0129959
5.89988	0.00853909
5.90013	0.00667251
5.90037	0.00781141
5.90062	0.00755876
5.90086	0.00560599
5.90111	0.00383546
5.90135	0.000999098
5.90159	-0.00417256
5.90184	-0.00892623
5.90208	-0.0102987
5.90233	-0.00873965
5.90257	-0.00524662
5.90282	-0.000553732
5.90306	0.00116007
5.90331	-0.00406891
5.90355	-0.0102935
5.9038	-0.00587012
5.90404	0.00823046
5.90429	0.0156687
5.90453	0.00726209
5.90477	-0.00490266
5.90502	-0.0052869
5.90526	0.00338528
5.90551	0.00754097
5.90575	0.00326132
5.906	-0.0032136
5.90624	-0.00847887
5.90649	-0.0122591
5.90673	-0.0104012
5.90698	-0.00146171
5.90722	0.00415916
5.90746	-0.00365818
5.90771	-0.0163763
5.90795	-0.0157613
5.9082	-0.000156922
5.90844	0.0135386
5.90869	0.0145978
5.90893	0.00941204
5.90918	0.00526339
5.90942	-0.000516397
5.90967	-0.00912306
5.90991	-0.0126808
5.91016	-0.00710219
5.9104	-0.00137864
5.91064	-0.0044098
5.91089	-0.0110901
5.91113	-0.0110101
5.91138	-0.00447034
5.91162	-0.000303555
5.91187	-0.00195631
5.91211	-0.00440329
5.91236	-0.00304873
5.9126	0.000998593
5.91285	0.00383565
5.91309	0.00285451
5.91334	-0.00109355
5.91358	-0.00357233
5.91382	-0.000990314
5.91407	0.00382359
5.91431	0.00463685
5.91456	0.00143245
5.9148	0.000979911
5.91505	0.00544538
5.91529	0.00762701
5.91554	0.00230399
5.91578	-0.00437222
5.91603	-0.00370737
5.91627	0.00222551
5.91652	0.00408582
5.91676	-0.000557114
5.917	-0.004626
5.91725	-0.00289217
5.91749	0.0011027
5.91774	0.00115201
5.91798	-0.00356915
5.91823	-0.00887455
5.91847	-0.0108069
5.91872	-0.00858316
5.91896	-0.00420606
5.91921	-0.000654174
5.91945	0.000579486
5.91969	0.000658582
5.91994	0.00121057
5.92018	0.00129153
5.92043	-0.00127021
5.92067	-0.00521406
5.92092	-0.00564211
5.92116	-0.0009096
5.92141	0.00276438
5.92165	-0.00189518
5.9219	-0.0121951
5.92214	-0.0167977
5.92239	-0.0100873
5.92263	0.000362823
5.92287	0.00479352
5.92312	0.00410283
5.92336	0.00496824
5.92361	0.00695749
5.92385	0.00411671
5.9241	-0.0029496
5.92434	-0.00744511
5.92459	-0.00838891
5.92483	-0.0107437
5.92508	-0.0128237
5.92532	-0.00680084
5.92557	0.00531702
5.92581	0.0105534
5.92605	0.00525819
5.9263	0.00150657
5.92654	0.0055893
5.92679	0.0064919
5.92703	-0.00276585
5.92728	-0.00926277
5.92752	-0.0019873
5.92777	0.00588972
5.92801	-0.00246609
5.92826	-0.0170965
5.9285	-0.0161441
5.92875	-0.00315274
5.92899	-0.00179881
5.92923	-0.0158005
5.92948	-0.0227403
5.92972	-0.0115744
5.92997	0.000904385
5.93021	-0.00029125
5.93046	-0.00660949
5.9307	-0.00596778
5.93095	-0.00345027
5.93119	-0.00732854
5.93144	-0.0115785
5.93168	-0.00814823
5.93192	-0.00337289
5.93217	-0.00659173
5.93241	-0.0127227
5.93266	-0.0108404
5.9329	-0.00208624
5.93315	0.0043375
5.93339	0.00640544
5.93364	0.00822371
5.93388	0.00926788
5.93413	0.00603536
5.93437	0.000402845
5.93462	-0.00283281
5.93486	-0.00285968
5.9351	-0.00035059
5.93535	0.00604221
5.93559	0.0137985
5.93584	0.0144578
5.93608	0.00565734
5.93633	-0.00204396
5.93657	0.000519835
5.93682	0.00693744
5.93706	0.00531973
5.93731	-0.00353394
5.93755	-0.00891027
5.9378	-0.00667655
5.93804	-0.00245004
5.93828	-0.00111257
5.93853	-0.00241433
5.93877	-0.00489087
5.93902	-0.00646746
5.93926	-0.00372801
5.93951	0.00280022
5.93975	0.00621726
5.94	0.00253345
5.94024	-0.00226216
5.94049	-0.00141564
5.94073	0.0016557
5.94098	-0.000143254
5.94122	-0.00525441
5.94146	-0.007146
5.94171	-0.00642456
5.94195	-0.00922735
5.9422	-0.0156716
5.94244	-0.0192733
5.94269	-0.0169978
5.94293	-0.012033
5.94318	-0.00753867
5.94342	-0.00452531
5.94367	-0.00450484
5.94391	-0.00755771
5.94416	-0.00921819
5.9444	-0.00534172
5.94464	0.00159971
5.94489	0.00626634
5.94513	0.00752502
5.94538	0.00653203
5.94562	0.00215047
5.94587	-0.00504705
5.94611	-0.00876829
5.94636	-0.00496732
5.9466	0.000191329
5.94685	-0.00112244
5.94709	-0.00575799
5.94733	-0.00513927
5.94758	-5.36886e-05
5.94782	0.00143616
5.94807	-0.0006942
5.94831	0.0022239
5.94856	0.0113833
5.9488	0.0157719
5.94905	0.00854962
5.94929	-0.0014197
5.94954	-0.00138123
5.94978	0.00795254
5.95003	0.0140715
5.95027	0.00913539
5.95051	-0.00130232
5.95076	-0.00644393
5.951	-0.00334678
5.95125	0.000513568
5.95149	-0.00255432
5.95174	-0.0101822
5.95198	-0.0129144
5.95223	-0.00702574
5.95247	0.000152727
5.95272	-4.16262e-05
5.95296	-0.00633092
5.95321	-0.00964343
5.95345	-0.004524
5.95369	0.00478702
5.95394	0.00906275
5.95418	0.00357356
5.95443	-0.00631174
5.95467	-0.00975532
5.95492	-0.00304043
5.95516	0.00478098
5.95541	0.00389237
5.95565	-0.00159688
5.9559	0.000103864
5.95614	0.00863083
5.95639	0.0102218
5.95663	-0.000588376
5.95687	-0.0108029
5.95712	-0.00776867
5.95736	0.0029068
5.95761	0.00794022
5.95785	0.00599583
5.9581	0.00535019
5.95834	0.00797245
5.95859	0.00789055
5.95883	0.00296623
5.95908	-0.0017431
5.95932	-0.00209426
5.95956	0.000492628
5.95981	0.0020909
5.96005	0.000160759
5.9603	-0.00345807
5.96054	-0.0018897
5.96079	0.00880008
5.96103	0.0196123
5.96128	0.0161958
5.96152	1.30711e-05
5.96177	-0.0103169
5.96201	-0.00572587
5.96226	-0.0008914
5.9625	-0.0103118
5.96274	-0.0236602
5.96299	-0.0215502
5.96323	-0.00613773
5.96348	0.00326441
5.96372	-1.49396e-05
5.96397	-0.00394231
5.96421	-0.000313136
5.96446	0.00470419
5.9647	0.00457719
5.96495	0.00184124
5.96519	0.000316617
5.96544	-4.58096e-05
5.96568	0.00173653
5.96592	0.00706703
5.96617	0.0113366
5.96641	0.00856344
5.96666	0.00244961
5.9669	0.00164796
5.96715	0.00438801
5.96739	0.000397492
5.96764	-0.0109899
5.96788	-0.0177522
5.96813	-0.0131574
5.96837	-0.00509252
5.96862	-0.00344484
5.96886	-0.00784474
5.9691	-0.0116492
5.96935	-0.0102212
5.96959	-0.00300249
5.96984	0.00564964
5.97008	0.00749772
5.97033	-0.000285569
5.97057	-0.0083609
5.97082	-0.00629821
5.97106	0.00234
5.97131	0.00618284
5.97155	0.0037296
5.97179	0.0023053
5.97204	0.00271029
5.97228	-0.000165753
5.97253	-0.00339217
5.97277	0.000883138
5.97302	0.00888905
5.97326	0.00910473
5.97351	0.00309807
5.97375	0.00373555
5.974	0.0108646
5.97424	0.00975233
5.97449	-0.00147979
5.97473	-0.00502221
5.97497	0.00722769
5.97522	0.0187274
5.97546	0.0149592
5.97571	0.00574317
5.97595	0.0062763
5.9762	0.0127192
5.97644	0.0128341
5.97669	0.00704694
5.97693	0.00292416
5.97718	0.000672161
5.97742	-0.00115572
5.97767	0.00214406
5.97791	0.00897906
5.97815	0.00527437
5.9784	-0.0123096
5.97864	-0.0218093
5.97889	-0.00575908
5.97913	0.0176229
5.97938	0.0183019
5.97962	-0.000167075
5.97987	-0.00790096
5.98011	0.00310528
5.98036	0.00939156
5.9806	-0.00206155
5.98085	-0.0127794
5.98109	-0.00509979
5.98133	0.00956662
5.98158	0.0111792
5.98182	0.00152784
5.98207	-0.00358788
5.98231	-0.000477546
5.98256	0.00162886
5.9828	-0.000951503
5.98305	-0.00269407
5.98329	-0.000998119
5.98354	0.000516374
5.98378	0.000346602
5.98402	0.00113469
5.98427	0.00276962
5.98451	0.000961245
5.98476	-0.00552897
5.985	-0.0112133
5.98525	-0.00972925
5.98549	-0.00126399
5.98574	0.00732168
5.98598	0.00946542
5.98623	0.00545468
5.98647	0.00099469
5.98672	-0.000532768
5.98696	-0.00100618
5.9872	-0.00135441
5.98745	0.00181098
5.98769	0.0080959
5.98794	0.0080299
5.98818	-0.00440809
5.98843	-0.0177344
5.98867	-0.0143952
5.98892	0.0035294
5.98916	0.0142268
5.98941	0.00609866
5.98965	-0.00624132
5.9899	-0.00456529
5.99014	0.00685892
5.99038	0.0110741
5.99063	0.00557198
5.99087	0.0029806
5.99112	0.00739545
5.99136	0.00747858
5.99161	-0.00305397
5.99185	-0.0128455
5.9921	-0.00944938
5.99234	0.0017794
5.99259	0.00630171
5.99283	0.00179766
5.99308	-0.000999145
5.99332	0.00290007
5.99356	0.00552028
5.99381	0.000601858
5.99405	-0.00516777
5.9943	-0.00288207
5.99454	0.00358243
5.99479	0.00287315
5.99503	-0.00626647
5.99528	-0.0124018
5.99552	-0.00721532
5.99577	0.00410481
5.99601	0.0110066
5.99625	0.00961338
5.9965	0.00311329
5.99674	-0.00426431
5.99699	-0.00908525
5.99723	-0.00866897
5.99748	-0.00398374
5.99772	2.86649e-05
5.99797	0.000589642
5.99821	0.000640883
5.99846	0.00309176
5.9987	0.00532572
5.99895	0.00366052
5.99919	-0.000259799
5.99943	-0.00227405
5.99968	-0.00182677
5.99992	-0.000589095
6.00017	0.00162651
6.00041	0.00431786
6.00066	0.00338006
6.0009	-0.00264984
6.00115	-0.00663262
6.00139	-0.00102604
6.00164	0.00966273
6.00188	0.0129416
6.00213	0.00470623
6.00237	-0.00626949
6.00261	-0.0108754
6.00286	-0.00909624
6.0031	-0.00534852
6.00335	-0.00164099
6.00359	0.00150882
6.00384	0.00263985
6.00408	0.0010813
6.00433	-0.00185261
6.00457	-0.00445766
6.00482	-0.00490217
6.00506	-0.00124527
6.00531	0.00485987
6.00555	0.00683989
6.00579	0.00110193
6.00604	-0.00638478
6.00628	-0.00817539
6.00653	-0.00657798
6.00677	-0.00782266
6.00702	-0.00866907
6.00726	-0.00144495
6.00751	0.00884189
6.00775	0.00759613
6.008	-0.00649681
6.00824	-0.0169571
6.00848	-0.0136422
6.00873	-0.00673594
6.00897	-0.00815721
6.00922	-0.0128198
6.00946	-0.0101214
6.00971	-0.0028975
6.00995	-0.00131893
6.0102	-0.00568594
6.01044	-0.00854476
6.01069	-0.00831489
6.01093	-0.00841237
6.01118	-0.00752576
6.01142	-0.00284162
6.01166	0.000893345
6.01191	-0.00270517
6.01215	-0.00989601
6.0124	-0.0121245
6.01264	-0.00961196
6.01289	-0.00821679
6.01313	-0.00666046
6.01338	-4.85591e-06
6.01362	0.00710168
6.01387	0.00526454
6.01411	-0.00256875
6.01436	-0.00391136
6.0146	0.0025809
6.01484	0.00466425
6.01509	-0.00237913
6.01533	-0.00773707
6.01558	-0.00388922
6.01582	0.00100959
6.01607	-0.00221846
6.01631	-0.00900647
6.01656	-0.0105738
6.0168	-0.0081584
6.01705	-0.00735399
6.01729	-0.00652606
6.01754	-0.00216328
6.01778	0.000401563
6.01802	-0.00597315
6.01827	-0.0155198
6.01851	-0.0143941
6.01876	-0.00106525
6.019	0.00915554
6.01925	0.00439832
6.01949	-0.00718371
6.01974	-0.00850987
6.01998	0.00276786
6.02023	0.0110203
6.02047	0.00479221
6.02071	-0.00665352
6.02096	-0.00691105
6.0212	0.00270498
6.02145	0.00470558
6.02169	-0.00733041
6.02194	-0.0177691
6.02218	-0.0127647
6.02243	-0.00154483
6.02267	-0.000617398
6.02292	-0.00730729
6.02316	-0.00682585
6.02341	0.000361415
6.02365	-0.00101386
6.02389	-0.0134688
6.02414	-0.0204151
6.02438	-0.0123621
6.02463	-0.00104933
6.02487	0.000545202
6.02512	-0.00367461
6.02536	-0.00436926
6.02561	-0.00219265
6.02585	-0.000915064
6.0261	0.00244231
6.02634	0.00880954
6.02659	0.00935315
6.02683	-0.000519995
6.02707	-0.00868227
6.02732	-0.00181237
6.02756	0.0133161
6.02781	0.0181983
6.02805	0.00805175
6.0283	-0.00434329
6.02854	-0.00783632
6.02879	-0.00368156
6.02903	0.00191278
6.02928	0.0050251
6.02952	0.00345544
6.02977	-0.00201447
6.03001	-0.0052061
6.03025	-0.000700357
6.0305	0.00766458
6.03074	0.0109703
6.03099	0.00714962
6.03123	0.00220578
6.03148	0.000173442
6.03172	-0.00136015
6.03197	-0.00499444
6.03221	-0.00823977
6.03246	-0.0065016
6.0327	0.000697312
6.03295	0.00712581
6.03319	0.00444879
6.03343	-0.00749323
6.03368	-0.0163608
6.03392	-0.010095
6.03417	0.00587262
6.03441	0.0136431
6.03466	0.00735582
6.0349	0.000994599
6.03515	0.00591888
6.03539	0.0131749
6.03564	0.00887702
6.03588	-0.00288625
6.03612	-0.00638267
6.03637	0.0020053
6.03661	0.00993122
6.03686	0.00734723
6.0371	-0.00216073
6.03735	-0.0083069
6.03759	-0.00510095
6.03784	0.00428161
6.03808	0.00939518
6.03833	0.00290499
6.03857	-0.00800299
6.03882	-0.00809049
6.03906	0.00423269
6.0393	0.0127381
6.03955	0.0074029
6.03979	-0.00117867
6.04004	-0.00192145
6.04028	-0.00238986
6.04053	-0.0116638
6.04077	-0.0185194
6.04102	-0.00871786
6.04126	0.00633831
6.04151	0.00409751
6.04175	-0.0112178
6.042	-0.0128821
6.04224	0.00574541
6.04248	0.0207738
6.04273	0.0159722
6.04297	0.00500469
6.04322	0.00419962
6.04346	0.00655114
6.04371	-0.000901979
6.04395	-0.0120179
6.0442	-0.0127788
6.04444	-0.00559265
6.04469	-0.00386021
6.04493	-0.0092864
6.04518	-0.0115627
6.04542	-0.00719237
6.04566	-0.00321997
6.04591	-0.00242996
6.04615	0.00139655
6.0464	0.00992149
6.04664	0.0128109
6.04689	0.00124174
6.04713	-0.01651
6.04738	-0.0217597
6.04762	-0.00843959
6.04787	0.00796852
6.04811	0.00992503
6.04835	0.000764435
6.0486	-0.00189182
6.04884	0.0065404
6.04909	0.0113712
6.04933	0.00359777
6.04958	-0.00499044
6.04982	-0.00207853
6.05007	0.00461304
6.05031	0.0025722
6.05056	-0.00216061
6.0508	0.00318532
6.05105	0.0119722
6.05129	0.00744453
6.05153	-0.00596143
6.05178	-0.00611746
6.05202	0.0104725
6.05227	0.0209456
6.05251	0.0111925
6.05276	-0.00420954
6.053	-0.0073101
6.05325	-0.00177177
6.05349	0.000397299
6.05374	0.000218099
6.05398	0.00481809
6.05423	0.0112575
6.05447	0.0118203
6.05471	0.00762659
6.05496	0.0052915
6.0552	0.00608931
6.05545	0.00722565
6.05569	0.00793704
6.05594	0.00778692
6.05618	0.00536591
6.05643	0.00315435
6.05667	0.00537048
6.05692	0.00775011
6.05716	0.000752
6.05741	-0.0128333
6.05765	-0.0170082
6.05789	-0.00599311
6.05814	0.00547536
6.05838	0.00417632
6.05863	-0.00301068
6.05887	-0.00359064
6.05912	0.000491741
6.05936	0.000704719
6.05961	-0.00106221
6.05985	0.00174932
6.0601	0.00559785
6.06034	0.00271203
6.06058	-0.00371641
6.06083	-0.00416013
6.06107	0.000941668
6.06132	0.00226938
6.06156	-0.00296802
6.06181	-0.00786132
6.06205	-0.00732194
6.0623	-0.00383399
6.06254	-0.00188223
6.06279	-0.00302333
6.06303	-0.00575456
6.06328	-0.00639373
6.06352	-0.00264859
6.06376	0.00133103
6.06401	-0.00135184
6.06425	-0.00934973
6.0645	-0.0131732
6.06474	-0.00925727
6.06499	-0.0048372
6.06523	-0.00474593
6.06548	-0.0038872
6.06572	0.00120283
6.06597	0.00430257
6.06621	0.000778056
6.06646	-0.00338595
6.0667	-0.00224835
6.06694	0.000236607
6.06719	-0.000611794
6.06743	-0.00161242
6.06768	-0.00116513
6.06792	-0.00569036
6.06817	-0.0159931
6.06841	-0.019114
6.06866	-0.00684072
6.0689	0.0083977
6.06915	0.0104717
6.06939	0.00270512
6.06964	-0.00119132
6.06988	-0.000135654
6.07012	-0.00225496
6.07037	-0.0057018
6.07061	-0.00191793
6.07086	0.00562379
6.0711	0.00450939
6.07135	-0.0055023
6.07159	-0.0111815
6.07184	-0.00653495
6.07208	-0.000103866
6.07233	9.7229e-05
6.07257	-0.00380476
6.07281	-0.00673295
6.07306	-0.00655342
6.0733	-0.00181841
6.07355	0.0066512
6.07379	0.0120194
6.07404	0.00848462
6.07428	0.000983409
6.07453	-0.00106864
6.07477	0.0026962
6.07502	0.00578131
6.07526	0.0068319
6.07551	0.00833693
6.07575	0.00705473
6.07599	-0.00125769
6.07624	-0.00971804
6.07648	-0.00657635
6.07673	0.00666723
6.07697	0.0160235
6.07722	0.0142082
6.07746	0.00732522
6.07771	0.00227979
6.07795	-0.000580044
6.0782	-0.001503
6.07844	0.000565492
6.07869	0.0024449
6.07893	-0.000884072
6.07917	-0.00755951
6.07942	-0.0110961
6.07966	-0.010197
6.07991	-0.00750981
6.08015	-0.00189551
6.0804	0.00733654
6.08064	0.0125653
6.08089	0.00724732
6.08113	-0.000580719
6.08138	0.00110105
6.08162	0.0077851
6.08187	0.00572908
6.08211	-0.00276779
6.08235	-0.00183555
6.0826	0.00932786
6.08284	0.0125249
6.08309	0.000816308
6.08333	-0.00896489
6.08358	-0.00369087
6.08382	0.00573224
6.08407	0.00454288
6.08431	-0.00222609
6.08456	-0.00182434
6.0848	0.00349046
6.08504	0.00258787
6.08529	-0.00431982
6.08553	-0.00752855
6.08578	-0.00468223
6.08602	-0.00188797
6.08627	-0.00145416
6.08651	-0.00055689
6.08676	0.000434391
6.087	-0.000901024
6.08725	-0.00158805
6.08749	0.00297338
6.08774	0.00899159
6.08798	0.00755072
6.08822	-0.00193909
6.08847	-0.00991313
6.08871	-0.0095356
6.08896	-0.00456
6.0892	-0.00218536
6.08945	-0.00336017
6.08969	-0.00356722
6.08994	-0.000718738
6.09018	0.00134828
6.09043	-0.00165055
6.09067	-0.0071229
6.09092	-0.00735048
6.09116	-7.22988e-05
6.0914	0.00699731
6.09165	0.00655431
6.09189	0.0024375
6.09214	0.00312731
6.09238	0.00796297
6.09263	0.00917602
6.09287	0.0058905
6.09312	0.00482468
6.09336	0.00653328
6.09361	0.00347038
6.09385	-0.00483311
6.0941	-0.0073651
6.09434	0.0010711
6.09458	0.00956111
6.09483	0.00688858
6.09507	-0.00191469
6.09532	-0.00509473
6.09556	-0.00250498
6.09581	-0.00274279
6.09605	-0.00702378
6.0963	-0.00817765
6.09654	-0.00396241
6.09679	-0.000305689
6.09703	-0.000690724
6.09727	-0.00143279
6.09752	0.00064035
6.09776	0.00301517
6.09801	0.00256405
6.09825	0.000736837
6.0985	0.00116729
6.09874	0.00492891
6.09899	0.00941694
6.09923	0.0104807
6.09948	0.00635806
6.09972	0.000915265
6.09997	0.000547822
6.10021	0.0053415
6.10045	0.00684335
6.1007	-0.000753081
6.10094	-0.0101297
6.10119	-0.00811733
6.10143	0.0069856
6.10168	0.0216926
6.10192	0.0226279
6.10217	0.0107687
6.10241	-0.00204565
6.10266	-0.00714526
6.1029	-0.00595
6.10315	-0.00433541
6.10339	-0.00398812
6.10363	-0.00144637
6.10388	0.00510469
6.10412	0.0109726
6.10437	0.00956555
6.10461	0.00132626
6.10486	-0.00535574
6.1051	-0.0037267
6.10535	0.00339624
6.10559	0.00754301
6.10584	0.00465154
6.10608	-0.00150556
6.10633	-0.00498102
6.10657	-0.00379703
6.10681	-3.45146e-05
6.10706	0.0038646
6.1073	0.00722899
6.10755	0.00993121
6.10779	0.0104051
6.10804	0.00627315
6.10828	-0.00248626
6.10853	-0.0119401
6.10877	-0.0169442
6.10902	-0.0151504
6.10926	-0.00769556
6.10951	0.00255726
6.10975	0.0115827
6.10999	0.0145986
6.11024	0.00967039
6.11048	0.00139949
6.11073	-0.00224757
6.11097	0.00150337
6.11122	0.00701247
6.11146	0.00725414
6.11171	0.00232987
6.11195	-0.0012506
6.1122	0.00103991
6.11244	0.00651449
6.11268	0.00907663
6.11293	0.00674455
6.11317	0.00379667
6.11342	0.00543951
6.11366	0.0114926
6.11391	0.0159884
6.11415	0.012583
6.1144	0.000443034
6.11464	-0.0138358
6.11489	-0.0202359
6.11513	-0.0141203
6.11538	-0.00232128
6.11562	0.00309486
6.11586	-0.000660028
6.11611	-0.00388633
6.11635	-2.86923e-05
6.1166	0.00237243
6.11684	-0.00714477
6.11709	-0.0209974
6.11733	-0.020872
6.11758	-0.00463467
6.11782	0.00937646
6.11807	0.00858216
6.11831	0.0011724
6.11856	-0.00188555
6.1188	-0.00366689
6.11904	-0.00871666
6.11929	-0.00872692
6.11953	0.00302431
6.11978	0.0144326
6.12002	0.01066
6.12027	-0.000454134
6.12051	0.000483983
6.12076	0.0124993
6.121	0.0154712
6.12125	0.00289819
6.12149	-0.00867441
6.12174	-0.007049
6.12198	-0.000524175
6.12222	0.000776767
6.12247	0.00104147
6.12271	0.00597275
6.12296	0.00977419
6.1232	0.00691382
6.12345	0.00409546
6.12369	0.00820569
6.12394	0.0128732
6.12418	0.00919634
6.12443	0.000862019
6.12467	-0.00335705
6.12491	-0.00404857
6.12516	-0.00597834
6.1254	-0.00595672
6.12565	0.000810121
6.12589	0.00789209
6.12614	0.00505675
6.12638	-0.00466778
6.12663	-0.00853409
6.12687	-0.00310697
6.12712	0.0025625
6.12736	0.00234922
6.12761	-0.000201593
6.12785	-0.00144899
6.12809	-0.00290541
6.12834	-0.00461599
6.12858	-0.00293138
6.12883	0.00202766
6.12907	0.00478444
6.12932	0.00334366
6.12956	0.0022962
6.12981	0.00415175
6.13005	0.00471862
6.1303	0.00084023
6.13054	-0.00370444
6.13079	-0.00450808
6.13103	-0.00358855
6.13127	-0.00518504
6.13152	-0.00817661
6.13176	-0.00771733
6.13201	-0.00264743
6.13225	0.00279979
6.1325	0.00433303
6.13274	0.00224047
6.13299	0.000458867
6.13323	0.0016605
6.13348	0.00332261
6.13372	0.000134172
6.13397	-0.00809241
6.13421	-0.0133834
6.13445	-0.00860208
6.1347	0.00209367
6.13494	0.00743343
6.13519	0.0035316
6.13543	-0.00231763
6.13568	-0.00360764
6.13592	-0.00295461
6.13617	-0.00477086
6.13641	-0.0067778
6.13666	-0.00509616
6.1369	-0.00225363
6.13714	-0.00236914
6.13739	-0.0023653
6.13763	0.00295482
6.13788	0.00937479
6.13812	0.00732844
6.13837	-0.00219926
6.13861	-0.00702182
6.13886	-0.00224215
6.1391	0.00194749
6.13935	-0.00241805
6.13959	-0.00662878
6.13984	0.00100228
6.14008	0.014668
6.14032	0.0180031
6.14057	0.00811225
6.14081	-0.00166794
6.14106	-0.0031036
6.1413	-0.00261285
6.14155	-0.0058597
6.14179	-0.00701516
6.14204	-0.00121809
6.14228	0.00396301
6.14253	0.000261269
6.14277	-0.00636454
6.14302	-0.00426677
6.14326	0.00554028
6.1435	0.0112246
6.14375	0.007687
6.14399	0.00127183
6.14424	-0.00219343
6.14448	-0.00377695
6.14473	-0.00511479
6.14497	-0.00478537
6.14522	-0.00281719
6.14546	-0.00148236
6.14571	-0.000181747
6.14595	0.00371196
6.1462	0.0081014
6.14644	0.00754402
6.14668	0.00244026
6.14693	-0.000944319
6.14717	-0.00137567
6.14742	-0.00500963
6.14766	-0.0133984
6.14791	-0.0177465
6.14815	-0.0112782
6.1484	-0.000791912
6.14864	0.00167908
6.14889	-0.004905
6.14913	-0.0100179
6.14937	-0.00598357
6.14962	0.00319604
6.14986	0.00821109
6.15011	0.00546078
6.15035	-0.000149631
6.1506	-0.00178447
6.15084	0.0016183
6.15109	0.00480751
6.15133	0.00311258
6.15158	-0.00194043
6.15182	-0.00527482
6.15207	-0.00467157
6.15231	-0.00204148
6.15255	1.57429e-05
6.1528	-6.11846e-05
6.15304	-0.00284235
6.15329	-0.00626631
6.15353	-0.00575166
6.15378	0.000168855
6.15402	0.0063617
6.15427	0.00740673
6.15451	0.00461775
6.15476	0.00166778
6.155	-0.00275351
6.15525	-0.0102373
6.15549	-0.0144543
6.15573	-0.00843929
6.15598	0.00146018
6.15622	0.0015599
6.15647	-0.00790426
6.15671	-0.0108805
6.15696	0.000401294
6.1572	0.0123878
6.15745	0.00947434
6.15769	-0.00415109
6.15794	-0.0121633
6.15818	-0.00825281
6.15843	-0.000160605
6.15867	0.00377548
6.15891	0.00246116
6.15916	-0.00113335
6.1594	-0.00336956
6.15965	-0.00183249
6.15989	0.00117116
6.16014	0.000312271
6.16038	-0.00358054
6.16063	-0.00215441
6.16087	0.00696062
6.16112	0.0127283
6.16136	0.00552063
6.1616	-0.00706293
6.16185	-0.00975346
6.16209	-0.000396534
6.16234	0.0100471
6.16258	0.0146466
6.16283	0.0152693
6.16307	0.0123036
6.16332	0.00340543
6.16356	-0.00646299
6.16381	-0.0070177
6.16405	0.00156147
6.1643	0.00638426
6.16454	0.000309735
6.16478	-0.00781914
6.16503	-0.00751695
6.16527	-0.00164874
6.16552	0.000958555
6.16576	0.000366331
6.16601	0.00333326
6.16625	0.0103025
6.1665	0.0139191
6.16674	0.0100094
6.16699	0.00329929
6.16723	0.00120496
6.16748	0.00566032
6.16772	0.0116091
6.16796	0.0118772
6.16821	0.00443951
6.16845	-0.00442328
6.1687	-0.00683628
6.16894	-0.00373718
6.16919	-0.00368819
6.16943	-0.00930574
6.16968	-0.0117496
6.16992	-0.00451348
6.17017	0.00377894
6.17041	0.000313612
6.17066	-0.0110809
6.1709	-0.0124769
6.17114	0.00218942
6.17139	0.0156952
6.17163	0.0102861
6.17188	-0.00661271
6.17212	-0.0117756
6.17237	0.00166029
6.17261	0.0152238
6.17286	0.0116902
6.1731	-0.00189466
6.17335	-0.00694649
6.17359	-0.000328082
6.17383	0.00466987
6.17408	0.00120514
6.17432	-0.00202343
6.17457	0.00241498
6.17481	0.00790017
6.17506	0.00558044
6.1753	-0.00071134
6.17555	-0.00137255
6.17579	0.00319902
6.17604	0.00442805
6.17628	-0.000205441
6.17653	-0.00504323
6.17677	-0.00680485
6.17701	-0.00733524
6.17726	-0.0062469
6.1775	-0.000926108
6.17775	0.00512356
6.17799	0.00408335
6.17824	-0.00352469
6.17848	-0.0076568
6.17873	-0.00380544
6.17897	0.000488674
6.17922	-0.000778644
6.17946	-0.001838
6.17971	0.00374135
6.17995	0.0101944
6.18019	0.00789974
6.18044	-0.00099869
6.18068	-0.00610068
6.18093	-0.00480806
6.18117	-0.00404082
6.18142	-0.00661786
6.18166	-0.00644848
6.18191	0.000450868
6.18215	0.00849648
6.1824	0.00987204
6.18264	0.00381029
6.18289	-0.00454033
6.18313	-0.0102526
6.18337	-0.011029
6.18362	-0.00706834
6.18386	-0.00111947
6.18411	0.00340306
6.18435	0.00557378
6.1846	0.00644136
6.18484	0.00599192
6.18509	0.00401871
6.18533	0.00351702
6.18558	0.0084899
6.18582	0.0173976
6.18606	0.0230764
6.18631	0.0208491
6.18655	0.0131768
6.1868	0.00500956
6.18704	-0.00162932
6.18729	-0.00667212
6.18753	-0.00952824
6.18778	-0.0101816
6.18802	-0.00996785
6.18827	-0.00901404
6.18851	-0.00543826
6.18876	0.000979175
6.189	0.00691549
6.18924	0.0093803
6.18949	0.0090671
6.18973	0.00779943
6.18998	0.0051567
6.19022	0.000189162
6.19047	-0.00536009
6.19071	-0.00821041
6.19096	-0.00711734
6.1912	-0.00372649
6.19145	-0.000790634
6.19169	-0.00047161
6.19194	-0.00296823
6.19218	-0.00586929
6.19242	-0.00631675
6.19267	-0.00445017
6.19291	-0.00305262
6.19316	-0.00338243
6.1934	-0.00352398
6.19365	-0.00160643
6.19389	0.00144655
6.19414	0.00331853
6.19438	0.00289154
6.19463	0.00106191
6.19487	0.000162294
6.19512	0.00189967
6.19536	0.00452812
6.1956	0.00411048
6.19585	0.000764493
6.19609	4.21854e-05
6.19634	0.00401173
6.19658	0.00575688
6.19683	-0.000130714
6.19707	-0.00627253
6.19732	-0.00235711
6.19756	0.00675821
6.19781	0.00671471
6.19805	-0.00245865
6.1983	-0.00447039
6.19854	0.00653721
6.19878	0.0144443
6.19903	0.00612258
6.19927	-0.00740951
6.19952	-0.00877241
6.19976	-0.00078395
6.20001	0.00152565
6.20025	-0.00344056
6.2005	-0.00460793
6.20074	0.000322406
6.20099	0.00272514
6.20123	0.000730344
6.20147	0.00147412
6.20172	0.00506137
6.20196	0.00303203
6.20221	-0.00464524
6.20245	-0.00682622
6.2027	0.000319503
6.20294	0.00641237
6.20319	0.00360522
6.20343	-0.00285015
6.20368	-0.00620239
6.20392	-0.00772057
6.20417	-0.00851374
6.20441	-0.00425222
6.20465	0.00444565
6.2049	0.0075947
6.20514	0.000110717
6.20539	-0.00925182
6.20563	-0.0111769
6.20588	-0.00853371
6.20612	-0.00771115
6.20637	-0.00691747
6.20661	-0.00275197
6.20686	0.000112951
6.2071	-0.00354925
6.20735	-0.0089702
6.20759	-0.00859885
6.20783	-0.00420523
6.20808	-0.00207841
6.20832	-0.00164601
6.20857	0.00107597
6.20881	0.0035904
6.20906	0.00106763
6.2093	-0.00328091
6.20955	-0.00247122
6.20979	0.00200032
6.21004	0.00210404
6.21028	-0.00384869
6.21053	-0.00912415
6.21077	-0.00866364
6.21101	-0.00384967
6.21126	0.00172669
6.2115	0.00482735
6.21175	0.00283516
6.21199	-0.00243127
6.21224	-0.00396466
6.21248	0.00123182
6.21273	0.0060506
6.21297	0.00323091
6.21322	-0.00317974
6.21346	-0.00442379
6.2137	-0.000398603
6.21395	0.00285033
6.21419	0.00446923
6.21444	0.00694539
6.21468	0.00682264
6.21493	-0.000522504
6.21517	-0.00912385
6.21542	-0.00832729
6.21566	8.86138e-05
6.21591	0.0035296
6.21615	-0.00194133
6.2164	-0.00649694
6.21664	-0.00308151
6.21688	0.00318248
6.21713	0.00562652
6.21737	0.00497902
6.21762	0.00372112
6.21786	0.00146379
6.21811	-0.000421113
6.21835	0.000953512
6.2186	0.00244868
6.21884	-0.00204158
6.21909	-0.00871803
6.21933	-0.00655061
6.21958	0.00361509
6.21982	0.00701857
6.22006	-0.00152222
6.22031	-0.00742768
6.22055	8.84518e-05
6.2208	0.00906332
6.22104	0.00405289
6.22129	-0.00772354
6.22153	-0.00787006
6.22178	0.00304538
6.22202	0.00704794
6.22227	-0.00151651
6.22251	-0.0077641
6.22276	-0.00127285
6.223	0.00810717
6.22324	0.00723061
6.22349	-0.000854695
6.22373	-0.00444294
6.22398	-0.00145528
6.22422	0.000382651
6.22447	-0.00276182
6.22471	-0.00633398
6.22496	-0.00558356
6.2252	-0.00126605
6.22545	0.00349113
6.22569	0.0073183
6.22593	0.0101268
6.22618	0.0111597
6.22642	0.00917905
6.22667	0.00410155
6.22691	-0.00200492
6.22716	-0.00571054
6.2274	-0.00458693
6.22765	0.000705766
6.22789	0.00649278
6.22814	0.00824073
6.22838	0.00374596
6.22863	-0.00403795
6.22887	-0.00801983
6.22911	-0.0040908
6.22936	0.00237894
6.2296	0.00155382
6.22985	-0.00762629
6.23009	-0.0145307
6.23034	-0.0108918
6.23058	-0.00217865
6.23083	0.00118119
6.23107	-0.00102792
6.23132	-0.000932921
6.23156	0.00327952
6.23181	0.00552896
6.23205	0.00355311
6.23229	0.00206073
6.23254	0.00287281
6.23278	0.00215697
6.23303	-5.06774e-05
6.23327	0.00170324
6.23352	0.00643093
6.23376	0.00484253
6.23401	-0.00456995
6.23425	-0.00962418
6.2345	-0.00358254
6.23474	0.00190395
6.23499	-0.0043585
6.23523	-0.0124418
6.23547	-0.00669174
6.23572	0.00613518
6.23596	0.00529079
6.23621	-0.009865
6.23645	-0.016984
6.2367	-0.00565317
6.23694	0.00678795
6.23719	0.00349272
6.23743	-0.00723656
6.23768	-0.0089757
6.23792	-0.00310924
6.23816	-0.00141949
6.23841	-0.00403485
6.23865	-0.00229254
6.2389	0.00319391
6.23914	0.00387574
6.23939	-0.000930029
6.23963	-0.00409456
6.23988	-0.00393519
6.24012	-0.00441014
6.24037	-0.0047551
6.24061	-0.00181362
6.24086	0.00012425
6.2411	-0.00456512
6.24134	-0.00942994
6.24159	-0.0035331
6.24183	0.00877704
6.24208	0.0116614
6.24232	0.00199778
6.24257	-0.00643765
6.24281	-0.00527896
6.24306	-0.00152496
6.2433	-0.00117185
6.24355	0.000419227
6.24379	0.00553008
6.24404	0.007461
6.24428	0.00470681
6.24452	0.0063848
6.24477	0.0145364
6.24501	0.0165672
6.24526	0.00641358
6.2455	-0.00205044
6.24575	0.00347453
6.24599	0.013057
6.24624	0.0117737
6.24648	0.00501597
6.24673	0.00719083
6.24697	0.0147639
6.24722	0.0124456
6.24746	0.0010597
6.2477	-0.00340265
6.24795	0.00232137
6.24819	0.00396879
6.24844	-0.00407037
6.24868	-0.00890428
6.24893	-0.00272975
6.24917	0.0025789
6.24942	-0.00422095
6.24966	-0.0136973
6.24991	-0.0100076
6.25015	0.00436664
6.25039	0.0124552
6.25064	0.00688452
6.25088	-0.00241342
6.25113	-0.00377445
6.25137	0.00278653
6.25162	0.00924056
6.25186	0.00972159
6.25211	0.00445938
6.25235	-0.00243999
6.2526	-0.00641974
6.25284	-0.00519431
6.25309	-9.50312e-05
6.25333	0.00485146
6.25357	0.00581374
6.25382	0.00240312
6.25406	-0.00139631
6.25431	-0.000904837
6.25455	0.00374604
6.2548	0.00753963
6.25504	0.00715525
6.25529	0.00502495
6.25553	0.00474698
6.25578	0.00543646
6.25602	0.00395954
6.25627	0.000361397
6.25651	-0.00265205
6.25675	-0.00370963
6.257	-0.00280654
6.25724	0.000452831
6.25749	0.00496193
6.25773	0.00695236
6.25798	0.00485379
6.25822	0.00271744
6.25847	0.00427642
6.25871	0.00644544
6.25896	0.0041435
6.2592	-0.0010714
6.25945	-0.00358933
6.25969	-0.00309035
6.25993	-0.00415337
6.26018	-0.00706913
6.26042	-0.00632731
6.26067	0.000327793
6.26091	0.00713565
6.26116	0.00689623
6.2614	-0.00106763
6.26165	-0.0105813
6.26189	-0.0139563
6.26214	-0.00834424
6.26238	0.00087912
6.26262	0.00491494
6.26287	0.00219454
6.26311	0.000770003
6.26336	0.00651379
6.2636	0.0138535
6.26385	0.0142111
6.26409	0.00889136
6.26434	0.00538533
6.26458	0.00434312
6.26483	-8.62836e-06
6.26507	-0.00767652
6.26532	-0.0110988
6.26556	-0.0066508
6.2658	0.000373931
6.26605	0.00407147
6.26629	0.00434766
6.26654	0.00355712
6.26678	0.00279296
6.26703	0.00273775
6.26727	0.00311259
6.26752	0.00132917
6.26776	-0.00338574
6.26801	-0.00622812
6.26825	-0.00332044
6.2685	0.000533316
6.26874	-0.0016233
6.26898	-0.00697251
6.26923	-0.00683741
6.26947	-0.00085404
6.26972	0.00317244
6.26996	0.00287654
6.27021	0.00341688
6.27045	0.00545241
6.2707	0.00311585
6.27094	-0.00376684
6.27119	-0.00730181
6.27143	-0.00476036
6.27168	-0.00267028
6.27192	-0.00378133
6.27216	-0.00212132
6.27241	0.00349614
6.27265	0.00350914
6.2729	-0.00662748
6.27314	-0.015664
6.27339	-0.0117935
6.27363	-0.000517854
6.27388	0.0033564
6.27412	-0.00385882
6.27437	-0.0120936
6.27461	-0.0119313
6.27486	-0.00364079
6.2751	0.00586203
6.27534	0.00901378
6.27559	0.00302774
6.27583	-0.00621916
6.27608	-0.00882693
6.27632	-0.00250665
6.27657	0.00495031
6.27681	0.00736664
6.27706	0.00758741
6.2773	0.00941488
6.27755	0.00987227
6.27779	0.00525141
6.27803	-0.00192937
6.27828	-0.0078878
6.27852	-0.0127591
6.27877	-0.0150186
6.27901	-0.00868548
6.27926	0.00612899
6.2795	0.0173006
6.27975	0.0147915
6.27999	0.00505162
6.28024	0.00183845
6.28048	0.00741126
6.28073	0.0127136
6.28097	0.0124977
6.28121	0.00979232
6.28146	0.00708945
6.2817	0.0029563
6.28195	-0.00226982
6.28219	-0.00508975
6.28244	-0.00398543
6.28268	-0.000951264
6.28293	0.00147203
6.28317	0.00111866
6.28342	-0.00300107
6.28366	-0.00696844
6.28391	-0.00363766
6.28415	0.00694867
6.28439	0.0142149
6.28464	0.0105058
6.28488	0.00214659
6.28513	-0.000487341
6.28537	0.00188118
6.28562	0.00156935
6.28586	-0.0018299
6.28611	-0.0022819
6.28635	0.000645681
6.2866	0.0015727
6.28684	-0.000229747
6.28709	-0.000401611
6.28733	0.00119947
6.28757	0.000418506
6.28782	-0.00221121
6.28806	-0.00155698
6.28831	0.00278761
6.28855	0.00551026
6.2888	0.00407883
6.28904	0.000964535
6.28929	-0.00181001
6.28953	-0.00344577
6.28978	-0.00189621
6.29002	0.00198387
6.29026	0.00151414
6.29051	-0.00569756
6.29075	-0.00959444
6.291	-0.00120012
6.29124	0.0105513
6.29149	0.0101605
6.29173	0.00034167
6.29198	-0.00198022
6.29222	0.00626044
6.29247	0.00991071
6.29271	0.00252646
6.29296	-0.00275822
6.2932	0.00304516
6.29344	0.00938004
6.29369	0.00560451
6.29393	-0.00137412
6.29418	-0.00246602
6.29442	-0.00375517
6.29467	-0.012085
6.29491	-0.0167333
6.29516	-0.00523787
6.2954	0.011512
6.29565	0.0112254
6.29589	-0.00664752
6.29614	-0.0200038
6.29638	-0.0160966
6.29662	-0.00560661
6.29687	-0.00190278
6.29711	-0.00360543
6.29736	-0.00404422
6.2976	-0.00391386
6.29785	-0.00625595
6.29809	-0.0089026
6.29834	-0.00946669
6.29858	-0.010202
6.29883	-0.0119081
6.29907	-0.0103161
6.29932	-0.00435503
6.29956	-0.000706808
6.2998	-0.00357069
6.30005	-0.0065935
6.30029	-0.00249275
6.30054	0.00495955
6.30078	0.00704514
6.30103	0.00377821
6.30127	0.00191354
6.30152	0.00187615
6.30176	-0.0024239
6.30201	-0.0101471
6.30225	-0.0111152
6.30249	-0.00161118
6.30274	0.00681906
6.30298	0.00256026
6.30323	-0.00843018
6.30347	-0.0107229
6.30372	-0.00238299
6.30396	0.00247767
6.30421	-0.00400689
6.30445	-0.011278
6.3047	-0.00770466
6.30494	0.000691622
6.30519	0.000999592
6.30543	-0.00421139
6.30567	-0.00117518
6.30592	0.0102251
6.30616	0.0136273
6.30641	0.00264434
6.30665	-0.00683947
6.3069	-0.000994893
6.30714	0.00957093
6.30739	0.00652299
6.30763	-0.00716646
6.30788	-0.0126708
6.30812	-0.00495939
6.30837	0.00180242
6.30861	-0.0012558
6.30885	-0.00591265
6.3091	-0.00426968
6.30934	-0.00171876
6.30959	-0.00402183
6.30983	-0.0048167
6.31008	0.00271141
6.31032	0.0111992
6.31057	0.00860261
6.31081	-0.00319239
6.31106	-0.0109535
6.3113	-0.00849515
6.31155	-0.00199087
6.31179	0.00187284
6.31203	0.00309159
6.31228	0.00290986
6.31252	1.96156e-05
6.31277	-0.00497539
6.31301	-0.00774205
6.31326	-0.00630781
6.3135	-0.0046018
6.31375	-0.0065461
6.31399	-0.0094214
6.31424	-0.00658428
6.31448	0.00367002
6.31472	0.0141488
6.31497	0.0150057
6.31521	0.00435976
6.31546	-0.00845476
6.3157	-0.0122258
6.31595	-0.00581471
6.31619	0.00214214
6.31644	0.00469563
6.31668	0.00296105
6.31693	0.000824901
6.31717	-0.000234601
6.31742	0.00119549
6.31766	0.00702322
6.3179	0.01389
6.31815	0.0138292
6.31839	0.00608149
6.31864	0.00108799
6.31888	0.00567213
6.31913	0.0115545
6.31937	0.00801621
6.31962	-0.000670063
6.31986	-0.0023143
6.32011	0.00373567
6.32035	0.00794538
6.3206	0.0082601
6.32084	0.01095
6.32108	0.014436
6.32133	0.00931723
6.32157	-0.00256764
6.32182	-0.00640862
6.32206	0.00185691
6.32231	0.00685816
6.32255	-0.00148664
6.3228	-0.0103213
6.32304	-0.00447102
6.32329	0.0085597
6.32353	0.0110055
6.32378	0.00291019
6.32402	-0.000863247
6.32426	0.00326928
6.32451	0.00368623
6.32475	-0.0043191
6.325	-0.0100667
6.32524	-0.00509811
6.32549	0.00472863
6.32573	0.00995741
6.32598	0.00926743
6.32622	0.00561822
6.32647	0.000613641
6.32671	-0.00225427
6.32695	0.00198802
6.3272	0.0104575
6.32744	0.0119865
6.32769	0.00260176
6.32793	-0.00599328
6.32818	-0.00107415
6.32842	0.0135653
6.32867	0.0227209
6.32891	0.0186682
6.32916	0.00714674
6.3294	-0.00310959
6.32965	-0.00874111
6.32989	-0.00970173
6.33013	-0.00621029
6.33038	-0.000608854
6.33062	0.00210318
6.33087	-0.00105333
6.33111	-0.00735042
6.33136	-0.0113646
6.3316	-0.0108178
6.33185	-0.00775577
6.33209	-0.00444299
6.33234	-0.000551211
6.33258	0.00418473
6.33283	0.00676047
6.33307	0.00396143
6.33331	-0.0017813
6.33356	-0.00423877
6.3338	-0.00239789
6.33405	-0.0025202
6.33429	-0.0080552
6.33454	-0.0127126
6.33478	-0.00892111
6.33503	0.000892466
6.33527	0.00790299
6.33552	0.00870126
6.33576	0.00656271
6.33601	0.00342678
6.33625	-0.00133781
6.33649	-0.00537195
6.33674	-0.00488864
6.33698	-0.00171689
6.33723	-0.000852687
6.33747	-0.00132591
6.33772	0.00166607
6.33796	0.00570588
6.33821	0.00287194
6.33845	-0.00597026
6.3387	-0.0103196
6.33894	-0.00708844
6.33918	-0.00607682
6.33943	-0.0121438
6.33967	-0.0145929
6.33992	-0.0046377
6.34016	0.00718581
6.34041	0.00472775
6.34065	-0.00900516
6.3409	-0.0153582
6.34114	-0.00633569
6.34139	0.0058145
6.34163	0.00664392
6.34188	-0.00343726
6.34212	-0.0130603
6.34236	-0.0132784
6.34261	-0.00427619
6.34285	0.00602547
6.3431	0.00837947
6.34334	0.00123412
6.34359	-0.00653945
6.34383	-0.00574702
6.34408	0.00155598
6.34432	0.00531525
6.34457	0.000731052
6.34481	-0.00712537
6.34506	-0.0106083
6.3453	-0.00611983
6.34554	0.00455692
6.34579	0.0135592
6.34603	0.0104018
6.34628	-0.00582599
6.34652	-0.0198409
6.34677	-0.0156464
6.34701	0.00163858
6.34726	0.0105414
6.3475	0.00189939
6.34775	-0.00913151
6.34799	-0.00552816
6.34824	0.00795073
6.34848	0.0135219
6.34872	0.00610764
6.34897	-0.00145149
6.34921	0.0021233
6.34946	0.0118507
6.3497	0.0145561
6.34995	0.00596974
6.35019	-0.00494921
6.35044	-0.00762685
6.35068	-0.00228996
6.35093	0.00155527
6.35117	-0.00176684
6.35142	-0.00672285
6.35166	-0.00523822
6.3519	0.00112127
6.35215	0.00398869
6.35239	0.00169254
6.35264	0.00166558
6.35288	0.00735924
6.35313	0.0107898
6.35337	0.00366542
6.35362	-0.0092297
6.35386	-0.0144795
6.35411	-0.00614607
6.35435	0.00771163
6.35459	0.0144824
6.35484	0.00973014
6.35508	0.000408718
6.35533	-0.00284733
6.35557	0.00336737
6.35582	0.0119151
6.35606	0.0137596
6.35631	0.00873759
6.35655	0.0044202
6.3568	0.00505917
6.35704	0.00684508
6.35729	0.00502017
6.35753	0.000162983
6.35777	-0.00479875
6.35802	-0.00849846
6.35826	-0.00925468
6.35851	-0.0046756
6.35875	0.00299567
6.359	0.00615338
6.35924	0.00118638
6.35949	-0.00546428
6.35973	-0.00536723
6.35998	0.00124599
6.36022	0.00737899
6.36047	0.0084618
6.36071	0.0051993
6.36095	0.000707323
6.3612	-0.000838277
6.36144	0.00346448
6.36169	0.00974712
6.36193	0.00888836
6.36218	-0.00105551
6.36242	-0.00928008
6.36267	-0.0062366
6.36291	0.00206354
6.36316	0.00293478
6.3634	-0.00391839
6.36365	-0.00721595
6.36389	-0.00202691
6.36413	0.00477167
6.36438	0.00720829
6.36462	0.00699252
6.36487	0.00569051
6.36511	0.00123676
6.36536	-0.0042854
6.3656	-0.00387129
6.36585	0.00263813
6.36609	0.00567475
6.36634	0.000435812
6.36658	-0.0050444
6.36682	-0.00321542
6.36707	0.000419604
6.36731	-0.0030187
6.36756	-0.0106333
6.3678	-0.0125633
6.36805	-0.00749749
6.36829	-0.00294585
6.36854	-0.00218153
6.36878	-0.000718527
6.36903	0.00427322
6.36927	0.00941091
6.36952	0.0112296
6.36976	0.0106146
6.37	0.00981658
6.37025	0.00960949
6.37049	0.00957766
6.37074	0.00757565
6.37098	0.000576856
6.37123	-0.00919143
6.37147	-0.0117583
6.37172	-0.000450383
6.37196	0.0159317
6.37221	0.0207642
6.37245	0.0105769
6.3727	-0.000320104
6.37294	0.000697033
6.37318	0.00868288
6.37343	0.0103271
6.37367	0.00276821
6.37392	-0.00437044
6.37416	-0.00313463
6.37441	0.00358448
6.37465	0.00746863
6.3749	0.00486101
6.37514	-0.000146215
6.37539	-0.000960542
6.37563	0.00396744
6.37588	0.00892327
6.37612	0.00737666
6.37636	0.000407384
6.37661	-0.00424642
6.37685	-0.00248723
6.3771	0.000628185
6.37734	-0.00149376
6.37759	-0.00720989
6.37783	-0.00905787
6.37808	-0.00435688
6.37832	0.00179739
6.37857	0.00453203
6.37881	0.00529568
6.37905	0.00746995
6.3793	0.00941904
6.37954	0.00624108
6.37979	-0.00201177
6.38003	-0.00777196
6.38028	-0.00396562
6.38052	0.00672616
6.38077	0.0133576
6.38101	0.00842475
6.38126	-0.00354329
6.3815	-0.0108688
6.38175	-0.00751703
6.38199	0.00122793
6.38223	0.00620762
6.38248	0.00492451
6.38272	0.00248357
6.38297	0.00328729
6.38321	0.00511489
6.38346	0.00300004
6.3837	-0.00271009
6.38395	-0.00509839
6.38419	0.00119027
6.38444	0.0119668
6.38468	0.0163204
6.38493	0.00848445
6.38517	-0.00494905
6.38541	-0.0118619
6.38566	-0.00784996
6.3859	5.88937e-05
6.38615	0.00293629
6.38639	-0.000320025
6.38664	-0.00470079
6.38688	-0.0071653
6.38713	-0.00875038
6.38737	-0.00986253
6.38762	-0.0085582
6.38786	-0.00475053
6.38811	-0.00181505
6.38835	-0.0015104
6.38859	-0.000900625
6.38884	0.00217566
6.38908	0.00387298
6.38933	-0.000296049
6.38957	-0.0068777
6.38982	-0.00766299
6.39006	-0.00157347
6.39031	0.00325687
6.39055	0.00133239
6.3908	-0.00255938
6.39104	-0.0012956
6.39128	0.00428034
6.39153	0.00778435
6.39177	0.00589857
6.39202	-0.000359516
6.39226	-0.00891275
6.39251	-0.0155482
6.39275	-0.0136707
6.393	-0.00255513
6.39324	0.00703183
6.39349	0.00395465
6.39373	-0.00763918
6.39398	-0.0124521
6.39422	-0.00390649
6.39446	0.00883495
6.39471	0.0148021
6.39495	0.0130018
6.3952	0.00769126
6.39544	0.0010735
6.39569	-0.00452187
6.39593	-0.00494472
6.39618	-0.000460029
6.39642	0.00223909
6.39667	-0.00055358
6.39691	-0.00362847
6.39716	-0.00129332
6.3974	0.00383502
6.39764	0.00595225
6.39789	0.00507445
6.39813	0.00528226
6.39838	0.00789657
6.39862	0.0111509
6.39887	0.0129271
6.39911	0.0105482
6.39936	0.0029218
6.3996	-0.0043736
6.39985	-0.00332706
6.40009	0.00364827
6.40034	0.00412261
6.40058	-0.00593989
6.40082	-0.0147004
6.40107	-0.0128076
6.40131	-0.00761433
6.40156	-0.00829608
6.4018	-0.00854247
6.40205	0.000928839
6.40229	0.0121927
6.40254	0.0106833
6.40278	7.08917e-05
6.40303	-0.00269998
6.40327	0.00542406
6.40351	0.0107429
6.40376	0.00683005
6.404	0.00212834
6.40425	0.00160273
6.40449	-5.58643e-05
6.40474	-0.00299926
6.40498	0.00100315
6.40523	0.0102752
6.40547	0.0103643
6.40572	-0.00202079
6.40596	-0.00985537
6.40621	-0.0012984
6.40645	0.011819
6.40669	0.0135748
6.40694	0.00740984
6.40718	0.00543914
6.40743	0.00654389
6.40767	0.00159142
6.40792	-0.00761727
6.40816	-0.0104948
6.40841	-0.00435787
6.40865	0.00367881
6.4089	0.0078444
6.40914	0.006802
6.40939	0.000465858
6.40963	-0.00722839
6.40987	-0.00829635
6.41012	-0.00203282
6.41036	0.00105063
6.41061	-0.00448573
6.41085	-0.00821375
6.4111	-0.000465889
6.41134	0.0102351
6.41159	0.0101577
6.41183	0.00177571
6.41208	-0.00332277
6.41232	-0.00473833
6.41257	-0.0089719
6.41281	-0.0116242
6.41305	-0.00353828
6.4133	0.00911149
6.41354	0.0109409
6.41379	0.00208012
6.41403	-0.00288086
6.41428	-0.000119228
6.41452	-0.00015523
6.41477	-0.00502862
6.41501	-0.00364972
6.41526	0.00564501
6.4155	0.00925911
6.41574	0.00219508
6.41599	-0.00252851
6.41623	0.00267903
6.41648	0.00669914
6.41672	0.00113944
6.41697	-0.00373912
6.41721	0.00159138
6.41746	0.00754971
6.4177	0.00272785
6.41795	-0.00499242
6.41819	-0.00252593
6.41844	0.00503124
6.41868	0.00420154
6.41892	-0.00262798
6.41917	-0.00242704
6.41941	0.00488069
6.41966	0.00756788
6.4199	0.00375195
6.42015	0.00305686
6.42039	0.00723121
6.42064	0.00693891
6.42088	-0.000218215
6.42113	-0.00446517
6.42137	-0.000175847
6.42162	0.00615021
6.42186	0.00802428
6.4221	0.00700838
6.42235	0.00506227
6.42259	0.000318484
6.42284	-0.00540777
6.42308	-0.00547702
6.42333	0.000683287
6.42357	0.00478629
6.42382	0.00179149
6.42406	-0.00371401
6.42431	-0.00639641
6.42455	-0.00660009
6.4248	-0.00510679
6.42504	-0.00105528
6.42528	0.00186036
6.42553	-0.00252497
6.42577	-0.0109416
6.42602	-0.0120113
6.42626	-0.00404176
6.42651	0.00071139
6.42675	-0.00419889
6.427	-0.00856027
6.42724	-0.00346569
6.42749	0.00292499
6.42773	-4.27181e-05
6.42797	-0.00650045
6.42822	-0.00461371
6.42846	0.00250264
6.42871	0.00291698
6.42895	-0.00304267
6.4292	-0.00493231
6.42944	-0.00163788
6.42969	-0.00106666
6.42993	-0.00228387
6.43018	0.00338778
6.43042	0.0125613
6.43067	0.0104914
6.43091	-0.00390302
6.43115	-0.0122202
6.4314	-0.00354196
6.43164	0.00942042
6.43189	0.0107827
6.43213	0.00304688
6.43238	-0.00307276
6.43262	-0.00655869
6.43287	-0.0105372
6.43311	-0.0105631
6.43336	-0.0029806
6.4336	0.00447247
6.43385	0.00485861
6.43409	0.00562011
6.43433	0.0143146
6.43458	0.0200969
6.43482	0.00894054
6.43507	-0.00909997
6.43531	-0.0103992
6.43556	0.00597158
6.4358	0.0157476
6.43605	0.00657947
6.43629	-0.00499548
6.43654	-0.00194167
6.43678	0.0082846
6.43703	0.00977132
6.43727	0.0029964
6.43751	-0.00116433
6.43776	-0.000697236
6.438	-0.000835682
6.43825	-0.00113564
6.43849	0.00208915
6.43874	0.00591109
6.43898	0.00548982
6.43923	0.00397176
6.43947	0.00663331
6.43972	0.00964731
6.43996	0.00597846
6.44021	-0.00124435
6.44045	-0.00289871
6.44069	0.000933323
6.44094	0.00141269
6.44118	-0.00411931
6.44143	-0.00824737
6.44167	-0.00517407
6.44192	0.0024626
6.44216	0.00915932
6.44241	0.011629
6.44265	0.00868938
6.4429	0.00299439
6.44314	0.00145842
6.44338	0.00666022
6.44363	0.0103244
6.44387	0.00418335
6.44412	-0.00554265
6.44436	-0.00575193
6.44461	0.0030005
6.44485	0.00684548
6.4451	0.000687978
6.44534	-0.00419403
6.44559	0.000575957
6.44583	0.00684077
6.44608	0.00377014
6.44632	-0.00501185
6.44656	-0.00812369
6.44681	-0.00346049
6.44705	0.00110982
6.4473	0.000185713
6.44754	-0.0040704
6.44779	-0.00688663
6.44803	-0.00503065
6.44828	0.0015686
6.44852	0.00812958
6.44877	0.00856843
6.44901	0.00438259
6.44926	0.00443499
6.4495	0.0111733
6.44974	0.0143024
6.44999	0.00599763
6.45023	-0.00443913
6.45048	-0.00229167
6.45072	0.0102436
6.45097	0.0163973
6.45121	0.00898502
6.45146	-0.00104951
6.4517	-0.00316754
6.45195	-0.00136608
6.45219	-0.00293405
6.45244	-0.00429842
6.45268	0.000885324
6.45292	0.00673161
6.45317	0.00181011
6.45341	-0.0108295
6.45366	-0.013989
6.4539	-0.000461824
6.45415	0.0145918
6.45439	0.0134091
6.45464	-8.89881e-05
6.45488	-0.00668744
6.45513	0.000856428
6.45537	0.00934607
6.45561	0.00601115
6.45586	-0.00369466
6.4561	-0.00639065
6.45635	-0.000859482
6.45659	0.00257161
6.45684	-0.000524261
6.45708	-0.00301028
6.45733	0.000592724
6.45757	0.00506578
6.45782	0.00383655
6.45806	0.000386563
6.45831	0.00279503
6.45855	0.0101443
6.45879	0.0125737
6.45904	0.00577248
6.45928	-0.00161822
6.45953	0.000453413
6.45977	0.00859212
6.46002	0.00943703
6.46026	-0.00174934
6.46051	-0.0129293
6.46075	-0.0105249
6.461	0.00191743
6.46124	0.00830092
6.46149	0.00213111
6.46173	-0.00532371
6.46197	-0.00208864
6.46222	0.00811776
6.46246	0.0131211
6.46271	0.00938036
6.46295	0.00344652
6.4632	0.000491782
6.46344	0.000391585
6.46369	0.003146
6.46393	0.00937525
6.46418	0.0157282
6.46442	0.0172834
6.46467	0.0142256
6.46491	0.00981098
6.46515	0.00395268
6.4654	-0.00334028
6.46564	-0.00555778
6.46589	0.00222828
6.46613	0.0111286
6.46638	0.00800194
6.46662	-0.00274665
6.46687	-0.00273889
6.46711	0.0117626
6.46736	0.0218397
6.4676	0.0140299
6.46784	-1.44138e-06
6.46809	-0.00325102
6.46833	0.00178103
6.46858	0.00255267
6.46882	-0.00104108
6.46907	-0.000358093
6.46931	0.0039659
6.46956	0.00454185
6.4698	0.00243076
6.47005	0.00395474
6.47029	0.00660596
6.47054	0.00358493
6.47078	-0.00160873
6.47102	-0.0010371
6.47127	0.00113654
6.47151	-0.00455668
6.47176	-0.012568
6.472	-0.0083994
6.47225	0.00581505
6.47249	0.0127211
6.47274	0.0083094
6.47298	0.00690282
6.47323	0.0133493
6.47347	0.0141179
6.47372	0.00485567
6.47396	0.00247827
6.4742	0.0153885
6.47445	0.0240982
6.47469	0.0110976
6.47494	-0.00842627
6.47518	-0.00882364
6.47543	0.00677478
6.47567	0.0145477
6.47592	0.0084604
6.47616	0.00446327
6.47641	0.00961979
6.47665	0.0126463
6.4769	0.00730006
6.47714	0.00245255
6.47738	0.0033405
6.47763	0.00218291
6.47787	-0.00519656
6.47812	-0.00987735
6.47836	-0.00532658
6.47861	0.00128584
6.47885	0.00170965
6.4791	-0.000902096
6.47934	-0.000144798
6.47959	0.0030706
6.47983	0.00573305
6.48007	0.00927569
6.48032	0.0135387
6.48056	0.0129219
6.48081	0.00608833
6.48105	0.00131283
6.4813	0.00425154
6.48154	0.00811961
6.48179	0.00469317
6.48203	-0.00191131
6.48228	-0.00205618
6.48252	0.00416064
6.48277	0.00851363
6.48301	0.00820468
6.48325	0.00804929
6.4835	0.0106455
6.48374	0.0131694
6.48399	0.0140289
6.48423	0.0151236
6.48448	0.0164365
6.48472	0.0146138
6.48497	0.00890201
6.48521	0.00392073
6.48546	0.00393871
6.4857	0.00702333
6.48595	0.00732747
6.48619	0.00271623
6.48643	-0.00169429
6.48668	0.000646008
6.48692	0.00838357
6.48717	0.0120487
6.48741	0.00608338
6.48766	-0.00233987
6.4879	-0.00222949
6.48815	0.00589219
6.48839	0.0111323
6.48864	0.00814628
6.48888	0.00309654
6.48913	0.002261
6.48937	0.00369487
6.48961	0.00359642
6.48986	0.00266185
6.4901	0.00192774
6.49035	6.23924e-05
6.49059	-0.000991415
6.49084	0.00387235
6.49108	0.0122692
6.49133	0.0129365
6.49157	0.00188678
6.49182	-0.00894094
6.49206	-0.00748373
6.4923	0.00207023
6.49255	0.00805231
6.49279	0.00880774
6.49304	0.010243
6.49328	0.0123993
6.49353	0.0108661
6.49377	0.00752581
6.49402	0.00770201
6.49426	0.00938778
6.49451	0.00702172
6.49475	0.00339424
6.495	0.00546546
6.49524	0.0101579
6.49548	0.00783169
6.49573	-0.000507644
6.49597	-0.0035748
6.49622	0.000930128
6.49646	0.00185616
6.49671	-0.00614178
6.49695	-0.0124699
6.4972	-0.00720959
6.49744	0.00333519
6.49769	0.00683062
6.49793	0.00260621
6.49818	-0.000372585
6.49842	0.00197335
6.49866	0.00546733
6.49891	0.00627075
6.49915	0.00525142
6.4994	0.0043391
6.49964	0.00400003
6.49989	0.00469922
6.50013	0.0073252
6.50038	0.0112516
6.50062	0.0135456
6.50087	0.0110271
6.50111	0.00395237
6.50136	-0.00224368
6.5016	-0.00163313
6.50184	0.00404532
6.50209	0.00598475
6.50233	0.000950023
6.50258	-0.00193549
6.50282	0.00574321
6.50307	0.0163876
6.50331	0.0150787
6.50356	0.00202037
6.5038	-0.00629031
6.50405	-0.000812307
6.50429	0.00747714
6.50453	0.00506332
6.50478	-0.0042755
6.50502	-0.00632572
6.50527	0.00302717
6.50551	0.0136551
6.50576	0.0152907
6.506	0.00806217
6.50625	-0.000863155
6.50649	-0.00549329
6.50674	-0.0046895
6.50698	-0.000923895
6.50723	0.00280846
6.50747	0.00506065
6.50771	0.00548604
6.50796	0.00397924
6.5082	0.00163934
6.50845	0.000759606
6.50869	0.00171241
6.50894	0.00210924
6.50918	0.00147082
6.50943	0.00292363
6.50967	0.00650055
6.50992	0.00600911
6.51016	-0.00116276
6.51041	-0.00658295
6.51065	-0.00188704
6.51089	0.00754697
6.51114	0.0108789
6.51138	0.00932798
6.51163	0.011763
6.51187	0.015733
6.51212	0.00995607
6.51236	-0.00335045
6.51261	-0.007241
6.51285	0.00333139
6.5131	0.0115861
6.51334	0.00501593
6.51359	-0.00483172
6.51383	-0.0014921
6.51407	0.0108557
6.51432	0.0161357
6.51456	0.0112534
6.51481	0.00656442
6.51505	0.00715327
6.5153	0.0081873
6.51554	0.00622205
6.51579	0.00308009
6.51603	0.000123359
6.51628	-0.00198968
6.51652	-0.000416635
6.51677	0.00490441
6.51701	0.00761647
6.51725	0.00448859
6.5175	0.00290433
6.51774	0.00912372
6.51799	0.0153952
6.51823	0.0108737
6.51848	0.000188524
6.51872	-0.00275788
6.51897	0.00357108
6.51921	0.00752813
6.51946	0.00411336
6.5197	0.000853545
6.51994	0.00237014
6.52019	0.00309281
6.52043	-0.000891984
6.52068	-0.004811
6.52092	-0.00472026
6.52117	-0.00389842
6.52141	-0.00513878
6.52166	-0.00564083
6.5219	-0.00382434
6.52215	-0.00269393
6.52239	-0.00244736
6.52264	0.00153305
6.52288	0.00879732
6.52312	0.010894
6.52337	0.00432133
6.52361	-0.00166838
6.52386	0.00238576
6.5241	0.0119855
6.52435	0.0149192
6.52459	0.00764539
6.52484	-0.00183382
6.52508	-0.00519825
6.52533	-0.00177107
6.52557	0.00360369
6.52582	0.00601981
6.52606	0.00438407
6.5263	0.00233575
6.52655	0.00382648
6.52679	0.00668335
6.52704	0.0043272
6.52728	-0.00409972
6.52753	-0.0103937
6.52777	-0.00798411
6.52802	-0.00113019
6.52826	0.0018887
6.52851	0.000544761
6.52875	0.000127499
6.529	0.00101004
6.52924	-0.00142818
6.52948	-0.00617286
6.52973	-0.0050385
6.52997	0.00450768
6.53022	0.0123679
6.53046	0.00834026
6.53071	-0.00251356
6.53095	-0.00502735
6.5312	0.0059391
6.53144	0.0182388
6.53169	0.0184212
6.53193	0.00906166
6.53217	0.00421703
6.53242	0.0103189
6.53266	0.0187313
6.53291	0.0184911
6.53315	0.0104677
6.5334	0.0047266
6.53364	0.00684474
6.53389	0.0119138
6.53413	0.012378
6.53438	0.00800316
6.53462	0.00545365
6.53487	0.00891366
6.53511	0.0140216
6.53535	0.0131169
6.5356	0.00543175
6.53584	-0.00128877
6.53609	-0.000448147
6.53633	0.00549291
6.53658	0.00953575
6.53682	0.00953409
6.53707	0.00860876
6.53731	0.00825561
6.53756	0.00672772
6.5378	0.00412892
6.53805	0.00348247
6.53829	0.00560758
6.53853	0.00763018
6.53878	0.00765572
6.53902	0.00658796
6.53927	0.00476611
6.53951	0.0017948
6.53976	8.79891e-05
6.54	0.00248519
6.54025	0.00560687
6.54049	0.0031236
6.54074	-0.00247545
6.54098	-0.000483768
6.54123	0.0111027
6.54147	0.0186295
6.54171	0.0107069
6.54196	-0.00433519
6.5422	-0.00920784
6.54245	-0.00129862
6.54269	0.0058268
6.54294	0.0033522
6.54318	-0.00180078
6.54343	0.000182618
6.54367	0.00718578
6.54392	0.00942348
6.54416	0.00420905
6.5444	-0.000210012
6.54465	0.00373336
6.54489	0.0117542
6.54514	0.0124345
6.54538	0.00302172
6.54563	-0.0051396
6.54587	-0.00158459
6.54612	0.00771893
6.54636	0.00872101
6.54661	0.000868397
6.54685	-0.00215364
6.5471	0.00479988
6.54734	0.00925586
6.54758	0.00246093
6.54783	-0.00391562
6.54807	0.0041502
6.54832	0.018177
6.54856	0.0176369
6.54881	0.00112112
6.54905	-0.0108963
6.5493	-0.00570565
6.54954	0.00571509
6.54979	0.00809492
6.55003	0.00344546
6.55028	0.00393203
6.55052	0.0122339
6.55076	0.0195922
6.55101	0.0194324
6.55125	0.0139268
6.5515	0.00790586
6.55174	0.00330507
6.55199	0.000665895
6.55223	0.00100767
6.55248	0.00370964
6.55272	0.00552443
6.55297	0.00464397
6.55321	0.00408539
6.55346	0.00727322
6.5537	0.0108419
6.55394	0.00755208
6.55419	-0.00146234
6.55443	-0.00462768
6.55468	0.00335795
6.55492	0.00983449
6.55517	0.00087848
6.55541	-0.014858
6.55566	-0.0154266
6.5559	0.00079993
6.55615	0.0101013
6.55639	-0.000894572
6.55663	-0.0138858
6.55688	-0.00725068
6.55712	0.0107493
6.55737	0.016576
6.55761	0.00780954
6.55786	0.00234229
6.5581	0.0068152
6.55835	0.00921194
6.55859	0.00309733
6.55884	-0.00255452
6.55908	-0.00199025
6.55933	-0.00188076
6.55957	-0.00532826
6.55981	-0.00383134
6.56006	0.00612175
6.5603	0.0132334
6.56055	0.00837112
6.56079	-0.000689467
6.56104	-0.00209306
6.56128	0.00251879
6.56153	0.00423507
6.56177	0.00263265
6.56202	0.00377554
6.56226	0.00764271
6.56251	0.00836413
6.56275	0.00447754
6.56299	0.000256245
6.56324	-0.0016296
6.56348	-0.00181639
6.56373	-0.000185087
6.56397	0.00358442
6.56422	0.00644755
6.56446	0.00477985
6.56471	0.000660988
6.56495	0.000449873
6.5652	0.00592308
6.56544	0.0103632
6.56569	0.00609148
6.56593	-0.00491622
6.56617	-0.011206
6.56642	-0.00553117
6.56666	0.00387152
6.56691	0.00254042
6.56715	-0.00888957
6.5674	-0.0126897
6.56764	0.0005803
6.56789	0.0154493
6.56813	0.0121945
6.56838	-0.0043512
6.56862	-0.012822
6.56886	-0.00718584
6.56911	-0.00136534
6.56935	-0.00263599
6.5696	-0.0015615
6.56984	0.00652781
6.57009	0.0104777
6.57033	0.00370023
6.57058	-0.00203557
6.57082	0.00387805
6.57107	0.0121648
6.57131	0.00910581
6.57156	-0.000846538
6.5718	-0.00347049
6.57204	0.00261519
6.57229	0.00683288
6.57253	0.00415957
6.57278	-0.00185364
6.57302	-0.00845711
6.57327	-0.0135365
6.57351	-0.0113013
6.57376	-0.000589357
6.574	0.00782533
6.57425	0.00487673
6.57449	-0.00157818
6.57474	0.000983544
6.57498	0.00824656
6.57522	0.0062838
6.57547	-0.00377608
6.57571	-0.006755
6.57596	0.00156952
6.5762	0.00884737
6.57645	0.0076376
6.57669	0.00490244
6.57694	0.00581345
6.57718	0.0047745
6.57743	-0.00096453
6.57767	-0.00370634
6.57792	0.00101189
6.57816	0.0060393
6.5784	0.00545182
6.57865	0.00361515
6.57889	0.00405192
6.57914	0.00180887
6.57938	-0.00458066
6.57963	-0.0061338
6.57987	0.0014679
6.58012	0.00785296
6.58036	0.00460799
6.58061	0.000238608
6.58085	0.00486655
6.58109	0.0110398
6.58134	0.00659778
6.58158	-0.00198999
6.58183	0.00133491
6.58207	0.0146155
6.58232	0.0201543
6.58256	0.0138452
6.58281	0.0110638
6.58305	0.0191109
6.5833	0.0240544
6.58354	0.0145054
6.58379	0.00162764
6.58403	0.00208369
6.58427	0.0126667
6.58452	0.0164181
6.58476	0.00744587
6.58501	-0.00382756
6.58525	-0.00723472
6.5855	-0.00311128
6.58574	0.00350403
6.58599	0.00941604
6.58623	0.0125726
6.58648	0.0113118
6.58672	0.00625752
6.58697	-0.000136993
6.58721	-0.00584442
6.58745	-0.0091117
6.5877	-0.00835823
6.58794	-0.00480756
6.58819	-0.00214234
6.58843	-0.000790176
6.58868	0.00328686
6.58892	0.0107118
6.58917	0.0149734
6.58941	0.0116019
6.58966	0.00549793
6.5899	0.0026969
6.59015	0.000798768
6.59039	-0.00388194
6.59063	-0.00549354
6.59088	0.00327013
6.59112	0.0156146
6.59137	0.0168978
6.59161	0.00657608
6.59186	0.000148305
6.5921	0.00616158
6.59235	0.0145707
6.59259	0.0138246
6.59284	0.00740499
6.59308	0.00488144
6.59333	0.00642463
6.59357	0.00646604
6.59381	0.0055522
6.59406	0.00766326
6.5943	0.0103097
6.59455	0.00788111
6.59479	0.00242876
6.59504	0.00140695
6.59528	0.00587577
6.59553	0.00986733
6.59577	0.0110524
6.59602	0.0132307
6.59626	0.0173587
6.5965	0.0184783
6.59675	0.0139961
6.59699	0.007995
6.59724	0.00436745
6.59748	0.001915
6.59773	-0.000208472
6.59797	0.00173657
6.59822	0.00949487
6.59846	0.0163925
6.59871	0.0142819
6.59895	0.00539421
6.5992	0.000678387
6.59944	0.00539263
6.59968	0.0121679
6.59993	0.0114853
6.60017	0.00442567
6.60042	-0.00017228
6.60066	0.00150282
6.60091	0.00507441
6.60115	0.00725287
6.6014	0.0102131
6.60164	0.0139023
6.60189	0.0123663
6.60213	0.00441169
6.60238	0.000758668
6.60262	0.0103797
6.60286	0.0240287
6.60311	0.0239407
6.60335	0.00928471
6.6036	-0.00143746
6.60384	0.00361636
6.60409	0.0143449
6.60433	0.0157951
6.60458	0.00879548
6.60482	0.00401832
6.60507	0.00460371
6.60531	0.00607927
6.60556	0.0075006
6.6058	0.0108873
6.60604	0.0129831
6.60629	0.00875836
6.60653	0.00147338
6.60678	-0.00101757
6.60702	0.00116137
6.60727	0.00147153
6.60751	0.000684861
6.60776	0.00731009
6.608	0.0217545
6.60825	0.0312392
6.60849	0.0262884
6.60873	0.0137749
6.60898	0.00662817
6.60922	0.00693402
6.60947	0.00711597
6.60971	0.00382386
6.60996	0.00188879
6.6102	0.00496767
6.61045	0.00981714
6.61069	0.0120472
6.61094	0.0122576
6.61118	0.0130287
6.61143	0.0133352
6.61167	0.0103367
6.61191	0.00530769
6.61216	0.00309468
6.6124	0.00522791
6.61265	0.00797583
6.61289	0.00887588
6.61314	0.0104818
6.61338	0.0142362
6.61363	0.0153065
6.61387	0.0093685
6.61412	0.00124527
6.61436	-0.000561016
6.61461	0.0035323
6.61485	0.00514462
6.61509	0.00150207
6.61534	-0.000571574
6.61558	0.00376886
6.61583	0.0101017
6.61607	0.012554
6.61632	0.0117798
6.61656	0.0112558
6.61681	0.0120488
6.61705	0.0148633
6.6173	0.0206088
6.61754	0.0252115
6.61779	0.0212736
6.61803	0.00949134
6.61827	0.000843674
6.61852	0.00199182
6.61876	0.00625926
6.61901	0.00542634
6.61925	0.00236393
6.6195	0.00386125
6.61974	0.0083169
6.61999	0.0100215
6.62023	0.00977271
6.62048	0.0115451
6.62072	0.0135822
6.62096	0.0125309
6.62121	0.0117815
6.62145	0.0155321
6.6217	0.0186631
6.62194	0.0134441
6.62219	0.00338922
6.62243	-0.000669028
6.62268	0.00342559
6.62292	0.00775533
6.62317	0.00775204
6.62341	0.00650888
6.62366	0.00606795
6.6239	0.00468498
6.62414	0.00330688
6.62439	0.00535703
6.62463	0.00922959
6.62488	0.00959126
6.62512	0.00679431
6.62537	0.00659383
6.62561	0.00983097
6.62586	0.0107208
6.6261	0.00663986
6.62635	0.00213753
6.62659	0.00191816
6.62684	0.00600691
6.62708	0.0120827
6.62732	0.0169565
6.62757	0.0169557
6.62781	0.0126571
6.62806	0.0105623
6.6283	0.0136231
6.62855	0.0148248
6.62879	0.00890032
6.62904	0.0044165
6.62928	0.0116104
6.62953	0.0229151
6.62977	0.0215322
6.63002	0.00789277
6.63026	0.000146062
6.6305	0.00629984
6.63075	0.0135477
6.63099	0.0108841
6.63124	0.00559485
6.63148	0.00804175
6.63173	0.0141153
6.63197	0.0144385
6.63222	0.0108147
6.63246	0.0115302
6.63271	0.0167541
6.63295	0.0190838
6.63319	0.0146964
6.63344	0.00626581
6.63368	-0.00155376
6.63393	-0.00392474
6.63417	0.00198294
6.63442	0.0111587
6.63466	0.012726
6.63491	0.00393846
6.63515	-0.00320522
6.6354	0.00348235
6.63564	0.0191846
6.63589	0.0267109
6.63613	0.0164989
6.63637	-0.00364174
6.63662	-0.0176899
6.63686	-0.0163313
6.63711	-0.00372882
6.63735	0.00776627
6.6376	0.0100091
6.63784	0.00630823
6.63809	0.00477339
6.63833	0.00683648
6.63858	0.00754142
6.63882	0.00534814
6.63907	0.00388277
6.63931	0.0037909
6.63955	0.0013836
6.6398	-0.00290896
6.64004	-0.00314279
6.64029	0.00240202
6.64053	0.00814011
6.64078	0.0106895
6.64102	0.0130443
6.64127	0.015962
6.64151	0.0144573
6.64176	0.00790771
6.642	0.00470558
6.64225	0.0101062
6.64249	0.0169193
6.64273	0.0156149
6.64298	0.00780985
6.64322	0.00267898
6.64347	0.00470161
6.64371	0.0110432
6.64396	0.0166484
6.6442	0.0166755
6.64445	0.00881875
6.64469	-0.00174181
6.64494	-0.00508048
6.64518	0.000762382
6.64542	0.00583343
6.64567	0.0024193
6.64591	-0.004002
6.64616	-0.00507723
6.6464	-0.00338331
6.64665	-0.00591443
6.64689	-0.00920589
6.64714	-0.00307921
6.64738	0.0122233
6.64763	0.023852
6.64787	0.0227979
6.64812	0.013744
6.64836	0.00623755
6.6486	0.00363843
6.64885	0.00422973
6.64909	0.00698941
6.64934	0.0110711
6.64958	0.0129575
6.64983	0.00954951
6.65007	0.00371882
6.65032	0.00250446
6.65056	0.00812011
6.65081	0.0137418
6.65105	0.0116955
6.6513	0.00435917
6.65154	0.0017383
6.65178	0.00746752
6.65203	0.0136109
6.65227	0.0127933
6.65252	0.00852236
6.65276	0.0070082
6.65301	0.0056159
6.65325	-0.000411657
6.6535	-0.00492834
6.65374	0.00184827
6.65399	0.014545
6.65423	0.0161943
6.65448	0.00325748
6.65472	-0.0075242
6.65496	-0.00321484
6.65521	0.00777583
6.65545	0.0107769
6.6557	0.0057893
6.65594	0.00226428
6.65619	0.00201476
6.65643	-2.04306e-05
6.65668	-0.00334661
6.65692	-0.00248753
6.65717	0.00236533
6.65741	0.00547403
6.65765	0.00498819
6.6579	0.00369635
6.65814	0.00208425
6.65839	-0.000582818
6.65863	0.000324519
6.65888	0.0103848
6.65912	0.0243191
6.65937	0.0281684
6.65961	0.0169228
6.65986	0.0025575
6.6601	-0.000513523
6.66035	0.00723892
6.66059	0.0134148
6.66083	0.0106411
6.66108	0.00368079
6.66132	-0.000378475
6.66157	-0.00190984
6.66181	-0.00450934
6.66206	-0.00576719
6.6623	0.000215422
6.66255	0.0116807
6.66279	0.0185864
6.66304	0.0159672
6.66328	0.0109511
6.66353	0.0118315
6.66377	0.0166809
6.66401	0.0189949
6.66426	0.0181938
6.6645	0.0164368
6.66475	0.0111877
6.66499	0.00173122
6.66524	-0.00195812
6.66548	0.00955707
6.66573	0.026952
6.66597	0.0299587
6.66622	0.0149604
6.66646	0.000446098
6.66671	0.000940633
6.66695	0.00935091
6.66719	0.0119131
6.66744	0.00799279
6.66768	0.00526297
6.66793	0.00470887
6.66817	0.00154338
6.66842	-0.00411706
6.66866	-0.00710421
6.66891	-0.00543048
6.66915	-0.00199164
6.6694	0.000314712
6.66964	0.000898012
6.66988	0.000868659
6.67013	0.00255533
6.67037	0.00677652
6.67062	0.00965222
6.67086	0.00667308
6.67111	0.0006357
6.67135	-0.00053546
6.6716	0.00476453
6.67184	0.00913235
6.67209	0.00693475
6.67233	0.00141655
6.67258	-0.00117073
6.67282	0.00125629
6.67306	0.00667444
6.67331	0.0106668
6.67355	0.00812973
6.6738	-0.000414638
6.67404	-0.00575754
6.67429	-0.00106268
6.67453	0.00690437
6.67478	0.00773483
6.67502	0.0045519
6.67527	0.00716215
6.67551	0.0115648
6.67576	0.00520127
6.676	-0.00724199
6.67624	-0.00563164
6.67649	0.0123716
6.67673	0.0226492
6.67698	0.0102662
6.67722	-0.00721041
6.67747	-0.00728645
6.67771	0.00469257
6.67796	0.0088266
6.6782	0.00253335
6.67845	-0.00120932
6.67869	0.00181874
6.67894	0.00434329
6.67918	0.00413699
6.67942	0.00605457
6.67967	0.00996929
6.67991	0.0104409
6.68016	0.00636588
6.6804	0.000767014
6.68065	-0.0050518
6.68089	-0.00852429
6.68114	-0.00388789
6.68138	0.00750958
6.68163	0.013567
6.68187	0.00863182
6.68212	0.0044481
6.68236	0.0115539
6.6826	0.0206117
6.68285	0.0176798
6.68309	0.00824
6.68334	0.00792387
6.68358	0.0168534
6.68383	0.0224778
6.68407	0.0223912
6.68432	0.0242174
6.68456	0.026213
6.68481	0.0190493
6.68505	0.00647454
6.68529	0.00349798
6.68554	0.0113694
6.68578	0.0137551
6.68603	0.00283302
6.68627	-0.00836925
6.68652	-0.00690765
6.68676	0.00171997
6.68701	0.00480707
6.68725	0.000536196
6.6875	-0.00410134
6.68774	-0.00554384
6.68799	-0.00583524
6.68823	-0.00681043
6.68847	-0.00731383
6.68872	-0.00444321
6.68896	0.00307617
6.68921	0.0105793
6.68945	0.00971916
6.6897	-0.000120592
6.68994	-0.00719426
6.69019	-0.00134582
6.69043	0.0120039
6.69068	0.0200543
6.69092	0.0195327
6.69117	0.0155642
6.69141	0.00960082
6.69165	0.00123631
6.6919	-0.00263121
6.69214	0.00476632
6.69239	0.0157857
6.69263	0.0164957
6.69288	0.00802453
6.69312	0.00450859
6.69337	0.00978535
6.69361	0.0125485
6.69386	0.00704822
6.6941	0.00221253
6.69435	0.00508442
6.69459	0.0100194
6.69483	0.010999
6.69508	0.0116262
6.69532	0.0153696
6.69557	0.0172963
6.69581	0.0135457
6.69606	0.00930806
6.6963	0.00927065
6.69655	0.00862233
6.69679	0.00215414
6.69704	-0.00443921
6.69728	-0.00146785
6.69752	0.010099
6.69777	0.0185234
6.69801	0.0150103
6.69826	0.00301938
6.6985	-0.00604424
6.69875	-0.00470942
6.69899	0.00288848
6.69924	0.00608455
6.69948	0.00100275
6.69973	-0.00520831
6.69997	-0.00597981
6.70022	-0.00468256
6.70046	-0.00631104
6.7007	-0.00694014
6.70095	-0.00120335
6.70119	0.00550265
6.70144	0.00446687
6.70168	-0.00074895
6.70193	0.000305305
6.70217	0.00653515
6.70242	0.00734967
6.70266	0.00258293
6.70291	0.00395834
6.70315	0.0139735
6.7034	0.0196616
6.70364	0.0133822
6.70388	0.00524715
6.70413	0.00658315
6.70437	0.0132085
6.70462	0.0145086
6.70486	0.00947935
6.70511	0.0042309
6.70535	0.00117854
6.7056	-0.000233295
6.70584	0.00175899
6.70609	0.00698242
6.70633	0.00855749
6.70658	0.00105994
6.70682	-0.00939807
6.70706	-0.0110393
6.70731	-0.00136848
6.70755	0.00999574
6.7078	0.0134867
6.70804	0.00956554
6.70829	0.00510607
6.70853	0.00344853
6.70878	0.00178425
6.70902	-0.00161626
6.70927	-0.00220157
6.70951	0.00404106
6.70975	0.011276
6.71	0.00966286
6.71024	0.0010888
6.71049	-0.00114036
6.71073	0.007981
6.71098	0.0170339
6.71122	0.0166939
6.71147	0.0144992
6.71171	0.0203775
6.71196	0.0283042
6.7122	0.0263764
6.71245	0.016626
6.71269	0.0094804
6.71293	0.00572396
6.71318	0.000542297
6.71342	-0.00096488
6.71367	0.0087086
6.71391	0.0207957
6.71416	0.0194878
6.7144	0.00812474
6.71465	0.00531356
6.71489	0.0145469
6.71514	0.019314
6.71538	0.0116823
6.71563	0.00409136
6.71587	0.00614497
6.71611	0.00967268
6.71636	0.00621952
6.7166	0.00245861
6.71685	0.0075976
6.71709	0.018217
6.71734	0.0243668
6.71758	0.0207644
6.71783	0.00756183
6.71807	-0.00876648
6.71832	-0.0138659
6.71856	0.000476144
6.71881	0.0194433
6.71905	0.0197478
6.71929	0.00277166
6.71954	-0.00727088
6.71978	-0.00115475
6.72003	0.00395934
6.72027	-0.00193482
6.72052	-0.00384353
6.72076	0.00881846
6.72101	0.0204357
6.72125	0.0154047
6.7215	0.00429473
6.72174	0.003062
6.72198	0.00548907
6.72223	-0.000833538
6.72247	-0.00792346
6.72272	-0.0019647
6.72296	0.00866183
6.72321	0.00599918
6.72345	-0.00594037
6.7237	-0.00777148
6.72394	0.00305018
6.72419	0.0109801
6.72443	0.00978809
6.72468	0.00813107
6.72492	0.00942628
6.72516	0.00787899
6.72541	0.00449854
6.72565	0.00697911
6.7259	0.0128339
6.72614	0.0113919
6.72639	0.003676
6.72663	0.00225521
6.72688	0.00967685
6.72712	0.0145623
6.72737	0.0113953
6.72761	0.00714732
6.72786	0.00535395
6.7281	0.000660262
6.72834	-0.00652264
6.72859	-0.00645364
6.72883	0.00281461
6.72908	0.0096482
6.72932	0.00705231
6.72957	0.00332057
6.72981	0.00691119
6.73006	0.0127739
6.7303	0.0122651
6.73055	0.00668916
6.73079	0.00223192
6.73104	-0.000503005
6.73128	-0.00344704
6.73152	-0.00412079
6.73177	-0.00028667
6.73201	0.00291884
6.73226	-0.00132018
6.7325	-0.0104404
6.73275	-0.0137408
6.73299	-0.00531498
6.73324	0.00806933
6.73348	0.0138846
6.73373	0.00811393
6.73397	0.00068113
6.73421	0.00371019
6.73446	0.0150187
6.7347	0.019358
6.73495	0.00853895
6.73519	-0.00707049
6.73544	-0.0127838
6.73568	-0.00811038
6.73593	-0.00266539
6.73617	6.43455e-05
6.73642	0.00373366
6.73666	0.00774331
6.73691	0.00717512
6.73715	0.00325532
6.73739	0.00249604
6.73764	0.00490279
6.73788	0.00376301
6.73813	-0.00158936
6.73837	-0.00348846
6.73862	0.000934987
6.73886	0.00439011
6.73911	0.0013807
6.73935	-0.00297946
6.7396	-0.00147029
6.73984	0.00420439
6.74009	0.00645407
6.74033	0.00225185
6.74057	-0.00380544
6.74082	-0.00546293
6.74106	-0.0017909
6.74131	0.00147234
6.74155	-0.00147428
6.7418	-0.00775709
6.74204	-0.00742134
6.74229	0.00350041
6.74253	0.0164891
6.74278	0.0217136
6.74302	0.0199815
6.74327	0.017108
6.74351	0.0126748
6.74375	0.00379863
6.744	-0.00502266
6.74424	-0.00699375
6.74449	-0.00478193
6.74473	-0.00575615
6.74498	-0.00794263
6.74522	-0.00325216
6.74547	0.00626593
6.74571	0.00876464
6.74596	0.000520797
6.7462	-0.0088523
6.74644	-0.0114732
6.74669	-0.00995365
6.74693	-0.0083786
6.74718	-0.00571848
6.74742	-0.00167506
6.74767	0.00106857
6.74791	0.00334739
6.74816	0.00830312
6.7484	0.0118975
6.74865	0.00638327
6.74889	-0.00433279
6.74914	-0.00619801
6.74938	0.00371287
6.74962	0.011489
6.74987	0.00837414
6.75011	0.00408626
6.75036	0.00891786
6.7506	0.0161342
6.75085	0.0144115
6.75109	0.00662313
6.75134	0.00248107
6.75158	0.00126042
6.75183	-0.0034475
6.75207	-0.00815638
6.75232	-0.00414293
6.75256	0.00552686
6.7528	0.00836469
6.75305	0.00135003
6.75329	-0.00547817
6.75354	-0.00497992
6.75378	-0.000755034
6.75403	0.00256786
6.75427	0.00605616
6.75452	0.0104475
6.75476	0.0125366
6.75501	0.0112248
6.75525	0.00998184
6.7555	0.0103236
6.75574	0.00930319
6.75598	0.00583179
6.75623	0.00288258
6.75647	0.00113094
6.75672	-0.00238259
6.75696	-0.0061986
6.75721	-0.00306516
6.75745	0.00805895
6.7577	0.0159082
6.75794	0.0106631
6.75819	-0.000951664
6.75843	-0.00328709
6.75868	0.00746689
6.75892	0.0190305
6.75916	0.0200111
6.75941	0.0126769
6.75965	0.0060481
6.7599	0.00372731
6.76014	0.00360114
6.76039	0.00398574
6.76063	0.00388828
6.76088	0.0010885
6.76112	-0.00343801
6.76137	-0.00245417
6.76161	0.00816858
6.76185	0.0191243
6.7621	0.0167327
6.76234	0.00286072
6.76259	-0.00524914
6.76283	0.00130666
6.76308	0.0108162
6.76332	0.00948823
6.76357	0.00168783
6.76381	0.000599342
6.76406	0.00653658
6.7643	0.00848624
6.76455	0.00362814
6.76479	0.000818316
6.76503	0.00454612
6.76528	0.00885002
6.76552	0.00965904
6.76577	0.0109043
6.76601	0.0141764
6.76626	0.0135148
6.7665	0.00640096
6.76675	0.000547167
6.76699	0.00305803
6.76724	0.0101591
6.76748	0.0137663
6.76773	0.0117719
6.76797	0.0066885
6.76821	0.00106743
6.76846	-0.000674197
6.7687	0.00617787
6.76895	0.0171877
6.76919	0.0194166
6.76944	0.00907731
6.76968	-0.000225068
6.76993	0.00359332
6.77017	0.0126563
6.77042	0.0120431
6.77066	0.00383611
6.77091	0.00237368
6.77115	0.00898695
6.77139	0.0093638
6.77164	-0.00183065
6.77188	-0.0105885
6.77213	-0.00485385
6.77237	0.0071959
6.77262	0.00999401
6.77286	0.00262445
6.77311	-0.00263334
6.77335	0.00134997
6.7736	0.00960568
6.77384	0.0146353
6.77408	0.0148648
6.77433	0.0131757
6.77457	0.0122647
6.77482	0.0123763
6.77506	0.0111833
6.77531	0.0066283
6.77555	0.0013604
6.7758	0.0014952
6.77604	0.00832018
6.77629	0.0147113
6.77653	0.0139279
6.77678	0.00883208
6.77702	0.00698063
6.77726	0.00897134
6.77751	0.00860129
6.77775	0.00406928
6.778	0.00125647
6.77824	0.00365337
6.77849	0.00620933
6.77873	0.00391316
6.77898	0.000803361
6.77922	0.00372209
6.77947	0.0104671
6.77971	0.0121518
6.77996	0.00692269
6.7802	0.00323503
6.78044	0.00697334
6.78069	0.0125231
6.78093	0.0117662
6.78118	0.00666459
6.78142	0.00577698
6.78167	0.0107494
6.78191	0.0139996
6.78216	0.0103345
6.7824	0.00397963
6.78265	0.00136447
6.78289	0.00220457
6.78314	0.00181219
6.78338	-0.0010394
6.78362	-0.00304598
6.78387	-0.00193782
6.78411	0.000699474
6.78436	0.00266409
6.7846	0.00473847
6.78485	0.0092761
6.78509	0.0152624
6.78534	0.016749
6.78558	0.00944803
6.78583	-0.000875722
6.78607	-0.00199115
6.78631	0.00876849
6.78656	0.0177293
6.7868	0.0121637
6.78705	-0.000111142
6.78729	-0.000830992
6.78754	0.0102751
6.78778	0.0136235
6.78803	0.00139677
6.78827	-0.00707145
6.78852	0.00531154
6.78876	0.0239593
6.78901	0.0228463
6.78925	0.00500098
6.78949	-0.00187648
6.78974	0.0111463
6.78998	0.0211539
6.79023	0.0108757
6.79047	-0.00453601
6.79072	-0.00290599
6.79096	0.0110082
6.79121	0.0161675
6.79145	0.00837168
6.7917	0.00214813
6.79194	0.00466801
6.79219	0.00742583
6.79243	0.00421829
6.79267	0.000788827
6.79292	0.00302376
6.79316	0.00813805
6.79341	0.0115205
6.79365	0.0124638
6.7939	0.010231
6.79414	0.0036651
6.79439	-0.00276949
6.79463	-0.00174258
6.79488	0.00555735
6.79512	0.00973544
6.79537	0.00721722
6.79561	0.00420986
6.79585	0.00395926
6.7961	0.00128013
6.79634	-0.00523096
6.79659	-0.00700989
6.79683	0.000798596
6.79708	0.00934701
6.79732	0.00882337
6.79757	0.00292915
6.79781	0.00114575
6.79806	0.00396089
6.7983	0.00613033
6.79854	0.00805346
6.79879	0.0124229
6.79903	0.014783
6.79928	0.00967969
6.79952	0.00249417
6.79977	0.0026214
6.80001	0.0076582
6.80026	0.00770828
6.8005	0.00364532
6.80075	0.00602239
6.80099	0.0147943
6.80124	0.0159744
6.80148	0.00355873
6.80172	-0.00930968
6.80197	-0.00874295
6.80221	0.00173675
6.80246	0.00991315
6.8027	0.0121353
6.80295	0.0125813
6.80319	0.0129022
6.80344	0.012192
6.80368	0.0118475
6.80393	0.0119033
6.80417	0.00753276
6.80442	-0.00249788
6.80466	-0.00879287
6.8049	-0.00207027
6.80515	0.0124121
6.80539	0.0203272
6.80564	0.0161294
6.80588	0.0070456
6.80613	0.00092884
6.80637	-0.00140363
6.80662	-0.00224942
6.80686	-0.00312554
6.80711	-0.00503569
6.80735	-0.00667892
6.8076	-0.00345956
6.80784	0.00586949
6.80808	0.0141613
6.80833	0.0147888
6.80857	0.0123126
6.80882	0.0145558
6.80906	0.0169851
6.80931	0.00821631
6.80955	-0.00867594
6.8098	-0.015586
6.81004	-0.00518683
6.81029	0.00718878
6.81053	0.0064468
6.81077	-0.000313355
6.81102	0.0024786
6.81126	0.0129786
6.81151	0.0159726
6.81175	0.00819414
6.812	0.00258734
6.81224	0.00650429
6.81249	0.0111595
6.81273	0.00770333
6.81298	0.000976367
6.81322	-0.000381748
6.81347	0.00213231
6.81371	0.00191574
6.81395	-0.000261225
6.8142	0.00171494
6.81444	0.0080843
6.81469	0.0124009
6.81493	0.010605
6.81518	0.00438932
6.81542	-0.00310824
6.81567	-0.00886666
6.81591	-0.00868751
6.81616	-0.00104148
6.8164	0.00822741
6.81665	0.0113455
6.81689	0.0086111
6.81713	0.00682234
6.81738	0.00837438
6.81762	0.00936742
6.81787	0.00858987
6.81811	0.00942513
6.81836	0.0110362
6.8186	0.00751387
6.81885	-8.78848e-05
6.81909	-0.000863048
6.81934	0.0100655
6.81958	0.0216771
6.81983	0.0216988
6.82007	0.0135038
6.82031	0.00836781
6.82056	0.00751698
6.8208	0.00396776
6.82105	-0.00230875
6.82129	-0.00451933
6.82154	-0.00255296
6.82178	-0.00312257
6.82203	-0.00631907
6.82227	-0.00499337
6.82252	0.000938865
6.82276	0.00241052
6.823	-0.00349751
6.82325	-0.00831314
6.82349	-0.00618312
6.82374	-0.00139894
6.82398	0.00232976
6.82423	0.00776574
6.82447	0.0138216
6.82472	0.0123242
6.82496	0.0026465
6.82521	-0.00290623
6.82545	0.0025945
6.8257	0.00913719
6.82594	0.0069433
6.82618	0.00284293
6.82643	0.00642383
6.82667	0.0112858
6.82692	0.00625735
6.82716	-0.00342856
6.82741	-0.00386171
6.82765	0.00439042
6.8279	0.00851774
6.82814	0.00514153
6.82839	0.00225814
6.82863	0.0019828
6.82888	-0.000909136
6.82912	-0.00447547
6.82936	-0.00182189
6.82961	0.00241408
6.82985	-0.00286901
6.8301	-0.0124293
6.83034	-0.00808281
6.83059	0.0105437
6.83083	0.0206797
6.83108	0.0106554
6.83132	-0.0016842
6.83157	0.00219705
6.83181	0.0131839
6.83206	0.0117356
6.8323	-0.00138863
6.83254	-0.0102121
6.83279	-0.00911935
6.83303	-0.00537279
6.83328	-0.00308435
6.83352	-0.00109939
6.83377	-0.0013411
6.83401	-0.00424286
6.83426	-0.00142212
6.8345	0.011923
6.83475	0.022924
6.83499	0.0160545
6.83524	-0.00206025
6.83548	-0.010911
6.83572	-0.00682518
6.83597	-0.00568808
6.83621	-0.0138915
6.83646	-0.0171983
6.8367	-0.00521957
6.83695	0.0108189
6.83719	0.0150042
6.83744	0.00812537
6.83768	0.00138349
6.83793	-0.00103279
6.83817	-0.00205145
6.83841	-0.00175025
6.83866	0.00184115
6.8389	0.00599896
6.83915	0.00618489
6.83939	0.00341398
6.83964	0.00237339
6.83988	0.00438963
6.84013	0.00726847
6.84037	0.0096425
6.84062	0.0111857
6.84086	0.0111558
6.84111	0.010547
6.84135	0.0128317
6.84159	0.0188652
6.84184	0.0237654
6.84208	0.02235
6.84233	0.0153997
6.84257	0.00780726
6.84282	0.0031707
6.84306	0.00259006
6.84331	0.00568469
6.84355	0.00986502
6.8438	0.0109914
6.84404	0.00727298
6.84429	0.00112982
6.84453	-0.00337456
6.84477	-0.00291148
6.84502	0.00387751
6.84526	0.0131862
6.84551	0.0160341
6.84575	0.00829049
6.846	-0.000693573
6.84624	0.00131842
6.84649	0.0105553
6.84673	0.0110269
6.84698	-0.000437924
6.84722	-0.00746352
6.84747	0.000433663
6.84771	0.0104432
6.84795	0.0069856
6.8482	-0.00275549
6.84844	-0.00107475
6.84869	0.0102004
6.84893	0.0119362
6.84918	-0.00123981
6.84942	-0.0115217
6.84967	-0.0042694
6.84991	0.0119054
6.85016	0.0191409
6.8504	0.0129722
6.85064	0.00256184
6.85089	-0.0035863
6.85113	-0.00373132
6.85138	0.000313669
6.85162	0.00540004
6.85187	0.00836485
6.85211	0.00909896
6.85236	0.00995689
6.8526	0.0106415
6.85285	0.00814894
6.85309	0.003377
6.85334	0.00198889
6.85358	0.00604254
6.85382	0.0105358
6.85407	0.0113825
6.85431	0.0108536
6.85456	0.0113677
6.8548	0.0102255
6.85505	0.00568026
6.85529	0.00246496
6.85554	0.0047853
6.85578	0.00822358
6.85603	0.00588541
6.85627	-4.1856e-05
6.85652	-0.000291246
6.85676	0.00835048
6.857	0.0180296
6.85725	0.0189974
6.85749	0.00986496
6.85774	-0.0020761
6.85798	-0.00804824
6.85823	-0.00496597
6.85847	0.00257628
6.85872	0.00716932
6.85896	0.00596025
6.85921	0.00222878
6.85945	-0.000226863
6.8597	-0.00131055
6.85994	-0.00229918
6.86018	-0.00275541
6.86043	-0.00188098
6.86067	-0.000273616
6.86092	0.00142663
6.86116	0.00317132
6.86141	0.00390402
6.86165	0.00252161
6.8619	0.000726694
6.86214	0.000543707
6.86239	-0.00065162
6.86263	-0.00592776
6.86287	-0.00965182
6.86312	-0.00260072
6.86336	0.010885
6.86361	0.0131891
6.86385	-0.00152704
6.8641	-0.0147172
6.86434	-0.00834546
6.86459	0.00752471
6.86483	0.00866182
6.86508	-0.0075191
6.86532	-0.0193032
6.86557	-0.0135717
6.86581	-0.00173084
6.86605	0.00240009
6.8663	0.00235746
6.86654	0.00619237
6.86679	0.00849527
6.86703	0.000106972
6.86728	-0.0126089
6.86752	-0.0139053
6.86777	-0.00178897
6.86801	0.0084492
6.86826	0.00552616
6.8685	-0.00342818
6.86875	-0.0041136
6.86899	0.00615282
6.86923	0.0166614
6.86948	0.0175953
6.86972	0.0106147
6.86997	0.00407687
6.87021	0.00133301
6.87046	-0.00183163
6.8707	-0.00801442
6.87095	-0.0119183
6.87119	-0.00758779
6.87144	0.00172849
6.87168	0.00721673
6.87193	0.00617141
6.87217	0.00318484
6.87241	0.000950028
6.87266	-0.00175655
6.8729	-0.002866
6.87315	0.00210631
6.87339	0.00940757
6.87364	0.00786324
6.87388	-0.00427974
6.87413	-0.0133043
6.87437	-0.00850367
6.87462	0.00211776
6.87486	0.0042123
6.8751	-0.00225896
6.87535	-0.00620233
6.87559	-0.00390479
6.87584	-0.00155437
6.87608	-0.00181126
6.87633	-0.000867053
6.87657	0.000924826
6.87682	-0.00206528
6.87706	-0.00882675
6.87731	-0.00989687
6.87755	-0.00163247
6.8778	0.00716706
6.87804	0.00787273
6.87828	0.00330897
6.87853	0.00117338
6.87877	0.00297412
6.87902	0.00500445
6.87926	0.00493434
6.87951	0.0026143
6.87975	-0.000915782
6.88	-0.00153611
6.88024	0.00503662
6.88049	0.0146712
6.88073	0.0163
6.88098	0.00740369
6.88122	0.000399437
6.88146	0.00589139
6.88171	0.0165719
6.88195	0.017976
6.8822	0.00993465
6.88244	0.00498779
6.88269	0.00783088
6.88293	0.00985322
6.88318	0.00545408
6.88342	0.000827365
6.88367	0.00175064
6.88391	0.00374799
6.88416	0.00139558
6.8844	-0.00156223
6.88464	0.000117578
6.88489	0.00235737
6.88513	-0.0013887
6.88538	-0.00674459
6.88562	-0.00294421
6.88587	0.00972741
6.88611	0.0172893
6.88636	0.00989143
6.8866	-0.00512666
6.88685	-0.0124252
6.88709	-0.00617211
6.88733	0.00604848
6.88758	0.0136038
6.88782	0.0123237
6.88807	0.00494083
6.88831	-0.00308924
6.88856	-0.00679587
6.8888	-0.00392736
6.88905	0.0027512
6.88929	0.00595299
6.88954	2.00833e-05
6.88978	-0.0116515
6.89003	-0.0178517
6.89027	-0.0114376
6.89051	0.00152621
6.89076	0.00858285
6.891	0.00586846
6.89125	0.000715417
6.89149	-0.000768452
6.89174	-0.00112717
6.89198	-0.00362648
6.89223	-0.00505711
6.89247	-0.00267196
6.89272	-0.00128388
6.89296	-0.00491578
6.89321	-0.00705469
6.89345	0.000126649
6.89369	0.0107313
6.89394	0.0119238
6.89418	0.00442508
6.89443	0.00215983
6.89467	0.00953144
6.89492	0.0138207
6.89516	0.00638421
6.89541	-0.00221622
6.89565	0.00164485
6.8959	0.0136557
6.89614	0.0187007
6.89639	0.012415
6.89663	0.00376404
6.89687	-7.4903e-05
6.89712	-0.000365465
6.89736	-0.000209792
6.89761	-0.00081887
6.89785	-0.00355047
6.8981	-0.00791956
6.89834	-0.0089331
6.89859	-0.00348182
6.89883	0.00285906
6.89908	0.00283678
6.89932	-0.00146178
6.89956	-0.0027558
6.89981	-0.000596232
6.90005	0.000383048
6.9003	0.00134767
6.90054	0.00675207
6.90079	0.0121307
6.90103	0.00752168
6.90128	-0.00524569
6.90152	-0.0115385
6.90177	-0.00433133
6.90201	0.00603051
6.90226	0.00799522
6.9025	0.00406422
6.90274	0.00275424
6.90299	0.00452918
6.90323	0.00435594
6.90348	0.00191279
6.90372	0.000867314
6.90397	0.00200098
6.90421	0.00360849
6.90446	0.00543464
6.9047	0.00725678
6.90495	0.00729308
6.90519	0.00597956
6.90544	0.00671528
6.90568	0.00925182
6.90592	0.00831712
6.90617	0.00304759
6.90641	0.000720605
6.90666	0.00525294
6.9069	0.00919595
6.90715	0.00490227
6.90739	-0.00258637
6.90764	-0.00286999
6.90788	0.00428345
6.90813	0.0101839
6.90837	0.01061
6.90862	0.00838916
6.90886	0.00493546
6.9091	-0.000838693
6.90935	-0.00565644
6.90959	-0.00336255
6.90984	0.00542438
6.91008	0.0126079
6.91033	0.0129296
6.91057	0.00890507
6.91082	0.00494097
6.91106	0.00257346
6.91131	0.00211003
6.91155	0.00319615
6.91179	0.00326812
6.91204	0.000756825
6.91228	-0.000488895
6.91253	0.00411055
6.91277	0.0112312
6.91302	0.0125346
6.91326	0.00644418
6.91351	8.24964e-05
6.91375	-0.00129648
6.914	0.000497612
6.91424	0.00312444
6.91449	0.00731249
6.91473	0.0111633
6.91497	0.00894671
6.91522	0.000474787
6.91546	-0.00487629
6.91571	0.000429149
6.91595	0.0110685
6.9162	0.0151534
6.91644	0.00886787
6.91669	-0.000327452
6.91693	-0.00361762
6.91718	0.000211761
6.91742	0.00528193
6.91767	0.00550116
6.91791	0.00102553
6.91815	-0.0017975
6.9184	0.00163808
6.91864	0.00745835
6.91889	0.00827788
6.91913	0.00399317
6.91938	0.00148939
6.91962	0.00309741
6.91987	0.00314851
6.92011	-0.00105916
6.92036	-0.00330198
6.9206	0.00090065
6.92085	0.00542836
6.92109	0.00355014
6.92133	0.000396844
6.92158	0.00499387
6.92182	0.0139046
6.92207	0.0149538
6.92231	0.00656076
6.92256	0.00107036
6.9228	0.00636432
6.92305	0.0153709
6.92329	0.0183734
6.92354	0.0154421
6.92378	0.0103039
6.92403	0.00171902
6.92427	-0.00967345
6.92451	-0.0137811
6.92476	-0.00260854
6.925	0.0144106
6.92525	0.0193082
6.92549	0.00943978
6.92574	0.000359731
6.92598	0.00281362
6.92623	0.00893796
6.92647	0.00719336
6.92672	0.000525293
6.92696	0.000126405
6.9272	0.00731193
6.92745	0.0121612
6.92769	0.00842823
6.92794	0.000880032
6.92818	-0.00286073
6.92843	-0.00113142
6.92867	0.00255332
6.92892	0.00412532
6.92916	0.00142816
6.92941	-0.00419828
6.92965	-0.00776207
6.9299	-0.00506687
6.93014	0.0022992
6.93038	0.00897115
6.93063	0.0119793
6.93087	0.0115712
6.93112	0.00751186
6.93136	-3.52731e-05
6.93161	-0.00632758
6.93185	-0.00536555
6.9321	0.000889684
6.93234	0.00302504
6.93259	-0.00261712
6.93283	-0.00698271
6.93308	-0.000138012
6.93332	0.0136909
6.93356	0.0198826
6.93381	0.0117999
6.93405	-0.000866707
6.9343	-0.00445997
6.93454	0.00228039
6.93479	0.0085253
6.93503	0.00649675
6.93528	0.000921388
6.93552	0.00082819
6.93577	0.00602157
6.93601	0.00773783
6.93626	0.00215341
6.9365	-0.0039616
6.93674	-0.00398668
6.93699	-0.00110107
6.93723	-0.00140602
6.93748	-0.00271109
6.93772	0.00153831
6.93797	0.00975439
6.93821	0.0127892
6.93846	0.00738746
6.9387	0.000939068
6.93895	0.000782365
6.93919	0.00540977
6.93943	0.00881817
6.93968	0.00808096
6.93992	0.0041359
6.94017	-0.000338478
6.94041	-0.00187085
6.94066	0.000918401
6.9409	0.0043589
6.94115	0.00375499
6.94139	0.000239364
6.94164	-0.00144224
6.94188	-0.00114696
6.94213	-0.00259582
6.94237	-0.00497786
6.94261	-0.00352545
6.94286	0.00106266
6.9431	0.00295825
6.94335	0.00243448
6.94359	0.00649458
6.94384	0.0150622
6.94408	0.0173053
6.94433	0.00753672
6.94457	-0.00447042
6.94482	-0.00586919
6.94506	0.00389667
6.94531	0.0159145
6.94555	0.0225034
6.94579	0.0195895
6.94604	0.00671629
6.94628	-0.00864495
6.94653	-0.0143143
6.94677	-0.0075292
6.94702	0.00117454
6.94726	0.00340394
6.94751	0.00326649
6.94775	0.00646805
6.948	0.0097218
6.94824	0.00882494
6.94849	0.0067349
6.94873	0.00516328
6.94897	-0.000369407
6.94922	-0.00786404
6.94946	-0.00494944
6.94971	0.0101542
6.94995	0.018507
6.9502	0.00724727
6.95044	-0.00797419
6.95069	-0.00715186
6.95093	0.00135025
6.95118	-0.00289214
6.95142	-0.0143418
6.95166	-0.00977647
6.95191	0.0103472
6.95215	0.0207694
6.9524	0.0130267
6.95264	0.006584
6.95289	0.012019
6.95313	0.0140083
6.95338	0.00289192
6.95362	-0.00542429
6.95387	0.00203841
6.95411	0.0113233
6.95436	0.00578845
6.9546	-0.00560778
6.95484	-0.0054816
6.95509	0.0023501
6.95533	0.00230527
6.95558	-0.00541395
6.95582	-0.00766769
6.95607	-0.000929583
6.95631	0.0074261
6.95656	0.0138469
6.9568	0.0182001
6.95705	0.0152701
6.95729	0.00256322
6.95754	-0.00940864
6.95778	-0.00962705
6.95802	-0.00313791
6.95827	-0.00102758
6.95851	-0.00198882
6.95876	0.000339706
6.959	0.000820258
6.95925	-0.00716427
6.95949	-0.0129715
6.95974	-0.00234114
6.95998	0.0150511
6.96023	0.0160238
6.96047	0.00074701
6.96072	-0.00633755
6.96096	0.004333
6.9612	0.0131059
6.96145	0.00458372
6.96169	-0.00831497
6.96194	-0.00754994
6.96218	0.00196098
6.96243	0.00424918
6.96267	-0.00128264
6.96292	-0.00259984
6.96316	0.00386709
6.96341	0.010052
6.96365	0.00992816
6.96389	0.00482425
6.96414	-0.00180246
6.96438	-0.00650983
6.96463	-0.00639825
6.96487	-0.00358444
6.96512	-0.00398373
6.96536	-0.00683256
6.96561	-0.00343385
6.96585	0.0077321
6.9661	0.0146802
6.96634	0.00929767
6.96659	0.000826312
6.96683	0.00104827
6.96707	0.00589293
6.96732	0.00525301
6.96756	0.00201279
6.96781	0.00474424
6.96805	0.00848288
6.9683	0.00228744
6.96854	-0.00758638
6.96879	-0.0036732
6.96903	0.0125784
6.96928	0.0189728
6.96952	0.00684053
6.96977	-0.00437036
6.97001	0.00237273
6.97025	0.0159294
6.9705	0.01699
6.97074	0.00779565
6.97099	0.00318222
6.97123	0.00389368
6.97148	0.000211175
6.97172	-0.00491552
6.97197	0.000684445
6.97221	0.0134781
6.97246	0.0153971
6.9727	0.00328455
6.97295	-0.00405175
6.97319	0.00429311
6.97343	0.0139837
6.97368	0.00967512
6.97392	-0.000469442
6.97417	-0.000383372
6.97441	0.00688071
6.97466	0.00690465
6.9749	0.000890745
6.97515	0.00380333
6.97539	0.0169006
6.97564	0.0225297
6.97588	0.0112104
6.97612	-0.00319119
6.97637	-0.00430472
6.97661	0.00370514
6.97686	0.00538488
6.9771	-0.00237844
6.97735	-0.00882919
6.97759	-0.00781424
6.97784	-0.00540392
6.97808	-0.00784315
6.97833	-0.0114995
6.97857	-0.00924675
6.97882	-0.00122448
6.97906	0.00590434
6.9793	0.00803646
6.97955	0.00730814
6.97979	0.0068052
6.98004	0.00565556
6.98028	0.00166415
6.98053	-0.00354484
6.98077	-0.00563312
6.98102	-0.00351532
6.98126	-0.000499974
6.98151	0.00136012
6.98175	0.00384598
6.982	0.00719688
6.98224	0.00675131
6.98248	-0.000424715
6.98273	-0.00895504
6.98297	-0.0111567
6.98322	-0.00749717
6.98346	-0.00430734
6.98371	-0.00243285
6.98395	0.00321507
6.9842	0.0115536
6.98444	0.0124163
6.98469	0.00137073
6.98493	-0.0099505
6.98518	-0.00692524
6.98542	0.00803648
6.98566	0.017719
6.98591	0.0127627
6.98615	0.00347639
6.9864	0.00427581
6.98664	0.0124427
6.98689	0.0114468
6.98713	-0.0043437
6.98738	-0.0180601
6.98762	-0.0111123
6.98787	0.00999846
6.98811	0.0199838
6.98835	0.0085315
6.9886	-0.00630296
6.98884	-0.00577257
6.98909	0.00230246
6.98933	-0.00106575
6.98958	-0.012869
6.98982	-0.0118447
6.99007	0.00580666
6.99031	0.0175075
6.99056	0.00851746
6.9908	-0.00565531
6.99105	-0.00462903
6.99129	0.00607169
6.99153	0.00821102
6.99178	0.00265744
6.99202	0.00534111
6.99227	0.0166715
6.99251	0.0190475
6.99276	0.00719165
6.993	-0.00127281
6.99325	0.00599405
6.99349	0.0159531
6.99374	0.0113337
6.99398	-0.00201611
6.99423	-0.00514335
6.99447	0.00461888
6.99471	0.0113963
6.99496	0.00583426
6.9952	-0.00320273
6.99545	-0.00477108
6.99569	-0.000956539
6.99594	0.000207495
6.99618	-0.00193465
6.99643	-0.00202971
6.99667	0.00150267
6.99692	0.00532492
6.99716	0.00779949
6.99741	0.0106001
6.99765	0.0137354
6.99789	0.0137252
6.99814	0.00826853
6.99838	0.00028282
6.99863	-0.00406334
6.99887	-0.000809857
6.99912	0.0078729
6.99936	0.0144616
6.99961	0.0124288
6.99985	0.00363572
7.0001	-0.00247749
7.00034	0.000224835
7.00059	0.00659035
7.00083	0.00728672
7.00107	0.00194007
7.00132	-0.00132285
7.00156	0.000491404
7.00181	0.00041825
7.00205	-0.00582296
7.0023	-0.010129
7.00254	-0.00263315
7.00279	0.0123256
7.00303	0.0198115
7.00328	0.0131485
7.00352	0.00142827
7.00376	-0.00292052
7.00401	0.00221831
7.00425	0.00939853
7.0045	0.0109886
7.00474	0.00551237
7.00499	-0.00183147
7.00523	-0.003462
7.00548	0.00274938
7.00572	0.00963463
7.00597	0.00850199
7.00621	0.00062148
7.00646	-0.00435778
7.0067	-0.00214427
7.00694	0.000548417
7.00719	-0.00297097
7.00743	-0.00884641
7.00768	-0.00830638
7.00792	0.000102344
7.00817	0.00950521
7.00841	0.0139003
7.00866	0.0132467
7.0089	0.0100328
7.00915	0.00558016
7.00939	0.0010596
7.00964	-0.000896309
7.00988	0.00172525
7.01012	0.0068048
7.01037	0.00859086
7.01061	0.00368939
7.01086	-0.00380512
7.0111	-0.00606771
7.01135	-0.00125396
7.01159	0.00444018
7.01184	0.00638678
7.01208	0.00762854
7.01233	0.0106606
7.01257	0.00961586
7.01282	-0.000350363
7.01306	-0.0104432
7.0133	-0.00729175
7.01355	0.00621746
7.01379	0.0124289
7.01404	0.00386352
7.01428	-0.00625147
7.01453	-0.00383986
7.01477	0.0074519
7.01502	0.0151946
7.01526	0.0154338
7.01551	0.011916
7.01575	0.00660318
7.01599	0.000953777
7.01624	2.4985e-05
7.01648	0.00549716
7.01673	0.0100355
7.01697	0.00764319
7.01722	0.00395126
7.01746	0.00681216
7.01771	0.0125857
7.01795	0.0123697
7.0182	0.00663602
7.01844	0.0024716
7.01869	0.0010773
7.01893	-5.41658e-05
7.01917	0.00264775
7.01942	0.0126048
7.01966	0.0206731
7.01991	0.0144096
7.02015	-0.00139873
7.0204	-0.00901455
7.02064	-0.00289722
7.02089	0.00512742
7.02113	0.00703694
7.02138	0.00766794
7.02162	0.00889216
7.02187	0.00308517
7.02211	-0.00967959
7.02235	-0.0147343
7.0226	-0.00414141
7.02284	0.00912519
7.02309	0.0104331
7.02333	0.00459304
7.02358	0.00450692
7.02382	0.00968057
7.02407	0.01117
7.02431	0.00958093
7.02456	0.0120306
7.0248	0.0163022
7.02505	0.0136346
7.02529	0.00471459
7.02553	-0.00109302
7.02578	-0.000793259
7.02602	0.000747075
7.02627	0.00239887
7.02651	0.00668673
7.02676	0.00955639
7.027	0.00426613
7.02725	-0.00453538
7.02749	-0.00486824
7.02774	0.00308508
7.02798	0.00604535
7.02822	-0.000945922
7.02847	-0.00686782
7.02871	-0.00336548
7.02896	0.00327777
7.0292	0.00562489
7.02945	0.00694065
7.02969	0.0109387
7.02994	0.0124582
7.03018	0.00882562
7.03043	0.00881472
7.03067	0.0178812
7.03092	0.0248117
7.03116	0.017566
7.0314	0.00404578
7.03165	0.0006142
7.03189	0.0058682
7.03214	0.00442348
7.03238	-0.00540568
7.03263	-0.00790931
7.03287	0.0028902
7.03312	0.0116742
7.03336	0.00595915
7.03361	-0.00413887
7.03385	-0.00261218
7.0341	0.00749271
7.03434	0.0105071
7.03458	0.00339802
7.03483	-0.000291298
7.03507	0.00859881
7.03532	0.0219553
7.03556	0.0257991
7.03581	0.0169715
7.03605	0.0044696
7.0363	-0.00164543
7.03654	0.000731738
7.03679	0.00612692
7.03703	0.00866346
7.03728	0.00831061
7.03752	0.00919071
7.03776	0.0120978
7.03801	0.0121642
7.03825	0.00610527
7.0385	-0.00160011
7.03874	-0.00376701
7.03899	0.000183122
7.03923	0.00445704
7.03948	0.00569544
7.03972	0.00676408
7.03997	0.0105785
7.04021	0.014214
7.04045	0.0124337
7.0407	0.00574305
7.04094	0.00150071
7.04119	0.00543133
7.04143	0.0137986
7.04168	0.0171236
7.04192	0.0119704
7.04217	0.00523353
7.04241	0.0045038
7.04266	0.00831765
7.0429	0.0104174
7.04315	0.00972109
7.04339	0.00907267
7.04363	0.0069528
7.04388	-6.43185e-05
7.04412	-0.00708187
7.04437	-0.00411767
7.04461	0.00783136
7.04486	0.0149374
7.0451	0.00964581
7.04535	0.00110911
7.04559	6.07272e-05
7.04584	0.0040642
7.04608	0.00675788
7.04633	0.0110053
7.04657	0.0202915
7.04681	0.0256997
7.04706	0.0169512
7.0473	0.00163184
7.04755	-0.00245039
7.04779	0.00761768
7.04804	0.0173659
7.04828	0.0172891
7.04853	0.0127305
7.04877	0.0100861
7.04902	0.00803662
7.04926	0.00603414
7.04951	0.00770248
7.04975	0.0111387
7.04999	0.0086954
7.05024	0.00149097
7.05048	0.0011479
7.05073	0.010907
7.05097	0.0181113
7.05122	0.0134782
7.05146	0.0053251
7.05171	0.00480323
7.05195	0.00853042
7.0522	0.00767
7.05244	0.00455575
7.05268	0.00695728
7.05293	0.0127478
7.05317	0.0138024
7.05342	0.0106358
7.05366	0.0103806
7.05391	0.0129918
7.05415	0.0114129
7.0544	0.00432244
7.05464	-0.00161835
7.05489	-0.00166497
7.05513	0.00336544
7.05538	0.0117557
7.05562	0.0207478
7.05586	0.023705
7.05611	0.0163731
7.05635	0.00472254
7.0566	-0.00158294
7.05684	-0.00174791
7.05709	-0.00161622
7.05733	-0.00183509
7.05758	0.0015496
7.05782	0.00647026
7.05807	0.00628177
7.05831	0.00214385
7.05856	0.00281009
7.0588	0.0102253
7.05904	0.015733
7.05929	0.0135611
7.05953	0.00862144
7.05978	0.00725041
7.06002	0.00865363
7.06027	0.00956583
7.06051	0.00998848
7.06076	0.0101673
7.061	0.00820923
7.06125	0.0044179
7.06149	0.0024845
7.06174	0.00355708
7.06198	0.00444183
7.06222	0.00347267
7.06247	0.0023456
7.06271	0.00121292
7.06296	-0.000962958
7.0632	-0.000514999
7.06345	0.00744818
7.06369	0.017911
7.06394	0.0188084
7.06418	0.00884238
7.06443	0.00146213
7.06467	0.00517341
7.06491	0.0110405
7.06516	0.00843506
7.0654	0.00280348
7.06565	0.00586868
7.06589	0.0156169
7.06614	0.0195875
7.06638	0.0142692
7.06663	0.00809383
7.06687	0.0063033
7.06712	0.00514403
7.06736	0.00213537
7.06761	0.00113896
7.06785	0.00432135
7.06809	0.0079441
7.06834	0.00949062
7.06858	0.0117304
7.06883	0.0163207
7.06907	0.0196811
7.06932	0.0189228
7.06956	0.0168624
7.06981	0.0175627
7.07005	0.0205095
7.0703	0.02192
7.07054	0.0191713
7.07079	0.0126898
7.07103	0.00617384
7.07127	0.00468143
7.07152	0.00867391
7.07176	0.0110618
7.07201	0.00581602
7.07225	-0.00151949
7.0725	0.000259126
7.07274	0.0111707
7.07299	0.0184235
7.07323	0.0144021
7.07348	0.00653351
7.07372	0.00404522
7.07397	0.00455459
7.07421	0.00173676
7.07445	-0.00210802
7.0747	-0.00131262
7.07494	0.00166616
7.07519	0.00119213
7.07543	0.000145836
7.07568	0.00454998
7.07592	0.00998223
7.07617	0.00713566
7.07641	-0.000362667
7.07666	0.00107725
7.0769	0.0124208
7.07715	0.0182203
7.07739	0.0107368
7.07763	0.00236923
7.07788	0.00509206
7.07812	0.0116552
7.07837	0.00978602
7.07861	0.00332726
7.07886	0.00362967
7.0791	0.00810308
7.07935	0.00496799
7.07959	-0.0045638
7.07984	-0.0068686
7.08008	0.00110158
7.08032	0.0063801
7.08057	0.00113766
7.08081	-0.00584714
7.08106	-0.00486762
7.0813	0.000646586
7.08155	0.00341865
7.08179	0.00467561
7.08204	0.00826505
7.08228	0.0111063
7.08253	0.00901741
7.08277	0.00588945
7.08302	0.00805004
7.08326	0.0139477
7.0835	0.0173809
7.08375	0.0171915
7.08399	0.0163844
7.08424	0.0151414
7.08448	0.0120097
7.08473	0.0092532
7.08497	0.0101018
7.08522	0.012831
7.08546	0.0135153
7.08571	0.0121844
7.08595	0.0107418
7.0862	0.00819605
7.08644	0.00406897
7.08668	0.00263974
7.08693	0.00644899
7.08717	0.00929987
7.08742	0.00436841
7.08766	-0.0035397
7.08791	-0.00347354
7.08815	0.00541876
7.0884	0.0132295
7.08864	0.0146424
7.08889	0.0144193
7.08913	0.0161261
7.08938	0.0159864
7.08962	0.0114999
7.08986	0.00680998
7.09011	0.00501351
7.09035	0.00345624
7.0906	0.00136118
7.09084	0.00370647
7.09109	0.0115017
7.09133	0.0162145
7.09158	0.0115592
7.09182	0.00431591
7.09207	0.0047873
7.09231	0.0114867
7.09255	0.0145479
7.0928	0.0107966
7.09304	0.00568076
7.09329	0.00228404
7.09353	-0.00126318
7.09378	-0.00356294
7.09402	0.000408122
7.09427	0.0091515
7.09451	0.013614
7.09476	0.0102129
7.095	0.00646272
7.09525	0.00864561
7.09549	0.011891
7.09573	0.00942881
7.09598	0.00458891
7.09622	0.00447532
7.09647	0.00684269
7.09671	0.00422931
7.09696	-0.00139972
7.0972	-0.000484226
7.09745	0.00683715
7.09769	0.0081791
7.09794	-0.00146311
7.09818	-0.0095155
7.09843	-0.0042514
7.09867	0.00597518
7.09891	0.00427287
7.09916	-0.00917334
7.0994	-0.0167713
7.09965	-0.00835587
7.09989	0.00652138
7.10014	0.0140978
7.10038	0.0130196
7.10063	0.00987388
7.10087	0.00718017
7.10112	0.00364561
7.10136	0.000875691
7.10161	0.00200586
7.10185	0.00610892
7.10209	0.00968975
7.10234	0.0117941
7.10258	0.0130841
7.10283	0.0122561
7.10307	0.00823795
7.10332	0.00409103
7.10356	0.00387934
7.10381	0.00671256
7.10405	0.00812609
7.1043	0.006636
7.10454	0.00518579
7.10478	0.00652099
7.10503	0.00997975
7.10527	0.0123004
7.10552	0.00980952
7.10576	0.00171337
7.10601	-0.00680287
7.10625	-0.00783013
7.1065	-0.00012847
7.10674	0.00794834
7.10699	0.00864886
7.10723	0.00458385
7.10748	0.00362725
7.10772	0.00739413
7.10796	0.0107771
7.10821	0.0107925
7.10845	0.00950575
7.1087	0.00910529
7.10894	0.00988936
7.10919	0.012313
7.10943	0.0154786
7.10968	0.0150155
7.10992	0.0089513
7.11017	0.00413419
7.11041	0.00858313
7.11066	0.0177679
7.1109	0.0182558
7.11114	0.00723478
7.11139	-0.00161291
7.11163	0.00318927
7.11188	0.0151836
7.11212	0.0203192
7.11237	0.0160949
7.11261	0.0112921
7.11286	0.0109251
7.1131	0.0115505
7.11335	0.0105505
7.11359	0.0106016
7.11384	0.0129572
7.11408	0.0137623
7.11432	0.0103397
7.11457	0.00561257
7.11481	0.00269839
7.11506	-0.000194108
7.1153	-0.00509056
7.11555	-0.00823477
7.11579	-0.00453054
7.11604	0.00360805
7.11628	0.00806767
7.11653	0.00644239
7.11677	0.00582694
7.11701	0.012166
7.11726	0.0204489
7.1175	0.0206388
7.11775	0.0112754
7.11799	0.00152295
7.11824	-0.000522024
7.11848	0.00356472
7.11873	0.00721887
7.11897	0.00760206
7.11922	0.00648561
7.11946	0.00562526
7.11971	0.0051464
7.11995	0.00505668
7.12019	0.00502472
7.12044	0.00352558
7.12068	0.000161441
7.12093	-0.00198469
7.12117	0.000426474
7.12142	0.00572507
7.12166	0.00879072
7.12191	0.00854194
7.12215	0.0100011
7.1224	0.0164703
7.12264	0.0227413
7.12289	0.0206514
7.12313	0.0109785
7.12337	0.00470116
7.12362	0.00958372
7.12386	0.0192598
7.12411	0.0208587
7.12435	0.012011
7.1246	0.0036065
7.12484	0.00450693
7.12509	0.0107898
7.12533	0.0142913
7.12558	0.0148925
7.12582	0.0171558
7.12607	0.0200703
7.12631	0.0193596
7.12655	0.0168381
7.1268	0.0173598
7.12704	0.0182332
7.12729	0.0129458
7.12753	0.00511179
7.12778	0.00582025
7.12802	0.0149002
7.12827	0.018598
7.12851	0.0109045
7.12876	0.00316412
7.129	0.00464231
7.12924	0.00774039
7.12949	0.00400868
7.12973	0.00150415
7.12998	0.0103965
7.13022	0.0215524
7.13047	0.0184381
7.13071	0.00459317
7.13096	-0.000688636
7.1312	0.00771033
7.13145	0.0149798
7.13169	0.0120652
7.13194	0.00737169
7.13218	0.00769368
7.13242	0.00649101
7.13267	0.00044403
7.13291	0.000660385
7.13316	0.0140814
7.1334	0.0268143
7.13365	0.021786
7.13389	0.00483286
7.13414	-0.00290918
7.13438	0.00533258
7.13463	0.0153098
7.13487	0.0145607
7.13512	0.00782328
7.13536	0.00588382
7.1356	0.00995968
7.13585	0.0136235
7.13609	0.013697
7.13634	0.0124768
7.13658	0.0120466
7.13683	0.012069
7.13707	0.0127581
7.13732	0.0157224
7.13756	0.0204168
7.13781	0.0223823
7.13805	0.0176353
7.1383	0.00832346
7.13854	0.00153683
7.13878	0.00176356
7.13903	0.00665801
7.13927	0.0112756
7.13952	0.0137778
7.13976	0.0148694
7.14001	0.014524
7.14025	0.0127116
7.1405	0.0113546
7.14074	0.0120798
7.14099	0.013805
7.14123	0.0154586
7.14147	0.0179278
7.14172	0.0196585
7.14196	0.0152134
7.14221	0.00453232
7.14245	-0.0015535
7.1427	0.00549141
7.14294	0.0169352
7.14319	0.0169511
7.14343	0.00619497
7.14368	0.00124439
7.14392	0.00895453
7.14417	0.016642
7.14441	0.0134649
7.14465	0.00679089
7.1449	0.00771391
7.14514	0.0130044
7.14539	0.0138007
7.14563	0.0122644
7.14588	0.0155001
7.14612	0.0200428
7.14637	0.0172524
7.14661	0.00963934
7.14686	0.00686849
7.1471	0.00817882
7.14735	0.00444343
7.14759	-0.00264038
7.14783	-3.60669e-05
7.14808	0.0144693
7.14832	0.025302
7.14857	0.021491
7.14881	0.0127717
7.14906	0.0135078
7.1493	0.0208334
7.14955	0.0207068
7.14979	0.0096143
7.15004	-0.00178936
7.15028	-0.00457703
7.15053	-0.000826373
7.15077	0.00325511
7.15101	0.00526995
7.15126	0.00580228
7.1515	0.00549769
7.15175	0.00530109
7.15199	0.00611062
7.15224	0.00669025
7.15248	0.00455619
7.15273	5.1048e-05
7.15297	-0.00249138
7.15322	0.00112542
7.15346	0.0101495
7.1537	0.0183332
7.15395	0.0187609
7.15419	0.0109794
7.15444	0.00294557
7.15468	0.00268985
7.15493	0.00813081
7.15517	0.0102629
7.15542	0.00745905
7.15566	0.00877784
7.15591	0.0182735
7.15615	0.0245789
7.1564	0.0159637
7.15664	0.000178031
7.15688	-0.0036715
7.15713	0.0083656
7.15737	0.020286
7.15762	0.0197648
7.15786	0.0126809
7.15811	0.00862707
7.15835	0.00560664
7.1586	-0.000702769
7.15884	-0.00359649
7.15909	0.00502984
7.15933	0.0181224
7.15958	0.0209104
7.15982	0.0123308
7.16006	0.00562959
7.16031	0.00783347
7.16055	0.0114326
7.1608	0.00869364
7.16104	0.00291121
7.16129	0.00141273
7.16153	0.00600942
7.16178	0.0138915
7.16202	0.0205347
7.16227	0.019765
7.16251	0.00922706
7.16276	-0.00250007
7.163	-0.00383372
7.16324	0.00285697
7.16349	0.00376939
7.16373	-0.0035553
7.16398	-0.00418137
7.16422	0.00995281
7.16447	0.0242614
7.16471	0.0226223
7.16496	0.0123468
7.1652	0.0118646
7.16545	0.0216241
7.16569	0.025696
7.16594	0.0189712
7.16618	0.0137524
7.16642	0.0176441
7.16667	0.0222152
7.16691	0.0191496
7.16716	0.0133426
7.1674	0.0121669
7.16765	0.0127918
7.16789	0.00907761
7.16814	0.0033918
7.16838	0.00300355
7.16863	0.00920561
7.16887	0.0165407
7.16911	0.019598
7.16936	0.0164282
7.1696	0.00926549
7.16985	0.00511426
7.17009	0.0105498
7.17034	0.0223714
7.17058	0.029044
7.17083	0.0252809
7.17107	0.0187705
7.17132	0.017643
7.17156	0.0189013
7.17181	0.0166125
7.17205	0.0140341
7.17229	0.0168098
7.17254	0.0194288
7.17278	0.0119524
7.17303	-0.00133102
7.17327	-0.0045223
7.17352	0.00617512
7.17376	0.0157242
7.17401	0.0134626
7.17425	0.0089673
7.1745	0.0137065
7.17474	0.0193407
7.17499	0.0114462
7.17523	-0.00248726
7.17547	-0.000335301
7.17572	0.0189173
7.17596	0.0291892
7.17621	0.0155781
7.17645	-0.00172212
7.1767	0.00266704
7.17694	0.0214639
7.17719	0.0280407
7.17743	0.0178399
7.17768	0.0117216
7.17792	0.0199792
7.17817	0.0281719
7.17841	0.0242772
7.17865	0.0175286
7.1789	0.0196195
7.17914	0.0254978
7.17939	0.0261614
7.17963	0.0256511
7.17988	0.0305027
7.18012	0.0341302
7.18037	0.0273684
7.18061	0.0157776
7.18086	0.0112374
7.1811	0.0134966
7.18134	0.0146939
7.18159	0.0151684
7.18183	0.0191487
7.18208	0.0211958
7.18232	0.0144063
7.18257	0.00736365
7.18281	0.0139262
7.18306	0.0284467
7.1833	0.0312648
7.18355	0.0193745
7.18379	0.0109858
7.18404	0.0158198
7.18428	0.0216328
7.18452	0.0180415
7.18477	0.0141233
7.18501	0.0202155
7.18526	0.0284748
7.1855	0.0265126
7.18575	0.018595
7.18599	0.0174616
7.18624	0.0228454
7.18648	0.0237163
7.18673	0.0177916
7.18697	0.0142086
7.18722	0.0174711
7.18746	0.0212256
7.1877	0.0199447
7.18795	0.0170448
7.18819	0.0180552
7.18844	0.0226349
7.18868	0.0273849
7.18893	0.0321122
7.18917	0.0388473
7.18942	0.0461996
7.18966	0.0488175
7.18991	0.0441397
7.19015	0.0375992
7.1904	0.037441
7.19064	0.0440216
7.19088	0.0486724
7.19113	0.0455757
7.19137	0.0398745
7.19162	0.0393985
7.19186	0.0429914
7.19211	0.0437712
7.19235	0.0404993
7.1926	0.0379294
7.19284	0.038101
7.19309	0.0393085
7.19333	0.0418386
7.19357	0.0462374
7.19382	0.0474174
7.19406	0.0398693
7.19431	0.0281135
7.19455	0.0226275
7.1948	0.025669
7.19504	0.0303474
7.19529	0.0327275
7.19553	0.0343591
7.19578	0.0336503
7.19602	0.0268822
7.19627	0.018228
7.19651	0.0162528
7.19675	0.0194146
7.197	0.0181268
7.19724	0.0123118
7.19749	0.0120955
7.19773	0.0187449
7.19798	0.0215219
7.19822	0.0180441
7.19847	0.0201356
7.19871	0.0318703
7.19896	0.0393907
7.1992	0.0331412
7.19945	0.0240202
7.19969	0.0247343
7.19993	0.0299227
7.20018	0.0292687
7.20042	0.0272139
7.20067	0.0333382
7.20091	0.0434347
7.20116	0.046532
7.2014	0.0428794
7.20165	0.0398864
7.20189	0.0377866
7.20214	0.0342202
7.20238	0.0353888
7.20263	0.0466425
7.20287	0.0584681
7.20311	0.0583141
7.20336	0.0510493
7.2036	0.0508922
7.20385	0.0573723
7.20409	0.0568487
7.20434	0.0456782
7.20458	0.0346712
7.20483	0.0309155
7.20507	0.0310216
7.20532	0.0326879
7.20556	0.0378775
7.2058	0.0435977
7.20605	0.0434762
7.20629	0.0393215
7.20654	0.0381097
7.20678	0.0380759
7.20703	0.0321078
7.20727	0.0243268
7.20752	0.0267385
7.20776	0.0377392
7.20801	0.0410263
7.20825	0.0303906
7.2085	0.0196114
7.20874	0.0212889
7.20898	0.0302631
7.20923	0.0358648
7.20947	0.0378873
7.20972	0.041212
7.20996	0.0444496
7.21021	0.0430494
7.21045	0.0371078
7.2107	0.0296029
7.21094	0.0226661
7.21119	0.0194966
7.21143	0.0229125
7.21168	0.02893
7.21192	0.029901
7.21216	0.0266522
7.21241	0.0278376
7.21265	0.0340821
7.2129	0.0342074
7.21314	0.0228862
7.21339	0.0108634
7.21363	0.00970425
7.21388	0.0157745
7.21412	0.0182188
7.21437	0.0151881
7.21461	0.0128724
7.21486	0.0140934
7.2151	0.0166379
7.21534	0.019083
7.21559	0.0210331
7.21583	0.0208491
7.21608	0.0189831
7.21632	0.0199982
7.21657	0.0259546
7.21681	0.0315268
7.21706	0.0309265
7.2173	0.0263741
7.21755	0.0248561
7.21779	0.0290273
7.21803	0.0349785
7.21828	0.0368236
7.21852	0.0318326
7.21877	0.0242011
7.21901	0.0236281
7.21926	0.0346166
7.2195	0.0476946
7.21975	0.0493371
7.21999	0.0408263
7.22024	0.036728
7.22048	0.0426449
7.22073	0.0472255
7.22097	0.0418211
7.22121	0.0350752
7.22146	0.0386197
7.2217	0.0489621
7.22195	0.0547445
7.22219	0.0537391
7.22244	0.0512545
7.22268	0.0485994
7.22293	0.0449368
7.22317	0.0449359
7.22342	0.0525516
7.22366	0.0614077
7.22391	0.062873
7.22415	0.0596627
7.22439	0.059465
7.22464	0.0590393
7.22488	0.0488911
7.22513	0.0325617
7.22537	0.0264501
7.22562	0.0375032
7.22586	0.05301
7.22611	0.0567955
7.22635	0.046688
7.2266	0.0325697
7.22684	0.0249083
7.22709	0.027906
7.22733	0.0370682
7.22757	0.0415609
7.22782	0.0353073
7.22806	0.0260278
7.22831	0.0258333
7.22855	0.0334551
7.2288	0.0358481
7.22904	0.0281657
7.22929	0.0204903
7.22953	0.0212373
7.22978	0.0255874
7.23002	0.0265344
7.23026	0.0267427
7.23051	0.0308915
7.23075	0.0347787
7.231	0.0320222
7.23124	0.0260853
7.23149	0.0258657
7.23173	0.0325612
7.23198	0.0393965
7.23222	0.0421314
7.23247	0.0421737
7.23271	0.0410785
7.23296	0.0392907
7.2332	0.0393433
7.23344	0.0435733
7.23369	0.0491598
7.23393	0.0512841
7.23418	0.050507
7.23442	0.0512646
7.23467	0.0540972
7.23491	0.0557289
7.23516	0.0562817
7.2354	0.0594291
7.23565	0.0649172
7.23589	0.0679666
7.23614	0.0674536
7.23638	0.0675825
7.23662	0.0692633
7.23687	0.0673828
7.23711	0.060615
7.23736	0.0562577
7.2376	0.0586464
7.23785	0.0590669
7.23809	0.046947
7.23834	0.0284325
7.23858	0.0227279
7.23883	0.0375682
7.23907	0.0576091
7.23932	0.0629519
7.23956	0.05282
7.2398	0.0429814
7.24005	0.0431314
7.24029	0.046791
7.24054	0.0451525
7.24078	0.041375
7.24103	0.0440404
7.24127	0.0516496
7.24152	0.0531703
7.24176	0.0440668
7.24201	0.0333598
7.24225	0.0312154
7.2425	0.035843
7.24274	0.0381008
7.24298	0.0350856
7.24323	0.032574
7.24347	0.0352994
7.24372	0.0407492
7.24396	0.0434078
7.24421	0.0411425
7.24445	0.0365353
7.2447	0.0345485
7.24494	0.0384577
7.24519	0.045324
7.24543	0.0470557
7.24567	0.0401574
7.24592	0.0326336
7.24616	0.0351355
7.24641	0.0461046
7.24665	0.0534581
7.2469	0.0519533
7.24714	0.0498052
7.24739	0.054152
7.24763	0.0590632
7.24788	0.0556021
7.24812	0.0471313
7.24837	0.0450347
7.24861	0.0524368
7.24885	0.0614361
7.2491	0.0653707
7.24934	0.0653646
7.24959	0.0645346
7.24983	0.0637183
7.25008	0.0643963
7.25032	0.0687134
7.25057	0.0740718
7.25081	0.0737731
7.25106	0.0660886
7.2513	0.0577262
7.25155	0.0550997
7.25179	0.056323
7.25203	0.055286
7.25228	0.0504007
7.25252	0.0455718
7.25277	0.0441961
7.25301	0.045267
7.25326	0.0452531
7.2535	0.0425058
7.25375	0.0395351
7.25399	0.0401198
7.25424	0.0436588
7.25448	0.0447719
7.25473	0.0405591
7.25497	0.0350232
7.25521	0.0325563
7.25546	0.0307449
7.2557	0.0255996
7.25595	0.0206656
7.25619	0.0226529
7.25644	0.0296187
7.25668	0.0331809
7.25693	0.0326556
7.25717	0.036019
7.25742	0.0441318
7.25766	0.0458737
7.2579	0.035542
7.25815	0.0247676
7.25839	0.0273589
7.25864	0.0394433
7.25888	0.0456315
7.25913	0.0409682
7.25937	0.0355402
7.25962	0.0376667
7.25986	0.0424235
7.26011	0.03997
7.26035	0.0292953
7.2606	0.0198429
7.26084	0.0210817
7.26108	0.0319261
7.26133	0.0409476
7.26157	0.0387057
7.26182	0.0292272
7.26206	0.0250737
7.26231	0.0309736
7.26255	0.0390299
7.2628	0.0419808
7.26304	0.0423901
7.26329	0.0435649
7.26353	0.0407817
7.26378	0.0307288
7.26402	0.0222528
7.26426	0.0257985
7.26451	0.0363517
7.26475	0.0394581
7.265	0.0325108
7.26524	0.0271947
7.26549	0.0300726
7.26573	0.0336684
7.26598	0.030821
7.26622	0.02645
7.26647	0.0283037
7.26671	0.0342227
7.26696	0.036211
7.2672	0.0322613
7.26744	0.0275092
7.26769	0.0264289
7.26793	0.028906
7.26818	0.0323212
7.26842	0.0341543
7.26867	0.0339865
7.26891	0.0345969
7.26916	0.0386085
7.2694	0.0430718
7.26965	0.0413416
7.26989	0.0323203
7.27013	0.0237185
7.27038	0.0231425
7.27062	0.0293281
7.27087	0.0353403
7.27111	0.0373724
7.27136	0.0366679
7.2716	0.0349412
7.27185	0.0321011
7.27209	0.0282267
7.27234	0.0248467
7.27258	0.0236405
7.27283	0.024999
7.27307	0.0278134
7.27331	0.0301822
7.27356	0.0308622
7.2738	0.0303667
7.27405	0.0301114
7.27429	0.0305218
7.27454	0.0306279
7.27478	0.0291404
7.27503	0.0254177
7.27527	0.0204613
7.27552	0.0176457
7.27576	0.0204122
7.27601	0.0275367
7.27625	0.0328543
7.27649	0.0320145
7.27674	0.0275179
7.27698	0.024605
7.27723	0.0245995
7.27747	0.0255042
7.27772	0.0265947
7.27796	0.0283551
7.27821	0.0297663
7.27845	0.0296379
7.2787	0.028817
7.27894	0.0275917
7.27919	0.0238716
7.27943	0.0180604
7.27967	0.0155808
7.27992	0.0187766
7.28016	0.020892
7.28041	0.0160316
7.28065	0.0108016
7.2809	0.0155304
7.28114	0.0265954
7.28139	0.0301142
7.28163	0.0234171
7.28188	0.0194569
7.28212	0.0265447
7.28236	0.0363384
7.28261	0.0376295
7.28285	0.0309309
7.2831	0.0227701
7.28334	0.015853
7.28359	0.0124709
7.28383	0.0175789
7.28408	0.0292173
7.28432	0.0348114
7.28457	0.0274382
7.28481	0.0180364
7.28506	0.0201835
7.2853	0.0299077
7.28554	0.0335708
7.28579	0.029879
7.28603	0.0289911
7.28628	0.033038
7.28652	0.0338214
7.28677	0.0298931
7.28701	0.0297369
7.28726	0.0351882
7.2875	0.0373553
7.28775	0.0340325
7.28799	0.0354907
7.28824	0.0450237
7.28848	0.0491515
7.28872	0.0392842
7.28897	0.0296307
7.28921	0.037407
7.28946	0.055227
7.2897	0.0624881
7.28995	0.0586883
7.29019	0.0633929
7.29044	0.0823836
7.29068	0.0965296
7.29093	0.0921086
7.29117	0.0820543
7.29142	0.0837739
7.29166	0.0923077
7.2919	0.0932032
7.29215	0.0900287
7.29239	0.0976194
7.29264	0.113475
7.29288	0.118405
7.29313	0.106521
7.29337	0.0939546
7.29362	0.092651
7.29386	0.094301
7.29411	0.0887528
7.29435	0.0814716
7.29459	0.08111
7.29484	0.0837431
7.29508	0.0827395
7.29533	0.0825445
7.29557	0.0881612
7.29582	0.091109
7.29606	0.0822375
7.29631	0.0707183
7.29655	0.0724342
7.2968	0.084621
7.29704	0.0907652
7.29729	0.0879576
7.29753	0.0894122
7.29777	0.0992471
7.29802	0.105382
7.29826	0.102327
7.29851	0.101625
7.29875	0.111208
7.299	0.121494
7.29924	0.122906
7.29949	0.122342
7.29973	0.129232
7.29998	0.13742
7.30022	0.135969
7.30047	0.129426
7.30071	0.131762
7.30095	0.144667
7.3012	0.156488
7.30144	0.161214
7.30169	0.165292
7.30193	0.174376
7.30218	0.184356
7.30242	0.189162
7.30267	0.189933
7.30291	0.192378
7.30316	0.199473
7.3034	0.210107
7.30365	0.222638
7.30389	0.23696
7.30413	0.252941
7.30438	0.268275
7.30462	0.280081
7.30487	0.289219
7.30511	0.299444
7.30536	0.309502
7.3056	0.311159
7.30585	0.301108
7.30609	0.289516
7.30634	0.287238
7.30658	0.289285
7.30682	0.284094
7.30707	0.276009
7.30731	0.28129
7.30756	0.300829
7.3078	0.316044
7.30805	0.317114
7.30829	0.31566
7.30854	0.320699
7.30878	0.322518
7.30903	0.31424
7.30927	0.310305
7.30952	0.325097
7.30976	0.349006
7.31	0.366482
7.31025	0.384752
7.31049	0.421625
7.31074	0.474776
7.31098	0.527255
7.31123	0.575986
7.31147	0.629335
7.31172	0.68111
7.31196	0.714091
7.31221	0.72899
7.31245	0.744047
7.3127	0.764541
7.31294	0.779312
7.31318	0.791657
7.31343	0.825906
7.31367	0.893332
7.31392	0.975051
7.31416	1.04896
7.31441	1.11071
7.31465	1.15649
7.3149	1.1698
7.31514	1.14347
7.31539	1.09671
7.31563	1.05331
7.31588	1.01882
7.31612	0.994645
7.31636	0.995048
7.31661	1.02786
7.31685	1.07265
7.3171	1.10158
7.31734	1.11222
7.31759	1.11844
7.31783	1.11905
7.31808	1.10159
7.31832	1.07227
7.31857	1.05587
7.31881	1.06378
7.31906	1.08371
7.3193	1.10391
7.31954	1.12809
7.31979	1.16273
7.32003	1.20928
7.32028	1.27579
7.32052	1.37923
7.32077	1.52651
7.32101	1.70595
7.32126	1.9059
7.3215	2.12851
7.32175	2.37328
7.32199	2.61782
7.32223	2.83184
7.32248	3.00985
7.32272	3.1764
7.32297	3.35364
7.32321	3.53351
7.32346	3.69355
7.3237	3.8371
7.32395	3.99945
7.32419	4.20295
7.32444	4.42189
7.32468	4.61714
7.32493	4.79893
7.32517	5.01812
7.32541	5.28309
7.32566	5.52199
7.3259	5.65692
7.32615	5.68691
7.32639	5.65648
7.32664	5.5624
7.32688	5.34776
7.32713	4.99288
7.32737	4.55922
7.32762	4.12141
7.32786	3.6975
7.32811	3.27636
7.32835	2.88026
7.32859	2.5587
7.32884	2.33455
7.32908	2.19171
7.32933	2.10958
7.32957	2.07868
7.32982	2.08394
7.33006	2.10166
7.33031	2.11824
7.33055	2.13236
7.3308	2.13739
7.33104	2.12322
7.33129	2.09957
7.33153	2.09559
7.33177	2.12627
7.33202	2.17503
7.33226	2.21925
7.33251	2.25883
7.33275	2.30728
7.333	2.36742
7.33324	2.43386
7.33349	2.51586
7.33373	2.64074
7.33398	2.83
7.33422	3.08406
7.33446	3.39869
7.33471	3.78648
7.33495	4.26595
7.3352	4.82865
7.33544	5.43428
7.33569	6.04744
7.33593	6.66331
7.33618	7.27777
7.33642	7.84428
7.33667	8.2916
7.33691	8.58871
7.33716	8.76536
7.3374	8.85758
7.33764	8.8592
7.33789	8.74317
7.33813	8.50428
7.33838	8.15425
7.33862	7.69448
7.33887	7.12594
7.33911	6.47544
7.33936	5.78211
7.3396	5.06676
7.33985	4.34592
7.34009	3.66725
7.34034	3.09028
7.34058	2.63031
7.34082	2.26133
7.34107	1.98022
7.34131	1.82247
7.34156	1.79384
7.3418	1.82853
7.34205	1.84844
7.34229	1.83507
7.34254	1.80801
7.34278	1.75869
7.34303	1.65228
7.34327	1.48938
7.34352	1.32508
7.34376	1.21942
7.344	1.19343
7.34425	1.23439
7.34449	1.31787
7.34474	1.4195
7.34498	1.52786
7.34523	1.65221
7.34547	1.79922
7.34572	1.9397
7.34596	2.02125
7.34621	2.02183
7.34645	1.9687
7.34669	1.89254
7.34694	1.78541
7.34718	1.62707
7.34743	1.4407
7.34767	1.29375
7.34792	1.23672
7.34816	1.25638
7.34841	1.29732
7.34865	1.31759
7.3489	1.31112
7.34914	1.28401
7.34939	1.23105
7.34963	1.1459
7.34987	1.04138
7.35012	0.943887
7.35036	0.871547
7.35061	0.828865
7.35085	0.816666
7.3511	0.832272
7.35134	0.865786
7.35159	0.915141
7.35183	0.999808
7.35208	1.13562
7.35232	1.29877
7.35257	1.44412
7.35281	1.56049
7.35305	1.67404
7.3533	1.79359
7.35354	1.89622
7.35379	1.98088
7.35403	2.08883
7.35428	2.24642
7.35452	2.43717
7.35477	2.66297
7.35501	2.97496
7.35526	3.39139
7.3555	3.84187
7.35575	4.26572
7.35599	4.71433
7.35623	5.25642
7.35648	5.81101
7.35672	6.19144
7.35697	6.31664
7.35721	6.2634
7.35746	6.09144
7.3577	5.74739
7.35795	5.20779
7.35819	4.60936
7.35844	4.14163
7.35868	3.87079
7.35892	3.74584
7.35917	3.71709
7.35941	3.76159
7.35966	3.83755
7.3599	3.90452
7.36015	3.96687
7.36039	4.03052
7.36064	4.05331
7.36088	4.00967
7.36113	3.96089
7.36137	3.97396
7.36162	4.01026
7.36186	3.99743
7.3621	3.98341
7.36235	4.10048
7.36259	4.38093
7.36284	4.72771
7.36308	5.07941
7.36333	5.47709
7.36357	5.92591
7.36382	6.30685
7.36406	6.49667
7.36431	6.49376
7.36455	6.36171
7.3648	6.12434
7.36504	5.79022
7.36528	5.42177
7.36553	5.10215
7.36577	4.86449
7.36602	4.7048
7.36626	4.62503
7.36651	4.61372
7.36675	4.62516
7.367	4.6317
7.36724	4.66969
7.36749	4.801
7.36773	5.06922
7.36798	5.51296
7.36822	6.14634
7.36846	6.87641
7.36871	7.51624
7.36895	7.94904
7.3692	8.21216
7.36944	8.35334
7.36969	8.29843
7.36993	7.97563
7.37018	7.4931
7.37042	7.03944
7.37067	6.63836
7.37091	6.15703
7.37115	5.5588
7.3714	4.99403
7.37164	4.60568
7.37189	4.38404
7.37213	4.27163
7.37238	4.29067
7.37262	4.49177
7.37287	4.873
7.37311	5.42529
7.37336	6.16606
7.3736	7.03559
7.37385	7.83254
7.37409	8.35809
7.37433	8.58833
7.37458	8.62009
7.37482	8.48884
7.37507	8.14443
7.37531	7.59832
7.37556	6.99579
7.3758	6.51093
7.37605	6.21746
7.37629	6.07193
7.37654	5.97604
7.37678	5.84037
7.37703	5.62128
7.37727	5.31622
7.37751	4.92337
7.37776	4.42887
7.378	3.85563
7.37825	3.29419
7.37849	2.83993
7.37874	2.51043
7.37898	2.26185
7.37923	2.07223
7.37947	1.96387
7.37972	1.94966
7.37996	2.00274
7.38021	2.08377
7.38045	2.16213
7.38069	2.20668
7.38094	2.18994
7.38118	2.11071
7.38143	1.98984
7.38167	1.84394
7.38192	1.6868
7.38216	1.54994
7.38241	1.4681
7.38265	1.4417
7.3829	1.44396
7.38314	1.46947
7.38338	1.54827
7.38363	1.70622
7.38387	1.93622
7.38412	2.21352
7.38436	2.51583
7.38461	2.82205
7.38485	3.10979
7.3851	3.3573
7.38534	3.53237
7.38559	3.58815
7.38583	3.49986
7.38608	3.30501
7.38632	3.07594
7.38656	2.84842
7.38681	2.60948
7.38705	2.36276
7.3873	2.16652
7.38754	2.07944
7.38779	2.09009
7.38803	2.12701
7.38828	2.12849
7.38852	2.08224
7.38877	2.00413
7.38901	1.90262
7.38926	1.77293
7.3895	1.61754
7.38974	1.46029
7.38999	1.33205
7.39023	1.24161
7.39048	1.16949
7.39072	1.09507
7.39097	1.01898
7.39121	0.950052
7.39146	0.885069
7.3917	0.818701
7.39195	0.762932
7.39219	0.734645
7.39244	0.728092
7.39268	0.719536
7.39292	0.696667
7.39317	0.665555
7.39341	0.633022
7.39366	0.602552
7.3939	0.584442
7.39415	0.588167
7.39439	0.605262
7.39464	0.619662
7.39488	0.632827
7.39513	0.657185
7.39537	0.687194
7.39561	0.701504
7.39586	0.694474
7.3961	0.681708
7.39635	0.673795
7.39659	0.66985
7.39684	0.677794
7.39708	0.711343
7.39733	0.760134
7.39757	0.790906
7.39782	0.787893
7.39806	0.766093
7.39831	0.735144
7.39855	0.679492
7.39879	0.591378
7.39904	0.498565
7.39928	0.43743
7.39953	0.413694
7.39977	0.406235
7.40002	0.395798
7.40026	0.375498
7.40051	0.346194
7.40075	0.3152
7.401	0.289741
7.40124	0.264055
7.40149	0.226049
7.40173	0.181378
7.40197	0.151969
7.40222	0.143625
7.40246	0.137115
7.40271	0.121479
7.40295	0.111815
7.4032	0.118957
7.40344	0.125951
7.40369	0.11571
7.40393	0.10145
7.40418	0.105154
7.40442	0.121319
7.40467	0.127499
7.40491	0.120071
7.40515	0.114848
7.4054	0.11904
7.40564	0.125738
7.40589	0.132836
7.40613	0.14659
7.40638	0.16656
7.40662	0.183589
7.40687	0.193714
7.40711	0.202142
7.40736	0.214152
7.4076	0.231329
7.40785	0.254044
7.40809	0.279213
7.40833	0.299287
7.40858	0.310659
7.40882	0.318567
7.40907	0.328553
7.40931	0.339719
7.40956	0.35006
7.4098	0.358405
7.41005	0.357235
7.41029	0.337004
7.41054	0.303256
7.41078	0.274213
7.41102	0.25446
7.41127	0.228888
7.41151	0.192161
7.41176	0.163738
7.412	0.158944
7.41225	0.16438
7.41249	0.160048
7.41274	0.148668
7.41298	0.143271
7.41323	0.141887
7.41347	0.136613
7.41372	0.133686
7.41396	0.140716
7.4142	0.14591
7.41445	0.134785
7.41469	0.117841
7.41494	0.116237
7.41518	0.127593
7.41543	0.131873
7.41567	0.125421
7.41592	0.12256
7.41616	0.126686
7.41641	0.126723
7.41665	0.122346
7.4169	0.126982
7.41714	0.142927
7.41738	0.156803
7.41763	0.163496
7.41787	0.172831
7.41812	0.188077
7.41836	0.198718
7.41861	0.20031
7.41885	0.202145
7.4191	0.208441
7.41934	0.209707
7.41959	0.200675
7.41983	0.19146
7.42008	0.192563
7.42032	0.201016
7.42056	0.208463
7.42081	0.21318
7.42105	0.218843
7.4213	0.229258
7.42154	0.246242
7.42179	0.265321
7.42203	0.275553
7.42228	0.273279
7.42252	0.271456
7.42277	0.282091
7.42301	0.294509
7.42325	0.288428
7.4235	0.26559
7.42374	0.248528
7.42399	0.248021
7.42423	0.252585
7.42448	0.252989
7.42472	0.255869
7.42497	0.266424
7.42521	0.27726
7.42546	0.284076
7.4257	0.296204
7.42595	0.321046
7.42619	0.350737
7.42643	0.373917
7.42668	0.39074
7.42692	0.408781
7.42717	0.433267
7.42741	0.467237
7.42766	0.512511
7.4279	0.565608
7.42815	0.620537
7.42839	0.678605
7.42864	0.748331
7.42888	0.835743
7.42913	0.942836
7.42937	1.07316
7.42961	1.23024
7.42986	1.41687
7.4301	1.64598
7.43035	1.93938
7.43059	2.29951
7.43084	2.70304
7.43108	3.15176
7.43133	3.70242
7.43157	4.38357
7.43182	5.08437
7.43206	5.60153
7.43231	5.83343
7.43255	5.87237
7.43279	5.85903
7.43304	5.79961
7.43328	5.59926
7.43353	5.24869
7.43377	4.89316
7.43402	4.70479
7.43426	4.74556
7.43451	4.96576
7.43475	5.2706
7.435	5.55426
7.43524	5.72313
7.43548	5.74291
7.43573	5.64609
7.43597	5.45741
7.43622	5.1348
7.43646	4.62958
7.43671	3.99237
7.43695	3.36564
7.4372	2.85968
7.43744	2.47627
7.43769	2.16922
7.43793	1.93557
7.43818	1.8074
7.43842	1.77791
7.43866	1.7859
7.43891	1.77846
7.43915	1.75274
7.4394	1.7226
7.43964	1.67545
7.43989	1.58854
7.44013	1.47153
7.44038	1.36402
7.44062	1.29341
7.44087	1.25849
7.44111	1.25679
7.44136	1.3062
7.4416	1.42808
7.44184	1.62035
7.44209	1.85623
7.44233	2.10208
7.44258	2.32974
7.44282	2.52062
7.44307	2.67009
7.44331	2.78905
7.44356	2.89661
7.4438	3.00929
7.44405	3.13612
7.44429	3.28323
7.44454	3.46651
7.44478	3.71781
7.44502	4.05911
7.44527	4.45062
7.44551	4.77696
7.44576	4.92277
7.446	4.87519
7.44625	4.72546
7.44649	4.55472
7.44674	4.35132
7.44698	4.07458
7.44723	3.77224
7.44747	3.57176
7.44771	3.53908
7.44796	3.59129
7.4482	3.58216
7.44845	3.44805
7.44869	3.23229
7.44894	2.98275
7.44918	2.67957
7.44943	2.28389
7.44967	1.82279
7.44992	1.38834
7.45016	1.05767
7.45041	0.838792
7.45065	0.694166
7.45089	0.591482
7.45114	0.520283
7.45138	0.478442
7.45163	0.462862
7.45187	0.469103
7.45212	0.486478
7.45236	0.495854
7.45261	0.483537
7.45285	0.455458
7.4531	0.426994
7.45334	0.400837
7.45359	0.367033
7.45383	0.323881
7.45407	0.283744
7.45432	0.254267
7.45456	0.227858
7.45481	0.197354
7.45505	0.170353
7.4553	0.157704
7.45554	0.155932
7.45579	0.152323
7.45603	0.142594
7.45628	0.133029
7.45652	0.127794
7.45677	0.12417
7.45701	0.119865
7.45725	0.116322
7.4575	0.11355
7.45774	0.10854
7.45799	0.100715
7.45823	0.0938925
7.45848	0.090905
7.45872	0.0901278
7.45897	0.0888343
7.45921	0.0867311
7.45946	0.0845151
7.4597	0.08168
7.45994	0.0778886
7.46019	0.0749839
7.46043	0.0753357
7.46068	0.0782472
7.46092	0.0797018
7.46117	0.076838
7.46141	0.0717942
7.46166	0.0690835
7.4619	0.0690335
7.46215	0.0669173
7.46239	0.0602791
7.46264	0.0537391
7.46288	0.052801
7.46312	0.0554265
7.46337	0.0547591
7.46361	0.0491168
7.46386	0.0438916
7.4641	0.0434392
7.46435	0.046279
7.46459	0.0493596
7.46484	0.0523274
7.46508	0.0557058
7.46533	0.0585847
7.46557	0.0601293
7.46582	0.0608319
7.46606	0.06097
7.4663	0.0598482
7.46655	0.0572645
7.46679	0.0542271
7.46704	0.0523466
7.46728	0.0532248
7.46753	0.0565994
7.46777	0.0585269
7.46802	0.0555429
7.46826	0.0518849
7.46851	0.0556439
7.46875	0.0641712
7.469	0.0627909
7.46924	0.0458931
7.46948	0.029511
7.46973	0.0304433
7.46997	0.0412102
7.47022	0.0422173
7.47046	0.0330541
7.47071	0.0313426
7.47095	0.0415579
7.4712	0.0472952
7.47144	0.0392651
7.47169	0.0297501
7.47193	0.0301804
7.47217	0.0333759
7.47242	0.0299182
7.47266	0.0253681
7.47291	0.0273827
7.47315	0.0301831
7.4734	0.0267467
7.47364	0.023446
7.47389	0.0266208
7.47413	0.0267382
7.47438	0.0143496
7.47462	0.00164123
7.47487	0.00705081
7.47511	0.024642
7.47535	0.0308106
7.4756	0.0194172
7.47584	0.00864112
7.47609	0.0111978
7.47633	0.0183806
7.47658	0.019445
7.47682	0.0186782
7.47707	0.0237986
7.47731	0.0309928
7.47756	0.0320069
7.4778	0.0273522
7.47805	0.02355
7.47829	0.0232473
7.47853	0.0248804
7.47878	0.0273097
7.47902	0.0295024
7.47927	0.0295943
7.47951	0.0277665
7.47976	0.0260889
7.48	0.0237726
7.48025	0.0181339
7.48049	0.0119553
7.48074	0.0129403
7.48098	0.0225872
7.48123	0.032335
7.48147	0.0351048
7.48171	0.0345211
7.48196	0.0370881
7.4822	0.0402394
7.48245	0.0355038
7.48269	0.0219584
7.48294	0.00989081
7.48318	0.00914561
7.48343	0.0171859
7.48367	0.0218763
7.48392	0.0161162
7.48416	0.00677841
7.48441	0.00581188
7.48465	0.0140325
7.48489	0.0201073
7.48514	0.0171019
7.48538	0.012034
7.48563	0.013627
7.48587	0.018398
7.48612	0.0177545
7.48636	0.0127026
7.48661	0.0101663
7.48685	0.00893736
7.4871	0.00268587
7.48734	-0.00467758
7.48758	-0.00149159
7.48783	0.0121427
7.48807	0.021977
7.48832	0.0210047
7.48856	0.0190927
7.48881	0.0248364
7.48905	0.0317284
7.4893	0.0316997
7.48954	0.0298965
7.48979	0.0341399
7.49003	0.0400706
7.49028	0.0401308
7.49052	0.0386178
7.49076	0.042876
7.49101	0.0466478
7.49125	0.0396191
7.4915	0.0292977
7.49174	0.0335818
7.49199	0.0510311
7.49223	0.0590202
7.49248	0.0475371
7.49272	0.035263
7.49297	0.040601
7.49321	0.0534734
7.49346	0.0528851
7.4937	0.0407804
7.49394	0.037297
7.49419	0.0465576
7.49443	0.0493972
7.49468	0.0344023
7.49492	0.0170306
7.49517	0.0171237
7.49541	0.0308171
7.49566	0.038995
7.4959	0.0357464
7.49615	0.0325509
7.49639	0.0358857
7.49664	0.0363895
7.49688	0.0253007
7.49712	0.010094
7.49737	0.00509606
7.49761	0.0126595
7.49786	0.0221935
7.4981	0.0248406
7.49835	0.021217
7.49859	0.0155755
7.49884	0.0100739
7.49908	0.00671895
7.49933	0.00889591
7.49957	0.0170502
7.49981	0.0258687
7.50006	0.029075
7.5003	0.0260482
7.50055	0.0220974
7.50079	0.0230171
7.50104	0.0296046
7.50128	0.0361439
7.50153	0.0349953
7.50177	0.0255374
7.50202	0.017727
7.50226	0.0219809
7.50251	0.0351386
7.50275	0.0428666
7.50299	0.0386156
7.50324	0.0329731
7.50348	0.0383262
7.50373	0.0506745
7.50397	0.05585
7.50422	0.0501121
7.50446	0.043502
7.50471	0.0431135
7.50495	0.0445423
7.5052	0.0428559
7.50544	0.0411606
7.50569	0.0425322
7.50593	0.0428177
7.50617	0.0390607
7.50642	0.0371132
7.50666	0.0416498
7.50691	0.0452088
7.50715	0.0381442
7.5074	0.0251773
7.50764	0.0200075
7.50789	0.025348
7.50813	0.0305166
7.50838	0.0290305
7.50862	0.0262242
7.50887	0.0268894
7.50911	0.0271799
7.50935	0.0234768
7.5096	0.0190858
7.50984	0.0165622
7.51009	0.0125924
7.51033	0.00649407
7.51058	0.00496989
7.51082	0.0114182
7.51107	0.0184918
7.51131	0.0188624
7.51156	0.0161003
7.5118	0.0170756
7.51204	0.0207811
7.51229	0.0230985
7.51253	0.0254025
7.51278	0.0290295
7.51302	0.0285641
7.51327	0.0215977
7.51351	0.0179852
7.51376	0.026267
7.514	0.0369297
7.51425	0.034447
7.51449	0.0219268
7.51474	0.016875
7.51498	0.0240185
7.51522	0.0305364
7.51547	0.0295829
7.51571	0.0294807
7.51596	0.0345648
7.5162	0.035766
7.51645	0.0291245
7.51669	0.0263977
7.51694	0.035082
7.51718	0.0427465
7.51743	0.036008
7.51767	0.0231038
7.51792	0.0208752
7.51816	0.0280255
7.5184	0.0293948
7.51865	0.0218326
7.51889	0.0172095
7.51914	0.0206223
7.51938	0.0232944
7.51963	0.0198409
7.51987	0.0166916
7.52012	0.0179843
7.52036	0.0169982
7.52061	0.00932312
7.52085	0.00302794
7.5211	0.00612889
7.52134	0.0125121
7.52158	0.0109605
7.52183	0.00244548
7.52207	-0.00259379
7.52232	-0.000942686
7.52256	0.000939352
7.52281	0.000690377
7.52305	0.00427868
7.5233	0.0127949
7.52354	0.01586
7.52379	0.00621602
7.52403	-0.00647431
7.52427	-0.00692703
7.52452	0.00393247
7.52476	0.00993325
7.52501	0.00319602
7.52525	-0.00481924
7.5255	-0.00097617
7.52574	0.0104619
7.52599	0.0151572
7.52623	0.00915736
7.52648	0.00201507
7.52672	0.00188399
7.52697	0.00703283
7.52721	0.0122886
7.52745	0.0156306
7.5277	0.0166224
7.52794	0.0147296
7.52819	0.0112062
7.52843	0.0081379
7.52868	0.00528656
7.52892	0.00246972
7.52917	0.00354216
7.52941	0.0110856
7.52966	0.0183503
7.5299	0.0155949
7.53015	0.00519161
7.53039	0.000487094
7.53063	0.00692244
7.53088	0.0144513
7.53112	0.0133296
7.53137	0.00744801
7.53161	0.00505479
7.53186	0.00511283
7.5321	0.00182405
7.53235	-0.0038978
7.53259	-0.00698115
7.53284	-0.00759317
7.53308	-0.00886598
7.53333	-0.00887469
7.53357	-0.00421061
7.53381	0.000978995
7.53406	-0.000733113
7.5343	-0.00738231
7.53455	-0.0085272
7.53479	-0.000160551
7.53504	0.00917671
7.53528	0.00969648
7.53553	0.00169897
7.53577	-0.00714365
7.53602	-0.0111337
7.53626	-0.0102724
7.5365	-0.00780115
7.53675	-0.00666018
7.53699	-0.00704051
7.53724	-0.00645326
7.53748	-0.0031518
7.53773	0.00109102
7.53797	0.0032289
7.53822	0.00290009
7.53846	0.00178916
7.53871	5.63829e-05
7.53895	-0.00361775
7.5392	-0.00839755
7.53944	-0.0103155
7.53968	-0.00605269
7.53993	0.00296007
7.54017	0.0106367
7.54042	0.0111927
7.54066	0.00518572
7.54091	-0.000351286
7.54115	-8.43188e-05
7.5414	0.00261819
7.54164	0.000722812
7.54189	-0.00551897
7.54213	-0.00838799
7.54238	-0.00388082
7.54262	0.00335689
7.54286	0.00784933
7.54311	0.00928573
7.54335	0.00819765
7.5436	0.00311936
7.54384	-0.00399041
7.54409	-0.00677568
7.54433	-0.00382136
7.54458	-0.00164164
7.54482	-0.00303153
7.54507	-0.00120736
7.54531	0.00670584
7.54556	0.00991085
7.5458	-0.00051316
7.54604	-0.0138139
7.54629	-0.0125659
7.54653	0.000284774
7.54678	0.00435114
7.54702	-0.00735448
7.54727	-0.0176787
7.54751	-0.0115332
7.54776	0.00216037
7.548	0.00547074
7.54825	-0.00219391
7.54849	-0.00615878
7.54873	-1.21876e-05
7.54898	0.00660136
7.54922	0.00459096
7.54947	-0.00135556
7.54971	-0.00155618
7.54996	0.00352423
7.5502	0.00456063
7.55045	-0.00200304
7.55069	-0.00825656
7.55094	-0.00654894
7.55118	-0.0012878
7.55143	-0.00271821
7.55167	-0.0110322
7.55191	-0.0144749
7.55216	-0.00522149
7.5524	0.00961482
7.55265	0.0171948
7.55289	0.0142105
7.55314	0.00749158
7.55338	0.0029679
7.55363	0.000336342
7.55387	-0.00247749
7.55412	-0.00522196
7.55436	-0.00631891
7.55461	-0.00467123
7.55485	-0.000288538
7.55509	0.00487857
7.55534	0.00765015
7.55558	0.00683256
7.55583	0.00436586
7.55607	0.00239286
7.55632	0.00185913
7.55656	0.00424437
7.55681	0.00971157
7.55705	0.0124262
7.5573	0.00497358
7.55754	-0.00902664
7.55779	-0.0147251
7.55803	-0.00493838
7.55827	0.00792427
7.55852	0.0073619
7.55876	-0.00544137
7.55901	-0.0151031
7.55925	-0.0132199
7.5595	-0.00554068
7.55974	-9.79836e-05
7.55999	0.00126368
7.56023	-0.000342458
7.56048	-0.00324326
7.56072	-0.00359234
7.56097	0.00101383
7.56121	0.00622949
7.56145	0.00614595
7.5617	0.00263794
7.56194	0.00197721
7.56219	0.00391841
7.56243	0.0030644
7.56268	-0.000203507
7.56292	-3.68759e-05
7.56317	0.00409034
7.56341	0.00708737
7.56366	0.00875069
7.5639	0.0137358
7.56414	0.020332
7.56439	0.0210311
7.56463	0.0164806
7.56488	0.0167703
7.56512	0.0248933
7.56537	0.0307413
7.56561	0.0271643
7.56586	0.0210416
7.5661	0.0213599
7.56635	0.0257149
7.56659	0.0263923
7.56684	0.0222815
7.56708	0.0175968
7.56732	0.0153837
7.56757	0.0182721
7.56781	0.028501
7.56806	0.0411731
7.5683	0.0451083
7.56855	0.0370196
7.56879	0.0272644
7.56904	0.0247827
7.56928	0.0248495
7.56953	0.0200437
7.56977	0.014453
7.57002	0.0159174
7.57026	0.0211069
7.5705	0.0207634
7.57075	0.0152679
7.57099	0.012426
7.57124	0.0124756
7.57148	0.00806944
7.57173	-0.00108424
7.57197	-0.0055836
7.57222	-0.000593491
7.57246	0.0067792
7.57271	0.00746175
7.57295	0.000966194
7.5732	-0.00630676
7.57344	-0.00822798
7.57368	-0.00361887
7.57393	0.00192268
7.57417	0.000163295
7.57442	-0.00892797
7.57466	-0.0136758
7.57491	-0.00513537
7.57515	0.00859657
7.5754	0.0124122
7.57564	0.00613212
7.57589	0.00396746
7.57613	0.011718
7.57637	0.018498
7.57662	0.0158444
7.57686	0.0119133
7.57711	0.0178887
7.57735	0.0300914
7.5776	0.036168
7.57784	0.0328838
7.57809	0.0274777
7.57833	0.02511
7.57858	0.0246499
7.57882	0.0249782
7.57907	0.026692
7.57931	0.0281605
7.57955	0.0274027
7.5798	0.0273432
7.58004	0.0319666
7.58029	0.0377236
7.58053	0.0367331
7.58078	0.029058
7.58102	0.0233381
7.58127	0.0232736
7.58151	0.0223377
7.58176	0.0159925
7.582	0.0104533
7.58225	0.0124866
7.58249	0.0175044
7.58273	0.0165244
7.58298	0.0102346
7.58322	0.00653199
7.58347	0.00700465
7.58371	0.00628401
7.58396	0.00386698
7.5842	0.0052858
7.58445	0.00997571
7.58469	0.00943787
7.58494	0.00163043
7.58518	-0.00365396
7.58543	9.40149e-06
7.58567	0.00527189
7.58591	0.00388778
7.58616	0.000258119
7.5864	0.00168058
7.58665	0.00393766
7.58689	-0.000227636
7.58714	-0.00563365
7.58738	-0.00351974
7.58763	-0.000429251
7.58787	-0.00908558
7.58812	-0.0223768
7.58836	-0.0188909
7.5886	0.00178073
7.58885	0.0128709
7.58909	0.00012205
7.58934	-0.014673
7.58958	-0.00696743
7.58983	0.0124392
7.59007	0.0156682
7.59032	0.00154922
7.59056	-0.0055137
7.59081	0.00440169
7.59105	0.0144768
7.5913	0.0111025
7.59154	0.00219122
7.59178	-0.00119766
7.59203	-0.00125704
7.59227	-0.00232445
7.59252	-0.00064159
7.59276	0.00444723
7.59301	0.00426635
7.59325	-0.00313354
7.5935	-0.00499254
7.59374	0.00531018
7.59399	0.0128449
7.59423	0.00229746
7.59448	-0.0161907
7.59472	-0.0202853
7.59496	-0.00763503
7.59521	0.0037596
7.59545	0.0037798
7.5957	0.000194163
7.59594	0.000371353
7.59619	0.000555373
7.59643	-0.00305073
7.59668	-0.00697849
7.59692	-0.00865586
7.59717	-0.00997274
7.59741	-0.00956334
7.59766	-0.00352612
7.5979	0.00359888
7.59814	0.00207979
7.59839	-0.00532365
7.59863	-0.00420518
7.59888	0.00720485
7.59912	0.0114344
7.59937	-0.000787294
7.59961	-0.0132295
7.59986	-0.00874781
7.6001	0.00362278
7.60035	0.00482806
7.60059	-0.00241935
7.60083	-0.000497582
7.60108	0.0106503
7.60132	0.012455
7.60157	-0.000589428
7.60181	-0.0117673
7.60206	-0.0102033
7.6023	-0.00658082
7.60255	-0.0109695
7.60279	-0.0137267
7.60304	-0.00279653
7.60328	0.013544
7.60353	0.0172367
7.60377	0.0057463
7.60401	-0.00757684
7.60426	-0.0132806
7.6045	-0.0129037
7.60475	-0.00961538
7.60499	-0.00427158
7.60524	-0.000199507
7.60548	-0.00172026
7.60573	-0.00716844
7.60597	-0.0105892
7.60622	-0.00998049
7.60646	-0.00769752
7.60671	-0.00444621
7.60695	0.000299877
7.60719	0.00363782
7.60744	0.00218142
7.60768	-0.00147984
7.60793	-0.00191963
7.60817	0.000753359
7.60842	0.00212475
7.60866	0.00133732
7.60891	0.000905241
7.60915	0.000561934
7.6094	-0.00133831
7.60964	-0.00221428
7.60989	0.000904493
7.61013	0.00386024
7.61037	0.000783692
7.61062	-0.00467486
7.61086	-0.00406526
7.61111	0.000594018
7.61135	-0.00145786
7.6116	-0.0112137
7.61184	-0.0161628
7.61209	-0.00948427
7.61233	-0.000511361
7.61258	0.000717233
7.61282	-0.00202611
7.61306	-0.000988234
7.61331	0.00116659
7.61355	-0.00216622
7.6138	-0.00781923
7.61404	-0.00769997
7.61429	-0.00333931
7.61453	-0.00400826
7.61478	-0.0116795
7.61502	-0.0181041
7.61527	-0.0170572
7.61551	-0.0109472
7.61576	-0.00455113
7.616	6.73832e-05
7.61624	0.00111095
7.61649	-0.00336105
7.61673	-0.0109324
7.61698	-0.0152411
7.61722	-0.0133689
7.61747	-0.00895573
7.61771	-0.00627422
7.61796	-0.00495816
7.6182	-0.0027616
7.61845	-0.000570556
7.61869	-0.00169785
7.61894	-0.00661836
7.61918	-0.0102452
7.61942	-0.00639426
7.61967	0.0037879
7.61991	0.0101362
7.62016	0.00462884
7.6204	-0.00675926
7.62065	-0.0102901
7.62089	-0.00349145
7.62114	0.00126731
7.62138	-0.00361061
7.62163	-0.00862098
7.62187	-0.0037641
7.62212	0.00243577
7.62236	-0.00476533
7.6226	-0.0204189
7.62285	-0.0239196
7.62309	-0.00945461
7.62334	0.00474003
7.62358	0.00274358
7.62383	-0.00852585
7.62407	-0.0135644
7.62432	-0.0102654
7.62456	-0.00661686
7.62481	-0.00502168
7.62505	-0.00250821
7.62529	-0.000768508
7.62554	-0.00364343
7.62578	-0.0076779
7.62603	-0.00633259
7.62627	-0.00182984
7.62652	-0.00190223
7.62676	-0.00546204
7.62701	-0.00313529
7.62725	0.00593185
7.6275	0.00928157
7.62774	-0.00110523
7.62799	-0.0150924
7.62823	-0.0167721
7.62847	-0.00577873
7.62872	0.00269092
7.62896	-0.00164439
7.62921	-0.0117597
7.62945	-0.0145101
7.6297	-0.00851172
7.62994	-0.00439449
7.63019	-0.00834386
7.63043	-0.0128882
7.63068	-0.00831482
7.63092	0.002023
7.63117	0.00576404
7.63141	-0.000519665
7.63165	-0.0066755
7.6319	-0.00458599
7.63214	0.000594089
7.63239	0.000422613
7.63263	-0.00320223
7.63288	-0.00247649
7.63312	0.00335241
7.63337	0.00813938
7.63361	0.00868244
7.63386	0.00607012
7.6341	0.000218743
7.63435	-0.0078282
7.63459	-0.0107205
7.63483	-0.00249467
7.63508	0.00954561
7.63532	0.0118116
7.63557	0.00357946
7.63581	-0.00257341
7.63606	-0.000632555
7.6363	0.00195945
7.63655	0.000697127
7.63679	0.00226013
7.63704	0.00881841
7.63728	0.00867456
7.63752	-0.00534089
7.63777	-0.0199516
7.63801	-0.0188289
7.63826	-0.00747133
7.6385	-0.00422169
7.63875	-0.0116796
7.63899	-0.0148209
7.63924	-0.00646418
7.63948	0.00314533
7.63973	0.00508215
7.63997	0.00397258
7.64022	0.00539278
7.64046	0.00498614
7.6407	-0.00121
7.64095	-0.00635648
7.64119	-0.00270398
7.64144	0.00542914
7.64168	0.00795543
7.64193	0.0033068
7.64217	-0.00210352
7.64242	-0.00490939
7.64266	-0.00704171
7.64291	-0.00900802
7.64315	-0.00822135
7.6434	-0.00371128
7.64364	0.00236579
7.64388	0.00725463
7.64413	0.00841818
7.64437	0.00415369
7.64462	-0.00315212
7.64486	-0.0074545
7.64511	-0.00658099
7.64535	-0.00555894
7.6456	-0.00803503
7.64584	-0.00921219
7.64609	-0.00389773
7.64633	0.00312599
7.64658	0.00382112
7.64682	0.000933195
7.64706	0.00423593
7.64731	0.0129933
7.64755	0.0143054
7.6478	0.0026386
7.64804	-0.0101338
7.64829	-0.0110124
7.64853	-0.00331255
7.64878	0.000781914
7.64902	-0.00169596
7.64927	-0.00402933
7.64951	-0.0032498
7.64976	-0.00288171
7.65	-0.00329036
7.65024	-5.27536e-05
7.65049	0.00639039
7.65073	0.00892675
7.65098	0.00481819
7.65122	0.000375301
7.65147	0.000662799
7.65171	0.00223638
7.65196	0.00104957
7.6522	3.05377e-05
7.65245	0.00214594
7.65269	0.00260233
7.65293	-0.00357731
7.65318	-0.0111381
7.65342	-0.0110944
7.65367	-0.00464717
7.65391	-0.00120164
7.65416	-0.00415725
7.6544	-0.00787163
7.65465	-0.00792532
7.65489	-0.00538823
7.65514	-0.00156504
7.65538	0.00229141
7.65563	0.00123174
7.65587	-0.00668987
7.65611	-0.0112677
7.65636	-0.00141791
7.6566	0.0139884
7.65685	0.013414
7.65709	-0.00478684
7.65734	-0.0156587
7.65758	-0.00317599
7.65783	0.0154212
7.65807	0.0156016
7.65832	0.000659426
7.65856	-0.00801933
7.65881	-0.00444205
7.65905	-0.000628007
7.65929	-0.00249604
7.65954	-0.0046938
7.65978	-0.00653862
7.66003	-0.0125011
7.66027	-0.0176213
7.66052	-0.0125081
7.66076	-0.00312032
7.66101	-0.00495302
7.66125	-0.015738
7.6615	-0.0160343
7.66174	-0.00176506
7.66199	0.00683246
7.66223	-0.00216744
7.66247	-0.0130793
7.66272	-0.00911842
7.66296	0.00158042
7.66321	0.00295912
7.66345	-0.00252216
7.6637	-0.00317003
7.66394	-0.000810561
7.66419	-0.00420032
7.66443	-0.00885533
7.66468	-0.0035737
7.66492	0.00802542
7.66516	0.0112823
7.66541	0.00334306
7.66565	-0.00442523
7.6659	-0.00556527
7.66614	-0.00489678
7.66639	-0.00612511
7.66663	-0.00687187
7.66688	-0.00639343
7.66712	-0.00633302
7.66737	-0.00425491
7.66761	0.00214
7.66786	0.00598497
7.6681	-0.001144
7.66834	-0.0136972
7.66859	-0.0176612
7.66883	-0.0112023
7.66908	-0.00586982
7.66932	-0.00663245
7.66957	-0.00578351
7.66981	0.000258487
7.67006	0.00318725
7.6703	-0.00212415
7.67055	-0.0079403
7.67079	-0.00656816
7.67104	-0.00208633
7.67128	-0.0012458
7.67152	-0.00211549
7.67177	-0.000294542
7.67201	0.00131072
7.67226	-0.00199806
7.6725	-0.00677437
7.67275	-0.00576661
7.67299	0.000771742
7.67324	0.00524651
7.67348	0.00286964
7.67373	-0.00342038
7.67397	-0.0076189
7.67422	-0.00728274
7.67446	-0.00573122
7.6747	-0.00797437
7.67495	-0.0133796
7.67519	-0.0149229
7.67544	-0.00941313
7.67568	-0.00444519
7.67593	-0.00773051
7.67617	-0.0132227
7.67642	-0.00904246
7.67666	0.00234374
7.67691	0.00591721
7.67715	-0.00194345
7.67739	-0.00683031
7.67764	0.000129857
7.67788	0.00742292
7.67813	0.00253547
7.67837	-0.00703823
7.67862	-0.00651591
7.67886	0.00205493
7.67911	0.00470647
7.67935	-0.000891246
7.6796	-0.00364221
7.67984	0.000717488
7.68009	0.00347426
7.68033	-0.000844043
7.68057	-0.00600664
7.68082	-0.00615333
7.68106	-0.00508339
7.68131	-0.0076512
7.68155	-0.010653
7.6818	-0.00855947
7.68204	-0.00247943
7.68229	0.00198813
7.68253	0.00189973
7.68278	-0.00169319
7.68302	-0.00606565
7.68327	-0.00798528
7.68351	-0.0057959
7.68375	-0.00174481
7.684	0.00116398
7.68424	0.00407612
7.68449	0.00877352
7.68473	0.0104684
7.68498	0.00255297
7.68522	-0.010474
7.68547	-0.0147124
7.68571	-0.00515075
7.68596	0.007387
7.6862	0.0126874
7.68645	0.0141937
7.68669	0.0177842
7.68693	0.0179877
7.68718	0.00771717
7.68742	-0.00537993
7.68767	-0.00702784
7.68791	0.00205453
7.68816	0.00699205
7.6884	0.00119006
7.68865	-0.00578002
7.68889	-0.00512379
7.68914	-0.000868384
7.68938	-0.000335473
7.68962	-0.00335828
7.68987	-0.00640552
7.69011	-0.00840897
7.69036	-0.00751952
7.6906	-0.000938865
7.69085	0.00704651
7.69109	0.00626039
7.69134	-0.00433708
7.69158	-0.0123265
7.69183	-0.00915042
7.69207	-0.00191887
7.69232	-6.02298e-05
7.69256	-0.000855436
7.6928	0.00134544
7.69305	0.00180352
7.69329	-0.00527569
7.69354	-0.0122165
7.69378	-0.00799392
7.69403	0.00245712
7.69427	0.00483579
7.69452	-0.00202804
7.69476	-0.00621014
7.69501	-0.00350588
7.69525	-0.00180593
7.6955	-0.0043754
7.69574	-0.00499562
7.69598	-0.00203035
7.69623	-0.00170023
7.69647	-0.0038608
7.69672	4.38186e-05
7.69696	0.00975733
7.69721	0.0119619
7.69745	0.000321019
7.6977	-0.0136393
7.69794	-0.0177016
7.69819	-0.0149575
7.69843	-0.0140888
7.69868	-0.0145754
7.69892	-0.0111381
7.69916	-0.00442634
7.69941	0.00133396
7.69965	0.00461072
7.6999	0.00437595
7.70014	-0.00067342
7.70039	-0.00580656
7.70063	-0.00256977
7.70088	0.00748027
7.70112	0.0118823
7.70137	0.00580355
7.70161	-0.000392224
7.70185	0.0010663
7.7021	0.00306878
7.70234	-0.00185172
7.70259	-0.00780633
7.70283	-0.00752568
7.70308	-0.00590508
7.70332	-0.0090071
7.70357	-0.0107857
7.70381	-0.0045327
7.70406	0.00255143
7.7043	0.000833116
7.70455	-0.00476109
7.70479	-0.00428863
7.70503	-0.00101017
7.70528	-0.00408616
7.70552	-0.0102663
7.70577	-0.00962359
7.70601	-0.00401662
7.70626	-0.00321
7.7065	-0.00713249
7.70675	-0.00854212
7.70699	-0.0092331
7.70724	-0.016206
7.70748	-0.0242676
7.70773	-0.0201952
7.70797	-0.00409207
7.70821	0.00936012
7.70846	0.0113667
7.7087	0.00634279
7.70895	-0.000485655
7.70919	-0.00777053
7.70944	-0.0104865
7.70968	-0.00297904
7.70993	0.00923298
7.71017	0.0142489
7.71042	0.0108068
7.71066	0.00747371
7.71091	0.00607919
7.71115	0.00084684
7.71139	-0.00660963
7.71164	-0.00751203
7.71188	-0.00200508
7.71213	0.000603277
7.71237	-0.00121997
7.71262	0.000156622
7.71286	0.00482067
7.71311	0.00403869
7.71335	-0.00197052
7.7136	-0.00209673
7.71384	0.00617961
7.71408	0.0120598
7.71433	0.0102853
7.71457	0.00798166
7.71482	0.00826333
7.71506	0.00474248
7.71531	-0.00173835
7.71555	0.000595152
7.7158	0.0130343
7.71604	0.0190667
7.71629	0.00917555
7.71653	-0.00314755
7.71678	-0.00246215
7.71702	0.00582099
7.71726	0.00722723
7.71751	0.00105683
7.71775	-0.00274232
7.718	-0.00107276
7.71824	0.00124288
7.71849	0.00228995
7.71873	0.00397604
7.71898	0.0058224
7.71922	0.00557291
7.71947	0.00275231
7.71971	-0.00233384
7.71996	-0.00797188
7.7202	-0.00804888
7.72044	0.00166567
7.72069	0.013065
7.72093	0.0128791
7.72118	0.00219591
7.72142	-0.00452953
7.72167	-0.00232629
7.72191	-0.00141457
7.72216	-0.00584007
7.7224	-0.00546982
7.72265	0.00241628
7.72289	0.0033813
7.72314	-0.00958369
7.72338	-0.0202184
7.72362	-0.0138932
7.72387	-0.00214132
7.72411	-0.00362889
7.72436	-0.0141715
7.7246	-0.0163811
7.72485	-0.00889111
7.72509	-0.00429877
7.72534	-0.00483008
7.72558	-0.00185221
7.72583	0.00379714
7.72607	0.00200718
7.72632	-0.00642005
7.72656	-0.00899066
7.7268	-0.00290735
7.72705	1.28343e-05
7.72729	-0.00641978
7.72754	-0.0127286
7.72778	-0.00944129
7.72803	-0.000533255
7.72827	0.00491324
7.72852	0.00514446
7.72876	0.00392317
7.72901	0.00309349
7.72925	0.00227272
7.72949	0.00186491
7.72974	0.00267261
7.72998	0.00457357
7.73023	0.00666879
7.73047	0.00718894
7.73072	0.0042858
7.73096	-0.00105684
7.73121	-0.00501129
7.73145	-0.00585344
7.7317	-0.00585495
7.73194	-0.00620682
7.73219	-0.00455558
7.73243	-0.000465978
7.73267	0.00182519
7.73292	-0.000201699
7.73316	-0.00318887
7.73341	-0.00372379
7.73365	-0.00322509
7.7339	-0.00379096
7.73414	-0.00473242
7.73439	-0.00583169
7.73463	-0.00759363
7.73488	-0.0066923
7.73512	6.25075e-05
7.73537	0.00564479
7.73561	-0.00140098
7.73585	-0.0174909
7.7361	-0.0242189
7.73634	-0.0144324
7.73659	-0.00335304
7.73683	-0.00477007
7.73708	-0.0115811
7.73732	-0.012101
7.73757	-0.0102304
7.73781	-0.0135685
7.73806	-0.0154216
7.7383	-0.00767056
7.73855	-5.63887e-05
7.73879	-0.00545589
7.73903	-0.0148855
7.73928	-0.0102961
7.73952	0.00372385
7.73977	0.00607893
7.74001	-0.0051172
7.74026	-0.00922475
7.7405	0.0013862
7.74075	0.0082117
7.74099	-0.00197193
7.74124	-0.0150182
7.74148	-0.0123324
7.74172	0.00116233
7.74197	0.00742697
7.74221	0.001853
7.74246	-0.00613617
7.7427	-0.0115557
7.74295	-0.0176107
7.74319	-0.0234942
7.74344	-0.021801
7.74368	-0.0105337
7.74393	0.00105403
7.74417	0.00307467
7.74442	-0.00265193
7.74466	-0.00532408
7.7449	0.000540278
7.74515	0.00795716
7.74539	0.00749106
7.74564	0.000960441
7.74588	-0.00159278
7.74613	0.00207398
7.74637	0.00289895
7.74662	-0.00353707
7.74686	-0.00796437
7.74711	-0.00230725
7.74735	0.00515881
7.7476	0.00112415
7.74784	-0.0116679
7.74808	-0.0175077
7.74833	-0.0100871
7.74857	0.000355356
7.74882	0.003072
7.74906	-0.000587369
7.74931	-0.00320988
7.74955	-0.00167062
7.7498	0.00204853
7.75004	0.00494436
7.75029	0.00531011
7.75053	0.00398441
7.75078	0.0035298
7.75102	0.00395326
7.75126	0.00166236
7.75151	-0.00399167
7.75175	-0.00705047
7.752	-0.00290159
7.75224	0.00380824
7.75249	0.00515468
7.75273	0.000622293
7.75298	-0.00415032
7.75322	-0.00618654
7.75347	-0.00665675
7.75371	-0.00629471
7.75395	-0.00499159
7.7542	-0.00352177
7.75444	-0.00152508
7.75469	0.00255647
7.75493	0.00644374
7.75518	0.00509475
7.75542	0.00034524
7.75567	0.000888782
7.75591	0.00736835
7.75616	0.00797753
7.7564	-0.0030842
7.75665	-0.0139031
7.75689	-0.0123132
7.75713	-0.0042949
7.75738	-0.00189297
7.75762	-0.00301959
7.75787	0.000817834
7.75811	0.00535307
7.75836	0.000619446
7.7586	-0.00842646
7.75885	-0.00782702
7.75909	0.00112474
7.75934	0.00270371
7.75958	-0.00761073
7.75983	-0.0161284
7.76007	-0.0124783
7.76031	-0.00281862
7.76056	0.00218881
7.7608	-5.52997e-05
7.76105	-0.00637305
7.76129	-0.0117039
7.76154	-0.0095632
7.76178	0.000833434
7.76203	0.00860478
7.76227	0.0037405
7.76252	-0.00646049
7.76276	-0.00678065
7.76301	0.00222563
7.76325	0.00543659
7.76349	-0.00253084
7.76374	-0.0107532
7.76398	-0.0110488
7.76423	-0.00723801
7.76447	-0.00284319
7.76472	0.00432331
7.76496	0.0115528
7.76521	0.0106807
7.76545	0.00269643
7.7657	-0.00138125
7.76594	0.00183994
7.76618	0.00406926
7.76643	0.00237266
7.76667	0.00411852
7.76692	0.00997777
7.76716	0.00915097
7.76741	-0.000736522
7.76765	-0.00544656
7.7679	0.00401672
7.76814	0.0157427
7.76839	0.0147715
7.76863	0.00480385
7.76888	2.51302e-05
7.76912	0.00434678
7.76936	0.010274
7.76961	0.0118184
7.76985	0.00871092
7.7701	0.00271061
7.77034	-0.00281227
7.77059	-0.00401588
7.77083	-0.002047
7.77108	-0.00192383
7.77132	-0.00323596
7.77157	5.28983e-05
7.77181	0.00758658
7.77206	0.010126
7.7723	0.00348675
7.77254	-0.00484682
7.77279	-0.0080176
7.77303	-0.00882653
7.77328	-0.0107997
7.77352	-0.0102023
7.77377	-0.00395167
7.77401	0.0028971
7.77426	0.00444424
7.7745	0.00198234
7.77475	-0.000135434
7.77499	0.000447194
7.77524	0.00629311
7.77548	0.0182214
7.77572	0.027804
7.77597	0.0228562
7.77621	0.00555054
7.77646	-0.00629429
7.7767	-0.00250333
7.77695	0.00615868
7.77719	0.00584236
7.77744	-0.000383227
7.77768	-0.000903543
7.77793	0.00478488
7.77817	0.0068358
7.77841	0.00119372
7.77866	-0.00523307
7.7789	-0.00457769
7.77915	0.0030211
7.77939	0.0102525
7.77964	0.0101863
7.77988	0.00412773
7.78013	0.000588757
7.78037	0.00317908
7.78062	0.00425548
7.78086	-0.00197159
7.78111	-0.00647356
7.78135	0.00168292
7.78159	0.0149222
7.78184	0.0170222
7.78208	0.0104511
7.78233	0.0128806
7.78257	0.0257731
7.78282	0.0303285
7.78306	0.0204199
7.78331	0.0147094
7.78355	0.0248851
7.7838	0.0356147
7.78404	0.0319566
7.78429	0.0254017
7.78453	0.0326793
7.78477	0.0460747
7.78502	0.0475278
7.78526	0.0399453
7.78551	0.0413743
7.78575	0.0555078
7.786	0.069388
7.78624	0.0761601
7.78649	0.0810949
7.78673	0.0875065
7.78698	0.0938575
7.78722	0.103848
7.78747	0.124334
7.78771	0.152848
7.78795	0.178779
7.7882	0.196453
7.78844	0.20807
7.78869	0.216701
7.78893	0.225194
7.78918	0.237384
7.78942	0.251141
7.78967	0.255777
7.78991	0.246353
7.79016	0.234402
7.7904	0.233334
7.79064	0.23915
7.79089	0.237581
7.79113	0.224876
7.79138	0.208768
7.79162	0.193238
7.79187	0.175728
7.79211	0.157111
7.79236	0.142009
7.7926	0.129916
7.79285	0.116227
7.79309	0.101292
7.79334	0.089964
7.79358	0.0834142
7.79382	0.0783736
7.79407	0.072544
7.79431	0.0655056
7.79456	0.0577689
7.7948	0.0525665
7.79505	0.0525131
7.79529	0.0517544
7.79554	0.0412957
7.79578	0.0258402
7.79603	0.021965
7.79627	0.0332888
7.79652	0.0432188
7.79676	0.0418495
7.797	0.0423413
7.79725	0.0564887
7.79749	0.0716784
7.79774	0.0710941
7.79798	0.0620178
7.79823	0.0626159
7.79847	0.0725302
7.79872	0.0789503
7.79896	0.0818562
7.79921	0.0900501
7.79945	0.100325
7.7997	0.104114
7.79994	0.107907
7.80018	0.123433
7.80043	0.143976
7.80067	0.154797
7.80092	0.160671
7.80116	0.176753
7.80141	0.197712
7.80165	0.204967
7.8019	0.201267
7.80214	0.20687
7.80239	0.22162
7.80263	0.223736
7.80287	0.210057
7.80312	0.203863
7.80336	0.214452
7.80361	0.221424
7.80385	0.211013
7.8041	0.19698
7.80434	0.190574
7.80459	0.17955
7.80483	0.155549
7.80508	0.135022
7.80532	0.131257
7.80557	0.129084
7.80581	0.11037
7.80605	0.0846531
7.8063	0.0710722
7.80654	0.0673031
7.80679	0.0598828
7.80703	0.0499943
7.80728	0.0452179
7.80752	0.0392048
7.80777	0.0238503
7.80801	0.0103554
7.80826	0.0137367
7.8085	0.0254498
7.80875	0.0253874
7.80899	0.0134374
7.80923	0.00521128
7.80948	0.00310048
7.80972	-0.00322311
7.80997	-0.0116513
7.81021	-0.00885211
7.81046	0.00382788
7.8107	0.00993654
7.81095	0.00508935
7.81119	0.00196322
7.81144	0.00542556
7.81168	0.00515774
7.81193	-0.00188675
7.81217	-0.00347509
7.81241	0.00541611
7.81266	0.0115672
7.8129	0.00514873
7.81315	-0.00407618
7.81339	-0.00340056
7.81364	0.00337363
7.81388	0.00458574
7.81413	-0.00127702
7.81437	-0.00649743
7.81462	-0.00574675
7.81486	0.000681388
7.81511	0.00860758
7.81535	0.0105118
7.81559	0.00253972
7.81584	-0.00642093
7.81608	-0.00381516
7.81633	0.00586975
7.81657	0.00455302
7.81682	-0.00987976
7.81706	-0.0156942
7.81731	-0.000115081
7.81755	0.0180559
7.8178	0.015715
7.81804	0.000282761
7.81828	-0.00433631
7.81853	0.00423221
7.81877	0.00799652
7.81902	0.00248603
7.81926	0.00214063
7.81951	0.0102426
7.81975	0.0104827
7.82	-0.0030832
7.82024	-0.0120095
7.82049	-0.00305789
7.82073	0.00881637
7.82098	0.00473705
7.82122	-0.0074708
7.82146	-0.00803248
7.82171	0.0011615
7.82195	0.00156057
7.8222	-0.00908885
7.82244	-0.0134223
7.82269	-0.00489284
7.82293	0.00171257
7.82318	-0.00340526
7.82342	-0.0085192
7.82367	-0.00117231
7.82391	0.0104732
7.82416	0.0110145
7.8244	0.00179166
7.82464	-0.0029037
7.82489	0.00253252
7.82513	0.0103004
7.82538	0.0130403
7.82562	0.011068
7.82587	0.00698553
7.82611	0.00260181
7.82636	0.0010408
7.8266	0.00408267
7.82685	0.00739701
7.82709	0.00519618
7.82734	-0.000597132
7.82758	-0.00245895
7.82782	0.001342
7.82807	0.00413762
7.82831	0.00107831
7.82856	-0.00384851
7.8288	-0.00367802
7.82905	0.00238072
7.82929	0.0083918
7.82954	0.00850109
7.82978	0.00242697
7.83003	-0.00531543
7.83027	-0.0104548
7.83051	-0.0120125
7.83076	-0.0101411
7.831	-0.00416636
7.83125	0.00364779
7.83149	0.00570472
7.83174	-0.0024061
7.83198	-0.012428
7.83223	-0.011646
7.83247	-0.00105193
7.83272	0.00547043
7.83296	0.00234602
7.83321	-0.000249617
7.83345	0.00441093
7.83369	0.00735575
7.83394	0.000966487
7.83418	-0.00529312
7.83443	-0.000466584
7.83467	0.00777416
7.83492	0.00584575
7.83516	-0.00138051
7.83541	0.00133389
7.83565	0.0120492
7.8359	0.0135781
7.83614	0.00248967
7.83639	-0.00508108
7.83663	-0.000215872
7.83687	0.00595687
7.83712	0.00300173
7.83736	-0.00285215
7.83761	-0.00266132
7.83785	8.93189e-05
7.8381	-0.00119885
7.83834	-0.00347222
7.83859	-0.000985665
7.83883	0.00400624
7.83908	0.00666845
7.83932	0.00785065
7.83957	0.00911724
7.83981	0.00713874
7.84005	0.000489613
7.8403	-0.00526324
7.84054	-0.00611973
7.84079	-0.00596157
7.84103	-0.00778023
7.84128	-0.00650923
7.84152	0.00190912
7.84177	0.0113272
7.84201	0.0129772
7.84226	0.0067701
7.8425	-0.00106103
7.84274	-0.0059553
7.84299	-0.0058217
7.84323	-0.000540976
7.84348	0.0048807
7.84372	0.00401331
7.84397	-0.000713599
7.84421	-0.000605685
7.84446	0.00360395
7.8447	0.00141804
7.84495	-0.00732033
7.84519	-0.00777229
7.84544	0.00552343
7.84568	0.0160361
7.84592	0.0100561
7.84617	-0.00141909
7.84641	-0.00203675
7.84666	0.00300945
7.8469	-0.000372973
7.84715	-0.00765166
7.84739	-0.00471565
7.84764	0.0033089
7.84788	-0.00155554
7.84813	-0.0174951
7.84837	-0.0229695
7.84862	-0.0116034
7.84886	-0.00187765
7.8491	-0.00588524
7.84935	-0.0120456
7.84959	-0.00885857
7.84984	-0.00452621
7.85008	-0.00921213
7.85033	-0.0150749
7.85057	-0.0100138
7.85082	0.000957406
7.85106	0.00395902
7.85131	-0.00216142
7.85155	-0.00659055
7.8518	-0.00360269
7.85204	0.00318876
7.85228	0.00965673
7.85253	0.0137968
7.85277	0.0124162
7.85302	0.00433227
7.85326	-0.00466692
7.85351	-0.00690096
7.85375	-0.00150593
7.854	0.00609638
7.85424	0.0104539
7.85449	0.00869474
7.85473	0.00170888
7.85497	-0.00404119
7.85522	-0.00185749
7.85546	0.0047849
7.85571	0.00464669
7.85595	-0.00459721
7.8562	-0.0113705
7.85644	-0.00763869
7.85669	-0.000981054
7.85693	-0.000843267
7.85718	-0.00317407
7.85742	-0.000132849
7.85767	0.00415032
7.85791	0.00165975
7.85815	-0.00270292
7.8584	0.00145977
7.85864	0.0099237
7.85889	0.00842408
7.85913	-0.00340209
7.85938	-0.0101444
7.85962	-0.00524496
7.85987	-0.000466824
7.86011	-0.00477798
7.86036	-0.00955003
7.8606	-0.00464519
7.86085	0.00344994
7.86109	0.00211767
7.86133	-0.00709887
7.86158	-0.0117177
7.86182	-0.00744512
7.86207	-0.00179003
7.86231	4.8805e-05
7.86256	0.001465
7.8628	0.00479827
7.86305	0.0050683
7.86329	-0.00164462
7.86354	-0.00948439
7.86378	-0.00875095
7.86403	0.00127947
7.86427	0.0107189
7.86451	0.0111698
7.86476	0.00558733
7.865	0.00321971
7.86525	0.00703121
7.86549	0.0108878
7.86574	0.00936633
7.86598	0.00472355
7.86623	0.00130023
7.86647	-0.00160683
7.86672	-0.00595665
7.86696	-0.00831469
7.8672	-0.00423488
7.86745	0.00291435
7.86769	0.00526038
7.86794	0.00186194
7.86818	-0.000850035
7.86843	0.000129268
7.86867	0.00158787
7.86892	0.00284354
7.86916	0.00771971
7.86941	0.0148547
7.86965	0.0154958
7.8699	0.00604024
7.87014	-0.005311
7.87038	-0.00997355
7.87063	-0.00931932
7.87087	-0.00753732
7.87112	-0.00256312
7.87136	0.00726678
7.87161	0.0146078
7.87185	0.0117993
7.8721	0.00384338
7.87234	0.00224017
7.87259	0.00848723
7.87283	0.0138362
7.87308	0.013642
7.87332	0.0115696
7.87356	0.010232
7.87381	0.00839753
7.87405	0.00835721
7.8743	0.0150508
7.87454	0.0249031
7.87479	0.0260948
7.87503	0.0154322
7.87528	0.00598309
7.87552	0.0102527
7.87577	0.0220926
7.87601	0.0244922
7.87626	0.0126565
7.8765	7.85226e-05
7.87674	0.000119043
7.87699	0.00891954
7.87723	0.0119681
7.87748	0.0042993
7.87772	-0.00333691
7.87797	-0.000430472
7.87821	0.00812636
7.87846	0.00992333
7.8787	0.00404713
7.87895	0.0015326
7.87919	0.00671635
7.87943	0.0106053
7.87968	0.00735578
7.87992	0.00446803
7.88017	0.00787931
7.88041	0.00932812
7.88066	0.00148656
7.8809	-0.00526554
7.88115	0.00182427
7.88139	0.0139313
7.88164	0.0123767
7.88188	-0.000248674
7.88213	-0.00363778
7.88237	0.00572212
7.88261	0.00851061
7.88286	-0.0034341
7.8831	-0.0119919
7.88335	-0.00317032
7.88359	0.00962402
7.88384	0.00861743
7.88408	-0.000663467
7.88433	-0.00306636
7.88457	0.00036164
7.88482	0.000424877
7.88506	0.00102622
7.88531	0.0102859
7.88555	0.0194664
7.88579	0.0139227
7.88604	-0.000160913
7.88628	-0.00296415
7.88653	0.00727529
7.88677	0.0126206
7.88702	0.0062118
7.88726	0.00190929
7.88751	0.00856081
7.88775	0.015927
7.888	0.0145412
7.88824	0.0113096
7.88849	0.0147815
7.88873	0.0196992
7.88897	0.0175986
7.88922	0.0112349
7.88946	0.00755732
7.88971	0.00574789
7.88995	0.00253325
7.8902	0.00136624
7.89044	0.00612767
7.89069	0.011844
7.89093	0.0109332
7.89118	0.00412696
7.89142	-0.00243175
7.89167	-0.00632747
7.89191	-0.00819154
7.89215	-0.00662885
7.8924	-0.00104672
7.89264	0.00403531
7.89289	0.00399579
7.89313	0.000676868
7.89338	-0.00117598
7.89362	-0.00100131
7.89387	-0.00143893
7.89411	-0.00326912
7.89436	-0.00525066
7.8946	-0.00636086
7.89484	-0.00579252
7.89509	-0.00397593
7.89533	-0.0043106
7.89558	-0.00869145
7.89582	-0.0115275
7.89607	-0.00625371
7.89631	0.00193691
7.89656	0.00105582
7.8968	-0.00764375
7.89705	-0.00850093
7.89729	0.00341872
7.89754	0.0110121
7.89778	0.000304306
7.89802	-0.0164038
7.89827	-0.0180058
7.89851	-0.00531686
7.89876	0.00338819
7.899	0.00139335
7.89925	-0.000835184
7.89949	0.00299475
7.89974	0.00654911
7.89998	0.00558968
7.90023	0.00470519
7.90047	0.00540216
7.90072	0.00188422
7.90096	-0.0062463
7.9012	-0.0100106
7.90145	-0.00568218
7.90169	-0.00169882
7.90194	-0.00420278
7.90218	-0.00626744
7.90243	0.000291047
7.90267	0.0107766
7.90292	0.0140058
7.90316	0.00726298
7.90341	-0.00247847
7.90365	-0.00808841
7.9039	-0.00733427
7.90414	-0.00229191
7.90438	0.00162486
7.90463	-0.000272128
7.90487	-0.00559054
7.90512	-0.00685871
7.90536	-0.00193709
7.90561	0.00358266
7.90585	0.00635359
7.9061	0.00950414
7.90634	0.0134381
7.90659	0.0117287
7.90683	0.0021109
7.90707	-0.00718866
7.90732	-0.00913065
7.90756	-0.00743532
7.90781	-0.00677123
7.90805	-0.00292187
7.9083	0.00673051
7.90854	0.0120424
7.90879	0.00344499
7.90903	-0.00989976
7.90928	-0.0110804
7.90952	-0.00115039
7.90977	0.00287607
7.91001	-0.0047609
7.91025	-0.0108255
7.9105	-0.00581551
7.91074	0.00237629
7.91099	0.00433537
7.91123	0.00371709
7.91148	0.00638222
7.91172	0.00737874
7.91197	0.00043928
7.91221	-0.00864049
7.91246	-0.0101998
7.9127	-0.00572878
7.91295	-0.00293183
7.91319	-0.00117029
7.91343	0.00557221
7.91368	0.0144646
7.91392	0.0159816
7.91417	0.010199
7.91441	0.00818534
7.91466	0.0143852
7.9149	0.018822
7.91515	0.0120727
7.91539	-0.000833709
7.91564	-0.00810361
7.91588	-0.00660183
7.91613	-0.00253979
7.91637	-0.000562924
7.91661	0.000741446
7.91686	0.00349387
7.9171	0.00645986
7.91735	0.0072331
7.91759	0.00501491
7.91784	0.000496339
7.91808	-0.00452576
7.91833	-0.00703123
7.91857	-0.00489132
7.91882	-0.000158073
7.91906	0.00210325
7.9193	0.000195748
7.91955	-0.000969195
7.91979	0.00385952
7.92004	0.0117062
7.92028	0.0136039
7.92053	0.00653337
7.92077	-0.00186275
7.92102	-0.00385678
7.92126	-0.00182422
7.92151	-0.00194393
7.92175	-0.00239347
7.922	0.00258492
7.92224	0.00891265
7.92248	0.00534636
7.92273	-0.00769866
7.92297	-0.0147554
7.92322	-0.00726888
7.92346	0.00280549
7.92371	0.00114954
7.92395	-0.00755953
7.9242	-0.00950573
7.92444	-0.00473936
7.92469	-0.00378724
7.92493	-0.00573583
7.92518	0.00112708
7.92542	0.0154587
7.92566	0.0188881
7.92591	0.00341696
7.92615	-0.0130911
7.9264	-0.0103566
7.92664	0.00650774
7.92689	0.0155547
7.92713	0.00763664
7.92738	-0.00535037
7.92762	-0.00924818
7.92787	-0.00330855
7.92811	0.00373179
7.92836	0.00499171
7.9286	0.000301285
7.92884	-0.00568176
7.92909	-0.00785277
7.92933	-0.00471736
7.92958	0.00111617
7.92982	0.0060646
7.93007	0.00775359
7.93031	0.00518673
7.93056	0.000230502
7.9308	-0.0019186
7.93105	0.00147505
7.93129	0.00526614
7.93153	0.0028493
7.93178	-0.00301896
7.93202	-0.00400473
7.93227	-0.000342973
7.93251	-0.000563494
7.93276	-0.00582665
7.933	-0.00727551
7.93325	-0.00289424
7.93349	-0.00282819
7.93374	-0.0106344
7.93398	-0.0139253
7.93423	-0.00481785
7.93447	0.00415936
7.93471	-0.00059856
7.93496	-0.0104876
7.9352	-0.00872822
7.93545	0.00136349
7.93569	0.00266245
7.93594	-0.00633577
7.93618	-0.0100754
7.93643	-0.00299578
7.93667	0.00318318
7.93692	0.00176125
7.93716	0.000621911
7.93741	0.00430301
7.93765	0.00500669
7.93789	-0.00100247
7.93814	-0.00457714
7.93838	-0.000194755
7.93863	0.00327712
7.93887	-0.00199679
7.93912	-0.00929757
7.93936	-0.00916163
7.93961	-0.00354875
7.93985	0.00113823
7.9401	0.00463495
7.94034	0.00737589
7.94059	0.00522401
7.94083	-0.00099967
7.94107	-0.001633
7.94132	0.00625932
7.94156	0.0109347
7.94181	0.00479445
7.94205	-0.00106649
7.9423	0.00498657
7.94254	0.0140369
7.94279	0.0107484
7.94303	-0.000710042
7.94328	-0.00417714
7.94352	0.0012489
7.94376	0.00203852
7.94401	-0.00439915
7.94425	-0.00610261
7.9445	0.000562209
7.94474	0.0042461
7.94499	-0.000862443
7.94523	-0.00555974
7.94548	-0.00285812
7.94572	0.000839009
7.94597	-0.000874288
7.94621	-0.00337693
7.94646	-0.00117266
7.9467	0.00258372
7.94694	0.004022
7.94719	0.00513776
7.94743	0.00587322
7.94768	0.00126326
7.94792	-0.00622147
7.94817	-0.00425352
7.94841	0.00959459
7.94866	0.0181113
7.9489	0.00739431
7.94915	-0.0108331
7.94939	-0.0150998
7.94964	-0.00484025
7.94988	0.00188889
7.95012	-0.00248606
7.95037	-0.0064117
7.95061	-0.00112819
7.95086	0.00539225
7.9511	0.00288261
7.95135	-0.00509298
7.95159	-0.00823445
7.95184	-0.00542431
7.95208	-0.00472477
7.95233	-0.0102672
7.95257	-0.0162831
7.95282	-0.0150759
7.95306	-0.00724255
7.9533	-0.00139196
7.95355	-0.0036386
7.95379	-0.00978073
7.95404	-0.0111653
7.95428	-0.00690603
7.95453	-0.00413572
7.95477	-0.00539269
7.95502	-0.00438973
7.95526	0.00152545
7.95551	0.00428521
7.95575	-0.00135695
7.95599	-0.00613847
7.95624	2.65203e-05
7.95648	0.00958132
7.95673	0.0074047
7.95697	-0.00453243
7.95722	-0.00941216
7.95746	-0.00213331
7.95771	0.00407262
7.95795	0.000886896
7.9582	-0.00293598
7.95844	0.000249257
7.95869	0.0030958
7.95893	-0.00201916
7.95917	-0.00832443
7.95942	-0.00680304
7.95966	-0.00126988
7.95991	0.00137101
7.96015	0.00500379
7.9604	0.0142177
7.96064	0.0202763
7.96089	0.0136271
7.96113	0.00279069
7.96138	0.00293186
7.96162	0.0109838
7.96187	0.0111107
7.96211	0.00185047
7.96235	-0.00259899
7.9626	0.00176703
7.96284	0.00267605
7.96309	-0.00461956
7.96333	-0.0078117
7.96358	0.000415239
7.96382	0.00892495
7.96407	0.00698304
7.96431	0.00105213
7.96456	0.00119508
7.9648	0.00406787
7.96505	0.00188173
7.96529	-0.00291699
7.96553	-0.00439593
7.96578	-0.00464517
7.96602	-0.00638087
7.96627	-0.00386931
7.96651	0.0057415
7.96676	0.0115818
7.967	0.00421447
7.96725	-0.00684624
7.96749	-0.00681615
7.96774	0.000581367
7.96798	0.000892645
7.96823	-0.00533262
7.96847	-0.0048529
7.96871	0.0027957
7.96896	0.00384656
7.9692	-0.00413937
7.96945	-0.006961
7.96969	0.000443123
7.96994	0.00367703
7.97018	-0.00610739
7.97043	-0.0155442
7.97067	-0.0105142
7.97092	0.00116256
7.97116	0.00405026
7.9714	0.00028191
7.97165	0.00296622
7.97189	0.0117332
7.97214	0.0128297
7.97238	0.00158137
7.97263	-0.0108821
7.97287	-0.0145174
7.97312	-0.0114577
7.97336	-0.00801831
7.97361	-0.00610041
7.97385	-0.00560417
7.9741	-0.00685953
7.97434	-0.00738004
7.97458	-0.00309473
7.97483	0.00440288
7.97507	0.00815064
7.97532	0.00586767
7.97556	0.00323385
7.97581	0.00407265
7.97605	0.00416356
7.9763	-0.000259147
7.97654	-0.00413794
7.97679	-0.000912564
7.97703	0.00596188
7.97728	0.00744469
7.97752	0.00332752
7.97776	0.00265697
7.97801	0.00816182
7.97825	0.0103056
7.9785	0.00266517
7.97874	-0.00567728
7.97899	-0.00331016
7.97923	0.00391012
7.97948	0.000516026
7.97972	-0.0124602
7.97997	-0.0156503
7.98021	-0.00118446
7.98046	0.0119247
7.9807	0.0047628
7.98094	-0.0119095
7.98119	-0.0129914
7.98143	0.00303351
7.98168	0.0122909
7.98192	0.00155742
7.98217	-0.0141938
7.98241	-0.0160556
7.98266	-0.00549982
7.9829	0.00492509
7.98315	0.0107065
7.98339	0.0134211
7.98363	0.0109002
7.98388	0.00247217
7.98412	-0.00365585
7.98437	-0.000873567
7.98461	0.0035453
7.98486	-0.00139196
7.9851	-0.0123611
7.98535	-0.0159456
7.98559	-0.00829912
7.98584	0.000795653
7.98608	0.00237458
7.98633	-0.00318724
7.98657	-0.011018
7.98681	-0.0157993
7.98706	-0.0123511
7.9873	-0.00157495
7.98755	0.00555838
7.98779	-0.00029943
7.98804	-0.012565
7.98828	-0.0164441
7.98853	-0.0095999
7.98877	-0.00323645
7.98902	-0.00305024
7.98926	-0.00294073
7.98951	-3.48134e-05
7.98975	-0.00148836
7.98999	-0.0102451
7.99024	-0.0168073
7.99048	-0.0134483
7.99073	-0.00626111
7.99097	-0.00406096
7.99122	-0.00435461
7.99146	-0.000510982
7.99171	0.00443062
7.99195	0.00253745
7.9922	-0.00466852
7.99244	-0.00750847
7.99269	-0.00230495
7.99293	0.00445924
7.99317	0.00554857
7.99342	-7.87384e-05
7.99366	-0.00846406
7.99391	-0.0130345
7.99415	-0.00828484
7.9944	0.00276668
7.99464	0.0078361
7.99489	-0.000472682
7.99513	-0.0125286
7.99538	-0.0125808
7.99562	-0.000140043
7.99586	0.00961587
7.99611	0.00723853
7.99635	4.88465e-05
7.9966	-0.00159656
7.99684	0.00119488
7.99709	0.0017634
7.99733	0.000605164
7.99758	0.00317169
7.99782	0.00859748
7.99807	0.00940453
7.99831	0.00244278
7.99856	-0.00646538
7.9988	-0.010368
7.99904	-0.00894746
7.99929	-0.00651574
7.99953	-0.00577505
7.99978	-0.0063283
8.00002	-0.00740502
8.00027	-0.00899784
8.00051	-0.0103767
8.00076	-0.00962998
8.001	-0.00564892
8.00125	0.000251962
8.00149	0.00527974
8.00174	0.00731759
8.00198	0.00602959
8.00222	0.00277039
8.00247	-0.000165577
8.00271	-0.00142961
8.00296	-0.00247664
8.0032	-0.00598705
8.00345	-0.0111531
8.00369	-0.0128413
8.00394	-0.00821476
8.00418	-0.00205761
8.00443	-0.0010587
8.00467	-0.00393019
8.00492	-0.00306463
8.00516	0.00340444
8.0054	0.0079323
8.00565	0.00488047
8.00589	-0.000861856
8.00614	-0.00163266
8.00638	0.00187143
8.00663	0.00376687
8.00687	0.00346676
8.00712	0.00507118
8.00736	0.00797238
8.00761	0.00658398
8.00785	0.000359661
8.00809	-0.00362964
8.00834	-0.000961731
8.00858	0.00364118
8.00883	0.00404542
8.00907	0.00179719
8.00932	0.00225782
8.00956	0.00498685
8.00981	0.00432903
8.01005	-0.000730249
8.0103	-0.00317195
8.01054	0.00265724
8.01079	0.0116751
8.01103	0.0129233
8.01127	0.00379362
8.01152	-0.00555403
8.01176	-0.00512518
8.01201	0.00165783
8.01225	0.00366002
8.0125	-0.00133863
8.01274	-0.00446182
8.01299	-0.00101986
8.01323	0.0023694
8.01348	0.000816808
8.01372	0.000939366
8.01397	0.00842933
8.01421	0.0144156
8.01445	0.00699684
8.0147	-0.00863385
8.01494	-0.0156885
8.01519	-0.00932172
8.01543	-0.000218095
8.01568	0.00495131
8.01592	0.0105583
8.01617	0.0166136
8.01641	0.0133907
8.01666	-0.000802273
8.0169	-0.011403
8.01715	-0.00791641
8.01739	-0.000365104
8.01763	-0.00344592
8.01788	-0.0143562
8.01812	-0.0195605
8.01837	-0.0156931
8.01861	-0.00988328
8.01886	-0.00527789
8.0191	-0.00031902
8.01935	0.00183745
8.01959	-0.00272076
8.01984	-0.00797718
8.02008	-0.00489295
8.02032	0.00290668
8.02057	0.00396858
8.02081	-0.00186095
8.02106	-0.0036234
8.0213	0.0015209
8.02155	0.00449188
8.02179	0.00175045
8.02204	0.00111438
8.02228	0.00557307
8.02253	0.00585396
8.02277	-0.00377786
8.02302	-0.0144867
8.02326	-0.0155064
8.0235	-0.00814547
8.02375	-0.000440724
8.02399	0.00314809
8.02424	0.00100847
8.02448	-0.00683858
8.02473	-0.0134276
8.02497	-0.00906601
8.02522	0.00258175
8.02546	0.00445302
8.02571	-0.00936277
8.02595	-0.0214176
8.0262	-0.0147641
8.02644	0.00226064
8.02668	0.00936561
8.02693	0.0034837
8.02717	-0.00162533
8.02742	0.000645973
8.02766	0.00318166
8.02791	0.00101809
8.02815	-0.00155882
8.0284	-0.000991904
8.02864	0.000740823
8.02889	0.00252492
8.02913	0.00496526
8.02938	0.00473594
8.02962	-0.00162332
8.02986	-0.00855921
8.03011	-0.00704205
8.03035	0.000642519
8.0306	0.00287342
8.03084	-0.003685
8.03109	-0.00975868
8.03133	-0.0084776
8.03158	-0.00358335
8.03182	-0.000248776
8.03207	0.00155538
8.03231	0.00174256
8.03255	-0.00127471
8.0328	-0.00384984
8.03304	0.000121434
8.03329	0.00660625
8.03353	0.00364235
8.03378	-0.00936221
8.03402	-0.0172874
8.03427	-0.0109777
8.03451	-0.000836171
8.03476	0.000240451
8.035	-0.0041191
8.03525	-0.00335743
8.03549	0.000976597
8.03573	-0.000425485
8.03598	-0.00713733
8.03622	-0.00985042
8.03647	-0.0062791
8.03671	-0.00358164
8.03696	-0.00506968
8.0372	-0.00560047
8.03745	-0.00184697
8.03769	0.00183892
8.03794	0.000590249
8.03818	-0.00421459
8.03843	-0.00765425
8.03867	-0.00657182
8.03891	-0.00137453
8.03916	0.00411352
8.0394	0.00525301
8.03965	0.00229944
8.03989	0.0014755
8.04014	0.00636623
8.04038	0.0113364
8.04063	0.00918037
8.04087	0.00238179
8.04112	-0.000705255
8.04136	0.000895498
8.04161	0.000174124
8.04185	-0.0047345
8.04209	-0.00612786
8.04234	0.000690018
8.04258	0.00789449
8.04283	0.00459605
8.04307	-0.00797067
8.04332	-0.0169606
8.04356	-0.0130054
8.04381	-0.000359174
8.04405	0.0086757
8.0443	0.00653116
8.04454	-0.00355747
8.04478	-0.0119974
8.04503	-0.0112966
8.04527	-0.00152585
8.04552	0.00946541
8.04576	0.0114361
8.04601	0.00162703
8.04625	-0.00936931
8.0465	-0.00704689
8.04674	0.00803594
8.04699	0.0172578
8.04723	0.00728265
8.04748	-0.00993898
8.04772	-0.0123961
8.04796	0.000625879
8.04821	0.00840401
8.04845	0.000701937
8.0487	-0.00848319
8.04894	-0.00582403
8.04919	0.000648779
8.04943	-0.00170432
8.04968	-0.00779275
8.04992	-0.00577049
8.05017	0.000758594
8.05041	0.000215276
8.05066	-0.00454572
8.0509	-0.00102215
8.05114	0.00952435
8.05139	0.0132828
8.05163	0.00776187
8.05188	0.00483887
8.05212	0.00808401
8.05237	0.00651544
8.05261	-0.00411005
8.05286	-0.0122688
8.0531	-0.0106238
8.05335	-0.00818918
8.05359	-0.0127294
8.05384	-0.0160955
8.05408	-0.00917705
8.05432	0.00104665
8.05457	0.0028415
8.05481	-0.00144258
8.05506	-0.00156396
8.0553	0.0025495
8.05555	0.00256179
8.05579	-0.00280351
8.05604	-0.0067351
8.05628	-0.00656179
8.05653	-0.00588041
8.05677	-0.00551838
8.05702	-0.00229673
8.05726	0.00302895
8.0575	0.00495263
8.05775	0.00142701
8.05799	-0.0032684
8.05824	-0.00463019
8.05848	-0.00259592
8.05873	-0.00024183
8.05897	-0.000789126
8.05922	-0.00439748
8.05946	-0.00592977
8.05971	0.000391142
8.05995	0.0116544
8.06019	0.0170988
8.06044	0.0121868
8.06068	0.00540987
8.06093	0.00552571
8.06117	0.00899139
8.06142	0.00788131
8.06166	0.00386531
8.06191	0.00421024
8.06215	0.00817677
8.0624	0.00835122
8.06264	0.00349423
8.06289	-0.00033457
8.06313	-0.000639888
8.06337	-0.000530441
8.06362	-0.000125816
8.06386	0.00393325
8.06411	0.00924673
8.06435	0.0080017
8.0646	-0.000520181
8.06484	-0.00672825
8.06509	-0.00422776
8.06533	0.00119311
8.06558	0.00141372
8.06582	-0.00150438
8.06607	0.000405196
8.06631	0.00752004
8.06655	0.0108768
8.0668	0.00492454
8.06704	-0.00310888
8.06729	-0.000952151
8.06753	0.012335
8.06778	0.0228243
8.06802	0.0184405
8.06827	0.00555965
8.06851	0.00117221
8.06876	0.00917489
8.069	0.0149164
8.06925	0.00719546
8.06949	-0.00516182
8.06973	-0.00711476
8.06998	0.000972051
8.07022	0.00684562
8.07047	0.00558629
8.07071	0.00264471
8.07096	0.000833622
8.0712	-0.00233289
8.07145	-0.00448037
8.07169	0.00153433
8.07194	0.0144508
8.07218	0.0221575
8.07242	0.0168342
8.07267	0.00491164
8.07291	-0.00181643
8.07316	0.000928168
8.0734	0.00850897
8.07365	0.0136869
8.07389	0.0125645
8.07414	0.00819214
8.07438	0.00783903
8.07463	0.0126567
8.07487	0.0134639
8.07512	0.00376706
8.07536	-0.00715877
8.0756	-0.00459292
8.07585	0.0102558
8.07609	0.0208477
8.07634	0.0173276
8.07658	0.00650837
8.07683	-0.000987701
8.07707	-0.00198841
8.07732	0.00248651
8.07756	0.00993851
8.07781	0.0132168
8.07805	0.00601126
8.0783	-0.00571855
8.07854	-0.00918006
8.07878	-0.00382979
8.07903	-0.00210996
8.07927	-0.00829238
8.07952	-0.0115638
8.07976	-0.00561444
8.08001	0.000437977
8.08025	-0.00109465
8.0805	-0.00343401
8.08074	0.000612517
8.08099	0.00503025
8.08123	0.00276032
8.08148	-0.000487415
8.08172	0.00289044
8.08196	0.00826234
8.08221	0.00814843
8.08245	0.00582537
8.0827	0.00673295
8.08294	0.00627278
8.08319	4.76701e-06
8.08343	-0.00381319
8.08368	0.00268906
8.08392	0.0104383
8.08417	0.00689315
8.08441	-0.00192632
8.08465	-0.00154951
8.0849	0.00534401
8.08514	0.00415731
8.08539	-0.00459693
8.08563	-0.00575812
8.08588	0.003009
8.08612	0.00646177
8.08637	-0.00154897
8.08661	-0.00750689
8.08686	-0.00155841
8.0871	0.00688803
8.08735	0.00642399
8.08759	0.00107283
8.08783	-0.000281956
8.08808	0.000665852
8.08832	-0.00180143
8.08857	-0.00480952
8.08881	-0.00190504
8.08906	0.00541991
8.0893	0.0100783
8.08955	0.00880695
8.08979	0.00307516
8.09004	-0.00453071
8.09028	-0.0100138
8.09053	-0.00955608
8.09077	-0.00541458
8.09101	-0.00414163
8.09126	-0.00568426
8.0915	-0.00220191
8.09175	0.00800972
8.09199	0.0145059
8.09224	0.00930542
8.09248	-0.000452159
8.09273	-0.00253885
8.09297	0.0038118
8.09322	0.00979437
8.09346	0.0108276
8.09371	0.00989655
8.09395	0.00960568
8.09419	0.00853879
8.09444	0.00521681
8.09468	0.000726897
8.09493	-0.00251579
8.09517	-0.00246165
8.09542	0.000367634
8.09566	0.00156159
8.09591	-0.00236773
8.09615	-0.00716496
8.0964	-0.00479729
8.09664	0.0039989
8.09688	0.00856738
8.09713	0.00326137
8.09737	-0.00427905
8.09762	-0.00503321
8.09786	-0.00122775
8.09811	-0.000153622
8.09835	-0.00197128
8.0986	-0.00201114
8.09884	-0.000415581
8.09909	-0.000938041
8.09933	-0.00325408
8.09958	-0.00413357
8.09982	-0.00353425
8.10006	-0.00256107
8.10031	0.00111871
8.10055	0.00783507
8.1008	0.00951919
8.10104	-0.000997016
8.10129	-0.0156311
8.10153	-0.0173651
8.10178	-0.00308583
8.10202	0.0102239
8.10227	0.00746959
8.10251	-0.00437009
8.10276	-0.00597903
8.103	0.0081928
8.10324	0.0223434
8.10349	0.0192368
8.10373	0.00124427
8.10398	-0.013791
8.10422	-0.0150325
8.10447	-0.009347
8.10471	-0.007124
8.10496	-0.00580341
8.1052	0.00317323
8.10545	0.0154224
8.10569	0.0154621
8.10594	-8.14952e-05
8.10618	-0.0143399
8.10642	-0.0124418
8.10667	-0.000769676
8.10691	0.00561326
8.10716	0.00466514
8.1074	0.00367016
8.10765	0.00210675
8.10789	-0.00521935
8.10814	-0.0120068
8.10838	-0.00587937
8.10863	0.00928387
8.10887	0.0146953
8.10911	0.00491855
8.10936	-0.00300548
8.1096	0.00289795
8.10985	0.0101406
8.11009	0.00349423
8.11034	-0.00840358
8.11058	-0.00682338
8.11083	0.00555444
8.11107	0.00819805
8.11132	-0.00437925
8.11156	-0.0143201
8.11181	-0.00897351
8.11205	0.000974554
8.11229	0.000706006
8.11254	-0.00628886
8.11278	-0.00695352
8.11303	0.000388152
8.11327	0.00657681
8.11352	0.00688412
8.11376	0.0039974
8.11401	1.70646e-05
8.11425	-0.00370689
8.1145	-0.00241384
8.11474	0.00530056
8.11499	0.00976901
8.11523	0.00176733
8.11547	-0.0102622
8.11572	-0.00890707
8.11596	0.00569745
8.11621	0.0141096
8.11645	0.0068196
8.1167	-0.00130447
8.11694	0.00453008
8.11719	0.0149734
8.11743	0.011827
8.11768	-0.00253113
8.11792	-0.00861768
8.11817	0.000862777
8.11841	0.0118018
8.11865	0.0100973
8.1189	-0.00119246
8.11914	-0.00989768
8.11939	-0.0100897
8.11963	-0.0051104
8.11988	-0.00182173
8.12012	-0.00457116
8.12037	-0.0102483
8.12061	-0.00958035
8.12086	0.00104175
8.1211	0.0112778
8.12134	0.00876921
8.12159	-0.00258088
8.12183	-0.00731433
8.12208	-0.00134164
8.12232	0.00291051
8.12257	-0.0024473
8.12281	-0.00820755
8.12306	-0.00409253
8.1233	0.00423132
8.12355	0.00480411
8.12379	-0.00188485
8.12404	-0.00536939
8.12428	-0.00212731
8.12452	0.00093192
8.12477	-0.00142016
8.12501	-0.00615299
8.12526	-0.00788933
8.1255	-0.00482774
8.12575	0.00150527
8.12599	0.00719611
8.12624	0.0067569
8.12648	-0.00202011
8.12673	-0.0135846
8.12697	-0.0188727
8.12722	-0.0146147
8.12746	-0.00596092
8.1277	-0.00015073
8.12795	0.000189875
8.12819	-0.00206036
8.12844	-0.00239372
8.12868	0.000590915
8.12893	0.00429382
8.12917	0.00686959
8.12942	0.0105501
8.12966	0.0159119
8.12991	0.0155246
8.13015	0.00234072
8.1304	-0.015018
8.13064	-0.0172669
8.13088	-0.000659408
8.13113	0.0134453
8.13137	0.00603842
8.13162	-0.0117275
8.13186	-0.0133954
8.13211	0.00472515
8.13235	0.018213
8.1326	0.00927983
8.13284	-0.0101191
8.13309	-0.0178521
8.13333	-0.0108182
8.13358	-0.00261883
8.13382	-0.00083043
8.13406	-0.000960019
8.13431	0.000105408
8.13455	-0.00102403
8.1348	-0.00394139
8.13504	-0.00142051
8.13529	0.00761484
8.13553	0.0120216
8.13578	0.0037634
8.13602	-0.00794898
8.13627	-0.00840007
8.13651	0.00117638
8.13675	0.00622744
8.137	0.00167086
8.13724	-0.0020306
8.13749	0.00147556
8.13773	0.00341868
8.13798	-0.0033106
8.13822	-0.00943174
8.13847	-0.00372451
8.13871	0.00768286
8.13896	0.0112493
8.1392	0.00795783
8.13945	0.00847875
8.13969	0.0111374
8.13993	0.00415167
8.14018	-0.0107218
8.14042	-0.0172247
8.14067	-0.0109174
8.14091	-0.00627766
8.14116	-0.0105214
8.1414	-0.0107757
8.14165	0.0010159
8.14189	0.00973162
8.14214	0.000578592
8.14238	-0.0142992
8.14263	-0.012882
8.14287	0.00319376
8.14311	0.0129352
8.14336	0.00790207
8.1436	-0.000493789
8.14385	-0.00290165
8.14409	-0.0018459
8.14434	0.00028557
8.14458	0.0049534
8.14483	0.00737095
8.14507	-0.000434637
8.14532	-0.0133966
8.14556	-0.0161267
8.14581	-0.005834
8.14605	0.00290279
8.14629	0.00116044
8.14654	-0.00248243
8.14678	-0.000157632
8.14703	0.00130143
8.14727	-0.00456219
8.14752	-0.00875533
8.14776	-0.000932334
8.14801	0.0114805
8.14825	0.0136138
8.1485	0.00645428
8.14874	0.0042844
8.14898	0.0112093
8.14923	0.0152507
8.14947	0.0076725
8.14972	-0.00444648
8.14996	-0.00975261
8.15021	-0.00739513
8.15045	-0.003886
8.1507	-0.00137448
8.15094	0.00339755
8.15119	0.01055
8.15143	0.0144167
8.15168	0.0112396
8.15192	0.00529497
8.15216	0.00379546
8.15241	0.00725149
8.15265	0.00894618
8.1529	0.00442494
8.15314	-0.00260993
8.15339	-0.00599443
8.15363	-0.0047416
8.15388	-0.00159342
8.15412	0.00232756
8.15437	0.00652865
8.15461	0.00787545
8.15486	0.00425315
8.1551	-0.000759895
8.15534	-0.0030474
8.15559	-0.00520038
8.15583	-0.0109369
8.15608	-0.0148891
8.15632	-0.00820723
8.15657	0.00613728
8.15681	0.0151127
8.15706	0.0139287
8.1573	0.0102512
8.15755	0.0075115
8.15779	-0.00108179
8.15804	-0.0150129
8.15828	-0.0186329
8.15852	-0.00367311
8.15877	0.0129482
8.15901	0.0101845
8.15926	-0.00679053
8.1595	-0.0152691
8.15975	-0.00873164
8.15999	-0.00219112
8.16024	-0.00489743
8.16048	-0.00834605
8.16073	-0.0057073
8.16097	-0.00409949
8.16121	-0.00887366
8.16146	-0.011707
8.1617	-0.00551664
8.16195	0.00171466
8.16219	0.000306864
8.16244	-0.00462915
8.16268	-0.00336594
8.16293	0.00074321
8.16317	-0.00145678
8.16342	-0.00659068
8.16366	-0.00405147
8.16391	0.00380193
8.16415	0.00379552
8.16439	-0.005706
8.16464	-0.0112189
8.16488	-0.00614759
8.16513	-0.00054373
8.16537	-0.00269149
8.16562	-0.00538928
8.16586	-5.58966e-05
8.16611	0.00729452
8.16635	0.00608287
8.1666	-0.000956668
8.16684	-0.00265482
8.16709	0.00236295
8.16733	0.00468931
8.16757	0.00020313
8.16782	-0.00375549
8.16806	7.21467e-06
8.16831	0.00863944
8.16855	0.0136332
8.1688	0.010323
8.16904	0.00138156
8.16929	-0.00611475
8.16953	-0.0066232
8.16978	-0.00120209
8.17002	0.00403958
8.17027	0.0054977
8.17051	0.00520416
8.17075	0.00532823
8.171	0.00483125
8.17124	0.00410883
8.17149	0.00632091
8.17173	0.00989005
8.17198	0.0072999
8.17222	-0.00265157
8.17247	-0.00986597
8.17271	-0.0081021
8.17296	-0.00537524
8.1732	-0.00833611
8.17344	-0.00713443
8.17369	0.00764395
8.17393	0.0221603
8.17418	0.0154769
8.17442	-0.00568913
8.17467	-0.0135228
8.17491	-0.00158553
8.17516	0.00638736
8.1754	-0.00248728
8.17565	-0.00866577
8.17589	0.00463284
8.17614	0.0199507
8.17638	0.0129834
8.17662	-0.00703564
8.17687	-0.0119773
8.17711	0.000851906
8.17736	0.00778794
8.1776	-0.00142481
8.17785	-0.0106042
8.17809	-0.006839
8.17834	0.00124239
8.17858	0.00257069
8.17883	0.00104166
8.17907	0.00341497
8.17932	0.00518882
8.17956	0.000123493
8.1798	-0.00697309
8.18005	-0.00782106
8.18029	-0.00351176
8.18054	-0.000656047
8.18078	-0.000453368
8.18103	0.000244687
8.18127	0.00117599
8.18152	-0.000905632
8.18176	-0.00626779
8.18201	-0.0115641
8.18225	-0.0135596
8.1825	-0.0111689
8.18274	-0.00618177
8.18298	-0.00300648
8.18323	-0.00420658
8.18347	-0.00616848
8.18372	-0.00365792
8.18396	0.0019627
8.18421	0.00505383
8.18445	0.00512439
8.1847	0.00596721
8.18494	0.00622772
8.18519	0.00153364
8.18543	-0.00321489
8.18567	0.00294703
8.18592	0.0170823
8.18616	0.0199893
8.18641	0.00307927
8.18665	-0.0152344
8.1869	-0.0131585
8.18714	0.0041563
8.18739	0.0134086
8.18763	0.0059055
8.18788	-0.0054493
8.18812	-0.00926238
8.18837	-0.00809919
8.18861	-0.00630253
8.18885	-0.002217
8.1891	0.00225566
8.18934	-0.000790905
8.18959	-0.0106133
8.18983	-0.0137104
8.19008	-0.00354171
8.19032	0.00729564
8.19057	0.00560125
8.19081	-0.0022353
8.19106	-0.00215704
8.1913	0.00402199
8.19155	0.00354109
8.19179	-0.0038216
8.19203	-0.00557133
8.19228	0.000808715
8.19252	0.00369861
8.19277	-0.000743379
8.19301	-0.0010409
8.19326	0.00766707
8.1935	0.0117805
8.19375	0.00136318
8.19399	-0.0108913
8.19424	-0.00845306
8.19448	0.00280901
8.19473	0.00523771
8.19497	-0.00165054
8.19521	-0.00289646
8.19546	0.00450906
8.1957	0.0067017
8.19595	-0.00259146
8.19619	-0.0115166
8.19644	-0.0096857
8.19668	-0.0025061
8.19693	0.0013525
8.19717	0.00321745
8.19742	0.00668132
8.19766	0.00791038
8.1979	0.00297571
8.19815	-0.00350532
8.19839	-0.00527009
8.19864	-0.00329525
8.19888	-0.00151014
8.19913	-0.000341882
8.19937	0.000355026
8.19962	-0.000793518
8.19986	-0.00163193
8.20011	0.00221911
8.20035	0.00740526
8.2006	0.00489015
8.20084	-0.0035378
8.20108	-0.00379203
8.20133	0.00840718
8.20157	0.0177521
8.20182	0.01166
8.20206	-0.000921809
8.20231	-0.00507879
8.20255	-0.00156033
8.2028	0.00117904
8.20304	0.00426602
8.20329	0.0109925
8.20353	0.0128596
8.20378	0.0021597
8.20402	-0.0097111
8.20426	-0.00696518
8.20451	0.00355483
8.20475	0.00176047
8.205	-0.0127389
8.20524	-0.0199239
8.20549	-0.0117593
8.20573	-0.00260063
8.20598	-0.00346725
8.20622	-0.007158
8.20647	-0.00579794
8.20671	-0.00436903
8.20696	-0.007762
8.2072	-0.00977322
8.20744	-0.00436137
8.20769	0.00416452
8.20793	0.00967593
8.20818	0.0122142
8.20842	0.0121568
8.20867	0.00770527
8.20891	0.00251169
8.20916	0.0036505
8.2094	0.00809497
8.20965	0.00475734
8.20989	-0.00592986
8.21014	-0.00987153
8.21038	-0.00226976
8.21062	0.00393819
8.21087	0.00037418
8.21111	-0.00333707
8.21136	0.00106158
8.2116	0.00469247
8.21185	-0.0011548
8.21209	-0.00741497
8.21234	-0.00318237
8.21258	0.00380725
8.21283	0.000669605
8.21307	-0.00708498
8.21331	-0.0049429
8.21356	0.00488578
8.2138	0.00733312
8.21405	0.000528708
8.21429	-0.00186367
8.21454	0.00512017
8.21478	0.0092602
8.21503	0.00125245
8.21527	-0.0108904
8.21552	-0.0137658
8.21576	-0.00553815
8.21601	0.00443676
8.21625	0.00717473
8.21649	0.00197453
8.21674	-0.00382776
8.21698	-0.00264089
8.21723	0.00357701
8.21747	0.0047502
8.21772	-0.0023197
8.21796	-0.0067093
8.21821	0.00142485
8.21845	0.0144052
8.2187	0.0162789
8.21894	0.00501968
8.21919	-0.00566724
8.21943	-0.00553281
8.21967	0.00166131
8.21992	0.0068498
8.22016	0.00552162
8.22041	-0.00179758
8.22065	-0.0106353
8.2209	-0.0135008
8.22114	-0.00718677
8.22139	0.000803474
8.22163	0.000450218
8.22188	-0.00677925
8.22212	-0.0102383
8.22237	-0.00596387
8.22261	-0.00110383
8.22285	-0.00148784
8.2231	-0.00387024
8.22334	-0.00335426
8.22359	-0.000982352
8.22383	-0.000400709
8.22408	-0.0024684
8.22432	-0.0057804
8.22457	-0.00817961
8.22481	-0.00662279
8.22506	-0.000220399
8.2253	0.00604119
8.22554	0.00555802
8.22579	-0.0014667
8.22603	-0.00837027
8.22628	-0.0102607
8.22652	-0.00720588
8.22677	-0.00103114
8.22701	0.00487575
8.22726	0.00465367
8.2275	-0.00337538
8.22775	-0.0106186
8.22799	-0.00762012
8.22824	0.00143995
8.22848	0.003826
8.22872	-0.00232236
8.22897	-0.00580329
8.22921	-0.00178991
8.22946	0.000143237
8.2297	-0.00635117
8.22995	-0.011568
8.23019	-0.00486317
8.23044	0.00705252
8.23068	0.00939922
8.23093	0.0010313
8.23117	-0.00598316
8.23142	-0.00565259
8.23166	-0.00393716
8.2319	-0.00496124
8.23215	-0.00387926
8.23239	0.00211732
8.23264	0.00582942
8.23288	0.000396731
8.23313	-0.00868097
8.23337	-0.0100697
8.23362	-0.00237127
8.23386	0.00430192
8.23411	0.002234
8.23435	-0.00522227
8.2346	-0.0103808
8.23484	-0.0105616
8.23508	-0.00749725
8.23533	-0.00271204
8.23557	0.00153373
8.23582	0.000599498
8.23606	-0.00688368
8.23631	-0.0140037
8.23655	-0.01315
8.2368	-0.00731283
8.23704	-0.0057657
8.23729	-0.00869004
8.23753	-0.00619257
8.23777	0.00446306
8.23802	0.0114765
8.23826	0.00517003
8.23851	-0.00714887
8.23875	-0.0123218
8.239	-0.0102115
8.23924	-0.0102839
8.23949	-0.0141415
8.23973	-0.0140682
8.23998	-0.00746874
8.24022	-0.000614554
8.24047	0.00265699
8.24071	0.0047828
8.24095	0.00554277
8.2412	0.000844044
8.24144	-0.00623563
8.24169	-0.00491547
8.24193	0.00656198
8.24218	0.014142
8.24242	0.00675795
8.24267	-0.00626733
8.24291	-0.00758626
8.24316	0.00330504
8.2434	0.00987919
8.24365	0.00270781
8.24389	-0.00801757
8.24413	-0.00825452
8.24438	0.000493248
8.24462	0.00516362
8.24487	0.000194749
8.24511	-0.00610932
8.24536	-0.00488373
8.2456	0.00116256
8.24585	0.00343209
8.24609	0.000455304
8.24634	-0.00163309
8.24658	-5.25979e-06
8.24683	0.0012389
8.24707	-0.000351068
