4.00007	0.0176301
4.00031	0.0269612
4.00056	0.0300084
4.0008	0.0279359
4.00105	0.0244645
4.00129	0.0187726
4.00154	0.0121196
4.00178	0.0107904
4.00203	0.0158248
4.00227	0.0198135
4.00252	0.0196324
4.00276	0.0215921
4.003	0.0279484
4.00325	0.0299797
4.00349	0.0221816
4.00374	0.0124875
4.00398	0.0099442
4.00423	0.012158
4.00447	0.0134615
4.00472	0.0156135
4.00496	0.0209919
4.00521	0.0243965
4.00545	0.0217538
4.0057	0.0189808
4.00594	0.0222838
4.00618	0.02713
4.00643	0.0265754
4.00667	0.0230803
4.00692	0.0220274
4.00716	0.0211093
4.00741	0.0169382
4.00765	0.0147948
4.0079	0.0197639
4.00814	0.0247973
4.00839	0.020774
4.00863	0.0132689
4.00888	0.0152418
4.00912	0.02622
4.00936	0.0329611
4.00961	0.029905
4.00985	0.0255147
4.0101	0.0271899
4.01034	0.0316651
4.01059	0.0330112
4.01083	0.0309663
4.01108	0.0286968
4.01132	0.0287713
4.01157	0.0322151
4.01181	0.0364568
4.01205	0.0360747
4.0123	0.0310495
4.01254	0.0299788
4.01279	0.0375478
4.01303	0.0443386
4.01328	0.0394084
4.01352	0.0279014
4.01377	0.0234072
4.01401	0.0268398
4.01426	0.0279642
4.0145	0.0259599
4.01475	0.0310955
4.01499	0.0439693
4.01523	0.050447
4.01548	0.0432505
4.01572	0.0333158
4.01597	0.0317377
4.01621	0.0339381
4.01646	0.0314971
4.0167	0.0278811
4.01695	0.0305218
4.01719	0.0358066
4.01744	0.0346085
4.01768	0.0278884
4.01793	0.0251767
4.01817	0.02967
4.01841	0.0347537
4.01866	0.0351431
4.0189	0.033477
4.01915	0.0345317
4.01939	0.0383388
4.01964	0.0410995
4.01988	0.0405067
4.02013	0.0388736
4.02037	0.0406771
4.02062	0.0461528
4.02086	0.0491052
4.02111	0.0447709
4.02135	0.0382547
4.02159	0.0389993
4.02184	0.0469255
4.02208	0.0514515
4.02233	0.0462024
4.02257	0.0374382
4.02282	0.0345585
4.02306	0.0386023
4.02331	0.04387
4.02355	0.0453394
4.0238	0.0411084
4.02404	0.0330073
4.02428	0.0277755
4.02453	0.0315637
4.02477	0.0403524
4.02502	0.0428591
4.02526	0.0366051
4.02551	0.0331905
4.02575	0.0421971
4.026	0.0572203
4.02624	0.0645976
4.02649	0.0600032
4.02673	0.0496885
4.02698	0.0406796
4.02722	0.0365921
4.02746	0.0385534
4.02771	0.0436956
4.02795	0.0463344
4.0282	0.0453255
4.02844	0.045314
4.02869	0.047075
4.02893	0.0447769
4.02918	0.0384352
4.02942	0.0386794
4.02967	0.0495336
4.02991	0.0565622
4.03016	0.0458964
4.0304	0.0275862
4.03064	0.0235015
4.03089	0.0356498
4.03113	0.0441966
4.03138	0.0374186
4.03162	0.0261112
4.03187	0.0235901
4.03211	0.0272472
4.03236	0.028543
4.0326	0.0289375
4.03285	0.0347175
4.03309	0.0434084
4.03334	0.0462414
4.03358	0.0411644
4.03382	0.0350419
4.03407	0.0338815
4.03431	0.0366828
4.03456	0.0387544
4.0348	0.0373364
4.03505	0.0340505
4.03529	0.0335338
4.03554	0.0383625
4.03578	0.0444182
4.03603	0.0442244
4.03627	0.0367631
4.03651	0.0305663
4.03676	0.0335087
4.037	0.0419255
4.03725	0.0447271
4.03749	0.0382704
4.03774	0.0319457
4.03798	0.0356429
4.03823	0.0452817
4.03847	0.0475997
4.03872	0.0397243
4.03896	0.0353203
4.03921	0.0451607
4.03945	0.0589955
4.03969	0.0582013
4.03994	0.0429945
4.04018	0.0324467
4.04043	0.0362357
4.04067	0.0426246
4.04092	0.0407686
4.04116	0.0383717
4.04141	0.0449555
4.04165	0.0518478
4.0419	0.0460864
4.04214	0.0346975
4.04239	0.0356167
4.04263	0.0490024
4.04287	0.0570714
4.04312	0.0516859
4.04336	0.0435251
4.04361	0.0419256
4.04385	0.0431653
4.0441	0.0430756
4.04434	0.0451469
4.04459	0.0499014
4.04483	0.0503382
4.04508	0.0448262
4.04532	0.0418836
4.04557	0.0452144
4.04581	0.0461408
4.04605	0.0386474
4.0463	0.0306549
4.04654	0.031664
4.04679	0.0389189
4.04703	0.0443322
4.04728	0.0463996
4.04752	0.04712
4.04777	0.0453562
4.04801	0.041161
4.04826	0.0388041
4.0485	0.0385374
4.04874	0.0342239
4.04899	0.026252
4.04923	0.0260828
4.04948	0.0384624
4.04972	0.0497057
4.04997	0.0458302
4.05021	0.0335284
4.05046	0.0297808
4.0507	0.0377194
4.05095	0.0468691
4.05119	0.0516451
4.05144	0.0544935
4.05168	0.0542569
4.05192	0.047202
4.05217	0.0389369
4.05241	0.040473
4.05266	0.0509187
4.0529	0.0573303
4.05315	0.0541847
4.05339	0.0505161
4.05364	0.0539876
4.05388	0.0597526
4.05413	0.0609347
4.05437	0.0603385
4.05462	0.0643576
4.05486	0.0721445
4.0551	0.0780969
4.05535	0.0807464
4.05559	0.0826452
4.05584	0.0840192
4.05608	0.0823151
4.05633	0.0773736
4.05657	0.0725907
4.05682	0.0701825
4.05706	0.0680111
4.05731	0.0627524
4.05755	0.0550634
4.0578	0.0494202
4.05804	0.0483175
4.05828	0.0491398
4.05853	0.0486403
4.05877	0.0474106
4.05902	0.0461271
4.05926	0.0412611
4.05951	0.0313892
4.05975	0.0244567
4.06	0.0284599
4.06024	0.0362797
4.06049	0.033011
4.06073	0.0200887
4.06097	0.0166179
4.06122	0.0306508
4.06146	0.0452873
4.06171	0.0440504
4.06195	0.0349023
4.0622	0.0342008
4.06244	0.0399353
4.06269	0.0396117
4.06293	0.0351395
4.06318	0.0387778
4.06342	0.0495765
4.06367	0.0551762
4.06391	0.0548639
4.06415	0.0596481
4.0644	0.0693255
4.06464	0.0713777
4.06489	0.0658161
4.06513	0.0690437
4.06538	0.0859484
4.06562	0.0990112
4.06587	0.0958058
4.06611	0.0889146
4.06636	0.0949464
4.0666	0.108691
4.06685	0.112958
4.06709	0.102944
4.06733	0.0865679
4.06758	0.0698386
4.06782	0.0559118
4.06807	0.0511547
4.06831	0.0578601
4.06856	0.0658884
4.0688	0.0642253
4.06905	0.0567115
4.06929	0.0548021
4.06954	0.0594408
4.06978	0.0625683
4.07003	0.0626263
4.07027	0.0647522
4.07051	0.0675395
4.07076	0.064062
4.071	0.0570554
4.07125	0.0591324
4.07149	0.0738713
4.07174	0.0886486
4.07198	0.09234
4.07223	0.0903403
4.07247	0.0943284
4.07272	0.1045
4.07296	0.111299
4.0732	0.111029
4.07345	0.110033
4.07369	0.112934
4.07394	0.114912
4.07418	0.10982
4.07443	0.101066
4.07467	0.0981969
4.07492	0.103418
4.07516	0.107333
4.07541	0.100599
4.07565	0.0858096
4.0759	0.073946
4.07614	0.0715569
4.07638	0.0758491
4.07663	0.0808
4.07687	0.0830291
4.07712	0.0819807
4.07736	0.079267
4.07761	0.0784634
4.07785	0.081681
4.0781	0.0863861
4.07834	0.0892713
4.07859	0.0917771
4.07883	0.0965401
4.07908	0.100302
4.07932	0.0978938
4.07956	0.0925974
4.07981	0.093561
4.08005	0.101812
4.0803	0.108483
4.08054	0.109836
4.08079	0.114245
4.08103	0.129129
4.08128	0.149512
4.08152	0.165629
4.08177	0.174865
4.08201	0.18086
4.08226	0.188407
4.0825	0.204856
4.08274	0.238126
4.08299	0.286324
4.08323	0.337578
4.08348	0.387661
4.08372	0.448525
4.08397	0.530197
4.08421	0.6248
4.08446	0.721506
4.0847	0.826738
4.08495	0.95029
4.08519	1.07678
4.08544	1.17385
4.08568	1.23222
4.08592	1.27829
4.08617	1.33932
4.08641	1.41256
4.08666	1.47836
4.0869	1.52774
4.08715	1.5603
4.08739	1.56382
4.08764	1.51682
4.08788	1.41645
4.08813	1.29333
4.08837	1.19375
4.08861	1.15164
4.08886	1.17904
4.0891	1.27218
4.08935	1.41067
4.08959	1.54483
4.08984	1.59727
4.09008	1.50133
4.09033	1.25495
4.09057	0.933951
4.09082	0.640023
4.09106	0.430697
4.09131	0.299775
4.09155	0.215135
4.09179	0.157718
4.09204	0.122287
4.09228	0.101138
4.09253	0.0847666
4.09277	0.0729863
4.09302	0.0712408
4.09326	0.076407
4.09351	0.0772177
4.09375	0.0698812
4.094	0.0631345
4.09424	0.0639386
4.09449	0.0665255
4.09473	0.0620616
4.09497	0.0533604
4.09522	0.0513607
4.09546	0.0585842
4.09571	0.0648481
4.09595	0.0617201
4.0962	0.0539318
4.09644	0.0509085
4.09669	0.0519186
4.09693	0.0477393
4.09718	0.0360992
4.09742	0.0269147
4.09767	0.0290465
4.09791	0.0380212
4.09815	0.0418129
4.0984	0.035308
4.09864	0.0245214
4.09889	0.0186195
4.09913	0.0214051
4.09938	0.0289152
4.09962	0.0327675
4.09987	0.0281314
4.10011	0.0203613
4.10036	0.0199032
4.1006	0.0282244
4.10084	0.0344909
4.10109	0.0305979
4.10133	0.0228866
4.10158	0.0217363
4.10182	0.0256712
4.10207	0.0258302
4.10231	0.0218415
4.10256	0.0211763
4.1028	0.0244929
4.10305	0.0245422
4.10329	0.0204188
4.10354	0.0199738
4.10378	0.0252253
4.10402	0.0281399
4.10427	0.025627
4.10451	0.0260986
4.10476	0.0342371
4.105	0.0412368
4.10525	0.0393952
4.10549	0.0357531
4.10574	0.0399282
4.10598	0.0469359
4.10623	0.0447364
4.10647	0.0330484
4.10672	0.0222858
4.10696	0.0179313
4.1072	0.0177695
4.10745	0.0209583
4.10769	0.0275681
4.10794	0.0319196
4.10818	0.0291153
4.10843	0.0261838
4.10867	0.0333335
4.10892	0.0455091
4.10916	0.0479935
4.10941	0.0411478
4.10965	0.0424375
4.1099	0.0588024
4.11014	0.073787
4.11038	0.0717984
4.11063	0.0614293
4.11087	0.0623301
4.11112	0.0787662
4.11136	0.0990756
4.11161	0.114802
4.11185	0.127911
4.1121	0.142938
4.11234	0.162848
4.11259	0.189998
4.11283	0.221784
4.11307	0.247745
4.11332	0.259426
4.11356	0.260332
4.11381	0.25834
4.11405	0.252714
4.1143	0.238429
4.11454	0.219004
4.11479	0.202547
4.11503	0.186859
4.11528	0.161772
4.11552	0.127279
4.11577	0.0966806
4.11601	0.0786132
4.11625	0.067399
4.1165	0.0555813
4.11674	0.0454761
4.11699	0.0423674
4.11723	0.044866
4.11748	0.0482791
4.11772	0.0508313
4.11797	0.0514206
4.11821	0.047901
4.11846	0.0425634
4.1187	0.0424932
4.11895	0.0492286
4.11919	0.0547789
4.11943	0.05345
4.11968	0.050712
4.11992	0.0539696
4.12017	0.0612765
4.12041	0.0666528
4.12066	0.0705992
4.1209	0.0771702
4.12115	0.0855394
4.12139	0.0929708
4.12164	0.102186
4.12188	0.117358
4.12213	0.136199
4.12237	0.154557
4.12261	0.17586
4.12286	0.206987
4.1231	0.246466
4.12335	0.285142
4.12359	0.316944
4.12384	0.340911
4.12408	0.354686
4.12433	0.355651
4.12457	0.347876
4.12482	0.338381
4.12506	0.326025
4.1253	0.303368
4.12555	0.270577
4.12579	0.238059
4.12604	0.213
4.12628	0.192077
4.12653	0.170609
4.12677	0.151024
4.12702	0.138604
4.12726	0.135631
4.12751	0.142833
4.12775	0.159823
4.128	0.181105
4.12824	0.198668
4.12848	0.211979
4.12873	0.228238
4.12897	0.248858
4.12922	0.26331
4.12946	0.261909
4.12971	0.248208
4.12995	0.232587
4.1302	0.219005
4.13044	0.204326
4.13069	0.185999
4.13093	0.163737
4.13118	0.137248
4.13142	0.108705
4.13166	0.0845781
4.13191	0.0690362
4.13215	0.0581277
4.1324	0.0461928
4.13264	0.0354363
4.13289	0.0327191
4.13313	0.0384506
4.13338	0.0451799
4.13362	0.0470959
4.13387	0.045478
4.13411	0.0443031
4.13436	0.0449998
4.1346	0.0464662
4.13484	0.0469743
4.13509	0.0454834
4.13533	0.0432917
4.13558	0.0438474
4.13582	0.0486826
4.13607	0.0548247
4.13631	0.0590962
4.13656	0.0634237
4.1368	0.0720593
4.13705	0.0843704
4.13729	0.0947859
4.13753	0.100707
4.13778	0.107051
4.13802	0.121242
4.13827	0.145475
4.13851	0.17517
4.13876	0.203949
4.139	0.228915
4.13925	0.251154
4.13949	0.271902
4.13974	0.289371
4.13998	0.299742
4.14023	0.29994
4.14047	0.28865
4.14071	0.267211
4.14096	0.241738
4.1412	0.220661
4.14145	0.205
4.14169	0.184238
4.14194	0.149774
4.14218	0.111124
4.14243	0.0882886
4.14267	0.0858411
4.14292	0.0858489
4.14316	0.0722319
4.14341	0.0513208
4.14365	0.0387311
4.14389	0.0351089
4.14414	0.0286863
4.14438	0.0173436
4.14463	0.0126626
4.14487	0.0206454
4.14512	0.0315137
4.14536	0.0336686
4.14561	0.0282495
4.14585	0.0238365
4.1461	0.0236027
4.14634	0.024102
4.14659	0.0224887
4.14683	0.0191242
4.14707	0.0152533
4.14732	0.0123352
4.14756	0.0121324
4.14781	0.0143089
4.14805	0.0153835
4.1483	0.0126298
4.14854	0.0077806
4.14879	0.00492128
4.14903	0.00586546
4.14928	0.00907565
4.14952	0.0118132
4.14976	0.01195
4.15001	0.00884667
4.15025	0.00375739
4.1505	-0.00105565
4.15074	-0.0037822
4.15099	-0.00319588
4.15123	0.0011422
4.15148	0.00679077
4.15172	0.00851149
4.15197	0.00439054
4.15221	0.0004479
4.15246	0.00369955
4.1527	0.0110596
4.15294	0.0122987
4.15319	0.0056064
4.15343	0.00180819
4.15368	0.00830892
4.15392	0.016854
4.15417	0.0154377
4.15441	0.00640043
4.15466	0.00207955
4.1549	0.00555636
4.15515	0.00790298
4.15539	0.00489204
4.15564	0.00385991
4.15588	0.00987094
4.15612	0.0165277
4.15637	0.0174484
4.15661	0.0170849
4.15686	0.0211307
4.1571	0.0245188
4.15735	0.0202424
4.15759	0.0138776
4.15784	0.0161443
4.15808	0.0244874
4.15833	0.0263685
4.15857	0.0203064
4.15882	0.018722
4.15906	0.0272935
4.1593	0.03618
4.15955	0.0370991
4.15979	0.0352115
4.16004	0.036347
4.16028	0.0358952
4.16053	0.0309934
4.16077	0.0315676
4.16102	0.0454776
4.16126	0.0620372
4.16151	0.0657774
4.16175	0.0601431
4.16199	0.0612476
4.16224	0.0722474
4.16248	0.0813325
4.16273	0.0838935
4.16297	0.088537
4.16322	0.0981669
4.16346	0.102014
4.16371	0.092779
4.16395	0.0779538
4.1642	0.0667782
4.16444	0.0575028
4.16469	0.0453023
4.16493	0.032723
4.16517	0.0241095
4.16542	0.0175961
4.16566	0.0101466
4.16591	0.00363233
4.16615	-0.000489668
4.1664	-0.00538952
4.16664	-0.0115164
4.16689	-0.0125418
4.16713	-0.00561068
4.16738	0.00150322
4.16762	0.00103944
4.16787	-0.00336227
4.16811	-0.00370683
4.16835	-0.000110254
4.1686	0.00186727
4.16884	0.00127693
4.16909	0.000869386
4.16933	0.000331818
4.16958	-0.00155272
4.16982	-0.0014872
4.17007	0.00386511
4.17031	0.0106915
4.17056	0.0120614
4.1708	0.0068466
4.17105	-0.000651268
4.17129	-0.0065039
4.17153	-0.00775107
4.17178	-0.00214414
4.17202	0.00678239
4.17227	0.0097038
4.17251	0.00319501
4.17276	-0.00382692
4.173	-0.0022532
4.17325	0.00460636
4.17349	0.00847384
4.17374	0.0096554
4.17398	0.0132282
4.17423	0.0173956
4.17447	0.0170228
4.17471	0.0147379
4.17496	0.0169582
4.1752	0.0222656
4.17545	0.0257723
4.17569	0.0316911
4.17594	0.0474488
4.17618	0.0665286
4.17643	0.0726222
4.17667	0.0631343
4.17692	0.0542482
4.17716	0.0581103
4.1774	0.0674826
4.17765	0.0687922
4.17789	0.0593675
4.17814	0.0452136
4.17838	0.0312844
4.17863	0.0211368
4.17887	0.018329
4.17912	0.0211516
4.17936	0.02204
4.17961	0.0176732
4.17985	0.0132109
4.1801	0.0118235
4.18034	0.00820071
4.18058	-0.000902034
4.18083	-0.00777892
4.18107	-0.00444455
4.18132	0.0039504
4.18156	0.0062516
4.18181	0.00159036
4.18205	-0.00175799
4.1823	-0.00121787
4.18254	-0.00251148
4.18279	-0.00724503
4.18303	-0.00866214
4.18328	-0.00309719
4.18352	0.00304446
4.18376	0.00278319
4.18401	-0.00150364
4.18425	-0.00354551
4.1845	-0.00377586
4.18474	-0.00749151
4.18499	-0.0147508
4.18523	-0.0192106
4.18548	-0.0170958
4.18572	-0.011186
4.18597	-0.00475426
4.18621	0.00228664
4.18646	0.00853982
4.1867	0.00868982
4.18694	0.00118586
4.18719	-0.00627406
4.18743	-0.00562183
4.18768	9.45053e-05
4.18792	0.00152176
4.18817	-0.00253649
4.18841	-0.00422463
4.18866	-0.000447713
4.1889	0.00194624
4.18915	-0.00216361
4.18939	-0.00800796
4.18963	-0.00944227
4.18988	-0.0081614
4.19012	-0.00822081
4.19037	-0.00756703
4.19061	-0.00242841
4.19086	0.00404324
4.1911	0.00491609
4.19135	-0.000828452
4.19159	-0.00741702
4.19184	-0.00923277
4.19208	-0.00450837
4.19233	0.00472157
4.19257	0.0119397
4.19281	0.0092645
4.19306	-0.00341872
4.1933	-0.015567
4.19355	-0.0170885
4.19379	-0.00918487
4.19404	-0.000248089
4.19428	0.00417343
4.19453	0.00276308
4.19477	-0.00369695
4.19502	-0.00932213
4.19526	-0.00472154
4.19551	0.0100324
4.19575	0.0204494
4.19599	0.0156386
4.19624	0.00525398
4.19648	0.00624915
4.19673	0.0175071
4.19697	0.0224217
4.19722	0.0151374
4.19746	0.00826645
4.19771	0.0118392
4.19795	0.0191607
4.1982	0.0197172
4.19844	0.0144933
4.19869	0.0106647
4.19893	0.0093548
4.19917	0.006772
4.19942	0.00266059
4.19966	0.000793191
4.19991	0.00331167
4.20015	0.00886674
4.2004	0.0149962
4.20064	0.0200977
4.20089	0.0239427
4.20113	0.026471
4.20138	0.0255447
4.20162	0.01881
4.20186	0.0101497
4.20211	0.00940725
4.20235	0.0204816
4.2026	0.0343424
4.20284	0.0404638
4.20309	0.0402922
4.20333	0.0413044
4.20358	0.0431946
4.20382	0.0411974
4.20407	0.0394233
4.20431	0.0477145
4.20456	0.0657342
4.2048	0.0823919
4.20504	0.091866
4.20529	0.0993216
4.20553	0.11061
4.20578	0.127671
4.20602	0.154117
4.20627	0.192447
4.20651	0.234047
4.20676	0.264513
4.207	0.281288
4.20725	0.294122
4.20749	0.306715
4.20774	0.311998
4.20798	0.308508
4.20822	0.30566
4.20847	0.306329
4.20871	0.298451
4.20896	0.272646
4.2092	0.236845
4.20945	0.205143
4.20969	0.181975
4.20994	0.164604
4.21018	0.151473
4.21043	0.140601
4.21067	0.128352
4.21092	0.116258
4.21116	0.110849
4.2114	0.112233
4.21165	0.11283
4.21189	0.111538
4.21214	0.116954
4.21238	0.131186
4.21263	0.14396
4.21287	0.150379
4.21312	0.161339
4.21336	0.18727
4.21361	0.223553
4.21385	0.260796
4.21409	0.296937
4.21434	0.329664
4.21458	0.349839
4.21483	0.353831
4.21507	0.35128
4.21532	0.350618
4.21556	0.3484
4.21581	0.341565
4.21605	0.335459
4.2163	0.329615
4.21654	0.312894
4.21679	0.286218
4.21703	0.271714
4.21727	0.282084
4.21752	0.298847
4.21776	0.300959
4.21801	0.296572
4.21825	0.301986
4.2185	0.307028
4.21874	0.292225
4.21899	0.266873
4.21923	0.254855
4.21948	0.250194
4.21972	0.224297
4.21997	0.176376
4.22021	0.138665
4.22045	0.12602
4.2207	0.117077
4.22094	0.0966467
4.22119	0.0818036
4.22143	0.0878832
4.22168	0.0985799
4.22192	0.0926029
4.22217	0.0773296
4.22241	0.0727255
4.22266	0.0793924
4.2229	0.0853188
4.22315	0.0907924
4.22339	0.104385
4.22363	0.123925
4.22388	0.141889
4.22412	0.162329
4.22437	0.193009
4.22461	0.225849
4.22486	0.243753
4.2251	0.244965
4.22535	0.24445
4.22559	0.251116
4.22584	0.257616
4.22608	0.254306
4.22632	0.241695
4.22657	0.225441
4.22681	0.206601
4.22706	0.181123
4.2273	0.146795
4.22755	0.109286
4.22779	0.0800417
4.22804	0.0651569
4.22828	0.0581194
4.22853	0.0497473
4.22877	0.042826
4.22902	0.0463129
4.22926	0.0560194
4.2295	0.0557627
4.22975	0.0409536
4.22999	0.0255829
4.23024	0.0197158
4.23048	0.0162036
4.23073	0.00864865
4.23097	0.00573494
4.23122	0.014384
4.23146	0.0234605
4.23171	0.0203348
4.23195	0.0117001
4.2322	0.0109667
4.23244	0.0153676
4.23268	0.0139289
4.23293	0.00952258
4.23317	0.0129099
4.23342	0.0205328
4.23366	0.0187976
4.23391	0.00797093
4.23415	0.002378
4.2344	0.0073172
4.23464	0.0139486
4.23489	0.0172253
4.23513	0.0209238
4.23538	0.0236012
4.23562	0.0178207
4.23586	0.0067247
4.23611	0.00418227
4.23635	0.0135519
4.2366	0.0220656
4.23684	0.0215464
4.23709	0.0191499
4.23733	0.0210944
4.23758	0.0211521
4.23782	0.0142136
4.23807	0.00797165
4.23831	0.0107166
4.23855	0.0177254
4.2388	0.0196411
4.23904	0.0163405
4.23929	0.0139757
4.23953	0.0152651
4.23978	0.019771
4.24002	0.0266354
4.24027	0.0308785
4.24051	0.0250414
4.24076	0.0112396
4.241	0.00330942
4.24125	0.00941045
4.24149	0.0203223
4.24173	0.0231662
4.24198	0.0190298
4.24222	0.0173311
4.24247	0.0190689
4.24271	0.0168709
4.24296	0.00878897
4.2432	0.00185259
4.24345	0.00186992
4.24369	0.00665973
4.24394	0.0101452
4.24418	0.0094076
4.24443	0.007874
4.24467	0.0123288
4.24491	0.0238454
4.24516	0.0322846
4.2454	0.0267311
4.24565	0.0122059
4.24589	0.00627208
4.24614	0.0155324
4.24638	0.0265762
4.24663	0.0268413
4.24687	0.0228177
4.24712	0.0267733
4.24736	0.0352927
4.24761	0.035591
4.24785	0.0277134
4.24809	0.0248641
4.24834	0.0323463
4.24858	0.0403026
4.24883	0.0402192
4.24907	0.0370614
4.24932	0.039666
4.24956	0.0470112
4.24981	0.0505564
4.25005	0.046623
4.2503	0.0408622
4.25054	0.0400671
4.25079	0.0424074
4.25103	0.0389947
4.25127	0.0266123
4.25152	0.0151301
4.25176	0.0162948
4.25201	0.0269762
4.25225	0.0322604
4.2525	0.0257746
4.25274	0.0166766
4.25299	0.0137691
4.25323	0.0143775
4.25348	0.0144813
4.25372	0.0175035
4.25396	0.0243059
4.25421	0.0259887
4.25445	0.0177062
4.2547	0.00948843
4.25494	0.0112024
4.25519	0.0164295
4.25543	0.0148302
4.25568	0.0108681
4.25592	0.0142519
4.25617	0.0203866
4.25641	0.0188209
4.25666	0.0144554
4.2569	0.0196924
4.25714	0.0297466
4.25739	0.0282047
4.25763	0.0162774
4.25788	0.0132953
4.25812	0.0254247
4.25837	0.0367679
4.25861	0.037181
4.25886	0.0364956
4.2591	0.0422626
4.25935	0.0448692
4.25959	0.0373997
4.25984	0.0317372
4.26008	0.0398298
4.26032	0.0534538
4.26057	0.0576082
4.26081	0.0523089
4.26106	0.0471136
4.2613	0.0447725
4.26155	0.0440638
4.26179	0.0485277
4.26204	0.0576738
4.26228	0.0586512
4.26253	0.0425449
4.26277	0.0222312
4.26302	0.0180598
4.26326	0.0301426
4.2635	0.0400247
4.26375	0.0371436
4.26399	0.0288681
4.26424	0.0247313
4.26448	0.0243243
4.26473	0.0231518
4.26497	0.0203294
4.26522	0.0174853
4.26546	0.0163094
4.26571	0.0181738
4.26595	0.0218468
4.26619	0.0231806
4.26644	0.0212502
4.26668	0.0212777
4.26693	0.0265598
4.26717	0.0322047
4.26742	0.0329053
4.26766	0.0319406
4.26791	0.0355274
4.26815	0.0427853
4.2684	0.0482688
4.26864	0.0499397
4.26889	0.0480305
4.26913	0.0414373
4.26937	0.0323691
4.26962	0.0284205
4.26986	0.0317407
4.27011	0.0323477
4.27035	0.0216422
4.2706	0.0068808
4.27084	0.00188433
4.27109	0.00805574
4.27133	0.0150425
4.27158	0.0162866
4.27182	0.0137866
4.27207	0.0110964
4.27231	0.0113036
4.27255	0.0180638
4.2728	0.0292926
4.27304	0.0347961
4.27329	0.0300318
4.27353	0.0260365
4.27378	0.0339891
4.27402	0.0463538
4.27427	0.0475573
4.27451	0.0383196
4.27476	0.0334785
4.275	0.0385377
4.27525	0.0448558
4.27549	0.0473578
4.27573	0.050517
4.27598	0.0550436
4.27622	0.053669
4.27647	0.0437097
4.27671	0.0318892
4.27696	0.0242447
4.2772	0.0213732
4.27745	0.0235407
4.27769	0.0296339
4.27794	0.0325708
4.27818	0.0277803
4.27842	0.0235266
4.27867	0.0291671
4.27891	0.0374
4.27916	0.0353683
4.2794	0.0292808
4.27965	0.0360192
4.27989	0.0513924
4.28014	0.052494
4.28038	0.0358007
4.28063	0.0256293
4.28087	0.0345815
4.28112	0.0423762
4.28136	0.0304169
4.2816	0.0134362
4.28185	0.0144148
4.28209	0.0261645
4.28234	0.0237745
4.28258	0.00493054
4.28283	-0.0077308
4.28307	-0.00128075
4.28332	0.0122361
4.28356	0.0164543
4.28381	0.00999583
4.28405	0.00222891
4.2843	0.00140343
4.28454	0.00923673
4.28478	0.0194217
4.28503	0.0215536
4.28527	0.0125901
4.28552	0.00191916
4.28576	-0.00049264
4.28601	0.00385715
4.28625	0.00823242
4.2865	0.0123165
4.28674	0.0188131
4.28699	0.0243407
4.28723	0.0240161
4.28748	0.0211021
4.28772	0.022383
4.28796	0.0272499
4.28821	0.0303197
4.28845	0.0313697
4.2887	0.0337149
4.28894	0.0361329
4.28919	0.0356683
4.28943	0.035844
4.28968	0.0432103
4.28992	0.0575143
4.29017	0.0725929
4.29041	0.0844751
4.29065	0.0920898
4.2909	0.0938765
4.29114	0.0907141
4.29139	0.087809
4.29163	0.0865727
4.29188	0.080158
4.29212	0.0649542
4.29237	0.0499711
4.29261	0.0450775
4.29286	0.0463
4.2931	0.0440426
4.29335	0.0397789
4.29359	0.0412937
4.29383	0.0460174
4.29408	0.0440862
4.29432	0.0360998
4.29457	0.0329956
4.29481	0.0378548
4.29506	0.0417267
4.2953	0.0394939
4.29555	0.0373378
4.29579	0.0413149
4.29604	0.0491151
4.29628	0.0561246
4.29653	0.0607685
4.29677	0.062243
4.29701	0.0616986
4.29726	0.0660121
4.2975	0.0806468
4.29775	0.0986916
4.29799	0.107839
4.29824	0.108502
4.29848	0.112513
4.29873	0.122046
4.29897	0.123589
4.29922	0.107956
4.29946	0.0840274
4.29971	0.065697
4.29995	0.0551868
4.30019	0.0466772
4.30044	0.0381729
4.30068	0.0318942
4.30093	0.0284668
4.30117	0.0271193
4.30142	0.0278087
4.30166	0.0295549
4.30191	0.0308336
4.30215	0.0330102
4.3024	0.0375209
4.30264	0.0393496
4.30288	0.0317241
4.30313	0.0185497
4.30337	0.012531
4.30362	0.0184967
4.30386	0.0282958
4.30411	0.0344704
4.30435	0.0377387
4.3046	0.038142
4.30484	0.0324068
4.30509	0.0255028
4.30533	0.0300434
4.30558	0.0456231
4.30582	0.0532773
4.30606	0.0420472
4.30631	0.0273563
4.30655	0.0284557
4.3068	0.0399889
4.30704	0.0438816
4.30729	0.0397395
4.30753	0.0423154
4.30778	0.0537994
4.30802	0.0610515
4.30827	0.060675
4.30851	0.0654731
4.30876	0.0811926
4.309	0.09564
4.30924	0.098478
4.30949	0.0957807
4.30973	0.095598
4.30998	0.0930579
4.31022	0.081245
4.31047	0.0659858
4.31071	0.057279
4.31096	0.0533337
4.3112	0.0452783
4.31145	0.0330792
4.31169	0.0254035
4.31194	0.02586
4.31218	0.0292325
4.31242	0.0307043
4.31267	0.0307272
4.31291	0.0308029
4.31316	0.0311527
4.3134	0.0327248
4.31365	0.0360556
4.31389	0.0384487
4.31414	0.0372546
4.31438	0.0350534
4.31463	0.0364504
4.31487	0.0408462
4.31511	0.0441864
4.31536	0.0471057
4.3156	0.0546107
4.31585	0.0670848
4.31609	0.0784049
4.31634	0.0850719
4.31658	0.0909082
4.31683	0.0991287
4.31707	0.104977
4.31732	0.10124
4.31756	0.0881548
4.31781	0.0730686
4.31805	0.0616157
4.31829	0.0533765
4.31854	0.0460058
4.31878	0.0397461
4.31903	0.0361589
4.31927	0.0341826
4.31952	0.0298296
4.31976	0.0208862
4.32001	0.0114154
4.32025	0.00935408
4.3205	0.0176565
4.32074	0.0289918
4.32099	0.0323452
4.32123	0.0251449
4.32147	0.0158251
4.32172	0.0132836
4.32196	0.0169038
4.32221	0.0192888
4.32245	0.0163559
4.3227	0.0110582
4.32294	0.00767554
4.32319	0.00617554
4.32343	0.00402404
4.32368	0.0015632
4.32392	0.00258778
4.32417	0.00889025
4.32441	0.0164187
4.32465	0.0192984
4.3249	0.0171793
4.32514	0.0156706
4.32539	0.0186193
4.32563	0.0228589
4.32588	0.0225675
4.32612	0.0163004
4.32637	0.00721563
4.32661	-0.00104527
4.32686	-0.00536922
4.3271	-0.00264969
4.32735	0.00687561
4.32759	0.0169046
4.32783	0.0204769
4.32808	0.017833
4.32832	0.0147346
4.32857	0.0139484
4.32881	0.0135405
4.32906	0.0129168
4.3293	0.0142203
4.32955	0.0169155
4.32979	0.0171281
4.33004	0.0140711
4.33028	0.0115905
4.33052	0.0117181
4.33077	0.0122676
4.33101	0.0123532
4.33126	0.0140414
4.3315	0.0165701
4.33175	0.0158379
4.33199	0.0124183
4.33224	0.0127635
4.33248	0.0186567
4.33273	0.023012
4.33297	0.0210785
4.33322	0.0181155
4.33346	0.0195133
4.3337	0.0207381
4.33395	0.0155252
4.33419	0.00820034
4.33444	0.00805767
4.33468	0.0147567
4.33493	0.0188053
4.33517	0.0153819
4.33542	0.00954952
4.33566	0.00770478
4.33591	0.0103093
4.33615	0.0135348
4.3364	0.0135911
4.33664	0.00964419
4.33688	0.00546514
4.33713	0.00647175
4.33737	0.0126155
4.33762	0.0173706
4.33786	0.0162447
4.33811	0.011849
4.33835	0.00799268
4.3386	0.0048182
4.33884	0.00312443
4.33909	0.00598392
4.33933	0.0113715
4.33958	0.0114565
4.33982	0.00504276
4.34006	0.00171896
4.34031	0.00674175
4.34055	0.0118646
4.3408	0.00975891
4.34104	0.00653216
4.34129	0.00895339
4.34153	0.0105392
4.34178	0.00394189
4.34202	-0.0034411
4.34227	-0.00183261
4.34251	0.00288937
4.34275	0.000824349
4.343	-0.00202703
4.34324	0.00462361
4.34349	0.0127937
4.34373	0.00837293
4.34398	-0.00108391
4.34422	0.00337332
4.34447	0.0180647
4.34471	0.0210457
4.34496	0.00996262
4.3452	0.00581065
4.34545	0.015372
4.34569	0.0204763
4.34593	0.0127941
4.34618	0.00909754
4.34642	0.0190833
4.34667	0.0263506
4.34691	0.0181247
4.34716	0.00854141
4.3474	0.013095
4.34765	0.0222022
4.34789	0.0209332
4.34814	0.0155133
4.34838	0.0184543
4.34863	0.0241585
4.34887	0.0213941
4.34911	0.0155506
4.34936	0.0168149
4.3496	0.0194354
4.34985	0.0145027
4.35009	0.0107765
4.35034	0.0198931
4.35058	0.0317985
4.35083	0.0289292
4.35107	0.016374
4.35132	0.0138257
4.35156	0.0237548
4.35181	0.0312955
4.35205	0.0314276
4.35229	0.0329569
4.35254	0.0376752
4.35278	0.0379284
4.35303	0.0347099
4.35327	0.0378599
4.35352	0.047739
4.35376	0.0549685
4.35401	0.0583298
4.35425	0.0653248
4.3545	0.0754644
4.35474	0.0808392
4.35498	0.0833899
4.35523	0.0943038
4.35547	0.115616
4.35572	0.138563
4.35596	0.160183
4.35621	0.185821
4.35645	0.216244
4.3567	0.248899
4.35694	0.290891
4.35719	0.353547
4.35743	0.434997
4.35768	0.525313
4.35792	0.626463
4.35816	0.746506
4.35841	0.874008
4.35865	0.980072
4.3589	1.04931
4.35914	1.08947
4.35939	1.10798
4.35963	1.09959
4.35988	1.06172
4.36012	1.00084
4.36037	0.917484
4.36061	0.804632
4.36086	0.668239
4.3611	0.531274
4.36134	0.410557
4.36159	0.306804
4.36183	0.221894
4.36208	0.164703
4.36232	0.132285
4.36257	0.106758
4.36281	0.0807082
4.36306	0.0654304
4.3633	0.0644592
4.36355	0.0615984
4.36379	0.0481229
4.36404	0.0389007
4.36428	0.044754
4.36452	0.0503126
4.36477	0.0395693
4.36501	0.0244259
4.36526	0.0248246
4.3655	0.035992
4.36575	0.0397478
4.36599	0.0359231
4.36624	0.0369462
4.36648	0.0402858
4.36673	0.0330186
4.36697	0.0193998
4.36721	0.0177288
4.36746	0.0296912
4.3677	0.0366641
4.36795	0.0298811
4.36819	0.023026
4.36844	0.0287586
4.36868	0.0407332
4.36893	0.0470465
4.36917	0.0474915
4.36942	0.0486024
4.36966	0.0513882
4.36991	0.0520223
4.37015	0.0488862
4.37039	0.0437393
4.37064	0.0398016
4.37088	0.0406838
4.37113	0.0471349
4.37137	0.0545944
4.37162	0.0583431
4.37186	0.0600457
4.37211	0.0644309
4.37235	0.0715664
4.3726	0.0778207
4.37284	0.0818642
4.37309	0.0839035
4.37333	0.0824536
4.37357	0.0786576
4.37382	0.0799907
4.37406	0.091611
4.37431	0.107205
4.37455	0.116674
4.3748	0.119745
4.37504	0.123305
4.37529	0.12886
4.37553	0.132874
4.37578	0.136807
4.37602	0.145633
4.37627	0.157823
4.37651	0.168141
4.37675	0.17955
4.377	0.200027
4.37724	0.227027
4.37749	0.248288
4.37773	0.261082
4.37798	0.277864
4.37822	0.307392
4.37847	0.342122
4.37871	0.37232
4.37896	0.403024
4.3792	0.446866
4.37944	0.506184
4.37969	0.57281
4.37993	0.643228
4.38018	0.724431
4.38042	0.823886
4.38067	0.940679
4.38091	1.06908
4.38116	1.20627
4.3814	1.35294
4.38165	1.50792
4.38189	1.66586
4.38214	1.82119
4.38238	1.97183
4.38262	2.11633
4.38287	2.24831
4.38311	2.3575
4.38336	2.43761
4.3836	2.49021
4.38385	2.5196
4.38409	2.5275
4.38434	2.51456
4.38458	2.48337
4.38483	2.43717
4.38507	2.37873
4.38532	2.31142
4.38556	2.23621
4.3858	2.14481
4.38605	2.02295
4.38629	1.8666
4.38654	1.68951
4.38678	1.50834
4.38703	1.32609
4.38727	1.13883
4.38752	0.954067
4.38776	0.790878
4.38801	0.661365
4.38825	0.561002
4.3885	0.4781
4.38874	0.405527
4.38898	0.342706
4.38923	0.293163
4.38947	0.260693
4.38972	0.241819
4.38996	0.223309
4.39021	0.195215
4.39045	0.165287
4.3907	0.150126
4.39094	0.15099
4.39119	0.149841
4.39143	0.133596
4.39167	0.111356
4.39192	0.100199
4.39216	0.102364
4.39241	0.105855
4.39265	0.102298
4.3929	0.094315
4.39314	0.0871173
4.39339	0.0818606
4.39363	0.0785817
4.39388	0.0792888
4.39412	0.0850623
4.39437	0.0929107
4.39461	0.0976949
4.39485	0.0966507
4.3951	0.0915992
4.39534	0.086646
4.39559	0.083181
4.39583	0.0780023
4.39608	0.0683891
4.39632	0.0579223
4.39657	0.0530235
4.39681	0.0533639
4.39706	0.0511148
4.3973	0.0422762
4.39755	0.0333032
4.39779	0.0315644
4.39803	0.0334565
4.39828	0.0292233
4.39852	0.0181913
4.39877	0.0112569
4.39901	0.0158792
4.39926	0.0250514
4.3995	0.0262879
4.39975	0.0180114
4.39999	0.0106846
4.40024	0.0120098
4.40048	0.0171153
4.40073	0.0162643
4.40097	0.00802808
4.40121	8.95165e-05
4.40146	-0.00110154
4.4017	0.00373386
4.40195	0.0108358
4.40219	0.0177802
4.40244	0.0218054
4.40268	0.01928
4.40293	0.0112629
4.40317	0.00579847
4.40342	0.00902676
4.40366	0.0159067
4.4039	0.015966
4.40415	0.00794267
4.40439	0.00194009
4.40464	0.00491166
4.40488	0.0104694
4.40513	0.00824278
4.40537	-0.000813
4.40562	-0.00545574
4.40586	0.00024128
4.40611	0.00922547
4.40635	0.0117071
4.4066	0.00742364
4.40684	0.00301512
4.40708	0.000964821
4.40733	-0.00213672
4.40757	-0.00706017
4.40782	-0.00884783
4.40806	-0.00470688
4.40831	0.000671742
4.40855	0.00147862
4.4088	-0.00185741
4.40904	-0.00560305
4.40929	-0.00859191
4.40953	-0.0102536
4.40978	-0.00752995
4.41002	-0.000583083
4.41026	0.00264486
4.41051	-0.00345555
4.41075	-0.010457
4.411	-0.00552743
4.41124	0.00761374
4.41149	0.0102956
4.41173	-0.00497601
4.41198	-0.022318
4.41222	-0.0234053
4.41247	-0.0102798
4.41271	0.00176542
4.41296	0.00573113
4.4132	0.00642648
4.41344	0.00777005
4.41369	0.00784774
4.41393	0.00491946
4.41418	-0.000491315
4.41442	-0.00821556
4.41467	-0.0160335
4.41491	-0.0173279
4.41516	-0.00928849
4.4154	-0.000965
4.41565	-0.00366295
4.41589	-0.0142143
4.41614	-0.0177514
4.41638	-0.00800759
4.41662	0.00480115
4.41687	0.00901987
4.41711	0.0057224
4.41736	0.00347802
4.4176	0.00577254
4.41785	0.00896415
4.41809	0.0085909
4.41834	0.00334954
4.41858	-0.00450877
4.41883	-0.0100098
4.41907	-0.00941657
4.41931	-0.00533273
4.41956	-0.00464204
4.4198	-0.00934969
4.42005	-0.0130387
4.42029	-0.0092036
4.42054	-3.70162e-05
4.42078	0.0065738
4.42103	0.00683241
4.42127	0.00399034
4.42152	0.00195661
4.42176	-0.000181003
4.42201	-0.00508397
4.42225	-0.0104844
4.42249	-0.00948479
4.42274	0.000617556
4.42298	0.0125879
4.42323	0.0163306
4.42347	0.0107231
4.42372	0.00377776
4.42396	0.00123966
4.42421	0.00109569
4.42445	0.000752617
4.4247	0.0023652
4.42494	0.00684527
4.42519	0.00919688
4.42543	0.0060185
4.42567	0.00255936
4.42592	0.00527291
4.42616	0.0111404
4.42641	0.0119581
4.42665	0.00689582
4.4269	0.00346073
4.42714	0.00695623
4.42739	0.0149634
4.42763	0.0214344
4.42788	0.0215997
4.42812	0.0148744
4.42837	0.00725179
4.42861	0.00725997
4.42885	0.0145407
4.4291	0.0174453
4.42934	0.00856077
4.42959	-0.00324369
4.42983	-0.00497266
4.43008	0.00221621
4.43032	0.0081382
4.43057	0.0117894
4.43081	0.0201724
4.43106	0.0312136
4.4313	0.0337794
4.43154	0.0265885
4.43179	0.0223749
4.43203	0.0287786
4.43228	0.037771
4.43252	0.0395488
4.43277	0.0359577
4.43301	0.0342615
4.43326	0.0370263
4.4335	0.0435721
4.43375	0.0528941
4.43399	0.0605159
4.43424	0.0608919
4.43448	0.0568242
4.43472	0.0577074
4.43497	0.0650689
4.43521	0.069801
4.43546	0.067292
4.4357	0.0641514
4.43595	0.0654082
4.43619	0.0669193
4.43644	0.0660242
4.43668	0.0671559
4.43693	0.0701756
4.43717	0.066609
4.43742	0.0561598
4.43766	0.0529327
4.4379	0.0638602
4.43815	0.0743754
4.43839	0.0696184
4.43864	0.0580721
4.43888	0.0577662
4.43913	0.0685372
4.43937	0.0760313
4.43962	0.0766243
4.43986	0.0795053
4.44011	0.0871186
4.44035	0.0915617
4.4406	0.0901484
4.44084	0.0886597
4.44108	0.0883758
4.44133	0.0841452
4.44157	0.0764962
4.44182	0.0726332
4.44206	0.0740962
4.44231	0.0751762
4.44255	0.0740641
4.4428	0.0740348
4.44304	0.0740188
4.44329	0.0704483
4.44353	0.0677908
4.44377	0.0734051
4.44402	0.0818458
4.44426	0.0796456
4.44451	0.0678086
4.44475	0.0637187
4.445	0.0759827
4.44524	0.0920806
4.44549	0.0972556
4.44573	0.0925119
4.44598	0.0869246
4.44622	0.0838805
4.44647	0.0820125
4.44671	0.079337
4.44695	0.0706417
4.4472	0.0517436
4.44744	0.0316425
4.44769	0.027546
4.44793	0.0407515
4.44818	0.0509729
4.44842	0.0438644
4.44867	0.0306982
4.44891	0.0288807
4.44916	0.0355833
4.4494	0.0358957
4.44965	0.027846
4.44989	0.0226942
4.45013	0.0255557
4.45038	0.03123
4.45062	0.0364789
4.45087	0.0424328
4.45111	0.0463374
4.45136	0.0439436
4.4516	0.0396523
4.45185	0.0422369
4.45209	0.0502104
4.45234	0.0529435
4.45258	0.0476295
4.45283	0.0441858
4.45307	0.0501913
4.45331	0.0600927
4.45356	0.0638181
4.4538	0.0600128
4.45405	0.0565302
4.45429	0.0606482
4.45454	0.0706764
4.45478	0.0764697
4.45503	0.0700724
4.45527	0.0568077
4.45552	0.0505287
4.45576	0.0551159
4.456	0.0587698
4.45625	0.0526964
4.45649	0.0456256
4.45674	0.0490558
4.45698	0.0572339
4.45723	0.0571735
4.45747	0.0523516
4.45772	0.0576903
4.45796	0.0727123
4.45821	0.079917
4.45845	0.0730408
4.4587	0.0672562
4.45894	0.0737596
4.45918	0.0821938
4.45943	0.0794591
4.45967	0.0706877
4.45992	0.0677141
4.46016	0.0686918
4.46041	0.0646213
4.46065	0.0576207
4.4609	0.0568309
4.46114	0.0614182
4.46139	0.0629867
4.46163	0.0616474
4.46188	0.0644924
4.46212	0.0695182
4.46236	0.0667474
4.46261	0.0568511
4.46285	0.0532456
4.4631	0.0609536
4.46334	0.0675245
4.46359	0.0626734
4.46383	0.0546269
4.46408	0.0562482
4.46432	0.0643186
4.46457	0.0658314
4.46481	0.0594522
4.46506	0.0561738
4.4653	0.0593795
4.46554	0.0585382
4.46579	0.0466857
4.46603	0.0321748
4.46628	0.0259151
4.46652	0.0261696
4.46677	0.0247911
4.46701	0.0212375
4.46726	0.0196961
4.4675	0.0175356
4.46775	0.00944668
4.46799	0.000793971
4.46823	0.00259435
4.46848	0.0121328
4.46872	0.0137393
4.46897	0.00348758
4.46921	-0.00271956
4.46946	0.00506988
4.4697	0.0124537
4.46995	0.00292807
4.47019	-0.0135832
4.47044	-0.0138565
4.47068	0.00360939
4.47093	0.0175764
4.47117	0.0163309
4.47141	0.00995734
4.47166	0.00783273
4.4719	0.00456082
4.47215	-0.0042868
4.47239	-0.0104398
4.47264	-0.00737411
4.47288	-0.00214494
4.47313	-0.00218281
4.47337	-0.00300414
4.47362	0.000208062
4.47386	0.00126148
4.47411	-0.00473211
4.47435	-0.00941932
4.47459	-0.00503488
4.47484	0.000729969
4.47508	-0.00142645
4.47533	-0.00415419
4.47557	0.00343161
4.47582	0.0131538
4.47606	0.00890718
4.47631	-0.00495676
4.47655	-0.0087704
4.4768	0.000123754
4.47704	0.00346669
4.47729	-0.00604619
4.47753	-0.0120217
4.47777	-0.00267235
4.47802	0.0083565
4.47826	0.00330957
4.47851	-0.0123214
4.47875	-0.0192631
4.479	-0.0116593
4.47924	-4.383e-05
4.47949	0.00678797
4.47973	0.00907295
4.47998	0.00815604
4.48022	0.00344975
4.48046	-0.00253093
4.48071	-0.00481496
4.48095	-0.00242581
4.4812	0.00128072
4.48144	0.00381914
4.48169	0.0041543
4.48193	0.000115379
4.48218	-0.00907671
4.48242	-0.0187869
4.48267	-0.0225316
4.48291	-0.019192
4.48316	-0.0130494
4.4834	-0.00790839
4.48364	-0.00496966
4.48389	-0.00503339
4.48413	-0.00820567
4.48438	-0.0115937
4.48462	-0.0110276
4.48487	-0.006106
4.48511	-0.00159356
4.48536	-0.00270982
4.4856	-0.00907717
4.48585	-0.0137573
4.48609	-0.0100715
4.48634	-0.000669253
4.48658	0.00342796
4.48682	-0.00338484
4.48707	-0.0120666
4.48731	-0.0101085
4.48756	0.000784481
4.4878	0.00748236
4.48805	0.00499895
4.48829	0.00170573
4.48854	0.00282992
4.48878	0.00162845
4.48903	-0.00643307
4.48927	-0.0125117
4.48952	-0.00757747
4.48976	0.00188415
4.49	0.00311546
4.49025	-0.00352771
4.49049	-0.00624135
4.49074	0.000223041
4.49098	0.00913773
4.49123	0.0132924
4.49147	0.0121497
4.49172	0.00768537
4.49196	0.00162257
4.49221	-0.00246383
4.49245	-0.00120104
4.4927	0.00388909
4.49294	0.0087697
4.49318	0.0126776
4.49343	0.0162768
4.49367	0.0166996
4.49392	0.0112595
4.49416	0.00381879
4.49441	0.000390395
4.49465	0.000396517
4.4949	-0.000694946
4.49514	-0.002828
4.49539	-0.00340906
4.49563	-0.00458079
4.49587	-0.00893542
4.49612	-0.0110074
4.49636	-0.00436917
4.49661	0.00487363
4.49685	0.0047559
4.4971	-0.00263994
4.49734	-0.0025578
4.49759	0.008664
4.49783	0.0163726
4.49808	0.00998805
4.49832	-0.00146445
4.49857	-0.00481485
4.49881	-0.00149677
4.49905	-0.000248118
4.4993	-0.00113815
4.49954	0.000946544
4.49979	0.00387918
4.50003	0.00192205
4.50028	-0.00225906
4.50052	-0.000826261
4.50077	0.00582682
4.50101	0.00912141
4.50126	0.00537699
4.5015	0.000314299
4.50175	6.11177e-05
4.50199	0.00443412
4.50223	0.00969641
4.50248	0.0126787
4.50272	0.0119211
4.50297	0.0086175
4.50321	0.00579977
4.50346	0.00413174
4.5037	0.00136309
4.50395	-0.00148361
4.50419	0.00112115
4.50444	0.00936018
4.50468	0.0132339
4.50493	0.00532149
4.50517	-0.00664675
4.50541	-0.00921317
4.50566	-0.00153766
4.5059	0.00573628
4.50615	0.0073068
4.50639	0.00745713
4.50664	0.00819297
4.50688	0.00554994
4.50713	9.58642e-05
4.50737	-0.000601802
4.50762	0.0051207
4.50786	0.00767302
4.5081	0.000301022
4.50835	-0.0094586
4.50859	-0.0101891
4.50884	-0.00289976
4.50908	0.00127673
4.50933	-0.00305768
4.50957	-0.00951384
4.50982	-0.00977305
4.51006	-0.00404141
4.51031	0.000409884
4.51055	-0.000885936
4.5108	-0.00349377
4.51104	0.000233898
4.51128	0.00936997
4.51153	0.012948
4.51177	0.00445982
4.51202	-0.00674452
4.51226	-0.00671073
4.51251	0.00289352
4.51275	0.00660049
4.513	-0.00199386
4.51324	-0.0111503
4.51349	-0.00932273
4.51373	-0.00120555
4.51398	0.00227098
4.51422	0.000295575
4.51446	-0.00145673
4.51471	-0.00331998
4.51495	-0.00894021
4.5152	-0.0148247
4.51544	-0.0143589
4.51569	-0.00978199
4.51593	-0.00901581
4.51618	-0.0118962
4.51642	-0.0107174
4.51667	-0.00416908
4.51691	0.000726432
4.51716	0.00159909
4.5174	0.00372303
4.51764	0.00718684
4.51789	0.00340215
4.51813	-0.00965408
4.51838	-0.0197293
4.51862	-0.016197
4.51887	-0.00500192
4.51911	0.00157774
4.51936	0.00274844
4.5196	0.00571273
4.51985	0.00966583
4.52009	0.00651813
4.52033	-0.00327617
4.52058	-0.00854992
4.52082	-0.00419974
4.52107	0.000763122
4.52131	-0.00224357
4.52156	-0.00748475
4.5218	-0.00402774
4.52205	0.00652029
4.52229	0.0114581
4.52254	0.0054293
4.52278	-0.0020153
4.52303	-0.000600428
4.52327	0.00625712
4.52351	0.00756373
4.52376	0.00120146
4.524	-0.00388269
4.52425	-0.0019033
4.52449	0.00138151
4.52474	-0.00172232
4.52498	-0.00891994
4.52523	-0.0116826
4.52547	-0.00749495
4.52572	-0.00168848
4.52596	0.00145241
4.52621	0.00265796
4.52645	0.00292575
4.52669	0.00170171
4.52694	0.000850081
4.52718	0.00359059
4.52743	0.00737686
4.52767	0.00496558
4.52792	-0.00391098
4.52816	-0.00917703
4.52841	-0.00402086
4.52865	0.00477218
4.5289	0.00699042
4.52914	0.00363798
4.52939	0.00267884
4.52963	0.00479311
4.52987	0.0041845
4.53012	0.00145043
4.53036	0.00345515
4.53061	0.0091875
4.53085	0.00806028
4.5311	-0.00288733
4.53134	-0.0111562
4.53159	-0.00613907
4.53183	0.00435914
4.53208	0.00529516
4.53232	-0.00349339
4.53256	-0.00826482
4.53281	-0.00267346
4.53305	0.00432196
4.5333	0.00433814
4.53354	0.00214707
4.53379	0.00575426
4.53403	0.0120154
4.53428	0.0116355
4.53452	0.00481392
4.53477	0.00181013
4.53501	0.00740606
4.53526	0.0137124
4.5355	0.0121633
4.53574	0.00577649
4.53599	0.00347338
4.53623	0.00645771
4.53648	0.00752056
4.53672	0.0027585
4.53697	-0.00296376
4.53721	-0.00374909
4.53746	-0.000555891
4.5377	0.00147155
4.53795	0.000113645
4.53819	-0.00245948
4.53844	-0.00356564
4.53868	-0.00293196
4.53892	-0.00219205
4.53917	-0.00224668
4.53941	-0.00123687
4.53966	0.00313326
4.5399	0.00791243
4.54015	0.00531101
4.54039	-0.0064695
4.54064	-0.0163625
4.54088	-0.0124678
4.54113	0.000525588
4.54137	0.00602145
4.54162	-0.00143897
4.54186	-0.00959041
4.5421	-0.00883885
4.54235	-0.00624191
4.54259	-0.0106357
4.54284	-0.0157491
4.54308	-0.0109494
4.54333	-0.000269204
4.54357	0.00406201
4.54382	0.001709
4.54406	0.0024293
4.54431	0.00705501
4.54455	0.00627681
4.54479	-0.0014931
4.54504	-0.00651766
4.54528	-0.00433172
4.54553	-0.00168593
4.54577	-0.0025379
4.54602	-0.00180094
4.54626	0.00247063
4.54651	0.00391572
4.54675	0.000328686
4.547	-0.00129672
4.54724	0.00199117
4.54749	0.00351073
4.54773	0.000879938
4.54797	0.00197617
4.54822	0.00920595
4.54846	0.0120465
4.54871	0.00533207
4.54895	0.000643551
4.5492	0.00668381
4.54944	0.0120806
4.54969	0.00363574
4.54993	-0.0100138
4.55018	-0.0112598
4.55042	-0.00104019
4.55067	0.00577372
4.55091	0.00544411
4.55115	0.0054126
4.5514	0.00470008
4.55164	-0.00326572
4.55189	-0.0106598
4.55213	-0.00229881
4.55238	0.0156625
4.55262	0.0185493
4.55287	0.000532256
4.55311	-0.0146038
4.55336	-0.00958822
4.5536	0.00220209
4.55385	0.00242716
4.55409	-0.00346189
4.55433	-0.00142454
4.55458	0.00438132
4.55482	0.001802
4.55507	-0.00422589
4.55531	0.000123965
4.55556	0.0110711
4.5558	0.0118863
4.55605	0.00182028
4.55629	-0.00157357
4.55654	0.00904575
4.55678	0.0198767
4.55702	0.0187043
4.55727	0.0112298
4.55751	0.00721212
4.55776	0.00503924
4.558	-0.000570148
4.55825	-0.00698349
4.55849	-0.00953871
4.55874	-0.0102099
4.55898	-0.0114224
4.55923	-0.00903594
4.55947	-0.000771372
4.55972	0.00524449
4.55996	0.00058226
4.5602	-0.00968178
4.56045	-0.0133572
4.56069	-0.00808067
4.56094	-0.00223195
4.56118	-0.00126913
4.56143	-0.00281449
4.56167	-0.00410794
4.56192	-0.0048213
4.56216	-0.0028025
4.56241	0.00340676
4.56265	0.00749307
4.5629	0.00110535
4.56314	-0.0113799
4.56338	-0.01451
4.56363	-0.00244454
4.56387	0.0119229
4.56412	0.014584
4.56436	0.00815916
4.56461	0.00413004
4.56485	0.0050092
4.5651	0.00434293
4.56534	-9.30613e-05
4.56559	-0.00352885
4.56583	-0.00333848
4.56608	-0.00249916
4.56632	-0.00383226
4.56656	-0.00684747
4.56681	-0.00986751
4.56705	-0.0106864
4.5673	-0.00712766
4.56754	-0.00133417
4.56779	0.000196605
4.56803	-0.00400032
4.56828	-0.00627229
4.56852	-0.00206636
4.56877	0.000586305
4.56901	-0.00594029
4.56925	-0.0130737
4.5695	-0.00750882
4.56974	0.00571037
4.56999	0.00858866
4.57023	-0.00206896
4.57048	-0.0106006
4.57072	-0.00880116
4.57097	-0.00705559
4.57121	-0.0124066
4.57146	-0.0144829
4.5717	-0.00490876
4.57195	0.00543892
4.57219	0.0031846
4.57243	-0.00610556
4.57268	-0.00875959
4.57292	-0.0052639
4.57317	-0.00523569
4.57341	-0.00752501
4.57366	-0.00268988
4.5739	0.00836198
4.57415	0.0144564
4.57439	0.0119086
4.57464	0.00808095
4.57488	0.00714221
4.57513	0.00521486
4.57537	0.00102645
4.57561	-0.000175441
4.57586	0.0038372
4.5761	0.00774343
4.57635	0.0065117
4.57659	0.00156405
4.57684	-0.00250688
4.57708	-0.0029918
4.57733	-0.000828065
4.57757	1.21687e-05
4.57782	-0.00265458
4.57806	-0.00363549
4.57831	0.00385515
4.57855	0.0145335
4.57879	0.013881
4.57904	0.000401811
4.57928	-0.00792615
4.57953	0.00062341
4.57977	0.0129472
4.58002	0.0123139
4.58026	0.00488878
4.58051	0.00658079
4.58075	0.0144613
4.581	0.0134473
4.58124	0.0039995
4.58149	-0.000636724
4.58173	-0.000329866
4.58197	-0.00633811
4.58222	-0.0156862
4.58246	-0.0133657
4.58271	-0.00128708
4.58295	0.00160683
4.5832	-0.00769684
4.58344	-0.0102477
4.58369	0.000564941
4.58393	0.00598953
4.58418	-0.00512432
4.58442	-0.0161395
4.58466	-0.0109399
4.58491	0.000498145
4.58515	0.0026413
4.5854	0.00030708
4.58564	0.00446874
4.58589	0.00952067
4.58613	0.00553702
4.58638	-0.000988951
4.58662	0.000443729
4.58687	0.00320234
4.58711	-0.00416345
4.58736	-0.0144386
4.5876	-0.0120112
4.58784	0.000684415
4.58809	0.00765277
4.58833	0.00485234
4.58858	0.00141194
4.58882	-0.000244479
4.58907	-0.00555978
4.58931	-0.011559
4.58956	-0.00888249
4.5898	0.000177412
4.59005	0.00363133
4.59029	0.000304857
4.59054	0.000932468
4.59078	0.00705945
4.59102	0.00654689
4.59127	-0.0050461
4.59151	-0.014472
4.59176	-0.00975505
4.592	0.00285897
4.59225	0.00894062
4.59249	0.00418096
4.59274	-0.00467893
4.59298	-0.0108268
4.59323	-0.0123243
4.59347	-0.00965625
4.59372	-0.00405434
4.59396	0.00223184
4.5942	0.00650122
4.59445	0.00692863
4.59469	0.00390095
4.59494	0.000159788
4.59518	-0.00240429
4.59543	-0.00600632
4.59567	-0.0130868
4.59592	-0.0193891
4.59616	-0.0175231
4.59641	-0.00875489
4.59665	-0.0029835
4.59689	-0.00414769
4.59714	-0.00517709
4.59738	-0.00195054
4.59763	-0.0013665
4.59787	-0.00814944
4.59812	-0.0142914
4.59836	-0.0114086
4.59861	-0.00440448
4.59885	-0.00199553
4.5991	-0.00205153
4.59934	0.0017683
4.59959	0.00620844
4.59983	0.00411073
4.60007	-0.00180483
4.60032	-0.00356109
4.60056	-0.00177252
4.60081	-0.00291691
4.60105	-0.00698933
4.6013	-0.00933408
4.60154	-0.0103284
4.60179	-0.0120353
4.60203	-0.0104502
4.60228	-0.00313724
4.60252	0.00104288
4.60277	-0.00663018
4.60301	-0.0182936
4.60325	-0.0187876
4.6035	-0.00777137
4.60374	0.0015436
4.60399	0.00251722
4.60423	-0.000454998
4.60448	-0.00437277
4.60472	-0.009283
4.60497	-0.00994855
4.60521	-0.00190627
4.60546	0.0055197
4.6057	-0.00108862
4.60595	-0.0164351
4.60619	-0.0203996
4.60643	-0.0068564
4.60668	0.0077224
4.60692	0.0083476
4.60717	-0.000924281
4.60741	-0.00877178
4.60766	-0.012374
4.6079	-0.0146251
4.60815	-0.0158786
4.60839	-0.0150033
4.60864	-0.0121414
4.60888	-0.0073922
4.60912	-0.00217211
4.60937	-0.000952623
4.60961	-0.00453153
4.60986	-0.00487634
4.6101	0.00360169
4.61035	0.0116827
4.61059	0.00657747
4.61084	-0.00789058
4.61108	-0.0163077
4.61133	-0.0142846
4.61157	-0.0108852
4.61182	-0.0103406
4.61206	-0.00782346
4.6123	-0.00307048
4.61255	-0.00151644
4.61279	-0.0014255
4.61304	0.00325678
4.61328	0.00705343
4.61353	-0.00145203
4.61377	-0.0169165
4.61402	-0.0203678
4.61426	-0.0084775
4.61451	0.000958852
4.61475	-0.00200851
4.615	-0.00657722
4.61524	-0.00471686
4.61548	-0.00533998
4.61573	-0.0135869
4.61597	-0.0168531
4.61622	-0.00634786
4.61646	0.00516614
4.61671	0.0035763
4.61695	-0.00350323
4.6172	-0.000937111
4.61744	0.00882411
4.61769	0.0122315
4.61793	0.00706689
4.61818	0.00174308
4.61842	-0.00114427
4.61866	-0.00522955
4.61891	-0.00901307
4.61915	-0.00757075
4.6194	-0.00248021
4.61964	0.000809234
4.61989	0.00221758
4.62013	0.0046527
4.62038	0.00655494
4.62062	0.00526222
4.62087	0.00350335
4.62111	0.00484836
4.62135	0.00703075
4.6216	0.00647929
4.62184	0.00468692
4.62209	0.00423321
4.62233	0.00392243
4.62258	0.0030119
4.62282	0.00391616
4.62307	0.00605615
4.62331	0.00459332
4.62356	-0.000239089
4.6238	-0.00150965
4.62405	0.00185547
4.62429	0.00136465
4.62453	-0.00604009
4.62478	-0.0107666
4.62502	-0.00650533
4.62527	-0.00200606
4.62551	-0.00669582
4.62576	-0.0147026
4.626	-0.0149284
4.62625	-0.00902932
4.62649	-0.00728408
4.62674	-0.0120507
4.62698	-0.0162069
4.62723	-0.0145316
4.62747	-0.00832336
4.62771	-0.00191617
4.62796	-8.85998e-05
4.6282	-0.00454529
4.62845	-0.00969413
4.62869	-0.00851111
4.62894	-0.00419862
4.62918	-0.00593249
4.62943	-0.0116663
4.62967	-0.00953913
4.62992	5.55268e-05
4.63016	0.00156881
4.63041	-0.00918915
4.63065	-0.0150227
4.63089	-0.0056527
4.63114	0.00335709
4.63138	-0.0036704
4.63163	-0.0155347
4.63187	-0.0132115
4.63212	-0.00166483
4.63236	-2.7361e-05
4.63261	-0.010109
4.63285	-0.0174761
4.6331	-0.0169631
4.63334	-0.0149809
4.63358	-0.0114514
4.63383	-0.00139619
4.63407	0.00830161
4.63432	0.00500858
4.63456	-0.00764934
4.63481	-0.0136252
4.63505	-0.0100555
4.6353	-0.00960742
4.63554	-0.0163703
4.63579	-0.0190123
4.63603	-0.0115819
4.63628	-0.00345269
4.63652	-0.00323087
4.63676	-0.00742421
4.63701	-0.0100239
4.63725	-0.0104641
4.6375	-0.00817556
4.63774	-0.00170128
4.63799	0.00334324
4.63823	-0.00198585
4.63848	-0.0144377
4.63872	-0.0192416
4.63897	-0.0111142
4.63921	-0.00266146
4.63946	-0.0055003
4.6397	-0.013668
4.63994	-0.0141403
4.64019	-0.00633582
4.64043	-0.00171775
4.64068	-0.00656749
4.64092	-0.0130961
4.64117	-0.0101666
4.64141	0.000575441
4.64166	0.00490497
4.6419	-0.00479031
4.64215	-0.0165331
4.64239	-0.0143035
4.64264	-0.00269597
4.64288	-0.000834526
4.64312	-0.0113645
4.64337	-0.0153958
4.64361	-0.00491658
4.64386	0.00218643
4.6441	-0.00664848
4.64435	-0.0146403
4.64459	-0.00380263
4.64484	0.0124754
4.64508	0.0117412
4.64533	0.00177269
4.64557	0.00593858
4.64581	0.0196575
4.64606	0.01679
4.6463	-0.0038282
4.64655	-0.0144701
4.64679	-0.00447488
4.64704	0.00469476
4.64728	-0.00105639
4.64753	-0.00685099
4.64777	-0.000178568
4.64802	0.00606217
4.64826	-0.000473559
4.64851	-0.00791843
4.64875	-0.00240466
4.64899	0.00680237
4.64924	0.00469646
4.64948	-0.00378476
4.64973	-0.0050774
4.64997	9.26599e-05
4.65022	0.00347801
4.65046	0.00613807
4.65071	0.0107089
4.65095	0.00893111
4.6512	-0.00482966
4.65144	-0.0181264
4.65169	-0.0167404
4.65193	-0.00723593
4.65217	-0.00525731
4.65242	-0.00991967
4.65266	-0.00889584
4.65291	-0.00223025
4.65315	-0.00120574
4.6534	-0.00718741
4.65364	-0.0102514
4.65389	-0.0073097
4.65413	-0.00478563
4.65438	-0.0043729
4.65462	-0.00190164
4.65487	0.000461641
4.65511	-0.00346462
4.65535	-0.00955919
4.6556	-0.00684342
4.65584	0.00368425
4.65609	0.00865459
4.65633	0.00280681
4.65658	-0.00447301
4.65682	-0.00599215
4.65707	-0.00610929
4.65731	-0.00907093
4.65756	-0.0111168
4.6578	-0.00965505
4.65805	-0.0085965
4.65829	-0.00902316
4.65853	-0.00562973
4.65878	0.00178958
4.65902	0.0042999
4.65927	-0.002094
4.65951	-0.00920851
4.65976	-0.0110074
4.66	-0.0139965
4.66025	-0.0234937
4.66049	-0.03013
4.66074	-0.0229009
4.66098	-0.00781959
4.66122	0.000568025
4.66147	0.000633534
4.66171	0.00133865
4.66196	0.00238536
4.6622	-0.00542445
4.66245	-0.0193563
4.66269	-0.0229673
4.66294	-0.0112861
4.66318	-0.00108298
4.66343	-0.00603065
4.66367	-0.0158489
4.66392	-0.0135891
4.66416	-0.00257116
4.6644	0.00040661
4.66465	-0.00761713
4.66489	-0.0126087
4.66514	-0.00647871
4.66538	0.0026581
4.66563	0.00526627
4.66587	0.00218002
4.66612	-0.00186753
4.66636	-0.00536884
4.66661	-0.00702245
4.66685	-0.0051882
4.6671	-0.00330237
4.66734	-0.00640216
4.66758	-0.0103351
4.66783	-0.00543059
4.66807	0.00653583
4.66832	0.0117051
4.66856	0.00487127
4.66881	-0.00256113
4.66905	-0.0015982
4.6693	0.00125021
4.66954	-0.00133765
4.66979	-0.00362121
4.67003	0.000701948
4.67028	0.00448978
4.67052	-0.00062538
4.67076	-0.00826028
4.67101	-0.00806958
4.67125	-0.00351626
4.6715	-0.00373176
4.67174	-0.00609197
4.67199	-0.00354174
4.67223	-0.00178747
4.67248	-0.0102187
4.67272	-0.0209109
4.67297	-0.0173895
4.67321	-0.0025892
4.67345	0.00273558
4.6737	-0.00875477
4.67394	-0.0209049
4.67419	-0.0192091
4.67443	-0.00825778
4.67468	0.00118899
4.67492	0.00594783
4.67517	0.00503283
4.67541	-0.00385492
4.67566	-0.0149601
4.6759	-0.0157158
4.67615	-0.00519842
4.67639	0.00169083
4.67663	-0.00380982
4.67688	-0.0113813
4.67712	-0.00962383
4.67737	-0.00379274
4.67761	-0.00407267
4.67786	-0.00748225
4.6781	-0.00507172
4.67835	0.000712864
4.67859	-7.563e-05
4.67884	-0.00783832
4.67908	-0.0129694
4.67933	-0.0109704
4.67957	-0.0073376
4.67981	-0.00706456
4.68006	-0.00789531
4.6803	-0.00594618
4.68055	-0.00210977
4.68079	-0.000179985
4.68104	-0.00126917
4.68128	-0.00236915
4.68153	-0.000778934
4.68177	0.000823771
4.68202	-0.00321257
4.68226	-0.0122188
4.68251	-0.0169441
4.68275	-0.0117727
4.68299	-0.00449775
4.68324	-0.00562996
4.68348	-0.0117095
4.68373	-0.0103976
4.68397	-0.000546903
4.68422	0.00584446
4.68446	0.00293903
4.68471	-0.00126761
4.68495	-0.00050099
4.6852	-0.000143604
4.68544	-0.00500838
4.68568	-0.0090703
4.68593	-0.00606965
4.68617	-0.000840846
4.68642	-0.000751703
4.68666	-0.00343451
4.68691	-0.00250756
4.68715	0.000338415
4.6874	-0.00142404
4.68764	-0.00736206
4.68789	-0.0100628
4.68813	-0.00568253
4.68838	0.00141719
4.68862	0.00402752
4.68886	-0.00101518
4.68911	-0.0100059
4.68935	-0.0153579
4.6896	-0.0139381
4.68984	-0.0115109
4.69009	-0.0142168
4.69033	-0.0178807
4.69058	-0.0139449
4.69082	-0.00455675
4.69107	-0.000909055
4.69131	-0.00595856
4.69156	-0.0108574
4.6918	-0.0108046
4.69204	-0.0112463
4.69229	-0.0141206
4.69253	-0.0121222
4.69278	-0.00376281
4.69302	-0.000437023
4.69327	-0.00871437
4.69351	-0.01776
4.69376	-0.0156207
4.694	-0.00746809
4.69425	-0.00529301
4.69449	-0.00862878
4.69474	-0.00899423
4.69498	-0.00631434
4.69522	-0.00681746
4.69547	-0.0094963
4.69571	-0.00856336
4.69596	-0.00646701
4.6962	-0.0109492
4.69645	-0.0198424
4.69669	-0.0212517
4.69694	-0.010724
4.69718	0.00153236
4.69743	0.00370808
4.69767	-0.00363049
4.69791	-0.00939892
4.69816	-0.00472379
4.6984	0.00728884
4.69865	0.0140949
4.69889	0.00779008
4.69914	-0.00439014
4.69938	-0.00895064
4.69963	-0.00425448
4.69987	-0.000677155
4.70012	-0.00271167
4.70036	-0.00393501
4.70061	-0.00300591
4.70085	-0.00882167
4.70109	-0.0215997
4.70134	-0.0248819
4.70158	-0.0094291
4.70183	0.00880248
4.70207	0.0102862
4.70232	-0.000326438
4.70256	-0.00577494
4.70281	-0.00493977
4.70305	-0.00905261
4.7033	-0.0163328
4.70354	-0.0136773
4.70379	-0.00174883
4.70403	0.00390807
4.70427	-0.00180485
4.70452	-0.00747685
4.70476	-0.00707181
4.70501	-0.00775557
4.70525	-0.0114456
4.7055	-0.00878637
4.70574	0.00105836
4.70599	0.0038375
4.70623	-0.0062923
4.70648	-0.0141058
4.70672	-0.00687911
4.70697	0.00449937
4.70721	0.00305889
4.70745	-0.00759442
4.7077	-0.0110098
4.70794	-0.00438026
4.70819	1.77429e-05
4.70843	-0.00350789
4.70868	-0.00686992
4.70892	-0.00309249
4.70917	0.00448865
4.70941	0.00997684
4.70966	0.0117421
4.7099	0.00913638
4.71014	0.00101877
4.71039	-0.00937951
4.71063	-0.0150009
4.71088	-0.0135724
4.71112	-0.0104063
4.71137	-0.0101092
4.71161	-0.0105358
4.71186	-0.00772368
4.7121	-0.00208947
4.71235	0.00365961
4.71259	0.00867826
4.71284	0.0120284
4.71308	0.0101633
4.71332	0.00167075
4.71357	-0.0074373
4.71381	-0.00909059
4.71406	-0.0037707
4.7143	-9.28933e-05
4.71455	-0.00258064
4.71479	-0.00574707
4.71504	-0.0034238
4.71528	0.00162105
4.71553	0.00268107
4.71577	-0.000455887
4.71602	-0.00259442
4.71626	-0.00196218
4.7165	-0.000715837
4.71675	0.00170343
4.71699	0.00741823
4.71724	0.0124884
4.71748	0.00965012
4.71773	0.000511276
4.71797	-0.00433175
4.71822	-0.000951737
4.71846	0.0016375
4.71871	-0.00349422
4.71895	-0.00933287
4.7192	-0.00671818
4.71944	-0.000361728
4.71968	-0.00199901
4.71993	-0.0118877
4.72017	-0.0186809
4.72042	-0.0164823
4.72066	-0.0112647
4.72091	-0.00931742
4.72115	-0.0089457
4.7214	-0.00675904
4.72164	-0.00459286
4.72189	-0.00563623
4.72213	-0.0083404
4.72237	-0.00845843
4.72262	-0.00504045
4.72286	-0.00165658
4.72311	-0.00231982
4.72335	-0.0070479
4.7236	-0.0112933
4.72384	-0.0106205
4.72409	-0.0062974
4.72433	-0.00395289
4.72458	-0.00599453
4.72482	-0.00907756
4.72507	-0.0105285
4.72531	-0.0119129
4.72555	-0.0131082
4.7258	-0.00937538
4.72604	-0.000236177
4.72629	0.00482567
4.72653	-0.00190382
4.72678	-0.0130005
4.72702	-0.0139246
4.72727	-0.00247008
4.72751	0.00939579
4.72776	0.0122317
4.728	0.00756224
4.72825	-0.000654122
4.72849	-0.011521
4.72873	-0.0205879
4.72898	-0.018532
4.72922	-0.00379415
4.72947	0.0106904
4.72971	0.0115429
4.72996	0.00155036
4.7302	-0.00540721
4.73045	-0.00340869
4.73069	-0.000201183
4.73094	-0.00354802
4.73118	-0.00985436
4.73143	-0.0108633
4.73167	-0.00675965
4.73191	-0.00562751
4.73216	-0.0103616
4.7324	-0.0134058
4.73265	-0.00830057
4.73289	-0.000663901
4.73314	-0.000422712
4.73338	-0.00631967
4.73363	-0.00778907
4.73387	-0.00233637
4.73412	-6.98233e-07
4.73436	-0.00642034
4.73461	-0.0123243
4.73485	-0.00795155
4.73509	0.000940418
4.73534	0.00222311
4.73558	-0.00362677
4.73583	-0.00602432
4.73607	-0.00251947
4.73632	-0.00144174
4.73656	-0.00613349
4.73681	-0.00893631
4.73705	-0.00418593
4.7373	0.00283666
4.73754	0.00462851
4.73778	0.00157482
4.73803	-0.0013395
4.73827	-0.00213865
4.73852	-0.00185262
4.73876	-0.00115124
4.73901	-0.000526442
4.73925	-0.000872224
4.7395	-0.00189589
4.73974	-0.0025922
4.73999	-0.00350488
4.74023	-0.00504919
4.74048	-0.00455391
4.74072	-8.97058e-05
4.74096	0.00384344
4.74121	0.00107254
4.74145	-0.00613964
4.7417	-0.00929496
4.74194	-0.00640425
4.74219	-0.00406721
4.74243	-0.00537649
4.74268	-0.00517587
4.74292	-0.000874068
4.74317	0.00160219
4.74341	-0.00161433
4.74366	-0.00442997
4.7439	-0.000859291
4.74414	0.00438184
4.74439	0.004033
4.74463	0.00109018
4.74488	0.0033212
4.74512	0.00896832
4.74537	0.00922153
4.74561	0.00395933
4.74586	0.00340685
4.7461	0.0115228
4.74635	0.0179228
4.74659	0.0120205
4.74684	-0.00220644
4.74708	-0.0126448
4.74732	-0.0150533
4.74757	-0.0142193
4.74781	-0.0119291
4.74806	-0.00424718
4.7483	0.00713448
4.74855	0.0108507
4.74879	0.000286468
4.74904	-0.0144913
4.74928	-0.0186638
4.74953	-0.0130297
4.74977	-0.0112304
4.75001	-0.017147
4.75026	-0.0184932
4.7505	-0.00770179
4.75075	0.00381576
4.75099	0.00226286
4.75124	-0.00755225
4.75148	-0.0108123
4.75173	-0.00586612
4.75197	-0.0039635
4.75222	-0.00843769
4.75246	-0.00985186
4.75271	-0.00372908
4.75295	0.0010371
4.75319	-0.00346801
4.75344	-0.0125656
4.75368	-0.0172378
4.75393	-0.0149843
4.75417	-0.00781244
4.75442	0.0016661
4.75466	0.00749932
4.75491	0.00306666
4.75515	-0.008152
4.7554	-0.013642
4.75564	-0.0092357
4.75589	-0.00540834
4.75613	-0.00962768
4.75637	-0.0138267
4.75662	-0.00919496
4.75686	-0.00242258
4.75711	-0.00405322
4.75735	-0.00938175
4.7576	-0.00642526
4.75784	0.00268419
4.75809	0.0047695
4.75833	-0.00244006
4.75858	-0.00797136
4.75882	-0.00733602
4.75907	-0.00815195
4.75931	-0.0130458
4.75955	-0.0128319
4.7598	-0.00313133
4.76004	0.0057836
4.76029	0.00422188
4.76053	-0.00251156
4.76078	-0.0040004
4.76102	-0.000554814
4.76127	0.000171705
4.76151	-0.00380936
4.76176	-0.00803308
4.762	-0.00950647
4.76224	-0.00809302
4.76249	-0.00381222
4.76273	0.00108461
4.76298	0.0016872
4.76322	-0.00219647
4.76347	-0.00361161
4.76371	0.000241089
4.76396	0.000909273
4.7642	-0.00821619
4.76445	-0.0179373
4.76469	-0.01444
4.76494	-0.00119011
4.76518	0.00387388
4.76542	-0.00629756
4.76567	-0.0182332
4.76591	-0.0177133
4.76616	-0.00821521
4.7664	-0.00290918
4.76665	-0.0059449
4.76689	-0.00960049
4.76714	-0.00658878
4.76738	0.00106419
4.76763	0.00483724
4.76787	-0.00106206
4.76812	-0.0124431
4.76836	-0.0177458
4.7686	-0.0112949
4.76885	-0.00217204
4.76909	-0.00318881
4.76934	-0.011931
4.76958	-0.0128459
4.76983	-0.000702692
4.77007	0.00960875
4.77032	0.00417628
4.77056	-0.00889543
4.77081	-0.0108911
4.77105	0.000939257
4.7713	0.0110957
4.77154	0.00860097
4.77178	-0.000299455
4.77203	-0.00452874
4.77227	-0.00310593
4.77252	-0.00251888
4.77276	-0.00560867
4.77301	-0.00884824
4.77325	-0.00826408
4.7735	-0.00440602
4.77374	-0.00178663
4.77399	-0.00398165
4.77423	-0.00865704
4.77447	-0.00937189
4.77472	-0.00470739
4.77496	-0.00239837
4.77521	-0.00922239
4.77545	-0.0193684
4.7757	-0.0203927
4.77594	-0.0104668
4.77619	-0.00127846
4.77643	-0.00161785
4.77668	-0.00628408
4.77692	-0.00606653
4.77717	-0.0018176
4.77741	-0.00136384
4.77765	-0.00623455
4.7779	-0.00942847
4.77814	-0.00614461
4.77839	-0.000361806
4.77863	0.00130076
4.77888	-0.00192077
4.77912	-0.00550545
4.77937	-0.00647567
4.77961	-0.00608331
4.77986	-0.00579632
4.7801	-0.0044879
4.78035	-0.00225378
4.78059	-0.00385128
4.78083	-0.0126287
4.78108	-0.0216676
4.78132	-0.0186069
4.78157	-0.00243088
4.78181	0.0117147
4.78206	0.0102889
4.7823	-0.00207946
4.78255	-0.0110908
4.78279	-0.0120863
4.78304	-0.0109725
4.78328	-0.0101718
4.78353	-0.00649842
4.78377	-0.00246751
4.78401	-0.00638128
4.78426	-0.0180551
4.7845	-0.026071
4.78475	-0.0237372
4.78499	-0.0175256
4.78524	-0.01494
4.78548	-0.014467
4.78573	-0.0132705
4.78597	-0.0140092
4.78622	-0.0164404
4.78646	-0.0128324
4.7867	-0.0013875
4.78695	0.00551418
4.78719	-0.00174289
4.78744	-0.0129922
4.78768	-0.0120657
4.78793	-0.00185867
4.78817	-0.000130316
4.78842	-0.0122345
4.78866	-0.0235063
4.78891	-0.0209793
4.78915	-0.00962335
4.7894	-0.00254766
4.78964	-0.00494118
4.78988	-0.0124854
4.79013	-0.0183485
4.79037	-0.017708
4.79062	-0.0108263
4.79086	-0.00396947
4.79111	-0.00258152
4.79135	-0.0036472
4.7916	-0.00116254
4.79184	0.00222948
4.79209	-0.00147758
4.79233	-0.0105671
4.79258	-0.0133853
4.79282	-0.00656027
4.79306	-0.00172646
4.79331	-0.00753617
4.79355	-0.0154454
4.7938	-0.0127928
4.79404	-0.00218794
4.79429	0.00311628
4.79453	-0.00149222
4.79478	-0.00830993
4.79502	-0.0108498
4.79527	-0.0104471
4.79551	-0.00896948
4.79576	-0.0046521
4.796	0.00171557
4.79624	0.00384524
4.79649	-0.00227984
4.79673	-0.0120836
4.79698	-0.0177967
4.79722	-0.0173866
4.79747	-0.0149457
4.79771	-0.0144736
4.79796	-0.0165173
4.7982	-0.0195481
4.79845	-0.0213076
4.79869	-0.0191118
4.79893	-0.0121621
4.79918	-0.00450213
4.79942	-0.00272782
4.79967	-0.0082431
4.79991	-0.0136751
4.80016	-0.0107071
4.8004	-0.00123739
4.80065	0.00374056
4.80089	-0.00174221
4.80114	-0.0100204
4.80138	-0.00967922
4.80163	-0.00129407
4.80187	0.00289909
4.80211	-0.0045434
4.80236	-0.0157913
4.8026	-0.0168845
4.80285	-0.00452838
4.80309	0.0096534
4.80334	0.0115634
4.80358	-0.000117056
4.80383	-0.0120764
4.80407	-0.0107533
4.80432	0.00188166
4.80456	0.0102524
4.80481	0.0043413
4.80505	-0.00800904
4.80529	-0.0127463
4.80554	-0.00887683
4.80578	-0.0074377
4.80603	-0.0129689
4.80627	-0.0167599
4.80652	-0.0114131
4.80676	-0.00251048
4.80701	0.000180899
4.80725	-0.0038143
4.8075	-0.00782075
4.80774	-0.00860009
4.80799	-0.0077788
4.80823	-0.00611216
4.80847	-0.00319827
4.80872	-0.00105216
4.80896	-0.00214431
4.80921	-0.00516121
4.80945	-0.00727271
4.8097	-0.00862193
4.80994	-0.0101565
4.81019	-0.00982238
4.81043	-0.00609205
4.81068	-0.00231853
4.81092	-0.00175763
4.81116	-0.00145571
4.81141	0.00185863
4.81165	0.00296773
4.8119	-0.00550136
4.81214	-0.0190124
4.81239	-0.0234082
4.81263	-0.0129061
4.81288	0.00277545
4.81312	0.0114587
4.81337	0.0105551
4.81361	0.00373496
4.81386	-0.00564184
4.8141	-0.0134391
4.81434	-0.0147787
4.81459	-0.0105052
4.81483	-0.0076828
4.81508	-0.00925008
4.81532	-0.00954371
4.81557	-0.0046679
4.81581	-6.98939e-05
4.81606	-0.00142293
4.8163	-0.00468449
4.81655	-0.00312797
4.81679	0.000934967
4.81704	0.000153217
4.81728	-0.00559791
4.81752	-0.00949948
4.81777	-0.00846003
4.81801	-0.00583568
4.81826	-0.00453806
4.8185	-0.00397076
4.81875	-0.00304988
4.81899	-0.00117465
4.81924	0.00197877
4.81948	0.003354
4.81973	-0.0025727
4.81997	-0.0140421
4.82022	-0.0188936
4.82046	-0.0097834
4.8207	0.00269793
4.82095	0.00300324
4.82119	-0.00734093
4.82144	-0.013477
4.82168	-0.0104111
4.82193	-0.00735117
4.82217	-0.00850231
4.82242	-0.00612014
4.82266	0.00234886
4.82291	0.0058192
4.82315	-0.00291203
4.8234	-0.0137046
4.82364	-0.0135977
4.82388	-0.0051943
4.82413	0.000279265
4.82437	0.000636578
4.82462	0.00203859
4.82486	0.00570495
4.82511	0.00641173
4.82535	0.00206577
4.8256	-0.00386694
4.82584	-0.00802313
4.82609	-0.00902165
4.82633	-0.006426
4.82657	-0.00323394
4.82682	-0.00524901
4.82706	-0.0122654
4.82731	-0.0153003
4.82755	-0.00939861
4.8278	-0.00278728
4.82804	-0.00431385
4.82829	-0.0082824
4.82853	-0.0038567
4.82878	0.00506279
4.82902	0.00414917
4.82927	-0.0078086
4.82951	-0.0150429
4.82975	-0.00836821
4.83	0.00115046
4.83024	-0.000302095
4.83049	-0.00885403
4.83073	-0.0105323
4.83098	-0.0031777
4.83122	0.000748633
4.83147	-0.00715376
4.83171	-0.0191084
4.83196	-0.0215901
4.8322	-0.0127596
4.83245	-0.00387293
4.83269	-0.00405903
4.83293	-0.00923841
4.83318	-0.00959264
4.83342	-0.00428409
4.83367	-0.00207513
4.83391	-0.00746997
4.83416	-0.0137558
4.8344	-0.0130885
4.83465	-0.00723507
4.83489	-0.00327263
4.83514	-0.00346552
4.83538	-0.00499251
4.83563	-0.00593736
4.83587	-0.00589984
4.83611	-0.00387743
4.83636	-0.000977366
4.8366	-0.00187882
4.83685	-0.00786506
4.83709	-0.0118938
4.83734	-0.00708536
4.83758	0.00290345
4.83783	0.00871096
4.83807	0.00760488
4.83832	0.00399404
4.83856	0.000575757
4.8388	-0.00298234
4.83905	-0.00472753
4.83929	-0.00234656
4.83954	0.00070236
4.83978	-0.000822929
4.84003	-0.00487617
4.84027	-0.00542488
4.84052	-0.00359943
4.84076	-0.00574556
4.84101	-0.0105051
4.84125	-0.00893778
4.8415	-4.71595e-05
4.84174	0.0045143
4.84198	-0.00358002
4.84223	-0.0170718
4.84247	-0.0229674
4.84272	-0.0184279
4.84296	-0.010686
4.84321	-0.00574419
4.84345	-0.00353688
4.8437	-0.00218628
4.84394	-0.00161111
4.84419	-0.00253043
4.84443	-0.00442871
4.84468	-0.00528568
4.84492	-0.00355166
4.84516	-0.00086899
4.84541	-0.00129827
4.84565	-0.00597647
4.8459	-0.0103929
4.84614	-0.00972942
4.84639	-0.00524918
4.84663	-0.00253158
4.84688	-0.00499098
4.84712	-0.0113386
4.84737	-0.0167411
4.84761	-0.0146962
4.84786	-0.00275931
4.8481	0.0103958
4.84834	0.010233
4.84859	-0.00564992
4.84883	-0.0212404
4.84908	-0.0210426
4.84932	-0.00899724
4.84957	-9.49965e-05
4.84981	0.000238165
4.85006	-0.00234732
4.8503	-0.00464087
4.85055	-0.00830702
4.85079	-0.0119291
4.85103	-0.0125578
4.85128	-0.0128626
4.85152	-0.0159334
4.85177	-0.0167834
4.85201	-0.0107816
4.85226	-0.00528728
4.8525	-0.00855799
4.85275	-0.0127409
4.85299	-0.00570432
4.85324	0.00492585
4.85348	0.0013657
4.85373	-0.012412
4.85397	-0.0136109
4.85421	0.0012954
4.85446	0.00823819
4.8547	-0.00528155
4.85495	-0.0186736
4.85519	-0.0112114
4.85544	0.0059337
4.85568	0.00988379
4.85593	0.000357476
4.85617	-0.00735665
4.85642	-0.00982109
4.85666	-0.0135441
4.85691	-0.0154826
4.85715	-0.00790794
4.85739	0.00276088
4.85764	0.00294253
4.85788	-0.00500768
4.85813	-0.00585416
4.85837	0.00334572
4.85862	0.00923663
4.85886	0.00427559
4.85911	-0.00383022
4.85935	-0.00747184
4.8596	-0.00889575
4.85984	-0.0105267
4.86009	-0.00879789
4.86033	-0.00302995
4.86057	0.000479861
4.86082	-0.00101087
4.86106	-0.00124695
4.86131	0.00392939
4.86155	0.00783409
4.8618	0.00238156
4.86204	-0.00875625
4.86229	-0.0137032
4.86253	-0.0074517
4.86278	0.00214413
4.86302	0.0040827
4.86326	-0.00347423
4.86351	-0.0127131
4.86375	-0.016643
4.864	-0.0164603
4.86424	-0.0165715
4.86449	-0.0160185
4.86473	-0.0104695
4.86498	-0.00134926
4.86522	0.00410828
4.86547	0.00279419
4.86571	-0.00101071
4.86596	-0.00365593
4.8662	-0.00600446
4.86644	-0.00730216
4.86669	-0.00363677
4.86693	0.00383476
4.86718	0.00753151
4.86742	0.00484777
4.86767	0.00244409
4.86791	0.00413941
4.86816	0.00400167
4.8684	-0.0017416
4.86865	-0.00598055
4.86889	-0.00327255
4.86914	-0.00173552
4.86938	-0.0102902
4.86962	-0.0212552
4.86987	-0.0198513
4.87011	-0.00734304
4.87036	-0.000150391
4.8706	-0.00597513
4.87085	-0.0140219
4.87109	-0.0118854
4.87134	-0.00145862
4.87158	0.00675326
4.87183	0.00764251
4.87207	0.00445029
4.87232	0.00185275
4.87256	0.000741232
4.8728	-0.000843966
4.87305	-0.00359126
4.87329	-0.00491382
4.87354	-0.00269738
4.87378	-0.00040304
4.87403	-0.00413304
4.87427	-0.0132374
4.87452	-0.0188676
4.87476	-0.0149079
4.87501	-0.00587613
4.87525	-0.000480211
4.87549	-0.00140841
4.87574	-0.0049964
4.87598	-0.0072185
4.87623	-0.0066651
4.87647	-0.00468124
4.87672	-0.00445622
4.87696	-0.00677943
4.87721	-0.00719652
4.87745	-0.00294135
4.8777	-0.000674765
4.87794	-0.00786895
4.87819	-0.0177053
4.87843	-0.0158104
4.87867	-0.00351464
4.87892	0.00142893
4.87916	-0.00757462
4.87941	-0.0148071
4.87965	-0.00791827
4.8799	0.00223738
4.88014	0.000953043
4.88039	-0.00626901
4.88063	-0.00580469
4.88088	0.000224073
4.88112	0.000942511
4.88137	-0.00180241
4.88161	0.00118505
4.88185	0.00613958
4.8821	0.00178163
4.88234	-0.00853678
4.88259	-0.0102312
4.88283	-0.00192441
4.88308	0.00271486
4.88332	-0.00157922
4.88357	-0.00474092
4.88381	-0.000678067
4.88406	0.00351928
4.8843	0.00215042
4.88455	-0.000281532
4.88479	-3.66524e-06
4.88503	-0.000637076
4.88528	-0.00385865
4.88552	-0.00508731
4.88577	-0.00332277
4.88601	-0.00448263
4.88626	-0.0103047
4.8865	-0.0139719
4.88675	-0.0113772
4.88699	-0.007668
4.88724	-0.00831312
4.88748	-0.0116697
4.88772	-0.0136662
4.88797	-0.0124505
4.88821	-0.00661836
4.88846	0.00322215
4.8887	0.0103536
4.88895	0.00829466
4.88919	0.00138793
4.88944	-0.000939503
4.88968	0.000104061
4.88993	-0.00472229
4.89017	-0.0140015
4.89042	-0.0149421
4.89066	-0.00522784
4.8909	0.000326039
4.89115	-0.0074065
4.89139	-0.0169167
4.89164	-0.0144403
4.89188	-0.00498389
4.89213	-0.00224291
4.89237	-0.00670918
4.89262	-0.00796276
4.89286	-0.00353384
4.89311	-0.00170613
4.89335	-0.00686862
4.8936	-0.0135363
4.89384	-0.015837
4.89408	-0.0143747
4.89433	-0.0123974
4.89457	-0.0116627
4.89482	-0.0130695
4.89506	-0.0158428
4.89531	-0.0155197
4.89555	-0.00825631
4.8958	0.00167503
4.89604	0.00424782
4.89629	-0.00359188
4.89653	-0.0119206
4.89678	-0.00894226
4.89702	0.00403964
4.89726	0.0137272
4.89751	0.0109751
4.89775	0.000879401
4.898	-0.00558427
4.89824	-0.00540364
4.89849	-0.00411071
4.89873	-0.00545109
4.89898	-0.00717094
4.89922	-0.00683482
4.89947	-0.00553135
4.89971	-0.00485683
4.89996	-0.00568866
4.9002	-0.010043
4.90044	-0.0175567
4.90069	-0.0205633
4.90093	-0.0119985
4.90118	0.000861006
4.90142	0.00226368
4.90167	-0.00887673
4.90191	-0.015144
4.90216	-0.00695115
4.9024	0.00149264
4.90265	-0.00558353
4.90289	-0.0198322
4.90313	-0.0215317
4.90338	-0.00970087
4.90362	-0.00164939
4.90387	-0.00624048
4.90411	-0.0146498
4.90436	-0.0171026
4.9046	-0.0135105
4.90485	-0.00658398
4.90509	0.00198859
4.90534	0.00683354
4.90558	0.00269191
4.90583	-0.00527731
4.90607	-0.00608646
4.90631	0.00103062
4.90656	0.00611985
4.9068	0.00466195
4.90705	0.00222803
4.90729	0.00157961
4.90754	-0.00209554
4.90778	-0.00958095
4.90803	-0.0132179
4.90827	-0.00923398
4.90852	-0.00448334
4.90876	-0.00537447
4.90901	-0.00842685
4.90925	-0.00731311
4.90949	-0.00255052
4.90974	0.0010229
4.90998	0.00157646
4.91023	0.00114768
4.91047	0.00232482
4.91072	0.00580035
4.91096	0.00891304
4.91121	0.00765413
4.91145	0.00275896
4.9117	5.10507e-05
4.91194	0.000773052
4.91219	-0.00205754
4.91243	-0.0111192
4.91267	-0.0168293
4.91292	-0.0119647
4.91316	-0.00576608
4.91341	-0.00969527
4.91365	-0.0167886
4.9139	-0.0125665
4.91414	-0.000989555
4.91439	0.000902369
4.91463	-0.00800416
4.91488	-0.0116207
4.91512	-0.00589866
4.91536	-0.00587347
4.91561	-0.0172472
4.91585	-0.0236844
4.9161	-0.0134604
4.91634	0.00097249
4.91659	0.00375141
4.91683	-0.000669467
4.91708	8.71555e-05
4.91732	0.00390388
4.91757	0.00114879
4.91781	-0.00551187
4.91806	-0.00553611
4.9183	0.000454454
4.91854	0.00166073
4.91879	-0.00458432
4.91903	-0.00852927
4.91928	-0.00307433
4.91952	0.00620831
4.91977	0.00850194
4.92001	0.000257261
4.92026	-0.0112941
4.9205	-0.0156877
4.92075	-0.0105637
4.92099	-0.00431133
4.92124	-0.0046575
4.92148	-0.00796849
4.92172	-0.00650645
4.92197	-0.00265446
4.92221	-0.00502111
4.92246	-0.0117791
4.9227	-0.0113718
4.92295	-0.00180059
4.92319	0.00460691
4.92344	0.000407398
4.92368	-0.00602188
4.92393	-0.00542904
4.92417	-0.00185354
4.92442	-0.00370196
4.92466	-0.0101858
4.9249	-0.014841
4.92515	-0.0152137
4.92539	-0.0123765
4.92564	-0.00754387
4.92588	-0.00423015
4.92613	-0.00662671
4.92637	-0.0118918
4.92662	-0.0120784
4.92686	-0.00695706
4.92711	-0.00540094
4.92735	-0.0106167
4.92759	-0.0147167
4.92784	-0.0122146
4.92808	-0.00777542
4.92833	-0.00576412
4.92857	-0.00363292
4.92882	-0.000789519
4.92906	-0.00196787
4.92931	-0.00637
4.92955	-0.00630625
4.9298	-0.0023287
4.93004	-0.00523446
4.93029	-0.0157909
4.93053	-0.0185389
4.93077	-0.00627787
4.93102	0.00499778
4.93126	-0.000632737
4.93151	-0.014331
4.93175	-0.0170139
4.932	-0.00821327
4.93224	-0.00340893
4.93249	-0.00866256
4.93273	-0.0138681
4.93298	-0.00953397
4.93322	0.00132026
4.93347	0.00801476
4.93371	0.00308068
4.93395	-0.00966392
4.9342	-0.0164912
4.93444	-0.00957264
4.93469	-0.000300763
4.93493	-0.00459331
4.93518	-0.0162105
4.93542	-0.0139297
4.93567	0.00227836
4.93591	0.00712432
4.93616	-0.00868077
4.9364	-0.0201159
4.93665	-0.0081397
4.93689	0.00762139
4.93713	0.00102816
4.93738	-0.0172625
4.93762	-0.0183669
4.93787	-0.00174961
4.93811	0.00854297
4.93836	0.00485098
4.9386	0.00139266
4.93885	0.00301407
4.93909	-0.00103838
4.93934	-0.0115055
4.93958	-0.0145362
4.93982	-0.00625224
4.94007	0.00106357
4.94031	0.000766907
4.94056	-0.000466579
4.9408	0.000788201
4.94105	-0.000215088
4.94129	-0.00270756
4.94154	-0.000239323
4.94178	0.00420303
4.94203	0.000763427
4.94227	-0.00879904
4.94252	-0.0128986
4.94276	-0.010355
4.943	-0.0106389
4.94325	-0.0145962
4.94349	-0.0141867
4.94374	-0.0105937
4.94398	-0.0121811
4.94423	-0.0153138
4.94447	-0.00933663
4.94472	-0.000115303
4.94496	-0.00403363
4.94521	-0.0173165
4.94545	-0.0178974
4.9457	-0.00194235
4.94594	0.0089826
4.94618	0.00413904
4.94643	-0.00113135
4.94667	0.00311759
4.94692	0.00260396
4.94716	-0.0132553
4.94741	-0.0291011
4.94765	-0.0272235
4.9479	-0.013639
4.94814	-0.00382298
4.94839	-0.000128539
4.94863	0.0010535
4.94888	-0.00290393
4.94912	-0.0104551
4.94936	-0.0101814
4.94961	-0.000523899
4.94985	0.00211263
4.9501	-0.00993378
4.95034	-0.0194475
4.95059	-0.0119784
4.95083	-0.000638705
4.95108	-0.00349987
4.95132	-0.0138555
4.95157	-0.0148733
4.95181	-0.00820358
4.95205	-0.0051455
4.9523	-0.00340464
4.95254	0.00382476
4.95279	0.00844876
4.95303	0.00118018
4.95328	-0.00741152
4.95352	-0.0041075
4.95377	0.00106366
4.95401	-0.00707132
4.95426	-0.0170188
4.9545	-0.00793078
4.95475	0.0105396
4.95499	0.0104275
4.95523	-0.00668207
4.95548	-0.0107847
4.95572	0.00545955
4.95597	0.013716
4.95621	-0.00263753
4.95646	-0.0218804
4.9567	-0.0198238
4.95695	-0.00438027
4.95719	0.00337928
4.95744	0.00033337
4.95768	-0.0044871
4.95793	-0.00899294
4.95817	-0.0139381
4.95841	-0.0131851
4.95866	-0.00315349
4.9589	0.00808969
4.95915	0.0118203
4.95939	0.00858587
4.95964	0.000630676
4.95988	-0.0117583
4.96013	-0.0201134
4.96037	-0.0115286
4.96062	0.00838475
4.96086	0.0149194
4.96111	-0.00140217
4.96135	-0.0185471
4.96159	-0.0157019
4.96184	-0.00393258
4.96208	-0.00549994
4.96233	-0.0182977
4.96257	-0.0227523
4.96282	-0.0133775
4.96306	-0.00182333
4.96331	0.00443308
4.96355	0.00644983
4.9638	0.00234055
4.96404	-0.00948718
4.96428	-0.0191608
4.96453	-0.0149239
4.96477	-0.00166012
4.96502	0.00521773
4.96526	0.00137122
4.96551	-0.00500305
4.96575	-0.00892137
4.966	-0.0112491
4.96624	-0.0103158
4.96649	-0.00590271
4.96673	-0.00645168
4.96698	-0.0166699
4.96722	-0.0241192
4.96746	-0.0158324
4.96771	-0.00175194
4.96795	-0.000786766
4.9682	-0.00891704
4.96844	-0.00571895
4.96869	0.00933123
4.96893	0.0142122
4.96918	0.00120232
4.96942	-0.0105865
4.96967	-0.0073538
4.96991	-7.59804e-05
4.97016	-0.00066461
4.9704	-0.00202269
4.97064	0.00363715
4.97089	0.00709179
4.97113	-0.000393487
4.97138	-0.00874183
4.97162	-0.00583691
4.97187	0.00126435
4.97211	-0.000371445
4.97236	-0.00655026
4.9726	-0.00425529
4.97285	0.00558638
4.97309	0.0107698
4.97334	0.00720372
4.97358	0.000705875
4.97382	-0.0051556
4.97407	-0.00963492
4.97431	-0.00882277
4.97456	-0.00186485
4.9748	0.00257058
4.97505	-0.00175228
4.97529	-0.00685867
4.97554	-0.00334832
4.97578	0.00262299
4.97603	-0.000202841
4.97627	-0.00776216
4.97652	-0.00739327
4.97676	6.31766e-05
4.977	0.00260012
4.97725	-0.00129055
4.97749	-0.00138303
4.97774	0.00417498
4.97798	0.00531147
4.97823	-0.00107725
4.97847	-0.00505276
4.97872	-0.000970332
4.97896	0.00319702
4.97921	-0.000529697
4.97945	-0.00849055
4.97969	-0.0124917
4.97994	-0.00946389
4.98018	-0.00063856
4.98043	0.0100936
4.98067	0.014734
4.98092	0.00744747
4.98116	-0.00539732
4.98141	-0.010749
4.98165	-0.00625044
4.9819	-0.00227012
4.98214	-0.00470455
4.98239	-0.00706948
4.98263	-0.00354132
4.98287	0.00120257
4.98312	0.00126665
4.98336	-0.000442163
4.98361	0.00138597
4.98385	0.00443141
4.9841	0.0019537
4.98434	-0.00741865
4.98459	-0.0176272
4.98483	-0.02098
4.98508	-0.0147146
4.98532	-0.0043396
4.98557	0.000457905
4.98581	-0.00303569
4.98605	-0.00630022
4.9863	-0.00196245
4.98654	0.00394666
4.98679	0.00104463
4.98703	-0.00791495
4.98728	-0.0104791
4.98752	-0.00420354
4.98777	-0.000110381
4.98801	-0.00513676
4.98826	-0.0131896
4.9885	-0.0164828
4.98875	-0.0150181
4.98899	-0.0116039
4.98923	-0.007293
4.98948	-0.00467323
4.98972	-0.00664857
4.98997	-0.00986665
4.99021	-0.00805261
4.99046	-0.00243594
4.9907	0.000650047
4.99095	0.0014218
4.99119	0.00428424
4.99144	0.00572121
4.99168	-0.000791821
4.99192	-0.00879548
4.99217	-0.00539781
4.99241	0.0051675
4.99266	0.00440405
4.9929	-0.0101651
4.99315	-0.0189824
4.99339	-0.0118481
4.99364	-0.00325737
4.99388	-0.00560398
4.99413	-0.00924157
4.99437	-0.00422787
4.99462	-0.000946624
4.99486	-0.00978469
4.9951	-0.0181879
4.99535	-0.0104454
4.99559	0.00329247
4.99584	0.00162243
4.99608	-0.013773
4.99633	-0.0218431
4.99657	-0.0147323
4.99682	-0.00482258
4.99706	-0.00218602
4.99731	-0.00449165
4.99755	-0.00768312
4.9978	-0.00979325
4.99804	-0.0065752
4.99828	0.00128373
4.99853	0.0013623
4.99877	-0.0133737
4.99902	-0.0270155
4.99926	-0.0203429
4.99951	-0.00269051
4.99975	-0.000535308
5.0	-0.0163012
5.00024	-0.0247111
5.00049	-0.0133987
5.00073	-0.000659084
5.00098	-0.00357512
5.00122	-0.0123886
5.00146	-0.0108875
5.00171	-0.00338036
5.00195	-0.00423923
5.0022	-0.0131286
5.00244	-0.0173587
5.00269	-0.0119967
5.00293	-0.00391123
5.00318	0.000400142
5.00342	0.00072973
5.00367	-0.000886792
5.00391	-0.00309909
5.00415	-0.0055739
5.0044	-0.00942125
5.00464	-0.0143602
5.00489	-0.0154829
5.00513	-0.00914924
5.00538	-0.0016398
5.00562	-0.00277877
5.00587	-0.0105236
5.00611	-0.0130923
5.00636	-0.00816839
5.0066	-0.00679734
5.00685	-0.0137394
5.00709	-0.0179102
5.00733	-0.0103386
5.00758	0.000824238
5.00782	0.00347841
5.00807	-0.000376176
5.00831	-0.000998203
5.00856	0.00256442
5.0088	0.00393168
5.00905	0.0020223
5.00929	0.00129758
5.00954	0.00256778
5.00978	0.00270398
5.01003	0.00122254
5.01027	-0.00012408
5.01051	-0.00184816
5.01076	-0.00479763
5.011	-0.00678611
5.01125	-0.00631453
5.01149	-0.00595214
5.01174	-0.00761194
5.01198	-0.00931961
5.01223	-0.0105278
5.01247	-0.0137307
5.01272	-0.016336
5.01296	-0.0102953
5.01321	0.00320032
5.01345	0.0092493
5.01369	-7.2416e-05
5.01394	-0.0106759
5.01418	-0.00607365
5.01443	0.006432
5.01467	0.00651852
5.01492	-0.00713914
5.01516	-0.0152537
5.01541	-0.00822084
5.01565	0.00166652
5.0159	0.00274316
5.01614	0.00041575
5.01638	0.00268513
5.01663	0.0049901
5.01687	0.00118102
5.01712	-0.00244877
5.01736	0.00240002
5.01761	0.00956707
5.01785	0.00618105
5.0181	-0.00729941
5.01834	-0.0174735
5.01859	-0.0169229
5.01883	-0.0114552
5.01908	-0.00810956
5.01932	-0.00634513
5.01956	-0.00404921
5.01981	-0.00399573
5.02005	-0.00922057
5.0203	-0.016292
5.02054	-0.0178146
5.02079	-0.0107091
5.02103	-6.97031e-05
5.02128	0.00519582
5.02152	0.000903038
5.02177	-0.00783282
5.02201	-0.0121391
5.02226	-0.00970962
5.0225	-0.00591511
5.02274	-0.00369314
5.02299	0.000895915
5.02323	0.00840703
5.02348	0.00906294
5.02372	-0.00421043
5.02397	-0.0207304
5.02421	-0.0225704
5.02446	-0.009045
5.0247	0.00242181
5.02495	0.00144354
5.02519	-0.00320848
5.02544	-0.00154152
5.02568	0.00167884
5.02592	-0.00173245
5.02617	-0.00765599
5.02641	-0.00759151
5.02666	-0.00418172
5.0269	-0.00575346
5.02715	-0.01079
5.02739	-0.0110729
5.02764	-0.00687297
5.02788	-0.00581549
5.02813	-0.00831785
5.02837	-0.00720931
5.02861	-0.00171828
5.02886	0.000866649
5.0291	-0.00129989
5.02935	-0.00160556
5.02959	0.00230214
5.02984	0.00424265
5.03008	0.00092645
5.03033	-0.00300288
5.03057	-0.00436886
5.03082	-0.00555981
5.03106	-0.00645724
5.03131	-0.00312995
5.03155	0.00244197
5.03179	0.00278993
5.03204	-0.001583
5.03228	-0.00162344
5.03253	0.0035618
5.03277	0.00354027
5.03302	-0.00428695
5.03326	-0.00791586
5.03351	-0.00156771
5.03375	0.00263517
5.034	-0.00453028
5.03424	-0.0121435
5.03449	-0.00742225
5.03473	0.00232902
5.03497	0.00331962
5.03522	-0.000730315
5.03546	0.0023328
5.03571	0.00900904
5.03595	0.00666094
5.0362	-0.00131959
5.03644	0.00064023
5.03669	0.012638
5.03693	0.0174821
5.03718	0.00881497
5.03742	0.00065986
5.03767	0.00351181
5.03791	0.00891301
5.03815	0.0055927
5.0384	-0.00356238
5.03864	-0.00899972
5.03889	-0.00789301
5.03913	-0.00311103
5.03938	0.00198346
5.03962	0.00268703
5.03987	-0.00404159
5.04011	-0.0119177
5.04036	-0.0101656
5.0406	0.000646718
5.04084	0.00784996
5.04109	0.00519136
5.04133	0.000937572
5.04158	0.00281305
5.04182	0.00635774
5.04207	0.00509719
5.04231	0.00214234
5.04256	0.00333842
5.0428	0.00643116
5.04305	0.00517958
5.04329	-0.000776604
5.04354	-0.0064839
5.04378	-0.00831215
5.04402	-0.00584381
5.04427	-0.00107369
5.04451	0.00153629
5.04476	-0.0015555
5.045	-0.00783368
5.04525	-0.0111622
5.04549	-0.00931225
5.04574	-0.00425641
5.04598	0.00277256
5.04623	0.0095544
5.04647	0.00972433
5.04672	0.00121095
5.04696	-0.00544276
5.0472	0.000510446
5.04745	0.0117626
5.04769	0.0114989
5.04794	-0.00106661
5.04818	-0.00999926
5.04843	-0.00781708
5.04867	-0.0035276
5.04892	-0.00343724
5.04916	-0.00315708
5.04941	-0.00290406
5.04965	-0.0101581
5.0499	-0.0202388
5.05014	-0.0157888
5.05038	0.00433077
5.05063	0.017106
5.05087	0.00920941
5.05112	-0.00257219
5.05136	-0.000664043
5.05161	0.00509059
5.05185	-0.000639957
5.0521	-0.00817995
5.05234	-0.000557415
5.05259	0.0125917
5.05283	0.00812928
5.05307	-0.0110576
5.05332	-0.0186718
5.05356	-0.00566255
5.05381	0.00829764
5.05405	0.00692567
5.0543	-0.00222725
5.05454	-0.00553332
5.05479	-0.00259978
5.05503	-3.04422e-05
5.05528	0.000250875
5.05552	-0.000794453
5.05577	-0.0033411
5.05601	-0.00636813
5.05625	-0.00798468
5.0565	-0.00889023
5.05674	-0.00942369
5.05699	-0.00598161
5.05723	0.00209642
5.05748	0.00709228
5.05772	0.00378921
5.05797	-0.000385342
5.05821	0.00270336
5.05846	0.00710752
5.0587	0.00374223
5.05895	-0.00138897
5.05919	0.00300322
5.05943	0.0113494
5.05968	0.00833324
5.05992	-0.00491296
5.06017	-0.0118687
5.06041	-0.00720961
5.06066	-0.00248304
5.0609	-0.00429974
5.06115	-0.00644857
5.06139	-0.00589421
5.06164	-0.00729362
5.06188	-0.00843256
5.06213	-0.000610116
5.06237	0.0122189
5.06261	0.0141657
5.06286	0.00279917
5.0631	-0.0055503
5.06335	-0.00241535
5.06359	0.000680739
5.06384	-0.00474362
5.06408	-0.00887957
5.06433	-0.00320054
5.06457	0.00257566
5.06482	-0.00274047
5.06506	-0.0123025
5.06531	-0.0126389
5.06555	-0.00352116
5.06579	0.00570716
5.06604	0.00964696
5.06628	0.00648794
5.06653	-0.00507211
5.06677	-0.0186769
5.06702	-0.0212823
5.06726	-0.0111043
5.06751	-0.00304361
5.06775	-0.00650132
5.068	-0.0109208
5.06824	-0.00491833
5.06848	0.00387098
5.06873	0.00248615
5.06897	-0.0056646
5.06922	-0.00854118
5.06946	-0.00530873
5.06971	-0.00276553
5.06995	-0.000381398
5.0702	0.00521818
5.07044	0.00811092
5.07069	0.00172926
5.07093	-0.00617441
5.07118	-0.00352166
5.07142	0.00556505
5.07166	0.00636874
5.07191	-0.00318114
5.07215	-0.0105823
5.0724	-0.0087403
5.07264	-0.00318307
5.07289	0.000526838
5.07313	0.00298745
5.07338	0.00374572
5.07362	-3.9554e-05
5.07387	-0.00618091
5.07411	-0.00854775
5.07436	-0.00628532
5.0746	-0.00362445
5.07484	-0.00159373
5.07509	0.00142874
5.07533	0.00288597
5.07558	-0.000610439
5.07582	-0.00479431
5.07607	-0.00248742
5.07631	0.00430724
5.07656	0.00666828
5.0768	0.00222163
5.07705	-0.00286454
5.07729	-0.0044035
5.07754	-0.0036816
5.07778	-0.00138289
5.07802	0.00300969
5.07827	0.00638589
5.07851	0.00503888
5.07876	0.00183343
5.079	0.00257419
5.07925	0.00638375
5.07949	0.0071479
5.07974	0.00287444
5.07998	-0.00338904
5.08023	-0.00923046
5.08047	-0.0124441
5.08071	-0.00910633
5.08096	-0.000124775
5.0812	0.00509012
5.08145	0.000537988
5.08169	-0.00600601
5.08194	-0.004382
5.08218	0.00216038
5.08243	0.00375117
5.08267	8.45875e-06
5.08292	-0.00352853
5.08316	-0.00815202
5.08341	-0.0158446
5.08365	-0.0172025
5.08389	-0.00415236
5.08414	0.0102105
5.08438	0.00589983
5.08463	-0.0119306
5.08487	-0.0184696
5.08512	-0.00774316
5.08536	-0.000505549
5.08561	-0.00818062
5.08585	-0.0148693
5.0861	-0.00702695
5.08634	0.00249323
5.08659	-0.00292471
5.08683	-0.0154795
5.08707	-0.016887
5.08732	-0.00758058
5.08756	-0.00264939
5.08781	-0.00679187
5.08805	-0.0109568
5.0883	-0.00918549
5.08854	-0.00401037
5.08879	0.00161619
5.08903	0.00570353
5.08928	0.00396623
5.08952	-0.00440454
5.08977	-0.0116169
5.09001	-0.0110848
5.09025	-0.00725934
5.0905	-0.00678025
5.09074	-0.00673258
5.09099	-0.002442
5.09123	0.000291548
5.09148	-0.00598448
5.09172	-0.0148635
5.09197	-0.013978
5.09221	-0.00493442
5.09246	-0.000321676
5.0927	-0.00261939
5.09294	-0.00205983
5.09319	0.00372345
5.09343	0.00440335
5.09368	-0.00398932
5.09392	-0.00975379
5.09417	-0.00347646
5.09441	0.0063058
5.09466	0.00550602
5.0949	-0.00540643
5.09515	-0.014129
5.09539	-0.0147801
5.09564	-0.0131856
5.09588	-0.0149946
5.09612	-0.017228
5.09637	-0.0139763
5.09661	-0.00547236
5.09686	0.00149948
5.0971	0.000706443
5.09735	-0.0073512
5.09759	-0.0157829
5.09784	-0.0175434
5.09808	-0.0116645
5.09833	-0.00337497
5.09857	0.00136035
5.09882	0.00047487
5.09906	-0.00414812
5.0993	-0.00884869
5.09955	-0.0100226
5.09979	-0.00621402
5.10004	0.000153913
5.10028	0.00453552
5.10053	0.00474399
5.10077	0.00226108
5.10102	-0.00148023
5.10126	-0.00733555
5.10151	-0.0146516
5.10175	-0.0180181
5.102	-0.0125588
5.10224	-0.00211035
5.10248	0.00306593
5.10273	-0.00135497
5.10297	-0.00811988
5.10322	-0.00827072
5.10346	-0.00263612
5.10371	0.00118676
5.10395	0.000120253
5.1042	-0.00236536
5.10444	-0.00389361
5.10469	-0.00564326
5.10493	-0.00675548
5.10517	-0.00345781
5.10542	0.00394915
5.10566	0.00922951
5.10591	0.00806069
5.10615	0.00263201
5.1064	-0.00354792
5.10664	-0.00938741
5.10689	-0.0124282
5.10713	-0.00855782
5.10738	0.000420008
5.10762	0.0056821
5.10787	0.00274723
5.10811	-0.00230229
5.10835	-0.00277802
5.1086	-0.000783694
5.10884	-0.00117068
5.10909	-0.00335442
5.10933	-0.00567223
5.10958	-0.0105583
5.10982	-0.0178303
5.11007	-0.0200869
5.11031	-0.0130651
5.11056	-0.00354309
5.1108	0.00136131
5.11105	0.00452606
5.11129	0.00921822
5.11153	0.00912053
5.11178	0.000221756
5.11202	-0.00725743
5.11227	-0.00370542
5.11251	0.00238292
5.11276	-0.00110545
5.113	-0.00717388
5.11325	-0.00227457
5.11349	0.00621868
5.11374	0.000173957
5.11398	-0.0157194
5.11423	-0.0184578
5.11447	-0.00541107
5.11471	0.000851644
5.11496	-0.00813815
5.1152	-0.0126883
5.11545	-0.00127668
5.11569	0.00810431
5.11594	-0.000305222
5.11618	-0.0126966
5.11643	-0.010783
5.11667	-0.00230408
5.11692	-0.00325594
5.11716	-0.00812543
5.1174	-0.00335501
5.11765	0.00419564
5.11789	-0.000361858
5.11814	-0.00951281
5.11838	-0.00408234
5.11863	0.0108646
5.11887	0.00996038
5.11912	-0.0117995
5.11936	-0.0290988
5.11961	-0.0230713
5.11985	-0.0053402
5.1201	0.00374204
5.12034	0.00219386
5.12058	0.000107446
5.12083	1.09535e-05
5.12107	-0.00330328
5.12132	-0.0103092
5.12156	-0.0147648
5.12181	-0.0121103
5.12205	-0.00423199
5.1223	0.00274945
5.12254	0.00340337
5.12279	-0.00194575
5.12303	-0.00650888
5.12328	-0.00433286
5.12352	0.00214937
5.12376	0.00542783
5.12401	0.00297863
5.12425	-0.000133465
5.1245	0.00136148
5.12474	0.00630412
5.12499	0.00838417
5.12523	0.003115
5.12548	-0.00579611
5.12572	-0.00852906
5.12597	-0.00142465
5.12621	0.00533905
5.12646	0.000291243
5.1267	-0.0107849
5.12694	-0.0110831
5.12719	0.00105907
5.12743	0.0073645
5.12768	-0.00306908
5.12792	-0.0174112
5.12817	-0.0201618
5.12841	-0.0154316
5.12866	-0.0143795
5.1289	-0.0142334
5.12915	-0.00749438
5.12939	-0.00132513
5.12963	-0.00744485
5.12988	-0.0190481
5.13012	-0.0184375
5.13037	-0.00498066
5.13061	0.00399818
5.13086	-8.30228e-05
5.1311	-0.00761814
5.13135	-0.00935541
5.13159	-0.0074582
5.13184	-0.00529335
5.13208	-0.00149266
5.13233	0.00219508
5.13257	0.00053153
5.13281	-0.00442506
5.13306	-0.00440014
5.1333	0.000730122
5.13355	0.00194786
5.13379	-0.00302785
5.13404	-0.005445
5.13428	-0.000495066
5.13453	0.00531227
5.13477	0.00576494
5.13502	0.00320883
5.13526	0.00121341
5.13551	-0.00127143
5.13575	-0.00464287
5.13599	-0.00609849
5.13624	-0.00524018
5.13648	-0.00475659
5.13673	-0.00446233
5.13697	-0.00220615
5.13722	8.24091e-05
5.13746	-0.000322533
5.13771	-0.000172243
5.13795	0.00309416
5.1382	0.00214226
5.13844	-0.00933396
5.13869	-0.0205257
5.13893	-0.0154418
5.13917	0.000929666
5.13942	0.00767009
5.13966	-0.000354234
5.13991	-0.00687466
5.14015	-0.0036805
5.1404	-0.00284816
5.14064	-0.0115213
5.14089	-0.0167705
5.14113	-0.0083099
5.14138	0.00303103
5.14162	0.00445687
5.14187	0.00212791
5.14211	0.00665313
5.14235	0.0122628
5.1426	0.00827441
5.14284	-0.000387386
5.14309	-0.00251145
5.14333	-0.00111733
5.14358	-0.00610549
5.14382	-0.0138118
5.14407	-0.0131921
5.14431	-0.00757636
5.14456	-0.0103325
5.1448	-0.0200029
5.14504	-0.0192935
5.14529	-0.00207674
5.14553	0.015368
5.14578	0.016496
5.14602	0.00531222
5.14627	-0.00244965
5.14651	-0.000122361
5.14676	0.0056916
5.147	0.00694901
5.14725	0.00351829
5.14749	0.00149181
5.14774	0.00523457
5.14798	0.011834
5.14822	0.0140359
5.14847	0.00890511
5.14871	0.001126
5.14896	-0.00345001
5.1492	-0.00407198
5.14945	-0.00303026
5.14969	-0.00166334
5.14994	-0.00131931
5.15018	-0.00384029
5.15043	-0.00769018
5.15067	-0.00793703
5.15092	-0.00345695
5.15116	0.000699181
5.1514	0.00134951
5.15165	0.001344
5.15189	0.00160713
5.15214	-0.00315537
5.15238	-0.013925
5.15263	-0.0201492
5.15287	-0.0129548
5.15312	-0.000529845
5.15336	0.00100494
5.15361	-0.00982778
5.15385	-0.017527
5.1541	-0.0109588
5.15434	0.00253354
5.15458	0.00789668
5.15483	0.000555035
5.15507	-0.0107232
5.15532	-0.0156095
5.15556	-0.0125903
5.15581	-0.00791213
5.15605	-0.00670676
5.1563	-0.00743
5.15654	-0.00573132
5.15679	-0.000911847
5.15703	0.00492503
5.15727	0.011402
5.15752	0.017533
5.15776	0.0170894
5.15801	0.00525003
5.15825	-0.0102458
5.1585	-0.0154333
5.15874	-0.00982229
5.15899	-0.00762496
5.15923	-0.0144439
5.15948	-0.0166235
5.15972	-0.00352021
5.15997	0.0123201
5.16021	0.0117132
5.16045	-0.00285504
5.1607	-0.0114308
5.16094	-0.00485768
5.16119	0.00667193
5.16143	0.0118972
5.16168	0.0105149
5.16192	0.00570798
5.16217	-0.00222838
5.16241	-0.0111981
5.16266	-0.0160187
5.1629	-0.0149237
5.16315	-0.0102772
5.16339	-0.00274665
5.16363	0.00700457
5.16388	0.0121227
5.16412	0.00600148
5.16437	-0.00485279
5.16461	-0.00643866
5.16486	0.00240866
5.1651	0.00792823
5.16535	0.00311484
5.16559	-0.00226469
5.16584	0.000134422
5.16608	0.00272541
5.16633	-0.00338948
5.16657	-0.0103639
5.16681	-0.00458771
5.16706	0.0102549
5.1673	0.0159891
5.16755	0.00482997
5.16779	-0.0111573
5.16804	-0.0170109
5.16828	-0.0109213
5.16853	-0.000661137
5.16877	0.00685594
5.16902	0.00817136
5.16926	0.00271918
5.1695	-0.00476732
5.16975	-0.00621563
5.16999	8.78179e-06
5.17024	0.00487418
5.17048	-0.000272765
5.17073	-0.0109552
5.17097	-0.0141289
5.17122	-0.00516236
5.17146	0.00589977
5.17171	0.00713625
5.17195	-0.000819777
5.1722	-0.00693581
5.17244	-0.00392024
5.17268	0.0041817
5.17293	0.00865411
5.17317	0.00673064
5.17342	0.00319352
5.17366	0.00265833
5.17391	0.0034346
5.17415	0.000788833
5.1744	-0.00526004
5.17464	-0.00894085
5.17489	-0.00671741
5.17513	-0.00287174
5.17538	-0.00360429
5.17562	-0.00764088
5.17586	-0.00784049
5.17611	-0.00207135
5.17635	0.00309571
5.1766	0.00144783
5.17684	-0.00507514
5.17709	-0.0105761
5.17733	-0.0126891
5.17758	-0.0120303
5.17782	-0.0082713
5.17807	-0.00182603
5.17831	0.00317411
5.17856	0.00284276
5.1788	-0.000824237
5.17904	-0.0024673
5.17929	-0.000379423
5.17953	0.00255413
5.17978	0.00346663
5.18002	0.00183605
5.18027	-0.00109736
5.18051	-0.00275125
5.18076	-0.00152491
5.181	-0.00024763
5.18125	-0.002588
5.18149	-0.00452252
5.18173	0.00228605
5.18198	0.0144796
5.18222	0.0154724
5.18247	-0.000971147
5.18271	-0.0167472
5.18296	-0.0129551
5.1832	0.00176256
5.18345	0.0043866
5.18369	-0.0071448
5.18394	-0.0132001
5.18418	-0.00550935
5.18443	0.00231599
5.18467	0.00111396
5.18491	2.50963e-05
5.18516	0.00528719
5.1854	0.00634446
5.18565	-0.00405136
5.18589	-0.0137449
5.18614	-0.0102388
5.18638	-0.0013454
5.18663	-0.00113085
5.18687	-0.00738236
5.18712	-0.00902634
5.18736	-0.00566059
5.18761	-0.00358229
5.18785	-0.00131553
5.18809	0.00464999
5.18834	0.00759374
5.18858	0.000621839
5.18883	-0.00807399
5.18907	-0.00700076
5.18932	-0.00179804
5.18956	-0.00550614
5.18981	-0.013958
5.19005	-0.0116176
5.1903	0.000360233
5.19054	0.0036369
5.19079	-0.00792294
5.19103	-0.0186534
5.19127	-0.0157816
5.19152	-0.00581803
5.19176	0.000196795
5.19201	0.0021096
5.19225	0.00376461
5.1925	0.00404612
5.19274	0.00251822
5.19299	0.00305246
5.19323	0.00552345
5.19348	0.00418531
5.19372	-0.000714052
5.19396	-0.000927941
5.19421	0.00493533
5.19445	0.00657325
5.1947	-0.00138647
5.19494	-0.00966986
5.19519	-0.00911642
5.19543	-0.0042438
5.19568	-0.0033008
5.19592	-0.00468695
5.19617	-0.00299336
5.19641	-0.000281343
5.19666	-0.00143364
5.1969	-0.00476692
5.19714	-0.00595271
5.19739	-0.00529504
5.19763	-0.00382504
5.19788	0.000696871
5.19812	0.00653283
5.19837	0.00534767
5.19861	-0.00428529
5.19886	-0.00997577
5.1991	-0.00325955
5.19935	0.00464665
5.19959	-0.00113733
5.19984	-0.0143808
5.20008	-0.015624
5.20032	-0.00152318
5.20057	0.0111545
5.20081	0.0114897
5.20106	0.00755307
5.2013	0.0093142
5.20155	0.0134269
5.20179	0.012765
5.20204	0.00958185
5.20228	0.00993689
5.20253	0.0127409
5.20277	0.0132366
5.20302	0.0123881
5.20326	0.0147311
5.2035	0.0197328
5.20375	0.0221882
5.20399	0.0200752
5.20424	0.016742
5.20448	0.0153423
5.20473	0.0146334
5.20497	0.0109891
5.20522	0.00346454
5.20546	-0.00332896
5.20571	-0.00271269
5.20595	0.00551401
5.20619	0.0120313
5.20644	0.00825906
5.20668	-0.00151926
5.20693	-0.00494121
5.20717	0.00129567
5.20742	0.00735221
5.20766	0.00596505
5.20791	0.00311324
5.20815	0.00676133
5.2084	0.0128521
5.20864	0.0117506
5.20889	0.00377311
5.20913	-0.00197715
5.20937	-0.00217236
5.20962	-0.00236967
5.20986	-0.00531273
5.21011	-0.00612844
5.21035	-0.00199668
5.2106	0.00191813
5.21084	0.000780909
5.21109	-0.00227034
5.21133	-0.00212307
5.21158	-0.000480537
5.21182	-0.00297193
5.21207	-0.010367
5.21231	-0.0176966
5.21255	-0.0205256
5.2128	-0.0182079
5.21304	-0.0123893
5.21329	-0.00581996
5.21353	-0.00167587
5.21378	-0.00123639
5.21402	-0.00292533
5.21427	-0.00510958
5.21451	-0.00782146
5.21476	-0.010183
5.215	-0.00944315
5.21525	-0.0054175
5.21549	-0.00264218
5.21573	-0.00437993
5.21598	-0.00732388
5.21622	-0.00648532
5.21647	-0.00277405
5.21671	-0.000836791
5.21696	-0.00142548
5.2172	-0.00142917
5.21745	-0.000466387
5.21769	-0.00172116
5.21794	-0.00592863
5.21818	-0.00935001
5.21843	-0.00856448
5.21867	-0.00373238
5.21891	0.0030537
5.21916	0.00946509
5.2194	0.0134769
5.21965	0.0153172
5.21989	0.0176376
5.22014	0.020784
5.22038	0.0207855
5.22063	0.0164358
5.22087	0.0143458
5.22112	0.0200308
5.22136	0.0275606
5.2216	0.0272902
5.22185	0.0215151
5.22209	0.0210361
5.22234	0.0262595
5.22258	0.0248186
5.22283	0.0115972
5.22307	-0.00156842
5.22332	-0.00292274
5.22356	0.00323369
5.22381	0.00603977
5.22405	0.0044702
5.2243	0.00430427
5.22454	0.0054822
5.22478	0.00319358
5.22503	-0.00216179
5.22527	-0.00546393
5.22552	-0.00509831
5.22576	-0.00341028
5.22601	-0.00168915
5.22625	-0.00106387
5.2265	-0.00450868
5.22674	-0.0110994
5.22699	-0.0129865
5.22723	-0.00608315
5.22748	0.00114999
5.22772	-0.00077372
5.22796	-0.0066185
5.22821	-0.00385349
5.22845	0.00709391
5.2287	0.013314
5.22894	0.0099045
5.22919	0.00615682
5.22943	0.00835411
5.22968	0.00958121
5.22992	0.00282306
5.23017	-0.00641032
5.23041	-0.00836512
5.23066	-0.00254137
5.2309	0.0041631
5.23114	0.0068863
5.23139	0.00419796
5.23163	-0.00389524
5.23188	-0.0124659
5.23212	-0.011804
5.23237	0.000654634
5.23261	0.0124131
5.23286	0.00916299
5.2331	-0.00567233
5.23335	-0.0140645
5.23359	-0.00707269
5.23383	0.00359769
5.23408	0.00199023
5.23432	-0.0111915
5.23457	-0.0210856
5.23481	-0.0187608
5.23506	-0.0105832
5.2353	-0.00652575
5.23555	-0.00650188
5.23579	-0.00355354
5.23604	0.00344428
5.23628	0.00757696
5.23653	0.00451087
5.23677	-0.00101726
5.23701	-0.00203754
5.23726	0.00166227
5.2375	0.00457945
5.23775	0.00256634
5.23799	-0.00394001
5.23824	-0.011096
5.23848	-0.0137585
5.23873	-0.00947362
5.23897	-0.00266992
5.23922	-0.00105929
5.23946	-0.00516901
5.23971	-0.00638013
5.23995	0.000454586
5.24019	0.00783416
5.24044	0.00543602
5.24068	-0.00497558
5.24093	-0.0119419
5.24117	-0.0091654
5.24142	-0.000886163
5.24166	0.00568694
5.24191	0.00634036
5.24215	0.000162897
5.2424	-0.00874617
5.24264	-0.0115765
5.24289	-0.00442157
5.24313	0.00423431
5.24337	0.00383984
5.24362	-0.00284095
5.24386	-0.00474699
5.24411	-0.000895918
5.24435	-0.00101046
5.2446	-0.00739863
5.24484	-0.0104944
5.24509	-0.00624585
5.24533	-0.00380189
5.24558	-0.00905702
5.24582	-0.0136439
5.24606	-0.00958825
5.24631	-0.00354521
5.24655	-0.00518073
5.2468	-0.0106057
5.24704	-0.00977002
5.24729	-0.00331079
5.24753	0.000784153
5.24778	0.00193495
5.24802	0.00516799
5.24827	0.00833325
5.24851	0.00491198
5.24876	-0.00209706
5.249	-0.00286226
5.24924	0.00253442
5.24949	0.00360638
5.24973	-0.00247597
5.24998	-0.0060047
5.25022	-0.00214723
5.25047	-3.98471e-06
5.25071	-0.0068974
5.25096	-0.0148207
5.2512	-0.0123328
5.25145	-0.00197854
5.25169	0.00452952
5.25194	0.00315837
5.25218	-0.000783484
5.25242	-0.00440557
5.25267	-0.00986847
5.25291	-0.0158234
5.25316	-0.0163176
5.2534	-0.0105046
5.25365	-0.00557947
5.25389	-0.00669786
5.25414	-0.0100587
5.25438	-0.00965578
5.25463	-0.0057343
5.25487	-0.00216449
5.25512	0.00038834
5.25536	0.00332925
5.2556	0.0049049
5.25585	0.00221337
5.25609	-0.00215736
5.25634	-0.00145972
5.25658	0.00564903
5.25683	0.0116314
5.25707	0.00913181
5.25732	0.00046355
5.25756	-0.00525017
5.25781	-0.00287734
5.25805	0.00355911
5.25829	0.00583582
5.25854	-0.00012071
5.25878	-0.0100508
5.25903	-0.0146265
5.25927	-0.0088533
5.25952	0.000930246
5.25976	0.00306101
5.26001	-0.00429891
5.26025	-0.009182
5.2605	-0.00202242
5.26074	0.00940672
5.26099	0.0100264
5.26123	-0.000651154
5.26147	-0.00828144
5.26172	-0.00592158
5.26196	-0.00331298
5.26221	-0.00855047
5.26245	-0.0132586
5.2627	-0.00670848
5.26294	0.00467547
5.26319	0.00587093
5.26343	-0.00336181
5.26368	-0.00831871
5.26392	-0.0018735
5.26417	0.00701649
5.26441	0.00975985
5.26465	0.00952809
5.2649	0.0104851
5.26514	0.00778232
5.26539	-0.00243353
5.26563	-0.0118326
5.26588	-0.00985071
5.26612	-8.19211e-05
5.26637	0.00404598
5.26661	-0.00189523
5.26686	-0.00872847
5.2671	-0.0081572
5.26735	-0.00282512
5.26759	0.000632476
5.26783	0.00126086
5.26808	0.00202562
5.26832	0.00289888
5.26857	0.00074859
5.26881	-0.00502851
5.26906	-0.0102544
5.2693	-0.0101928
5.26955	-0.00523861
5.26979	-0.00141477
5.27004	-0.00375344
5.27028	-0.00913388
5.27052	-0.00874585
5.27077	0.000267913
5.27101	0.00909376
5.27126	0.00749999
5.2715	-0.00253471
5.27175	-0.00923861
5.27199	-0.00652139
5.27224	-0.000625776
5.27248	0.000287161
5.27273	-0.00283658
5.27297	-0.00329265
5.27322	0.000897946
5.27346	0.00471205
5.2737	0.00341335
5.27395	-0.00140414
5.27419	-0.00381745
5.27444	-0.000543294
5.27468	0.0047568
5.27493	0.00512637
5.27517	-0.00092936
5.27542	-0.00643806
5.27566	-0.00456225
5.27591	0.00168533
5.27615	0.00312523
5.2764	-0.00264585
5.27664	-0.00775405
5.27688	-0.00505092
5.27713	0.00269867
5.27737	0.00765993
5.27762	0.00703488
5.27786	0.00496626
5.27811	0.00661132
5.27835	0.0124285
5.2786	0.0167093
5.27884	0.0118879
5.27909	-0.00232168
5.27933	-0.0149546
5.27958	-0.0145426
5.27982	-0.00358057
5.28006	0.00508642
5.28031	0.00665339
5.28055	0.0090574
5.2808	0.0162817
5.28104	0.0189529
5.28129	0.00946453
5.28153	-0.00382546
5.28178	-0.00827269
5.28202	-0.0050424
5.28227	-0.00361623
5.28251	-0.00438326
5.28275	-0.000323395
5.283	0.00722488
5.28324	0.00839725
5.28349	0.000375602
5.28373	-0.00858587
5.28398	-0.0112523
5.28422	-0.00767717
5.28447	-5.44283e-05
5.28471	0.00851033
5.28496	0.0113182
5.2852	0.00516436
5.28545	-0.00150817
5.28569	0.000487502
5.28593	0.00454289
5.28618	-0.00236745
5.28642	-0.0154412
5.28667	-0.0159551
5.28691	-0.00143676
5.28716	0.00861741
5.2874	0.00354203
5.28765	-0.00279574
5.28789	0.00223163
5.28814	0.00871631
5.28838	0.00420144
5.28863	-0.00251903
5.28887	0.00270843
5.28911	0.0126813
5.28936	0.010022
5.2896	-0.00265586
5.28985	-0.00608064
5.29009	0.00474995
5.29034	0.0137074
5.29058	0.00927357
5.29083	-0.000485324
5.29107	-0.00318719
5.29132	0.00135661
5.29156	0.00539652
5.29181	0.0043954
5.29205	-0.000847625
5.29229	-0.00686088
5.29254	-0.0095506
5.29278	-0.00773286
5.29303	-0.00462354
5.29327	-0.00276701
5.29352	-0.000854889
5.29376	0.000744438
5.29401	-0.00233457
5.29425	-0.00951271
5.2945	-0.0120606
5.29474	-0.00663246
5.29498	-0.00275344
5.29523	-0.00676468
5.29547	-0.00903858
5.29572	-0.00083379
5.29596	0.00715144
5.29621	0.00114155
5.29645	-0.0100264
5.2967	-0.00752327
5.29694	0.00517302
5.29719	0.00718196
5.29743	-0.00461798
5.29768	-0.0113873
5.29792	-0.00550335
5.29816	-0.00140859
5.29841	-0.00653934
5.29865	-0.007289
5.2989	0.00442196
5.29914	0.0136687
5.29939	0.00681167
5.29963	-0.0055351
5.29988	-0.00617899
5.30012	0.00287598
5.30037	0.00810555
5.30061	0.00596852
5.30086	0.00244436
5.3011	0.00127344
5.30134	0.00470379
5.30159	0.0156591
5.30183	0.0287646
5.30208	0.0309481
5.30232	0.0209429
5.30257	0.0147329
5.30281	0.021261
5.30306	0.0285631
5.3033	0.0262832
5.30355	0.0235733
5.30379	0.0282804
5.30404	0.0275759
5.30428	0.0110878
5.30452	-0.00392033
5.30477	0.00330857
5.30501	0.0214474
5.30526	0.0247336
5.3055	0.0158253
5.30575	0.0187028
5.30599	0.0342089
5.30624	0.0375641
5.30648	0.0219668
5.30673	0.0104865
5.30697	0.0161917
5.30722	0.0217065
5.30746	0.0119778
5.3077	0.000127292
5.30795	0.00310587
5.30819	0.0132992
5.30844	0.0137401
5.30868	0.00564624
5.30893	0.00197473
5.30917	0.00489982
5.30942	0.00668122
5.30966	0.00510813
5.30991	0.00397506
5.31015	0.00406781
5.31039	0.00436498
5.31064	0.00615627
5.31088	0.00792699
5.31113	0.0038313
5.31137	-0.00567284
5.31162	-0.0111107
5.31186	-0.00882915
5.31211	-0.00717228
5.31235	-0.0100088
5.3126	-0.00776046
5.31284	0.00418894
5.31309	0.0122664
5.31333	0.0046591
5.31357	-0.00779832
5.31382	-0.00795517
5.31406	0.000446442
5.31431	0.00119692
5.31455	-0.00603074
5.3148	-0.00700345
5.31504	0.000368465
5.31529	0.00225091
5.31553	-0.00635143
5.31578	-0.0125189
5.31602	-0.00661273
5.31627	0.00339584
5.31651	0.00586431
5.31675	0.00118948
5.317	-0.00359393
5.31724	-0.0058745
5.31749	-0.00624006
5.31773	-0.00404026
5.31798	-0.000253471
5.31822	0.00126817
5.31847	-7.62536e-05
5.31871	0.000297317
5.31896	0.00470775
5.3192	0.00935155
5.31945	0.0104623
5.31969	0.00880329
5.31993	0.00601585
5.32018	0.00225507
5.32042	-0.000930358
5.32067	-0.00132008
5.32091	-0.000757967
5.32116	-0.00281299
5.3214	-0.00535618
5.32165	-0.00319044
5.32189	0.00157665
5.32214	0.00144311
5.32238	-0.00272145
5.32262	-0.00118339
5.32287	0.00738019
5.32311	0.0102091
5.32336	-0.000504628
5.3236	-0.0135893
5.32385	-0.0138607
5.32409	-0.00293191
5.32434	0.00583138
5.32458	0.00690955
5.32483	0.0052766
5.32507	0.00323612
5.32532	-0.00289184
5.32556	-0.0129461
5.3258	-0.0201308
5.32605	-0.0199906
5.32629	-0.0150246
5.32654	-0.00925533
5.32678	-0.00433753
5.32703	-0.00151562
5.32727	-0.00153939
5.32752	-0.00201128
5.32776	9.75017e-05
5.32801	0.0032721
5.32825	0.00351483
5.3285	0.000699443
5.32874	-0.00221342
5.32898	-0.00475373
5.32923	-0.00779941
5.32947	-0.00864623
5.32972	-0.00444102
5.32996	0.000741314
5.33021	0.000244617
5.33045	-0.00442438
5.3307	-0.0059553
5.33094	-0.00401082
5.33119	-0.00545476
5.33143	-0.010742
5.33168	-0.0116042
5.33192	-0.00570648
5.33216	-0.00188131
5.33241	-0.00498826
5.33265	-0.00697696
5.3329	-0.00110078
5.33314	0.00532571
5.33339	0.00260021
5.33363	-0.00551303
5.33388	-0.00894687
5.33412	-0.00741401
5.33437	-0.00716367
5.33461	-0.00732979
5.33485	-0.00286976
5.3351	0.00248325
5.33534	-9.43517e-05
5.33559	-0.00940856
5.33583	-0.0157538
5.33608	-0.0165055
5.33632	-0.0170984
5.33657	-0.017231
5.33681	-0.0106762
5.33706	0.000188768
5.3373	0.00492577
5.33755	0.00277424
5.33779	0.00423931
5.33803	0.0110449
5.33828	0.0115485
5.33852	0.00276652
5.33877	-0.00109107
5.33901	0.00742119
5.33926	0.0140482
5.3395	0.00617533
5.33975	-0.00491098
5.33999	-0.00307749
5.34024	0.00500323
5.34048	0.00263759
5.34073	-0.00665463
5.34097	-0.00592028
5.34121	0.0038644
5.34146	0.00502237
5.3417	-0.00475571
5.34195	-0.00746313
5.34219	0.00352884
5.34244	0.0112908
5.34268	0.0037939
5.34293	-0.00739045
5.34317	-0.00893395
5.34342	-0.00686196
5.34366	-0.0110455
5.34391	-0.0152159
5.34415	-0.00967732
5.34439	-0.00102485
5.34464	-0.000940409
5.34488	-0.00515874
5.34513	-0.00237354
5.34537	0.00330387
5.34562	-0.00106364
5.34586	-0.0120126
5.34611	-0.0118735
5.34635	0.00281811
5.3466	0.0144877
5.34684	0.0109557
5.34708	0.00169774
5.34733	-0.000273635
5.34757	0.00161145
5.34782	-0.00305831
5.34806	-0.0119351
5.34831	-0.0127071
5.34855	-0.00218362
5.3488	0.00842488
5.34904	0.00835201
5.34929	0.000219611
5.34953	-0.00484809
5.34978	-0.00157506
5.35002	0.00379433
5.35026	0.00255221
5.35051	-0.00476222
5.35075	-0.00975282
5.351	-0.00874999
5.35124	-0.0076033
5.35149	-0.0108491
5.35173	-0.0132335
5.35198	-0.00909428
5.35222	-0.00410602
5.35247	-0.00704345
5.35271	-0.0132747
5.35296	-0.00977254
5.3532	0.002832
5.35344	0.00767099
5.35369	-0.00326941
5.35393	-0.0146767
5.35418	-0.00897289
5.35442	0.007476
5.35467	0.0125752
5.35491	-0.000968375
5.35516	-0.0166831
5.3554	-0.0170327
5.35565	-0.0042249
5.35589	0.00608418
5.35614	0.00457582
5.35638	-0.0039609
5.35662	-0.00910707
5.35687	-0.00593414
5.35711	0.00178369
5.35736	0.00659142
5.3576	0.0050624
5.35785	0.000882485
5.35809	-0.000248541
5.35834	0.0020192
5.35858	0.00292451
5.35883	0.000380553
5.35907	-0.00121756
5.35931	0.00240311
5.35956	0.00780589
5.3598	0.00738237
5.36005	4.4314e-05
5.36029	-0.00641019
5.36054	-0.00537627
5.36078	0.000286862
5.36103	0.00353653
5.36127	0.00333429
5.36152	0.00406249
5.36176	0.00604977
5.36201	0.00361795
5.36225	-0.00516596
5.36249	-0.0125793
5.36274	-0.00986863
5.36298	0.00109036
5.36323	0.00947257
5.36347	0.00783334
5.36372	-0.000887154
5.36396	-0.00811289
5.36421	-0.00827129
5.36445	-0.00277391
5.3647	0.00223519
5.36494	0.00187429
5.36519	-0.00273717
5.36543	-0.00652166
5.36567	-0.00735586
5.36592	-0.00792674
5.36616	-0.00938233
5.36641	-0.00771924
5.36665	-0.000716941
5.3669	0.00539446
5.36714	0.00257959
5.36739	-0.0070372
5.36763	-0.0124667
5.36788	-0.00778629
5.36812	0.000980654
5.36837	0.00491686
5.36861	0.00322385
5.36885	0.00173101
5.3691	0.00329983
5.36934	0.00408542
5.36959	-0.00020597
5.36983	-0.00716052
5.37008	-0.00974866
5.37032	-0.00593341
5.37057	-0.00233374
5.37081	-0.00438545
5.37106	-0.00631415
5.3713	0.00101992
5.37154	0.0130227
5.37179	0.0135067
5.37203	-0.00189397
5.37228	-0.0163785
5.37252	-0.0150339
5.37277	-0.00651906
5.37301	-0.0084746
5.37326	-0.0193526
5.3735	-0.0218435
5.37375	-0.0111308
5.37399	-0.00142594
5.37424	-0.00264602
5.37448	-0.00758242
5.37472	-0.00724254
5.37497	-0.00388808
5.37521	-0.00193029
5.37546	0.000832896
5.3757	0.00495067
5.37595	0.00430783
5.37619	-0.00192616
5.37644	-0.00361608
5.37668	0.00421763
5.37693	0.00998933
5.37717	0.00190871
5.37742	-0.0126664
5.37766	-0.0169453
5.3779	-0.0080583
5.37815	0.0016817
5.37839	0.00328124
5.37864	-0.000595026
5.37888	-0.0039576
5.37913	-0.00428939
5.37937	-0.00174936
5.37962	0.00103257
5.37986	-0.00026038
5.38011	-0.0054715
5.38035	-0.00791463
5.3806	-0.00385361
5.38084	0.0010665
5.38108	0.000989297
5.38133	-0.000987776
5.38157	-0.000293938
5.38182	-0.000223917
5.38206	-0.00451787
5.38231	-0.00783864
5.38255	-0.00450996
5.3828	0.000129121
5.38304	-0.000876373
5.38329	-0.00233982
5.38353	0.00349672
5.38378	0.0101469
5.38402	0.00585469
5.38426	-0.00548694
5.38451	-0.0100387
5.38475	-0.00719879
5.385	-0.00791331
5.38524	-0.0117155
5.38549	-0.00687326
5.38573	0.00519608
5.38598	0.00802091
5.38622	-0.00236811
5.38647	-0.00962351
5.38671	-0.00429703
5.38695	0.00231502
5.3872	0.00115116
5.38744	0.000842288
5.38769	0.00725215
5.38793	0.00830157
5.38818	-0.00381059
5.38842	-0.0136227
5.38867	-0.00579952
5.38891	0.00772952
5.38916	0.00646427
5.3894	-0.00477297
5.38965	-0.00525666
5.38989	0.00593644
5.39013	0.00954611
5.39038	-0.000611355
5.39062	-0.00883117
5.39087	-0.00479994
5.39111	0.00221453
5.39136	0.00241617
5.3916	-1.13489e-05
5.39185	0.000394304
5.39209	-0.00145892
5.39234	-0.0105336
5.39258	-0.020058
5.39283	-0.0199155
5.39307	-0.00984693
5.39331	0.00216
5.39356	0.00928291
5.3938	0.00961456
5.39405	0.00569549
5.39429	0.00292394
5.39454	0.00379172
5.39478	0.00336445
5.39503	-0.0038505
5.39527	-0.0137584
5.39552	-0.0170046
5.39576	-0.0122809
5.39601	-0.0065849
5.39625	-0.00325782
5.39649	0.000302656
5.39674	0.00365704
5.39698	0.00303938
5.39723	0.00032896
5.39747	0.000977283
5.39772	0.00262661
5.39796	-0.00178693
5.39821	-0.00888536
5.39845	-0.00718173
5.3987	0.00296223
5.39894	0.00732523
5.39918	0.000649229
5.39943	-0.00460636
5.39967	0.000140943
5.39992	0.00516701
5.40016	0.000170759
5.40041	-0.00801218
5.40065	-0.0082463
5.4009	-0.00345772
5.40114	-0.00220212
5.40139	-0.00232195
5.40163	0.00206562
5.40188	0.00593618
5.40212	0.00152412
5.40236	-0.00547246
5.40261	-0.00393662
5.40285	0.00315339
5.4031	0.00349033
5.40334	-0.00318101
5.40359	-0.00476151
5.40383	0.00264862
5.40408	0.00933101
5.40432	0.00834186
5.40457	0.00349915
5.40481	-0.000897482
5.40506	-0.00531916
5.4053	-0.00769708
5.40554	-0.00365527
5.40579	0.00279495
5.40603	0.00134675
5.40628	-0.00764222
5.40652	-0.0107917
5.40677	-0.00225415
5.40701	0.00546485
5.40726	-0.00011627
5.4075	-0.0122194
5.40775	-0.0148173
5.40799	-0.00552682
5.40824	0.00293888
5.40848	0.00183694
5.40872	-0.00363345
5.40897	-0.00466624
5.40921	-0.000941915
5.40946	0.00187502
5.4097	0.00205881
5.40995	0.00326455
5.41019	0.00629214
5.41044	0.00542593
5.41068	-0.00256857
5.41093	-0.00964814
5.41117	-0.00489735
5.41141	0.00832974
5.41166	0.0137672
5.4119	0.00494112
5.41215	-0.00405649
5.41239	0.000858095
5.41264	0.0118521
5.41288	0.0111598
5.41313	-0.000885792
5.41337	-0.00613472
5.41362	0.00336752
5.41386	0.0136789
5.41411	0.00992765
5.41435	-0.00399937
5.41459	-0.0138701
5.41484	-0.0137241
5.41508	-0.00817349
5.41533	-0.00242173
5.41557	0.00243143
5.41582	0.00685777
5.41606	0.0106156
5.41631	0.0119775
5.41655	0.00809757
5.4168	-0.00129664
5.41704	-0.0108366
5.41729	-0.0140144
5.41753	-0.0102194
5.41777	-0.00346269
5.41802	0.00360827
5.41826	0.00908832
5.41851	0.00881718
5.41875	0.00185461
5.419	-0.00421209
5.41924	-0.00279138
5.41949	2.26378e-05
5.41973	-0.00539315
5.41998	-0.0141588
5.42022	-0.0122603
5.42047	0.000509768
5.42071	0.00873782
5.42095	0.00489979
5.4212	-0.00130609
5.42144	-0.00172219
5.42169	-0.0018689
5.42193	-0.00720055
5.42218	-0.0120394
5.42242	-0.01091
5.42267	-0.00779792
5.42291	-0.00560252
5.42316	0.000267223
5.4234	0.0087758
5.42364	0.00801546
5.42389	-0.00558296
5.42413	-0.016503
5.42438	-0.0116424
5.42462	9.04321e-05
5.42487	0.00381061
5.42511	0.00165058
5.42536	0.00327754
5.4256	0.00501385
5.42585	-0.00195326
5.42609	-0.0108381
5.42634	-0.0078042
5.42658	0.00326076
5.42682	0.00521226
5.42707	-0.00463136
5.42731	-0.0110666
5.42756	-0.00636743
5.4278	-0.000492173
5.42805	-0.0023701
5.42829	-0.00724705
5.42854	-0.00783446
5.42878	-0.00482444
5.42903	-0.0013872
5.42927	0.00165229
5.42952	0.00157409
5.42976	-0.00458755
5.43	-0.0112787
5.43025	-0.00838963
5.43049	0.00278581
5.43074	0.0086166
5.43098	0.00222339
5.43123	-0.00715267
5.43147	-0.00894739
5.43172	-0.00556684
5.43196	-0.00525237
5.43221	-0.00833259
5.43245	-0.00817024
5.4327	-0.00206718
5.43294	0.00452582
5.43318	0.00396824
5.43343	-0.0051314
5.43367	-0.0149771
5.43392	-0.0159154
5.43416	-0.00840382
5.43441	-0.00315907
5.43465	-0.00581721
5.4349	-0.00844147
5.43514	-0.00307548
5.43539	0.00432298
5.43563	0.00414831
5.43587	6.99651e-05
5.43612	0.00179994
5.43636	0.00622792
5.43661	0.00209001
5.43685	-0.00900706
5.4371	-0.0136026
5.43734	-0.00857395
5.43759	-0.00481924
5.43783	-0.00656701
5.43808	-0.00497492
5.43832	0.00278307
5.43857	0.0057878
5.43881	-0.0013123
5.43905	-0.00720587
5.4393	-0.00228272
5.43954	0.00530116
5.43979	0.00311759
5.44003	-0.00659883
5.44028	-0.0124013
5.44052	-0.00976
5.44077	-0.0024022
5.44101	0.00496568
5.44126	0.00743627
5.4415	0.00135652
5.44175	-0.007785
5.44199	-0.00780302
5.44223	0.0025796
5.44248	0.00871914
5.44272	0.00114727
5.44297	-0.0096523
5.44321	-0.0107897
5.44346	-0.00805703
5.4437	-0.014359
5.44395	-0.0253857
5.44419	-0.0246835
5.44444	-0.00980064
5.44468	0.00383069
5.44493	0.00576154
5.44517	0.00204608
5.44541	0.000921214
5.44566	0.000592997
5.4459	-0.00313467
5.44615	-0.00771032
5.44639	-0.00908272
5.44664	-0.00857354
5.44688	-0.0083958
5.44713	-0.00652498
5.44737	-0.00219954
5.44762	-0.00109223
5.44786	-0.00756539
5.4481	-0.0151869
5.44835	-0.0132848
5.44859	-0.00243395
5.44884	0.00457387
5.44908	-0.000643727
5.44933	-0.0111751
5.44957	-0.014494
5.44982	-0.00755193
5.45006	0.00306633
5.45031	0.0112703
5.45055	0.0147081
5.4508	0.0115507
5.45104	0.00301732
5.45128	-0.0026621
5.45153	0.00120763
5.45177	0.00786176
5.45202	0.00510725
5.45226	-0.00436948
5.45251	-0.00502409
5.45275	0.00601091
5.453	0.0123326
5.45324	0.0051248
5.45349	-0.00121781
5.45373	0.00632201
5.45398	0.0158617
5.45422	0.0102458
5.45446	-0.00343145
5.45471	-0.0063117
5.45495	-7.94487e-05
5.4552	-0.00191351
5.45544	-0.0125558
5.45569	-0.0155862
5.45593	-0.0076691
5.45618	-0.00362518
5.45642	-0.00857387
5.45667	-0.00993709
5.45691	-0.00265814
5.45716	0.00153182
5.4574	-0.00236103
5.45764	-0.00289029
5.45789	0.00433672
5.45813	0.00578885
5.45838	-0.00528494
5.45862	-0.0142114
5.45887	-0.00927112
5.45911	-0.0016929
5.45936	-0.00527519
5.4596	-0.0130051
5.45985	-0.0115683
5.46009	-0.00482454
5.46034	-0.00434384
5.46058	-0.00796331
5.46082	-0.00611314
5.46107	-0.000784201
5.46131	-0.000656335
5.46156	-0.00376463
5.4618	-0.00113689
5.46205	0.00683933
5.46229	0.0116974
5.46254	0.0108727
5.46278	0.00869859
5.46303	0.00721307
5.46327	0.00584962
5.46351	0.00605899
5.46376	0.00797913
5.464	0.0076284
5.46425	0.00392191
5.46449	0.00149126
5.46474	0.00110201
5.46498	-0.00291622
5.46523	-0.00990188
5.46547	-0.0100823
5.46572	-0.00205056
5.46596	0.00133711
5.46621	-0.00573524
5.46645	-0.0102187
5.46669	-0.00196316
5.46694	0.00832489
5.46718	0.00769164
5.46743	0.00239688
5.46767	0.0036219
5.46792	0.00585734
5.46816	-0.0010491
5.46841	-0.0103535
5.46865	-0.00937539
5.4689	-0.00198626
5.46914	-4.81332e-05
5.46939	-0.00191997
5.46963	0.000147329
5.46987	0.000946865
5.47012	-0.00726062
5.47036	-0.0144206
5.47061	-0.00678402
5.47085	0.0062561
5.4711	0.00503802
5.47134	-0.00631122
5.47159	-0.00592543
5.47183	0.00855836
5.47208	0.016884
5.47232	0.0108601
5.47257	0.00452389
5.47281	0.00617314
5.47305	0.0068481
5.4733	0.00272179
5.47354	0.00384776
5.47379	0.0125212
5.47403	0.0161048
5.47428	0.0105852
5.47452	0.00944692
5.47477	0.019059
5.47501	0.0262513
5.47526	0.0221195
5.4755	0.0184433
5.47574	0.0267274
5.47599	0.0382439
5.47623	0.0398616
5.47648	0.035305
5.47672	0.0355459
5.47697	0.0398684
5.47721	0.0412129
5.47746	0.0407408
5.4777	0.0429765
5.47795	0.0440698
5.47819	0.0382778
5.47844	0.0305901
5.47868	0.0305769
5.47892	0.037102
5.47917	0.0397426
5.47941	0.0337449
5.47966	0.0252773
5.4799	0.0221665
5.48015	0.0248816
5.48039	0.026953
5.48064	0.0222278
5.48088	0.0123244
5.48113	0.00595724
5.48137	0.00817471
5.48162	0.0131492
5.48186	0.0127473
5.4821	0.00829122
5.48235	0.00613136
5.48259	0.00591824
5.48284	0.00352007
5.48308	0.00163307
5.48333	0.00483995
5.48357	0.00718312
5.48382	-0.000529901
5.48406	-0.0125262
5.48431	-0.0136896
5.48455	-0.00379993
5.4848	0.00137851
5.48504	-0.00420123
5.48528	-0.0084998
5.48553	-0.00396102
5.48577	6.87195e-05
5.48602	-0.00429869
5.48626	-0.00979673
5.48651	-0.00875329
5.48675	-0.00612649
5.487	-0.00685659
5.48724	-0.00467215
5.48749	0.00412884
5.48773	0.00907372
5.48797	0.00166931
5.48822	-0.00813416
5.48846	-0.00652654
5.48871	0.0022808
5.48895	0.00425128
5.4892	-0.00135454
5.48944	-0.00318047
5.48969	0.00154852
5.48993	0.00310126
5.49018	-0.00388446
5.49042	-0.0125045
5.49067	-0.0149726
5.49091	-0.0123828
5.49115	-0.0100734
5.4914	-0.00978875
5.49164	-0.00960372
5.49189	-0.00792378
5.49213	-0.00510958
5.49238	-0.0022369
5.49262	0.000610098
5.49287	0.00373718
5.49311	0.00517923
5.49336	0.00169807
5.4936	-0.00482098
5.49385	-0.00644276
5.49409	-0.000356828
5.49433	0.00422187
5.49458	-0.000853802
5.49482	-0.00761086
5.49507	-0.00254851
5.49531	0.0106936
5.49556	0.0147088
5.4958	0.00460232
5.49605	-0.00562723
5.49629	-0.00631575
5.49654	-0.00491098
5.49678	-0.00905014
5.49703	-0.0129525
5.49727	-0.00993459
5.49751	-0.00472791
5.49776	-0.00308151
5.498	-0.00133362
5.49825	0.00329591
5.49849	0.00369644
5.49874	-0.00437364
5.49898	-0.0111539
5.49923	-0.00679828
5.49947	0.00252161
5.49972	0.00480535
5.49996	0.00069846
5.5002	-0.00076521
5.50045	0.00165193
5.50069	0.00194318
5.50094	-0.0011001
5.50118	-0.00361335
5.50143	-0.00454574
5.50167	-0.00453346
5.50192	-0.00175443
5.50216	0.00241416
5.50241	0.000108742
5.50265	-0.0106061
5.5029	-0.016934
5.50314	-0.00715406
5.50338	0.00993931
5.50363	0.0144715
5.50387	0.00158615
5.50412	-0.0140101
5.50436	-0.0178553
5.50461	-0.00891192
5.50485	0.0055794
5.5051	0.0171118
5.50534	0.0179025
5.50559	0.00648715
5.50583	-0.0072702
5.50608	-0.0111033
5.50632	-0.00506307
5.50656	0.000101486
5.50681	-0.00108943
5.50705	-0.00307383
5.5073	-0.000409347
5.50754	0.00389169
5.50779	0.00461079
5.50803	0.00260623
5.50828	0.00237742
5.50852	0.00437918
5.50877	0.00371608
5.50901	-0.00315493
5.50926	-0.0119425
5.5095	-0.0133083
5.50974	-0.00436221
5.50999	0.0053024
5.51023	0.00465449
5.51048	-0.00327284
5.51072	-0.00539456
5.51097	0.00146658
5.51121	0.00562866
5.51146	-0.000281133
5.5117	-0.0067969
5.51195	-0.00277537
5.51219	0.00642631
5.51243	0.00717509
5.51268	-0.00200879
5.51292	-0.00976758
5.51317	-0.00857972
5.51341	-0.00185451
5.51366	0.00401326
5.5139	0.0056784
5.51415	0.00201845
5.51439	-0.00474074
5.51464	-0.0079058
5.51488	-0.00346968
5.51513	0.00270587
5.51537	0.00177972
5.51561	-0.00520391
5.51586	-0.00865124
5.5161	-0.00407197
5.51635	0.00292804
5.51659	0.00568442
5.51684	0.00366506
5.51708	-0.000648409
5.51733	-0.00578716
5.51757	-0.00967359
5.51782	-0.00889791
5.51806	-0.00313146
5.51831	0.00233195
5.51855	0.00175306
5.51879	-0.00384643
5.51904	-0.00701439
5.51928	-0.00249737
5.51953	0.00564001
5.51977	0.00802583
5.52002	0.00145829
5.52026	-0.0071573
5.52051	-0.0104539
5.52075	-0.00971378
5.521	-0.00977177
5.52124	-0.0093362
5.52149	-0.00401524
5.52173	0.00346244
5.52197	0.00503257
5.52222	-0.000503164
5.52246	-0.00509319
5.52271	-0.00245838
5.52295	0.00503118
5.5232	0.0109639
5.52344	0.0104288
5.52369	0.00198698
5.52393	-0.0093804
5.52418	-0.0137423
5.52442	-0.0082202
5.52466	-0.00344776
5.52491	-0.00832697
5.52515	-0.0140736
5.5254	-0.0073198
5.52564	0.00628546
5.52589	0.00997399
5.52613	0.00434905
5.52638	0.00576021
5.52662	0.0152737
5.52687	0.0143687
5.52711	-0.00161249
5.52736	-0.0110914
5.5276	7.30681e-05
5.52784	0.0154228
5.52809	0.014881
5.52833	0.00498568
5.52858	0.00276822
5.52882	0.00589676
5.52907	0.000698896
5.52931	-0.0113909
5.52956	-0.0168249
5.5298	-0.0124199
5.53005	-0.00627971
5.53029	-0.00157445
5.53054	0.00418689
5.53078	0.00817406
5.53102	0.00528528
5.53127	-0.00130007
5.53151	-0.00448785
5.53176	-0.00380493
5.532	-0.00216332
5.53225	0.00100287
5.53249	0.00445787
5.53274	0.00223393
5.53298	-0.00474732
5.53323	-0.00538628
5.53347	0.00324194
5.53372	0.0077606
5.53396	0.00055524
5.5342	-0.00545242
5.53445	0.00132534
5.53469	0.0106945
5.53494	0.00951315
5.53518	0.00456009
5.53543	0.0064616
5.53567	0.00732159
5.53592	-0.00204582
5.53616	-0.00845883
5.53641	0.0026264
5.53665	0.016365
5.53689	0.00965351
5.53714	-0.00781607
5.53738	-0.00741527
5.53763	0.0104587
5.53787	0.0180756
5.53812	0.0077612
5.53836	0.00095754
5.53861	0.00696136
5.53885	0.00851356
5.5391	-0.00305986
5.53934	-0.011207
5.53959	-0.00462171
5.53983	0.00412928
5.54007	0.00346818
5.54032	0.00126193
5.54056	0.00559696
5.54081	0.00968032
5.54105	0.00822561
5.5413	0.0081967
5.54154	0.0121942
5.54179	0.011133
5.54203	0.00344497
5.54228	0.00139876
5.54252	0.00879582
5.54277	0.0128314
5.54301	0.0071727
5.54325	0.0017853
5.5435	0.00119745
5.54374	-0.00367262
5.54399	-0.0124479
5.54423	-0.00970953
5.54448	0.00534707
5.54472	0.0103105
5.54497	-0.00397212
5.54521	-0.0149724
5.54546	-0.00524779
5.5457	0.00837472
5.54595	0.00465026
5.54619	-0.00699381
5.54643	-0.00658534
5.54668	0.00187342
5.54692	0.00295745
5.54717	-0.000757198
5.54741	0.000884235
5.54766	0.00125047
5.5479	-0.00906561
5.54815	-0.0174321
5.54839	-0.00720417
5.54864	0.0105076
5.54888	0.0121965
5.54913	0.000166494
5.54937	-0.00384062
5.54961	0.00387926
5.54986	0.00770448
5.5501	0.00429707
5.55035	0.00550232
5.55059	0.0113905
5.55084	0.009606
5.55108	0.00214208
5.55133	0.00439133
5.55157	0.0152392
5.55182	0.016114
5.55206	0.00434298
5.5523	-0.000145137
5.55255	0.01119
5.55279	0.0209035
5.55304	0.0150085
5.55328	0.00343623
5.55353	-0.000760788
5.55377	-0.00161561
5.55402	-0.00634907
5.55426	-0.00922891
5.55451	-0.0034771
5.55475	0.00473062
5.555	0.00693258
5.55524	0.00556808
5.55548	0.00603804
5.55573	0.00637681
5.55597	0.00405208
5.55622	0.00284234
5.55646	0.00498255
5.55671	0.00634136
5.55695	0.00555935
5.5572	0.00711706
5.55744	0.0102375
5.55769	0.00765639
5.55793	0.000890835
5.55818	0.00183592
5.55842	0.0119456
5.55866	0.0159235
5.55891	0.00605299
5.55915	-0.0032642
5.5594	0.00191789
5.55964	0.0127521
5.55989	0.0131494
5.56013	0.0053965
5.56038	0.00325378
5.56062	0.00848555
5.56087	0.0114609
5.56111	0.0093889
5.56136	0.00814663
5.5616	0.00941761
5.56184	0.00954752
5.56209	0.00829419
5.56233	0.00748262
5.56258	0.0050697
5.56282	0.00098725
5.56307	0.00286198
5.56331	0.0142393
5.56356	0.0239895
5.5638	0.0210386
5.56405	0.0128492
5.56429	0.0133236
5.56453	0.0183602
5.56478	0.0126539
5.56502	-0.00200629
5.56527	-0.00664525
5.56551	0.00446119
5.56576	0.0139581
5.566	0.00885425
5.56625	-0.000360095
5.56649	0.00174596
5.56674	0.0123937
5.56698	0.0180999
5.56723	0.0151083
5.56747	0.0102537
5.56771	0.00804798
5.56796	0.00780734
5.5682	0.00966374
5.56845	0.0141967
5.56869	0.0181042
5.56894	0.0172846
5.56918	0.0131749
5.56943	0.0111318
5.56967	0.0134785
5.56992	0.0173139
5.57016	0.0181514
5.57041	0.0143651
5.57065	0.00963752
5.57089	0.0102357
5.57114	0.0165651
5.57138	0.0199959
5.57163	0.0144368
5.57187	0.00807864
5.57212	0.0132806
5.57236	0.0260074
5.57261	0.029271
5.57285	0.0198132
5.5731	0.0154778
5.57334	0.0277144
5.57359	0.0418315
5.57383	0.0384988
5.57407	0.0236121
5.57432	0.0191382
5.57456	0.0300597
5.57481	0.0393247
5.57505	0.0358787
5.5753	0.029982
5.57554	0.0346286
5.57579	0.0453685
5.57603	0.0483438
5.57628	0.0408146
5.57652	0.0335065
5.57676	0.0345533
5.57701	0.0391834
5.57725	0.0376526
5.5775	0.0292068
5.57774	0.0235413
5.57799	0.0277946
5.57823	0.0365234
5.57848	0.039407
5.57872	0.0363976
5.57897	0.0372111
5.57921	0.0450652
5.57946	0.0505387
5.5797	0.0464011
5.57994	0.0397357
5.58019	0.0416884
5.58043	0.0519616
5.58068	0.0621708
5.58092	0.0690875
5.58117	0.0749951
5.58141	0.0790236
5.58166	0.0782141
5.5819	0.0748746
5.58215	0.0738243
5.58239	0.0745311
5.58264	0.0745285
5.58288	0.0774949
5.58312	0.0881182
5.58337	0.101449
5.58361	0.108032
5.58386	0.108108
5.5841	0.110301
5.58435	0.117535
5.58459	0.124952
5.58484	0.130467
5.58508	0.13603
5.58533	0.1397
5.58557	0.13877
5.58582	0.139679
5.58606	0.151157
5.5863	0.167958
5.58655	0.176699
5.58679	0.178634
5.58704	0.1894
5.58728	0.212777
5.58753	0.233017
5.58777	0.240087
5.58802	0.244785
5.58826	0.259069
5.58851	0.277598
5.58875	0.290784
5.58899	0.301919
5.58924	0.318121
5.58948	0.336519
5.58973	0.352971
5.58997	0.373303
5.59022	0.401809
5.59046	0.429018
5.59071	0.446215
5.59095	0.463141
5.5912	0.494957
5.59144	0.538883
5.59169	0.58062
5.59193	0.618676
5.59217	0.665013
5.59242	0.724458
5.59266	0.790287
5.59291	0.86002
5.59315	0.940882
5.5934	1.03888
5.59364	1.15481
5.59389	1.2911
5.59413	1.4514
5.59438	1.63443
5.59462	1.83986
5.59487	2.0789
5.59511	2.36668
5.59535	2.70578
5.5956	3.09013
5.59584	3.52418
5.59609	4.02307
5.59633	4.59173
5.59658	5.21561
5.59682	5.87296
5.59707	6.54257
5.59731	7.19676
5.59756	7.80016
5.5978	8.32167
5.59805	8.73994
5.59829	9.03611
5.59853	9.19234
5.59878	9.20119
5.59902	9.06794
5.59927	8.80232
5.59951	8.41645
5.59976	7.92956
5.6	7.36229
5.60025	6.72531
5.60049	6.02623
5.60074	5.28911
5.60098	4.55405
5.60122	3.85496
5.60147	3.21016
5.60171	2.63532
5.60196	2.14816
5.6022	1.75394
5.60245	1.44071
5.60269	1.19522
5.60294	1.01018
5.60318	0.871752
5.60343	0.757765
5.60367	0.657576
5.60392	0.578561
5.60416	0.523328
5.6044	0.476503
5.60465	0.425515
5.60489	0.37806
5.60514	0.344443
5.60538	0.31776
5.60563	0.288339
5.60587	0.263536
5.60612	0.253074
5.60636	0.246194
5.60661	0.225902
5.60685	0.19806
5.6071	0.182659
5.60734	0.180504
5.60758	0.173028
5.60783	0.154757
5.60807	0.141312
5.60832	0.140907
5.60856	0.14088
5.60881	0.130852
5.60905	0.119356
5.6093	0.116428
5.60954	0.116333
5.60979	0.110207
5.61003	0.102523
5.61028	0.101513
5.61052	0.103326
5.61076	0.0990267
5.61101	0.0900284
5.61125	0.084164
5.6115	0.0822417
5.61174	0.0803799
5.61199	0.0805897
5.61223	0.086261
5.61248	0.0901504
5.61272	0.0806494
5.61297	0.0606413
5.61321	0.0475997
5.61345	0.0512594
5.6137	0.0614631
5.61394	0.0635691
5.61419	0.0574289
5.61443	0.0534974
5.61468	0.0557274
5.61492	0.0575577
5.61517	0.053658
5.61541	0.047252
5.61566	0.0434608
5.6159	0.0414564
5.61615	0.0376826
5.61639	0.033439
5.61663	0.0340307
5.61688	0.0408551
5.61712	0.0484332
5.61737	0.0501546
5.61761	0.0443528
5.61786	0.0345218
5.6181	0.0264156
5.61835	0.0250061
5.61859	0.030567
5.61884	0.0368928
5.61908	0.037217
5.61933	0.0329003
5.61957	0.0315464
5.61981	0.0348897
5.62006	0.034879
5.6203	0.025922
5.62055	0.0149866
5.62079	0.0129708
5.62104	0.0202205
5.62128	0.0276118
5.62153	0.028745
5.62177	0.0238318
5.62202	0.0148427
5.62226	0.0054014
5.62251	0.00290775
5.62275	0.0106906
5.62299	0.0194087
5.62324	0.0173831
5.62348	0.00904427
5.62373	0.00995474
5.62397	0.0218197
5.62422	0.0280263
5.62446	0.0201015
5.62471	0.0122621
5.62495	0.0179139
5.6252	0.0261178
5.62544	0.0187204
5.62569	0.00120722
5.62593	-0.004123
5.62617	0.00772558
5.62642	0.0182319
5.62666	0.0152108
5.62691	0.00871385
5.62715	0.00990976
5.6274	0.0121782
5.62764	0.00569734
5.62789	-0.0025402
5.62813	0.00100257
5.62838	0.0134328
5.62862	0.0183614
5.62886	0.00978
5.62911	-0.000447303
5.62935	-0.000207238
5.6296	0.00849765
5.62984	0.015954
5.63009	0.0173905
5.63033	0.0150071
5.63058	0.0124553
5.63082	0.0111352
5.63107	0.00959067
5.63131	0.00500997
5.63156	-0.00250537
5.6318	-0.0072351
5.63204	-0.00305299
5.63229	0.00803698
5.63253	0.0162999
5.63278	0.0148872
5.63302	0.00733076
5.63327	0.00273736
5.63351	0.00536199
5.63376	0.0106735
5.634	0.0113204
5.63425	0.00604459
5.63449	0.00154872
5.63474	0.00401567
5.63498	0.00992752
5.63522	0.00978191
5.63547	0.00189092
5.63571	-0.00367317
5.63596	0.00089776
5.6362	0.00914089
5.63645	0.00958668
5.63669	0.00291289
5.63694	0.000435177
5.63718	0.00660908
5.63743	0.0128873
5.63767	0.0111553
5.63792	0.00500294
5.63816	0.00355444
5.6384	0.00947883
5.63865	0.0168099
5.63889	0.0173407
5.63914	0.00761939
5.63938	-0.00694121
5.63963	-0.0149144
5.63987	-0.0103482
5.64012	-0.000560402
5.64036	0.00340587
5.64061	0.00221426
5.64085	0.00507564
5.64109	0.012076
5.64134	0.0121735
5.64158	0.00208793
5.64183	-0.00596574
5.64207	-0.00259143
5.64232	0.00447982
5.64256	0.00424158
5.64281	0.000133346
5.64305	0.00134226
5.6433	0.00461188
5.64354	0.000145781
5.64379	-0.00851183
5.64403	-0.00705255
5.64427	0.00631958
5.64452	0.0153821
5.64476	0.00847853
5.64501	-0.00552399
5.64525	-0.0109831
5.6455	-0.00620159
5.64574	-0.00182467
5.64599	-0.00378211
5.64623	-0.00683063
5.64648	-0.00442302
5.64672	0.0018352
5.64697	0.00518181
5.64721	0.00299208
5.64745	-0.000390758
5.6477	-0.000256538
5.64794	0.0022948
5.64819	0.00357358
5.64843	0.00417705
5.64868	0.00712044
5.64892	0.00992498
5.64917	0.00638758
5.64941	-0.00189849
5.64966	-0.00484396
5.6499	0.000435403
5.65015	0.00264274
5.65039	-0.00658547
5.65063	-0.0170793
5.65088	-0.0135936
5.65112	0.000769715
5.65137	0.00849707
5.65161	0.00295259
5.65186	-0.00443354
5.6521	-0.00323291
5.65235	0.00314827
5.65259	0.00730617
5.65284	0.00862789
5.65308	0.00873379
5.65332	0.00568476
5.65357	-0.0011703
5.65381	-0.00756507
5.65406	-0.0102745
5.6543	-0.0106535
5.65455	-0.00915444
5.65479	-0.00354049
5.65504	0.00439812
5.65528	0.00823839
5.65553	0.00653444
5.65577	0.00490791
5.65602	0.00522438
5.65626	0.00229438
5.6565	-0.00421041
5.65675	-0.00567699
5.65699	0.000735175
5.65724	0.00453061
5.65748	-0.00148106
5.65773	-0.00755788
5.65797	-0.0020978
5.65822	0.00858465
5.65846	0.00983611
5.65871	0.00137896
5.65895	-0.00505087
5.6592	-0.00647571
5.65944	-0.0102133
5.65968	-0.0162731
5.65993	-0.0157497
5.66017	-0.00848849
5.66042	-0.00531222
5.66066	-0.00844428
5.66091	-0.00656476
5.66115	0.00374955
5.6614	0.00846086
5.66164	-0.00122176
5.66189	-0.0117417
5.66213	-0.00738355
5.66238	0.0044372
5.66262	0.00562748
5.66286	-0.00306736
5.66311	-0.00479955
5.66335	0.00438928
5.6636	0.00983565
5.66384	0.003822
5.66409	-0.00229323
5.66433	0.00146518
5.66458	0.00751909
5.66482	0.00535191
5.66507	-0.000663029
5.66531	-0.000728349
5.66555	0.00260156
5.6658	0.000174565
5.66604	-0.00594055
5.66629	-0.00494185
5.66653	0.00409283
5.66678	0.00954429
5.66702	0.00479028
5.66727	-0.00276128
5.66751	-0.00371279
5.66776	0.00103319
5.668	0.00435087
5.66825	0.00277209
5.66849	-0.0017979
5.66873	-0.00570216
5.66898	-0.00588249
5.66922	-0.00206245
5.66947	0.00201529
5.66971	0.00310145
5.66996	0.00357492
5.6702	0.00660892
5.67045	0.00759575
5.67069	-0.000761297
5.67094	-0.0140513
5.67118	-0.0177418
5.67143	-0.00735692
5.67167	0.00371308
5.67191	0.00371072
5.67216	-0.000461811
5.6724	0.00368072
5.67265	0.0125262
5.67289	0.0119927
5.67314	0.00107927
5.67338	-0.00578142
5.67363	-0.0011974
5.67387	0.00466721
5.67412	0.00135141
5.67436	-0.00609027
5.67461	-0.00716768
5.67485	-0.00315549
5.67509	-0.00334959
5.67534	-0.00854628
5.67558	-0.00987719
5.67583	-0.00417874
5.67607	8.94195e-05
5.67632	-0.0037996
5.67656	-0.0100264
5.67681	-0.00938332
5.67705	-0.00340059
5.6773	-0.000576347
5.67754	-0.00162594
5.67778	0.000950099
5.67803	0.00805078
5.67827	0.0101874
5.67852	0.00334884
5.67876	-0.00207029
5.67901	0.00309534
5.67925	0.0108247
5.6795	0.0073949
5.67974	-0.00485532
5.67999	-0.0108167
5.68023	-0.0051242
5.68048	0.00257583
5.68072	0.0045684
5.68096	0.00316047
5.68121	0.000303183
5.68145	-0.00607901
5.6817	-0.0118482
5.68194	-0.00768317
5.68219	0.003944
5.68243	0.00762715
5.68268	-0.00184842
5.68292	-0.0102448
5.68317	-0.00693009
5.68341	-0.00156558
5.68366	-0.00543412
5.6839	-0.0113707
5.68414	-0.00828717
5.68439	-0.00251155
5.68463	-0.0059838
5.68488	-0.0136441
5.68512	-0.0126721
5.68537	-0.00609806
5.68561	-0.00596968
5.68586	-0.00946161
5.6861	-0.00481624
5.68635	0.00307524
5.68659	-0.00171054
5.68684	-0.015268
5.68708	-0.0150732
5.68732	0.00325899
5.68757	0.0158848
5.68781	0.00665098
5.68806	-0.00987818
5.6883	-0.0136579
5.68855	-0.00725833
5.68879	-0.00376202
5.68904	-0.00321385
5.68928	0.00191484
5.68953	0.00940308
5.68977	0.0112046
5.69001	0.00696408
5.69026	0.0013846
5.6905	-0.00460196
5.69075	-0.0102039
5.69099	-0.0108343
5.69124	-0.00686959
5.69148	-0.00670646
5.69173	-0.0122319
5.69197	-0.012818
5.69222	-0.00388919
5.69246	0.00193641
5.69271	-0.00459801
5.69295	-0.0112808
5.69319	-0.00360628
5.69344	0.00993121
5.69368	0.0113142
5.69393	0.00237682
5.69417	-0.000941758
5.69442	0.00280483
5.69466	0.00112356
5.69491	-0.00626811
5.69515	-0.00611436
5.6954	0.00235984
5.69564	0.00378207
5.69589	-0.00610431
5.69613	-0.0119262
5.69637	-0.00540391
5.69662	0.000382495
5.69686	-0.00543596
5.69711	-0.0124955
5.69735	-0.00791586
5.6976	0.0015094
5.69784	0.00198665
5.69809	-0.00427109
5.69833	-0.00560552
5.69858	-0.00206844
5.69882	-0.00300596
5.69907	-0.0085618
5.69931	-0.00986254
5.69955	-0.005537
5.6998	-0.00336164
5.70004	-0.0057346
5.70029	-0.0067531
5.70053	-0.00453326
5.70078	-0.00415581
5.70102	-0.00646788
5.70127	-0.00545181
5.70151	0.000184931
5.70176	0.00319975
5.702	-0.000489014
5.70225	-0.00565085
5.70249	-0.00758004
5.70273	-0.00905477
5.70298	-0.0122873
5.70322	-0.0125889
5.70347	-0.00683548
5.70371	-0.000791528
5.70396	-0.000250063
5.7042	-0.00114518
5.70445	0.00277899
5.70469	0.0075697
5.70494	0.00461524
5.70518	-0.00407035
5.70542	-0.00686352
5.70567	0.000735467
5.70591	0.00983047
5.70616	0.0107238
5.7064	0.00392738
5.70665	-0.00410917
5.70689	-0.00921233
5.70714	-0.00985255
5.70738	-0.00542944
5.70763	0.00134185
5.70787	0.00479767
5.70812	0.00308473
5.70836	0.000858183
5.7086	0.0018138
5.70885	0.00279778
5.70909	-0.000166895
5.70934	-0.00367829
5.70958	-0.000660016
5.70983	0.00902029
5.71007	0.016976
5.71032	0.0161934
5.71056	0.0092441
5.71081	0.00510142
5.71105	0.00882579
5.7113	0.0156983
5.71154	0.0168175
5.71178	0.0106501
5.71203	0.00591137
5.71227	0.010177
5.71252	0.0193044
5.71276	0.0239598
5.71301	0.0237506
5.71325	0.0262069
5.7135	0.0324704
5.71374	0.0346418
5.71399	0.0298354
5.71423	0.0261149
5.71448	0.0293541
5.71472	0.0340364
5.71496	0.0338255
5.71521	0.0322932
5.71545	0.0351624
5.7157	0.0399916
5.71594	0.0420746
5.71619	0.0429407
5.71643	0.0440474
5.71668	0.0401266
5.71692	0.0292085
5.71717	0.0210955
5.71741	0.0235089
5.71765	0.0272666
5.7179	0.0194999
5.71814	0.00526327
5.71839	-0.000105356
5.71863	0.0045532
5.71888	0.00716081
5.71912	0.00518013
5.71937	0.00807987
5.71961	0.0163011
5.71986	0.0173031
5.7201	0.00705558
5.72035	-0.00206083
5.72059	-0.000944591
5.72083	0.00419167
5.72108	0.00576768
5.72132	0.00594525
5.72157	0.00706898
5.72181	0.00537574
5.72206	0.00136852
5.7223	0.00239707
5.72255	0.00777207
5.72279	0.00608249
5.72304	-0.0047403
5.72328	-0.0106192
5.72353	-0.00428732
5.72377	0.00155118
5.72401	-0.00354011
5.72426	-0.00892105
5.7245	-0.00213366
5.72475	0.00805174
5.72499	0.00671544
5.72524	-0.00131387
5.72548	-0.00152069
5.72573	0.00348074
5.72597	-0.000563209
5.72622	-0.0125868
5.72646	-0.017115
5.72671	-0.0104198
5.72695	-0.00475391
5.72719	-0.00573029
5.72744	-0.00531967
5.72768	-0.000239926
5.72793	0.00118685
5.72817	-0.00451283
5.72842	-0.00887318
5.72866	-0.00656816
5.72891	-0.00342522
5.72915	-0.00391131
5.7294	-0.00392648
5.72964	-0.00154794
5.72988	-0.00204741
5.73013	-0.00643516
5.73037	-0.0077761
5.73062	-0.00508648
5.73086	-0.00747361
5.73111	-0.0165252
5.73135	-0.0181792
5.7316	-0.00336065
5.73184	0.0146416
5.73209	0.0167267
5.73233	0.00395301
5.73258	-0.00665902
5.73282	-0.00687168
5.73306	-0.00380999
5.73331	-0.00413691
5.73355	-0.00535491
5.7338	-0.00452233
5.73404	-0.00448914
5.73429	-0.00742372
5.73453	-0.00967778
5.73478	-0.00745237
5.73502	-0.00282853
5.73527	-0.000592786
5.73551	-0.0019257
5.73576	-0.00363623
5.736	-0.00184362
5.73624	0.00458557
5.73649	0.0123555
5.73673	0.0150875
5.73698	0.00888875
5.73722	-0.00249562
5.73747	-0.0103359
5.73771	-0.00989457
5.73796	-0.00481414
5.7382	-0.00125414
5.73845	-9.1703e-05
5.73869	0.00192374
5.73894	0.00445968
5.73918	0.00214307
5.73942	-0.00672039
5.73967	-0.0141065
5.73991	-0.0106662
5.74016	0.00092999
5.7404	0.00755346
5.74065	0.00209071
5.74089	-0.00790214
5.74114	-0.0114582
5.74138	-0.00800418
5.74163	-0.00413673
5.74187	-0.00194549
5.74211	0.00108283
5.74236	0.00323728
5.7426	-0.000569172
5.74285	-0.00841923
5.74309	-0.0107192
5.74334	-0.00304137
5.74358	0.00720027
5.74383	0.0107379
5.74407	0.00752357
5.74432	0.00368656
5.74456	0.00202874
5.74481	0.000370919
5.74505	-0.00343838
5.74529	-0.00900489
5.74554	-0.0141889
5.74578	-0.0158413
5.74603	-0.0120924
5.74627	-0.00601571
5.74652	-0.003758
5.74676	-0.00639723
5.74701	-0.00756638
5.74725	-0.00297036
5.7475	0.00189305
5.74774	-0.000648035
5.74799	-0.00811217
5.74823	-0.010665
5.74847	-0.00563659
5.74872	-0.00115437
5.74896	-0.00303926
5.74921	-0.0055392
5.74945	-0.000370397
5.7497	0.0100896
5.74994	0.0152322
5.75019	0.00962359
5.75043	-0.00193679
5.75068	-0.0114476
5.75092	-0.0138346
5.75117	-0.00700633
5.75141	0.00664272
5.75165	0.0175257
5.7519	0.0157965
5.75214	0.00499928
5.75239	0.00129077
5.75263	0.0129642
5.75288	0.0276686
5.75312	0.028678
5.75337	0.0183195
5.75361	0.0135538
5.75386	0.0205421
5.7541	0.0269178
5.75434	0.0215933
5.75459	0.00997261
5.75483	0.00379177
5.75508	0.00542996
5.75532	0.00944884
5.75557	0.012508
5.75581	0.0143522
5.75606	0.0139143
5.7563	0.0109526
5.75655	0.00805479
5.75679	0.00667578
5.75704	0.00555085
5.75728	0.00594697
5.75752	0.0114738
5.75777	0.0187432
5.75801	0.0173772
5.75826	0.00587777
5.7585	-0.00238051
5.75875	0.001611
5.75899	0.00707058
5.75924	0.000249412
5.75948	-0.0115029
5.75973	-0.00925633
5.75997	0.00769486
5.76022	0.019466
5.76046	0.0140643
5.7607	0.00180332
5.76095	-0.00294731
5.76119	-9.12954e-05
5.76144	0.00251332
5.76168	0.00205036
5.76193	-0.000141158
5.76217	-0.00404981
5.76242	-0.00882421
5.76266	-0.0111635
5.76291	-0.0106576
5.76315	-0.0112217
5.7634	-0.014219
5.76364	-0.0162107
5.76388	-0.0155687
5.76413	-0.0143528
5.76437	-0.0123223
5.76462	-0.00739739
5.76486	-0.00320221
5.76511	-0.00597484
5.76535	-0.0120541
5.7656	-0.0103881
5.76584	-0.000935772
5.76609	0.00292008
5.76633	-0.00379676
5.76657	-0.00791117
5.76682	0.000440642
5.76706	0.0105746
5.76731	0.00844894
5.76755	-0.000713293
5.7678	-0.00261407
5.76804	0.00211343
5.76829	0.00131746
5.76853	-0.00640923
5.76878	-0.0103046
5.76902	-0.00655368
5.76927	-0.00268691
5.76951	-0.00245405
5.76975	-0.00102786
5.77	0.00284702
5.77024	0.00350874
5.77049	0.000199824
5.77073	-6.10908e-05
5.77098	0.00474674
5.77122	0.00704445
5.77147	0.00214583
5.77171	-0.00436599
5.77196	-0.00605476
5.7722	-0.00384207
5.77245	-0.00123962
5.77269	0.000409067
5.77293	-0.000767128
5.77318	-0.00567875
5.77342	-0.00795982
5.77367	0.000166017
5.77391	0.0127301
5.77416	0.0135118
5.7744	0.00040531
5.77465	-0.00739956
5.77489	0.00363992
5.77514	0.0197633
5.77538	0.0188459
5.77563	0.00208426
5.77587	-0.00914002
5.77611	-0.00383235
5.77636	0.0068928
5.7766	0.00873435
5.77685	0.00131892
5.77709	-0.00654763
5.77734	-0.00857488
5.77758	-0.00436006
5.77783	0.00182918
5.77807	0.00342587
5.77832	-0.0015428
5.77856	-0.00570145
5.7788	-0.000932784
5.77905	0.00900308
5.77929	0.0127992
5.77954	0.00848061
5.77978	0.00596771
5.78003	0.0106915
5.78027	0.0153109
5.78052	0.0129808
5.78076	0.00936095
5.78101	0.0135097
5.78125	0.0232876
5.7815	0.0285485
5.78174	0.0254441
5.78198	0.0199064
5.78223	0.0184661
5.78247	0.0218912
5.78272	0.0272336
5.78296	0.0310377
5.78321	0.0305605
5.78345	0.0255414
5.7837	0.0188493
5.78394	0.0134185
5.78419	0.00980091
5.78443	0.00817555
5.78468	0.00986659
5.78492	0.0144334
5.78516	0.0183141
5.78541	0.019202
5.78565	0.0186357
5.7859	0.0176292
5.78614	0.0139764
5.78639	0.00752958
5.78663	0.00346231
5.78688	0.00534327
5.78712	0.00924783
5.78737	0.0100163
5.78761	0.00860081
5.78786	0.00714368
5.7881	0.00258117
5.78834	-0.00635682
5.78859	-0.0114313
5.78883	-0.00555697
5.78908	0.00280714
5.78932	-0.000345704
5.78957	-0.0117135
5.78981	-0.0134732
5.79006	-0.00084943
5.7903	0.00972589
5.79055	0.00629566
5.79079	-0.00077702
5.79104	0.00262574
5.79128	0.0113439
5.79152	0.010759
5.79177	0.00066101
5.79201	-0.0061435
5.79226	-0.00453465
5.7925	-0.00198284
5.79275	-0.0042316
5.79299	-0.00849141
5.79324	-0.0109528
5.79348	-0.0108791
5.79373	-0.00733709
5.79397	-0.001012
5.79421	0.0017172
5.79446	-0.00389147
5.7947	-0.0107137
5.79495	-0.0074931
5.79519	0.00353166
5.79544	0.00825412
5.79568	0.00117545
5.79593	-0.00731007
5.79617	-0.0069644
5.79642	-0.000252021
5.79666	0.00492398
5.79691	0.00514144
5.79715	0.000237851
5.79739	-0.00835458
5.79764	-0.0142868
5.79788	-0.0109381
5.79813	-0.00282928
5.79837	-0.00183506
5.79862	-0.00875505
5.79886	-0.0116393
5.79911	-0.00715681
5.79935	-0.00748766
5.7996	-0.0169269
5.79984	-0.0191619
5.80009	-0.00326055
5.80033	0.0129826
5.80057	0.00646785
5.80082	-0.0148979
5.80106	-0.0229894
5.80131	-0.0114274
5.80155	-0.00174783
5.8018	-0.00712764
5.80204	-0.0146871
5.80229	-0.0104878
5.80253	-0.000463688
5.80278	0.00407963
5.80302	0.00435967
5.80327	0.00565258
5.80351	0.00502203
5.80375	-0.000421717
5.804	-0.00454653
5.80424	-0.00284019
5.80449	-0.00153911
5.80473	-0.00530788
5.80498	-0.00666175
5.80522	0.000220889
5.80547	0.00583043
5.80571	-0.000208666
5.80596	-0.0100341
5.8062	-0.00894353
5.80644	0.000702535
5.80669	0.00387976
5.80693	-0.00278373
5.80718	-0.00801869
5.80742	-0.00558955
5.80767	-0.00066568
5.80791	0.00338777
5.80816	0.00870897
5.8084	0.0120581
5.80865	0.00589086
5.80889	-0.00643128
5.80914	-0.011082
5.80938	-0.00372752
5.80962	0.00441019
5.80987	0.00494568
5.81011	0.00308395
5.81036	0.00437842
5.8106	0.00453784
5.81085	3.21217e-05
5.81109	-0.00369527
5.81134	-0.0030896
5.81158	-0.00395366
5.81183	-0.00932273
5.81207	-0.0115199
5.81232	-0.00623666
5.81256	-0.00289084
5.8128	-0.00912748
5.81305	-0.0158731
5.81329	-0.0116674
5.81354	-0.00249902
5.81378	-0.00175661
5.81403	-0.00772294
5.81427	-0.00797754
5.81452	-0.00135807
5.81476	0.00196791
5.81501	-3.68156e-05
5.81525	0.000629065
5.8155	0.00448768
5.81574	0.00245677
5.81598	-0.00628759
5.81623	-0.0106164
5.81647	-0.00592051
5.81672	-0.00128358
5.81696	-0.00273979
5.81721	-0.00362137
5.81745	0.00135428
5.8177	0.00536105
5.81794	0.00126202
5.81819	-0.00687198
5.81843	-0.0123135
5.81867	-0.0155139
5.81892	-0.01722
5.81916	-0.0125264
5.81941	-0.00169903
5.81965	0.00317555
5.8199	-0.0057687
5.82014	-0.0177156
5.82039	-0.0173768
5.82063	-0.00687491
5.82088	-0.000101325
5.82112	-0.000870978
5.82137	-0.00161742
5.82161	-0.000360501
5.82185	-0.00271511
5.8221	-0.00719141
5.82234	-0.00486714
5.82259	0.00308582
5.82283	0.00306415
5.82308	-0.0093613
5.82332	-0.019266
5.82357	-0.0132772
5.82381	0.000175628
5.82406	0.00312575
5.8243	-0.00654511
5.82455	-0.0143237
5.82479	-0.0104415
5.82503	-0.000392174
5.82528	0.00598124
5.82552	0.00609655
5.82577	0.00292325
5.82601	-0.000990801
5.82626	-0.00419883
5.8265	-0.0054371
5.82675	-0.00486607
5.82699	-0.00374433
5.82724	-0.0021274
5.82748	9.62947e-05
5.82773	0.000224215
5.82797	-0.00444662
5.82821	-0.0104302
5.82846	-0.0106332
5.8287	-0.00509738
5.82895	-0.00253275
5.82919	-0.00710896
5.82944	-0.0104823
5.82968	-0.00401205
5.82993	0.00644066
5.83017	0.00758706
5.83042	-0.00176867
5.83066	-0.00911392
5.8309	-0.00696401
5.83115	-0.00230365
5.83139	-0.00331639
5.83164	-0.00665951
5.83188	-0.00500728
5.83213	0.00025649
5.83237	0.00229626
5.83262	-0.000255383
5.83286	-0.0037525
5.83311	-0.00702619
5.83335	-0.0103196
5.8336	-0.0102137
5.83384	-0.0042775
5.83408	0.00192705
5.83433	0.00170466
5.83457	-0.001302
5.83482	0.00118696
5.83506	0.00673785
5.83531	0.00503055
5.83555	-0.00367975
5.8358	-0.00716417
5.83604	-0.00199702
5.83629	-0.000848994
5.83653	-0.0110651
5.83678	-0.0196432
5.83702	-0.0121326
5.83726	0.00342702
5.83751	0.00647045
5.83775	-0.00719523
5.838	-0.0211175
5.83824	-0.0214456
5.83849	-0.0114245
5.83873	-0.00183601
5.83898	0.00146546
5.83922	-0.00185399
5.83947	-0.00852477
5.83971	-0.0109482
5.83996	-0.00302102
5.8402	0.00995878
5.84044	0.0147048
5.84069	0.0065086
5.84093	-0.00491087
5.84118	-0.00935313
5.84142	-0.00791533
5.84167	-0.00609722
5.84191	-0.00340907
5.84216	0.00247218
5.8424	0.00708379
5.84265	0.00380262
5.84289	-0.00547484
5.84313	-0.012197
5.84338	-0.0125059
5.84362	-0.00972443
5.84387	-0.00643269
5.84411	-0.00165563
5.84436	0.0032327
5.8446	0.00321101
5.84485	-0.00281185
5.84509	-0.00874207
5.84534	-0.00918537
5.84558	-0.00611531
5.84583	-0.00386732
5.84607	-0.00165432
5.84631	0.00366394
5.84656	0.0099035
5.8468	0.0108281
5.84705	0.00510789
5.84729	-0.00122307
5.84754	-0.00258189
5.84778	0.000171671
5.84803	0.0034255
5.84827	0.00626316
5.84852	0.00873833
5.84876	0.0078704
5.84901	0.000447416
5.84925	-0.0106613
5.84949	-0.0175839
5.84974	-0.0162158
5.84998	-0.0107672
5.85023	-0.00784321
5.85047	-0.00858926
5.85072	-0.00919222
5.85096	-0.00736403
5.85121	-0.00489163
5.85145	-0.00370388
5.8517	-0.00267046
5.85194	-0.000261438
5.85219	0.0015203
5.85243	-0.000968135
5.85267	-0.00688773
5.85292	-0.00978207
5.85316	-0.00510806
5.85341	0.0027122
5.85365	0.0045097
5.8539	-0.0021207
5.85414	-0.00961142
5.85439	-0.0107535
5.85463	-0.00813931
5.85488	-0.00876654
5.85512	-0.0120023
5.85536	-0.00977121
5.85561	0.000582125
5.85585	0.0104923
5.8561	0.011157
5.85634	0.00530695
5.85659	0.00221442
5.85683	0.00384345
5.85708	0.00323936
5.85732	-0.00305936
5.85757	-0.0084205
5.85781	-0.00582207
5.85806	0.00104533
5.8583	0.00237849
5.85854	-0.00418118
5.85879	-0.0107662
5.85903	-0.0101735
5.85928	-0.00380293
5.85952	0.00284778
5.85977	0.00703458
5.86001	0.0078439
5.86026	0.00365866
5.8605	-0.00396615
5.86075	-0.0076267
5.86099	-0.00226148
5.86124	0.00579388
5.86148	0.00572918
5.86172	-0.00181597
5.86197	-0.00455251
5.86221	0.00306464
5.86246	0.0102999
5.8627	0.00547551
5.86295	-0.0061212
5.86319	-0.00916757
5.86344	-0.000392789
5.86368	0.00635506
5.86393	-0.000868869
5.86417	-0.0156275
5.86442	-0.0208091
5.86466	-0.00978492
5.8649	0.00533616
5.86515	0.00781641
5.86539	-0.00404882
5.86564	-0.0152064
5.86588	-0.0128415
5.86613	-0.00244199
5.86637	0.000657893
5.86662	-0.00714197
5.86686	-0.0140225
5.86711	-0.0116615
5.86735	-0.00666045
5.8676	-0.00712887
5.86784	-0.00834331
5.86808	-0.00247599
5.86833	0.00495455
5.86857	0.00223526
5.86882	-0.00794079
5.86906	-0.00976009
5.86931	0.00212985
5.86955	0.0136127
5.8698	0.0108717
5.87004	-0.00139008
5.87029	-0.00866648
5.87053	-0.0060033
5.87077	-0.000480213
5.87102	0.00153196
5.87126	0.00163712
5.87151	0.00409814
5.87175	0.00832761
5.872	0.00884864
5.87224	0.00227944
5.87249	-0.00662489
5.87273	-0.00861377
5.87298	-0.0014973
5.87322	0.00561094
5.87347	0.00401043
5.87371	-0.00227256
5.87395	-0.00266894
5.8742	0.0040733
5.87444	0.00895787
5.87469	0.00695457
5.87493	0.00258287
5.87518	-8.47399e-05
5.87542	-0.00343112
5.87567	-0.00890709
5.87591	-0.0120291
5.87616	-0.00945912
5.8764	-0.00470361
5.87665	-0.00256332
5.87689	-0.00324425
5.87713	-0.0051015
5.87738	-0.00770271
5.87762	-0.00952925
5.87787	-0.00822073
5.87811	-0.00518223
5.87836	-0.00409186
5.8786	-0.00400263
5.87885	-0.00139018
5.87909	0.000648973
5.87934	-0.00454977
5.87958	-0.0133659
5.87983	-0.0133626
5.88007	-0.00275149
5.88031	0.00457803
5.88056	-6.78622e-05
5.8808	-0.00767305
5.88105	-0.00870873
5.88129	-0.00903708
5.88154	-0.0161238
5.88178	-0.0217995
5.88203	-0.0148991
5.88227	-0.00205478
5.88252	0.00156084
5.88276	-0.00379172
5.883	-0.00556528
5.88325	-0.00196675
5.88349	-0.002731
5.88374	-0.00782068
5.88398	-0.00522997
5.88423	0.00656217
5.88447	0.0124854
5.88472	0.00431201
5.88496	-0.00570314
5.88521	-0.00416114
5.88545	0.00329751
5.8857	0.00246473
5.88594	-0.00772792
5.88618	-0.0156125
5.88643	-0.0140653
5.88667	-0.00747769
5.88692	-0.0034081
5.88716	-0.00427675
5.88741	-0.00663227
5.88765	-0.0048402
5.8879	0.00292115
5.88814	0.0107044
5.88839	0.0105164
5.88863	0.00323033
5.88888	-0.00187038
5.88912	-0.000521572
5.88936	0.000689775
5.88961	-0.00408637
5.88985	-0.00993925
5.8901	-0.00896468
5.89034	-0.00214498
5.89059	0.00349895
5.89083	0.00490795
5.89108	0.00319173
5.89132	-0.00167581
5.89157	-0.0085501
5.89181	-0.0112146
5.89206	-0.00537289
5.8923	0.00300908
5.89254	0.00495127
5.89279	0.00157533
5.89303	0.000369231
5.89328	0.000767821
5.89352	-0.00406542
5.89377	-0.0111947
5.89401	-0.00865898
5.89426	0.00353639
5.8945	0.00875325
5.89475	-0.00105905
5.89499	-0.0103465
5.89523	-0.00393961
5.89548	0.00680649
5.89572	0.00109249
5.89597	-0.016441
5.89621	-0.0212808
5.89646	-0.00764294
5.8967	0.00350493
5.89695	-0.000201896
5.89719	-0.00420404
5.89744	0.00417833
5.89768	0.0115862
5.89793	0.00183341
5.89817	-0.0146113
5.89841	-0.0168866
5.89866	-0.00709669
5.8989	-0.00332493
5.89915	-0.00747745
5.89939	-0.00580428
5.89964	0.00216672
5.89988	0.00173629
5.90013	-0.00864852
5.90037	-0.0127468
5.90062	-0.00502164
5.90086	0.000595391
5.90111	-0.0024353
5.90135	-0.0022593
5.90159	0.00513807
5.90184	0.00371913
5.90208	-0.0129488
5.90233	-0.0231636
5.90257	-0.00906357
5.90282	0.0121109
5.90306	0.0129925
5.90331	-0.00261306
5.90355	-0.0099633
5.9038	-0.00439997
5.90404	-0.00322597
5.90429	-0.0110511
5.90453	-0.0126565
5.90477	-0.00290753
5.90502	0.00277772
5.90526	-0.00470792
5.90551	-0.013159
5.90575	-0.010863
5.906	-0.00467923
5.90624	-0.0046498
5.90649	-0.0059056
5.90673	0.000766377
5.90698	0.0114083
5.90722	0.015251
5.90746	0.0113888
5.90771	0.00736299
5.90795	0.00583633
5.9082	0.00317885
5.90844	-0.00118512
5.90869	-0.00292441
5.90893	4.72088e-05
5.90918	0.00464539
5.90942	0.00692401
5.90967	0.00560428
5.90991	0.0019249
5.91016	-0.00153609
5.9104	-0.00285439
5.91064	-0.00289906
5.91089	-0.00383713
5.91113	-0.00518877
5.91138	-0.00460564
5.91162	-0.00323949
5.91187	-0.00585086
5.91211	-0.0132638
5.91236	-0.0187436
5.9126	-0.0156169
5.91285	-0.00622156
5.91309	0.000468349
5.91334	-0.00059234
5.91358	-0.00541984
5.91382	-0.00698766
5.91407	-0.00402145
5.91431	-0.00179719
5.91456	-0.0046404
5.9148	-0.0102527
5.91505	-0.0131727
5.91529	-0.011666
5.91554	-0.00820375
5.91578	-0.00491794
5.91603	-0.00271553
5.91627	-0.0033712
5.91652	-0.00717518
5.91676	-0.00963301
5.917	-0.00688261
5.91725	-0.00324943
5.91749	-0.0053361
5.91774	-0.00952873
5.91798	-0.00622602
5.91823	0.00275046
5.91847	0.00422248
5.91872	-0.00521352
5.91896	-0.0125439
5.91921	-0.00950007
5.91945	-0.00524286
5.91969	-0.00807561
5.91994	-0.00999715
5.92018	-0.00343758
5.92043	0.00109176
5.92067	-0.00776906
5.92092	-0.0191208
5.92116	-0.0151701
5.92141	-0.00157139
5.92165	0.000751947
5.9219	-0.0101078
5.92214	-0.0150014
5.92239	-0.00591713
5.92263	0.00355534
5.92287	0.00377132
5.92312	0.00262506
5.92336	0.00641513
5.92361	0.00744687
5.92385	0.000684786
5.9241	-0.00443935
5.92434	-0.000192987
5.92459	0.00561301
5.92483	0.00330317
5.92508	-0.00298219
5.92532	-0.00444646
5.92557	-0.00242888
5.92581	-0.0030912
5.92605	-0.00539773
5.9263	-0.00471292
5.92654	-0.0022737
5.92679	-0.0024271
5.92703	-0.00543195
5.92728	-0.00946629
5.92752	-0.0141208
5.92777	-0.0166877
5.92801	-0.0118781
5.92826	-0.000839427
5.9285	0.00669628
5.92875	0.00506446
5.92899	0.000460373
5.92923	0.000360452
5.92948	0.00249306
5.92972	0.000796886
5.92997	-0.0042354
5.93021	-0.00772816
5.93046	-0.00749761
5.9307	-0.00369436
5.93095	0.00287386
5.93119	0.00745931
5.93144	0.00301286
5.93168	-0.00983584
5.93192	-0.0207406
5.93217	-0.0220932
5.93241	-0.016966
5.93266	-0.0110026
5.9329	-0.00480909
5.93315	0.000732724
5.93339	0.000836248
5.93364	-0.00479797
5.93388	-0.00820071
5.93413	-0.00489676
5.93437	-0.00169634
5.93462	-0.00541563
5.93486	-0.0115497
5.9351	-0.0123067
5.93535	-0.00880599
5.93559	-0.00666191
5.93584	-0.0057488
5.93608	-0.00324196
5.93633	-0.00140577
5.93657	-0.0036643
5.93682	-0.00749215
5.93706	-0.00906027
5.93731	-0.0100523
5.93755	-0.0122739
5.9378	-0.0110945
5.93804	-0.00301415
5.93828	0.0052039
5.93853	0.00438623
5.93877	-0.00358591
5.93902	-0.0089402
5.93926	-0.00766667
5.93951	-0.0039512
5.93975	-0.00200226
5.94	-0.00319136
5.94024	-0.00812877
5.94049	-0.0139344
5.94073	-0.0130658
5.94098	-0.00309976
5.94122	0.00598239
5.94146	0.00338147
5.94171	-0.00677234
5.94195	-0.011123
5.9422	-0.00629047
5.94244	-0.00164823
5.94269	-0.00348978
5.94293	-0.00743664
5.94318	-0.00835631
5.94342	-0.00777091
5.94367	-0.00778196
5.94391	-0.00598184
5.94416	-0.00120494
5.9444	0.00200838
5.94464	-0.000118443
5.94489	-0.00406858
5.94513	-0.00392433
5.94538	0.000145363
5.94562	0.00308257
5.94587	0.00293049
5.94611	0.00260113
5.94636	0.00327501
5.9466	0.000956827
5.94685	-0.00702348
5.94709	-0.0150151
5.94733	-0.0142605
5.94758	-0.0055292
5.94782	-0.000437361
5.94807	-0.00652979
5.94831	-0.0162108
5.94856	-0.0164465
5.9488	-0.00609362
5.94905	0.00342726
5.94929	0.00298731
5.94954	-0.00557723
5.94978	-0.0145596
5.95003	-0.0173271
5.95027	-0.0111198
5.95051	0.000178045
5.95076	0.0069353
5.951	0.00417024
5.95125	-0.00103235
5.95149	-6.62824e-05
5.95174	0.0031422
5.95198	-0.000447585
5.95223	-0.00715837
5.95247	-0.00506428
5.95272	0.00440302
5.95296	0.0062314
5.95321	-0.00379318
5.95345	-0.0115864
5.95369	-0.00759593
5.95394	-0.00062832
5.95418	-0.000558522
5.95443	-0.00294604
5.95467	-0.00146293
5.95492	-0.00134232
5.95516	-0.00807024
5.95541	-0.0148036
5.95565	-0.0137599
5.9559	-0.00953213
5.95614	-0.00888046
5.95639	-0.00799224
5.95663	-0.00266988
5.95687	-0.000323375
5.95712	-0.00740789
5.95736	-0.0148822
5.95761	-0.011816
5.95785	-0.00476875
5.9581	-0.00690028
5.95834	-0.014984
5.95859	-0.0150706
5.95883	-0.00637656
5.95908	-0.00187922
5.95932	-0.00703145
5.95956	-0.0135413
5.95981	-0.0135976
5.96005	-0.00733871
5.9603	0.00200875
5.96054	0.00881504
5.96079	0.00479779
5.96103	-0.00974922
5.96128	-0.0197836
5.96152	-0.0138198
5.96177	-0.00187866
5.96201	-1.55315e-06
5.96226	-0.00450914
5.9625	-0.000675135
5.96274	0.00939177
5.96299	0.0102608
5.96323	0.00165269
5.96348	-0.00104197
5.96372	0.00436255
5.96397	0.00242121
5.96421	-0.0106378
5.96446	-0.0174518
5.9647	-0.00814381
5.96495	0.00356657
5.96519	0.00387736
5.96544	-0.00116802
5.96568	-0.00154194
5.96592	-0.000823258
5.96617	-0.00394677
5.96641	-0.00361508
5.96666	0.00539534
5.9669	0.0118698
5.96715	0.00436983
5.96739	-0.00897376
5.96764	-0.0128193
5.96788	-0.00775683
5.96813	-0.00542542
5.96837	-0.00797563
5.96862	-0.00828467
5.96886	-0.00541257
5.9691	-0.00476923
5.96935	-0.00625201
5.96959	-0.00560894
5.96984	-0.00453999
5.97008	-0.00705016
5.97033	-0.00920713
5.97057	-0.00513225
5.97082	0.000342084
5.97106	-0.00141605
5.97131	-0.00625648
5.97155	-0.00275955
5.97179	0.00685472
5.97204	0.00791142
5.97228	-0.00249166
5.97253	-0.00917337
5.97277	-0.00273722
5.97302	0.00544544
5.97326	0.00161807
5.97351	-0.00920514
5.97375	-0.0124407
5.974	-0.00607051
5.97424	-0.000751031
5.97449	-0.00199734
5.97473	-0.00442569
5.97497	-0.00302951
5.97522	0.000151878
5.97546	0.00201909
5.97571	0.00304511
5.97595	0.0038309
5.9762	0.00332581
5.97644	0.00222683
5.97669	0.00242978
5.97693	0.00183634
5.97718	-0.00360748
5.97742	-0.010544
5.97767	-0.00876338
5.97791	0.0040758
5.97815	0.0156923
5.9784	0.0145445
5.97864	0.00592208
5.97889	0.00314553
5.97913	0.0070059
5.97938	0.00633163
5.97962	-0.00158035
5.97987	-0.00513554
5.98011	0.00212259
5.98036	0.00872834
5.9806	0.00158066
5.98085	-0.013262
5.98109	-0.0178954
5.98133	-0.00722212
5.98158	0.00515633
5.98182	0.00616431
5.98207	-0.00138428
5.98231	-0.00611752
5.98256	-0.0038028
5.9828	-0.00026105
5.98305	-0.00158076
5.98329	-0.00646789
5.98354	-0.00894123
5.98378	-0.00605761
5.98402	-0.00100005
5.98427	0.00131535
5.98451	-0.000390447
5.98476	-0.00413292
5.985	-0.00809016
5.98525	-0.0106019
5.98549	-0.00893957
5.98574	-0.00307647
5.98598	0.000439794
5.98623	-0.0051068
5.98647	-0.015948
5.98672	-0.0206957
5.98696	-0.015336
5.9872	-0.00761655
5.98745	-0.00400007
5.98769	-0.00141582
5.98794	0.00292374
5.98818	0.00302606
5.98843	-0.00593523
5.98867	-0.0161666
5.98892	-0.0158594
5.98916	-0.00530324
5.98941	0.00457423
5.98965	0.00672259
5.9899	0.00265922
5.99014	-0.00431291
5.99038	-0.0114601
5.99063	-0.0140476
5.99087	-0.00926655
5.99112	-0.00204176
5.99136	0.000595654
5.99161	-0.000345699
5.99185	0.00107691
5.9921	0.00439002
5.99234	0.0033725
5.99259	-0.00256922
5.99283	-0.00690598
5.99308	-0.0063387
5.99332	-0.00399753
5.99356	-0.00135386
5.99381	0.00406734
5.99405	0.0107731
5.9943	0.0116978
5.99454	0.00422519
5.99479	-0.00498033
5.99503	-0.00886905
5.99528	-0.00800942
5.99552	-0.00639145
5.99577	-0.00486108
5.99601	-0.00278191
5.99625	-0.0018464
5.9965	-0.00377277
5.99674	-0.00675173
5.99699	-0.00757637
5.99723	-0.00594871
5.99748	-0.00455818
5.99772	-0.00582816
5.99797	-0.0093874
5.99821	-0.0119115
5.99846	-0.00988698
5.9987	-0.00387623
5.99895	0.00112043
5.99919	0.00132106
5.99943	-0.00148444
5.99968	-0.00346488
5.99992	-0.00436588
6.00017	-0.00654502
6.00041	-0.0102475
6.00066	-0.0129827
6.0009	-0.0121661
6.00115	-0.00643344
6.00139	0.00285504
6.00164	0.00948373
6.00188	0.0063505
6.00213	-0.00491475
6.00237	-0.0130772
6.00261	-0.0104311
6.00286	-0.00201735
6.0031	0.00292081
6.00335	0.00283869
6.00359	0.00104314
6.00384	-0.00280396
6.00408	-0.00978937
6.00433	-0.015009
6.00457	-0.0129442
6.00482	-0.00641457
6.00506	-0.00167332
6.00531	0.0017402
6.00555	0.00686191
6.00579	0.0089985
6.00604	0.00133976
6.00628	-0.010641
6.00653	-0.012788
6.00677	-0.00186789
6.00702	0.00899782
6.00726	0.00745668
6.00751	-0.00390242
6.00775	-0.0135639
6.008	-0.0146297
6.00824	-0.00950292
6.00848	-0.00553292
6.00873	-0.00733737
6.00897	-0.0108866
6.00922	-0.00735825
6.00946	0.00383105
6.00971	0.0111429
6.00995	0.00628029
6.0102	-0.00269954
6.01044	-0.00285304
6.01069	0.00454358
6.01093	0.00785557
6.01118	0.00415611
6.01142	0.00142734
6.01166	0.00329805
6.01191	0.00458301
6.01215	0.00245916
6.0124	0.000374327
6.01264	-5.37241e-05
6.01289	-0.000633259
6.01313	-0.000140984
6.01338	0.00342081
6.01362	0.00529678
6.01387	0.000158148
6.01411	-0.00582141
6.01436	-0.00229186
6.0146	0.00685722
6.01484	0.00721851
6.01509	-0.00337445
6.01533	-0.0112856
6.01558	-0.00848376
6.01582	-0.00201404
6.01607	0.00123068
6.01631	0.00354102
6.01656	0.00565183
6.0168	0.00274918
6.01705	-0.0029115
6.01729	-0.000988901
6.01754	0.00825342
6.01778	0.00989724
6.01802	-0.0022465
6.01827	-0.0135478
6.01851	-0.0108018
6.01876	-0.00243004
6.019	-0.00332352
6.01925	-0.0112866
6.01949	-0.0131991
6.01974	-0.00641983
6.01998	7.07296e-05
6.02023	0.000661468
6.02047	-0.00271711
6.02071	-0.00740193
6.02096	-0.0109644
6.0212	-0.00908777
6.02145	-0.00108283
6.02169	0.00600516
6.02194	0.00579425
6.02218	0.000913488
6.02243	-0.00271773
6.02267	-0.00421508
6.02292	-0.00460787
6.02316	-0.00233907
6.02341	0.00143947
6.02365	0.000311268
6.02389	-0.00730283
6.02414	-0.0127411
6.02438	-0.00975987
6.02463	-0.00516483
6.02487	-0.00768565
6.02512	-0.013241
6.02536	-0.0118564
6.02561	-0.00389101
6.02585	0.00179906
6.0261	0.00253598
6.02634	0.00378156
6.02659	0.00772241
6.02683	0.0096743
6.02707	0.00670892
6.02732	0.0026904
6.02756	0.00291701
6.02781	0.00738858
6.02805	0.0100287
6.0283	0.00400164
6.02854	-0.00969293
6.02879	-0.0193079
6.02903	-0.0139949
6.02928	0.000873664
6.02952	0.00819001
6.02977	0.00134228
6.03001	-0.0077182
6.03025	-0.00716279
6.0305	-0.00119842
6.03074	0.000544305
6.03099	-0.000445308
6.03123	0.00311533
6.03148	0.00892569
6.03172	0.00728756
6.03197	-0.00348702
6.03221	-0.0137994
6.03246	-0.0149117
6.0327	-0.00769772
6.03295	0.00056645
6.03319	0.00355504
6.03343	0.000586298
6.03368	-0.00346736
6.03392	-0.00432129
6.03417	-0.00419208
6.03441	-0.00725952
6.03466	-0.0103602
6.0349	-0.00653021
6.03515	0.00145731
6.03539	0.00180159
6.03564	-0.00834323
6.03588	-0.0163034
6.03612	-0.0112761
6.03637	0.00122164
6.03661	0.00887996
6.03686	0.00790047
6.0371	0.00219813
6.03735	-0.0041676
6.03759	-0.0069767
6.03784	-0.00254706
6.03808	0.00490309
6.03833	0.00475857
6.03857	-0.00498775
6.03882	-0.0130393
6.03906	-0.0108749
6.0393	-0.00342792
6.03955	0.00228301
6.03979	0.00715281
6.04004	0.0109542
6.04028	0.00658699
6.04053	-0.00619882
6.04077	-0.0139214
6.04102	-0.00833922
6.04126	-0.000569173
6.04151	-0.003208
6.04175	-0.0101364
6.042	-0.00926569
6.04224	-0.00460635
6.04248	-0.00797907
6.04273	-0.0166245
6.04297	-0.0173546
6.04322	-0.00833046
6.04346	3.50334e-05
6.04371	0.00254398
6.04395	0.00241884
6.0442	0.000402842
6.04444	-0.00465279
6.04469	-0.00735123
6.04493	-0.00216381
6.04518	0.00436391
6.04542	0.00146638
6.04566	-0.00843068
6.04591	-0.0133685
6.04615	-0.0101969
6.0464	-0.00632295
6.04664	-0.00581278
6.04689	-0.00630133
6.04713	-0.00702029
6.04738	-0.00829655
6.04762	-0.00684464
6.04787	-0.00254508
6.04811	-0.00380245
6.04835	-0.0139998
6.0486	-0.020762
6.04884	-0.0134841
6.04909	-0.00250948
6.04933	-0.00279283
6.04958	-0.00750185
6.04982	-0.000311299
6.05007	0.0126306
6.05031	0.00943821
6.05056	-0.010076
6.0508	-0.0208391
6.05105	-0.0104545
6.05129	0.00436984
6.05153	0.00659555
6.05178	0.00118391
6.05202	-0.00111723
6.05227	-0.00203108
6.05251	-0.00586748
6.05276	-0.00779925
6.053	-0.00403668
6.05325	-0.000858525
6.05349	-0.00341762
6.05374	-0.00673767
6.05398	-0.00592429
6.05423	-0.00416976
6.05447	-0.0037466
6.05471	-0.000774922
6.05496	0.00442492
6.0552	0.00390424
6.05545	-0.0040713
6.05569	-0.00967864
6.05594	-0.00702135
6.05618	-0.00312506
6.05643	-0.00441775
6.05667	-0.00619786
6.05692	-0.00339607
6.05716	-0.000349357
6.05741	-0.00152847
6.05765	-0.00297092
6.05789	-0.00108737
6.05814	-0.000279631
6.05838	-0.00416926
6.05863	-0.00848948
6.05887	-0.00958839
6.05912	-0.0106473
6.05936	-0.0131845
6.05961	-0.0124017
6.05985	-0.00731229
6.0601	-0.00510631
6.06034	-0.00889384
6.06058	-0.0116172
6.06083	-0.00862342
6.06107	-0.00531987
6.06132	-0.00576492
6.06156	-0.00535648
6.06181	-0.00198498
6.06205	-0.00203606
6.0623	-0.00725787
6.06254	-0.0085555
6.06279	-0.00202839
6.06303	0.00212237
6.06328	-0.00260842
6.06352	-0.00573735
6.06376	0.00271433
6.06401	0.0136576
6.06425	0.0125624
6.0645	0.00155289
6.06474	-0.00716429
6.06499	-0.0110431
6.06523	-0.0147366
6.06548	-0.0155006
6.06572	-0.00775933
6.06597	0.00274428
6.06621	0.00534802
6.06646	0.00177597
6.0667	0.00224348
6.06694	0.00700174
6.06719	0.00654642
6.06743	-0.000963905
6.06768	-0.00665798
6.06792	-0.00579505
6.06817	-0.00328038
6.06841	-0.00326046
6.06866	-0.00393438
6.0689	-0.00393046
6.06915	-0.00458004
6.06939	-0.00500653
6.06964	-0.00294455
6.06988	-0.000435253
6.07012	-0.00151823
6.07037	-0.00530951
6.07061	-0.00814866
6.07086	-0.0102099
6.0711	-0.0127863
6.07135	-0.0125744
6.07159	-0.00710021
6.07184	-0.00203356
6.07208	-0.0036259
6.07233	-0.00754001
6.07257	-0.00562816
6.07281	-0.000264159
6.07306	-0.000136513
6.0733	-0.00450113
6.07355	-0.00476406
6.07379	-0.000588107
6.07404	-0.000496765
6.07428	-0.00546529
6.07453	-0.00601326
6.07477	0.000993749
6.07502	0.00576678
6.07526	0.00126825
6.07551	-0.00583792
6.07575	-0.00657602
6.07599	-0.00279404
6.07624	-0.00161991
6.07648	-0.00371063
6.07673	-0.00424667
6.07697	-0.00128206
6.07722	0.00261625
6.07746	0.00437986
6.07771	0.00281848
6.07795	-0.000366399
6.0782	-0.000851382
6.07844	0.00316966
6.07869	0.00632307
6.07893	0.00245684
6.07917	-0.00453086
6.07942	-0.0044812
6.07966	0.00300192
6.07991	0.00600776
6.08015	-0.00180046
6.0804	-0.0101413
6.08064	-0.00647429
6.08089	0.0054432
6.08113	0.0105552
6.08138	0.00275316
6.08162	-0.00859481
6.08187	-0.0119832
6.08211	-0.00674673
6.08235	-0.00115665
6.0826	-0.00187097
6.08284	-0.00754987
6.08309	-0.0116178
6.08333	-0.0100825
6.08358	-0.00564388
6.08382	-0.00303045
6.08407	-0.00221114
6.08431	-0.000194496
6.08456	0.00149672
6.0848	-0.00223906
6.08504	-0.00986768
6.08529	-0.0112862
6.08553	-0.00146695
6.08578	0.00952009
6.08602	0.00768306
6.08627	-0.00639509
6.08651	-0.0180746
6.08676	-0.0173017
6.087	-0.00902863
6.08725	-0.00320687
6.08749	-0.00164892
6.08774	0.000190012
6.08798	0.00303481
6.08822	0.00232041
6.08847	-0.00354198
6.08871	-0.00915032
6.08896	-0.00875928
6.0892	-0.00378612
6.08945	-0.000720202
6.08969	-0.00305525
6.08994	-0.00838064
6.09018	-0.0130645
6.09043	-0.0161408
6.09067	-0.0171748
6.09092	-0.0138161
6.09116	-0.00524882
6.0914	0.00344487
6.09165	0.00495563
6.09189	-0.00144517
6.09214	-0.00852164
6.09238	-0.0100631
6.09263	-0.00768472
6.09287	-0.00618017
6.09312	-0.00589515
6.09336	-0.0043135
6.09361	-0.00268945
6.09385	-0.00490981
6.0941	-0.00997258
6.09434	-0.0119462
6.09458	-0.00884102
6.09483	-0.00519908
6.09507	-0.00328052
6.09532	0.00121304
6.09556	0.00960844
6.09581	0.0135525
6.09605	0.00606403
6.0963	-0.00589448
6.09654	-0.0101066
6.09679	-0.00702356
6.09703	-0.00703371
6.09727	-0.0110994
6.09752	-0.0085071
6.09776	0.00321018
6.09801	0.0108925
6.09825	0.00543941
6.0985	-0.00419947
6.09874	-0.00627903
6.09899	-0.00365357
6.09923	-0.00414397
6.09948	-0.00446362
6.09972	0.00135986
6.09997	0.0062741
6.10021	0.00044253
6.10045	-0.00849711
6.1007	-0.00463152
6.10094	0.00908984
6.10119	0.0131683
6.10143	0.00217796
6.10168	-0.0075898
6.10192	-0.00588472
6.10217	-0.00310408
6.10241	-0.00796331
6.10266	-0.0102944
6.1029	-0.000462886
6.10315	0.00995735
6.10339	0.00469947
6.10363	-0.0104937
6.10388	-0.0159628
6.10412	-0.00700031
6.10437	0.00266974
6.10461	0.00377161
6.10486	0.00182354
6.1051	0.00384378
6.10535	0.00806145
6.10559	0.00977325
6.10584	0.00773938
6.10608	0.00232127
6.10633	-0.00511594
6.10657	-0.00961918
6.10681	-0.00648204
6.10706	0.00127416
6.1073	0.00546708
6.10755	0.00344437
6.10779	0.000533522
6.10804	0.00155771
6.10828	0.00524407
6.10853	0.00729786
6.10877	0.00467607
6.10902	-0.00239759
6.10926	-0.00886734
6.10951	-0.00790695
6.10975	-0.00028559
6.10999	0.00317947
6.11024	-0.0049784
6.11048	-0.0170498
6.11073	-0.0199966
6.11097	-0.0135766
6.11122	-0.00859329
6.11146	-0.00937131
6.11171	-0.00966018
6.11195	-0.0060768
6.1122	-0.00352684
6.11244	-0.00469223
6.11268	-0.00522205
6.11293	-0.00315494
6.11317	-0.00271202
6.11342	-0.00418781
6.11366	-0.000780697
6.11391	0.00819132
6.11415	0.0114439
6.1144	0.00211658
6.11464	-0.00874117
6.11489	-0.00638909
6.11513	0.00568732
6.11538	0.0103674
6.11562	0.000851267
6.11586	-0.0121721
6.11611	-0.0176644
6.11635	-0.0168882
6.1166	-0.0154026
6.11684	-0.0125515
6.11709	-0.00590513
6.11733	0.000287668
6.11758	-0.000578006
6.11782	-0.00692504
6.11807	-0.0101176
6.11831	-0.00646694
6.11856	-0.00201881
6.1188	-0.00307065
6.11904	-0.00694718
6.11929	-0.00688058
6.11953	-0.00330122
6.11978	-0.00378249
6.12002	-0.0107908
6.12027	-0.0157635
6.12051	-0.0100064
6.12076	0.00244017
6.121	0.00946686
6.12125	0.00734682
6.12149	0.00491526
6.12174	0.0092508
6.12198	0.0146096
6.12222	0.0115256
6.12247	0.00186235
6.12271	-0.00363374
6.12296	-0.00134119
6.1232	0.000707353
6.12345	-0.00352683
6.12369	-0.00827342
6.12394	-0.00542054
6.12418	0.00220578
6.12443	0.00497648
6.12467	0.000889315
6.12491	-0.00302388
6.12516	-0.00369265
6.1254	-0.00699237
6.12565	-0.0159597
6.12589	-0.022142
6.12614	-0.0161144
6.12638	-0.00226511
6.12663	0.00530964
6.12687	0.000999403
6.12712	-0.00567998
6.12736	-0.00354795
6.12761	0.00585525
6.12785	0.0112989
6.12809	0.00643137
6.12834	-0.00295966
6.12858	-0.00662308
6.12883	-0.00211008
6.12907	0.00311058
6.12932	0.00191411
6.12956	-0.00315174
6.12981	-0.00405756
6.13005	0.000953179
6.1303	0.00534066
6.13054	0.00454547
6.13079	0.00188028
6.13103	0.00123018
6.13127	0.00026088
6.13152	-0.00406115
6.13176	-0.00858025
6.13201	-0.00882684
6.13225	-0.00636593
6.1325	-0.00486676
6.13274	-0.00338058
6.13299	-0.000863331
6.13323	-0.00232452
6.13348	-0.0108905
6.13372	-0.0178704
6.13397	-0.0124028
6.13421	0.0012324
6.13445	0.00848022
6.1347	0.00594077
6.13494	0.00415892
6.13519	0.00770736
6.13543	0.00753181
6.13568	-0.00170177
6.13592	-0.0105633
6.13617	-0.00914058
6.13641	-0.00122231
6.13666	0.00415774
6.1369	0.00558526
6.13714	0.00514993
6.13739	0.000695743
6.13763	-0.00812266
6.13788	-0.0136206
6.13812	-0.00975427
6.13837	-0.0021586
6.13861	0.000265742
6.13886	-0.00175943
6.1391	-0.00152775
6.13935	0.00283623
6.13959	0.00891693
6.13984	0.0150532
6.14008	0.0173298
6.14032	0.00934538
6.14057	-0.0060721
6.14081	-0.0135951
6.14106	-0.00500337
6.1413	0.00640697
6.14155	0.00428653
6.14179	-0.00598463
6.14204	-0.00727409
6.14228	0.000700665
6.14253	0.00216213
6.14277	-0.00713272
6.14302	-0.0132513
6.14326	-0.00786019
6.1435	-6.55202e-05
6.14375	0.00130048
6.14399	0.000454697
6.14424	0.00170836
6.14448	-0.00101015
6.14473	-0.0108641
6.14497	-0.0167304
6.14522	-0.0079786
6.14546	0.00755746
6.14571	0.0131207
6.14595	0.00563365
6.1462	-0.00295479
6.14644	-0.00429175
6.14668	-0.00246419
6.14693	-0.00384702
6.14717	-0.00735121
6.14742	-0.00795226
6.14766	-0.00447076
6.14791	-0.000417348
6.14815	0.000633183
6.1484	-0.00150225
6.14864	-0.00384823
6.14889	-0.00306819
6.14913	0.00159877
6.14937	0.00755107
6.14962	0.0104916
6.14986	0.00731422
6.15011	-0.000918995
6.15035	-0.00842803
6.1506	-0.00964949
6.15084	-0.00590188
6.15109	-0.00386717
6.15133	-0.00589371
6.15158	-0.00683536
6.15182	-0.00388301
6.15207	-0.00301165
6.15231	-0.0089535
6.15255	-0.0148464
6.1528	-0.0118092
6.15304	-0.00461328
6.15329	-0.0054489
6.15353	-0.0134387
6.15378	-0.0143186
6.15402	-0.0030701
6.15427	0.00686647
6.15451	0.00330855
6.15476	-0.00728362
6.155	-0.0107035
6.15525	-0.00439757
6.15549	0.00339136
6.15573	0.0070646
6.15598	0.00642812
6.15622	0.00108195
6.15647	-0.00771372
6.15671	-0.0126718
6.15696	-0.00804492
6.1572	-0.000114549
6.15745	-0.000259631
6.15769	-0.00783048
6.15794	-0.0103093
6.15818	-0.00250739
6.15843	0.0049953
6.15867	0.00188563
6.15891	-0.00665845
6.15916	-0.00924621
6.1594	-0.00592095
6.15965	-0.00509966
6.15989	-0.00612237
6.16014	0.000988847
6.16038	0.0154627
6.16063	0.0198209
6.16087	0.0038961
6.16112	-0.0158672
6.16136	-0.0159507
6.1616	0.000673969
6.16185	0.00807035
6.16209	-0.00495836
6.16234	-0.0193765
6.16258	-0.0153984
6.16283	-0.000442352
6.16307	0.00575055
6.16332	0.00106949
6.16356	-0.00118756
6.16381	0.00307794
6.16405	0.00527871
6.1643	0.00299307
6.16454	0.00391113
6.16478	0.0088826
6.16503	0.00769635
6.16527	-0.0030461
6.16552	-0.0122827
6.16576	-0.0117548
6.16601	-0.00834745
6.16625	-0.0106173
6.1665	-0.0140921
6.16674	-0.0106636
6.16699	-0.00422987
6.16723	-0.00477667
6.16748	-0.0114957
6.16772	-0.0137549
6.16796	-0.00763637
6.16821	-0.00102907
6.16845	-0.000994179
6.1687	-0.00446734
6.16894	-0.00473856
6.16919	-0.00125762
6.16943	0.00114529
6.16968	-0.000191313
6.16992	-0.00299259
6.17017	-0.00427311
6.17041	-0.00440528
6.17066	-0.00570145
6.1709	-0.00835973
6.17114	-0.00998047
6.17139	-0.00908705
6.17163	-0.00679321
6.17188	-0.00442354
6.17212	-0.00225343
6.17237	-0.0014728
6.17261	-0.0035041
6.17286	-0.00570124
6.1731	-0.00295786
6.17335	0.00318955
6.17359	0.00348151
6.17383	-0.00531837
6.17408	-0.0123854
6.17432	-0.00731418
6.17457	0.00324329
6.17481	0.00496103
6.17506	-0.00220802
6.1753	-0.00552896
6.17555	-0.00163439
6.17579	-0.000956215
6.17604	-0.00710729
6.17628	-0.00848714
6.17653	0.00163612
6.17677	0.0111271
6.17701	0.00678177
6.17726	-0.004821
6.1775	-0.00784352
6.17775	-0.00122788
6.17799	0.0024115
6.17824	-0.00157129
6.17848	-0.00416437
6.17873	0.00027494
6.17897	0.00440837
6.17922	0.000481524
6.17946	-0.00686194
6.17971	-0.00759103
6.17995	-0.000992958
6.18019	0.00425427
6.18044	0.00339287
6.18068	0.00189696
6.18093	0.00604754
6.18117	0.0122665
6.18142	0.0113206
6.18166	0.00154857
6.18191	-0.00837662
6.18215	-0.0109272
6.1824	-0.00774634
6.18264	-0.00365417
6.18289	0.000394409
6.18313	0.00364774
6.18337	0.00229361
6.18362	-0.00269099
6.18386	-0.00164167
6.18411	0.00949387
6.18435	0.0174331
6.1846	0.00798222
6.18484	-0.00972326
6.18509	-0.0123247
6.18533	0.0040545
6.18558	0.0170867
6.18582	0.0102956
6.18606	-0.00508526
6.18631	-0.00960256
6.18655	-0.00261279
6.1868	0.00263616
6.18704	0.00083284
6.18729	-0.0020115
6.18753	-0.00160011
6.18778	-4.46062e-06
6.18802	0.000538436
6.18827	0.000214308
6.18851	-0.00020839
6.18876	0.00127482
6.189	0.00688205
6.18924	0.0133113
6.18949	0.0125447
6.18973	0.00305614
6.18998	-0.00599378
6.19022	-0.00693599
6.19047	-0.00334954
6.19071	-0.00205233
6.19096	-0.00253467
6.1912	-0.00113941
6.19145	0.000923427
6.19169	0.00113844
6.19194	0.0014941
6.19218	0.00382407
6.19242	0.00489299
6.19267	0.00242604
6.19291	0.000179265
6.19316	0.00131289
6.1934	0.00347529
6.19365	0.00555508
6.19389	0.0104014
6.19414	0.0147823
6.19438	0.00805787
6.19463	-0.00982171
6.19487	-0.0205373
6.19512	-0.01022
6.19536	0.00949848
6.1956	0.0169712
6.19585	0.00879686
6.19609	-0.00197094
6.19634	-0.0080055
6.19658	-0.0113416
6.19683	-0.0103797
6.19707	-0.00127214
6.19732	0.00967435
6.19756	0.0111784
6.19781	0.00379
6.19805	-0.00259274
6.1983	-0.00550797
6.19854	-0.00907093
6.19878	-0.00953767
6.19903	4.96448e-05
6.19927	0.0115374
6.19952	0.00771092
6.19976	-0.0104514
6.20001	-0.0214386
6.20025	-0.0135528
6.2005	-0.000152753
6.20074	0.00259453
6.20099	-0.00290858
6.20123	-0.0055122
6.20147	-0.00269254
6.20172	0.00172431
6.20196	0.00607322
6.20221	0.00809585
6.20245	0.00329245
6.2027	-0.00624159
6.20294	-0.0105845
6.20319	-0.00621376
6.20343	-0.0015233
6.20368	-0.00189364
6.20392	-0.000931215
6.20417	0.005412
6.20441	0.00827922
6.20465	0.000518966
6.2049	-0.00872235
6.20514	-0.00694046
6.20539	0.00210522
6.20563	0.00515632
6.20588	0.00029548
6.20612	-0.00263109
6.20637	0.000306571
6.20661	0.0020123
6.20686	-0.00267029
6.2071	-0.00921139
6.20735	-0.0107641
6.20759	-0.00656513
6.20783	-0.0013898
6.20808	-0.000613848
6.20832	-0.005556
6.20857	-0.0109822
6.20881	-0.0096216
6.20906	-0.00187762
6.2093	0.00314837
6.20955	1.50533e-05
6.20979	-0.005
6.21004	-0.00356186
6.21028	0.00219724
6.21053	0.00385471
6.21077	-0.000412854
6.21101	-0.00461522
6.21126	-0.00451616
6.2115	-0.00173563
6.21175	0.000456619
6.21199	0.000110538
6.21224	-0.00314851
6.21248	-0.00638156
6.21273	-0.00438767
6.21297	0.0028996
6.21322	0.00735455
6.21346	0.00261735
6.2137	-0.00591023
6.21395	-0.00746505
6.21419	-0.000304275
6.21444	0.00690075
6.21468	0.00718191
6.21493	0.00265402
6.21517	-0.000660995
6.21542	-0.000666615
6.21566	-0.000527176
6.21591	-0.00411127
6.21615	-0.0102959
6.2164	-0.0124357
6.21664	-0.00665756
6.21688	0.00036497
6.21713	-0.00123557
6.21737	-0.0089209
6.21762	-0.00943685
6.21786	0.000447288
6.21811	0.00712446
6.21835	0.0018595
6.2186	-0.00368119
6.21884	0.00308747
6.21909	0.0119064
6.21933	0.00431577
6.21958	-0.0141517
6.21982	-0.0185565
6.22006	-0.00201328
6.22031	0.0131475
6.22055	0.00839455
6.2208	-0.00573758
6.22104	-0.00855012
6.22129	0.0012563
6.22153	0.0085715
6.22178	0.00501176
6.22202	-0.00415945
6.22227	-0.010876
6.22251	-0.0111811
6.22276	-0.00505211
6.223	0.00217356
6.22324	0.002344
6.22349	-0.00419731
6.22373	-0.00560079
6.22398	0.0047253
6.22422	0.0150141
6.22447	0.010309
6.22471	-0.00422723
6.22496	-0.00890019
6.2252	0.00303485
6.22545	0.0172294
6.22569	0.01926
6.22593	0.0112471
6.22618	0.00362267
6.22642	0.00119925
6.22667	0.00291871
6.22691	0.00682231
6.22716	0.00948472
6.2274	0.00711339
6.22765	0.00172268
6.22789	-0.000283377
6.22814	0.000984872
6.22838	-0.00221047
6.22863	-0.0109931
6.22887	-0.0144617
6.22911	-0.00598657
6.22936	0.00450925
6.2296	0.00466313
6.22985	-0.00196643
6.23009	-0.00378084
6.23034	-0.000836382
6.23058	-0.00213766
6.23083	-0.00721088
6.23107	-0.0067777
6.23132	-0.00139881
6.23156	-0.00229199
6.23181	-0.0103109
6.23205	-0.0112261
6.23229	0.000871994
6.23254	0.0114768
6.23278	0.00777448
6.23303	-0.00102075
6.23327	0.000608979
6.23352	0.00962686
6.23376	0.0121119
6.23401	0.00817158
6.23425	0.0100845
6.2345	0.0181655
6.23474	0.0181527
6.23499	0.00563201
6.23523	-0.00465448
6.23547	-0.000945544
6.23572	0.00852168
6.23596	0.00988146
6.23621	0.00343164
6.23645	-0.00160708
6.2367	-0.00310573
6.23694	-0.00477846
6.23719	-0.00493306
6.23743	0.000799897
6.23768	0.00813348
6.23792	0.00773607
6.23816	0.000364499
6.23841	-0.00263
6.23865	0.00359803
6.2389	0.00959052
6.23914	0.00552788
6.23939	-0.00462409
6.23963	-0.00895408
6.23988	-0.00273641
6.24012	0.00801025
6.24037	0.0147394
6.24061	0.0128495
6.24086	0.00275608
6.2411	-0.00970686
6.24134	-0.0154887
6.24159	-0.010754
6.24183	-0.00278383
6.24208	-0.00214751
6.24232	-0.0091294
6.24257	-0.0139785
6.24281	-0.0112535
6.24306	-0.00663745
6.2433	-0.00645117
6.24355	-0.00779887
6.24379	-0.00519682
6.24404	-0.00112945
6.24428	-0.00173632
6.24452	-0.00524601
6.24477	-0.00395619
6.24501	0.00269801
6.24526	0.00600817
6.2455	0.000874667
6.24575	-0.00673813
6.24599	-0.00839183
6.24624	-0.00325797
6.24648	0.00356798
6.24673	0.00751814
6.24697	0.00638637
6.24722	0.000927405
6.24746	-0.003388
6.2477	-0.000561604
6.24795	0.0069713
6.24819	0.0095908
6.24844	0.00424032
6.24868	-0.000268986
6.24893	0.00293755
6.24917	0.00741502
6.24942	0.00401775
6.24966	-0.00357713
6.24991	-0.0046775
6.25015	0.00090205
6.25039	0.00296041
6.25064	-0.00212484
6.25088	-0.00624065
6.25113	-0.00352129
6.25137	0.000907877
6.25162	0.00059548
6.25186	-0.00226445
6.25211	-0.00231343
6.25235	-0.000264185
6.2526	-0.000259918
6.25284	-0.00202741
6.25309	-0.00191081
6.25333	0.000309059
6.25357	0.00122753
6.25382	-0.000190822
6.25406	-0.00129063
6.25431	-0.000949435
6.25455	-0.00181616
6.2548	-0.00519871
6.25504	-0.00708979
6.25529	-0.00329769
6.25553	0.00271961
6.25578	0.00244466
6.25602	-0.00570499
6.25627	-0.0123095
6.25651	-0.00920502
6.25675	-0.00107986
6.257	0.00206568
6.25724	0.000340381
6.25749	0.00195189
6.25773	0.00714548
6.25798	0.00675181
6.25822	-0.000435965
6.25847	-0.00225676
6.25871	0.00735147
6.25896	0.0153994
6.2592	0.00770949
6.25945	-0.00881952
6.25969	-0.0149303
6.25993	-0.00516531
6.26018	0.00736861
6.26042	0.0101635
6.26067	0.00384708
6.26091	-0.00371952
6.26116	-0.00626791
6.2614	-0.00230204
6.26165	0.00311036
6.26189	0.00156534
6.26214	-0.00723762
6.26238	-0.0119443
6.26262	-0.00530444
6.26287	0.0032978
6.26311	0.00202702
6.26336	-0.00402977
6.2636	-0.00228514
6.26385	0.00472909
6.26409	0.00418706
6.26434	-0.00303592
6.26458	-0.00349401
6.26483	0.00372965
6.26507	0.00452551
6.26532	-0.00400482
6.26556	-0.00648721
6.2658	0.00402029
6.26605	0.0127226
6.26629	0.00726096
6.26654	-0.00308907
6.26678	-0.00510703
6.26703	-0.0022331
6.26727	-0.00329214
6.26752	-0.00492693
6.26776	-0.000618397
6.26801	0.00487237
6.26825	0.005561
6.2685	0.0076477
6.26874	0.0166932
6.26898	0.0217207
6.26923	0.0104182
6.26947	-0.00747525
6.26972	-0.0111999
6.26996	0.00108095
6.27021	0.0119444
6.27045	0.0119638
6.2707	0.00891877
6.27094	0.00944159
6.27119	0.00904578
6.27143	0.00423092
6.27168	0.000232711
6.27192	0.00154117
6.27216	0.00504597
6.27241	0.00640266
6.27265	0.00494146
6.2729	0.000640835
6.27314	-0.00552196
6.27339	-0.00792122
6.27363	-0.00215342
6.27388	0.00526197
6.27412	0.00311485
6.27437	-0.00757656
6.27461	-0.0132388
6.27486	-0.006642
6.2751	0.00366509
6.27534	0.00623253
6.27559	0.00059837
6.27583	-0.00562276
6.27608	-0.00679007
6.27632	-0.00275462
6.27657	0.0026792
6.27681	0.00453842
6.27706	0.001724
6.2773	-0.00087773
6.27755	0.000642017
6.27779	0.00272096
6.27803	0.000758645
6.27828	-0.00196042
6.27852	-0.000580754
6.27877	0.000116491
6.27901	-0.00721595
6.27926	-0.0165703
6.2795	-0.0141731
6.27975	-0.000717616
6.27999	0.00734233
6.28024	0.00242846
6.28048	-0.00365746
6.28073	-0.000672032
6.28097	0.00357154
6.28121	-0.00178977
6.28146	-0.0115007
6.2817	-0.0132242
6.28195	-0.00715294
6.28219	-0.0028613
6.28244	-0.0021015
6.28268	0.00135699
6.28293	0.00708588
6.28317	0.00648689
6.28342	-0.00290928
6.28366	-0.0122025
6.28391	-0.0129582
6.28415	-0.00683647
6.28439	-0.000980083
6.28464	0.000331393
6.28488	-0.00250623
6.28513	-0.00612926
6.28537	-0.00623226
6.28562	-0.0018814
6.28586	0.00170001
6.28611	-0.00108001
6.28635	-0.00758568
6.2866	-0.00933387
6.28684	-0.00369436
6.28709	0.00251681
6.28733	0.00312062
6.28757	0.000399614
6.28782	-0.000819004
6.28806	-0.00156871
6.28831	-0.00524997
6.28855	-0.0088339
6.2888	-0.0049671
6.28904	0.00661017
6.28929	0.016016
6.28953	0.0144567
6.28978	0.00441872
6.29002	-0.00457185
6.29026	-0.00712368
6.29051	-0.00493672
6.29075	-0.00109078
6.291	0.0031986
6.29124	0.00623354
6.29149	0.00547221
6.29173	0.00143609
6.29198	-0.00156412
6.29222	-0.000844162
6.29247	0.000984613
6.29271	-0.000352226
6.29296	-0.00552407
6.2932	-0.0115117
6.29344	-0.0148337
6.29369	-0.0137114
6.29393	-0.00915759
6.29418	-0.00486473
6.29442	-0.00369432
6.29467	-0.00390409
6.29491	-0.00199047
6.29516	0.000833227
6.2954	-2.6762e-05
6.29565	-0.00404346
6.29589	-0.00498446
6.29614	-0.00124698
6.29638	0.000676719
6.29662	-0.00245699
6.29687	-0.00393779
6.29711	0.000880197
6.29736	0.00353307
6.2976	-0.00546422
6.29785	-0.0182224
6.29809	-0.0166556
6.29834	0.00194461
6.29858	0.0191511
6.29883	0.0187072
6.29907	0.00527199
6.29932	-0.00510632
6.29956	-0.00468387
6.2998	0.00210212
6.30005	0.00804026
6.30029	0.00922858
6.30054	0.00510046
6.30078	-0.00155004
6.30103	-0.00579377
6.30127	-0.00546122
6.30152	-0.00354239
6.30176	-0.00369468
6.30201	-0.00589568
6.30225	-0.00859725
6.30249	-0.0117119
6.30274	-0.0143615
6.30298	-0.0129493
6.30323	-0.00568619
6.30347	0.00277222
6.30372	0.00533438
6.30396	0.000585945
6.30421	-0.0061026
6.30445	-0.00915854
6.3047	-0.00782166
6.30494	-0.00477417
6.30519	-0.0023667
6.30543	-0.000997773
6.30567	0.000231511
6.30592	0.00213368
6.30616	0.00426012
6.30641	0.00496649
6.30665	0.00315676
6.3069	4.94594e-05
6.30714	-0.00142981
6.30739	0.0002703
6.30763	0.00298458
6.30788	0.00279513
6.30812	-0.000982274
6.30837	-0.00434896
6.30861	-0.00408101
6.30885	-0.00320599
6.3091	-0.007391
6.30934	-0.015963
6.30959	-0.0208131
6.30983	-0.0159715
6.31008	-0.00490918
6.31032	0.00379866
6.31057	0.00537043
6.31081	0.0016465
6.31106	-0.00223638
6.3113	-0.00237561
6.31155	0.000306485
6.31179	0.000620799
6.31203	-0.00372439
6.31228	-0.00689698
6.31252	-0.00277194
6.31277	0.00364922
6.31301	0.00224925
6.31326	-0.00460089
6.3135	-0.00361333
6.31375	0.00621989
6.31399	0.00761619
6.31424	-0.00794257
6.31448	-0.0223022
6.31472	-0.0154744
6.31497	0.00357504
6.31521	0.0105018
6.31546	0.00192521
6.3157	-0.00400234
6.31595	0.000187322
6.31619	0.00234584
6.31644	-0.00395643
6.31668	-0.00812885
6.31693	-0.00340171
6.31717	0.0009931
6.31742	-0.0024369
6.31766	-0.00686729
6.3179	-0.00612347
6.31815	-0.00620235
6.31839	-0.0111507
6.31864	-0.0124873
6.31888	-0.0044786
6.31913	0.0039335
6.31937	0.00469328
6.31962	0.0043083
6.31986	0.00867058
6.32011	0.00855796
6.32035	-0.00339872
6.3206	-0.014335
6.32084	-0.00900295
6.32108	0.0043181
6.32133	0.00646678
6.32157	-0.0020963
6.32182	-0.00569288
6.32206	-0.00268893
6.32231	-0.00584988
6.32255	-0.0147933
6.3228	-0.0134418
6.32304	0.00100866
6.32329	0.0101807
6.32353	0.00346584
6.32378	-0.00607966
6.32402	-0.00514919
6.32426	-0.000518437
6.32451	-0.00276968
6.32475	-0.0059324
6.325	0.000285012
6.32524	0.00934673
6.32549	0.00633576
6.32573	-0.0082016
6.32598	-0.0180436
6.32622	-0.012878
6.32647	0.00153425
6.32671	0.0136177
6.32695	0.016968
6.3272	0.0116681
6.32744	0.00240795
6.32769	-0.00429446
6.32793	-0.00559116
6.32818	-0.00423346
6.32842	-0.00292716
6.32867	-0.000871247
6.32891	0.00144896
6.32916	0.000370695
6.3294	-0.00369267
6.32965	-0.00419505
6.32989	0.000524635
6.33013	0.00186374
6.33038	-0.00553266
6.33062	-0.0124249
6.33087	-0.00748944
6.33111	0.00464555
6.33136	0.00960272
6.3316	0.00380559
6.33185	-0.00339198
6.33209	-0.00617876
6.33234	-0.00833861
6.33258	-0.0123897
6.33283	-0.0145878
6.33307	-0.0132489
6.33331	-0.0119879
6.33356	-0.0116396
6.3338	-0.00787411
6.33405	-0.000124185
6.33429	0.00520004
6.33454	0.00395498
6.33478	-0.000367766
6.33503	-0.00360342
6.33527	-0.00625752
6.33552	-0.00868122
6.33576	-0.00781889
6.33601	-0.00279865
6.33625	0.00186704
6.33649	0.00240143
6.33674	0.000360229
6.33698	-0.00139835
6.33723	-0.00240976
6.33747	-0.0024187
6.33772	-0.000951113
6.33796	-0.000676315
6.33821	-0.00528378
6.33845	-0.0125553
6.3387	-0.0158588
6.33894	-0.0135959
6.33918	-0.0100926
6.33943	-0.00668312
6.33967	-0.000882696
6.33992	0.00460481
6.34016	0.0029556
6.34041	-0.00402629
6.34065	-0.00602624
6.3409	-0.00107327
6.34114	0.000535594
6.34139	-0.00512899
6.34163	-0.00719308
6.34188	0.00109475
6.34212	0.00905962
6.34236	0.00602337
6.34261	-0.000846393
6.34285	-0.000202066
6.3431	0.00351834
6.34334	6.61202e-05
6.34359	-0.00632822
6.34383	-0.00467336
6.34408	0.00214273
6.34432	0.00327116
6.34457	0.000676537
6.34481	0.0039066
6.34506	0.00810562
6.3453	-0.000708188
6.34554	-0.0188425
6.34579	-0.025749
6.34603	-0.0148019
6.34628	-0.00218972
6.34652	0.000280744
6.34677	0.000801365
6.34701	0.00779546
6.34726	0.0135188
6.3475	0.00889123
6.34775	-0.000182521
6.34799	-0.00299007
6.34824	0.000839329
6.34848	0.00587319
6.34872	0.00993046
6.34897	0.0105707
6.34921	0.00359161
6.34946	-0.00726883
6.3497	-0.0104516
6.34995	-0.00376482
6.35019	0.000648948
6.35044	-0.00409199
6.35068	-0.00875738
6.35093	-0.00563105
6.35117	-0.00224098
6.35142	-0.00591746
6.35166	-0.00879439
6.3519	-0.0022706
6.35215	0.00596887
6.35239	0.00464754
6.35264	-0.00196129
6.35288	-0.00311984
6.35313	-0.000325958
6.35337	-0.000849636
6.35362	-0.00143444
6.35386	0.00426495
6.35411	0.00916345
6.35435	0.001902
6.35459	-0.0122043
6.35484	-0.0168938
6.35508	-0.00861826
6.35533	0.00163962
6.35557	0.0071032
6.35582	0.00972916
6.35606	0.00902264
6.35631	0.0029651
6.35655	-0.00185479
6.3568	0.00251542
6.35704	0.00969039
6.35729	0.00715711
6.35753	-0.00161828
6.35777	-0.00182634
6.35802	0.00635473
6.35826	0.00644853
6.35851	-0.00639335
6.35875	-0.0166036
6.359	-0.0137665
6.35924	-0.00786385
6.35949	-0.00963388
6.35973	-0.0126594
6.35998	-0.00702524
6.36022	0.00252576
6.36047	0.0050783
6.36071	0.0008802
6.36095	-0.00172398
6.3612	-9.6712e-05
6.36144	0.00209849
6.36169	0.0030427
6.36193	0.00295139
6.36218	0.000280279
6.36242	-0.00508743
6.36267	-0.00835865
6.36291	-0.00551991
6.36316	0.000457878
6.3634	0.00374821
6.36365	0.00313455
6.36389	0.00167515
6.36413	0.00147936
6.36438	0.00161981
6.36462	-0.000208965
6.36487	-0.00424734
6.36511	-0.00554726
6.36536	0.00221511
6.3656	0.0156646
6.36585	0.0202119
6.36609	0.00807515
6.36634	-0.00760746
6.36658	-0.00862879
6.36682	0.00244655
6.36707	0.00734924
6.36731	0.000969332
6.36756	-0.00312027
6.3678	0.00199456
6.36805	0.00564063
6.36829	0.00105706
6.36854	-0.00135005
6.36878	0.00596989
6.36903	0.0111608
6.36927	0.00192662
6.36952	-0.0118313
6.36976	-0.0119143
6.37	0.000232121
6.37025	0.00747895
6.37049	0.00414229
6.37074	0.00129871
6.37098	0.00577354
6.37123	0.0105083
6.37147	0.00913974
6.37172	0.00647904
6.37196	0.00842181
6.37221	0.0112597
6.37245	0.0082865
6.3727	0.00118162
6.37294	-0.00218585
6.37318	0.00104147
6.37343	0.0051952
6.37367	0.00389931
6.37392	-0.0022184
6.37416	-0.00728688
6.37441	-0.00778042
6.37465	-0.00559214
6.3749	-0.00369314
6.37514	-0.00230062
6.37539	-0.0011024
6.37563	-0.00148214
6.37588	-0.00314418
6.37612	-0.00223863
6.37636	0.0026082
6.37661	0.00612061
6.37685	0.00389047
6.3771	1.35293e-06
6.37734	7.91732e-05
6.37759	0.00127432
6.37783	-0.00147501
6.37808	-0.00356939
6.37832	0.00249469
6.37857	0.0111209
6.37881	0.00911735
6.37905	-0.00251509
6.3793	-0.00809838
6.37954	-0.00170238
6.37979	0.00405297
6.38003	-0.000415099
6.38028	-0.00708998
6.38052	-0.00631991
6.38077	-0.0028609
6.38101	-0.00447833
6.38126	-0.00689526
6.3815	-0.00328426
6.38175	0.00105059
6.38199	-0.0024958
6.38223	-0.00952918
6.38248	-0.00899413
6.38272	-0.000889486
6.38297	0.005158
6.38321	0.00530704
6.38346	0.00337241
6.3837	0.000250557
6.38395	-0.00645575
6.38419	-0.013413
6.38444	-0.0132977
6.38468	-0.00618088
6.38493	-0.000384252
6.38517	-0.00116103
6.38541	-0.00526173
6.38566	-0.00688381
6.3859	-0.00372911
6.38615	0.00194154
6.38639	0.0042636
6.38664	-0.00135685
6.38688	-0.0105126
6.38713	-0.0121117
6.38737	-0.00351191
6.38762	0.00347935
6.38786	-0.000959174
6.38811	-0.00958713
6.38835	-0.00962809
6.38859	-0.00282048
6.38884	-0.000909869
6.38908	-0.00507827
6.38933	-0.00478604
6.38957	0.00277197
6.38982	0.00664377
6.39006	-0.000376947
6.39031	-0.0101723
6.39055	-0.0115388
6.3908	-0.0052854
6.39104	-0.000156071
6.39128	0.000397134
6.39153	0.000224547
6.39177	0.0020748
6.39202	0.00336251
6.39226	0.000603685
6.39251	-0.00522149
6.39275	-0.0090314
6.393	-0.00688661
6.39324	-0.000284022
6.39349	0.00554242
6.39373	0.00739789
6.39398	0.00656368
6.39422	0.00560514
6.39446	0.00554024
6.39471	0.00669692
6.39495	0.00894189
6.3952	0.0099885
6.39544	0.0071067
6.39569	0.00167708
6.39593	-0.00201225
6.39618	-0.00346954
6.39642	-0.0062701
6.39667	-0.0101408
6.39691	-0.00920202
6.39716	-0.00132664
6.3974	0.00675285
6.39764	0.00791045
6.39789	0.00328391
6.39813	-0.00121793
6.39838	-0.00219664
6.39862	0.00071126
6.39887	0.00621327
6.39911	0.00983184
6.39936	0.00640474
6.3996	-0.002619
6.39985	-0.00966856
6.40009	-0.0108616
6.40034	-0.00884379
6.40058	-0.00481491
6.40082	0.0030359
6.40107	0.011124
6.40131	0.011789
6.40156	0.00672357
6.4018	0.00669943
6.40205	0.0129647
6.40229	0.0131995
6.40254	0.00324788
6.40278	-0.0031531
6.40303	0.00272019
6.40327	0.00829486
6.40351	0.00118671
6.40376	-0.00842307
6.404	-0.00565187
6.40425	0.00233181
6.40449	-0.00014291
6.40474	-0.0072601
6.40498	-0.00111658
6.40523	0.0142595
6.40547	0.0158011
6.40572	-0.00100275
6.40596	-0.0137313
6.40621	-0.00785304
6.40645	0.00387626
6.40669	0.00592995
6.40694	0.00293165
6.40718	0.00561875
6.40743	0.0107874
6.40767	0.00963666
6.40792	0.00443529
6.40816	0.00315267
6.40841	0.00521168
6.40865	0.00454562
6.4089	0.00159368
6.40914	0.00198101
6.40939	0.00625552
6.40963	0.00906517
6.40987	0.00723234
6.41012	0.00312981
6.41036	0.000646892
6.41061	0.00078833
6.41085	0.000955893
6.4111	-0.00162182
6.41134	-0.00490667
6.41159	-0.00316254
6.41183	0.00412669
6.41208	0.00889627
6.41232	0.00522455
6.41257	-0.00175996
6.41281	-0.0046626
6.41305	-0.00541368
6.4133	-0.00855263
6.41354	-0.00936705
6.41379	-0.00166501
6.41403	0.00751109
6.41428	0.00624687
6.41452	-0.00194483
6.41477	-0.00280656
6.41501	0.00454844
6.41526	0.00625952
6.4155	-0.00170406
6.41574	-0.00644892
6.41599	-0.000960644
6.41623	0.00382567
6.41648	-0.00192638
6.41672	-0.0112082
6.41697	-0.0129146
6.41721	-0.00750428
6.41746	-0.000905361
6.4177	0.0053835
6.41795	0.00948428
6.41819	0.00593851
6.41844	-0.00368085
6.41868	-0.0076651
6.41892	-0.000308585
6.41917	0.00910336
6.41941	0.0112714
6.41966	0.00943389
6.4199	0.00851901
6.42015	0.00450251
6.42039	-0.00451641
6.42064	-0.0087131
6.42088	-0.00096677
6.42113	0.00912332
6.42137	0.00896911
6.42162	0.00183083
6.42186	-0.00164636
6.4221	-0.00198731
6.42235	-0.00568176
6.42259	-0.00838873
6.42284	-0.000469947
6.42308	0.0139244
6.42333	0.0197593
6.42357	0.0131365
6.42382	0.00621955
6.42406	0.00824602
6.42431	0.0134552
6.42455	0.0114273
6.4248	0.00115855
6.42504	-0.00860244
6.42528	-0.00879314
6.42553	0.000858478
6.42577	0.0101112
6.42602	0.00860335
6.42626	-0.000261976
6.42651	-0.00260484
6.42675	0.00559912
6.427	0.0117144
6.42724	0.0065721
6.42749	-0.000523502
6.42773	0.00223026
6.42797	0.00955231
6.42822	0.0100267
6.42846	0.00695609
6.42871	0.0106655
6.42895	0.0168323
6.4292	0.0121526
6.42944	-0.00151924
6.42969	-0.00836797
6.42993	-0.00352903
6.43018	0.00210154
6.43042	0.00290382
6.43067	0.00532037
6.43091	0.0108086
6.43115	0.011049
6.4314	0.00506723
6.43164	0.00279238
6.43189	0.00557539
6.43213	0.00195052
6.43238	-0.00937399
6.43262	-0.0120178
6.43287	0.000973074
6.43311	0.0113372
6.43336	0.00243686
6.4336	-0.0141943
6.43385	-0.0174666
6.43409	-0.0090279
6.43433	-0.00646401
6.43458	-0.013011
6.43482	-0.0157051
6.43507	-0.00979324
6.43531	-0.00432129
6.43556	-0.00348735
6.4358	-0.000841079
6.43605	0.00559251
6.43629	0.0083184
6.43654	0.00403818
6.43678	-0.00099631
6.43703	-0.0022777
6.43727	-0.0016716
6.43751	0.000902612
6.43776	0.00744602
6.438	0.0119482
6.43825	0.00524722
6.43849	-0.0069929
6.43874	-0.00738938
6.43898	0.0061674
6.43923	0.0136355
6.43947	0.00264726
6.43972	-0.0112413
6.43996	-0.00824093
6.44021	0.00554399
6.44045	0.00949358
6.44069	0.00066661
6.44094	-0.00494433
6.44118	0.000790628
6.44143	0.00889379
6.44167	0.0107839
6.44192	0.00849513
6.44216	0.00524489
6.44241	0.000202139
6.44265	-0.0041347
6.4429	-0.00204774
6.44314	0.00431124
6.44338	0.00556316
6.44363	0.00028475
6.44387	-0.00203618
6.44412	0.00287147
6.44436	0.00680842
6.44461	0.00313047
6.44485	-0.00337696
6.4451	-0.00659476
6.44534	-0.00785249
6.44559	-0.00793068
6.44583	-0.00199875
6.44608	0.008905
6.44632	0.012661
6.44656	0.00314504
6.44681	-0.0073403
6.44705	-0.00489686
6.4473	0.00515179
6.44754	0.00770203
6.44779	0.00113638
6.44803	-0.0038066
6.44828	-0.00362036
6.44852	-0.00440525
6.44877	-0.00636363
6.44901	-0.00211585
6.44926	0.00769911
6.4495	0.0116593
6.44974	0.00461853
6.44999	-0.00427534
6.45023	-0.00544296
6.45048	-0.000856454
6.45072	0.00270093
6.45097	0.00380549
6.45121	0.00473932
6.45146	0.00645063
6.4517	0.00939212
6.45195	0.0137889
6.45219	0.0164493
6.45244	0.0134144
6.45268	0.00760703
6.45292	0.00660407
6.45317	0.0106162
6.45341	0.0108328
6.45366	0.00307983
6.4539	-0.00522044
6.45415	-0.00635163
6.45439	-0.00266073
6.45464	-4.34084e-05
6.45488	0.00139453
6.45513	0.00323293
6.45537	0.00203172
6.45561	-0.00456518
6.45586	-0.00963087
6.4561	-0.004536
6.45635	0.00696658
6.45659	0.01161
6.45684	0.00451387
6.45708	-0.00395569
6.45733	-0.00257469
6.45757	0.00596977
6.45782	0.010404
6.45806	0.00730921
6.45831	0.0047456
6.45855	0.00892587
6.45879	0.0147207
6.45904	0.0142739
6.45928	0.00955962
6.45953	0.00826206
6.45977	0.00979703
6.46002	0.00584556
6.46026	-0.00429229
6.46051	-0.0101799
6.46075	-0.0063864
6.461	-0.00108018
6.46124	-0.00151859
6.46149	-0.00191641
6.46173	0.00425797
6.46197	0.0100653
6.46222	0.00617214
6.46246	-0.00212015
6.46271	-0.0037389
6.46295	-0.00101657
6.4632	-0.00342674
6.46344	-0.00765323
6.46369	-0.00307852
6.46393	0.00587292
6.46418	0.00431814
6.46442	-0.00581412
6.46467	-0.00601025
6.46491	0.00707118
6.46515	0.0136438
6.4654	0.00342829
6.46564	-0.00673292
6.46589	-0.0013255
6.46613	0.00864071
6.46638	0.00652398
6.46662	-0.00138226
6.46687	0.000925894
6.46711	0.0103019
6.46736	0.0113391
6.4676	0.0041845
6.46784	0.00312267
6.46809	0.0107721
6.46833	0.0144658
6.46858	0.00852057
6.46882	0.0019098
6.46907	0.0014557
6.46931	0.00305391
6.46956	0.00295216
6.4698	0.00419612
6.47005	0.00777143
6.47029	0.00880678
6.47054	0.00580256
6.47078	0.0039333
6.47102	0.00549912
6.47127	0.00590472
6.47151	0.00260918
6.47176	-0.000166834
6.472	0.000597693
6.47225	0.00162987
6.47249	0.000416051
6.47274	0.000773914
6.47298	0.00657649
6.47323	0.0147031
6.47347	0.0188935
6.47372	0.017585
6.47396	0.0140744
6.4742	0.0108218
6.47445	0.00690662
6.47469	0.000897876
6.47494	-0.00576296
6.47518	-0.00927219
6.47543	-0.00740621
6.47567	-0.00192066
6.47592	0.00392651
6.47616	0.00835174
6.47641	0.00927747
6.47665	0.00319281
6.4769	-0.00836925
6.47714	-0.0144815
6.47738	-0.00658509
6.47763	0.00629192
6.47787	0.006229
6.47812	-0.00768634
6.47836	-0.0160752
6.47861	-0.0074835
6.47885	0.00495368
6.4791	0.00521707
6.47934	-0.00103411
6.47959	0.00172279
6.47983	0.0126666
6.48007	0.0173925
6.48032	0.0113361
6.48056	0.00388074
6.48081	0.00134132
6.48105	0.000729219
6.4813	-0.000196975
6.48154	0.000153514
6.48179	0.00029317
6.48203	-0.00278356
6.48228	-0.00581408
6.48252	-0.00379885
6.48277	-0.000482489
6.48301	-0.00273306
6.48325	-0.00674452
6.4835	-0.00291075
6.48374	0.00694883
6.48399	0.0113119
6.48423	0.00770251
6.48448	0.00515682
6.48472	0.00665242
6.48497	0.00406753
6.48521	-0.00571508
6.48546	-0.0134968
6.4857	-0.0116282
6.48595	-0.00359787
6.48619	0.0046959
6.48643	0.0122295
6.48668	0.017115
6.48692	0.0147782
6.48717	0.00688811
6.48741	0.00213939
6.48766	0.00350234
6.4879	0.00433705
6.48815	0.00117106
6.48839	-5.80694e-05
6.48864	0.00455543
6.48888	0.00935438
6.48913	0.0086171
6.48937	0.00484531
6.48961	0.00253238
6.48986	0.00162113
6.4901	0.00114113
6.49035	0.00151081
6.49059	0.000551037
6.49084	-0.00396622
6.49108	-0.00666257
6.49133	-0.000541071
6.49157	0.00813811
6.49182	0.00507847
6.49206	-0.00876372
6.4923	-0.014998
6.49255	-0.00506192
6.49279	0.00658141
6.49304	0.00570657
6.49328	-0.000995918
6.49353	-0.000516045
6.49377	0.00519165
6.49402	0.00652225
6.49426	0.0036336
6.49451	0.00215008
6.49475	0.000693286
6.495	-0.0033722
6.49524	-0.00413266
6.49548	0.00301552
6.49573	0.00954862
6.49597	0.00614155
6.49622	-0.000696287
6.49646	0.000858865
6.49671	0.00778342
6.49695	0.00871486
6.4972	0.00472183
6.49744	0.00579448
6.49769	0.0103025
6.49793	0.00679731
6.49818	-0.0041097
6.49842	-0.00810098
6.49866	-0.000214227
6.49891	0.00699222
6.49915	0.00333128
6.4994	-0.00490221
6.49964	-0.00693686
6.49989	-0.00250672
6.50013	0.00161691
6.50038	0.00182714
6.50062	-0.00095069
6.50087	-0.00390443
6.50111	-0.0032852
6.50136	0.00180078
6.5016	0.00568824
6.50184	0.0026837
6.50209	-0.00312428
6.50233	-0.00252529
6.50258	0.00470285
6.50282	0.00941124
6.50307	0.00719535
6.50331	0.00333222
6.50356	0.00246989
6.5038	0.00294289
6.50405	0.00311334
6.50429	0.00417486
6.50453	0.00473929
6.50478	0.00171325
6.50502	-0.00196171
6.50527	-0.000103217
6.50551	0.00480341
6.50576	0.00349399
6.506	-0.00394155
6.50625	-0.00596665
6.50649	0.00211419
6.50674	0.0100674
6.50698	0.0092683
6.50723	0.00560145
6.50747	0.00754887
6.50771	0.0117382
6.50796	0.010232
6.5082	0.00425771
6.50845	0.00059816
6.50869	0.000346252
6.50894	0.000368237
6.50918	0.000595788
6.50943	0.00140054
6.50967	-0.000884075
6.50992	-0.00735259
6.51016	-0.0110374
6.51041	-0.00690228
6.51065	-0.00155299
6.51089	-0.00295005
6.51114	-0.00621598
6.51138	-0.0017506
6.51163	0.00695184
6.51187	0.00781573
6.51212	0.000887698
6.51236	-0.00062933
6.51261	0.00800195
6.51285	0.0150251
6.5131	0.0110995
6.51334	0.00335812
6.51359	0.00254698
6.51383	0.00661092
6.51407	0.0071254
6.51432	0.00460613
6.51456	0.00608119
6.51481	0.0112226
6.51505	0.0119644
6.5153	0.00558501
6.51554	-0.00101796
6.51579	-0.00162358
6.51603	0.00196768
6.51628	0.00503357
6.51652	0.00626568
6.51677	0.00613229
6.51701	0.00387964
6.51725	-0.000170927
6.5175	-0.00281746
6.51774	-0.00201595
6.51799	-0.000347031
6.51823	-0.00138165
6.51848	-0.00454063
6.51872	-0.00635675
6.51897	-0.00507807
6.51921	-0.00150066
6.51946	0.00263727
6.5197	0.0045137
6.51994	0.00134407
6.52019	-0.00486757
6.52043	-0.0070568
6.52068	-0.00240908
6.52092	0.00175198
6.52117	-0.00177116
6.52141	-0.00758918
6.52166	-0.00566906
6.5219	0.000300706
6.52215	-0.00344783
6.52239	-0.016213
6.52264	-0.0182828
6.52288	-0.000454318
6.52312	0.0169081
6.52337	0.0105901
6.52361	-0.00989899
6.52386	-0.0144014
6.5241	0.00368336
6.52435	0.0182138
6.52459	0.00997626
6.52484	-0.00596761
6.52508	-0.00524654
6.52533	0.00949779
6.52557	0.0151085
6.52582	0.00309428
6.52606	-0.0100932
6.5263	-0.00846612
6.52655	0.00255306
6.52679	0.00641055
6.52704	-0.00197668
6.52728	-0.0114256
6.52753	-0.0098421
6.52777	0.00133863
6.52802	0.00998457
6.52826	0.00851809
6.52851	0.00232097
6.52875	0.000614055
6.529	0.00290548
6.52924	0.00130726
6.52948	-0.0047155
6.52973	-0.00546289
6.52997	0.00347665
6.53022	0.011591
6.53046	0.00675537
6.53071	-0.007671
6.53095	-0.0176586
6.5312	-0.01709
6.53144	-0.01271
6.53169	-0.0116866
6.53193	-0.0129328
6.53217	-0.0122606
6.53242	-0.00914401
6.53266	-0.00523343
6.53291	-0.000726275
6.53315	0.00431769
6.5334	0.00724622
6.53364	0.00434133
6.53389	-0.00448516
6.53413	-0.0132238
6.53438	-0.0137601
6.53462	-0.00481791
6.53487	0.00422396
6.53511	0.00321266
6.53535	-0.00504882
6.5356	-0.00780027
6.53584	-0.000899852
6.53609	0.00458871
6.53633	-0.000235364
6.53658	-0.00768636
6.53682	-0.00597239
6.53707	0.00178168
6.53731	0.00385986
6.53756	0.000287414
6.5378	0.001828
6.53805	0.00998068
6.53829	0.0136582
6.53853	0.00815521
6.53878	0.00264374
6.53902	0.00384039
6.53927	0.00591611
6.53951	0.00355391
6.53976	0.00220564
6.54	0.00630056
6.54025	0.00875622
6.54049	0.00320119
6.54074	-0.00303521
6.54098	-0.000533774
6.54123	0.00549284
6.54147	0.00384264
6.54171	-0.00310919
6.54196	-0.0033682
6.5422	0.0043303
6.54245	0.00943923
6.54269	0.00831906
6.54294	0.00850234
6.54318	0.0119729
6.54343	0.00949827
6.54367	-0.00241223
6.54392	-0.0122261
6.54416	-0.00969428
6.5444	-0.0012882
6.54465	0.000189404
6.54489	-0.00611718
6.54514	-0.0109073
6.54538	-0.00926493
6.54563	-0.00389313
6.54587	0.0024262
6.54612	0.00852172
6.54636	0.011454
6.54661	0.00988097
6.54685	0.00883575
6.5471	0.0128163
6.54734	0.0158946
6.54758	0.00841206
6.54783	-0.00651959
6.54807	-0.0138765
6.54832	-0.00715153
6.54856	0.00201207
6.54881	0.000658368
6.54905	-0.0070553
6.5493	-0.00699566
6.54954	0.00382345
6.54979	0.0132044
6.55003	0.0109688
6.55028	0.00185254
6.55052	-0.00217352
6.55076	0.00284795
6.55101	0.0100339
6.55125	0.0117652
6.5515	0.00794134
6.55174	0.00384232
6.55199	0.00329273
6.55223	0.00580216
6.55248	0.00846923
6.55272	0.00831396
6.55297	0.00375702
6.55321	-0.00332455
6.55346	-0.00724335
6.5537	-0.00362423
6.55394	0.00413585
6.55419	0.00713146
6.55443	0.0017492
6.55468	-0.00540806
6.55492	-0.00657585
6.55517	-0.00313252
6.55541	-0.00193436
6.55566	-0.00441073
6.5559	-0.00595019
6.55615	-0.0048269
6.55639	-0.00416402
6.55663	-0.00443329
6.55688	-0.00177206
6.55712	0.00396409
6.55737	0.00697896
6.55761	0.00498611
6.55786	0.00370234
6.5581	0.00690674
6.55835	0.00892
6.55859	0.00370972
6.55884	-0.00426581
6.55908	-0.00631828
6.55933	-0.00239943
6.55957	0.000720285
6.55981	0.00092411
6.56006	0.00137388
6.5603	0.00200231
6.56055	0.000280269
6.56079	-0.000514227
6.56104	0.00549459
6.56128	0.0145602
6.56153	0.0155579
6.56177	0.00733768
6.56202	0.00242701
6.56226	0.00791903
6.56251	0.0134782
6.56275	0.007025
6.56299	-0.00622655
6.56324	-0.0112556
6.56348	-0.0046201
6.56373	0.0029842
6.56397	0.00357614
6.56422	0.000632043
6.56446	0.000167559
6.56471	0.00222605
6.56495	0.00412189
6.5652	0.005358
6.56544	0.00565675
6.56569	0.00283061
6.56593	-0.00359997
6.56617	-0.00941909
6.56642	-0.00949504
6.56666	-0.00346499
6.56691	0.00397342
6.56715	0.00759181
6.5674	0.00585424
6.56764	0.00179692
6.56789	0.000323606
6.56813	0.00388396
6.56838	0.0103603
6.56862	0.0149958
6.56886	0.013773
6.56911	0.00570225
6.56935	-0.00559268
6.5696	-0.0123294
6.56984	-0.0084109
6.57009	0.00307898
6.57033	0.0114425
6.57058	0.0100103
6.57082	0.00329715
6.57107	-3.26405e-05
6.57131	0.00222535
6.57156	0.0057599
6.5718	0.00679152
6.57204	0.00476795
6.57229	0.000865303
6.57253	-0.00181554
6.57278	0.000540801
6.57302	0.00661286
6.57327	0.00885629
6.57351	0.0034294
6.57376	-0.00308721
6.574	-0.00338237
6.57425	-0.000845971
6.57449	-0.0023653
6.57474	-0.00442605
6.57498	0.00125897
6.57522	0.0106022
6.57547	0.0104267
6.57571	0.000381193
6.57596	-0.00400482
6.5762	0.00441774
6.57645	0.0121345
6.57669	0.00616282
6.57694	-0.00580086
6.57718	-0.00884614
6.57743	-0.00369627
6.57767	-0.00111042
6.57792	-0.00111554
6.57816	0.00493768
6.5784	0.0146672
6.57865	0.0147535
6.57889	0.00266522
6.57914	-0.00729093
6.57938	-0.00468409
6.57963	0.00328458
6.57987	0.00546578
6.58012	0.00293171
6.58036	0.00254049
6.58061	0.00293618
6.58085	-0.00216265
6.58109	-0.0109057
6.58134	-0.0138789
6.58158	-0.00740875
6.58183	0.00130504
6.58207	0.00369344
6.58232	-0.000525573
6.58256	-0.00475918
6.58281	-0.00359708
6.58305	0.00192498
6.5833	0.00598475
6.58354	0.00454252
6.58379	0.000223653
6.58403	-0.000750633
6.58427	0.00347257
6.58452	0.0081215
6.58476	0.00833116
6.58501	0.00480074
6.58525	0.0014796
6.5855	0.000888618
6.58574	0.00363574
6.58599	0.00901565
6.58623	0.0135765
6.58648	0.0128382
6.58672	0.00765259
6.58697	0.00502129
6.58721	0.0084655
6.58745	0.01146
6.5877	0.00607626
6.58794	-0.00466424
6.58819	-0.00973118
6.58843	-0.00444152
6.58868	0.00434303
6.58892	0.00761252
6.58917	0.00357963
6.58941	-0.0027212
6.58966	-0.00464328
6.5899	0.00127446
6.59015	0.0113524
6.59039	0.0162939
6.59063	0.011428
6.59088	0.00384572
6.59112	0.00302016
6.59137	0.00631098
6.59161	0.00295083
6.59186	-0.00769488
6.5921	-0.0131295
6.59235	-0.00633973
6.59259	0.00359906
6.59284	0.00564848
6.59308	0.00178703
6.59333	3.66253e-05
6.59357	0.00107266
6.59381	0.00109005
6.59406	0.0010898
6.5943	0.0034646
6.59455	0.00517579
6.59479	0.00407717
6.59504	0.00580275
6.59528	0.0134095
6.59553	0.0170028
6.59577	0.00753397
6.59602	-0.00490691
6.59626	-0.00361955
6.5965	0.00723289
6.59675	0.00741274
6.59699	-0.0066779
6.59724	-0.0155441
6.59748	-0.00817281
6.59773	0.00152324
6.59797	0.000201633
6.59822	-0.00311436
6.59846	0.00400981
6.59871	0.0135471
6.59895	0.0110875
6.5992	0.00156025
6.59944	0.000299646
6.59968	0.00633177
6.59993	0.00547568
6.60017	-0.00390965
6.60042	-0.00869501
6.60066	-0.00381985
6.60091	0.00160254
6.60115	0.00253074
6.6014	0.00465688
6.60164	0.00952118
6.60189	0.00950576
6.60213	0.00276711
6.60238	-0.00165715
6.60262	0.000561501
6.60286	0.00198696
6.60311	-0.00178253
6.60335	-0.00348701
6.6036	0.00218599
6.60384	0.00852663
6.60409	0.00859295
6.60433	0.00609832
6.60458	0.00605209
6.60482	0.00515866
6.60507	0.000792276
6.60531	-0.00067552
6.60556	0.00488733
6.6058	0.00900561
6.60604	0.00323532
6.60629	-0.00540477
6.60653	-0.00418477
6.60678	0.00582355
6.60702	0.012589
6.60727	0.0115055
6.60751	0.00862992
6.60776	0.00808474
6.608	0.00799505
6.60825	0.00775577
6.60849	0.00869908
6.60873	0.00824699
6.60898	0.00319096
6.60922	-0.00214526
6.60947	-0.000663913
6.60971	0.00564808
6.60996	0.00861377
6.6102	0.00756907
6.61045	0.00912006
6.61069	0.0133594
6.61094	0.0125966
6.61118	0.00602748
6.61143	0.00354605
6.61167	0.010254
6.61191	0.0177662
6.61216	0.0169505
6.6124	0.0104315
6.61265	0.00566433
6.61289	0.00310604
6.61314	-0.00109725
6.61338	-0.00605821
6.61363	-0.00743168
6.61387	-0.00460145
6.61412	-0.000360124
6.61436	0.00435789
6.61461	0.0101298
6.61485	0.0150389
6.61509	0.0156274
6.61534	0.0115112
6.61558	0.00634948
6.61583	0.00441421
6.61607	0.00678938
6.61632	0.0096877
6.61656	0.00747678
6.61681	0.000545777
6.61705	-0.00162448
6.6173	0.0087508
6.61754	0.0246327
6.61779	0.0301048
6.61803	0.0210846
6.61827	0.010888
6.61852	0.0108783
6.61876	0.015021
6.61901	0.0112141
6.61925	0.000245976
6.6195	-0.0066677
6.61974	-0.004784
6.61999	0.000195067
6.62023	0.00328536
6.62048	0.00543185
6.62072	0.00703314
6.62096	0.00508892
6.62121	-0.000541306
6.62145	-0.00435933
6.6217	-0.00178439
6.62194	0.00554293
6.62219	0.0128307
6.62243	0.0170385
6.62268	0.0174832
6.62292	0.014938
6.62317	0.011471
6.62341	0.00874753
6.62366	0.00595835
6.6239	0.00157803
6.62414	-0.00331743
6.62439	-0.00617857
6.62463	-0.00663826
6.62488	-0.00594056
6.62512	-0.00384695
6.62537	0.000134806
6.62561	0.00363399
6.62586	0.00411267
6.6261	0.00394165
6.62635	0.00757153
6.62659	0.0137299
6.62684	0.0160088
6.62708	0.0119627
6.62732	0.00599802
6.62757	0.00197964
6.62781	-0.00117736
6.62806	-0.00445429
6.6283	-0.00531612
6.62855	-0.00274201
6.62879	-0.000375121
6.62904	-0.000664472
6.62928	-0.000460354
6.62953	0.00331365
6.62977	0.0079907
6.63002	0.00987661
6.63026	0.0104936
6.6305	0.0126911
6.63075	0.0143058
6.63099	0.0121348
6.63124	0.00928875
6.63148	0.0112437
6.63173	0.0160926
6.63197	0.0163575
6.63222	0.0102252
6.63246	0.00335391
6.63271	-0.0010716
6.63295	-0.00578301
6.63319	-0.0108233
6.63344	-0.0102442
6.63368	-0.00229475
6.63393	0.00472731
6.63417	0.00373785
6.63442	0.000130121
6.63466	0.00333108
6.63491	0.0109837
6.63515	0.0115003
6.6354	0.00176009
6.63564	-0.00763644
6.63589	-0.00723913
6.63613	-0.000462712
6.63637	0.00401756
6.63662	0.0047644
6.63686	0.00624847
6.63711	0.00939341
6.63735	0.0103372
6.6376	0.00713084
6.63784	0.00222023
6.63809	-0.00121449
6.63833	-0.00136871
6.63858	0.00244045
6.63882	0.00789976
6.63907	0.00929204
6.63931	0.00427468
6.63955	-0.000454742
6.6398	0.00310172
6.64004	0.0115695
6.64029	0.0135723
6.64053	0.00686305
6.64078	0.0022994
6.64102	0.00661364
6.64127	0.0114675
6.64151	0.00756292
6.64176	0.000440439
6.642	0.000511007
6.64225	0.00406263
6.64249	-0.000643568
6.64273	-0.0108201
6.64298	-0.010058
6.64322	0.00491201
6.64347	0.0152685
6.64371	0.00700786
6.64396	-0.00715444
6.6442	-0.00619551
6.64445	0.00839134
6.64469	0.0161698
6.64494	0.00812508
6.64518	-0.00292606
6.64542	-0.00379612
6.64567	0.00152643
6.64591	0.00188203
6.64616	-0.0035561
6.6464	-0.00615297
6.64665	-0.00161913
6.64689	0.00417105
6.64714	0.00282352
6.64738	-0.00638202
6.64763	-0.0146417
6.64787	-0.0126014
6.64812	-0.00200296
6.64836	0.00466978
6.6486	-0.000282788
6.64885	-0.00844048
6.64909	-0.00626018
6.64934	0.00528737
6.64958	0.0116589
6.64983	0.00552688
6.65007	-0.00367036
6.65032	-0.00432547
6.65056	0.00245283
6.65081	0.0078557
6.65105	0.0077507
6.6513	0.00402875
6.65154	-0.000601568
6.65178	-0.00346502
6.65203	-0.00236055
6.65227	0.000438721
6.65252	-0.000156206
6.65276	-0.00303439
6.65301	-0.000918608
6.65325	0.00647298
6.6535	0.00900282
6.65374	0.00260791
6.65399	-0.00177316
6.65423	0.00380508
6.65448	0.00832867
6.65472	-0.00111625
6.65496	-0.0150153
6.65521	-0.0133562
6.65545	0.00244136
6.6557	0.0110121
6.65594	0.00516191
6.65619	0.00195018
6.65643	0.0121538
6.65668	0.0214454
6.65692	0.0147813
6.65717	0.00156521
6.65741	-0.000655082
6.65765	0.00566856
6.6579	0.00602427
6.65814	0.00170442
6.65839	0.00787703
6.65863	0.0250399
6.65888	0.0332652
6.65912	0.0207159
6.65937	0.00198628
6.65961	-0.00142691
6.65986	0.0113227
6.6601	0.0224628
6.66035	0.0195901
6.66059	0.0083027
6.66083	0.00220542
6.66108	0.00716565
6.66132	0.0167981
6.66157	0.0203413
6.66181	0.0135789
6.66206	0.00257832
6.6623	-0.00303821
6.66255	1.27596e-05
6.66279	0.00640582
6.66304	0.00892042
6.66328	0.00566172
6.66353	0.000810393
6.66377	-0.000321114
6.66401	0.00309838
6.66426	0.00629275
6.6645	0.0046729
6.66475	0.000934629
6.66499	0.00288999
6.66524	0.0121272
6.66548	0.019213
6.66573	0.0150252
6.66597	0.00362357
6.66622	-0.00268177
6.66646	0.000274844
6.66671	0.00453338
6.66695	0.0031879
6.66719	-0.000176519
6.66744	0.00104809
6.66768	0.0055185
6.66793	0.00615786
6.66817	0.000452607
6.66842	-0.00666992
6.66866	-0.00948157
6.66891	-0.00696972
6.66915	-0.0016454
6.6694	0.00383675
6.66964	0.00767821
6.66988	0.00858059
6.67013	0.00636465
6.67037	0.00300606
6.67062	0.00182496
6.67086	0.00433711
6.67111	0.00797969
6.67135	0.00862398
6.6716	0.00611643
6.67184	0.00524087
6.67209	0.00923474
6.67233	0.0143281
6.67258	0.0140384
6.67282	0.00790715
6.67306	0.00213027
6.67331	0.0011981
6.67355	0.00286042
6.6738	0.00304703
6.67404	0.00245082
6.67429	0.00516377
6.67453	0.0120953
6.67478	0.0186145
6.67502	0.0193922
6.67527	0.0144305
6.67551	0.00924386
6.67576	0.00860748
6.676	0.0109062
6.67624	0.0104441
6.67649	0.00532986
6.67673	0.000127421
6.67698	-0.00061184
6.67722	0.00210606
6.67747	0.00539801
6.67771	0.00980851
6.67796	0.0161963
6.6782	0.0204997
6.67845	0.0182019
6.67869	0.0124174
6.67894	0.0102489
6.67918	0.0115294
6.67942	0.00938913
6.67967	0.00300268
6.67991	0.000437226
6.68016	0.00531965
6.6804	0.00990372
6.68065	0.00756584
6.68089	0.00379525
6.68114	0.0062413
6.68138	0.0106158
6.68163	0.00751981
6.68187	-0.00072206
6.68212	-0.00245599
6.68236	0.00457206
6.6826	0.00927987
6.68285	0.00494248
6.68309	-0.000662193
6.68334	0.00106772
6.68358	0.00537539
6.68383	0.00303086
6.68407	-0.00271369
6.68432	0.00036251
6.68456	0.013927
6.68481	0.0240115
6.68505	0.0192871
6.68529	0.00641659
6.68554	0.000319423
6.68578	0.00363388
6.68603	0.00483273
6.68627	-0.00282103
6.68652	-0.00974389
6.68676	-0.00373268
6.68701	0.0106741
6.68725	0.0167508
6.6875	0.00915488
6.68774	0.00187216
6.68799	0.00755303
6.68823	0.0186179
6.68847	0.0190334
6.68872	0.00885863
6.68896	0.00361321
6.68921	0.00987931
6.68945	0.0157435
6.6897	0.0103956
6.68994	0.000781254
6.69019	-0.000418786
6.69043	0.00583329
6.69068	0.00938709
6.69092	0.00906039
6.69117	0.0126587
6.69141	0.0200906
6.69165	0.0204789
6.6919	0.00988666
6.69214	0.00011417
6.69239	0.00264769
6.69263	0.0123239
6.69288	0.0155581
6.69312	0.00925076
6.69337	0.00228187
6.69361	0.00118198
6.69386	0.00362158
6.6941	0.00580378
6.69435	0.00782677
6.69459	0.00979659
6.69483	0.00929954
6.69508	0.0055803
6.69532	0.0014246
6.69557	-0.00134354
6.69581	-0.00383301
6.69606	-0.00586733
6.6963	-0.0048033
6.69655	-0.000908136
6.69679	0.00128817
6.69704	-0.000133093
6.69728	-0.0017033
6.69752	-0.00193397
6.69777	-0.00471259
6.69801	-0.0100209
6.69826	-0.00877795
6.6985	0.00410208
6.69875	0.0172603
6.69899	0.0153332
6.69924	0.00127188
6.69948	-0.00658346
6.69973	-9.98119e-05
6.69997	0.00921931
6.70022	0.00963708
6.70046	0.00479776
6.7007	0.003268
6.70095	0.00416941
6.70119	0.00269629
6.70144	0.000934847
6.70168	0.00273417
6.70193	0.00461885
6.70217	0.0022557
6.70242	0.000235261
6.70266	0.00463041
6.70291	0.0109088
6.70315	0.0107071
6.7034	0.00623707
6.70364	0.00553346
6.70388	0.00726272
6.70413	0.00444859
6.70437	0.000741216
6.70462	0.00652779
6.70486	0.0185208
6.70511	0.0208604
6.70535	0.0105194
6.7056	0.00411734
6.70584	0.0119615
6.70609	0.021705
6.70633	0.0187191
6.70658	0.00858673
6.70682	0.0058249
6.70706	0.0110248
6.70731	0.0137985
6.70755	0.0110371
6.7078	0.00819446
6.70804	0.00738871
6.70829	0.00686626
6.70853	0.00829152
6.70878	0.0130438
6.70902	0.0151913
6.70927	0.00928138
6.70951	0.00109625
6.70975	-0.000402965
6.71	0.00260893
6.71024	0.00219258
6.71049	-0.000573699
6.71073	0.000668214
6.71098	0.00348116
6.71122	0.000960274
6.71147	-0.00331022
6.71171	-0.000489586
6.71196	0.00573308
6.7122	0.00390677
6.71245	-0.00352728
6.71269	-0.00225458
6.71293	0.00876998
6.71318	0.0141889
6.71342	0.00843519
6.71367	0.00449922
6.71391	0.00915041
6.71416	0.0100844
6.7144	-0.000753352
6.71465	-0.0101186
6.71489	-0.00485412
6.71514	0.00547894
6.71538	0.00420921
6.71563	-0.00659501
6.71587	-0.0129376
6.71611	-0.0114193
6.71636	-0.00799282
6.7166	-0.00296319
6.71685	0.00540058
6.71709	0.00949434
6.71734	0.0023891
6.71758	-0.00632973
6.71783	-0.00239098
6.71807	0.00997345
6.71832	0.0145482
6.71856	0.00898229
6.71881	0.00495338
6.71905	0.00487903
6.71929	-0.000587453
6.71954	-0.0108771
6.71978	-0.0126793
6.72003	-0.00344367
6.72027	0.00229734
6.72052	-0.00264302
6.72076	-0.00593387
6.72101	0.00237382
6.72125	0.0127026
6.7215	0.0128648
6.72174	0.00775473
6.72198	0.00806059
6.72223	0.010591
6.72247	0.00521931
6.72272	-0.00580529
6.72296	-0.0104768
6.72321	-0.00545604
6.72345	0.000842807
6.7237	0.00192438
6.72394	-0.000660628
6.72419	-0.00390695
6.72443	-0.00668202
6.72468	-0.00652422
6.72492	-0.0012291
6.72516	0.00548691
6.72541	0.00631106
6.72565	-0.00028202
6.7259	-0.00737417
6.72614	-0.0074239
6.72639	-0.000305825
6.72663	0.00653346
6.72688	0.00495001
6.72712	-0.00537923
6.72737	-0.0151156
6.72761	-0.0151214
6.72786	-0.00793665
6.7281	-0.00406016
6.72834	-0.00665207
6.72859	-0.00779817
6.72883	-0.00212338
6.72908	0.00503728
6.72932	0.00755634
6.72957	0.00728086
6.72981	0.00674842
6.73006	0.0028825
6.7303	-0.00362109
6.73055	-0.00252537
6.73079	0.0106497
6.73104	0.0218762
6.73128	0.0156194
6.73152	-0.00100418
6.73177	-0.00700035
6.73201	0.00237912
6.73226	0.0112538
6.7325	0.00911704
6.73275	0.0036512
6.73299	0.00342148
6.73324	0.00452793
6.73348	0.00239473
6.73373	0.00240158
6.73397	0.00825254
6.73421	0.0113691
6.73446	0.00389779
6.7347	-0.00644785
6.73495	-0.00732912
6.73519	-0.00131557
6.73544	-0.00107417
6.73568	-0.00843493
6.73593	-0.0119139
6.73617	-0.00536615
6.73642	0.00311323
6.73666	0.00420971
6.73691	-0.000110602
6.73715	-0.00178234
6.73739	0.0019856
6.73764	0.00717117
6.73788	0.00903683
6.73813	0.00629305
6.73837	0.00131497
6.73862	-0.00198628
6.73886	-0.0019168
6.73911	-0.000491767
6.73935	0.000732894
6.7396	0.00429199
6.73984	0.0120633
6.74009	0.0187489
6.74033	0.0163483
6.74057	0.0053354
6.74082	-0.00483204
6.74106	-0.00746383
6.74131	-0.00483339
6.74155	-0.00127574
6.7418	0.00278927
6.74204	0.00680588
6.74229	0.00708784
6.74253	0.00309174
6.74278	0.00106088
6.74302	0.00544602
6.74327	0.0112304
6.74351	0.0112909
6.74375	0.00747818
6.744	0.00669369
6.74424	0.0083811
6.74449	0.00481547
6.74473	-0.00563688
6.74498	-0.0136518
6.74522	-0.010567
6.74547	0.000485706
6.74571	0.00873023
6.74596	0.00791211
6.7462	0.00132183
6.74644	-0.00354029
6.74669	-0.00276694
6.74693	0.00143236
6.74718	0.00485373
6.74742	0.00644725
6.74767	0.00753245
6.74791	0.00717932
6.74816	0.00343598
6.7484	9.29117e-05
6.74865	0.00499114
6.74889	0.0170347
6.74914	0.0224011
6.74938	0.0119598
6.74962	-0.00361903
6.74987	-0.00705053
6.75011	0.0014784
6.75036	0.00679674
6.7506	0.00365492
6.75085	0.00313224
6.75109	0.0110215
6.75134	0.0160969
6.75158	0.00873757
6.75183	-0.00184653
6.75207	-0.000833059
6.75232	0.0106378
6.75256	0.0193482
6.7528	0.0195014
6.75305	0.0162119
6.75329	0.0129825
6.75354	0.00751075
6.75378	-0.000427389
6.75403	-0.00635952
6.75427	-0.00734774
6.75452	-0.00465059
6.75476	-0.000646239
6.75501	0.0019385
6.75525	9.12384e-05
6.7555	-0.00484486
6.75574	-0.00610754
6.75598	-0.00116977
6.75623	0.00226082
6.75647	-0.00213956
6.75672	-0.00686835
6.75696	-0.000728167
6.75721	0.0120581
6.75745	0.0161013
6.7577	0.00796843
6.75794	0.00125121
6.75819	0.00521444
6.75843	0.0112461
6.75868	0.00739193
6.75892	-0.0035348
6.75916	-0.00906346
6.75941	-0.00423645
6.75965	0.00452501
6.7599	0.00967855
6.76014	0.0099629
6.76039	0.00832145
6.76063	0.00680228
6.76088	0.00414137
6.76112	-0.00215105
6.76137	-0.0102758
6.76161	-0.0123444
6.76185	-0.00247928
6.7621	0.013652
6.76234	0.022846
6.76259	0.0188624
6.76283	0.00796845
6.76308	-0.000488865
6.76332	-0.00292135
6.76357	0.00026102
6.76381	0.00775616
6.76406	0.0149634
6.7643	0.0148229
6.76455	0.00624945
6.76479	-0.00261144
6.76503	-0.00430233
6.76528	-0.00146047
6.76552	-0.00150141
6.76577	-0.00534187
6.76601	-0.00727379
6.76626	-0.00450444
6.7665	-0.000989109
6.76675	-0.00107605
6.76699	-0.0036403
6.76724	-0.00444286
6.76748	-0.00196997
6.76773	0.00137767
6.76797	0.00328059
6.76821	0.00443508
6.76846	0.00635523
6.7687	0.0078285
6.76895	0.00612031
6.76919	0.00126072
6.76944	-0.00388572
6.76968	-0.00768955
6.76993	-0.0100199
6.77017	-0.00859783
6.77042	-0.000987838
6.77066	0.00859247
6.77091	0.0118183
6.77115	0.00851313
6.77139	0.00786676
6.77164	0.0128656
6.77188	0.0139404
6.77213	0.00615543
6.77237	0.00133657
6.77262	0.0101388
6.77286	0.0217918
6.77311	0.0188745
6.77335	0.00570696
6.7736	0.00189988
6.77384	0.0103091
6.77408	0.0136394
6.77433	0.00507108
6.77457	-0.000646919
6.77482	0.00581374
6.77506	0.0118215
6.77531	0.00547887
6.77555	-0.0033652
6.7758	-0.000274874
6.77604	0.00969192
6.77629	0.0117281
6.77653	0.00501169
6.77678	0.000372498
6.77702	0.00142926
6.77726	0.00333686
6.77751	0.00500994
6.77775	0.00842748
6.778	0.0100244
6.77824	0.00597235
6.77849	0.00212523
6.77873	0.00588293
6.77898	0.0121138
6.77922	0.0105726
6.77947	0.00381549
6.77971	0.00308501
6.77996	0.00831987
6.7802	0.00793794
6.78044	-0.000702102
6.78069	-0.00603277
6.78093	-0.00114972
6.78118	0.00566153
6.78142	0.00487628
6.78167	-0.000949933
6.78191	-0.00399507
6.78216	-0.0021729
6.7824	0.00268388
6.78265	0.00957912
6.78289	0.015123
6.78314	0.0127891
6.78338	0.0024507
6.78362	-0.00498141
6.78387	3.85024e-05
6.78411	0.0121858
6.78436	0.0173793
6.7846	0.0106961
6.78485	0.0014079
6.78509	-0.000237227
6.78534	0.00452343
6.78558	0.00651484
6.78583	0.00128598
6.78607	-0.00596398
6.78631	-0.00803727
6.78656	-0.00454046
6.7868	-0.000515421
6.78705	0.00113173
6.78729	0.00143545
6.78754	0.000747144
6.78778	-0.00183041
6.78803	-0.00352812
6.78827	0.000981366
6.78852	0.0104989
6.78876	0.0156129
6.78901	0.0109432
6.78925	0.00366749
6.78949	0.00385148
6.78974	0.0106398
6.78998	0.014761
6.79023	0.0115273
6.79047	0.00439205
6.79072	-0.0021488
6.79096	-0.00626965
6.79121	-0.00658728
6.79145	-0.00253315
6.7917	0.00327681
6.79194	0.00737345
6.79219	0.0088847
6.79243	0.00749977
6.79267	0.00189331
6.79292	-0.00543086
6.79316	-0.00723839
6.79341	-0.00208678
6.79365	0.000189058
6.7939	-0.00763647
6.79414	-0.016696
6.79439	-0.0141036
6.79463	-0.00376294
6.79488	-0.000479844
6.79512	-0.00536543
6.79537	-0.00429233
6.79561	0.00681083
6.79585	0.0130495
6.7961	0.00465396
6.79634	-0.00587298
6.79659	-0.00264529
6.79683	0.00946373
6.79708	0.0137375
6.79732	0.00693967
6.79757	0.000720481
6.79781	0.00133101
6.79806	0.0025949
6.7983	-0.000238258
6.79854	-0.0023517
6.79879	0.000905909
6.79903	0.0053976
6.79928	0.00471341
6.79952	-0.000362881
6.79977	-0.00389583
6.80001	-0.00298669
6.80026	0.00017062
6.8005	0.00272519
6.80075	0.00444391
6.80099	0.00677194
6.80124	0.0101323
6.80148	0.012401
6.80172	0.0104481
6.80197	0.00416796
6.80221	-0.00171853
6.80246	-0.00188205
6.8027	0.00347717
6.80295	0.00863168
6.80319	0.00898816
6.80344	0.00604917
6.80368	0.00481523
6.80393	0.00754833
6.80417	0.0113659
6.80442	0.0116344
6.80466	0.00696162
6.8049	0.000866879
6.80515	-0.00142664
6.80539	0.00177579
6.80564	0.00663261
6.80588	0.00772921
6.80613	0.00414695
6.80637	0.000600626
6.80662	0.00204295
6.80686	0.00826835
6.80711	0.0147384
6.80735	0.0174285
6.8076	0.0152197
6.80784	0.0089167
6.80808	0.000956906
6.80833	-0.00411871
6.80857	-0.00273955
6.80882	0.00283857
6.80906	0.00610939
6.80931	0.00460893
6.80955	0.00305335
6.8098	0.0057006
6.81004	0.0098998
6.81029	0.0115564
6.81053	0.0126594
6.81077	0.016702
6.81102	0.0196399
6.81126	0.0139906
6.81151	0.00148632
6.81175	-0.00723961
6.812	-0.00724618
6.81224	-0.00506175
6.81249	-0.00668921
6.81273	-0.00807301
6.81298	-0.0027446
6.81322	0.00757952
6.81347	0.0161098
6.81371	0.0199689
6.81395	0.0205891
6.8142	0.0192211
6.81444	0.0170853
6.81469	0.0162392
6.81493	0.0159697
6.81518	0.0126104
6.81542	0.00690515
6.81567	0.0057494
6.81591	0.0115596
6.81616	0.0167694
6.8164	0.0156722
6.81665	0.0141495
6.81689	0.0180608
6.81713	0.0194323
6.81738	0.00775357
6.81762	-0.00948662
6.81787	-0.0137868
6.81811	-0.00303844
6.81836	0.00470017
6.8186	-0.00116383
6.81885	-0.00862574
6.81909	-0.00419752
6.81934	0.00512271
6.81958	0.00433187
6.81983	-0.00482306
6.82007	-0.00745251
6.82031	0.000159749
6.82056	0.00598889
6.8208	0.00324713
6.82105	0.00102186
6.82129	0.00742395
6.82154	0.0138164
6.82178	0.00691272
6.82203	-0.00927866
6.82227	-0.0161448
6.82252	-0.00535112
6.82276	0.00984433
6.823	0.0126832
6.82325	0.00396823
6.82349	-0.0025526
6.82374	-0.000657047
6.82398	0.00249601
6.82423	0.000267589
6.82447	-0.00360503
6.82472	-0.00251569
6.82496	0.00297195
6.82521	0.00751369
6.82545	0.00837594
6.8257	0.00582298
6.82594	0.000758104
6.82618	-0.00319987
6.82643	-2.2157e-05
6.82667	0.0103919
6.82692	0.0185944
6.82716	0.0174197
6.82741	0.0132443
6.82765	0.0161565
6.8279	0.0220068
6.82814	0.0168306
6.82839	0.000201712
6.82863	-0.00966303
6.82888	-0.000854328
6.82912	0.0139038
6.82936	0.0150224
6.82961	0.00392798
6.82985	-0.00155745
6.8301	0.00328975
6.83034	0.0025869
6.83059	-0.0131209
6.83083	-0.0278575
6.83108	-0.021001
6.83132	0.0019836
6.83157	0.01568
6.83181	0.00937003
6.83206	-0.000921514
6.8323	0.00134838
6.83254	0.0105357
6.83279	0.0119949
6.83303	0.0057788
6.83328	0.00303852
6.83352	0.00560394
6.83377	0.00495918
6.83401	-0.000194121
6.83426	-0.00072758
6.8345	0.00620598
6.83475	0.0108728
6.83499	0.00637088
6.83524	-0.00102465
6.83548	-0.00330136
6.83572	-0.00262168
6.83597	-0.00415798
6.83621	-0.00526999
6.83646	-0.000847488
6.8367	0.0060005
6.83695	0.00752988
6.83719	0.00287976
6.83744	-0.00116458
6.83768	0.00046033
6.83793	0.00598975
6.83817	0.00990888
6.83841	0.00810691
6.83866	0.00180791
6.8389	-0.00239628
6.83915	0.000126332
6.83939	0.0046909
6.83964	0.00310436
6.83988	-0.00335862
6.84013	-0.00543602
6.84037	-0.00135619
6.84062	0.000240735
6.84086	-0.00387768
6.84111	-0.00545678
6.84135	-0.000673204
6.84159	0.00109583
6.84184	-0.00611012
6.84208	-0.0119202
6.84233	-0.00556452
6.84257	0.00588219
6.84282	0.00894754
6.84306	0.00457929
6.84331	0.00312071
6.84355	0.00620696
6.8438	0.00856967
6.84404	0.0105849
6.84429	0.0132864
6.84453	0.00842471
6.84477	-0.00841238
6.84502	-0.0215568
6.84526	-0.0132454
6.84551	0.00659151
6.84575	0.0118803
6.846	0.000178206
6.84624	-0.00481458
6.84649	0.0069615
6.84673	0.0171678
6.84698	0.0127591
6.84722	0.00748922
6.84747	0.0144892
6.84771	0.020694
6.84795	0.00919915
6.8482	-0.010091
6.84844	-0.0146983
6.84869	-0.00318795
6.84893	0.00724106
6.84918	0.00923281
6.84942	0.00998305
6.84967	0.011766
6.84991	0.00898674
6.85016	0.0045754
6.8504	0.00955003
6.85064	0.0225718
6.85089	0.0270726
6.85113	0.0151396
6.85138	0.000154581
6.85162	-0.0023049
6.85187	0.00520599
6.85211	0.0100313
6.85236	0.00909854
6.8526	0.00959659
6.85285	0.0142231
6.85309	0.0164828
6.85334	0.0112169
6.85358	0.00230855
6.85382	-0.00280591
6.85407	-0.00202014
6.85431	0.000690408
6.85456	0.00106088
6.8548	-0.00152484
6.85505	-0.00489032
6.85529	-0.00641508
6.85554	-0.00427018
6.85578	0.00161958
6.85603	0.00850822
6.85627	0.0118722
6.85652	0.0092865
6.85676	0.00320627
6.857	-0.00118016
6.85725	-0.000815582
6.85749	0.00313347
6.85774	0.0074206
6.85798	0.00992817
6.85823	0.0109925
6.85847	0.0121552
6.85872	0.0134272
6.85896	0.0123994
6.85921	0.00770774
6.85945	0.0026268
6.8597	0.00189242
6.85994	0.00475525
6.86018	0.00560759
6.86043	0.00281439
6.86067	0.00157513
6.86092	0.00501031
6.86116	0.00806011
6.86141	0.00529963
6.86165	0.000153737
6.8619	0.000162704
6.86214	0.00625695
6.86239	0.0126662
6.86263	0.0147505
6.86287	0.0115363
6.86312	0.0039893
6.86336	-0.00323918
6.86361	-0.00260887
6.86385	0.00642248
6.8641	0.012609
6.86434	0.0068998
6.86459	-0.00297311
6.86483	-0.00286162
6.86508	0.00598852
6.86532	0.00890607
6.86557	0.00120108
6.86581	-0.00507299
6.86605	-0.00126119
6.8663	0.00491431
6.86654	0.00336457
6.86679	-0.00280647
6.86703	-0.00447274
6.86728	-0.000796092
6.86752	0.0025079
6.86777	0.00318766
6.86801	0.00251076
6.86826	7.8518e-05
6.8685	-0.00359695
6.86875	-0.00307856
6.86899	0.00558036
6.86923	0.0164467
6.86948	0.0188534
6.86972	0.0104342
6.86997	-0.000512164
6.87021	-0.00538111
6.87046	-0.00300863
6.8707	0.00313365
6.87095	0.0102166
6.87119	0.0159199
6.87144	0.0165527
6.87168	0.0101913
6.87193	0.00183089
6.87217	0.00048139
6.87241	0.00764178
6.87266	0.0127665
6.8729	0.00666462
6.87315	-0.00364096
6.87339	-0.00351086
6.87364	0.00647925
6.87388	0.0100332
6.87413	0.00137946
6.87437	-0.00405201
6.87462	0.00472019
6.87486	0.0138343
6.8751	0.0062845
6.87535	-0.00881033
6.87559	-0.0097075
6.87584	0.0035397
6.87608	0.0116222
6.87633	0.00860493
6.87657	0.00700022
6.87682	0.0106855
6.87706	0.00879881
6.87731	0.000547319
6.87755	0.000287885
6.8778	0.0103041
6.87804	0.0134643
6.87828	0.00327145
6.87853	-0.00333085
6.87877	0.00381455
6.87902	0.00961869
6.87926	0.00225012
6.87951	-0.00369302
6.87975	0.00633993
6.88	0.0187014
6.88024	0.0148755
6.88049	0.00457343
6.88073	0.00724669
6.88098	0.0155452
6.88122	0.0090908
6.88146	-0.00536355
6.88171	-0.0023686
6.88195	0.0168714
6.8822	0.0229151
6.88244	0.00584529
6.88269	-0.00882085
6.88293	-0.00223621
6.88318	0.00990495
6.88342	0.00749863
6.88367	-0.00130928
6.88391	0.00183389
6.88416	0.0132061
6.8844	0.015325
6.88464	0.00656404
6.88489	0.00100557
6.88513	0.00371191
6.88538	0.00513725
6.88562	-6.42216e-05
6.88587	-0.00420809
6.88611	2.75169e-05
6.88636	0.00811218
6.8866	0.0103107
6.88685	0.00377428
6.88709	-0.00578382
6.88733	-0.0111083
6.88758	-0.00929238
6.88782	-0.00233033
6.88807	0.00570919
6.88831	0.0114117
6.88856	0.0129745
6.8888	0.0106129
6.88905	0.00692849
6.88929	0.00498543
6.88954	0.00480264
6.88978	0.00401491
6.89003	0.00276892
6.89027	0.00380581
6.89051	0.00615055
6.89076	0.00492974
6.891	0.000878479
6.89125	0.00219204
6.89149	0.0106514
6.89174	0.0144798
6.89198	0.00502623
6.89223	-0.00698729
6.89247	-0.00503937
6.89272	0.00852369
6.89296	0.0164892
6.89321	0.0126958
6.89345	0.00745181
6.89369	0.00714352
6.89394	0.00620629
6.89418	0.00295082
6.89443	0.00554863
6.89467	0.0147288
6.89492	0.016643
6.89516	0.00372888
6.89541	-0.0105476
6.89565	-0.0102301
6.8959	0.000158691
6.89614	0.00447951
6.89639	-0.00049722
6.89663	-0.00310999
6.89687	0.00410936
6.89712	0.0151827
6.89736	0.0199238
6.89761	0.0143829
6.89785	0.00284986
6.8981	-0.00532757
6.89834	-0.00329442
6.89859	0.00511013
6.89883	0.00913686
6.89908	0.00623278
6.89932	0.00568982
6.89956	0.0122545
6.89981	0.0161693
6.90005	0.00853555
6.9003	-0.00271103
6.90054	-0.00423193
6.90079	0.00241383
6.90103	0.00539386
6.90128	0.00241534
6.90152	0.0014717
6.90177	0.00458313
6.90201	0.00534806
6.90226	0.00202548
6.9025	-0.000618974
6.90274	-0.00241962
6.90299	-0.00705378
6.90323	-0.00994124
6.90348	-0.00196414
6.90372	0.0126031
6.90397	0.0174979
6.90421	0.00831133
6.90446	-0.000383159
6.9047	0.00197718
6.90495	0.00727779
6.90519	0.0058483
6.90544	0.00314699
6.90568	0.00716637
6.90592	0.0121774
6.90617	0.00957166
6.90641	0.00447807
6.90666	0.00571081
6.9069	0.00764738
6.90715	-9.64968e-05
6.90739	-0.0107943
6.90764	-0.00826875
6.90788	0.00512909
6.90813	0.00863526
6.90837	-0.00544473
6.90862	-0.0192661
6.90886	-0.0160917
6.9091	-0.00317206
6.90935	0.00296569
6.90959	0.00145715
6.90984	0.00368063
6.91008	0.0122755
6.91033	0.0174795
6.91057	0.0126909
6.91082	0.00312538
6.91106	-0.00210607
6.91131	8.04583e-05
6.91155	0.00584866
6.91179	0.00934892
6.91204	0.00792602
6.91228	0.00440158
6.91253	0.00348117
6.91277	0.00540817
6.91302	0.00614473
6.91326	0.00442908
6.91351	0.00379823
6.91375	0.00567181
6.914	0.00608534
6.91424	0.00273049
6.91449	-0.000235342
6.91473	0.00117169
6.91497	0.00435927
6.91522	0.00540675
6.91546	0.00587081
6.91571	0.00859483
6.91595	0.0109686
6.9162	0.0087931
6.91644	0.00371893
6.91669	0.000680242
6.91693	0.000635222
6.91718	0.00149933
6.91742	0.0030746
6.91767	0.0050854
6.91791	0.00383823
6.91815	-0.00215099
6.9184	-0.006492
6.91864	-0.00278319
6.91889	0.00434009
6.91913	0.00461769
6.91938	-0.00273967
6.91962	-0.00809024
6.91987	-0.0052324
6.92011	0.00207802
6.92036	0.00782217
6.9206	0.00986819
6.92085	0.00764616
6.92109	0.00153074
6.92133	-0.00407198
6.92158	-0.00404553
6.92182	-0.000109992
6.92207	0.00155321
6.92231	0.000321943
6.92256	0.00117425
6.9228	0.00472242
6.92305	0.00616299
6.92329	0.00494105
6.92354	0.00551042
6.92378	0.00649883
6.92403	0.000189383
6.92427	-0.0127719
6.92451	-0.0188647
6.92476	-0.0087205
6.925	0.00969735
6.92525	0.021755
6.92549	0.0225978
6.92574	0.0164134
6.92598	0.00713978
6.92623	-0.00174954
6.92647	-0.00443943
6.92672	0.00116345
6.92696	0.00829537
6.9272	0.00956455
6.92745	0.00655273
6.92769	0.0048377
6.92794	0.00446895
6.92818	0.00290581
6.92843	0.00251821
6.92867	0.00630465
6.92892	0.0099076
6.92916	0.0073415
6.92941	0.00206002
6.92965	0.00246264
6.9299	0.00774339
6.93014	0.00844973
6.93038	0.001678
6.93063	-0.00425581
6.93087	-0.00287911
6.93112	0.00143946
6.93136	0.00187643
6.93161	-0.000252767
6.93185	0.00118831
6.9321	0.00727401
6.93234	0.0128978
6.93259	0.0141978
6.93283	0.0129151
6.93308	0.0127004
6.93332	0.013582
6.93356	0.0124206
6.93381	0.00883699
6.93405	0.00748283
6.9343	0.0110639
6.93454	0.0135016
6.93479	0.00639302
6.93503	-0.00763347
6.93528	-0.0158333
6.93552	-0.0122788
6.93577	-0.00559468
6.93601	-0.00478121
6.93626	-0.00595533
6.9365	-0.00146935
6.93674	0.00520427
6.93699	0.00499678
6.93723	-0.000596046
6.93748	-0.00102236
6.93772	0.00668806
6.93797	0.013875
6.93821	0.0134467
6.93846	0.00738048
6.9387	0.000203919
6.93895	-0.00547177
6.93919	-0.00574677
6.93943	0.00219655
6.93968	0.0119515
6.93992	0.0118416
6.94017	0.000840052
6.94041	-0.00828313
6.94066	-0.00611093
6.9409	0.00154376
6.94115	0.004156
6.94139	0.00109374
6.94164	-0.000736209
6.94188	0.00230536
6.94213	0.00855645
6.94237	0.0150665
6.94261	0.0179695
6.94286	0.0132645
6.9431	0.00259868
6.94335	-0.00559743
6.94359	-0.00543452
6.94384	-0.000232257
6.94408	0.00364507
6.94433	0.0045616
6.94457	0.00357115
6.94482	0.000999974
6.94506	-0.000352169
6.94531	0.00410616
6.94555	0.0112541
6.94579	0.0101031
6.94604	-0.000945329
6.94628	-0.00637682
6.94653	0.00499501
6.94677	0.0195559
6.94702	0.016074
6.94726	-0.001908
6.94751	-0.0102089
6.94775	-0.000273153
6.948	0.00930341
6.94824	0.0031912
6.94849	-0.00818824
6.94873	-0.0079623
6.94897	0.00100455
6.94922	0.00424145
6.94946	-0.00041688
6.94971	-0.00297383
6.94995	0.000484448
6.9502	0.00448173
6.95044	0.00613968
6.95069	0.00740361
6.95093	0.00708565
6.95118	0.0026998
6.95142	-0.00131099
6.95166	0.000900317
6.95191	0.00451333
6.95215	0.000722609
6.9524	-0.00562565
6.95264	-0.000906139
6.95289	0.0132262
6.95313	0.0184947
6.95338	0.00866696
6.95362	0.00105857
6.95387	0.00828035
6.95411	0.0161945
6.95436	0.0074621
6.9546	-0.00697686
6.95484	-0.00330293
6.95509	0.0152668
6.95533	0.0202289
6.95558	0.00139633
6.95582	-0.0163647
6.95607	-0.0100446
6.95631	0.00854673
6.95656	0.0127299
6.9568	-0.000374704
6.95705	-0.0103737
6.95729	-0.00598849
6.95754	0.00241007
6.95778	0.00288869
6.95802	-0.00177339
6.95827	-0.00313431
6.95851	-0.000844304
6.95876	4.80684e-05
6.959	-0.00104591
6.95925	-0.000103405
6.95949	0.00458226
6.95974	0.0102142
6.95998	0.0132767
6.96023	0.0128328
6.96047	0.0106518
6.96072	0.00912916
6.96096	0.00849833
6.9612	0.00671719
6.96145	0.0034991
6.96169	0.00229383
6.96194	0.00484525
6.96218	0.00625736
6.96243	0.00150736
6.96267	-0.00447475
6.96292	-0.00147707
6.96316	0.00987665
6.96341	0.0156943
6.96365	0.00702528
6.96389	-0.00756815
6.96414	-0.0141661
6.96438	-0.0111491
6.96463	-0.00636553
6.96487	-0.00271588
6.96512	0.00259575
6.96536	0.00771578
6.96561	0.00693666
6.96585	0.00168781
6.9661	-0.000292318
6.96634	0.00195025
6.96659	0.000908233
6.96683	-0.00580084
6.96707	-0.0110486
6.96732	-0.0108334
6.96756	-0.0100881
6.96781	-0.0110194
6.96805	-0.00764815
6.9683	0.00077221
6.96854	0.0032249
6.96879	-0.00558257
6.96903	-0.0124324
6.96928	-0.00404702
6.96952	0.0106919
6.96977	0.0132054
6.97001	0.00361213
6.97025	-0.00148957
6.9705	0.00334012
6.97074	0.00649264
6.97099	0.00217622
6.97123	-0.000361902
6.97148	0.00406881
6.97172	0.0061032
6.97197	-0.00086153
6.97221	-0.00796443
6.97246	-0.00605341
6.9727	-0.000962396
6.97295	-0.0020973
6.97319	-0.00621776
6.97343	-0.00497711
6.97368	-0.000416473
6.97392	-0.00021754
6.97417	-0.00333513
6.97441	-0.00262452
6.97466	0.00210557
6.9749	0.00485715
6.97515	0.00460925
6.97539	0.00560327
6.97564	0.00834606
6.97588	0.00923307
6.97612	0.00760207
6.97637	0.00542608
6.97661	0.0020417
6.97686	-0.0034206
6.9771	-0.00677406
6.97735	-0.00347831
6.97759	0.00353436
6.97784	0.00776591
6.97808	0.00852287
6.97833	0.00963177
6.97857	0.0116455
6.97882	0.0123046
6.97906	0.0118431
6.9793	0.0110857
6.97955	0.00775684
6.97979	0.00155822
6.98004	-0.00147442
6.98028	0.00251437
6.98053	0.00712912
6.98077	0.00503119
6.98102	0.000389743
6.98126	0.00193841
6.98151	0.00803065
6.98175	0.00977629
6.982	0.00538884
6.98224	-0.000108539
6.98248	-0.00579367
6.98273	-0.0127373
6.98297	-0.0143042
6.98322	-0.00325127
6.98346	0.0126729
6.98371	0.0172252
6.98395	0.00847683
6.9842	0.000758786
6.98444	0.00254384
6.98469	0.00698705
6.98493	0.0068132
6.98518	0.00381359
6.98542	-0.000145344
6.98566	-0.00716932
6.98591	-0.0139426
6.98615	-0.0123021
6.9864	-0.00405639
6.98664	-0.00116471
6.98689	-0.00615291
6.98713	-0.00757859
6.98738	-0.00102956
6.98762	0.00238474
6.98787	-0.0025306
6.98811	-0.00293512
6.98835	0.00937923
6.9886	0.0195565
6.98884	0.0114731
6.98909	-0.00462284
6.98933	-0.00648365
6.98958	0.00606289
6.98982	0.0125272
6.99007	0.00428936
6.99031	-0.0048678
6.99056	-0.00279017
6.9908	0.00449057
6.99105	0.00633021
6.99129	0.00370649
6.99153	0.00343711
6.99178	0.00521969
6.99202	0.00346999
6.99227	-0.00191232
6.99251	-0.00394469
6.99276	0.00212921
6.993	0.0115839
6.99325	0.0141591
6.99349	0.00553387
6.99374	-0.00657181
6.99398	-0.0103969
6.99423	-0.00373952
6.99447	0.00473142
6.99471	0.00783091
6.99496	0.00716023
6.9952	0.00628552
6.99545	0.00433373
6.99569	0.000985477
6.99594	0.000668539
6.99618	0.00522497
6.99643	0.00824069
6.99667	0.00399022
6.99692	-0.00261387
6.99716	-0.00258886
6.99741	0.00440022
6.99765	0.0113233
6.99789	0.014307
6.99814	0.0139844
6.99838	0.00952333
6.99863	0.000493708
6.99887	-0.00664774
6.99912	-0.00340116
6.99936	0.0082992
6.99961	0.016392
6.99985	0.013828
7.0001	0.00704705
7.00034	0.00625674
7.00059	0.0120945
7.00083	0.0160353
7.00107	0.0119532
7.00132	0.00366472
7.00156	0.000190014
7.00181	0.00478741
7.00205	0.010887
7.0023	0.0103541
7.00254	0.00351263
7.00279	-0.00278617
7.00303	-0.0051015
7.00328	-0.00518347
7.00352	-0.0023904
7.00376	0.00699795
7.00401	0.0201194
7.00425	0.0257775
7.0045	0.0181543
7.00474	0.00591995
7.00499	0.00143856
7.00523	0.00589887
7.00548	0.0110691
7.00572	0.0110879
7.00597	0.006366
7.00621	-0.000136357
7.00646	-0.00451343
7.0067	-0.00343783
7.00694	0.000854408
7.00719	0.00134867
7.00743	-0.00332639
7.00768	-0.00509009
7.00792	0.00131975
7.00817	0.00906399
7.00841	0.00971894
7.00866	0.00625298
7.0089	0.00607034
7.00915	0.00731556
7.00939	0.00360801
7.00964	-0.00208795
7.00988	-0.00122583
7.01012	0.00478614
7.01037	0.00598296
7.01061	0.000895806
7.01086	-0.000525393
7.0111	0.00680514
7.01135	0.015556
7.01159	0.0181437
7.01184	0.0161296
7.01208	0.0134421
7.01233	0.0099025
7.01257	0.00624941
7.01282	0.00661291
7.01306	0.0103929
7.0133	0.0099761
7.01355	0.00284937
7.01379	-0.00187667
7.01404	0.00321316
7.01428	0.0109597
7.01453	0.00968655
7.01477	0.00134442
7.01502	-0.00149487
7.01526	0.00483387
7.01551	0.00999525
7.01575	0.00610124
7.01599	-0.00109706
7.01624	-0.00271781
7.01648	-0.000221093
7.01673	-0.000530388
7.01697	-0.00299551
7.01722	-0.000736979
7.01746	0.00672064
7.01771	0.0117619
7.01795	0.0107175
7.0182	0.00861343
7.01844	0.00894065
7.01869	0.00760076
7.01893	0.00210217
7.01917	-0.00202896
7.01942	-0.0015583
7.01966	-0.00383569
7.01991	-0.0142834
7.02015	-0.0226576
7.0204	-0.0154482
7.02064	0.0021563
7.02089	0.0120268
7.02113	0.0094319
7.02138	0.0070703
7.02162	0.0113157
7.02187	0.0123571
7.02211	0.00398959
7.02235	-0.00386486
7.0226	-0.00213413
7.02284	0.00247574
7.02309	0.00106734
7.02333	-0.00166886
7.02358	0.00171278
7.02382	0.00568618
7.02407	0.00138196
7.02431	-0.00631855
7.02456	-0.00596597
7.0248	0.00222539
7.02505	0.00893242
7.02529	0.0110129
7.02553	0.0109898
7.02578	0.00690173
7.02602	-0.00304089
7.02627	-0.0103929
7.02651	-0.00587633
7.02676	0.00472157
7.027	0.00863284
7.02725	0.00631316
7.02749	0.00778678
7.02774	0.0122402
7.02798	0.00935114
7.02822	6.34929e-06
7.02847	-0.00324432
7.02871	0.0019335
7.02896	0.00404872
7.0292	-0.000493173
7.02945	-0.000844865
7.02969	0.00740156
7.02994	0.0132885
7.03018	0.0105037
7.03043	0.00859887
7.03067	0.013901
7.03092	0.0159638
7.03116	0.00614097
7.0314	-0.00483671
7.03165	-0.00292728
7.03189	0.00706311
7.03214	0.0109667
7.03238	0.0076246
7.03263	0.00586816
7.03287	0.00645212
7.03312	0.00350173
7.03336	-0.000700253
7.03361	0.00151584
7.03385	0.00802829
7.0341	0.00937905
7.03434	0.00507732
7.03458	0.00347607
7.03483	0.00622426
7.03507	0.00684901
7.03532	0.0046653
7.03556	0.00558176
7.03581	0.00804969
7.03605	0.0036092
7.0363	-0.00553887
7.03654	-0.00555788
7.03679	0.00646563
7.03703	0.0145678
7.03728	0.00760475
7.03752	-0.0032909
7.03776	-0.00287326
7.03801	0.00485172
7.03825	0.00617128
7.0385	0.00130766
7.03874	0.00150886
7.03899	0.00759266
7.03923	0.00900985
7.03948	0.00332386
7.03972	-4.62716e-05
7.03997	0.0026604
7.04021	0.00393087
7.04045	0.000849241
7.0407	0.00158227
7.04094	0.00956327
7.04119	0.0150289
7.04143	0.0110855
7.04168	0.0058258
7.04192	0.00785089
7.04217	0.0108838
7.04241	0.00580862
7.04266	-0.00112498
7.0429	0.00241624
7.04315	0.0131319
7.04339	0.016289
7.04363	0.0095933
7.04388	0.00627342
7.04412	0.0126425
7.04437	0.0179815
7.04461	0.012135
7.04486	0.000888973
7.0451	-0.00322314
7.04535	0.00298478
7.04559	0.0125082
7.04584	0.0171886
7.04608	0.0133373
7.04633	0.00396137
7.04657	-0.00194546
7.04681	0.00187892
7.04706	0.00984048
7.0473	0.0112515
7.04755	0.00633975
7.04779	0.00560497
7.04804	0.0119629
7.04828	0.0157279
7.04853	0.0115155
7.04877	0.00744095
7.04902	0.0104846
7.04926	0.014645
7.04951	0.0129155
7.04975	0.0103577
7.04999	0.0139951
7.05024	0.0184585
7.05048	0.0143344
7.05073	0.00454982
7.05097	-0.000355157
7.05122	0.001031
7.05146	0.00165497
7.05171	0.000676878
7.05195	0.00463854
7.0522	0.0140514
7.05244	0.0202772
7.05268	0.0177526
7.05293	0.0105299
7.05317	0.00478846
7.05342	0.00211228
7.05366	0.00177211
7.05391	0.00333188
7.05415	0.0053838
7.0544	0.00641912
7.05464	0.00731426
7.05489	0.00878249
7.05513	0.00769932
7.05538	0.00142659
7.05562	-0.00533952
7.05586	-0.00445202
7.05611	0.00455685
7.05635	0.0127241
7.0566	0.0121185
7.05684	0.00412332
7.05709	-0.00335456
7.05733	-0.00385987
7.05758	0.0025401
7.05782	0.00971726
7.05807	0.0112445
7.05831	0.00688632
7.05856	0.00197601
7.0588	0.000183767
7.05904	0.000447925
7.05929	0.00149467
7.05953	0.00402242
7.05978	0.00692338
7.06002	0.00744822
7.06027	0.00698316
7.06051	0.00948652
7.06076	0.0123812
7.061	0.00859354
7.06125	0.000807618
7.06149	0.00150072
7.06174	0.0124376
7.06198	0.0177
7.06222	0.0076414
7.06247	-0.00354884
7.06271	0.000999877
7.06296	0.0135486
7.0632	0.0143043
7.06345	0.00347864
7.06369	-0.000625361
7.06394	0.00728805
7.06418	0.012424
7.06443	0.00632355
7.06467	-0.000104505
7.06491	0.00334108
7.06516	0.0102455
7.0654	0.0107659
7.06565	0.00704889
7.06589	0.00564985
7.06614	0.00532181
7.06638	0.00246061
7.06663	0.000688495
7.06687	0.00513778
7.06712	0.0123929
7.06736	0.0146088
7.06761	0.0104865
7.06785	0.00565059
7.06809	0.0044599
7.06834	0.00645426
7.06858	0.00916292
7.06883	0.0107879
7.06907	0.0110908
7.06932	0.0110373
7.06956	0.0102306
7.06981	0.00575635
7.07005	-0.00272117
7.0703	-0.00823691
7.07054	-0.00314653
7.07079	0.00919568
7.07103	0.0159249
7.07127	0.00982277
7.07152	-0.00229988
7.07176	-0.00842444
7.07201	-0.0039604
7.07225	0.00629281
7.0725	0.0146499
7.07274	0.0168322
7.07299	0.0143593
7.07323	0.0118375
7.07348	0.0108962
7.07372	0.00868005
7.07397	0.00421461
7.07421	0.00200215
7.07445	0.00492796
7.0747	0.00834557
7.07494	0.00748068
7.07519	0.00595354
7.07543	0.00885637
7.07568	0.0120168
7.07592	0.00850612
7.07617	0.00244037
7.07641	0.00398375
7.07666	0.0118224
7.0769	0.0139349
7.07715	0.00719243
7.07739	0.00281116
7.07763	0.00830498
7.07788	0.0163736
7.07812	0.0178412
7.07837	0.0149385
7.07861	0.0141847
7.07886	0.0147522
7.0791	0.0123367
7.07935	0.00838759
7.07959	0.00734432
7.07984	0.00877629
7.08008	0.00923925
7.08032	0.0088289
7.08057	0.00976444
7.08081	0.0107281
7.08106	0.00825556
7.0813	0.00270176
7.08155	-0.00160036
7.08179	-0.00191107
7.08204	0.000211553
7.08228	0.00189242
7.08253	0.00280601
7.08277	0.00530087
7.08302	0.0104062
7.08326	0.0142709
7.0835	0.0113291
7.08375	0.00237184
7.08399	-0.00425359
7.08424	-0.00285693
7.08448	0.00195349
7.08473	0.00270187
7.08497	0.000410337
7.08522	0.00175884
7.08546	0.00727966
7.08571	0.0102305
7.08595	0.0069952
7.0862	0.0014592
7.08644	-0.00169941
7.08668	-0.00193827
7.08693	-9.24825e-05
7.08717	0.00385985
7.08742	0.00886834
7.08766	0.0124809
7.08791	0.013134
7.08815	0.0106195
7.0884	0.00599039
7.08864	0.00331183
7.08889	0.00735799
7.08913	0.0155722
7.08938	0.0177135
7.08962	0.00945832
7.08986	0.000486664
7.09011	0.00103973
7.09035	0.00626705
7.0906	0.00436107
7.09084	-0.00430693
7.09109	-0.00844959
7.09133	-0.00393496
7.09158	0.00203816
7.09182	0.0044628
7.09207	0.00583648
7.09231	0.00672321
7.09255	0.00297083
7.0928	-0.00445034
7.09304	-0.00707113
7.09329	-0.000512339
7.09353	0.00931849
7.09378	0.014846
7.09402	0.0150418
7.09427	0.0127776
7.09451	0.0101363
7.09476	0.00841573
7.095	0.00810619
7.09525	0.00809402
7.09549	0.00812555
7.09573	0.00999044
7.09598	0.0127092
7.09622	0.0113475
7.09647	0.00572897
7.09671	0.00347696
7.09696	0.00726212
7.0972	0.00761281
7.09745	-0.00149218
7.09769	-0.00925016
7.09794	-0.00389756
7.09818	0.00663372
7.09843	0.00656233
7.09867	-0.00211174
7.09891	-0.00452951
7.09916	0.00137942
7.0994	0.0042528
7.09965	0.00146446
7.09989	0.00114415
7.10014	0.00314358
7.10038	-0.00078211
7.10063	-0.00764777
7.10087	-0.00580472
7.10112	0.00211115
7.10136	0.00141493
7.10161	-0.00740203
7.10185	-0.00792626
7.10209	0.0017351
7.10234	0.00366912
7.10258	-0.00762511
7.10283	-0.0141818
7.10307	-0.00617182
7.10332	0.00150817
7.10356	-0.00212818
7.10381	-0.0042021
7.10405	0.00619944
7.1043	0.0153252
7.10454	0.00812682
7.10478	-0.0050847
7.10503	-0.00633495
7.10527	0.00201305
7.10552	0.00757591
7.10576	0.0112155
7.10601	0.0187256
7.10625	0.0224301
7.1065	0.0129996
7.10674	-0.0006247
7.10699	-0.00366276
7.10723	0.00122928
7.10748	0.00231764
7.10772	0.000884385
7.10796	0.00509423
7.10821	0.0107819
7.10845	0.00919593
7.1087	0.00648221
7.10894	0.0142127
7.10919	0.0262706
7.10943	0.0264684
7.10968	0.0153616
7.10992	0.00879814
7.11017	0.0120653
7.11041	0.0151765
7.11066	0.012676
7.1109	0.00935848
7.11114	0.0065464
7.11139	0.000448348
7.11163	-0.00542863
7.11188	-0.00293138
7.11212	0.00501075
7.11237	0.00703473
7.11261	0.00229898
7.11286	0.0012662
7.1131	0.00649844
7.11335	0.00811187
7.11359	0.000902449
7.11384	-0.00772129
7.11408	-0.00976702
7.11432	-0.00494744
7.11457	0.00446526
7.11481	0.0155875
7.11506	0.0209839
7.1153	0.0145899
7.11555	0.0027914
7.11579	-0.00145969
7.11604	0.00370477
7.11628	0.00805114
7.11653	0.00606259
7.11677	0.00335857
7.11701	0.0051227
7.11726	0.00876802
7.1175	0.010051
7.11775	0.0080654
7.11799	0.00366002
7.11824	-9.36986e-05
7.11848	0.00197778
7.11873	0.00908346
7.11897	0.0112529
7.11922	0.00364462
7.11946	-0.00238808
7.11971	0.0048485
7.11995	0.0170733
7.12019	0.0176781
7.12044	0.00877746
7.12068	0.00753553
7.12093	0.016987
7.12117	0.0210836
7.12142	0.011743
7.12166	0.00122276
7.12191	0.000922634
7.12215	0.00477214
7.1224	0.00266263
7.12264	-0.00288577
7.12289	-0.00297186
7.12313	0.00409298
7.12337	0.0129019
7.12362	0.0177134
7.12386	0.014834
7.12411	0.00541545
7.12435	-0.00202441
7.1246	-6.47409e-05
7.12484	0.00604598
7.12509	0.00520666
7.12533	-0.00128602
7.12558	-0.000938248
7.12582	0.00919905
7.12607	0.0171627
7.12631	0.0151385
7.12655	0.00985485
7.1268	0.0085017
7.12704	0.00764377
7.12729	0.00327125
7.12753	0.000125591
7.12778	0.00328872
7.12802	0.0100778
7.12827	0.0165368
7.12851	0.0224368
7.12876	0.0248932
7.129	0.0182172
7.12924	0.0059377
7.12949	0.00114701
7.12973	0.00808178
7.12998	0.0153991
7.13022	0.0150121
7.13047	0.0140467
7.13071	0.018432
7.13096	0.0189924
7.1312	0.00782045
7.13145	-0.00372339
7.13169	-0.000444522
7.13194	0.0115892
7.13218	0.0136709
7.13242	0.00357332
7.13267	-0.00250841
7.13291	0.00343664
7.13316	0.0104882
7.1334	0.00832797
7.13365	0.00247007
7.13389	0.00316832
7.13414	0.0101081
7.13438	0.0158369
7.13463	0.0171396
7.13487	0.0159003
7.13512	0.0134817
7.13536	0.0104779
7.1356	0.0090845
7.13585	0.0105469
7.13609	0.0119456
7.13634	0.00952503
7.13658	0.00409526
7.13683	-0.000153149
7.13707	-0.00130617
7.13732	-0.000847784
7.13756	0.000582333
7.13781	0.00475404
7.13805	0.0115035
7.1383	0.0159939
7.13854	0.0140517
7.13878	0.0089957
7.13903	0.00846149
7.13927	0.013572
7.13952	0.0163987
7.13976	0.0114089
7.14001	0.00456239
7.14025	0.00508072
7.1405	0.0112164
7.14074	0.0122383
7.14099	0.00468333
7.14123	-0.0016235
7.14147	0.0026765
7.14172	0.0130875
7.14196	0.0173095
7.14221	0.0113118
7.14245	0.00340607
7.1427	0.00277435
7.14294	0.00892991
7.14319	0.0143705
7.14343	0.0147436
7.14368	0.0131275
7.14392	0.0142223
7.14417	0.0171953
7.14441	0.017058
7.14465	0.0123265
7.1449	0.00773972
7.14514	0.00812701
7.14539	0.0125178
7.14563	0.0163039
7.14588	0.0168748
7.14612	0.0150474
7.14637	0.0131102
7.14661	0.0133439
7.14686	0.0162019
7.1471	0.0184379
7.14735	0.0160307
7.14759	0.0103699
7.14783	0.00745685
7.14808	0.00927256
7.14832	0.0113908
7.14857	0.011691
7.14881	0.0142013
7.14906	0.0193697
7.1493	0.0186282
7.14955	0.00706892
7.14979	-0.00505731
7.15004	-0.00430005
7.15028	0.0064848
7.15053	0.012025
7.15077	0.00622513
7.15101	-0.00161117
7.15126	-0.00217245
7.1515	0.00337375
7.15175	0.0100076
7.15199	0.0156901
7.15224	0.0183968
7.15248	0.0150772
7.15273	0.00745744
7.15297	0.00224335
7.15322	0.00274865
7.15346	0.00610272
7.1537	0.00982716
7.15395	0.0141837
7.15419	0.0171283
7.15444	0.0150466
7.15468	0.0103259
7.15493	0.0100647
7.15517	0.0151787
7.15542	0.0191009
7.15566	0.0192719
7.15591	0.0204475
7.15615	0.0237258
7.1564	0.0228984
7.15664	0.0165189
7.15688	0.0128072
7.15713	0.0157342
7.15737	0.016768
7.15762	0.00956839
7.15786	0.00323506
7.15811	0.00890813
7.15835	0.0203102
7.1586	0.0217374
7.15884	0.0121248
7.15909	0.00646789
7.15933	0.0125125
7.15958	0.0198998
7.15982	0.0174258
7.16006	0.00964939
7.16031	0.00793193
7.16055	0.0125411
7.1608	0.0141222
7.16104	0.0101267
7.16129	0.00895006
7.16153	0.0153257
7.16178	0.0206762
7.16202	0.0147915
7.16227	0.00189537
7.16251	-0.00387645
7.16276	0.00219432
7.163	0.0102226
7.16324	0.0119945
7.16349	0.0126003
7.16373	0.0195905
7.16398	0.0287607
7.16422	0.030155
7.16447	0.0232037
7.16471	0.0159958
7.16496	0.0127349
7.1652	0.0120326
7.16545	0.014848
7.16569	0.0223768
7.16594	0.0273825
7.16618	0.0208385
7.16642	0.00818105
7.16667	0.0051456
7.16691	0.0143749
7.16716	0.0208603
7.1674	0.0163423
7.16765	0.012717
7.16789	0.0210859
7.16814	0.0317782
7.16838	0.0298546
7.16863	0.0199118
7.16887	0.0182174
7.16911	0.0260938
7.16936	0.0291973
7.1696	0.0219155
7.16985	0.015329
7.17009	0.0182221
7.17034	0.0250671
7.17058	0.0281345
7.17083	0.0291849
7.17107	0.0320783
7.17132	0.0334402
7.17156	0.0288055
7.17181	0.0215566
7.17205	0.0183428
7.17229	0.0199549
7.17254	0.0228088
7.17278	0.0255438
7.17303	0.0283981
7.17327	0.0294555
7.17352	0.0273756
7.17376	0.0253054
7.17401	0.0264537
7.17425	0.0278295
7.1745	0.0242095
7.17474	0.0171514
7.17499	0.0140601
7.17523	0.0179857
7.17547	0.0236119
7.17572	0.0245422
7.17596	0.0203222
7.17621	0.0149549
7.17645	0.0122814
7.1767	0.0142669
7.17694	0.02022
7.17719	0.0259412
7.17743	0.0269144
7.17768	0.0241076
7.17792	0.0230866
7.17817	0.0253813
7.17841	0.0251633
7.17865	0.0183637
7.1789	0.0109785
7.17914	0.0122197
7.17939	0.0212219
7.17963	0.0272851
7.17988	0.0239323
7.18012	0.0167864
7.18037	0.0151967
7.18061	0.0206146
7.18086	0.0265493
7.1811	0.027341
7.18134	0.023943
7.18159	0.0220337
7.18183	0.0258276
7.18208	0.0330218
7.18232	0.0363171
7.18257	0.0320163
7.18281	0.0258595
7.18306	0.026003
7.1833	0.0308258
7.18355	0.030225
7.18379	0.0208381
7.18404	0.0127061
7.18428	0.0157213
7.18452	0.0252744
7.18477	0.028735
7.18501	0.0231149
7.18526	0.018236
7.1855	0.0223554
7.18575	0.0314522
7.18599	0.0351508
7.18624	0.0293394
7.18648	0.0207425
7.18673	0.0202899
7.18697	0.0316311
7.18722	0.0449763
7.18746	0.0452272
7.1877	0.0299192
7.18795	0.0157092
7.18819	0.020215
7.18844	0.0390752
7.18868	0.0501865
7.18893	0.042303
7.18917	0.0291261
7.18942	0.0288027
7.18966	0.0385431
7.18991	0.0408891
7.19015	0.0306427
7.1904	0.0214963
7.19064	0.0241827
7.19088	0.0314422
7.19113	0.0318433
7.19137	0.027774
7.19162	0.0285958
7.19186	0.0331153
7.19211	0.0325696
7.19235	0.0278314
7.1926	0.0283447
7.19284	0.0332028
7.19309	0.0296744
7.19333	0.0160656
7.19357	0.00980201
7.19382	0.0221838
7.19406	0.0391884
7.19431	0.0418045
7.19455	0.0339573
7.1948	0.0323822
7.19504	0.0372636
7.19529	0.0344612
7.19553	0.0235786
7.19578	0.0205413
7.19602	0.0295132
7.19627	0.034604
7.19651	0.0273306
7.19675	0.0222188
7.197	0.0329096
7.19724	0.0489428
7.19749	0.0511276
7.19773	0.0387882
7.19798	0.0272464
7.19822	0.0258751
7.19847	0.0315513
7.19871	0.0382123
7.19896	0.0415058
7.1992	0.0382888
7.19945	0.0308123
7.19969	0.0271607
7.19993	0.0303663
7.20018	0.0332073
7.20042	0.0305099
7.20067	0.0282393
7.20091	0.0321455
7.20116	0.0367908
7.2014	0.0360022
7.20165	0.0346599
7.20189	0.038124
7.20214	0.0395155
7.20238	0.0318045
7.20263	0.0239404
7.20287	0.0282346
7.20311	0.0384282
7.20336	0.0388649
7.2036	0.0311204
7.20385	0.0311188
7.20409	0.0405193
7.20434	0.0422824
7.20458	0.0290736
7.20483	0.0167438
7.20507	0.0209927
7.20532	0.0356844
7.20556	0.0442354
7.2058	0.0412602
7.20605	0.0331348
7.20629	0.0256232
7.20654	0.0206704
7.20678	0.0201574
7.20703	0.0244198
7.20727	0.0294311
7.20752	0.0308228
7.20776	0.028986
7.20801	0.0271906
7.20825	0.0267738
7.2085	0.0263758
7.20874	0.0244815
7.20898	0.0219793
7.20923	0.0227814
7.20947	0.0298743
7.20972	0.0395011
7.20996	0.0436032
7.21021	0.0406922
7.21045	0.0380842
7.2107	0.0389767
7.21094	0.0357741
7.21119	0.0240678
7.21143	0.014169
7.21168	0.0168749
7.21192	0.0252319
7.21216	0.0250844
7.21241	0.01825
7.21265	0.0182651
7.2129	0.0258972
7.21314	0.0277164
7.21339	0.0201228
7.21363	0.0158727
7.21388	0.021635
7.21412	0.0264079
7.21437	0.02048
7.21461	0.0113318
7.21486	0.0106366
7.2151	0.016733
7.21534	0.0202961
7.21559	0.019037
7.21583	0.0171947
7.21608	0.0165004
7.21632	0.0158556
7.21657	0.0156634
7.21681	0.0163246
7.21706	0.0160754
7.2173	0.0143585
7.21755	0.0134088
7.21779	0.0141452
7.21803	0.015313
7.21828	0.017751
7.21852	0.0232165
7.21877	0.02849
7.21901	0.0286275
7.21926	0.0267087
7.2195	0.0307143
7.21975	0.0390445
7.21999	0.0402193
7.22024	0.0307565
7.22048	0.0223494
7.22073	0.0256666
7.22097	0.0368564
7.22121	0.0463429
7.22146	0.0517254
7.2217	0.054908
7.22195	0.054883
7.22219	0.0512995
7.22244	0.04859
7.22268	0.0493431
7.22293	0.0494724
7.22317	0.0462193
7.22342	0.0445686
7.22366	0.0489483
7.22391	0.0548138
7.22415	0.0558105
7.22439	0.0536628
7.22464	0.0530999
7.22488	0.0520663
7.22513	0.045981
7.22537	0.0384149
7.22562	0.0378017
7.22586	0.0438448
7.22611	0.0459895
7.22635	0.0379348
7.2266	0.0271107
7.22684	0.0249694
7.22709	0.0312183
7.22733	0.0340795
7.22757	0.0271595
7.22782	0.0195576
7.22806	0.0229784
7.22831	0.0330495
7.22855	0.0343558
7.2288	0.0244388
7.22904	0.0191852
7.22929	0.0282213
7.22953	0.0387063
7.22978	0.0351758
7.23002	0.0236428
7.23026	0.0202733
7.23051	0.0251504
7.23075	0.0260015
7.231	0.0222325
7.23124	0.0244159
7.23149	0.0316473
7.23173	0.0308716
7.23198	0.0209446
7.23222	0.0170363
7.23247	0.026184
7.23271	0.0368778
7.23296	0.0388657
7.2332	0.0361766
7.23344	0.0344592
7.23369	0.0326359
7.23393	0.0336115
7.23418	0.0451741
7.23442	0.0620144
7.23467	0.0653534
7.23491	0.051123
7.23516	0.0407386
7.2354	0.0508651
7.23565	0.0689534
7.23589	0.0738977
7.23614	0.0663933
7.23638	0.061623
7.23662	0.0632217
7.23687	0.0627679
7.23711	0.0580842
7.23736	0.0553457
7.2376	0.0565454
7.23785	0.0577049
7.23809	0.0565222
7.23834	0.0523493
7.23858	0.043229
7.23883	0.0311151
7.23907	0.0239864
7.23932	0.0251523
7.23956	0.027516
7.2398	0.0253167
7.24005	0.0226338
7.24029	0.023108
7.24054	0.0221666
7.24078	0.0181793
7.24103	0.01947
7.24127	0.0294944
7.24152	0.0368634
7.24176	0.0323889
7.24201	0.0246845
7.24225	0.0252542
7.2425	0.0290609
7.24274	0.0251552
7.24298	0.016961
7.24323	0.0154109
7.24347	0.0193865
7.24372	0.0194891
7.24396	0.0156161
7.24421	0.0152661
7.24445	0.0191421
7.2447	0.0226545
7.24494	0.0267216
7.24519	0.0334122
7.24543	0.0367509
7.24567	0.0318589
7.24592	0.0268891
7.24616	0.0309363
7.24641	0.036727
7.24665	0.0318132
7.2469	0.0211272
7.24714	0.0201491
7.24739	0.029256
7.24763	0.0334766
7.24788	0.0268293
7.24812	0.0196729
7.24837	0.021235
7.24861	0.0295839
7.24885	0.0392446
7.2491	0.0455731
7.24934	0.0428519
7.24959	0.0311456
7.24983	0.0227026
7.25008	0.027931
7.25032	0.0384779
7.25057	0.0390474
7.25081	0.0316551
7.25106	0.0306325
7.2513	0.036956
7.25155	0.037568
7.25179	0.0297172
7.25203	0.0253871
7.25228	0.0292312
7.25252	0.0318527
7.25277	0.0289805
7.25301	0.0283119
7.25326	0.0318693
7.2535	0.0299249
7.25375	0.019581
7.25399	0.0123354
7.25424	0.0148764
7.25448	0.0179944
7.25473	0.0137915
7.25497	0.00962525
7.25521	0.0146268
7.25546	0.0243021
7.2557	0.0289208
7.25595	0.0275923
7.25619	0.0248632
7.25644	0.021925
7.25668	0.0195523
7.25693	0.0219648
7.25717	0.0299182
7.25742	0.0364137
7.25766	0.0357412
7.2579	0.0309806
7.25815	0.0279826
7.25839	0.0282462
7.25864	0.031065
7.25888	0.035341
7.25913	0.0365454
7.25937	0.0304311
7.25962	0.0224925
7.25986	0.0239748
7.26011	0.0350723
7.26035	0.0425635
7.2606	0.0386123
7.26084	0.0311935
7.26108	0.0302447
7.26133	0.0340635
7.26157	0.0364998
7.26182	0.0380144
7.26206	0.0414244
7.26231	0.0442947
7.26255	0.0434755
7.2628	0.0412205
7.26304	0.0401867
7.26329	0.0379396
7.26353	0.0321611
7.26378	0.0258997
7.26402	0.0226226
7.26426	0.0212647
7.26451	0.0204318
7.26475	0.0220796
7.265	0.0271743
7.26524	0.032743
7.26549	0.035944
7.26573	0.0361405
7.26598	0.0324791
7.26622	0.026214
7.26647	0.0246511
7.26671	0.0330758
7.26696	0.0430251
7.2672	0.0407951
7.26744	0.0288643
7.26769	0.0246731
7.26793	0.0345413
7.26818	0.0441481
7.26842	0.0414597
7.26867	0.0338749
7.26891	0.0331938
7.26916	0.0374738
7.2694	0.0392819
7.26965	0.040013
7.26989	0.0436494
7.27013	0.046401
7.27038	0.044902
7.27062	0.0455458
7.27087	0.0533222
7.27111	0.0601967
7.27136	0.0575527
7.2716	0.0517801
7.27185	0.0535093
7.27209	0.0589422
7.27234	0.0570567
7.27258	0.049321
7.27283	0.0463598
7.27307	0.0493332
7.27331	0.0506241
7.27356	0.0500216
7.2738	0.0538782
7.27405	0.0597577
7.27429	0.0586761
7.27454	0.0528433
7.27478	0.0541941
7.27503	0.0629525
7.27527	0.064742
7.27552	0.0540296
7.27576	0.0440738
7.27601	0.0456167
7.27625	0.0505352
7.27649	0.0473371
7.27674	0.040388
7.27698	0.0404425
7.27723	0.0451111
7.27747	0.0437948
7.27772	0.0373648
7.27796	0.0375912
7.27821	0.0472208
7.27845	0.0548689
7.2787	0.0533413
7.27894	0.0505024
7.27919	0.0546874
7.27943	0.0593922
7.27967	0.0535343
7.27992	0.0410946
7.28016	0.037176
7.28041	0.0451935
7.28065	0.051866
7.2809	0.0492329
7.28114	0.0482168
7.28139	0.0602932
7.28163	0.0761954
7.28188	0.0775907
7.28212	0.0646861
7.28236	0.0557806
7.28261	0.0597436
7.28285	0.0654519
7.2831	0.0625277
7.28334	0.0570376
7.28359	0.0587005
7.28383	0.065342
7.28408	0.0699587
7.28432	0.0730141
7.28457	0.0772686
7.28481	0.0790503
7.28506	0.0757209
7.2853	0.0744174
7.28554	0.0818457
7.28579	0.0917423
7.28603	0.0946081
7.28628	0.0941102
7.28652	0.100122
7.28677	0.109639
7.28701	0.110145
7.28726	0.101114
7.2875	0.0966827
7.28775	0.104205
7.28799	0.114172
7.28824	0.116975
7.28848	0.11824
7.28872	0.129525
7.28897	0.150894
7.28921	0.170728
7.28946	0.180618
7.2897	0.185672
7.28995	0.199716
7.29019	0.230699
7.29044	0.271538
7.29068	0.309713
7.29093	0.347085
7.29117	0.401217
7.29142	0.480103
7.29166	0.564954
7.2919	0.629946
7.29215	0.671569
7.29239	0.703811
7.29264	0.731787
7.29288	0.751371
7.29313	0.773158
7.29337	0.821669
7.29362	0.902317
7.29386	0.98778
7.29411	1.04599
7.29435	1.06531
7.29459	1.04538
7.29484	0.985873
7.29508	0.900317
7.29533	0.822834
7.29557	0.780005
7.29582	0.765809
7.29606	0.760251
7.29631	0.75927
7.29655	0.765849
7.2968	0.764704
7.29704	0.734464
7.29729	0.682279
7.29753	0.640019
7.29777	0.623436
7.29802	0.617705
7.29826	0.607381
7.29851	0.598266
7.29875	0.601943
7.299	0.618916
7.29924	0.647749
7.29949	0.693322
7.29973	0.752833
7.29998	0.806892
7.30022	0.83817
7.30047	0.850198
7.30071	0.857091
7.30095	0.863271
7.3012	0.863723
7.30144	0.857053
7.30169	0.848946
7.30193	0.849012
7.30218	0.8712
7.30242	0.92841
7.30267	1.01757
7.30291	1.11749
7.30316	1.20988
7.3034	1.29449
7.30365	1.37644
7.30389	1.45039
7.30413	1.50983
7.30438	1.56346
7.30462	1.62879
7.30487	1.71654
7.30511	1.83327
7.30536	1.9895
7.3056	2.18674
7.30585	2.40016
7.30609	2.59101
7.30634	2.73439
7.30658	2.82074
7.30682	2.83571
7.30707	2.76141
7.30731	2.60249
7.30756	2.39466
7.3078	2.18117
7.30805	1.99112
7.30829	1.84023
7.30854	1.73436
7.30878	1.66494
7.30903	1.6145
7.30927	1.57488
7.30952	1.55138
7.30976	1.54673
7.31	1.5553
7.31025	1.57878
7.31049	1.63295
7.31074	1.72945
7.31098	1.86082
7.31123	2.0098
7.31147	2.16054
7.31172	2.29305
7.31196	2.38189
7.31221	2.41483
7.31245	2.40351
7.3127	2.3636
7.31294	2.29431
7.31318	2.1917
7.31343	2.07259
7.31367	1.96688
7.31392	1.88932
7.31416	1.8355
7.31441	1.8045
7.31465	1.80826
7.3149	1.85579
7.31514	1.94332
7.31539	2.06542
7.31563	2.22333
7.31588	2.41497
7.31612	2.62684
7.31636	2.84357
7.31661	3.05617
7.31685	3.25146
7.3171	3.40412
7.31734	3.4993
7.31759	3.56462
7.31783	3.66002
7.31808	3.82148
7.31832	4.02362
7.31857	4.21087
7.31881	4.35616
7.31906	4.46747
7.3193	4.54159
7.31954	4.54659
7.31979	4.46915
7.32003	4.35268
7.32028	4.25647
7.32052	4.18765
7.32077	4.10538
7.32101	3.98746
7.32126	3.85622
7.3215	3.73282
7.32175	3.60464
7.32199	3.45928
7.32223	3.32206
7.32248	3.23091
7.32272	3.19031
7.32297	3.17682
7.32321	3.17815
7.32346	3.19865
7.3237	3.2319
7.32395	3.25804
7.32419	3.27399
7.32444	3.30422
7.32468	3.37114
7.32493	3.46701
7.32517	3.56258
7.32541	3.63539
7.32566	3.68365
7.3259	3.71737
7.32615	3.74048
7.32639	3.74172
7.32664	3.70419
7.32688	3.62295
7.32713	3.50796
7.32737	3.37091
7.32762	3.22065
7.32786	3.07447
7.32811	2.95899
7.32835	2.89168
7.32859	2.87411
7.32884	2.91171
7.32908	3.02483
7.32933	3.22816
7.32957	3.51486
7.32982	3.87385
7.33006	4.30224
7.33031	4.77978
7.33055	5.25057
7.3308	5.65859
7.33104	5.98797
7.33129	6.23831
7.33153	6.37548
7.33177	6.34975
7.33202	6.16255
7.33226	5.87643
7.33251	5.55207
7.33275	5.2109
7.333	4.86712
7.33324	4.55476
7.33349	4.30051
7.33373	4.09863
7.33398	3.93401
7.33422	3.80385
7.33446	3.69578
7.33471	3.5732
7.33495	3.4135
7.3352	3.24255
7.33544	3.10134
7.33569	2.99203
7.33593	2.8876
7.33618	2.78475
7.33642	2.71281
7.33667	2.68909
7.33691	2.69454
7.33716	2.70088
7.3374	2.7
7.33764	2.69741
7.33789	2.69297
7.33813	2.67817
7.33838	2.64258
7.33862	2.57555
7.33887	2.4691
7.33911	2.32616
7.33936	2.1624
7.3396	1.99521
7.33985	1.83163
7.34009	1.6682
7.34034	1.50219
7.34058	1.34265
7.34082	1.20712
7.34107	1.10388
7.34131	1.02248
7.34156	0.952142
7.3418	0.905019
7.34205	0.90328
7.34229	0.94049
7.34254	0.976835
7.34278	0.983704
7.34303	0.975404
7.34327	0.982148
7.34352	1.00724
7.34376	1.02947
7.344	1.03684
7.34425	1.03929
7.34449	1.05603
7.34474	1.1072
7.34498	1.20918
7.34523	1.3596
7.34547	1.53421
7.34572	1.71626
7.34596	1.91833
7.34621	2.15362
7.34645	2.39946
7.34669	2.62241
7.34694	2.83408
7.34718	3.0801
7.34743	3.36289
7.34767	3.61518
7.34792	3.77868
7.34816	3.88552
7.34841	4.02663
7.34865	4.24075
7.3489	4.45622
7.34914	4.5477
7.34939	4.44354
7.34963	4.18063
7.34987	3.86196
7.35012	3.56046
7.35036	3.26309
7.35061	2.91212
7.35085	2.49473
7.3511	2.07543
7.35134	1.73901
7.35159	1.52279
7.35183	1.41419
7.35208	1.3894
7.35232	1.42772
7.35257	1.49867
7.35281	1.56582
7.35305	1.61159
7.3533	1.64312
7.35354	1.66907
7.35379	1.68366
7.35403	1.6793
7.35428	1.66265
7.35452	1.64815
7.35477	1.642
7.35501	1.64452
7.35526	1.66772
7.3555	1.73823
7.35575	1.87212
7.35599	2.05093
7.35623	2.2372
7.35648	2.41925
7.35672	2.62612
7.35697	2.88311
7.35721	3.16276
7.35746	3.404
7.3577	3.58038
7.35795	3.72398
7.35819	3.87225
7.35844	4.01519
7.35868	4.11399
7.35892	4.15528
7.35917	4.16357
7.35941	4.16987
7.35966	4.19272
7.3599	4.24795
7.36015	4.35004
7.36039	4.49083
7.36064	4.62706
7.36088	4.70047
7.36113	4.67539
7.36137	4.56593
7.36162	4.43212
7.36186	4.33715
7.3621	4.29124
7.36235	4.23979
7.36259	4.1191
7.36284	3.92121
7.36308	3.69572
7.36333	3.49911
7.36357	3.35774
7.36382	3.26566
7.36406	3.188
7.36431	3.06929
7.36455	2.87297
7.3648	2.62508
7.36504	2.39612
7.36528	2.2298
7.36553	2.111
7.36577	2.01166
7.36602	1.93728
7.36626	1.90593
7.36651	1.90506
7.36675	1.90143
7.367	1.88656
7.36724	1.88602
7.36749	1.92321
7.36773	1.99321
7.36798	2.07674
7.36822	2.16942
7.36846	2.29225
7.36871	2.4723
7.36895	2.70631
7.3692	2.94642
7.36944	3.13994
7.36969	3.28584
7.36993	3.4248
7.37018	3.56042
7.37042	3.62363
7.37067	3.54983
7.37091	3.37088
7.37115	3.18794
7.3714	3.05802
7.37164	2.94982
7.37189	2.81861
7.37213	2.68417
7.37238	2.61006
7.37262	2.62774
7.37287	2.70631
7.37311	2.79298
7.37336	2.87153
7.3736	2.97973
7.37385	3.16465
7.37409	3.41068
7.37433	3.62169
7.37458	3.69917
7.37482	3.63929
7.37507	3.52789
7.37531	3.43493
7.37556	3.34175
7.3758	3.18467
7.37605	2.94328
7.37629	2.66328
7.37654	2.40944
7.37678	2.21832
7.37703	2.08651
7.37727	1.98287
7.37751	1.87376
7.37776	1.7491
7.378	1.622
7.37825	1.49946
7.37849	1.3672
7.37874	1.21361
7.37898	1.05444
7.37923	0.917852
7.37947	0.815071
7.37972	0.741289
7.37996	0.695572
7.38021	0.680908
7.38045	0.689085
7.38069	0.703038
7.38094	0.713321
7.38118	0.719527
7.38143	0.718458
7.38167	0.704542
7.38192	0.680326
7.38216	0.653726
7.38241	0.625484
7.38265	0.591026
7.3829	0.554607
7.38314	0.530557
7.38338	0.528953
7.38363	0.548472
7.38387	0.584621
7.38412	0.637945
7.38436	0.71197
7.38461	0.806175
7.38485	0.911126
7.3851	1.01084
7.38534	1.09475
7.38559	1.16685
7.38583	1.2339
7.38608	1.28369
7.38632	1.28952
7.38656	1.2431
7.38681	1.16876
7.38705	1.0949
7.3873	1.02526
7.38754	0.951136
7.38779	0.877754
7.38803	0.819549
7.38828	0.777665
7.38852	0.741112
7.38877	0.705815
7.38901	0.675967
7.38926	0.65039
7.3895	0.623567
7.38974	0.597214
7.38999	0.575869
7.39023	0.554259
7.39048	0.524199
7.39072	0.49114
7.39097	0.468837
7.39121	0.4601
7.39146	0.457284
7.3917	0.458301
7.39195	0.466481
7.39219	0.478083
7.39244	0.487163
7.39268	0.500627
7.39292	0.531212
7.39317	0.577452
7.39341	0.628219
7.39366	0.684271
7.3939	0.754861
7.39415	0.834647
7.39439	0.907849
7.39464	0.977349
7.39488	1.06448
7.39513	1.17388
7.39537	1.28524
7.39561	1.39314
7.39586	1.53145
7.3961	1.73838
7.39635	2.01118
7.39659	2.31074
7.39684	2.59714
7.39708	2.84413
7.39733	3.0306
7.39757	3.1387
7.39782	3.15762
7.39806	3.07855
7.39831	2.89571
7.39855	2.62887
7.39879	2.33594
7.39904	2.08022
7.39928	1.88158
7.39953	1.7146
7.39977	1.55549
7.40002	1.41277
7.40026	1.30449
7.40051	1.22259
7.40075	1.13704
7.401	1.02995
7.40124	0.909767
7.40149	0.792173
7.40173	0.682156
7.40197	0.582116
7.40222	0.504382
7.40246	0.460777
7.40271	0.444106
7.40295	0.434674
7.4032	0.425406
7.40344	0.426589
7.40369	0.443304
7.40393	0.463881
7.40418	0.478391
7.40442	0.494591
7.40467	0.52426
7.40491	0.564789
7.40515	0.607134
7.4054	0.653429
7.40564	0.713424
7.40589	0.790375
7.40613	0.883654
7.40638	0.999402
7.40662	1.14516
7.40687	1.31842
7.40711	1.5125
7.40736	1.72785
7.4076	1.96522
7.40785	2.21405
7.40809	2.46206
7.40833	2.71084
7.40858	2.96827
7.40882	3.23269
7.40907	3.49921
7.40931	3.7723
7.40956	4.05277
7.4098	4.31966
7.41005	4.54527
7.41029	4.7192
7.41054	4.83243
7.41078	4.84641
7.41102	4.7139
7.41127	4.43598
7.41151	4.0685
7.41176	3.6644
7.412	3.23811
7.41225	2.79721
7.41249	2.37736
7.41274	2.02242
7.41298	1.74666
7.41323	1.53433
7.41347	1.36332
7.41372	1.21524
7.41396	1.07633
7.4142	0.944637
7.41445	0.828514
7.41469	0.729334
7.41494	0.637266
7.41518	0.5514
7.41543	0.488231
7.41567	0.458373
7.41592	0.448424
7.41616	0.43848
7.41641	0.426094
7.41665	0.42081
7.4169	0.425454
7.41714	0.435159
7.41738	0.447377
7.41763	0.462811
7.41787	0.482211
7.41812	0.508156
7.41836	0.54365
7.41861	0.587157
7.41885	0.638461
7.4191	0.708007
7.41934	0.805076
7.41959	0.916691
7.41983	1.01673
7.42008	1.09713
7.42032	1.16944
7.42056	1.23504
7.42081	1.28137
7.42105	1.31362
7.4213	1.36065
7.42154	1.4392
7.42179	1.54191
7.42203	1.67176
7.42228	1.85031
7.42252	2.06839
7.42277	2.2643
7.42301	2.38368
7.42325	2.43286
7.4235	2.43789
7.42374	2.37977
7.42399	2.21873
7.42423	1.96905
7.42448	1.70011
7.42472	1.46271
7.42497	1.25437
7.42521	1.0608
7.42546	0.89173
7.4257	0.762906
7.42595	0.671305
7.42619	0.602471
7.42643	0.544289
7.42668	0.486719
7.42692	0.425626
7.42717	0.371481
7.42741	0.338085
7.42766	0.321426
7.4279	0.306624
7.42815	0.294058
7.42839	0.297403
7.42864	0.315788
7.42888	0.33144
7.42913	0.338569
7.42937	0.351926
7.42961	0.380676
7.42986	0.415284
7.4301	0.448237
7.43035	0.487771
7.43059	0.541026
7.43084	0.601396
7.43108	0.664698
7.43133	0.743575
7.43157	0.852213
7.43182	0.985491
7.43206	1.12626
7.43231	1.27119
7.43255	1.44024
7.43279	1.65365
7.43304	1.89401
7.43328	2.09559
7.43353	2.19192
7.43377	2.18699
7.43402	2.1605
7.43426	2.17919
7.43451	2.21684
7.43475	2.19258
7.435	2.08161
7.43524	1.95222
7.43548	1.88979
7.43573	1.9174
7.43597	1.9989
7.43622	2.08447
7.43646	2.13436
7.43671	2.12827
7.43695	2.07892
7.4372	2.02015
7.43744	1.9596
7.43769	1.85843
7.43793	1.68008
7.43818	1.44707
7.43842	1.22485
7.43866	1.05581
7.43891	0.932048
7.43915	0.83041
7.4394	0.749019
7.43964	0.699958
7.43989	0.682084
7.44013	0.675836
7.44038	0.663393
7.44062	0.645849
7.44087	0.636025
7.44111	0.635745
7.44136	0.627751
7.4416	0.596694
7.44184	0.552895
7.44209	0.524031
7.44233	0.525001
7.44258	0.549113
7.44282	0.589007
7.44307	0.648894
7.44331	0.729004
7.44356	0.813427
7.4438	0.885633
7.44405	0.946471
7.44429	1.00585
7.44454	1.06517
7.44478	1.12015
7.44502	1.17493
7.44527	1.23924
7.44551	1.31274
7.44576	1.38443
7.446	1.45189
7.44625	1.53171
7.44649	1.64018
7.44674	1.7611
7.44698	1.84261
7.44723	1.8414
7.44747	1.77345
7.44771	1.70402
7.44796	1.67439
7.4482	1.6548
7.44845	1.59236
7.44869	1.49233
7.44894	1.41473
7.44918	1.38806
7.44943	1.36704
7.44967	1.29708
7.44992	1.18873
7.45016	1.095
7.45041	1.03241
7.45065	0.961468
7.45089	0.843679
7.45114	0.687808
7.45138	0.533191
7.45163	0.409632
7.45187	0.323532
7.45212	0.26743
7.45236	0.229946
7.45261	0.202252
7.45285	0.183396
7.4531	0.178143
7.45334	0.187073
7.45359	0.201039
7.45383	0.206931
7.45407	0.198085
7.45432	0.179681
7.45456	0.163969
7.45481	0.157382
7.45505	0.152632
7.4553	0.138517
7.45554	0.116711
7.45579	0.10003
7.45603	0.0931862
7.45628	0.0869462
7.45652	0.0752875
7.45677	0.065037
7.45701	0.0610647
7.45725	0.0558669
7.4575	0.0450361
7.45774	0.0396651
7.45799	0.0483023
7.45823	0.0581241
7.45848	0.0524709
7.45872	0.0386
7.45897	0.0370816
7.45921	0.0484171
7.45946	0.0528233
7.4597	0.0429925
7.45994	0.0342353
7.46019	0.0374728
7.46043	0.0433643
7.46068	0.0419028
7.46092	0.0392577
7.46117	0.0434568
7.46141	0.0485114
7.46166	0.0463504
7.4619	0.0429908
7.46215	0.0483447
7.46239	0.0577598
7.46264	0.058059
7.46288	0.0476995
7.46312	0.0379643
7.46337	0.0358945
7.46361	0.0374836
7.46386	0.0379432
7.4641	0.0387421
7.46435	0.0419807
7.46459	0.0449994
7.46484	0.0440479
7.46508	0.0395116
7.46533	0.0350282
7.46557	0.0333119
7.46582	0.0342619
7.46606	0.0365213
7.4663	0.0397919
7.46655	0.0438133
7.46679	0.0443023
7.46704	0.0344091
7.46728	0.0157332
7.46753	0.00379426
7.46777	0.0121502
7.46802	0.0316668
7.46826	0.0385957
7.46851	0.0265231
7.46875	0.015487
7.469	0.0211028
7.46924	0.0302746
7.46948	0.0230112
7.46973	0.00605608
7.46997	0.00320599
7.47022	0.0173996
7.47046	0.0263223
7.47071	0.0180538
7.47095	0.00813824
7.4712	0.0121886
7.47144	0.0213128
7.47169	0.0192923
7.47193	0.00978071
7.47217	0.00873441
7.47242	0.0177176
7.47266	0.0223592
7.47291	0.0153441
7.47315	0.00599602
7.4734	0.00525285
7.47364	0.0121725
7.47389	0.0185352
7.47413	0.0193388
7.47438	0.0157456
7.47462	0.011958
7.47487	0.0107467
7.47511	0.0103137
7.47535	0.00741764
7.4756	0.00489884
7.47584	0.0102454
7.47609	0.0226698
7.47633	0.0295111
7.47658	0.023348
7.47682	0.0150083
7.47707	0.0183416
7.47731	0.0283662
7.47756	0.0290187
7.4778	0.0193027
7.47805	0.0149861
7.47829	0.023234
7.47853	0.0322206
7.47878	0.0312444
7.47902	0.026314
7.47927	0.0272488
7.47951	0.0310859
7.47976	0.0287663
7.48	0.0206377
7.48025	0.0152306
7.48049	0.0166241
7.48074	0.02059
7.48098	0.0209472
7.48123	0.0151722
7.48147	0.00632115
7.48171	0.00174798
7.48196	0.00612877
7.4822	0.0148312
7.48245	0.0193353
7.48269	0.0187156
7.48294	0.0181068
7.48318	0.0169313
7.48343	0.0100359
7.48367	0.00136928
7.48392	0.00257977
7.48416	0.0137476
7.48441	0.0198568
7.48465	0.0133545
7.48489	0.00602677
7.48514	0.00924383
7.48538	0.0163536
7.48563	0.0165461
7.48587	0.0132646
7.48612	0.0145612
7.48636	0.0163293
7.48661	0.011356
7.48685	0.00617856
7.4871	0.0115135
7.48734	0.0220615
7.48758	0.0234044
7.48783	0.0150307
7.48807	0.00957583
7.48832	0.0118445
7.48856	0.0153846
7.48881	0.0181246
7.48905	0.0241835
7.4893	0.0302134
7.48954	0.0273779
7.48979	0.0190612
7.49003	0.0199707
7.49028	0.033639
7.49052	0.0460507
7.49076	0.04664
7.49101	0.0414225
7.49125	0.039278
7.4915	0.0386175
7.49174	0.035214
7.49199	0.0319628
7.49223	0.0326531
7.49248	0.0347311
7.49272	0.035206
7.49297	0.0360758
7.49321	0.0381891
7.49346	0.037577
7.4937	0.0334532
7.49394	0.0318782
7.49419	0.0355739
7.49443	0.0377321
7.49468	0.0326336
7.49492	0.0255422
7.49517	0.0248073
7.49541	0.0294084
7.49566	0.0314663
7.4959	0.0277138
7.49615	0.0222235
7.49639	0.0197296
7.49664	0.0204971
7.49688	0.0207877
7.49712	0.0166221
7.49737	0.00890109
7.49761	0.00422423
7.49786	0.00683529
7.4981	0.0112724
7.49835	0.00934532
7.49859	0.00332278
7.49884	0.00363589
7.49908	0.0127722
7.49933	0.0210365
7.49957	0.0211233
7.49981	0.0176229
7.50006	0.0175504
7.5003	0.0198698
7.50055	0.0202081
7.50079	0.0191828
7.50104	0.0198062
7.50128	0.0215225
7.50153	0.0221428
7.50177	0.0218701
7.50202	0.0215492
7.50226	0.0207219
7.50251	0.0202048
7.50275	0.0221897
7.50299	0.0257094
7.50324	0.027057
7.50348	0.0260965
7.50373	0.0260386
7.50397	0.0259255
7.50422	0.0214844
7.50446	0.01548
7.50471	0.0172078
7.50495	0.0271101
7.5052	0.0321681
7.50544	0.0241432
7.50569	0.0134656
7.50593	0.0151566
7.50617	0.0273188
7.50642	0.0345633
7.50666	0.0295249
7.50691	0.0202957
7.50715	0.0168225
7.5074	0.0192044
7.50764	0.0217064
7.50789	0.0216953
7.50813	0.0208619
7.50838	0.020745
7.50862	0.0204082
7.50887	0.0185468
7.50911	0.0164472
7.50935	0.0169908
7.5096	0.0198514
7.50984	0.0201006
7.51009	0.0146772
7.51033	0.00829953
7.51058	0.00839922
7.51082	0.0151688
7.51107	0.0214788
7.51131	0.0217883
7.51156	0.0161176
7.5118	0.00659207
7.51204	-0.00358655
7.51229	-0.00876248
7.51253	-0.00563141
7.51278	0.000913042
7.51302	0.00370807
7.51327	0.00377291
7.51351	0.00668329
7.51376	0.010716
7.514	0.00956815
7.51425	0.005699
7.51449	0.00758576
7.51474	0.0130404
7.51498	0.010701
7.51522	0.00163687
7.51547	0.00244279
7.51571	0.018968
7.51596	0.0332785
7.5162	0.0286645
7.51645	0.014016
7.51669	0.00923302
7.51694	0.0171424
7.51718	0.0250617
7.51743	0.0261943
7.51767	0.0238257
7.51792	0.0195849
7.51816	0.0126821
7.5184	0.00780574
7.51865	0.0100687
7.51889	0.0141355
7.51914	0.0108755
7.51938	0.00286473
7.51963	0.000751182
7.51987	0.00555262
7.52012	0.00750976
7.52036	0.00281864
7.52061	-0.000889936
7.52085	0.0022283
7.5211	0.00826597
7.52134	0.0114326
7.52158	0.0108917
7.52183	0.00741833
7.52207	0.00137204
7.52232	-0.00375766
7.52256	-0.00280208
7.52281	0.00427449
7.52305	0.0126584
7.5233	0.0195297
7.52354	0.0243079
7.52379	0.023851
7.52403	0.0160496
7.52427	0.00719272
7.52452	0.00578761
7.52476	0.00888373
7.52501	0.00551842
7.52525	-0.00454099
7.5255	-0.00760711
7.52574	0.00355249
7.52599	0.0174476
7.52623	0.0198242
7.52648	0.0129756
7.52672	0.00935914
7.52697	0.0118935
7.52721	0.0119615
7.52745	0.00564747
7.5277	0.0012045
7.52794	0.00675885
7.52819	0.0174568
7.52843	0.0209393
7.52868	0.0135381
7.52892	0.00500819
7.52917	0.00530919
7.52941	0.0116036
7.52966	0.0137847
7.5299	0.0102542
7.53015	0.00952121
7.53039	0.0145246
7.53063	0.0153247
7.53088	0.00446424
7.53112	-0.00829197
7.53137	-0.0074623
7.53161	0.00576581
7.53186	0.0147151
7.5321	0.0106012
7.53235	0.00293609
7.53259	0.00346752
7.53284	0.0102591
7.53308	0.0138363
7.53333	0.0115568
7.53357	0.00826244
7.53381	0.00675166
7.53406	0.00479018
7.5343	0.000602342
7.53455	-0.00378104
7.53479	-0.00523883
7.53504	-0.0031784
7.53528	1.90325e-05
7.53553	0.00144742
7.53577	0.000777322
7.53602	0.000511544
7.53626	0.00230597
7.5365	0.0045208
7.53675	0.00543169
7.53699	0.00664852
7.53724	0.00979916
7.53748	0.011935
7.53773	0.00947154
7.53797	0.00549134
7.53822	0.00674983
7.53846	0.0130116
7.53871	0.0161997
7.53895	0.0122934
7.5392	0.00761831
7.53944	0.00942988
7.53968	0.0154902
7.53993	0.0181176
7.54017	0.0152358
7.54042	0.01205
7.54066	0.0132521
7.54091	0.0182709
7.54115	0.024123
7.5414	0.0289921
7.54164	0.0318129
7.54189	0.0309788
7.54213	0.0257352
7.54238	0.0184627
7.54262	0.0137193
7.54286	0.0136642
7.54311	0.0151351
7.54335	0.0133582
7.5436	0.0087671
7.54384	0.00731653
7.54409	0.0124026
7.54433	0.0191975
7.54458	0.0198254
7.54482	0.012374
7.54507	0.0020635
7.54531	-0.0048191
7.54556	-0.00538427
7.5458	-0.000575783
7.54604	0.00539275
7.54629	0.00746645
7.54653	0.00492052
7.54678	0.00261813
7.54702	0.00413721
7.54727	0.00612043
7.54751	0.00356812
7.54776	-0.00177578
7.548	-0.00367775
7.54825	-0.000624885
7.54849	0.00274995
7.54873	0.00304292
7.54898	0.00199118
7.54922	0.00314948
7.54947	0.00842909
7.54971	0.0168342
7.54996	0.0232458
7.5502	0.0213379
7.55045	0.0122816
7.55069	0.00647009
7.55094	0.0102697
7.55118	0.0158813
7.55143	0.0131905
7.55167	0.00669684
7.55191	0.00821732
7.55216	0.0158906
7.5524	0.0161789
7.55265	0.0073768
7.55289	0.00371164
7.55314	0.0109718
7.55338	0.0156821
7.55363	0.00860138
7.55387	0.00293572
7.55412	0.0141236
7.55436	0.0332699
7.55461	0.0385804
7.55485	0.0268414
7.55509	0.0155714
7.55534	0.0159291
7.55558	0.0204757
7.55583	0.0195453
7.55607	0.0147659
7.55632	0.0115687
7.55656	0.00992174
7.55681	0.0081524
7.55705	0.00725447
7.5573	0.00653615
7.55754	0.00261014
7.55779	-0.00292574
7.55803	-0.0025689
7.55827	0.00528876
7.55852	0.0111995
7.55876	0.00781874
7.55901	0.0015024
7.55925	0.00238541
7.5595	0.00797959
7.55974	0.00723816
7.55999	-0.000708694
7.56023	-0.00372134
7.56048	0.00412
7.56072	0.0110744
7.56097	0.00418287
7.56121	-0.00942967
7.56145	-0.00995788
7.5617	0.00665013
7.56194	0.0204496
7.56219	0.0138966
7.56243	-0.0038214
7.56268	-0.0101292
7.56292	-0.000680985
7.56317	0.0071437
7.56341	0.00221653
7.56366	-0.00477426
7.5639	-0.000430815
7.56414	0.00998725
7.56439	0.0121133
7.56463	0.00517894
7.56488	0.00145329
7.56512	0.0061667
7.56537	0.011197
7.56561	0.00974092
7.56586	0.00608373
7.5661	0.00705014
7.56635	0.0119132
7.56659	0.0154813
7.56684	0.0159569
7.56708	0.0155698
7.56732	0.0166251
7.56757	0.0196655
7.56781	0.0232375
7.56806	0.0241764
7.5683	0.0206391
7.56855	0.0154255
7.56879	0.013456
7.56904	0.015476
7.56928	0.0171328
7.56953	0.0147009
7.56977	0.00922594
7.57002	0.00486559
7.57026	0.00513212
7.5705	0.0100251
7.57075	0.0150733
7.57099	0.0150105
7.57124	0.0103229
7.57148	0.00691764
7.57173	0.00687913
7.57197	0.00481841
7.57222	-0.002046
7.57246	-0.0067075
7.57271	-0.00301684
7.57295	0.00247341
7.5732	-0.000151859
7.57344	-0.00729418
7.57368	-0.00699929
7.57393	0.00110877
7.57417	0.0050316
7.57442	9.43641e-05
7.57466	-0.00471774
7.57491	-0.00271678
7.57515	0.00211276
7.5754	0.0064706
7.57564	0.0129108
7.57589	0.0181061
7.57613	0.0114592
7.57637	-0.00570106
7.57662	-0.0142926
7.57686	-0.00275294
7.57711	0.0146429
7.57735	0.0182635
7.5776	0.0104247
7.57784	0.00681824
7.57809	0.0107432
7.57833	0.0140815
7.57858	0.0168541
7.57882	0.0255834
7.57907	0.0349488
7.57931	0.0314312
7.57955	0.0166005
7.5798	0.00801921
7.58004	0.0129092
7.58029	0.0181779
7.58053	0.0129942
7.58078	0.00535084
7.58102	0.00684715
7.58127	0.0139881
7.58151	0.0158825
7.58176	0.0115695
7.582	0.00856615
7.58225	0.00972556
7.58249	0.0112376
7.58273	0.0104977
7.58298	0.0084236
7.58322	0.00607623
7.58347	0.00429224
7.58371	0.0043686
7.58396	0.00538067
7.5842	0.00416023
7.58445	0.00113807
7.58469	0.00165457
7.58494	0.00762353
7.58518	0.0127821
7.58543	0.0110052
7.58567	0.00497998
7.58591	0.00144026
7.58616	0.0016867
7.5864	0.00236665
7.58665	0.00231889
7.58689	0.00266559
7.58714	0.00241839
7.58738	6.29506e-06
7.58763	-0.00203552
7.58787	0.000379268
7.58812	0.00568501
7.58836	0.00704642
7.5886	0.00114941
7.58885	-0.00690089
7.58909	-0.00925988
7.58934	-0.00433519
7.58958	0.00131463
7.58983	0.000179328
7.59007	-0.00742494
7.59032	-0.0131291
7.59056	-0.0103805
7.59081	-0.00263974
7.59105	0.00163554
7.5913	0.000562943
7.59154	-0.000162877
7.59178	0.00209637
7.59203	0.00234785
7.59227	-0.00277921
7.59252	-0.00749716
7.59276	-0.00420808
7.59301	0.00536371
7.59325	0.012408
7.5935	0.012682
7.59374	0.0102908
7.59399	0.00991696
7.59423	0.0102559
7.59448	0.00715632
7.59472	0.000562751
7.59496	-0.00440544
7.59521	-0.00349711
7.59545	0.00106531
7.5957	0.00292863
7.59594	-0.000319956
7.59619	-0.00430942
7.59643	-0.00493517
7.59668	-0.00453556
7.59692	-0.0067954
7.59717	-0.0089124
7.59741	-0.00559756
7.59766	0.000952097
7.5979	0.00337342
7.59814	0.00144565
7.59839	0.00276984
7.59863	0.00899189
7.59888	0.0112453
7.59912	0.00432024
7.59937	-0.00377587
7.59961	-0.00380407
7.59986	0.000613768
7.6001	-8.91443e-05
7.60035	-0.00579985
7.60059	-0.00791377
7.60083	-0.00328931
7.60108	0.00245542
7.60132	0.00450727
7.60157	0.00325808
7.60181	-0.000373944
7.60206	-0.00583183
7.6023	-0.00901099
7.60255	-0.00569095
7.60279	2.96561e-05
7.60304	-0.00106252
7.60328	-0.00940678
7.60353	-0.0141831
7.60377	-0.0085316
7.60401	0.000521586
7.60426	0.00282286
7.6045	-0.00120171
7.60475	-0.00491457
7.60499	-0.00751975
7.60524	-0.0118672
7.60548	-0.0137714
7.60573	-0.0059693
7.60597	0.00632592
7.60622	0.0067745
7.60646	-0.0091418
7.60671	-0.0236726
7.60695	-0.0192391
7.60719	-0.00292235
7.60744	0.00453286
7.60768	-0.00115613
7.60793	-0.0048595
7.60817	0.00138124
7.60842	0.00666429
7.60866	0.00161741
7.60891	-0.00599706
7.60915	-0.00622114
7.6094	-0.00372819
7.60964	-0.00683476
7.60989	-0.0108122
7.61013	-0.00698288
7.61037	0.000200383
7.61062	0.00102369
7.61086	-0.00175328
7.61111	-1.56954e-06
7.61135	0.00161847
7.6116	-0.00560006
7.61184	-0.0125432
7.61209	-0.0028229
7.61233	0.0157372
7.61258	0.016439
7.61282	-0.00471636
7.61306	-0.0195638
7.61331	-0.0101388
7.61355	0.00538752
7.6138	0.00480237
7.61404	-0.00418031
7.61429	-0.00354128
7.61453	0.00128737
7.61478	-0.0063172
7.61502	-0.0210944
7.61527	-0.0229376
7.61551	-0.0108648
7.61576	-0.00376091
7.616	-0.00874955
7.61624	-0.0128187
7.61649	-0.00769849
7.61673	-0.00130866
7.61698	-1.23943e-05
7.61722	0.00150503
7.61747	0.00664336
7.61771	0.00922821
7.61796	0.0058986
7.6182	0.00271983
7.61845	0.00374015
7.61869	0.00495655
7.61894	0.00434811
7.61918	0.00591498
7.61942	0.00921763
7.61967	0.00708676
7.61991	-0.00111329
7.62016	-0.00583752
7.6204	-0.00255207
7.62065	0.00124794
7.62089	0.000206111
7.62114	3.85711e-06
7.62138	0.00437005
7.62163	0.00534838
7.62187	-0.00299247
7.62212	-0.0111479
7.62236	-0.00672337
7.6226	0.00614301
7.62285	0.0120292
7.62309	0.00532934
7.62334	-0.00454464
7.62358	-0.0074801
7.62383	-0.00327525
7.62407	0.00176869
7.62432	0.00217409
7.62456	-0.00276429
7.62481	-0.00789173
7.62505	-0.00635673
7.62529	0.00159689
7.62554	0.00690485
7.62578	0.00288901
7.62603	-0.00542341
7.62627	-0.00833188
7.62652	-0.00423485
7.62676	0.00082824
7.62701	0.00335999
7.62725	0.00465827
7.6275	0.00446665
7.62774	0.000667052
7.62799	-0.00385042
7.62823	-0.00192179
7.62847	0.00705238
7.62872	0.0134418
7.62896	0.00951951
7.62921	0.000589364
7.62945	-0.0024829
7.6297	0.000712619
7.62994	-0.000152663
7.63019	-0.00915063
7.63043	-0.0155304
7.63068	-0.00844215
7.63092	0.00579381
7.63117	0.0109539
7.63141	0.00344972
7.63165	-0.00372645
7.6319	-0.00166864
7.63214	0.0017202
7.63239	-0.00359501
7.63263	-0.0125488
7.63288	-0.0129153
7.63312	-0.00373322
7.63337	0.00574149
7.63361	0.011104
7.63386	0.0146316
7.6341	0.0149629
7.63435	0.00846621
7.63459	0.000538758
7.63483	0.0015336
7.63508	0.00930866
7.63532	0.00989903
7.63557	3.70911e-05
7.63581	-0.00535242
7.63606	0.00389924
7.6363	0.0159272
7.63655	0.01429
7.63679	0.00282594
7.63704	-0.00120548
7.63728	0.00646229
7.63752	0.0123668
7.63777	0.00663888
7.63801	-0.0039011
7.63826	-0.00750852
7.6385	-0.00303832
7.63875	0.00166095
7.63899	0.00148341
7.63924	-0.00109453
7.63948	-0.000997992
7.63973	0.00312102
7.63997	0.00765568
7.64022	0.0079025
7.64046	0.00287036
7.6407	-0.00383377
7.64095	-0.00756751
7.64119	-0.00621345
7.64144	-0.000784413
7.64168	0.00541643
7.64193	0.00835944
7.64217	0.00662337
7.64242	0.00353162
7.64266	0.00347977
7.64291	0.00637591
7.64315	0.00878491
7.6434	0.00968862
7.64364	0.010327
7.64388	0.00889331
7.64413	0.00202426
7.64437	-0.00740046
7.64462	-0.0114164
7.64486	-0.00865183
7.64511	-0.00692508
7.64535	-0.00985566
7.6456	-0.00935547
7.64584	0.00116575
7.64609	0.0134495
7.64633	0.0144133
7.64658	0.00539255
7.64682	0.000722965
7.64706	0.00826793
7.64731	0.0208483
7.64755	0.0272323
7.6478	0.0231774
7.64804	0.0110379
7.64829	-0.00309009
7.64853	-0.0103863
7.64878	-0.0057453
7.64902	0.00431006
7.64927	0.00750654
7.64951	0.0017739
7.64976	-0.00269169
7.65	0.000260597
7.65024	0.00438383
7.65049	0.00396706
7.65073	0.00414682
7.65098	0.009179
7.65122	0.0102483
7.65147	-0.00155536
7.65171	-0.0162775
7.65196	-0.0152913
7.6522	0.000933398
7.65245	0.0120112
7.65269	0.0074964
7.65293	0.00100468
7.65318	0.00698172
7.65342	0.0185138
7.65367	0.0205445
7.65391	0.0137063
7.65416	0.00987812
7.6544	0.0112658
7.65465	0.0101573
7.65489	0.00616245
7.65514	0.00758102
7.65538	0.0155031
7.65563	0.021185
7.65587	0.0209445
7.65611	0.0200596
7.65636	0.0197991
7.6566	0.0151601
7.65685	0.00900717
7.65709	0.0126906
7.65734	0.0259468
7.65758	0.031911
7.65783	0.0218999
7.65807	0.0104263
7.65832	0.0129
7.65856	0.0217566
7.65881	0.0204737
7.65905	0.0105853
7.65929	0.00651983
7.65954	0.0107299
7.65978	0.0129326
7.66003	0.010393
7.66027	0.0101294
7.66052	0.0117728
7.66076	0.0065868
7.66101	-0.00459472
7.66125	-0.00928952
7.6615	-0.00269104
7.66174	0.00604442
7.66199	0.0102634
7.66223	0.0134675
7.66247	0.0160673
7.66272	0.0105255
7.66296	-0.0029287
7.66321	-0.010315
7.66345	-0.00340703
7.6637	0.00687295
7.66394	0.00703637
7.66419	0.000665232
7.66443	9.43997e-05
7.66468	0.00643757
7.66492	0.00985852
7.66516	0.00545193
7.66541	-0.00151558
7.66565	-0.00418984
7.6659	-0.000743124
7.66614	0.00603286
7.66639	0.0111609
7.66663	0.0118567
7.66688	0.0115152
7.66712	0.0148474
7.66737	0.018822
7.66761	0.0164298
7.66786	0.0104557
7.6681	0.0119992
7.66834	0.0219603
7.66859	0.0272378
7.66883	0.021796
7.66908	0.0172396
7.66932	0.0225318
7.66957	0.0276208
7.66981	0.021111
7.67006	0.0116051
7.6703	0.0140425
7.67055	0.0242377
7.67079	0.0264205
7.67104	0.0199346
7.67128	0.0177873
7.67152	0.0214545
7.67177	0.0186963
7.67201	0.00783439
7.67226	0.00329276
7.6725	0.011308
7.67275	0.0186864
7.67299	0.0141285
7.67324	0.00501636
7.67348	0.00289722
7.67373	0.00526397
7.67397	0.00306639
7.67422	-0.00345854
7.67446	-0.00759282
7.6747	-0.00763352
7.67495	-0.00576225
7.67519	-0.00134578
7.67544	0.00548903
7.67568	0.00885228
7.67593	0.00452602
7.67617	-0.00185755
7.67642	-0.00255918
7.67666	0.000350696
7.67691	-0.00041504
7.67715	-0.00397439
7.67739	-0.00246157
7.67764	0.00492053
7.67788	0.00849894
7.67813	0.00157745
7.67837	-0.00946399
7.67862	-0.0128007
7.67886	-0.0057717
7.67911	0.00233479
7.67935	0.00223671
7.6796	-0.00331129
7.67984	-0.00308251
7.68009	0.00614288
7.68033	0.0120947
7.68057	0.00251734
7.68082	-0.0154367
7.68106	-0.0219856
7.68131	-0.0116589
7.68155	-0.00102585
7.6818	-0.00420653
7.68204	-0.0130989
7.68229	-0.0123318
7.68253	-0.00382438
7.68278	-0.0019714
7.68302	-0.0096129
7.68327	-0.0143424
7.68351	-0.00836276
7.68375	0.00196275
7.684	0.00833825
7.68424	0.00998266
7.68449	0.00777015
7.68473	0.000721254
7.68498	-0.00685076
7.68522	-0.00570709
7.68547	0.00444999
7.68571	0.0111471
7.68596	0.0065111
7.6862	-0.000614494
7.68645	0.000986038
7.68669	0.00655916
7.68693	0.00347887
7.68718	-0.00718375
7.68742	-0.0107467
7.68767	-0.00068045
7.68791	0.0118515
7.68816	0.0138233
7.6884	0.00643034
7.68865	-7.12896e-05
7.68889	-0.000945419
7.68914	0.00049961
7.68938	0.00144038
7.68962	0.00321068
7.68987	0.00606291
7.69011	0.0063378
7.69036	0.00230521
7.6906	-0.000927829
7.69085	0.0021095
7.69109	0.00709483
7.69134	0.0037514
7.69158	-0.0076471
7.69183	-0.0123707
7.69207	-0.00138962
7.69232	0.0121391
7.69256	0.00920397
7.6928	-0.00676728
7.69305	-0.0147097
7.69329	-0.00891214
7.69354	-0.00677943
7.69378	-0.0169149
7.69403	-0.0214115
7.69427	-0.00569344
7.69452	0.0129071
7.69476	0.00942028
7.69501	-0.00875971
7.69525	-0.0135416
7.6955	-0.00150465
7.69574	0.00284868
7.69598	-0.00942213
7.69623	-0.0163214
7.69647	-0.00323896
7.69672	0.0117297
7.69696	0.00804331
7.69721	-0.00503989
7.69745	-0.0080344
7.6977	-0.00464101
7.69794	-0.0102211
7.69819	-0.0195144
7.69843	-0.014083
7.69868	0.00306682
7.69892	0.00839481
7.69916	-0.00469354
7.69941	-0.0148928
7.69965	-0.0069146
7.6999	0.00601522
7.70014	0.0057899
7.70039	-0.0025429
7.70063	-0.00250671
7.70088	0.00618381
7.70112	0.00969912
7.70137	0.00408471
7.70161	-0.000227648
7.70185	0.00225113
7.7021	0.00356711
7.70234	-0.00240469
7.70259	-0.00854569
7.70283	-0.00639656
7.70308	-0.000998062
7.70332	-0.00319018
7.70357	-0.0111052
7.70381	-0.0113218
7.70406	0.000427724
7.7043	0.0110424
7.70455	0.00821637
7.70479	-0.00229961
7.70503	-0.00641651
7.70528	-0.002211
7.70552	0.000533401
7.70577	-0.0019535
7.70601	-0.00289602
7.70626	0.00100243
7.7065	0.00308543
7.70675	-0.00163893
7.70699	-0.00823713
7.70724	-0.0103918
7.70748	-0.00925098
7.70773	-0.00870773
7.70797	-0.00883146
7.70821	-0.00865057
7.70846	-0.00882924
7.7087	-0.00763915
7.70895	-0.00145056
7.70919	0.00699243
7.70944	0.00902597
7.70968	0.002972
7.70993	-0.00240253
7.71017	-0.00184351
7.71042	-0.000779652
7.71066	-0.00294784
7.71091	-0.00256233
7.71115	0.00338046
7.71139	0.00696342
7.71164	0.0031762
7.71188	-8.66325e-05
7.71213	0.00298862
7.71237	0.00374539
7.71262	-0.00457867
7.71286	-0.0107393
7.71311	-0.00308238
7.71335	0.00764899
7.7136	0.00339725
7.71384	-0.0114134
7.71408	-0.0172843
7.71433	-0.0115576
7.71457	-0.00922989
7.71482	-0.0136196
7.71506	-0.0109209
7.71531	0.00300847
7.71555	0.0135112
7.7158	0.011284
7.71604	0.00558647
7.71629	0.00557228
7.71653	0.00622272
7.71678	0.00155743
7.71702	-0.0036487
7.71726	-0.00398742
7.71751	-0.00210007
7.71775	-0.000400025
7.718	0.0032407
7.71824	0.00663229
7.71849	0.00407902
7.71873	1.62902e-05
7.71898	0.00535205
7.71922	0.0156217
7.71947	0.012328
7.71971	-0.00640279
7.71996	-0.0177731
7.7202	-0.0085314
7.72044	0.00422541
7.72069	0.00237877
7.72093	-0.00377426
7.72118	0.00333108
7.72142	0.0152722
7.72167	0.0116594
7.72191	-0.0034396
7.72216	-0.00679698
7.7224	0.00622458
7.72265	0.0154366
7.72289	0.0089215
7.72314	-0.000905232
7.72338	-0.000305421
7.72362	0.00576735
7.72387	0.00557058
7.72411	-0.00110906
7.72436	-0.00587133
7.7246	-0.00455238
7.72485	5.88428e-05
7.72509	0.00328732
7.72534	0.00222176
7.72558	-0.00200808
7.72583	-0.00433052
7.72607	-0.00186788
7.72632	0.00117792
7.72656	-0.000195734
7.7268	-0.0031246
7.72705	-0.00151531
7.72729	0.0028868
7.72754	0.00277045
7.72778	-0.00212054
7.72803	-0.00376871
7.72827	0.00150983
7.72852	0.00753217
7.72876	0.00779958
7.72901	0.0038248
7.72925	0.000941969
7.72949	0.000951483
7.72974	0.0019712
7.72998	0.00229954
7.73023	0.00212655
7.73047	0.00286073
7.73072	0.00507143
7.73096	0.00642718
7.73121	0.00379267
7.73145	-0.00120036
7.7317	-0.00243064
7.73194	0.00217563
7.73219	0.00703658
7.73243	0.00765208
7.73267	0.00749279
7.73292	0.0105881
7.73316	0.0128652
7.73341	0.00868211
7.73365	0.00169137
7.7339	0.000216893
7.73414	0.00439873
7.73439	0.00707909
7.73463	0.0059916
7.73488	0.0056471
7.73512	0.00715611
7.73537	0.00571966
7.73561	0.000328205
7.73585	-0.00236124
7.7361	0.00239564
7.73634	0.00983725
7.73659	0.0117249
7.73683	0.00646177
7.73708	-6.35094e-05
7.73732	-0.00205972
7.73757	-3.41383e-05
7.73781	0.000914704
7.73806	-0.00117407
7.7383	-0.00132865
7.73855	0.00456686
7.73879	0.0101234
7.73903	0.00497753
7.73928	-0.00768961
7.73952	-0.0112624
7.73977	0.000631037
7.74001	0.0120088
7.74026	0.00669955
7.7405	-0.00732683
7.74075	-0.0104575
7.74099	-0.00126647
7.74124	0.0039497
7.74148	-0.000978864
7.74172	-0.00392639
7.74197	0.0028394
7.74221	0.00965704
7.74246	0.0067131
7.7427	-0.000111214
7.74295	-0.000547349
7.74319	0.00359811
7.74344	0.00389758
7.74368	-0.000216394
7.74393	-0.00250668
7.74417	-0.00059874
7.74442	0.00310778
7.74466	0.00760819
7.7449	0.0127019
7.74515	0.0151146
7.74539	0.0121336
7.74564	0.00690974
7.74588	0.00409539
7.74613	0.00262905
7.74637	-0.000868104
7.74662	-0.00377746
7.74686	-5.26425e-06
7.74711	0.00936468
7.74735	0.0152601
7.7476	0.0125946
7.74784	0.00745678
7.74808	0.00864635
7.74833	0.0155224
7.74857	0.0189104
7.74882	0.0133678
7.74906	0.00415082
7.74931	-0.000115268
7.74955	0.00127704
7.7498	0.00159734
7.75004	-0.00177802
7.75029	-0.00219059
7.75053	0.00607253
7.75078	0.0168591
7.75102	0.0184437
7.75126	0.00947898
7.75151	0.000837921
7.75175	4.68276e-06
7.752	0.00169232
7.75224	-0.00121927
7.75249	-0.0045359
7.75273	0.000790723
7.75298	0.012557
7.75322	0.0181531
7.75347	0.0127534
7.75371	0.00673131
7.75395	0.00962334
7.7542	0.0150258
7.75444	0.0107891
7.75469	-0.00055143
7.75493	-0.00372542
7.75518	0.00652361
7.75542	0.0170003
7.75567	0.0155031
7.75591	0.00793161
7.75616	0.00719523
7.7564	0.0133198
7.75665	0.0160063
7.75689	0.0118809
7.75713	0.00674543
7.75738	0.00328053
7.75762	-0.000611672
7.75787	-0.00202995
7.75811	0.00459039
7.75836	0.0140407
7.7586	0.0134049
7.75885	0.00220359
7.75909	-0.00454621
7.75934	0.00131715
7.75958	0.0100572
7.75983	0.0125132
7.76007	0.0143161
7.76031	0.0209268
7.76056	0.0233049
7.7608	0.0134221
7.76105	0.00212221
7.76129	0.00421296
7.76154	0.0144988
7.76178	0.0169204
7.76203	0.0110454
7.76227	0.00984696
7.76252	0.0147833
7.76276	0.0139314
7.76301	0.00521267
7.76325	0.00120116
7.76349	0.0069792
7.76374	0.01168
7.76398	0.00823998
7.76423	0.00495414
7.76447	0.00942155
7.76472	0.0155985
7.76496	0.0160323
7.76521	0.0144328
7.76545	0.0161963
7.7657	0.0172985
7.76594	0.0131515
7.76618	0.00946413
7.76643	0.0130863
7.76667	0.0189773
7.76692	0.0176474
7.76716	0.0110152
7.76741	0.00977268
7.76765	0.0167947
7.7679	0.0230026
7.76814	0.0206754
7.76839	0.0136539
7.76863	0.0115268
7.76888	0.017071
7.76912	0.0225646
7.76936	0.0195622
7.76961	0.0112335
7.76985	0.0103286
7.7701	0.0218165
7.77034	0.0335499
7.77059	0.0320158
7.77083	0.0223071
7.77108	0.0204436
7.77132	0.0281685
7.77157	0.0304112
7.77181	0.0199602
7.77206	0.00922097
7.7723	0.0110089
7.77254	0.0211142
7.77279	0.0283204
7.77303	0.0301247
7.77328	0.0293747
7.77352	0.0259926
7.77377	0.0220674
7.77401	0.025362
7.77426	0.0369963
7.7745	0.0448
7.77475	0.0403926
7.77499	0.0339609
7.77524	0.0389922
7.77548	0.0503124
7.77572	0.052428
7.77597	0.0441667
7.77621	0.0390868
7.77646	0.0440679
7.7767	0.0525722
7.77695	0.0581705
7.77719	0.0608587
7.77744	0.06032
7.77768	0.0562502
7.77793	0.0552232
7.77817	0.0639217
7.77841	0.0756505
7.77866	0.0777006
7.7789	0.072563
7.77915	0.076098
7.77939	0.0919299
7.77964	0.104286
7.77988	0.102126
7.78013	0.0947512
7.78037	0.0952567
7.78062	0.102905
7.78086	0.111955
7.78111	0.124497
7.78135	0.141881
7.78159	0.154625
7.78184	0.155565
7.78208	0.155268
7.78233	0.169431
7.78257	0.19611
7.78282	0.219903
7.78306	0.235031
7.78331	0.249261
7.78355	0.266682
7.7838	0.282539
7.78404	0.297079
7.78429	0.31966
7.78453	0.35434
7.78477	0.393997
7.78502	0.434632
7.78526	0.483598
7.78551	0.545755
7.78575	0.612401
7.786	0.674747
7.78624	0.739894
7.78649	0.820296
7.78673	0.913024
7.78698	1.00596
7.78722	1.10496
7.78747	1.23752
7.78771	1.42049
7.78795	1.63682
7.7882	1.85842
7.78844	2.0848
7.78869	2.33924
7.78893	2.62222
7.78918	2.88783
7.78942	3.08536
7.78967	3.2194
7.78991	3.34907
7.79016	3.52226
7.7904	3.72591
7.79064	3.90983
7.79089	4.04105
7.79113	4.11138
7.79138	4.10206
7.79162	3.98156
7.79187	3.76005
7.79211	3.521
7.79236	3.36014
7.7926	3.28777
7.79285	3.21555
7.79309	3.05095
7.79334	2.78944
7.79358	2.50345
7.79382	2.2583
7.79407	2.06015
7.79431	1.87872
7.79456	1.69408
7.7948	1.51093
7.79505	1.3431
7.79529	1.19978
7.79554	1.08341
7.79578	0.989679
7.79603	0.908294
7.79627	0.830489
7.79652	0.757634
7.79676	0.699192
7.797	0.661637
7.79725	0.642664
7.79749	0.636809
7.79774	0.643122
7.79798	0.665106
7.79823	0.705067
7.79847	0.760986
7.79872	0.82858
7.79896	0.90495
7.79921	0.989717
7.79945	1.08256
7.7997	1.1796
7.79994	1.2738
7.80018	1.36271
7.80043	1.45677
7.80067	1.576
7.80092	1.73336
7.80116	1.92292
7.80141	2.12893
7.80165	2.3439
7.8019	2.56846
7.80214	2.79257
7.80239	2.99113
7.80263	3.14909
7.80287	3.28077
7.80312	3.40668
7.80336	3.51512
7.80361	3.56936
7.80385	3.55972
7.8041	3.52834
7.80434	3.52501
7.80459	3.54827
7.80483	3.54501
7.80508	3.46095
7.80532	3.27806
7.80557	3.01481
7.80581	2.71625
7.80605	2.44387
7.8063	2.24589
7.80654	2.11869
7.80679	2.00734
7.80703	1.85552
7.80728	1.65009
7.80752	1.41565
7.80777	1.18273
7.80801	0.972925
7.80826	0.800458
7.8085	0.668272
7.80875	0.5647
7.80899	0.476398
7.80923	0.40247
7.80948	0.347127
7.80972	0.304894
7.80997	0.265774
7.81021	0.230239
7.81046	0.204789
7.8107	0.185653
7.81095	0.162661
7.81119	0.138807
7.81144	0.12879
7.81168	0.134439
7.81193	0.137708
7.81217	0.125187
7.81241	0.105625
7.81266	0.0939798
7.8129	0.0902555
7.81315	0.0854772
7.81339	0.078941
7.81364	0.0761516
7.81388	0.0754717
7.81413	0.0701799
7.81437	0.0612179
7.81462	0.0559539
7.81486	0.0553602
7.81511	0.0536849
7.81535	0.050783
7.81559	0.0529045
7.81584	0.0589018
7.81608	0.0576919
7.81633	0.0454134
7.81657	0.0348091
7.81682	0.0383566
7.81706	0.049265
7.81731	0.0505759
7.81755	0.0395835
7.8178	0.0304741
7.81804	0.0318821
7.81828	0.0349113
7.81853	0.0295673
7.81877	0.0217398
7.81902	0.0226094
7.81926	0.0284402
7.81951	0.0256677
7.81975	0.0144786
7.82	0.0113573
7.82024	0.0238417
7.82049	0.0374619
7.82073	0.0370259
7.82098	0.0286506
7.82122	0.0274206
7.82146	0.0319752
7.82171	0.0280088
7.82195	0.0134688
7.8222	0.00291245
7.82244	0.00525475
7.82269	0.0128669
7.82293	0.0171486
7.82318	0.0203781
7.82342	0.0250079
7.82367	0.024488
7.82391	0.0150981
7.82416	0.00683537
7.8244	0.0107007
7.82464	0.0218729
7.82489	0.0271382
7.82513	0.0241292
7.82538	0.0211693
7.82562	0.0208911
7.82587	0.0170009
7.82611	0.00829742
7.82636	0.00398866
7.8266	0.010096
7.82685	0.0187929
7.82709	0.0181244
7.82734	0.00846117
7.82758	0.00262293
7.82782	0.00944277
7.82807	0.0221865
7.82831	0.0268886
7.82856	0.0201257
7.8288	0.0124258
7.82905	0.0120373
7.82929	0.0127932
7.82954	0.00557897
7.82978	-0.00424141
7.83003	-0.00336511
7.83027	0.00752194
7.83051	0.0132786
7.83076	0.0079811
7.831	0.00327701
7.83125	0.0072403
7.83149	0.0110968
7.83174	0.00684378
7.83198	0.00238577
7.83223	0.00566492
7.83247	0.00827748
7.83272	0.00185843
7.83296	-0.00239832
7.83321	0.00851573
7.83345	0.0225086
7.83369	0.0177115
7.83394	-0.00113968
7.83418	-0.0079871
7.83443	0.00405051
7.83467	0.01439
7.83492	0.0104055
7.83516	0.00430928
7.83541	0.00682069
7.83565	0.00945559
7.8359	0.00516515
7.83614	0.00376233
7.83639	0.0117797
7.83663	0.0169825
7.83687	0.00974953
7.83712	0.0023267
7.83736	0.00857017
7.83761	0.0198283
7.83785	0.0204708
7.8381	0.0141917
7.83834	0.0140132
7.83859	0.0169536
7.83883	0.0108897
7.83908	-0.00076238
7.83932	-0.00333624
7.83957	0.00449417
7.83981	0.01098
7.84005	0.0127784
7.8403	0.0159014
7.84054	0.0179282
7.84079	0.0106324
7.84103	-0.000104774
7.84128	0.00113563
7.84152	0.0125812
7.84177	0.0146084
7.84201	0.00072377
7.84226	-0.0115603
7.8425	-0.00860697
7.84274	-0.000184399
7.84299	-0.000572115
7.84323	-0.00675468
7.84348	-0.00807882
7.84372	-0.00452705
7.84397	-0.0022422
7.84421	-0.000728297
7.84446	0.00310399
7.8447	0.00555281
7.84495	0.00194011
7.84519	-0.00381226
7.84544	-0.0047619
7.84568	-0.00131672
7.84592	0.00130117
7.84617	0.000669093
7.84641	-0.0036857
7.84666	-0.0119018
7.8469	-0.0184705
7.84715	-0.0137391
7.84739	0.00156562
7.84764	0.0120412
7.84788	0.00729486
7.84813	-0.00246913
7.84837	-0.00186537
7.84862	0.00630123
7.84886	0.00708176
7.8491	-0.00205729
7.84935	-0.00832155
7.84959	-0.00450076
7.84984	0.00210867
7.85008	0.00442627
7.85033	0.00607532
7.85057	0.0114781
7.85082	0.0156358
7.85106	0.0116223
7.85131	0.00247934
7.85155	-0.0016591
7.8518	0.00381106
7.85204	0.0131715
7.85228	0.0175892
7.85253	0.0141464
7.85277	0.00750717
7.85302	0.00391766
7.85326	0.00445434
7.85351	0.00517588
7.85375	0.00345044
7.854	0.00118387
7.85424	0.000873796
7.85449	0.00229062
7.85473	0.00508869
7.85497	0.0100934
7.85522	0.0146663
7.85546	0.0121807
7.85571	0.00175862
7.85595	-0.0061785
7.8562	-0.00154346
7.85644	0.0113701
7.85669	0.019428
7.85693	0.0178648
7.85718	0.0130669
7.85742	0.00963684
7.85767	0.00529778
7.85791	5.08663e-05
7.85815	-0.000283171
7.8584	0.00589739
7.85864	0.0110161
7.85889	0.00893658
7.85913	0.00357682
7.85938	0.00112727
7.85962	7.05104e-05
7.85987	-0.00400181
7.86011	-0.00847067
7.86036	-0.0065399
7.8606	0.00238777
7.86085	0.0121923
7.86109	0.0185379
7.86133	0.021561
7.86158	0.0209829
7.86182	0.0152001
7.86207	0.00607803
7.86231	-0.000865303
7.86256	-0.00277663
7.8628	-0.00207063
7.86305	-0.00161064
7.86329	-0.00102991
7.86354	0.000849275
7.86378	0.00336653
7.86403	0.00539058
7.86427	0.00655491
7.86451	0.00596117
7.86476	0.00274435
7.865	-0.000631787
7.86525	0.000806241
7.86549	0.00756624
7.86574	0.0122453
7.86598	0.00708072
7.86623	-0.00568412
7.86647	-0.0146893
7.86672	-0.011876
7.86696	-0.00164473
7.8672	0.00446077
7.86745	0.00130582
7.86769	-0.00452911
7.86794	-0.00421691
7.86818	0.00144957
7.86843	0.00402378
7.86867	0.000498492
7.86892	-0.00207579
7.86916	0.0019936
7.86941	0.00752143
7.86965	0.00684756
7.8699	0.00270141
7.87014	0.00322848
7.87038	0.00697491
7.87063	0.0048469
7.87087	-0.0022933
7.87112	-0.00167565
7.87136	0.0104273
7.87161	0.0190897
7.87185	0.011999
7.8721	-0.000586718
7.87234	-0.000318401
7.87259	0.0124889
7.87283	0.0216789
7.87308	0.0202331
7.87332	0.0161035
7.87356	0.0143204
7.87381	0.0102704
7.87405	0.00347298
7.8743	0.00205382
7.87454	0.00781867
7.87479	0.010955
7.87503	0.00663846
7.87528	0.00388834
7.87552	0.00943931
7.87577	0.0151212
7.87601	0.0116545
7.87626	0.00415184
7.8765	0.00198724
7.87674	0.00255839
7.87699	-0.00161692
7.87723	-0.00704475
7.87748	-0.0049282
7.87772	0.00215279
7.87797	0.00355035
7.87821	-0.00212233
7.87846	-0.00645895
7.8787	-0.00631092
7.87895	-0.0060876
7.87919	-0.00589267
7.87943	-0.00108102
7.87968	0.0054486
7.87992	0.00400183
7.88017	-0.00603804
7.88041	-0.0133371
7.88066	-0.0114883
7.8809	-0.00761152
7.88115	-0.0095414
7.88139	-0.0146542
7.88164	-0.0167828
7.88188	-0.0152224
7.88213	-0.0113076
7.88237	-0.00416396
7.88261	0.00434402
7.88286	0.00760448
7.8831	0.00317715
7.88335	-0.00214533
7.88359	-0.00156666
7.88384	0.00259328
7.88408	0.00381702
7.88433	0.00080637
7.88457	-0.0022584
7.88482	-0.00103729
7.88506	0.00594489
7.88531	0.0151959
7.88555	0.0178983
7.88579	0.00781882
7.88604	-0.00881006
7.88628	-0.0183022
7.88653	-0.0160266
7.88677	-0.00985778
7.88702	-0.00564662
7.88726	1.87357e-05
7.88751	0.00841464
7.88775	0.0118364
7.888	0.00608474
7.88824	1.06753e-05
7.88849	0.00295516
7.88873	0.0100991
7.88897	0.0101892
7.88922	0.00215084
7.88946	-0.00557556
7.88971	-0.00761056
7.88995	-0.00464322
7.8902	0.00177458
7.89044	0.00850722
7.89069	0.00874897
7.89093	-0.000508802
7.89118	-0.0119836
7.89142	-0.0168863
7.89167	-0.0163095
7.89191	-0.0158461
7.89215	-0.013891
7.8924	-0.00563893
7.89264	0.00498458
7.89289	0.00883477
7.89313	0.00542488
7.89338	0.0023842
7.89362	0.00177882
7.89387	-0.00210985
7.89411	-0.0107437
7.89436	-0.0174341
7.8946	-0.0174155
7.89484	-0.0131239
7.89509	-0.0078379
7.89533	-0.00215014
7.89558	0.00198754
7.89582	0.0018092
7.89607	-0.000420141
7.89631	0.000145326
7.89656	0.00221894
7.8968	0.000804908
7.89705	-0.00153205
7.89729	0.00322138
7.89754	0.0129449
7.89778	0.0138875
7.89802	0.00029627
7.89827	-0.0149261
7.89851	-0.016801
7.89876	-0.00736872
7.899	7.4231e-05
7.89925	-0.000404765
7.89949	-0.00328466
7.89974	-0.00241624
7.89998	0.00196702
7.90023	0.00559383
7.90047	0.0042087
7.90072	-0.00301625
7.90096	-0.0104464
7.9012	-0.00958079
7.90145	0.000300246
7.90169	0.00870974
7.90194	0.00583206
7.90218	-0.0054184
7.90243	-0.0138644
7.90267	-0.0134089
7.90292	-0.00703287
7.90316	-0.000539726
7.90341	0.00223718
7.90365	7.18067e-05
7.9039	-0.00469576
7.90414	-0.00716325
7.90438	-0.00558009
7.90463	-0.00380277
7.90487	-0.00470423
7.90512	-0.00508909
7.90536	-0.00202106
7.90561	0.000243074
7.90585	-0.00354306
7.9061	-0.0101767
7.90634	-0.0128175
7.90659	-0.0123423
7.90683	-0.014363
7.90707	-0.0166173
7.90732	-0.0109002
7.90756	0.00100234
7.90781	0.00548451
7.90805	-0.00346247
7.9083	-0.0134473
7.90854	-0.0103619
7.90879	0.00191034
7.90903	0.00784454
7.90928	0.00138708
7.90952	-0.00879726
7.90977	-0.0126054
7.91001	-0.00829005
7.91025	-0.00025651
7.9105	0.00499638
7.91074	0.00160865
7.91099	-0.00918194
7.91123	-0.0159885
7.91148	-0.00909497
7.91172	0.0047864
7.91197	0.00919058
7.91221	0.000565076
7.91246	-0.00681152
7.9127	-0.00246455
7.91295	0.00561606
7.91319	0.00588705
7.91343	0.00198883
7.91368	0.00444351
7.91392	0.0110084
7.91417	0.0101298
7.91441	0.00120321
7.91466	-0.00370684
7.9149	0.000366867
7.91515	0.00410631
7.91539	0.00102417
7.91564	-0.00112279
7.91588	0.00610788
7.91613	0.0168786
7.91637	0.0193664
7.91661	0.0125678
7.91686	0.005454
7.9171	0.00375391
7.91735	0.00624226
7.91759	0.0107098
7.91784	0.0148601
7.91808	0.0138036
7.91833	0.00564845
7.91857	-0.00160397
7.91882	0.00216883
7.91906	0.0143929
7.9193	0.0215678
7.91955	0.0172701
7.91979	0.00970461
7.92004	0.00835827
7.92028	0.0114552
7.92053	0.0119363
7.92077	0.00943912
7.92102	0.00952012
7.92126	0.0142535
7.92151	0.0197118
7.92175	0.0216676
7.922	0.019633
7.92224	0.0158529
7.92248	0.0130356
7.92273	0.0122675
7.92297	0.0117303
7.92322	0.00940953
7.92346	0.00795368
7.92371	0.0127655
7.92395	0.0227693
7.9242	0.0279209
7.92444	0.020978
7.92469	0.00817208
7.92493	0.00188442
7.92518	0.00487762
7.92542	0.00887144
7.92566	0.0079367
7.92591	0.00525211
7.92615	0.0049135
7.9264	0.00496516
7.92664	0.00282333
7.92689	0.00142319
7.92713	0.00424744
7.92738	0.00841233
7.92762	0.00875273
7.92787	0.00612526
7.92811	0.00567332
7.92836	0.00845296
7.9286	0.0106487
7.92884	0.0103167
7.92909	0.00903978
7.92933	0.00707378
7.92958	0.00302775
7.92982	-0.000710558
7.93007	0.00148023
7.93031	0.0100487
7.93056	0.0175425
7.9308	0.0172638
7.93105	0.0107787
7.93129	0.00461543
7.93153	0.00346073
7.93178	0.00822725
7.93202	0.0159314
7.93227	0.0196752
7.93251	0.0146251
7.93276	0.00617627
7.933	0.00484511
7.93325	0.0101433
7.93349	0.00947448
7.93374	-0.000876398
7.93398	-0.00542171
7.93423	0.00828466
7.93447	0.0271839
7.93471	0.0289759
7.93496	0.0148313
7.9352	0.00646131
7.93545	0.0120201
7.93569	0.0162412
7.93594	0.00892034
7.93618	0.00198502
7.93643	0.0074469
7.93667	0.0163089
7.93692	0.0144844
7.93716	0.00637165
7.93741	0.00555952
7.93765	0.0112394
7.93789	0.0116002
7.93814	0.00542142
7.93838	0.00283937
7.93863	0.00649883
7.93887	0.00821433
7.93912	0.00502088
7.93936	0.00379848
7.93961	0.00743421
7.93985	0.00940092
7.9401	0.00574516
7.94034	0.00127884
7.94059	5.54917e-05
7.94083	-0.000266367
7.94107	-0.00108084
7.94132	0.000422559
7.94156	0.00375713
7.94181	0.00430441
7.94205	0.00338832
7.9423	0.00819909
7.94254	0.0170104
7.94279	0.016827
7.94303	0.00356085
7.94328	-0.00738154
7.94352	-0.00199076
7.94376	0.0104931
7.94401	0.0105858
7.94425	-0.00281065
7.9445	-0.0122892
7.94474	-0.00822433
7.94499	0.000710709
7.94523	0.0054468
7.94548	0.00974226
7.94572	0.0182124
7.94597	0.0230001
7.94621	0.0138906
7.94646	-0.00396257
7.9467	-0.0140967
7.94694	-0.0100134
7.94719	-0.00247738
7.94743	-0.00280928
7.94768	-0.0072088
7.94792	-0.00440077
7.94817	0.005978
7.94841	0.0119812
7.94866	0.00660377
7.9489	-0.00261128
7.94915	-0.00551434
7.94939	-0.00321683
7.94964	-0.00242196
7.94988	-0.00187403
7.95012	0.00425902
7.95037	0.0116137
7.95061	0.00769137
7.95086	-0.0082267
7.9511	-0.0199236
7.95135	-0.0161882
7.95159	-0.0071733
7.95184	-0.00851198
7.95208	-0.0173213
7.95233	-0.0172691
7.95257	-0.00366731
7.95282	0.0102655
7.95306	0.0125996
7.9533	0.00611746
7.95355	-0.00015293
7.95379	-0.00266867
7.95404	-0.00242701
7.95428	-0.00041883
7.95453	0.00127722
7.95477	-9.20738e-06
7.95502	-0.00226154
7.95526	2.97287e-05
7.95551	0.00621533
7.95575	0.00796461
7.95599	0.0018219
7.95624	-0.00377234
7.95648	-0.000312279
7.95673	0.00773477
7.95697	0.00930596
7.95722	0.00231206
7.95746	-0.0049511
7.95771	-0.00603282
7.95795	-0.00281072
7.9582	-0.000194306
7.95844	-0.000271809
7.95869	-0.00215657
7.95893	-0.00365689
7.95917	-0.00319658
7.95942	-0.00253454
7.95966	-0.00542418
7.95991	-0.0108937
7.96015	-0.0120433
7.9604	-0.00607104
7.96064	-0.000555529
7.96089	-0.00290856
7.96113	-0.00817198
7.96138	-0.0064259
7.96162	0.00107766
7.96187	0.00427422
7.96211	0.00125459
7.96235	0.00016289
7.9626	0.00294758
7.96284	0.000903021
7.96309	-0.00861391
7.96333	-0.0138265
7.96358	-0.00526977
7.96382	0.00905381
7.96407	0.0146628
7.96431	0.00914853
7.96456	0.000572357
7.9648	-0.00556062
7.96505	-0.00769504
7.96529	-0.00290613
7.96553	0.00827253
7.96578	0.0159109
7.96602	0.0111866
7.96627	0.000241317
7.96651	-0.00351493
7.96676	0.00148913
7.967	0.00532129
7.96725	0.0039651
7.96749	0.00288221
7.96774	0.00305264
7.96798	-0.00180609
7.96823	-0.0106718
7.96847	-0.0120714
7.96871	-0.00196988
7.96896	0.00748259
7.9692	0.00521135
7.96945	-0.0032508
7.96969	-0.00669715
7.96994	-0.00563389
7.97018	-0.00786642
7.97043	-0.0131786
7.97067	-0.0139471
7.97092	-0.00803782
7.97116	-0.00121539
7.9714	0.00206877
7.97165	0.00267516
7.97189	0.00283134
7.97214	0.00436785
7.97238	0.00888501
7.97263	0.0140933
7.97287	0.012937
7.97312	0.00245909
7.97336	-0.00954671
7.97361	-0.0129983
7.97385	-0.00742094
7.9741	0.000560217
7.97434	0.00690181
7.97458	0.00993753
7.97483	0.00612175
7.97507	-0.00388642
7.97532	-0.00940295
7.97556	-0.00197484
7.97581	0.00959898
7.97605	0.00976807
7.9763	-0.000184874
7.97654	-0.00438337
7.97679	0.00164381
7.97703	0.00485527
7.97728	-0.00115291
7.97752	-0.00445631
7.97776	0.00318417
7.97801	0.00960608
7.97825	0.00175655
7.9785	-0.0115161
7.97874	-0.0132773
7.97899	-0.0055169
7.97923	-0.0033174
7.97948	-0.00766308
7.97972	-0.00470203
7.97997	0.00815449
7.98021	0.0156085
7.98046	0.00896687
7.9807	-0.000144263
7.98094	0.000857361
7.98119	0.0064672
7.98143	0.00449679
7.98168	-0.00359291
7.98192	-0.00618854
7.98217	4.66523e-06
7.98241	0.00628915
7.98266	0.00503347
7.9829	-0.00199121
7.98315	-0.00788048
7.98339	-0.00741672
7.98363	-0.000425335
7.98388	0.00752217
7.98412	0.00937032
7.98437	0.00455722
7.98461	-0.000413078
7.98486	-0.00199834
7.9851	-0.00441325
7.98535	-0.00975128
7.98559	-0.0107931
7.98584	-0.0023836
7.98608	0.00604213
7.98633	0.00118421
7.98657	-0.013624
7.98681	-0.0213898
7.98706	-0.0150729
7.9873	-0.00549788
7.98755	-0.00322557
7.98779	-0.00526282
7.98804	-0.0050394
7.98828	-0.00371178
7.98853	-0.0036932
7.98877	-0.00111729
7.98902	0.00553045
7.98926	0.00749473
7.98951	-0.00232391
7.98975	-0.015336
7.98999	-0.0170393
7.99024	-0.00751128
7.99048	-0.000422536
7.99073	-0.00301545
7.99097	-0.00841586
7.99122	-0.00828411
7.99146	-0.00247722
7.99171	0.00564971
7.99195	0.0137353
7.9922	0.0174778
7.99244	0.0123168
7.99269	0.0018566
7.99293	-0.00322083
7.99317	0.00124858
7.99342	0.00741245
7.99366	0.00733378
7.99391	0.00321238
7.99415	0.000973033
7.9944	0.000468017
7.99464	-0.00182867
7.99489	-0.00538327
7.99513	-0.00678325
7.99538	-0.00499896
7.99562	-0.00131727
7.99586	0.00239919
7.99611	0.0026647
7.99635	-0.00295995
7.9966	-0.00936064
7.99684	-0.00729882
7.99709	0.00231329
7.99733	0.00617473
7.99758	-0.002823
7.99782	-0.0138585
7.99807	-0.0141843
7.99831	-0.00793986
7.99856	-0.00663125
7.9988	-0.00848518
7.99904	-0.0033895
7.99929	0.00566831
7.99953	0.00437886
7.99978	-0.00890802
8.00002	-0.0187377
8.00027	-0.0163408
8.00051	-0.0111303
8.00076	-0.0114068
8.001	-0.00980742
8.00125	0.000928446
8.00149	0.0113492
8.00174	0.00874743
8.00198	-0.00205262
8.00222	-0.00615716
8.00247	-0.000858225
8.00271	0.0040136
8.00296	0.00424394
8.0032	0.00523886
8.00345	0.00894345
8.00369	0.0102921
8.00394	0.00787487
8.00418	0.00640752
8.00443	0.0068775
8.00467	0.00504849
8.00492	0.00149841
8.00516	0.00185047
8.0054	0.00435284
8.00565	-0.000599707
8.00589	-0.0135139
8.00614	-0.0203476
8.00638	-0.0119183
8.00663	0.00157347
8.00687	0.00540584
8.00712	0.00133766
8.00736	0.00170449
8.00761	0.00807269
8.00785	0.00963458
8.00809	0.00206066
8.00834	-0.00499547
8.00858	-0.00252055
8.00883	0.00551098
8.00907	0.00951663
8.00932	0.00735582
8.00956	0.00439986
8.00981	0.00454331
8.01005	0.0064844
8.0103	0.00756579
8.01054	0.00736505
8.01079	0.0070588
8.01103	0.0069727
8.01127	0.00562142
8.01152	0.00173922
8.01176	-0.00245421
8.01201	-0.00180836
8.01225	0.00568902
8.0125	0.0144118
8.01274	0.0156581
8.01299	0.00709074
8.01323	-0.00444187
8.01348	-0.00996386
8.01372	-0.00698337
8.01397	-0.00112867
8.01421	-3.55219e-05
8.01445	-0.00499261
8.0147	-0.00870951
8.01494	-0.00376466
8.01519	0.00657091
8.01543	0.0106303
8.01568	0.00371323
8.01592	-0.00458095
8.01617	-0.00329572
8.01641	0.00510211
8.01666	0.0102551
8.0169	0.00973586
8.01715	0.00951056
8.01739	0.0107621
8.01763	0.00768249
8.01788	-0.000332828
8.01812	-0.00520227
8.01837	-0.00262886
8.01861	0.0012716
8.01886	0.000600023
8.0191	-0.00134344
8.01935	0.000593444
8.01959	0.00422013
8.01984	0.00445299
8.02008	0.001367
8.02032	-0.00186711
8.02057	-0.00413501
8.02081	-0.0046117
8.02106	-0.00125604
8.0213	0.00427945
8.02155	0.00622152
8.02179	0.00371972
8.02204	0.00313562
8.02228	0.00636069
8.02253	0.00618169
8.02277	0.000488891
8.02302	0.000159166
8.02326	0.0114
8.0235	0.0206392
8.02375	0.0128402
8.02399	-0.00271395
8.02424	-0.00412214
8.02448	0.00914348
8.02473	0.0152707
8.02497	0.0048103
8.02522	-0.00558986
8.02546	-0.00172733
8.02571	0.00614562
8.02595	0.00306275
8.0262	-0.00515121
8.02644	-0.00346997
8.02668	0.00570122
8.02693	0.00665764
8.02717	-0.00303623
8.02742	-0.0085243
8.02766	-0.00171136
8.02791	0.0063742
8.02815	0.00313429
8.0284	-0.00717771
8.02864	-0.0108863
8.02889	-0.00401706
8.02913	0.00469593
8.02938	0.00731453
8.02962	0.00531352
8.02986	0.00369636
8.03011	0.00263558
8.03035	-0.000863248
8.0306	-0.0057911
8.03084	-0.00690618
8.03109	-0.00228707
8.03133	0.00319311
8.03158	0.00413872
8.03182	0.000895789
8.03207	-0.00321806
8.03231	-0.00719373
8.03255	-0.010529
8.0328	-0.00958482
8.03304	-0.00197289
8.03329	0.00704153
8.03353	0.00913795
8.03378	0.00382248
8.03402	-0.00122189
8.03427	-0.000652516
8.03451	0.00354958
8.03476	0.00752081
8.035	0.00934298
8.03525	0.00702162
8.03549	-0.000267024
8.03573	-0.00760951
8.03598	-0.00796628
8.03622	-0.00194014
8.03647	0.00293804
8.03671	0.00381601
8.03696	0.00521493
8.0372	0.00823082
8.03745	0.00678429
8.03769	-0.000889725
8.03794	-0.00612108
8.03818	-0.00153132
8.03843	0.00830226
8.03867	0.0139702
8.03891	0.0124677
8.03916	0.0058194
8.0394	-0.00401522
8.03965	-0.0122384
8.03989	-0.010713
8.04014	0.00132953
8.04038	0.0120538
8.04063	0.0106365
8.04087	0.000856327
8.04112	-0.00637843
8.04136	-0.00774021
8.04161	-0.00613319
8.04185	-0.00151038
8.04209	0.00605761
8.04234	0.00959542
8.04258	0.00361368
8.04283	-0.00455413
8.04307	-0.00441354
8.04332	-0.000280719
8.04356	-0.00540612
8.04381	-0.0188259
8.04405	-0.0236005
8.0443	-0.0116597
8.04454	0.00358765
8.04478	0.00627632
8.04503	-0.00116512
8.04527	-0.00476994
8.04552	0.000859611
8.04576	0.00809969
8.04601	0.00856178
8.04625	0.00263334
8.0465	-0.00282954
8.04674	-0.00247011
8.04699	0.00232536
8.04723	0.00536306
8.04748	0.00303204
8.04772	-0.00182024
8.04796	-0.00503568
8.04821	-0.00674424
8.04845	-0.00802664
8.0487	-0.00623503
8.04894	-0.000271079
8.04919	0.00293604
8.04943	-0.00381384
8.04968	-0.015065
8.04992	-0.017259
8.05017	-0.00722739
8.05041	0.00299408
8.05066	0.00232828
8.0509	-0.00636105
8.05114	-0.0126686
8.05139	-0.0112977
8.05163	-0.00485397
8.05188	0.000654
8.05212	0.000369964
8.05237	-0.00503827
8.05261	-0.00831757
8.05286	-0.00332103
8.0531	0.00644739
8.05335	0.0121685
8.05359	0.0111879
8.05384	0.00738885
8.05408	0.0022919
8.05432	-0.00490056
8.05457	-0.00967902
8.05481	-0.00598668
8.05506	0.00175758
8.0553	0.00239197
8.05555	-0.00441259
8.05579	-0.00719578
8.05604	-0.00248909
8.05628	-0.00106044
8.05653	-0.00814849
8.05677	-0.0122228
8.05702	-0.00359985
8.05726	0.00831697
8.0575	0.0091461
8.05775	0.00142893
8.05799	-0.00122766
8.05824	0.0042854
8.05848	0.00827181
8.05873	0.00458393
8.05897	-0.00197
8.05922	-0.00372772
8.05946	0.00196894
8.05971	0.0113256
8.05995	0.0154239
8.06019	0.00727827
8.06044	-0.00766726
8.06068	-0.0145661
8.06093	-0.00804452
8.06117	0.000295387
8.06142	-0.000190662
8.06166	-0.0041584
8.06191	-0.00250163
8.06215	0.00150989
8.0624	0.000885253
8.06264	-0.000518418
8.06289	0.00298764
8.06313	0.0045053
8.06337	-0.00354495
8.06362	-0.0109589
8.06386	-0.00320651
8.06411	0.0117279
8.06435	0.0119853
8.0646	-0.00402833
8.06484	-0.0146335
8.06509	-0.00827433
8.06533	0.00192724
8.06558	0.00247843
8.06582	-0.00196707
8.06607	-0.00251664
8.06631	-0.000667748
8.06655	0.000106393
8.0668	0.0020557
8.06704	0.00404965
8.06729	-0.000519406
8.06753	-0.00905448
8.06778	-0.00855209
8.06802	0.0026993
8.06827	0.00887342
8.06851	0.00174027
8.06876	-0.00580129
8.069	-0.00356251
8.06925	-0.00266648
8.06949	-0.0136028
8.06973	-0.0231147
8.06998	-0.014295
8.07022	0.00360697
8.07047	0.00899105
8.07071	0.00207846
8.07096	0.000554712
8.0712	0.00682858
8.07145	0.0057391
8.07169	-0.00547813
8.07194	-0.0103551
8.07218	-0.00132405
8.07242	0.00739627
8.07267	0.00335927
8.07291	-0.00587335
8.07316	-0.00804503
8.0734	-0.00505293
8.07365	-0.00524967
8.07389	-0.00761997
8.07414	-0.00499617
8.07438	0.00282976
8.07463	0.00813344
8.07487	0.00490448
8.07512	-0.00497081
8.07536	-0.0131716
8.0756	-0.0121675
8.07585	-0.00452218
8.07609	-0.00243937
8.07634	-0.0117821
8.07658	-0.0209503
8.07683	-0.0159523
8.07707	-0.00236626
8.07732	0.00206073
8.07756	-0.00515208
8.07781	-0.00853709
8.07805	-0.00119427
8.0783	0.00504168
8.07854	0.00226724
8.07878	0.000477083
8.07903	0.00780063
8.07927	0.0134118
8.07952	0.00499736
8.07976	-0.00947965
8.08001	-0.0139131
8.08025	-0.00878713
8.0805	-0.00695998
8.08074	-0.0109613
8.08099	-0.0116588
8.08123	-0.00672172
8.08148	-0.00398081
8.08172	-0.00603581
8.08196	-0.00595999
8.08221	-0.000678299
8.08245	0.00358042
8.0827	0.00245302
8.08294	-0.000291952
8.08319	-0.00122002
8.08343	-0.00284981
8.08368	-0.00663244
8.08392	-0.00822598
8.08417	-0.00470828
8.08441	-0.000353613
8.08465	-0.000144152
8.0849	-0.0020979
8.08514	-0.00111371
8.08539	0.0026608
8.08563	0.00434921
8.08588	0.00203389
8.08612	-0.000581238
8.08637	-7.00703e-05
8.08661	0.00131363
8.08686	-0.00106605
8.0871	-0.00644608
8.08735	-0.00822601
8.08759	-0.00342223
8.08783	0.00135607
8.08808	-0.00155759
8.08832	-0.00899648
8.08857	-0.0108951
8.08881	-0.00531603
8.08906	-0.000618723
8.0893	-0.00118766
8.08955	-0.0012641
8.08979	0.00256801
8.09004	0.00324259
8.09028	-0.00452282
8.09053	-0.0127213
8.09077	-0.0110939
8.09101	-0.00312515
8.09126	0.000304254
8.0915	-0.00144458
8.09175	9.3598e-05
8.09199	0.00595701
8.09224	0.00732913
8.09248	0.000738007
8.09273	-0.00580292
8.09297	-0.00525185
8.09322	-0.00104232
8.09346	0.000105821
8.09371	-0.0020898
8.09395	-0.00342664
8.09419	-0.00215733
8.09444	-3.63056e-05
8.09468	0.000983722
8.09493	0.000804636
8.09517	0.0011679
8.09542	0.00357906
8.09566	0.00620647
8.09591	0.00522071
8.09615	0.0012133
8.0964	-1.89187e-05
8.09664	0.0031438
8.09688	0.00345687
8.09713	-0.00433337
8.09737	-0.0133719
8.09762	-0.0137217
8.09786	-0.00697613
8.09811	-0.0021421
8.09835	-0.000717018
8.0986	0.0027124
8.09884	0.00710594
8.09909	0.00489467
8.09933	-0.00423738
8.09958	-0.0114138
8.09982	-0.0121256
8.10006	-0.010535
8.10031	-0.00847735
8.10055	-0.00214725
8.1008	0.00684534
8.10104	0.00908999
8.10129	0.00142115
8.10153	-0.00683359
8.10178	-0.00719967
8.10202	-0.00232279
8.10227	0.00212326
8.10251	0.00599802
8.10276	0.00934673
8.103	0.00837289
8.10324	0.00364221
8.10349	0.00291069
8.10373	0.00819687
8.10398	0.0094745
8.10422	0.000241617
8.10447	-0.00950074
8.10471	-0.00679482
8.10496	0.00459873
8.1052	0.00995433
8.10545	0.00468344
8.10569	-0.00199247
8.10594	-0.00238852
8.10618	0.00124204
8.10642	0.00337634
8.10667	0.00162256
8.10691	-0.00381529
8.10716	-0.0101535
8.1074	-0.0116657
8.10765	-0.00541729
8.10789	0.00310976
8.10814	0.00560229
8.10838	0.00136916
8.10863	-0.00283779
8.10887	-0.00225115
8.10911	0.00166568
8.10936	0.00521004
8.1096	0.00585323
8.10985	0.00276504
8.11009	-0.00182849
8.11034	-0.00322107
8.11058	9.28873e-05
8.11083	0.00335777
8.11107	0.00184997
8.11132	-0.00248881
8.11156	-0.00452715
8.11181	-0.00291053
8.11205	0.000309132
8.11229	0.00316967
8.11254	0.00297563
8.11278	-0.00293294
8.11303	-0.0106691
8.11327	-0.0102812
8.11352	0.000361646
8.11376	0.00867095
8.11401	0.00352419
8.11425	-0.00748097
8.1145	-0.00840617
8.11474	0.00164488
8.11499	0.00897534
8.11523	0.00724722
8.11547	0.00402386
8.11572	0.0039354
8.11596	0.00080852
8.11621	-0.0076308
8.11645	-0.0110886
8.1167	-0.00224937
8.11694	0.00934779
8.11719	0.0100898
8.11743	0.00199835
8.11768	-0.00191843
8.11792	0.00202297
8.11817	0.00445533
8.11841	-0.000863826
8.11865	-0.00809494
8.1189	-0.00953305
8.11914	-0.00654551
8.11939	-0.00536084
8.11963	-0.00711084
8.11988	-0.00746593
8.12012	-0.0037656
8.12037	0.0021058
8.12061	0.00715169
8.12086	0.00982777
8.1211	0.00926047
8.12134	0.0052345
8.12159	-0.000216034
8.12183	-0.00370552
8.12208	-0.00402905
8.12232	-0.0030005
8.12257	-0.00250781
8.12281	-0.00317148
8.12306	-0.00588827
8.1233	-0.0105312
8.12355	-0.0122798
8.12379	-0.00511327
8.12404	0.0078538
8.12428	0.0140382
8.12452	0.00719234
8.12477	-0.00268568
8.12501	-0.00341891
8.12526	0.00126322
8.1255	-0.000791146
8.12575	-0.00877223
8.12599	-0.0100143
8.12624	-0.00230067
8.12648	0.00141337
8.12673	-0.00511117
8.12697	-0.0108726
8.12722	-0.0069854
8.12746	-0.00171303
8.1277	-0.00493624
8.12795	-0.0104628
8.12819	-0.00767931
8.12844	-0.000780703
8.12868	-0.00103603
8.12893	-0.00714921
8.12917	-0.00917034
8.12942	-0.00692436
8.12966	-0.00833146
8.12991	-0.012226
8.13015	-0.00925659
8.1304	0.000405513
8.13064	0.00594288
8.13088	0.00405261
8.13113	0.00358022
8.13137	0.00890041
8.13162	0.0121878
8.13186	0.00699753
8.13211	-0.00189849
8.13235	-0.00728882
8.1326	-0.00858214
8.13284	-0.00794282
8.13309	-0.00617261
8.13333	-0.0057208
8.13358	-0.00912267
8.13382	-0.012159
8.13406	-0.00817221
8.13431	-0.00102736
8.13455	-0.00219478
8.1348	-0.0118638
8.13504	-0.0160698
8.13529	-0.00821666
8.13553	-7.34506e-05
8.13578	-0.00272185
8.13602	-0.00877793
8.13627	-0.00513898
8.13651	0.00589076
8.13675	0.0111021
8.137	0.00617765
8.13724	-0.00120893
8.13749	-0.00484935
8.13773	-0.00581527
8.13798	-0.00651753
8.13822	-0.00785739
8.13847	-0.0110312
8.13871	-0.0149204
8.13896	-0.013941
8.1392	-0.00568236
8.13945	0.00218002
8.13969	0.00086429
8.13993	-0.00598236
8.14018	-0.00702245
8.14042	-0.00043558
8.14067	0.00388951
8.14091	0.000741167
8.14116	-0.00238386
8.1414	0.00131533
8.14165	0.00515652
8.14189	-0.00174467
8.14214	-0.0164414
8.14238	-0.0231178
8.14263	-0.0134802
8.14287	0.00144813
8.14311	0.00498872
8.14336	-0.00427578
8.1436	-0.0124062
8.14385	-0.00962772
8.14409	-0.00150797
8.14434	0.00181373
8.14458	-0.000685949
8.14483	-0.00376439
8.14507	-0.00559899
8.14532	-0.00678572
8.14556	-0.00515897
8.14581	-0.000813643
8.14605	-0.00138192
8.14629	-0.0110756
8.14654	-0.018544
8.14678	-0.00987076
8.14703	0.00798743
8.14727	0.0133496
8.14752	0.00144253
8.14776	-0.00786623
8.14801	-0.000415808
8.14825	0.011535
8.1485	0.0100366
8.14874	-0.00196756
8.14898	-0.00920092
8.14923	-0.00800231
8.14947	-0.0057789
8.14972	-0.00412439
8.14996	0.00106758
8.15021	0.00656879
8.15045	0.00433436
8.1507	-0.00387504
8.15094	-0.0074372
8.15119	-0.0025506
8.15143	0.00398141
8.15168	0.00651506
8.15192	0.00594031
8.15216	0.00358079
8.15241	-0.000484247
8.15265	-0.00308367
8.1529	-0.00121269
8.15314	0.000859702
8.15339	-0.0026944
8.15363	-0.00718204
8.15388	-0.0021485
8.15412	0.0107098
8.15437	0.0160277
8.15461	0.0053213
8.15486	-0.0105253
8.1551	-0.0152237
8.15534	-0.00690702
8.15559	0.00216109
8.15583	0.0021145
8.15608	-0.0037407
8.15632	-0.00485529
8.15657	0.00206408
8.15681	0.00719807
8.15706	-9.96761e-05
8.1573	-0.0143608
8.15755	-0.0179891
8.15779	-0.00569498
8.15804	0.00555487
8.15828	-0.000279221
8.15852	-0.0148536
8.15877	-0.0182527
8.15901	-0.00804404
8.15926	0.000667392
8.1595	0.000555672
8.15975	-0.000447172
8.15999	0.00249711
8.16024	0.00296504
8.16048	-0.00227669
8.16073	-0.00620924
8.16097	-0.00497662
8.16121	-0.00468773
8.16146	-0.00815319
8.1617	-0.00776854
8.16195	0.000253984
8.16219	0.00627474
8.16244	0.00141118
8.16268	-0.00798071
8.16293	-0.00967945
8.16317	-0.00240241
8.16342	0.00539057
8.16366	0.00768335
8.16391	0.00454005
8.16415	-0.00122488
8.16439	-0.00498004
8.16464	-0.00311413
8.16488	0.000666554
8.16513	-0.00161577
8.16537	-0.00927457
8.16562	-0.0119011
8.16586	-0.00584708
8.16611	-0.00119028
8.16635	-0.00540907
8.1666	-0.0108847
8.16684	-0.00793312
8.16709	-0.000423588
8.16733	0.00246508
8.16757	0.00152704
8.16782	0.00280862
8.16806	0.00477623
8.16831	0.00240353
8.16855	-0.0016125
8.1688	-0.00163034
8.16904	1.7808e-05
8.16929	-0.00164294
8.16953	-0.00342957
8.16978	-0.000660876
8.17002	0.00127489
8.17027	-0.00405766
8.17051	-0.00890441
8.17075	-0.00149035
8.171	0.0117314
8.17124	0.0121992
8.17149	-0.002162
8.17173	-0.0127749
8.17198	-0.00831428
8.17222	0.000804958
8.17247	0.00217332
8.17271	-0.000760273
8.17296	-7.2203e-05
8.1732	0.00143509
8.17344	-0.0016078
8.17369	-0.00423759
8.17393	0.000462488
8.17418	0.00684212
8.17442	0.0035171
8.17467	-0.00850615
8.17491	-0.0162168
8.17516	-0.0126819
8.1754	-0.00494852
8.17565	-0.00230226
8.17589	-0.00442001
8.17614	-0.00482834
8.17638	-0.00153455
8.17662	0.000292407
8.17687	-0.00429986
8.17711	-0.01273
8.17736	-0.0169688
8.1776	-0.0131042
8.17785	-0.00636682
8.17809	-0.00437908
8.17834	-0.00750514
8.17858	-0.00975623
8.17883	-0.00799129
8.17907	-0.00521127
8.17932	-0.00456307
8.17956	-0.00508646
8.1798	-0.00476248
8.18005	-0.00372893
8.18029	-0.00296138
8.18054	-0.0029567
8.18078	-0.00428124
8.18103	-0.00621748
8.18127	-0.00538673
8.18152	-0.000112966
8.18176	0.00455956
8.18201	0.0021775
8.18225	-0.00469896
8.1825	-0.0064491
8.18274	-0.000297979
8.18298	0.00540643
8.18323	0.00407829
8.18347	0.000191617
8.18372	3.4886e-05
8.18396	0.000269258
8.18421	-0.00565045
8.18445	-0.0137232
8.1847	-0.0123295
8.18494	0.000654866
8.18519	0.0126579
8.18543	0.0121964
8.18567	0.00338357
8.18592	-0.0013451
8.18616	0.000904258
8.18641	0.00115627
8.18665	-0.00554273
8.1869	-0.0108734
8.18714	-0.00575988
8.18739	0.00425239
8.18763	0.00576488
8.18788	-0.0026341
8.18812	-0.00848855
8.18837	-0.00477538
8.18861	0.000534284
8.18885	-0.000901258
8.1891	-0.00474924
8.18934	-0.00357238
8.18959	0.000141673
8.18983	0.00050893
8.19008	-0.000376473
8.19032	0.0012956
8.19057	0.000897496
8.19081	-0.00569215
8.19106	-0.00991834
8.1913	-0.0024662
8.19155	0.00804048
8.19179	0.00564096
8.19203	-0.00682132
8.19228	-0.0113067
8.19252	-0.00387767
8.19277	0.000354479
8.19301	-0.00543253
8.19326	-0.00897281
8.1935	-0.00274713
8.19375	0.0019534
8.19399	-0.00400622
8.19424	-0.0107386
8.19448	-0.00716407
8.19473	-0.000225634
8.19497	-0.000961593
8.19521	-0.00427343
8.19546	0.000858917
8.1957	0.0107209
8.19595	0.0128715
8.19619	0.00605093
8.19644	-0.00058997
8.19668	-0.00246714
8.19693	-0.000807282
8.19717	0.00480012
8.19742	0.0122383
8.19766	0.0119058
8.1979	-0.000646397
8.19815	-0.0135371
8.19839	-0.0137335
8.19864	-0.00666096
8.19888	-0.00587187
8.19913	-0.0102077
8.19937	-0.00862622
8.19962	-0.00228273
8.19986	-0.00228108
8.20011	-0.00787552
8.20035	-0.00682748
8.2006	0.00218332
8.20084	0.00679669
8.20108	0.00281636
8.20133	6.37738e-05
8.20157	0.00249102
8.20182	0.000992033
8.20206	-0.00758306
8.20231	-0.011751
8.20255	-0.0046844
8.2028	0.0028671
8.20304	-0.000700968
8.20329	-0.0104336
8.20353	-0.0145474
8.20378	-0.011492
8.20402	-0.00706614
8.20426	-0.00285445
8.20451	0.00237995
8.20475	0.00590975
8.205	0.00468823
8.20524	0.00165745
8.20549	0.00171988
8.20573	0.00497135
8.20598	0.00833144
8.20622	0.00962492
8.20647	0.00725917
8.20671	0.00134175
8.20696	-0.00298978
8.2072	-0.000335012
8.20744	0.00541994
8.20769	0.00488774
8.20793	-0.00205635
8.20818	-0.00583772
8.20842	-0.00356853
8.20867	-0.00306557
8.20891	-0.00653253
8.20916	-0.00511561
8.2094	0.00296423
8.20965	0.0045947
8.20989	-0.00623727
8.21014	-0.0132557
8.21038	-0.000830711
8.21062	0.0189234
8.21087	0.0209458
8.21111	0.00301267
8.21136	-0.0127484
8.2116	-0.0125246
8.21185	-0.0061292
8.21209	-0.0065184
8.21234	-0.0104766
8.21258	-0.00758471
8.21283	0.00223285
8.21307	0.00892405
8.21331	0.00539652
8.21356	-0.00532906
8.2138	-0.0141019
8.21405	-0.0143781
8.21429	-0.00826622
8.21454	-0.00370681
8.21478	-0.00439725
8.21503	-0.00539269
8.21527	-0.00155966
8.21552	0.00400431
8.21576	0.00520025
8.21601	0.00248137
8.21625	0.000540672
8.21649	-0.000286076
8.21674	-0.00288709
8.21698	-0.00605585
8.21723	-0.00610646
8.21747	-0.00433143
8.21772	-0.00523982
8.21796	-0.00828844
8.21821	-0.00873684
8.21845	-0.0059502
8.2187	-0.00362117
8.21894	-0.00262217
8.21919	-0.0011058
8.21943	-0.000673571
8.21967	-0.00420875
8.21992	-0.00831443
8.22016	-0.00702349
8.22041	-0.00299138
8.22065	-0.00489329
8.2209	-0.0123504
8.22114	-0.0143883
8.22139	-0.00648821
8.22163	0.00152364
8.22188	0.00057107
8.22212	-0.00413172
8.22237	-0.00269781
8.22261	0.00352628
8.22285	0.0051927
8.2231	0.000100268
8.22334	-0.00415639
8.22359	-0.00179763
8.22383	0.0041211
8.22408	0.00697417
8.22432	0.00408173
8.22457	-0.00154664
8.22481	-0.00390691
8.22506	0.000945874
8.2253	0.00975357
8.22554	0.0134559
8.22579	0.00718174
8.22603	-0.00251965
8.22628	-0.00458645
8.22652	0.00299376
8.22677	0.0109598
8.22701	0.0106776
8.22726	0.00391197
8.2275	-0.00146056
8.22775	-0.00197836
8.22799	-0.001011
8.22824	-0.00193393
8.22848	-0.00320331
8.22872	-0.00171401
8.22897	0.00184465
8.22921	0.00395636
8.22946	0.00352907
8.2297	0.0030233
8.22995	0.00407849
8.23019	0.00490852
8.23044	0.00320294
8.23068	-0.000699402
8.23093	-0.00475694
8.23117	-0.00717674
8.23142	-0.0064299
8.23166	-0.00218805
8.2319	0.00216811
8.23215	0.00129604
8.23239	-0.00522346
8.23264	-0.0107554
8.23288	-0.00944648
8.23313	-0.0033715
8.23337	0.0014432
8.23362	0.0029114
8.23386	0.002562
8.23411	0.000487346
8.23435	-0.00379038
8.2346	-0.00737575
8.23484	-0.0067757
8.23508	-0.00372313
8.23533	-0.00300084
8.23557	-0.00524781
8.23582	-0.00692633
8.23606	-0.00625504
8.23631	-0.004051
8.23655	-0.000537838
8.2368	0.00277508
8.23704	0.000694692
8.23729	-0.00820125
8.23753	-0.0140993
8.23777	-0.00640966
8.23802	0.00869159
8.23826	0.0132916
8.23851	0.00243828
8.23875	-0.00908199
8.239	-0.00958697
8.23924	-0.00653697
8.23949	-0.0106986
8.23973	-0.0166499
8.23998	-0.0125663
8.24022	-0.00132273
8.24047	0.00342835
8.24071	-0.00141685
8.24095	-0.00562662
8.2412	-0.00339925
8.24144	-0.000121284
8.24169	0.000279776
8.24193	0.00192844
8.24218	0.00684949
8.24242	0.00924833
8.24267	0.00553503
8.24291	0.00104053
8.24316	0.000478327
8.2434	-0.000561764
8.24365	-0.00742688
8.24389	-0.0157575
8.24413	-0.0169691
8.24438	-0.0105093
8.24462	-0.00332096
8.24487	0.000212233
8.24511	0.000758588
8.24536	-0.00145772
8.2456	-0.00687508
8.24585	-0.0114006
8.24609	-0.00843912
8.24634	0.00152076
8.24658	0.00896626
8.24683	0.00629925
8.24707	-0.0029047
