4.00007	0.0188296
4.00031	0.0226289
4.00056	0.0277567
4.0008	0.0318503
4.00105	0.0338994
4.00129	0.0307335
4.00154	0.0213408
4.00178	0.0134232
4.00203	0.0166146
4.00227	0.0277471
4.00252	0.0322959
4.00276	0.0244691
4.003	0.0163401
4.00325	0.0197573
4.00349	0.0279797
4.00374	0.0267086
4.00398	0.0177963
4.00423	0.0172642
4.00447	0.0297431
4.00472	0.0398851
4.00496	0.0348225
4.00521	0.0226588
4.00545	0.0192924
4.0057	0.0259715
4.00594	0.0314127
4.00618	0.0303741
4.00643	0.0274536
4.00667	0.024972
4.00692	0.0202743
4.00716	0.0158124
4.00741	0.0191276
4.00765	0.0290404
4.0079	0.0333613
4.00814	0.0262183
4.00839	0.0176256
4.00863	0.0186191
4.00888	0.0259994
4.00912	0.0304967
4.00936	0.0317191
4.00961	0.0342794
4.00985	0.035723
4.0101	0.0307102
4.01034	0.0232366
4.01059	0.0222106
4.01083	0.0270952
4.01108	0.0300517
4.01132	0.0306472
4.01157	0.0352439
4.01181	0.0420014
4.01205	0.0408154
4.0123	0.0308713
4.01254	0.0246412
4.01279	0.0296523
4.01303	0.038334
4.01328	0.0414877
4.01352	0.0404525
4.01377	0.039698
4.01401	0.0381287
4.01426	0.0349175
4.0145	0.0343192
4.01475	0.0375896
4.01499	0.0391859
4.01523	0.0374076
4.01548	0.0386561
4.01572	0.0441902
4.01597	0.0444226
4.01621	0.035779
4.01646	0.0311809
4.0167	0.0411993
4.01695	0.0551899
4.01719	0.0560361
4.01744	0.0457729
4.01768	0.0405942
4.01793	0.0456534
4.01817	0.0511624
4.01841	0.0508639
4.01866	0.0486163
4.0189	0.0470757
4.01915	0.0442948
4.01939	0.0423711
4.01964	0.0463496
4.01988	0.0531805
4.02013	0.0538914
4.02037	0.048233
4.02062	0.0454894
4.02086	0.0491396
4.02111	0.0523625
4.02135	0.0509433
4.02159	0.0489772
4.02184	0.0487224
4.02208	0.0462773
4.02233	0.0414098
4.02257	0.0407112
4.02282	0.0458414
4.02306	0.0487781
4.02331	0.0447728
4.02355	0.0407652
4.0238	0.0440169
4.02404	0.0505615
4.02428	0.0528781
4.02453	0.0523739
4.02477	0.0551796
4.02502	0.059596
4.02526	0.0572534
4.02551	0.0465665
4.02575	0.0376287
4.026	0.0408994
4.02624	0.0542952
4.02649	0.0643725
4.02673	0.0604819
4.02698	0.046354
4.02722	0.0356817
4.02746	0.0363438
4.02771	0.042835
4.02795	0.0462013
4.0282	0.0462748
4.02844	0.0487896
4.02869	0.0544016
4.02893	0.0580352
4.02918	0.0574852
4.02942	0.0552411
4.02967	0.0521135
4.02991	0.0463527
4.03016	0.0398729
4.0304	0.0385344
4.03064	0.0442481
4.03089	0.0518892
4.03113	0.0556186
4.03138	0.0542483
4.03162	0.0500016
4.03187	0.0462431
4.03211	0.0462208
4.03236	0.0494812
4.0326	0.050134
4.03285	0.0437889
4.03309	0.0355266
4.03334	0.0350924
4.03358	0.0441367
4.03382	0.0539526
4.03407	0.0563196
4.03431	0.051251
4.03456	0.0436655
4.0348	0.0378134
4.03505	0.0358878
4.03529	0.0375111
4.03554	0.0396604
4.03578	0.0403487
4.03603	0.0417003
4.03627	0.0460176
4.03651	0.0507286
4.03676	0.051529
4.037	0.0485067
4.03725	0.0449746
4.03749	0.0430885
4.03774	0.044737
4.03798	0.052023
4.03823	0.0612977
4.03847	0.0627853
4.03872	0.053841
4.03896	0.0460559
4.03921	0.0492379
4.03945	0.0552877
4.03969	0.0512954
4.03994	0.0426804
4.04018	0.0459463
4.04043	0.0606118
4.04067	0.0676689
4.04092	0.0586215
4.04116	0.0473071
4.04141	0.0465132
4.04165	0.0502031
4.0419	0.0484994
4.04214	0.0450328
4.04239	0.0471601
4.04263	0.0510808
4.04287	0.0502937
4.04312	0.0496021
4.04336	0.0562046
4.04361	0.0630972
4.04385	0.0567341
4.0441	0.0393246
4.04434	0.0291798
4.04459	0.0366655
4.04483	0.0513001
4.04508	0.0574361
4.04532	0.0540327
4.04557	0.0515703
4.04581	0.0541441
4.04605	0.0539277
4.0463	0.0448774
4.04654	0.0340581
4.04679	0.0323816
4.04703	0.0377505
4.04728	0.0373807
4.04752	0.0278522
4.04777	0.0216044
4.04801	0.0276928
4.04826	0.0369703
4.0485	0.0367534
4.04874	0.0314848
4.04899	0.0349007
4.04923	0.0469659
4.04948	0.0540334
4.04972	0.0502479
4.04997	0.04373
4.05021	0.0411114
4.05046	0.0402345
4.0507	0.039843
4.05095	0.042774
4.05119	0.0472636
4.05144	0.0480753
4.05168	0.0477853
4.05192	0.0531207
4.05217	0.0594193
4.05241	0.0555469
4.05266	0.0462426
4.0529	0.0495291
4.05315	0.0662939
4.05339	0.0742396
4.05364	0.0624936
4.05388	0.0506609
4.05413	0.05827
4.05437	0.0751617
4.05462	0.081717
4.05486	0.0814139
4.0551	0.0896372
4.05535	0.102535
4.05559	0.103155
4.05584	0.092057
4.05608	0.0860477
4.05633	0.0883739
4.05657	0.0847533
4.05682	0.0706389
4.05706	0.0592576
4.05731	0.0577015
4.05755	0.0564815
4.0578	0.0503816
4.05804	0.0496916
4.05828	0.0598101
4.05853	0.066981
4.05877	0.0583776
4.05902	0.043417
4.05926	0.0398348
4.05951	0.0474757
4.05975	0.0513853
4.06	0.0456572
4.06024	0.0388872
4.06049	0.0373883
4.06073	0.0372503
4.06097	0.0352697
4.06122	0.0356388
4.06146	0.0405389
4.06171	0.0433218
4.06195	0.0383065
4.0622	0.0314712
4.06244	0.0330763
4.06269	0.0422216
4.06293	0.0472869
4.06318	0.0424285
4.06342	0.0357264
4.06367	0.037234
4.06391	0.0454355
4.06415	0.0518757
4.0644	0.0548473
4.06464	0.060139
4.06489	0.0695437
4.06513	0.0776574
4.06538	0.0817467
4.06562	0.0863158
4.06587	0.0938111
4.06611	0.0983732
4.06636	0.0951233
4.0666	0.0897721
4.06685	0.0908823
4.06709	0.095922
4.06733	0.0939575
4.06758	0.0818941
4.06782	0.0695212
4.06807	0.0658537
4.06831	0.0671931
4.06856	0.0636018
4.0688	0.0533587
4.06905	0.0452836
4.06929	0.0471746
4.06954	0.0564561
4.06978	0.0639441
4.07003	0.0641915
4.07027	0.0596981
4.07051	0.0562465
4.07076	0.0568651
4.071	0.0601642
4.07125	0.0622226
4.07149	0.0603705
4.07174	0.0576193
4.07198	0.0619195
4.07223	0.0762417
4.07247	0.0907395
4.07272	0.09302
4.07296	0.0872611
4.0732	0.0918683
4.07345	0.11253
4.07369	0.129864
4.07394	0.124927
4.07418	0.106175
4.07443	0.0952925
4.07467	0.0943809
4.07492	0.087619
4.07516	0.0720778
4.07541	0.0632326
4.07565	0.0664094
4.0759	0.0661969
4.07614	0.0536494
4.07638	0.0429123
4.07663	0.0471089
4.07687	0.0560293
4.07712	0.0548326
4.07736	0.0497197
4.07761	0.0550699
4.07785	0.0663527
4.0781	0.0676058
4.07834	0.0590013
4.07859	0.0549287
4.07883	0.0578203
4.07908	0.0558503
4.07932	0.0472241
4.07956	0.0453876
4.07981	0.0553166
4.08005	0.0636053
4.0803	0.0598851
4.08054	0.0524442
4.08079	0.0535811
4.08103	0.0623082
4.08128	0.0708535
4.08152	0.0773439
4.08177	0.0825572
4.08201	0.0836186
4.08226	0.0809344
4.0825	0.0835353
4.08274	0.0974338
4.08299	0.115157
4.08323	0.126897
4.08348	0.136096
4.08372	0.152624
4.08397	0.174727
4.08421	0.190688
4.08446	0.197713
4.0847	0.206664
4.08495	0.225407
4.08519	0.248325
4.08544	0.267771
4.08568	0.287671
4.08592	0.318662
4.08617	0.364946
4.08641	0.423292
4.08666	0.491755
4.0869	0.570882
4.08715	0.655849
4.08739	0.734872
4.08764	0.799093
4.08788	0.850212
4.08813	0.89563
4.08837	0.939767
4.08861	0.983153
4.08886	1.02516
4.0891	1.06071
4.08935	1.07606
4.08959	1.05634
4.08984	1.00136
4.09008	0.930629
4.09033	0.871062
4.09057	0.843087
4.09082	0.858142
4.09106	0.919433
4.09131	1.01402
4.09155	1.10418
4.09179	1.13648
4.09204	1.07054
4.09228	0.906462
4.09253	0.688243
4.09277	0.478592
4.09302	0.322753
4.09326	0.228309
4.09351	0.17484
4.09375	0.139813
4.094	0.113962
4.09424	0.0970035
4.09449	0.0883457
4.09473	0.0856514
4.09497	0.0866211
4.09522	0.0876476
4.09546	0.0843753
4.09571	0.0769346
4.09595	0.0705365
4.0962	0.0674411
4.09644	0.0630251
4.09669	0.0538465
4.09693	0.0444107
4.09718	0.0404206
4.09742	0.0401078
4.09767	0.0386993
4.09791	0.0370324
4.09815	0.0381834
4.0984	0.0393489
4.09864	0.0358319
4.09889	0.0306016
4.09913	0.030495
4.09938	0.0342242
4.09962	0.0340947
4.09987	0.0297976
4.10011	0.0300244
4.10036	0.0379672
4.1006	0.0449362
4.10084	0.0427273
4.10109	0.0344939
4.10133	0.0285394
4.10158	0.0277696
4.10182	0.0299557
4.10207	0.0327907
4.10231	0.0341563
4.10256	0.0322461
4.1028	0.0293134
4.10305	0.0303552
4.10329	0.0349088
4.10354	0.0362909
4.10378	0.0328709
4.10402	0.0327298
4.10427	0.0411344
4.10451	0.050525
4.10476	0.0511831
4.105	0.0460042
4.10525	0.044831
4.10549	0.0481761
4.10574	0.0479014
4.10598	0.0425874
4.10623	0.0402979
4.10647	0.0443524
4.10672	0.0474122
4.10696	0.0438964
4.1072	0.0387559
4.10745	0.0379615
4.10769	0.0384651
4.10794	0.035414
4.10818	0.0330789
4.10843	0.0389453
4.10867	0.0499668
4.10892	0.0548515
4.10916	0.050379
4.10941	0.0463267
4.10965	0.0512795
4.1099	0.0612833
4.11014	0.0676387
4.11038	0.0700723
4.11063	0.0752316
4.11087	0.0852113
4.11112	0.0952125
4.11136	0.102459
4.11161	0.110458
4.11185	0.122612
4.1121	0.137915
4.11234	0.156496
4.11259	0.183403
4.11283	0.220322
4.11307	0.256877
4.11332	0.278104
4.11356	0.280613
4.11381	0.274509
4.11405	0.268284
4.1143	0.259406
4.11454	0.243058
4.11479	0.222245
4.11503	0.202252
4.11528	0.18081
4.11552	0.153315
4.11577	0.125297
4.11601	0.108734
4.11625	0.104392
4.1165	0.0981543
4.11674	0.0800315
4.11699	0.0584606
4.11723	0.0482875
4.11748	0.0507057
4.11772	0.0544299
4.11797	0.0534237
4.11821	0.0529237
4.11846	0.057388
4.1187	0.0621891
4.11895	0.0610808
4.11919	0.0552013
4.11943	0.050404
4.11968	0.0505002
4.11992	0.0565201
4.12017	0.0676088
4.12041	0.0786628
4.12066	0.082202
4.1209	0.0779195
4.12115	0.0761914
4.12139	0.0861822
4.12164	0.104098
4.12188	0.12005
4.12213	0.133512
4.12237	0.153273
4.12261	0.182755
4.12286	0.214538
4.1231	0.241779
4.12335	0.267204
4.12359	0.296483
4.12384	0.327879
4.12408	0.35278
4.12433	0.363479
4.12457	0.358245
4.12482	0.342155
4.12506	0.324208
4.1253	0.309103
4.12555	0.290771
4.12579	0.259997
4.12604	0.220035
4.12628	0.186778
4.12653	0.169661
4.12677	0.161155
4.12702	0.151542
4.12726	0.145047
4.12751	0.151048
4.12775	0.166297
4.128	0.17922
4.12824	0.188811
4.12848	0.205188
4.12873	0.230816
4.12897	0.254328
4.12922	0.266016
4.12946	0.267702
4.12971	0.26316
4.12995	0.250446
4.1302	0.230057
4.13044	0.210124
4.13069	0.195353
4.13093	0.179321
4.13118	0.156018
4.13142	0.130828
4.13166	0.11072
4.13191	0.0918245
4.13215	0.0688863
4.1324	0.0504244
4.13264	0.0492338
4.13289	0.0601026
4.13313	0.0629772
4.13338	0.0508426
4.13362	0.0400621
4.13387	0.0465449
4.13411	0.0628283
4.13436	0.0681111
4.1346	0.0549929
4.13484	0.0373896
4.13509	0.0334574
4.13533	0.0463458
4.13558	0.062456
4.13582	0.067067
4.13607	0.0610829
4.13631	0.0596358
4.13656	0.071521
4.1368	0.0854834
4.13705	0.0854861
4.13729	0.0761031
4.13753	0.0793307
4.13778	0.10421
4.13802	0.133914
4.13827	0.150532
4.13851	0.160351
4.13876	0.182442
4.139	0.219875
4.13925	0.256055
4.13949	0.277275
4.13974	0.28655
4.13998	0.293651
4.14023	0.300827
4.14047	0.302109
4.14071	0.291827
4.14096	0.270867
4.1412	0.246015
4.14145	0.223041
4.14169	0.200081
4.14194	0.171041
4.14218	0.13678
4.14243	0.107348
4.14267	0.089808
4.14292	0.07996
4.14316	0.0708012
4.14341	0.0622288
4.14365	0.0558604
4.14389	0.0476892
4.14414	0.0351186
4.14438	0.0250592
4.14463	0.024272
4.14487	0.0267943
4.14512	0.0231088
4.14536	0.0176366
4.14561	0.0229138
4.14585	0.0378782
4.1461	0.0469356
4.14634	0.0421796
4.14659	0.0327672
4.14683	0.0291721
4.14707	0.031032
4.14732	0.0344799
4.14756	0.0388605
4.14781	0.0407053
4.14805	0.032782
4.1483	0.0159205
4.14854	0.00223683
4.14879	0.000385627
4.14903	0.00614599
4.14928	0.0121297
4.14952	0.0167344
4.14976	0.0184755
4.15001	0.0131275
4.15025	0.00386169
4.1505	0.00299598
4.15074	0.0146052
4.15099	0.0253583
4.15123	0.0224499
4.15148	0.0115658
4.15172	0.0065531
4.15197	0.00956994
4.15221	0.0127102
4.15246	0.0122796
4.1527	0.0100449
4.15294	0.00622654
4.15319	0.00214095
4.15343	0.00414281
4.15368	0.0143426
4.15392	0.0231465
4.15417	0.0216881
4.15441	0.0153862
4.15466	0.0140301
4.1549	0.0157271
4.15515	0.0137482
4.15539	0.0119962
4.15564	0.0179541
4.15588	0.0260166
4.15612	0.0252366
4.15637	0.0197888
4.15661	0.0231
4.15686	0.0335083
4.1571	0.0356451
4.15735	0.0269427
4.15759	0.0223827
4.15784	0.028931
4.15808	0.0351576
4.15833	0.0329709
4.15857	0.0308042
4.15882	0.0359465
4.15906	0.0408982
4.1593	0.0384886
4.15955	0.0354299
4.15979	0.0386162
4.16004	0.0415701
4.16028	0.037787
4.16053	0.0353047
4.16077	0.0431795
4.16102	0.0536025
4.16126	0.0534204
4.16151	0.0461171
4.16175	0.0464643
4.16199	0.0580343
4.16224	0.0710629
4.16248	0.0796169
4.16273	0.0867972
4.16297	0.094272
4.16322	0.0993003
4.16346	0.101487
4.16371	0.101605
4.16395	0.0953207
4.1642	0.0793004
4.16444	0.0615592
4.16469	0.0535148
4.16493	0.0526093
4.16517	0.0455455
4.16542	0.0292077
4.16566	0.0153214
4.16591	0.0122207
4.16615	0.0145366
4.1664	0.0146611
4.16664	0.0129023
4.16689	0.0114039
4.16713	0.00844783
4.16738	0.00449371
4.16762	0.00489318
4.16787	0.0107746
4.16811	0.0149286
4.16835	0.0120818
4.1686	0.00599095
4.16884	0.00163743
4.16909	-0.00165516
4.16933	-0.00392223
4.16958	0.000129648
4.16982	0.0121124
4.17007	0.0230903
4.17031	0.0236686
4.17056	0.0161461
4.1708	0.00978784
4.17105	0.00860242
4.17129	0.0102718
4.17153	0.0126285
4.17178	0.0144565
4.17202	0.013664
4.17227	0.0106763
4.17251	0.0100077
4.17276	0.0135747
4.173	0.0171334
4.17325	0.0178001
4.17349	0.0186778
4.17374	0.0209056
4.17398	0.0194824
4.17423	0.0139545
4.17447	0.013752
4.17471	0.0233497
4.17496	0.0320905
4.1752	0.0310279
4.17545	0.0298261
4.17569	0.0410269
4.17594	0.056581
4.17618	0.0598969
4.17643	0.0547549
4.17667	0.0588878
4.17692	0.0713661
4.17716	0.0725333
4.1774	0.0590509
4.17765	0.0516101
4.17789	0.059286
4.17814	0.0627674
4.17838	0.0469858
4.17863	0.0263099
4.17887	0.0191374
4.17912	0.0187479
4.17936	0.0109666
4.17961	0.00260013
4.17985	0.00749542
4.1801	0.0182222
4.18034	0.0181162
4.18058	0.0115656
4.18083	0.0150976
4.18107	0.025012
4.18132	0.0221795
4.18156	0.00636108
4.18181	-0.00253976
4.18205	0.00174357
4.1823	0.00454776
4.18254	0.00038615
4.18279	0.0023279
4.18303	0.0137138
4.18328	0.0176536
4.18352	0.00667834
4.18376	-0.00190012
4.18401	0.00485761
4.18425	0.0134317
4.1845	0.0085208
4.18474	-9.44891e-05
4.18499	0.00402723
4.18523	0.0148183
4.18548	0.0156296
4.18572	0.00879304
4.18597	0.0100538
4.18621	0.0203078
4.18646	0.0250496
4.1867	0.018999
4.18694	0.0113369
4.18719	0.00733172
4.18743	0.00297657
4.18768	-0.00140944
4.18792	0.000670167
4.18817	0.00751399
4.18841	0.00824796
4.18866	0.000354233
4.1889	-0.00503162
4.18915	-0.000438865
4.18939	0.0067069
4.18963	0.00644771
4.18988	0.000966007
4.19012	-0.000216104
4.19037	0.00564096
4.19061	0.0114354
4.19086	0.0095016
4.1911	0.000640746
4.19135	-0.00622518
4.19159	-0.00391965
4.19184	0.0034173
4.19208	0.00468953
4.19233	-0.00239565
4.19257	-0.00682409
4.19281	-0.000844103
4.19306	0.00694436
4.1933	0.00479438
4.19355	-0.00240902
4.19379	-9.17354e-05
4.19404	0.0119829
4.19428	0.0178867
4.19453	0.00999203
4.19477	0.00117187
4.19502	0.00593854
4.19526	0.0199371
4.19551	0.0270592
4.19575	0.0210699
4.19599	0.0117174
4.19624	0.0111237
4.19648	0.0199889
4.19673	0.0278559
4.19697	0.0249672
4.19722	0.0133785
4.19746	0.00531382
4.19771	0.00902695
4.19795	0.0187899
4.1982	0.0227525
4.19844	0.018323
4.19869	0.0137509
4.19893	0.0153865
4.19917	0.0203415
4.19942	0.0228653
4.19966	0.0216872
4.19991	0.0188136
4.20015	0.0162181
4.2004	0.0161173
4.20064	0.019951
4.20089	0.0247159
4.20113	0.024852
4.20138	0.0206901
4.20162	0.0205022
4.20186	0.0296339
4.20211	0.040821
4.20235	0.0415124
4.2026	0.0307645
4.20284	0.0224976
4.20309	0.028102
4.20333	0.040405
4.20358	0.0427662
4.20382	0.033723
4.20407	0.0320628
4.20431	0.0510709
4.20456	0.0772079
4.2048	0.0870824
4.20504	0.080597
4.20529	0.080796
4.20553	0.100552
4.20578	0.1278
4.20602	0.149975
4.20627	0.174495
4.20651	0.211854
4.20676	0.253283
4.207	0.282566
4.20725	0.300261
4.20749	0.317675
4.20774	0.333031
4.20798	0.333204
4.20822	0.317362
4.20847	0.3001
4.20871	0.289182
4.20896	0.2765
4.2092	0.254751
4.20945	0.228644
4.20969	0.204846
4.20994	0.183219
4.21018	0.163018
4.21043	0.147155
4.21067	0.135982
4.21092	0.126483
4.21116	0.120429
4.2114	0.122778
4.21165	0.129481
4.21189	0.129201
4.21214	0.121488
4.21238	0.120642
4.21263	0.135231
4.21287	0.155782
4.21312	0.17085
4.21336	0.184633
4.21361	0.208985
4.21385	0.245896
4.21409	0.286662
4.21434	0.32168
4.21458	0.343666
4.21483	0.349062
4.21507	0.34478
4.21532	0.346005
4.21556	0.357752
4.21581	0.365435
4.21605	0.354062
4.2163	0.330333
4.21654	0.313365
4.21679	0.308491
4.21703	0.305082
4.21727	0.299069
4.21752	0.301042
4.21776	0.316483
4.21801	0.331468
4.21825	0.328804
4.2185	0.31143
4.21874	0.298093
4.21899	0.296971
4.21923	0.2943
4.21948	0.273204
4.21972	0.236175
4.21997	0.200991
4.22021	0.177602
4.22045	0.158712
4.2207	0.134962
4.22094	0.109899
4.22119	0.0934201
4.22143	0.0870399
4.22168	0.0845622
4.22192	0.0837029
4.22217	0.0873993
4.22241	0.0946201
4.22266	0.0993235
4.2229	0.0998221
4.22315	0.101459
4.22339	0.108563
4.22363	0.120646
4.22388	0.137466
4.22412	0.160263
4.22437	0.186219
4.22461	0.208907
4.22486	0.226331
4.2251	0.241996
4.22535	0.256631
4.22559	0.266009
4.22584	0.26838
4.22608	0.266234
4.22632	0.258931
4.22657	0.241839
4.22681	0.215171
4.22706	0.185436
4.2273	0.15603
4.22755	0.125541
4.22779	0.0976256
4.22804	0.0813482
4.22828	0.0768236
4.22853	0.0713201
4.22877	0.0563347
4.22902	0.0391504
4.22926	0.0305398
4.2295	0.0301918
4.22975	0.0317711
4.22999	0.0332905
4.23024	0.0339703
4.23048	0.0294596
4.23073	0.0196538
4.23097	0.0134977
4.23122	0.0162189
4.23146	0.0192124
4.23171	0.0132118
4.23195	0.00448491
4.2322	0.00583917
4.23244	0.0166932
4.23268	0.0245534
4.23293	0.0230275
4.23317	0.016746
4.23342	0.0108553
4.23366	0.00683365
4.23391	0.00699151
4.23415	0.0124233
4.2344	0.017458
4.23464	0.0156101
4.23489	0.00951337
4.23513	0.0059542
4.23538	0.00409609
4.23562	-0.000596713
4.23586	-0.00363206
4.23611	0.00409294
4.23635	0.0192663
4.2366	0.0268836
4.23684	0.0207441
4.23709	0.0117285
4.23733	0.01171
4.23758	0.0190947
4.23782	0.0249845
4.23807	0.025566
4.23831	0.0232413
4.23855	0.0210177
4.2388	0.0196883
4.23904	0.0173717
4.23929	0.0114768
4.23953	0.00465059
4.23978	0.00574656
4.24002	0.0180385
4.24027	0.030272
4.24051	0.0295718
4.24076	0.0205191
4.241	0.0187178
4.24125	0.0263831
4.24149	0.0294384
4.24173	0.0212128
4.24198	0.0129976
4.24222	0.0147576
4.24247	0.0204019
4.24271	0.0216381
4.24296	0.0230694
4.2432	0.031253
4.24345	0.0392948
4.24369	0.0364478
4.24394	0.0262455
4.24418	0.0212075
4.24443	0.0238341
4.24467	0.0261221
4.24491	0.0253069
4.24516	0.026571
4.2454	0.0302783
4.24565	0.0295281
4.24589	0.0230341
4.24614	0.0191909
4.24638	0.022802
4.24663	0.0270562
4.24687	0.0247643
4.24712	0.0203232
4.24736	0.022769
4.24761	0.0309292
4.24785	0.034025
4.24809	0.027441
4.24834	0.0208079
4.24858	0.0260229
4.24883	0.0408028
4.24907	0.0506757
4.24932	0.0481496
4.24956	0.0429447
4.24981	0.047678
4.25005	0.0585279
4.2503	0.0598974
4.25054	0.0474439
4.25079	0.0351383
4.25103	0.0354416
4.25127	0.0426406
4.25152	0.0433201
4.25176	0.035532
4.25201	0.0280642
4.25225	0.0257561
4.2525	0.0256851
4.25274	0.0254846
4.25299	0.0259778
4.25323	0.0263116
4.25348	0.0245942
4.25372	0.0228242
4.25396	0.0238488
4.25421	0.0247291
4.25445	0.0212395
4.2547	0.0175959
4.25494	0.0220812
4.25519	0.032938
4.25543	0.0389503
4.25568	0.0358687
4.25592	0.0320295
4.25617	0.0344292
4.25641	0.039007
4.25666	0.0391563
4.2569	0.0348524
4.25714	0.0285664
4.25739	0.021247
4.25763	0.0175933
4.25788	0.0251973
4.25812	0.0411474
4.25837	0.0497023
4.25861	0.0430083
4.25886	0.0347068
4.2591	0.0408266
4.25935	0.0554189
4.25959	0.0603061
4.25984	0.0534999
4.26008	0.0503592
4.26032	0.0576581
4.26057	0.0646102
4.26081	0.0630042
4.26106	0.0594232
4.2613	0.0603647
4.26155	0.0597005
4.26179	0.0507938
4.26204	0.0399525
4.26228	0.0369717
4.26253	0.0404244
4.26277	0.0425736
4.26302	0.0419483
4.26326	0.0408271
4.2635	0.0368573
4.26375	0.0286982
4.26399	0.0245872
4.26424	0.0321733
4.26448	0.042949
4.26473	0.0408491
4.26497	0.0260783
4.26522	0.0162771
4.26546	0.0214404
4.26571	0.0312559
4.26595	0.0327405
4.26619	0.0281232
4.26644	0.0270278
4.26668	0.03092
4.26693	0.0354357
4.26717	0.0408875
4.26742	0.0492224
4.26766	0.05491
4.26791	0.0504968
4.26815	0.0401084
4.2684	0.0367449
4.26864	0.0447652
4.26889	0.0540298
4.26913	0.0540891
4.26937	0.046498
4.26962	0.0393027
4.26986	0.0357892
4.27011	0.0337388
4.27035	0.0315085
4.2706	0.0295105
4.27084	0.0276059
4.27109	0.0249468
4.27133	0.0214716
4.27158	0.0175298
4.27182	0.0137803
4.27207	0.0128053
4.27231	0.0176429
4.27255	0.0264525
4.2728	0.0322519
4.27304	0.0314102
4.27329	0.0291801
4.27353	0.0325969
4.27378	0.0406637
4.27402	0.0465123
4.27427	0.0471862
4.27451	0.0459059
4.27476	0.0460535
4.275	0.0485016
4.27525	0.0538338
4.27549	0.061111
4.27573	0.0650085
4.27598	0.0608421
4.27622	0.0524171
4.27647	0.0475968
4.27671	0.0457804
4.27696	0.038848
4.2772	0.0266352
4.27745	0.0208986
4.27769	0.0282918
4.27794	0.0391401
4.27818	0.0414181
4.27842	0.0375475
4.27867	0.0370104
4.27891	0.0391405
4.27916	0.0362171
4.2794	0.0299516
4.27965	0.030512
4.27989	0.0386753
4.28014	0.0425164
4.28038	0.035724
4.28063	0.0276215
4.28087	0.0286917
4.28112	0.0350728
4.28136	0.0351472
4.2816	0.0259207
4.28185	0.0153131
4.28209	0.0108013
4.28234	0.0118217
4.28258	0.0130583
4.28283	0.0115187
4.28307	0.00936158
4.28332	0.0101379
4.28356	0.01297
4.28381	0.0135971
4.28405	0.0126845
4.2843	0.0171138
4.28454	0.0275226
4.28478	0.031504
4.28503	0.01992
4.28527	0.00488608
4.28552	0.00658075
4.28576	0.0233049
4.28601	0.031981
4.28625	0.0218272
4.2865	0.00924758
4.28674	0.0106175
4.28699	0.017729
4.28723	0.0146185
4.28748	0.00541902
4.28772	0.00757074
4.28796	0.024312
4.28821	0.0408826
4.28845	0.0455166
4.2887	0.0405877
4.28894	0.0345797
4.28919	0.0344677
4.28943	0.0440584
4.28968	0.0596254
4.28992	0.0699573
4.29017	0.0703088
4.29041	0.0714944
4.29065	0.0842381
4.2909	0.100742
4.29114	0.105687
4.29139	0.0995784
4.29163	0.0941151
4.29188	0.0887786
4.29212	0.0727129
4.29237	0.0495658
4.29261	0.0380312
4.29286	0.0428003
4.2931	0.0462402
4.29335	0.0373177
4.29359	0.0287615
4.29383	0.0336071
4.29408	0.042891
4.29432	0.0419929
4.29457	0.0343998
4.29481	0.0319936
4.29506	0.0331714
4.2953	0.0291915
4.29555	0.0245322
4.29579	0.0317076
4.29604	0.0489919
4.29628	0.0606246
4.29653	0.0590316
4.29677	0.0524958
4.29701	0.0506034
4.29726	0.0551474
4.2975	0.0659399
4.29775	0.08269
4.29799	0.0993618
4.29824	0.108325
4.29848	0.112008
4.29873	0.119137
4.29897	0.127645
4.29922	0.124134
4.29946	0.10452
4.29971	0.0826367
4.29995	0.0714697
4.30019	0.0669485
4.30044	0.0591819
4.30068	0.0500285
4.30093	0.0477972
4.30117	0.0506056
4.30142	0.0480888
4.30166	0.0382238
4.30191	0.0308903
4.30215	0.0329257
4.3024	0.0387854
4.30264	0.039462
4.30288	0.0338032
4.30313	0.0270372
4.30337	0.0234371
4.30362	0.0246719
4.30386	0.0309886
4.30411	0.0388828
4.30435	0.0407121
4.3046	0.0325298
4.30484	0.0212258
4.30509	0.018264
4.30533	0.0260253
4.30558	0.0354042
4.30582	0.0379916
4.30606	0.0354898
4.30631	0.0346499
4.30655	0.0376597
4.3068	0.0415325
4.30704	0.0437413
4.30729	0.0441201
4.30753	0.0431348
4.30778	0.0423268
4.30802	0.0452247
4.30827	0.0543579
4.30851	0.0682612
4.30876	0.0835861
4.309	0.0976575
4.30924	0.106426
4.30949	0.104202
4.30973	0.090604
4.30998	0.0744414
4.31022	0.0646498
4.31047	0.0601303
4.31071	0.0548154
4.31096	0.0490927
4.3112	0.0474135
4.31145	0.0471518
4.31169	0.0408262
4.31194	0.0295988
4.31218	0.0236044
4.31242	0.0268254
4.31267	0.0320957
4.31291	0.034033
4.31316	0.0363447
4.3134	0.0420668
4.31365	0.0469673
4.31389	0.0481405
4.31414	0.0495421
4.31438	0.0531752
4.31463	0.0542238
4.31487	0.050986
4.31511	0.0496757
4.31536	0.0528386
4.3156	0.0540851
4.31585	0.0523231
4.31609	0.0588531
4.31634	0.0791866
4.31658	0.0993991
4.31683	0.10409
4.31707	0.0976691
4.31732	0.0930473
4.31756	0.0894711
4.31781	0.0793809
4.31805	0.0683632
4.31829	0.0670042
4.31854	0.0683099
4.31878	0.0562321
4.31903	0.0349021
4.31927	0.0257262
4.31952	0.0337067
4.31976	0.040306
4.32001	0.0345712
4.32025	0.0277135
4.3205	0.0287098
4.32074	0.028609
4.32099	0.0210125
4.32123	0.0166834
4.32147	0.0228515
4.32172	0.0272806
4.32196	0.0201322
4.32221	0.0141045
4.32245	0.0227522
4.3227	0.0338792
4.32294	0.0276734
4.32319	0.0102365
4.32343	0.00417158
4.32368	0.0123527
4.32392	0.016651
4.32417	0.0107775
4.32441	0.00906257
4.32465	0.0191578
4.3249	0.028699
4.32514	0.0263372
4.32539	0.0174754
4.32563	0.0108609
4.32588	0.00556608
4.32612	0.000281923
4.32637	0.00124994
4.32661	0.0105522
4.32686	0.0180093
4.3271	0.0152694
4.32735	0.00863449
4.32759	0.00778813
4.32783	0.010236
4.32808	0.00792265
4.32832	0.00260666
4.32857	0.00252552
4.32881	0.00731896
4.32906	0.00808349
4.3293	0.00215506
4.32955	-0.00233183
4.32979	0.00101081
4.33004	0.00744275
4.33028	0.00856295
4.33052	0.0045405
4.33077	0.00345336
4.33101	0.00908596
4.33126	0.0145795
4.3315	0.0118214
4.33175	0.00428655
4.33199	0.00344366
4.33224	0.0111035
4.33248	0.0140705
4.33273	0.00290489
4.33297	-0.011587
4.33322	-0.0115651
4.33346	0.00234235
4.3337	0.0119809
4.33395	0.00757333
4.33419	-0.00123026
4.33444	-0.00309701
4.33468	-6.64264e-05
4.33493	0.00141487
4.33517	0.00240502
4.33542	0.00553029
4.33566	0.00665495
4.33591	0.00230407
4.33615	-0.00176268
4.3364	0.000833946
4.33664	0.00569122
4.33688	0.00450804
4.33713	-0.00133081
4.33737	-0.00388763
4.33762	-0.00170836
4.33786	0.000272511
4.33811	0.00148519
4.33835	0.00615738
4.3386	0.0133222
4.33884	0.0156232
4.33909	0.00959406
4.33933	0.000222475
4.33958	-0.00612109
4.33982	-0.00805538
4.34006	-0.00781501
4.34031	-0.00797943
4.34055	-0.00966735
4.3408	-0.0106146
4.34104	-0.00651026
4.34129	0.00217307
4.34153	0.00759644
4.34178	0.00382082
4.34202	-0.00417992
4.34227	-0.00666342
4.34251	-0.0018805
4.34275	0.00349486
4.343	0.00457859
4.34324	0.00242161
4.34349	-0.000386008
4.34373	-0.00191507
4.34398	-0.000217785
4.34422	0.00373409
4.34447	0.00487958
4.34471	0.00193859
4.34496	0.00253382
4.3452	0.0122547
4.34545	0.022629
4.34569	0.0208055
4.34593	0.00884955
4.34618	0.00109021
4.34642	0.00277296
4.34667	0.00492077
4.34691	0.0024102
4.34716	0.002573
4.3474	0.00992181
4.34765	0.015659
4.34789	0.0118517
4.34814	0.00586586
4.34838	0.00942691
4.34863	0.0198394
4.34887	0.0238288
4.34911	0.0174185
4.34936	0.0113915
4.3496	0.016039
4.34985	0.0279525
4.35009	0.0349044
4.35034	0.0304052
4.35058	0.0207335
4.35083	0.017271
4.35107	0.0226198
4.35132	0.0273968
4.35156	0.0235128
4.35181	0.0166739
4.35205	0.018818
4.35229	0.0303822
4.35254	0.0395135
4.35278	0.0393526
4.35303	0.0359244
4.35327	0.0362114
4.35352	0.0388256
4.35376	0.0412475
4.35401	0.0463222
4.35425	0.0550581
4.3545	0.0619809
4.35474	0.0651418
4.35498	0.0724504
4.35523	0.0898606
4.35547	0.111104
4.35572	0.128308
4.35596	0.145282
4.35621	0.169709
4.35645	0.198964
4.3567	0.226201
4.35694	0.256277
4.35719	0.302963
4.35743	0.372685
4.35768	0.462353
4.35792	0.570072
4.35816	0.694021
4.35841	0.820894
4.35865	0.929669
4.3589	1.01032
4.35914	1.06789
4.35939	1.10556
4.35963	1.11541
4.35988	1.09074
4.36012	1.03694
4.36037	0.963184
4.36061	0.870824
4.36086	0.756849
4.3611	0.624664
4.36134	0.487235
4.36159	0.362798
4.36183	0.267779
4.36208	0.206872
4.36232	0.168119
4.36257	0.134695
4.36281	0.103286
4.36306	0.083281
4.3633	0.0773349
4.36355	0.0743364
4.36379	0.065726
4.36404	0.0565783
4.36428	0.0530567
4.36452	0.0501252
4.36477	0.0418795
4.36501	0.0344102
4.36526	0.0359312
4.3655	0.0412598
4.36575	0.0398255
4.36599	0.0341581
4.36624	0.0353759
4.36648	0.0422425
4.36673	0.0407619
4.36697	0.0271364
4.36721	0.0163816
4.36746	0.0214991
4.3677	0.0353302
4.36795	0.0416263
4.36819	0.0365699
4.36844	0.0303173
4.36868	0.0313345
4.36893	0.0375551
4.36917	0.0423004
4.36942	0.0429397
4.36966	0.0424868
4.36991	0.0452371
4.37015	0.0515885
4.37039	0.0570589
4.37064	0.0574759
4.37088	0.0544941
4.37113	0.0532539
4.37137	0.0550401
4.37162	0.0562514
4.37186	0.0550076
4.37211	0.0541358
4.37235	0.0560518
4.3726	0.0589607
4.37284	0.0600562
4.37309	0.0586034
4.37333	0.0542605
4.37357	0.0471266
4.37382	0.0417711
4.37406	0.0458026
4.37431	0.060312
4.37455	0.0760741
4.3748	0.0839132
4.37504	0.0853744
4.37529	0.0884168
4.37553	0.0958107
4.37578	0.10337
4.37602	0.107627
4.37627	0.109764
4.37651	0.112853
4.37675	0.11968
4.377	0.1321
4.37724	0.148219
4.37749	0.161851
4.37773	0.169892
4.37798	0.179006
4.37822	0.199001
4.37847	0.229641
4.37871	0.260301
4.37896	0.284339
4.3792	0.308215
4.37944	0.343072
4.37969	0.391155
4.37993	0.444798
4.38018	0.497612
4.38042	0.553186
4.38067	0.621471
4.38091	0.707727
4.38116	0.807034
4.3814	0.910782
4.38165	1.016
4.38189	1.12423
4.38214	1.23282
4.38238	1.33463
4.38262	1.42773
4.38287	1.51639
4.38311	1.59787
4.38336	1.65791
4.3836	1.68817
4.38385	1.70043
4.38409	1.71133
4.38434	1.71908
4.38458	1.70934
4.38483	1.68037
4.38507	1.64546
4.38532	1.61
4.38556	1.56392
4.3858	1.5008
4.38605	1.42677
4.38629	1.3426
4.38654	1.23444
4.38678	1.09592
4.38703	0.946624
4.38727	0.813282
4.38752	0.701335
4.38776	0.599371
4.38801	0.504032
4.38825	0.423843
4.3885	0.362104
4.38874	0.312484
4.38898	0.271613
4.38923	0.241962
4.38947	0.220746
4.38972	0.198741
4.38996	0.173279
4.39021	0.152018
4.39045	0.140373
4.3907	0.133714
4.39094	0.124943
4.39119	0.112459
4.39143	0.0985702
4.39167	0.0869574
4.39192	0.0827616
4.39216	0.0875601
4.39241	0.0932656
4.39265	0.0892743
4.3929	0.077049
4.39314	0.0690125
4.39339	0.071196
4.39363	0.0764818
4.39388	0.077881
4.39412	0.0782188
4.39437	0.0814143
4.39461	0.0838135
4.39485	0.0814877
4.3951	0.0784279
4.39534	0.0793679
4.39559	0.0806213
4.39583	0.076571
4.39608	0.0701964
4.39632	0.0677251
4.39657	0.0663719
4.39681	0.0579745
4.39706	0.044108
4.3973	0.0365993
4.39755	0.0400531
4.39779	0.0433687
4.39803	0.0350862
4.39828	0.0207842
4.39852	0.0163869
4.39877	0.0261504
4.39901	0.0364407
4.39926	0.0337505
4.3995	0.0212241
4.39975	0.0116668
4.39999	0.00982574
4.40024	0.0100479
4.40048	0.00887675
4.40073	0.00967108
4.40097	0.0135349
4.40121	0.015654
4.40146	0.0145174
4.4017	0.0154925
4.40195	0.0198669
4.40219	0.0197963
4.40244	0.0117258
4.40268	0.00537434
4.40293	0.00907831
4.40317	0.0149539
4.40342	0.0117715
4.40366	0.00506139
4.4039	0.00801431
4.40415	0.0172728
4.40439	0.0170691
4.40464	0.00650158
4.40488	0.00185576
4.40513	0.00836569
4.40537	0.0111651
4.40562	0.00254442
4.40586	-0.00277835
4.40611	0.00677427
4.40635	0.0172918
4.4066	0.0109424
4.40684	-0.00415002
4.40708	-0.00697171
4.40733	0.00250542
4.40757	0.00567398
4.40782	-0.00213569
4.40806	-0.00503478
4.40831	0.00498397
4.40855	0.014674
4.4088	0.0123762
4.40904	0.00628313
4.40929	0.00869504
4.40953	0.0155804
4.40978	0.0148922
4.41002	0.0063254
4.41026	-0.000310501
4.41051	-0.00123291
4.41075	-0.00107292
4.411	-0.00182368
4.41124	-0.000841302
4.41149	0.000544346
4.41173	-0.00297408
4.41198	-0.010172
4.41222	-0.0120239
4.41247	-0.00470329
4.41271	0.00385337
4.41296	0.00553487
4.4132	0.00372453
4.41344	0.00639564
4.41369	0.0120462
4.41393	0.0117354
4.41418	0.00447802
4.41442	0.000996694
4.41467	0.0081736
4.41491	0.0171256
4.41516	0.0140683
4.4154	-0.000248947
4.41565	-0.0101798
4.41589	-0.00518234
4.41614	0.0067837
4.41638	0.0101132
4.41662	0.00160716
4.41687	-0.00652316
4.41711	-0.00335972
4.41736	0.00706993
4.4176	0.0122297
4.41785	0.00724489
4.41809	-0.00111474
4.41834	-0.00576959
4.41858	-0.00772891
4.41883	-0.0102595
4.41907	-0.0109975
4.41931	-0.00642052
4.41956	-0.000554937
4.4198	-0.000947714
4.42005	-0.00662022
4.42029	-0.00845459
4.42054	-0.00306455
4.42078	0.00210105
4.42103	0.000964013
4.42127	-0.00189049
4.42152	0.000165439
4.42176	0.00443204
4.42201	0.00342432
4.42225	-0.00339978
4.42249	-0.0095766
4.42274	-0.0107724
4.42298	-0.00793472
4.42323	-0.0035877
4.42347	-0.000380621
4.42372	-0.000913055
4.42396	-0.0039117
4.42421	-0.00352337
4.42445	0.00245685
4.4247	0.00754165
4.42494	0.00588856
4.42519	0.00228034
4.42543	0.00479194
4.42567	0.0111807
4.42592	0.0121934
4.42616	0.00640522
4.42641	0.00160378
4.42665	0.00184705
4.4269	0.00344378
4.42714	0.00484035
4.42739	0.0101535
4.42763	0.0197068
4.42788	0.0260572
4.42812	0.0240274
4.42837	0.0178635
4.42861	0.014139
4.42885	0.0130834
4.4291	0.0110365
4.42934	0.00709031
4.42959	0.00355751
4.42983	0.00262518
4.43008	0.00467161
4.43032	0.00784043
4.43057	0.00930678
4.43081	0.00951549
4.43106	0.0131098
4.4313	0.0215013
4.43154	0.0278255
4.43179	0.0260083
4.43203	0.0216953
4.43228	0.0251652
4.43252	0.0353128
4.43277	0.0413765
4.43301	0.0403151
4.43326	0.0404284
4.4335	0.0455648
4.43375	0.04844
4.43399	0.0450568
4.43424	0.044091
4.43448	0.0534504
4.43472	0.0662598
4.43497	0.0701258
4.43521	0.0650092
4.43546	0.0620847
4.4357	0.0669575
4.43595	0.0727016
4.43619	0.0707102
4.43644	0.0626151
4.43668	0.0579033
4.43693	0.0609859
4.43717	0.0642813
4.43742	0.0578103
4.43766	0.0447255
4.4379	0.0400409
4.43815	0.0503809
4.43839	0.0633027
4.43864	0.064716
4.43888	0.0592158
4.43913	0.061249
4.43937	0.0719988
4.43962	0.0802308
4.43986	0.083203
4.44011	0.0894028
4.44035	0.0995272
4.4406	0.10247
4.44084	0.0948288
4.44108	0.0880131
4.44133	0.0891855
4.44157	0.0900724
4.44182	0.0827495
4.44206	0.0729086
4.44231	0.0687889
4.44255	0.0694396
4.4428	0.0721861
4.44304	0.0787327
4.44329	0.0853624
4.44353	0.0817149
4.44377	0.0698324
4.44402	0.06889
4.44426	0.0871276
4.44451	0.104166
4.44475	0.0987189
4.445	0.0806162
4.44524	0.0743527
4.44549	0.0811772
4.44573	0.0820223
4.44598	0.0728566
4.44622	0.0705798
4.44647	0.0816353
4.44671	0.0892302
4.44695	0.0800339
4.4472	0.0641184
4.44744	0.0574068
4.44769	0.0590276
4.44793	0.0581347
4.44818	0.0525427
4.44842	0.0481312
4.44867	0.0460013
4.44891	0.041531
4.44916	0.0337648
4.4494	0.0272933
4.44965	0.0255223
4.44989	0.0277218
4.45013	0.0320184
4.45038	0.0368825
4.45062	0.0401825
4.45087	0.0405076
4.45111	0.0395068
4.45136	0.0401949
4.4516	0.0425382
4.45185	0.0429632
4.45209	0.0394552
4.45234	0.0357126
4.45258	0.037946
4.45283	0.0470812
4.45307	0.0564121
4.45331	0.0589468
4.45356	0.0554702
4.4538	0.0527426
4.45405	0.0552637
4.45429	0.062021
4.45454	0.0695992
4.45478	0.0740495
4.45503	0.071352
4.45527	0.0620257
4.45552	0.0545851
4.45576	0.057498
4.456	0.067354
4.45625	0.0722333
4.45649	0.0676986
4.45674	0.061424
4.45698	0.0602483
4.45723	0.0617199
4.45747	0.0620999
4.45772	0.0636154
4.45796	0.0680627
4.45821	0.0709923
4.45845	0.0690043
4.4587	0.0667489
4.45894	0.0700561
4.45918	0.0769737
4.45943	0.0816293
4.45967	0.0827685
4.45992	0.0830624
4.46016	0.0835804
4.46041	0.0833613
4.46065	0.0811399
4.4609	0.0748197
4.46114	0.063837
4.46139	0.0539861
4.46163	0.0536595
4.46188	0.0627914
4.46212	0.0720585
4.46236	0.07514
4.46261	0.0742402
4.46285	0.0718816
4.4631	0.0669847
4.46334	0.0619649
4.46359	0.0630159
4.46383	0.0693382
4.46408	0.0728735
4.46432	0.0723467
4.46457	0.0749684
4.46481	0.0801832
4.46506	0.0773312
4.4653	0.0660355
4.46554	0.0611573
4.46579	0.067168
4.46603	0.066258
4.46628	0.0467359
4.46652	0.0252865
4.46677	0.0217062
4.46701	0.0273669
4.46726	0.0219619
4.4675	0.00897381
4.46775	0.00768472
4.46799	0.0175758
4.46823	0.0192477
4.46848	0.0090424
4.46872	0.00484288
4.46897	0.0140317
4.46921	0.0212838
4.46946	0.0157389
4.4697	0.00810283
4.46995	0.0104556
4.47019	0.0171721
4.47044	0.0171444
4.47068	0.010805
4.47093	0.00444905
4.47117	-0.000783525
4.47141	-0.00481333
4.47166	-0.00341882
4.4719	0.00425229
4.47215	0.0110872
4.47239	0.0118491
4.47264	0.0100193
4.47288	0.00950978
4.47313	0.00797588
4.47337	0.003879
4.47362	0.00161954
4.47386	0.00351803
4.47411	0.00447842
4.47435	0.000930518
4.47459	-0.0019821
4.47484	0.00150485
4.47508	0.00848623
4.47533	0.0122552
4.47557	0.0114361
4.47582	0.00892614
4.47606	0.00595788
4.47631	0.00205958
4.47655	-0.00215842
4.4768	-0.00539188
4.47704	-0.00617374
4.47729	-0.00218699
4.47753	0.00659847
4.47777	0.0139817
4.47802	0.0128402
4.47826	0.00532592
4.47851	0.00119492
4.47875	0.00460636
4.479	0.00962949
4.47924	0.0105629
4.47949	0.00894468
4.47973	0.00743013
4.47998	0.00449404
4.48022	-0.000439577
4.48046	-0.00334464
4.48071	-0.00199719
4.48095	-0.000511481
4.4812	-0.00262229
4.48144	-0.005222
4.48169	-0.00353369
4.48193	0.00122883
4.48218	0.00442647
4.48242	0.00536725
4.48267	0.00714344
4.48291	0.0103197
4.48316	0.0110612
4.4834	0.00628256
4.48364	-0.00114452
4.48389	-0.00377445
4.48413	0.00272871
4.48438	0.0131476
4.48462	0.0165129
4.48487	0.00825114
4.48511	-0.00395216
4.48536	-0.00904678
4.4856	-0.00462867
4.48585	0.00308641
4.48609	0.00780169
4.48634	0.00738978
4.48658	0.00263848
4.48682	-0.00308116
4.48707	-0.00511536
4.48731	-0.00292097
4.48756	-0.00150542
4.4878	-0.00358387
4.48805	-0.00465292
4.48829	-0.00104247
4.48854	0.0023242
4.48878	-0.000623492
4.48903	-0.00634892
4.48927	-0.0066298
4.48952	-0.000594767
4.48976	0.00614619
4.49	0.010638
4.49025	0.0124499
4.49049	0.00873999
4.49074	-0.000638034
4.49098	-0.00706049
4.49123	-0.00312074
4.49147	0.00466211
4.49172	0.00490866
4.49196	-0.000168541
4.49221	0.000874781
4.49245	0.00805824
4.4927	0.00946732
4.49294	0.00248464
4.49318	-0.000600912
4.49343	0.00739087
4.49367	0.0172381
4.49392	0.0184766
4.49416	0.0139234
4.49441	0.0120182
4.49465	0.014276
4.4949	0.0169522
4.49514	0.0173607
4.49539	0.0135705
4.49563	0.00520277
4.49587	-0.00207189
4.49612	-0.00110814
4.49636	0.00504947
4.49661	0.00573111
4.49685	-0.000550657
4.4971	-0.00338321
4.49734	0.00148925
4.49759	0.00444682
4.49783	-0.000977252
4.49808	-0.0061055
4.49832	-0.00165304
4.49857	0.00676756
4.49881	0.00879405
4.49905	0.00594812
4.4993	0.00610455
4.49954	0.00828634
4.49979	0.00572901
4.50003	-0.000153504
4.50028	-0.00117046
4.50052	0.00408961
4.50077	0.00876525
4.50101	0.00930868
4.50126	0.00950002
4.5015	0.0125742
4.50175	0.0167516
4.50199	0.0190965
4.50223	0.0181562
4.50248	0.0133055
4.50272	0.00661106
4.50297	0.00382358
4.50321	0.00787327
4.50346	0.0131972
4.5037	0.0128301
4.50395	0.0091179
4.50419	0.00956775
4.50444	0.0130652
4.50468	0.00995895
4.50493	-0.00179728
4.50517	-0.0101295
4.50541	-0.00459475
4.50566	0.00819106
4.5059	0.0132674
4.50615	0.00798076
4.50639	0.00435365
4.50664	0.0101963
4.50688	0.0172213
4.50713	0.0133474
4.50737	0.000628857
4.50762	-0.00697608
4.50786	-0.00172317
4.5081	0.00948841
4.50835	0.0151958
4.50859	0.0114501
4.50884	0.00225552
4.50908	-0.0061826
4.50933	-0.00906592
4.50957	-0.00561515
4.50982	-0.000605095
4.51006	0.000699957
4.51031	0.000128623
4.51055	0.00344762
4.5108	0.00888037
4.51104	0.00734657
4.51128	-0.00258646
4.51153	-0.00971704
4.51177	-0.00646221
4.51202	-0.000738731
4.51226	-0.00284624
4.51251	-0.00895865
4.51275	-0.00890933
4.513	-0.00383218
4.51324	-0.00295447
4.51349	-0.00665644
4.51373	-0.00632547
4.51398	6.73888e-05
4.51422	0.00504557
4.51446	0.00474336
4.51471	0.00317135
4.51495	0.0021571
4.5152	-0.00160921
4.51544	-0.00720888
4.51569	-0.00799735
4.51593	-0.00300995
4.51618	-0.000242318
4.51642	-0.00455138
4.51667	-0.0108658
4.51691	-0.0135606
4.51716	-0.0142701
4.5174	-0.0152228
4.51764	-0.0123424
4.51789	-0.00199047
4.51813	0.00990837
4.51838	0.0125224
4.51862	0.0031316
4.51887	-0.00884129
4.51911	-0.0117535
4.51936	-0.00428138
4.5196	0.00335454
4.51985	0.00179904
4.52009	-0.00564645
4.52033	-0.00820743
4.52058	-0.00354247
4.52082	1.97697e-05
4.52107	-0.00101948
4.52131	0.000871031
4.52156	0.00843137
4.5218	0.0101406
4.52205	-0.00132385
4.52229	-0.0118856
4.52254	-0.00410756
4.52278	0.0142537
4.52303	0.0189174
4.52327	0.00430698
4.52351	-0.0093657
4.52376	-0.00642984
4.524	0.00529499
4.52425	0.0117371
4.52449	0.0123192
4.52474	0.0132282
4.52498	0.0135821
4.52523	0.00946567
4.52547	0.00429757
4.52572	0.00500863
4.52596	0.0108275
4.52621	0.0128784
4.52645	0.00501057
4.52669	-0.00747617
4.52694	-0.0109733
4.52718	0.0016479
4.52743	0.0187039
4.52767	0.0195593
4.52792	0.00137755
4.52816	-0.014096
4.52841	-0.00963588
4.52865	0.00307312
4.5289	0.00302838
4.52914	-0.00677226
4.52939	-0.00677034
4.52963	0.00466099
4.52987	0.00921178
4.53012	0.0010361
4.53036	-0.00431194
4.53061	0.00165185
4.53085	0.00711756
4.5311	0.00399605
4.53134	0.00252615
4.53159	0.00972239
4.53183	0.0135904
4.53208	0.00404993
4.53232	-0.00728965
4.53256	-0.00501776
4.53281	0.00555761
4.53305	0.00853018
4.5333	0.00207548
4.53354	-0.00298021
4.53379	-0.00182766
4.53403	0.00174309
4.53428	0.00588149
4.53452	0.0107451
4.53477	0.0123867
4.53501	0.00777307
4.53526	0.00211694
4.5355	0.00177105
4.53574	0.00418473
4.53599	0.00352734
4.53623	0.00120808
4.53648	0.00191061
4.53672	0.00392707
4.53697	0.00248772
4.53721	-0.00106346
4.53746	-0.00183883
4.5377	-0.000152641
4.53795	-0.000170572
4.53819	-0.00199411
4.53844	-0.00134434
4.53868	0.00407521
4.53892	0.0116416
4.53917	0.0156948
4.53941	0.0113977
4.53966	0.000477759
4.5399	-0.0071886
4.54015	-0.00362906
4.54039	0.00624444
4.54064	0.011078
4.54088	0.00885068
4.54113	0.00633507
4.54137	0.00479444
4.54162	-0.000429903
4.54186	-0.00635733
4.5421	-0.00403587
4.54235	0.00426094
4.54259	0.00609892
4.54284	0.000457195
4.54308	0.000136465
4.54333	0.00745656
4.54357	0.00778286
4.54382	-0.00393392
4.54406	-0.0108593
4.54431	-0.00142996
4.54455	0.0102428
4.54479	0.00698966
4.54504	-0.00489178
4.54528	-0.00886739
4.54553	-0.00359729
4.54577	0.00236359
4.54602	0.00805678
4.54626	0.0141164
4.54651	0.0116425
4.54675	-0.00337308
4.547	-0.0151064
4.54724	-0.00771933
4.54749	0.00862274
4.54773	0.0119554
4.54797	0.00127471
4.54822	-0.00579258
4.54846	-0.0022059
4.54871	0.00283406
4.54895	0.00382909
4.5492	0.00410308
4.54944	0.00303507
4.54969	-0.00272849
4.54993	-0.00698
4.55018	-0.00124448
4.55042	0.00764655
4.55067	0.0061004
4.55091	-0.00198669
4.55115	0.000135758
4.5514	0.0133895
4.55164	0.020204
4.55189	0.0132224
4.55213	0.00561464
4.55238	0.00711261
4.55262	0.00950611
4.55287	0.00443625
4.55311	-0.00149935
4.55336	0.000389719
4.5536	0.00656525
4.55385	0.00988275
4.55409	0.0114007
4.55433	0.0140904
4.55458	0.0140345
4.55482	0.0072458
4.55507	-0.00148535
4.55531	-0.00447454
4.55556	-0.000988626
4.5558	0.00438508
4.55605	0.00849756
4.55629	0.0104232
4.55654	0.0100411
4.55678	0.00933039
4.55702	0.0111714
4.55727	0.0147369
4.55751	0.0158734
4.55776	0.0126798
4.558	0.00655607
4.55825	-0.00124151
4.55849	-0.00851608
4.55874	-0.0095611
4.55898	-0.00139853
4.55923	0.00849957
4.55947	0.00954382
4.55972	0.00331306
4.55996	0.00237345
4.5602	0.0121401
4.56045	0.0226656
4.56069	0.0219139
4.56094	0.0103836
4.56118	-0.0012252
4.56143	-0.0043419
4.56167	0.000321728
4.56192	0.00509845
4.56216	0.0036705
4.56241	-0.00173124
4.56265	-0.00339009
4.5629	0.000373725
4.56314	0.00231576
4.56338	-0.00140301
4.56363	-0.0036876
4.56387	0.0015663
4.56412	0.00775119
4.56436	0.00577313
4.56461	-0.000678752
4.56485	-0.00194487
4.5651	0.00119098
4.56534	0.00133237
4.56559	0.000162347
4.56583	0.00514001
4.56608	0.0131515
4.56632	0.013673
4.56656	0.00777874
4.56681	0.00741727
4.56705	0.0142148
4.5673	0.0157513
4.56754	0.00677683
4.56779	-0.00203371
4.56803	-0.00232063
4.56828	2.2223e-05
4.56852	-0.00156721
4.56877	-0.00271425
4.56901	0.00111989
4.56925	0.00458381
4.5695	0.00288305
4.56974	0.00156007
4.56999	0.00542862
4.57023	0.00708237
4.57048	-0.00193068
4.57072	-0.0152769
4.57097	-0.019134
4.57121	-0.0115563
4.57146	-0.00390097
4.5717	-0.00438354
4.57195	-0.0090982
4.57219	-0.00972113
4.57243	-0.00382293
4.57268	0.00356371
4.57292	0.00543186
4.57317	2.09976e-05
4.57341	-0.00612928
4.57366	-0.0046201
4.5739	0.00413315
4.57415	0.0105106
4.57439	0.00807852
4.57464	0.00201837
4.57488	0.00176698
4.57513	0.00875876
4.57537	0.0155546
4.57561	0.0153051
4.57586	0.00871006
4.5761	0.00220421
4.57635	0.00118472
4.57659	0.00496909
4.57684	0.00806035
4.57708	0.00632509
4.57733	0.000690934
4.57757	-0.00534475
4.57782	-0.00849405
4.57806	-0.00507037
4.57831	0.00645488
4.57855	0.0186728
4.57879	0.0181675
4.57904	0.00244324
4.57928	-0.0122718
4.57953	-0.0097554
4.57977	0.00444338
4.58002	0.0113063
4.58026	0.00499678
4.58051	-0.00222766
4.58075	-0.00110487
4.581	0.0030963
4.58124	0.00322472
4.58149	0.00117756
4.58173	0.000315247
4.58197	-0.0022816
4.58222	-0.00876757
4.58246	-0.0137089
4.58271	-0.0114353
4.58295	-0.00484675
4.5832	-0.001154
4.58344	-0.00263588
4.58369	-0.00540061
4.58393	-0.00411457
4.58418	0.00366534
4.58442	0.0141182
4.58466	0.0183384
4.58491	0.0121672
4.58515	0.00358331
4.5854	0.00308817
4.58564	0.00832014
4.58589	0.00779088
4.58613	-0.000694688
4.58638	-0.00677797
4.58662	-0.00408986
4.58687	0.0017931
4.58711	0.00489591
4.58736	0.0065543
4.5876	0.00754369
4.58784	0.004438
4.58809	-0.000910105
4.58833	-9.7889e-05
4.58858	0.00736168
4.58882	0.0102439
4.58907	0.00368595
4.58931	-0.00141291
4.58956	0.00344513
4.5898	0.00920721
4.59005	0.00490167
4.59029	-0.00244438
4.59054	0.000825754
4.59078	0.0111145
4.59102	0.0124118
4.59127	0.00209627
4.59151	-0.0050344
4.59176	0.000269093
4.592	0.0095535
4.59225	0.011562
4.59249	0.00714898
4.59274	0.00341851
4.59298	0.00222762
4.59323	0.00140972
4.59347	0.00135336
4.59372	0.00359314
4.59396	0.00613261
4.5942	0.00561887
4.59445	0.00237899
4.59469	-0.000920416
4.59494	-0.00417996
4.59518	-0.00900287
4.59543	-0.0132478
4.59567	-0.0113723
4.59592	-0.00258378
4.59616	0.00511547
4.59641	0.00362586
4.59665	-0.00407277
4.59689	-0.00712965
4.59714	-0.00166612
4.59738	0.00417192
4.59763	0.00281262
4.59787	-0.00217963
4.59812	-0.00381691
4.59836	-0.00353703
4.59861	-0.00673531
4.59885	-0.010832
4.5991	-0.00816487
4.59934	0.000693916
4.59959	0.00674817
4.59983	0.00596683
4.60007	0.00337203
4.60032	0.00279479
4.60056	0.00198923
4.60081	-0.000131755
4.60105	-0.000531689
4.6013	0.00107161
4.60154	0.000675302
4.60179	-0.00215682
4.60203	-0.00307143
4.60228	-0.00156121
4.60252	-0.0019857
4.60277	-0.00386032
4.60301	-0.00100372
4.60325	0.0065054
4.6035	0.00984594
4.60374	0.00513947
4.60399	-0.000500942
4.60423	-0.00132912
4.60448	-0.00107658
4.60472	-0.00344878
4.60497	-0.00518122
4.60521	-0.00460415
4.60546	-0.0061101
4.6057	-0.00932207
4.60595	-0.00592405
4.60619	0.00430555
4.60643	0.00742219
4.60668	-0.0032904
4.60692	-0.0128497
4.60717	-0.0067013
4.60741	0.00390155
4.60766	-0.00219234
4.6079	-0.021706
4.60815	-0.0301359
4.60839	-0.0182949
4.60864	-0.00450144
4.60888	-0.00542486
4.60912	-0.0129983
4.60937	-0.0102823
4.60961	0.00248971
4.60986	0.0100693
4.6101	0.00441858
4.61035	-0.00609222
4.61059	-0.00919697
4.61084	-0.0033966
4.61108	0.00226348
4.61133	0.000467114
4.61157	-0.0054572
4.61182	-0.0066715
4.61206	-0.0011877
4.6123	0.00371447
4.61255	0.00255562
4.61279	-0.000541338
4.61304	0.00118822
4.61328	0.0070577
4.61353	0.0104214
4.61377	0.00687761
4.61402	-0.00246854
4.61426	-0.0119794
4.61451	-0.0132962
4.61475	-0.00258717
4.615	0.0105723
4.61524	0.0101146
4.61548	-0.00492804
4.61573	-0.0153492
4.61597	-0.00713579
4.61622	0.00793638
4.61646	0.00964441
4.61671	-0.00102045
4.61695	-0.00585085
4.6172	0.00135424
4.61744	0.00776055
4.61769	0.00423064
4.61793	-0.00232274
4.61818	-0.00403855
4.61842	-0.00463752
4.61866	-0.00933957
4.61891	-0.0136464
4.61915	-0.0108391
4.6194	-0.00311418
4.61964	0.00223992
4.61989	0.00243715
4.62013	-0.000567868
4.62038	-0.00452793
4.62062	-0.0070562
4.62087	-0.0058494
4.62111	-0.00237257
4.62135	-0.000714133
4.6216	-0.000283684
4.62184	0.00421196
4.62209	0.012282
4.62233	0.0143929
4.62258	0.00484102
4.62282	-0.00814923
4.62307	-0.0123234
4.62331	-0.00727944
4.62356	-0.00268961
4.6238	-0.002931
4.62405	-0.00219923
4.62429	0.00371716
4.62453	0.00858737
4.62478	0.00409412
4.62502	-0.00666478
4.62527	-0.0110104
4.62551	-0.0030713
4.62576	0.0073815
4.626	0.0069011
4.62625	-0.00422545
4.62649	-0.012927
4.62674	-0.0107527
4.62698	-0.00290908
4.62723	0.00173255
4.62747	0.00212501
4.62771	0.00232171
4.62796	0.00341058
4.6282	0.003511
4.62845	0.00156933
4.62869	-0.00294809
4.62894	-0.00942776
4.62918	-0.0120206
4.62943	-0.00350377
4.62967	0.0118562
4.62992	0.01804
4.63016	0.00755277
4.63041	-0.00658193
4.63065	-0.00884196
4.63089	-0.0027716
4.63114	-0.00221696
4.63138	-0.00851742
4.63163	-0.0115938
4.63187	-0.00891995
4.63212	-0.00704472
4.63236	-0.00662272
4.63261	-0.00251592
4.63285	0.00192405
4.6331	-0.00239703
4.63334	-0.0124323
4.63358	-0.0148649
4.63383	-0.00799385
4.63407	-0.00444595
4.63432	-0.00880962
4.63456	-0.0107922
4.63481	-0.005798
4.63505	-0.00326723
4.6353	-0.00683512
4.63554	-0.00539775
4.63579	0.00547271
4.63603	0.0118353
4.63628	0.00429805
4.63652	-0.00488787
4.63676	-0.00323237
4.63701	9.78037e-05
4.63725	-0.00757023
4.6375	-0.0169952
4.63774	-0.0117391
4.63799	0.00249301
4.63823	0.00676624
4.63848	0.000283909
4.63872	-0.00114445
4.63897	0.00552664
4.63921	0.00695768
4.63946	-0.000494442
4.6397	-0.00451483
4.63994	-0.000645035
4.64019	-0.000780715
4.64043	-0.0110666
4.64068	-0.0205146
4.64092	-0.0202024
4.64117	-0.0167306
4.64141	-0.0168502
4.64166	-0.0144896
4.6419	-0.00489174
4.64215	0.0018615
4.64239	-0.00473996
4.64264	-0.0175349
4.64288	-0.0218235
4.64312	-0.016818
4.64337	-0.0136265
4.64361	-0.0160249
4.64386	-0.0161452
4.6441	-0.0086201
4.64435	0.00137025
4.64459	0.00568695
4.64484	0.00216752
4.64508	-0.00519817
4.64533	-0.0106391
4.64557	-0.0108527
4.64581	-0.00763059
4.64606	-0.00562513
4.6463	-0.00621922
4.64655	-0.00621848
4.64679	-0.00373986
4.64704	-0.00121603
4.64728	-0.000587197
4.64753	-0.00023081
4.64777	0.000941436
4.64802	0.00140735
4.64826	0.00140057
4.64851	0.00337195
4.64875	0.00557734
4.64899	0.00274578
4.64924	-0.0032277
4.64948	-0.00247041
4.64973	0.00681327
4.64997	0.0113756
4.65022	0.00164992
4.65046	-0.0113435
4.65071	-0.0107063
4.65095	0.000808209
4.6512	0.00502992
4.65144	-0.00440815
4.65169	-0.014818
4.65193	-0.0156077
4.65217	-0.0114786
4.65242	-0.00983233
4.65266	-0.00844004
4.65291	-0.00323123
4.65315	0.00206433
4.6534	0.00259044
4.65364	0.000959816
4.65389	0.00102421
4.65413	-0.00027021
4.65438	-0.00626019
4.65462	-0.0114577
4.65487	-0.00869736
4.65511	-0.00160628
4.65535	0.000150404
4.6556	-0.00363936
4.65584	-0.00354767
4.65609	0.00331522
4.65633	0.00738995
4.65658	0.00147876
4.65682	-0.00678669
4.65707	-0.00483655
4.65731	0.00680518
4.65756	0.0148689
4.6578	0.0113439
4.65805	0.00317653
4.65829	0.000605573
4.65853	0.00226238
4.65878	-0.000887374
4.65902	-0.00952396
4.65927	-0.0134637
4.65951	-0.00755479
4.65976	-0.00106127
4.66	-0.00420184
4.66025	-0.0119215
4.66049	-0.0112276
4.66074	-0.00164302
4.66098	0.00356903
4.66122	-0.00253797
4.66147	-0.011099
4.66171	-0.0120875
4.66196	-0.00776165
4.6622	-0.00476474
4.66245	-0.00243824
4.66269	0.00175854
4.66294	0.00277516
4.66318	-0.00473904
4.66343	-0.0142289
4.66367	-0.0143341
4.66392	-0.00642098
4.66416	-0.00324259
4.6644	-0.00949925
4.66465	-0.0150076
4.66489	-0.0104323
4.66514	-0.000249987
4.66538	0.004927
4.66563	0.00191446
4.66587	-0.00429701
4.66612	-0.00828453
4.66636	-0.00817965
4.66661	-0.00539391
4.66685	-0.00349544
4.6671	-0.00453804
4.66734	-0.00543148
4.66758	-0.00217044
4.66783	0.00211659
4.66807	-4.11201e-06
4.66832	-0.00763226
4.66856	-0.00979397
4.66881	-0.000835939
4.66905	0.00986071
4.6693	0.0103516
4.66954	0.00260593
4.66979	-0.00168529
4.67003	0.00175198
4.67028	0.00591189
4.67052	0.00515173
4.67076	0.00298833
4.67101	0.00449643
4.67125	0.00729967
4.6715	0.00519654
4.67174	-0.00185215
4.67199	-0.00666642
4.67223	-0.00484259
4.67248	-0.0018771
4.67272	-0.00598876
4.67297	-0.0150503
4.67321	-0.0171711
4.67345	-0.00702342
4.6737	0.00517941
4.67394	0.0073208
4.67419	0.00197875
4.67443	-0.000116958
4.67468	0.00160108
4.67492	-0.000907621
4.67517	-0.00618175
4.67541	-0.00314141
4.67566	0.00769364
4.6759	0.00982491
4.67615	-0.00425339
4.67639	-0.0193118
4.67663	-0.0199633
4.67688	-0.0125822
4.67712	-0.010095
4.67737	-0.00820682
4.67761	0.00382368
4.67786	0.0180594
4.6781	0.0163532
4.67835	0.000675127
4.67859	-0.0077145
4.67884	-0.000934601
4.67908	0.00520296
4.67933	-0.001265
4.67957	-0.0106422
4.67981	-0.0102473
4.68006	-0.00368412
4.6803	-5.80189e-05
4.68055	0.0020103
4.68079	0.00674162
4.68104	0.00842813
4.68128	-6.18812e-06
4.68153	-0.012761
4.68177	-0.017874
4.68202	-0.0134554
4.68226	-0.00678623
4.68251	-0.0017224
4.68275	0.00262119
4.68299	0.00404235
4.68324	-0.00132495
4.68348	-0.0106958
4.68373	-0.0161001
4.68397	-0.0140159
4.68422	-0.00773388
4.68446	-0.00169427
4.68471	0.00105501
4.68495	-0.00179039
4.6852	-0.00888551
4.68544	-0.013722
4.68568	-0.0117532
4.68593	-0.00694148
4.68617	-0.00574594
4.68642	-0.00728132
4.68666	-0.00583164
4.68691	-0.00107556
4.68715	0.00106817
4.6874	-0.00295069
4.68764	-0.0107737
4.68789	-0.0186386
4.68813	-0.0240047
4.68838	-0.0241843
4.68862	-0.0177041
4.68886	-0.00753895
4.68911	0.000803102
4.68935	0.00435248
4.6896	0.00336064
4.68984	-0.00106726
4.69009	-0.00648873
4.69033	-0.00860861
4.69058	-0.00563114
4.69082	-0.00162744
4.69107	-0.00163498
4.69131	-0.00501782
4.69156	-0.00712652
4.6918	-0.00552463
4.69204	-0.00129949
4.69229	0.00322492
4.69253	0.0049373
4.69278	0.00145874
4.69302	-0.00461159
4.69327	-0.00731934
4.69351	-0.00655593
4.69376	-0.00956546
4.694	-0.0184813
4.69425	-0.0239029
4.69449	-0.0184566
4.69474	-0.00944353
4.69498	-0.00785337
4.69522	-0.0110703
4.69547	-0.0088658
4.69571	-0.0020931
4.69596	-0.001114
4.6962	-0.007197
4.69645	-0.0102004
4.69669	-0.00605236
4.69694	-0.00260035
4.69718	-0.00498376
4.69743	-0.00802413
4.69767	-0.00735143
4.69791	-0.00615165
4.69816	-0.00608336
4.6984	-0.00317179
4.69865	0.00179518
4.69889	0.000614082
4.69914	-0.00777596
4.69938	-0.011702
4.69963	-0.00422888
4.69987	0.0046092
4.70012	0.00309132
4.70036	-0.00453172
4.70061	-0.00738474
4.70085	-0.00643113
4.70109	-0.00979894
4.70134	-0.015581
4.70158	-0.0143953
4.70183	-0.0068199
4.70207	-0.00370499
4.70232	-0.00850818
4.70256	-0.0126406
4.70281	-0.0109695
4.70305	-0.00955693
4.7033	-0.0129493
4.70354	-0.0147359
4.70379	-0.00861705
4.70403	-0.00104443
4.70427	-0.00308118
4.70452	-0.0130359
4.70476	-0.0169089
4.70501	-0.00728977
4.70525	0.00577271
4.7055	0.00756897
4.70574	-0.0017908
4.70599	-0.00798418
4.70623	-0.00311151
4.70648	0.00237779
4.70672	-0.0051138
4.70697	-0.0206761
4.70721	-0.0255164
4.70745	-0.0131888
4.7077	0.000830777
4.70794	0.00068353
4.70819	-0.00940725
4.70843	-0.0144785
4.70868	-0.0100312
4.70892	-0.00313085
4.70917	0.00188267
4.70941	0.0065502
4.70966	0.00949823
4.7099	0.00613864
4.71014	-0.00245961
4.71039	-0.0096433
4.71063	-0.0122725
4.71088	-0.0116543
4.71112	-0.00687109
4.71137	0.00295249
4.71161	0.0107977
4.71186	0.0078329
4.7121	-0.00192296
4.71235	-0.00516058
4.71259	0.000465608
4.71284	0.00271931
4.71308	-0.0045943
4.71332	-0.0112008
4.71357	-0.00767483
4.71381	-0.000342398
4.71406	0.000733617
4.7143	-0.00245837
4.71455	-0.00320302
4.71479	-0.00352162
4.71504	-0.00776193
4.71528	-0.010417
4.71553	-0.00403933
4.71577	0.00599754
4.71602	0.0082708
4.71626	0.0032476
4.7165	0.00114267
4.71675	0.0042996
4.71699	0.00504339
4.71724	0.000154546
4.71748	-0.00510888
4.71773	-0.00720644
4.71797	-0.00695586
4.71822	-0.00310388
4.71846	0.00450031
4.71871	0.00709656
4.71895	-0.00320051
4.7192	-0.0167013
4.71944	-0.0158133
4.71968	-0.00233862
4.71993	0.00338011
4.72017	-0.00581508
4.72042	-0.0132743
4.72066	-0.00726564
4.72091	0.00035437
4.72115	-0.0032348
4.7214	-0.00941295
4.72164	-0.00499825
4.72189	0.00397258
4.72213	0.00418497
4.72237	-0.00142214
4.72262	-0.00176332
4.72286	0.000631608
4.72311	-0.00344308
4.72335	-0.00904596
4.7236	-0.00496658
4.72384	0.0031389
4.72409	0.000244081
4.72433	-0.0104616
4.72458	-0.0110721
4.72482	0.000175187
4.72507	0.00555869
4.72531	-0.00181742
4.72555	-0.00837547
4.7258	-0.00652162
4.72604	-0.00699238
4.72629	-0.0153355
4.72653	-0.0185255
4.72678	-0.00805895
4.72702	0.00311202
4.72727	0.00157164
4.72751	-0.00528098
4.72776	-0.00439175
4.728	0.00122292
4.72825	0.00200125
4.72849	0.000163848
4.72873	0.00202694
4.72898	0.00332709
4.72922	-0.00143323
4.72947	-0.00543124
4.72971	-0.00161369
4.72996	0.00224934
4.7302	-0.00210452
4.73045	-0.00505112
4.73069	0.00484217
4.73094	0.0162683
4.73118	0.0101634
4.73143	-0.00730679
4.73167	-0.0121826
4.73191	-0.000682121
4.73216	0.00640337
4.7324	-0.000865873
4.73265	-0.0075501
4.73289	-0.00180136
4.73314	0.00653812
4.73338	0.00539453
4.73363	-0.00110757
4.73387	-0.00496691
4.73412	-0.00848783
4.73436	-0.0145455
4.73461	-0.0169233
4.73485	-0.0116714
4.73509	-0.0059031
4.73534	-0.00516864
4.73558	-0.00407666
4.73583	0.00108856
4.73607	0.00327672
4.73632	-0.0014072
4.73656	-0.0039193
4.73681	0.0016433
4.73705	0.00522356
4.7373	-0.00192696
4.73754	-0.00942338
4.73778	-0.00361161
4.73803	0.00884419
4.73827	0.0113004
4.73852	0.00361917
4.73876	-0.000432391
4.73901	0.00267586
4.73925	0.00390779
4.7395	0.00112061
4.73974	0.00168765
4.73999	0.00541227
4.74023	0.0033051
4.74048	-0.004147
4.74072	-0.00530355
4.74096	0.00172564
4.74121	0.00384567
4.74145	-0.00444624
4.7417	-0.00973196
4.74194	-0.00111787
4.74219	0.0109347
4.74243	0.00990922
4.74268	-0.0027513
4.74292	-0.0123444
4.74317	-0.0127911
4.74341	-0.0102811
4.74366	-0.00866604
4.7439	-0.00450555
4.74414	0.00272461
4.74439	0.00627473
4.74463	0.00151242
4.74488	-0.00684629
4.74512	-0.0104146
4.74537	-0.00665512
4.74561	-0.000445749
4.74586	0.00212211
4.7461	3.33344e-05
4.74635	-0.00265744
4.74659	-0.00308416
4.74684	-0.00393211
4.74708	-0.00841176
4.74732	-0.012604
4.74757	-0.0091703
4.74781	0.000590702
4.74806	0.00599618
4.7483	0.00144973
4.74855	-0.00598589
4.74879	-0.00845193
4.74904	-0.00874685
4.74928	-0.0123305
4.74953	-0.0151448
4.74977	-0.0101973
4.75001	-0.00189389
4.75026	-0.00172782
4.7505	-0.01057
4.75075	-0.0166455
4.75099	-0.0125165
4.75124	-0.00422875
4.75148	-0.00121379
4.75173	-0.00554666
4.75197	-0.0133152
4.75222	-0.0187416
4.75246	-0.0156706
4.75271	-0.00397356
4.75295	0.00432007
4.75319	-0.00362443
4.75344	-0.0210618
4.75368	-0.0254221
4.75393	-0.00852601
4.75417	0.00999009
4.75442	0.00902216
4.75466	-0.00621575
4.75491	-0.0156298
4.75515	-0.0136056
4.7554	-0.0107852
4.75564	-0.0121065
4.75589	-0.0105907
4.75613	-0.00288294
4.75637	0.00402007
4.75662	0.00408843
4.75686	-0.00115145
4.75711	-0.00907042
4.75735	-0.018391
4.7576	-0.0239289
4.75784	-0.0196813
4.75809	-0.00919527
4.75833	-0.00306333
4.75858	-0.00479367
4.75882	-0.00895962
4.75907	-0.0130391
4.75931	-0.0187471
4.75955	-0.0213571
4.7598	-0.012939
4.76004	0.000785179
4.76029	0.00322427
4.76053	-0.00766475
4.76078	-0.0137014
4.76102	-0.00497264
4.76127	0.00337097
4.76151	-0.0039648
4.76176	-0.0164525
4.762	-0.0144033
4.76224	-0.000219651
4.76249	0.00685199
4.76273	0.000896071
4.76298	-0.00514697
4.76322	-0.00213279
4.76347	0.0043445
4.76371	0.00635695
4.76396	0.00299676
4.7642	-0.00369383
4.76445	-0.0105831
4.76469	-0.0113986
4.76494	-0.00361828
4.76518	0.00391808
4.76542	0.00138604
4.76567	-0.00648099
4.76591	-0.00782082
4.76616	-0.00390299
4.7664	-0.00661808
4.76665	-0.0163369
4.76689	-0.0193295
4.76714	-0.0104239
4.76738	-0.00195394
4.76763	-0.00404995
4.76787	-0.0102042
4.76812	-0.0101495
4.76836	-0.00513454
4.7686	-0.00197173
4.76885	-0.00152802
4.76909	-0.00136165
4.76934	-0.00214825
4.76958	-0.00419509
4.76983	-0.00383967
4.77007	0.000660819
4.77032	0.0049987
4.77056	0.00465104
4.77081	-0.000420826
4.77105	-0.00858516
4.7713	-0.0169204
4.77154	-0.0184368
4.77178	-0.00901851
4.77203	0.00188637
4.77227	0.000119252
4.77252	-0.0111076
4.77276	-0.0128758
4.77301	0.000444948
4.77325	0.0104783
4.7735	0.0027359
4.77374	-0.0109718
4.77399	-0.0120804
4.77423	-0.00358357
4.77447	-0.00142794
4.77472	-0.00729399
4.77496	-0.00915599
4.77521	-0.00416059
4.77545	-0.00233333
4.7757	-0.00800599
4.77594	-0.013473
4.77619	-0.0128029
4.77643	-0.00916309
4.77668	-0.00651328
4.77692	-0.00470492
4.77717	-0.0040778
4.77741	-0.00552608
4.77765	-0.00575035
4.7779	-0.00158755
4.77814	0.00184614
4.77839	-0.00256756
4.77863	-0.0105712
4.77888	-0.0109113
4.77912	-0.00311708
4.77937	0.00140314
4.77961	-0.00242942
4.77986	-0.00669007
4.7801	-0.00535969
4.78035	-0.00343403
4.78059	-0.00562826
4.78083	-0.00734456
4.78108	-0.0042611
4.78132	-0.00149997
4.78157	-0.00489401
4.78181	-0.0104718
4.78206	-0.0110181
4.7823	-0.00733031
4.78255	-0.0048596
4.78279	-0.0039229
4.78304	-0.00156804
4.78328	0.00032068
4.78353	-0.00279789
4.78377	-0.00943546
4.78401	-0.0130136
4.78426	-0.0110287
4.7845	-0.0070968
4.78475	-0.00409294
4.78499	-0.00104996
4.78524	0.00245224
4.78548	0.00388935
4.78573	0.00139389
4.78597	-0.00351646
4.78622	-0.007939
4.78646	-0.010058
4.7867	-0.00931538
4.78695	-0.0063522
4.78719	-0.00309189
4.78744	-0.00135114
4.78768	-0.00165426
4.78793	-0.0042973
4.78817	-0.00952764
4.78842	-0.0147663
4.78866	-0.0147388
4.78891	-0.0083177
4.78915	-0.00255151
4.7894	-0.00435185
4.78964	-0.0100396
4.78988	-0.010354
4.79013	-0.00528079
4.79037	-0.00456902
4.79062	-0.0110215
4.79086	-0.0139199
4.79111	-0.00621211
4.79135	0.00142495
4.7916	-0.00428472
4.79184	-0.016218
4.79209	-0.0146612
4.79233	0.00249162
4.79258	0.0141957
4.79282	0.00618197
4.79306	-0.0092439
4.79331	-0.013574
4.79355	-0.0088681
4.7938	-0.00911759
4.79404	-0.0141484
4.79429	-0.0110816
4.79453	0.00106705
4.79478	0.00764222
4.79502	0.00213889
4.79527	-0.0037783
4.79551	-0.000842831
4.79576	0.00283551
4.796	-0.00228868
4.79624	-0.00926409
4.79649	-0.00629055
4.79673	0.00262991
4.79698	0.00381213
4.79722	-0.00405204
4.79747	-0.00916962
4.79771	-0.00674578
4.79796	-0.00497505
4.7982	-0.00872014
4.79845	-0.0111184
4.79869	-0.00738351
4.79893	-0.00521976
4.79918	-0.012091
4.79942	-0.0202572
4.79967	-0.0163158
4.79991	-0.00251372
4.80016	0.0037022
4.8004	-0.00629996
4.80065	-0.0189422
4.80089	-0.0159525
4.80114	0.000896116
4.80138	0.0121835
4.80163	0.00689665
4.80187	-0.00422217
4.80211	-0.00566268
4.80236	0.00138625
4.8026	0.00377269
4.80285	-0.00227326
4.80309	-0.00682692
4.80334	-0.00398571
4.80358	-0.00156951
4.80383	-0.007304
4.80407	-0.0152466
4.80432	-0.0152757
4.80456	-0.00957671
4.80481	-0.00855039
4.80505	-0.0130882
4.80529	-0.0127092
4.80554	-0.00282493
4.80578	0.00658489
4.80603	0.004602
4.80627	-0.00552887
4.80652	-0.0115966
4.80676	-0.00889017
4.80701	-0.00450393
4.80725	-0.00572009
4.8075	-0.0102595
4.80774	-0.0109435
4.80799	-0.00672142
4.80823	-0.00443843
4.80847	-0.00920047
4.80872	-0.0167909
4.80896	-0.0187276
4.80921	-0.0130418
4.80945	-0.00616948
4.8097	-0.00446997
4.80994	-0.00784832
4.81019	-0.0121621
4.81043	-0.0136257
4.81068	-0.00970618
4.81092	-0.000620819
4.81116	0.00766779
4.81141	0.00696993
4.81165	-0.00286335
4.8119	-0.0115682
4.81214	-0.0106225
4.81239	-0.00355956
4.81263	0.000750562
4.81288	0.00055962
4.81312	0.000254453
4.81337	0.000778394
4.81361	-0.000304108
4.81386	-0.000952644
4.8141	0.00349679
4.81434	0.00978184
4.81459	0.00762131
4.81483	-0.00516011
4.81508	-0.0165157
4.81532	-0.0148129
4.81557	-0.00380608
4.81581	0.00330634
4.81606	0.000812233
4.8163	-0.00521994
4.81655	-0.00756032
4.81679	-0.0058238
4.81704	-0.00338059
4.81728	-0.00201779
4.81752	-0.00212612
4.81777	-0.00436248
4.81801	-0.00775847
4.81826	-0.00822194
4.8185	-0.00275381
4.81875	0.00485766
4.81899	0.00619827
4.81924	-0.00189398
4.81948	-0.0120951
4.81973	-0.0145023
4.81997	-0.00867032
4.82022	-0.00377973
4.82046	-0.00650096
4.8207	-0.0129862
4.82095	-0.0149594
4.82119	-0.0100581
4.82144	-0.0029825
4.82168	0.000971422
4.82193	0.000163494
4.82217	-0.00365104
4.82242	-0.00659492
4.82266	-0.00531515
4.82291	-0.00128279
4.82315	-0.000495015
4.8234	-0.00577292
4.82364	-0.0117895
4.82388	-0.0116646
4.82413	-0.0060906
4.82437	-0.00120948
4.82462	0.00027705
4.82486	0.000146027
4.82511	-0.00125311
4.82535	-0.00482577
4.8256	-0.00720483
4.82584	-0.00327637
4.82609	0.0045483
4.82633	0.00740808
4.82657	0.00302029
4.82682	-0.000150601
4.82706	0.00387543
4.82731	0.0085428
4.82755	0.00464646
4.8278	-0.00515251
4.82804	-0.00987162
4.82829	-0.00569852
4.82853	8.66364e-05
4.82878	0.00053386
4.82902	-0.00255096
4.82927	-0.00348129
4.82951	-0.00111874
4.82975	0.000387886
4.83	-0.00272357
4.83024	-0.00899332
4.83049	-0.0121638
4.83073	-0.00734999
4.83098	0.00209102
4.83122	0.00611638
4.83147	-0.000721058
4.83171	-0.0115162
4.83196	-0.0143852
4.8322	-0.00643117
4.83245	0.00387724
4.83269	0.00755051
4.83293	0.00363459
4.83318	-0.00308851
4.83342	-0.00784743
4.83367	-0.00802178
4.83391	-0.00411835
4.83416	-0.000638843
4.8344	-0.00226927
4.83465	-0.00752912
4.83489	-0.0100123
4.83514	-0.00738189
4.83538	-0.00414643
4.83563	-0.00307691
4.83587	-6.48531e-05
4.83611	0.00733879
4.83636	0.0119831
4.8366	0.00587973
4.83685	-0.00592156
4.83709	-0.00968107
4.83734	-0.00173973
4.83758	0.00595585
4.83783	0.00240486
4.83807	-0.00787913
4.83832	-0.0123427
4.83856	-0.00719775
4.8388	-3.50406e-05
4.83905	0.00174874
4.83929	-0.00164586
4.83954	-0.00638725
4.83978	-0.0103648
4.84003	-0.0125881
4.84027	-0.0114775
4.84052	-0.00698946
4.84076	-0.00268314
4.84101	-0.00291951
4.84125	-0.00813046
4.8415	-0.014255
4.84174	-0.0166946
4.84198	-0.0138797
4.84223	-0.00752254
4.84247	-0.00123103
4.84272	0.000814131
4.84296	-0.00369104
4.84321	-0.0116799
4.84345	-0.0151847
4.8437	-0.00900427
4.84394	0.00203085
4.84419	0.00763446
4.84443	0.00508776
4.84468	0.00261506
4.84492	0.00654961
4.84516	0.0108567
4.84541	0.00615311
4.84565	-0.00471956
4.8459	-0.00936525
4.84614	-0.00354001
4.84639	0.00330167
4.84663	0.00234469
4.84688	-0.00362353
4.84712	-0.00783812
4.84737	-0.00999889
4.84761	-0.0126813
4.84786	-0.0136935
4.8481	-0.0098254
4.84834	-0.00428059
4.84859	-0.00263096
4.84883	-0.00373644
4.84908	-0.0021046
4.84932	0.00191497
4.84957	0.00174577
4.84981	-0.00484696
4.85006	-0.0109692
4.8503	-0.00866863
4.85055	0.00175694
4.85079	0.0121964
4.85103	0.0146641
4.85128	0.00833723
4.85152	-0.000339768
4.85177	-0.00510459
4.85201	-0.00699714
4.85226	-0.01087
4.8525	-0.0151759
4.85275	-0.0119915
4.85299	-9.55932e-05
4.85324	0.00957965
4.85348	0.00759664
4.85373	-0.00129771
4.85397	-0.00648421
4.85421	-0.0063695
4.85446	-0.00591867
4.8547	-0.00490605
4.85495	-0.000111974
4.85519	0.00434125
4.85544	0.00162591
4.85568	-0.00418724
4.85593	-0.0024042
4.85617	0.0059754
4.85642	0.00800508
4.85666	-0.000506796
4.85691	-0.00795085
4.85715	-0.00574736
4.85739	-0.000987431
4.85764	-0.00257949
4.85788	-0.00650119
4.85813	-0.00465794
4.85837	0.000773883
4.85862	0.00247514
4.85886	0.000608925
4.85911	3.09747e-05
4.85935	0.000138836
4.8596	-0.00256256
4.85984	-0.00593579
4.86009	-0.00570474
4.86033	-0.00401335
4.86057	-0.00538596
4.86082	-0.00738013
4.86106	-0.00476728
4.86131	-0.000267874
4.86155	-0.000915888
4.8618	-0.0054325
4.86204	-0.00596121
4.86229	-0.00209824
4.86253	-0.00186245
4.86278	-0.00700014
4.86302	-0.00862509
4.86326	-0.001839
4.86351	0.00538785
4.86375	0.00427128
4.864	-0.00205219
4.86424	-0.00530653
4.86449	-0.00503701
4.86473	-0.00601622
4.86498	-0.00723373
4.86522	-0.00358308
4.86547	0.00279795
4.86571	0.00282873
4.86596	-0.00594496
4.8662	-0.0144048
4.86644	-0.0141656
4.86669	-0.00790343
4.86693	-0.00261215
4.86718	0.00109439
4.86742	0.00582634
4.86767	0.0081827
4.86791	0.00218514
4.86816	-0.00918056
4.8684	-0.0155878
4.86865	-0.0142531
4.86889	-0.0138045
4.86914	-0.0191659
4.86938	-0.0218287
4.86962	-0.012906
4.86987	0.000997664
4.87011	0.00506382
4.87036	-0.00376903
4.8706	-0.0139175
4.87085	-0.0154324
4.87109	-0.0101451
4.87134	-0.00499872
4.87158	-0.00378167
4.87183	-0.00748478
4.87207	-0.0152454
4.87232	-0.0218212
4.87256	-0.0203654
4.8728	-0.011208
4.87305	-0.00315849
4.87329	-0.00330916
4.87354	-0.00961121
4.87378	-0.0151514
4.87403	-0.0151766
4.87427	-0.00875627
4.87452	0.00081375
4.87476	0.00567802
4.87501	-3.7281e-05
4.87525	-0.0108224
4.87549	-0.013588
4.87574	-0.00430269
4.87598	0.00580704
4.87623	0.00505559
4.87647	-0.00419866
4.87672	-0.0113082
4.87696	-0.011584
4.87721	-0.00797319
4.87745	-0.00322518
4.8777	0.00188294
4.87794	0.0049097
4.87819	0.00339744
4.87843	-0.000635623
4.87867	-0.00296638
4.87892	-0.00278759
4.87916	-0.00185705
4.87941	-0.000300589
4.87965	0.0018855
4.8799	0.0014997
4.88014	-0.00388434
4.88039	-0.0100759
4.88063	-0.0105715
4.88088	-0.00636312
4.88112	-0.00528382
4.88137	-0.0106372
4.88161	-0.016159
4.88185	-0.0148195
4.8821	-0.00845318
4.88234	-0.00510302
4.88259	-0.00865679
4.88283	-0.0143079
4.88308	-0.0145503
4.88332	-0.00792942
4.88357	-0.000379417
4.88381	0.00214307
4.88406	0.000455051
4.8843	-0.000372198
4.88455	0.00113232
4.88479	0.00137733
4.88503	-0.00156378
4.88528	-0.00419833
4.88552	-0.00291865
4.88577	0.000426725
4.88601	0.00153559
4.88626	-0.000157002
4.8865	-0.00185133
4.88675	-0.00265934
4.88699	-0.00488396
4.88724	-0.00982257
4.88748	-0.0148744
4.88772	-0.0160825
4.88797	-0.0127815
4.88821	-0.00868923
4.88846	-0.00781128
4.8887	-0.00969974
4.88895	-0.0103765
4.88919	-0.00813029
4.88944	-0.00569855
4.88968	-0.0054856
4.88993	-0.00622024
4.89017	-0.00686411
4.89042	-0.00951198
4.89066	-0.0142132
4.8909	-0.0156109
4.89115	-0.0109804
4.89139	-0.00716738
4.89164	-0.0112941
4.89188	-0.0182831
4.89213	-0.0178688
4.89237	-0.0115274
4.89262	-0.010049
4.89286	-0.0146585
4.89311	-0.0146398
4.89335	-0.00644064
4.8936	-0.00059773
4.89384	-0.00375346
4.89408	-0.00777801
4.89433	-0.00547387
4.89457	-0.0040312
4.89482	-0.011104
4.89506	-0.0184016
4.89531	-0.0135472
4.89555	-0.0010499
4.8958	0.0036892
4.89604	-0.00233666
4.89629	-0.00690204
4.89653	-0.00233072
4.89678	0.00477418
4.89702	0.00528617
4.89726	-0.00116463
4.89751	-0.00903672
4.89775	-0.0132667
4.898	-0.0111288
4.89824	-0.00413279
4.89849	0.00112856
4.89873	-0.00031149
4.89898	-0.00459388
4.89922	-0.00442406
4.89947	-0.000399493
4.89971	0.000326358
4.89996	-0.00385231
4.9002	-0.00637438
4.90044	-0.00317211
4.90069	0.00158195
4.90093	0.0028294
4.90118	0.00138223
4.90142	0.00017043
4.90167	-0.00130592
4.90191	-0.00512422
4.90216	-0.0103737
4.9024	-0.0133752
4.90265	-0.0116258
4.90289	-0.00680417
4.90313	-0.00416479
4.90338	-0.0074991
4.90362	-0.0135924
4.90387	-0.0147057
4.90411	-0.00892732
4.90436	-0.00396459
4.9046	-0.00634498
4.90485	-0.0110063
4.90509	-0.00828545
4.90534	0.00132819
4.90558	0.00730838
4.90583	0.0038793
4.90607	-0.00271105
4.90631	-0.00361857
4.90656	0.00162094
4.9068	0.00652662
4.90705	0.00649976
4.90729	0.00335236
4.90754	0.00228102
4.90778	0.00563424
4.90803	0.00966887
4.90827	0.00866512
4.90852	0.00269283
4.90876	-0.0015971
4.90901	0.000178565
4.90925	0.0039425
4.90949	0.00314674
4.90974	-0.0020183
4.90998	-0.00561375
4.91023	-0.00429976
4.91047	-0.00079699
4.91072	7.70967e-05
4.91096	-0.00367517
4.91121	-0.00898543
4.91145	-0.00938865
4.9117	-0.00201065
4.91194	0.00638225
4.91219	0.00547622
4.91243	-0.00474922
4.91267	-0.0128201
4.91292	-0.0113384
4.91316	-0.00595578
4.91341	-0.00416918
4.91365	-0.00399814
4.9139	-0.00124941
4.91414	0.00035061
4.91439	-0.00362734
4.91463	-0.00747548
4.91488	-0.00306261
4.91512	0.0059276
4.91536	0.00869409
4.91561	0.00337971
4.91585	-0.00222946
4.9161	-0.00364581
4.91634	-0.00288867
4.91659	-0.00101843
4.91683	0.00206224
4.91708	0.00244059
4.91732	-0.00265546
4.91757	-0.00699674
4.91781	-0.00382721
4.91806	0.000749585
4.9183	-0.00417001
4.91854	-0.0150939
4.91879	-0.017721
4.91903	-0.00914787
4.91928	-0.000954749
4.91952	0.000655669
4.91977	0.00124295
4.92001	0.00230848
4.92026	-0.00277886
4.9205	-0.0116264
4.92075	-0.0100465
4.92099	0.00468637
4.92124	0.0150556
4.92148	0.00912135
4.92172	-0.00118469
4.92197	-0.00136791
4.92221	0.00168747
4.92246	-0.00495137
4.9227	-0.013867
4.92295	-0.00833426
4.92319	0.00726703
4.92344	0.0113585
4.92368	-0.00157905
4.92393	-0.0135315
4.92417	-0.0121819
4.92442	-0.00741821
4.92466	-0.0106545
4.9249	-0.014797
4.92515	-0.00716866
4.92539	0.00888544
4.92564	0.0184846
4.92588	0.0151146
4.92613	0.00482571
4.92637	-0.00531837
4.92662	-0.0123191
4.92686	-0.0130111
4.92711	-0.00556043
4.92735	0.00397909
4.92759	0.00576386
4.92784	-0.000790202
4.92808	-0.00598965
4.92833	-0.00497684
4.92857	-0.0052907
4.92882	-0.0133004
4.92906	-0.0210541
4.92931	-0.0167746
4.92955	-0.00381586
4.9298	0.00329517
4.93004	0.000968136
4.93029	0.000843183
4.93053	0.0083706
4.93077	0.0115478
4.93102	0.00044573
4.93126	-0.0140442
4.93151	-0.0150249
4.93175	-0.0053799
4.932	-0.00235148
4.93224	-0.0098418
4.93249	-0.0139797
4.93273	-0.00773713
4.93298	-0.00209455
4.93322	-0.00613056
4.93347	-0.0116632
4.93371	-0.0083744
4.93395	-0.0020915
4.9342	-0.00480252
4.93444	-0.0142535
4.93469	-0.0173537
4.93493	-0.0102015
4.93518	-0.00178674
4.93542	0.00150979
4.93567	0.00323906
4.93591	0.00666579
4.93616	0.00726945
4.9364	0.000450353
4.93665	-0.00939753
4.93689	-0.013049
4.93713	-0.00749593
4.93738	0.00100562
4.93762	0.0047505
4.93787	0.00311735
4.93811	0.00169222
4.93836	0.00317613
4.9386	0.00263733
4.93885	-0.00454874
4.93909	-0.0127846
4.93934	-0.0116099
4.93958	-0.00121936
4.93982	0.00623961
4.94007	0.00428541
4.94031	0.00150491
4.94056	0.00645809
4.9408	0.0121413
4.94105	0.00670827
4.94129	-0.00595528
4.94154	-0.0100578
4.94178	-0.00148273
4.94203	0.00579037
4.94227	8.66257e-05
4.94252	-0.0122334
4.94276	-0.0173003
4.943	-0.0119345
4.94325	-0.00446263
4.94349	-0.00243683
4.94374	-0.00602377
4.94398	-0.0109325
4.94423	-0.0128124
4.94447	-0.0100585
4.94472	-0.00549597
4.94496	-0.00386654
4.94521	-0.00575429
4.94545	-0.00668574
4.9457	-0.00427895
4.94594	-0.00272783
4.94618	-0.00677875
4.94643	-0.0141378
4.94667	-0.0180226
4.94692	-0.0156553
4.94716	-0.0104805
4.94741	-0.00692129
4.94765	-0.00629415
4.9479	-0.00737339
4.94814	-0.00814268
4.94839	-0.00716809
4.94863	-0.00526087
4.94888	-0.0051085
4.94912	-0.00754551
4.94936	-0.00965521
4.94961	-0.00871687
4.94985	-0.00622209
4.9501	-0.00520129
4.95034	-0.00557259
4.95059	-0.00577606
4.95083	-0.00697098
4.95108	-0.0106254
4.95132	-0.013266
4.95157	-0.00998902
4.95181	-0.00352266
4.95205	-0.00262854
4.9523	-0.00901787
4.95254	-0.0130536
4.95279	-0.00726786
4.95303	0.00215915
4.95328	0.00429661
4.95352	-0.00100675
4.95377	-0.00520188
4.95401	-0.00592134
4.95426	-0.00942242
4.9545	-0.0174252
4.95475	-0.0217221
4.95499	-0.0162269
4.95523	-0.00641137
4.95548	-0.00109503
4.95572	-0.0009943
4.95597	-0.00162833
4.95621	-0.00219785
4.95646	-0.00422913
4.9567	-0.00542213
4.95695	-0.00313147
4.95719	-0.00152196
4.95744	-0.00647091
4.95768	-0.0142871
4.95793	-0.0148301
4.95817	-0.00686812
4.95841	-0.00104933
4.95866	-0.00461812
4.9589	-0.0118371
4.95915	-0.01413
4.95939	-0.0117245
4.95964	-0.00915681
4.95988	-0.00653982
4.96013	-0.00308051
4.96037	-0.00314132
4.96062	-0.00921649
4.96086	-0.0132847
4.96111	-0.00643244
4.96135	0.00472858
4.96159	0.0036875
4.96184	-0.0121033
4.96208	-0.0249516
4.96233	-0.019902
4.96257	-0.00419368
4.96282	0.00377331
4.96306	-0.00247523
4.96331	-0.0141275
4.96355	-0.0215877
4.9638	-0.0226088
4.96404	-0.0183974
4.96428	-0.0112812
4.96453	-0.00659787
4.96477	-0.00864339
4.96502	-0.0130698
4.96526	-0.0104109
4.96551	0.000360854
4.96575	0.008236
4.966	0.00383478
4.96624	-0.00834476
4.96649	-0.0157394
4.96673	-0.0123257
4.96698	-0.00313913
4.96722	0.00345739
4.96746	0.00364939
4.96771	-0.00084443
4.96795	-0.00595049
4.9682	-0.00861557
4.96844	-0.0086026
4.96869	-0.00764086
4.96893	-0.00706918
4.96918	-0.0070671
4.96942	-0.00751517
4.96967	-0.0077914
4.96991	-0.0063604
4.97016	-0.00303958
4.9704	-0.00087528
4.97064	-0.00237719
4.97089	-0.00487405
4.97113	-0.00427719
4.97138	-0.00272402
4.97162	-0.00603835
4.97187	-0.013165
4.97211	-0.0161348
4.97236	-0.0129521
4.9726	-0.0114661
4.97285	-0.0154788
4.97309	-0.0165761
4.97334	-0.00816721
4.97358	0.000917383
4.97382	-0.00130175
4.97407	-0.0100234
4.97431	-0.0103054
4.97456	-0.00138831
4.9748	0.00128925
4.97505	-0.00913173
4.97529	-0.0189639
4.97554	-0.0138916
4.97578	0.00064991
4.97603	0.00839109
4.97627	0.00389807
4.97652	-0.00432495
4.97676	-0.0077699
4.977	-0.0057403
4.97725	-0.0011434
4.97749	0.00371131
4.97774	0.00679651
4.97798	0.00698301
4.97823	0.00542306
4.97847	0.00354355
4.97872	0.000846369
4.97896	-0.00269766
4.97921	-0.00426526
4.97945	-0.00168991
4.97969	0.00223904
4.97994	0.00250067
4.98018	-0.00203483
4.98043	-0.00785326
4.98067	-0.0111401
4.98092	-0.0107162
4.98116	-0.00775118
4.98141	-0.004285
4.98165	-0.00114248
4.9819	0.00281796
4.98214	0.00713576
4.98239	0.00655937
4.98263	-0.00307999
4.98287	-0.0152921
4.98312	-0.0168518
4.98336	-0.00495282
4.98361	0.00701497
4.98385	0.00661325
4.9841	-0.00168631
4.98434	-0.00552843
4.98459	-0.0032816
4.98483	-0.0027503
4.98508	-0.00491747
4.98532	-0.00177926
4.98557	0.00865144
4.98581	0.0166578
4.98605	0.0139522
4.9863	0.00394578
4.98654	-0.00508571
4.98679	-0.00948697
4.98703	-0.00882161
4.98728	-0.00264041
4.98752	0.00556569
4.98777	0.00741706
4.98801	-0.000666445
4.98826	-0.0111163
4.9885	-0.0146409
4.98875	-0.0122271
4.98899	-0.0112387
4.98923	-0.0130497
4.98948	-0.0124038
4.98972	-0.00785442
4.98997	-0.00488454
4.99021	-0.00723451
4.99046	-0.0113948
4.9907	-0.0121787
4.99095	-0.00963105
4.99119	-0.00795368
4.99144	-0.0101178
4.99168	-0.0148987
4.99192	-0.0173717
4.99217	-0.0125664
4.99241	-0.00148792
4.99266	0.00704998
4.9929	0.00468231
4.99315	-0.00612529
4.99339	-0.0143042
4.99364	-0.0135496
4.99388	-0.0087658
4.99413	-0.00769929
4.99437	-0.0113263
4.99462	-0.0156506
4.99486	-0.0185131
4.9951	-0.0202448
4.99535	-0.0203826
4.99559	-0.0178839
4.99584	-0.0132679
4.99608	-0.0081357
4.99633	-0.00437641
4.99657	-0.00490236
4.99682	-0.0110912
4.99706	-0.017683
4.99731	-0.0159988
4.99755	-0.00603643
4.9978	0.000954257
4.99804	-0.00224662
4.99828	-0.00759127
4.99853	-0.00413509
4.99877	0.00424311
4.99902	0.0048652
4.99926	-0.00326543
4.99951	-0.00802353
4.99975	-0.0031829
5.0	0.00393757
5.00024	0.00615176
5.00049	0.00535268
5.00073	0.00365353
5.00098	-0.00238137
5.00122	-0.0122833
5.00146	-0.0170606
5.00171	-0.0117961
5.00195	-0.00402185
5.0022	-0.0018495
5.00244	-0.00224288
5.00269	0.000540377
5.00293	0.00330697
5.00318	0.000628327
5.00342	-0.00411006
5.00367	-0.00506699
5.00391	-0.00516883
5.00415	-0.00976456
5.0044	-0.0146295
5.00464	-0.012425
5.00489	-0.00652697
5.00513	-0.00533197
5.00538	-0.00646925
5.00562	-0.00128382
5.00587	0.00690246
5.00611	0.00525566
5.00636	-0.00658335
5.0066	-0.0133075
5.00685	-0.00720341
5.00709	0.000787512
5.00733	0.000312629
5.00758	-0.00256784
5.00782	0.00083959
5.00807	0.0046398
5.00831	-0.00129506
5.00856	-0.0117674
5.0088	-0.0124032
5.00905	-0.00235145
5.00929	0.00377981
5.00954	-0.00213443
5.00978	-0.0107988
5.01003	-0.011293
5.01027	-0.00727078
5.01051	-0.00919587
5.01076	-0.0169632
5.011	-0.0204544
5.01125	-0.0157305
5.01149	-0.0106795
5.01174	-0.0119813
5.01198	-0.0149416
5.01223	-0.0122415
5.01247	-0.00658616
5.01272	-0.00623059
5.01296	-0.0111536
5.01321	-0.0132469
5.01345	-0.00978117
5.01369	-0.00701648
5.01394	-0.00883598
5.01418	-0.0112176
5.01443	-0.0109637
5.01467	-0.01065
5.01492	-0.0111394
5.01516	-0.00898715
5.01541	-0.00582156
5.01565	-0.00891599
5.0159	-0.0158799
5.01614	-0.0120661
5.01638	0.00607197
5.01663	0.0184637
5.01687	0.00808596
5.01712	-0.0107824
5.01736	-0.0111152
5.01761	0.00665802
5.01785	0.016044
5.0181	0.00513017
5.01834	-0.00822089
5.01859	-0.00764425
5.01883	-0.00258397
5.01908	-0.00902548
5.01932	-0.0223007
5.01956	-0.0248296
5.01981	-0.0121252
5.02005	0.00308629
5.0203	0.00897626
5.02054	0.00603322
5.02079	0.00145417
5.02103	-0.000358242
5.02128	-0.000841885
5.02152	-0.00366634
5.02177	-0.00818941
5.02201	-0.00805691
5.02226	-0.000103591
5.0225	0.00792284
5.02274	0.00610195
5.02299	-0.00237456
5.02323	-0.00443543
5.02348	0.00347393
5.02372	0.0100631
5.02397	0.00657486
5.02421	-0.0011709
5.02446	-0.00369644
5.0247	-0.00142261
5.02495	-0.000192894
5.02519	-0.000722852
5.02544	-0.000283312
5.02568	0.000271675
5.02592	-0.00159084
5.02617	-0.00444711
5.02641	-0.00492955
5.02666	-0.00292452
5.0269	-0.000744554
5.02715	0.000232153
5.02739	-0.000908804
5.02764	-0.00519841
5.02788	-0.0109363
5.02813	-0.0133214
5.02837	-0.00972438
5.02861	-0.00311142
5.02886	0.00134998
5.0291	0.0011081
5.02935	-0.00258582
5.02959	-0.00590421
5.02984	-0.00555945
5.03008	-0.0030776
5.03033	-0.00361605
5.03057	-0.00765859
5.03082	-0.00849609
5.03106	-0.00286714
5.03131	0.00199159
5.03155	-0.00033235
5.03179	-0.00365316
5.03204	0.000428117
5.03228	0.00620965
5.03253	0.00206738
5.03277	-0.00860235
5.03302	-0.0107869
5.03326	-0.00189842
5.03351	0.00415171
5.03375	-0.000511826
5.034	-0.0068485
5.03424	-0.00544172
5.03449	4.29827e-06
5.03473	0.0015496
5.03497	-0.00223364
5.03522	-0.00932921
5.03546	-0.017197
5.03571	-0.0191619
5.03595	-0.00968474
5.0362	0.0035056
5.03644	0.00533555
5.03669	-0.00493148
5.03693	-0.0114005
5.03718	-0.00496199
5.03742	0.00532459
5.03767	0.00923918
5.03791	0.00858768
5.03815	0.00678719
5.0384	0.00046323
5.03864	-0.00995839
5.03889	-0.0148864
5.03913	-0.00973125
5.03938	-0.00242118
5.03962	0.000575776
5.03987	0.0028641
5.04011	0.00598956
5.04036	0.00346902
5.0406	-0.00476037
5.04084	-0.00738119
5.04109	-0.00108872
5.04133	0.000660685
5.04158	-0.0100355
5.04182	-0.0197691
5.04207	-0.0142533
5.04231	-0.00104878
5.04256	0.00324466
5.0428	-0.00254736
5.04305	-0.00730748
5.04329	-0.00617421
5.04354	-0.00244137
5.04378	0.00126901
5.04402	0.00238249
5.04427	-0.00300021
5.04451	-0.0114679
5.04476	-0.0120097
5.045	-0.00286858
5.04525	0.00309979
5.04549	-0.00151051
5.04574	-0.00718444
5.04598	-0.00553056
5.04623	-0.00280015
5.04647	-0.00421934
5.04672	-0.00249643
5.04696	0.00450658
5.0472	0.0035276
5.04745	-0.0102531
5.04769	-0.0184597
5.04794	-0.00815193
5.04818	0.00389062
5.04843	-0.00162408
5.04867	-0.0133964
5.04892	-0.0104007
5.04916	0.000329133
5.04941	-0.00266393
5.04965	-0.0158831
5.0499	-0.0175701
5.05014	-0.00644839
5.05038	-0.00155487
5.05063	-0.00703928
5.05087	-0.00843147
5.05112	-0.00298548
5.05136	-0.00342003
5.05161	-0.0101958
5.05185	-0.00932044
5.0521	-0.000752986
5.05234	-0.000684576
5.05259	-0.0108779
5.05283	-0.0132849
5.05307	-0.00184632
5.05332	0.00638883
5.05356	7.97537e-05
5.05381	-0.0103072
5.05405	-0.0136768
5.0543	-0.0131362
5.05454	-0.0115
5.05479	-0.00409975
5.05503	0.00531747
5.05528	0.00343015
5.05552	-0.00855768
5.05577	-0.0114577
5.05601	0.0010049
5.05625	0.0100208
5.0565	0.00291535
5.05674	-0.00527619
5.05699	0.00262284
5.05723	0.017806
5.05748	0.0209946
5.05772	0.0111508
5.05797	0.000738289
5.05821	-0.00580761
5.05846	-0.0113765
5.0587	-0.013084
5.05895	-0.0065672
5.05919	0.00251637
5.05943	0.00531762
5.05968	0.00343867
5.05992	0.00389939
5.06017	0.00530576
5.06041	0.000810438
5.06066	-0.00805023
5.0609	-0.0114487
5.06115	-0.00533721
5.06139	0.00217775
5.06164	0.000524557
5.06188	-0.010081
5.06213	-0.0168629
5.06237	-0.00825872
5.06261	0.00972806
5.06286	0.0173094
5.0631	0.00610015
5.06335	-0.0082494
5.06359	-0.00851162
5.06384	-0.000953197
5.06408	-0.0020097
5.06433	-0.00876277
5.06457	-0.00492407
5.06482	0.00797761
5.06506	0.011018
5.06531	0.000620304
5.06555	-0.00539577
5.06579	0.00032603
5.06604	0.00328081
5.06628	-0.00362997
5.06653	-0.0060656
5.06677	0.00347615
5.06702	0.00900142
5.06726	-0.000379315
5.06751	-0.00896347
5.06775	-0.0021278
5.068	0.0059638
5.06824	-0.00344335
5.06848	-0.0193887
5.06873	-0.0181507
5.06897	-0.00215463
5.06922	0.0056683
5.06946	-0.000989977
5.06971	-0.00697108
5.06995	-0.00452261
5.0702	-0.00200005
5.07044	-0.00341074
5.07069	-0.00149955
5.07093	0.0056872
5.07118	0.00945452
5.07142	0.00505579
5.07166	-0.00283516
5.07191	-0.0104501
5.07215	-0.0170712
5.0724	-0.0174243
5.07264	-0.00677477
5.07289	0.00650196
5.07313	0.00853107
5.07338	0.000318686
5.07362	-0.00484941
5.07387	-0.00426727
5.07411	-0.00824969
5.07436	-0.0174391
5.0746	-0.0173704
5.07484	-0.00313673
5.07509	0.00849151
5.07533	0.00318917
5.07558	-0.00902253
5.07582	-0.00997432
5.07607	-0.00119286
5.07631	0.000278053
5.07656	-0.0107896
5.0768	-0.0200387
5.07705	-0.0146947
5.07729	-0.00134023
5.07754	0.00289395
5.07778	-0.00814127
5.07802	-0.0222122
5.07827	-0.0229655
5.07851	-0.00885963
5.07876	0.00515698
5.079	0.00546111
5.07925	-0.00498525
5.07949	-0.0131836
5.07974	-0.0138269
5.07998	-0.0126496
5.08023	-0.0134707
5.08047	-0.0119903
5.08071	-0.0055196
5.08096	0.000149308
5.0812	-0.00055689
5.08145	-0.00423901
5.08169	-0.00529734
5.08194	-0.00591952
5.08218	-0.0111251
5.08243	-0.0175405
5.08267	-0.0165341
5.08292	-0.00768414
5.08316	-0.000150093
5.08341	0.000408531
5.08365	-0.00218225
5.08389	-0.00388674
5.08414	-0.00676429
5.08438	-0.0112646
5.08463	-0.0108837
5.08487	-0.00256673
5.08512	0.00410951
5.08536	-0.00131867
5.08561	-0.0128852
5.08585	-0.0146123
5.0861	-0.00386485
5.08634	0.00444281
5.08659	0.000201667
5.08683	-0.00789423
5.08707	-0.00796011
5.08732	-0.00361583
5.08756	-0.00589488
5.08781	-0.0135137
5.08805	-0.0144441
5.0883	-0.00524631
5.08854	0.00334854
5.08879	0.00184514
5.08903	-0.00650137
5.08928	-0.0126866
5.08952	-0.0132881
5.08977	-0.0110899
5.09001	-0.00940793
5.09025	-0.00940905
5.0905	-0.0103457
5.09074	-0.0103392
5.09099	-0.00859277
5.09123	-0.00698634
5.09148	-0.00748847
5.09172	-0.00905772
5.09197	-0.00976795
5.09221	-0.0101094
5.09246	-0.010595
5.0927	-0.00855906
5.09294	-0.00236327
5.09319	0.00330908
5.09343	0.00250264
5.09368	-0.00275258
5.09392	-0.00471858
5.09417	-0.00135221
5.09441	0.00112618
5.09466	-0.00201386
5.0949	-0.00781762
5.09515	-0.0109795
5.09539	-0.0102011
5.09564	-0.00710703
5.09588	-0.00310068
5.09612	0.000246051
5.09637	0.00044643
5.09661	-0.00408982
5.09686	-0.0121426
5.0971	-0.0194048
5.09735	-0.0201351
5.09759	-0.0121843
5.09784	-0.00190754
5.09808	0.000381139
5.09833	-0.00712577
5.09857	-0.0147809
5.09882	-0.014584
5.09906	-0.00969072
5.0993	-0.00569555
5.09955	-0.000915823
5.09979	0.00590764
5.10004	0.00673483
5.10028	-0.00416989
5.10053	-0.0159598
5.10077	-0.0136707
5.10102	-0.00153627
5.10126	0.00243358
5.10151	-0.00604065
5.10175	-0.0130929
5.102	-0.0114526
5.10224	-0.0106638
5.10248	-0.0164282
5.10273	-0.0179318
5.10297	-0.00683565
5.10322	0.00570646
5.10346	0.00469939
5.10371	-0.00616652
5.10395	-0.0115704
5.1042	-0.00737202
5.10444	-0.00271153
5.10469	-0.00292901
5.10493	-0.00337642
5.10517	-0.000255582
5.10542	0.00284381
5.10566	0.00180325
5.10591	-0.00144729
5.10615	-0.00230419
5.1064	-0.000134059
5.10664	0.000803943
5.10689	-0.00344373
5.10713	-0.0109923
5.10738	-0.0151497
5.10762	-0.0124951
5.10787	-0.00765072
5.10811	-0.00638164
5.10835	-0.00674594
5.1086	-0.00310305
5.10884	0.00340964
5.10909	0.00647296
5.10933	0.0055072
5.10958	0.0056369
5.10982	0.00684935
5.11007	0.0038772
5.11031	-0.00174324
5.11056	-0.00145864
5.1108	0.00497116
5.11105	0.00638101
5.11129	-0.00172016
5.11153	-0.00833983
5.11178	-0.00456312
5.11202	0.0017153
5.11227	-0.000590531
5.11251	-0.00747131
5.11276	-0.00821547
5.113	-0.00434611
5.11325	-0.00527881
5.11349	-0.00957256
5.11374	-0.00653802
5.11398	0.00375845
5.11423	0.00754607
5.11447	-0.00170973
5.11471	-0.0123774
5.11496	-0.0115976
5.1152	-0.00340955
5.11545	-0.00102388
5.11569	-0.00706519
5.11594	-0.0116823
5.11618	-0.00875646
5.11643	-0.0042376
5.11667	-0.00551735
5.11692	-0.0100954
5.11716	-0.0109594
5.1174	-0.00876069
5.11765	-0.0102996
5.11789	-0.0157686
5.11814	-0.0167047
5.11838	-0.00935029
5.11863	-0.00133719
5.11887	0.000202967
5.11912	-0.0011311
5.11936	-0.000189854
5.11961	-0.00134475
5.11985	-0.00926372
5.1201	-0.0153826
5.12034	-0.00831464
5.12058	0.00539069
5.12083	0.00745718
5.12107	-0.00445206
5.12132	-0.01245
5.12156	-0.0064511
5.12181	0.000532209
5.12205	-0.00552753
5.1223	-0.0169779
5.12254	-0.017279
5.12279	-0.00641783
5.12303	0.0013759
5.12328	-5.42432e-05
5.12352	-0.00332048
5.12376	-0.0031771
5.12401	-0.00448554
5.12425	-0.0112994
5.1245	-0.0175073
5.12474	-0.014344
5.12499	-0.00302743
5.12523	0.00578458
5.12548	0.00510727
5.12572	2.44363e-05
5.12597	-0.000310212
5.12621	0.00342446
5.12646	0.00184435
5.1267	-0.00683152
5.12694	-0.0113406
5.12719	-0.00489689
5.12743	0.00179542
5.12768	-0.00298224
5.12792	-0.0108806
5.12817	-0.00575432
5.12841	0.00803195
5.12866	0.0102972
5.1289	-0.00226458
5.12915	-0.0106554
5.12939	-0.00528701
5.12963	0.000314583
5.12988	-0.00331697
5.13012	-0.00429232
5.13037	0.00592003
5.13061	0.0124011
5.13086	0.00154482
5.1311	-0.0122791
5.13135	-0.00869636
5.13159	0.00400077
5.13184	0.00276914
5.13208	-0.0108947
5.13233	-0.0142926
5.13257	-0.00260591
5.13281	0.00434805
5.13306	-0.00315011
5.1333	-0.0104196
5.13355	-0.00608062
5.13379	9.04219e-05
5.13404	-0.00207717
5.13428	-0.00517871
5.13453	-0.000235307
5.13477	0.00622327
5.13502	0.00524388
5.13526	0.00151356
5.13551	0.00168606
5.13575	-0.000928645
5.13599	-0.0134769
5.13624	-0.0252198
5.13648	-0.0207604
5.13673	-0.00603757
5.13697	-0.0016888
5.13722	-0.0115218
5.13746	-0.0169479
5.13771	-0.00686808
5.13795	0.00498993
5.1382	0.00228252
5.13844	-0.00864446
5.13869	-0.00993233
5.13893	-0.000400856
5.13917	0.00392453
5.13942	-0.00411826
5.13966	-0.0121907
5.13991	-0.0084749
5.14015	0.000685106
5.1404	0.00198986
5.14064	-0.00505087
5.14089	-0.0105789
5.14113	-0.0110067
5.14138	-0.0108839
5.14162	-0.0105219
5.14187	-0.00493286
5.14211	0.00359961
5.14235	0.00479416
5.1426	-0.00329284
5.14284	-0.00881941
5.14309	-0.00383477
5.14333	0.0030092
5.14358	0.000329794
5.14382	-0.00823995
5.14407	-0.01109
5.14431	-0.00686016
5.14456	-0.00345842
5.1448	-0.00287316
5.14504	0.000246324
5.14529	0.00588857
5.14553	0.00670409
5.14578	0.000305969
5.14602	-0.00653297
5.14627	-0.00831969
5.14651	-0.00696886
5.14676	-0.00538352
5.147	-0.00308006
5.14725	-0.000695206
5.14749	-0.00109525
5.14774	-0.00310774
5.14798	-0.00157199
5.14822	0.0033378
5.14847	0.00436978
5.14871	-0.00150922
5.14896	-0.00761927
5.1492	-0.00811557
5.14945	-0.00665184
5.14969	-0.00833937
5.14994	-0.00977162
5.15018	-0.00506743
5.15043	0.00287957
5.15067	0.0059355
5.15092	0.00294447
5.15116	-5.02958e-05
5.1514	-0.000563832
5.15165	-0.00203723
5.15189	-0.00516255
5.15214	-0.00564051
5.15238	-0.00315979
5.15263	-0.00424448
5.15287	-0.0111227
5.15312	-0.0149356
5.15336	-0.00784921
5.15361	0.00280145
5.15385	0.00254391
5.1541	-0.00888829
5.15434	-0.015118
5.15458	-0.0058195
5.15483	0.00789269
5.15507	0.00885499
5.15532	-0.00213128
5.15556	-0.00896764
5.15581	-0.00445951
5.15605	0.000911012
5.1563	-0.00298558
5.15654	-0.0110254
5.15679	-0.0128685
5.15703	-0.00883882
5.15727	-0.00632494
5.15752	-0.00629375
5.15776	-0.0038654
5.15801	0.000754595
5.15825	0.00235625
5.1585	0.000763374
5.15874	0.000929308
5.15899	0.0029371
5.15923	0.00181651
5.15948	-0.00154732
5.15972	9.84365e-05
5.15997	0.00705824
5.16021	0.00968224
5.16045	0.00374199
5.1607	-0.00155265
5.16094	0.00180258
5.16119	0.00745463
5.16143	0.00550446
5.16168	-0.00154108
5.16192	-0.0045767
5.16217	-0.00338358
5.16241	-0.00410473
5.16266	-0.00576908
5.1629	-0.00262964
5.16315	0.00246242
5.16339	0.000942377
5.16363	-0.00548537
5.16388	-0.00589117
5.16412	0.00121564
5.16437	0.00449651
5.16461	-0.0013954
5.16486	-0.00764068
5.1651	-0.0072092
5.16535	-0.00507804
5.16559	-0.00549971
5.16584	-0.0030857
5.16608	0.00424155
5.16633	0.00711065
5.16657	0.00101049
5.16681	-0.00241478
5.16706	0.00566659
5.1673	0.0133573
5.16755	0.00614732
5.16779	-0.00758062
5.16804	-0.00914
5.16828	-2.92793e-05
5.16853	0.0023526
5.16877	-0.0046138
5.16902	-0.00613869
5.16926	0.00178563
5.1695	0.0054225
5.16975	-0.00103355
5.16999	-0.00529088
5.17024	2.80955e-05
5.17048	0.00455728
5.17073	-0.000130018
5.17097	-0.00635811
5.17122	-0.00627055
5.17146	-0.00494975
5.17171	-0.00705664
5.17195	-0.00703268
5.1722	-0.00381309
5.17244	-0.00784698
5.17268	-0.0203443
5.17293	-0.0235654
5.17317	-0.00805098
5.17342	0.0076983
5.17366	0.00409098
5.17391	-0.0087918
5.17415	-0.00983024
5.1744	-0.00260774
5.17464	-0.00598898
5.17489	-0.0179443
5.17513	-0.0177842
5.17538	-0.002135
5.17562	0.00912129
5.17586	0.00561341
5.17611	0.00011473
5.17635	0.00331755
5.1766	0.0069934
5.17684	0.00132577
5.17709	-0.00857822
5.17733	-0.013067
5.17758	-0.0114868
5.17782	-0.00770181
5.17807	-0.00333355
5.17831	-0.0010035
5.17856	-0.00366657
5.1788	-0.00705213
5.17904	-0.00377441
5.17929	0.00296166
5.17953	0.00242303
5.17978	-0.00521125
5.18002	-0.00818867
5.18027	-0.00368434
5.18051	-0.00250078
5.18076	-0.00850283
5.181	-0.0106839
5.18125	-0.0034528
5.18149	0.00205072
5.18173	-0.00278668
5.18198	-0.00893775
5.18222	-0.00619132
5.18247	-0.00109101
5.18271	-0.00449403
5.18296	-0.0125065
5.1832	-0.014556
5.18345	-0.0115939
5.18369	-0.0112792
5.18394	-0.0120125
5.18418	-0.00703759
5.18443	0.000290204
5.18467	0.000514609
5.18491	-0.00492161
5.18516	-0.00526189
5.1854	0.000733436
5.18565	0.00107852
5.18589	-0.0110474
5.18614	-0.0258774
5.18638	-0.0291346
5.18663	-0.018755
5.18687	-0.00494202
5.18712	0.00221673
5.18736	0.00125628
5.18761	-0.00235903
5.18785	-0.00329042
5.18809	-0.00136576
5.18834	-0.000172514
5.18858	-0.00153225
5.18883	-0.0030427
5.18907	-0.00151438
5.18932	0.00265615
5.18956	0.00496814
5.18981	0.000135119
5.19005	-0.012266
5.1903	-0.0238075
5.19054	-0.0228374
5.19079	-0.00880481
5.19103	0.00305598
5.19127	-0.00111218
5.19152	-0.0147187
5.19176	-0.0186309
5.19201	-0.00737653
5.19225	0.00406177
5.1925	0.0022068
5.19274	-0.00747592
5.19299	-0.0111302
5.19323	-0.00570183
5.19348	0.000338081
5.19372	0.00054996
5.19396	-0.00246222
5.19421	-0.0022978
5.19445	0.00288598
5.1947	0.00752086
5.19494	0.0048119
5.19519	-0.00299408
5.19543	-0.00482248
5.19568	0.0039508
5.19592	0.0123515
5.19617	0.00872777
5.19641	-0.0010045
5.19666	-0.00263434
5.1969	0.00352343
5.19714	0.00531313
5.19739	0.00195227
5.19763	0.00491107
5.19788	0.0137045
5.19812	0.0121786
5.19837	-0.00393144
5.19861	-0.0161007
5.19886	-0.0105332
5.1991	0.0018023
5.19935	0.00580399
5.19959	0.00568445
5.19984	0.0117358
5.20008	0.0186064
5.20032	0.0156489
5.20057	0.0082242
5.20081	0.00976058
5.20106	0.0197328
5.2013	0.0266582
5.20155	0.0269987
5.20179	0.0253633
5.20204	0.0220969
5.20228	0.016146
5.20253	0.0137248
5.20277	0.0182122
5.20302	0.0187316
5.20326	0.00659932
5.2035	-0.00442303
5.20375	0.00439674
5.20399	0.0245561
5.20424	0.0299589
5.20448	0.0169804
5.20473	0.00838075
5.20497	0.0140939
5.20522	0.0160046
5.20546	0.0019627
5.20571	-0.010966
5.20595	-0.00425274
5.20619	0.0112939
5.20644	0.0130647
5.20668	0.00116705
5.20693	-0.00609913
5.20717	-0.00285384
5.20742	-0.000304198
5.20766	-0.00399652
5.20791	-0.0064831
5.20815	-0.00428405
5.2084	-0.00481528
5.20864	-0.0113423
5.20889	-0.015088
5.20913	-0.00947236
5.20937	-0.0013787
5.20962	-8.23923e-06
5.20986	-0.00283186
5.21011	-0.00192033
5.21035	0.00157796
5.2106	-0.000230767
5.21084	-0.0077245
5.21109	-0.0121986
5.21133	-0.00915761
5.21158	-0.00403744
5.21182	-0.00231448
5.21207	-0.00235396
5.21231	-0.00198505
5.21255	-0.00395463
5.2128	-0.00869013
5.21304	-0.0090223
5.21329	-0.00058712
5.21353	0.00825248
5.21378	0.00694934
5.21402	-0.000942019
5.21427	-0.00364958
5.21451	-0.000763965
5.21476	-0.00305572
5.215	-0.0121136
5.21525	-0.0155421
5.21549	-0.00773965
5.21573	-0.000937485
5.21598	-0.00592285
5.21622	-0.0136391
5.21647	-0.0087811
5.21671	0.00600622
5.21696	0.0135739
5.2172	0.0067002
5.21745	-0.00394923
5.21769	-0.00661636
5.21794	-0.00225239
5.21818	0.0014483
5.21843	0.00195314
5.21867	0.00323866
5.21891	0.00862684
5.21916	0.0155885
5.2194	0.0177982
5.21965	0.0126153
5.21989	0.00589983
5.22014	0.00632578
5.22038	0.0145996
5.22063	0.022787
5.22087	0.0251577
5.22112	0.0236236
5.22136	0.0207144
5.2216	0.0151448
5.22185	0.00848814
5.22209	0.0077218
5.22234	0.0144162
5.22258	0.0189345
5.22283	0.0136448
5.22307	0.00516859
5.22332	0.00387438
5.22356	0.00695104
5.22381	0.00344851
5.22405	-0.00733492
5.2243	-0.0147326
5.22454	-0.0131554
5.22478	-0.00799158
5.22503	-0.00408665
5.22527	0.000444516
5.22552	0.00553705
5.22576	0.00437814
5.22601	-0.0064262
5.22625	-0.01826
5.2265	-0.0191208
5.22674	-0.00857192
5.22699	0.00114565
5.22723	-0.000915409
5.22748	-0.0124517
5.22772	-0.0214256
5.22796	-0.0202661
5.22821	-0.0133094
5.22845	-0.00841665
5.2287	-0.00552673
5.22894	2.64561e-05
5.22919	0.00536603
5.22943	0.00162562
5.22968	-0.0103862
5.22992	-0.0170414
5.23017	-0.0101715
5.23041	0.00117495
5.23066	0.00490962
5.2309	0.00277982
5.23114	0.00341739
5.23139	0.00652651
5.23163	0.00584726
5.23188	0.0020276
5.23212	-0.000150719
5.23237	-0.00323254
5.23261	-0.0123543
5.23286	-0.0215505
5.2331	-0.0190733
5.23335	-0.00655737
5.23359	0.00107241
5.23383	-0.00268315
5.23408	-0.0072944
5.23432	-0.00294059
5.23457	0.00474043
5.23481	0.00461276
5.23506	-0.00364636
5.2353	-0.0107283
5.23555	-0.0102899
5.23579	-0.00441976
5.23604	0.000629163
5.23628	0.000266242
5.23653	-0.00487135
5.23677	-0.00927676
5.23701	-0.00821617
5.23726	-0.00285341
5.2375	0.00256918
5.23775	0.00646428
5.23799	0.00856915
5.23824	0.00593141
5.23848	-0.00313187
5.23873	-0.0130737
5.23897	-0.0166774
5.23922	-0.0153341
5.23946	-0.0156724
5.23971	-0.0170804
5.23995	-0.0124191
5.24019	-0.00177001
5.24044	0.00516719
5.24068	0.00349774
5.24093	0.000205558
5.24117	0.00200671
5.24142	0.00469691
5.24166	0.000913859
5.24191	-0.00771163
5.24215	-0.0129108
5.2424	-0.010794
5.24264	-0.00529578
5.24289	-0.00254537
5.24313	-0.00488028
5.24337	-0.00889915
5.24362	-0.00853559
5.24386	-0.00236078
5.24411	0.00319657
5.24435	0.00202583
5.2446	-0.00238061
5.24484	-0.00257992
5.24509	-0.000217598
5.24533	-0.00364857
5.24558	-0.0122507
5.24582	-0.0148743
5.24606	-0.00764395
5.24631	-0.00135516
5.24655	-0.00408908
5.2468	-0.00755836
5.24704	-0.0013031
5.24729	0.0082974
5.24753	0.00688815
5.24778	-0.00439668
5.24802	-0.00917282
5.24827	-0.000239322
5.24851	0.00991572
5.24876	0.00831808
5.249	0.000232962
5.24924	-0.000468488
5.24949	0.00685262
5.24973	0.00887655
5.24998	-0.00114542
5.25022	-0.0130618
5.25047	-0.0148061
5.25071	-0.00956575
5.25096	-0.00936091
5.2512	-0.0157421
5.25145	-0.0179259
5.25169	-0.0107001
5.25194	-0.00305977
5.25218	-0.00423964
5.25242	-0.0106459
5.25267	-0.0138083
5.25291	-0.0131485
5.25316	-0.0118501
5.2534	-0.00735161
5.25365	0.0025242
5.25389	0.00932806
5.25414	0.00341127
5.25438	-0.00887452
5.25463	-0.0113995
5.25487	-0.00143096
5.25512	0.00759412
5.25536	0.00789231
5.2556	0.00676554
5.25585	0.00999782
5.25609	0.0110143
5.25634	0.00447233
5.25658	-0.00249012
5.25683	-0.00251703
5.25707	-0.000798052
5.25732	-0.00488473
5.25756	-0.010719
5.25781	-0.0100504
5.25805	-0.00456955
5.25829	-0.00135173
5.25854	-0.000372551
5.25878	0.00194854
5.25903	0.00211141
5.25927	-0.00506843
5.25952	-0.0139986
5.25976	-0.0139449
5.26001	-0.00569081
5.26025	-0.000760293
5.2605	-0.00434426
5.26074	-0.0100998
5.26099	-0.0122387
5.26123	-0.0118418
5.26147	-0.00992591
5.26172	-0.00502962
5.26196	-0.000194578
5.26221	-0.00220417
5.26245	-0.0103297
5.2627	-0.0150238
5.26294	-0.011728
5.26319	-0.00704938
5.26343	-0.00666758
5.26368	-0.00630748
5.26392	-0.00128842
5.26417	0.00329537
5.26441	0.000652963
5.26465	-0.00543214
5.2649	-0.00616967
5.26514	-0.00213242
5.26539	-0.0019391
5.26563	-0.00732407
5.26588	-0.00950698
5.26612	-0.00300452
5.26637	0.00520651
5.26661	0.00541127
5.26686	-0.00144756
5.2671	-0.00639636
5.26735	-0.00571673
5.26759	-0.00473983
5.26783	-0.00810547
5.26808	-0.0126189
5.26832	-0.0129681
5.26857	-0.00987098
5.26881	-0.00761368
5.26906	-0.00635952
5.2693	-0.00299097
5.26955	0.00146836
5.26979	0.00218616
5.27004	-0.000809239
5.27028	-0.00153093
5.27052	0.00168485
5.27077	0.00224624
5.27101	-0.00343803
5.27126	-0.00810682
5.2715	-0.00462179
5.27175	0.00125927
5.27199	-0.000859586
5.27224	-0.00871427
5.27248	-0.0100781
5.27273	-0.0022161
5.27297	0.00347574
5.27322	-0.000869038
5.27346	-0.00814351
5.2737	-0.00783609
5.27395	-0.000422557
5.27419	0.00625034
5.27444	0.00856593
5.27468	0.00862408
5.27493	0.00865839
5.27517	0.00953141
5.27542	0.0113309
5.27566	0.0115622
5.27591	0.00709447
5.27615	0.00111896
5.2764	0.00200803
5.27664	0.0105972
5.27688	0.0155141
5.27713	0.00795818
5.27737	-0.00484887
5.27762	-0.00905042
5.27786	-0.00227172
5.27811	0.00613615
5.27835	0.00913948
5.2786	0.00731036
5.27884	0.00288203
5.27909	-0.00221539
5.27933	-0.0037733
5.27958	0.000771023
5.27982	0.0069194
5.28006	0.00898547
5.28031	0.00880344
5.28055	0.0103417
5.2808	0.00959956
5.28104	0.00107948
5.28129	-0.00866678
5.28153	-0.0076924
5.28178	0.00177836
5.28202	0.00523172
5.28227	-0.00120701
5.28251	-0.00551165
5.28275	-0.00131852
5.283	0.00187106
5.28324	-0.0027549
5.28349	-0.00690723
5.28373	-0.00376037
5.28398	-0.00164354
5.28422	-0.00758606
5.28447	-0.0108839
5.28471	-2.28352e-05
5.28496	0.0145472
5.2852	0.0138758
5.28545	0.000245731
5.28569	-0.00661878
5.28593	-0.000240678
5.28618	0.00592101
5.28642	0.00331881
5.28667	8.54579e-05
5.28691	0.00290628
5.28716	0.00476339
5.2874	-0.000648944
5.28765	-0.00624798
5.28789	-0.00353899
5.28814	0.00278657
5.28838	0.00253276
5.28863	-0.00437956
5.28887	-0.00906799
5.28911	-0.00641853
5.28936	0.000319519
5.2896	0.0049635
5.28985	0.00390444
5.29009	-0.00105451
5.29034	-0.00300944
5.29058	0.00276164
5.29083	0.0106604
5.29107	0.0102232
5.29132	0.00144258
5.29156	-0.00359857
5.29181	0.00176462
5.29205	0.00828622
5.29229	0.00426204
5.29254	-0.00768743
5.29278	-0.0151322
5.29303	-0.01244
5.29327	-0.00533006
5.29352	-0.00173157
5.29376	-0.00423812
5.29401	-0.00948323
5.29425	-0.0106797
5.2945	-0.00385347
5.29474	0.00503761
5.29498	0.00420359
5.29523	-0.00842747
5.29547	-0.0200113
5.29572	-0.0192365
5.29596	-0.0112229
5.29621	-0.0074859
5.29645	-0.00750248
5.2967	-0.00245792
5.29694	0.00605158
5.29719	0.00579882
5.29743	-0.00560206
5.29768	-0.0138158
5.29792	-0.00824184
5.29816	0.00136277
5.29841	-0.00110409
5.29865	-0.0138726
5.2989	-0.0193141
5.29914	-0.00936558
5.29939	0.00292212
5.29963	0.00224332
5.29988	-0.00726841
5.30012	-0.00862992
5.30037	0.00317391
5.30061	0.0142944
5.30086	0.0125813
5.3011	0.00479658
5.30134	0.00552372
5.30159	0.0158163
5.30183	0.023654
5.30208	0.0227992
5.30232	0.0194766
5.30257	0.0194521
5.30281	0.0196843
5.30306	0.0164372
5.3033	0.0119962
5.30355	0.00842949
5.30379	0.0033603
5.30404	-0.00256793
5.30428	-0.00267948
5.30452	0.00463801
5.30477	0.0101386
5.30501	0.00707421
5.30526	0.0026608
5.3055	0.00701548
5.30575	0.0175908
5.30599	0.0248876
5.30624	0.0271717
5.30648	0.0278085
5.30673	0.0240181
5.30697	0.012447
5.30722	0.00181036
5.30746	0.00373031
5.3077	0.0121947
5.30795	0.00947712
5.30819	-0.00559202
5.30844	-0.0133527
5.30868	-0.00309563
5.30893	0.0104617
5.30917	0.0103929
5.30942	0.00160146
5.30966	-0.00188277
5.30991	-0.00076022
5.31015	-0.00471853
5.31039	-0.0112792
5.31064	-0.00910741
5.31088	0.00053118
5.31113	0.00354629
5.31137	-0.00445137
5.31162	-0.011272
5.31186	-0.00772907
5.31211	-0.000188614
5.31235	0.0022511
5.3126	0.000610151
5.31284	-0.00162384
5.31309	-0.00765188
5.31333	-0.0183856
5.31357	-0.0231245
5.31382	-0.0121667
5.31406	0.00579868
5.31431	0.0119897
5.31455	0.00209603
5.3148	-0.00965058
5.31504	-0.0118693
5.31529	-0.00905302
5.31553	-0.0091328
5.31578	-0.00981599
5.31602	-0.00560814
5.31627	7.65906e-05
5.31651	0.000157125
5.31675	-0.00357869
5.317	-0.00368615
5.31724	-0.000482156
5.31749	-0.00157324
5.31773	-0.00774739
5.31798	-0.0100728
5.31822	-0.00439751
5.31847	0.000708301
5.31871	-0.00353464
5.31896	-0.0127351
5.3192	-0.0157455
5.31945	-0.00986031
5.31969	-0.00205668
5.31993	0.00210545
5.32018	0.00306178
5.32042	0.00183839
5.32067	-0.0019516
5.32091	-0.00565116
5.32116	-0.00435421
5.3214	0.000927167
5.32165	0.00197483
5.32189	-0.00554919
5.32214	-0.0145717
5.32238	-0.015513
5.32262	-0.00928323
5.32287	-0.00495257
5.32311	-0.0061216
5.32336	-0.00714032
5.3236	-0.00389987
5.32385	-0.000777072
5.32409	-0.00258536
5.32434	-0.00575844
5.32458	-0.00425203
5.32483	-0.000465156
5.32507	-0.00202569
5.32532	-0.00863771
5.32556	-0.0108811
5.3258	-0.00431126
5.32605	0.00303463
5.32629	0.00164517
5.32654	-0.00684459
5.32678	-0.0132757
5.32703	-0.0128484
5.32727	-0.0082658
5.32752	-0.00446006
5.32776	-0.004828
5.32801	-0.00928515
5.32825	-0.0120455
5.3285	-0.00606193
5.32874	0.00574056
5.32898	0.0101539
5.32923	0.00130512
5.32947	-0.00890126
5.32972	-0.00778415
5.32996	-0.00176343
5.33021	-0.00528315
5.33045	-0.0155303
5.3307	-0.0162815
5.33094	-0.00567397
5.33119	-4.12146e-05
5.33143	-0.00632934
5.33168	-0.0108499
5.33192	-0.00400189
5.33216	0.00260903
5.33241	-0.0036274
5.33265	-0.0149458
5.3329	-0.016929
5.33314	-0.010661
5.33339	-0.00545898
5.33363	-0.00109512
5.33388	0.00565105
5.33412	0.00703605
5.33437	-0.00387748
5.33461	-0.0156426
5.33485	-0.0131314
5.3351	-0.00351353
5.33534	-0.00537004
5.33559	-0.0164601
5.33583	-0.0174605
5.33608	-0.00699665
5.33632	-0.00513962
5.33657	-0.0169486
5.33681	-0.0209103
5.33706	-0.0056303
5.3373	0.00820379
5.33755	0.000667746
5.33779	-0.0144265
5.33803	-0.0123373
5.33828	0.00270517
5.33852	0.00633195
5.33877	-0.00605638
5.33901	-0.0147478
5.33926	-0.00951993
5.3395	-0.00336565
5.33975	-0.00749785
5.33999	-0.0130491
5.34024	-0.00765457
5.34048	0.00381974
5.34073	0.0069777
5.34097	-0.0012295
5.34121	-0.010032
5.34146	-0.0107131
5.3417	-0.00668663
5.34195	-0.00660451
5.34219	-0.0123478
5.34244	-0.0174224
5.34268	-0.016437
5.34293	-0.0119592
5.34317	-0.0089877
5.34342	-0.00633211
5.34366	-0.000123803
5.34391	0.00597067
5.34415	0.00361946
5.34439	-0.00582503
5.34464	-0.0105528
5.34488	-0.0059092
5.34513	-0.00171832
5.34537	-0.00566367
5.34562	-0.0108198
5.34586	-0.00895602
5.34611	-0.00505322
5.34635	-0.00643635
5.3466	-0.00771053
5.34684	-0.00168492
5.34708	0.00304604
5.34733	-0.00642719
5.34757	-0.0231131
5.34782	-0.0268679
5.34806	-0.0144324
5.34831	-0.00359472
5.34855	-0.00536079
5.3488	-0.010482
5.34904	-0.00861092
5.34929	-0.00378822
5.34953	-0.00329856
5.34978	-0.00547494
5.35002	-0.00681684
5.35026	-0.00935563
5.35051	-0.0134129
5.35075	-0.0138146
5.351	-0.00984101
5.35124	-0.00809684
5.35149	-0.00960235
5.35173	-0.00611552
5.35198	0.00403103
5.35222	0.00939755
5.35247	0.00303595
5.35271	-0.0061301
5.35296	-0.0087809
5.3532	-0.00911935
5.35344	-0.012713
5.35369	-0.0138128
5.35393	-0.00777585
5.35418	-0.00341587
5.35442	-0.00781036
5.35467	-0.0106913
5.35491	-0.00160059
5.35516	0.00800342
5.3554	0.000695571
5.35565	-0.0163127
5.35589	-0.0198341
5.35614	-0.00707291
5.35638	0.000742308
5.35662	-0.0068565
5.35687	-0.0146365
5.35711	-0.00884109
5.35736	0.00133824
5.3576	0.00125546
5.35785	-0.00598518
5.35809	-0.00778588
5.35834	-0.00327947
5.35858	-0.00233168
5.35883	-0.0081912
5.35907	-0.012845
5.35931	-0.00909384
5.35956	4.66276e-05
5.3598	0.00504837
5.36005	0.000256155
5.36029	-0.0095639
5.36054	-0.0136487
5.36078	-0.00815793
5.36103	-0.00203524
5.36127	-0.00526803
5.36152	-0.0144343
5.36176	-0.0173655
5.36201	-0.010156
5.36225	-0.000688746
5.36249	0.00395767
5.36274	0.0042084
5.36298	0.0020026
5.36323	-0.00202689
5.36347	-0.00432783
5.36372	-0.00103984
5.36396	0.00378998
5.36421	0.0022267
5.36445	-0.00434649
5.3647	-0.00687236
5.36494	-0.00475376
5.36519	-0.00740839
5.36543	-0.0163058
5.36567	-0.0194981
5.36592	-0.0108272
5.36616	-0.00150733
5.36641	-0.0031985
5.36665	-0.0106694
5.3669	-0.0122151
5.36714	-0.0081702
5.36739	-0.00699063
5.36763	-0.00948983
5.36788	-0.00934873
5.36812	-0.00557322
5.36837	-0.00326502
5.36861	-0.00399423
5.36885	-0.00496564
5.3691	-0.00623691
5.36934	-0.00997834
5.36959	-0.0134655
5.36983	-0.0112206
5.37008	-0.00436144
5.37032	-0.00052588
5.37057	-0.00338612
5.37081	-0.0081454
5.37106	-0.00883595
5.3713	-0.00533384
5.37154	-0.00144622
5.37179	0.000364435
5.37203	0.000277964
5.37228	-0.000870524
5.37252	-0.00274066
5.37277	-0.00460737
5.37301	-0.00462096
5.37326	-0.00177731
5.3735	0.00126682
5.37375	0.000421391
5.37399	-0.00332297
5.37424	-0.00384423
5.37448	0.000524131
5.37472	0.00294004
5.37497	-0.000772949
5.37521	-0.00334222
5.37546	0.00227508
5.3757	0.00810476
5.37595	0.00108422
5.37619	-0.0150611
5.37644	-0.0228938
5.37668	-0.0165959
5.37693	-0.00869236
5.37717	-0.00849894
5.37742	-0.009774
5.37766	-0.00585292
5.3779	-0.00194519
5.37815	-0.00369996
5.37839	-0.00654907
5.37864	-0.0060318
5.37888	-0.00702219
5.37913	-0.012605
5.37937	-0.0148563
5.37962	-0.00798945
5.37986	-0.000890495
5.38011	-0.0042474
5.38035	-0.0130742
5.3806	-0.014528
5.38084	-0.00718235
5.38108	-0.000613215
5.38133	-0.000148249
5.38157	-0.00280855
5.38182	-0.00526211
5.38206	-0.00658404
5.38231	-0.00563956
5.38255	-0.00298232
5.3828	-0.00253546
5.38304	-0.00601684
5.38329	-0.00954012
5.38353	-0.00958335
5.38378	-0.00695872
5.38402	-0.00246513
5.38426	0.00355007
5.38451	0.00559645
5.38475	-0.00205075
5.385	-0.0127728
5.38524	-0.0138077
5.38549	-0.00778834
5.38573	-0.010217
5.38598	-0.0204895
5.38622	-0.0180291
5.38647	0.00204161
5.38671	0.0143728
5.38695	0.00230214
5.3872	-0.0128508
5.38744	-0.00575406
5.38769	0.010969
5.38793	0.00902457
5.38818	-0.00767289
5.38842	-0.0121761
5.38867	-0.00184417
5.38891	0.000161411
5.38916	-0.0118547
5.3894	-0.0174402
5.38965	-0.00849527
5.38989	-0.00309781
5.39013	-0.0117774
5.39038	-0.0192302
5.39062	-0.0121326
5.39087	-0.000891377
5.39111	7.26623e-05
5.39136	-0.0057916
5.3916	-0.00803532
5.39185	-0.00616175
5.39209	-0.00453631
5.39234	-0.00341993
5.39258	-0.0033074
5.39283	-0.00615204
5.39307	-0.00749421
5.39331	-0.00103043
5.39356	0.00639666
5.3938	0.00130482
5.39405	-0.011978
5.39429	-0.0134291
5.39454	0.000585305
5.39478	0.00893957
5.39503	-0.0014806
5.39527	-0.0158375
5.39552	-0.0163442
5.39576	-0.00762188
5.39601	-0.0025313
5.39625	-0.000204891
5.39649	0.00522878
5.39674	0.00838054
5.39698	0.00238998
5.39723	-0.0059398
5.39747	-0.00676916
5.39772	-0.00394163
5.39796	-0.00644016
5.39821	-0.0115694
5.39845	-0.011112
5.3987	-0.00704381
5.39894	-0.00681912
5.39918	-0.00858422
5.39943	-0.00485787
5.39967	0.00268558
5.39992	0.00458515
5.40016	-0.0019675
5.40041	-0.0100288
5.40065	-0.0134306
5.4009	-0.0130255
5.40114	-0.0129646
5.40139	-0.015282
5.40163	-0.0173682
5.40188	-0.0140667
5.40212	-0.0055793
5.40236	-0.00112633
5.40261	-0.0071887
5.40285	-0.0149029
5.4031	-0.0110458
5.40334	0.000162871
5.40359	0.00194821
5.40383	-0.0075018
5.40408	-0.0109899
5.40432	-0.000537101
5.40457	0.0096165
5.40481	0.00678381
5.40506	-0.00172827
5.4053	-0.00482568
5.40554	-0.00511723
5.40579	-0.00759195
5.40603	-0.00679206
5.40628	0.000797382
5.40652	0.00593429
5.40677	0.00210205
5.40701	-0.00212356
5.40726	7.59258e-05
5.4075	-0.000383622
5.40775	-0.0103974
5.40799	-0.0182475
5.40824	-0.013432
5.40848	-0.00774717
5.40872	-0.0152984
5.40897	-0.0249487
5.40921	-0.0170966
5.40946	0.00195316
5.4097	0.00824618
5.40995	-0.00305227
5.41019	-0.014431
5.41044	-0.0163849
5.41068	-0.016091
5.41093	-0.0164695
5.41117	-0.0112457
5.41141	-0.00339247
5.41166	-0.00528424
5.4119	-0.0152858
5.41215	-0.015385
5.41239	0.000467962
5.41264	0.0144435
5.41288	0.0103232
5.41313	-0.0045726
5.41337	-0.0126971
5.41362	-0.00926545
5.41386	-0.00252274
5.41411	-3.38766e-05
5.41435	-0.00295237
5.41459	-0.00827502
5.41484	-0.011592
5.41508	-0.0114239
5.41533	-0.0117072
5.41557	-0.0151249
5.41582	-0.0164647
5.41606	-0.0104641
5.41631	-0.00300892
5.41655	-0.00401093
5.4168	-0.0117139
5.41704	-0.0157928
5.41729	-0.0139466
5.41753	-0.0124493
5.41777	-0.0119591
5.41802	-0.00737273
5.41826	-0.00141245
5.41851	-0.00264286
5.41875	-0.0087022
5.419	-0.00765093
5.41924	0.00123603
5.41949	0.00462772
5.41973	-0.00252461
5.41998	-0.00876357
5.42022	-0.00677805
5.42047	-0.0053373
5.42071	-0.0113071
5.42095	-0.0156989
5.4212	-0.0100101
5.42144	-0.00307921
5.42169	-0.00721977
5.42193	-0.0174289
5.42218	-0.0193578
5.42242	-0.0115013
5.42267	-0.00511493
5.42291	-0.00572811
5.42316	-0.00794833
5.4234	-0.00746888
5.42364	-0.00688178
5.42389	-0.00871471
5.42413	-0.0113013
5.42438	-0.0128752
5.42462	-0.0135603
5.42487	-0.0124915
5.42511	-0.00798504
5.42536	-0.00138125
5.4256	0.00276716
5.42585	0.00108075
5.42609	-0.00536303
5.42634	-0.0112076
5.42658	-0.010199
5.42682	-0.00151351
5.42707	0.00700925
5.42731	0.00662408
5.42756	-0.000670557
5.4278	-0.00447283
5.42805	-0.00151341
5.42829	-0.00053844
5.42854	-0.00739631
5.42878	-0.0140849
5.42903	-0.0106441
5.42927	-0.00113478
5.42952	0.00232958
5.42976	-0.00242301
5.43	-0.00643038
5.43025	-0.00518539
5.43049	-0.00439931
5.43074	-0.00813071
5.43098	-0.0109427
5.43123	-0.00699661
5.43147	2.0703e-05
5.43172	0.00246307
5.43196	-9.47391e-05
5.43221	-0.00206796
5.43245	-0.00220037
5.4327	-0.00530832
5.43294	-0.0126826
5.43318	-0.0174914
5.43343	-0.0138628
5.43367	-0.0060765
5.43392	-0.00308478
5.43416	-0.00618813
5.43441	-0.00868047
5.43465	-0.00727053
5.4349	-0.00632604
5.43514	-0.00843905
5.43539	-0.00822954
5.43563	-0.00107831
5.43587	0.00723241
5.43612	0.00672637
5.43636	-0.00330534
5.43661	-0.0133445
5.43685	-0.0150661
5.4371	-0.00853179
5.43734	0.000722478
5.43759	0.00648911
5.43783	0.00478428
5.43808	-0.00270625
5.43832	-0.00856562
5.43857	-0.0077824
5.43881	-0.00489175
5.43905	-0.00777132
5.4393	-0.0156239
5.43954	-0.0196506
5.43979	-0.0156067
5.44003	-0.00890647
5.44028	-0.00590189
5.44052	-0.00603572
5.44077	-0.00491707
5.44101	-0.00072658
5.44126	0.0044729
5.4415	0.00692898
5.44175	0.00424973
5.44199	-0.00121521
5.44223	-0.00368332
5.44248	-0.00211139
5.44272	-0.00350036
5.44297	-0.0119796
5.44321	-0.0187299
5.44346	-0.0124639
5.4437	0.00211473
5.44395	0.00817703
5.44419	1.71535e-05
5.44444	-0.00985111
5.44468	-0.0103452
5.44493	-0.0062208
5.44517	-0.00633393
5.44541	-0.00871281
5.44566	-0.00666734
5.4459	-0.00146006
5.44615	0.00129256
5.44639	0.00200765
5.44664	0.00408108
5.44688	0.0051985
5.44713	0.00173998
5.44737	-0.00176376
5.44762	0.00159269
5.44786	0.00768661
5.4481	0.00513212
5.44835	-0.00656586
5.44859	-0.0135914
5.44884	-0.00680342
5.44908	0.00456288
5.44933	0.00492488
5.44957	-0.00701677
5.44982	-0.0171564
5.45006	-0.0142789
5.45031	-0.00281061
5.45055	0.00490345
5.4508	0.00436675
5.45104	0.0016592
5.45128	0.00156245
5.45153	-1.14997e-05
5.45177	-0.0076986
5.45202	-0.0164029
5.45226	-0.0171025
5.45251	-0.010538
5.45275	-0.00590612
5.453	-0.00579836
5.45324	-0.00288755
5.45349	0.00526486
5.45373	0.00905223
5.45398	0.00138232
5.45422	-0.00972395
5.45446	-0.0122634
5.45471	-0.00703836
5.45495	-0.0033872
5.4552	-0.00376345
5.45544	-0.00363048
5.45569	-0.0026713
5.45593	-0.00411472
5.45618	-0.00510241
5.45642	-0.000153776
5.45667	0.00631775
5.45691	0.0039023
5.45716	-0.00587561
5.4574	-0.00868441
5.45764	0.00115245
5.45789	0.0103189
5.45813	0.00461555
5.45838	-0.0118568
5.45862	-0.0233027
5.45887	-0.0214034
5.45911	-0.0107916
5.45936	-0.000443748
5.4596	0.00411551
5.45985	0.00319831
5.46009	0.00147597
5.46034	0.00136524
5.46058	-0.00196097
5.46082	-0.0124272
5.46107	-0.0212662
5.46131	-0.0154753
5.46156	0.000170341
5.4618	0.00526486
5.46205	-0.00544746
5.46229	-0.0109622
5.46254	0.00337455
5.46278	0.0191028
5.46303	0.0109776
5.46327	-0.0119448
5.46351	-0.0173825
5.46376	0.00198412
5.464	0.0182357
5.46425	0.0100385
5.46449	-0.00964772
5.46474	-0.0176045
5.46498	-0.0120832
5.46523	-0.00660999
5.46547	-0.00642451
5.46572	-0.00644117
5.46596	-0.00458313
5.46621	-0.0038785
5.46645	-0.00515119
5.46669	-0.006552
5.46694	-0.00704363
5.46718	-0.0051109
5.46743	0.00059683
5.46767	0.00541732
5.46792	0.00143758
5.46816	-0.0093369
5.46841	-0.0143594
5.46865	-0.00912913
5.4689	-0.00517976
5.46914	-0.0109404
5.46939	-0.0164577
5.46963	-0.00947275
5.46987	0.00334282
5.47012	0.00624726
5.47036	-0.00133074
5.47061	-0.00642398
5.47085	-0.00453371
5.4711	-0.00375329
5.47134	-0.00746688
5.47159	-0.00823373
5.47183	-0.00164017
5.47208	0.00601216
5.47232	0.00766101
5.47257	0.0038786
5.47281	-0.00149778
5.47305	-0.00602871
5.4733	-0.00659882
5.47354	-0.000162224
5.47379	0.0105231
5.47403	0.0174237
5.47428	0.0158303
5.47452	0.00916339
5.47477	0.0051723
5.47501	0.00985323
5.47526	0.0226428
5.4755	0.0346789
5.47574	0.0362291
5.47599	0.0293958
5.47623	0.0270443
5.47648	0.0347241
5.47672	0.0427722
5.47697	0.0430149
5.47721	0.0416529
5.47746	0.0450157
5.4777	0.0453227
5.47795	0.035926
5.47819	0.0285033
5.47844	0.0350554
5.47868	0.0431174
5.47892	0.0334596
5.47917	0.0154971
5.47941	0.0161373
5.47966	0.0349374
5.4799	0.0418659
5.48015	0.0248966
5.48039	0.00818841
5.48064	0.0110579
5.48088	0.0186847
5.48113	0.0118892
5.48137	0.000376938
5.48162	0.003086
5.48186	0.0145838
5.4821	0.0160057
5.48235	0.0067524
5.48259	0.00170511
5.48284	0.00505741
5.48308	0.00787548
5.48333	0.00614371
5.48357	0.00330095
5.48382	-0.000152346
5.48406	-0.00423686
5.48431	-0.00310961
5.48455	0.00419828
5.4848	0.00514428
5.48504	-0.00772983
5.48528	-0.0187642
5.48553	-0.00946529
5.48577	0.0107474
5.48602	0.0163373
5.48626	0.00360481
5.48651	-0.00690819
5.48675	-0.0046022
5.487	-0.000655249
5.48724	-0.00270134
5.48749	-0.00221136
5.48773	0.00497218
5.48797	0.00735967
5.48822	-0.00147554
5.48846	-0.0092119
5.48871	-0.00494047
5.48895	0.00220219
5.4892	-0.000953222
5.48944	-0.00930448
5.48969	-0.00923844
5.48993	-0.00202687
5.49018	-0.000583942
5.49042	-0.00701645
5.49067	-0.00966537
5.49091	-0.00272337
5.49115	0.00512132
5.4914	0.00514036
5.49164	0.000590046
5.49189	-0.00124999
5.49213	-0.000922094
5.49238	-0.0034477
5.49262	-0.0079511
5.49287	-0.00870678
5.49311	-0.00540672
5.49336	-0.00466245
5.4936	-0.00922579
5.49385	-0.0123864
5.49409	-0.00811332
5.49433	-0.0019799
5.49458	-0.0045415
5.49482	-0.0155491
5.49507	-0.02298
5.49531	-0.0189169
5.49556	-0.00876928
5.4958	-0.00192086
5.49605	-0.00046323
5.49629	-0.00164643
5.49654	-0.00494573
5.49678	-0.0103576
5.49703	-0.0139845
5.49727	-0.0117934
5.49751	-0.00564243
5.49776	-0.000938688
5.498	-0.00046851
5.49825	-0.00396422
5.49849	-0.0103988
5.49874	-0.0168475
5.49898	-0.0186045
5.49923	-0.0145759
5.49947	-0.00939011
5.49972	-0.00676626
5.49996	-0.00482125
5.5002	-0.00146415
5.50045	0.000516893
5.50069	-0.00149697
5.50094	-0.00441332
5.50118	-0.00400845
5.50143	-0.00119593
5.50167	0.000833361
5.50192	0.00173932
5.50216	0.00219892
5.50241	0.00128443
5.50265	-0.000630381
5.5029	-0.00100867
5.50314	-1.21168e-05
5.50338	-0.000361037
5.50363	-0.000569802
5.50387	0.0031535
5.50412	0.00623745
5.50436	-0.00096757
5.50461	-0.0147461
5.50485	-0.0174933
5.5051	-0.00404056
5.50534	0.00698909
5.50559	0.000632113
5.50583	-0.0110124
5.50608	-0.00971496
5.50632	-0.00144076
5.50656	-0.00400992
5.50681	-0.0146291
5.50705	-0.0149089
5.5073	-0.00363407
5.50754	0.00138287
5.50779	-0.00536865
5.50803	-0.00878068
5.50828	-0.000643607
5.50852	0.00734408
5.50877	0.00577923
5.50901	0.00237987
5.50926	0.00467242
5.5095	0.00571249
5.50974	-0.00091365
5.50999	-0.00648755
5.51023	-0.000902422
5.51048	0.00943919
5.51072	0.0103599
5.51097	0.000173062
5.51121	-0.00931486
5.51146	-0.0084142
5.5117	0.00101166
5.51195	0.00922545
5.51219	0.00815075
5.51243	-0.000156492
5.51268	-0.00480369
5.51292	-0.000487588
5.51317	0.00295402
5.51341	-0.00550645
5.51366	-0.0187506
5.5139	-0.0199917
5.51415	-0.00870825
5.51439	-0.00147492
5.51464	-0.00576636
5.51488	-0.0109122
5.51513	-0.00914068
5.51537	-0.00701038
5.51561	-0.00890368
5.51586	-0.00763741
5.5161	-0.00139079
5.51635	-0.00234102
5.51659	-0.0157272
5.51684	-0.0260693
5.51708	-0.0189717
5.51733	-0.00350621
5.51757	0.00242191
5.51782	-0.00242745
5.51806	-0.00728451
5.51831	-0.00912911
5.51855	-0.011133
5.51879	-0.00992194
5.51904	-0.00178334
5.51928	0.00452209
5.51953	-0.00172596
5.51977	-0.0140297
5.52002	-0.0163988
5.52026	-0.00756981
5.52051	-0.0017325
5.52075	-0.00621065
5.521	-0.0133003
5.52124	-0.0148292
5.52149	-0.0117347
5.52173	-0.00793438
5.52197	-0.00564778
5.52222	-0.00735618
5.52246	-0.0127284
5.52271	-0.0145362
5.52295	-0.00755344
5.5232	0.000360217
5.52344	-0.00275674
5.52369	-0.0144689
5.52393	-0.0205463
5.52418	-0.0157276
5.52442	-0.00945763
5.52466	-0.00974016
5.52491	-0.0131978
5.52515	-0.0138283
5.5254	-0.0111542
5.52564	-0.00661657
5.52589	-0.000722144
5.52613	0.00373158
5.52638	0.00345813
5.52662	0.00101878
5.52687	0.00170147
5.52711	0.00410264
5.52736	0.00252594
5.5276	-0.00184295
5.52784	-0.00230944
5.52809	0.000860923
5.52833	0.000504028
5.52858	-0.00425466
5.52882	-0.00669148
5.52907	-0.00575016
5.52931	-0.0078173
5.52956	-0.0127522
5.5298	-0.0118444
5.53005	-0.00408818
5.53029	-0.000338581
5.53054	-0.0048109
5.53078	-0.00664184
5.53102	0.00122114
5.53127	0.00841955
5.53151	0.00419178
5.53176	-0.00394189
5.532	-0.00270949
5.53225	0.00472792
5.53249	0.00478164
5.53274	-0.00380567
5.53298	-0.00874255
5.53323	-0.00367947
5.53347	0.00465317
5.53372	0.00820103
5.53396	0.00472636
5.5342	-0.00593197
5.53445	-0.0209665
5.53469	-0.0301553
5.53494	-0.024326
5.53518	-0.00960158
5.53543	-0.00222038
5.53567	-0.00761741
5.53592	-0.0153725
5.53616	-0.0163424
5.53641	-0.0128807
5.53665	-0.00933806
5.53689	-0.005159
5.53714	-0.00217944
5.53738	-0.00605679
5.53763	-0.0138179
5.53787	-0.0126535
5.53812	8.03681e-05
5.53836	0.00806389
5.53861	-0.0011868
5.53885	-0.0160247
5.5391	-0.0175916
5.53934	-0.00762267
5.53959	-0.00212756
5.53983	-0.00406747
5.54007	-0.00247385
5.54032	0.00350253
5.54056	0.00148245
5.54081	-0.0100196
5.54105	-0.0152734
5.5413	-0.00711477
5.54154	-0.000373346
5.54179	-0.00794566
5.54203	-0.0193034
5.54228	-0.017368
5.54252	-0.00447863
5.54277	0.00438883
5.54301	0.00512556
5.54325	0.00451818
5.5435	0.00328461
5.54374	-0.00334565
5.54399	-0.0110258
5.54423	-0.00936075
5.54448	0.00019821
5.54472	0.00480148
5.54497	0.000233054
5.54521	-0.00370219
5.54546	-0.000731921
5.5457	0.0025051
5.54595	-0.00043374
5.54619	-0.00507559
5.54643	-0.00463411
5.54668	-0.000174652
5.54692	0.00353098
5.54717	0.00483795
5.54741	0.00338884
5.54766	-0.00151887
5.5479	-0.00698495
5.54815	-0.00784413
5.54839	-0.004901
5.54864	-0.00459318
5.54888	-0.0081311
5.54913	-0.00925837
5.54937	-0.00535202
5.54961	-0.0017621
5.54986	-0.00210414
5.5501	-0.00356016
5.55035	-0.00489539
5.55059	-0.00873528
5.55084	-0.0121684
5.55108	-0.00679017
5.55133	0.00642758
5.55157	0.0141571
5.55182	0.00950766
5.55206	0.00231957
5.5523	0.00284393
5.55255	0.006727
5.55279	0.00539056
5.55304	0.000209331
5.55328	-0.00378095
5.55353	-0.00762031
5.55377	-0.0113117
5.55402	-0.00802337
5.55426	0.00309615
5.55451	0.00979866
5.55475	0.00534491
5.555	0.00203581
5.55524	0.0108378
5.55548	0.020027
5.55573	0.0132146
5.55597	-0.00217841
5.55622	-0.00674711
5.55646	-0.00124931
5.55671	-0.00224234
5.55695	-0.0103301
5.5572	-0.0094369
5.55744	0.00235422
5.55769	0.00788376
5.55793	0.000910527
5.55818	-0.00411551
5.55842	0.00105539
5.55866	0.00566308
5.55891	0.00289151
5.55915	0.00263704
5.5594	0.0100663
5.55964	0.0131823
5.55989	0.0053147
5.56013	-0.00047902
5.56038	0.00498769
5.56062	0.00869573
5.56087	-0.000610962
5.56111	-0.00808159
5.56136	0.00474737
5.5616	0.0265984
5.56184	0.0310356
5.56209	0.0166246
5.56233	0.00698103
5.56258	0.013074
5.56282	0.0199927
5.56307	0.0143642
5.56331	0.00364094
5.56356	0.000427572
5.5638	0.00361751
5.56405	0.00445637
5.56429	0.000882187
5.56453	-0.00257044
5.56478	-0.0027486
5.56502	0.000355603
5.56527	0.00570556
5.56551	0.0112615
5.56576	0.0147046
5.566	0.0156581
5.56625	0.014948
5.56649	0.0124332
5.56674	0.0084976
5.56698	0.00557474
5.56723	0.00461122
5.56747	0.00304518
5.56771	0.000479155
5.56796	0.00202273
5.5682	0.0102848
5.56845	0.0186752
5.56869	0.0199902
5.56894	0.0174222
5.56918	0.0185069
5.56943	0.0218204
5.56967	0.0196743
5.56992	0.0119333
5.57016	0.00659486
5.57041	0.00689884
5.57065	0.00799667
5.57089	0.00735992
5.57114	0.00879867
5.57138	0.0138088
5.57163	0.0175324
5.57187	0.0166497
5.57212	0.0144817
5.57236	0.0150518
5.57261	0.0174095
5.57285	0.0181302
5.5731	0.0150259
5.57334	0.00755781
5.57359	-0.00149282
5.57383	-0.0047273
5.57407	0.00345559
5.57432	0.0183344
5.57456	0.0285819
5.57481	0.0293539
5.57505	0.0260854
5.5753	0.0248076
5.57554	0.0251943
5.57579	0.0246272
5.57603	0.0229158
5.57628	0.020708
5.57652	0.018326
5.57676	0.0179395
5.57701	0.0220865
5.57725	0.0286114
5.5775	0.0319445
5.57774	0.0308446
5.57799	0.0300971
5.57823	0.0330207
5.57848	0.0369589
5.57872	0.0380294
5.57897	0.0364085
5.57921	0.035053
5.57946	0.0360164
5.5797	0.0390153
5.57994	0.0416366
5.58019	0.0414648
5.58043	0.0398023
5.58068	0.0408228
5.58092	0.0446332
5.58117	0.0456238
5.58141	0.0420043
5.58166	0.041272
5.5819	0.0493327
5.58215	0.0598796
5.58239	0.0638301
5.58264	0.0642509
5.58288	0.0703907
5.58312	0.0805986
5.58337	0.0847789
5.58361	0.0823738
5.58386	0.0833509
5.5841	0.0903827
5.58435	0.0949823
5.58459	0.0944821
5.58484	0.0981384
5.58508	0.110885
5.58533	0.124582
5.58557	0.132139
5.58582	0.137869
5.58606	0.146404
5.5863	0.153639
5.58655	0.15744
5.58679	0.165784
5.58704	0.183841
5.58728	0.202895
5.58753	0.213182
5.58777	0.219364
5.58802	0.231803
5.58826	0.249489
5.58851	0.263366
5.58875	0.271671
5.58899	0.281244
5.58924	0.297256
5.58948	0.320261
5.58973	0.348908
5.58997	0.377721
5.59022	0.398194
5.59046	0.410581
5.59071	0.4279
5.59095	0.458964
5.5912	0.495324
5.59144	0.526156
5.59169	0.557574
5.59193	0.602493
5.59217	0.658307
5.59242	0.71218
5.59266	0.765124
5.59291	0.832398
5.59315	0.92015
5.5934	1.0198
5.59364	1.1283
5.59389	1.25644
5.59413	1.41199
5.59438	1.59133
5.59462	1.79562
5.59487	2.04014
5.59511	2.33753
5.59535	2.68479
5.5956	3.0785
5.59584	3.53181
5.59609	4.06197
5.59633	4.66747
5.59658	5.33096
5.59682	6.03893
5.59707	6.78233
5.59731	7.53699
5.59756	8.25813
5.5978	8.9006
5.59805	9.43689
5.59829	9.85134
5.59853	10.1258
5.59878	10.2413
5.59902	10.1923
5.59927	9.99249
5.59951	9.66225
5.59976	9.21463
5.6	8.65554
5.60025	7.99631
5.60049	7.26126
5.60074	6.48141
5.60098	5.68496
5.60122	4.89716
5.60147	4.14572
5.60171	3.459
5.60196	2.85752
5.6022	2.35012
5.60245	1.93747
5.60269	1.61355
5.60294	1.36365
5.60318	1.16794
5.60343	1.01143
5.60367	0.887312
5.60392	0.789262
5.60416	0.706489
5.6044	0.630177
5.60465	0.560161
5.60489	0.500482
5.60514	0.451866
5.60538	0.412585
5.60563	0.381977
5.60587	0.357186
5.60612	0.330613
5.60636	0.298316
5.60661	0.26829
5.60685	0.251654
5.6071	0.246582
5.60734	0.240389
5.60758	0.227944
5.60783	0.217103
5.60807	0.212493
5.60832	0.205503
5.60856	0.188314
5.60881	0.168547
5.60905	0.158905
5.6093	0.158237
5.60954	0.155181
5.60979	0.147479
5.61003	0.144151
5.61028	0.148142
5.61052	0.150312
5.61076	0.144634
5.61101	0.137211
5.61125	0.133871
5.6115	0.129539
5.61174	0.11866
5.61199	0.107283
5.61223	0.104054
5.61248	0.105374
5.61272	0.101249
5.61297	0.092308
5.61321	0.0888546
5.61345	0.0934829
5.6137	0.0963091
5.61394	0.0900298
5.61419	0.080299
5.61443	0.0767867
5.61468	0.0804173
5.61492	0.0838552
5.61517	0.0807679
5.61541	0.071485
5.61566	0.0618964
5.6159	0.0580824
5.61615	0.0602197
5.61639	0.0623451
5.61663	0.0603105
5.61688	0.0574233
5.61712	0.0583284
5.61737	0.0606731
5.61761	0.0589414
5.61786	0.0539316
5.6181	0.0511685
5.61835	0.0514723
5.61859	0.050659
5.61884	0.0475509
5.61908	0.044705
5.61933	0.042182
5.61957	0.0385258
5.61981	0.036546
5.62006	0.0392942
5.6203	0.0419267
5.62055	0.0381251
5.62079	0.0332604
5.62104	0.0382775
5.62128	0.0499364
5.62153	0.0520393
5.62177	0.0400991
5.62202	0.0295294
5.62226	0.0318112
5.62251	0.0366432
5.62275	0.0288069
5.62299	0.0120668
5.62324	0.00352284
5.62348	0.0103225
5.62373	0.0232428
5.62397	0.0302643
5.62422	0.0281658
5.62446	0.0227235
5.62471	0.0224227
5.62495	0.0291338
5.6252	0.0333671
5.62544	0.0253328
5.62569	0.0117485
5.62593	0.0107369
5.62617	0.0263426
5.62642	0.0410909
5.62666	0.0406183
5.62691	0.0318922
5.62715	0.0271805
5.6274	0.0242348
5.62764	0.0166265
5.62789	0.0114326
5.62813	0.0185912
5.62838	0.0305197
5.62862	0.0311229
5.62886	0.0210002
5.62911	0.0155889
5.62935	0.0197051
5.6296	0.0215054
5.62984	0.0133829
5.63009	0.00323634
5.63033	0.00100861
5.63058	0.00632361
5.63082	0.0135393
5.63107	0.019182
5.63131	0.0210602
5.63156	0.0183724
5.6318	0.0150976
5.63204	0.0161477
5.63229	0.0194505
5.63253	0.019085
5.63278	0.0157751
5.63302	0.0158252
5.63327	0.0197748
5.63351	0.0210227
5.63376	0.0165963
5.634	0.0111663
5.63425	0.00936555
5.63449	0.0112107
5.63474	0.015477
5.63498	0.0207398
5.63522	0.0233011
5.63547	0.0207258
5.63571	0.0166035
5.63596	0.0154323
5.6362	0.0150834
5.63645	0.0116079
5.63669	0.00824488
5.63694	0.0105432
5.63718	0.0154047
5.63743	0.0153686
5.63767	0.0116693
5.63792	0.0116356
5.63816	0.0141788
5.6384	0.0103729
5.63865	-0.000217428
5.63889	-0.00577769
5.63914	0.00143854
5.63938	0.0144401
5.63963	0.0212251
5.63987	0.0183604
5.64012	0.0119513
5.64036	0.0101106
5.64061	0.0155714
5.64085	0.02205
5.64109	0.0198961
5.64134	0.00931342
5.64158	0.00256687
5.64183	0.00673643
5.64207	0.0120933
5.64232	0.00774067
5.64256	0.000422284
5.64281	0.00339617
5.64305	0.0133951
5.6433	0.0160236
5.64354	0.00984795
5.64379	0.00607621
5.64403	0.00641089
5.64427	0.00187753
5.64452	-0.00569208
5.64476	-0.00296602
5.64501	0.00997035
5.64525	0.0154031
5.6455	0.00574352
5.64574	-0.00465314
5.64599	-0.0040443
5.64623	2.1569e-05
5.64648	-0.000773339
5.64672	0.000283136
5.64697	0.00836736
5.64721	0.0123246
5.64745	0.00309766
5.6477	-0.00724099
5.64794	-0.00267347
5.64819	0.0113505
5.64843	0.0172521
5.64868	0.0118039
5.64892	0.00622805
5.64917	0.00592208
5.64941	0.00639059
5.64966	0.00547274
5.6499	0.00494172
5.65015	0.00272525
5.65039	-0.0034417
5.65063	-0.00750072
5.65088	-0.00257029
5.65112	0.00596723
5.65137	0.00709479
5.65161	0.00122354
5.65186	-0.00177854
5.6521	0.000526474
5.65235	0.001353
5.65259	-0.000730695
5.65284	0.00132
5.65308	0.00939513
5.65332	0.0149721
5.65357	0.0114726
5.65381	0.00330937
5.65406	-0.00130988
5.6543	-0.000327243
5.65455	0.00244497
5.65479	0.00273437
5.65504	-0.00108941
5.65528	-0.00654506
5.65553	-0.0079162
5.65577	-0.0019585
5.65602	0.00740519
5.65626	0.013142
5.6565	0.0125444
5.65675	0.00775846
5.65699	0.00181317
5.65724	-0.00187259
5.65748	0.000276317
5.65773	0.0067883
5.65797	0.00976279
5.65822	0.00509555
5.65846	0.000523843
5.65871	0.00530383
5.65895	0.0145022
5.6592	0.0137577
5.65944	2.5577e-05
5.65968	-0.0127979
5.65993	-0.0124072
5.66017	-0.00347303
5.66042	0.00122577
5.66066	-0.0015405
5.66091	-0.00421323
5.66115	-0.00160612
5.6614	0.00265852
5.66164	0.00360576
5.66189	0.00245741
5.66213	0.00333272
5.66238	0.00610087
5.66262	0.00705303
5.66286	0.00546227
5.66311	0.00476684
5.66335	0.00683463
5.6636	0.00941984
5.66384	0.0108113
5.66409	0.012319
5.66433	0.0137128
5.66458	0.0114913
5.66482	0.0056577
5.66507	0.00275119
5.66531	0.00637238
5.66555	0.0100192
5.6658	0.0067493
5.66604	0.000923326
5.66629	0.00103779
5.66653	0.00533771
5.66678	0.00599206
5.66702	0.00448769
5.66727	0.0090937
5.66751	0.0175376
5.66776	0.0173258
5.668	0.00615808
5.66825	-0.00247885
5.66849	0.000625529
5.66873	0.00803021
5.66898	0.009799
5.66922	0.00741953
5.66947	0.00597116
5.66971	0.00419396
5.66996	0.00121182
5.6702	0.0022434
5.67045	0.00810422
5.67069	0.00918266
5.67094	0.00011593
5.67118	-0.00915435
5.67143	-0.00772046
5.67167	0.000177012
5.67191	0.00490562
5.67216	0.00784845
5.6724	0.0145341
5.67265	0.0197341
5.67289	0.0150878
5.67314	0.00583974
5.67338	0.00372836
5.67363	0.00676487
5.67387	0.00272018
5.67412	-0.00847037
5.67436	-0.0125684
5.67461	-0.00322009
5.67485	0.00873394
5.67509	0.0121423
5.67534	0.00908517
5.67558	0.00681791
5.67583	0.00712903
5.67607	0.00895676
5.67632	0.0125283
5.67656	0.0156458
5.67681	0.0132643
5.67705	0.00552992
5.6773	5.61614e-05
5.67754	0.00210971
5.67778	0.00775907
5.67803	0.0100298
5.67827	0.00726861
5.67852	0.00303754
5.67876	0.00201644
5.67901	0.00722619
5.67925	0.0166625
5.6795	0.0223484
5.67974	0.0179813
5.67999	0.00756308
5.68023	0.000458967
5.68048	-0.00155736
5.68072	-0.00467786
5.68096	-0.0104567
5.68121	-0.0122837
5.68145	-0.0070918
5.6817	-0.00143858
5.68194	-0.00119127
5.68219	-0.00278582
5.68243	-0.000414351
5.68268	0.00430695
5.68292	0.00597936
5.68317	0.00413821
5.68341	0.00235689
5.68366	0.00176238
5.6839	0.000394054
5.68414	-0.00316057
5.68439	-0.00883008
5.68463	-0.0149852
5.68488	-0.0171064
5.68512	-0.0111011
5.68537	-0.000974787
5.68561	0.0026244
5.68586	-0.00368719
5.6861	-0.00946803
5.68635	-0.00461085
5.68659	0.00508698
5.68684	0.0055019
5.68708	-0.00552768
5.68732	-0.0154619
5.68757	-0.0144054
5.68781	-0.00565061
5.68806	0.00265582
5.6883	0.00717821
5.68855	0.00733588
5.68879	0.00206003
5.68904	-0.00623019
5.68928	-0.0110482
5.68953	-0.0104853
5.68977	-0.0102986
5.69001	-0.0133318
5.69026	-0.0133137
5.6905	-0.00647149
5.69075	-0.00135981
5.69099	-0.00632496
5.69124	-0.0135671
5.69148	-0.00965863
5.69173	0.00148535
5.69197	0.00265529
5.69222	-0.00895513
5.69246	-0.0155999
5.69271	-0.00615618
5.69295	0.00699217
5.69319	0.00793817
5.69344	0.000106464
5.69368	-0.00342349
5.69393	-0.0012099
5.69417	-0.000784572
5.69442	-0.00283274
5.69466	-0.00269966
5.69491	-0.00203401
5.69515	-0.00477034
5.6954	-0.00613815
5.69564	9.15694e-05
5.69589	0.00746527
5.69613	0.00507055
5.69637	-0.00310391
5.69662	-0.00320042
5.69686	0.00541124
5.69711	0.00910779
5.69735	0.00295483
5.6976	-0.00251184
5.69784	-0.000779462
5.69809	0.000922285
5.69833	-0.00317902
5.69858	-0.00740545
5.69882	-0.00639081
5.69907	-0.00370803
5.69931	-0.00249647
5.69955	4.33459e-05
5.6998	0.00310634
5.70004	0.000350234
5.70029	-0.00641077
5.70053	-0.00547983
5.70078	0.00535601
5.70102	0.0118323
5.70127	0.00451001
5.70151	-0.00666013
5.70176	-0.009398
5.702	-0.00729424
5.70225	-0.00892612
5.70249	-0.0110861
5.70273	-0.00665993
5.70298	0.000672839
5.70322	0.00323656
5.70347	0.0023908
5.70371	0.00213727
5.70396	-0.00141246
5.7042	-0.0108185
5.70445	-0.016397
5.70469	-0.00936155
5.70494	0.00152439
5.70518	0.00173679
5.70542	-0.00676046
5.70567	-0.0106129
5.70591	-0.00697821
5.70616	-0.0040303
5.7064	-0.00353324
5.70665	0.000271116
5.70689	0.00617627
5.70714	0.00656355
5.70738	0.00210766
5.70763	0.00102945
5.70787	0.00369727
5.70812	0.0025988
5.70836	-0.00189786
5.7086	-0.00077324
5.70885	0.00670871
5.70909	0.00984055
5.70934	0.00390516
5.70958	-0.00250855
5.70983	-0.00223221
5.71007	0.000404852
5.71032	-0.000207945
5.71056	-0.00104115
5.71081	0.00270401
5.71105	0.0084351
5.7113	0.00999401
5.71154	0.00593494
5.71178	0.000286322
5.71203	-0.00133525
5.71227	0.00476033
5.71252	0.016656
5.71276	0.0268811
5.71301	0.0303037
5.71325	0.0301123
5.7135	0.031414
5.71374	0.0330956
5.71399	0.0326627
5.71423	0.033812
5.71448	0.0399357
5.71472	0.0451138
5.71496	0.042764
5.71521	0.0386974
5.71545	0.0424586
5.7157	0.0494026
5.71594	0.0467071
5.71619	0.0354441
5.71643	0.0297475
5.71668	0.0331306
5.71692	0.0332678
5.71717	0.0242219
5.71741	0.016549
5.71765	0.0183415
5.7179	0.0220304
5.71814	0.0194131
5.71839	0.0161649
5.71863	0.0201406
5.71888	0.02584
5.71912	0.0226383
5.71937	0.0117459
5.71961	0.00405028
5.71986	0.00478777
5.7201	0.00869554
5.72035	0.00831947
5.72059	0.00177004
5.72083	-0.00626158
5.72108	-0.00922059
5.72132	-0.0067829
5.72157	-0.0066055
5.72181	-0.0125774
5.72206	-0.0154369
5.7223	-0.00562668
5.72255	0.0080126
5.72279	0.00773205
5.72304	-0.00540715
5.72328	-0.0115595
5.72353	-0.00320149
5.72377	0.00392433
5.72401	-0.00113996
5.72426	-0.00639213
5.7245	-0.000218795
5.72475	0.0060942
5.72499	-0.00224196
5.72524	-0.016323
5.72548	-0.0170459
5.72573	-0.00587326
5.72597	-0.000290986
5.72622	-0.00454248
5.72646	-0.00671072
5.72671	-0.00266385
5.72695	-0.00189655
5.72719	-0.00807641
5.72744	-0.0124181
5.72768	-0.00994316
5.72793	-0.00637654
5.72817	-0.004957
5.72842	-0.00104101
5.72866	0.00555436
5.72891	0.006493
5.72915	-0.0011399
5.7294	-0.00866939
5.72964	-0.00938754
5.72988	-0.00791034
5.73013	-0.0105305
5.73037	-0.0157138
5.73062	-0.0193149
5.73086	-0.0204639
5.73111	-0.0180493
5.73135	-0.0105957
5.7316	-0.00355072
5.73184	-0.0061557
5.73209	-0.0161823
5.73233	-0.0191269
5.73258	-0.00907733
5.73282	0.00145358
5.73306	0.00112958
5.73331	-0.00284266
5.73355	0.00108417
5.7338	0.00773945
5.73404	0.00404813
5.73429	-0.00728334
5.73453	-0.00996332
5.73478	0.000878139
5.73502	0.0110883
5.73527	0.00759853
5.73551	-0.00577775
5.73576	-0.0164336
5.736	-0.0176865
5.73624	-0.0116193
5.73649	-0.00422323
5.73673	-0.000731621
5.73698	-0.000870245
5.73722	0.0014696
5.73747	0.00842109
5.73771	0.0108813
5.73796	0.000465469
5.7382	-0.0137334
5.73845	-0.0140619
5.73869	-0.00107228
5.73894	0.00451209
5.73918	-0.00753173
5.73942	-0.0203997
5.73967	-0.0154064
5.73991	0.00045461
5.74016	0.00755688
5.7404	0.00372213
5.74065	0.00243214
5.74089	0.00660182
5.74114	0.00497632
5.74138	-0.00475884
5.74163	-0.00922353
5.74187	-0.00182102
5.74211	0.00485837
5.74236	-0.00115137
5.7426	-0.0120819
5.74285	-0.0129188
5.74309	-0.0037612
5.74334	0.00296146
5.74358	0.00212316
5.74383	0.000256907
5.74407	0.00237696
5.74432	0.00579938
5.74456	0.00791801
5.74481	0.0106243
5.74505	0.0140797
5.74529	0.0132791
5.74554	0.00525158
5.74578	-0.00441587
5.74603	-0.00665213
5.74627	0.00073202
5.74652	0.0105597
5.74676	0.0140199
5.74701	0.00908048
5.74725	0.000720164
5.7475	-0.00559734
5.74774	-0.0084659
5.74799	-0.00878018
5.74823	-0.00690052
5.74847	-0.00361182
5.74872	-0.000735472
5.74896	0.00222855
5.74921	0.008385
5.74945	0.0160292
5.7497	0.01591
5.74994	0.00370992
5.75019	-0.00888681
5.75043	-0.00680367
5.75068	0.00650537
5.75092	0.0132601
5.75117	0.00835823
5.75141	0.00605344
5.75165	0.0142894
5.7519	0.0199795
5.75214	0.0117395
5.75239	0.00162917
5.75263	0.006702
5.75288	0.0200167
5.75312	0.021016
5.75337	0.0090037
5.75361	0.00356425
5.75386	0.0117797
5.7541	0.0179836
5.75434	0.0122504
5.75459	0.00795485
5.75483	0.0186315
5.75508	0.033421
5.75532	0.031733
5.75557	0.0132746
5.75581	-0.00245586
5.75606	-0.00296266
5.7563	0.00463665
5.75655	0.00759948
5.75679	0.00314205
5.75704	-0.0022883
5.75728	-0.0020099
5.75752	0.00508299
5.75777	0.0132184
5.75801	0.0133933
5.75826	0.00248379
5.7585	-0.0109248
5.75875	-0.014271
5.75899	-0.00554221
5.75924	0.00429259
5.75948	0.00519938
5.75973	0.000139359
5.75997	-0.000635309
5.76022	0.00537654
5.76046	0.00944698
5.7607	0.004162
5.76095	-0.00590389
5.76119	-0.0103848
5.76144	-0.00695908
5.76168	-0.00296685
5.76193	-0.00386538
5.76217	-0.00696156
5.76242	-0.00840275
5.76266	-0.00935344
5.76291	-0.0110617
5.76315	-0.0101289
5.7634	-0.00466162
5.76364	7.59511e-05
5.76388	-0.000951981
5.76413	-0.00399923
5.76437	-0.00303057
5.76462	-0.000504285
5.76486	-0.00254899
5.76511	-0.0069876
5.76535	-0.00709079
5.7656	-0.00496609
5.76584	-0.00856512
5.76609	-0.0155518
5.76633	-0.0141191
5.76657	-0.00261984
5.76682	0.00580739
5.76706	0.0037019
5.76731	0.000440642
5.76755	0.00460987
5.7678	0.00841064
5.76804	0.00157915
5.76829	-0.00958166
5.76853	-0.0113741
5.76878	-0.0041349
5.76902	0.000167589
5.76927	-0.00216073
5.76951	-0.00366585
5.76975	-0.00151124
5.77	-0.0018001
5.77024	-0.00642726
5.77049	-0.00832174
5.77073	-0.00361417
5.77098	0.00175479
5.77122	0.00181907
5.77147	-0.00159275
5.77171	-0.0046685
5.77196	-0.0070295
5.7722	-0.00738033
5.77245	-0.00224219
5.77269	0.00569631
5.77293	0.00609669
5.77318	-0.00513843
5.77342	-0.0171186
5.77367	-0.017108
5.77391	-0.00741955
5.77416	-0.000447003
5.7744	-0.000563631
5.77465	-0.000924025
5.77489	0.00268588
5.77514	0.00527652
5.77538	0.00254706
5.77563	-0.00135388
5.77587	-0.00111493
5.77611	0.000779674
5.77636	-0.00124888
5.7766	-0.00567154
5.77685	-0.00529409
5.77709	0.00153448
5.77734	0.00729189
5.77758	0.00497132
5.77783	-0.00271136
5.77807	-0.00703676
5.77832	-0.00421578
5.77856	0.000754811
5.7788	0.00107813
5.77905	-0.0035563
5.77929	-0.00682906
5.77954	-0.00305522
5.77978	0.00638628
5.78003	0.0141033
5.78027	0.0141651
5.78052	0.00824729
5.78076	0.00362503
5.78101	0.00524624
5.78125	0.0113342
5.7815	0.0172106
5.78174	0.0209984
5.78198	0.0235015
5.78223	0.0245302
5.78247	0.0229052
5.78272	0.0195223
5.78296	0.0167834
5.78321	0.0145711
5.78345	0.0101967
5.7837	0.00333205
5.78394	-0.00217124
5.78419	-0.00287523
5.78443	0.000579552
5.78468	0.00566964
5.78492	0.0107134
5.78516	0.0137395
5.78541	0.0122482
5.78565	0.00706515
5.7859	0.00349581
5.78614	0.00510814
5.78639	0.00850567
5.78663	0.00776616
5.78688	0.00227014
5.78712	-0.00343138
5.78737	-0.00589805
5.78761	-0.0052462
5.78786	-0.00278702
5.7881	-0.000263214
5.78834	-0.000273607
5.78859	-0.00315631
5.78883	-0.00431986
5.78908	0.000506496
5.78932	0.00766085
5.78957	0.00847315
5.78981	0.000775806
5.79006	-0.00760247
5.7903	-0.00893569
5.79055	-0.00487932
5.79079	-0.00271684
5.79104	-0.00548148
5.79128	-0.00929729
5.79152	-0.00926149
5.79177	-0.00531962
5.79201	-0.00220137
5.79226	-0.00427586
5.7925	-0.0104834
5.79275	-0.0150264
5.79299	-0.0138468
5.79324	-0.00893396
5.79348	-0.00480353
5.79373	-0.00317427
5.79397	-0.0036631
5.79421	-0.00651246
5.79446	-0.0101347
5.7947	-0.00912256
5.79495	-0.00109423
5.79519	0.00653934
5.79544	0.00429582
5.79568	-0.0057569
5.79593	-0.0123753
5.79617	-0.0109957
5.79642	-0.00768924
5.79666	-0.00627143
5.79691	-0.00269387
5.79715	0.00383421
5.79739	0.0055309
5.79764	-0.00133929
5.79788	-0.00846242
5.79813	-0.00823797
5.79837	-0.00567132
5.79862	-0.00837091
5.79886	-0.0130609
5.79911	-0.0126625
5.79935	-0.00936982
5.7996	-0.00867605
5.79984	-0.00692068
5.80009	0.00151281
5.80033	0.0096335
5.80057	0.00593801
5.80082	-0.00531847
5.80106	-0.00812839
5.80131	0.000669543
5.80155	0.00691527
5.8018	0.00204552
5.80204	-0.00523242
5.80229	-0.00569602
5.80253	-0.00357106
5.80278	-0.0057856
5.80302	-0.00930405
5.80327	-0.0083741
5.80351	-0.00505797
5.80375	-0.00370965
5.804	-0.00291778
5.80424	-0.00131239
5.80449	-0.00374779
5.80473	-0.0124812
5.80498	-0.0186204
5.80522	-0.0124727
5.80547	0.00150793
5.80571	0.00948168
5.80596	0.00594382
5.8062	-0.00123474
5.80644	-0.00283819
5.80669	0.000933145
5.80693	0.00256419
5.80718	-0.0030542
5.80742	-0.011779
5.80767	-0.0140439
5.80791	-0.00766782
5.80816	-0.00316179
5.8084	-0.00918981
5.80865	-0.0166084
5.80889	-0.00972906
5.80914	0.00728113
5.80938	0.0123158
5.80962	-0.00165755
5.80987	-0.0140445
5.81011	-0.00759339
5.81036	0.00602608
5.8106	0.00779903
5.81085	0.00288307
5.81109	0.00863691
5.81134	0.0215302
5.81158	0.021624
5.81183	0.00714209
5.81207	-0.000949884
5.81232	0.00752149
5.81256	0.0166644
5.8128	0.0110745
5.81305	-0.00151291
5.81329	-0.00572721
5.81354	-0.00198583
5.81378	-0.000950097
5.81403	-0.00445028
5.81427	-0.00556448
5.81452	-0.00263667
5.81476	-0.00140599
5.81501	-0.00455552
5.81525	-0.00788759
5.8155	-0.00743364
5.81574	-0.00480897
5.81598	-0.00422116
5.81623	-0.00668583
5.81647	-0.00839765
5.81672	-0.00543332
5.81696	-0.000300149
5.81721	-0.000746286
5.81745	-0.00916513
5.8177	-0.017138
5.81794	-0.0158592
5.81819	-0.00812943
5.81843	-0.00276218
5.81867	-0.00094381
5.81892	0.00225506
5.81916	0.00584007
5.81941	0.00436672
5.81965	0.000177627
5.8199	0.000700981
5.82014	0.00307938
5.82039	-0.00306585
5.82063	-0.0145771
5.82088	-0.014176
5.82112	0.00129387
5.82137	0.0101788
5.82161	-0.00263993
5.82185	-0.0194579
5.8221	-0.0142702
5.82234	0.00705382
5.82259	0.0145834
5.82283	-0.00104989
5.82308	-0.0164622
5.82332	-0.0126478
5.82357	-0.00157402
5.82381	-0.00313837
5.82406	-0.0129593
5.8243	-0.0117162
5.82455	0.00239144
5.82479	0.0109151
5.82503	0.00441236
5.82528	-0.00407204
5.82552	-0.00120487
5.82577	0.00567199
5.82601	0.00152595
5.82626	-0.0114397
5.8265	-0.0164143
5.82675	-0.00702851
5.82699	0.00432453
5.82724	0.00549637
5.82748	-0.00054453
5.82773	-0.00532435
5.82797	-0.00833887
5.82821	-0.0121832
5.82846	-0.0127706
5.8287	-0.00564573
5.82895	0.0030133
5.82919	0.00340928
5.82944	-0.00238581
5.82968	-0.00364052
5.82993	0.00125988
5.83017	0.00274893
5.83042	-0.00254562
5.83066	-0.00516176
5.8309	0.00114987
5.83115	0.00784006
5.83139	0.00412719
5.83164	-0.00686687
5.83188	-0.0137358
5.83213	-0.0133573
5.83237	-0.0124368
5.83262	-0.0148991
5.83286	-0.0165823
5.83311	-0.0130377
5.83335	-0.00606396
5.8336	-0.000649191
5.83384	0.000610037
5.83408	-0.00138305
5.83433	-0.0041124
5.83457	-0.0055971
5.83482	-0.00604027
5.83506	-0.00700762
5.83531	-0.0080437
5.83555	-0.0061845
5.8358	-0.00124738
5.83604	0.00108132
5.83629	-0.0038608
5.83653	-0.0110674
5.83678	-0.0105449
5.83702	-0.0018713
5.83726	0.00315411
5.83751	-0.00286174
5.83775	-0.0103217
5.838	-0.00566734
5.83824	0.00697238
5.83849	0.00986933
5.83873	-0.00159645
5.83898	-0.0110032
5.83922	-0.00681525
5.83947	-0.00164789
5.83971	-0.0114436
5.83996	-0.0266542
5.8402	-0.0245792
5.84044	-0.00577406
5.84069	0.00484556
5.84093	-0.00452406
5.84118	-0.016766
5.84142	-0.0151814
5.84167	-0.00718795
5.84191	-0.00615279
5.84216	-0.00864512
5.8424	-0.00633651
5.84265	-0.0048045
5.84289	-0.0114717
5.84313	-0.0174521
5.84338	-0.0117971
5.84362	-0.00360289
5.84387	-0.00793267
5.84411	-0.0176611
5.84436	-0.0134419
5.8446	0.00270425
5.84485	0.00925646
5.84509	0.00050259
5.84534	-0.00547231
5.84558	0.00159595
5.84583	0.0086478
5.84607	0.00391018
5.84631	-0.00403898
5.84656	-0.00322281
5.8468	0.00261854
5.84705	0.00395022
5.84729	0.00135635
5.84754	0.000259219
5.84778	3.52567e-05
5.84803	-0.00206714
5.84827	-0.00468088
5.84852	-0.00698534
5.84876	-0.0111211
5.84901	-0.0150508
5.84925	-0.0128947
5.84949	-0.00638335
5.84974	-0.00451258
5.84998	-0.0077802
5.85023	-0.00601227
5.85047	0.00317322
5.85072	0.00847981
5.85096	0.00416639
5.85121	-0.000236325
5.85145	0.00196302
5.8517	0.00259412
5.85194	-0.00429128
5.85219	-0.0088545
5.85243	-0.00291836
5.85267	0.00290318
5.85292	-0.0040026
5.85316	-0.0153685
5.85341	-0.0140816
5.85365	-0.00187525
5.8539	0.00322981
5.85414	-0.00587453
5.85439	-0.016869
5.85463	-0.0166891
5.85488	-0.00612803
5.85512	0.00519649
5.85536	0.0093843
5.85561	0.00525384
5.85585	-0.00124434
5.8561	-0.00283782
5.85634	-0.000262775
5.85659	-0.000708125
5.85683	-0.00431186
5.85708	-0.00189035
5.85732	0.00822272
5.85757	0.0128764
5.85781	0.0033332
5.85806	-0.00933329
5.8583	-0.0105046
5.85854	-0.0040153
5.85879	-0.00355948
5.85903	-0.00986848
5.85928	-0.0121818
5.85952	-0.00749213
5.85977	-0.00295204
5.86001	-0.00204181
5.86026	-0.00241161
5.8605	-0.00502471
5.86075	-0.0120145
5.86099	-0.0176676
5.86124	-0.0147296
5.86148	-0.00756142
5.86172	-0.00587048
5.86197	-0.00788612
5.86221	-0.00425789
5.86246	0.00317897
5.8627	0.00282708
5.86295	-0.00581195
5.86319	-0.00933688
5.86344	-0.00212192
5.86368	0.00472443
5.86393	0.00201856
5.86417	-0.00379914
5.86442	-0.00365719
5.86466	-0.000860141
5.8649	-0.00340466
5.86515	-0.00957859
5.86539	-0.0113016
5.86564	-0.00691128
5.86588	-0.00168748
5.86613	0.00173324
5.86637	0.00551192
5.86662	0.00954329
5.86686	0.00902157
5.86711	0.00172805
5.86735	-0.00606163
5.8676	-0.00547818
5.86784	0.00288389
5.86808	0.00740077
5.86833	-0.000189255
5.86857	-0.0124676
5.86882	-0.0155887
5.86906	-0.0088825
5.86931	-0.00476276
5.86955	-0.00813801
5.8698	-0.00921759
5.87004	-0.00244076
5.87029	0.00178027
5.87053	-0.00459472
5.87077	-0.00994291
5.87102	-0.000200518
5.87126	0.0154447
5.87151	0.0153117
5.87175	-0.0020205
5.872	-0.0154235
5.87224	-0.0125848
5.87249	-0.00481796
5.87273	-0.00559178
5.87298	-0.0111125
5.87322	-0.0111309
5.87347	-0.00623528
5.87371	-0.00387256
5.87395	-0.00538598
5.8742	-0.00663586
5.87444	-0.00655395
5.87469	-0.00740887
5.87493	-0.00960784
5.87518	-0.0115733
5.87542	-0.0123345
5.87567	-0.0110968
5.87591	-0.00743513
5.87616	-0.0040679
5.8764	-0.00531408
5.87665	-0.0105105
5.87689	-0.0132103
5.87713	-0.00930866
5.87738	-0.00211319
5.87762	0.00246076
5.87787	0.00185412
5.87811	-0.00308339
5.87836	-0.00928599
5.8786	-0.0115579
5.87885	-0.00681291
5.87909	9.01643e-05
5.87934	0.000333109
5.87958	-0.00701095
5.87983	-0.0132613
5.88007	-0.0130368
5.88031	-0.0116341
5.88056	-0.0142404
5.8808	-0.0148961
5.88105	-0.00542103
5.88129	0.00832046
5.88154	0.0106292
5.88178	-0.00170173
5.88203	-0.0120818
5.88227	-0.00620558
5.88252	0.00651112
5.88276	0.00528393
5.883	-0.0111335
5.88325	-0.0207396
5.88349	-0.00989159
5.88374	0.00610547
5.88398	0.00585501
5.88423	-0.00613711
5.88447	-0.00846748
5.88472	0.00171443
5.88496	0.00451791
5.88521	-0.00890033
5.88545	-0.0207752
5.8857	-0.0150234
5.88594	-0.00186949
5.88618	0.000805278
5.88643	-0.00466383
5.88667	-0.004793
5.88692	-0.000494698
5.88716	-0.00259808
5.88741	-0.00812841
5.88765	-0.00286284
5.8879	0.013158
5.88814	0.0225643
5.88839	0.0160483
5.88863	0.00388322
5.88888	-0.00228891
5.88912	-0.0040235
5.88936	-0.00665242
5.88961	-0.00867494
5.88985	-0.00785365
5.8901	-0.00747994
5.89034	-0.00967308
5.89059	-0.010795
5.89083	-0.00907614
5.89108	-0.00874693
5.89132	-0.0114747
5.89157	-0.011704
5.89181	-0.00594336
5.89206	0.000678595
5.8923	0.00236949
5.89254	0.000193779
5.89279	-0.00319012
5.89303	-0.00867614
5.89328	-0.0148401
5.89352	-0.0146416
5.89377	-0.00559105
5.89401	0.00284168
5.89426	0.000398422
5.8945	-0.00936069
5.89475	-0.0137236
5.89499	-0.00775109
5.89523	0.00103109
5.89548	0.0039097
5.89572	0.00014524
5.89597	-0.0056019
5.89621	-0.00937311
5.89646	-0.00963509
5.8967	-0.00654126
5.89695	-0.00170471
5.89719	0.0024856
5.89744	0.00431624
5.89768	0.00329187
5.89793	-0.000263211
5.89817	-0.00535791
5.89841	-0.0104075
5.89866	-0.013834
5.8989	-0.0147943
5.89915	-0.013617
5.89939	-0.0115859
5.89964	-0.00947316
5.89988	-0.00624076
5.90013	-0.00101045
5.90037	0.00341069
5.90062	0.00221826
5.90086	-0.00451068
5.90111	-0.0103138
5.90135	-0.0106939
5.90159	-0.00924501
5.90184	-0.0113428
5.90208	-0.0155515
5.90233	-0.0169684
5.90257	-0.0159004
5.90282	-0.0161029
5.90306	-0.0163817
5.90331	-0.0121133
5.90355	-0.00485431
5.9038	-0.00188866
5.90404	-0.0047827
5.90429	-0.0068152
5.90453	-0.00464155
5.90477	-0.00393059
5.90502	-0.00836953
5.90526	-0.0111009
5.90551	-0.00499266
5.90575	0.0043679
5.906	0.00571466
5.90624	-0.000709799
5.90649	-0.00381003
5.90673	0.000145364
5.90698	0.00150612
5.90722	-0.00574333
5.90746	-0.01181
5.90771	-0.00597478
5.90795	0.00377661
5.9082	0.000312335
5.90844	-0.0152254
5.90869	-0.0216273
5.90893	-0.00788967
5.90918	0.00998303
5.90942	0.0126068
5.90967	0.00468833
5.90991	0.00360385
5.91016	0.00954856
5.9104	0.00666023
5.91064	-0.00843445
5.91089	-0.0193737
5.91113	-0.0152027
5.91138	-0.00532045
5.91162	-0.00222778
5.91187	-0.00426654
5.91211	-0.00464026
5.91236	-0.00512388
5.9126	-0.00999604
5.91285	-0.0153684
5.91309	-0.0145675
5.91334	-0.00767602
5.91358	0.00141469
5.91382	0.0100636
5.91407	0.0132557
5.91431	0.00480985
5.91456	-0.0107006
5.9148	-0.01808
5.91505	-0.0120034
5.91529	-0.00587915
5.91554	-0.0103968
5.91578	-0.016134
5.91603	-0.0109444
5.91627	-0.00225626
5.91652	-0.00452063
5.91676	-0.0136743
5.917	-0.0137911
5.91725	-0.00394841
5.91749	0.0014551
5.91774	-0.00252585
5.91798	-0.0053389
5.91823	-0.00104026
5.91847	0.00265452
5.91872	-0.000651925
5.91896	-0.00584913
5.91921	-0.00571673
5.91945	-0.000322715
5.91969	0.00591835
5.91994	0.00855034
5.92018	0.00415791
5.92043	-0.00499381
5.92067	-0.00946662
5.92092	-0.00451686
5.92116	0.000578654
5.92141	-0.00437078
5.92165	-0.0133165
5.9219	-0.0133833
5.92214	-0.00642463
5.92239	-0.00486203
5.92263	-0.00947081
5.92287	-0.00982512
5.92312	-0.0057546
5.92336	-0.00818286
5.92361	-0.0166323
5.92385	-0.0166519
5.9241	-0.00507596
5.92434	0.00212677
5.92459	-0.00439729
5.92483	-0.0122188
5.92508	-0.00851508
5.92532	-0.000234316
5.92557	0.000257386
5.92581	-0.00371144
5.92605	-0.00101022
5.9263	0.00744065
5.92654	0.0107575
5.92679	0.00474127
5.92703	-0.00472766
5.92728	-0.0111851
5.92752	-0.0120266
5.92777	-0.00737854
5.92801	-0.00152051
5.92826	-0.00136165
5.9285	-0.00762053
5.92875	-0.011859
5.92899	-0.00749935
5.92923	0.000791648
5.92948	0.00368814
5.92972	-0.000906711
5.92997	-0.00685107
5.93021	-0.00751291
5.93046	-0.00215335
5.9307	0.00277431
5.93095	-0.000515094
5.93119	-0.00979574
5.93144	-0.0114737
5.93168	0.00115704
5.93192	0.0137527
5.93217	0.00870361
5.93241	-0.00686231
5.93266	-0.00947191
5.9329	0.00439712
5.93315	0.01256
5.93339	0.00312682
5.93364	-0.00725214
5.93388	-0.00302967
5.93413	0.00457559
5.93437	-0.000536218
5.93462	-0.0103935
5.93486	-0.00827139
5.9351	0.000571075
5.93535	-0.0014596
5.93559	-0.0117376
5.93584	-0.0107719
5.93608	0.00346191
5.93633	0.00995627
5.93657	-0.0017575
5.93682	-0.0144997
5.93706	-0.00965133
5.93731	0.0062363
5.93755	0.0133286
5.9378	0.00602117
5.93804	-0.00403433
5.93828	-0.00669469
5.93853	-0.00385936
5.93877	-0.00228154
5.93902	-0.00393798
5.93926	-0.00559688
5.93951	-0.00441942
5.93975	-0.0016632
5.94	-0.000659656
5.94024	-0.00190169
5.94049	-0.00230559
5.94073	-0.0005838
5.94098	-0.000479838
5.94122	-0.00544945
5.94146	-0.0122299
5.94171	-0.0139114
5.94195	-0.00865299
5.9422	-0.00149983
5.94244	0.00216659
5.94269	0.00152283
5.94293	-0.00118829
5.94318	-0.00346545
5.94342	-0.00328343
5.94367	-0.000128853
5.94391	0.00337797
5.94416	0.00304547
5.9444	-0.00193689
5.94464	-0.00672711
5.94489	-0.00562219
5.94513	0.000492628
5.94538	0.00376151
5.94562	-0.00118718
5.94587	-0.00908361
5.94611	-0.0100864
5.94636	-0.00398966
5.9466	-0.00127711
5.94685	-0.00688878
5.94709	-0.0114072
5.94733	-0.00606035
5.94758	0.00127308
5.94782	-0.00269641
5.94807	-0.0140651
5.94831	-0.0158913
5.94856	-0.00515686
5.9488	0.000997212
5.94905	-0.0086336
5.94929	-0.0221941
5.94954	-0.0234006
5.94978	-0.0148459
5.95003	-0.00981294
5.95027	-0.00958012
5.95051	-0.00421779
5.95076	0.00716962
5.951	0.0121156
5.95125	0.00344405
5.95149	-0.00901581
5.95174	-0.0112892
5.95198	-0.00347382
5.95223	0.00143618
5.95247	-0.00509047
5.95272	-0.0167276
5.95296	-0.0211918
5.95321	-0.0160377
5.95345	-0.0104682
5.95369	-0.0111869
5.95394	-0.0130817
5.95418	-0.00877303
5.95443	-0.00171178
5.95467	-0.00112436
5.95492	-0.00671514
5.95516	-0.00876634
5.95541	-0.00377097
5.95565	0.000417144
5.9559	-0.00231704
5.95614	-0.00774202
5.95639	-0.00989708
5.95663	-0.00965102
5.95687	-0.00957895
5.95712	-0.00805569
5.95736	-0.00418709
5.95761	-0.00186632
5.95785	-0.00302282
5.9581	-0.00307104
5.95834	0.000844562
5.95859	0.00300606
5.95883	-0.0025811
5.95908	-0.0117541
5.95932	-0.0152608
5.95956	-0.0111472
5.95981	-0.00558067
5.96005	-0.00334617
5.9603	-0.00324677
5.96054	-0.00218535
5.96079	0.000331526
5.96103	0.00178732
5.96128	-0.000687707
5.96152	-0.00620033
5.96177	-0.0090867
5.96201	-0.00530762
5.96226	0.000981353
5.9625	0.00218552
5.96274	-0.00213711
5.96299	-0.00566375
5.96323	-0.00570523
5.96348	-0.00555958
5.96372	-0.00651225
5.96397	-0.00625951
5.96421	-0.00583417
5.96446	-0.0082591
5.9647	-0.00944642
5.96495	-0.0021928
5.96519	0.00843608
5.96544	0.00735801
5.96568	-0.00759151
5.96592	-0.0186362
5.96617	-0.0120131
5.96641	0.00336541
5.96666	0.0105105
5.9669	0.0061802
5.96715	-0.00231555
5.96739	-0.011146
5.96764	-0.0185757
5.96788	-0.0187439
5.96813	-0.00977714
5.96837	-0.00099373
5.96862	-0.000111032
5.96886	-0.000730557
5.9691	0.0050636
5.96935	0.0097993
5.96959	0.00143833
5.96984	-0.0149497
5.97008	-0.0227069
5.97033	-0.0177146
5.97057	-0.0111609
5.97082	-0.00945646
5.97106	-0.00703788
5.97131	-0.000474061
5.97155	0.00439414
5.97179	0.00294119
5.97204	-0.0013051
5.97228	-0.00326279
5.97253	-0.00173705
5.97277	0.00251489
5.97302	0.00641804
5.97326	0.0034909
5.97351	-0.00792911
5.97375	-0.0172129
5.974	-0.0125999
5.97424	0.00150361
5.97449	0.00954458
5.97473	0.00614224
5.97497	0.0001326
5.97522	-0.00243581
5.97546	-0.00531066
5.97571	-0.00946689
5.97595	-0.0076282
5.9762	0.00249651
5.97644	0.0107154
5.97669	0.00744711
5.97693	-0.00351133
5.97718	-0.0112924
5.97742	-0.010543
5.97767	-0.00316322
5.97791	0.00596177
5.97815	0.0105543
5.9784	0.00627584
5.97864	-0.0034026
5.97889	-0.00954634
5.97913	-0.0084545
5.97938	-0.00470515
5.97962	-0.00246305
5.97987	-0.000919483
5.98011	8.3702e-05
5.98036	-0.00178987
5.9806	-0.00497313
5.98085	-0.00428415
5.98109	-0.000732644
5.98133	-0.00180643
5.98158	-0.00787117
5.98182	-0.00844788
5.98207	0.0014116
5.98231	0.0107862
5.98256	0.00780248
5.9828	-0.00300134
5.98305	-0.0084352
5.98329	-0.0058098
5.98354	-0.0032178
5.98378	-0.00446637
5.98402	-0.00539305
5.98427	-0.00419246
5.98451	-0.00459106
5.98476	-0.0076019
5.985	-0.00939059
5.98525	-0.00946143
5.98549	-0.0125385
5.98574	-0.0192778
5.98598	-0.0229351
5.98623	-0.0194908
5.98647	-0.01421
5.98672	-0.0129348
5.98696	-0.0130836
5.9872	-0.0100324
5.98745	-0.00720484
5.98769	-0.0108939
5.98794	-0.0178257
5.98818	-0.0179802
5.98843	-0.0101155
5.98867	-0.00433893
5.98892	-0.00638553
5.98916	-0.00938713
5.98941	-0.00683669
5.98965	-0.00405598
5.9899	-0.00788328
5.99014	-0.0129798
5.99038	-0.0101826
5.99063	-0.00312677
5.99087	-0.00281718
5.99112	-0.00830716
5.99136	-0.00795186
5.99161	-0.000352798
5.99185	0.00221131
5.9921	-0.00471171
5.99234	-0.00922155
5.99259	-0.00390717
5.99283	0.000461351
5.99308	-0.0061988
5.99332	-0.0143453
5.99356	-0.00997796
5.99381	0.00133321
5.99405	0.00287392
5.9943	-0.00669683
5.99454	-0.0127392
5.99479	-0.00817086
5.99503	-0.00120334
5.99528	0.000722766
5.99552	-0.000127807
5.99577	-0.000888914
5.99601	-0.00318389
5.99625	-0.00651213
5.9965	-0.00752631
5.99674	-0.00763608
5.99699	-0.0109347
5.99723	-0.0142474
5.99748	-0.0110288
5.99772	-0.00516644
5.99797	-0.00687108
5.99821	-0.0135219
5.99846	-0.0108502
5.9987	0.00255671
5.99895	0.00940276
5.99919	0.000563674
5.99943	-0.0091056
5.99968	-0.00417361
5.99992	0.00697017
6.00017	0.00721193
6.00041	-0.00104718
6.00066	-0.0018048
6.0009	0.00620707
6.00115	0.00688526
6.00139	-0.00702348
6.00164	-0.0218839
6.00188	-0.0220433
6.00213	-0.00892313
6.00237	0.00386959
6.00261	0.00603
6.00286	-0.0028944
6.0031	-0.0155099
6.00335	-0.0214142
6.00359	-0.0154546
6.00384	-0.00379798
6.00408	0.0025829
6.00433	0.000999125
6.00457	-0.00217329
6.00482	-0.00361749
6.00506	-0.00721003
6.00531	-0.0134375
6.00555	-0.014187
6.00579	-0.00469333
6.00604	0.00636467
6.00628	0.00722265
6.00653	-0.000619194
6.00677	-0.00534513
6.00702	-0.00235884
6.00726	0.000380992
6.00751	-0.00416386
6.00775	-0.0117475
6.008	-0.0141703
6.00824	-0.0109631
6.00848	-0.0081355
6.00873	-0.0086386
6.00897	-0.00978545
6.00922	-0.00889071
6.00946	-0.00642749
6.00971	-0.00355456
6.00995	-0.000828131
6.0102	-7.07776e-05
6.01044	-0.0036713
6.01069	-0.0105335
6.01093	-0.0156144
6.01118	-0.0150855
6.01142	-0.009894
6.01166	-0.00345304
6.01191	0.00150278
6.01215	0.0029521
6.0124	3.18804e-05
6.01264	-0.00455955
6.01289	-0.00577681
6.01313	-0.00249925
6.01338	0.000217355
6.01362	-0.00173396
6.01387	-0.00481513
6.01411	-0.00255078
6.01436	0.00438909
6.0146	0.00757087
6.01484	0.00111252
6.01509	-0.0107388
6.01533	-0.0180247
6.01558	-0.0154096
6.01582	-0.00667337
6.01607	0.000344075
6.01631	0.00160132
6.01656	-0.00126889
6.0168	-0.00560202
6.01705	-0.0106764
6.01729	-0.0145883
6.01754	-0.0126138
6.01778	-0.00386601
6.01802	0.0031694
6.01827	-0.000979321
6.01851	-0.0132503
6.01876	-0.0205963
6.019	-0.0170639
6.01925	-0.0101836
6.01949	-0.00810879
6.01974	-0.00943839
6.01998	-0.0100397
6.02023	-0.0108661
6.02047	-0.0127571
6.02071	-0.0117345
6.02096	-0.00674684
6.0212	-0.0042632
6.02145	-0.00732424
6.02169	-0.00827037
6.02194	-0.00159391
6.02218	0.00464222
6.02243	0.00160631
6.02267	-0.00467996
6.02292	-0.00455895
6.02316	-0.00369231
6.02341	-0.013349
6.02365	-0.0272
6.02389	-0.0279467
6.02414	-0.0153365
6.02438	-0.00626776
6.02463	-0.00578701
6.02487	-0.000956726
6.02512	0.0109868
6.02536	0.0126669
6.02561	-0.00349043
6.02585	-0.0175113
6.0261	-0.0111775
6.02634	0.00304673
6.02659	0.00290032
6.02683	-0.00795341
6.02707	-0.00882585
6.02732	0.00190217
6.02756	0.0052629
6.02781	-0.00497327
6.02805	-0.0117154
6.0283	-0.0027056
6.02854	0.0106938
6.02879	0.0123845
6.02903	0.00465127
6.02928	0.00112582
6.02952	0.00579365
6.02977	0.010108
6.03001	0.0069309
6.03025	-0.00127163
6.0305	-0.00732727
6.03074	-0.00734499
6.03099	-0.00360206
6.03123	-0.00151338
6.03148	-0.00380142
6.03172	-0.00812623
6.03197	-0.0112762
6.03221	-0.0131696
6.03246	-0.0140851
6.0327	-0.0117258
6.03295	-0.00610044
6.03319	-0.00358285
6.03343	-0.00872863
6.03368	-0.0146894
6.03392	-0.010954
6.03417	0.000189309
6.03441	0.00526631
6.03466	-0.000878779
6.0349	-0.00791313
6.03515	-0.00636447
6.03539	-0.000886427
6.03564	-0.00055203
6.03588	-0.00456497
6.03612	-0.00638563
6.03637	-0.00575452
6.03661	-0.00671474
6.03686	-0.00735354
6.0371	-0.00190019
6.03735	0.00772063
6.03759	0.0119706
6.03784	0.0068854
6.03808	-0.000582112
6.03833	-0.0029343
6.03857	-0.0012147
6.03882	-0.000360336
6.03906	-0.00116637
6.0393	-0.00138858
6.03955	-0.000832074
6.03979	-0.000536883
6.04004	0.000500492
6.04028	0.00323977
6.04053	0.00503231
6.04077	0.00268263
6.04102	-0.00194268
6.04126	-0.00397691
6.04151	-0.0029613
6.04175	-0.00346347
6.042	-0.00751186
6.04224	-0.0108487
6.04248	-0.00862681
6.04273	-0.00143628
6.04297	0.0060944
6.04322	0.00967398
6.04346	0.00717194
6.04371	0.000128087
6.04395	-0.00492733
6.0442	-0.00180244
6.04444	0.00571171
6.04469	0.00541938
6.04493	-0.00693385
6.04518	-0.0189037
6.04542	-0.0167777
6.04566	-0.00505545
6.04591	-0.00018576
6.04615	-0.00720118
6.0464	-0.0145587
6.04664	-0.0129698
6.04689	-0.00684333
6.04713	-0.00314669
6.04738	-0.0011506
6.04762	-9.97017e-05
6.04787	-0.0056368
6.04811	-0.0184054
6.04835	-0.0254986
6.0486	-0.0160517
6.04884	0.000521847
6.04909	0.00558458
6.04933	-0.00266214
6.04958	-0.00872081
6.04982	-0.00498681
6.05007	-0.00166474
6.05031	-0.00716942
6.05056	-0.0133463
6.0508	-0.00957956
6.05105	-0.000885561
6.05129	8.64899e-05
6.05153	-0.00692758
6.05178	-0.0102676
6.05202	-0.00506784
6.05227	3.99477e-05
6.05251	-0.00305131
6.05276	-0.0103836
6.053	-0.0128326
6.05325	-0.00843093
6.05349	-0.00274503
6.05374	-0.000640568
6.05398	-0.00249408
6.05423	-0.00646159
6.05447	-0.00993697
6.05471	-0.00975281
6.05496	-0.00534974
6.0552	-0.00166908
6.05545	-0.00447974
6.05569	-0.0118382
6.05594	-0.0146991
6.05618	-0.00854412
6.05643	-0.000350978
6.05667	0.000140308
6.05692	-0.00669863
6.05716	-0.0114575
6.05741	-0.00855445
6.05765	-0.00250092
6.05789	-0.000668816
6.05814	-0.00477099
6.05838	-0.0112885
6.05863	-0.0161962
6.05887	-0.0168955
6.05912	-0.0128384
6.05936	-0.00684375
6.05961	-0.0034446
6.05985	-0.00404943
6.0601	-0.00605162
6.06034	-0.00777416
6.06058	-0.0108376
6.06083	-0.0159906
6.06107	-0.0203946
6.06132	-0.0213268
6.06156	-0.0189208
6.06181	-0.0132859
6.06205	-0.00371601
6.0623	0.00624716
6.06254	0.00851894
6.06279	0.000196842
6.06303	-0.0109105
6.06328	-0.0158168
6.06352	-0.0149813
6.06376	-0.013434
6.06401	-0.0104419
6.06425	-0.00281424
6.0645	0.00475179
6.06474	0.00322342
6.06499	-0.00663986
6.06523	-0.0132767
6.06548	-0.00964389
6.06572	-0.00170172
6.06597	0.00111804
6.06621	-0.00295441
6.06646	-0.00951258
6.0667	-0.0145193
6.06694	-0.0158074
6.06719	-0.0128113
6.06743	-0.00793221
6.06768	-0.00472965
6.06792	-0.00333362
6.06817	-0.00156898
6.06841	-0.000452657
6.06866	-0.00248463
6.0689	-0.00433934
6.06915	0.000520427
6.06939	0.0100282
6.06964	0.0133761
6.06988	0.00659491
6.07012	-0.000922624
6.07037	-0.00111479
6.07061	0.000912292
6.07086	-0.00224889
6.0711	-0.00642443
6.07135	-0.00373811
6.07159	0.00230704
6.07184	0.00240705
6.07208	-0.00194785
6.07233	-0.00138877
6.07257	0.00313064
6.07281	-6.03952e-05
6.07306	-0.0129715
6.0733	-0.0212832
6.07355	-0.0143411
6.07379	-0.000447996
6.07404	0.00570935
6.07428	0.00172846
6.07453	-0.00499215
6.07477	-0.0102966
6.07502	-0.01353
6.07526	-0.0108811
6.07551	-0.000362169
6.07575	0.00956407
6.07599	0.00809674
6.07624	-0.00190675
6.07648	-0.00743466
6.07673	-0.00529418
6.07697	-0.00612808
6.07722	-0.0150143
6.07746	-0.0209586
6.07771	-0.0138752
6.07795	-0.00176424
6.0782	0.000336735
6.07844	-0.00776409
6.07869	-0.0127416
6.07893	-0.00801881
6.07917	-0.000511012
6.07942	0.00294181
6.07966	0.00440417
6.07991	0.00725105
6.08015	0.00934301
6.0804	0.00808056
6.08064	0.00478616
6.08089	0.000181248
6.08113	-0.00726441
6.08138	-0.0144712
6.08162	-0.0132189
6.08187	-0.00232092
6.08211	0.00692553
6.08235	0.00470558
6.0826	-0.00398346
6.08284	-0.00782736
6.08309	-0.00532031
6.08333	-0.0030573
6.08358	-0.00251933
6.08382	0.000266475
6.08407	0.0038556
6.08431	0.00178572
6.08456	-0.00538679
6.0848	-0.00884445
6.08504	-0.00459129
6.08529	0.00134823
6.08553	0.0034973
6.08578	0.00395577
6.08602	0.00522155
6.08627	0.0043089
6.08651	-0.00102971
6.08676	-0.00697353
6.087	-0.00958617
6.08725	-0.0103008
6.08749	-0.010888
6.08774	-0.00892432
6.08798	-0.00362623
6.08822	-0.000601911
6.08847	-0.00454159
6.08871	-0.0113861
6.08896	-0.013835
6.0892	-0.0110718
6.08945	-0.0073385
6.08969	-0.00452474
6.08994	-0.00244925
6.09018	-0.0031103
6.09043	-0.00745853
6.09067	-0.0102028
6.09092	-0.00554457
6.09116	0.00268526
6.0914	0.00427001
6.09165	-0.00323735
6.09189	-0.0106613
6.09214	-0.00963745
6.09238	-0.00281852
6.09263	0.00156408
6.09287	0.000411551
6.09312	-0.00320879
6.09336	-0.00635597
6.09361	-0.00846929
6.09385	-0.0084331
6.0941	-0.00441951
6.09434	0.00193556
6.09458	0.00482732
6.09483	0.000910451
6.09507	-0.00512967
6.09532	-0.00556874
6.09556	-4.96538e-05
6.09581	0.00365266
6.09605	0.00102068
6.0963	-0.00236698
6.09654	8.2961e-05
6.09679	0.00462704
6.09703	0.00231043
6.09727	-0.00664109
6.09752	-0.0121368
6.09776	-0.00862549
6.09801	-0.00198612
6.09825	0.00035103
6.0985	-0.00139324
6.09874	-0.00357884
6.09899	-0.0056505
6.09923	-0.00777933
6.09948	-0.00779987
6.09972	-0.00529248
6.09997	-0.00376317
6.10021	-0.00466494
6.10045	-0.00468584
6.1007	-0.00298933
6.10094	-0.00450085
6.10119	-0.0107142
6.10143	-0.0143792
6.10168	-0.0103489
6.10192	-0.00476571
6.10217	-0.00489283
6.10241	-0.00643498
6.10266	-0.00163497
6.1029	0.00535204
6.10315	0.00395361
6.10339	-0.00463605
6.10363	-0.00836158
6.10388	-0.00368578
6.10412	-0.000878615
6.10437	-0.00694379
6.10461	-0.0151236
6.10486	-0.0164807
6.1051	-0.0120889
6.10535	-0.00753814
6.10559	-0.0033132
6.10584	0.0024023
6.10608	0.00692035
6.10633	0.00587095
6.10657	-2.40367e-05
6.10681	-0.00563115
6.10706	-0.00689604
6.1073	-0.00353794
6.10755	0.000733528
6.10779	-0.000224347
6.10804	-0.00858052
6.10828	-0.0167743
6.10853	-0.0143252
6.10877	-0.00232079
6.10902	0.00596656
6.10926	0.00228982
6.10951	-0.00611204
6.10975	-0.00831082
6.10999	-0.00485826
6.11024	-0.00385276
6.11048	-0.00710442
6.11073	-0.00883225
6.11097	-0.00593668
6.11122	-0.00180613
6.11146	-0.000134166
6.11171	-0.000773746
6.11195	-0.001794
6.1122	-0.0013257
6.11244	0.00199472
6.11268	0.00647216
6.11293	0.0065604
6.11317	-0.000970301
6.11342	-0.0111888
6.11366	-0.0156857
6.11391	-0.0121133
6.11415	-0.00500826
6.1144	0.000901476
6.11464	0.00304623
6.11489	-0.00106902
6.11513	-0.0109531
6.11538	-0.0185867
6.11562	-0.0150058
6.11586	-0.00317752
6.11611	0.00359145
6.11635	-0.000871467
6.1166	-0.00769945
6.11684	-0.00727019
6.11709	-0.00302871
6.11733	-0.0032262
6.11758	-0.00600504
6.11782	-0.00384572
6.11807	0.00109416
6.11831	-0.000823892
6.11856	-0.00918978
6.1188	-0.0116187
6.11904	-0.00322978
6.11929	0.00439986
6.11953	0.000771875
6.11978	-0.00804668
6.12002	-0.0111084
6.12027	-0.0101932
6.12051	-0.013178
6.12076	-0.0169669
6.121	-0.01236
6.12125	-0.00262768
6.12149	-0.000678601
6.12174	-0.00719375
6.12198	-0.00832713
6.12222	0.000637944
6.12247	0.00582195
6.12271	-0.00280311
6.12296	-0.0140343
6.1232	-0.0122997
6.12345	-0.000819562
6.12369	0.00539067
6.12394	0.00183718
6.12418	-0.00376568
6.12443	-0.00690413
6.12467	-0.00983646
6.12491	-0.0124498
6.12516	-0.0118625
6.1254	-0.0099844
6.12565	-0.0108041
6.12589	-0.0115687
6.12614	-0.00702697
6.12638	-0.000755373
6.12663	-0.00117386
6.12687	-0.00728781
6.12712	-0.00989161
6.12736	-0.00674157
6.12761	-0.00469939
6.12785	-0.00612137
6.12809	-0.00544621
6.12834	-0.00143651
6.12858	-0.000677646
6.12883	-0.00534067
6.12907	-0.00868572
6.12932	-0.00689014
6.12956	-0.00491415
6.12981	-0.00634007
6.13005	-0.00751624
6.1303	-0.00599369
6.13054	-0.00462008
6.13079	-0.00336495
6.13103	0.00168449
6.13127	0.00703675
6.13152	0.00264173
6.13176	-0.00984517
6.13201	-0.0140173
6.13225	-0.00305308
6.1325	0.00727809
6.13274	0.00228683
6.13299	-0.00850628
6.13323	-0.00785824
6.13348	0.000838935
6.13372	0.00100329
6.13397	-0.00853221
6.13421	-0.013352
6.13445	-0.00934435
6.1347	-0.00768535
6.13494	-0.0121474
6.13519	-0.01159
6.13543	-0.00136528
6.13568	0.00536404
6.13592	-0.00235175
6.13617	-0.015245
6.13641	-0.017262
6.13666	-0.007913
6.1369	-0.000167462
6.13714	-0.00183905
6.13739	-0.00894129
6.13763	-0.0141073
6.13788	-0.0133635
6.13812	-0.0067325
6.13837	0.0010949
6.13861	0.00229881
6.13886	-0.00602853
6.1391	-0.0164935
6.13935	-0.0189753
6.13959	-0.0126473
6.13984	-0.00588297
6.14008	-0.00469167
6.14032	-0.00582596
6.14057	-0.0027248
6.14081	0.00459816
6.14106	0.0081933
6.1413	0.00140972
6.14155	-0.0113687
6.14179	-0.0171368
6.14204	-0.00887694
6.14228	0.00484463
6.14253	0.00959055
6.14277	0.00279299
6.14302	-0.00479715
6.14326	-0.00530636
6.1435	-0.00296939
6.14375	-0.00407499
6.14399	-0.00616669
6.14424	-0.0038989
6.14448	0.000379656
6.14473	5.38537e-05
6.14497	-0.00498404
6.14522	-0.00873297
6.14546	-0.00854716
6.14571	-0.00716606
6.14595	-0.00632214
6.1462	-0.00516825
6.14644	-0.00461095
6.14668	-0.00651562
6.14693	-0.00860211
6.14717	-0.00690253
6.14742	-0.00358523
6.14766	-0.00506833
6.14791	-0.0111878
6.14815	-0.0139941
6.1484	-0.00984469
6.14864	-0.00510189
6.14889	-0.00604565
6.14913	-0.0100949
6.14937	-0.0116365
6.14962	-0.0102147
6.14986	-0.00802807
6.15011	-0.00557709
6.15035	-0.00500945
6.1506	-0.0107779
6.15084	-0.0204719
6.15109	-0.0224249
6.15133	-0.0110548
6.15158	0.00237336
6.15182	0.00476522
6.15207	0.00030561
6.15231	0.00141045
6.15255	0.00605977
6.1528	0.00124203
6.15304	-0.0122617
6.15329	-0.0174557
6.15353	-0.00764449
6.15378	0.00241029
6.15402	-4.60723e-05
6.15427	-0.00703436
6.15451	-0.00592321
6.15476	-0.000901355
6.155	-0.00403555
6.15525	-0.0140674
6.15549	-0.0192571
6.15573	-0.0163061
6.15598	-0.0125143
6.15622	-0.011552
6.15647	-0.00942145
6.15671	-0.00405051
6.15696	0.00120441
6.1572	0.00373361
6.15745	0.00389258
6.15769	0.00203209
6.15794	-0.000643892
6.15818	-0.00112942
6.15843	-0.000118128
6.15867	-0.00325451
6.15891	-0.0103561
6.15916	-0.0110921
6.1594	-0.0010421
6.15965	0.00661004
6.15989	-0.000951694
6.16014	-0.0140057
6.16038	-0.0134228
6.16063	-0.00129403
6.16087	0.00186568
6.16112	-0.00960134
6.16136	-0.0173874
6.1616	-0.00880593
6.16185	0.00404297
6.16209	0.00441227
6.16234	-0.00541018
6.16258	-0.0122371
6.16283	-0.0122437
6.16307	-0.0113182
6.16332	-0.0129887
6.16356	-0.0161374
6.16381	-0.0193842
6.16405	-0.0204335
6.1643	-0.0160633
6.16454	-0.00791981
6.16478	-0.00254496
6.16503	-0.00195759
6.16527	-0.0012296
6.16552	0.00174302
6.16576	0.0029493
6.16601	0.00167763
6.16625	0.00247176
6.1665	0.00391873
6.16674	-0.00193103
6.16699	-0.0132504
6.16723	-0.0153773
6.16748	-0.0028572
6.16772	0.00876576
6.16796	0.00465872
6.16821	-0.00749699
6.16845	-0.0104785
6.1687	-0.00251959
6.16894	0.0047624
6.16919	0.00593081
6.16943	0.00482442
6.16968	0.00322227
6.16992	-0.000336367
6.17017	-0.00385225
6.17041	-0.00499673
6.17066	-0.0071016
6.1709	-0.0125302
6.17114	-0.0156332
6.17139	-0.01193
6.17163	-0.00732686
6.17188	-0.00752268
6.17212	-0.00644406
6.17237	0.00203635
6.17261	0.00938143
6.17286	0.00463864
6.1731	-0.00603213
6.17335	-0.00900521
6.17359	-0.00601184
6.17383	-0.00862229
6.17408	-0.0148957
6.17432	-0.0124074
6.17457	-0.00245138
6.17481	0.000714482
6.17506	-0.00436989
6.1753	-0.00359184
6.17555	0.00608394
6.17579	0.00941379
6.17604	-0.000502822
6.17628	-0.00949627
6.17653	-0.00658509
6.17677	-0.00201115
6.17701	-0.00795027
6.17726	-0.0172097
6.1775	-0.01613
6.17775	-0.00675062
6.17799	-0.00120205
6.17824	-0.0026769
6.17848	-0.00566665
6.17873	-0.00850904
6.17897	-0.0131417
6.17922	-0.0169937
6.17946	-0.0157287
6.17971	-0.010635
6.17995	-0.00548376
6.18019	-0.000590423
6.18044	0.00362894
6.18068	0.00352902
6.18093	-0.000682934
6.18117	-0.00222361
6.18142	0.000612554
6.18166	-0.00113091
6.18191	-0.0119158
6.18215	-0.0201185
6.1824	-0.0135197
6.18264	0.00098568
6.18289	0.00656136
6.18313	-5.45313e-05
6.18337	-0.00793768
6.18362	-0.0110026
6.18386	-0.0128233
6.18411	-0.0139622
6.18435	-0.00971838
6.1846	-0.00238649
6.18484	-0.00194226
6.18509	-0.0102753
6.18533	-0.0161482
6.18558	-0.0111988
6.18582	-0.00152182
6.18606	0.00242199
6.18631	-0.000390285
6.18655	-0.00397916
6.1868	-0.00535935
6.18704	-0.00570774
6.18729	-0.00567489
6.18753	-0.00527211
6.18778	-0.00582932
6.18802	-0.00754692
6.18827	-0.0073248
6.18851	-0.0031194
6.18876	0.00120389
6.189	-0.000571539
6.18924	-0.00887807
6.18949	-0.0167154
6.18973	-0.0167266
6.18998	-0.00877249
6.19022	-0.000254176
6.19047	0.00106981
6.19071	-0.00477247
6.19096	-0.00952048
6.1912	-0.00618255
6.19145	0.00136189
6.19169	0.00157602
6.19194	-0.010284
6.19218	-0.0241043
6.19242	-0.0252427
6.19267	-0.0119057
6.19291	0.00246188
6.19316	0.00551327
6.1934	-0.00017627
6.19365	-0.00379209
6.19389	-0.00260467
6.19414	-0.00341602
6.19438	-0.00825151
6.19463	-0.00917598
6.19487	-0.00239907
6.19512	0.00218629
6.19536	-0.00470857
6.1956	-0.0148644
6.19585	-0.0128611
6.19609	2.2374e-05
6.19634	0.00693533
6.19658	0.00102286
6.19683	-0.00566986
6.19707	-0.00334796
6.19732	0.000855824
6.19756	-0.00189629
6.19781	-0.00593367
6.19805	-0.00255707
6.1983	0.00282468
6.19854	-0.000207192
6.19878	-0.00781262
6.19903	-0.00747759
6.19927	0.00052926
6.19952	0.00304015
6.19976	-0.00458742
6.20001	-0.0114184
6.20025	-0.00830344
6.2005	-0.000203679
6.20074	0.00321535
6.20099	-4.44558e-05
6.20123	-0.00558978
6.20147	-0.00874234
6.20172	-0.00626319
6.20196	0.00110595
6.20221	0.00575611
6.20245	0.000352521
6.2027	-0.0103096
6.20294	-0.0129656
6.20319	-0.00384965
6.20343	0.00600303
6.20368	0.00697247
6.20392	0.00301527
6.20417	0.00237602
6.20441	0.00501619
6.20465	0.00621653
6.2049	0.00538456
6.20514	0.00375843
6.20539	-0.000533721
6.20563	-0.00745444
6.20588	-0.0105487
6.20612	-0.00561756
6.20637	0.000744273
6.20661	4.1806e-05
6.20686	-0.00436296
6.2071	-0.00204399
6.20735	0.00774534
6.20759	0.0140202
6.20783	0.00931346
6.20808	-0.00178748
6.20832	-0.0111247
6.20857	-0.0160627
6.20881	-0.0170372
6.20906	-0.0131922
6.2093	-0.00565263
6.20955	-0.000541034
6.20979	-0.00283925
6.21004	-0.00892287
6.21028	-0.0101842
6.21053	-0.00423191
6.21077	0.00160429
6.21101	-0.0001284
6.21126	-0.00667294
6.2115	-0.00819417
6.21175	-0.00111887
6.21199	0.00616217
6.21224	0.00408236
6.21248	-0.00508745
6.21273	-0.0106201
6.21297	-0.00835449
6.21322	-0.00521905
6.21346	-0.00735349
6.2137	-0.0110504
6.21395	-0.00988474
6.21419	-0.00512509
6.21444	-0.00300247
6.21468	-0.00495556
6.21493	-0.00658621
6.21517	-0.00478585
6.21542	-0.0010889
6.21566	0.00131901
6.21591	0.000572562
6.21615	-0.00257921
6.2164	-0.00420013
6.21664	-0.000566583
6.21688	0.00565071
6.21713	0.00690243
6.21737	0.00154552
6.21762	-0.00265892
6.21786	-0.000640837
6.21811	0.00123488
6.21835	-0.00375971
6.2186	-0.00960857
6.21884	-0.00659648
6.21909	0.00108016
6.21933	0.000343114
6.21958	-0.0093083
6.21982	-0.0139179
6.22006	-0.00700206
6.22031	0.00073313
6.22055	-0.000892178
6.2208	-0.00685217
6.22104	-0.00795301
6.22129	-0.00555842
6.22153	-0.0052573
6.22178	-0.00446298
6.22202	0.00204863
6.22227	0.00980343
6.22251	0.00966762
6.22276	0.00259503
6.223	-0.00143312
6.22324	0.00157373
6.22349	0.00514585
6.22373	0.00318166
6.22398	-0.00315521
6.22422	-0.0102701
6.22447	-0.0162246
6.22471	-0.0184302
6.22496	-0.0143571
6.2252	-0.00695019
6.22545	-0.00343199
6.22569	-0.00601775
6.22593	-0.00870455
6.22618	-0.00586806
6.22642	0.000361605
6.22667	0.00399156
6.22691	0.00270184
6.22716	-0.00114682
6.2274	-0.00403329
6.22765	-0.00360834
6.22789	-0.000169237
6.22814	0.00254964
6.22838	0.00091099
6.22863	-0.00319212
6.22887	-0.00429094
6.22911	-0.00222428
6.22936	-0.00387933
6.2296	-0.0123591
6.22985	-0.0194015
6.23009	-0.0150595
6.23034	-0.00244552
6.23058	0.00461729
6.23083	-0.000870653
6.23107	-0.0106425
6.23132	-0.0128069
6.23156	-0.00632924
6.23181	0.00050097
6.23205	0.00208514
6.23229	0.000162012
6.23254	-0.00210156
6.23278	-0.00455831
6.23303	-0.00731779
6.23327	-0.00819025
6.23352	-0.00563015
6.23376	-0.00166991
6.23401	0.000357148
6.23425	-0.000767371
6.2345	-0.0043962
6.23474	-0.0091917
6.23499	-0.0124088
6.23523	-0.0111168
6.23547	-0.00677781
6.23572	-0.0053268
6.23596	-0.0089905
6.23621	-0.0113517
6.23645	-0.00587498
6.2367	0.00322226
6.23694	0.00557235
6.23719	-0.000715674
6.23743	-0.0068167
6.23768	-0.00673268
6.23792	-0.00496581
6.23816	-0.00712317
6.23841	-0.0103672
6.23865	-0.00928678
6.2389	-0.00589247
6.23914	-0.006319
6.23939	-0.0102915
6.23963	-0.011187
6.23988	-0.00626671
6.24012	-0.000790249
6.24037	-0.000733994
6.24061	-0.00564425
6.24086	-0.0103197
6.2411	-0.0109316
6.24134	-0.00817966
6.24159	-0.00563098
6.24183	-0.0054929
6.24208	-0.00587715
6.24232	-0.00335684
6.24257	0.0017106
6.24281	0.00517947
6.24306	0.00539401
6.2433	0.00557738
6.24355	0.00746885
6.24379	0.0069762
6.24404	0.000608945
6.24428	-0.00735532
6.24452	-0.00994351
6.24477	-0.00742147
6.24501	-0.0058625
6.24526	-0.00724515
6.2455	-0.00798334
6.24575	-0.00706712
6.24599	-0.00796165
6.24624	-0.0108084
6.24648	-0.0103413
6.24673	-0.00501296
6.24697	-0.00113152
6.24722	-0.00283811
6.24746	-0.00421808
6.2477	0.0013605
6.24795	0.00843562
6.24819	0.00512787
6.24844	-0.0092304
6.24868	-0.0209985
6.24893	-0.0190064
6.24917	-0.007525
6.24942	0.001003
6.24966	0.000579081
6.24991	-0.00524407
6.25015	-0.0101034
6.25039	-0.00933098
6.25064	-0.00138725
6.25088	0.00905699
6.25113	0.0119363
6.25137	0.00253651
6.25162	-0.00983435
6.25186	-0.011372
6.25211	-0.00184206
6.25235	0.00517355
6.2526	0.00141831
6.25284	-0.00602901
6.25309	-0.00787466
6.25333	-0.00616643
6.25357	-0.00743123
6.25382	-0.00993844
6.25406	-0.00734244
6.25431	-0.000379094
6.25455	0.00438813
6.2548	0.00451413
6.25504	0.00216366
6.25529	-0.00202828
6.25553	-0.00713731
6.25578	-0.00792215
6.25602	-0.00234491
6.25627	0.00103738
6.25651	-0.0052621
6.25675	-0.0127513
6.257	-0.00822007
6.25724	0.00302425
6.25749	0.00328834
6.25773	-0.00770177
6.25798	-0.0102027
6.25822	0.00237839
6.25847	0.00955121
6.25871	-0.00432911
6.25896	-0.0233045
6.2592	-0.0228977
6.25945	-0.00577949
6.25969	0.00595449
6.25993	0.00451682
6.26018	0.000748173
6.26042	-0.000209192
6.26067	-0.00513389
6.26091	-0.0139027
6.26116	-0.0147514
6.2614	-0.00370293
6.26165	0.00708775
6.26189	0.0069993
6.26214	0.000569593
6.26238	-0.00284409
6.26262	-0.00221628
6.26287	-0.000982922
6.26311	0.00075238
6.26336	0.00281948
6.2636	0.000975643
6.26385	-0.00634386
6.26409	-0.0123035
6.26434	-0.00954901
6.26458	-0.000698988
6.26483	0.00475514
6.26507	0.00225288
6.26532	-0.00370156
6.26556	-0.00644302
6.2658	-0.00467255
6.26605	-0.00248758
6.26629	-0.00350678
6.26654	-0.00641669
6.26678	-0.00745083
6.26703	-0.00656099
6.26727	-0.00784901
6.26752	-0.0128089
6.26776	-0.0171028
6.26801	-0.0164775
6.26825	-0.0119739
6.2685	-0.00654232
6.26874	-0.00124061
6.26898	0.00187459
6.26923	-0.000685208
6.26947	-0.00622224
6.26972	-0.00476986
6.26996	0.00671318
6.27021	0.0156261
6.27045	0.00942835
6.2707	-0.00487791
6.27094	-0.00909641
6.27119	0.000672052
6.27143	0.0096223
6.27168	0.00590087
6.27192	-0.00513064
6.27216	-0.0110884
6.27241	-0.00733786
6.27265	0.00179931
6.2729	0.00890982
6.27314	0.00765744
6.27339	-0.00252255
6.27363	-0.0139571
6.27388	-0.0182118
6.27412	-0.0158573
6.27437	-0.0130011
6.27461	-0.0106571
6.27486	-0.00635784
6.2751	-0.00394257
6.27534	-0.0096961
6.27559	-0.0185638
6.27583	-0.0174121
6.27608	-0.00525797
6.27632	0.00261491
6.27657	-0.00352606
6.27681	-0.0136004
6.27706	-0.013272
6.2773	-0.00425696
6.27755	0.000547145
6.27779	-0.00397447
6.27803	-0.0106959
6.27828	-0.0119739
6.27852	-0.00800149
6.27877	-0.0037388
6.27901	-0.00232434
6.27926	-0.00238569
6.2795	-0.00084217
6.27975	0.00171495
6.27999	0.000874511
6.28024	-0.003662
6.28048	-0.00449555
6.28073	0.00250632
6.28097	0.00817916
6.28121	0.00145037
6.28146	-0.0118976
6.2817	-0.0150977
6.28195	-0.0053389
6.28219	0.00190457
6.28244	-0.00291317
6.28268	-0.0100089
6.28293	-0.00837385
6.28317	-0.00326311
6.28342	-0.00493987
6.28366	-0.0109835
6.28391	-0.0119326
6.28415	-0.00681052
6.28439	-0.00154151
6.28464	0.00191419
6.28488	0.00411555
6.28513	0.00177322
6.28537	-0.00601218
6.28562	-0.0104169
6.28586	-0.00387697
6.28611	0.005602
6.28635	0.00407327
6.2866	-0.00664056
6.28684	-0.0107106
6.28709	-0.00241237
6.28733	0.00539334
6.28757	0.00118018
6.28782	-0.00888157
6.28806	-0.0119348
6.28831	-0.00715536
6.28855	-0.00424385
6.2888	-0.00761303
6.28904	-0.0112019
6.28929	-0.00883804
6.28953	-0.00287981
6.28978	-0.000294068
6.29002	-0.00399516
6.29026	-0.0105545
6.29051	-0.0144035
6.29075	-0.0120385
6.291	-0.00361622
6.29124	0.0065565
6.29149	0.0112556
6.29173	0.00562963
6.29198	-0.00683193
6.29222	-0.0159911
6.29247	-0.0152734
6.29271	-0.00872115
6.29296	-0.00536017
6.2932	-0.00787591
6.29344	-0.010214
6.29369	-0.0064141
6.29393	0.00123851
6.29418	0.00457632
6.29442	-0.000640635
6.29467	-0.00870974
6.29491	-0.00966576
6.29516	-0.00170172
6.2954	0.00540017
6.29565	0.00308634
6.29589	-0.00331475
6.29614	-0.00233162
6.29638	0.00531797
6.29662	0.00721269
6.29687	-0.000649917
6.29711	-0.0072276
6.29736	-0.00517142
6.2976	-0.00272708
6.29785	-0.00783558
6.29809	-0.0133172
6.29834	-0.0106449
6.29858	-0.00704587
6.29883	-0.0129134
6.29907	-0.0211917
6.29932	-0.0177285
6.29956	-0.00614407
6.2998	-0.00247495
6.30005	-0.00791976
6.30029	-0.00772539
6.30054	0.00199308
6.30078	0.00684775
6.30103	-0.00175966
6.30127	-0.0130558
6.30152	-0.0141681
6.30176	-0.00657948
6.30201	0.00104708
6.30225	0.00447673
6.30249	0.00331407
6.30274	-0.000660331
6.30298	-0.00199343
6.30323	0.00140388
6.30347	0.000861659
6.30372	-0.0101782
6.30396	-0.0192971
6.30421	-0.00984576
6.30445	0.00938311
6.3047	0.0127025
6.30494	-0.00239066
6.30519	-0.0104335
6.30543	-0.000145012
6.30567	0.00735137
6.30592	-0.00392112
6.30616	-0.0168508
6.30641	-0.0113092
6.30665	0.00137016
6.3069	-0.000848661
6.30714	-0.0131738
6.30739	-0.0144581
6.30763	-0.00368664
6.30788	0.000862257
6.30812	-0.00693664
6.30837	-0.0147541
6.30861	-0.0147396
6.30885	-0.0118767
6.3091	-0.00979424
6.30934	-0.00594814
6.30959	-0.00136686
6.30983	-0.000546724
6.31008	-0.0016498
6.31032	0.00087458
6.31057	0.00526809
6.31081	0.0052643
6.31106	0.00147858
6.3113	-0.000508999
6.31155	-0.000202234
6.31179	-0.00060849
6.31203	-0.00100886
6.31228	-0.000425527
6.31252	-0.00223438
6.31277	-0.00629397
6.31301	-0.00476402
6.31326	0.00404756
6.3135	0.00790319
6.31375	-0.000864934
6.31399	-0.0101932
6.31424	-0.00663385
6.31448	0.00245711
6.31472	0.00278276
6.31497	-0.00176367
6.31521	0.00117269
6.31546	0.00672174
6.3157	0.000879371
6.31595	-0.0112588
6.31619	-0.01085
6.31644	0.00261511
6.31668	0.00936959
6.31693	0.000909161
6.31717	-0.0100107
6.31742	-0.013879
6.31766	-0.015961
6.3179	-0.0184315
6.31815	-0.0135051
6.31839	-0.00198132
6.31864	0.00185659
6.31888	-0.00692682
6.31913	-0.0143146
6.31937	-0.0100099
6.31962	-0.00289555
6.31986	-0.00365205
6.32011	-0.00745245
6.32035	-0.0051712
6.3206	0.00116935
6.32084	0.00495925
6.32108	0.00585956
6.32133	0.00468784
6.32157	-0.00180847
6.32182	-0.012065
6.32206	-0.0159418
6.32231	-0.0087364
6.32255	0.000449177
6.3228	0.00213937
6.32304	-0.0013993
6.32329	-0.00469154
6.32353	-0.00881061
6.32378	-0.014087
6.32402	-0.0139746
6.32426	-0.00624781
6.32451	-0.000734207
6.32475	-0.00520282
6.325	-0.0118497
6.32524	-0.00879165
6.32549	0.00193895
6.32573	0.00870711
6.32598	0.00677864
6.32622	0.000328593
6.32647	-0.00671596
6.32671	-0.0117253
6.32695	-0.010005
6.3272	-0.000681177
6.32744	0.00755213
6.32769	0.00629213
6.32793	-3.73939e-05
6.32818	-0.00108
6.32842	0.00293203
6.32867	0.00229195
6.32891	-0.00544487
6.32916	-0.0108877
6.3294	-0.00722638
6.32965	-2.61846e-05
6.32989	0.00176387
6.33013	-0.00191334
6.33038	-0.00423871
6.33062	-0.00208028
6.33087	0.000986016
6.33111	0.0014996
6.33136	0.00121108
6.3316	0.00328296
6.33185	0.00604495
6.33209	0.00442849
6.33234	-0.00218072
6.33258	-0.00737672
6.33283	-0.00528855
6.33307	0.0020275
6.33331	0.00741517
6.33356	0.00648729
6.3338	5.91511e-05
6.33405	-0.00823896
6.33429	-0.013387
6.33454	-0.0112855
6.33478	-0.00401172
6.33503	0.00012849
6.33527	-0.0037521
6.33552	-0.010499
6.33576	-0.0123231
6.33601	-0.00869172
6.33625	-0.00367371
6.33649	0.001379
6.33674	0.00583384
6.33698	0.00604582
6.33723	0.00180234
6.33747	0.000699923
6.33772	0.00639678
6.33796	0.00884386
6.33821	-0.00153415
6.33845	-0.0158078
6.3387	-0.0176706
6.33894	-0.00828011
6.33918	-0.0028722
6.33943	-0.00509953
6.33967	-0.00421886
6.33992	0.00178127
6.34016	0.00149214
6.34041	-0.00718695
6.34065	-0.0108018
6.3409	-0.00444427
6.34114	-0.00154273
6.34139	-0.00920974
6.34163	-0.0140363
6.34188	-0.00627109
6.34212	0.000936143
6.34236	-0.00595168
6.34261	-0.015808
6.34285	-0.0113403
6.3431	0.000407147
6.34334	-0.000282072
6.34359	-0.0119481
6.34383	-0.0147326
6.34408	-0.00419848
6.34432	0.00198869
6.34457	-0.00621329
6.34481	-0.0163925
6.34506	-0.0151977
6.3453	-0.00719326
6.34554	-0.0034926
6.34579	-0.00482883
6.34603	-0.00525538
6.34628	-0.00342222
6.34652	-0.00187864
6.34677	-0.00134389
6.34701	-0.00172822
6.34726	-0.00393391
6.3475	-0.0068947
6.34775	-0.00794115
6.34799	-0.00827693
6.34824	-0.0114938
6.34848	-0.0146074
6.34872	-0.00918001
6.34897	0.00427038
6.34921	0.0117816
6.34946	0.00336068
6.3497	-0.0115819
6.34995	-0.015468
6.35019	-0.00587222
6.35044	0.00233215
6.35068	-0.00163121
6.35093	-0.0104459
6.35117	-0.0107874
6.35142	-0.00261933
6.35166	0.00185368
6.3519	-0.00311345
6.35215	-0.00835542
6.35239	-0.0040629
6.35264	0.00466378
6.35288	0.00487512
6.35313	-0.00476943
6.35337	-0.011894
6.35362	-0.00889042
6.35386	-0.00319381
6.35411	-0.00422411
6.35435	-0.00896068
6.35459	-0.00835096
6.35484	-0.00189521
6.35508	0.00298622
6.35533	0.00237811
6.35557	-0.0015828
6.35582	-0.00667054
6.35606	-0.0109102
6.35631	-0.00945143
6.35655	0.000209003
6.3568	0.0112518
6.35704	0.0141452
6.35729	0.00913807
6.35753	0.0039481
6.35777	0.000874693
6.35802	-0.00377641
6.35826	-0.00860025
6.35851	-0.00750086
6.35875	-0.00238085
6.359	-0.00282747
6.35924	-0.00982913
6.35949	-0.0126831
6.35973	-0.00740317
6.35998	-0.00473177
6.36022	-0.0113657
6.36047	-0.016258
6.36071	-0.00792866
6.36095	0.00521184
6.3612	0.00691148
6.36144	-0.00195147
6.36169	-0.00704346
6.36193	-0.00496704
6.36218	-0.00598029
6.36242	-0.012455
6.36267	-0.0130387
6.36291	-0.00323173
6.36316	0.00440865
6.3634	-0.000839716
6.36365	-0.0115403
6.36389	-0.0147288
6.36413	-0.0108128
6.36438	-0.00880108
6.36462	-0.0101895
6.36487	-0.00949279
6.36511	-0.0063003
6.36536	-0.00529053
6.3656	-0.00646083
6.36585	-0.00587583
6.36609	-0.00501076
6.36634	-0.00885393
6.36658	-0.0142306
6.36682	-0.0107454
6.36707	0.00332288
6.36731	0.0152528
6.36756	0.0136209
6.3678	0.00314757
6.36805	-0.00285416
6.36829	-0.000566793
6.36854	0.00139406
6.36878	-0.00388631
6.36903	-0.0118291
6.36927	-0.0134582
6.36952	-0.00763858
6.36976	-0.00142062
6.37	0.000228951
6.37025	-0.000527562
6.37049	-0.000843738
6.37074	-0.00281317
6.37098	-0.00801317
6.37123	-0.0111765
6.37147	-0.00690248
6.37172	-0.000197541
6.37196	-0.000852178
6.37221	-0.00757299
6.37245	-0.00873298
6.3727	-0.00130435
6.37294	0.00348776
6.37318	-0.000568423
6.37343	-0.00277457
6.37367	0.00643865
6.37392	0.0169424
6.37416	0.0131242
6.37441	-0.00110511
6.37465	-0.00835389
6.3749	-0.00468737
6.37514	-0.0027842
6.37539	-0.00872569
6.37563	-0.0135241
6.37588	-0.0111028
6.37612	-0.00833404
6.37636	-0.0110262
6.37661	-0.0137659
6.37685	-0.0109857
6.3771	-0.00651044
6.37734	-0.00476483
6.37759	-0.00276721
6.37783	0.00193079
6.37808	0.00467467
6.37832	0.00196869
6.37857	-0.00222363
6.37881	-0.00418487
6.37905	-0.00534324
6.3793	-0.00458414
6.37954	0.00309251
6.37979	0.0139495
6.38003	0.0143242
6.38028	0.000953428
6.38052	-0.0102627
6.38077	-0.006856
6.38101	0.00150593
6.38126	0.000631166
6.3815	-0.00415364
6.38175	0.000551358
6.38199	0.00987686
6.38223	0.00687795
6.38248	-0.0087406
6.38272	-0.0192434
6.38297	-0.0170186
6.38321	-0.0142385
6.38346	-0.0198172
6.3837	-0.0247406
6.38395	-0.0188969
6.38419	-0.0084236
6.38444	-0.00555009
6.38468	-0.0103742
6.38493	-0.0130134
6.38517	-0.00844383
6.38541	-0.000698808
6.38566	0.00451784
6.3859	0.00475522
6.38615	0.00029797
6.38639	-0.0062766
6.38664	-0.0108016
6.38688	-0.0106614
6.38713	-0.00660223
6.38737	-0.000804612
6.38762	0.00459429
6.38786	0.00676202
6.38811	0.00348393
6.38835	-0.00341022
6.38859	-0.00889798
6.38884	-0.0104323
6.38908	-0.0100812
6.38933	-0.00987325
6.38957	-0.00823566
6.38982	-0.00363202
6.39006	0.000509476
6.39031	-0.0016213
6.39055	-0.00995264
6.3908	-0.0159796
6.39104	-0.0119042
6.39128	-0.00159599
6.39153	0.00259142
6.39177	-0.00397448
6.39202	-0.0110702
6.39226	-0.00814484
6.39251	-0.000270763
6.39275	-5.5767e-05
6.393	-0.00712347
6.39324	-0.00846183
6.39349	0.000317575
6.39373	0.00787343
6.39398	0.00557175
6.39422	-0.000138115
6.39446	-0.000833493
6.39471	0.00038907
6.39495	-0.00216695
6.3952	-0.00467663
6.39544	-0.00139275
6.39569	0.00366843
6.39593	0.00347703
6.39618	-3.61957e-05
6.39642	-0.000811157
6.39667	0.00061743
6.39691	0.00075119
6.39716	0.00109755
6.3974	0.00307847
6.39764	0.0019811
6.39789	-0.00416813
6.39813	-0.00758235
6.39838	-0.00340975
6.39862	-0.000650923
6.39887	-0.00754305
6.39911	-0.0151036
6.39936	-0.0107947
6.3996	-0.000598764
6.39985	0.000371989
6.40009	-0.00680832
6.40034	-0.00830122
6.40058	-0.0023024
6.40082	-7.9784e-05
6.40107	-0.00387707
6.40131	-0.00443684
6.40156	-0.00097617
6.4018	-0.00277859
6.40205	-0.00867663
6.40229	-0.00606305
6.40254	0.0052002
6.40278	0.00900624
6.40303	-8.21743e-05
6.40327	-0.00669565
6.40351	-0.000600738
6.40376	0.00686494
6.404	0.00388365
6.40425	-0.00239925
6.40449	-0.00135238
6.40474	0.00213222
6.40498	-0.00031492
6.40523	-0.00290816
6.40547	0.00291691
6.40572	0.00984067
6.40596	0.00498215
6.40621	-0.00785215
6.40645	-0.0130585
6.40669	-0.00656012
6.40694	0.000872693
6.40718	0.00173816
6.40743	-0.000405037
6.40767	-0.00116362
6.40792	-0.00161159
6.40816	-0.00295999
6.40841	-0.00376045
6.40865	-0.00370681
6.4089	-0.00366683
6.40914	-0.00190953
6.40939	0.0036797
6.40963	0.00998377
6.40987	0.0108928
6.41012	0.00518042
6.41036	-0.0022018
6.41061	-0.00631356
6.41085	-0.00633309
6.4111	-0.00451791
6.41134	-0.00398157
6.41159	-0.00632621
6.41183	-0.00965433
6.41208	-0.0106886
6.41232	-0.00954972
6.41257	-0.00914574
6.41281	-0.00943083
6.41305	-0.00704273
6.4133	-0.00159624
6.41354	0.00293335
6.41379	0.00415394
6.41403	0.00295353
6.41428	-0.000784855
6.41452	-0.00679369
6.41477	-0.00891272
6.41501	-0.00113059
6.41526	0.00939375
6.4155	0.00749566
6.41574	-0.00769694
6.41599	-0.0185575
6.41623	-0.0137576
6.41648	-0.00389054
6.41672	-0.00259246
6.41697	-0.00522843
6.41721	-0.000417575
6.41746	0.00777185
6.4177	0.00641628
6.41795	-0.00337787
6.41819	-0.00804035
6.41844	-0.00419093
6.41868	-0.00268441
6.41892	-0.0082166
6.41917	-0.0104297
6.41941	-0.0008772
6.41966	0.0128889
6.4199	0.0173496
6.42015	0.00982812
6.42039	-0.000700019
6.42064	-0.00507776
6.42088	-0.00208985
6.42113	0.00209514
6.42137	0.000783959
6.42162	-0.00501437
6.42186	-0.00669527
6.4221	-0.000116946
6.42235	0.00590669
6.42259	0.000542309
6.42284	-0.0118611
6.42308	-0.0155288
6.42333	-0.00510437
6.42357	0.00671914
6.42382	0.00752176
6.42406	0.00160432
6.42431	0.000920469
6.42455	0.00636746
6.4248	0.00766554
6.42504	-0.000261269
6.42528	-0.00963086
6.42553	-0.010547
6.42577	-0.00365817
6.42602	0.0016368
6.42626	-0.000860748
6.42651	-0.00786839
6.42675	-0.0123077
6.427	-0.0117926
6.42724	-0.00898435
6.42749	-0.00565121
6.42773	-0.000920412
6.42797	0.00409437
6.42822	0.00490768
6.42846	-4.60493e-05
6.42871	-0.00541993
6.42895	-0.00547049
6.4292	-0.00202486
6.42944	-0.00120389
6.42969	-0.00391961
6.42993	-0.00517409
6.43018	-0.00263504
6.43042	-0.000182221
6.43067	-0.00130012
6.43091	-0.00367163
6.43115	-0.00319799
6.4314	-0.000301124
6.43164	0.000833543
6.43189	-0.00218681
6.43213	-0.00724313
6.43238	-0.009638
6.43262	-0.00594367
6.43287	0.00226262
6.43311	0.00779919
6.43336	0.00395505
6.4336	-0.00672471
6.43385	-0.0127707
6.43409	-0.00670785
6.43433	0.00451712
6.43458	0.00743952
6.43482	4.36738e-05
6.43507	-0.00518824
6.43531	0.00079564
6.43556	0.00976071
6.4358	0.00784516
6.43605	-0.00317397
6.43629	-0.00726242
6.43654	0.00220823
6.43678	0.0115486
6.43703	0.00592749
6.43727	-0.00932149
6.43751	-0.0166092
6.43776	-0.0103467
6.438	-0.00160649
6.43825	0.000398223
6.43849	-0.000638612
6.43874	0.00130845
6.43898	0.00384333
6.43923	0.00275864
6.43947	0.00141724
6.43972	0.00464822
6.43996	0.00789381
6.44021	0.00224957
6.44045	-0.0106299
6.44069	-0.018022
6.44094	-0.0129876
6.44118	-0.00431697
6.44143	-0.00457257
6.44167	-0.0128733
6.44192	-0.0163915
6.44216	-0.00818093
6.44241	0.00317246
6.44265	0.00478882
6.4429	-0.00385633
6.44314	-0.0108721
6.44338	-0.00776841
6.44363	0.000251241
6.44387	0.00220648
6.44412	-0.00453494
6.44436	-0.012445
6.44461	-0.0144745
6.44485	-0.0115922
6.4451	-0.0089367
6.44534	-0.00846165
6.44559	-0.00799921
6.44583	-0.00566101
6.44608	-0.00229458
6.44632	0.000298723
6.44656	0.0014558
6.44681	0.00113935
6.44705	-0.00120443
6.4473	-0.00554803
6.44754	-0.00934426
6.44779	-0.00874562
6.44803	-0.00281526
6.44828	0.00469394
6.44852	0.0086428
6.44877	0.00648161
6.44901	-0.00108018
6.44926	-0.0103778
6.4495	-0.014826
6.44974	-0.00939684
6.44999	0.00155861
6.45023	0.00589202
6.45048	-0.00138955
6.45072	-0.00959601
6.45097	-0.00663498
6.45121	0.00253962
6.45146	0.00286607
6.4517	-0.00741756
6.45195	-0.013767
6.45219	-0.00762405
6.45244	0.00186488
6.45268	0.00351692
6.45292	-0.000970689
6.45317	-0.00485001
6.45341	-0.0077147
6.45366	-0.0105182
6.4539	-0.00938991
6.45415	-0.00388403
6.45439	-0.00210017
6.45464	-0.0077352
6.45488	-0.0113167
6.45513	-0.00525676
6.45537	0.00181323
6.45561	-0.00137816
6.45586	-0.00962977
6.4561	-0.0107009
6.45635	-0.00643702
6.45659	-0.00747722
6.45684	-0.0120536
6.45708	-0.00881452
6.45733	0.000939926
6.45757	0.00276788
6.45782	-0.00732642
6.45806	-0.0161358
6.45831	-0.0142695
6.45855	-0.00863693
6.45879	-0.00822543
6.45904	-0.0104743
6.45928	-0.00873457
6.45953	-0.003528
6.45977	-5.88797e-05
6.46002	-0.000960067
6.46026	-0.00476424
6.46051	-0.0064114
6.46075	-0.000130606
6.461	0.0113708
6.46124	0.0143477
6.46149	0.000797229
6.46173	-0.0167165
6.46197	-0.0201849
6.46222	-0.0115101
6.46246	-0.00634251
6.46271	-0.00685339
6.46295	-0.00182979
6.4632	0.00719708
6.46344	0.00496292
6.46369	-0.00793362
6.46393	-0.0105214
6.46418	0.00349321
6.46442	0.0116025
6.46467	-0.00149538
6.46491	-0.017337
6.46515	-0.0133669
6.4654	0.000722589
6.46564	0.000793859
6.46589	-0.012123
6.46613	-0.0167457
6.46638	-0.00789585
6.46662	-0.00143113
6.46687	-0.00521806
6.46711	-0.0093491
6.46736	-0.00728695
6.4676	-0.00594117
6.46784	-0.00993565
6.46809	-0.0128387
6.46833	-0.00992083
6.46858	-0.00619341
6.46882	-0.0063217
6.46907	-0.00761166
6.46931	-0.00750704
6.46956	-0.00804963
6.4698	-0.00895869
6.47005	-0.00577647
6.47029	0.000993302
6.47054	0.00376943
6.47078	-0.000602557
6.47102	-0.00512803
6.47127	-0.00334803
6.47151	0.00109541
6.47176	0.000910585
6.472	-0.00406067
6.47225	-0.00790056
6.47249	-0.00703836
6.47274	-0.00300623
6.47298	0.00112036
6.47323	0.00328632
6.47347	0.00245224
6.47372	-0.00124437
6.47396	-0.00622745
6.4742	-0.0103467
6.47445	-0.0121056
6.47469	-0.0113649
6.47494	-0.00937392
6.47518	-0.00771046
6.47543	-0.00687886
6.47567	-0.00657018
6.47592	-0.00676891
6.47616	-0.00698543
6.47641	-0.00530733
6.47665	-0.00113866
6.4769	0.00205104
6.47714	0.000738905
6.47738	-0.00269294
6.47763	-0.0032609
6.47787	-0.00195868
6.47812	-0.00411491
6.47836	-0.00893137
6.47861	-0.00924869
6.47885	-0.00376142
6.4791	-5.86431e-05
6.47934	-0.0014569
6.47959	-0.000615751
6.47983	0.00737528
6.48007	0.0147969
6.48032	0.012545
6.48056	0.00374502
6.48081	-0.00322297
6.48105	-0.00832339
6.4813	-0.015459
6.48154	-0.0199709
6.48179	-0.0134737
6.48203	0.000403692
6.48228	0.00724074
6.48252	0.000316002
6.48277	-0.0112487
6.48301	-0.0148882
6.48325	-0.00801657
6.4835	0.00264247
6.48374	0.00907503
6.48399	0.00746153
6.48423	0.000274439
6.48448	-0.00548428
6.48472	-0.00481283
6.48497	0.000470469
6.48521	0.00512713
6.48546	0.00634399
6.4857	0.00389904
6.48595	-0.00163881
6.48619	-0.00686184
6.48643	-0.00584024
6.48668	0.00243202
6.48692	0.0103472
6.48717	0.0104779
6.48741	0.00444098
6.48766	-0.00174352
6.4879	-0.00627912
6.48815	-0.00962837
6.48839	-0.0096621
6.48864	-0.00663829
6.48888	-0.00759203
6.48913	-0.0160017
6.48937	-0.0215118
6.48961	-0.0118659
6.48986	0.00684545
6.4901	0.014721
6.49035	0.00415433
6.49059	-0.0104434
6.49084	-0.012768
6.49108	-0.00433664
6.49133	0.00166693
6.49157	-0.00122999
6.49182	-0.0075182
6.49206	-0.00920314
6.4923	-0.00504782
6.49255	-0.000792196
6.49279	-0.00241062
6.49304	-0.00909538
6.49328	-0.0136725
6.49353	-0.0114052
6.49377	-0.00599847
6.49402	-0.00390493
6.49426	-0.00537317
6.49451	-0.00565309
6.49475	-0.00286612
6.495	0.000822035
6.49524	0.00418837
6.49548	0.00748222
6.49573	0.00884764
6.49597	0.00575331
6.49622	-0.000202691
6.49646	-0.00446951
6.49671	-0.00503868
6.49695	-0.00303585
6.4972	0.000479136
6.49744	0.00397957
6.49769	0.00385868
6.49793	-0.0017635
6.49818	-0.0093064
6.49842	-0.0136872
6.49866	-0.0136437
6.49891	-0.0101796
6.49915	-0.00495914
6.4994	-0.00379306
6.49964	-0.0134034
6.49989	-0.0277742
6.50013	-0.0278169
6.50038	-0.00647302
6.50062	0.0149583
6.50087	0.0117181
6.50111	-0.00940401
6.50136	-0.0192358
6.5016	-0.00791252
6.50184	0.00436983
6.50209	0.00107331
6.50233	-0.00836443
6.50258	-0.00882335
6.50282	-0.00295922
6.50307	-0.00129909
6.50331	-0.0033655
6.50356	-0.00302604
6.5038	-0.00216215
6.50405	-0.00539665
6.50429	-0.00920491
6.50453	-0.00881804
6.50478	-0.00877131
6.50502	-0.0140724
6.50527	-0.0173976
6.50551	-0.00873641
6.50576	0.0064383
6.506	0.0123131
6.50625	0.00438272
6.50649	-0.00619735
6.50674	-0.00951384
6.50698	-0.00724553
6.50723	-0.00550137
6.50747	-0.00685549
6.50771	-0.0109367
6.50796	-0.0154729
6.5082	-0.0159362
6.50845	-0.0102855
6.50869	-0.00352159
6.50894	-0.00157718
6.50918	-0.00268406
6.50943	-0.00169867
6.50967	-0.000121714
6.50992	-0.00289886
6.51016	-0.00731303
6.51041	-0.00564804
6.51065	0.00120073
6.51089	0.00350226
6.51114	-0.00238092
6.51138	-0.00912411
6.51163	-0.0110805
6.51187	-0.0115968
6.51212	-0.0137937
6.51236	-0.0139439
6.51261	-0.00973617
6.51285	-0.00656189
6.5131	-0.00873369
6.51334	-0.0115498
6.51359	-0.00938273
6.51383	-0.00574879
6.51407	-0.00731379
6.51432	-0.0121543
6.51456	-0.0123324
6.51481	-0.00597964
6.51505	0.000648163
6.5153	0.00245892
6.51554	0.00062599
6.51579	-0.0016845
6.51603	-0.00355215
6.51628	-0.00528571
6.51652	-0.006312
6.51677	-0.00495012
6.51701	0.000384845
6.51725	0.00830763
6.5175	0.0125734
6.51774	0.00716831
6.51799	-0.00481575
6.51823	-0.0122693
6.51848	-0.00938001
6.51872	-0.00284613
6.51897	-0.0014937
6.51921	-0.00432792
6.51946	-0.00533324
6.5197	-0.00493189
6.51994	-0.0078269
6.52019	-0.012294
6.52043	-0.0111258
6.52068	-0.00299782
6.52092	0.00535493
6.52117	0.00868677
6.52141	0.00771001
6.52166	0.00407967
6.5219	-0.00129892
6.52215	-0.00470782
6.52239	-0.002861
6.52264	-0.000646416
6.52288	-0.00637373
6.52312	-0.0171888
6.52337	-0.0194458
6.52361	-0.00811773
6.52386	0.00405913
6.5241	0.00376095
6.52435	-0.00502027
6.52459	-0.00895131
6.52484	-0.00487005
6.52508	-0.00131496
6.52533	-0.0039241
6.52557	-0.00899847
6.52582	-0.0110645
6.52606	-0.00917678
6.5263	-0.00530348
6.52655	-0.00228563
6.52679	-0.00346191
6.52704	-0.00923908
6.52728	-0.0142419
6.52753	-0.0125844
6.52777	-0.00570315
6.52802	-0.000462674
6.52826	-3.06589e-05
6.52851	-0.00147726
6.52875	-0.00223643
6.529	-0.00376155
6.52924	-0.00764195
6.52948	-0.0122227
6.52973	-0.0146007
6.52997	-0.0132104
6.53022	-0.00792668
6.53046	-0.000573317
6.53071	0.00437031
6.53095	0.00299696
6.5312	-0.00284768
6.53144	-0.00636867
6.53169	-0.00340866
6.53193	0.00256479
6.53217	0.00461815
6.53242	0.00037745
6.53266	-0.0058043
6.53291	-0.00873365
6.53315	-0.00878027
6.5334	-0.0103984
6.53364	-0.0144541
6.53389	-0.0156796
6.53413	-0.0106268
6.53438	-0.00477259
6.53462	-0.00600824
6.53487	-0.0124993
6.53511	-0.0141936
6.53535	-0.00722744
6.5356	0.000876549
6.53584	0.0032801
6.53609	0.00338163
6.53633	0.00680706
6.53658	0.0102589
6.53682	0.00623267
6.53707	-0.00401113
6.53731	-0.00979205
6.53756	-0.00383536
6.5378	0.00877585
6.53805	0.0156815
6.53829	0.00979909
6.53853	-0.00308831
6.53878	-0.00968796
6.53902	-0.00386279
6.53927	0.00588545
6.53951	0.00756176
6.53976	0.0013814
6.54	-0.00314867
6.54025	-0.00344474
6.54049	-0.00570489
6.54074	-0.0100683
6.54098	-0.00769691
6.54123	0.00272268
6.54147	0.00932448
6.54171	0.00547067
6.54196	0.0006732
6.5422	0.00346524
6.54245	0.00642258
6.54269	0.000852381
6.54294	-0.00563662
6.54318	-0.00192301
6.54343	0.00590375
6.54367	0.00426306
6.54392	-0.00404791
6.54416	-0.00427188
6.5444	0.00542786
6.54465	0.011693
6.54489	0.00785644
6.54514	0.00118381
6.54538	-0.0026551
6.54563	-0.006517
6.54587	-0.0106295
6.54612	-0.00878205
6.54636	0.000224537
6.54661	0.00830237
6.54685	0.0085656
6.5471	0.00190725
6.54734	-0.0071617
6.54758	-0.0131898
6.54783	-0.0104936
6.54807	-0.000311584
6.54832	0.00629255
6.54856	0.00236231
6.54881	-0.00380735
6.54905	-0.00260065
6.5493	0.000346021
6.54954	-0.00349558
6.54979	-0.00647463
6.55003	0.00166218
6.55028	0.00982349
6.55052	0.000443993
6.55076	-0.0171107
6.55101	-0.0167931
6.55125	0.00186362
6.5515	0.0127572
6.55174	0.00695528
6.55199	0.0040884
6.55223	0.0125237
6.55248	0.0131106
6.55272	-0.00293595
6.55297	-0.0135525
6.55321	-0.00361372
6.55346	0.0071483
6.5537	-0.00141353
6.55394	-0.0145327
6.55419	-0.00984104
6.55443	0.00328118
6.55468	0.00305404
6.55492	-0.00488155
6.55517	-0.000900381
6.55541	0.00921155
6.55566	0.0040319
6.5559	-0.0120312
6.55615	-0.0128387
6.55639	0.00494939
6.55663	0.0148012
6.55688	0.00220398
6.55712	-0.0154687
6.55737	-0.0188538
6.55761	-0.0119671
6.55786	-0.00790243
6.5581	-0.00852166
6.55835	-0.00855945
6.55859	-0.00601513
6.55884	-0.00094252
6.55908	0.00541584
6.55933	0.00709434
6.55957	-6.88802e-05
6.55981	-0.00803794
6.56006	-0.00562218
6.5603	0.00252727
6.56055	0.000954072
6.56079	-0.0119696
6.56104	-0.0204115
6.56128	-0.0144031
6.56153	-0.00129983
6.56177	0.00904054
6.56202	0.015146
6.56226	0.0160655
6.56251	0.00803355
6.56275	-0.00502898
6.56299	-0.0109985
6.56324	-0.0057998
6.56348	0.000912981
6.56373	0.000778782
6.56397	-0.00381657
6.56422	-0.00885873
6.56446	-0.0148122
6.56471	-0.0191494
6.56495	-0.0152422
6.5652	-0.00423577
6.56544	0.00333815
6.56569	0.00286023
6.56593	0.00124319
6.56617	0.00273206
6.56642	0.00168585
6.56666	-0.00455157
6.56691	-0.00841749
6.56715	-0.00550025
6.5674	-0.00331841
6.56764	-0.0079467
6.56789	-0.0125724
6.56813	-0.00902459
6.56838	-0.00141823
6.56862	0.00167146
6.56886	0.000632818
6.56911	0.000246409
6.56935	-0.00130472
6.5696	-0.0080063
6.56984	-0.015424
6.57009	-0.0151052
6.57033	-0.00726473
6.57058	-0.000448444
6.57082	0.000283869
6.57107	-0.00189139
6.57131	-0.00193094
6.57156	0.000925
6.5718	0.00315506
6.57204	0.000804979
6.57229	-0.0054675
6.57253	-0.0093064
6.57278	-0.00624627
6.57302	-0.00120993
6.57327	-0.00192564
6.57351	-0.006066
6.57376	-0.00473336
6.574	0.000872572
6.57425	-0.000814496
6.57449	-0.0112792
6.57474	-0.0153876
6.57498	-0.00413201
6.57522	0.00883297
6.57547	0.00610068
6.57571	-0.00765483
6.57596	-0.0137637
6.5762	-0.00764168
6.57645	-0.00260821
6.57669	-0.00704215
6.57694	-0.0133174
6.57718	-0.0127426
6.57743	-0.00877011
6.57767	-0.00893533
6.57792	-0.0121346
6.57816	-0.0113119
6.5784	-0.0046499
6.57865	0.00214974
6.57889	0.00366168
6.57914	0.000576665
6.57938	-0.00290168
6.57963	-0.00493278
6.57987	-0.00691166
6.58012	-0.00869911
6.58036	-0.00674844
6.58061	-0.000348598
6.58085	0.00345118
6.58109	-0.00224844
6.58134	-0.0123704
6.58158	-0.0142637
6.58183	-0.00534112
6.58207	0.00291432
6.58232	0.00230183
6.58256	-0.000679656
6.58281	0.00238115
6.58305	0.0069902
6.5833	0.00398548
6.58354	-0.00422005
6.58379	-0.00757776
6.58403	-0.00473841
6.58427	-0.00333746
6.58452	-0.0057186
6.58476	-0.0063737
6.58501	-0.00368674
6.58525	-0.00255461
6.5855	-0.00373355
6.58574	-0.00187005
6.58599	0.00297757
6.58623	0.00300233
6.58648	-0.00381874
6.58672	-0.00867525
6.58697	-0.00644577
6.58721	-0.0046603
6.58745	-0.0095219
6.5877	-0.012636
6.58794	-0.00342984
6.58819	0.011619
6.58843	0.0156438
6.58868	0.00501663
6.58892	-0.00664333
6.58917	-0.00888028
6.58941	-0.00656821
6.58966	-0.00784579
6.5899	-0.0106022
6.59015	-0.00797061
6.59039	-0.000254841
6.59063	0.00622247
6.59088	0.0081889
6.59112	0.00674264
6.59137	0.0023273
6.59161	-0.00520648
6.59186	-0.0125975
6.5921	-0.0148709
6.59235	-0.0114304
6.59259	-0.00656736
6.59284	-0.00372041
6.59308	-0.00240964
6.59333	-0.000868217
6.59357	0.00120049
6.59381	0.00274354
6.59406	0.00233356
6.5943	-0.000476325
6.59455	-0.00333915
6.59479	-0.00262247
6.59504	0.00115449
6.59528	0.00241972
6.59553	-0.00135608
6.59577	-0.00444171
6.59602	-0.00155461
6.59626	0.00163129
6.5965	-0.00427605
6.59675	-0.0153345
6.59699	-0.0154443
6.59724	0.00141304
6.59748	0.0197031
6.59773	0.0205711
6.59797	0.00509622
6.59822	-0.00934119
6.59846	-0.0120202
6.59871	-0.00854353
6.59895	-0.00809462
6.5992	-0.0104655
6.59944	-0.00948982
6.59968	-0.00339376
6.59993	0.00352702
6.60017	0.00728474
6.60042	0.00788581
6.60066	0.00664041
6.60091	0.00324731
6.60115	-0.00226322
6.6014	-0.00608372
6.60164	-0.00274992
6.60189	0.00755577
6.60213	0.0163661
6.60238	0.0152385
6.60262	0.00595385
6.60286	-0.00146606
6.60311	-0.00111768
6.60335	0.00265185
6.6036	0.00294413
6.60384	-8.31052e-05
6.60409	-0.000677014
6.60433	0.00381022
6.60458	0.00935756
6.60482	0.0103052
6.60507	0.00585996
6.60531	0.000774391
6.60556	-0.000407134
6.6058	0.000917961
6.60604	-0.000536922
6.60629	-0.00562342
6.60653	-0.00823126
6.60678	-0.00389697
6.60702	0.00330009
6.60727	0.00732807
6.60751	0.00918977
6.60776	0.011917
6.608	0.0108535
6.60825	-3.13165e-06
6.60849	-0.0135808
6.60873	-0.0151322
6.60898	-0.0043028
6.60922	0.00201238
6.60947	-0.00539846
6.60971	-0.0137245
6.60996	-0.00816509
6.6102	0.00524894
6.61045	0.00958545
6.61069	0.00189797
6.61094	-0.00557312
6.61118	-0.00488948
6.61143	7.31332e-05
6.61167	0.00411734
6.61191	0.00680954
6.61216	0.00750772
6.6124	0.00426237
6.61265	-0.00081857
6.61289	-0.00289265
6.61314	-0.00212303
6.61338	-0.00332007
6.61363	-0.00747507
6.61387	-0.0103641
6.61412	-0.0100947
6.61436	-0.00947092
6.61461	-0.00975495
6.61485	-0.00800123
6.61509	-0.00235605
6.61534	0.0041868
6.61558	0.0068052
6.61583	0.00323893
6.61607	-0.00438109
6.61632	-0.0103219
6.61656	-0.0101231
6.61681	-0.00651262
6.61705	-0.00647676
6.6173	-0.0103973
6.61754	-0.0106395
6.61779	-0.0047614
6.61803	-0.00137417
6.61827	-0.00568111
6.61852	-0.00840791
6.61876	-0.000109781
6.61901	0.0113638
6.61925	0.0116251
6.6195	0.00251178
6.61974	-0.00172701
6.61999	0.00171556
6.62023	0.00132108
6.62048	-0.0069426
6.62072	-0.011913
6.62096	-0.0058081
6.62121	0.00425514
6.62145	0.00928427
6.6217	0.00999745
6.62194	0.00904411
6.62219	0.00390155
6.62243	-0.00481511
6.62268	-0.00879485
6.62292	-0.00401106
6.62317	0.0019964
6.62341	0.00239378
6.62366	0.00111841
6.6239	0.00272835
6.62414	0.00245263
6.62439	-0.00340137
6.62463	-0.00672069
6.62488	-0.00013602
6.62512	0.00720307
6.62537	0.00152627
6.62561	-0.0121168
6.62586	-0.01489
6.6261	-0.00289083
6.62635	0.00578101
6.62659	-0.00184628
6.62684	-0.0139942
6.62708	-0.0122195
6.62732	0.000975567
6.62757	0.00692429
6.62781	-0.000486575
6.62806	-0.00639952
6.6283	0.00102106
6.62855	0.0117602
6.62879	0.00945778
6.62904	-0.00298868
6.62928	-0.00798968
6.62953	-0.000904123
6.62977	0.00351761
6.63002	-0.00361491
6.63026	-0.010043
6.6305	-0.00314217
6.63075	0.00730739
6.63099	0.00328851
6.63124	-0.0124828
6.63148	-0.0202781
6.63173	-0.0134304
6.63197	-0.00590996
6.63222	-0.00786455
6.63246	-0.0114705
6.63271	-0.00736903
6.63295	0.000174467
6.63319	0.00321951
6.63344	0.00274397
6.63368	0.00198054
6.63393	-0.00191366
6.63417	-0.00928112
6.63442	-0.0106978
6.63466	-6.5083e-05
6.63491	0.0122032
6.63515	0.0113901
6.6354	-0.000735965
6.63564	-0.0092011
6.63589	-0.00710895
6.63613	-0.00202913
6.63637	-0.00163592
6.63662	-0.00385597
6.63686	-0.00377906
6.63711	-0.00229893
6.63735	-0.00379405
6.6376	-0.00912591
6.63784	-0.0138116
6.63809	-0.0123191
6.63833	-0.00431375
6.63858	0.00315933
6.63882	0.00238877
6.63907	-0.00535424
6.63931	-0.0110696
6.63955	-0.0101121
6.6398	-0.00693686
6.64004	-0.0054135
6.64029	-0.00246653
6.64053	0.00335165
6.64078	0.00528435
6.64102	-0.00125717
6.64127	-0.00858307
6.64151	-0.00714923
6.64176	-0.000913314
6.642	-0.000755826
6.64225	-0.00594086
6.64249	-0.00515723
6.64273	0.00428076
6.64298	0.011336
6.64322	0.00827638
6.64347	0.00144977
6.64371	0.000231796
6.64396	0.00437327
6.6442	0.00777013
6.64445	0.00726113
6.64469	0.00228462
6.64494	-0.00722355
6.64518	-0.0166489
6.64542	-0.0168999
6.64567	-0.00583424
6.64591	0.00565117
6.64616	0.00649655
6.6464	0.000204385
6.64665	-0.001672
6.64689	0.00265752
6.64714	0.00428269
6.64738	-0.00020604
6.64763	-0.00307623
6.64787	0.000552459
6.64812	0.00374248
6.64836	-7.14568e-05
6.6486	-0.00436499
6.64885	0.000566513
6.64909	0.00986175
6.64934	0.00884637
6.64958	-0.00453823
6.64983	-0.0144656
6.65007	-0.00868718
6.65032	0.00510677
6.65056	0.0114431
6.65081	0.00750361
6.65105	0.00243863
6.6513	0.00183557
6.65154	0.00293917
6.65178	0.00277962
6.65203	0.00159623
6.65227	-0.000997722
6.65252	-0.0050426
6.65276	-0.006301
6.65301	-0.00144044
6.65325	0.0040788
6.6535	0.00255956
6.65374	-0.00253521
6.65399	-0.000799011
6.65423	0.00711727
6.65448	0.00867536
6.65472	-0.000217789
6.65496	-0.0075652
6.65521	-0.00416375
6.65545	0.00295167
6.6557	0.00492415
6.65594	0.00648334
6.65619	0.0145844
6.65643	0.0217813
6.65668	0.0163445
6.65692	0.00303251
6.65717	-0.0022333
6.65741	0.00375712
6.65765	0.00807806
6.6579	0.0026877
6.65814	-0.00498294
6.65839	-0.00545767
6.65863	0.000370364
6.65888	0.00643673
6.65912	0.00967792
6.65937	0.00877468
6.65961	0.00270158
6.65986	-0.00521323
6.6601	-0.00798329
6.66035	-0.00302215
6.66059	0.00535451
6.66083	0.0123734
6.66108	0.0158266
6.66132	0.0131116
6.66157	0.00368865
6.66181	-0.00500132
6.66206	-0.00382767
6.6623	0.00414361
6.66255	0.00638033
6.66279	-0.000231452
6.66304	-0.00511717
6.66328	-0.00242555
6.66353	9.09416e-05
6.66377	-0.00249729
6.66401	-0.00161034
6.66426	0.00776233
6.6645	0.0129657
6.66475	0.00235145
6.66499	-0.0125417
6.66524	-0.0120016
6.66548	0.00162315
6.66573	0.00891546
6.66597	0.00466525
6.66622	0.00207302
6.66646	0.00556471
6.66671	0.00337511
6.66695	-0.00669537
6.66719	-0.00786542
6.66744	0.00688856
6.66768	0.0173609
6.66793	0.00519501
6.66817	-0.0154473
6.66842	-0.0173367
6.66866	-7.06236e-05
6.66891	0.0117893
6.66915	0.00567474
6.6694	-0.0059711
6.66964	-0.00981799
6.66988	-0.00829363
6.67013	-0.00739297
6.67037	-0.00514376
6.67062	0.000185761
6.67086	0.00332703
6.67111	0.0011748
6.67135	-0.00114803
6.6716	0.000304538
6.67184	0.00160485
6.67209	-0.000887859
6.67233	-0.00415567
6.67258	-0.00529502
6.67282	-0.00632701
6.67306	-0.00759821
6.67331	-0.00508458
6.67355	0.000996792
6.6738	0.00402551
6.67404	0.00227874
6.67429	0.00252263
6.67453	0.00707932
6.67478	0.00849655
6.67502	0.00385529
6.67527	0.00222735
6.67551	0.00886468
6.67576	0.0141006
6.676	0.00923573
6.67624	0.00193141
6.67649	0.00266933
6.67673	0.00680433
6.67698	0.00526157
6.67722	0.00273368
6.67747	0.00744158
6.67771	0.0115939
6.67796	0.00264363
6.6782	-0.0119009
6.67845	-0.0132908
6.67869	-0.00232691
6.67894	0.00204767
6.67918	-0.00474391
6.67942	-0.00625405
6.67967	0.00462608
6.67991	0.0128013
6.68016	0.00751533
6.6804	-6.17522e-05
6.68065	0.0021398
6.68089	0.00742667
6.68114	0.00562126
6.68138	0.00168062
6.68163	0.00404519
6.68187	0.00799495
6.68212	0.00577422
6.68236	0.0015266
6.6826	0.0014019
6.68285	-4.51928e-05
6.68309	-0.00823755
6.68334	-0.0140772
6.68358	-0.00792787
6.68383	0.00140535
6.68407	-1.84099e-05
6.68432	-0.00681187
6.68456	-0.00326834
6.68481	0.00835019
6.68505	0.0103008
6.68529	-0.000774149
6.68554	-0.00791641
6.68578	-0.000963174
6.68603	0.00989092
6.68627	0.0135301
6.68652	0.0134457
6.68676	0.0153663
6.68701	0.0144604
6.68725	0.00579181
6.6875	-0.00350513
6.68774	-0.00380701
6.68799	0.00264906
6.68823	0.00702405
6.68847	0.00761391
6.68872	0.00863854
6.68896	0.0095086
6.68921	0.00527242
6.68945	-0.00333548
6.6897	-0.00877047
6.68994	-0.00675187
6.69019	-0.00151245
6.69043	0.000753898
6.69068	-0.000728899
6.69092	-0.0028553
6.69117	-0.00439496
6.69141	-0.00670607
6.69165	-0.00955931
6.6919	-0.00997247
6.69214	-0.00684078
6.69239	-0.00387935
6.69263	-0.00462135
6.69288	-0.00637576
6.69312	-0.00394345
6.69337	0.00138628
6.69361	0.00268374
6.69386	-0.00180972
6.6941	-0.00548242
6.69435	-0.00367966
6.69459	-0.000357504
6.69483	-0.000194514
6.69508	-0.000883718
6.69532	0.000865105
6.69557	0.00180478
6.69581	-0.00223017
6.69606	-0.00806825
6.6963	-0.00997557
6.69655	-0.0086133
6.69679	-0.0080145
6.69704	-0.007728
6.69728	-0.00545067
6.69752	-0.0033033
6.69777	-0.00367148
6.69801	-0.00320624
6.69826	0.000764891
6.6985	0.00304113
6.69875	-0.000602259
6.69899	-0.00330825
6.69924	0.00211002
6.69948	0.0079853
6.69973	0.00249995
6.69997	-0.00841789
6.70022	-0.00804773
6.70046	0.00288135
6.7007	0.00519907
6.70095	-0.00718746
6.70119	-0.0152966
6.70144	-0.00451
6.70168	0.0117945
6.70193	0.0123089
6.70217	-0.00156001
6.70242	-0.0110248
6.70266	-0.0074428
6.70291	0.00128378
6.70315	0.00711617
6.7034	0.0096039
6.70364	0.00820837
6.70388	0.000157697
6.70413	-0.0115038
6.70437	-0.0170482
6.70462	-0.0110463
6.70486	0.000698209
6.70511	0.00740733
6.70535	0.00394256
6.7056	-0.00509376
6.70584	-0.0100848
6.70609	-0.00596979
6.70633	0.00234823
6.70658	0.00643232
6.70682	0.00548865
6.70706	0.00575813
6.70731	0.00864836
6.70755	0.00771028
6.7078	0.00067839
6.70804	-0.00413865
6.70829	0.000270383
6.70853	0.00825437
6.70878	0.00940336
6.70902	0.00291743
6.70927	-0.00295323
6.70951	-0.00218676
6.70975	0.00416556
6.71	0.0108851
6.71024	0.0116267
6.71049	0.00357106
6.71073	-0.0066483
6.71098	-0.0076128
6.71122	0.00160642
6.71147	0.00831768
6.71171	0.00417785
6.71196	-0.00286062
6.7122	-0.00286129
6.71245	-0.000193069
6.71269	-0.00357474
6.71293	-0.00867311
6.71318	-0.00590172
6.71342	0.000379248
6.71367	-0.00241454
6.71391	-0.0128246
6.71416	-0.0163911
6.7144	-0.00919247
6.71465	-0.00292684
6.71489	-0.00383685
6.71514	-0.00395151
6.71538	0.00102315
6.71563	0.00186559
6.71587	-0.00686352
6.71611	-0.0138965
6.71636	-0.00743334
6.7166	0.00614773
6.71685	0.0117798
6.71709	0.00648325
6.71734	-0.000802909
6.71758	-0.00449667
6.71783	-0.0060968
6.71807	-0.00595298
6.71832	-0.0019846
6.71856	0.0041075
6.71881	0.00755671
6.71905	0.00746316
6.71929	0.00705495
6.71954	0.0076253
6.71978	0.0072538
6.72003	0.00486541
6.72027	0.00154747
6.72052	-0.00121418
6.72076	-0.00186875
6.72101	0.000465702
6.72125	0.00335442
6.7215	0.002567
6.72174	-0.00135647
6.72198	-0.0025467
6.72223	0.00130775
6.72247	0.00492768
6.72272	0.00380875
6.72296	0.00037398
6.72321	-0.0024706
6.72345	-0.00652269
6.7237	-0.0112203
6.72394	-0.00979904
6.72419	-0.000914685
6.72443	0.0040781
6.72468	-0.00350741
6.72492	-0.0139842
6.72516	-0.0120781
6.72541	-1.42592e-06
6.72565	0.00730613
6.7259	0.00624592
6.72614	0.00632621
6.72639	0.00859533
6.72663	0.00224757
6.72688	-0.0127203
6.72712	-0.0191739
6.72737	-0.00893853
6.72761	0.00189778
6.72786	-0.00299734
6.7281	-0.0151812
6.72834	-0.0164236
6.72859	-0.00739427
6.72883	-0.00264629
6.72908	-0.00423133
6.72932	-0.00117881
6.72957	0.00662704
6.72981	0.00537371
6.73006	-0.00770721
6.7303	-0.0154336
6.73055	-0.00593814
6.73079	0.00815461
6.73104	0.00799623
6.73128	-0.00473392
6.73152	-0.0131346
6.73177	-0.010668
6.73201	-0.006626
6.73226	-0.00748226
6.7325	-0.00704158
6.73275	0.000575687
6.73299	0.00873297
6.73324	0.00687088
6.73348	-0.00384562
6.73373	-0.0114265
6.73397	-0.00878739
6.73421	-0.00214456
6.73446	-0.00156917
6.7347	-0.00746347
6.73495	-0.010845
6.73519	-0.00596856
6.73544	0.00211577
6.73568	0.00467983
6.73593	0.000642367
6.73617	-0.00309825
6.73642	-0.00135294
6.73666	0.00365697
6.73691	0.00661198
6.73715	0.0049905
6.73739	-0.000877302
6.73764	-0.00968468
6.73788	-0.0179796
6.73813	-0.020078
6.73837	-0.0135317
6.73862	-0.00374692
6.73886	0.00101525
6.73911	-0.000430915
6.73935	-0.00114939
6.7396	0.0036293
6.73984	0.00905745
6.74009	0.00718001
6.74033	-0.00136474
6.74057	-0.00742794
6.74082	-0.00566494
6.74106	-0.00131964
6.74131	-0.00132356
6.74155	-0.00345682
6.7418	-0.000944402
6.74204	0.00453725
6.74229	0.00353608
6.74253	-0.00582171
6.74278	-0.0123647
6.74302	-0.00733581
6.74327	0.00232709
6.74351	0.00434178
6.74375	-0.00104809
6.744	-0.00376398
6.74424	-0.000864949
6.74449	0.00114284
6.74473	0.00029766
6.74498	0.00268955
6.74522	0.00935482
6.74547	0.0118668
6.74571	0.00618543
6.74596	-4.41556e-05
6.7462	-0.000633049
6.74644	-0.000858139
6.74669	-0.00615388
6.74693	-0.0108628
6.74718	-0.00878803
6.74742	-0.0061139
6.74767	-0.0110472
6.74791	-0.0174349
6.74816	-0.0133866
6.7484	-0.00206528
6.74865	0.00179459
6.74889	-0.00512762
6.74914	-0.0110023
6.74938	-0.00944456
6.74962	-0.00821163
6.74987	-0.0129327
6.75011	-0.0165517
6.75036	-0.012189
6.7506	-0.00486828
6.75085	-0.00228358
6.75109	-0.00309147
6.75134	-0.00228245
6.75158	-0.000501876
6.75183	-0.000621071
6.75207	-0.00173314
6.75232	-0.00322701
6.75256	-0.00816921
6.7528	-0.0161917
6.75305	-0.0196671
6.75329	-0.0136355
6.75354	-0.00337122
6.75378	0.00392831
6.75403	0.0081677
6.75427	0.0111045
6.75452	0.0101195
6.75476	0.00450764
6.75501	7.68475e-05
6.75525	-0.000338652
6.7555	-0.00263258
6.75574	-0.00936641
6.75598	-0.0117442
6.75623	-0.00432846
6.75647	0.00232245
6.75672	-0.00277393
6.75696	-0.0120205
6.75721	-0.0116761
6.75745	-0.00511789
6.7577	-0.00504593
6.75794	-0.00876246
6.75819	-0.00297502
6.75843	0.00939413
6.75868	0.0108404
6.75892	-0.000572984
6.75916	-0.00665376
6.75941	-0.00047274
6.75965	0.0015897
6.7599	-0.0102147
6.76014	-0.0196195
6.76039	-0.0108108
6.76063	0.00422889
6.76088	0.00433823
6.76112	-0.00808469
6.76137	-0.0135763
6.76161	-0.00660798
6.76185	0.000285012
6.7621	-0.000246935
6.76234	-0.00189127
6.76259	-4.09637e-06
6.76283	0.000489648
6.76308	-0.00403077
6.76332	-0.00887536
6.76357	-0.00908684
6.76381	-0.00652048
6.76406	-0.005492
6.7643	-0.00652508
6.76455	-0.00656834
6.76479	-0.00275009
6.76503	0.00392664
6.76528	0.00762044
6.76552	0.00379695
6.76577	-0.00262421
6.76601	-0.00179617
6.76626	0.00606485
6.7665	0.00930833
6.76675	0.00292495
6.76699	-0.00314574
6.76724	-0.00143862
6.76748	-0.000372314
6.76773	-0.00823076
6.76797	-0.0152193
6.76821	-0.00795881
6.76846	0.00622968
6.7687	0.0084531
6.76895	-0.00229541
6.76919	-0.00813568
6.76944	-0.00055974
6.76968	0.00875836
6.76993	0.00830228
6.77017	0.00146694
6.77042	-0.00374975
6.77066	-0.00585836
6.77091	-0.00566141
6.77115	-0.00283855
6.77139	-0.000921375
6.77164	-0.00464846
6.77188	-0.00943799
6.77213	-0.00519314
6.77237	0.00685214
6.77262	0.0138662
6.77286	0.010935
6.77311	0.00694014
6.77335	0.00698072
6.7736	0.00428586
6.77384	-0.00375475
6.77408	-0.00685807
6.77433	0.00116132
6.77457	0.0098686
6.77482	0.00780434
6.77506	-9.48581e-05
6.77531	-0.00184277
6.77555	0.00370896
6.7758	0.00901673
6.77604	0.0105721
6.77629	0.00980126
6.77653	0.00753451
6.77678	0.00544721
6.77702	0.00649587
6.77726	0.00796258
6.77751	0.00274539
6.77775	-0.00666916
6.778	-0.00691278
6.77824	0.00589395
6.77849	0.0169157
6.77873	0.0136105
6.77898	0.00328925
6.77922	-0.00184178
6.77947	-0.00393371
6.77971	-0.00950247
6.77996	-0.0129163
6.7802	-0.00719409
6.78044	-0.000731176
6.78069	-0.00451732
6.78093	-0.0114768
6.78118	-0.00827141
6.78142	0.000117732
6.78167	-0.000794993
6.78191	-0.00775653
6.78216	-0.00522356
6.7824	0.00492647
6.78265	0.00447359
6.78289	-0.00916355
6.78314	-0.0169255
6.78338	-0.00902409
6.78362	0.00133882
6.78387	0.00250861
6.78411	0.000912466
6.78436	0.00347484
6.7846	0.00348623
6.78485	-0.00405691
6.78509	-0.0100426
6.78534	-0.00682982
6.78558	-0.00191193
6.78583	-0.00380805
6.78607	-0.00709026
6.78631	-0.00344443
6.78656	0.00358211
6.7868	0.00599506
6.78705	0.00328809
6.78729	-0.00225025
6.78754	-0.0107953
6.78778	-0.0167888
6.78803	-0.0090036
6.78827	0.0106032
6.78852	0.0222301
6.78876	0.0149039
6.78901	0.00344765
6.78925	0.00429825
6.78949	0.00946198
6.78974	0.00316791
6.78998	-0.00907454
6.79023	-0.0107509
6.79047	-0.00398768
6.79072	-0.00406842
6.79096	-0.00987187
6.79121	-0.00592234
6.79145	0.00701563
6.7917	0.00997839
6.79194	-0.0013642
6.79219	-0.00729152
6.79243	0.00324338
6.79267	0.0132267
6.79292	0.00495076
6.79316	-0.0114584
6.79341	-0.0143111
6.79365	-0.00290626
6.7939	0.00470439
6.79414	0.000325217
6.79439	-0.00559945
6.79463	-0.00348608
6.79488	0.00180306
6.79512	0.00141054
6.79537	-0.00301348
6.79561	-0.00232509
6.79585	0.00587779
6.7961	0.0124555
6.79634	0.00816472
6.79659	-0.00333957
6.79683	-0.0088684
6.79708	-0.00253493
6.79732	0.00659692
6.79757	0.00728403
6.79781	0.00070817
6.79806	-0.00410136
6.7983	-0.00438368
6.79854	-0.00424004
6.79879	-0.00441646
6.79903	-0.00209023
6.79928	0.000136559
6.79952	-0.00394212
6.79977	-0.0124566
6.80001	-0.0163632
6.80026	-0.0138592
6.8005	-0.0129095
6.80075	-0.0165425
6.80099	-0.0173098
6.80124	-0.0110245
6.80148	-0.00412151
6.80172	-0.000743923
6.80197	0.00551405
6.80221	0.0175999
6.80246	0.0240127
6.8027	0.0146909
6.80295	-0.000248463
6.80319	-0.00250981
6.80344	0.00796101
6.80368	0.0136295
6.80393	0.00548919
6.80417	-0.00622543
6.80442	-0.00981596
6.80466	-0.00695739
6.8049	-0.00397098
6.80515	0.000382578
6.80539	0.00940126
6.80564	0.0178298
6.80588	0.0166812
6.80613	0.00627482
6.80637	-0.00339189
6.80662	-0.00501631
6.80686	-0.000824036
6.80711	0.0032631
6.80735	0.00467876
6.8076	0.0036033
6.80784	-8.8354e-05
6.80808	-0.00556718
6.80833	-0.00895074
6.80857	-0.00640644
6.80882	0.000592058
6.80906	0.00581789
6.80931	0.00478706
6.80955	-0.000948708
6.8098	-0.00618945
6.81004	-0.00692099
6.81029	-0.00256752
6.81053	0.00406843
6.81077	0.00816325
6.81102	0.0064978
6.81126	0.00096335
6.81151	-0.00347785
6.81175	-0.00476871
6.812	-0.00463441
6.81224	-0.00326613
6.81249	0.00147426
6.81273	0.00733804
6.81298	0.00671792
6.81322	-0.00261834
6.81347	-0.0117516
6.81371	-0.0123002
6.81395	-0.00835793
6.8142	-0.00807649
6.81444	-0.00863472
6.81469	-0.00173061
6.81493	0.00870468
6.81518	0.00906751
6.81542	-0.00180696
6.81567	-0.00793431
6.81591	0.000397585
6.81616	0.0115983
6.8164	0.0103759
6.81665	-0.000174855
6.81689	-0.00553765
6.81713	-0.00170444
6.81738	0.00219634
6.81762	-0.000131416
6.81787	-0.00492875
6.81811	-0.00677489
6.81836	-0.00514176
6.8186	-0.00158242
6.81885	0.00288164
6.81909	0.0062414
6.81934	0.00601882
6.81958	0.00219116
6.81983	-0.00299136
6.82007	-0.00730952
6.82031	-0.0089913
6.82056	-0.00758769
6.8208	-0.0061592
6.82105	-0.00813112
6.82129	-0.0100003
6.82154	-0.00420692
6.82178	0.00691752
6.82203	0.00937856
6.82227	-0.00261011
6.82252	-0.0142434
6.82276	-0.0091206
6.823	0.00682933
6.82325	0.0147947
6.82349	0.0112021
6.82374	0.00908823
6.82398	0.0127628
6.82423	0.0104178
6.82447	-0.00343012
6.82472	-0.015758
6.82496	-0.0142068
6.82521	-0.00454902
6.82545	0.00108405
6.8257	0.00177229
6.82594	0.00275334
6.82618	0.00314362
6.82643	0.00091207
6.82667	0.00150663
6.82692	0.00834903
6.82716	0.0119754
6.82741	0.00320246
6.82765	-0.00870294
6.8279	-0.00772977
6.82814	0.00218143
6.82839	0.00105081
6.82863	-0.0153034
6.82888	-0.0269312
6.82912	-0.0195609
6.82936	-0.00452067
6.82961	0.00176319
6.82985	0.00180586
6.8301	0.00565472
6.83034	0.00885071
6.83059	0.00132632
6.83083	-0.00964276
6.83108	-0.00724131
6.83132	0.00593888
6.83157	0.008718
6.83181	-0.00530129
6.83206	-0.0163228
6.8323	-0.00927098
6.83254	0.0030352
6.83279	0.00186148
6.83303	-0.00758871
6.83328	-0.00687192
6.83352	0.00471481
6.83377	0.0102085
6.83401	0.00264908
6.83426	-0.00656088
6.8345	-0.00794436
6.83475	-0.00551184
6.83499	-0.00448017
6.83524	-0.00269123
6.83548	0.000177534
6.83572	-0.0017511
6.83597	-0.00891234
6.83621	-0.0120483
6.83646	-0.00686069
6.8367	-0.00200538
6.83695	-0.004462
6.83719	-0.00762807
6.83744	-0.00352943
6.83768	0.00307528
6.83793	0.0042334
6.83817	0.00369855
6.83841	0.00883469
6.83866	0.0141914
6.8389	0.00867444
6.83915	-0.00383662
6.83939	-0.00714898
6.83964	0.00267896
6.83988	0.0102741
6.84013	0.00330452
6.84037	-0.0104193
6.84062	-0.0157746
6.84086	-0.0112695
6.84111	-0.00781654
6.84135	-0.0112006
6.84159	-0.0151543
6.84184	-0.012115
6.84208	-0.00402041
6.84233	0.0010131
6.84257	-0.00025254
6.84282	-0.00279804
6.84306	-0.00141938
6.84331	0.00205878
6.84355	0.00295653
6.8438	0.00170789
6.84404	0.00176151
6.84429	0.00170245
6.84453	-0.00220073
6.84477	-0.00585419
6.84502	-0.000398656
6.84526	0.0116955
6.84551	0.0152653
6.84575	0.00374458
6.846	-0.00930976
6.84624	-0.00928093
6.84649	-0.000897391
6.84673	0.00231414
6.84698	-8.19707e-05
6.84722	0.00107396
6.84747	0.0055243
6.84771	0.00478165
6.84795	-0.000539276
6.8482	-0.00125552
6.84844	0.00286163
6.84869	0.00237654
6.84893	-0.00354654
6.84918	-0.00429755
6.84942	0.00320055
6.84967	0.008236
6.84991	0.00455459
6.85016	0.000229617
6.8504	0.00196173
6.85064	0.00290723
6.85089	-0.00451233
6.85113	-0.0147299
6.85138	-0.0180176
6.85162	-0.0147917
6.85187	-0.0114454
6.85211	-0.00909836
6.85236	-0.00558419
6.8526	-0.00274795
6.85285	-0.00329682
6.85309	-0.00504266
6.85334	-0.00516154
6.85358	-0.00527986
6.85382	-0.00645979
6.85407	-0.00506893
6.85431	0.000166678
6.85456	0.00342008
6.8548	0.000922656
6.85505	-0.00170617
6.85529	0.00104131
6.85554	0.00423921
6.85578	0.000686458
6.85603	-0.00609401
6.85627	-0.00702237
6.85652	-0.00196368
6.85676	0.000984383
6.857	-0.00120307
6.85725	-0.00330416
6.85749	-0.0017261
6.85774	0.00044
6.85798	-0.000730295
6.85823	-0.00468047
6.85847	-0.0077888
6.85872	-0.0070496
6.85896	-0.00337913
6.85921	-0.00286112
6.85945	-0.0106389
6.8597	-0.0212643
6.85994	-0.0218018
6.86018	-0.0091926
6.86043	0.00329858
6.86067	0.00425623
6.86092	0.00050759
6.86116	0.00454395
6.86141	0.012584
6.86165	0.00997325
6.8619	-0.00413291
6.86214	-0.0136374
6.86239	-0.00957652
6.86263	-0.0026662
6.86287	-0.00524897
6.86312	-0.0126597
6.86336	-0.0123894
6.86361	-0.00426278
6.86385	-0.000125549
6.8641	-0.00558059
6.86434	-0.0120248
6.86459	-0.0093553
6.86483	-0.000162854
6.86508	0.00371568
6.86532	-0.0031551
6.86557	-0.012642
6.86581	-0.0133563
6.86605	-0.00468515
6.8663	0.00377858
6.86654	0.00529291
6.86679	0.00240871
6.86703	-0.000706548
6.86728	-0.005367
6.86752	-0.0132769
6.86777	-0.0197253
6.86801	-0.0185163
6.86826	-0.0111601
6.8685	-0.00503214
6.86875	-0.00367749
6.86899	-0.0043655
6.86923	-0.00440351
6.86948	-0.00447205
6.86972	-0.00552576
6.86997	-0.00682297
6.87021	-0.00755536
6.87046	-0.00744277
6.8707	-0.00613866
6.87095	-0.00471091
6.87119	-0.00607206
6.87144	-0.010585
6.87168	-0.0133956
6.87193	-0.010564
6.87217	-0.00587657
6.87241	-0.00613898
6.87266	-0.0108311
6.8729	-0.0124459
6.87315	-0.00717058
6.87339	0.000608804
6.87364	0.00529492
6.87388	0.00585651
6.87413	0.00317176
6.87437	-0.00246597
6.87462	-0.00809154
6.87486	-0.0076534
6.8751	0.000378126
6.87535	0.00850845
6.87559	0.0087625
6.87584	0.00366354
6.87608	0.00259257
6.87633	0.00754051
6.87657	0.0097738
6.87682	0.00366459
6.87706	-0.00322946
6.87731	-0.000900919
6.87755	0.0069538
6.8778	0.00761062
6.87804	-0.000771401
6.87828	-0.00591554
6.87853	-0.00153058
6.87877	0.00188906
6.87902	-0.00520637
6.87926	-0.0142951
6.87951	-0.0125446
6.87975	-0.00516274
6.88	-0.00698814
6.88024	-0.0161087
6.88049	-0.01558
6.88073	-0.00250966
6.88098	0.00493188
6.88122	-0.00369224
6.88146	-0.0138926
6.88171	-0.00927087
6.88195	0.00345926
6.8822	0.00691216
6.88244	-0.000435133
6.88269	-0.00570399
6.88293	-0.00300282
6.88318	0.00139087
6.88342	0.00207876
6.88367	0.000288617
6.88391	-0.00206758
6.88416	-0.00439844
6.8844	-0.00496757
6.88464	-0.00385124
6.88489	-0.00528625
6.88513	-0.0102291
6.88538	-0.0116252
6.88562	-0.00506509
6.88587	0.00168055
6.88611	-0.000706564
6.88636	-0.00864845
6.8866	-0.0125788
6.88685	-0.0125995
6.88709	-0.0146393
6.88733	-0.0158787
6.88758	-0.00908962
6.88782	0.000654247
6.88807	-4.41194e-05
6.88831	-0.010677
6.88856	-0.0143272
6.8888	-0.002401
6.88905	0.0118486
6.88929	0.012228
6.88954	0.00136756
6.88978	-0.00576136
6.89003	-0.00313921
6.89027	0.00130692
6.89051	-0.000553374
6.89076	-0.00658226
6.891	-0.00898334
6.89125	-0.00490938
6.89149	0.000449041
6.89174	0.000893867
6.89198	-0.00302507
6.89223	-0.00556691
6.89247	-0.00391465
6.89272	-0.000695734
6.89296	0.00148479
6.89321	0.00264519
6.89345	0.00183907
6.89369	-0.00228802
6.89394	-0.00563116
6.89418	-0.00153497
6.89443	0.00725752
6.89467	0.0090504
6.89492	0.000608237
6.89516	-0.00623022
6.89541	-0.00250622
6.89565	0.00407292
6.8959	0.00299828
6.89614	-0.00167931
6.89639	5.8294e-05
6.89663	0.00674492
6.89687	0.0096039
6.89712	0.00727047
6.89736	0.00374241
6.89761	-0.00157096
6.89785	-0.00915993
6.8981	-0.0122263
6.89834	-0.00736395
6.89859	-0.00389744
6.89883	-0.00817417
6.89908	-0.00896798
6.89932	0.00362479
6.89956	0.0158712
6.89981	0.00973606
6.90005	-0.0048842
6.9003	-0.00445066
6.90054	0.00785394
6.90079	0.0072866
6.90103	-0.00825424
6.90128	-0.0135396
6.90152	-0.00106915
6.90177	0.00425378
6.90201	-0.0113159
6.90226	-0.0247791
6.9025	-0.0140985
6.90274	0.00618945
6.90299	0.0106947
6.90323	0.00202713
6.90348	-0.00173677
6.90372	-0.000507502
6.90397	-0.00561675
6.90421	-0.012311
6.90446	-0.00664537
6.9047	0.00674558
6.90495	0.00929035
6.90519	-0.00183445
6.90544	-0.0110987
6.90568	-0.0107381
6.90592	-0.00881301
6.90617	-0.0102055
6.90641	-0.00860933
6.90666	-0.00113387
6.9069	0.00475634
6.90715	0.00347545
6.90739	-0.00137323
6.90764	-0.00503612
6.90788	-0.00681351
6.90813	-0.00574648
6.90837	-0.00118423
6.90862	0.001334
6.90886	-0.0050261
6.9091	-0.0163796
6.90935	-0.0210436
6.90959	-0.0159551
6.90984	-0.0101861
6.91008	-0.0101025
6.91033	-0.0113302
6.91057	-0.0089473
6.91082	-0.00579108
6.91106	-0.005302
6.91131	-0.00450332
6.91155	-0.000773836
6.91179	0.000838781
6.91204	-0.00513359
6.91228	-0.0139073
6.91253	-0.015221
6.91277	-0.00790036
6.91302	-0.00200391
6.91326	-0.00449793
6.91351	-0.00950508
6.91375	-0.00783106
6.914	-0.00157461
6.91424	-0.00126266
6.91449	-0.00918234
6.91473	-0.0146925
6.91497	-0.00954324
6.91522	0.000354704
6.91546	0.0044742
6.91571	0.00185186
6.91595	-0.00216818
6.9162	-0.00659923
6.91644	-0.0118804
6.91669	-0.0120172
6.91693	-0.00270319
6.91718	0.00629546
6.91742	0.00185635
6.91767	-0.0105447
6.91791	-0.0120418
6.91815	0.000803693
6.9184	0.00992324
6.91864	0.00370566
6.91889	-0.00644658
6.91913	-0.00664019
6.91938	-0.00167994
6.91962	-0.00312669
6.91987	-0.00891774
6.92011	-0.0094327
6.92036	-0.00523863
6.9206	-0.00439587
6.92085	-0.00760213
6.92109	-0.00902706
6.92133	-0.00834453
6.92158	-0.0102922
6.92182	-0.0143811
6.92207	-0.0151126
6.92231	-0.0113513
6.92256	-0.00732054
6.9228	-0.00515663
6.92305	-0.00302367
6.92329	0.000117227
6.92354	0.00263397
6.92378	0.00239719
6.92403	-0.00120565
6.92427	-0.00511884
6.92451	-0.0030153
6.92476	0.0062836
6.925	0.0119932
6.92525	0.00285943
6.92549	-0.0142659
6.92574	-0.0202976
6.92598	-0.0110632
6.92623	-0.0032661
6.92647	-0.00750949
6.92672	-0.0125223
6.92696	-0.00689427
6.9272	0.000317648
6.92745	-0.00359738
6.92769	-0.0114526
6.92794	-0.00843155
6.92818	0.00156514
6.92843	0.00218054
6.92867	-0.00776818
6.92892	-0.012849
6.92916	-0.0064156
6.92941	0.000539148
6.92965	-0.00148694
6.9299	-0.00724005
6.93014	-0.00738581
6.93038	-0.00217077
6.93063	0.000619601
6.93087	-0.00403884
6.93112	-0.0126286
6.93136	-0.0157365
6.93161	-0.00851676
6.93185	0.000580134
6.9321	-0.00158185
6.93234	-0.0129784
6.93259	-0.0160431
6.93283	-0.00325751
6.93308	0.00955246
6.93332	0.00601943
6.93356	-0.00687722
6.93381	-0.0117641
6.93405	-0.00734337
6.9343	-0.00519373
6.93454	-0.00758545
6.93479	-0.00634396
6.93503	-5.54629e-05
6.93528	0.0041767
6.93552	0.00441021
6.93577	0.00516563
6.93601	0.00682628
6.93626	0.00619698
6.9365	0.00477977
6.93674	0.00499078
6.93699	0.00289644
6.93723	-0.00350062
6.93748	-0.00575267
6.93772	0.00144858
6.93797	0.00651903
6.93821	-0.00238178
6.93846	-0.0152655
6.9387	-0.0148408
6.93895	-0.00594091
6.93919	-0.00709706
6.93943	-0.0172031
6.93968	-0.0166611
6.93992	-0.00190207
6.94017	0.0077101
6.94041	0.0019285
6.94066	-0.00627133
6.9409	-0.00591417
6.94115	-0.00425166
6.94139	-0.00825536
6.94164	-0.0107891
6.94188	-0.00642827
6.94213	-0.00288609
6.94237	-0.00545842
6.94261	-0.00647683
6.94286	-0.00110582
6.9431	0.00207255
6.94335	-0.00278769
6.94359	-0.00708266
6.94384	-0.00339619
6.94408	0.00162618
6.94433	0.00143817
6.94457	0.00208633
6.94482	0.00793646
6.94506	0.00901284
6.94531	-0.00278741
6.94555	-0.016709
6.94579	-0.0176451
6.94604	-0.00797045
6.94628	-0.000163179
6.94653	0.0033356
6.94677	0.00721112
6.94702	0.00775588
6.94726	-0.00241454
6.94751	-0.017505
6.94775	-0.0224646
6.948	-0.013791
6.94824	-0.00349248
6.94849	-0.00135057
6.94873	-0.00423721
6.94897	-0.00499072
6.94922	-0.00267705
6.94946	-0.000591968
6.94971	-0.000185716
6.94995	-0.000605335
6.9502	-0.00144879
6.95044	-0.00345884
6.95069	-0.00665027
6.95093	-0.00852106
6.95118	-0.00614446
6.95142	-0.00158964
6.95166	-0.00178312
6.95191	-0.00859446
6.95215	-0.0131623
6.9524	-0.0074367
6.95264	0.00243842
6.95289	0.00442635
6.95313	-0.000579023
6.95338	-0.00116855
6.95362	0.00405457
6.95387	0.00357116
6.95411	-0.00652348
6.95436	-0.0143599
6.9546	-0.0107914
6.95484	-0.00259948
6.95509	1.73069e-05
6.95533	-0.00289035
6.95558	-0.00713789
6.95582	-0.0123964
6.95607	-0.0163208
6.95631	-0.0123687
6.95656	-0.00181891
6.9568	0.00346381
6.95705	-0.0011097
6.95729	-0.00420443
6.95754	0.00251335
6.95778	0.00935032
6.95802	0.00462819
6.95827	-0.00571792
6.95851	-0.008694
6.95876	-0.00494169
6.959	-0.0039312
6.95925	-0.00594839
6.95949	-0.00440711
6.95974	-0.000927341
6.95998	-0.00272348
6.96023	-0.00785664
6.96047	-0.00734825
6.96072	-0.00075873
6.96096	0.00301877
6.9612	0.00025406
6.96145	-0.00344892
6.96169	-0.0036586
6.96194	-0.00231743
6.96218	-0.00209762
6.96243	-0.00312879
6.96267	-0.00494293
6.96292	-0.00595287
6.96316	-0.00356028
6.96341	-0.000150519
6.96365	-0.00368426
6.96389	-0.0149644
6.96414	-0.0206001
6.96438	-0.00890279
6.96463	0.0119137
6.96487	0.0226668
6.96512	0.0173379
6.96536	0.00698796
6.96561	0.00147
6.96585	-0.000889863
6.9661	-0.00447936
6.96634	-0.00762833
6.96659	-0.00599713
6.96683	0.00102605
6.96707	0.00901187
6.96732	0.0107044
6.96756	0.00174244
6.96781	-0.0122616
6.96805	-0.0186372
6.9683	-0.0123837
6.96854	-0.00267558
6.96879	0.000689108
6.96903	0.000200862
6.96928	0.00249463
6.96952	0.00524795
6.96977	0.00267897
6.97001	-0.0024801
6.97025	-0.00426815
6.9705	-0.00511666
6.97074	-0.00940534
6.97099	-0.0105925
6.97123	0.000130433
6.97148	0.0151424
6.97172	0.0167745
6.97197	0.00312769
6.97221	-0.00807848
6.97246	-0.00489003
6.9727	0.0036185
6.97295	0.00311281
6.97319	-0.00636346
6.97343	-0.0135295
6.97368	-0.0111308
6.97392	-0.00223859
6.97417	0.0041878
6.97441	0.00147563
6.97466	-0.00706096
6.9749	-0.00941404
6.97515	0.000251447
6.97539	0.0108033
6.97564	0.00751425
6.97588	-0.00599953
6.97612	-0.0116693
6.97637	-0.00337129
6.97661	0.00458676
6.97686	4.94276e-05
6.9771	-0.00903996
6.97735	-0.00788073
6.97759	0.00334204
6.97784	0.010941
6.97808	0.00634263
6.97833	-0.00510717
6.97857	-0.011961
6.97882	-0.00778587
6.97906	0.00407219
6.9793	0.0134592
6.97955	0.0127887
6.97979	0.005067
6.98004	-8.65586e-05
6.98028	0.00105186
6.98053	0.00244928
6.98077	-0.00150093
6.98102	-0.00732832
6.98126	-0.00763028
6.98151	-0.00129829
6.98175	0.00520017
6.982	0.00527989
6.98224	-0.00126662
6.98248	-0.00841905
6.98273	-0.00983299
6.98297	-0.00517315
6.98322	0.000167569
6.98346	0.00213279
6.98371	0.001746
6.98395	6.15358e-05
6.9842	-0.00552832
6.98444	-0.0149566
6.98469	-0.0201842
6.98493	-0.0139289
6.98518	-0.00133973
6.98542	0.00503676
6.98566	0.0011004
6.98591	-0.00547361
6.98615	-0.00748332
6.9864	-0.00613007
6.98664	-0.00574053
6.98689	-0.00723132
6.98713	-0.00860797
6.98738	-0.00759033
6.98762	-0.00353763
6.98787	-0.000103999
6.98811	-0.0032889
6.98835	-0.0119554
6.9886	-0.0149222
6.98884	-0.00532602
6.98909	0.00664372
6.98933	0.00591292
6.98958	-0.00582254
6.98982	-0.0131843
6.99007	-0.0104737
6.99031	-0.00754881
6.99056	-0.0107297
6.9908	-0.0128304
6.99105	-0.00776891
6.99129	-0.00193863
6.99153	-0.0030139
6.99178	-0.00770748
6.99202	-0.00903542
6.99227	-0.007484
6.99251	-0.006664
6.99276	-0.00489205
6.993	0.000516013
6.99325	0.00584747
6.99349	0.00574039
6.99374	0.0015703
6.99398	-0.00138196
6.99423	-0.00192328
6.99447	-0.00277863
6.99471	-0.00535874
6.99496	-0.00894189
6.9952	-0.0122756
6.99545	-0.0134248
6.99569	-0.01183
6.99594	-0.0117005
6.99618	-0.0172508
6.99643	-0.0231044
6.99667	-0.0180353
6.99692	-0.002104
6.99716	0.00936057
6.99741	0.0054813
6.99765	-0.00488273
6.99789	-0.00618574
6.99814	0.00223086
6.99838	0.00759306
6.99863	0.00272129
6.99887	-0.00643907
6.99912	-0.0111129
6.99936	-0.00922027
6.99961	-0.00423472
6.99985	-0.000521953
7.0001	-0.00062235
7.00034	-0.0036489
7.00059	-0.0063717
7.00083	-0.00731056
7.00107	-0.00751968
7.00132	-0.00655838
7.00156	-0.00252141
7.00181	0.00196667
7.00205	0.00018183
7.0023	-0.00839528
7.00254	-0.0146422
7.00279	-0.0119237
7.00303	-0.00561174
7.00328	-0.00431708
7.00352	-0.00734816
7.00376	-0.00821439
7.00401	-0.00582668
7.00425	-0.00409136
7.0045	-0.00366935
7.00474	-0.00212176
7.00499	-0.000192567
7.00523	-0.00078337
7.00548	-0.00316804
7.00572	-0.00438236
7.00597	-0.00475253
7.00621	-0.00651091
7.00646	-0.00873962
7.0067	-0.00873726
7.00694	-0.00631167
7.00719	-0.00265586
7.00743	0.00165973
7.00768	0.00383489
7.00792	-0.000525737
7.00817	-0.00908882
7.00841	-0.0120667
7.00866	-0.00643629
7.0089	-0.00276737
7.00915	-0.00867133
7.00939	-0.0142195
7.00964	-0.00700252
7.00988	0.00551433
7.01012	0.00547159
7.01037	-0.00699431
7.01061	-0.0132726
7.01086	-0.00499189
7.0111	0.00501368
7.01135	0.00496754
7.01159	0.000298196
7.01184	-0.000326685
7.01208	-0.000108578
7.01233	-0.00458314
7.01257	-0.00859764
7.01282	-0.00488462
7.01306	0.00211144
7.0133	0.00249082
7.01355	-0.00386345
7.01379	-0.00820192
7.01404	-0.00596968
7.01428	-0.000856463
7.01453	0.00192398
7.01477	0.000121252
7.01502	-0.00551846
7.01526	-0.010872
7.01551	-0.0109034
7.01575	-0.00616681
7.01599	-0.0029228
7.01624	-0.00378724
7.01648	-0.00396654
7.01673	-0.000400717
7.01697	0.00241752
7.01722	0.000619949
7.01746	-0.00260361
7.01771	-0.00453168
7.01795	-0.00837609
7.0182	-0.0138793
7.01844	-0.0118396
7.01869	0.00162028
7.01893	0.0138907
7.01917	0.0117521
7.01942	0.00149145
7.01966	-0.0012551
7.01991	0.00387923
7.02015	0.0042884
7.0204	-0.00181489
7.02064	-0.00275031
7.02089	0.00444677
7.02113	0.007871
7.02138	0.00144499
7.02162	-0.00543617
7.02187	-0.00570326
7.02211	-0.00575065
7.02235	-0.0100994
7.0226	-0.0107118
7.02284	-0.00306622
7.02309	0.00152864
7.02333	-0.00620432
7.02358	-0.0155913
7.02382	-0.0121196
7.02407	-0.00160965
7.02431	-0.000345173
7.02456	-0.00817474
7.0248	-0.0109487
7.02505	-0.00588936
7.02529	-0.00390494
7.02553	-0.00682047
7.02578	-0.0034593
7.02602	0.00733977
7.02627	0.0101199
7.02651	-0.00213578
7.02676	-0.0142437
7.027	-0.0120651
7.02725	-0.00448474
7.02749	-0.007382
7.02774	-0.0172664
7.02798	-0.0181926
7.02822	-0.00824413
7.02847	-0.00124729
7.02871	-0.00375808
7.02896	-0.00681719
7.0292	-0.00302667
7.02945	0.00207199
7.02969	0.000918012
7.02994	-0.00433421
7.03018	-0.00752836
7.03043	-0.0085827
7.03067	-0.0110448
7.03092	-0.0140614
7.03116	-0.0130238
7.0314	-0.00664679
7.03165	0.000659808
7.03189	0.00313459
7.03214	-0.00109475
7.03238	-0.00804718
7.03263	-0.0109698
7.03287	-0.00732604
7.03312	-0.00211781
7.03336	-0.00135781
7.03361	-0.00368416
7.03385	-0.00352727
7.0341	-0.00156676
7.03434	-0.00432459
7.03458	-0.0115979
7.03483	-0.0131549
7.03507	-0.00367261
7.03532	0.00625813
7.03556	0.0027937
7.03581	-0.0113688
7.03605	-0.0193635
7.0363	-0.0117821
7.03654	0.00264411
7.03679	0.00945848
7.03703	0.00434997
7.03728	-0.00602311
7.03752	-0.0129036
7.03776	-0.011695
7.03801	-0.00427019
7.03825	0.00136815
7.0385	-0.00221268
7.03874	-0.0122941
7.03899	-0.0173756
7.03923	-0.011565
7.03948	-0.0026518
7.03972	-0.000981944
7.03997	-0.00543442
7.04021	-0.00748463
7.04045	-0.00526156
7.0407	-0.00457764
7.04094	-0.00742414
7.04119	-0.00881591
7.04143	-0.00599972
7.04168	-0.00234845
7.04192	-0.000443122
7.04217	0.00045885
7.04241	-0.00177757
7.04266	-0.01119
7.0429	-0.0227316
7.04315	-0.0228033
7.04339	-0.00799546
7.04363	0.00597131
7.04388	0.00374102
7.04412	-0.00853033
7.04437	-0.012701
7.04461	-0.00402214
7.04486	0.00556398
7.0451	0.00674334
7.04535	0.00238102
7.04559	-0.00220726
7.04584	-0.00604944
7.04608	-0.00744016
7.04633	-0.00328234
7.04657	0.00310485
7.04681	0.0032813
7.04706	-0.00370516
7.0473	-0.00917986
7.04755	-0.00845216
7.04779	-0.006586
7.04804	-0.00674709
7.04828	-0.00402598
7.04853	0.00289581
7.04877	0.00518269
7.04902	-0.00196961
7.04926	-0.00835989
7.04951	-0.00324587
7.04975	0.00669631
7.04999	0.00661102
7.05024	-0.00391696
7.05048	-0.0107462
7.05073	-0.00637321
7.05097	0.00103857
7.05122	0.00136826
7.05146	-0.00459683
7.05171	-0.00902302
7.05195	-0.00704288
7.0522	-0.000567701
7.05244	0.0035629
7.05268	-0.000702783
7.05293	-0.0105988
7.05317	-0.0147062
7.05342	-0.00721537
7.05366	0.0015441
7.05391	-0.00194283
7.05415	-0.0132042
7.0544	-0.0138407
7.05464	0.00162439
7.05489	0.0159091
7.05513	0.0123275
7.05538	-0.00250632
7.05562	-0.00895163
7.05586	-0.000791347
7.05611	0.00949308
7.05635	0.00979775
7.0566	0.00252562
7.05684	-0.00250926
7.05709	-0.00192028
7.05733	-0.000606463
7.05758	-0.00300088
7.05782	-0.00747245
7.05807	-0.00990696
7.05831	-0.00952726
7.05856	-0.00871809
7.0588	-0.0083141
7.05904	-0.00631843
7.05929	-0.00206367
7.05953	0.00128295
7.05978	0.000476965
7.06002	-0.00335111
7.06027	-0.00609574
7.06051	-0.00525737
7.06076	-0.00161543
7.061	0.00192568
7.06125	0.00181666
7.06149	-0.00330093
7.06174	-0.00941685
7.06198	-0.00984088
7.06222	-0.00351129
7.06247	0.0026097
7.06271	0.00228639
7.06296	-0.00258221
7.0632	-0.00672038
7.06345	-0.00909519
7.06369	-0.01077
7.06394	-0.00965595
7.06418	-0.00422504
7.06443	0.000760289
7.06467	-0.00027904
7.06491	-0.00464071
7.06516	-0.00526662
7.0654	-0.00207018
7.06565	-0.00128636
7.06589	-0.00457611
7.06614	-0.00726566
7.06638	-0.00715818
7.06663	-0.0063351
7.06687	-0.00402836
7.06712	0.00266569
7.06736	0.00965601
7.06761	0.00769576
7.06785	-0.00362477
7.06809	-0.0134673
7.06834	-0.0151297
7.06858	-0.0137477
7.06883	-0.0136946
7.06907	-0.00951351
7.06932	0.00222449
7.06956	0.0120598
7.06981	0.0101871
7.07005	0.00287374
7.0703	0.00335202
7.07054	0.0103388
7.07079	0.00975431
7.07103	-0.00223974
7.07127	-0.01196
7.07152	-0.00824459
7.07176	0.00183677
7.07201	0.00477163
7.07225	-0.000349178
7.0725	-0.00410633
7.07274	-0.00328113
7.07299	-0.00417952
7.07323	-0.00934143
7.07348	-0.0110365
7.07372	-0.00291343
7.07397	0.00850435
7.07421	0.0110989
7.07445	0.00313955
7.0747	-0.00524684
7.07494	-0.00624587
7.07519	-0.00281586
7.07543	-0.00115681
7.07568	-0.0017068
7.07592	-0.00193721
7.07617	-0.00244513
7.07641	-0.00430479
7.07666	-0.0043629
7.0769	9.29519e-05
7.07715	0.00455945
7.07739	0.00247777
7.07763	-0.00393272
7.07788	-0.00542933
7.07812	0.000965074
7.07837	0.00720659
7.07861	0.00491504
7.07886	-0.00427768
7.0791	-0.0115314
7.07935	-0.0105169
7.07959	-0.00279488
7.07984	0.00394824
7.08008	0.00271768
7.08032	-0.00534889
7.08057	-0.0113375
7.08081	-0.00904772
7.08106	-0.00261368
7.0813	0.000298379
7.08155	-0.000897572
7.08179	-0.00211636
7.08204	-0.00367452
7.08228	-0.00796494
7.08253	-0.0105116
7.08277	-0.00427758
7.08302	0.0069227
7.08326	0.0105287
7.0835	0.00299196
7.08375	-0.0051954
7.08399	-0.00563195
7.08424	-0.00278616
7.08448	-0.00382683
7.08473	-0.00733039
7.08497	-0.00828143
7.08522	-0.00651334
7.08546	-0.00442055
7.08571	-0.00303343
7.08595	-0.00465027
7.0862	-0.0115985
7.08644	-0.0186482
7.08668	-0.0162762
7.08693	-0.00622321
7.08717	-0.00249306
7.08742	-0.010228
7.08766	-0.0161127
7.08791	-0.00957332
7.08815	-0.000905373
7.0884	-0.00459163
7.08864	-0.015009
7.08889	-0.0154091
7.08913	-0.00430397
7.08938	0.00445613
7.08962	0.00420423
7.08986	0.000901704
7.09011	-0.00217148
7.09035	-0.00794513
7.0906	-0.0131728
7.09084	-0.00941476
7.09109	0.00070396
7.09133	0.00395901
7.09158	-0.00262831
7.09182	-0.00683909
7.09207	-0.00263195
7.09231	-0.000533705
7.09255	-0.008064
7.0928	-0.0148727
7.09304	-0.00973702
7.09329	-0.000250162
7.09353	-0.000782806
7.09378	-0.00920661
7.09402	-0.0114065
7.09427	-0.00441632
7.09451	0.000848332
7.09476	-0.00105906
7.095	-0.0030782
7.09525	-0.000266641
7.09549	0.00198149
7.09573	-0.000608127
7.09598	-0.00285956
7.09622	-0.000453454
7.09647	0.000467953
7.09671	-0.00707678
7.09696	-0.0179279
7.0972	-0.0213753
7.09745	-0.0172487
7.09769	-0.0149384
7.09794	-0.0169535
7.09818	-0.0144535
7.09843	-0.00262692
7.09867	0.00877026
7.09891	0.00719938
7.09916	-0.00578433
7.0994	-0.0167646
7.09965	-0.0168828
7.09989	-0.00945882
7.10014	-0.00267415
7.10038	-0.000955318
7.10063	-0.00367859
7.10087	-0.00723742
7.10112	-0.00780423
7.10136	-0.00560481
7.10161	-0.00553975
7.10185	-0.00968061
7.10209	-0.0118503
7.10234	-0.00609362
7.10258	0.00175773
7.10283	1.17413e-05
7.10307	-0.0114984
7.10332	-0.0199825
7.10356	-0.0177381
7.10381	-0.011219
7.10405	-0.00795977
7.1043	-0.00531414
7.10454	0.000619304
7.10478	0.00471638
7.10503	0.00146123
7.10527	-0.0033705
7.10552	-0.000729567
7.10576	0.00678803
7.10601	0.00900428
7.10625	0.00388414
7.1065	-0.00178634
7.10674	-0.00519243
7.10699	-0.0093387
7.10723	-0.0128121
7.10748	-0.00999178
7.10772	-0.00339445
7.10796	-0.00382304
7.10821	-0.0136361
7.10845	-0.0205144
7.1087	-0.0148106
7.10894	-0.00439775
7.10919	-0.00316143
7.10943	-0.0105865
7.10968	-0.013605
7.10992	-0.00715576
7.11017	-0.00179434
7.11041	-0.0071186
7.11066	-0.0160321
7.1109	-0.0137464
7.11114	0.000521407
7.11139	0.0103765
7.11163	0.0035511
7.11188	-0.0114138
7.11212	-0.0166734
7.11237	-0.0083827
7.11261	0.000937425
7.11286	0.00167928
7.1131	-0.00203278
7.11335	-0.00294412
7.11359	-0.00155579
7.11384	-0.00115757
7.11408	-0.000765937
7.11432	0.000349641
7.11457	-0.00165245
7.11481	-0.00806616
7.11506	-0.0128105
7.1153	-0.0114983
7.11555	-0.0083441
7.11579	-0.00693009
7.11604	-0.00257535
7.11628	0.00682996
7.11653	0.0115342
7.11677	0.00385614
7.11701	-0.00668216
7.11726	-0.00709827
7.1175	-0.00288766
7.11775	-0.00818124
7.11799	-0.018419
7.11824	-0.0144095
7.11848	0.00524125
7.11873	0.0176254
7.11897	0.00831386
7.11922	-0.00826883
7.11946	-0.0113977
7.11971	-0.00162382
7.11995	0.00584415
7.12019	0.00354496
7.12044	-0.00396684
7.12068	-0.00969583
7.12093	-0.00853188
7.12117	0.00064513
7.12142	0.0100316
7.12166	0.00835753
7.12191	-0.00285413
7.12215	-0.00891903
7.1224	-0.00391701
7.12264	0.000168077
7.12289	-0.00543129
7.12313	-0.0111461
7.12337	-0.00747664
7.12362	-0.0033014
7.12386	-0.00889
7.12411	-0.0139186
7.12435	-0.00359203
7.1246	0.0128088
7.12484	0.0132594
7.12509	-0.00198993
7.12533	-0.011118
7.12558	-0.00549949
7.12582	0.000886886
7.12607	-0.000392147
7.12631	0.000401736
7.12655	0.00790955
7.1268	0.00914372
7.12704	-0.00323319
7.12729	-0.0146683
7.12753	-0.0107934
7.12778	5.71344e-05
7.12802	0.00239771
7.12827	-0.00163573
7.12851	-0.000401832
7.12876	0.00476021
7.129	0.00367875
7.12924	-0.00261777
7.12949	-0.00391637
7.12973	0.00080369
7.12998	0.0034897
7.13022	0.00309581
7.13047	0.00562658
7.13071	0.00934735
7.13096	0.00591406
7.1312	-0.00319022
7.13145	-0.00674024
7.13169	-0.00209057
7.13194	0.00155385
7.13218	0.000706246
7.13242	0.00278578
7.13267	0.00920088
7.13291	0.00927975
7.13316	-0.0012274
7.1334	-0.0103054
7.13365	-0.00825738
7.13389	-0.00305491
7.13414	-0.00554619
7.13438	-0.0109554
7.13463	-0.00882875
7.13487	-0.00211747
7.13512	-0.0010854
7.13536	-0.00445424
7.1356	-0.0023648
7.13585	0.00518768
7.13609	0.00810608
7.13634	0.00350046
7.13658	-0.000815436
7.13683	-0.000891392
7.13707	-0.00189988
7.13732	-0.00698955
7.13756	-0.0123751
7.13781	-0.0156668
7.13805	-0.0184083
7.1383	-0.0183017
7.13854	-0.00995496
7.13878	0.00355651
7.13903	0.0104764
7.13927	0.00577495
7.13952	-0.00237299
7.13976	-0.00485146
7.14001	-0.00129949
7.14025	0.00497826
7.1405	0.0113797
7.14074	0.0121544
7.14099	0.00186239
7.14123	-0.0125361
7.14147	-0.0150693
7.14172	-0.00259135
7.14196	0.00856449
7.14221	0.00527457
7.14245	-0.00516446
7.1427	-0.00966693
7.14294	-0.00874301
7.14319	-0.00922683
7.14343	-0.00894658
7.14368	-0.00331748
7.14392	0.00155495
7.14417	-0.00173942
7.14441	-0.00607411
7.14465	5.17196e-05
7.1449	0.0112804
7.14514	0.0121236
7.14539	0.00259549
7.14563	-0.00152252
7.14588	0.00482432
7.14612	0.00791231
7.14637	-0.00100143
7.14661	-0.0105532
7.14686	-0.00714366
7.1471	0.00438705
7.14735	0.00861308
7.14759	0.000689766
7.14783	-0.00980048
7.14808	-0.0124156
7.14832	-0.0063287
7.14857	0.00123183
7.14881	0.00319554
7.14906	-0.000260448
7.1493	-0.0028607
7.14955	-0.00177361
7.14979	-0.00234544
7.15004	-0.00863012
7.15028	-0.0142384
7.15053	-0.0111041
7.15077	-0.00333357
7.15101	-0.00137438
7.15126	-0.00510703
7.1515	-0.0054818
7.15175	-0.00181844
7.15199	-0.00293453
7.15224	-0.00989288
7.15248	-0.0129423
7.15273	-0.0090012
7.15297	-0.00651711
7.15322	-0.00782635
7.15346	-0.00345219
7.1537	0.00778569
7.15395	0.0102688
7.15419	-0.00410365
7.15444	-0.0184585
7.15468	-0.0142881
7.15493	-0.000222119
7.15517	0.00173322
7.15542	-0.00907714
7.15566	-0.0121152
7.15591	0.00142139
7.15615	0.0160265
7.1564	0.0159256
7.15664	0.00536988
7.15688	-0.0018117
7.15713	-0.00105706
7.15737	0.00220155
7.15762	0.0030351
7.15786	0.00122211
7.15811	-0.0012343
7.15835	-0.0023034
7.1586	-0.00146197
7.15884	-0.000313659
7.15909	0.00019639
7.15933	0.00191285
7.15958	0.00537971
7.15982	0.00612964
7.16006	0.000428245
7.16031	-0.00728531
7.16055	-0.00913297
7.1608	-0.00470963
7.16104	-0.000567717
7.16129	0.000273142
7.16153	0.000941558
7.16178	0.00310892
7.16202	0.00445764
7.16227	0.00450762
7.16251	0.00548487
7.16276	0.00610709
7.163	0.00191636
7.16324	-0.00620644
7.16349	-0.0110409
7.16373	-0.00894896
7.16398	-0.00394172
7.16422	0.00045672
7.16447	0.00581991
7.16471	0.0118937
7.16496	0.013052
7.1652	0.00719577
7.16545	0.00160244
7.16569	0.0035225
7.16594	0.00998847
7.16618	0.0132092
7.16642	0.011475
7.16667	0.00812701
7.16691	0.00392583
7.16716	-0.00187918
7.1674	-0.00567977
7.16765	-0.0028028
7.16789	0.00427868
7.16814	0.00828728
7.16838	0.00737837
7.16863	0.00635409
7.16887	0.00782205
7.16911	0.00915133
7.16936	0.00876546
7.1696	0.00831112
7.16985	0.00718228
7.17009	0.0023548
7.17034	-0.00363058
7.17058	-0.00227137
7.17083	0.00852337
7.17107	0.0182869
7.17132	0.0167427
7.17156	0.00803758
7.17181	0.00489261
7.17205	0.0111897
7.17229	0.01784
7.17254	0.0158564
7.17278	0.00733772
7.17303	0.00198062
7.17327	0.00631329
7.17352	0.0174642
7.17376	0.0256517
7.17401	0.0233152
7.17425	0.013178
7.1745	0.00518194
7.17474	0.00417119
7.17499	0.00518687
7.17523	0.00393108
7.17547	0.00503241
7.17572	0.0129064
7.17596	0.0208458
7.17621	0.0199458
7.17645	0.0148301
7.1767	0.0172079
7.17694	0.024954
7.17719	0.0228681
7.17743	0.00748759
7.17768	-0.0042675
7.17792	0.00103858
7.17817	0.01386
7.17841	0.0166985
7.17865	0.00861121
7.1789	0.00255306
7.17914	0.00498464
7.17939	0.0104986
7.17963	0.0132502
7.17988	0.012938
7.18012	0.0110914
7.18037	0.00985279
7.18061	0.0125912
7.18086	0.0188885
7.1811	0.0220623
7.18134	0.0183114
7.18159	0.0138211
7.18183	0.0153925
7.18208	0.0193027
7.18232	0.0181553
7.18257	0.0133493
7.18281	0.0109309
7.18306	0.0105164
7.1833	0.009387
7.18355	0.0120515
7.18379	0.0226256
7.18404	0.0322741
7.18428	0.0290602
7.18452	0.0176191
7.18477	0.0135359
7.18501	0.0196502
7.18526	0.024288
7.1855	0.0229416
7.18575	0.0239797
7.18599	0.030256
7.18624	0.0328729
7.18648	0.0283659
7.18673	0.0254802
7.18697	0.0283202
7.18722	0.0286007
7.18746	0.022326
7.1877	0.0188611
7.18795	0.0243146
7.18819	0.0302065
7.18844	0.0287059
7.18868	0.0257147
7.18893	0.0279609
7.18917	0.0297949
7.18942	0.0247941
7.18966	0.019082
7.18991	0.0205921
7.19015	0.0250304
7.1904	0.0246258
7.19064	0.0213824
7.19088	0.0200069
7.19113	0.0175199
7.19137	0.0117807
7.19162	0.00970117
7.19186	0.0140935
7.19211	0.014017
7.19235	0.00330066
7.1926	-0.00346333
7.19284	0.00799324
7.19309	0.0253849
7.19333	0.0266685
7.19357	0.0147991
7.19382	0.0109196
7.19406	0.01761
7.19431	0.0166557
7.19455	0.00431881
7.1948	5.14622e-05
7.19504	0.0120218
7.19529	0.0204185
7.19553	0.00932255
7.19578	-0.00628831
7.19602	-0.00328711
7.19627	0.015481
7.19651	0.0289069
7.19675	0.0290589
7.197	0.025936
7.19724	0.0265064
7.19749	0.0271403
7.19773	0.0260445
7.19798	0.0277457
7.19822	0.032728
7.19847	0.0344723
7.19871	0.030611
7.19896	0.0278826
7.1992	0.0314983
7.19945	0.0365414
7.19969	0.035201
7.19993	0.0278872
7.20018	0.021697
7.20042	0.020377
7.20067	0.0212447
7.20091	0.0212212
7.20116	0.0204439
7.2014	0.0188292
7.20165	0.0145109
7.20189	0.00877975
7.20214	0.00738356
7.20238	0.0116111
7.20263	0.0129896
7.20287	0.00511401
7.20311	-0.00294825
7.20336	0.00294493
7.2036	0.0186281
7.20385	0.0234018
7.20409	0.00990826
7.20434	-0.00300141
7.20458	0.00261191
7.20483	0.0172946
7.20507	0.0196466
7.20532	0.00841081
7.20556	0.00128824
7.2058	0.00661544
7.20605	0.0145928
7.20629	0.0163295
7.20654	0.014799
7.20678	0.0143578
7.20703	0.0138103
7.20727	0.0132514
7.20752	0.0151867
7.20776	0.0161044
7.20801	0.00956683
7.20825	0.000257466
7.2085	0.0011158
7.20874	0.0126508
7.20898	0.0198449
7.20923	0.0155052
7.20947	0.0115302
7.20972	0.0181839
7.20996	0.0267066
7.21021	0.0245532
7.21045	0.0158751
7.2107	0.0128692
7.21094	0.0158917
7.21119	0.0168731
7.21143	0.0159655
7.21168	0.0196335
7.21192	0.0258811
7.21216	0.0259851
7.21241	0.0196902
7.21265	0.0153891
7.2129	0.0151254
7.21314	0.0119954
7.21339	0.00391332
7.21363	-0.00191663
7.21388	-0.00125863
7.21412	0.00102393
7.21437	0.00104878
7.21461	0.00245061
7.21486	0.00768815
7.2151	0.0113575
7.21534	0.00862218
7.21559	0.0036141
7.21583	0.00252297
7.21608	0.00373671
7.21632	0.00238432
7.21657	0.000546666
7.21681	0.00411389
7.21706	0.0110938
7.2173	0.0122605
7.21755	0.00502527
7.21779	-0.00130823
7.21803	0.00192269
7.21828	0.0110032
7.21852	0.015997
7.21877	0.0145466
7.21901	0.0130845
7.21926	0.0162023
7.2195	0.0216602
7.21975	0.0263969
7.21999	0.031031
7.22024	0.0359103
7.22048	0.0379391
7.22073	0.035077
7.22097	0.0304389
7.22121	0.0283132
7.22146	0.0289607
7.2217	0.0306549
7.22195	0.0336504
7.22219	0.0379882
7.22244	0.0402513
7.22268	0.0375822
7.22293	0.0331093
7.22317	0.0323289
7.22342	0.0353221
7.22366	0.0376717
7.22391	0.0380376
7.22415	0.0390258
7.22439	0.0404376
7.22464	0.037699
7.22488	0.0289344
7.22513	0.0191473
7.22537	0.0148732
7.22562	0.0172154
7.22586	0.0214834
7.22611	0.0218755
7.22635	0.0164782
7.2266	0.00961433
7.22684	0.00823661
7.22709	0.0135215
7.22733	0.0179701
7.22757	0.0145264
7.22782	0.00619713
7.22806	0.00147346
7.22831	0.00226185
7.22855	0.00300699
7.2288	0.000954326
7.22904	-0.000292517
7.22929	0.00165472
7.22953	0.00409344
7.22978	0.00504951
7.23002	0.00645728
7.23026	0.00883518
7.23051	0.00887415
7.23075	0.00563222
7.231	0.00375453
7.23124	0.00670409
7.23149	0.0112916
7.23173	0.012856
7.23198	0.0122548
7.23222	0.0136888
7.23247	0.0178856
7.23271	0.0206774
7.23296	0.0174924
7.2332	0.00847195
7.23344	0.000589131
7.23369	0.00321554
7.23393	0.0174942
7.23418	0.0315055
7.23442	0.0322577
7.23467	0.0223659
7.23491	0.0174195
7.23516	0.0254927
7.2354	0.0375197
7.23565	0.0413708
7.23589	0.0374331
7.23614	0.0345329
7.23638	0.0366578
7.23662	0.0404049
7.23687	0.0418139
7.23711	0.0398254
7.23736	0.0351519
7.2376	0.0298519
7.23785	0.0261082
7.23809	0.02323
7.23834	0.0190855
7.23858	0.0155984
7.23883	0.0172033
7.23907	0.0217601
7.23932	0.0203422
7.23956	0.01031
7.2398	0.00114466
7.24005	0.0012005
7.24029	0.00570281
7.24054	0.00578602
7.24078	0.00330332
7.24103	0.0065841
7.24127	0.0150059
7.24152	0.0185574
7.24176	0.0125739
7.24201	0.0037945
7.24225	0.000279125
7.2425	0.00232825
7.24274	0.00522275
7.24298	0.00546004
7.24323	0.00249751
7.24347	-0.00151085
7.24372	-0.00255003
7.24396	0.00138123
7.24421	0.00706654
7.24445	0.00978062
7.2447	0.00934792
7.24494	0.0090761
7.24519	0.0100178
7.24543	0.0104894
7.24567	0.0100917
7.24592	0.00952248
7.24616	0.00756013
7.24641	0.00354264
7.24665	0.0020464
7.2469	0.0085137
7.24714	0.0192589
7.24739	0.0225856
7.24763	0.0132085
7.24788	0.000559264
7.24812	-0.00196438
7.24837	0.00669753
7.24861	0.0146411
7.24885	0.0123052
7.2491	0.00402162
7.24934	0.00191521
7.24959	0.010466
7.24983	0.0211827
7.25008	0.0236498
7.25032	0.0179806
7.25057	0.0124186
7.25081	0.011169
7.25106	0.0108642
7.2513	0.00892869
7.25155	0.00813248
7.25179	0.0101391
7.25203	0.011281
7.25228	0.00920113
7.25252	0.0076357
7.25277	0.00893147
7.25301	0.00756433
7.25326	-0.00118865
7.2535	-0.0107916
7.25375	-0.0112908
7.25399	-0.00512853
7.25424	-0.0041197
7.25448	-0.0102879
7.25473	-0.0116632
7.25497	-0.00170822
7.25521	0.00806537
7.25546	0.00392689
7.2557	-0.00893456
7.25595	-0.0128857
7.25619	-0.00306416
7.25644	0.0064802
7.25668	0.00459769
7.25693	-0.000888488
7.25717	0.00274525
7.25742	0.0116937
7.25766	0.0114905
7.2579	0.00142946
7.25815	-0.00230608
7.25839	0.00813039
7.25864	0.0183592
7.25888	0.0128502
7.25913	-0.00155984
7.25937	-0.00691489
7.25962	-0.000983476
7.25986	0.00366878
7.26011	0.0032636
7.26035	0.00659237
7.2606	0.0145026
7.26084	0.0150565
7.26108	0.00495198
7.26133	-0.00207645
7.26157	0.00261381
7.26182	0.00822221
7.26206	0.00389432
7.26231	-0.00224544
7.26255	0.00216936
7.2628	0.0122359
7.26304	0.0152275
7.26329	0.0118748
7.26353	0.0111486
7.26378	0.0115832
7.26402	0.0059914
7.26426	-0.000737195
7.26451	0.00251108
7.26475	0.0125012
7.265	0.0156312
7.26524	0.0108556
7.26549	0.00963954
7.26573	0.0134032
7.26598	0.0113208
7.26622	0.00288185
7.26647	0.00166713
7.26671	0.0108699
7.26696	0.0152589
7.2672	0.00652228
7.26744	-0.0018741
7.26769	0.00330782
7.26793	0.0142362
7.26818	0.0162764
7.26842	0.00984311
7.26867	0.00447507
7.26891	0.00235453
7.26916	0.00143841
7.2694	0.0054155
7.26965	0.0165361
7.26989	0.026112
7.27013	0.0253601
7.27038	0.0192551
7.27062	0.017649
7.27087	0.0197754
7.27111	0.02007
7.27136	0.0217162
7.2716	0.0299009
7.27185	0.0379578
7.27209	0.0359951
7.27234	0.0286889
7.27258	0.0281563
7.27283	0.0324986
7.27307	0.029112
7.27331	0.0182711
7.27356	0.0146491
7.2738	0.0228075
7.27405	0.0292681
7.27429	0.0248362
7.27454	0.0185137
7.27478	0.02064
7.27503	0.0259652
7.27527	0.02413
7.27552	0.0167402
7.27576	0.0129698
7.27601	0.014983
7.27625	0.0176933
7.27649	0.0183785
7.27674	0.0179765
7.27698	0.01605
7.27723	0.0116541
7.27747	0.00720112
7.27772	0.00616553
7.27796	0.00870759
7.27821	0.0126821
7.27845	0.0160597
7.2787	0.0162801
7.27894	0.0119756
7.27919	0.00767194
7.27943	0.0106824
7.27967	0.0200129
7.27992	0.0252444
7.28016	0.0209933
7.28041	0.0151093
7.28065	0.0163716
7.2809	0.0215281
7.28114	0.0228848
7.28139	0.0221543
7.28163	0.0259284
7.28188	0.0314168
7.28212	0.0288617
7.28236	0.0180091
7.28261	0.0110515
7.28285	0.0163244
7.2831	0.0275584
7.28334	0.0334122
7.28359	0.0316222
7.28383	0.0292515
7.28408	0.0324853
7.28432	0.0402176
7.28457	0.046787
7.28481	0.0489006
7.28506	0.049045
7.2853	0.0512903
7.28554	0.0547271
7.28579	0.0550991
7.28603	0.0534553
7.28628	0.0565138
7.28652	0.0648114
7.28677	0.068284
7.28701	0.0611345
7.28726	0.0542644
7.2875	0.0620192
7.28775	0.0807854
7.28799	0.0934216
7.28824	0.0935977
7.28848	0.0922564
7.28872	0.0984383
7.28897	0.107547
7.28921	0.113824
7.28946	0.12227
7.2897	0.140158
7.28995	0.165395
7.29019	0.19144
7.29044	0.21782
7.29068	0.249323
7.29093	0.29026
7.29117	0.344848
7.29142	0.416978
7.29166	0.503262
7.2919	0.590975
7.29215	0.667303
7.29239	0.725739
7.29264	0.76252
7.29288	0.77851
7.29313	0.790426
7.29337	0.82687
7.29362	0.900668
7.29386	0.992383
7.29411	1.07049
7.29435	1.118
7.29459	1.12857
7.29484	1.09183
7.29508	1.00616
7.29533	0.901554
7.29557	0.825308
7.29582	0.799357
7.29606	0.806379
7.29631	0.818737
7.29655	0.823512
7.2968	0.816373
7.29704	0.791564
7.29729	0.749506
7.29753	0.702039
7.29777	0.660792
7.29802	0.629107
7.29826	0.609666
7.29851	0.607631
7.29875	0.620727
7.299	0.63969
7.29924	0.665003
7.29949	0.708155
7.29973	0.767616
7.29998	0.819873
7.30022	0.847121
7.30047	0.859134
7.30071	0.872492
7.30095	0.882293
7.3012	0.874195
7.30144	0.854327
7.30169	0.845121
7.30193	0.856572
7.30218	0.882978
7.30242	0.925665
7.30267	0.996531
7.30291	1.0961
7.30316	1.20688
7.3034	1.3131
7.30365	1.41116
7.30389	1.49794
7.30413	1.56708
7.30438	1.62387
7.30462	1.68832
7.30487	1.77608
7.30511	1.89049
7.30536	2.03882
7.3056	2.23592
7.30585	2.47671
7.30609	2.72005
7.30634	2.91746
7.30658	3.0484
7.30682	3.11086
7.30707	3.09002
7.30731	2.96431
7.30756	2.74531
7.3078	2.48855
7.30805	2.25367
7.30829	2.06559
7.30854	1.92047
7.30878	1.81341
7.30903	1.74511
7.30927	1.70985
7.30952	1.69433
7.30976	1.69057
7.31	1.7005
7.31025	1.7282
7.31049	1.77736
7.31074	1.8576
7.31098	1.98065
7.31123	2.14132
7.31147	2.30826
7.31172	2.44275
7.31196	2.52576
7.31221	2.56168
7.31245	2.5594
7.3127	2.51908
7.31294	2.43798
7.31318	2.32175
7.31343	2.18656
7.31367	2.0536
7.31392	1.94231
7.31416	1.86446
7.31441	1.82324
7.31465	1.81962
7.3149	1.85682
7.31514	1.93476
7.31539	2.04634
7.31563	2.18813
7.31588	2.36945
7.31612	2.5972
7.31636	2.85326
7.31661	3.10197
7.31685	3.31992
7.3171	3.50283
7.31734	3.64656
7.31759	3.74941
7.31783	3.84111
7.31808	3.9773
7.31832	4.18161
7.31857	4.41368
7.31881	4.61707
7.31906	4.7766
7.3193	4.89858
7.31954	4.95866
7.31979	4.91895
7.32003	4.79503
7.32028	4.65825
7.32052	4.55729
7.32077	4.47198
7.32101	4.35922
7.32126	4.21079
7.3215	4.04522
7.32175	3.87208
7.32199	3.69378
7.32223	3.52591
7.32248	3.38954
7.32272	3.29133
7.32297	3.22866
7.32321	3.20243
7.32346	3.20688
7.3237	3.21841
7.32395	3.21576
7.32419	3.20664
7.32444	3.2184
7.32468	3.26619
7.32493	3.34081
7.32517	3.41974
7.32541	3.479
7.32566	3.5046
7.3259	3.50473
7.32615	3.5009
7.32639	3.49538
7.32664	3.461
7.32688	3.37671
7.32713	3.25773
7.32737	3.13332
7.32762	3.01205
7.32786	2.89253
7.32811	2.7937
7.32835	2.74534
7.32859	2.75631
7.32884	2.82033
7.32908	2.94833
7.32933	3.16608
7.32957	3.48062
7.32982	3.87516
7.33006	4.3354
7.33031	4.85086
7.33055	5.38733
7.3308	5.88775
7.33104	6.30882
7.33129	6.63232
7.33153	6.83533
7.33177	6.88104
7.33202	6.75622
7.33226	6.49683
7.33251	6.16053
7.33275	5.7893
7.333	5.40908
7.33324	5.04545
7.33349	4.72159
7.33373	4.45061
7.33398	4.23772
7.33422	4.07603
7.33446	3.93453
7.33471	3.77141
7.33495	3.57236
7.3352	3.36003
7.33544	3.15667
7.33569	2.95828
7.33593	2.75838
7.33618	2.57429
7.33642	2.42839
7.33667	2.31956
7.33691	2.2335
7.33716	2.16779
7.3374	2.12615
7.33764	2.09937
7.33789	2.07258
7.33813	2.04248
7.33838	2.00921
7.33862	1.96092
7.33887	1.88603
7.33911	1.79185
7.33936	1.69204
7.3396	1.58434
7.33985	1.46093
7.34009	1.33256
7.34034	1.21988
7.34058	1.12595
7.34082	1.03904
7.34107	0.958571
7.34131	0.896925
7.34156	0.858719
7.3418	0.839438
7.34205	0.84099
7.34229	0.865151
7.34254	0.893413
7.34278	0.899607
7.34303	0.886248
7.34327	0.883891
7.34352	0.907664
7.34376	0.93731
7.344	0.950468
7.34425	0.956065
7.34449	0.982146
7.34474	1.04564
7.34498	1.14658
7.34523	1.28089
7.34547	1.4469
7.34572	1.64427
7.34596	1.87129
7.34621	2.1177
7.34645	2.36325
7.34669	2.59844
7.34694	2.84592
7.34718	3.13813
7.34743	3.46381
7.34767	3.75847
7.34792	3.96952
7.34816	4.12219
7.34841	4.29848
7.34865	4.54371
7.3489	4.80019
7.34914	4.93932
7.34939	4.86627
7.34963	4.6014
7.34987	4.25775
7.35012	3.93185
7.35036	3.62065
7.35061	3.25655
7.35085	2.81428
7.3511	2.3577
7.35134	1.97895
7.35159	1.72052
7.35183	1.57111
7.35208	1.50951
7.35232	1.52036
7.35257	1.57585
7.35281	1.6349
7.35305	1.67095
7.3533	1.68661
7.35354	1.69424
7.35379	1.69303
7.35403	1.67262
7.35428	1.63213
7.35452	1.58548
7.35477	1.54747
7.35501	1.5234
7.35526	1.51913
7.3555	1.55481
7.35575	1.65185
7.35599	1.80132
7.35623	1.96368
7.35648	2.11613
7.35672	2.28521
7.35697	2.50826
7.35721	2.77068
7.35746	3.01274
7.3577	3.20109
7.35795	3.36294
7.35819	3.53865
7.35844	3.72782
7.35868	3.89838
7.35892	4.02622
7.35917	4.10736
7.35941	4.15143
7.35966	4.18606
7.3599	4.25408
7.36015	4.3816
7.36039	4.54958
7.36064	4.70539
7.36088	4.79435
7.36113	4.78076
7.36137	4.6675
7.36162	4.51356
7.36186	4.40354
7.3621	4.36572
7.36235	4.3323
7.36259	4.20901
7.36284	3.9758
7.36308	3.69652
7.36333	3.44531
7.36357	3.25367
7.36382	3.11374
7.36406	2.99004
7.36431	2.82922
7.36455	2.59968
7.3648	2.33326
7.36504	2.09937
7.36528	1.93219
7.36553	1.81108
7.36577	1.71373
7.36602	1.64982
7.36626	1.62827
7.36651	1.62685
7.36675	1.61916
7.367	1.60885
7.36724	1.61564
7.36749	1.64481
7.36773	1.68948
7.36798	1.74895
7.36822	1.8292
7.36846	1.93684
7.36871	2.0811
7.36895	2.26349
7.3692	2.45738
7.36944	2.62225
7.36969	2.75127
7.36993	2.87635
7.37018	3.00465
7.37042	3.0802
7.37067	3.04411
7.37091	2.9154
7.37115	2.77382
7.3714	2.66967
7.37164	2.58723
7.37189	2.49818
7.37213	2.41516
7.37238	2.37766
7.37262	2.40533
7.37287	2.47921
7.37311	2.5617
7.37336	2.6327
7.3736	2.71264
7.37385	2.84189
7.37409	3.0212
7.37433	3.18108
7.37458	3.23613
7.37482	3.1718
7.37507	3.05336
7.37531	2.94398
7.37556	2.83898
7.3758	2.69302
7.37605	2.4891
7.37629	2.25957
7.37654	2.05039
7.37678	1.88483
7.37703	1.75827
7.37727	1.65145
7.37751	1.5461
7.37776	1.43672
7.378	1.33037
7.37825	1.23198
7.37849	1.13307
7.37874	1.02094
7.37898	0.896943
7.37923	0.779295
7.37947	0.687261
7.37972	0.627001
7.37996	0.593323
7.38021	0.579582
7.38045	0.581309
7.38069	0.59179
7.38094	0.600139
7.38118	0.597864
7.38143	0.585894
7.38167	0.57139
7.38192	0.558206
7.38216	0.544141
7.38241	0.526591
7.38265	0.505554
7.3829	0.481417
7.38314	0.456743
7.38338	0.441374
7.38363	0.448052
7.38387	0.480339
7.38412	0.531856
7.38436	0.598246
7.38461	0.678749
7.38485	0.763111
7.3851	0.832326
7.38534	0.882131
7.38559	0.931552
7.38583	0.992933
7.38608	1.04403
7.38632	1.04909
7.38656	1.00352
7.38681	0.939425
7.38705	0.886697
7.3873	0.845218
7.38754	0.798358
7.38779	0.739249
7.38803	0.676792
7.38828	0.624407
7.38852	0.588633
7.38877	0.565041
7.38901	0.543957
7.38926	0.522312
7.3895	0.505792
7.38974	0.495534
7.38999	0.48135
7.39023	0.457067
7.39048	0.433417
7.39072	0.422758
7.39097	0.419487
7.39121	0.411834
7.39146	0.405256
7.3917	0.413475
7.39195	0.431157
7.39219	0.439948
7.39244	0.441773
7.39268	0.460171
7.39292	0.503059
7.39317	0.550257
7.39341	0.589065
7.39366	0.637699
7.3939	0.71622
7.39415	0.81406
7.39439	0.907267
7.39464	0.993802
7.39488	1.08929
7.39513	1.19677
7.39537	1.30523
7.39561	1.41924
7.39586	1.57059
7.3961	1.79253
7.39635	2.08861
7.39659	2.42748
7.39684	2.76145
7.39708	3.05004
7.39733	3.27234
7.39757	3.41926
7.39782	3.47574
7.39806	3.41828
7.39831	3.23731
7.39855	2.95968
7.39879	2.64338
7.39904	2.34843
7.39928	2.10875
7.39953	1.92297
7.39977	1.76779
7.40002	1.62455
7.40026	1.49508
7.40051	1.38814
7.40075	1.29444
7.401	1.18815
7.40124	1.05579
7.40149	0.911929
7.40173	0.781159
7.40197	0.675644
7.40222	0.595982
7.40246	0.541426
7.40271	0.508682
7.40295	0.488532
7.4032	0.473763
7.40344	0.466443
7.40369	0.471387
7.40393	0.48725
7.40418	0.508448
7.40442	0.530699
7.40467	0.552481
7.40491	0.57738
7.40515	0.615069
7.4054	0.671136
7.40564	0.737769
7.40589	0.807357
7.40613	0.892962
7.40638	1.01715
7.40662	1.18047
7.40687	1.36302
7.40711	1.56021
7.40736	1.79022
7.4076	2.05719
7.40785	2.33543
7.40809	2.6061
7.40833	2.88262
7.40858	3.18004
7.40882	3.486
7.40907	3.78678
7.40931	4.09654
7.40956	4.42788
7.4098	4.75313
7.41005	5.02911
7.41029	5.24346
7.41054	5.39709
7.41078	5.45328
7.41102	5.35229
7.41127	5.08152
7.41151	4.69404
7.41176	4.25075
7.412	3.77817
7.41225	3.29146
7.41249	2.82442
7.41274	2.41654
7.41298	2.08843
7.41323	1.8394
7.41347	1.65164
7.41372	1.49204
7.41396	1.33164
7.4142	1.17081
7.41445	1.02846
7.41469	0.906581
7.41494	0.789589
7.41518	0.678954
7.41543	0.597571
7.41567	0.552023
7.41592	0.520482
7.41616	0.489443
7.41641	0.4732
7.41665	0.481853
7.4169	0.49771
7.41714	0.502356
7.41738	0.503735
7.41763	0.516892
7.41787	0.538358
7.41812	0.55878
7.41836	0.582927
7.41861	0.6198
7.41885	0.670442
7.4191	0.740201
7.41934	0.841583
7.41959	0.967435
7.41983	1.08375
7.42008	1.16966
7.42032	1.24274
7.42056	1.32318
7.42081	1.39807
7.42105	1.45015
7.4213	1.49978
7.42154	1.58324
7.42179	1.7055
7.42203	1.85053
7.42228	2.02358
7.42252	2.2392
7.42277	2.47011
7.42301	2.65141
7.42325	2.74266
7.4235	2.75119
7.42374	2.6876
7.42399	2.53818
7.42423	2.30047
7.42448	2.01506
7.42472	1.7358
7.42497	1.48521
7.42521	1.25954
7.42546	1.06193
7.4257	0.906337
7.42595	0.79462
7.42619	0.710331
7.42643	0.636909
7.42668	0.569752
7.42692	0.509284
7.42717	0.452831
7.42741	0.398702
7.42766	0.353327
7.4279	0.327184
7.42815	0.321206
7.42839	0.3217
7.42864	0.315504
7.42888	0.308258
7.42913	0.316953
7.42937	0.342712
7.42961	0.365267
7.42986	0.372282
7.4301	0.379403
7.43035	0.407398
7.43059	0.451767
7.43084	0.493735
7.43108	0.533771
7.43133	0.593029
7.43157	0.68241
7.43182	0.788599
7.43206	0.894111
7.43231	0.999232
7.43255	1.12238
7.43279	1.28425
7.43304	1.48281
7.43328	1.67312
7.43353	1.78741
7.43377	1.79981
7.43402	1.76398
7.43426	1.75865
7.43451	1.79696
7.43475	1.81769
7.435	1.76945
7.43524	1.67414
7.43548	1.59771
7.43573	1.58486
7.43597	1.63493
7.43622	1.71512
7.43646	1.77788
7.43671	1.78575
7.43695	1.74219
7.4372	1.68689
7.43744	1.6442
7.43769	1.58892
7.43793	1.48014
7.43818	1.31565
7.43842	1.13342
7.43866	0.969314
7.43891	0.835663
7.43915	0.734876
7.4394	0.669449
7.43964	0.634334
7.43989	0.615811
7.44013	0.603422
7.44038	0.59432
7.44062	0.585882
7.44087	0.573902
7.44111	0.558077
7.44136	0.540496
7.4416	0.519362
7.44184	0.49265
7.44209	0.466802
7.44233	0.45327
7.44258	0.45739
7.44282	0.478191
7.44307	0.516588
7.44331	0.573918
7.44356	0.642885
7.4438	0.709437
7.44405	0.765141
7.44429	0.811288
7.44454	0.852013
7.44478	0.891682
7.44502	0.938252
7.44527	0.998429
7.44551	1.06628
7.44576	1.12608
7.446	1.17322
7.44625	1.22646
7.44649	1.30952
7.44674	1.41806
7.44698	1.51044
7.44723	1.53973
7.44747	1.49978
7.44771	1.43508
7.44796	1.39596
7.4482	1.38541
7.44845	1.36246
7.44869	1.30113
7.44894	1.22788
7.44918	1.18463
7.44943	1.16819
7.44967	1.13255
7.44992	1.05267
7.45016	0.959277
7.45041	0.895397
7.45065	0.85616
7.45089	0.794379
7.45114	0.681338
7.45138	0.541075
7.45163	0.420225
7.45187	0.340544
7.45212	0.291037
7.45236	0.25462
7.45261	0.226487
7.45285	0.208362
7.4531	0.199079
7.45334	0.195984
7.45359	0.197877
7.45383	0.201747
7.45407	0.20163
7.45432	0.194369
7.45456	0.182268
7.45481	0.167849
7.45505	0.151621
7.4553	0.137049
7.45554	0.129364
7.45579	0.125018
7.45603	0.11221
7.45628	0.0897134
7.45652	0.0748265
7.45677	0.0803783
7.45701	0.0926601
7.45725	0.0886093
7.4575	0.069325
7.45774	0.0571798
7.45799	0.0612438
7.45823	0.0670119
7.45848	0.0638077
7.45872	0.0600553
7.45897	0.0623968
7.45921	0.0610921
7.45946	0.0507758
7.4597	0.0469794
7.45994	0.0621934
7.46019	0.0796327
7.46043	0.0744529
7.46068	0.0527824
7.46092	0.0439978
7.46117	0.056146
7.46141	0.0656994
7.46166	0.0572482
7.4619	0.0479794
7.46215	0.0582284
7.46239	0.077209
7.46264	0.0789599
7.46288	0.0619453
7.46312	0.0498767
7.46337	0.0545874
7.46361	0.060158
7.46386	0.0512342
7.4641	0.0390267
7.46435	0.0441963
7.46459	0.0642271
7.46484	0.0761003
7.46508	0.0691449
7.46533	0.0571652
7.46557	0.0541092
7.46582	0.0548997
7.46606	0.05028
7.4663	0.0459396
7.46655	0.0514414
7.46679	0.0600392
7.46704	0.0578729
7.46728	0.048095
7.46753	0.0462184
7.46777	0.0527302
7.46802	0.0513953
7.46826	0.0381896
7.46851	0.0303565
7.46875	0.0378028
7.469	0.0455624
7.46924	0.0385325
7.46948	0.026544
7.46973	0.0270091
7.46997	0.0356578
7.47022	0.0353488
7.47046	0.0261781
7.47071	0.02469
7.47095	0.0349918
7.4712	0.0416995
7.47144	0.0351129
7.47169	0.0255116
7.47193	0.0251799
7.47217	0.0299843
7.47242	0.0282632
7.47266	0.0192035
7.47291	0.0128905
7.47315	0.0162381
7.4734	0.0260904
7.47364	0.0348173
7.47389	0.0380379
7.47413	0.0368682
7.47438	0.0348851
7.47462	0.0337826
7.47487	0.0325534
7.47511	0.0307106
7.47535	0.0297462
7.4756	0.0302635
7.47584	0.030712
7.47609	0.0305585
7.47633	0.0310491
7.47658	0.0313023
7.47682	0.0287557
7.47707	0.025519
7.47731	0.0275116
7.47756	0.0339646
7.4778	0.0361015
7.47805	0.0316678
7.47829	0.0312758
7.47853	0.0417423
7.47878	0.0524006
7.47902	0.0500285
7.47927	0.0402461
7.47951	0.0396937
7.47976	0.0507238
7.48	0.0586659
7.48025	0.0534674
7.48049	0.0405627
7.48074	0.0296728
7.48098	0.0250688
7.48123	0.0278515
7.48147	0.0360227
7.48171	0.0409922
7.48196	0.0354156
7.4822	0.0256465
7.48245	0.0248313
7.48269	0.0328561
7.48294	0.0362094
7.48318	0.0295831
7.48343	0.0232056
7.48367	0.0246522
7.48392	0.027821
7.48416	0.0262252
7.48441	0.0234539
7.48465	0.0226761
7.48489	0.0189519
7.48514	0.011282
7.48538	0.00969933
7.48563	0.0189804
7.48587	0.0267187
7.48612	0.0211176
7.48636	0.0112424
7.48661	0.0140544
7.48685	0.0276768
7.4871	0.0343052
7.48734	0.0273324
7.48758	0.0193465
7.48783	0.021619
7.48807	0.0298416
7.48832	0.0344742
7.48856	0.033941
7.48881	0.0319341
7.48905	0.0301657
7.4893	0.0297827
7.48954	0.0338242
7.48979	0.0423075
7.49003	0.0489347
7.49028	0.0481032
7.49052	0.0430477
7.49076	0.0425784
7.49101	0.0504716
7.49125	0.0610522
7.4915	0.0650911
7.49174	0.0584578
7.49199	0.0455708
7.49223	0.0356543
7.49248	0.0349491
7.49272	0.041167
7.49297	0.0458402
7.49321	0.0433139
7.49346	0.0371249
7.4937	0.0357119
7.49394	0.041563
7.49419	0.0473671
7.49443	0.0453549
7.49468	0.0378069
7.49492	0.0333828
7.49517	0.0340248
7.49541	0.0326803
7.49566	0.0259438
7.4959	0.020899
7.49615	0.0239196
7.49639	0.0298443
7.49664	0.0305281
7.49688	0.0283829
7.49712	0.0308966
7.49737	0.0355313
7.49761	0.0325533
7.49786	0.0222115
7.4981	0.0162714
7.49835	0.0206096
7.49859	0.0282267
7.49884	0.0326432
7.49908	0.0359791
7.49933	0.0390256
7.49957	0.0358218
7.49981	0.0256111
7.50006	0.0191089
7.5003	0.0236302
7.50055	0.0312271
7.50079	0.0312922
7.50104	0.026613
7.50128	0.0261641
7.50153	0.0291975
7.50177	0.0285425
7.50202	0.0247067
7.50226	0.0246513
7.50251	0.0295858
7.50275	0.0347359
7.50299	0.0384044
7.50324	0.0409059
7.50348	0.0379761
7.50373	0.0271882
7.50397	0.0185271
7.50422	0.0250572
7.50446	0.0426897
7.50471	0.0523672
7.50495	0.0448568
7.5052	0.0312642
7.50544	0.025188
7.50569	0.0263902
7.50593	0.028026
7.50617	0.0290599
7.50642	0.0308015
7.50666	0.0292801
7.50691	0.0212766
7.50715	0.0134026
7.5074	0.0151689
7.50764	0.0244781
7.50789	0.0291138
7.50813	0.0237693
7.50838	0.0176144
7.50862	0.0209865
7.50887	0.0305895
7.50911	0.0347171
7.50935	0.0303822
7.5096	0.0262626
7.50984	0.0268891
7.51009	0.0239677
7.51033	0.011315
7.51058	0.000280941
7.51082	0.00655322
7.51107	0.024511
7.51131	0.0313753
7.51156	0.0197966
7.5118	0.00900902
7.51204	0.015258
7.51229	0.0277532
7.51253	0.0277972
7.51278	0.0179673
7.51302	0.0142478
7.51327	0.018864
7.51351	0.0211636
7.51376	0.0197498
7.514	0.0225183
7.51425	0.0270556
7.51449	0.0228889
7.51474	0.0142622
7.51498	0.0183914
7.51522	0.0362523
7.51547	0.0466925
7.51571	0.0378537
7.51596	0.0242148
7.5162	0.0213271
7.51645	0.0227111
7.51669	0.0165689
7.51694	0.00885708
7.51718	0.0116053
7.51743	0.0202327
7.51767	0.0214377
7.51792	0.0158439
7.51816	0.0145109
7.5184	0.0180331
7.51865	0.0170145
7.51889	0.0110333
7.51914	0.00996595
7.51938	0.015793
7.51963	0.0186089
7.51987	0.0138489
7.52012	0.0103151
7.52036	0.0160801
7.52061	0.0263313
7.52085	0.0306005
7.5211	0.0253189
7.52134	0.0151276
7.52158	0.00687293
7.52183	0.00519274
7.52207	0.00975801
7.52232	0.0147949
7.52256	0.0147616
7.52281	0.0112586
7.52305	0.0107742
7.5233	0.0153917
7.52354	0.0198089
7.52379	0.0185346
7.52403	0.0127323
7.52427	0.00842307
7.52452	0.00939304
7.52476	0.0128607
7.52501	0.0126987
7.52525	0.00761464
7.5255	0.00403655
7.52574	0.00770394
7.52599	0.0150909
7.52623	0.0191445
7.52648	0.0207244
7.52672	0.0249376
7.52697	0.0279681
7.52721	0.0210361
7.52745	0.00881876
7.5277	0.0077145
7.52794	0.0199441
7.52819	0.0265809
7.52843	0.0166512
7.52868	0.0059145
7.52892	0.0115285
7.52917	0.0237892
7.52941	0.0231187
7.52966	0.0129055
7.5299	0.0118055
7.53015	0.0207176
7.53039	0.0225714
7.53063	0.0128159
7.53088	0.00587803
7.53112	0.00965476
7.53137	0.0157341
7.53161	0.0182129
7.53186	0.0210491
7.5321	0.0223494
7.53235	0.0127724
7.53259	-0.003652
7.53284	-0.00780047
7.53308	0.00632212
7.53333	0.0204954
7.53357	0.0196199
7.53381	0.0120551
7.53406	0.0110562
7.5343	0.0133097
7.53455	0.0101478
7.53479	0.00517758
7.53504	0.00540745
7.53528	0.0070523
7.53553	0.00511078
7.53577	0.00588333
7.53602	0.014844
7.53626	0.0223751
7.5365	0.0175832
7.53675	0.00754409
7.53699	0.00641182
7.53724	0.0127552
7.53748	0.0146474
7.53773	0.0114333
7.53797	0.0127078
7.53822	0.0190351
7.53846	0.0212415
7.53871	0.0182483
7.53895	0.01933
7.5392	0.0271579
7.53944	0.0328494
7.53968	0.0305193
7.53993	0.0247197
7.54017	0.0208233
7.54042	0.0187578
7.54066	0.0189245
7.54091	0.0244093
7.54115	0.0337875
7.5414	0.0395851
7.54164	0.0370286
7.54189	0.0288665
7.54213	0.0206124
7.54238	0.0163445
7.54262	0.0184408
7.54286	0.0252503
7.54311	0.0299191
7.54335	0.0275173
7.5436	0.0215924
7.54384	0.0179368
7.54409	0.0157603
7.54433	0.0126906
7.54458	0.0134997
7.54482	0.0228211
7.54507	0.0326034
7.54531	0.0299387
7.54556	0.0168303
7.5458	0.00892206
7.54604	0.0130347
7.54629	0.0188355
7.54653	0.016333
7.54678	0.00937047
7.54702	0.00603181
7.54727	0.00608993
7.54751	0.0053059
7.54776	0.00463173
7.548	0.0077265
7.54825	0.0137057
7.54849	0.0177888
7.54873	0.0164725
7.54898	0.00974121
7.54922	0.00168827
7.54947	-0.000474624
7.54971	0.00676812
7.54996	0.0170212
7.5502	0.0205443
7.55045	0.0169729
7.55069	0.0144255
7.55094	0.0164119
7.55118	0.0187661
7.55143	0.0199093
7.55167	0.0230916
7.55191	0.0261338
7.55216	0.0212979
7.5524	0.010377
7.55265	0.00734968
7.55289	0.0179009
7.55314	0.0279222
7.55338	0.0233866
7.55363	0.0120453
7.55387	0.0116244
7.55412	0.0226237
7.55436	0.0281824
7.55461	0.0195799
7.55485	0.00757207
7.55509	0.00588809
7.55534	0.0147866
7.55558	0.025222
7.55583	0.0305704
7.55607	0.0293125
7.55632	0.0227892
7.55656	0.015717
7.55681	0.0144098
7.55705	0.0194682
7.5573	0.0232037
7.55754	0.0187318
7.55779	0.00944352
7.55803	0.0049908
7.55827	0.00887661
7.55852	0.0144859
7.55876	0.0141539
7.55901	0.00837501
7.55925	0.00361186
7.5595	0.00324011
7.55974	0.00440759
7.55999	0.00387702
7.56023	0.00309741
7.56048	0.00493936
7.56072	0.00797674
7.56097	0.00816906
7.56121	0.00559742
7.56145	0.00498619
7.5617	0.00828536
7.56194	0.0109051
7.56219	0.00819813
7.56243	0.00250914
7.56268	-0.000183782
7.56292	0.00113624
7.56317	0.00196673
7.56341	0.000291993
7.56366	0.000317929
7.5639	0.00571352
7.56414	0.012366
7.56439	0.0121389
7.56463	0.00363788
7.56488	-0.00429939
7.56512	-0.00177503
7.56537	0.0109943
7.56561	0.0235329
7.56586	0.0257282
7.5661	0.0172594
7.56635	0.00678607
7.56659	0.00330531
7.56684	0.00853826
7.56708	0.0164482
7.56732	0.0194717
7.56757	0.0157523
7.56781	0.0104816
7.56806	0.00982805
7.5683	0.0142601
7.56855	0.0191359
7.56879	0.0212135
7.56904	0.0221575
7.56928	0.0249642
7.56953	0.0290977
7.56977	0.0309527
7.57002	0.0283985
7.57026	0.0233558
7.5705	0.0195497
7.57075	0.0183041
7.57099	0.0173644
7.57124	0.0143642
7.57148	0.0104422
7.57173	0.00856898
7.57197	0.00898908
7.57222	0.00943687
7.57246	0.00970054
7.57271	0.0114452
7.57295	0.0127887
7.5732	0.00938132
7.57344	0.00338062
7.57368	0.00345072
7.57393	0.0105273
7.57417	0.0124088
7.57442	0.00152717
7.57466	-0.0103165
7.57491	-0.00784176
7.57515	0.00370869
7.5754	0.00685667
7.57564	0.000362898
7.57589	-0.000114114
7.57613	0.00960148
7.57637	0.0144879
7.57662	0.00696246
7.57686	0.000492881
7.57711	0.00614923
7.57735	0.0144549
7.5776	0.0143823
7.57784	0.013286
7.57809	0.0208707
7.57833	0.0281329
7.57858	0.0224572
7.57882	0.0123662
7.57907	0.0149481
7.57931	0.0258584
7.57955	0.0251111
7.5798	0.00991657
7.58004	-0.000988275
7.58029	0.003133
7.58053	0.0121039
7.58078	0.015321
7.58102	0.0161942
7.58127	0.0196676
7.58151	0.0212053
7.58176	0.0161513
7.582	0.00836755
7.58225	0.00315263
7.58249	0.000975369
7.58273	0.0019197
7.58298	0.00660471
7.58322	0.0105412
7.58347	0.00834782
7.58371	0.00488912
7.58396	0.00974787
7.5842	0.0193055
7.58445	0.0192297
7.58469	0.00791817
7.58494	0.00109054
7.58518	0.00707158
7.58543	0.0141336
7.58567	0.0112911
7.58591	0.00565925
7.58616	0.00730259
7.5864	0.0111163
7.58665	0.0081895
7.58689	0.00364843
7.58714	0.00709377
7.58738	0.0136521
7.58763	0.0113065
7.58787	0.00213905
7.58812	-0.000145815
7.58836	0.00791654
7.5886	0.015186
7.58885	0.0141534
7.58909	0.0103037
7.58934	0.0104255
7.58958	0.012405
7.58983	0.0110711
7.59007	0.00671103
7.59032	0.00341473
7.59056	0.00343907
7.59081	0.00585928
7.59105	0.00784306
7.5913	0.00647258
7.59154	0.00194559
7.59178	-0.00167892
7.59203	-0.00165454
7.59227	-0.000484382
7.59252	-0.00111291
7.59276	-0.00103823
7.59301	0.00338162
7.59325	0.00899448
7.5935	0.00897981
7.59374	0.0034343
7.59399	2.18884e-05
7.59423	0.00290636
7.59448	0.00723524
7.59472	0.00720242
7.59496	0.00437066
7.59521	0.00407963
7.59545	0.00692496
7.5957	0.00828085
7.59594	0.00524629
7.59619	0.000432749
7.59643	-0.00155947
7.59668	0.000921017
7.59692	0.00580163
7.59717	0.00953852
7.59741	0.00921087
7.59766	0.00437683
7.5979	-0.00125417
7.59814	-0.00169686
7.59839	0.0046682
7.59863	0.0112736
7.59888	0.0101866
7.59912	0.00269839
7.59937	-0.00180712
7.59961	0.00134148
7.59986	0.00628899
7.6001	0.00640809
7.60035	0.00357651
7.60059	0.00280452
7.60083	0.00332477
7.60108	0.00178964
7.60132	-3.48193e-05
7.60157	0.0016587
7.60181	0.00508734
7.60206	0.00596923
7.6023	0.00547687
7.60255	0.00708968
7.60279	0.00809017
7.60304	0.00336096
7.60328	-0.00386895
7.60353	-0.0047365
7.60377	0.00209391
7.60401	0.00922725
7.60426	0.0121602
7.6045	0.0123612
7.60475	0.00921469
7.60499	0.000511681
7.60524	-0.00776611
7.60548	-0.00490491
7.60573	0.00732057
7.60597	0.0130176
7.60622	0.00381073
7.60646	-0.00880229
7.60671	-0.0100309
7.60695	-0.00107028
7.60719	0.00654399
7.60744	0.00748902
7.60768	0.00434297
7.60793	-0.000620183
7.60817	-0.0056535
7.60842	-0.00639273
7.60866	-0.0016411
7.60891	0.00149848
7.60915	-0.00282955
7.6094	-0.00776173
7.60964	-0.00154983
7.60989	0.0142686
7.61013	0.0242059
7.61037	0.0180776
7.61062	0.00320544
7.61086	-0.00581437
7.61111	-0.00381625
7.61135	0.00264116
7.6116	0.00593451
7.61184	0.00499552
7.61209	0.00291743
7.61233	0.00192994
7.61258	0.00295719
7.61282	0.00649306
7.61306	0.00999149
7.61331	0.00729359
7.61355	-0.00322786
7.6138	-0.0118363
7.61404	-0.0076556
7.61429	0.00404501
7.61453	0.0064439
7.61478	-0.00344043
7.61502	-0.0081127
7.61527	0.00310224
7.61551	0.0153393
7.61576	0.0116606
7.616	0.00158979
7.61624	0.00495743
7.61649	0.0164931
7.61673	0.0127944
7.61698	-0.00761034
7.61722	-0.0189835
7.61747	-0.008037
7.61771	0.00706051
7.61796	0.00731565
7.6182	-0.000560916
7.61845	-0.00177951
7.61869	0.0022268
7.61894	0.0031153
7.61918	0.00319938
7.61942	0.00703687
7.61967	0.00833556
7.61991	0.00147619
7.62016	-0.0048444
7.6204	-0.00100422
7.62065	0.00652687
7.62089	0.00675973
7.62114	0.00293047
7.62138	0.00372027
7.62163	0.00511487
7.62187	-0.00129829
7.62212	-0.00918786
7.62236	-0.00528545
7.6226	0.00790125
7.62285	0.0149026
7.62309	0.0105864
7.62334	0.00445685
7.62358	0.0030598
7.62383	0.00343034
7.62407	0.00364599
7.62432	0.00575643
7.62456	0.00790037
7.62481	0.00578818
7.62505	0.00152733
7.62529	-0.000265935
7.62554	-0.0025747
7.62578	-0.0096847
7.62603	-0.0142583
7.62627	-0.00592752
7.62652	0.00901146
7.62676	0.0129837
7.62701	0.00274584
7.62725	-0.00668184
7.6275	-0.00559763
7.62774	-0.00060456
7.62799	0.00154757
7.62823	0.00422424
7.62847	0.00860738
7.62872	0.00691114
7.62896	-0.00304305
7.62921	-0.00981831
7.62945	-0.00515279
7.6297	0.00229563
7.62994	0.00076099
7.63019	-0.00647833
7.63043	-0.00829622
7.63068	-0.00375091
7.63092	-0.000718327
7.63117	-0.0012349
7.63141	-0.000376299
7.63165	0.00222499
7.6319	0.00115293
7.63214	-0.00383364
7.63239	-0.00541405
7.63263	-6.06993e-05
7.63288	0.00577968
7.63312	0.0049567
7.63337	-0.000213446
7.63361	-0.00178225
7.63386	0.00298988
7.6341	0.00947277
7.63435	0.0129273
7.63459	0.0128523
7.63483	0.00981936
7.63508	0.00355092
7.63532	-0.00305902
7.63557	-0.00326436
7.63581	0.00465412
7.63606	0.011581
7.6363	0.00824028
7.63655	-0.000454712
7.63679	-0.00119844
7.63704	0.00747319
7.63728	0.012146
7.63752	0.00529123
7.63777	-0.00280499
7.63801	-0.000501075
7.63826	0.00727244
7.6385	0.0082727
7.63875	0.00225183
7.63899	-0.00134422
7.63924	0.000209139
7.63948	0.00180246
7.63973	0.00271704
7.63997	0.00671763
7.64022	0.0109102
7.64046	0.00772554
7.6407	-0.000935449
7.64095	-0.00412619
7.64119	0.00115102
7.64144	0.00550474
7.64168	0.00338947
7.64193	0.00159269
7.64217	0.00564965
7.64242	0.00928697
7.64266	0.00594988
7.64291	0.00142959
7.64315	0.00439683
7.6434	0.0108883
7.64364	0.00997525
7.64388	0.00183281
7.64413	-0.00158113
7.64437	0.00543058
7.64462	0.0137663
7.64486	0.0126812
7.64511	0.00390786
7.64535	-0.00272455
7.6456	-0.00294748
7.64584	-0.000966561
7.64609	-0.000581696
7.64633	8.5415e-05
7.64658	0.00359618
7.64682	0.00788057
7.64706	0.00933112
7.64731	0.00848777
7.64755	0.00874838
7.6478	0.0106128
7.64804	0.0110788
7.64829	0.00866155
7.64853	0.00539929
7.64878	0.00332215
7.64902	0.00216571
7.64927	0.00132034
7.64951	0.000901014
7.64976	-5.5051e-05
7.65	-0.0032251
7.65024	-0.00756607
7.65049	-0.00902871
7.65073	-0.00508007
7.65098	0.00255604
7.65122	0.0100588
7.65147	0.0142177
7.65171	0.0137975
7.65196	0.0115849
7.6522	0.0136495
7.65245	0.021872
7.65269	0.0287067
7.65293	0.0257532
7.65318	0.0162518
7.65342	0.0108534
7.65367	0.011539
7.65391	0.0105372
7.65416	0.00698911
7.6544	0.0115545
7.65465	0.0277353
7.65489	0.0405892
7.65514	0.0350481
7.65538	0.0175736
7.65563	0.00765523
7.65587	0.0125034
7.65611	0.0218577
7.65636	0.0253342
7.6566	0.0231813
7.65685	0.0196
7.65709	0.0160252
7.65734	0.0140977
7.65758	0.0172506
7.65783	0.024826
7.65807	0.0294419
7.65832	0.0248948
7.65856	0.0146936
7.65881	0.00892584
7.65905	0.012423
7.65929	0.019021
7.65954	0.0199113
7.65978	0.0155311
7.66003	0.0134529
7.66027	0.0143022
7.66052	0.00900395
7.66076	-0.00436247
7.66101	-0.0114667
7.66125	-0.00131954
7.6615	0.0132263
7.66174	0.0114773
7.66199	-0.00320659
7.66223	-0.00783181
7.66247	0.00413769
7.66272	0.0137987
7.66296	0.00888591
7.66321	0.00148552
7.66345	0.00341835
7.6637	0.00637281
7.66394	0.00151508
7.66419	-0.00144638
7.66443	0.0065183
7.66468	0.0131356
7.66492	0.00511299
7.66516	-0.0055359
7.66541	0.000549184
7.66565	0.0168264
7.6659	0.0213448
7.66614	0.0134118
7.66639	0.0128626
7.66663	0.0245847
7.66688	0.0301982
7.66712	0.0191131
7.66737	0.00546422
7.66761	0.00666257
7.66786	0.0212287
7.6681	0.0347429
7.66834	0.0361013
7.66859	0.0242038
7.66883	0.00841959
7.66908	0.00324172
7.66932	0.0131407
7.66957	0.0249371
7.66981	0.0250462
7.67006	0.0182874
7.6703	0.016731
7.67055	0.0180285
7.67079	0.0129882
7.67104	0.00750925
7.67128	0.0144504
7.67152	0.0273847
7.67177	0.0269173
7.67201	0.0129152
7.67226	0.00530609
7.6725	0.0103919
7.67275	0.0122691
7.67299	0.00361062
7.67324	-0.00122598
7.67348	0.00644597
7.67373	0.0134713
7.67397	0.00850328
7.67422	0.000186073
7.67446	-0.00147974
7.6747	-0.0016708
7.67495	-0.00473799
7.67519	-0.00160367
7.67544	0.0109997
7.67568	0.0176165
7.67593	0.00832714
7.67617	-0.00130445
7.67642	0.00561825
7.67666	0.018393
7.67691	0.0157569
7.67715	-0.000118959
7.67739	-0.00946299
7.67764	-0.00640358
7.67788	-0.00213219
7.67813	-0.00211637
7.67837	-0.00192101
7.67862	-0.00265457
7.67886	-0.00936898
7.67911	-0.0147405
7.67935	-0.00495218
7.6796	0.0158501
7.67984	0.0259798
7.68009	0.0161292
7.68033	0.0022962
7.68057	0.0017295
7.68082	0.0101596
7.68106	0.0126112
7.68131	0.00670855
7.68155	0.0036015
7.6818	0.00957484
7.68204	0.0164935
7.68229	0.0124391
7.68253	-0.00255973
7.68278	-0.01521
7.68302	-0.0143416
7.68327	-0.00466868
7.68351	-7.74774e-05
7.68375	-0.00412278
7.684	-0.00582956
7.68424	0.00194283
7.68449	0.00978516
7.68473	0.00554473
7.68498	-0.0064529
7.68522	-0.0107593
7.68547	-0.00202095
7.68571	0.00937201
7.68596	0.0119036
7.6862	0.00464658
7.68645	-0.00563719
7.68669	-0.0117689
7.68693	-0.00995536
7.68718	-0.0022078
7.68742	0.00441234
7.68767	0.00490378
7.68791	0.00184441
7.68816	0.00047436
7.6884	0.00120735
7.68865	0.00152991
7.68889	0.00181446
7.68914	0.00332674
7.68938	0.00354944
7.68962	0.000294367
7.68987	-0.00212316
7.69011	0.00192092
7.69036	0.00977622
7.6906	0.0136904
7.69085	0.0124757
7.69109	0.0119566
7.69134	0.0138517
7.69158	0.0126607
7.69183	0.00560496
7.69207	-0.00190985
7.69232	-0.00428455
7.69256	-0.00341807
7.6928	-0.00414341
7.69305	-0.00619715
7.69329	-0.00536545
7.69354	-0.00063756
7.69378	0.00395069
7.69403	0.00446381
7.69427	0.00141437
7.69452	-0.00159994
7.69476	-0.00205465
7.69501	-0.000359505
7.69525	0.00157973
7.6955	0.00218406
7.69574	0.000502654
7.69598	-0.00324431
7.69623	-0.0062268
7.69647	-0.00423662
7.69672	0.00314076
7.69696	0.0102093
7.69721	0.0110487
7.69745	0.00656555
7.6977	0.00260678
7.69794	0.00247292
7.69819	0.00483676
7.69843	0.00744888
7.69868	0.00876339
7.69892	0.00744804
7.69916	0.00469788
7.69941	0.00498
7.69965	0.00962126
7.6999	0.0127017
7.70014	0.00939634
7.70039	0.00445184
7.70063	0.00428521
7.70088	0.00522055
7.70112	0.000708957
7.70137	-0.00392877
7.70161	0.00124259
7.70185	0.0107054
7.7021	0.00872386
7.70234	-0.0034509
7.70259	-0.00570648
7.70283	0.00882648
7.70308	0.0202945
7.70332	0.0129475
7.70357	0.000381432
7.70381	0.00241957
7.70406	0.0123281
7.7043	0.00922975
7.70455	-0.00640289
7.70479	-0.013604
7.70503	-0.00442127
7.70528	0.00599696
7.70552	0.00523541
7.70577	0.000103242
7.70601	0.00109049
7.70626	0.00585192
7.7065	0.0066994
7.70675	0.00393413
7.70699	0.00300055
7.70724	0.0045779
7.70748	0.00453787
7.70773	0.000865994
7.70797	-0.00357906
7.70821	-0.00405127
7.70846	0.00122503
7.7087	0.00797575
7.70895	0.00926644
7.70919	0.00405259
7.70944	-0.000918544
7.70968	-0.000744683
7.70993	0.000813004
7.71017	-0.00137759
7.71042	-0.00521762
7.71066	-0.00600296
7.71091	-0.00405642
7.71115	-0.000973606
7.71139	0.00540244
7.71164	0.0140045
7.71188	0.0154544
7.71213	0.00453075
7.71237	-0.00822937
7.71262	-0.00937169
7.71286	-0.00192076
7.71311	0.00100005
7.71335	-0.00282168
7.7136	-0.00486828
7.71384	-0.00367359
7.71408	-0.00586744
7.71433	-0.0105374
7.71457	-0.00951564
7.71482	-0.0039853
7.71506	-0.00376877
7.71531	-0.00826994
7.71555	-0.00620539
7.7158	0.00240744
7.71604	0.00364333
7.71629	-0.00476738
7.71653	-0.00603201
7.71678	0.00689794
7.71702	0.0152542
7.71726	0.00288646
7.71751	-0.016167
7.71775	-0.0178973
7.718	-0.00378486
7.71824	0.0050638
7.71849	0.00143381
7.71873	-0.00227444
7.71898	0.000840924
7.71922	0.00245513
7.71947	-0.00300789
7.71971	-0.00835201
7.71996	-0.00735237
7.7202	-0.00512526
7.72044	-0.00799524
7.72069	-0.0127218
7.72093	-0.0123905
7.72118	-0.00647566
7.72142	0.000154574
7.72167	0.00376999
7.72191	0.00383779
7.72216	0.00204819
7.7224	0.000977665
7.72265	0.000870307
7.72289	-0.00160481
7.72314	-0.00749459
7.72338	-0.0109226
7.72362	-0.00678262
7.72387	-0.00090129
7.72411	-0.00358688
7.72436	-0.0132522
7.7246	-0.0166549
7.72485	-0.00801715
7.72509	0.00199487
7.72534	0.00149041
7.72558	-0.00685524
7.72583	-0.0120954
7.72607	-0.0106625
7.72632	-0.00774364
7.72656	-0.00696113
7.7268	-0.00682473
7.72705	-0.00627993
7.72729	-0.00690411
7.72754	-0.00882283
7.72778	-0.00917369
7.72803	-0.00593657
7.72827	-0.000854397
7.72852	0.0018998
7.72876	-0.000900566
7.72901	-0.00785754
7.72925	-0.01167
7.72949	-0.00531348
7.72974	0.00752059
7.72998	0.0126332
7.73023	0.00170331
7.73047	-0.0147702
7.73072	-0.018553
7.73096	-0.00659898
7.73121	0.00572777
7.73145	0.00563672
7.7317	-0.00214608
7.73194	-0.00581765
7.73219	-0.00335262
7.73243	-0.00103865
7.73267	-0.000881709
7.73292	0.000780384
7.73316	0.00413492
7.73341	0.00466301
7.73365	0.00152182
7.7339	-0.000734181
7.73414	-3.04914e-05
7.73439	0.000889875
7.73463	0.00128887
7.73488	0.00374322
7.73512	0.00641783
7.73537	0.00291445
7.73561	-0.00588703
7.73585	-0.00891536
7.7361	-0.000604397
7.73634	0.00860192
7.73659	0.00618901
7.73683	-0.00478774
7.73708	-0.0120677
7.73732	-0.0123052
7.73757	-0.010937
7.73781	-0.00848996
7.73806	-0.00115565
7.7383	0.00664531
7.73855	0.00539838
7.73879	-0.00266411
7.73903	-0.00488472
7.73928	0.000676836
7.73952	0.00125992
7.73977	-0.00777425
7.74001	-0.0128048
7.74026	-0.00442464
7.7405	0.00552004
7.74075	0.0030276
7.74099	-0.00526996
7.74124	-0.00523177
7.74148	-0.000547499
7.74172	-0.00495564
7.74197	-0.0153747
7.74221	-0.0148512
7.74246	-0.00166984
7.7427	0.00605492
7.74295	-0.000740155
7.74319	-0.00820907
7.74344	-0.00315581
7.74368	0.00621974
7.74393	0.00509918
7.74417	-0.00462108
7.74442	-0.00940982
7.74466	-0.00527748
7.7449	-0.000776693
7.74515	-0.00175055
7.74539	-0.00425854
7.74564	-0.0031558
7.74588	0.000117544
7.74613	0.000841189
7.74637	-0.00164531
7.74662	-0.0024818
7.74686	0.00226609
7.74711	0.00817069
7.74735	0.00553413
7.7476	-0.00644303
7.74784	-0.0138419
7.74808	-0.00480144
7.74833	0.0118451
7.74857	0.0169487
7.74882	0.0085231
7.74906	0.00332376
7.74931	0.00860988
7.74955	0.0104305
7.7498	-0.00133724
7.75004	-0.0135271
7.75029	-0.00980523
7.75053	0.0029036
7.75078	0.00571513
7.75102	-0.00314209
7.75126	-0.00918094
7.75151	-0.00671501
7.75175	-0.00395851
7.752	-0.00412052
7.75224	-0.000114269
7.75249	0.00868425
7.75273	0.0109134
7.75298	0.000725172
7.75322	-0.0120282
7.75347	-0.0158052
7.75371	-0.0111712
7.75395	-0.00432971
7.7542	0.00336737
7.75444	0.0118965
7.75469	0.0162967
7.75493	0.012319
7.75518	0.00404706
7.75542	-0.000519287
7.75567	0.00155823
7.75591	0.00775134
7.75616	0.0146959
7.7564	0.0191486
7.75665	0.0183444
7.75689	0.0139029
7.75713	0.0120581
7.75738	0.015729
7.75762	0.0193533
7.75787	0.0162031
7.75811	0.00858574
7.75836	0.00545118
7.7586	0.00992846
7.75885	0.0141399
7.75909	0.00920204
7.75934	-0.00195336
7.75958	-0.0064114
7.75983	0.00234809
7.76007	0.014214
7.76031	0.014207
7.76056	0.00227362
7.7608	-0.00707437
7.76105	-0.00542768
7.76129	-1.99132e-05
7.76154	0.00180013
7.76178	0.00549522
7.76203	0.0167083
7.76227	0.0258071
7.76252	0.019319
7.76276	0.00132097
7.76301	-0.0111501
7.76325	-0.0111636
7.76349	-0.0063171
7.76374	-0.0023207
7.76398	0.00254762
7.76423	0.00676228
7.76447	0.00485885
7.76472	-0.000585601
7.76496	-0.000652609
7.76521	0.00427619
7.76545	0.00520569
7.7657	0.00253371
7.76594	0.00658555
7.76618	0.0169372
7.76643	0.0199883
7.76667	0.0132791
7.76692	0.0122242
7.76716	0.0228357
7.76741	0.0281605
7.76765	0.0162625
7.7679	0.00261873
7.76814	0.00574149
7.76839	0.016515
7.76863	0.0144022
7.76888	0.00245219
7.76912	0.00104077
7.76936	0.0128316
7.76961	0.0194297
7.76985	0.0123937
7.7701	0.00414176
7.77034	0.00458908
7.77059	0.007845
7.77083	0.0081868
7.77108	0.010704
7.77132	0.0176045
7.77157	0.0196445
7.77181	0.0114187
7.77206	0.00288616
7.7723	0.00496795
7.77254	0.0131603
7.77279	0.0162376
7.77303	0.0140155
7.77328	0.0151099
7.77352	0.0211805
7.77377	0.0246589
7.77401	0.0220417
7.77426	0.0202068
7.7745	0.0263323
7.77475	0.0370539
7.77499	0.0422527
7.77524	0.0379987
7.77548	0.0314698
7.77572	0.0314379
7.77597	0.0370178
7.77621	0.0400762
7.77646	0.0376699
7.7767	0.0358893
7.77695	0.0396198
7.77719	0.0451088
7.77744	0.0472427
7.77768	0.0485357
7.77793	0.0543293
7.77817	0.062897
7.77841	0.0677095
7.77866	0.0676979
7.7789	0.0683167
7.77915	0.072928
7.77939	0.0792107
7.77964	0.0843918
7.77988	0.0890672
7.78013	0.0950843
7.78037	0.102956
7.78062	0.111545
7.78086	0.118406
7.78111	0.121712
7.78135	0.123285
7.78159	0.127159
7.78184	0.134225
7.78208	0.142542
7.78233	0.153604
7.78257	0.171199
7.78282	0.191908
7.78306	0.206208
7.78331	0.214024
7.78355	0.228817
7.7838	0.258241
7.78404	0.291095
7.78429	0.314649
7.78453	0.335627
7.78477	0.369906
7.78502	0.418337
7.78526	0.468658
7.78551	0.517556
7.78575	0.574676
7.786	0.645955
7.78624	0.727656
7.78649	0.816202
7.78673	0.910286
7.78698	1.00611
7.78722	1.10749
7.78747	1.23856
7.78771	1.42451
7.78795	1.6564
7.7882	1.89802
7.78844	2.13642
7.78869	2.40086
7.78893	2.71255
7.78918	3.03367
7.78942	3.29483
7.78967	3.47172
7.78991	3.61287
7.79016	3.78556
7.7904	4.00785
7.79064	4.24051
7.79089	4.43187
7.79113	4.55243
7.79138	4.58512
7.79162	4.50625
7.79187	4.30753
7.79211	4.04182
7.79236	3.81452
7.7926	3.69394
7.79285	3.6341
7.79309	3.51678
7.79334	3.27727
7.79358	2.9649
7.79382	2.67263
7.79407	2.43765
7.79431	2.23221
7.79456	2.02608
7.7948	1.82119
7.79505	1.63082
7.79529	1.45829
7.79554	1.30488
7.79578	1.1775
7.79603	1.07734
7.79627	0.993185
7.79652	0.914148
7.79676	0.840807
7.797	0.779103
7.79725	0.73141
7.79749	0.698887
7.79774	0.68621
7.79798	0.698519
7.79823	0.736274
7.79847	0.794722
7.79872	0.865919
7.79896	0.942781
7.79921	1.02564
7.79945	1.12204
7.7997	1.23344
7.79994	1.34598
7.80018	1.44541
7.80043	1.54038
7.80067	1.65857
7.80092	1.81722
7.80116	2.00958
7.80141	2.2248
7.80165	2.46541
7.8019	2.73166
7.80214	2.9988
7.80239	3.22961
7.80263	3.4116
7.80287	3.56685
7.80312	3.71707
7.80336	3.84902
7.80361	3.92766
7.80385	3.94274
7.8041	3.9303
7.80434	3.93968
7.80459	3.98192
7.80483	4.01557
7.80508	3.97956
7.80532	3.83383
7.80557	3.57604
7.80581	3.24196
7.80605	2.90112
7.8063	2.63194
7.80654	2.46916
7.80679	2.36853
7.80703	2.24124
7.80728	2.03446
7.80752	1.7702
7.80777	1.50419
7.80801	1.26659
7.80826	1.05619
7.8085	0.873518
7.80875	0.730792
7.80899	0.62926
7.80923	0.550049
7.80948	0.475886
7.80972	0.407827
7.80997	0.353309
7.81021	0.310382
7.81046	0.273164
7.8107	0.243262
7.81095	0.225024
7.81119	0.214891
7.81144	0.204491
7.81168	0.19075
7.81193	0.175962
7.81217	0.161738
7.81241	0.149457
7.81266	0.14246
7.8129	0.140756
7.81315	0.13741
7.81339	0.127358
7.81364	0.115958
7.81388	0.111142
7.81413	0.110934
7.81437	0.107308
7.81462	0.0992486
7.81486	0.0926844
7.81511	0.0898265
7.81535	0.0880234
7.81559	0.0870804
7.81584	0.0878364
7.81608	0.0857346
7.81633	0.0770434
7.81657	0.0694678
7.81682	0.073246
7.81706	0.0822859
7.81731	0.0796375
7.81755	0.0638683
7.8178	0.0532502
7.81804	0.0580784
7.81828	0.0657259
7.81853	0.0625906
7.81877	0.0549766
7.81902	0.0549428
7.81926	0.0588297
7.81951	0.0561083
7.81975	0.0499391
7.82	0.0512391
7.82024	0.0579052
7.82049	0.0573589
7.82073	0.0475796
7.82098	0.0395378
7.82122	0.0387781
7.82146	0.0393129
7.82171	0.0373119
7.82195	0.0372102
7.8222	0.0410217
7.82244	0.0432869
7.82269	0.0405453
7.82293	0.036241
7.82318	0.033191
7.82342	0.0302736
7.82367	0.0290874
7.82391	0.0342161
7.82416	0.0435436
7.8244	0.0476449
7.82464	0.0428667
7.82489	0.0364134
7.82513	0.0344336
7.82538	0.033752
7.82562	0.030137
7.82587	0.0263115
7.82611	0.0261718
7.82636	0.0285623
7.8266	0.0320216
7.82685	0.03785
7.82709	0.0430505
7.82734	0.0393611
7.82758	0.0268583
7.82782	0.0193063
7.82807	0.0258508
7.82831	0.0355102
7.82856	0.0324287
7.8288	0.0201289
7.82905	0.0153365
7.82929	0.0209905
7.82954	0.0228679
7.82978	0.0145399
7.83003	0.00799504
7.83027	0.0128056
7.83051	0.0204941
7.83076	0.0202038
7.831	0.0169874
7.83125	0.0209279
7.83149	0.0278183
7.83174	0.0264677
7.83198	0.019032
7.83223	0.0169713
7.83247	0.0196844
7.83272	0.0155504
7.83296	0.00512533
7.83321	0.00405867
7.83345	0.0171649
7.83369	0.0278209
7.83394	0.0231378
7.83418	0.0135237
7.83443	0.0140906
7.83467	0.0207902
7.83492	0.0213343
7.83516	0.0182927
7.83541	0.0219225
7.83565	0.0276724
7.8359	0.0221569
7.83614	0.00852302
7.83639	0.00453316
7.83663	0.0143854
7.83687	0.0226651
7.83712	0.0200707
7.83736	0.0157709
7.83761	0.017696
7.83785	0.0188617
7.8381	0.012909
7.83834	0.0074762
7.83859	0.0105474
7.83883	0.0160002
7.83908	0.0145219
7.83932	0.0091086
7.83957	0.0087134
7.83981	0.0142937
7.84005	0.0202853
7.8403	0.022593
7.84054	0.0181207
7.84079	0.00566013
7.84103	-0.00586558
7.84128	-0.00171231
7.84152	0.0169389
7.84177	0.0278705
7.84201	0.0163944
7.84226	-0.00254432
7.8425	-0.00523556
7.84274	0.00784574
7.84299	0.0168042
7.84323	0.0130715
7.84348	0.00702442
7.84372	0.00730349
7.84397	0.00972316
7.84421	0.00843643
7.84446	0.00477683
7.8447	0.00212465
7.84495	0.00147372
7.84519	0.00359499
7.84544	0.0079883
7.84568	0.00981781
7.84592	0.00507286
7.84617	-0.00207127
7.84641	-0.00367846
7.84666	0.00153526
7.8469	0.00790153
7.84715	0.0105595
7.84739	0.00847823
7.84764	0.00331778
7.84788	-7.99941e-05
7.84813	0.00314318
7.84837	0.0100942
7.84862	0.0122571
7.84886	0.00913868
7.8491	0.010078
7.84935	0.0173311
7.84959	0.0199937
7.84984	0.0127687
7.85008	0.00647124
7.85033	0.00852438
7.85057	0.00830262
7.85082	-0.00266651
7.85106	-0.0108552
7.85131	-0.00105187
7.85155	0.0157922
7.8518	0.0178523
7.85204	0.00660141
7.85228	0.00156851
7.85253	0.00737937
7.85277	0.0113631
7.85302	0.0105528
7.85326	0.0148852
7.85351	0.0235458
7.85375	0.0236811
7.854	0.0152448
7.85424	0.0128854
7.85449	0.0192616
7.85473	0.0203485
7.85497	0.0124513
7.85522	0.0098525
7.85546	0.0181696
7.85571	0.0235612
7.85595	0.0181041
7.8562	0.0136256
7.85644	0.0188103
7.85669	0.0234631
7.85693	0.0187977
7.85718	0.0140641
7.85742	0.0182639
7.85767	0.022671
7.85791	0.0173815
7.85815	0.00994908
7.8584	0.010964
7.85864	0.0144112
7.85889	0.009827
7.85913	0.00306337
7.85938	0.0068114
7.85962	0.0180624
7.85987	0.0225609
7.86011	0.0174165
7.86036	0.0135076
7.8606	0.0168809
7.86085	0.0209492
7.86109	0.0180262
7.86133	0.00942468
7.86158	0.00270879
7.86182	0.00366586
7.86207	0.0106472
7.86231	0.0153724
7.86256	0.0124985
7.8628	0.00803629
7.86305	0.0115317
7.86329	0.0205661
7.86354	0.0230579
7.86378	0.0156075
7.86403	0.00731246
7.86427	0.00348182
7.86451	-0.000250826
7.86476	-0.00391008
7.865	0.000736993
7.86525	0.0134224
7.86549	0.0205121
7.86574	0.015614
7.86598	0.00981236
7.86623	0.0118181
7.86647	0.014042
7.86672	0.0101115
7.86696	0.00938113
7.8672	0.0188029
7.86745	0.0261234
7.86769	0.0195348
7.86794	0.0103003
7.86818	0.0147907
7.86843	0.0251282
7.86867	0.0213617
7.86892	0.00559809
7.86916	-0.00110615
7.86941	0.00676318
7.86965	0.0128812
7.8699	0.00902245
7.87014	0.00710809
7.87038	0.0146282
7.87063	0.0197212
7.87087	0.0120773
7.87112	0.00184993
7.87136	0.00397846
7.87161	0.0151296
7.87185	0.0201286
7.8721	0.0146396
7.87234	0.00864875
7.87259	0.0102244
7.87283	0.0165589
7.87308	0.0213222
7.87332	0.0227965
7.87356	0.0225727
7.87381	0.0213067
7.87405	0.0186312
7.8743	0.0150408
7.87454	0.0116917
7.87479	0.00910958
7.87503	0.00754391
7.87528	0.0081161
7.87552	0.0117112
7.87577	0.016171
7.87601	0.0168924
7.87626	0.0122586
7.8765	0.006698
7.87674	0.00546621
7.87699	0.00779436
7.87723	0.00866146
7.87748	0.00616379
7.87772	0.00301677
7.87797	0.00165632
7.87821	0.00236657
7.87846	0.00553502
7.8787	0.0105564
7.87895	0.0128568
7.87919	0.00778357
7.87943	-0.00186542
7.87968	-0.00741798
7.87992	-0.00422518
7.88017	0.00421179
7.88041	0.0114927
7.88066	0.0131077
7.8809	0.00771855
7.88115	-0.000483408
7.88139	-0.00274814
7.88164	0.00415052
7.88188	0.0113393
7.88213	0.00925766
7.88237	0.00234319
7.88261	0.00221882
7.88286	0.00916373
7.8831	0.0127271
7.88335	0.00934521
7.88359	0.00566035
7.88384	0.00429628
7.88408	0.00074124
7.88433	-0.00421857
7.88457	-0.00369218
7.88482	0.00160814
7.88506	0.00383477
7.88531	0.00392174
7.88555	0.0100837
7.88579	0.0181877
7.88604	0.0138705
7.88628	-0.000625243
7.88653	-0.00422559
7.88677	0.00926875
7.88702	0.0188579
7.88726	0.0112213
7.88751	0.00371555
7.88775	0.0130034
7.888	0.0232592
7.88824	0.0119661
7.88849	-0.00957573
7.88873	-0.0120762
7.88897	0.00503804
7.88922	0.0139987
7.88946	0.00312852
7.88971	-0.00883826
7.88995	-0.00624386
7.8902	0.00195666
7.89044	0.00229178
7.89069	-0.00264853
7.89093	-0.00405855
7.89118	-0.00185856
7.89142	4.96177e-05
7.89167	0.00226068
7.89191	0.00564602
7.89215	0.00711945
7.8924	0.00514665
7.89264	0.00235964
7.89289	-0.000130173
7.89313	-0.0033966
7.89338	-0.00456133
7.89362	0.000701859
7.89387	0.00820349
7.89411	0.00826836
7.89436	0.00139582
7.8946	0.000137834
7.89484	0.0106431
7.89509	0.0219035
7.89533	0.0200153
7.89558	0.00656533
7.89582	-0.00381832
7.89607	-0.000804999
7.89631	0.0114782
7.89656	0.0199511
7.8968	0.0159083
7.89705	0.00365248
7.89729	-0.00450607
7.89754	-0.00274218
7.89778	0.00211407
7.89802	0.00155934
7.89827	-0.00272928
7.89851	-0.00383829
7.89876	-0.0013619
7.899	-9.09797e-05
7.89925	-0.000581323
7.89949	-1.00628e-05
7.89974	3.59779e-05
7.89998	-0.00403039
7.90023	-0.00919427
7.90047	-0.00912616
7.90072	-0.00498014
7.90096	-0.00324352
7.9012	-0.00370094
7.90145	-0.00027464
7.90169	0.00579326
7.90194	0.00523821
7.90218	-0.0039051
7.90243	-0.0110659
7.90267	-0.00799698
7.90292	-0.000143713
7.90316	0.00220371
7.90341	-0.00283504
7.90365	-0.00949928
7.9039	-0.0127584
7.90414	-0.011037
7.90438	-0.00506913
7.90463	0.00164299
7.90487	0.00440509
7.90512	0.00230216
7.90536	-0.00117907
7.90561	-0.00352252
7.90585	-0.00498826
7.9061	-0.00443278
7.90634	0.000599589
7.90659	0.00728391
7.90683	0.00732623
7.90707	-0.00220798
7.90732	-0.0124789
7.90756	-0.0124358
7.90781	-0.00218676
7.90805	0.00785457
7.9083	0.00976851
7.90854	0.00577857
7.90879	0.00296171
7.90903	0.00388885
7.90928	0.00487031
7.90952	0.00273444
7.90977	0.000501316
7.91001	0.00364271
7.91025	0.0113943
7.9105	0.0160095
7.91074	0.0125641
7.91099	0.00562795
7.91123	0.00256706
7.91148	0.00344222
7.91172	0.00265205
7.91197	-0.00125032
7.91221	-0.00348428
7.91246	-0.00111315
7.9127	0.0024985
7.91295	0.00372956
7.91319	0.00501485
7.91343	0.0110821
7.91368	0.0202808
7.91392	0.0239316
7.91417	0.0163303
7.91441	0.00329719
7.91466	-0.00299217
7.9149	0.00196567
7.91515	0.0104404
7.91539	0.0140334
7.91564	0.0141361
7.91588	0.0154164
7.91613	0.0148458
7.91637	0.00748606
7.91661	-0.000119475
7.91686	0.00402824
7.9171	0.0169578
7.91735	0.0213915
7.91759	0.0122446
7.91784	0.00703169
7.91808	0.01916
7.91833	0.0345645
7.91857	0.030757
7.91882	0.0100297
7.91906	-0.00461484
7.9193	-0.00238801
7.91955	0.00547134
7.91979	0.0089444
7.92004	0.0128573
7.92028	0.0212477
7.92053	0.025135
7.92077	0.0172427
7.92102	0.00737102
7.92126	0.00988406
7.92151	0.0223326
7.92175	0.0294652
7.922	0.0257007
7.92224	0.0208337
7.92248	0.0224751
7.92273	0.0249805
7.92297	0.0213319
7.92322	0.0165265
7.92346	0.019876
7.92371	0.029007
7.92395	0.0321333
7.9242	0.0255812
7.92444	0.0186783
7.92469	0.0186882
7.92493	0.0206277
7.92518	0.0175563
7.92542	0.012356
7.92566	0.0112308
7.92591	0.0124239
7.92615	0.0110913
7.9264	0.00997327
7.92664	0.0139999
7.92689	0.0182726
7.92713	0.0142075
7.92738	0.00555985
7.92762	0.00438265
7.92787	0.0109517
7.92811	0.0127185
7.92836	0.00575176
7.9286	0.00164911
7.92884	0.0074472
7.92909	0.01368
7.92933	0.0111683
7.92958	0.00645177
7.92982	0.00954238
7.93007	0.0168829
7.93031	0.0182695
7.93056	0.0127817
7.9308	0.0067053
7.93105	0.00230993
7.93129	-0.000680751
7.93153	0.00137674
7.93178	0.0101938
7.93202	0.0182756
7.93227	0.0179438
7.93251	0.0133366
7.93276	0.013442
7.933	0.0174296
7.93325	0.0175678
7.93349	0.0136705
7.93374	0.0135496
7.93398	0.0198292
7.93423	0.0258621
7.93447	0.0255221
7.93471	0.0200231
7.93496	0.0143574
7.9352	0.0119949
7.93545	0.0130155
7.93569	0.0142436
7.93594	0.0126138
7.93618	0.0100158
7.93643	0.0110818
7.93667	0.0150897
7.93692	0.016442
7.93716	0.0150178
7.93741	0.0174092
7.93765	0.0243858
7.93789	0.0270513
7.93814	0.0209086
7.93838	0.0135783
7.93863	0.0118881
7.93887	0.0120007
7.93912	0.0102217
7.93936	0.0119874
7.93961	0.0198316
7.93985	0.0237321
7.9401	0.0158932
7.94034	0.00518635
7.94059	0.00337821
7.94083	0.00609479
7.94107	0.00220612
7.94132	-0.00579518
7.94156	-0.00666221
7.94181	0.000309063
7.94205	0.00637161
7.9423	0.00894215
7.94254	0.011392
7.94279	0.0119865
7.94303	0.00764673
7.94328	0.00396915
7.94352	0.00689229
7.94376	0.00988169
7.94401	0.00466476
7.94425	-0.0020052
7.9445	0.0001555
7.94474	0.00388538
7.94499	-0.00397626
7.94523	-0.0152339
7.94548	-0.00961761
7.94572	0.0100443
7.94597	0.0185482
7.94621	0.00770058
7.94646	-0.00159523
7.9467	0.00516858
7.94694	0.0137905
7.94719	0.00769633
7.94743	-0.00497739
7.94768	-0.00714856
7.94792	0.000690005
7.94817	0.00653437
7.94841	0.00707677
7.94866	0.00586126
7.9489	0.00102565
7.94915	-0.00946368
7.94939	-0.0171353
7.94964	-0.0119637
7.94988	0.00191105
7.95012	0.0108937
7.95037	0.00910538
7.95061	0.00181317
7.95086	-0.00426669
7.9511	-0.00564683
7.95135	-0.00112988
7.95159	0.00573466
7.95184	0.0068715
7.95208	-0.000754306
7.95233	-0.00977052
7.95257	-0.012508
7.95282	-0.0109513
7.95306	-0.0100121
7.9533	-0.00764429
7.95355	-0.000711009
7.95379	0.00505064
7.95404	0.00196807
7.95428	-0.00588273
7.95453	-0.00718968
7.95477	-0.000573186
7.95502	0.0037676
7.95526	0.000586464
7.95551	-0.00298265
7.95575	-0.000226253
7.95599	0.0043088
7.95624	0.00325575
7.95648	-0.000966176
7.95673	-0.000312825
7.95697	0.00508932
7.95722	0.00611084
7.95746	-0.00152633
7.95771	-0.0099782
7.95795	-0.00959555
7.9582	-0.00129224
7.95844	0.00630114
7.95869	0.00836422
7.95893	0.00674792
7.95917	0.00393147
7.95942	0.00112125
7.95966	0.00127251
7.95991	0.00635625
7.96015	0.0113424
7.9604	0.00888043
7.96064	0.00119724
7.96089	-0.00117873
7.96113	0.00543248
7.96138	0.0131921
7.96162	0.0158578
7.96187	0.0157704
7.96211	0.013646
7.96235	0.00422391
7.9626	-0.0102414
7.96284	-0.0151565
7.96309	-0.00357311
7.96333	0.0102033
7.96358	0.0101345
7.96382	0.00151336
7.96407	-0.000441601
7.96431	0.00410733
7.96456	0.00344823
7.9648	-0.00301549
7.96505	-0.00511165
7.96529	-0.00157815
7.96553	-0.000545865
7.96578	-0.00207307
7.96602	0.000951588
7.96627	0.00523039
7.96651	0.000378875
7.96676	-0.00914516
7.967	-0.00670113
7.96725	0.00785857
7.96749	0.013849
7.96774	0.00181926
7.96798	-0.0106177
7.96823	-0.00625764
7.96847	0.00652916
7.96871	0.00968978
7.96896	0.00159873
7.9692	-0.00708657
7.96945	-0.0112919
7.96969	-0.0108714
7.96994	-0.00287999
7.97018	0.0106481
7.97043	0.016149
7.97067	0.00502085
7.97092	-0.0101752
7.97116	-0.0108747
7.9714	0.00156384
7.97165	0.00988814
7.97189	0.00671128
7.97214	0.000796105
7.97238	-0.00057796
7.97263	-0.000146342
7.97287	-0.000426049
7.97312	0.00119604
7.97336	0.00386754
7.97361	0.00144649
7.97385	-0.00630039
7.9741	-0.0103182
7.97434	-0.00511537
7.97458	0.00282076
7.97483	0.00457647
7.97507	0.000355994
7.97532	-0.0036052
7.97556	-0.00419713
7.97581	-0.0021735
7.97605	0.00175061
7.9763	0.0058085
7.97654	0.00565683
7.97679	2.45959e-05
7.97703	-0.00449782
7.97728	-0.000881654
7.97752	0.00734722
7.97776	0.00973825
7.97801	0.00380729
7.97825	-0.00176831
7.9785	-0.00124814
7.97874	-0.00011208
7.97899	-0.00333557
7.97923	-0.00409516
7.97948	0.00532978
7.97972	0.0172031
7.97997	0.0166849
7.98021	0.00512838
7.98046	-6.6294e-05
7.9807	0.00801675
7.98094	0.014564
7.98119	0.00626377
7.98143	-0.00728688
7.98168	-0.00756862
7.98192	0.00605321
7.98217	0.0168475
7.98241	0.0139139
7.98266	0.00288731
7.9829	-0.00510275
7.98315	-0.00527931
7.98339	-2.75731e-05
7.98363	0.00488748
7.98388	0.00481974
7.98412	0.00118386
7.98437	-0.000263649
7.98461	0.00127568
7.98486	1.33736e-05
7.9851	-0.00481833
7.98535	-0.00459955
7.98559	0.00425199
7.98584	0.0109388
7.98608	0.0054873
7.98633	-0.00524718
7.98657	-0.00854477
7.98681	-0.00476565
7.98706	-0.00197154
7.9873	0.000697382
7.98755	0.00844937
7.98779	0.0155142
7.98804	0.0117556
7.98828	0.00127947
7.98853	-0.00276484
7.98877	0.000329871
7.98902	0.000138831
7.98926	-0.00378203
7.98951	-0.00130571
7.98975	0.00700957
7.98999	0.00782899
7.99024	-0.00204611
7.99048	-0.00909141
7.99073	-0.00485408
7.99097	0.0024799
7.99122	0.00426935
7.99146	0.00318943
7.99171	0.00229525
7.99195	-0.00215677
7.9922	-0.00937135
7.99244	-0.00977541
7.99269	-0.000306499
7.99293	0.00848601
7.99317	0.00790646
7.99342	0.00204552
7.99366	-0.0026386
7.99391	-0.00619526
7.99415	-0.0079562
7.9944	-0.00361178
7.99464	0.0042443
7.99489	0.00577796
7.99513	-8.52266e-05
7.99538	-0.00303776
7.99562	-1.5219e-06
7.99586	-0.000384657
7.99611	-0.00621569
7.99635	-0.00507735
7.9966	0.00737011
7.99684	0.0158054
7.99709	0.00894178
7.99733	-0.00151512
7.99758	-0.000103291
7.99782	0.00868309
7.99807	0.0111292
7.99831	0.00599886
7.99856	0.000409559
7.9988	-0.00418077
7.99904	-0.00718152
7.99929	-0.00214679
7.99953	0.0100906
7.99978	0.014117
8.00002	0.00205184
8.00027	-0.00986525
8.00051	-0.0048382
8.00076	0.00732745
8.001	0.00743906
8.00125	-0.000913246
8.00149	-0.000759496
8.00174	0.00613662
8.00198	0.00399305
8.00222	-0.00521112
8.00247	-0.00354004
8.00271	0.00929735
8.00296	0.01266
8.0032	0.000294902
8.00345	-0.00770423
8.00369	0.00241352
8.00394	0.0167933
8.00418	0.0176722
8.00443	0.00880694
8.00467	0.0034092
8.00492	0.00268975
8.00516	0.00109153
8.0054	0.000442486
8.00565	0.00422772
8.00589	0.00696794
8.00614	0.00303466
8.00638	-0.000916771
8.00663	0.00470806
8.00687	0.0156914
8.00712	0.0189472
8.00736	0.0115333
8.00761	0.00358346
8.00785	0.00268214
8.00809	0.00471731
8.00834	0.00203718
8.00858	-0.00567578
8.00883	-0.011391
8.00907	-0.00897223
8.00932	-0.000161776
8.00956	0.00659065
8.00981	0.00548522
8.01005	0.000798529
8.0103	0.0011907
8.01054	0.00700341
8.01079	0.00962224
8.01103	0.00534266
8.01127	0.00204244
8.01152	0.00643426
8.01176	0.0112909
8.01201	0.00455597
8.01225	-0.0112658
8.0125	-0.0189093
8.01274	-0.00820021
8.01299	0.00932589
8.01323	0.0135327
8.01348	0.000240557
8.01372	-0.0138697
8.01397	-0.0117647
8.01421	0.00397427
8.01445	0.0158814
8.0147	0.0134274
8.01494	0.0038004
8.01519	0.000103903
8.01543	0.00511555
8.01568	0.0112083
8.01592	0.0124452
8.01617	0.0106673
8.01641	0.0102147
8.01666	0.0116308
8.0169	0.0117951
8.01715	0.00762047
8.01739	-0.000796834
8.01763	-0.00891219
8.01788	-0.0104235
8.01812	-0.00359552
8.01837	0.0059128
8.01861	0.0109222
8.01886	0.0102547
8.0191	0.00782224
8.01935	0.00618589
8.01959	0.00510704
8.01984	0.00531853
8.02008	0.00855769
8.02032	0.0131003
8.02057	0.0137475
8.02081	0.00828411
8.02106	0.00103284
8.0213	-0.00191955
8.02155	0.000813096
8.02179	0.00537361
8.02204	0.00702582
8.02228	0.00433153
8.02253	0.000237583
8.02277	-0.000882211
8.02302	0.00150334
8.02326	0.002776
8.0235	-0.000600352
8.02375	-0.00486371
8.02399	-0.0030446
8.02424	0.0047586
8.02448	0.0101543
8.02473	0.00753651
8.02497	0.00168096
8.02522	0.000315143
8.02546	0.00281849
8.02571	0.00240616
8.02595	-0.00171102
8.0262	-0.00177011
8.02644	0.0064106
8.02668	0.0151838
8.02693	0.0149173
8.02717	0.00836212
8.02742	0.00717628
8.02766	0.014306
8.02791	0.0185659
8.02815	0.0107759
8.0284	-0.00210302
8.02864	-0.00645363
8.02889	-0.0013014
8.02913	0.00148548
8.02938	-0.00405736
8.02962	-0.00909079
8.02986	-0.00414787
8.03011	0.00566312
8.03035	0.00768412
8.0306	0.000617292
8.03084	-0.00269402
8.03109	0.00676168
8.03133	0.0204788
8.03158	0.0223089
8.03182	0.00890548
8.03207	-0.00641311
8.03231	-0.0107655
8.03255	-0.00606574
8.0328	-0.00241553
8.03304	-0.00280259
8.03329	-0.00197728
8.03353	0.00183337
8.03378	0.00339556
8.03402	0.000258551
8.03427	-0.00226707
8.03451	0.000285036
8.03476	0.00476054
8.035	0.00633199
8.03525	0.00449562
8.03549	-0.00121779
8.03573	-0.0133047
8.03598	-0.0271251
8.03622	-0.0282054
8.03647	-0.00956683
8.03671	0.013741
8.03696	0.0195292
8.0372	0.00538212
8.03745	-0.0105804
8.03769	-0.0139866
8.03794	-0.00733691
8.03818	0.000575428
8.03843	0.00552377
8.03867	0.00593191
8.03891	0.00165918
8.03916	-0.00181268
8.0394	0.00211031
8.03965	0.00949872
8.03989	0.0090057
8.04014	-0.000282448
8.04038	-0.00552287
8.04063	0.000304679
8.04087	0.00711746
8.04112	0.00361533
8.04136	-0.00579305
8.04161	-0.00943206
8.04185	-0.00557672
8.04209	-0.000898334
8.04234	0.00205897
8.04258	0.00480389
8.04283	0.00427649
8.04307	-0.00426727
8.04332	-0.0164795
8.04356	-0.0208227
8.04381	-0.0127244
8.04405	2.47143e-05
8.0443	0.00712781
8.04454	0.00536172
8.04478	-0.00216397
8.04503	-0.0102076
8.04527	-0.0130275
8.04552	-0.00719799
8.04576	0.00380111
8.04601	0.0109265
8.04625	0.00859609
8.0465	0.000485635
8.04674	-0.0060258
8.04699	-0.00878269
8.04723	-0.0103234
8.04748	-0.0102109
8.04772	-0.00469008
8.04796	0.00408204
8.04821	0.00613486
8.04845	-0.00233665
8.0487	-0.0093586
8.04894	-0.0023721
8.04919	0.0105457
8.04943	0.00930485
8.04968	-0.00744679
8.04992	-0.0172815
8.05017	-0.00643383
8.05041	0.00978927
8.05066	0.0113192
8.0509	0.00262498
8.05114	0.000524387
8.05139	0.00506463
8.05163	0.00388698
8.05188	-0.0019618
8.05212	7.98382e-05
8.05237	0.0089564
8.05261	0.00985653
8.05286	0.000458655
8.0531	-0.00452158
8.05335	0.00134958
8.05359	0.00710291
8.05384	0.00565819
8.05408	0.00386018
8.05432	0.00468529
8.05457	5.70099e-05
8.05481	-0.00973548
8.05506	-0.00990021
8.0553	0.00393893
8.05555	0.013961
8.05579	0.00720071
8.05604	-0.00346521
8.05628	-0.00139706
8.05653	0.00717456
8.05677	0.00716517
8.05702	0.00142729
8.05726	0.00267192
8.0575	0.00859135
8.05775	0.00668149
8.05799	-0.00202181
8.05824	-0.00491465
8.05848	-0.000872953
8.05873	-0.00160336
8.05897	-0.00945845
8.05922	-0.0117796
8.05946	-0.00125023
8.05971	0.01219
8.05995	0.0151289
8.06019	0.00667602
8.06044	-0.00370345
8.06068	-0.00773516
8.06093	-0.00485877
8.06117	-0.00153673
8.06142	-0.00477142
8.06166	-0.013443
8.06191	-0.0181803
8.06215	-0.0129459
8.0624	-0.00271724
8.06264	0.00423248
8.06289	0.00639255
8.06313	0.00652799
8.06337	0.00516482
8.06362	0.00259524
8.06386	0.00170556
8.06411	0.00269895
8.06435	0.000877181
8.0646	-0.00453188
8.06484	-0.00635842
8.06509	-0.000896698
8.06533	0.00445621
8.06558	0.00279235
8.06582	-0.00105067
8.06607	7.9569e-05
8.06631	0.00271615
8.06655	-3.73646e-05
8.0668	-0.00474452
8.06704	-0.0025046
8.06729	0.00647592
8.06753	0.0133215
8.06778	0.0124996
8.06802	0.00549877
8.06827	-0.00351542
8.06851	-0.00894288
8.06876	-0.00602911
8.069	0.00161629
8.06925	0.00335691
8.06949	-0.0036113
8.06973	-0.00929884
8.06998	-0.00699685
8.07022	-0.00306182
8.07047	-0.00272685
8.07071	0.000217332
8.07096	0.00840443
8.0712	0.0101172
8.07145	-0.00160471
8.07169	-0.0128074
8.07194	-0.00897794
8.07218	0.00132241
8.07242	0.00276644
8.07267	0.000397951
8.07291	0.00702261
8.07316	0.0145881
8.0734	0.00608264
8.07365	-0.0105814
8.07389	-0.0108115
8.07414	0.0059746
8.07438	0.0144273
8.07463	0.00511553
8.07487	-0.00214052
8.07512	0.00516805
8.07536	0.011575
8.0756	0.00305684
8.07585	-0.00836442
8.07609	-0.00699856
8.07634	-9.92758e-05
8.07658	-0.00261197
8.07683	-0.0105205
8.07707	-0.00948553
8.07732	-0.000120402
8.07756	0.0042927
8.07781	0.000116418
8.07805	-0.00293171
8.0783	0.00136515
8.07854	0.00792225
8.07878	0.00976407
8.07903	0.00637708
8.07927	0.00165743
8.07952	-0.00121483
8.07976	-0.00214559
8.08001	-0.00333038
8.08025	-0.00551042
8.0805	-0.00594369
8.08074	-0.00305684
8.08099	-0.000595565
8.08123	-0.00165365
8.08148	-0.00191651
8.08172	0.00301599
8.08196	0.00696878
8.08221	0.000885794
8.08245	-0.0107189
8.0827	-0.0138094
8.08294	-0.00548235
8.08319	0.00268812
8.08343	0.00337423
8.08368	0.00176351
8.08392	0.00212004
8.08417	0.000227071
8.08441	-0.00537386
8.08465	-0.00716944
8.0849	-0.000260967
8.08514	0.00974466
8.08539	0.0153101
8.08563	0.0143402
8.08588	0.00681184
8.08612	-0.00462693
8.08637	-0.00925393
8.08661	0.00211254
8.08686	0.0191051
8.0871	0.0199059
8.08735	0.0026995
8.08759	-0.00890055
8.08783	-0.000412947
8.08808	0.0122198
8.08832	0.00901668
8.08857	-0.0034952
8.08881	-0.00584609
8.08906	0.00284844
8.0893	0.0067701
8.08955	-2.92805e-05
8.08979	-0.00751616
8.09004	-0.00757544
8.09028	-0.00262793
8.09053	0.00293126
8.09077	0.00743846
8.09101	0.00840926
8.09126	0.00436175
8.0915	-0.000452993
8.09175	-0.00128629
8.09199	-0.000815229
8.09224	-0.00411793
8.09248	-0.00883918
8.09273	-0.00879914
8.09297	-0.00457376
8.09322	-0.00192706
8.09346	-0.00202757
8.09371	-0.00153298
8.09395	-0.000435999
8.09419	-0.00157516
8.09444	-0.00352013
8.09468	-0.00161996
8.09493	0.00414317
8.09517	0.0085366
8.09542	0.0080364
8.09566	0.00370849
8.09591	-0.00164454
8.09615	-0.00514163
8.0964	-0.00444287
8.09664	-0.00036785
8.09688	0.00327903
8.09713	0.00489716
8.09737	0.00651224
8.09762	0.00813943
8.09786	0.00648998
8.09811	0.00197667
8.09835	-0.000109756
8.0986	0.000897197
8.09884	-0.00117374
8.09909	-0.00695025
8.09933	-0.00677633
8.09958	0.00364903
8.09982	0.0125264
8.10006	0.00779612
8.10031	-0.0040202
8.10055	-0.00749462
8.1008	-0.00116685
8.10104	0.00312526
8.10129	0.000812082
8.10153	-1.05688e-05
8.10178	0.0056321
8.10202	0.0113244
8.10227	0.0101393
8.10251	0.00397544
8.10276	-0.00169071
8.103	-0.0048208
8.10324	-0.00521587
8.10349	-0.00224569
8.10373	0.00245695
8.10398	0.00463078
8.10422	0.00252413
8.10447	-0.000815201
8.10471	-0.00195845
8.10496	-0.0010373
8.1052	-0.000257272
8.10545	-0.000694042
8.10569	-0.00132018
8.10594	-0.000391152
8.10618	0.00184522
8.10642	0.0022492
8.10667	-0.000891999
8.10691	-0.00345678
8.10716	-0.000371557
8.1074	0.00518746
8.10765	0.00479302
8.10789	-0.00145338
8.10814	-0.00319368
8.10838	0.00395945
8.10863	0.0101928
8.10887	0.00655262
8.10911	-0.000774321
8.10936	-0.000710475
8.1096	0.00548268
8.10985	0.00805194
8.11009	0.00455915
8.11034	0.000648402
8.11058	-0.001402
8.11083	-0.00397321
8.11107	-0.00609411
8.11132	-0.00423501
8.11156	0.000218946
8.11181	0.00300382
8.11205	0.00456049
8.11229	0.00727289
8.11254	0.0081328
8.11278	0.00321567
8.11303	-0.00372656
8.11327	-0.00696996
8.11352	-0.00946645
8.11376	-0.0164771
8.11401	-0.0220127
8.11425	-0.0153653
8.1145	-0.000112362
8.11474	0.00782317
8.11499	0.00258566
8.11523	-0.00467073
8.11547	-0.00402085
8.11572	0.00107372
8.11596	0.00387626
8.11621	0.00434272
8.11645	0.0036012
8.1167	-0.000622928
8.11694	-0.00711505
8.11719	-0.00902691
8.11743	-0.00410343
8.11768	0.00144788
8.11792	0.00362231
8.11817	0.00579013
8.11841	0.00871311
8.11865	0.00598726
8.1189	-0.00413534
8.11914	-0.0122197
8.11939	-0.0104141
8.11963	-0.00316335
8.11988	0.001947
8.12012	0.00507709
8.12037	0.00806332
8.12061	0.00680083
8.12086	-0.000615809
8.1211	-0.0062776
8.12134	-0.00354013
8.12159	0.00140423
8.12183	-6.32945e-05
8.12208	-0.00399329
8.12232	-0.00168197
8.12257	0.00369107
8.12281	0.00270891
8.12306	-0.00204703
8.1233	0.000604729
8.12355	0.00977143
8.12379	0.0116612
8.12404	0.00196515
8.12428	-0.00652335
8.12452	-0.00414208
8.12477	0.00172476
8.12501	0.000826395
8.12526	-0.0038608
8.1255	-0.00408702
8.12575	-0.000939302
8.12599	-0.00034649
8.12624	-0.000799449
8.12648	0.00266006
8.12673	0.00631862
8.12697	0.00178773
8.12722	-0.00894921
8.12746	-0.0135829
8.1277	-0.00604845
8.12795	0.00604103
8.12819	0.0126564
8.12844	0.0119566
8.12868	0.00696411
8.12893	-0.000142694
8.12917	-0.00576241
8.12942	-0.00389839
8.12966	0.006031
8.12991	0.0148516
8.13015	0.0135705
8.1304	0.0048321
8.13064	-0.00144292
8.13088	-0.00124614
8.13113	0.00117199
8.13137	0.00220024
8.13162	0.00233786
8.13186	0.000761921
8.13211	-0.00530421
8.13235	-0.0132593
8.1326	-0.0146794
8.13284	-0.00671969
8.13309	0.00205228
8.13333	0.00285691
8.13358	-0.00131684
8.13382	-0.00172862
8.13406	0.00206481
8.13431	0.00284449
8.13455	-0.00106219
8.1348	-0.0027599
8.13504	0.00123146
8.13529	0.00485077
8.13553	0.00288044
8.13578	5.22898e-05
8.13602	0.00291833
8.13627	0.0077762
8.13651	0.00548186
8.13675	-0.00339945
8.137	-0.00738321
8.13724	-6.00359e-05
8.13749	0.0101823
8.13773	0.0110839
8.13798	0.00225472
8.13822	-0.00582392
8.13847	-0.00614778
8.13871	-0.00216631
8.13896	-5.66902e-05
8.1392	8.66165e-05
8.13945	0.00196585
8.13969	0.00540394
8.13993	0.00568018
8.14018	0.000350931
8.14042	-0.00684355
8.14067	-0.0102165
8.14091	-0.00827612
8.14116	-0.00422551
8.1414	-0.00183667
8.14165	-0.00249689
8.14189	-0.00533427
8.14214	-0.00811235
8.14238	-0.00813191
8.14263	-0.00423776
8.14287	0.00146731
8.14311	0.00526447
8.14336	0.00552532
8.1436	0.00359174
8.14385	0.00132957
8.14409	0.000173544
8.14434	0.00241836
8.14458	0.0092711
8.14483	0.0160007
8.14507	0.0142304
8.14532	0.00351203
8.14556	-0.00421866
8.14581	0.000895853
8.14605	0.0111888
8.14629	0.0108601
8.14654	0.000119902
8.14678	-0.00351554
8.14703	0.00732205
8.14727	0.0154948
8.14752	0.00419419
8.14776	-0.0149514
8.14801	-0.0160015
8.14825	0.00360158
8.1485	0.0187902
8.14874	0.0125265
8.14898	-0.00259433
8.14923	-0.00647183
8.14947	3.98935e-05
8.14972	0.00164515
8.14996	-0.00611674
8.15021	-0.0126348
8.15045	-0.00971359
8.1507	-0.0011811
8.15094	0.00481045
8.15119	0.00439938
8.15143	-0.0013097
8.15168	-0.0077012
8.15192	-0.00888631
8.15216	-0.00343311
8.15241	0.00321021
8.15265	0.00591361
8.1529	0.00649156
8.15314	0.00834166
8.15339	0.00866959
8.15363	0.00290784
8.15388	-0.00631018
8.15412	-0.012053
8.15437	-0.0125469
8.15461	-0.0105581
8.15486	-0.00633268
8.1551	0.000278491
8.15534	0.00331836
8.15559	-0.00318786
8.15583	-0.0129838
8.15608	-0.0122642
8.15632	0.00109353
8.15657	0.0124307
8.15681	0.00852836
8.15706	-0.00608701
8.1573	-0.0153867
8.15755	-0.0100247
8.15779	0.00367865
8.15804	0.0106235
8.15828	0.00270914
8.15852	-0.0106123
8.15877	-0.0114536
8.15901	0.00318612
8.15926	0.0147818
8.1595	0.0083298
8.15975	-0.0047686
8.15999	-0.00346279
8.16024	0.00994204
8.16048	0.013638
8.16073	0.00185892
8.16097	-0.00650653
8.16121	-0.000125777
8.16146	0.00700324
8.1617	0.00150658
8.16195	-0.00638888
8.16219	-0.00261568
8.16244	0.00476909
8.16268	-0.000140503
8.16293	-0.0124182
8.16317	-0.0140327
8.16342	-0.00396016
8.16366	0.00139243
8.16391	-0.00389469
8.16415	-0.0077637
8.16439	-0.00286811
8.16464	0.00206619
8.16488	-0.000687159
8.16513	-0.00517885
8.16537	-0.00413398
8.16562	-0.00135989
8.16586	-0.00259627
8.16611	-0.00343609
8.16635	0.0033051
8.1666	0.013854
8.16684	0.0170183
8.16709	0.00972118
8.16733	0.000961649
8.16757	-0.000635177
8.16782	0.00240676
8.16806	0.00095467
8.16831	-0.00795167
8.16855	-0.0167958
8.1688	-0.0170819
8.16904	-0.00999911
8.16929	-0.00390208
8.16953	-0.00282141
8.16978	-0.00311968
8.17002	-0.00163016
8.17027	-0.00010476
8.17051	0.000513077
8.17075	0.00257183
8.171	0.00466639
8.17124	0.000580131
8.17149	-0.00867694
8.17173	-0.010761
8.17198	0.000614651
8.17222	0.0119996
8.17247	0.00670288
8.17271	-0.00977084
8.17296	-0.0153958
8.1732	-0.00217763
8.17344	0.0133542
8.17369	0.0135234
8.17393	0.00104879
8.17418	-0.00893337
8.17442	-0.00914697
8.17467	-0.00476511
8.17491	-0.00259028
8.17516	-0.0026143
8.1754	6.15192e-05
8.17565	0.00751901
8.17589	0.013726
8.17614	0.00924491
8.17638	-0.00613475
8.17662	-0.0192329
8.17687	-0.0178108
8.17711	-0.00620571
8.17736	0.000723074
8.1776	-0.00300114
8.17785	-0.009902
8.17809	-0.0126218
8.17834	-0.0116448
8.17858	-0.00851234
8.17883	-0.00203784
8.17907	0.00523038
8.17932	0.00630922
8.17956	0.000473837
8.1798	-0.00319731
8.18005	0.00188023
8.18029	0.0104875
8.18054	0.0134894
8.18078	0.00917777
8.18103	0.00216663
8.18127	-0.00358874
8.18152	-0.00625751
8.18176	-0.00561181
8.18201	-0.00482014
8.18225	-0.00766693
8.1825	-0.011083
8.18274	-0.00703166
8.18298	0.0044398
8.18323	0.011782
8.18347	0.00729652
8.18372	-0.00135173
8.18396	-0.0022745
8.18421	0.00424125
8.18445	0.00890215
8.1847	0.00802077
8.18494	0.00556546
8.18519	0.0036623
8.18543	0.000620566
8.18567	-0.00257779
8.18592	-0.00256655
8.18616	-0.000639455
8.18641	-0.00185299
8.18665	-0.00633948
8.1869	-0.00852475
8.18714	-0.00624868
8.18739	-0.00400773
8.18763	-0.00522508
8.18788	-0.00733222
8.18812	-0.0069867
8.18837	-0.00468559
8.18861	-0.00139409
8.18885	0.00405079
8.1891	0.0103718
8.18934	0.011552
8.18959	0.00447764
8.18983	-0.00425683
8.19008	-0.00534937
8.19032	0.000376436
8.19057	0.0023159
8.19081	-0.00542504
8.19106	-0.0153866
8.1913	-0.016173
8.19155	-0.00685913
8.19179	0.00306289
8.19203	0.00659847
8.19228	0.00599507
8.19252	0.0052052
8.19277	0.00191627
8.19301	-0.00722519
8.19326	-0.0165886
8.1935	-0.0147908
8.19375	-0.000124114
8.19399	0.0133811
8.19424	0.0108382
8.19448	-0.00489309
8.19473	-0.0156507
8.19497	-0.0100351
8.19521	0.00263075
8.19546	0.00488473
8.1957	-0.00579941
8.19595	-0.0141683
8.19619	-0.00852505
8.19644	0.00333466
8.19668	0.00599408
8.19693	-0.00156184
8.19717	-0.00613332
8.19742	-0.00108642
8.19766	0.00497991
8.1979	0.00371173
8.19815	-0.000202791
8.19839	0.00100116
8.19864	0.00476523
8.19888	0.00477718
8.19913	0.0037871
8.19937	0.00782235
8.19962	0.0122327
8.19986	0.00700016
8.20011	-0.0055525
8.20035	-0.0121425
8.2006	-0.00859072
8.20084	-0.00487208
8.20108	-0.00709491
8.20133	-0.00837751
8.20157	-0.0037526
8.20182	-0.000943873
8.20206	-0.0069356
8.20231	-0.0145658
8.20255	-0.0136745
8.2028	-0.0074263
8.20304	-0.00558602
8.20329	-0.00759269
8.20353	-0.00500447
8.20378	0.00277594
8.20402	0.00776593
8.20426	0.00695732
8.20451	0.00497568
8.20475	0.00355308
8.205	-0.000315132
8.20524	-0.00502026
8.20549	-0.00462769
8.20573	-0.000615046
8.20598	-0.00188174
8.20622	-0.00928837
8.20647	-0.0116752
8.20671	-0.00325791
8.20696	0.00595986
8.2072	0.0057039
8.20744	0.0016121
8.20769	0.00451013
8.20793	0.0108322
8.20818	0.00797834
8.20842	-0.0037229
8.20867	-0.00945261
8.20891	-0.0021834
8.20916	0.00715727
8.2094	0.00717189
8.20965	0.0019415
8.20989	0.00115452
8.21014	0.00356363
8.21038	0.00122531
8.21062	-0.00523166
8.21087	-0.00745844
8.21111	-0.00366849
8.21136	-0.000844238
8.2116	-0.00191528
8.21185	-0.00126776
8.21209	0.00390327
8.21234	0.00712528
8.21258	0.00266401
8.21283	-0.00537669
8.21307	-0.00962639
8.21331	-0.00906666
8.21356	-0.00631765
8.2138	-0.00134956
8.21405	0.00503799
8.21429	0.00666096
8.21454	-0.000416995
8.21478	-0.00892234
8.21503	-0.00818822
8.21527	0.000454183
8.21552	0.00512984
8.21576	0.000289737
8.21601	-0.00678753
8.21625	-0.00800104
8.21649	-0.0046125
8.21674	-0.00212017
8.21698	-0.00175456
8.21723	-0.00121631
8.21747	0.000920102
8.21772	0.00494495
8.21796	0.0103304
8.21821	0.013951
8.21845	0.0119458
8.2187	0.00513366
8.21894	-0.00151256
8.21919	-0.00572735
8.21943	-0.00905938
8.21967	-0.0105089
8.21992	-0.00636587
8.22016	0.00121211
8.22041	0.00360062
8.22065	-0.00187251
8.2209	-0.00664047
8.22114	-0.00383447
8.22139	0.00121628
8.22163	0.00108224
8.22188	-0.000509818
8.22212	0.00400955
8.22237	0.0107397
8.22261	0.00890879
8.22285	-0.000860667
8.2231	-0.00575017
8.22334	9.25662e-05
8.22359	0.00736025
8.22383	0.00676388
8.22408	0.00194284
8.22432	0.000871095
8.22457	0.00310418
8.22481	0.00388014
8.22506	0.00439586
8.2253	0.00819708
8.22554	0.0111239
8.22579	0.00567838
8.22603	-0.00507848
8.22628	-0.00870423
8.22652	-0.00120971
8.22677	0.00600254
8.22701	0.00279693
8.22726	-0.00428457
8.2275	-0.00217374
8.22775	0.00857305
8.22799	0.0151534
8.22824	0.0125093
8.22848	0.00918568
8.22872	0.0102351
8.22897	0.00737496
8.22921	-0.00509658
8.22946	-0.0151938
8.2297	-0.00785897
8.22995	0.0105408
8.23019	0.0181251
8.23044	0.00822307
8.23068	-0.00146458
8.23093	0.00411064
8.23117	0.0152646
8.23142	0.0131964
8.23166	-0.00202212
8.2319	-0.0125691
8.23215	-0.00805649
8.23239	0.00332563
8.23264	0.00913012
8.23288	0.00726521
8.23313	0.00321091
8.23337	0.00092703
8.23362	0.00118575
8.23386	0.00366401
8.23411	0.00615989
8.23435	0.00488042
8.2346	-0.000871781
8.23484	-0.00652904
8.23508	-0.00776414
8.23533	-0.00621385
8.23557	-0.00653121
8.23582	-0.00903224
8.23606	-0.00916898
8.23631	-0.00494242
8.23655	-0.00123532
8.2368	-0.00358188
8.23704	-0.00903639
8.23729	-0.00787772
8.23753	0.00370241
8.23777	0.0164883
8.23802	0.0182697
8.23826	0.00899071
8.23851	0.000178547
8.23875	-0.000543712
8.239	0.00223456
8.23924	0.00101115
8.23949	-0.00366558
8.23973	-0.00623827
8.23998	-0.00517315
8.24022	-0.00309407
8.24047	-0.00125926
8.24071	0.000169559
8.24095	-0.00118668
8.2412	-0.00659809
8.24144	-0.0111106
8.24169	-0.00834001
8.24193	3.29608e-05
8.24218	0.00590559
8.24242	0.00591313
8.24267	0.00421761
8.24291	0.00325607
8.24316	-0.00071737
8.2434	-0.00938126
8.24365	-0.0162258
8.24389	-0.0142178
8.24413	-0.00578465
8.24438	0.000316619
8.24462	0.00010453
8.24487	-0.00244452
8.24511	-0.00238907
8.24536	0.000259016
8.2456	0.0019389
8.24585	4.28022e-06
8.24609	-0.00468899
8.24634	-0.00804485
8.24658	-0.00587359
8.24683	0.00152809
8.24707	0.00834993
