4.00007	0.0183439
4.00031	0.0173284
4.00056	0.0265817
4.0008	0.0327307
4.00105	0.028904
4.00129	0.0253437
4.00154	0.031518
4.00178	0.0389165
4.00203	0.0347882
4.00227	0.0249367
4.00252	0.025497
4.00276	0.0353266
4.003	0.0364148
4.00325	0.02405
4.00349	0.0163424
4.00374	0.025588
4.00398	0.0384346
4.00423	0.0373168
4.00447	0.0268991
4.00472	0.0234841
4.00496	0.0287007
4.00521	0.0309648
4.00545	0.0271816
4.0057	0.0262087
4.00594	0.0322655
4.00618	0.0388063
4.00643	0.039508
4.00667	0.0350537
4.00692	0.0289492
4.00716	0.0248096
4.00741	0.0264131
4.00765	0.0328774
4.0079	0.0363643
4.00814	0.0320865
4.00839	0.0266547
4.00863	0.0282957
4.00888	0.0339319
4.00912	0.0359465
4.00936	0.0362038
4.00961	0.0409888
4.00985	0.046595
4.0101	0.0443533
4.01034	0.0374446
4.01059	0.0374039
4.01083	0.0445754
4.01108	0.0477976
4.01132	0.0444283
4.01157	0.0439568
4.01181	0.0484927
4.01205	0.0471245
4.0123	0.036423
4.01254	0.029905
4.01279	0.0369049
4.01303	0.0466444
4.01328	0.0461291
4.01352	0.0416614
4.01377	0.0469669
4.01401	0.0583929
4.01426	0.0594993
4.0145	0.0473362
4.01475	0.0373819
4.01499	0.0404685
4.01523	0.048878
4.01548	0.0503902
4.01572	0.0450861
4.01597	0.0407236
4.01621	0.0388865
4.01646	0.0350519
4.0167	0.0299844
4.01695	0.0321674
4.01719	0.0459463
4.01744	0.0621157
4.01768	0.0656722
4.01793	0.0532269
4.01817	0.0388271
4.01841	0.0392197
4.01866	0.0546277
4.0189	0.0681614
4.01915	0.0654083
4.01939	0.0508023
4.01964	0.0411775
4.01988	0.0453962
4.02013	0.0556796
4.02037	0.0599941
4.02062	0.0574772
4.02086	0.0566035
4.02111	0.0607703
4.02135	0.0630528
4.02159	0.0571619
4.02184	0.0472957
4.02208	0.0423315
4.02233	0.0443855
4.02257	0.048759
4.02282	0.0520016
4.02306	0.0534847
4.02331	0.051471
4.02355	0.0455312
4.0238	0.0416659
4.02404	0.0462144
4.02428	0.0545366
4.02453	0.0552117
4.02477	0.0469339
4.02502	0.041263
4.02526	0.0457286
4.02551	0.0544238
4.02575	0.0593976
4.026	0.0608187
4.02624	0.0605008
4.02649	0.0562548
4.02673	0.0495505
4.02698	0.0480994
4.02722	0.0529045
4.02746	0.0537298
4.02771	0.0463508
4.02795	0.0421312
4.0282	0.0490364
4.02844	0.0558999
4.02869	0.0506087
4.02893	0.0421967
4.02918	0.0461555
4.02942	0.056995
4.02967	0.0569452
4.02991	0.046253
4.03016	0.0416263
4.0304	0.0464881
4.03064	0.0467106
4.03089	0.0382051
4.03113	0.0352649
4.03138	0.0449604
4.03162	0.0543536
4.03187	0.0522916
4.03211	0.045558
4.03236	0.0432577
4.0326	0.0418413
4.03285	0.0370236
4.03309	0.0356797
4.03334	0.043155
4.03358	0.0509469
4.03382	0.0496568
4.03407	0.0440903
4.03431	0.0435641
4.03456	0.0461534
4.0348	0.0442258
4.03505	0.0380876
4.03529	0.0334974
4.03554	0.0323395
4.03578	0.0348114
4.03603	0.0431819
4.03627	0.0543462
4.03651	0.0572645
4.03676	0.047864
4.037	0.0380287
4.03725	0.0391862
4.03749	0.0458565
4.03774	0.0473856
4.03798	0.0465139
4.03823	0.0512724
4.03847	0.0562044
4.03872	0.0494571
4.03896	0.0345638
4.03921	0.0270371
4.03945	0.0302211
4.03969	0.0325145
4.03994	0.0302027
4.04018	0.0344982
4.04043	0.0497573
4.04067	0.0615627
4.04092	0.0570782
4.04116	0.0445283
4.04141	0.0397774
4.04165	0.0425063
4.0419	0.0401809
4.04214	0.031284
4.04239	0.0289146
4.04263	0.0392623
4.04287	0.0498953
4.04312	0.0467813
4.04336	0.0341039
4.04361	0.0273823
4.04385	0.0315906
4.0441	0.0373156
4.04434	0.0379784
4.04459	0.0386248
4.04483	0.0432727
4.04508	0.0448472
4.04532	0.0368817
4.04557	0.0272176
4.04581	0.0283978
4.04605	0.0388771
4.0463	0.0459026
4.04654	0.0446022
4.04679	0.0413467
4.04703	0.0389199
4.04728	0.0327183
4.04752	0.0240264
4.04777	0.0226006
4.04801	0.030534
4.04826	0.0365061
4.0485	0.0331924
4.04874	0.0284788
4.04899	0.0309727
4.04923	0.035716
4.04948	0.0345322
4.04972	0.0305445
4.04997	0.0305486
4.05021	0.031292
4.05046	0.0264438
4.0507	0.0210239
4.05095	0.0249383
4.05119	0.0357717
4.05144	0.0417745
4.05168	0.0406779
4.05192	0.0423043
4.05217	0.0514127
4.05241	0.0598363
4.05266	0.0589075
4.0529	0.0505387
4.05315	0.0424487
4.05339	0.0395139
4.05364	0.0428535
4.05388	0.0512806
4.05413	0.0604689
4.05437	0.0653702
4.05462	0.0661369
4.05486	0.0682121
4.0551	0.0750775
4.05535	0.0841735
4.05559	0.0909379
4.05584	0.0935623
4.05608	0.092786
4.05633	0.0898593
4.05657	0.085625
4.05682	0.079595
4.05706	0.0697521
4.05731	0.0554345
4.05755	0.0405616
4.0578	0.0318583
4.05804	0.0326647
4.05828	0.0387996
4.05853	0.0413396
4.05877	0.0352192
4.05902	0.0258893
4.05926	0.0243723
4.05951	0.0328888
4.05975	0.0396346
4.06	0.0338299
4.06024	0.0217707
4.06049	0.0183269
4.06073	0.0249705
4.06097	0.0290819
4.06122	0.0257116
4.06146	0.0248986
4.06171	0.0322423
4.06195	0.0375901
4.0622	0.0326966
4.06244	0.0264555
4.06269	0.0296124
4.06293	0.0356892
4.06318	0.0327387
4.06342	0.0256339
4.06367	0.0289141
4.06391	0.0418512
4.06415	0.0489189
4.0644	0.0448185
4.06464	0.041887
4.06489	0.0494162
4.06513	0.0607001
4.06538	0.0664004
4.06562	0.0685864
4.06587	0.0742269
4.06611	0.0835621
4.06636	0.0919869
4.0666	0.097365
4.06685	0.099686
4.06709	0.0981457
4.06733	0.0931807
4.06758	0.0874111
4.06782	0.0810228
4.06807	0.0703996
4.06831	0.0551232
4.06856	0.0424579
4.0688	0.0400272
4.06905	0.0456032
4.06929	0.0484474
4.06954	0.0414588
4.06978	0.0297201
4.07003	0.0251722
4.07027	0.0330005
4.07051	0.0456071
4.07076	0.052142
4.071	0.0514369
4.07125	0.0505844
4.07149	0.0522918
4.07174	0.0518203
4.07198	0.0481703
4.07223	0.0491183
4.07247	0.0597341
4.07272	0.0735377
4.07296	0.0818905
4.0732	0.085555
4.07345	0.0893989
4.07369	0.0921521
4.07394	0.0907116
4.07418	0.0891137
4.07443	0.0924727
4.07467	0.0957327
4.07492	0.089849
4.07516	0.0770738
4.07541	0.0683259
4.07565	0.0657859
4.0759	0.060276
4.07614	0.0478986
4.07638	0.0375239
4.07663	0.0367555
4.07687	0.0399505
4.07712	0.0372674
4.07736	0.0296138
4.07761	0.0270466
4.07785	0.0343908
4.0781	0.0446404
4.07834	0.0479427
4.07859	0.0439273
4.07883	0.0417126
4.07908	0.0470035
4.07932	0.0530124
4.07956	0.049188
4.07981	0.0369358
4.08005	0.0287556
4.0803	0.0310775
4.08054	0.0372069
4.08079	0.0402815
4.08103	0.0428319
4.08128	0.047908
4.08152	0.0514576
4.08177	0.051477
4.08201	0.0542802
4.08226	0.062088
4.0825	0.0653909
4.08274	0.0596421
4.08299	0.0580777
4.08323	0.0722305
4.08348	0.0903929
4.08372	0.0951971
4.08397	0.094094
4.08421	0.108121
4.08446	0.134153
4.0847	0.145427
4.08495	0.132485
4.08519	0.116855
4.08544	0.115506
4.08568	0.116705
4.08592	0.105215
4.08617	0.0900468
4.08641	0.0883991
4.08666	0.0973145
4.0869	0.101236
4.08715	0.0980413
4.08739	0.0987612
4.08764	0.10744
4.08788	0.118803
4.08813	0.132917
4.08837	0.156212
4.08861	0.188377
4.08886	0.222007
4.0891	0.256142
4.08935	0.297699
4.08959	0.346984
4.08984	0.392915
4.09008	0.427493
4.09033	0.456791
4.09057	0.491304
4.09082	0.530116
4.09106	0.561152
4.09131	0.576269
4.09155	0.580534
4.09179	0.583401
4.09204	0.583273
4.09228	0.567471
4.09253	0.531111
4.09277	0.491137
4.09302	0.47456
4.09326	0.494178
4.09351	0.541458
4.09375	0.598652
4.094	0.646009
4.09424	0.658522
4.09449	0.61358
4.09473	0.512974
4.09497	0.388989
4.09522	0.279324
4.09546	0.200473
4.09571	0.149409
4.09595	0.119717
4.0962	0.104897
4.09644	0.0943
4.09669	0.080395
4.09693	0.0676871
4.09718	0.0633336
4.09742	0.0620485
4.09767	0.0525971
4.09791	0.0371292
4.09815	0.029742
4.0984	0.0342867
4.09864	0.0376784
4.09889	0.0302091
4.09913	0.0199356
4.09938	0.0188422
4.09962	0.0246826
4.09987	0.0266591
4.10011	0.0225298
4.10036	0.0192701
4.1006	0.0201633
4.10084	0.0217091
4.10109	0.0224714
4.10133	0.0252517
4.10158	0.029237
4.10182	0.0287773
4.10207	0.0230904
4.10231	0.0196932
4.10256	0.0237272
4.1028	0.0299676
4.10305	0.0307999
4.10329	0.0271596
4.10354	0.0253098
4.10378	0.0266888
4.10402	0.0283336
4.10427	0.0309016
4.10451	0.0377764
4.10476	0.0463166
4.105	0.0485071
4.10525	0.0425414
4.10549	0.0364554
4.10574	0.0367746
4.10598	0.0397257
4.10623	0.0378362
4.10647	0.0302003
4.10672	0.0218782
4.10696	0.0174002
4.1072	0.0189101
4.10745	0.0264922
4.10769	0.0359498
4.10794	0.0402521
4.10818	0.0377255
4.10843	0.0351535
4.10867	0.0384968
4.10892	0.0448419
4.10916	0.0484617
4.10941	0.0501313
4.10965	0.0540301
4.1099	0.0594494
4.11014	0.0629233
4.11038	0.0657069
4.11063	0.0714697
4.11087	0.0785808
4.11112	0.0826212
4.11136	0.0856706
4.11161	0.0953767
4.11185	0.114653
4.1121	0.139109
4.11234	0.164751
4.11259	0.191172
4.11283	0.216415
4.11307	0.235899
4.11332	0.2486
4.11356	0.25838
4.11381	0.26679
4.11405	0.269508
4.1143	0.26249
4.11454	0.247711
4.11479	0.230169
4.11503	0.211929
4.11528	0.191326
4.11552	0.166726
4.11577	0.139887
4.11601	0.11562
4.11625	0.0973476
4.1165	0.0832858
4.11674	0.0698576
4.11699	0.0587389
4.11723	0.0551321
4.11748	0.0577405
4.11772	0.0579105
4.11797	0.0528031
4.11821	0.0511972
4.11846	0.059287
4.1187	0.0684963
4.11895	0.0671144
4.11919	0.0580653
4.11943	0.0539981
4.11968	0.0587348
4.11992	0.0651322
4.12017	0.068752
4.12041	0.071839
4.12066	0.0749401
4.1209	0.0762342
4.12115	0.0791186
4.12139	0.0893709
4.12164	0.104426
4.12188	0.11626
4.12213	0.125361
4.12237	0.140773
4.12261	0.165389
4.12286	0.192733
4.1231	0.219971
4.12335	0.252031
4.12359	0.289282
4.12384	0.322135
4.12408	0.342476
4.12433	0.351461
4.12457	0.352545
4.12482	0.345893
4.12506	0.333073
4.1253	0.318344
4.12555	0.301926
4.12579	0.280106
4.12604	0.253902
4.12628	0.228698
4.12653	0.204403
4.12677	0.176933
4.12702	0.150793
4.12726	0.137656
4.12751	0.139662
4.12775	0.147206
4.128	0.156635
4.12824	0.175392
4.12848	0.204174
4.12873	0.229515
4.12897	0.242576
4.12922	0.251004
4.12946	0.262433
4.12971	0.270004
4.12995	0.265702
4.1302	0.255112
4.13044	0.245598
4.13069	0.231028
4.13093	0.202709
4.13118	0.166543
4.13142	0.135097
4.13166	0.110402
4.13191	0.088558
4.13215	0.0734295
4.1324	0.0700674
4.13264	0.0705596
4.13289	0.0627412
4.13313	0.0493753
4.13338	0.0435609
4.13362	0.0481215
4.13387	0.054416
4.13411	0.0587439
4.13436	0.0640717
4.1346	0.0670706
4.13484	0.0603819
4.13509	0.0488914
4.13533	0.0474184
4.13558	0.058784
4.13582	0.0690122
4.13607	0.0687948
4.13631	0.0656413
4.13656	0.0687106
4.1368	0.0748319
4.13705	0.0779107
4.13729	0.0814129
4.13753	0.091788
4.13778	0.106907
4.13802	0.120445
4.13827	0.133246
4.13851	0.152347
4.13876	0.180851
4.139	0.214129
4.13925	0.244467
4.13949	0.266519
4.13974	0.280591
4.13998	0.292113
4.14023	0.304333
4.14047	0.310997
4.14071	0.30205
4.14096	0.278207
4.1412	0.252752
4.14145	0.234982
4.14169	0.218483
4.14194	0.19171
4.14218	0.155382
4.14243	0.122557
4.14267	0.103432
4.14292	0.0957689
4.14316	0.0899206
4.14341	0.079252
4.14365	0.0651893
4.14389	0.0539842
4.14414	0.0487607
4.14438	0.0453181
4.14463	0.0380966
4.14487	0.0293773
4.14512	0.0273956
4.14536	0.0340097
4.14561	0.0402082
4.14585	0.0377945
4.1461	0.0307496
4.14634	0.029741
4.14659	0.0382916
4.14683	0.0495847
4.14707	0.0551109
4.14732	0.051645
4.14756	0.0411
4.14781	0.0285142
4.14805	0.019851
4.1483	0.0174414
4.14854	0.0173443
4.14879	0.0144497
4.14903	0.00959759
4.14928	0.00800676
4.14952	0.0114105
4.14976	0.0162187
4.15001	0.0195162
4.15025	0.0221573
4.1505	0.0248103
4.15074	0.025189
4.15099	0.0211348
4.15123	0.0135969
4.15148	0.00575165
4.15172	0.00201841
4.15197	0.00720069
4.15221	0.0212042
4.15246	0.0342048
4.1527	0.0340929
4.15294	0.0214553
4.15319	0.0103057
4.15343	0.0100441
4.15368	0.0143426
4.15392	0.0139788
4.15417	0.0124459
4.15441	0.0186436
4.15466	0.0298082
4.1549	0.0344915
4.15515	0.0305169
4.15539	0.0270869
4.15564	0.0284383
4.15588	0.0281792
4.15612	0.0229151
4.15637	0.0192574
4.15661	0.0220741
4.15686	0.0267042
4.1571	0.0292039
4.15735	0.0340255
4.15759	0.0435953
4.15784	0.0496647
4.15808	0.0447138
4.15833	0.0347218
4.15857	0.0307068
4.15882	0.0334188
4.15906	0.0361751
4.1593	0.0374965
4.15955	0.0405149
4.15979	0.0439159
4.16004	0.0440577
4.16028	0.0432896
4.16053	0.0464098
4.16077	0.0513751
4.16102	0.0529783
4.16126	0.0529408
4.16151	0.0566841
4.16175	0.0628661
4.16199	0.0662804
4.16224	0.0682289
4.16248	0.0731031
4.16273	0.0778483
4.16297	0.0773617
4.16322	0.0775064
4.16346	0.0878048
4.16371	0.101972
4.16395	0.102388
4.1642	0.0862746
4.16444	0.0704774
4.16469	0.0650502
4.16493	0.059221
4.16517	0.0426672
4.16542	0.0251116
4.16566	0.0213463
4.16591	0.0281451
4.16615	0.0308115
4.1664	0.0259059
4.16664	0.0229525
4.16689	0.0264855
4.16713	0.0295975
4.16738	0.0261402
4.16762	0.019516
4.16787	0.0165886
4.16811	0.0187161
4.16835	0.0214408
4.1686	0.0205015
4.16884	0.0169382
4.16909	0.0161376
4.16933	0.0204835
4.16958	0.0242608
4.16982	0.0204579
4.17007	0.0121467
4.17031	0.0101429
4.17056	0.0177023
4.1708	0.0250861
4.17105	0.0228993
4.17129	0.0138159
4.17153	0.00654
4.17178	0.00473351
4.17202	0.00721346
4.17227	0.012887
4.17251	0.0190736
4.17276	0.0199844
4.173	0.0138136
4.17325	0.00796713
4.17349	0.0109668
4.17374	0.0215757
4.17398	0.0311959
4.17423	0.0347856
4.17447	0.0345345
4.17471	0.0346883
4.17496	0.037194
4.1752	0.0412622
4.17545	0.0441148
4.17569	0.0434128
4.17594	0.0407657
4.17618	0.0406861
4.17643	0.0449494
4.17667	0.0511144
4.17692	0.057257
4.17716	0.0636681
4.1774	0.0685896
4.17765	0.0674351
4.17789	0.0586675
4.17814	0.0464261
4.17838	0.035731
4.17863	0.0288237
4.17887	0.026193
4.17912	0.0261705
4.17936	0.0242543
4.17961	0.018964
4.17985	0.0165521
4.1801	0.0217554
4.18034	0.0266981
4.18058	0.0208326
4.18083	0.00999992
4.18107	0.0100024
4.18132	0.0203846
4.18156	0.0232816
4.18181	0.0132188
4.18205	0.00727621
4.1823	0.0152355
4.18254	0.0206303
4.18279	0.00830588
4.18303	-0.00734594
4.18328	-0.00372823
4.18352	0.0135356
4.18376	0.0203119
4.18401	0.0122789
4.18425	0.00753452
4.1845	0.0132146
4.18474	0.0153675
4.18499	0.00600654
4.18523	-0.00254084
4.18548	0.00144456
4.18572	0.0115189
4.18597	0.0156396
4.18621	0.0125078
4.18646	0.00690149
4.1867	0.000333883
4.18694	-0.00547868
4.18719	-0.00545793
4.18743	0.0011863
4.18768	0.00789278
4.18792	0.0103946
4.18817	0.0112615
4.18841	0.0111593
4.18866	0.00583606
4.1889	-0.00310992
4.18915	-0.00529545
4.18939	0.00348118
4.18963	0.0128046
4.18988	0.0119253
4.19012	0.00418138
4.19037	-0.000491572
4.19061	0.000518471
4.19086	0.0037974
4.1911	0.00715538
4.19135	0.0074833
4.19159	-6.8593e-05
4.19184	-0.0114113
4.19208	-0.0112285
4.19233	0.00636291
4.19257	0.0230641
4.19281	0.0177749
4.19306	-0.00270308
4.1933	-0.0119925
4.19355	-0.00123089
4.19379	0.0114809
4.19404	0.0113703
4.19428	0.00669657
4.19453	0.00927865
4.19477	0.0131145
4.19502	0.00713519
4.19526	-0.00296713
4.19551	-0.00300283
4.19575	0.00598445
4.19599	0.00945378
4.19624	0.00317249
4.19648	-0.000748104
4.19673	0.00622009
4.19697	0.0167702
4.19722	0.0201065
4.19746	0.0156099
4.19771	0.00879629
4.19795	0.00279973
4.1982	-0.000328308
4.19844	0.00219402
4.19869	0.00822979
4.19893	0.0100833
4.19917	0.00538634
4.19942	0.00195922
4.19966	0.00572228
4.19991	0.0109179
4.20015	0.00992853
4.2004	0.00599925
4.20064	0.00684251
4.20089	0.0110744
4.20113	0.0117648
4.20138	0.0101
4.20162	0.0142224
4.20186	0.0252423
4.20211	0.0344441
4.20235	0.0350059
4.2026	0.0284623
4.20284	0.0197636
4.20309	0.013971
4.20333	0.0172096
4.20358	0.0317768
4.20382	0.0494269
4.20407	0.057725
4.20431	0.0545143
4.20456	0.04954
4.2048	0.0519193
4.20504	0.0629511
4.20529	0.0800109
4.20553	0.0993144
4.20578	0.116108
4.20602	0.130933
4.20627	0.153551
4.20651	0.190176
4.20676	0.229537
4.207	0.254913
4.20725	0.26827
4.20749	0.286109
4.20774	0.31074
4.20798	0.324782
4.20822	0.319177
4.20847	0.307078
4.20871	0.300271
4.20896	0.290235
4.2092	0.266244
4.20945	0.236507
4.20969	0.214787
4.20994	0.198249
4.21018	0.176385
4.21043	0.152702
4.21067	0.13876
4.21092	0.132643
4.21116	0.12225
4.2114	0.107486
4.21165	0.101218
4.21189	0.107729
4.21214	0.116476
4.21238	0.119941
4.21263	0.123764
4.21287	0.135225
4.21312	0.153326
4.21336	0.174814
4.21361	0.200501
4.21385	0.230862
4.21409	0.262372
4.21434	0.291588
4.21458	0.317242
4.21483	0.337035
4.21507	0.348657
4.21532	0.354541
4.21556	0.358605
4.21581	0.357771
4.21605	0.344952
4.2163	0.322159
4.21654	0.302289
4.21679	0.294499
4.21703	0.294924
4.21727	0.295522
4.21752	0.295107
4.21776	0.29668
4.21801	0.29973
4.21825	0.301442
4.2185	0.301821
4.21874	0.301696
4.21899	0.298149
4.21923	0.287874
4.21948	0.273602
4.21972	0.260483
4.21997	0.245773
4.22021	0.219692
4.22045	0.180454
4.2207	0.14183
4.22094	0.118374
4.22119	0.107268
4.22143	0.0948105
4.22168	0.0792812
4.22192	0.0739265
4.22217	0.0835644
4.22241	0.0931229
4.22266	0.0898372
4.2229	0.0841037
4.22315	0.0928313
4.22339	0.111605
4.22363	0.122844
4.22388	0.126443
4.22412	0.140015
4.22437	0.168606
4.22461	0.197031
4.22486	0.21689
4.2251	0.238284
4.22535	0.265509
4.22559	0.282973
4.22584	0.279094
4.22608	0.265634
4.22632	0.257526
4.22657	0.249652
4.22681	0.230803
4.22706	0.205899
4.2273	0.184943
4.22755	0.16224
4.22779	0.127803
4.22804	0.0903042
4.22828	0.0672979
4.22853	0.0589707
4.22877	0.0521136
4.22902	0.0444911
4.22926	0.0439025
4.2295	0.0471292
4.22975	0.0424096
4.22999	0.0317427
4.23024	0.0287997
4.23048	0.0338991
4.23073	0.0326823
4.23097	0.0221622
4.23122	0.0165391
4.23146	0.0220892
4.23171	0.0268906
4.23195	0.0226609
4.2322	0.0176668
4.23244	0.0190571
4.23268	0.019906
4.23293	0.0141732
4.23317	0.00912606
4.23342	0.0117676
4.23366	0.0163866
4.23391	0.0166692
4.23415	0.017765
4.2344	0.024756
4.23464	0.0303046
4.23489	0.0261908
4.23513	0.0180719
4.23538	0.0165465
4.23562	0.0209817
4.23586	0.0237093
4.23611	0.0236455
4.23635	0.0242736
4.2366	0.0237638
4.23684	0.018584
4.23709	0.0127881
4.23733	0.0128119
4.23758	0.0162701
4.23782	0.0161747
4.23807	0.0133802
4.23831	0.0142369
4.23855	0.0176474
4.2388	0.0156587
4.23904	0.00781731
4.23929	0.00472643
4.23953	0.0137806
4.23978	0.0285883
4.24002	0.0368266
4.24027	0.034394
4.24051	0.0281101
4.24076	0.0265349
4.241	0.0307997
4.24125	0.0345741
4.24149	0.0327028
4.24173	0.028835
4.24198	0.0314731
4.24222	0.0415659
4.24247	0.0488231
4.24271	0.0444217
4.24296	0.0333861
4.2432	0.0279216
4.24345	0.0305097
4.24369	0.0317193
4.24394	0.0257238
4.24418	0.019307
4.24443	0.0205745
4.24467	0.0258852
4.24491	0.0263563
4.24516	0.023221
4.2454	0.0258942
4.24565	0.0347727
4.24589	0.0380641
4.24614	0.0307007
4.24638	0.0249784
4.24663	0.0325069
4.24687	0.0445523
4.24712	0.0442288
4.24736	0.0330169
4.24761	0.0284925
4.24785	0.0363206
4.24809	0.0425949
4.24834	0.0384614
4.24858	0.0345892
4.24883	0.0416429
4.24907	0.0517266
4.24932	0.0524836
4.24956	0.0478284
4.24981	0.04964
4.25005	0.0571121
4.2503	0.0597388
4.25054	0.0554549
4.25079	0.0511502
4.25103	0.0487328
4.25127	0.0446686
4.25152	0.040921
4.25176	0.0428661
4.25201	0.0476756
4.25225	0.0472997
4.2525	0.0418529
4.25274	0.038116
4.25299	0.036387
4.25323	0.0315657
4.25348	0.0260906
4.25372	0.0281366
4.25396	0.03662
4.25421	0.0412718
4.25445	0.0387201
4.2547	0.0356961
4.25494	0.0352061
4.25519	0.0329083
4.25543	0.0291367
4.25568	0.0305907
4.25592	0.0367478
4.25617	0.0381849
4.25641	0.0328433
4.25666	0.0306661
4.2569	0.0365388
4.25714	0.0415838
4.25739	0.0384938
4.25763	0.0335763
4.25788	0.0350795
4.25812	0.0397549
4.25837	0.0403347
4.25861	0.0382651
4.25886	0.0395035
4.2591	0.0432653
4.25935	0.043515
4.25959	0.038449
4.25984	0.0324535
4.26008	0.0310356
4.26032	0.0369619
4.26057	0.0479323
4.26081	0.0564168
4.26106	0.0565835
4.2613	0.0521992
4.26155	0.0517043
4.26179	0.0554694
4.26204	0.0558394
4.26228	0.0500659
4.26253	0.043505
4.26277	0.0386647
4.26302	0.0320018
4.26326	0.0244522
4.2635	0.0234192
4.26375	0.0292694
4.26399	0.0311779
4.26424	0.0234211
4.26448	0.0158809
4.26473	0.0200325
4.26497	0.0323777
4.26522	0.0404086
4.26546	0.0393039
4.26571	0.0348148
4.26595	0.0334905
4.26619	0.0364273
4.26644	0.0403018
4.26668	0.0407933
4.26693	0.037216
4.26717	0.0344581
4.26742	0.0363992
4.26766	0.0389907
4.26791	0.0368633
4.26815	0.0344296
4.2684	0.039926
4.26864	0.0496046
4.26889	0.0509125
4.26913	0.0423156
4.26937	0.0356783
4.26962	0.0364189
4.26986	0.0367754
4.27011	0.033015
4.27035	0.032341
4.2706	0.0357382
4.27084	0.0317458
4.27109	0.0178666
4.27133	0.0111238
4.27158	0.0232526
4.27182	0.0399736
4.27207	0.0408782
4.27231	0.0280294
4.27255	0.0184285
4.2728	0.0183638
4.27304	0.0223069
4.27329	0.0285547
4.27353	0.0381666
4.27378	0.0450241
4.27402	0.0442345
4.27427	0.0445141
4.27451	0.0548954
4.27476	0.0653772
4.275	0.0603888
4.27525	0.0468353
4.27549	0.0464908
4.27573	0.0615234
4.27598	0.0709638
4.27622	0.0647422
4.27647	0.0576796
4.27671	0.0612071
4.27696	0.0631773
4.2772	0.0499922
4.27745	0.0315159
4.27769	0.0262322
4.27794	0.0328568
4.27818	0.0352121
4.27842	0.0292782
4.27867	0.0270305
4.27891	0.0342873
4.27916	0.04163
4.2794	0.0411615
4.27965	0.0384584
4.27989	0.0408393
4.28014	0.0443242
4.28038	0.0416083
4.28063	0.0358384
4.28087	0.0355598
4.28112	0.0394487
4.28136	0.0374358
4.2816	0.0268859
4.28185	0.0167547
4.28209	0.0134974
4.28234	0.0135341
4.28258	0.0136605
4.28283	0.0175508
4.28307	0.024987
4.28332	0.0259593
4.28356	0.0158149
4.28381	0.00628962
4.28405	0.00867079
4.2843	0.014982
4.28454	0.011471
4.28478	0.00307941
4.28503	0.00530758
4.28527	0.0164489
4.28552	0.0199208
4.28576	0.0136593
4.28601	0.0138274
4.28625	0.0253254
4.2865	0.0319086
4.28674	0.0239274
4.28699	0.0140868
4.28723	0.0142981
4.28748	0.0169423
4.28772	0.0129716
4.28796	0.0103352
4.28821	0.0182768
4.28845	0.0289092
4.2887	0.031623
4.28894	0.0324239
4.28919	0.0412493
4.28943	0.0518067
4.28968	0.0526596
4.28992	0.0490731
4.29017	0.0552441
4.29041	0.0715571
4.29065	0.0866298
4.2909	0.0961224
4.29114	0.103514
4.29139	0.107593
4.29163	0.104411
4.29188	0.0970595
4.29212	0.0903053
4.29237	0.0814327
4.29261	0.0684362
4.29286	0.058758
4.2931	0.0566445
4.29335	0.0522834
4.29359	0.0387247
4.29383	0.0277935
4.29408	0.0309058
4.29432	0.036299
4.29457	0.0276078
4.29481	0.014292
4.29506	0.0175051
4.2953	0.0331098
4.29555	0.0372503
4.29579	0.0257486
4.29604	0.0191798
4.29628	0.0276704
4.29653	0.0382775
4.29677	0.0414179
4.29701	0.0441573
4.29726	0.0514821
4.2975	0.0581858
4.29775	0.0655399
4.29799	0.0830227
4.29824	0.106851
4.29848	0.119423
4.29873	0.117234
4.29897	0.116429
4.29922	0.122608
4.29946	0.11905
4.29971	0.0960492
4.29995	0.0692447
4.30019	0.0554578
4.30044	0.05073
4.30068	0.0460784
4.30093	0.045451
4.30117	0.0526862
4.30142	0.0579859
4.30166	0.0530807
4.30191	0.0451187
4.30215	0.0419219
4.3024	0.0386757
4.30264	0.0322124
4.30288	0.0317025
4.30313	0.0406508
4.30337	0.0452258
4.30362	0.0365825
4.30386	0.0279345
4.30411	0.031623
4.30435	0.0360544
4.3046	0.0263716
4.30484	0.0130009
4.30509	0.0156988
4.30533	0.0304614
4.30558	0.0371474
4.30582	0.0324738
4.30606	0.0308966
4.30631	0.0371087
4.30655	0.0413983
4.3068	0.0410032
4.30704	0.0440987
4.30729	0.0514897
4.30753	0.0538639
4.30778	0.049701
4.30802	0.0491018
4.30827	0.0572128
4.30851	0.0683325
4.30876	0.0782693
4.309	0.0889514
4.30924	0.0991236
4.30949	0.103018
4.30973	0.0998752
4.30998	0.0941337
4.31022	0.0863063
4.31047	0.0739866
4.31071	0.0602947
4.31096	0.0504584
4.3112	0.042495
4.31145	0.0325693
4.31169	0.0257848
4.31194	0.0286592
4.31218	0.0349185
4.31242	0.0335281
4.31267	0.0274208
4.31291	0.0281629
4.31316	0.0348911
4.3134	0.0364671
4.31365	0.0330774
4.31389	0.0360145
4.31414	0.0450495
4.31438	0.0466458
4.31463	0.0386083
4.31487	0.0359516
4.31511	0.0454425
4.31536	0.0541086
4.3156	0.0527285
4.31585	0.0523909
4.31609	0.0650835
4.31634	0.0832557
4.31658	0.09312
4.31683	0.0962301
4.31707	0.102768
4.31732	0.111741
4.31756	0.112273
4.31781	0.100041
4.31805	0.0811747
4.31829	0.0632389
4.31854	0.0507996
4.31878	0.045797
4.31903	0.0449189
4.31927	0.0408027
4.31952	0.0317597
4.31976	0.0250936
4.32001	0.025788
4.32025	0.0288602
4.3205	0.0284719
4.32074	0.0265632
4.32099	0.0258691
4.32123	0.0230642
4.32147	0.0166928
4.32172	0.0131368
4.32196	0.0156326
4.32221	0.0160826
4.32245	0.0082304
4.3227	0.000465778
4.32294	0.0031948
4.32319	0.0108955
4.32343	0.0107458
4.32368	0.00349907
4.32392	0.000633769
4.32417	0.00417644
4.32441	0.00499919
4.32465	0.000188472
4.3249	-0.00296154
4.32514	-0.000883819
4.32539	0.00231269
4.32563	0.00560979
4.32588	0.0114683
4.32612	0.0144671
4.32637	0.00578912
4.32661	-0.00770564
4.32686	-0.00666592
4.3271	0.0115345
4.32735	0.0246334
4.32759	0.0174814
4.32783	0.00500106
4.32808	0.00741996
4.32832	0.0176085
4.32857	0.0145573
4.32881	-0.000179204
4.32906	-0.00472265
4.3293	0.00637053
4.32955	0.0131808
4.32979	0.00388977
4.33004	-0.00602991
4.33028	-0.000209028
4.33052	0.0118344
4.33077	0.0112569
4.33101	0.000494547
4.33126	-0.00194288
4.3315	0.00891308
4.33175	0.0187756
4.33199	0.016989
4.33224	0.00884084
4.33248	0.00302172
4.33273	0.000788765
4.33297	0.0012844
4.33322	0.00545341
4.33346	0.00998553
4.3337	0.00813503
4.33395	0.00157942
4.33419	0.0010533
4.33444	0.00967961
4.33468	0.0166255
4.33493	0.0145656
4.33517	0.0119372
4.33542	0.0174741
4.33566	0.0232909
4.33591	0.0176252
4.33615	0.00669707
4.3364	0.00679941
4.33664	0.0177308
4.33688	0.0219789
4.33713	0.0119636
4.33737	0.0012641
4.33762	0.00304928
4.33786	0.0117243
4.33811	0.0145021
4.33835	0.00978249
4.3386	0.00409157
4.33884	-0.000536763
4.33909	-0.00532965
4.33933	-0.00695386
4.33958	-0.00184211
4.33982	0.00505927
4.34006	0.00598448
4.34031	0.00289497
4.34055	0.00470242
4.3408	0.0125818
4.34104	0.0177418
4.34129	0.0152212
4.34153	0.0106981
4.34178	0.00999031
4.34202	0.00989537
4.34227	0.00552738
4.34251	0.000922551
4.34275	0.00432161
4.343	0.0147508
4.34324	0.02089
4.34349	0.014959
4.34373	0.00263007
4.34398	-0.00384201
4.34422	0.000473527
4.34447	0.00900905
4.34471	0.0119534
4.34496	0.00636196
4.3452	-0.00126625
4.34545	-0.00124346
4.34569	0.00895588
4.34593	0.0196513
4.34618	0.0178394
4.34642	0.00418334
4.34667	-0.00361648
4.34691	0.00846198
4.34716	0.0297914
4.3474	0.0356777
4.34765	0.0199514
4.34789	0.00435986
4.34814	0.0089258
4.34838	0.0247318
4.34863	0.0282136
4.34887	0.0145666
4.34911	0.00144998
4.34936	0.0019009
4.3496	0.00949669
4.34985	0.0132385
4.35009	0.0132627
4.35034	0.0152899
4.35058	0.0197231
4.35083	0.0237422
4.35107	0.0271744
4.35132	0.0299299
4.35156	0.0296263
4.35181	0.0272307
4.35205	0.0287697
4.35229	0.0357226
4.35254	0.0402857
4.35278	0.0368136
4.35303	0.0314159
4.35327	0.0321398
4.35352	0.0358626
4.35376	0.0351391
4.35401	0.0333936
4.35425	0.0408327
4.3545	0.0564839
4.35474	0.0673153
4.35498	0.0678556
4.35523	0.0690702
4.35547	0.0821637
4.35572	0.10329
4.35596	0.12235
4.35621	0.139872
4.35645	0.165079
4.3567	0.200571
4.35694	0.239722
4.35719	0.28036
4.35743	0.331823
4.35768	0.404234
4.35792	0.497151
4.35816	0.60362
4.35841	0.719359
4.35865	0.839886
4.3589	0.951527
4.35914	1.03532
4.35939	1.0824
4.35963	1.09897
4.35988	1.09345
4.36012	1.06528
4.36037	1.01003
4.36061	0.928661
4.36086	0.82612
4.3611	0.706523
4.36134	0.577095
4.36159	0.452425
4.36183	0.346326
4.36208	0.261519
4.36232	0.194155
4.36257	0.144762
4.36281	0.115457
4.36306	0.0992149
4.3633	0.0836169
4.36355	0.0660202
4.36379	0.0546327
4.36404	0.0530124
4.36428	0.0537523
4.36452	0.0501008
4.36477	0.0439434
4.36501	0.0389647
4.36526	0.0353344
4.3655	0.0345347
4.36575	0.0396837
4.36599	0.0470918
4.36624	0.047529
4.36648	0.0402951
4.36673	0.0354025
4.36697	0.0367569
4.36721	0.0352901
4.36746	0.0260892
4.3677	0.0196828
4.36795	0.0256203
4.36819	0.0356633
4.36844	0.035884
4.36868	0.0270173
4.36893	0.019992
4.36917	0.0184955
4.36942	0.0192783
4.36966	0.0235
4.36991	0.0333065
4.37015	0.0412918
4.37039	0.0378127
4.37064	0.0268025
4.37088	0.0212872
4.37113	0.0247555
4.37137	0.0292809
4.37162	0.0303116
4.37186	0.0305241
4.37211	0.0300297
4.37235	0.0258273
4.3726	0.0212606
4.37284	0.0237431
4.37309	0.0322629
4.37333	0.0383185
4.37357	0.0394525
4.37382	0.0406034
4.37406	0.0424513
4.37431	0.0408695
4.37455	0.0382491
4.3748	0.0422471
4.37504	0.0517264
4.37529	0.0567906
4.37553	0.0550087
4.37578	0.0550247
4.37602	0.061428
4.37627	0.0684293
4.37651	0.0715664
4.37675	0.0736365
4.377	0.0762008
4.37724	0.0773433
4.37749	0.0803007
4.37773	0.0912977
4.37798	0.106442
4.37822	0.115033
4.37847	0.118676
4.37871	0.13104
4.37896	0.154506
4.3792	0.175026
4.37944	0.187091
4.37969	0.204962
4.37993	0.238607
4.38018	0.276594
4.38042	0.306585
4.38067	0.336766
4.38091	0.380994
4.38116	0.436069
4.3814	0.490633
4.38165	0.545287
4.38189	0.60647
4.38214	0.66969
4.38238	0.726237
4.38262	0.77874
4.38287	0.83282
4.38311	0.880537
4.38336	0.910123
4.3836	0.926306
4.38385	0.942438
4.38409	0.956947
4.38434	0.956931
4.38458	0.942835
4.38483	0.929773
4.38507	0.923448
4.38532	0.912882
4.38556	0.889608
4.3858	0.857483
4.38605	0.819716
4.38629	0.771244
4.38654	0.709254
4.38678	0.639234
4.38703	0.566369
4.38727	0.4913
4.38752	0.417053
4.38776	0.35013
4.38801	0.292979
4.38825	0.244749
4.3885	0.208678
4.38874	0.18713
4.38898	0.170691
4.38923	0.146502
4.38947	0.117882
4.38972	0.10066
4.38996	0.0984741
4.39021	0.097635
4.39045	0.0895041
4.3907	0.0811558
4.39094	0.0785799
4.39119	0.0760715
4.39143	0.0699334
4.39167	0.0670383
4.39192	0.0704061
4.39216	0.0704628
4.39241	0.0610708
4.39265	0.0516701
4.3929	0.052514
4.39314	0.058879
4.39339	0.0606407
4.39363	0.0575037
4.39388	0.0546424
4.39412	0.0532428
4.39437	0.0550344
4.39461	0.0652588
4.39485	0.0806111
4.3951	0.0859077
4.39534	0.0749871
4.39559	0.0632243
4.39583	0.0652021
4.39608	0.0716646
4.39632	0.0655969
4.39657	0.0507331
4.39681	0.0436939
4.39706	0.0449511
4.3973	0.0401012
4.39755	0.0274025
4.39779	0.0213188
4.39803	0.0267505
4.39828	0.0309195
4.39852	0.0262289
4.39877	0.0221921
4.39901	0.0266294
4.39926	0.0313551
4.3995	0.0267239
4.39975	0.0174546
4.39999	0.0132731
4.40024	0.0137561
4.40048	0.0129199
4.40073	0.011238
4.40097	0.0129885
4.40121	0.0167867
4.40146	0.0174705
4.4017	0.014061
4.40195	0.00924846
4.40219	0.00421423
4.40244	-0.00058314
4.40268	-0.00262372
4.40293	-9.424e-05
4.40317	0.005106
4.40342	0.0100311
4.40366	0.0129161
4.4039	0.0114009
4.40415	0.00446586
4.40439	-0.00182045
4.40464	0.00158883
4.40488	0.0128108
4.40513	0.0178005
4.40537	0.00926294
4.40562	-0.00174687
4.40586	-0.00174971
4.40611	0.00550037
4.40635	0.00679538
4.4066	0.00133947
4.40684	0.000878627
4.40708	0.00928598
4.40733	0.0160238
4.40757	0.0127833
4.40782	0.00481392
4.40806	0.000617126
4.40831	1.31034e-05
4.40855	-0.00111377
4.4088	-0.00174474
4.40904	0.00123038
4.40929	0.00597946
4.40953	0.00866511
4.40978	0.0099529
4.41002	0.0125451
4.41026	0.01528
4.41051	0.0154967
4.41075	0.0142299
4.411	0.012898
4.41124	0.00806422
4.41149	-0.00266556
4.41173	-0.0117244
4.41198	-0.00823683
4.41222	0.0058252
4.41247	0.0158596
4.41271	0.0138033
4.41296	0.00773336
4.4132	0.00764356
4.41344	0.0110157
4.41369	0.0102095
4.41393	0.00636408
4.41418	0.00562895
4.41442	0.00674192
4.41467	0.00378062
4.41491	-0.00138566
4.41516	-0.00145794
4.4154	0.0021585
4.41565	0.000424559
4.41589	-0.00622968
4.41614	-0.00552992
4.41638	0.00617423
4.41662	0.0140644
4.41687	0.00540195
4.41711	-0.0102537
4.41736	-0.0140732
4.4176	-0.00463704
4.41785	0.00288234
4.41809	0.00153758
4.41834	0.000928469
4.41858	0.00773106
4.41883	0.0122063
4.41907	0.0032451
4.41931	-0.0118725
4.41956	-0.0144984
4.4198	0.000342206
4.42005	0.0160027
4.42029	0.0146996
4.42054	-0.000468453
4.42078	-0.0103306
4.42103	-0.00446201
4.42127	0.00666922
4.42152	0.0076143
4.42176	-0.000926476
4.42201	-0.0053881
4.42225	-0.000758216
4.42249	0.00289994
4.42274	-0.00202981
4.42298	-0.00813914
4.42323	-0.00551907
4.42347	0.00199899
4.42372	0.00385269
4.42396	0.000379688
4.42421	0.00104708
4.42445	0.00693656
4.4247	0.00779351
4.42494	-0.00112143
4.42519	-0.00999852
4.42543	-0.00745462
4.42567	0.00463156
4.42592	0.0143713
4.42616	0.0132951
4.42641	0.00276688
4.42665	-0.00896774
4.4269	-0.0127696
4.42714	-0.00490093
4.42739	0.00949894
4.42763	0.0208443
4.42788	0.0239669
4.42812	0.0208382
4.42837	0.0157993
4.42861	0.0122099
4.42885	0.0126152
4.4291	0.0165547
4.42934	0.0184298
4.42959	0.0137916
4.42983	0.00769539
4.43008	0.00936493
4.43032	0.0176578
4.43057	0.0208087
4.43081	0.014012
4.43106	0.00819761
4.4313	0.0148139
4.43154	0.0288238
4.43179	0.0350428
4.43203	0.0277666
4.43228	0.0165065
4.43252	0.0134999
4.43277	0.0214585
4.43301	0.0335663
4.43326	0.0413785
4.4335	0.0423024
4.43375	0.0411204
4.43399	0.0436456
4.43424	0.0490319
4.43448	0.0516622
4.43472	0.0510266
4.43497	0.0541097
4.43521	0.0649783
4.43546	0.0772422
4.4357	0.0815078
4.43595	0.0766812
4.43619	0.0692945
4.43644	0.0646686
4.43668	0.063463
4.43693	0.0647034
4.43717	0.0674151
4.43742	0.0700733
4.43766	0.071663
4.4379	0.0725614
4.43815	0.0727096
4.43839	0.0710078
4.43864	0.0680355
4.43888	0.0665792
4.43913	0.0680478
4.43937	0.0716692
4.43962	0.077821
4.43986	0.0868711
4.44011	0.0935268
4.44035	0.0897568
4.4406	0.076866
4.44084	0.0669574
4.44108	0.067059
4.44133	0.0697862
4.44157	0.067202
4.44182	0.0656086
4.44206	0.0750852
4.44231	0.0899517
4.44255	0.0940062
4.4428	0.0845493
4.44304	0.0770683
4.44329	0.0824387
4.44353	0.0918719
4.44377	0.091929
4.44402	0.085232
4.44426	0.085663
4.44451	0.0966629
4.44475	0.105124
4.445	0.0991786
4.44524	0.0846464
4.44549	0.0780394
4.44573	0.0859891
4.44598	0.0981321
4.44622	0.101449
4.44647	0.0953275
4.44671	0.0877557
4.44695	0.0816149
4.4472	0.0729852
4.44744	0.0615374
4.44769	0.0533071
4.44793	0.051099
4.44818	0.0499895
4.44842	0.0455348
4.44867	0.0396377
4.44891	0.0350975
4.44916	0.0312359
4.4494	0.0283281
4.44965	0.0291484
4.44989	0.0325442
4.45013	0.0333056
4.45038	0.0319589
4.45062	0.0351164
4.45087	0.0416387
4.45111	0.0404372
4.45136	0.0295219
4.4516	0.0241762
4.45185	0.0346894
4.45209	0.0481986
4.45234	0.0476147
4.45258	0.0382407
4.45283	0.0377027
4.45307	0.0472128
4.45331	0.0530315
4.45356	0.0520479
4.4538	0.0543034
4.45405	0.0607383
4.45429	0.0604634
4.45454	0.0535789
4.45478	0.0556116
4.45503	0.0719296
4.45527	0.0861063
4.45552	0.0833562
4.45576	0.0705075
4.456	0.0628912
4.45625	0.0643208
4.45649	0.069523
4.45674	0.0743545
4.45698	0.0739817
4.45723	0.0623221
4.45747	0.0436702
4.45772	0.0348506
4.45796	0.0452768
4.45821	0.0635204
4.45845	0.073185
4.4587	0.0730813
4.45894	0.0716949
4.45918	0.0713016
4.45943	0.0697946
4.45967	0.070308
4.45992	0.0755023
4.46016	0.0776933
4.46041	0.0679845
4.46065	0.0519761
4.4609	0.0441072
4.46114	0.0481832
4.46139	0.0545259
4.46163	0.0552901
4.46188	0.0524178
4.46212	0.0508505
4.46236	0.0530389
4.46261	0.0602709
4.46285	0.0714715
4.4631	0.0804826
4.46334	0.0812313
4.46359	0.0754516
4.46383	0.0700202
4.46408	0.068545
4.46432	0.0709413
4.46457	0.0775647
4.46481	0.0862214
4.46506	0.0883387
4.4653	0.0771435
4.46554	0.05832
4.46579	0.0442427
4.46603	0.0388901
4.46628	0.036663
4.46652	0.0344528
4.46677	0.0347634
4.46701	0.0365799
4.46726	0.0337544
4.4675	0.0255217
4.46775	0.0197196
4.46799	0.0210754
4.46823	0.0233778
4.46848	0.0183998
4.46872	0.00756542
4.46897	-0.000465506
4.46921	-0.000864009
4.46946	0.00312872
4.4697	0.00582776
4.46995	0.0059273
4.47019	0.00725325
4.47044	0.0129858
4.47068	0.0194794
4.47093	0.0185392
4.47117	0.008084
4.47141	-0.0026963
4.47166	-0.00347585
4.4719	0.00407129
4.47215	0.00912849
4.47239	0.0066603
4.47264	0.00250706
4.47288	0.00268466
4.47313	0.00494019
4.47337	0.00461044
4.47362	0.00297843
4.47386	0.00413583
4.47411	0.00677132
4.47435	0.00528256
4.47459	-0.00139653
4.47484	-0.00739329
4.47508	-0.00757721
4.47533	-0.00341039
4.47557	0.00115539
4.47582	0.00557148
4.47606	0.0101917
4.47631	0.0110488
4.47655	0.00432196
4.4768	-0.00422763
4.47704	-0.00303046
4.47729	0.00860713
4.47753	0.0163242
4.47777	0.0100406
4.47802	-0.000513748
4.47826	0.000165363
4.47851	0.0101262
4.47875	0.0142453
4.479	0.0084105
4.47924	0.00370418
4.47949	0.00593937
4.47973	0.00739842
4.47998	0.00311407
4.48022	-0.000503403
4.48046	-0.00017925
4.48071	-0.00365324
4.48095	-0.0136559
4.4812	-0.0185019
4.48144	-0.0107002
4.48169	-0.00182255
4.48193	-0.0046514
4.48218	-0.011955
4.48242	-0.00934891
4.48267	0.000342549
4.48291	0.00370084
4.48316	0.000455871
4.4834	0.000995127
4.48364	0.00468323
4.48389	0.00145659
4.48413	-0.00622501
4.48438	-0.00441001
4.48462	0.00711883
4.48487	0.0114518
4.48511	0.00190782
4.48536	-0.00699306
4.4856	-0.0046198
4.48585	-0.00160143
4.48609	-0.00936851
4.48634	-0.0178288
4.48658	-0.010231
4.48682	0.0092487
4.48707	0.019889
4.48731	0.0125043
4.48756	-0.00161781
4.4878	-0.00933006
4.48805	-0.0103182
4.48829	-0.0106523
4.48854	-0.011403
4.48878	-0.00915696
4.48903	-0.00324317
4.48927	0.00233954
4.48952	0.00342174
4.48976	-4.90676e-05
4.49	-0.0042563
4.49025	-0.00510831
4.49049	-0.00117155
4.49074	0.00594575
4.49098	0.0121054
4.49123	0.0121372
4.49147	0.00474806
4.49172	-0.00312286
4.49196	-0.00224858
4.49221	0.00631125
4.49245	0.0112157
4.4927	0.00752324
4.49294	0.0044891
4.49318	0.00912404
4.49343	0.0121361
4.49367	0.0033732
4.49392	-0.00700882
4.49416	-0.000995914
4.49441	0.0174037
4.49465	0.0252756
4.4949	0.0149062
4.49514	0.00375007
4.49539	0.0049488
4.49563	0.00915905
4.49587	0.0058128
4.49612	0.00242227
4.49636	0.00795917
4.49661	0.0138833
4.49685	0.00976512
4.4971	0.00435788
4.49734	0.0111603
4.49759	0.0229119
4.49783	0.0217758
4.49808	0.00871819
4.49832	0.000912974
4.49857	0.0027646
4.49881	0.00161889
4.49905	-0.00708434
4.4993	-0.0122054
4.49954	-0.00869731
4.49979	-0.00652434
4.50003	-0.0106121
4.50028	-0.0108628
4.50052	-0.00189222
4.50077	0.00472154
4.50101	0.000338901
4.50126	-0.00430998
4.5015	0.00221231
4.50175	0.0103809
4.50199	0.00505866
4.50223	-0.00722685
4.50248	-0.00722208
4.50272	0.00552851
4.50297	0.0117207
4.50321	0.00330527
4.50346	-0.00548501
4.5037	-0.00336358
4.50395	0.0010928
4.50419	-0.00237316
4.50444	-0.00690123
4.50468	-0.00174522
4.50493	0.0075272
4.50517	0.00793025
4.50541	0.000817645
4.50566	-0.00171119
4.5059	0.0014252
4.50615	-0.000832965
4.50639	-0.0103265
4.50664	-0.0138987
4.50688	-0.00460463
4.50713	0.00560482
4.50737	0.00381267
4.50762	-0.00412548
4.50786	-0.00385907
4.5081	0.00418428
4.50835	0.00580761
4.50859	-0.00387143
4.50884	-0.0117062
4.50908	-0.00535872
4.50933	0.00869503
4.50957	0.0137698
4.50982	0.00524109
4.51006	-0.00396018
4.51031	-0.00072454
4.51055	0.0115032
4.5108	0.0174829
4.51104	0.00942931
4.51128	-0.00356394
4.51153	-0.00702184
4.51177	0.00156912
4.51202	0.0109184
4.51226	0.0102808
4.51251	0.00108648
4.51275	-0.00697727
4.513	-0.00780073
4.51324	-0.00402858
4.51349	-0.0021282
4.51373	-0.00481817
4.51398	-0.00839622
4.51422	-0.00691348
4.51446	0.000743894
4.51471	0.00850504
4.51495	0.00925871
4.5152	0.00262908
4.51544	-0.00542689
4.51569	-0.00985688
4.51593	-0.0102502
4.51618	-0.00795875
4.51642	-0.00370956
4.51667	0.000907721
4.51691	0.0030474
4.51716	0.00135865
4.5174	-0.00269505
4.51764	-0.00635945
4.51789	-0.00668897
4.51813	-0.00196226
4.51838	0.0045902
4.51862	0.00516039
4.51887	-0.00306385
4.51911	-0.011285
4.51936	-0.00943907
4.5196	-0.000955436
4.51985	0.00246156
4.52009	-0.000425683
4.52033	0.000683521
4.52058	0.00843011
4.52082	0.0119715
4.52107	0.00615912
4.52131	0.00222936
4.52156	0.00931593
4.5218	0.0175739
4.52205	0.0129592
4.52229	-0.000188404
4.52254	-0.00607837
4.52278	-0.00141426
4.52303	0.00253159
4.52327	-0.000514419
4.52351	-0.00401563
4.52376	-0.000998523
4.524	0.00673067
4.52425	0.0130211
4.52449	0.0131736
4.52474	0.00589038
4.52498	-0.00362119
4.52523	-0.00538547
4.52547	0.00256707
4.52572	0.0076026
4.52596	-0.00123
4.52621	-0.0150244
4.52645	-0.0160279
4.52669	-0.00361165
4.52694	0.00570868
4.52718	0.00356041
4.52743	-0.000848976
4.52767	0.00100359
4.52792	0.00471554
4.52816	0.0043993
4.52841	0.00298693
4.52865	0.00419658
4.5289	0.00514834
4.52914	0.00362538
4.52939	0.00292194
4.52963	0.00340817
4.52987	-0.000719136
4.53012	-0.00952797
4.53036	-0.0123315
4.53061	-0.00296056
4.53085	0.00880301
4.5311	0.0105323
4.53134	0.00454373
4.53159	0.0018104
4.53183	0.0041964
4.53208	0.0040262
4.53232	-0.00122659
4.53256	-0.0045973
4.53281	-0.000858541
4.53305	0.00585427
4.5333	0.00814468
4.53354	0.004569
4.53379	0.00054141
4.53403	0.00189068
4.53428	0.00847346
4.53452	0.0141545
4.53477	0.0137319
4.53501	0.00879172
4.53526	0.00422171
4.5355	0.000643553
4.53574	-0.00479608
4.53599	-0.0109148
4.53623	-0.0122504
4.53648	-0.00731549
4.53672	-0.000714898
4.53697	0.00457496
4.53721	0.0103414
4.53746	0.0162596
4.5377	0.0171499
4.53795	0.0111608
4.53819	0.00447087
4.53844	0.00321203
4.53868	0.00590556
4.53892	0.00818842
4.53917	0.00966711
4.53941	0.0111232
4.53966	0.00998173
4.5399	0.00447398
4.54015	-0.00130053
4.54039	-0.00214367
4.54064	0.00104523
4.54088	0.00390244
4.54113	0.00587697
4.54137	0.00936223
4.54162	0.0129802
4.54186	0.0115632
4.5421	0.00382428
4.54235	-0.00398969
4.54259	-0.00461993
4.54284	0.00132132
4.54308	0.00549848
4.54333	0.00207863
4.54357	-0.00406076
4.54382	-0.00316787
4.54406	0.00559996
4.54431	0.0122892
4.54455	0.0105334
4.54479	0.00653183
4.54504	0.00796319
4.54528	0.0113634
4.54553	0.00948885
4.54577	0.00482823
4.54602	0.00404067
4.54626	0.00390161
4.54651	-0.00290658
4.54675	-0.0107412
4.547	-0.00656404
4.54724	0.00672659
4.54749	0.0104833
4.54773	-0.00124388
4.54797	-0.0108976
4.54822	-0.00380913
4.54846	0.0100955
4.54871	0.0129491
4.54895	0.00505864
4.5492	0.000942698
4.54944	0.00762068
4.54969	0.0194321
4.54993	0.0285552
4.55018	0.0298166
4.55042	0.0204564
4.55067	0.00526145
4.55091	-0.00304417
4.55115	0.0019481
4.5514	0.010588
4.55164	0.0105277
4.55189	0.0039239
4.55213	0.00125475
4.55238	0.00379633
4.55262	0.00433534
4.55287	0.00181153
4.55311	0.00274389
4.55336	0.00877156
4.5536	0.0136622
4.55385	0.0134618
4.55409	0.0107806
4.55433	0.00815582
4.55458	0.00472966
4.55482	0.000489351
4.55507	-0.00235784
4.55531	-0.00305624
4.55556	-0.00266121
4.5558	-0.000878619
4.55605	0.00362708
4.55629	0.0104859
4.55654	0.0177301
4.55678	0.0225838
4.55702	0.0209822
4.55727	0.0112258
4.55751	-0.000123701
4.55776	-0.00326092
4.558	0.000905162
4.55825	0.000863021
4.55849	-0.0067189
4.55874	-0.00954773
4.55898	0.000683989
4.55923	0.0125395
4.55947	0.0106589
4.55972	-0.00174044
4.55996	-0.00954071
4.5602	-0.00752776
4.56045	-0.00168217
4.56069	0.00456833
4.56094	0.0104993
4.56118	0.0105716
4.56143	0.00280549
4.56167	-0.000888865
4.56192	0.00949421
4.56216	0.0208805
4.56241	0.0125477
4.56265	-0.00968612
4.5629	-0.0180657
4.56314	-0.00361825
4.56338	0.0117655
4.56363	0.0101062
4.56387	0.000497487
4.56412	-0.00300695
4.56436	-0.0042959
4.56461	-0.010773
4.56485	-0.0146394
4.5651	-0.00672356
4.56534	0.00474936
4.56559	0.00719165
4.56583	0.00453056
4.56608	0.0075424
4.56632	0.0130112
4.56656	0.0110426
4.56681	0.00548704
4.56705	0.00754015
4.5673	0.0139731
4.56754	0.0117303
4.56779	0.00195846
4.56803	-0.000480431
4.56828	0.00793273
4.56852	0.0140505
4.56877	0.0107577
4.56901	0.00660589
4.56925	0.0075534
4.5695	0.00663606
4.56974	-0.000369282
4.56999	-0.00499942
4.57023	-0.00168894
4.57048	0.000831303
4.57072	-0.00477583
4.57097	-0.00974768
4.57121	-0.00344249
4.57146	0.00771361
4.5717	0.00989956
4.57195	0.00312531
4.57219	-0.00183406
4.57243	-0.00213313
4.57268	-0.00329391
4.57292	-0.00461972
4.57317	-0.000163032
4.57341	0.0067135
4.57366	0.00567171
4.5739	-0.0022665
4.57415	-0.00406357
4.57439	0.00415578
4.57464	0.0100852
4.57488	0.00499883
4.57513	-0.00345614
4.57537	-0.00584323
4.57561	-0.00534753
4.57586	-0.00802287
4.5761	-0.0102016
4.57635	-0.00702911
4.57659	-0.00379342
4.57684	-0.00603708
4.57708	-0.00666417
4.57733	0.0025766
4.57757	0.012918
4.57782	0.0084515
4.57806	-0.00806
4.57831	-0.0161783
4.57855	-0.00675799
4.57879	0.00545037
4.57904	0.00406868
4.57928	-0.00648382
4.57953	-0.00976312
4.57977	-0.000913139
4.58002	0.00810545
4.58026	0.00510233
4.58051	-0.007095
4.58075	-0.0139614
4.581	-0.00651508
4.58124	0.00719994
4.58149	0.0114159
4.58173	0.00287676
4.58197	-0.00563642
4.58222	-0.00485442
4.58246	-0.00193651
4.58271	-0.0059153
4.58295	-0.0106992
4.5832	-0.00597963
4.58344	0.00288963
4.58369	0.00300118
4.58393	-0.00285302
4.58418	-0.000534569
4.58442	0.00901138
4.58466	0.0090863
4.58491	-0.00364208
4.58515	-0.0110742
4.5854	-0.00268741
4.58564	0.0077727
4.58589	0.0061178
4.58613	-0.000442929
4.58638	0.000102627
4.58662	0.00275933
4.58687	-0.00180636
4.58711	-0.00610595
4.58736	0.00221922
4.5876	0.0160277
4.58784	0.0172184
4.58809	0.00536661
4.58833	-0.00206909
4.58858	0.00274384
4.58882	0.00870005
4.58907	0.00598285
4.58931	-0.000559776
4.58956	-0.00259318
4.5898	0.000131348
4.59005	0.00439225
4.59029	0.00938212
4.59054	0.0131276
4.59078	0.0112837
4.59102	0.00402577
4.59127	-0.00192587
4.59151	-0.00141729
4.59176	0.00370226
4.592	0.00863213
4.59225	0.0103504
4.59249	0.00781418
4.59274	0.00246039
4.59298	-0.00115409
4.59323	0.000381845
4.59347	0.0048121
4.59372	0.00780034
4.59396	0.008979
4.5942	0.00977973
4.59445	0.00838384
4.59469	0.00305407
4.59494	-0.00227244
4.59518	-0.0026507
4.59543	-6.05755e-05
4.59567	0.000331424
4.59592	-0.000717769
4.59616	0.00105257
4.59641	0.00418576
4.59665	0.00335805
4.59689	-0.000812014
4.59714	-0.00247358
4.59738	-0.000564088
4.59763	0.000171827
4.59787	-0.00187991
4.59812	-0.00316212
4.59836	-0.00204663
4.59861	-0.000737949
4.59885	-0.000177065
4.5991	0.000216803
4.59934	-0.00125219
4.59959	-0.00543505
4.59983	-0.00704718
4.60007	-0.000688787
4.60032	0.00912026
4.60056	0.0125177
4.60081	0.00787547
4.60105	0.00222345
4.6013	-0.000230346
4.60154	-0.000380949
4.60179	0.00315101
4.60203	0.0121582
4.60228	0.0199328
4.60252	0.0164069
4.60277	0.00375826
4.60301	-0.00452277
4.60325	-0.00208723
4.6035	0.00384893
4.60374	0.00613697
4.60399	0.00553712
4.60423	0.00239221
4.60448	-0.00634194
4.60472	-0.0170262
4.60497	-0.0187779
4.60521	-0.00914926
4.60546	0.00050808
4.6057	0.00117037
4.60595	-0.00299592
4.60619	-0.00533668
4.60643	-0.00674049
4.60668	-0.00854213
4.60692	-0.00715229
4.60717	-0.00319197
4.60741	-0.0041983
4.60766	-0.0100445
4.6079	-0.00828487
4.60815	0.00569927
4.60839	0.0164793
4.60864	0.00944972
4.60888	-0.00684326
4.60912	-0.0135871
4.60937	-0.00796996
4.60961	-0.00151907
4.60986	0.000176888
4.6101	9.20739e-05
4.61035	-0.0019863
4.61059	-0.00742305
4.61084	-0.00925283
4.61108	-0.00119371
4.61133	0.00732957
4.61157	0.00232542
4.61182	-0.0110031
4.61206	-0.0140132
4.6123	-0.00361435
4.61255	0.00398205
4.61279	0.000586119
4.61304	-0.00307029
4.61328	0.000732469
4.61353	0.00356298
4.61377	-0.00122186
4.61402	-0.00506138
4.61426	-0.000423116
4.61451	0.00454811
4.61475	0.000461238
4.615	-0.00710817
4.61524	-0.00912675
4.61548	-0.00893557
4.61573	-0.0122918
4.61597	-0.0129076
4.61622	-0.00442492
4.61646	0.00296491
4.61671	-0.00315103
4.61695	-0.0136959
4.6172	-0.00985628
4.61744	0.0052378
4.61769	0.00956371
4.61793	-0.00224949
4.61818	-0.00999992
4.61842	-0.000839311
4.61866	0.0110849
4.61891	0.00936517
4.61915	0.000612564
4.6194	-0.00055529
4.61964	0.00293865
4.61989	-0.00163364
4.62013	-0.0128805
4.62038	-0.0177997
4.62062	-0.0137906
4.62087	-0.0110577
4.62111	-0.0143223
4.62135	-0.0173752
4.6216	-0.0163948
4.62184	-0.014831
4.62209	-0.013176
4.62233	-0.00683011
4.62258	0.00259454
4.62282	0.00583256
4.62307	0.00043809
4.62331	-0.00401458
4.62356	-0.000751961
4.6238	0.00391613
4.62405	0.00182228
4.62429	-0.00394653
4.62453	-0.00505754
4.62478	-0.000788785
4.62502	0.00298197
4.62527	0.00332294
4.62551	0.00180995
4.62576	-0.000141064
4.626	-0.00170889
4.62625	-0.00161111
4.62649	-0.00134005
4.62674	-0.00510345
4.62698	-0.0115524
4.62723	-0.0114299
4.62747	-0.000758868
4.62771	0.00927102
4.62796	0.00567125
4.6282	-0.0065368
4.62845	-0.00968696
4.62869	0.00138188
4.62894	0.011598
4.62918	0.0069267
4.62943	-0.00684347
4.62967	-0.0135197
4.62992	-0.00799313
4.63016	-6.12727e-05
4.63041	0.000560204
4.63065	-0.00433995
4.63089	-0.00594896
4.63114	2.96554e-05
4.63138	0.00860381
4.63163	0.0112939
4.63187	0.00539167
4.63212	-0.00365715
4.63236	-0.00931165
4.63261	-0.0109893
4.63285	-0.0117299
4.6331	-0.0116098
4.63334	-0.00868299
4.63358	-0.00538404
4.63383	-0.0070097
4.63407	-0.0122505
4.63432	-0.0124563
4.63456	-0.00432846
4.63481	0.00335703
4.63505	0.00190056
4.6353	-0.00421391
4.63554	-0.00487773
4.63579	-0.000916223
4.63603	-0.00196464
4.63628	-0.00866747
4.63652	-0.00980362
4.63676	-0.00108648
4.63701	0.00535867
4.63725	-0.00128466
4.6375	-0.0127359
4.63774	-0.0128688
4.63799	-0.000785354
4.63823	0.0098892
4.63848	0.0116173
4.63872	0.00935479
4.63897	0.00672875
4.63921	0.000295605
4.63946	-0.00883632
4.6397	-0.0112413
4.63994	-0.003882
4.64019	0.0028373
4.64043	0.000828287
4.64068	-0.0032056
4.64092	-0.000546744
4.64117	0.00417193
4.64141	0.00235714
4.64166	-0.00198706
4.6419	0.000541358
4.64215	0.00635364
4.64239	0.00349612
4.64264	-0.00714926
4.64288	-0.0110902
4.64312	-0.00240511
4.64337	0.00749244
4.64361	0.00731122
4.64386	0.000107142
4.6441	-0.00519989
4.64435	-0.00654001
4.64459	-0.00682135
4.64484	-0.00663958
4.64508	-0.00455892
4.64533	-0.00042022
4.64557	0.00443444
4.64581	0.00693569
4.64606	0.00322835
4.6463	-0.00494283
4.64655	-0.00796518
4.64679	-0.000652465
4.64704	0.00692949
4.64728	0.00215287
4.64753	-0.0100032
4.64777	-0.0135897
4.64802	-0.00641877
4.64826	-0.0012373
4.64851	-0.00205543
4.64875	0.00120619
4.64899	0.010729
4.64924	0.0140746
4.64948	0.0069479
4.64973	0.00240946
4.64997	0.00703991
4.65022	0.00807983
4.65046	-0.0020898
4.65071	-0.00833375
4.65095	0.00283192
4.6512	0.0184291
4.65144	0.0187001
4.65169	0.00723947
4.65193	0.000216427
4.65217	-0.00173289
4.65242	-0.00765922
4.65266	-0.0127491
4.65291	-0.00577414
4.65315	0.00674383
4.6534	0.00903607
4.65364	0.00416812
4.65389	0.00814511
4.65413	0.0186445
4.65438	0.0165926
4.65462	-9.23947e-05
4.65487	-0.0112897
4.65511	-0.0077252
4.65535	-0.00348852
4.6556	-0.00817964
4.65584	-0.0111642
4.65609	-0.00405378
4.65633	0.00336655
4.65658	0.00227845
4.65682	0.000235637
4.65707	0.00398654
4.65731	0.00468062
4.65756	-0.00499506
4.6578	-0.0144116
4.65805	-0.0112415
4.65829	-0.00130153
4.65853	0.00281905
4.65878	0.00152406
4.65902	0.00190909
4.65927	0.00225013
4.65951	-0.00194342
4.65976	-0.00528962
4.66	-0.00103108
4.66025	0.00511435
4.66049	0.00376667
4.66074	-0.00226864
4.66098	-0.0045836
4.66122	-0.00435109
4.66147	-0.00666525
4.66171	-0.00706056
4.66196	0.000314522
4.6622	0.00718546
4.66245	0.00153143
4.66269	-0.0107494
4.66294	-0.0130854
4.66318	-0.0049956
4.66343	-0.00194163
4.66367	-0.00798871
4.66392	-0.00954065
4.66416	-0.000958861
4.6644	0.00420947
4.66465	-0.00302083
4.66489	-0.0104962
4.66514	-0.00536942
4.66538	0.00376057
4.66563	0.00134977
4.66587	-0.00928101
4.66612	-0.0128037
4.66636	-0.00812995
4.66661	-0.00842681
4.66685	-0.0158794
4.6671	-0.0156877
4.66734	-0.000392941
4.66758	0.0158815
4.66783	0.0167661
4.66807	0.00552385
4.66832	-0.0032
4.66856	-0.00480629
4.66881	-0.00531753
4.66905	-0.00588578
4.6693	-0.000929926
4.66954	0.00831028
4.66979	0.0112409
4.67003	0.00264944
4.67028	-0.00952199
4.67052	-0.0155662
4.67076	-0.0152587
4.67101	-0.0131012
4.67125	-0.00990717
4.6715	-0.0051089
4.67174	-0.00149624
4.67199	-0.00112641
4.67223	-0.000907332
4.67248	0.00198736
4.67272	0.00426497
4.67297	0.00141698
4.67321	-0.00538234
4.67345	-0.0118691
4.6737	-0.0156276
4.67394	-0.0143505
4.67419	-0.00568845
4.67443	0.00586825
4.67468	0.00974089
4.67492	0.00401097
4.67517	0.000747267
4.67541	0.00754396
4.67566	0.0135697
4.6759	0.00681473
4.67615	-0.00422467
4.67639	-0.00318124
4.67663	0.00668117
4.67688	0.0077536
4.67712	-0.00219761
4.67737	-0.00739879
4.67761	-0.0020241
4.67786	0.00150157
4.6781	-0.0031726
4.67835	-0.0056437
4.67859	-0.000557211
4.67884	0.00102562
4.67908	-0.00651079
4.67933	-0.00970237
4.67957	0.00116284
4.67981	0.0128227
4.68006	0.00956251
4.6803	-0.00159825
4.68055	-0.00457241
4.68079	-0.00082222
4.68104	-0.00254618
4.68128	-0.00882608
4.68153	-0.00944557
4.68177	-0.00601148
4.68202	-0.00828135
4.68226	-0.01335
4.68251	-0.00961219
4.68275	0.000115595
4.68299	0.00077994
4.68324	-0.00831724
4.68348	-0.0103432
4.68373	0.000949994
4.68397	0.010018
4.68422	0.00462868
4.68446	-0.00564332
4.68471	-0.00700827
4.68495	-0.00263214
4.6852	-0.00299682
4.68544	-0.00636485
4.68568	-0.00360327
4.68593	0.00411416
4.68617	0.00654679
4.68642	0.00087565
4.68666	-0.00485726
4.68691	-0.00477197
4.68715	-0.00218315
4.6874	-0.00212037
4.68764	-0.00392882
4.68789	-0.00380268
4.68813	-0.000353956
4.68838	0.00429172
4.68862	0.00646937
4.68886	0.00339829
4.68911	-0.00411868
4.68935	-0.0110275
4.6896	-0.0121225
4.68984	-0.00739764
4.69009	-0.00193598
4.69033	-0.00015386
4.69058	-0.00150663
4.69082	-0.00258952
4.69107	-0.0022743
4.69131	-0.00281188
4.69156	-0.00546685
4.6918	-0.0073088
4.69204	-0.00490099
4.69229	-9.61093e-05
4.69253	0.00155688
4.69278	-0.00151998
4.69302	-0.00503024
4.69327	-0.00574861
4.69351	-0.00548022
4.69376	-0.00556441
4.694	-0.00317938
4.69425	0.0020042
4.69449	0.00290437
4.69474	-0.00563824
4.69498	-0.015918
4.69522	-0.0149051
4.69547	-0.00229242
4.69571	0.00800939
4.69596	0.00622168
4.6962	-0.00189452
4.69645	-0.00577629
4.69669	-0.00461958
4.69694	-0.00487979
4.69718	-0.00824875
4.69743	-0.00984971
4.69767	-0.00690324
4.69791	-0.00235808
4.69816	0.000778591
4.6984	0.002974
4.69865	0.00388478
4.69889	-0.000188578
4.69914	-0.00985181
4.69938	-0.0168677
4.69963	-0.0118999
4.69987	0.00147041
4.70012	0.00774508
4.70036	-0.00122474
4.70061	-0.0139053
4.70085	-0.01321
4.70109	0.000735539
4.70134	0.0112942
4.70158	0.00812039
4.70183	-0.00116513
4.70207	-0.00497254
4.70232	-0.00336508
4.70256	-0.00329947
4.70281	-0.00580842
4.70305	-0.0062957
4.7033	-0.0036
4.70354	-0.00125906
4.70379	-0.00161485
4.70403	-0.00400018
4.70427	-0.00683988
4.70452	-0.00775667
4.70476	-0.00492579
4.70501	-0.00175691
4.70525	-0.00506244
4.7055	-0.0140047
4.70574	-0.0174807
4.70599	-0.00940742
4.70623	9.18098e-05
4.70648	-0.00176067
4.70672	-0.0110273
4.70697	-0.0128794
4.70721	-0.0040904
4.70745	0.00272313
4.7077	-0.00202987
4.70794	-0.0127686
4.70819	-0.0181251
4.70843	-0.0139903
4.70868	-0.00437723
4.70892	0.00402209
4.70917	0.00571142
4.70941	-2.08394e-05
4.70966	-0.00788232
4.7099	-0.0122117
4.71014	-0.0125103
4.71039	-0.0101872
4.71063	-0.00466802
4.71088	0.00146212
4.71112	0.000208611
4.71137	-0.00959618
4.71161	-0.014704
4.71186	-0.00472836
4.7121	0.00916504
4.71235	0.00877759
4.71259	-0.00253019
4.71284	-0.00511861
4.71308	0.00466703
4.71332	0.00972429
4.71357	0.00252761
4.71381	-0.00321203
4.71406	0.00106594
4.7143	0.00384114
4.71455	-0.00267091
4.71479	-0.00555063
4.71504	0.0052276
4.71528	0.0154091
4.71553	0.00911129
4.71577	-0.00292733
4.71602	-0.00101242
4.71626	0.00956812
4.7165	0.00811447
4.71675	-0.00496796
4.71699	-0.00842267
4.71724	0.00389183
4.71748	0.0132375
4.71773	0.00692838
4.71797	-0.00355553
4.71822	-0.00378036
4.71846	0.00280665
4.71871	0.00564292
4.71895	0.00419276
4.7192	0.00328544
4.71944	0.00195603
4.71968	-0.00238272
4.71993	-0.00591481
4.72017	-0.00385177
4.72042	0.000932687
4.72066	0.00203465
4.72091	-0.0010758
4.72115	-0.00327824
4.7214	-0.00123773
4.72164	0.00282803
4.72189	0.00354882
4.72213	-0.00177976
4.72237	-0.00793883
4.72262	-0.0052968
4.72286	0.00671072
4.72311	0.0142315
4.72335	0.00585851
4.7236	-0.0089434
4.72384	-0.0104321
4.72409	0.00348929
4.72433	0.0139501
4.72458	0.00811697
4.72482	-0.00454882
4.72507	-0.00884267
4.72531	-0.00419363
4.72555	-0.000276523
4.7258	-0.00179864
4.72604	-0.00635521
4.72629	-0.0106756
4.72653	-0.0115934
4.72678	-0.00635702
4.72702	0.00222296
4.72727	0.00647673
4.72751	0.00406078
4.72776	0.000828257
4.728	9.79594e-05
4.72825	-0.00193529
4.72849	-0.0056202
4.72873	-0.00383337
4.72898	0.0041838
4.72922	0.00660209
4.72947	-0.0027569
4.72971	-0.0106233
4.72996	-0.00254602
4.7302	0.0131249
4.73045	0.0157706
4.73069	0.00275027
4.73094	-0.00788081
4.73118	-0.00480461
4.73143	0.00269617
4.73167	0.00236917
4.73191	-0.00328756
4.73216	-0.00431118
4.7324	0.00103936
4.73265	0.00594276
4.73289	0.00530839
4.73314	-7.24456e-05
4.73338	-0.00685581
4.73363	-0.0116201
4.73387	-0.0114292
4.73412	-0.00592695
4.73436	0.000596601
4.73461	0.00145267
4.73485	-0.00590952
4.73509	-0.0149864
4.73534	-0.0145252
4.73558	-0.00148418
4.73583	0.0122219
4.73607	0.0123574
4.73632	0.00123169
4.73656	-0.00506246
4.73681	-7.83322e-06
4.73705	0.00434641
4.7373	-0.00213185
4.73754	-0.0103393
4.73778	-0.00644131
4.73803	0.00570484
4.73827	0.0109359
4.73852	0.00576059
4.73876	-0.000142193
4.73901	-0.00216126
4.73925	-0.00493105
4.7395	-0.00910352
4.73974	-0.00931184
4.73999	-0.0065492
4.74023	-0.00779667
4.74048	-0.0110905
4.74072	-0.00612964
4.74096	0.00648375
4.74121	0.0124521
4.74145	0.00643643
4.7417	0.00171685
4.74194	0.00811847
4.74219	0.0153577
4.74243	0.0108973
4.74268	0.00149737
4.74292	0.00141178
4.74317	0.00844882
4.74341	0.00887187
4.74366	0.000771991
4.7439	-0.00468404
4.74414	-0.00342172
4.74439	-0.00323364
4.74463	-0.00716824
4.74488	-0.00768975
4.74512	-0.00167928
4.74537	0.00237464
4.74561	-0.00132665
4.74586	-0.00576511
4.7461	-0.00331859
4.74635	0.00129643
4.74659	-0.000106422
4.74684	-0.00450695
4.74708	-0.00312282
4.74732	0.00233552
4.74757	0.00106507
4.74781	-0.00884576
4.74806	-0.0151363
4.7483	-0.00841284
4.74855	0.00403307
4.74879	0.00798289
4.74904	0.000550836
4.74928	-0.00833635
4.74953	-0.00973651
4.74977	-0.00402147
4.75001	0.00324293
4.75026	0.00676242
4.7505	0.00287022
4.75075	-0.00762194
4.75099	-0.0166259
4.75124	-0.0156961
4.75148	-0.00791736
4.75173	-0.00551162
4.75197	-0.0119997
4.75222	-0.0152279
4.75246	-0.00511354
4.75271	0.00923692
4.75295	0.0106152
4.75319	-0.00228303
4.75344	-0.0136408
4.75368	-0.012499
4.75393	-0.00447717
4.75417	0.000350744
4.75442	0.000533046
4.75466	-0.000591607
4.75491	-0.00315895
4.75515	-0.00862334
4.7554	-0.014565
4.75564	-0.0174868
4.75589	-0.0174481
4.75613	-0.0157402
4.75637	-0.0115247
4.75662	-0.00494784
4.75686	-0.00036029
4.75711	-0.00183881
4.75735	-0.00743422
4.7576	-0.0115193
4.75784	-0.0113718
4.75809	-0.00852242
4.75833	-0.00523613
4.75858	-0.00260184
4.75882	-0.00122902
4.75907	-0.00161836
4.75931	-0.00402814
4.75955	-0.00845952
4.7598	-0.0137363
4.76004	-0.0169591
4.76029	-0.0160197
4.76053	-0.0124828
4.76078	-0.009629
4.76102	-0.00825817
4.76127	-0.00727046
4.76151	-0.00709956
4.76176	-0.00853097
4.762	-0.00934212
4.76224	-0.00707011
4.76249	-0.00409513
4.76273	-0.00415226
4.76298	-0.00471091
4.76322	-8.61829e-05
4.76347	0.00777087
4.76371	0.00990852
4.76396	0.00358203
4.7642	-0.00348352
4.76445	-0.00502933
4.76469	-0.004414
4.76494	-0.00674928
4.76518	-0.0105428
4.76542	-0.012319
4.76567	-0.0130132
4.76591	-0.0142922
4.76616	-0.0140653
4.7664	-0.0106732
4.76665	-0.00654299
4.76689	-0.00363271
4.76714	-0.000864812
4.76738	0.000491566
4.76763	-0.00376233
4.76787	-0.0115108
4.76812	-0.0128682
4.76836	-0.00427093
4.7686	0.0040296
4.76885	0.00202019
4.76909	-0.00612977
4.76934	-0.010473
4.76958	-0.0102148
4.76983	-0.0106654
4.77007	-0.0118448
4.77032	-0.0106367
4.77056	-0.00906109
4.77081	-0.0100709
4.77105	-0.0100773
4.7713	-0.00602587
4.77154	-0.00442659
4.77178	-0.0115813
4.77203	-0.019965
4.77227	-0.0176652
4.77252	-0.00754178
4.77276	-0.00284458
4.77301	-0.00650797
4.77325	-0.00960638
4.7735	-0.00856564
4.77374	-0.00797003
4.77399	-0.0068732
4.77423	0.000462171
4.77447	0.00886538
4.77472	0.00548301
4.77496	-0.00758926
4.77521	-0.0125746
4.77545	-0.00406932
4.7757	0.00135375
4.77594	-0.00696949
4.77619	-0.015516
4.77643	-0.0101591
4.77668	-0.000902549
4.77692	-0.00492843
4.77717	-0.0178897
4.77741	-0.022299
4.77765	-0.0159537
4.7779	-0.0112603
4.77814	-0.011264
4.77839	-0.00745382
4.77863	-0.000238111
4.77888	-0.000983481
4.77912	-0.0108528
4.77937	-0.0162569
4.77961	-0.0108154
4.77986	-0.00522075
4.7801	-0.00789467
4.78035	-0.0110036
4.78059	-0.00560475
4.78083	0.00191521
4.78108	0.000415143
4.78132	-0.00794027
4.78157	-0.0122251
4.78181	-0.00949803
4.78206	-0.00600839
4.7823	-0.00568887
4.78255	-0.00734461
4.78279	-0.0102298
4.78304	-0.0132372
4.78328	-0.0113427
4.78353	-0.00219134
4.78377	0.00597766
4.78401	0.00277408
4.78426	-0.00915691
4.7845	-0.0171731
4.78475	-0.0161837
4.78499	-0.0125913
4.78524	-0.0105875
4.78548	-0.00682391
4.78573	-0.00153222
4.78597	-0.00198019
4.78622	-0.008887
4.78646	-0.0116567
4.7867	-0.00564415
4.78695	-0.00242589
4.78719	-0.0112297
4.78744	-0.0207877
4.78768	-0.0154093
4.78793	-0.00148383
4.78817	0.00117881
4.78842	-0.00863299
4.78866	-0.0116812
4.78891	-0.00122776
4.78915	0.00426
4.7894	-0.00871681
4.78964	-0.0250781
4.78988	-0.0233231
4.79013	-0.00730982
4.79037	0.0022861
4.79062	-0.0010897
4.79086	-0.00692842
4.79111	-0.0101549
4.79135	-0.0156682
4.7916	-0.0208479
4.79184	-0.0144453
4.79209	0.00204082
4.79233	0.0103324
4.79258	0.00132829
4.79282	-0.0105324
4.79306	-0.00966977
4.79331	-0.00237028
4.79355	-0.0034666
4.7938	-0.0105869
4.79404	-0.00871569
4.79429	0.00446466
4.79453	0.0146337
4.79478	0.012214
4.79502	0.0033395
4.79527	-0.00306247
4.79551	-0.00672365
4.79576	-0.010032
4.796	-0.0107996
4.79624	-0.00714761
4.79649	-0.00261762
4.79673	-0.00112322
4.79698	-0.00223794
4.79722	-0.00512222
4.79747	-0.0106554
4.79771	-0.0156743
4.79796	-0.0129085
4.7982	-0.00289389
4.79845	0.00178131
4.79869	-0.00693503
4.79893	-0.0180662
4.79918	-0.0153567
4.79942	-0.00186722
4.79967	0.00308985
4.79991	-0.00767204
4.80016	-0.0183029
4.8004	-0.0132646
4.80065	0.00062026
4.80089	0.00541644
4.80114	-0.00278602
4.80138	-0.0117477
4.80163	-0.0121575
4.80187	-0.00704834
4.80211	-0.00239662
4.80236	0.00114364
4.8026	0.00444579
4.80285	0.00604123
4.80309	0.00573092
4.80334	0.00597896
4.80358	0.00637132
4.80383	0.00250557
4.80407	-0.00575768
4.80432	-0.0108436
4.80456	-0.00765572
4.80481	-0.00218131
4.80505	-0.00298181
4.80529	-0.0077603
4.80554	-0.00711599
4.80578	-0.000446783
4.80603	0.00207811
4.80627	-0.00375989
4.80652	-0.00735435
4.80676	0.00124369
4.80701	0.0136762
4.80725	0.01229
4.8075	-0.00458398
4.80774	-0.0183059
4.80799	-0.0149342
4.80823	-0.00403185
4.80847	-0.00367597
4.80872	-0.0140182
4.80896	-0.0186456
4.80921	-0.0104486
4.80945	-0.00198726
4.8097	-0.00575529
4.80994	-0.0161014
4.81019	-0.0192709
4.81043	-0.0129988
4.81068	-0.00598743
4.81092	-0.0031822
4.81116	-0.00224274
4.81141	-0.0017648
4.81165	-0.00267014
4.8119	-0.0027481
4.81214	0.000328638
4.81239	0.00157195
4.81263	-0.00523797
4.81288	-0.0145954
4.81312	-0.0145222
4.81337	-0.00583129
4.81361	-0.00236314
4.81386	-0.0082408
4.8141	-0.0100504
4.81434	0.0003649
4.81459	0.0102455
4.81483	0.00577937
4.81508	-0.00486647
4.81532	-0.00490136
4.81557	0.0034634
4.81581	0.00397071
4.81606	-0.00534141
4.8163	-0.00954081
4.81655	-0.00359826
4.81679	-0.00103668
4.81704	-0.00921433
4.81728	-0.0147272
4.81752	-0.00517754
4.81777	0.00919087
4.81801	0.0104687
4.81826	-0.000220171
4.8185	-0.00694623
4.81875	-0.00417995
4.81899	-0.00153901
4.81924	-0.00502044
4.81948	-0.00918174
4.81973	-0.0103474
4.81997	-0.0136152
4.82022	-0.0211095
4.82046	-0.0245432
4.8207	-0.0172145
4.82095	-0.00531953
4.82119	0.000772712
4.82144	0.000566323
4.82168	0.000650662
4.82193	0.00272783
4.82217	0.00349872
4.82242	0.00348036
4.82266	0.00614077
4.82291	0.00890283
4.82315	0.00496896
4.8234	-0.00405975
4.82364	-0.00678055
4.82388	0.00241824
4.82413	0.0139379
4.82437	0.0149204
4.82462	0.00493337
4.82486	-0.00631672
4.82511	-0.0121015
4.82535	-0.0125253
4.8256	-0.00900488
4.82584	-0.00303764
4.82609	0.000929906
4.82633	-0.000926286
4.82657	-0.00532342
4.82682	-0.005715
4.82706	-0.0026812
4.82731	-0.00326504
4.82755	-0.00901106
4.8278	-0.0125975
4.82804	-0.00925711
4.82829	-0.00405456
4.82853	-0.00319695
4.82878	-0.00454708
4.82902	-0.00286841
4.82927	0.00029731
4.82951	-0.00100504
4.82975	-0.0074323
4.83	-0.013461
4.83024	-0.0152675
4.83049	-0.0141317
4.83073	-0.0123889
4.83098	-0.0106169
4.83122	-0.00899499
4.83147	-0.00791372
4.83171	-0.00729532
4.83196	-0.00779651
4.8322	-0.0110987
4.83245	-0.0157734
4.83269	-0.0153765
4.83293	-0.00594617
4.83318	0.00599511
4.83342	0.00919785
4.83367	0.00165858
4.83391	-0.00736996
4.83416	-0.0104609
4.8344	-0.0102867
4.83465	-0.0117472
4.83489	-0.0125286
4.83514	-0.00760208
4.83538	0.000774419
4.83563	0.00453319
4.83587	0.000467182
4.83611	-0.00624474
4.83636	-0.0096561
4.8366	-0.00953359
4.83685	-0.00889672
4.83709	-0.00880566
4.83734	-0.00774374
4.83758	-0.00425703
4.83783	0.00117297
4.83807	0.0056824
4.83832	0.0055056
4.83856	0.000184821
4.8388	-0.00489356
4.83905	-0.00377467
4.83929	0.00151066
4.83954	0.00225556
4.83978	-0.00462176
4.84003	-0.0106039
4.84027	-0.00700038
4.84052	0.00150743
4.84076	0.00228642
4.84101	-0.0073161
4.84125	-0.0158612
4.8415	-0.013886
4.84174	-0.00637679
4.84198	-0.00406337
4.84223	-0.00794525
4.84247	-0.0096642
4.84272	-0.00467059
4.84296	0.0023591
4.84321	0.00541383
4.84345	0.00412007
4.8437	0.000888853
4.84394	-0.00381524
4.84419	-0.00976452
4.84443	-0.013521
4.84468	-0.0109733
4.84492	-0.00307589
4.84516	0.00392736
4.84541	0.00492593
4.84565	0.000936565
4.8459	-0.00323666
4.84614	-0.00468147
4.84639	-0.00378279
4.84663	-0.00113021
4.84688	0.00341934
4.84712	0.00776852
4.84737	0.00757444
4.84761	0.00207905
4.84786	-0.00315122
4.8481	-0.0032239
4.84834	-0.000960724
4.84859	-0.00192134
4.84883	-0.00481717
4.84908	-0.00372091
4.84932	0.00112485
4.84957	0.00277346
4.84981	-0.00109162
4.85006	-0.00442557
4.8503	-0.003023
4.85055	-0.000517291
4.85079	-0.000457652
4.85103	-0.000359212
4.85128	0.00124413
4.85152	-0.000452842
4.85177	-0.00796801
4.85201	-0.0143905
4.85226	-0.0125604
4.8525	-0.00602798
4.85275	-0.00294655
4.85299	-0.00378784
4.85324	-0.00361904
4.85348	-0.00260623
4.85373	-0.00501434
4.85397	-0.0100136
4.85421	-0.0122082
4.85446	-0.0103769
4.8547	-0.00853381
4.85495	-0.00921565
4.85519	-0.0113959
4.85544	-0.0130198
4.85568	-0.0108028
4.85593	-0.00179343
4.85617	0.00934357
4.85642	0.0109426
4.85666	-4.8581e-05
4.85691	-0.0101064
4.85715	-0.00673153
4.85739	0.00327092
4.85764	0.00549379
4.85788	0.000715516
4.85813	0.000193873
4.85837	0.00358109
4.85862	0.000460829
4.85886	-0.00789569
4.85911	-0.00861038
4.85935	-0.000938303
4.8596	0.000411935
4.85984	-0.00908305
4.86009	-0.0146758
4.86033	-0.00743892
4.86057	0.000179876
4.86082	-0.00418403
4.86106	-0.0120141
4.86131	-0.00904238
4.86155	0.00148338
4.8618	0.00621723
4.86204	0.00316578
4.86229	0.000274677
4.86253	-0.0010093
4.86278	-0.00567946
4.86302	-0.0121274
4.86326	-0.0129479
4.86351	-0.00794141
4.86375	-0.00497075
4.864	-0.00744221
4.86424	-0.0099731
4.86449	-0.0075611
4.86473	-0.00223007
4.86498	0.000624781
4.86522	-0.0017548
4.86547	-0.00727459
4.86571	-0.0104403
4.86596	-0.00776106
4.8662	-0.0030869
4.86644	-0.00367511
4.86669	-0.00933128
4.86693	-0.0110774
4.86718	-0.00354644
4.86742	0.00723572
4.86767	0.0121134
4.86791	0.00904654
4.86816	0.00159858
4.8684	-0.00633801
4.86865	-0.0102089
4.86889	-0.00612777
4.86914	0.00225963
4.86938	0.00448567
4.86962	-0.00366861
4.86987	-0.013331
4.87011	-0.0138688
4.87036	-0.00582502
4.8706	0.00207363
4.87085	0.00378384
4.87109	-0.000123577
4.87134	-0.004373
4.87158	-0.00229878
4.87183	0.00686508
4.87207	0.0130783
4.87232	0.00619377
4.87256	-0.00788906
4.8728	-0.0130988
4.87305	-0.00670697
4.87329	-0.00252922
4.87354	-0.00671936
4.87378	-0.00757579
4.87403	0.00205827
4.87427	0.0098984
4.87452	0.0048032
4.87476	-0.0036792
4.87501	-0.00278964
4.87525	0.000250058
4.87549	-0.00780757
4.87574	-0.0196668
4.87598	-0.0171939
4.87623	-0.0022351
4.87647	0.00465971
4.87672	-0.00431373
4.87696	-0.0145062
4.87721	-0.0134473
4.87745	-0.00736403
4.8777	-0.00734093
4.87794	-0.0128872
4.87819	-0.0162984
4.87843	-0.0141607
4.87867	-0.00884132
4.87892	-0.00440418
4.87916	-0.00406405
4.87941	-0.00749168
4.87965	-0.0103996
4.8799	-0.010324
4.88014	-0.0100038
4.88039	-0.0106627
4.88063	-0.00749747
4.88088	0.00124771
4.88112	0.00701305
4.88137	0.00216161
4.88161	-0.00687744
4.88185	-0.00825559
4.8821	-0.00212356
4.88234	0.00149454
4.88259	-0.00148104
4.88283	-0.00650372
4.88308	-0.0102157
4.88332	-0.0119677
4.88357	-0.00878892
4.88381	4.67358e-05
4.88406	0.00661474
4.8843	0.00354074
4.88455	-0.00394355
4.88479	-0.00638252
4.88503	-0.0059488
4.88528	-0.0109675
4.88552	-0.018927
4.88577	-0.0197042
4.88601	-0.0130889
4.88626	-0.00810053
4.8865	-0.00655466
4.88675	-0.00254977
4.88699	0.00269979
4.88724	0.00143331
4.88748	-0.00490155
4.88772	-0.0061201
4.88797	-0.000953547
4.88821	0.000757664
4.88846	-0.00472873
4.8887	-0.0103167
4.88895	-0.0123067
4.88919	-0.0144192
4.88944	-0.0156054
4.88968	-0.0094901
4.88993	0.000959398
4.89017	0.00397073
4.89042	-0.00178523
4.89066	-0.00402462
4.8909	0.00243768
4.89115	0.00762326
4.89139	0.00476539
4.89164	0.000902601
4.89188	0.00190535
4.89213	0.00210844
4.89237	-0.00267867
4.89262	-0.00597358
4.89286	-0.0035535
4.89311	-0.00241929
4.89335	-0.0073802
4.8936	-0.0111975
4.89384	-0.00782143
4.89408	-0.00337579
4.89433	-0.00377364
4.89457	-0.00339593
4.89482	0.00262193
4.89506	0.00630387
4.89531	-0.000157035
4.89555	-0.00922536
4.8958	-0.00954674
4.89604	-0.0047377
4.89629	-0.00664892
4.89653	-0.0156887
4.89678	-0.0214791
4.89702	-0.019273
4.89726	-0.0133001
4.89751	-0.00664946
4.89775	0.000564083
4.898	0.00481635
4.89824	0.00171545
4.89849	-0.00573489
4.89873	-0.0102696
4.89898	-0.0106946
4.89922	-0.0110703
4.89947	-0.0113903
4.89971	-0.00787028
4.89996	-0.00178379
4.9002	0.000724339
4.90044	-0.00151911
4.90069	-0.00269211
4.90093	0.000362549
4.90118	0.00287303
4.90142	-0.000398832
4.90167	-0.00681476
4.90191	-0.00897857
4.90216	-0.00482108
4.9024	-0.000922998
4.90265	-0.00384747
4.90289	-0.0101399
4.90313	-0.0100087
4.90338	-0.0022421
4.90362	0.00173349
4.90387	-0.00535927
4.90411	-0.0131563
4.90436	-0.00802357
4.9046	0.0041882
4.90485	0.00525791
4.90509	-0.00638154
4.90534	-0.0118214
4.90558	-0.0015905
4.90583	0.00898497
4.90607	0.00479843
4.90631	-0.00480611
4.90656	-0.00217812
4.9068	0.00990565
4.90705	0.0137443
4.90729	0.00498988
4.90754	-0.00254269
4.90778	0.000401164
4.90803	0.00636795
4.90827	0.00455793
4.90852	-0.00476819
4.90876	-0.0128015
4.90901	-0.0119454
4.90925	-0.00162796
4.90949	0.0101146
4.90974	0.011768
4.90998	0.00110522
4.91023	-0.00958754
4.91047	-0.00836282
4.91072	-0.000414813
4.91096	-0.000155699
4.91121	-0.00890411
4.91145	-0.0132304
4.9117	-0.00670395
4.91194	0.000174133
4.91219	-0.00280729
4.91243	-0.0100972
4.91267	-0.0105397
4.91292	-0.00426111
4.91316	0.000561291
4.91341	0.00192264
4.91365	0.00399164
4.9139	0.00589746
4.91414	0.00214949
4.91439	-0.00527021
4.91463	-0.00635495
4.91488	0.00147171
4.91512	0.00690325
4.91536	0.00053874
4.91561	-0.0103281
4.91585	-0.0119143
4.9161	-0.00438528
4.91634	-0.00109346
4.91659	-0.00810701
4.91683	-0.0158342
4.91708	-0.0142657
4.91732	-0.00660187
4.91757	-0.00141466
4.91781	0.00113706
4.91806	0.00686087
4.9183	0.0154105
4.91854	0.0189997
4.91879	0.0125801
4.91903	-0.000165167
4.91928	-0.0107132
4.91952	-0.0124856
4.91977	-0.0057025
4.92001	0.0018087
4.92026	0.00167357
4.9205	-0.00479084
4.92075	-0.00806999
4.92099	-0.00469922
4.92124	-0.00269441
4.92148	-0.00780119
4.92172	-0.0129272
4.92197	-0.00963808
4.92221	-0.0024566
4.92246	-0.000968944
4.9227	-0.00393594
4.92295	-0.00338586
4.92319	0.00041191
4.92344	0.00136294
4.92368	0.00107884
4.92393	0.00542424
4.92417	0.00985898
4.92442	0.0041234
4.92466	-0.00847564
4.9249	-0.012732
4.92515	-0.00454433
4.92539	0.00382386
4.92564	0.00492517
4.92588	0.00573274
4.92613	0.010042
4.92637	0.00818528
4.92662	-0.00565056
4.92686	-0.0199573
4.92711	-0.021734
4.92735	-0.0150052
4.92759	-0.0115302
4.92784	-0.011738
4.92808	-0.00735792
4.92833	0.00280783
4.92857	0.0112909
4.92882	0.0130321
4.92906	0.00932988
4.92931	0.00351884
4.92955	-0.000677266
4.9298	0.000143088
4.93004	0.00453845
4.93029	0.00637729
4.93053	0.0036901
4.93077	0.00177666
4.93102	0.00352629
4.93126	0.00411758
4.93151	0.000671206
4.93175	-0.00119661
4.932	0.00241708
4.93224	0.00504539
4.93249	8.05379e-05
4.93273	-0.00733033
4.93298	-0.0081711
4.93322	-0.00361102
4.93347	-0.00132045
4.93371	-0.00241062
4.93395	-0.00221884
4.9342	-0.000776013
4.93444	-0.00239256
4.93469	-0.00654168
4.93493	-0.00828753
4.93518	-0.00691081
4.93542	-0.00607262
4.93567	-0.00608297
4.93591	-0.00362267
4.93616	0.000968212
4.9364	0.00309512
4.93665	0.0011986
4.93689	-0.00112091
4.93713	-0.00111734
4.93738	-0.000478068
4.93762	-0.00197603
4.93787	-0.00575527
4.93811	-0.00944409
4.93836	-0.0101758
4.9386	-0.00704945
4.93885	-0.00269168
4.93909	-0.000941413
4.93934	-0.00250681
4.93958	-0.00510628
4.93982	-0.00736328
4.94007	-0.00875343
4.94031	-0.0068174
4.94056	-0.000403987
4.9408	0.00495158
4.94105	0.0025925
4.94129	-0.00417838
4.94154	-0.00580432
4.94178	-0.00227259
4.94203	-0.00377412
4.94227	-0.012465
4.94252	-0.0166883
4.94276	-0.0101947
4.943	-0.00414931
4.94325	-0.00954747
4.94349	-0.0185697
4.94374	-0.0164542
4.94398	-0.00423884
4.94423	0.00390378
4.94447	0.00126985
4.94472	-0.00594796
4.94496	-0.0105533
4.94521	-0.0103028
4.94545	-0.00479591
4.9457	0.00276408
4.94594	0.00355096
4.94618	-0.00623478
4.94643	-0.0155052
4.94667	-0.0109205
4.94692	0.0026389
4.94716	0.0073357
4.94741	-0.0019354
4.94765	-0.0109845
4.9479	-0.00840656
4.94814	-0.000910299
4.94839	-0.00016844
4.94863	-0.0053845
4.94888	-0.0081523
4.94912	-0.00739291
4.94936	-0.00879637
4.94961	-0.0121403
4.94985	-0.0094545
4.9501	0.00211848
4.95034	0.0131369
4.95059	0.0125964
4.95083	0.00203477
4.95108	-0.00691908
4.95132	-0.00757587
4.95157	-0.00397096
4.95181	-0.00109406
4.95205	0.00207379
4.9523	0.00555815
4.95254	0.00341024
4.95279	-0.00615308
4.95303	-0.0134647
4.95328	-0.0109688
4.95352	-0.00671106
4.95377	-0.0105812
4.95401	-0.0144566
4.95426	-0.00496544
4.9545	0.0088907
4.95475	0.00525404
4.95499	-0.0131131
4.95523	-0.0187813
4.95548	-0.00407546
4.95572	0.00428676
4.95597	-0.0102676
4.95621	-0.0245246
4.95646	-0.0137943
4.9567	0.00590529
4.95695	0.00479837
4.95719	-0.0108766
4.95744	-0.0118532
4.95768	0.00310585
4.95793	0.0074711
4.95817	-0.00519714
4.95841	-0.0118552
4.95866	-0.00246029
4.9589	0.00417527
4.95915	-0.0028768
4.95939	-0.00719417
4.95964	0.00231891
4.95988	0.00863299
4.96013	-0.00340597
4.96037	-0.0183735
4.96062	-0.0146706
4.96086	0.00079644
4.96111	0.00640217
4.96135	0.000414762
4.96159	-0.00287562
4.96184	-0.00218918
4.96208	-0.00878313
4.96233	-0.0205855
4.96257	-0.0212785
4.96282	-0.00756196
4.96306	0.00331301
4.96331	-0.00101025
4.96355	-0.0114758
4.9638	-0.0138369
4.96404	-0.00819817
4.96428	-0.00381011
4.96453	-0.00422816
4.96477	-0.00656341
4.96502	-0.00870661
4.96526	-0.00900887
4.96551	-0.0038685
4.96575	0.00625708
4.966	0.0123702
4.96624	0.00725827
4.96649	-0.00206527
4.96673	-0.00219312
4.96698	0.00645126
4.96722	0.00861011
4.96746	-0.00262225
4.96771	-0.0133842
4.96795	-0.00912107
4.9682	0.00252196
4.96844	0.00311836
4.96869	-0.00765775
4.96893	-0.0122236
4.96918	-0.00429251
4.96942	0.00146586
4.96967	-0.00460971
4.96991	-0.0102699
4.97016	-0.00295427
4.9704	0.00739047
4.97064	0.00419693
4.97089	-0.0082139
4.97113	-0.0124449
4.97138	-0.00641584
4.97162	-0.003537
4.97187	-0.00751146
4.97211	-0.00763242
4.97236	-0.00012593
4.9726	0.00549314
4.97285	0.00514546
4.97309	0.00699696
4.97334	0.013721
4.97358	0.0151199
4.97382	0.00645574
4.97407	-0.00140943
4.97431	8.63181e-05
4.97456	0.00282513
4.9748	-0.00337248
4.97505	-0.0132085
4.97529	-0.0149491
4.97554	-0.00828874
4.97578	-0.00169552
4.97603	0.00142572
4.97627	0.00340667
4.97652	0.00432153
4.97676	0.00245684
4.977	-0.00122031
4.97725	-0.00558417
4.97749	-0.0112585
4.97774	-0.015117
4.97798	-0.0107378
4.97823	-0.000180121
4.97847	0.0041636
4.97872	-0.00291591
4.97896	-0.0103727
4.97921	-0.00884739
4.97945	-0.00668233
4.97969	-0.0151629
4.97994	-0.0274134
4.98018	-0.0277481
4.98043	-0.0154999
4.98067	-0.00326625
4.98092	0.00386865
4.98116	0.0103621
4.98141	0.0144395
4.98165	0.00870034
4.9819	-0.00306471
4.98214	-0.00742662
4.98239	-0.00264391
4.98263	-0.00164613
4.98287	-0.00910303
4.98312	-0.0123416
4.98336	-0.0029376
4.98361	0.0080058
4.98385	0.00703679
4.9841	-0.00140587
4.98434	-0.00440132
4.98459	-0.00115422
4.98483	-0.00094667
4.98508	-0.00593885
4.98532	-0.00894545
4.98557	-0.00667583
4.98581	-0.00437103
4.98605	-0.0064853
4.9863	-0.0105257
4.98654	-0.0116873
4.98679	-0.00868867
4.98703	-0.00415561
4.98728	-0.00202835
4.98752	-0.0040188
4.98777	-0.00698864
4.98801	-0.00632021
4.98826	-0.00323632
4.9885	-0.00402868
4.98875	-0.00935736
4.98899	-0.0107768
4.98923	-0.00328167
4.98948	0.0048621
4.98972	0.00264571
4.98997	-0.0077006
4.99021	-0.0142295
4.99046	-0.0122462
4.9907	-0.00823772
4.99095	-0.00759528
4.99119	-0.008112
4.99144	-0.0073464
4.99168	-0.00766461
4.99192	-0.0104687
4.99217	-0.0123101
4.99241	-0.0106552
4.99266	-0.00804172
4.9929	-0.00680942
4.99315	-0.00478367
4.99339	-0.000336901
4.99364	0.00265688
4.99388	-2.43242e-05
4.99413	-0.00574828
4.99437	-0.00804799
4.99462	-0.00565509
4.99486	-0.00405852
4.9951	-0.00770248
4.99535	-0.013749
4.99559	-0.0152502
4.99584	-0.00971085
4.99608	-0.00279812
4.99633	-0.00176617
4.99657	-0.0054372
4.99682	-0.00474788
4.99706	0.00396004
4.99731	0.0109358
4.99755	0.0052307
4.9978	-0.00759764
4.99804	-0.00979321
4.99828	0.00462087
4.99853	0.0196828
4.99877	0.0170228
4.99902	-0.00124719
4.99926	-0.0162775
4.99951	-0.0149812
4.99975	-0.00181442
5.0	0.00961888
5.00024	0.0103766
5.00049	0.00224826
5.00073	-0.00524048
5.00098	-0.00409031
5.00122	0.00336574
5.00146	0.00683984
5.00171	0.00139232
5.00195	-0.00584693
5.0022	-0.00618258
5.00244	-0.00163893
5.00269	-0.000315018
5.00293	-0.00336668
5.00318	-0.00480208
5.00342	-0.00244112
5.00367	-0.000454057
5.00391	-0.000786482
5.00415	-0.000245173
5.0044	0.00215511
5.00464	0.00231225
5.00489	-0.00162962
5.00513	-0.00526576
5.00538	-0.00476347
5.00562	-0.00269378
5.00587	-0.00323482
5.00611	-0.00551317
5.00636	-0.00575951
5.0066	-0.00345431
5.00685	-0.00143502
5.00709	-0.00109507
5.00733	-0.000659328
5.00758	0.00146408
5.00782	0.00329745
5.00807	0.000585723
5.00831	-0.00762925
5.00856	-0.0154714
5.0088	-0.015362
5.00905	-0.00767023
5.00929	-0.00121864
5.00954	-0.00167444
5.00978	-0.00433975
5.01003	-0.00288592
5.01027	0.000287449
5.01051	-0.000371321
5.01076	-0.00255466
5.011	-0.000653351
5.01125	0.00162786
5.01149	-0.00461848
5.01174	-0.0166409
5.01198	-0.0203096
5.01223	-0.0107998
5.01247	-0.000706734
5.01272	-0.00137041
5.01296	-0.00741142
5.01321	-0.0082965
5.01345	-0.00525304
5.01369	-0.00554223
5.01394	-0.00751922
5.01418	-0.00462546
5.01443	-0.000125459
5.01467	-0.00382697
5.01492	-0.0143208
5.01516	-0.0179903
5.01541	-0.00925167
5.01565	-7.22503e-05
5.0159	-0.00256973
5.01614	-0.0109828
5.01638	-0.0101795
5.01663	0.00271206
5.01687	0.0149867
5.01712	0.0157156
5.01736	0.00750988
5.01761	-0.000903803
5.01785	-0.00583877
5.0181	-0.00768511
5.01834	-0.00533297
5.01859	0.00078287
5.01883	0.00367119
5.01908	-0.0028642
5.01932	-0.0123384
5.01956	-0.0111673
5.01981	0.00125221
5.02005	0.00856086
5.0203	-0.000135385
5.02054	-0.0135418
5.02079	-0.0140403
5.02103	-0.00302445
5.02128	0.00286307
5.02152	-0.00248594
5.02177	-0.0073394
5.02201	-0.00217649
5.02226	0.0064365
5.0225	0.00757348
5.02274	0.00159262
5.02299	-0.00287641
5.02323	-0.0012138
5.02348	0.00386024
5.02372	0.0070514
5.02397	0.00462535
5.02421	-0.00268699
5.02446	-0.00892688
5.0247	-0.00909201
5.02495	-0.00628517
5.02519	-0.00679184
5.02544	-0.00877769
5.02568	-0.00485038
5.02592	0.00348205
5.02617	0.00518053
5.02641	-0.00301838
5.02666	-0.0102569
5.0269	-0.0083476
5.02715	-0.00350665
5.02739	-0.00336377
5.02764	-0.00351016
5.02788	0.00205471
5.02813	0.00668967
5.02837	0.00111242
5.02861	-0.00867105
5.02886	-0.00836534
5.0291	0.00217702
5.02935	0.00790431
5.02959	0.000730829
5.02984	-0.0099674
5.03008	-0.0122086
5.03033	-0.00643512
5.03057	-0.00105278
5.03082	-0.000650733
5.03106	-0.00389085
5.03131	-0.00821591
5.03155	-0.0118717
5.03179	-0.0135125
5.03204	-0.0129248
5.03228	-0.0114724
5.03253	-0.0108498
5.03277	-0.0117618
5.03302	-0.0131288
5.03326	-0.0121063
5.03351	-0.00692105
5.03375	-0.000545129
5.034	0.00157858
5.03424	-0.00123096
5.03449	-0.00401044
5.03473	-0.0042679
5.03497	-0.00548301
5.03522	-0.00938265
5.03546	-0.0111264
5.03571	-0.00761666
5.03595	-0.00472745
5.0362	-0.00900596
5.03644	-0.0163374
5.03669	-0.0167312
5.03693	-0.00805574
5.03718	0.00200116
5.03742	0.00614143
5.03767	0.00371015
5.03791	-0.00156702
5.03815	-0.00483842
5.0384	-0.00307633
5.03864	0.000968352
5.03889	0.000933464
5.03913	-0.00318444
5.03938	-0.00286786
5.03962	0.00554193
5.03987	0.0122173
5.04011	0.0070011
5.04036	-0.00500232
5.0406	-0.0110935
5.04084	-0.00892389
5.04109	-0.00538866
5.04133	-0.00228876
5.04158	0.00343649
5.04182	0.00788822
5.04207	0.00334268
5.04231	-0.00673502
5.04256	-0.0100471
5.0428	-0.00436142
5.04305	-0.000206433
5.04329	-0.00221332
5.04354	-0.00227472
5.04378	0.00405953
5.04402	0.00851274
5.04427	0.00441726
5.04451	-0.00239614
5.04476	-0.00496596
5.045	-0.00610368
5.04525	-0.009418
5.04549	-0.0103992
5.04574	-0.00623819
5.04598	-0.00427829
5.04623	-0.00925487
5.04647	-0.0113681
5.04672	-0.000616504
5.04696	0.0139644
5.0472	0.0145626
5.04745	0.000485234
5.04769	-0.0113802
5.04794	-0.011192
5.04818	-0.00628213
5.04843	-0.00461092
5.04867	-0.00271233
5.04892	0.00351612
5.04916	0.00780462
5.04941	0.00279954
5.04965	-0.00658885
5.0499	-0.00889401
5.05014	-0.00227888
5.05038	0.00332605
5.05063	0.000219227
5.05087	-0.00745003
5.05112	-0.00995054
5.05136	-0.00383548
5.05161	0.00508599
5.05185	0.00887113
5.0521	0.00533434
5.05234	-0.000834505
5.05259	-0.00330182
5.05283	-0.000143339
5.05307	0.00441877
5.05332	0.00398151
5.05356	-0.00335099
5.05381	-0.0118206
5.05405	-0.0130953
5.0543	-0.00571871
5.05454	0.00248425
5.05479	0.00373685
5.05503	-0.000249362
5.05528	-0.00234586
5.05552	-0.001619
5.05577	-0.00400238
5.05601	-0.0106104
5.05625	-0.0135563
5.0565	-0.00807427
5.05674	-0.00180035
5.05699	-0.00432867
5.05723	-0.0119546
5.05748	-0.0121135
5.05772	-0.00171947
5.05797	0.00845729
5.05821	0.00934635
5.05846	0.00492474
5.0587	0.00386041
5.05895	0.00651406
5.05919	0.0062405
5.05943	8.47534e-05
5.05968	-0.0075305
5.05992	-0.0108411
5.06017	-0.00884968
5.06041	-0.00558667
5.06066	-0.00563209
5.0609	-0.0083725
5.06115	-0.00720154
5.06139	0.00191924
5.06164	0.0115659
5.06188	0.00936642
5.06213	-0.00429765
5.06237	-0.0131953
5.06261	-0.00564323
5.06286	0.00930332
5.0631	0.0142832
5.06335	0.00612528
5.06359	-0.00433608
5.06384	-0.00989871
5.06408	-0.0116259
5.06433	-0.0085417
5.06457	0.00217637
5.06482	0.0134745
5.06506	0.0121852
5.06531	-0.000869209
5.06555	-0.00878569
5.06579	-0.00293846
5.06604	0.0047446
5.06628	0.00237545
5.06653	-0.00358073
5.06677	-0.00261331
5.06702	0.000632938
5.06726	-0.0029571
5.06751	-0.00811206
5.06775	-0.00507527
5.068	-1.50518e-05
5.06824	-0.00520665
5.06848	-0.0140862
5.06873	-0.00858758
5.06897	0.00939558
5.06922	0.017073
5.06946	0.00547693
5.06971	-0.00665666
5.06995	-0.00218487
5.0702	0.0102844
5.07044	0.0128253
5.07069	0.00343045
5.07093	-0.0073579
5.07118	-0.0128196
5.07142	-0.0115383
5.07166	-0.00310879
5.07191	0.0066987
5.07215	0.00638631
5.0724	-0.00509395
5.07264	-0.0123703
5.07289	-0.00453298
5.07313	0.00823337
5.07338	0.0106884
5.07362	0.00474775
5.07387	0.00156933
5.07411	0.00101939
5.07436	-0.00400653
5.0746	-0.00941273
5.07484	-0.00471986
5.07509	0.00637377
5.07533	0.00837213
5.07558	-0.00179423
5.07582	-0.00904421
5.07607	-0.00259413
5.07631	0.00908624
5.07656	0.0112965
5.0768	0.00142656
5.07705	-0.0108418
5.07729	-0.0150467
5.07754	-0.00840187
5.07778	0.00216969
5.07802	0.00547708
5.07827	-0.00184394
5.07851	-0.0101325
5.07876	-0.00931085
5.079	-0.0032765
5.07925	-0.0032866
5.07949	-0.0101937
5.07974	-0.0142358
5.07998	-0.0113951
5.08023	-0.00823623
5.08047	-0.00936443
5.08071	-0.0111145
5.08096	-0.00996268
5.0812	-0.00728355
5.08145	-0.00358472
5.08169	0.0021863
5.08194	0.00579472
5.08218	0.00112277
5.08243	-0.00694377
5.08267	-0.00527663
5.08292	0.0069297
5.08316	0.0129158
5.08341	0.00175185
5.08365	-0.0141606
5.08389	-0.0157876
5.08414	-0.00347245
5.08438	0.00600108
5.08463	0.00353474
5.08487	-0.00348322
5.08512	-0.00523146
5.08536	-0.00123047
5.08561	0.00344564
5.08585	0.00525967
5.0861	0.00288745
5.08634	-0.00298055
5.08659	-0.00801483
5.08683	-0.00735937
5.08707	-0.00258773
5.08732	-0.000897781
5.08756	-0.00482866
5.08781	-0.00774284
5.08805	-0.00387351
5.0883	0.00151396
5.08854	-0.000985939
5.08879	-0.00951534
5.08903	-0.0113776
5.08928	-0.00159098
5.08952	0.00754679
5.08977	0.00266836
5.09001	-0.0108714
5.09025	-0.015739
5.0905	-0.00687548
5.09074	0.00275051
5.09099	0.00222418
5.09123	-0.00344031
5.09148	-0.00500044
5.09172	-0.00397138
5.09197	-0.0070368
5.09221	-0.0129874
5.09246	-0.0154089
5.0927	-0.0139123
5.09294	-0.0128782
5.09319	-0.0118227
5.09343	-0.00669047
5.09368	0.000280534
5.09392	0.00112043
5.09417	-0.00630696
5.09441	-0.0141147
5.09466	-0.0135338
5.0949	-0.00424633
5.09515	0.00575068
5.09539	0.00724842
5.09564	-0.0012875
5.09588	-0.00999426
5.09612	-0.00709656
5.09637	0.00553003
5.09661	0.0132479
5.09686	0.0090905
5.0971	0.00355362
5.09735	0.00638112
5.09759	0.00968512
5.09784	0.0021408
5.09808	-0.009255
5.09833	-0.00876272
5.09857	0.00187599
5.09882	0.00557062
5.09906	-0.00283717
5.0993	-0.0100692
5.09955	-0.00730434
5.09979	-0.00170336
5.10004	-0.000367888
5.10028	0.000420579
5.10053	0.00307782
5.10077	0.00130225
5.10102	-0.00646674
5.10126	-0.00983048
5.10151	-0.00292627
5.10175	0.00346944
5.102	-0.00240535
5.10224	-0.0146402
5.10248	-0.0182413
5.10273	-0.00997305
5.10297	3.46979e-05
5.10322	0.00312529
5.10346	-0.000622367
5.10371	-0.00688173
5.10395	-0.0111917
5.1042	-0.0105411
5.10444	-0.00607486
5.10469	-0.00229572
5.10493	-0.00111601
5.10517	-0.000512173
5.10542	-0.000133081
5.10566	-0.00185383
5.10591	-0.00364111
5.10615	-0.0012293
5.1064	0.00240359
5.10664	-0.000436346
5.10689	-0.00747797
5.10713	-0.00680372
5.10738	0.00316495
5.10762	0.00779536
5.10787	-0.00150619
5.10811	-0.0128139
5.10835	-0.0123782
5.1086	-0.00510323
5.10884	-0.00319896
5.10909	-0.00598883
5.10933	-0.00643769
5.10958	-0.00762332
5.10982	-0.0148872
5.11007	-0.0193705
5.11031	-0.0091882
5.11056	0.00735253
5.1108	0.00994925
5.11105	-0.00371976
5.11129	-0.0159335
5.11153	-0.0168993
5.11178	-0.0141729
5.11202	-0.0119208
5.11227	-0.00330479
5.11251	0.00919735
5.11276	0.00815829
5.113	-0.0111347
5.11325	-0.0262325
5.11349	-0.0175343
5.11374	0.00217458
5.11398	0.00739078
5.11423	-0.0022751
5.11447	-0.006262
5.11471	0.00113387
5.11496	0.00373403
5.1152	-0.00630936
5.11545	-0.0146224
5.11569	-0.00937822
5.11594	-0.000766782
5.11618	-0.0026207
5.11643	-0.00902628
5.11667	-0.00536485
5.11692	0.0064673
5.11716	0.0115495
5.1174	0.00664903
5.11765	0.00363517
5.11789	0.00735882
5.11814	0.00724778
5.11838	-0.00342266
5.11863	-0.0146875
5.11887	-0.015471
5.11912	-0.0102089
5.11936	-0.00872291
5.11961	-0.00896782
5.11985	-0.00339881
5.1201	0.0038352
5.12034	0.00123935
5.12058	-0.0107163
5.12083	-0.0190732
5.12107	-0.0174725
5.12132	-0.0123546
5.12156	-0.00889663
5.12181	-0.00481363
5.12205	-0.00114767
5.1223	-0.00422658
5.12254	-0.0108389
5.12279	-0.00665994
5.12303	0.0106822
5.12328	0.0209907
5.12352	0.00791304
5.12376	-0.0148579
5.12401	-0.0206705
5.12425	-0.00664881
5.1245	0.00502831
5.12474	0.000751296
5.12499	-0.00822111
5.12523	-0.00676852
5.12548	0.0029498
5.12572	0.00939069
5.12597	0.00894814
5.12621	0.00564605
5.12646	0.000938354
5.1267	-0.00646105
5.12694	-0.0141366
5.12719	-0.0174235
5.12743	-0.0160361
5.12768	-0.0135658
5.12792	-0.0115436
5.12817	-0.00902089
5.12841	-0.0071406
5.12866	-0.00874101
5.1289	-0.0127049
5.12915	-0.0133905
5.12939	-0.00798087
5.12963	-0.00121674
5.12988	0.000207215
5.13012	-0.0039548
5.13037	-0.00832684
5.13061	-0.0103955
5.13086	-0.0134164
5.1311	-0.0191598
5.13135	-0.0225572
5.13159	-0.0182789
5.13184	-0.00980321
5.13208	-0.00582587
5.13233	-0.00833343
5.13257	-0.0105717
5.13281	-0.0075913
5.13306	-0.00208541
5.1333	0.00242469
5.13355	0.00710911
5.13379	0.0121147
5.13404	0.0117533
5.13428	0.00220632
5.13453	-0.00988733
5.13477	-0.0138586
5.13502	-0.00836275
5.13526	-0.00195866
5.13551	-0.00119592
5.13575	-0.00427315
5.13599	-0.0068328
5.13624	-0.00823367
5.13648	-0.0100534
5.13673	-0.0123477
5.13697	-0.0138461
5.13722	-0.0138264
5.13746	-0.0121017
5.13771	-0.00828596
5.13795	-0.00250558
5.1382	0.00301537
5.13844	0.00398736
5.13869	-0.00213617
5.13893	-0.0110477
5.13917	-0.0133623
5.13942	-0.00577279
5.13966	0.00219695
5.13991	-0.000555883
5.14015	-0.0101284
5.1404	-0.0118699
5.14064	-0.00226199
5.14089	0.00522518
5.14113	0.00100473
5.14138	-0.00625637
5.14162	-0.00510103
5.14187	0.000279028
5.14211	-0.000126261
5.14235	-0.00315308
5.1426	0.000586779
5.14284	0.00674437
5.14309	0.00269152
5.14333	-0.00883567
5.14358	-0.0110302
5.14382	-0.000644299
5.14407	0.00496907
5.14431	-0.00424738
5.14456	-0.0139439
5.1448	-0.0081265
5.14504	0.0052383
5.14529	0.00680566
5.14553	-0.00501486
5.14578	-0.0139062
5.14602	-0.0106322
5.14627	-0.00287432
5.14651	4.54753e-05
5.14676	-0.000883058
5.147	-0.000989512
5.14725	-0.000669156
5.14749	-0.00254892
5.14774	-0.00594492
5.14798	-0.00849134
5.14822	-0.00967447
5.14847	-0.00978547
5.14871	-0.00813572
5.14896	-0.00477682
5.1492	-0.00201183
5.14945	-0.00198049
5.14969	-0.00371257
5.14994	-0.00404889
5.15018	-0.00114192
5.15043	0.00371455
5.15067	0.0075804
5.15092	0.00836836
5.15116	0.00541818
5.1514	-0.00132079
5.15165	-0.0102291
5.15189	-0.016164
5.15214	-0.0138634
5.15238	-0.00569793
5.15263	-0.00142571
5.15287	-0.00556076
5.15312	-0.00981142
5.15336	-0.00525434
5.15361	0.00276927
5.15385	0.00274373
5.1541	-0.00316623
5.15434	-0.00186556
5.15458	0.00729338
5.15483	0.00882099
5.15507	-0.00316498
5.15532	-0.0124782
5.15556	-0.00544579
5.15581	0.00703756
5.15605	0.00737619
5.1563	-0.00106551
5.15654	-0.00271785
5.15679	0.00277846
5.15703	0.00312586
5.15727	-0.00167491
5.15752	0.000172064
5.15776	0.00757402
5.15801	0.00617241
5.15825	-0.00373709
5.1585	-0.00307681
5.15874	0.0134679
5.15899	0.0240158
5.15923	0.0128284
5.15948	-0.00330889
5.15972	-0.000918413
5.15997	0.0140932
5.16021	0.018651
5.16045	0.0100018
5.1607	0.00630725
5.16094	0.0139093
5.16119	0.0181544
5.16143	0.00919748
5.16168	-0.00360768
5.16192	-0.00897684
5.16217	-0.00866488
5.16241	-0.00786399
5.16266	-0.00446735
5.1629	0.0034365
5.16315	0.00966666
5.16339	0.00805778
5.16363	0.00129745
5.16388	-0.0045385
5.16412	-0.00761088
5.16437	-0.00768474
5.16461	-0.00351912
5.16486	0.00179761
5.1651	0.000844435
5.16535	-0.00653358
5.16559	-0.00919828
5.16584	0.000247
5.16608	0.0131798
5.16633	0.0161197
5.16657	0.00864926
5.16681	0.00109124
5.16706	-0.00129181
5.1673	-0.00166219
5.16755	-0.00171757
5.16779	0.000668925
5.16804	0.00349545
5.16828	0.000358053
5.16853	-0.00867832
5.16877	-0.0138733
5.16902	-0.00812561
5.16926	0.00296168
5.1695	0.00843717
5.16975	0.00589981
5.16999	0.00254591
5.17024	0.00360882
5.17048	0.0054101
5.17073	0.00192638
5.17097	-0.00540213
5.17122	-0.00868673
5.17146	-0.00409113
5.17171	0.00285073
5.17195	0.00451006
5.1722	0.000505693
5.17244	-0.00390724
5.17268	-0.00649308
5.17293	-0.00981031
5.17317	-0.01465
5.17342	-0.0172196
5.17366	-0.0145567
5.17391	-0.00864096
5.17415	-0.00329521
5.1744	-0.000386211
5.17464	-0.000460811
5.17489	-0.00346522
5.17513	-0.00714623
5.17538	-0.00796157
5.17562	-0.00503255
5.17586	-0.000590774
5.17611	0.00348564
5.17635	0.00600548
5.1766	0.0045256
5.17684	-0.00143794
5.17709	-0.00629199
5.17733	-0.00481088
5.17758	-0.00207533
5.17782	-0.00748217
5.17807	-0.0181662
5.17831	-0.0202513
5.17856	-0.0100115
5.1788	-0.000601842
5.17904	-0.00105981
5.17929	-0.00239343
5.17953	0.00474652
5.17978	0.0115942
5.18002	0.0056343
5.18027	-0.00643565
5.18051	-0.00823784
5.18076	-0.000569754
5.181	0.00048998
5.18125	-0.00904226
5.18149	-0.0146553
5.18173	-0.00714954
5.18198	0.00420811
5.18222	0.0080142
5.18247	0.00572507
5.18271	0.00326167
5.18296	-9.08263e-05
5.1832	-0.00606045
5.18345	-0.0101295
5.18369	-0.00824241
5.18394	-0.00417531
5.18418	-0.00353826
5.18443	-0.00582917
5.18467	-0.00728688
5.18491	-0.00626431
5.18516	-0.00230431
5.1854	0.00404536
5.18565	0.00792871
5.18589	0.00402413
5.18614	-0.00390413
5.18638	-0.00605977
5.18663	-0.0018465
5.18687	-0.00129711
5.18712	-0.00719161
5.18736	-0.00864605
5.18761	-0.000284402
5.18785	0.00538962
5.18809	-0.00305785
5.18834	-0.0155918
5.18858	-0.0146481
5.18883	-0.00222076
5.18907	0.00407506
5.18932	-0.0013099
5.18956	-0.00601158
5.18981	-0.00271403
5.19005	-0.000425983
5.1903	-0.00650595
5.19054	-0.0121596
5.19079	-0.00652932
5.19103	0.00446146
5.19127	0.00592437
5.19152	-0.00358027
5.19176	-0.00957256
5.19201	-0.00230086
5.19225	0.010019
5.1925	0.0129293
5.19274	0.00416549
5.19299	-0.00594253
5.19323	-0.00922974
5.19348	-0.00762517
5.19372	-0.00619932
5.19396	-0.00547091
5.19421	-0.00412039
5.19445	-0.00386362
5.1947	-0.00628158
5.19494	-0.00833436
5.19519	-0.00663773
5.19543	-0.00345788
5.19568	-0.00266187
5.19592	-0.00268706
5.19617	-0.000468559
5.19641	0.000812767
5.19666	-0.00309274
5.1969	-0.00702901
5.19714	-0.00240666
5.19739	0.00693203
5.19763	0.00789145
5.19788	-0.000913956
5.19812	-0.00565647
5.19837	0.000282526
5.19861	0.00512991
5.19886	-0.00137239
5.1991	-0.0105643
5.19935	-0.0091727
5.19959	0.000380418
5.19984	0.00747989
5.20008	0.0114578
5.20032	0.0170911
5.20057	0.019861
5.20081	0.0127776
5.20106	0.00316437
5.2013	0.00502933
5.20155	0.0166523
5.20179	0.0228114
5.20204	0.0188717
5.20228	0.0153625
5.20253	0.017341
5.20277	0.0173169
5.20302	0.0127708
5.20326	0.0126889
5.2035	0.0193712
5.20375	0.0205247
5.20399	0.00939516
5.20424	-0.00230377
5.20448	-0.00362002
5.20473	-0.0028889
5.20497	-0.0121152
5.20522	-0.0238211
5.20546	-0.0214249
5.20571	-0.00669921
5.20595	0.0017143
5.20619	-0.00372453
5.20644	-0.0100384
5.20668	-0.00537564
5.20693	0.00461187
5.20717	0.00846444
5.20742	0.00585628
5.20766	0.00433783
5.20791	0.00582224
5.20815	0.00493851
5.2084	-0.00133648
5.20864	-0.00871943
5.20889	-0.0106656
5.20913	-0.0055503
5.20937	0.00152221
5.20962	0.00356624
5.20986	-0.000977264
5.21011	-0.00649863
5.21035	-0.00753629
5.2106	-0.0059925
5.21084	-0.00696827
5.21109	-0.00885269
5.21133	-0.00435765
5.21158	0.00700961
5.21182	0.0147734
5.21207	0.0108222
5.21231	0.00161608
5.21255	-6.06511e-05
5.2128	0.00709529
5.21304	0.0113195
5.21329	0.00455634
5.21353	-0.00649464
5.21378	-0.00962251
5.21402	-0.0025618
5.21427	0.00527436
5.21451	0.00425665
5.21476	-0.00586134
5.215	-0.0165573
5.21525	-0.0181983
5.21549	-0.00856867
5.21573	0.00381813
5.21598	0.00682596
5.21622	-0.00194116
5.21647	-0.0109605
5.21671	-0.00778355
5.21696	0.00574748
5.2172	0.0164566
5.21745	0.0168438
5.21769	0.0123501
5.21794	0.0106173
5.21818	0.0111541
5.21843	0.0102541
5.21867	0.0101381
5.21891	0.0156327
5.21916	0.0237147
5.2194	0.0241009
5.21965	0.0126164
5.21989	-0.000652655
5.22014	-0.00086396
5.22038	0.0142746
5.22063	0.0299081
5.22087	0.0293718
5.22112	0.01331
5.22136	-0.000739862
5.2216	0.000360434
5.22185	0.00995202
5.22209	0.0130624
5.22234	0.0080201
5.22258	0.00598457
5.22283	0.0105349
5.22307	0.0115276
5.22332	0.00345388
5.22356	-0.00358508
5.22381	-0.000137056
5.22405	0.00675076
5.2243	0.00598269
5.22454	0.00154919
5.22478	0.00415174
5.22503	0.00975452
5.22527	0.00423767
5.22552	-0.0117025
5.22576	-0.0203874
5.22601	-0.0134887
5.22625	-0.00414337
5.2265	-0.00591499
5.22674	-0.0140584
5.22699	-0.0172388
5.22723	-0.015662
5.22748	-0.0153985
5.22772	-0.0136813
5.22796	-0.00388544
5.22821	0.00921281
5.22845	0.0126056
5.2287	0.00317168
5.22894	-0.00801499
5.22919	-0.0106234
5.22943	-0.00577133
5.22968	-0.000129861
5.22992	0.00308108
5.23017	0.00415309
5.23041	0.00347848
5.23066	0.00177937
5.2309	0.000908723
5.23114	0.00186919
5.23139	0.00327558
5.23163	0.00260969
5.23188	-0.0018646
5.23212	-0.00959054
5.23237	-0.0163891
5.23261	-0.0162772
5.23286	-0.0077446
5.2331	0.00253031
5.23335	0.00563078
5.23359	0.000190209
5.23383	-0.00662992
5.23408	-0.00822925
5.23432	-0.00572748
5.23457	-0.00489813
5.23481	-0.00810719
5.23506	-0.0115212
5.2353	-0.0103411
5.23555	-0.00527456
5.23579	-0.00192654
5.23604	-0.00336976
5.23628	-0.00587984
5.23653	-0.00462401
5.23677	-0.00124691
5.23701	-0.00112484
5.23726	-0.00426577
5.2375	-0.00533333
5.23775	-0.00356678
5.23799	-0.00529497
5.23824	-0.0130176
5.23848	-0.0187914
5.23873	-0.0144942
5.23897	-0.00388221
5.23922	0.00243635
5.23946	0.00105116
5.23971	-0.00206252
5.23995	-0.00173535
5.24019	0.000816635
5.24044	0.00263201
5.24068	0.00340904
5.24093	0.00389267
5.24117	0.00359175
5.24142	0.00145015
5.24166	-0.00277745
5.24191	-0.00749322
5.24215	-0.00908987
5.2424	-0.00546645
5.24264	-0.000577059
5.24289	-0.000807236
5.24313	-0.00494312
5.24337	-0.00455392
5.24362	0.0016477
5.24386	0.00249673
5.24411	-0.00855702
5.24435	-0.0194829
5.2446	-0.0148821
5.24484	0.000550735
5.24509	0.00840239
5.24533	0.00354073
5.24558	-0.00169804
5.24582	-0.000637988
5.24606	-0.00146313
5.24631	-0.00803748
5.24655	-0.00939018
5.2468	0.000955762
5.24704	0.00983661
5.24729	0.00272921
5.24753	-0.0132665
5.24778	-0.0201688
5.24802	-0.0156649
5.24827	-0.0125059
5.24851	-0.015061
5.24876	-0.014027
5.249	-0.00593316
5.24924	-0.00151623
5.24949	-0.008109
5.24973	-0.0161187
5.24998	-0.0124629
5.25022	0.00014959
5.25047	0.00722604
5.25071	0.00226529
5.25096	-0.00658529
5.2512	-0.00953074
5.25145	-0.00689747
5.25169	-0.00456014
5.25194	-0.00304457
5.25218	0.00222622
5.25242	0.0104797
5.25267	0.0125944
5.25291	0.00309189
5.25316	-0.00954803
5.2534	-0.0120789
5.25365	-0.0044933
5.25389	-3.40486e-05
5.25414	-0.00574032
5.25438	-0.0126408
5.25463	-0.0104777
5.25487	-0.00329645
5.25512	-0.00184833
5.25536	-0.00678408
5.2556	-0.00969798
5.25585	-0.00750288
5.25609	-0.00529874
5.25634	-0.00607514
5.25658	-0.007443
5.25683	-0.00875483
5.25707	-0.0120218
5.25732	-0.0147463
5.25756	-0.0112175
5.25781	-0.00299959
5.25805	0.00117757
5.25829	-0.00105552
5.25854	-0.00189786
5.25878	0.00256793
5.25903	0.0046708
5.25927	-0.00126546
5.25952	-0.00695529
5.25976	-0.00241216
5.26001	0.0061328
5.26025	0.00358368
5.2605	-0.0103723
5.26074	-0.0180031
5.26099	-0.0073253
5.26123	0.0109817
5.26147	0.0169082
5.26172	0.00510295
5.26196	-0.0114921
5.26221	-0.0186929
5.26245	-0.0144606
5.2627	-0.00569472
5.26294	0.0011875
5.26319	0.00314366
5.26343	-0.00124304
5.26368	-0.0104731
5.26392	-0.017686
5.26417	-0.0150381
5.26441	-0.003189
5.26465	0.00680017
5.2649	0.00463879
5.26514	-0.00748295
5.26539	-0.0176123
5.26563	-0.0176888
5.26588	-0.0108885
5.26612	-0.00522707
5.26637	-0.00395166
5.26661	-0.00455289
5.26686	-0.00468911
5.2671	-0.0055895
5.26735	-0.00928379
5.26759	-0.0143881
5.26783	-0.0161658
5.26808	-0.0112636
5.26832	-0.00193442
5.26857	0.00549206
5.26881	0.00658326
5.26906	0.00216672
5.2693	-0.00411099
5.26955	-0.00928142
5.26979	-0.011256
5.27004	-0.00863305
5.27028	-0.00290941
5.27052	0.00120962
5.27077	0.000628068
5.27101	-0.00238913
5.27126	-0.00364338
5.2715	-0.00228264
5.27175	-1.39237e-05
5.27199	0.00240362
5.27224	0.00422557
5.27248	0.00282216
5.27273	-0.00243589
5.27297	-0.00626605
5.27322	-0.00300865
5.27346	0.00463634
5.2737	0.0080559
5.27395	0.00399208
5.27419	-0.00187643
5.27444	-0.00313447
5.27468	0.000544018
5.27493	0.0055073
5.27517	0.00842077
5.27542	0.00754106
5.27566	0.00376348
5.27591	0.000875586
5.27615	0.00122967
5.2764	0.00196826
5.27664	-0.000277444
5.27688	-0.00303116
5.27713	-0.0022228
5.27737	-0.000488889
5.27762	-0.00312248
5.27786	-0.00726335
5.27811	-0.00501975
5.27835	0.00254286
5.2786	0.0056942
5.27884	0.00228922
5.27909	0.00170489
5.27933	0.00820378
5.27958	0.0126464
5.27982	0.00779851
5.28006	0.0005424
5.28031	-0.00021489
5.28055	0.00247179
5.2808	0.00232478
5.28104	0.0030758
5.28129	0.0098202
5.28153	0.01471
5.28178	0.00692097
5.28202	-0.00679332
5.28227	-0.00795049
5.28251	0.00660832
5.28275	0.0185752
5.283	0.0131649
5.28324	-0.00232649
5.28349	-0.0111986
5.28373	-0.00876301
5.28398	-0.00317462
5.28422	-0.00115335
5.28447	-0.00129341
5.28471	0.000192805
5.28496	0.00342143
5.2852	0.00571147
5.28545	0.0057638
5.28569	0.0050523
5.28593	0.00482261
5.28618	0.00340714
5.28642	-0.000588583
5.28667	-0.00335024
5.28691	0.00010007
5.28716	0.00567761
5.2874	0.00221115
5.28765	-0.0113964
5.28789	-0.0196963
5.28814	-0.0106389
5.28838	0.005225
5.28863	0.0082897
5.28887	-0.00163355
5.28911	-0.00602438
5.28936	0.00305197
5.2896	0.0114025
5.28985	0.006643
5.29009	-0.00164791
5.29034	0.00229254
5.29058	0.0145545
5.29083	0.0165475
5.29107	0.00269319
5.29132	-0.0111135
5.29156	-0.00980801
5.29181	0.00070876
5.29205	0.00300282
5.29229	-0.00757845
5.29254	-0.0170118
5.29278	-0.0120866
5.29303	0.00162419
5.29327	0.0076081
5.29352	0.00103519
5.29376	-0.00552073
5.29401	-0.00109202
5.29425	0.00783412
5.2945	0.0075237
5.29474	-0.00288685
5.29498	-0.0110851
5.29523	-0.00921524
5.29547	-0.00219441
5.29572	0.00218417
5.29596	0.00268001
5.29621	0.0015932
5.29645	-0.000382053
5.2967	-0.00260532
5.29694	-0.00308157
5.29719	-0.00193981
5.29743	-0.00216531
5.29768	-0.00437005
5.29792	-0.00504935
5.29816	-0.00243508
5.29841	0.000246608
5.29865	0.000207591
5.2989	-0.000237775
5.29914	0.0020851
5.29939	0.00526755
5.29963	0.00442613
5.29988	-0.001359
5.30012	-0.00698078
5.30037	-0.00649936
5.30061	0.000240007
5.30086	0.0067342
5.3011	0.00708803
5.30134	0.00416217
5.30159	0.00666168
5.30183	0.0164649
5.30208	0.02467
5.30232	0.0248512
5.30257	0.02359
5.30281	0.0293994
5.30306	0.0369094
5.3033	0.034157
5.30355	0.0228201
5.30379	0.0167073
5.30404	0.0191315
5.30428	0.0173128
5.30452	0.00475986
5.30477	-0.00553956
5.30501	-0.000357546
5.30526	0.0128268
5.3055	0.0168679
5.30575	0.00980125
5.30599	0.00536856
5.30624	0.0118132
5.30648	0.0223366
5.30673	0.0268262
5.30697	0.0233102
5.30722	0.0158703
5.30746	0.00853667
5.3077	0.00400906
5.30795	0.00379071
5.30819	0.00695822
5.30844	0.0104161
5.30868	0.0108155
5.30893	0.0059635
5.30917	-0.00317766
5.30942	-0.0107101
5.30966	-0.0100344
5.30991	-0.00241277
5.31015	0.00311959
5.31039	0.00144942
5.31064	-0.00240436
5.31088	-0.00294178
5.31113	-0.00328968
5.31137	-0.00768828
5.31162	-0.0111663
5.31186	-0.00670154
5.31211	0.00128899
5.31235	0.00209727
5.3126	-0.00408018
5.31284	-0.00626898
5.31309	-0.00125025
5.31333	0.000700688
5.31357	-0.00662598
5.31382	-0.013638
5.31406	-0.00916203
5.31431	0.00204234
5.31455	0.00635836
5.3148	0.00112176
5.31504	-0.00345543
5.31529	-0.000865453
5.31553	0.00336807
5.31578	0.00196888
5.31602	-0.00353291
5.31627	-0.00666745
5.31651	-0.0052755
5.31675	-0.0023951
5.317	-0.000747015
5.31724	-0.000180363
5.31749	0.000629644
5.31773	0.00234815
5.31798	0.00383694
5.31822	0.00182258
5.31847	-0.00579252
5.31871	-0.0148249
5.31896	-0.0167504
5.3192	-0.00906389
5.31945	-0.00017863
5.31969	0.000824123
5.31993	-0.00360566
5.32018	-0.00401801
5.32042	0.00116395
5.32067	0.00370384
5.32091	-0.000703515
5.32116	-0.00565155
5.3214	-0.00471853
5.32165	-0.00099635
5.32189	-0.00025103
5.32214	-0.00135612
5.32238	-0.000657125
5.32262	-0.000305792
5.32287	-0.00376702
5.32311	-0.00712513
5.32336	-0.00439866
5.3236	0.000880269
5.32385	-0.000133264
5.32409	-0.00625124
5.32434	-0.00636499
5.32458	0.00253105
5.32483	0.00847592
5.32507	0.00178808
5.32532	-0.00965019
5.32556	-0.011179
5.3258	-0.00225559
5.32605	0.00334917
5.32629	-0.00258219
5.32654	-0.01154
5.32678	-0.0102586
5.32703	0.00152876
5.32727	0.0106035
5.32752	0.00657481
5.32776	-0.00569976
5.32801	-0.0123212
5.32825	-0.00688384
5.3285	0.00305096
5.32874	0.00649835
5.32898	0.00200136
5.32923	-0.00298407
5.32947	-0.00292035
5.32972	0.000166231
5.32996	0.0016019
5.33021	0.000581233
5.33045	3.24037e-05
5.3307	0.00174403
5.33094	0.00349383
5.33119	0.00168504
5.33143	-0.00345782
5.33168	-0.00714927
5.33192	-0.00620466
5.33216	-0.00367982
5.33241	-0.00380996
5.33265	-0.00482219
5.3329	-0.00269986
5.33314	0.000253227
5.33339	-0.000566321
5.33363	-0.000716125
5.33388	0.00825076
5.33412	0.0207326
5.33437	0.019371
5.33461	0.00190885
5.33485	-0.0104565
5.3351	-0.00306854
5.33534	0.00946331
5.33559	0.00697835
5.33583	-0.00386523
5.33608	-0.0027828
5.33632	0.00861793
5.33657	0.0106597
5.33681	0.000862301
5.33706	-0.0025592
5.3373	0.00540575
5.33755	0.00703517
5.33779	-0.00563512
5.33803	-0.014697
5.33828	-0.00621457
5.33852	0.00611685
5.33877	0.00431649
5.33901	-0.00483311
5.33926	-0.0037074
5.3395	0.0063867
5.33975	0.00991006
5.33999	0.00359977
5.34024	-0.00125302
5.34048	0.000788144
5.34073	0.00357643
5.34097	0.00277605
5.34121	0.000734092
5.34146	-0.00173449
5.3417	-0.00634038
5.34195	-0.0101056
5.34219	-0.00797921
5.34244	-0.00301827
5.34268	-0.00394417
5.34293	-0.0112467
5.34317	-0.0148846
5.34342	-0.00865653
5.34366	0.000306322
5.34391	0.000707963
5.34415	-0.00818502
5.34439	-0.0154432
5.34464	-0.0120611
5.34488	-0.00266414
5.34513	2.2371e-05
5.34537	-0.0073787
5.34562	-0.0133763
5.34586	-0.0083994
5.34611	8.4529e-05
5.34635	-0.000597615
5.3466	-0.00709708
5.34684	-0.00534723
5.34708	0.00526762
5.34733	0.0106235
5.34757	0.00624026
5.34782	0.00394219
5.34806	0.00884441
5.34831	0.0093944
5.34855	-0.000299666
5.3488	-0.00752586
5.34904	-0.00352138
5.34929	-0.000868455
5.34953	-0.0115234
5.34978	-0.0231623
5.35002	-0.017567
5.35026	-0.000802558
5.35051	0.00632742
5.35075	-0.000165664
5.351	-0.00665203
5.35124	-0.00713045
5.35149	-0.00803446
5.35173	-0.0102844
5.35198	-0.00699622
5.35222	0.000231055
5.35247	0.000768588
5.35271	-0.00691422
5.35296	-0.0117397
5.3532	-0.00698193
5.35344	0.00210693
5.35369	0.00895897
5.35393	0.0121489
5.35418	0.0107522
5.35442	0.00456392
5.35467	-0.00120382
5.35491	-0.00184642
5.35516	-0.00180996
5.3554	-0.00667374
5.35565	-0.0105143
5.35589	-0.00458281
5.35614	0.00518556
5.35638	0.00473057
5.35662	-0.00620556
5.35687	-0.014415
5.35711	-0.0139772
5.35736	-0.010468
5.3576	-0.00569393
5.35785	0.00392136
5.35809	0.0130606
5.35834	0.0100647
5.35858	-0.00340501
5.35883	-0.0125375
5.35907	-0.0121365
5.35931	-0.011496
5.35956	-0.0133416
5.3598	-0.0079016
5.36005	0.00540918
5.36029	0.0104396
5.36054	-0.00102707
5.36078	-0.0143987
5.36103	-0.0142058
5.36127	-0.00599005
5.36152	-0.00340669
5.36176	-0.00661973
5.36201	-0.00752672
5.36225	-0.00598164
5.36249	-0.00661578
5.36274	-0.00726602
5.36298	-0.00345989
5.36323	0.00160047
5.36347	0.00280734
5.36372	0.00298464
5.36396	0.00637952
5.36421	0.00826675
5.36445	0.00227687
5.3647	-0.00664365
5.36494	-0.00808001
5.36519	-0.00203794
5.36543	0.00182029
5.36567	-0.00048946
5.36592	-0.0027079
5.36616	0.00014778
5.36641	0.00397062
5.36665	0.00204607
5.3669	-0.00543378
5.36714	-0.0112177
5.36739	-0.00910718
5.36763	-0.00108459
5.36788	0.00444083
5.36812	0.00223983
5.36837	-0.00389207
5.36861	-0.00714277
5.36885	-0.00615707
5.3691	-0.00318172
5.36934	0.00179084
5.36959	0.00790646
5.36983	0.00892532
5.37008	0.00158871
5.37032	-0.00522556
5.37057	-0.00156817
5.37081	0.00652759
5.37106	0.00546571
5.3713	-0.00268017
5.37154	-0.00316193
5.37179	0.00469611
5.37203	0.00463572
5.37228	-0.00746452
5.37252	-0.013666
5.37277	-0.00368727
5.37301	0.0064665
5.37326	0.000911722
5.3735	-0.00958798
5.37375	-0.00689241
5.37399	0.0034713
5.37424	0.00282996
5.37448	-0.0088478
5.37472	-0.0146272
5.37497	-0.00887712
5.37521	-0.00200928
5.37546	0.000820798
5.3757	0.0047263
5.37595	0.00849827
5.37619	0.00334147
5.37644	-0.00842521
5.37668	-0.0119834
5.37693	-0.00307088
5.37717	0.00410758
5.37742	-0.000723942
5.37766	-0.00854788
5.3779	-0.00730939
5.37815	-0.000840124
5.37839	-0.000385181
5.37864	-0.00638794
5.37888	-0.0102901
5.37913	-0.008738
5.37937	-0.00545524
5.37962	-0.00240353
5.37986	0.00155071
5.38011	0.00494575
5.38035	0.00486689
5.3806	0.00315576
5.38084	0.00446312
5.38108	0.00808449
5.38133	0.00819473
5.38157	0.00308009
5.38182	-0.00195954
5.38206	-0.00296701
5.38231	-0.0030849
5.38255	-0.00639561
5.3828	-0.0103806
5.38304	-0.00963001
5.38329	-0.00473227
5.38353	-0.00182055
5.38378	-0.00345304
5.38402	-0.00533267
5.38426	-0.00352833
5.38451	-0.00018586
5.38475	0.000644898
5.385	-0.000852129
5.38524	-0.0016867
5.38549	-0.00105503
5.38573	-0.000732974
5.38598	-0.00226264
5.38622	-0.00592274
5.38647	-0.0102746
5.38671	-0.0113778
5.38695	-0.00630392
5.3872	0.000789317
5.38744	0.00146172
5.38769	-0.00509189
5.38793	-0.00938889
5.38818	-0.00550241
5.38842	-0.000192065
5.38867	-0.00147027
5.38891	-0.00579523
5.38916	-0.00593138
5.3894	-0.00438443
5.38965	-0.00745498
5.38989	-0.0120027
5.39013	-0.0114566
5.39038	-0.00987133
5.39062	-0.0148076
5.39087	-0.0203285
5.39111	-0.0147524
5.39136	-0.00317159
5.3916	-0.00209803
5.39185	-0.0108739
5.39209	-0.0107204
5.39234	0.00270063
5.39258	0.00917568
5.39283	-0.00308291
5.39307	-0.0164801
5.39331	-0.0116495
5.39356	0.0026946
5.3938	0.00654645
5.39405	0.000489178
5.39429	-0.000678936
5.39454	0.00374217
5.39478	0.000929076
5.39503	-0.0107748
5.39527	-0.0182489
5.39552	-0.014707
5.39576	-0.00766236
5.39601	-0.00443363
5.39625	-0.00360026
5.39649	-0.00269451
5.39674	-0.00269245
5.39698	-0.00294588
5.39723	-0.00105458
5.39747	0.00128005
5.39772	0.000262838
5.39796	-0.00270067
5.39821	-0.0033088
5.39845	-0.00220394
5.3987	-0.00270979
5.39894	-0.00328775
5.39918	-0.000597405
5.39943	0.00272247
5.39967	0.00199718
5.39992	-0.000892976
5.40016	-0.00161792
5.40041	-0.00209517
5.40065	-0.0052772
5.4009	-0.00593193
5.40114	0.00162439
5.40139	0.0105889
5.40163	0.00972318
5.40188	0.00159807
5.40212	-0.00129354
5.40236	0.00302576
5.40261	0.00455833
5.40285	0.000114468
5.4031	-0.00243471
5.40334	-0.000563545
5.40359	-0.0017317
5.40383	-0.0077036
5.40408	-0.00981692
5.40432	-0.00545854
5.40457	-0.0041272
5.40481	-0.00994548
5.40506	-0.0128384
5.4053	-0.00619616
5.40554	0.000591017
5.40579	-0.00169887
5.40603	-0.0059868
5.40628	-0.00184106
5.40652	0.0061247
5.40677	0.00711288
5.40701	0.00273758
5.40726	0.00144269
5.4075	0.00117946
5.40775	-0.00548434
5.40799	-0.0133224
5.40824	-0.00991634
5.40848	0.00154315
5.40872	0.00356616
5.40897	-0.0081747
5.40921	-0.0166172
5.40946	-0.00971707
5.4097	0.00125941
5.40995	0.000788618
5.41019	-0.00733326
5.41044	-0.00967669
5.41068	-0.00619965
5.41093	-0.00666999
5.41117	-0.0100004
5.41141	-0.00583195
5.41166	0.00374269
5.4119	0.00292712
5.41215	-0.0118945
5.41239	-0.0215902
5.41264	-0.010169
5.41288	0.0108235
5.41313	0.0169567
5.41337	0.00289462
5.41362	-0.0137628
5.41386	-0.017523
5.41411	-0.0109082
5.41435	-0.00462368
5.41459	-0.00314924
5.41484	-0.00428261
5.41508	-0.00567013
5.41533	-0.00675289
5.41557	-0.00738455
5.41582	-0.00749183
5.41606	-0.00700081
5.41631	-0.00609131
5.41655	-0.00655851
5.4168	-0.0103879
5.41704	-0.0145784
5.41729	-0.0116352
5.41753	5.28885e-05
5.41777	0.0105916
5.41802	0.00993251
5.41826	0.0014423
5.41851	-0.00326972
5.41875	-0.000131167
5.419	0.00484796
5.41924	0.00622652
5.41949	0.00356384
5.41973	-0.0025922
5.41998	-0.00992134
5.42022	-0.0116923
5.42047	-0.00476347
5.42071	0.00217741
5.42095	-0.000781757
5.4212	-0.00891184
5.42144	-0.0105269
5.42169	-0.00734183
5.42193	-0.0106167
5.42218	-0.0181907
5.42242	-0.0152882
5.42267	-0.00130556
5.42291	0.00515404
5.42316	-0.00460037
5.4234	-0.0154036
5.42364	-0.0139084
5.42389	-0.00870863
5.42413	-0.0109691
5.42438	-0.0132501
5.42462	-0.0053639
5.42487	0.00382111
5.42511	0.000744437
5.42536	-0.00789096
5.4256	-0.00586783
5.42585	0.00415478
5.42609	0.00439286
5.42634	-0.00908099
5.42658	-0.0207113
5.42682	-0.0188373
5.42707	-0.00851074
5.42731	-0.00021775
5.42756	0.000818239
5.4278	-0.00595051
5.42805	-0.0157004
5.42829	-0.0179156
5.42854	-0.00781506
5.42878	0.00398735
5.42903	0.00400686
5.42927	-0.00565997
5.42952	-0.0129841
5.42976	-0.0150139
5.43	-0.0172625
5.43025	-0.0188371
5.43049	-0.0143339
5.43074	-0.00791314
5.43098	-0.00889977
5.43123	-0.0147586
5.43147	-0.0148032
5.43172	-0.00937665
5.43196	-0.00766337
5.43221	-0.0076218
5.43245	0.00132482
5.4327	0.0141271
5.43294	0.0114048
5.43318	-0.00891382
5.43343	-0.0234759
5.43367	-0.0174843
5.43392	-0.00634697
5.43416	-0.00934861
5.43441	-0.0197186
5.43465	-0.0188416
5.4349	-0.00688931
5.43514	0.000469515
5.43539	-0.00225341
5.43563	-0.00701193
5.43587	-0.0100184
5.43612	-0.0147666
5.43636	-0.0186492
5.43661	-0.0138775
5.43685	-0.00373052
5.4371	-0.00220463
5.43734	-0.0123802
5.43759	-0.0189086
5.43783	-0.01021
5.43808	0.00302715
5.43832	0.00290921
5.43857	-0.00920669
5.43881	-0.0151164
5.43905	-0.00709415
5.4393	0.0013775
5.43954	-0.00324391
5.43979	-0.0147528
5.44003	-0.0178781
5.44028	-0.01056
5.44052	-0.00353636
5.44077	-0.00218691
5.44101	-0.00214279
5.44126	-0.00164976
5.4415	-0.00420448
5.44175	-0.00760497
5.44199	-0.00497677
5.44223	6.67943e-05
5.44248	-0.00481246
5.44272	-0.0181671
5.44297	-0.0217686
5.44321	-0.00962424
5.44346	-0.000977415
5.4437	-0.00958176
5.44395	-0.0188325
5.44419	-0.00866042
5.44444	0.00883597
5.44468	0.00752148
5.44493	-0.00981184
5.44517	-0.0170846
5.44541	-0.00868605
5.44566	-0.0051459
5.4459	-0.0136326
5.44615	-0.0159466
5.44639	-0.0044444
5.44664	0.00149353
5.44688	-0.0102554
5.44713	-0.0214692
5.44737	-0.0140056
5.44762	-1.09596e-05
5.44786	0.00051824
5.4481	-0.00678721
5.44835	-0.00442227
5.44859	0.00416506
5.44884	0.00207778
5.44908	-0.0093882
5.44933	-0.0127928
5.44957	-0.00457667
5.44982	0.00128767
5.45006	-0.000682751
5.45031	-0.000656936
5.45055	0.00461307
5.4508	0.00445521
5.45104	-0.00503004
5.45128	-0.0116354
5.45153	-0.00694931
5.45177	8.44254e-05
5.45202	-0.00064404
5.45226	-0.00396126
5.45251	-0.000481459
5.45275	0.00635314
5.453	0.00666622
5.45324	0.000439443
5.45349	-0.00462189
5.45373	-0.00667245
5.45398	-0.00933496
5.45422	-0.010636
5.45446	-0.00450535
5.45471	0.00651845
5.45495	0.0111886
5.4552	0.00482938
5.45544	-0.00425701
5.45569	-0.00718392
5.45593	-0.00544083
5.45618	-0.00512257
5.45642	-0.00720148
5.45667	-0.00899064
5.45691	-0.009742
5.45716	-0.00920334
5.4574	-0.00550287
5.45764	-8.43538e-06
5.45789	0.000936287
5.45813	-0.00460154
5.45838	-0.00869848
5.45862	-0.00524699
5.45887	-0.000896848
5.45911	-0.00411543
5.45936	-0.00919259
5.4596	-0.00488123
5.45985	0.00488753
5.46009	0.00586071
5.46034	-0.00111345
5.46058	0.00143567
5.46082	0.0185427
5.46107	0.0307263
5.46131	0.0211388
5.46156	-0.000334834
5.4618	-0.012413
5.46205	-0.00986709
5.46229	-0.00291881
5.46254	0.000802536
5.46278	0.00066111
5.46303	-0.00294093
5.46327	-0.00718743
5.46351	-0.00625664
5.46376	-0.00141108
5.464	-0.00278743
5.46425	-0.0120041
5.46449	-0.0150959
5.46474	-0.00456843
5.46498	0.00537106
5.46523	0.00118496
5.46547	-0.00663033
5.46572	-0.00250069
5.46596	0.00504861
5.46621	-0.00183837
5.46645	-0.0158578
5.46669	-0.0135619
5.46694	0.00499764
5.46718	0.0152517
5.46743	0.00788951
5.46767	0.000436808
5.46792	0.00363041
5.46816	0.00475043
5.46841	-0.00509778
5.46865	-0.0128592
5.4689	-0.0070535
5.46914	0.00192442
5.46939	0.000780704
5.46963	-0.00494018
5.46987	-0.00399328
5.47012	0.000475541
5.47036	5.46126e-05
5.47061	-0.00166759
5.47085	0.0033037
5.4711	0.0113912
5.47134	0.0131173
5.47159	0.00790249
5.47183	0.00169442
5.47208	-0.00335362
5.47232	-0.00660936
5.47257	-0.00362169
5.47281	0.00666143
5.47305	0.0156449
5.4733	0.0155151
5.47354	0.0102456
5.47379	0.00816741
5.47403	0.00979829
5.47428	0.0108408
5.47452	0.0110409
5.47477	0.0124019
5.47501	0.0142322
5.47526	0.0164951
5.4755	0.0220808
5.47574	0.0300702
5.47599	0.0336774
5.47623	0.0307003
5.47648	0.0288869
5.47672	0.0352268
5.47697	0.0470658
5.47721	0.0585467
5.47746	0.0674514
5.4777	0.0709053
5.47795	0.0643529
5.47819	0.0509948
5.47844	0.042311
5.47868	0.0425813
5.47892	0.043203
5.47917	0.0391382
5.47941	0.0388797
5.47966	0.0484553
5.4799	0.0571827
5.48015	0.0518505
5.48039	0.0363983
5.48064	0.0248584
5.48088	0.0213609
5.48113	0.0193687
5.48137	0.0155877
5.48162	0.0126217
5.48186	0.0107598
5.4821	0.00740666
5.48235	0.0031504
5.48259	0.000846979
5.48284	0.000610412
5.48308	0.0010665
5.48333	0.00230463
5.48357	0.00339521
5.48382	0.0016492
5.48406	-0.00205231
5.48431	-0.00312425
5.48455	-0.00141838
5.4848	-0.00199638
5.48504	-0.00523431
5.48528	-0.00573737
5.48553	-0.00398046
5.48577	-0.00691417
5.48602	-0.0128013
5.48626	-0.00983512
5.48651	0.0030755
5.48675	0.00980018
5.487	0.00160399
5.48724	-0.0072157
5.48749	-0.00188704
5.48773	0.0087758
5.48797	0.00761975
5.48822	-0.00306844
5.48846	-0.00776777
5.48871	-0.00374055
5.48895	-0.00153473
5.4892	-0.00406662
5.48944	-0.0038028
5.48969	0.000482224
5.48993	0.000797112
5.49018	-0.00522882
5.49042	-0.0103762
5.49067	-0.0103014
5.49091	-0.00878554
5.49115	-0.00907887
5.4914	-0.00934575
5.49164	-0.00790043
5.49189	-0.00566607
5.49213	-0.00312581
5.49238	-0.000367592
5.49262	0.00101053
5.49287	0.000225308
5.49311	-0.00134533
5.49336	-0.00369883
5.4936	-0.00736254
5.49385	-0.00706122
5.49409	0.00372021
5.49433	0.0176774
5.49458	0.016328
5.49482	-0.00424651
5.49507	-0.0236149
5.49531	-0.0236505
5.49556	-0.0117498
5.4958	-0.00461393
5.49605	-0.00293751
5.49629	0.000893861
5.49654	0.0025174
5.49678	-0.005922
5.49703	-0.0153603
5.49727	-0.00998645
5.49751	0.00611998
5.49776	0.0133484
5.498	0.00595465
5.49825	-0.00243353
5.49849	-0.00253451
5.49874	0.000169411
5.49898	0.000489216
5.49923	0.00162012
5.49947	0.00451839
5.49972	0.00385878
5.49996	-0.00128854
5.5002	-0.00453984
5.50045	-0.00290201
5.50069	-0.000491699
5.50094	-0.000340676
5.50118	-0.0013962
5.50143	-0.0031862
5.50167	-0.00518399
5.50192	-0.00422058
5.50216	-0.000794089
5.50241	-0.00231328
5.50265	-0.0102661
5.5029	-0.0126391
5.50314	-0.00229621
5.50338	0.00683332
5.50363	-0.000513189
5.50387	-0.0141446
5.50412	-0.0131269
5.50436	-0.000455499
5.50461	0.00247851
5.50485	-0.00691246
5.5051	-0.00872743
5.50534	0.0036154
5.50559	0.0120679
5.50583	0.00571195
5.50608	-0.00275883
5.50632	-0.00316058
5.50656	-0.00540111
5.50681	-0.0162633
5.50705	-0.021097
5.5073	-0.00739148
5.50754	0.0109581
5.50779	0.0130911
5.50803	0.0021233
5.50828	-0.00317838
5.50852	0.00146254
5.50877	0.00353001
5.50901	-0.00342049
5.50926	-0.0122924
5.5095	-0.016441
5.50974	-0.0166556
5.50999	-0.0140265
5.51023	-0.00763083
5.51048	-0.000537641
5.51072	0.0010302
5.51097	-0.00378378
5.51121	-0.00903435
5.51146	-0.00975498
5.5117	-0.00657457
5.51195	-0.00286288
5.51219	-0.00121933
5.51243	-0.00230995
5.51268	-0.00432665
5.51292	-0.00428264
5.51317	-0.00142893
5.51341	0.00209303
5.51366	0.00441897
5.5139	0.00493037
5.51415	0.00215379
5.51439	-0.00475551
5.51464	-0.0115991
5.51488	-0.0113875
5.51513	-0.00328101
5.51537	0.00481784
5.51561	0.00493718
5.51586	-0.0025235
5.5161	-0.0101749
5.51635	-0.0108317
5.51659	-0.00335539
5.51684	0.00582489
5.51708	0.00787631
5.51733	0.00133809
5.51757	-0.00522482
5.51782	-0.00414845
5.51806	0.000768499
5.51831	-2.11399e-05
5.51855	-0.00836626
5.51879	-0.0169573
5.51904	-0.0192649
5.51928	-0.0150534
5.51953	-0.00818199
5.51977	-0.00419048
5.52002	-0.00677668
5.52026	-0.0116802
5.52051	-0.00937126
5.52075	0.000529462
5.521	0.00541545
5.52124	-0.00180592
5.52149	-0.0103459
5.52173	-0.00924171
5.52197	-0.00646188
5.52222	-0.0138368
5.52246	-0.0226733
5.52271	-0.0159021
5.52295	0.0013634
5.5232	0.00770947
5.52344	9.8868e-05
5.52369	-0.00312694
5.52393	0.00382055
5.52418	0.0043697
5.52442	-0.0086851
5.52466	-0.0180164
5.52491	-0.0111546
5.52515	-0.0014883
5.5254	-0.00360145
5.52564	-0.00823499
5.52589	-0.00125067
5.52613	0.00938666
5.52638	0.00739228
5.52662	-0.00328615
5.52687	-0.00609132
5.52711	-0.000238389
5.52736	0.000492265
5.5276	-0.00641446
5.52784	-0.00845658
5.52809	-0.00066044
5.52833	0.00629092
5.52858	0.0039983
5.52882	-0.00215957
5.52907	-0.00436052
5.52931	-0.00370807
5.52956	-0.00456156
5.5298	-0.00585058
5.53005	-0.00416606
5.53029	-0.000605312
5.53054	0.000592336
5.53078	-0.00185126
5.53102	-0.0048755
5.53127	-0.00536148
5.53151	-0.00394529
5.53176	-0.00371501
5.532	-0.00546282
5.53225	-0.00633563
5.53249	-0.00443712
5.53274	-0.00163582
5.53298	0.00116461
5.53323	0.00703473
5.53347	0.0155562
5.53372	0.0174288
5.53396	0.00614621
5.5342	-0.00838853
5.53445	-0.0103604
5.53469	-0.00124553
5.53494	0.0017246
5.53518	-0.00771891
5.53543	-0.0152893
5.53567	-0.00935444
5.53592	0.0011912
5.53616	0.00239597
5.53641	-0.0033843
5.53665	-0.00400057
5.53689	0.00258529
5.53714	0.00733601
5.53738	0.00468681
5.53763	-0.00225564
5.53787	-0.00841936
5.53812	-0.010858
5.53836	-0.00868127
5.53861	-0.00479823
5.53885	-0.00439376
5.5391	-0.00706918
5.53934	-0.00562276
5.53959	0.00231998
5.53983	0.00787757
5.54007	0.00281219
5.54032	-0.00791422
5.54056	-0.0130806
5.54081	-0.0100256
5.54105	-0.00478288
5.5413	-0.00116032
5.54154	0.00220266
5.54179	0.00559784
5.54203	0.00618567
5.54228	0.00250687
5.54252	-0.0029381
5.54277	-0.00578568
5.54301	-0.00349122
5.54325	0.00141326
5.5435	0.00242034
5.54374	-0.00260629
5.54399	-0.00602421
5.54423	-0.000296579
5.54448	0.00858988
5.54472	0.00799698
5.54497	-0.001197
5.54521	-0.0045471
5.54546	0.00284589
5.5457	0.00793684
5.54595	0.00145186
5.54619	-0.00640325
5.54643	-0.00275628
5.54668	0.00756262
5.54692	0.0116185
5.54717	0.00896249
5.54741	0.00828493
5.54766	0.0100651
5.5479	0.00733925
5.54815	0.000361595
5.54839	-0.00320209
5.54864	-0.00158565
5.54888	-0.000591204
5.54913	-0.00222386
5.54937	-0.00216375
5.54961	0.000885738
5.54986	0.0025666
5.5501	0.000668549
5.55035	-0.0019588
5.55059	-0.00305535
5.55084	-0.00302297
5.55108	-0.00122026
5.55133	0.00339746
5.55157	0.0076593
5.55182	0.00647878
5.55206	0.000841943
5.5523	-0.00194905
5.55255	0.00204359
5.55279	0.00749099
5.55304	0.00616958
5.55328	-0.00243827
5.55353	-0.00920814
5.55377	-0.00516512
5.55402	0.00712084
5.55426	0.0149137
5.55451	0.0103728
5.55475	0.000511272
5.555	-0.00295022
5.55524	0.000114516
5.55548	0.00032199
5.55573	-0.00493817
5.55597	-0.00780245
5.55622	-0.00332884
5.55646	0.00362273
5.55671	0.00725949
5.55695	0.00729527
5.5572	0.00428408
5.55744	-0.00180759
5.55769	-0.00603135
5.55793	-0.00173064
5.55818	0.00786659
5.55842	0.011752
5.55866	0.00718427
5.55891	0.00226722
5.55915	0.00069205
5.5594	-0.00237617
5.55964	-0.00655041
5.55989	-0.0044537
5.56013	0.00183729
5.56038	0.000316695
5.56062	-0.00851391
5.56087	-0.00834015
5.56111	0.00459539
5.56136	0.0111409
5.5616	0.000668325
5.56184	-0.0090469
5.56209	-0.00153366
5.56233	0.00984359
5.56258	0.00629804
5.56282	-0.00219631
5.56307	0.0044975
5.56331	0.0182138
5.56356	0.0149881
5.5638	-0.00181819
5.56405	-0.00477807
5.56429	0.0120274
5.56453	0.0233066
5.56478	0.0135719
5.56502	-0.00151374
5.56527	-0.00404186
5.56551	0.00154433
5.56576	0.00470231
5.566	0.00765875
5.56625	0.0140542
5.56649	0.016356
5.56674	0.00907188
5.56698	0.00107462
5.56723	0.00174631
5.56747	0.0061481
5.56771	0.00585703
5.56796	0.00418507
5.5682	0.00831179
5.56845	0.0145555
5.56869	0.0138849
5.56894	0.00690912
5.56918	0.00269818
5.56943	0.00569507
5.56967	0.0119502
5.56992	0.0160688
5.57016	0.0158976
5.57041	0.0126383
5.57065	0.01054
5.57089	0.0135455
5.57114	0.0192543
5.57138	0.020314
5.57163	0.014691
5.57187	0.00961449
5.57212	0.0115899
5.57236	0.0172338
5.57261	0.0187003
5.57285	0.0148332
5.5731	0.0118889
5.57334	0.014211
5.57359	0.0181363
5.57383	0.0167235
5.57407	0.00971611
5.57432	0.00618159
5.57456	0.0138187
5.57481	0.0268668
5.57505	0.0314284
5.5753	0.0243086
5.57554	0.0177149
5.57579	0.0206981
5.57603	0.0262712
5.57628	0.0253945
5.57652	0.0230354
5.57676	0.0271946
5.57701	0.0308215
5.57725	0.0219131
5.5775	0.00687288
5.57774	0.00487805
5.57799	0.0195506
5.57823	0.0348088
5.57848	0.0408488
5.57872	0.0452628
5.57897	0.0529461
5.57921	0.0539494
5.57946	0.0419193
5.5797	0.0294506
5.57994	0.0317069
5.58019	0.0447504
5.58043	0.0529306
5.58068	0.0511584
5.58092	0.0480972
5.58117	0.051164
5.58141	0.0585303
5.58166	0.0645448
5.5819	0.0658062
5.58215	0.0628136
5.58239	0.0604622
5.58264	0.0652763
5.58288	0.0782928
5.58312	0.0922976
5.58337	0.0987693
5.58361	0.0958635
5.58386	0.0886815
5.5841	0.0847987
5.58435	0.0899958
5.58459	0.104033
5.58484	0.119392
5.58508	0.128
5.58533	0.129733
5.58557	0.130783
5.58582	0.134974
5.58606	0.141901
5.5863	0.151845
5.58655	0.165379
5.58679	0.178933
5.58704	0.18844
5.58728	0.197111
5.58753	0.211594
5.58777	0.230515
5.58802	0.245367
5.58826	0.25318
5.58851	0.259726
5.58875	0.269836
5.58899	0.283527
5.58924	0.301797
5.58948	0.325897
5.58973	0.349842
5.58997	0.364788
5.59022	0.373258
5.59046	0.388547
5.59071	0.417412
5.59095	0.453557
5.5912	0.490062
5.59144	0.526745
5.59169	0.563168
5.59193	0.597646
5.59217	0.636768
5.59242	0.691908
5.59266	0.76145
5.59291	0.83163
5.59315	0.901773
5.5934	0.992242
5.59364	1.11681
5.59389	1.26296
5.59413	1.41401
5.59438	1.57796
5.59462	1.77772
5.59487	2.02252
5.59511	2.30767
5.59535	2.63689
5.5956	3.02635
5.59584	3.48713
5.59609	4.01897
5.59633	4.62253
5.59658	5.30308
5.59682	6.05725
5.59707	6.86399
5.59731	7.69089
5.59756	8.50307
5.5978	9.26547
5.59805	9.94394
5.59829	10.5067
5.59853	10.9237
5.59878	11.1695
5.59902	11.234
5.59927	11.1292
5.59951	10.8763
5.59976	10.4898
5.6	9.97807
5.60025	9.35523
5.60049	8.64132
5.60074	7.85322
5.60098	7.00607
5.60122	6.12632
5.60147	5.25495
5.60171	4.43354
5.60196	3.69087
5.6022	3.04314
5.60245	2.49966
5.60269	2.06261
5.60294	1.72302
5.60318	1.46163
5.60343	1.25691
5.60367	1.09421
5.60392	0.966965
5.60416	0.867905
5.6044	0.783214
5.60465	0.701636
5.60489	0.62681
5.60514	0.569954
5.60538	0.52884
5.60563	0.486105
5.60587	0.433453
5.60612	0.384632
5.60636	0.354687
5.60661	0.337433
5.60685	0.316345
5.6071	0.289104
5.60734	0.266304
5.60758	0.251588
5.60783	0.239277
5.60807	0.228695
5.60832	0.223786
5.60856	0.218573
5.60881	0.200665
5.60905	0.173257
5.6093	0.157134
5.60954	0.162994
5.60979	0.175306
5.61003	0.173427
5.61028	0.157922
5.61052	0.14464
5.61076	0.140718
5.61101	0.139277
5.61125	0.134103
5.6115	0.127267
5.61174	0.121815
5.61199	0.116763
5.61223	0.111866
5.61248	0.1103
5.61272	0.113119
5.61297	0.115725
5.61321	0.113216
5.61345	0.106361
5.6137	0.0992796
5.61394	0.0934029
5.61419	0.0870471
5.61443	0.0799486
5.61468	0.0747034
5.61492	0.0731058
5.61517	0.0736876
5.61541	0.0740295
5.61566	0.073388
5.6159	0.0718368
5.61615	0.0692579
5.61639	0.0670762
5.61663	0.0682268
5.61688	0.0724823
5.61712	0.0744322
5.61737	0.0700379
5.61761	0.0627562
5.61786	0.0583051
5.6181	0.055814
5.61835	0.0506729
5.61859	0.0443091
5.61884	0.0427538
5.61908	0.0455079
5.61933	0.0452853
5.61957	0.0407906
5.61981	0.0397333
5.62006	0.0449395
5.6203	0.0476586
5.62055	0.0417577
5.62079	0.0355031
5.62104	0.0393843
5.62128	0.0487117
5.62153	0.0496694
5.62177	0.0396294
5.62202	0.0302763
5.62226	0.0304926
5.62251	0.035837
5.62275	0.0374467
5.62299	0.034012
5.62324	0.030879
5.62348	0.0312732
5.62373	0.0325022
5.62397	0.0304675
5.62422	0.0259308
5.62446	0.0242795
5.62471	0.027936
5.62495	0.0316625
5.6252	0.0295162
5.62544	0.0240741
5.62569	0.0219343
5.62593	0.0217026
5.62617	0.016397
5.62642	0.00847511
5.62666	0.0100616
5.62691	0.0236068
5.62715	0.0347694
5.6274	0.0321971
5.62764	0.0228183
5.62789	0.0179642
5.62813	0.0159798
5.62838	0.0112092
5.62862	0.00950245
5.62886	0.0183686
5.62911	0.0288394
5.62935	0.0252272
5.6296	0.0101251
5.62984	0.00242564
5.63009	0.0103639
5.63033	0.0221296
5.63058	0.0250312
5.63082	0.0199583
5.63107	0.0141197
5.63131	0.0117956
5.63156	0.0151558
5.6318	0.0233253
5.63204	0.0285744
5.63229	0.0237211
5.63253	0.0141377
5.63278	0.0115047
5.63302	0.0158257
5.63327	0.0165167
5.63351	0.0116495
5.63376	0.0110523
5.634	0.0176661
5.63425	0.0214201
5.63449	0.016634
5.63474	0.0106052
5.63498	0.00866725
5.63522	0.00556757
5.63547	-0.000482592
5.63571	-6.08377e-05
5.63596	0.0107881
5.6362	0.019515
5.63645	0.0149953
5.63669	0.00540971
5.63694	0.00512789
5.63718	0.0129469
5.63743	0.0170448
5.63767	0.0143702
5.63792	0.011162
5.63816	0.00936247
5.6384	0.00623278
5.63865	0.00419699
5.63889	0.00809637
5.63914	0.014343
5.63938	0.0146141
5.63963	0.00941122
5.63987	0.00686615
5.64012	0.00849813
5.64036	0.00738664
5.64061	0.00161532
5.64085	-0.00129143
5.64109	0.00323371
5.64134	0.00883091
5.64158	0.0075056
5.64183	0.000835199
5.64207	-0.00314861
5.64232	-0.000712738
5.64256	0.00452529
5.64281	0.00799129
5.64305	0.00976668
5.6433	0.0122634
5.64354	0.0139705
5.64379	0.00954062
5.64403	-0.00124873
5.64427	-0.00833391
5.64452	-0.00175928
5.64476	0.0136845
5.64501	0.0221173
5.64525	0.0161743
5.6455	0.00480955
5.64574	-0.000939275
5.64599	-0.000780537
5.64623	0.000931213
5.64648	0.00459431
5.64672	0.0110508
5.64697	0.0153414
5.64721	0.0132117
5.64745	0.00828921
5.6477	0.00541238
5.64794	0.00292948
5.64819	-0.000714141
5.64843	-9.01074e-05
5.64868	0.00766409
5.64892	0.0134713
5.64917	0.00866797
5.64941	0.00111145
5.64966	0.00464272
5.6499	0.0156424
5.65015	0.0162871
5.65039	0.00211594
5.65063	-0.00963907
5.65088	-0.00472488
5.65112	0.00839333
5.65137	0.0120594
5.65161	0.00368135
5.65186	-0.00330108
5.6521	0.00124799
5.65235	0.0120541
5.65259	0.0158528
5.65284	0.00698188
5.65308	-0.00588666
5.65332	-0.00899784
5.65357	0.000484583
5.65381	0.0109972
5.65406	0.0115099
5.6543	0.00511749
5.65455	0.00207846
5.65479	0.00410081
5.65504	0.00465564
5.65528	0.00238847
5.65553	0.00312615
5.65577	0.00758028
5.65602	0.00786858
5.65626	0.000359718
5.6565	-0.00679423
5.65675	-0.0045965
5.65699	0.00448807
5.65724	0.0107872
5.65748	0.0097453
5.65773	0.00491623
5.65797	0.00117421
5.65822	-0.000664253
5.65846	-0.00288438
5.65871	-0.00649421
5.65895	-0.00833814
5.6592	-0.00398188
5.65944	0.00526566
5.65968	0.0113774
5.65993	0.00923454
5.66017	0.00373378
5.66042	0.00200199
5.66066	0.00233251
5.66091	-0.0011941
5.66115	-0.0057444
5.6614	-0.00189394
5.66164	0.0102994
5.66189	0.0176709
5.66213	0.0107287
5.66238	-0.00319113
5.66262	-0.00865351
5.66286	3.99414e-05
5.66311	0.013436
5.66335	0.0173758
5.6636	0.0078125
5.66384	-0.00394339
5.66409	-0.00355213
5.66433	0.00685516
5.66458	0.00875966
5.66482	-0.00663655
5.66507	-0.0219309
5.66531	-0.0164445
5.66555	0.00183158
5.6658	0.00649015
5.66604	-0.00758208
5.66629	-0.0172924
5.66653	-0.0082131
5.66678	0.00477802
5.66702	0.00437045
5.66727	-0.0025247
5.66751	-0.00106905
5.66776	0.00520642
5.668	0.00383371
5.66825	-0.00239009
5.66849	-0.00113163
5.66873	0.00624656
5.66898	0.00704682
5.66922	-0.000133836
5.66947	-0.00346811
5.66971	0.00164189
5.66996	0.00658827
5.6702	0.00557187
5.67045	0.00309571
5.67069	0.00288169
5.67094	0.00190091
5.67118	-0.00132317
5.67143	-0.00309839
5.67167	-0.00185645
5.67191	0.000181027
5.67216	0.00374441
5.6724	0.0111507
5.67265	0.0177679
5.67289	0.015912
5.67314	0.0082858
5.67338	0.00555369
5.67363	0.00865145
5.67387	0.00686858
5.67412	-0.00265936
5.67436	-0.00797941
5.67461	-0.00198505
5.67485	0.00463763
5.67509	0.000694209
5.67534	-0.00684753
5.67558	-0.00474847
5.67583	0.00409998
5.67607	0.00530395
5.67632	-0.00363055
5.67656	-0.00943442
5.67681	-0.00347445
5.67705	0.00645267
5.6773	0.00842753
5.67754	0.00133291
5.67778	-0.00692669
5.67803	-0.00939769
5.67827	-0.00407958
5.67852	0.00657492
5.67876	0.0157033
5.67901	0.0158058
5.67925	0.00711221
5.6795	-0.000783238
5.67974	3.12302e-05
5.67999	0.00567709
5.68023	0.00630458
5.68048	-7.87306e-05
5.68072	-0.00610504
5.68096	-0.00730813
5.68121	-0.00811108
5.68145	-0.012014
5.6817	-0.013092
5.68194	-0.00496137
5.68219	0.00594986
5.68243	0.00615623
5.68268	-0.00572506
5.68292	-0.0155064
5.68317	-0.0126182
5.68341	-0.00382778
5.68366	-0.0015212
5.6839	-0.00584403
5.68414	-0.00762666
5.68439	-0.00450788
5.68463	-0.00347609
5.68488	-0.00783039
5.68512	-0.0113628
5.68537	-0.00813352
5.68561	-0.00103544
5.68586	0.0027912
5.6861	0.000525111
5.68635	-0.00496097
5.68659	-0.00880028
5.68684	-0.00746317
5.68708	-0.00143527
5.68732	0.00442922
5.68757	0.00598598
5.68781	0.00507371
5.68806	0.00629506
5.6883	0.00946233
5.68855	0.0100036
5.68879	0.00638009
5.68904	0.0014956
5.68928	-0.00313778
5.68953	-0.00813814
5.68977	-0.0107172
5.69001	-0.00624018
5.69026	0.0024583
5.6905	0.00531719
5.69075	-0.00120537
5.69099	-0.00797108
5.69124	-0.00612217
5.69148	0.000490798
5.69173	0.00242677
5.69197	-0.00157128
5.69222	-0.0058014
5.69246	-0.00811699
5.69271	-0.0103941
5.69295	-0.0112766
5.69319	-0.0077994
5.69344	-0.00340211
5.69368	-0.0049453
5.69393	-0.0108266
5.69417	-0.0112745
5.69442	-0.00330267
5.69466	0.00325186
5.69491	-0.000269559
5.69515	-0.00846591
5.6954	-0.00983401
5.69564	-0.0028953
5.69589	0.00335852
5.69613	0.00284442
5.69637	-0.00141733
5.69662	-0.00438711
5.69686	-0.00516084
5.69711	-0.00425799
5.69735	-0.000811247
5.6976	0.00415818
5.69784	0.00606872
5.69809	0.00246641
5.69833	-0.0025057
5.69858	-0.00320255
5.69882	0.000218016
5.69907	0.00339288
5.69931	0.00452527
5.69955	0.00502805
5.6998	0.00498081
5.70004	0.00319132
5.70029	0.00124376
5.70053	0.0020068
5.70078	0.00400562
5.70102	0.00309087
5.70127	0.000351757
5.70151	0.00158923
5.70176	0.00695805
5.702	0.00851044
5.70225	0.00201732
5.70249	-0.00592472
5.70273	-0.00806202
5.70298	-0.0070182
5.70322	-0.00842579
5.70347	-0.00961355
5.70371	-0.00446468
5.70396	0.00443342
5.7042	0.00870695
5.70445	0.0071894
5.70469	0.005797
5.70494	0.00543432
5.70518	0.00109421
5.70542	-0.00614135
5.70567	-0.00762569
5.70591	-0.000966675
5.70616	0.00507479
5.7064	0.00422615
5.70665	0.00161612
5.70689	0.0031251
5.70714	0.00494546
5.70738	0.00167128
5.70763	-0.00260213
5.70787	-0.000564269
5.70812	0.00590018
5.70836	0.0088878
5.7086	0.00692526
5.70885	0.00523966
5.70909	0.00530439
5.70934	0.00307556
5.70958	-0.00195713
5.70983	-0.00390804
5.71007	0.00101218
5.71032	0.00867296
5.71056	0.0121849
5.71081	0.00941354
5.71105	0.00383777
5.7113	0.000566369
5.71154	0.00234743
5.71178	0.00750893
5.71203	0.0117742
5.71227	0.013763
5.71252	0.0173477
5.71276	0.0259674
5.71301	0.0362031
5.71325	0.0408385
5.7135	0.0378386
5.71374	0.0327564
5.71399	0.0320564
5.71423	0.0368464
5.71448	0.0431996
5.71472	0.0461194
5.71496	0.0434737
5.71521	0.0383795
5.71545	0.0370871
5.7157	0.0420858
5.71594	0.0483987
5.71619	0.0496771
5.71643	0.0464759
5.71668	0.0442531
5.71692	0.0440103
5.71717	0.0406931
5.71741	0.0324167
5.71765	0.0257172
5.7179	0.0273219
5.71814	0.0338015
5.71839	0.0346943
5.71863	0.0257296
5.71888	0.0144143
5.71912	0.0106009
5.71937	0.0147007
5.71961	0.0186216
5.71986	0.0168641
5.7201	0.012186
5.72035	0.00947032
5.72059	0.00858147
5.72083	0.00653729
5.72108	0.00330646
5.72132	0.000800233
5.72157	-0.00176876
5.72181	-0.00605595
5.72206	-0.00908533
5.7223	-0.00573691
5.72255	0.00256438
5.72279	0.00756389
5.72304	0.00444446
5.72328	-0.00269382
5.72353	-0.00755749
5.72377	-0.00877023
5.72401	-0.00804882
5.72426	-0.0065812
5.7245	-0.00603792
5.72475	-0.00811973
5.72499	-0.0101833
5.72524	-0.00672814
5.72548	0.00149988
5.72573	0.00593069
5.72597	0.00194604
5.72622	-0.00392669
5.72646	-0.00380441
5.72671	0.000720487
5.72695	0.00383815
5.72719	0.00552637
5.72744	0.00837026
5.72768	0.00947948
5.72793	0.00473913
5.72817	-0.00212841
5.72842	-0.00386879
5.72866	-0.000975198
5.72891	8.87221e-06
5.72915	-0.00214852
5.7294	-0.0023676
5.72964	0.00141798
5.72988	0.00634552
5.73013	0.0111506
5.73037	0.0161075
5.73062	0.0174084
5.73086	0.0109979
5.73111	0.00200053
5.73135	0.000427107
5.7316	0.00628397
5.73184	0.00889048
5.73209	0.00344948
5.73233	-0.00155121
5.73258	0.00228713
5.73282	0.0110164
5.73306	0.0147791
5.73331	0.0102829
5.73355	0.00211416
5.7338	-0.00357788
5.73404	-0.00312696
5.73429	0.00266353
5.73453	0.00810938
5.73478	0.00806037
5.73502	0.00443471
5.73527	0.00264181
5.73551	0.00232665
5.73576	-0.00128675
5.736	-0.00723021
5.73624	-0.00860003
5.73649	-0.00339806
5.73673	0.00301851
5.73698	0.0071227
5.73722	0.00950036
5.73747	0.00774759
5.73771	-0.00116291
5.73796	-0.00994337
5.7382	-0.00638962
5.73845	0.00631072
5.73869	0.00958948
5.73894	-0.00344079
5.73918	-0.0161697
5.73942	-0.0133298
5.73967	-0.00274699
5.73991	0.000393631
5.74016	-0.00267361
5.7404	-0.00185784
5.74065	0.00163084
5.74089	0.000253919
5.74114	-0.00304976
5.74138	-0.000983782
5.74163	0.00152617
5.74187	-0.0045948
5.74211	-0.012909
5.74236	-0.00965097
5.7426	0.00121718
5.74285	0.00221774
5.74309	-0.00806611
5.74334	-0.0112826
5.74358	0.000624001
5.74383	0.0124083
5.74407	0.0103368
5.74432	0.00156884
5.74456	-0.00142852
5.74481	0.000301857
5.74505	0.000749627
5.74529	0.00245333
5.74554	0.00827235
5.74578	0.0109056
5.74603	0.00451256
5.74627	-0.00196292
5.74652	0.00261082
5.74676	0.0122254
5.74701	0.0117818
5.74725	0.000691134
5.7475	-0.00633926
5.74774	-0.00162893
5.74799	0.0058232
5.74823	0.00553118
5.74847	-0.000594744
5.74872	-0.00403427
5.74896	-0.00156919
5.74921	0.00353241
5.74945	0.00734354
5.7497	0.00821923
5.74994	0.00696959
5.75019	0.00698245
5.75043	0.0116349
5.75068	0.0191457
5.75092	0.0224234
5.75117	0.0171098
5.75141	0.00833558
5.75165	0.00570718
5.7519	0.0111458
5.75214	0.015748
5.75239	0.0116109
5.75263	0.00348227
5.75288	0.00295679
5.75312	0.0120713
5.75337	0.0200202
5.75361	0.0181565
5.75386	0.0106235
5.7541	0.00572453
5.75434	0.00432936
5.75459	0.00355435
5.75483	0.00475721
5.75508	0.00891953
5.75532	0.0101212
5.75557	0.00409182
5.75581	-0.00192385
5.75606	0.000429951
5.7563	0.00529046
5.75655	0.00159225
5.75679	-0.00666831
5.75704	-0.0059332
5.75728	0.00308227
5.75752	0.00610397
5.75777	0.000843616
5.75801	0.000891992
5.75826	0.00941663
5.7585	0.0110544
5.75875	-0.000754639
5.75899	-0.010029
5.75924	-0.00530239
5.75948	2.19176e-05
5.75973	-0.00813248
5.75997	-0.0182684
5.76022	-0.0129125
5.76046	9.69299e-05
5.7607	0.000461864
5.76095	-0.0103149
5.76119	-0.0133082
5.76144	-0.00541956
5.76168	-0.00217846
5.76193	-0.00815811
5.76217	-0.00981805
5.76242	-0.00138554
5.76266	0.00505534
5.76291	0.00197053
5.76315	-0.0012885
5.7634	0.00288098
5.76364	0.00682058
5.76388	0.0027306
5.76413	-0.00334729
5.76437	-0.00344578
5.76462	-0.00168491
5.76486	-0.00533447
5.76511	-0.0108573
5.76535	-0.00953639
5.7656	-0.0012343
5.76584	0.006073
5.76609	0.00675754
5.76633	0.00187366
5.76657	-0.00349348
5.76682	-0.00407365
5.76706	0.000302587
5.76731	0.00244244
5.76755	-0.0033765
5.7678	-0.0109984
5.76804	-0.00955154
5.76829	-0.000559265
5.76853	0.00359407
5.76878	-0.00052562
5.76902	-0.0027779
5.76927	0.00139802
5.76951	0.0020892
5.76975	-0.00654861
5.77	-0.0125002
5.77024	-0.00290054
5.77049	0.0147584
5.77073	0.0219226
5.77098	0.0140218
5.77122	0.00371329
5.77147	0.00177039
5.77171	0.00603662
5.77196	0.00951677
5.7722	0.0103386
5.77245	0.0109543
5.77269	0.0122559
5.77293	0.0114214
5.77318	0.00564607
5.77342	-0.00187741
5.77367	-0.00249291
5.77391	0.00683981
5.77416	0.0158058
5.7744	0.0124441
5.77465	0.00136418
5.77489	-0.00115587
5.77514	0.00832898
5.77538	0.0145182
5.77563	0.00744421
5.77587	-0.001613
5.77611	0.00163619
5.77636	0.0121718
5.7766	0.0148134
5.77685	0.0074192
5.77709	0.000592759
5.77734	-0.000798233
5.77758	-0.00123894
5.77783	-0.00148862
5.77807	0.00420705
5.77832	0.0159961
5.77856	0.0246727
5.7788	0.0237659
5.77905	0.017782
5.77929	0.015055
5.77954	0.0179027
5.77978	0.0227742
5.78003	0.0263983
5.78027	0.0290649
5.78052	0.0327895
5.78076	0.036754
5.78101	0.0355644
5.78125	0.025519
5.7815	0.0128962
5.78174	0.00994688
5.78198	0.0196923
5.78223	0.030818
5.78247	0.0319419
5.78272	0.0246292
5.78296	0.0169873
5.78321	0.0115286
5.78345	0.0072355
5.7837	0.00731816
5.78394	0.0145538
5.78419	0.0224286
5.78443	0.0214731
5.78468	0.0132415
5.78492	0.00835366
5.78516	0.0107682
5.78541	0.0133548
5.78565	0.0103367
5.7859	0.00531794
5.78614	0.0037787
5.78639	0.00472866
5.78663	0.00422178
5.78688	0.00249054
5.78712	0.00285866
5.78737	0.00550149
5.78761	0.00602132
5.78786	0.000688459
5.7881	-0.00820314
5.78834	-0.0134039
5.78859	-0.0100722
5.78883	-0.00146071
5.78908	0.00460838
5.78932	0.00431505
5.78957	0.000116845
5.78981	-0.00442115
5.79006	-0.00726676
5.7903	-0.00561258
5.79055	0.00252769
5.79079	0.0124291
5.79104	0.014573
5.79128	0.00584908
5.79152	-0.00606344
5.79177	-0.0122704
5.79201	-0.0115603
5.79226	-0.00744571
5.7925	-0.00243448
5.79275	0.00136295
5.79299	0.00162918
5.79324	-0.00056191
5.79348	-0.0014849
5.79373	-0.00126616
5.79397	-0.00369336
5.79421	-0.0079922
5.79446	-0.00845299
5.7947	-0.00427133
5.79495	-0.00111177
5.79519	-0.00074661
5.79544	0.000817315
5.79568	0.00257053
5.79593	-0.00171824
5.79617	-0.00910089
5.79642	-0.00724513
5.79666	0.00496207
5.79691	0.0118647
5.79715	0.00501822
5.79739	-0.00316562
5.79764	-0.0011879
5.79788	0.00260528
5.79813	-0.00206466
5.79837	-0.00660829
5.79862	5.63585e-05
5.79886	0.00796004
5.79911	0.00155324
5.79935	-0.0111534
5.7996	-0.00933001
5.79984	0.0064166
5.80009	0.0148903
5.80033	0.00741923
5.80057	-0.00284705
5.80082	-0.00501896
5.80106	-0.00241259
5.80131	0.000936842
5.80155	0.00542247
5.8018	0.00570046
5.80204	-0.0047802
5.80229	-0.0169463
5.80253	-0.0140123
5.80278	0.000837655
5.80302	0.00577176
5.80327	-0.00605397
5.80351	-0.0160688
5.80375	-0.011044
5.804	-0.00263894
5.80424	-0.00472077
5.80449	-0.0103372
5.80473	-0.00594416
5.80498	0.00564668
5.80522	0.0111818
5.80547	0.00601101
5.80571	-0.00457619
5.80596	-0.014901
5.8062	-0.0204584
5.80644	-0.0177036
5.80669	-0.00974211
5.80693	-0.00475407
5.80718	-0.00418972
5.80742	-0.00195235
5.80767	0.00184692
5.80791	-0.000371295
5.80816	-0.006954
5.8084	-0.00505305
5.80865	0.0074008
5.80889	0.0143909
5.80914	0.00648526
5.80938	-0.00358005
5.80962	-0.00246946
5.80987	0.00248567
5.81011	-0.000955117
5.81036	-0.00717065
5.8106	-0.00400138
5.81085	0.00426688
5.81109	0.0049152
5.81134	-0.000108018
5.81158	0.000814762
5.81183	0.00597356
5.81207	0.00286165
5.81232	-0.00789205
5.81256	-0.0110565
5.8128	-0.00138205
5.81305	0.00810779
5.81329	0.00691762
5.81354	0.000652917
5.81378	-0.00236672
5.81403	-0.0042586
5.81427	-0.00874231
5.81452	-0.0100991
5.81476	-0.00188771
5.81501	0.00948618
5.81525	0.0107572
5.8155	-0.000280387
5.81574	-0.0116714
5.81598	-0.0132092
5.81623	-0.00833778
5.81647	-0.00647591
5.81672	-0.00871189
5.81696	-0.00811047
5.81721	-0.00301994
5.81745	-0.00148259
5.8177	-0.00857328
5.81794	-0.0166934
5.81819	-0.0158758
5.81843	-0.00866718
5.81867	-0.00514001
5.81892	-0.00607322
5.81916	-0.00274314
5.81941	0.00630514
5.81965	0.0105498
5.8199	0.00355195
5.82014	-0.00661369
5.82039	-0.00883595
5.82063	-0.00305552
5.82088	0.00285139
5.82112	0.00392828
5.82137	0.000742857
5.82161	-0.00341679
5.82185	-0.0037014
5.8221	0.00283211
5.82234	0.0117066
5.82259	0.0144376
5.82283	0.0097774
5.82308	0.00511373
5.82332	0.00466475
5.82357	0.00419543
5.82381	0.000388364
5.82406	-0.00305932
5.8243	-0.00279069
5.82455	-0.00120007
5.82479	-0.00033833
5.82503	0.00167027
5.82528	0.00414831
5.82552	0.00229989
5.82577	-0.00362277
5.82601	-0.00642873
5.82626	-0.00382035
5.8265	-0.00269934
5.82675	-0.0066398
5.82699	-0.00932627
5.82724	-0.00676425
5.82748	-0.00540156
5.82773	-0.0100307
5.82797	-0.0135935
5.82821	-0.00859392
5.82846	-0.000197632
5.8287	0.00207573
5.82895	-0.0012743
5.82919	-0.00345072
5.82944	-0.00333773
5.82968	-0.00410016
5.82993	-0.00469401
5.83017	-0.00177105
5.83042	0.00337874
5.83066	0.00672078
5.8309	0.00671932
5.83115	0.00297983
5.83139	-0.00482187
5.83164	-0.0124493
5.83188	-0.0128339
5.83213	-0.00682621
5.83237	-0.00366535
5.83262	-0.00601963
5.83286	-0.00508729
5.83311	0.00319628
5.83335	0.0090686
5.8336	0.00480718
5.83384	-0.00214204
5.83408	-0.00255817
5.83433	-0.000825413
5.83457	-0.00458962
5.83482	-0.0091612
5.83506	-0.00613349
5.83531	0.000493005
5.83555	0.000945132
5.8358	-0.00375386
5.83604	-0.00513327
5.83629	-0.00201839
5.83653	0.000199836
5.83678	3.59659e-05
5.83702	-0.00114047
5.83726	-0.00463482
5.83751	-0.00874696
5.83775	-0.00536075
5.838	0.00670826
5.83824	0.014035
5.83849	0.00696877
5.83873	-0.00405389
5.83898	-0.00509697
5.83922	-0.00125079
5.83947	-0.00503491
5.83971	-0.0118977
5.83996	-0.00840288
5.8402	0.00159444
5.84044	0.00181449
5.84069	-0.00807011
5.84093	-0.0117094
5.84118	-0.00430051
5.84142	0.00030935
5.84167	-0.00580249
5.84191	-0.0128985
5.84216	-0.0118685
5.8424	-0.00693429
5.84265	-0.00407761
5.84289	-0.00193486
5.84313	-2.31207e-05
5.84338	-0.00246554
5.84362	-0.00824392
5.84387	-0.0100833
5.84411	-0.00716983
5.84436	-0.00688743
5.8446	-0.0108494
5.84485	-0.0121717
5.84509	-0.00960872
5.84534	-0.0102422
5.84558	-0.0140222
5.84583	-0.0105613
5.84607	0.0023097
5.84631	0.0108484
5.84656	0.00468985
5.8468	-0.00768546
5.84705	-0.0114989
5.84729	-0.00446186
5.84754	0.00491372
5.84778	0.00985595
5.84803	0.00876063
5.84827	0.002588
5.84852	-0.00456647
5.84876	-0.00694179
5.84901	-0.00350545
5.84925	0.00120652
5.84949	0.00416537
5.84974	0.0062463
5.84998	0.00728462
5.85023	0.00597178
5.85047	0.00491121
5.85072	0.0076833
5.85096	0.0107015
5.85121	0.00678018
5.85145	-0.00310948
5.8517	-0.0110222
5.85194	-0.0145456
5.85219	-0.017432
5.85243	-0.0182823
5.85267	-0.0114392
5.85292	-0.000489258
5.85316	0.00277719
5.85341	-0.00375324
5.85365	-0.0086386
5.8539	-0.00514854
5.85414	-0.000606963
5.85439	-0.00205615
5.85463	-0.00493309
5.85488	-0.00311912
5.85512	0.000199588
5.85536	-0.000814838
5.85561	-0.00534717
5.85585	-0.00939612
5.8561	-0.0113787
5.85634	-0.0101776
5.85659	-0.00510994
5.85683	-0.000553148
5.85708	-0.00191158
5.85732	-0.00528836
5.85757	-0.00173114
5.85781	0.00652544
5.85806	0.0069123
5.8583	-0.0031797
5.85854	-0.011079
5.85879	-0.00898875
5.85903	-0.00491088
5.85928	-0.00637346
5.85952	-0.00803135
5.85977	-0.00494076
5.86001	-0.00397465
5.86026	-0.0100737
5.8605	-0.0137875
5.86075	-0.00656777
5.86099	0.00192553
5.86124	-0.002449
5.86148	-0.0144978
5.86172	-0.0162209
5.86197	-0.00403667
5.86221	0.0062456
5.86246	0.00265565
5.8627	-0.00777741
5.86295	-0.011172
5.86319	-0.00511159
5.86344	0.00108665
5.86368	0.000460253
5.86393	-0.00286731
5.86417	-0.000553009
5.86442	0.0069515
5.86466	0.00960171
5.8649	0.00219727
5.86515	-0.0070125
5.86539	-0.00865108
5.86564	-0.00646693
5.86588	-0.00859926
5.86613	-0.0105914
5.86637	-0.00247078
5.86662	0.010218
5.86686	0.011033
5.86711	-0.000612255
5.86735	-0.00700332
5.8676	-0.000906118
5.86784	0.00387495
5.86808	-0.00123425
5.86833	-0.00410888
5.86857	0.00436955
5.86882	0.0112483
5.86906	0.00369105
5.86931	-0.00667374
5.86955	-0.00237764
5.8698	0.00980422
5.87004	0.00995305
5.87029	-0.00244566
5.87053	-0.0100385
5.87077	-0.00702099
5.87102	-0.00441525
5.87126	-0.00682867
5.87151	-0.00558829
5.87175	0.00189471
5.872	0.00503744
5.87224	-0.00155378
5.87249	-0.00803726
5.87273	-0.00510213
5.87298	0.00202983
5.87322	0.00306682
5.87347	-0.00236584
5.87371	-0.00644153
5.87395	-0.00476443
5.8742	-0.000837843
5.87444	-0.00107266
5.87469	-0.00746955
5.87493	-0.0142046
5.87518	-0.0131674
5.87542	-0.00507605
5.87567	-0.000649435
5.87591	-0.00609019
5.87616	-0.0130752
5.8764	-0.0107414
5.87665	-0.00235029
5.87689	0.00024314
5.87713	-0.00460467
5.87738	-0.00691348
5.87762	-0.00215748
5.87787	0.00188964
5.87811	-0.00178724
5.87836	-0.00883205
5.8786	-0.010289
5.87885	-0.00400509
5.87909	0.00424127
5.87934	0.0072328
5.87958	0.0023399
5.87983	-0.00586222
5.88007	-0.00910917
5.88031	-0.00462099
5.88056	0.000978376
5.8808	0.00080484
5.88105	-0.00229218
5.88129	-0.000821406
5.88154	0.00489302
5.88178	0.0069942
5.88203	0.0022589
5.88227	-0.00348164
5.88252	-0.00412945
5.88276	-0.000456157
5.883	0.00298458
5.88325	0.00316534
5.88349	-0.00053131
5.88374	-0.00660674
5.88398	-0.0111609
5.88423	-0.0102696
5.88447	-0.00389504
5.88472	0.003857
5.88496	0.00807496
5.88521	0.00594737
5.88545	-0.00159301
5.8857	-0.00973862
5.88594	-0.0135571
5.88618	-0.012886
5.88643	-0.010854
5.88667	-0.00804939
5.88692	-0.00325152
5.88716	0.000501636
5.88741	-0.00160631
5.88765	-0.00657978
5.8879	-0.00594804
5.88814	-0.000244657
5.88839	0.000102516
5.88863	-0.00696615
5.88888	-0.00915687
5.88912	-0.000651889
5.88936	0.00459256
5.88961	-0.00637867
5.88985	-0.0226097
5.8901	-0.0238084
5.89034	-0.0104861
5.89059	-0.00155222
5.89083	-0.00551345
5.89108	-0.0123215
5.89132	-0.0136878
5.89157	-0.0138369
5.89181	-0.0164936
5.89206	-0.0163604
5.8923	-0.00966118
5.89254	-0.00200507
5.89279	0.000213324
5.89303	-0.00164246
5.89328	-0.00253011
5.89352	4.2799e-05
5.89377	0.00560138
5.89401	0.0102788
5.89426	0.00733084
5.8945	-0.00430672
5.89475	-0.0137078
5.89499	-0.0101522
5.89523	-0.000200668
5.89548	-0.000440581
5.89572	-0.0128821
5.89597	-0.0211764
5.89621	-0.0143536
5.89646	-0.000834841
5.8967	0.0065852
5.89695	0.00705941
5.89719	0.00538404
5.89744	0.000607199
5.89768	-0.00895435
5.89793	-0.0170709
5.89817	-0.016368
5.89841	-0.00956906
5.89866	-0.00540046
5.8989	-0.00603206
5.89915	-0.00587465
5.89939	-0.0013141
5.89964	0.00450075
5.89988	0.00632345
5.90013	0.00229713
5.90037	-0.00498017
5.90062	-0.0103761
5.90086	-0.00991977
5.90111	-0.00435712
5.90135	0.00137105
5.90159	0.00266301
5.90184	-0.00121981
5.90208	-0.00716529
5.90233	-0.0103936
5.90257	-0.00840687
5.90282	-0.00443238
5.90306	-0.00410338
5.90331	-0.00683312
5.90355	-0.00543759
5.9038	0.00193138
5.90404	0.0060722
5.90429	-0.000149271
5.90453	-0.00923821
5.90477	-0.00918066
5.90502	-0.00129196
5.90526	0.00319128
5.90551	0.000838539
5.90575	-0.00219478
5.906	-0.00406674
5.90624	-0.00884728
5.90649	-0.0138061
5.90673	-0.00965767
5.90698	0.00319253
5.90722	0.0118643
5.90746	0.00916235
5.90771	0.00258233
5.90795	0.000250846
5.9082	-0.000143951
5.90844	-0.00215001
5.90869	-0.00202199
5.90893	0.00234286
5.90918	0.00377857
5.90942	-0.00351472
5.90967	-0.012965
5.90991	-0.0140829
5.91016	-0.00663614
5.9104	0.00105422
5.91064	0.00360306
5.91089	0.00221397
5.91113	0.000531082
5.91138	0.00124901
5.91162	0.0033441
5.91187	0.00104537
5.91211	-0.0086608
5.91236	-0.0171827
5.9126	-0.0123456
5.91285	0.00297092
5.91309	0.0117106
5.91334	0.00624071
5.91358	-0.00154078
5.91382	-0.000295511
5.91407	0.00371644
5.91431	-0.000264061
5.91456	-0.00897001
5.9148	-0.0122458
5.91505	-0.00983819
5.91529	-0.0078842
5.91554	-0.00540927
5.91578	0.00201428
5.91603	0.00982226
5.91627	0.00921415
5.91652	0.00201311
5.91676	-0.00142198
5.917	0.00193655
5.91725	0.00498863
5.91749	0.00321131
5.91774	0.00013497
5.91798	-0.000563314
5.91823	-0.000154913
5.91847	-0.000917455
5.91872	-0.00304726
5.91896	-0.00568533
5.91921	-0.0070161
5.91945	-0.00529633
5.91969	-0.00299386
5.91994	-0.00519285
5.92018	-0.0100198
5.92043	-0.0081711
5.92067	0.00185528
5.92092	0.00733285
5.92116	-0.000117781
5.92141	-0.00877517
5.92165	-0.00327739
5.9219	0.0103248
5.92214	0.0127516
5.92239	0.00125721
5.92263	-0.00694231
5.92287	-0.00208403
5.92312	0.00463514
5.92336	0.000397086
5.92361	-0.0105633
5.92385	-0.0154482
5.9241	-0.010244
5.92434	-0.00114281
5.92459	0.00482873
5.92483	0.00475061
5.92508	-0.000109571
5.92532	-0.00533859
5.92557	-0.00755694
5.92581	-0.00827849
5.92605	-0.0101377
5.9263	-0.0113459
5.92654	-0.00957048
5.92679	-0.00820227
5.92703	-0.0108212
5.92728	-0.0126044
5.92752	-0.00713362
5.92777	0.00107678
5.92801	0.00253259
5.92826	-0.000995888
5.9285	8.14461e-05
5.92875	0.00444216
5.92899	0.000784422
5.92923	-0.0104005
5.92948	-0.0133863
5.92972	-0.00181075
5.92997	0.00931367
5.93021	0.00546192
5.93046	-0.00702535
5.9307	-0.0127815
5.93095	-0.00826845
5.93119	-0.000294791
5.93144	0.00622658
5.93168	0.0084348
5.93192	0.0026619
5.93217	-0.00782759
5.93241	-0.0108253
5.93266	-0.00172745
5.9329	0.00644893
5.93315	0.00118806
5.93339	-0.0100477
5.93364	-0.0117641
5.93388	-0.00401079
5.93413	0.0013951
5.93437	0.0022361
5.93462	0.0059508
5.93486	0.0108935
5.9351	0.00601405
5.93535	-0.00856667
5.93559	-0.0173511
5.93584	-0.011527
5.93608	-0.00166271
5.93633	-0.000956056
5.93657	-0.00661278
5.93682	-0.00687051
5.93706	0.000626643
5.93731	0.00682376
5.93755	0.00460435
5.9378	-0.00336263
5.93804	-0.0100789
5.93828	-0.0127068
5.93853	-0.0137657
5.93877	-0.0152643
5.93902	-0.0140014
5.93926	-0.00536798
5.93951	0.0081761
5.93975	0.0168008
5.94	0.0142262
5.94024	0.00514949
5.94049	-0.00173465
5.94073	-0.00426283
5.94098	-0.00586804
5.94122	-0.00780983
5.94146	-0.00783145
5.94171	-0.00436653
5.94195	0.00216994
5.9422	0.0097141
5.94244	0.0131935
5.94269	0.00762907
5.94293	-0.00364852
5.94318	-0.0100273
5.94342	-0.00745709
5.94367	-0.00359356
5.94391	-0.00344624
5.94416	-0.000158863
5.9444	0.0106772
5.94464	0.0184854
5.94489	0.0129067
5.94513	0.00205771
5.94538	-0.000405815
5.94562	0.00185862
5.94587	-0.00329876
5.94611	-0.0118517
5.94636	-0.00996535
5.9466	-0.00120832
5.94685	-0.00273468
5.94709	-0.0144321
5.94733	-0.0178497
5.94758	-0.00915409
5.94782	-0.00587159
5.94807	-0.013698
5.94831	-0.0150199
5.94856	-0.0022554
5.9488	0.00610823
5.94905	-0.00047476
5.94929	-0.00297618
5.94954	0.0121242
5.94978	0.0228496
5.95003	0.00648244
5.95027	-0.0176187
5.95051	-0.0152407
5.95076	0.0075734
5.951	0.0148488
5.95125	-0.001657
5.95149	-0.0145967
5.95174	-0.0103756
5.95198	-0.00702135
5.95223	-0.015358
5.95247	-0.0189582
5.95272	-0.00719988
5.95296	0.00301057
5.95321	-0.00304692
5.95345	-0.0123229
5.95369	-0.00824029
5.95394	0.00100897
5.95418	-0.00025661
5.95443	-0.00737057
5.95467	-0.00684214
5.95492	-0.00163591
5.95516	-0.00257816
5.95541	-0.00540902
5.95565	0.00097355
5.9559	0.0109015
5.95614	0.00899512
5.95639	-0.00327256
5.95663	-0.00928058
5.95687	-0.00415179
5.95712	3.7724e-05
5.95736	-0.00315952
5.95761	-0.00556221
5.95785	-0.00149172
5.9581	0.00269363
5.95834	0.00164119
5.95859	-0.000276623
5.95883	0.000796958
5.95908	0.00102078
5.95932	-0.00223247
5.95956	-0.00474821
5.95981	-0.00455362
5.96005	-0.00684128
5.9603	-0.0136518
5.96054	-0.0178222
5.96079	-0.0143568
5.96103	-0.00968635
5.96128	-0.0115934
5.96152	-0.0165046
5.96177	-0.0154585
5.96201	-0.00787737
5.96226	-0.00090886
5.9625	0.00148286
5.96274	0.000631015
5.96299	-0.002707
5.96323	-0.00771344
5.96348	-0.00895793
5.96372	-0.0020868
5.96397	0.00609873
5.96421	0.00362217
5.96446	-0.00823924
5.9647	-0.0133673
5.96495	-0.00355287
5.96519	0.00742716
5.96544	0.00279526
5.96568	-0.0117792
5.96592	-0.0160884
5.96617	-0.00601098
5.96641	0.000614821
5.96666	-0.00760921
5.9669	-0.017985
5.96715	-0.0147239
5.96739	-0.00404656
5.96764	-0.0028508
5.96788	-0.0107356
5.96813	-0.0117028
5.96837	-0.00126731
5.96862	0.00672853
5.96886	0.00309148
5.9691	-0.00379202
5.96935	-0.00423929
5.96959	-0.00188547
5.96984	-0.00349886
5.97008	-0.0065479
5.97033	-0.00676652
5.97057	-0.00771093
5.97082	-0.0122291
5.97106	-0.0134916
5.97131	-0.00583972
5.97155	0.0032944
5.97179	0.00420043
5.97204	0.000636224
5.97228	0.0021051
5.97253	0.00646693
5.97277	0.00425448
5.97302	-0.00398971
5.97326	-0.00917502
5.97351	-0.00966409
5.97375	-0.0111083
5.974	-0.0121407
5.97424	-0.00593214
5.97449	0.00388973
5.97473	0.00501442
5.97497	-0.00358291
5.97522	-0.00913731
5.97546	-0.00619719
5.97571	-0.004292
5.97595	-0.0089512
5.9762	-0.0111842
5.97644	-0.00458405
5.97669	0.00173134
5.97693	-0.00160294
5.97718	-0.00817701
5.97742	-0.00728238
5.97767	-0.00149057
5.97791	-0.000162092
5.97815	-0.00332688
5.9784	-0.00458223
5.97864	-0.00375518
5.97889	-0.00463647
5.97913	-0.00547508
5.97938	-0.00325726
5.97962	-0.00217804
5.97987	-0.00613716
5.98011	-0.00819903
5.98036	-0.000531589
5.9806	0.00979374
5.98085	0.00935423
5.98109	-0.000226317
5.98133	-0.00468264
5.98158	0.000116003
5.98182	0.00356532
5.98207	-0.000258513
5.98231	-0.00432082
5.98256	-0.00339719
5.9828	-0.00225969
5.98305	-0.00361341
5.98329	-0.00183039
5.98354	0.00415426
5.98378	0.00470426
5.98402	-0.00473663
5.98427	-0.013297
5.98451	-0.010654
5.98476	-0.00356117
5.985	-0.00444943
5.98525	-0.0111647
5.98549	-0.0112708
5.98574	-0.00217698
5.98598	0.00585697
5.98623	0.00524771
5.98647	-0.00137033
5.98672	-0.00865407
5.98696	-0.0139116
5.9872	-0.014903
5.98745	-0.0110986
5.98769	-0.00761513
5.98794	-0.0100943
5.98818	-0.0156175
5.98843	-0.0165971
5.98867	-0.0130871
5.98892	-0.0116179
5.98916	-0.0115396
5.98941	-0.00440261
5.98965	0.00920708
5.9899	0.014438
5.99014	0.00223574
5.99038	-0.0145964
5.99063	-0.0166006
5.99087	-0.00359937
5.99112	0.00657795
5.99136	0.00342648
5.99161	-0.00459514
5.99185	-0.00583632
5.9921	-0.00137628
5.99234	0.00108643
5.99259	0.000609577
5.99283	0.00121789
5.99308	0.00148296
5.99332	-0.00388557
5.99356	-0.012738
5.99381	-0.0155529
5.99405	-0.00947936
5.9943	-0.003941
5.99454	-0.00694534
5.99479	-0.0124914
5.99503	-0.00933979
5.99528	0.00154355
5.99552	0.00745186
5.99577	0.00163814
5.99601	-0.00777972
5.99625	-0.00913057
5.9965	-0.00125429
5.99674	0.00709458
5.99699	0.00753131
5.99723	-0.00131007
5.99748	-0.0138123
5.99772	-0.0211385
5.99797	-0.0178782
5.99821	-0.00728872
5.99846	0.00232403
5.9987	0.00704604
5.99895	0.00930514
5.99919	0.0103393
5.99943	0.007344
5.99968	0.000696733
5.99992	-0.00299121
6.00017	6.81217e-05
6.00041	0.00440481
6.00066	0.00340406
6.0009	-0.00119815
6.00115	-0.0038145
6.00139	-0.00423497
6.00164	-0.00568291
6.00188	-0.00766706
6.00213	-0.00755435
6.00237	-0.00587429
6.00261	-0.00381294
6.00286	0.000554304
6.0031	0.00703007
6.00335	0.00932739
6.00359	0.00397695
6.00384	-0.0022868
6.00408	-0.00285933
6.00433	-0.00253138
6.00457	-0.0072906
6.00482	-0.00997301
6.00506	-0.00125869
6.00531	0.0104855
6.00555	0.00917266
6.00579	-0.00147406
6.00604	-0.00187635
6.00628	0.0100362
6.00653	0.0129891
6.00677	-0.00240957
6.00702	-0.015886
6.00726	-0.00877444
6.00751	0.0070534
6.00775	0.00961044
6.008	1.26285e-06
6.00824	-0.00556054
6.00848	-0.0049193
6.00873	-0.00837738
6.00897	-0.0149723
6.00922	-0.0134354
6.00946	-0.00487035
6.00971	-0.00324436
6.00995	-0.0117342
6.0102	-0.0172675
6.01044	-0.0120394
6.01069	-0.00400519
6.01093	-0.00159474
6.01118	-0.00284827
6.01142	-0.00486333
6.01166	-0.0101601
6.01191	-0.0172754
6.01215	-0.0173715
6.0124	-0.00767841
6.01264	0.0016819
6.01289	0.00137548
6.01313	-0.00532421
6.01338	-0.0106834
6.01362	-0.0136958
6.01387	-0.015918
6.01411	-0.0142065
6.01436	-0.00640859
6.0146	0.00114034
6.01484	0.000455767
6.01509	-0.00661932
6.01533	-0.0107291
6.01558	-0.0071076
6.01582	0.000106192
6.01607	0.00459651
6.01631	0.00458156
6.01656	0.00283239
6.0168	0.00237181
6.01705	0.00256724
6.01729	0.000142847
6.01754	-0.00470699
6.01778	-0.00585703
6.01802	0.00079514
6.01827	0.00916993
6.01851	0.00934526
6.01876	0.00123318
6.019	-0.00550427
6.01925	-0.0055058
6.01949	-0.00335513
6.01974	-0.00318579
6.01998	-0.00140222
6.02023	0.00548931
6.02047	0.0124886
6.02071	0.0115048
6.02096	0.00164238
6.0212	-0.0100583
6.02145	-0.0157461
6.02169	-0.0125394
6.02194	-0.0042535
6.02218	0.00120369
6.02243	-0.000770266
6.02267	-0.0062639
6.02292	-0.00829476
6.02316	-0.00610563
6.02341	-0.00404956
6.02365	-0.00317927
6.02389	-0.000942377
6.02414	0.0021007
6.02438	0.00334305
6.02463	0.00470567
6.02487	0.00887397
6.02512	0.010163
6.02536	0.000778202
6.02561	-0.0134026
6.02585	-0.0166359
6.0261	-0.00586538
6.02634	0.00402512
6.02659	0.00229764
6.02683	-0.00399512
6.02707	-0.00523202
6.02732	-0.00434092
6.02756	-0.0071839
6.02781	-0.00994462
6.02805	-0.00730437
6.0283	-0.0032384
6.02854	-0.00249055
6.02879	-0.000554269
6.02903	0.00621126
6.02928	0.00942836
6.02952	0.000864878
6.02977	-0.0115845
6.03001	-0.0139989
6.03025	-0.00714777
6.0305	-0.00338742
6.03074	-0.00688487
6.03099	-0.010445
6.03123	-0.00946216
6.03148	-0.0062245
6.03172	-0.00192281
6.03197	0.00373533
6.03221	0.00618406
6.03246	0.000526675
6.0327	-0.00852272
6.03295	-0.0115994
6.03319	-0.00840642
6.03343	-0.00645725
6.03368	-0.00787981
6.03392	-0.00790273
6.03417	-0.00489077
6.03441	-0.00134185
6.03466	0.00342833
6.0349	0.0107533
6.03515	0.0144715
6.03539	0.00700979
6.03564	-0.00718645
6.03588	-0.0156155
6.03612	-0.01442
6.03637	-0.0101731
6.03661	-0.00677382
6.03686	-0.00310743
6.0371	-0.00225029
6.03735	-0.0086961
6.03759	-0.0163905
6.03784	-0.0144504
6.03808	-0.00595368
6.03833	-0.00518226
6.03857	-0.013618
6.03882	-0.015828
6.03906	-0.00480003
6.0393	0.00577822
6.03955	0.0035023
6.03979	-0.00388563
6.04004	-0.00322225
6.04028	0.00293239
6.04053	0.00300036
6.04077	-0.00442334
6.04102	-0.0106991
6.04126	-0.0109069
6.04151	-0.0069958
6.04175	-0.00148298
6.042	0.00334478
6.04224	0.00392567
6.04248	0.000357878
6.04273	-0.00124887
6.04297	0.00266957
6.04322	0.00717745
6.04346	0.00702002
6.04371	0.00485542
6.04395	0.0052075
6.0442	0.00636493
6.04444	0.00499971
6.04469	0.00305042
6.04493	0.00299807
6.04518	0.00173171
6.04542	-0.00385768
6.04566	-0.0100736
6.04591	-0.0117699
6.04615	-0.00971131
6.0464	-0.00678964
6.04664	-0.00264439
6.04689	0.00183528
6.04713	0.00116654
6.04738	-0.00644208
6.04762	-0.0135663
6.04787	-0.0135647
6.04811	-0.00976799
6.04835	-0.00735639
6.0486	-0.00348232
6.04884	0.00537311
6.04909	0.0132689
6.04933	0.0126967
6.04958	0.0069773
6.04982	0.00409975
6.05007	0.00359184
6.05031	0.00071561
6.05056	-0.00170302
6.0508	0.00155493
6.05105	0.00549182
6.05129	0.00142088
6.05153	-0.00652972
6.05178	-0.00603949
6.05202	0.00311974
6.05227	0.00802982
6.05251	0.00289767
6.05276	-0.00372584
6.053	-0.00444462
6.05325	-0.00229846
6.05349	-0.000901131
6.05374	0.0018537
6.05398	0.00528785
6.05423	0.0029022
6.05447	-0.00608718
6.05471	-0.0123942
6.05496	-0.00995914
6.0552	-0.00438682
6.05545	-0.00219109
6.05569	-0.000897965
6.05594	0.00316357
6.05618	0.00581025
6.05643	0.00208542
6.05667	-0.00402124
6.05692	-0.00516292
6.05716	-0.00151411
6.05741	0.000950054
6.05765	-0.000529918
6.05789	-0.00406426
6.05814	-0.00748725
6.05838	-0.00923385
6.05863	-0.00790896
6.05887	-0.00489176
6.05912	-0.00411491
6.05936	-0.00635368
6.05961	-0.00780726
6.05985	-0.00661404
6.0601	-0.00544749
6.06034	-0.00532914
6.06058	-0.00344734
6.06083	-9.9151e-05
6.06107	-0.000214899
6.06132	-0.00401408
6.06156	-0.00436473
6.06181	0.00130966
6.06205	0.00511266
6.0623	0.001039
6.06254	-0.00561667
6.06279	-0.00879864
6.06303	-0.0119596
6.06328	-0.0177215
6.06352	-0.0170869
6.06376	-0.00300929
6.06401	0.0123768
6.06425	0.0106135
6.0645	-0.00602042
6.06474	-0.0169434
6.06499	-0.0126931
6.06523	-0.00541338
6.06548	-0.00696152
6.06572	-0.0125441
6.06597	-0.0130244
6.06621	-0.0102269
6.06646	-0.0104293
6.0667	-0.011839
6.06694	-0.00849035
6.06719	-0.00135094
6.06743	0.0025322
6.06768	-0.000916841
6.06792	-0.00964348
6.06817	-0.0181711
6.06841	-0.020293
6.06866	-0.0135799
6.0689	-0.00408703
6.06915	-0.0013079
6.06939	-0.00585515
6.06964	-0.00878341
6.06988	-0.00608249
6.07012	-0.00510225
6.07037	-0.0109116
6.07061	-0.0154017
6.07086	-0.00911968
6.0711	0.00282728
6.07135	0.00748356
6.07159	0.00259019
6.07184	-0.0025476
6.07208	-0.00270347
6.07233	-0.00213544
6.07257	-0.00403704
6.07281	-0.00508504
6.07306	-0.00330358
6.0733	-0.00277021
6.07355	-0.00637743
6.07379	-0.0102303
6.07404	-0.00945974
6.07428	-0.00506446
6.07453	-0.00136223
6.07477	-0.000172098
6.07502	-0.000575939
6.07526	-0.00163364
6.07551	-0.00289769
6.07575	-0.00437072
6.07599	-0.00710773
6.07624	-0.011283
6.07648	-0.0134685
6.07673	-0.00990228
6.07697	-0.00318739
6.07722	-0.000662716
6.07746	-0.00427035
6.07771	-0.00754581
6.07795	-0.00587127
6.0782	-0.00390961
6.07844	-0.00748104
6.07869	-0.0129209
6.07893	-0.012078
6.07917	-0.00544923
6.07942	-0.00186976
6.07966	-0.00483841
6.07991	-0.00747447
6.08015	-0.00404021
6.0804	0.000824074
6.08064	-0.000216961
6.08089	-0.00565456
6.08113	-0.00835964
6.08138	-0.00739854
6.08162	-0.00849235
6.08187	-0.01283
6.08211	-0.0138371
6.08235	-0.00823187
6.0826	-0.00302604
6.08284	-0.00557382
6.08309	-0.0115927
6.08333	-0.0107559
6.08358	-0.00205357
6.08382	0.00462243
6.08407	0.00285197
6.08431	-0.00215085
6.08456	-0.00277919
6.0848	0.000218881
6.08504	0.00134879
6.08529	-9.35975e-05
6.08553	-0.00060004
6.08578	-0.000184393
6.08602	-0.00259334
6.08627	-0.00752729
6.08651	-0.00889336
6.08676	-0.00344426
6.087	0.00327684
6.08725	0.00359861
6.08749	-0.00188142
6.08774	-0.00504028
6.08798	-0.00140119
6.08822	0.00373555
6.08847	0.00291745
6.08871	-0.00267202
6.08896	-0.00477822
6.0892	-0.000114628
6.08945	0.00463564
6.08969	0.00240046
6.08994	-0.00444673
6.09018	-0.00844574
6.09043	-0.00771194
6.09067	-0.00609156
6.09092	-0.00473907
6.09116	-0.00107061
6.0914	0.00364136
6.09165	0.00330298
6.09189	-0.00374889
6.09214	-0.010771
6.09238	-0.0112232
6.09263	-0.00638214
6.09287	-0.00147007
6.09312	0.000750447
6.09336	-0.000495679
6.09361	-0.00535672
6.09385	-0.0103797
6.0941	-0.00939344
6.09434	-0.00186307
6.09458	0.00427734
6.09483	0.00255396
6.09507	-0.00390697
6.09532	-0.00843456
6.09556	-0.00963188
6.09581	-0.00909011
6.09605	-0.00617902
6.0963	-0.00162644
6.09654	-0.000915895
6.09679	-0.00657746
6.09703	-0.0117069
6.09727	-0.00923946
6.09752	-0.00346238
6.09776	-0.00345076
6.09801	-0.00854723
6.09825	-0.0101948
6.0985	-0.0061348
6.09874	-0.00272349
6.09899	-0.00356548
6.09923	-0.00508843
6.09948	-0.00393172
6.09972	-0.000909938
6.09997	0.00254723
6.10021	0.0049169
6.10045	0.00254752
6.1007	-0.00553849
6.10094	-0.0123364
6.10119	-0.0103581
6.10143	-0.00271689
6.10168	0.00149313
6.10192	0.000310209
6.10217	-0.00200816
6.10241	-0.00547251
6.10266	-0.0118885
6.1029	-0.0146135
6.10315	-0.00541713
6.10339	0.00856654
6.10363	0.0103447
6.10388	-0.00196356
6.10412	-0.0109427
6.10437	-0.00504018
6.10461	0.00687758
6.10486	0.0118636
6.1051	0.00946671
6.10535	0.00474435
6.10559	-0.00172703
6.10584	-0.00818723
6.10608	-0.00797996
6.10633	-0.000492025
6.10657	0.0045033
6.10681	0.0011241
6.10706	-0.0045347
6.1073	-0.00701389
6.10755	-0.00940094
6.10779	-0.0114658
6.10804	-0.00515349
6.10828	0.00791603
6.10853	0.0106345
6.10877	-0.00408318
6.10902	-0.0173715
6.10926	-0.0109244
6.10951	0.00460371
6.10975	0.0076471
6.10999	9.92728e-05
6.11024	0.000252711
6.11048	0.00948276
6.11073	0.0115576
6.11097	0.00256512
6.11122	-0.00335519
6.11146	2.64979e-05
6.11171	0.00205159
6.11195	-0.00325731
6.1122	-0.00697297
6.11244	-0.00310883
6.11268	0.00106923
6.11293	-0.000141276
6.11317	-0.00143733
6.11342	0.000582734
6.11366	-0.000501749
6.11391	-0.00790799
6.11415	-0.0135151
6.1144	-0.0108333
6.11464	-0.00481711
6.11489	-0.00153346
6.11513	0.000751984
6.11538	0.00311707
6.11562	0.000422313
6.11586	-0.00755589
6.11611	-0.0108103
6.11635	-0.00448946
6.1166	0.0008913
6.11684	-0.00459417
6.11709	-0.0132529
6.11733	-0.0109372
6.11758	0.00142935
6.11782	0.0100363
6.11807	0.00797702
6.11831	0.00120995
6.11856	-0.00331048
6.1188	-0.00487672
6.11904	-0.00443245
6.11929	-0.00167098
6.11953	0.00170207
6.11978	0.00197918
6.12002	-0.00141951
6.12027	-0.00457461
6.12051	-0.00391359
6.12076	-0.000572574
6.121	0.000197639
6.12125	-0.00598162
6.12149	-0.0163034
6.12174	-0.0206319
6.12198	-0.0125521
6.12222	-4.27806e-05
6.12247	0.00222662
6.12271	-0.00748467
6.12296	-0.0149259
6.1232	-0.0100484
6.12345	-0.000756041
6.12369	0.000188885
6.12394	-0.00653821
6.12418	-0.0108362
6.12443	-0.00924529
6.12467	-0.0065807
6.12491	-0.00506378
6.12516	-0.00223784
6.1254	0.0013352
6.12565	0.00136448
6.12589	-0.0027367
6.12614	-0.00688235
6.12638	-0.00907231
6.12663	-0.0108906
6.12687	-0.0123018
6.12712	-0.0111018
6.12736	-0.00777488
6.12761	-0.00520441
6.12785	-0.00341957
6.12809	-0.000177383
6.12834	0.00319581
6.12858	0.00245825
6.12883	-0.00251962
6.12907	-0.00713904
6.12932	-0.00927108
6.12956	-0.0112051
6.12981	-0.0132933
6.13005	-0.0119805
6.1303	-0.00652663
6.13054	-0.00170293
6.13079	-0.000456273
6.13103	0.000622334
6.13127	0.00419903
6.13152	0.00553551
6.13176	-0.0011165
6.13201	-0.0123521
6.13225	-0.0181449
6.1325	-0.0139277
6.13274	-0.00501044
6.13299	0.00111877
6.13323	0.00223699
6.13348	0.00038716
6.13372	-0.00204931
6.13397	-0.0032095
6.13421	-0.00192694
6.13445	0.000571808
6.1347	0.00131216
6.13494	-0.000278949
6.13519	-0.00107258
6.13543	0.0010265
6.13568	0.00348665
6.13592	0.0027619
6.13617	-0.000723026
6.13641	-0.00402349
6.13666	-0.00584313
6.1369	-0.00593246
6.13714	-0.00289351
6.13739	0.00276637
6.13763	0.0056192
6.13788	0.00135089
6.13812	-0.00543299
6.13837	-0.00645876
6.13861	-0.00251022
6.13886	-0.00247294
6.1391	-0.00833258
6.13935	-0.0109373
6.13959	-0.00506589
6.13984	0.00104203
6.14008	-0.00138351
6.14032	-0.0074618
6.14057	-0.00705557
6.14081	-0.00113579
6.14106	0.00120186
6.1413	-0.00194442
6.14155	-0.00448476
6.14179	-0.00466868
6.14204	-0.00640228
6.14228	-0.0087407
6.14253	-0.00613508
6.14277	-0.000498679
6.14302	-0.000939023
6.14326	-0.00835213
6.1435	-0.0121656
6.14375	-0.00745086
6.14399	-0.00358735
6.14424	-0.00825413
6.14448	-0.0134082
6.14473	-0.00794345
6.14497	0.00321054
6.14522	0.00509439
6.14546	-0.00544866
6.14571	-0.0156004
6.14595	-0.0141657
6.1462	-0.00368633
6.14644	0.00641989
6.14668	0.0106282
6.14693	0.00846106
6.14717	0.00157314
6.14742	-0.00613931
6.14766	-0.0095393
6.14791	-0.00727135
6.14815	-0.00390199
6.1484	-0.00447658
6.14864	-0.00827626
6.14889	-0.00987879
6.14913	-0.00547955
6.14937	0.00316825
6.14962	0.0103528
6.14986	0.0109327
6.15011	0.00422961
6.15035	-0.00522772
6.1506	-0.0109844
6.15084	-0.00987229
6.15109	-0.00472012
6.15133	-0.00187341
6.15158	-0.00553391
6.15182	-0.0137602
6.15207	-0.0196023
6.15231	-0.0168082
6.15255	-0.00582338
6.1528	0.00537631
6.15304	0.00782345
6.15329	0.000549611
6.15353	-0.00764345
6.15378	-0.00741636
6.15402	0.000632479
6.15427	0.00764185
6.15451	0.00820673
6.15476	0.00539245
6.155	0.0026481
6.15525	-0.00224892
6.15549	-0.00993162
6.15573	-0.0128452
6.15598	-0.00508038
6.15622	0.00548252
6.15647	0.00607461
6.15671	-0.00182123
6.15696	-0.00497874
6.1572	-0.000297043
6.15745	0.000589561
6.15769	-0.00749731
6.15794	-0.0129068
6.15818	-0.00637672
6.15843	0.00306559
6.15867	0.00274542
6.15891	-0.00437043
6.15916	-0.00754952
6.1594	-0.00597872
6.15965	-0.00524299
6.15989	-0.00448641
6.16014	-0.00110656
6.16038	-0.000693101
6.16063	-0.00734463
6.16087	-0.0112324
6.16112	-0.00235864
6.16136	0.00969608
6.1616	0.00812213
6.16185	-0.00406753
6.16209	-0.00966096
6.16234	-0.00643698
6.16258	-0.00803525
6.16283	-0.0159904
6.16307	-0.0153919
6.16332	-0.00276474
6.16356	0.00552337
6.16381	0.000419765
6.16405	-0.00634906
6.1643	-0.00537733
6.16454	-0.00457503
6.16478	-0.00946664
6.16503	-0.00959572
6.16527	0.000835593
6.16552	0.00822183
6.16576	0.00212014
6.16601	-0.00532019
6.16625	-0.000984778
6.1665	0.00489696
6.16674	-0.00271793
6.16699	-0.0154993
6.16723	-0.016123
6.16748	-0.00927999
6.16772	-0.0119883
6.16796	-0.0204954
6.16821	-0.0152766
6.16845	0.00283544
6.1687	0.00991437
6.16894	-0.00337489
6.16919	-0.0167814
6.16943	-0.0120072
6.16968	0.00192283
6.16992	0.00626176
6.17017	-0.00112307
6.17041	-0.00951071
6.17066	-0.0132186
6.1709	-0.0136649
6.17114	-0.0118417
6.17139	-0.00896017
6.17163	-0.00883102
6.17188	-0.011911
6.17212	-0.0121003
6.17237	-0.00550339
6.17261	0.00252318
6.17286	0.00414734
6.1731	-0.00176442
6.17335	-0.0109687
6.17359	-0.0189191
6.17383	-0.021002
6.17408	-0.0138049
6.17432	-0.000829141
6.17457	0.00778073
6.17481	0.00541328
6.17506	-0.00451707
6.1753	-0.0140449
6.17555	-0.0177965
6.17579	-0.0136674
6.17604	-0.00349105
6.17628	0.00464224
6.17653	0.00265405
6.17677	-0.00519779
6.17701	-0.00467927
6.17726	0.00833813
6.1775	0.0187813
6.17775	0.0114779
6.17799	-0.00767794
6.17824	-0.0197432
6.17848	-0.017217
6.17873	-0.00924764
6.17897	-0.0043854
6.17922	-0.000402025
6.17946	0.00615981
6.17971	0.0108389
6.17995	0.00795361
6.18019	0.00032045
6.18044	-0.00427509
6.18068	-0.00345794
6.18093	-0.00159105
6.18117	-0.00189801
6.18142	-0.00223442
6.18166	0.000297762
6.18191	0.00369458
6.18215	0.00226876
6.1824	-0.00663099
6.18264	-0.0179469
6.18289	-0.0220474
6.18313	-0.0140988
6.18337	-0.000341359
6.18362	0.00720727
6.18386	0.00343228
6.18411	-0.00475771
6.18435	-0.00767921
6.1846	-0.00413124
6.18484	0.000114166
6.18509	0.00191069
6.18533	0.00254621
6.18558	0.0011353
6.18582	-0.00546797
6.18606	-0.0138871
6.18631	-0.0138167
6.18655	-0.00217324
6.1868	0.00894642
6.18704	0.006357
6.18729	-0.00647915
6.18753	-0.0143248
6.18778	-0.0101197
6.18802	-0.000928814
6.18827	0.00488307
6.18851	0.00661517
6.18876	0.00624788
6.189	0.00389959
6.18924	0.00144383
6.18949	0.00282229
6.18973	0.00682494
6.18998	0.00630182
6.19022	-0.00130022
6.19047	-0.00868972
6.19071	-0.00858923
6.19096	-0.00363586
6.1912	-0.00166025
6.19145	-0.00522803
6.19169	-0.0104205
6.19194	-0.0128405
6.19218	-0.0110771
6.19242	-0.00680056
6.19267	-0.00404524
6.19291	-0.00550197
6.19316	-0.00783874
6.1934	-0.00455391
6.19365	0.00478125
6.19389	0.0124915
6.19414	0.0120056
6.19438	0.00499776
6.19463	-0.00210567
6.19487	-0.00432632
6.19512	-0.000193436
6.19536	0.00707689
6.1956	0.0100973
6.19585	0.00516424
6.19609	-0.000813477
6.19634	0.000912603
6.19658	0.00631545
6.19683	0.0039313
6.19707	-0.00488292
6.19732	-0.00568658
6.19756	0.00494934
6.19781	0.0112505
6.19805	0.00299205
6.1983	-0.00707754
6.19854	-0.00383192
6.19878	0.00537393
6.19903	0.00339861
6.19927	-0.00821009
6.19952	-0.0123167
6.19976	-0.00372999
6.20001	0.00462019
6.20025	0.00328801
6.2005	-0.00179063
6.20074	-0.00205333
6.20099	0.00164709
6.20123	0.00398321
6.20147	0.00297418
6.20172	-0.0007431
6.20196	-0.00584299
6.20221	-0.00933816
6.20245	-0.00872871
6.2027	-0.00565138
6.20294	-0.00349082
6.20319	-0.00300426
6.20343	-0.00401105
6.20368	-0.00747431
6.20392	-0.0114908
6.20417	-0.0110178
6.20441	-0.00694621
6.20465	-0.00735919
6.2049	-0.0124984
6.20514	-0.00918557
6.20539	0.00813253
6.20563	0.0219417
6.20588	0.0140755
6.20612	-0.00509393
6.20637	-0.0103695
6.20661	0.000613232
6.20686	0.00659784
6.2071	-0.00121995
6.20735	-0.007194
6.20759	-0.000420727
6.20783	0.00763253
6.20808	0.00488773
6.20832	-0.00199009
6.20857	-0.00284605
6.20881	-0.00203531
6.20906	-0.00692134
6.2093	-0.0119143
6.20955	-0.00902548
6.20979	-0.00389167
6.21004	-0.00627773
6.21028	-0.0124351
6.21053	-0.0113431
6.21077	-0.00294438
6.21101	0.00328139
6.21126	0.00397611
6.2115	0.00382619
6.21175	0.00463727
6.21199	0.00366903
6.21224	0.0010304
6.21248	-0.00100505
6.21273	-0.00418904
6.21297	-0.0106679
6.21322	-0.0152654
6.21346	-0.010891
6.2137	-0.000483249
6.21395	0.00555873
6.21419	0.00343112
6.21444	-0.00106651
6.21468	-0.00319685
6.21493	-0.00401109
6.21517	-0.00375389
6.21542	0.000219501
6.21566	0.00600041
6.21591	0.0055629
6.21615	-0.00447277
6.2164	-0.0158802
6.21664	-0.017869
6.21688	-0.010082
6.21713	-0.0018727
6.21737	-1.25579e-06
6.21762	-0.00170276
6.21786	-0.00106228
6.21811	0.00126706
6.21835	-0.00121544
6.2186	-0.0103615
6.21884	-0.0182127
6.21909	-0.0164661
6.21933	-0.00843843
6.21958	-0.00507981
6.21982	-0.00893057
6.22006	-0.00979164
6.22031	-9.81623e-05
6.22055	0.0123304
6.2208	0.013916
6.22104	0.00367982
6.22129	-0.0062048
6.22153	-0.00717181
6.22178	-0.00344236
6.22202	-0.00265394
6.22227	-0.00463634
6.22251	-0.00455259
6.22276	-0.00277478
6.223	-0.00476819
6.22324	-0.0114874
6.22349	-0.0161528
6.22373	-0.0135091
6.22398	-0.0079622
6.22422	-0.00751661
6.22447	-0.0117702
6.22471	-0.012277
6.22496	-0.00533203
6.2252	0.00235678
6.22545	0.00371119
6.22569	0.000695844
6.22593	-0.00131846
6.22618	-0.00289042
6.22642	-0.00701878
6.22667	-0.0104839
6.22691	-0.00752976
6.22716	-0.000349057
6.2274	0.00309833
6.22765	0.00128371
6.22789	-5.76121e-06
6.22814	0.000774027
6.22838	-0.00129654
6.22863	-0.00605478
6.22887	-0.00541975
6.22911	0.00274775
6.22936	0.00795179
6.2296	0.00183895
6.22985	-0.0084126
6.23009	-0.0105065
6.23034	-0.00475516
6.23058	-0.00143202
6.23083	-0.00433866
6.23107	-0.00745453
6.23132	-0.006497
6.23156	-0.00388858
6.23181	-0.00185956
6.23205	0.000339365
6.23229	0.000771612
6.23254	-0.0048734
6.23278	-0.0141106
6.23303	-0.0167995
6.23327	-0.00856072
6.23352	0.00127416
6.23376	0.00133257
6.23401	-0.0068349
6.23425	-0.0124567
6.2345	-0.0108601
6.23474	-0.00674731
6.23499	-0.00317087
6.23523	0.00313587
6.23547	0.0124358
6.23572	0.0164922
6.23596	0.00907659
6.23621	-0.00321903
6.23645	-0.0084377
6.2367	-0.00495029
6.23694	-0.00183827
6.23719	-0.00439936
6.23743	-0.00765202
6.23768	-0.00594518
6.23792	-0.00132799
6.23816	0.00121991
6.23841	0.000696632
6.23865	-0.00184805
6.2389	-0.00653876
6.23914	-0.0113471
6.23939	-0.0106147
6.23963	-0.00239206
6.23988	0.00676526
6.24012	0.00956433
6.24037	0.00678061
6.24061	0.00324574
6.24086	-0.000349576
6.2411	-0.0051868
6.24134	-0.0080785
6.24159	-0.00531832
6.24183	8.79426e-05
6.24208	0.00283424
6.24232	0.00431175
6.24257	0.00867539
6.24281	0.0123419
6.24306	0.00778265
6.2433	-0.00263411
6.24355	-0.00766441
6.24379	-0.00387681
6.24404	-0.000555563
6.24428	-0.00418857
6.24452	-0.00855567
6.24477	-0.00649861
6.24501	-0.00244341
6.24526	-0.00433572
6.2455	-0.00933111
6.24575	-0.00769241
6.24599	0.00145066
6.24624	0.00784008
6.24648	0.00450107
6.24673	-0.00323164
6.24697	-0.00615697
6.24722	-0.00323106
6.24746	-0.000502893
6.2477	-0.000903386
6.24795	-0.000760821
6.24819	0.00301278
6.24844	0.00739627
6.24868	0.00796795
6.24893	0.00536673
6.24917	0.00259639
6.24942	-0.000815925
6.24966	-0.00547123
6.24991	-0.00565491
6.25015	0.00402984
6.25039	0.0156873
6.25064	0.0139593
6.25088	-0.00125001
6.25113	-0.0106695
6.25137	-0.00212648
6.25162	0.0113948
6.25186	0.0119315
6.25211	0.00325477
6.25235	0.00103266
6.2526	0.00484449
6.25284	0.000791841
6.25309	-0.0106258
6.25333	-0.0116531
6.25357	0.0033852
6.25382	0.0159814
6.25406	0.0101653
6.25431	-0.00446701
6.25455	-0.00846441
6.2548	0.000134453
6.25504	0.00721956
6.25529	0.00447095
6.25553	-0.00268638
6.25578	-0.00642756
6.25602	-0.00598391
6.25627	-0.00535037
6.25651	-0.0073285
6.25675	-0.0107729
6.257	-0.0117916
6.25724	-0.00824726
6.25749	-0.00277839
6.25773	0.000984769
6.25798	0.00331069
6.25822	0.00500714
6.25847	0.00234755
6.25871	-0.00690147
6.25896	-0.0148637
6.2592	-0.0114618
6.25945	-0.000535417
6.25969	0.00356268
6.25993	-0.00332673
6.26018	-0.0102363
6.26042	-0.0093236
6.26067	-0.00547217
6.26091	-0.00309347
6.26116	0.00208957
6.2614	0.0103794
6.26165	0.0114213
6.26189	0.00103833
6.26214	-0.00749135
6.26238	-0.001903
6.26262	0.0093781
6.26287	0.0102
6.26311	0.00122969
6.26336	-0.0040243
6.2636	-0.00223624
6.26385	-0.00268306
6.26409	-0.00833615
6.26434	-0.0106381
6.26458	-0.00522531
6.26483	0.000631209
6.26507	0.000381624
6.26532	-0.0027981
6.26556	-0.00402687
6.2658	-0.00485017
6.26605	-0.0079498
6.26629	-0.010563
6.26654	-0.00910335
6.26678	-0.00586575
6.26703	-0.00545742
6.26727	-0.00699031
6.26752	-0.00508681
6.26776	0.00161136
6.26801	0.00738205
6.26825	0.00681736
6.2685	0.0024466
6.26874	0.00114796
6.26898	0.00372896
6.26923	0.00361015
6.26947	-0.00185783
6.26972	-0.00518497
6.26996	8.6257e-05
6.27021	0.00746641
6.27045	0.00611212
6.2707	-0.00198235
6.27094	-0.00487902
6.27119	2.08783e-05
6.27143	0.00253214
6.27168	-0.0024729
6.27192	-0.00722845
6.27216	-0.00597337
6.27241	-0.00469623
6.27265	-0.00857626
6.2729	-0.0114901
6.27314	-0.0073138
6.27339	-0.0017084
6.27363	-0.00267677
6.27388	-0.00781116
6.27412	-0.0105504
6.27437	-0.0109766
6.27461	-0.0108393
6.27486	-0.00659558
6.2751	0.00196196
6.27534	0.00509131
6.27559	-0.00276506
6.27583	-0.0107377
6.27608	-0.00680326
6.27632	0.00287809
6.27657	0.00480048
6.27681	0.000363875
6.27706	-0.00010641
6.2773	0.00128996
6.27755	-0.00477665
6.27779	-0.012238
6.27803	-0.00535922
6.27828	0.0122325
6.27852	0.0180144
6.27877	0.0053865
6.27901	-0.00507668
6.27926	0.00121275
6.2795	0.0102403
6.27975	0.00434896
6.27999	-0.00895789
6.28024	-0.0118152
6.28048	-0.00567576
6.28073	-0.00509979
6.28097	-0.0104959
6.28121	-0.0092005
6.28146	-0.000931665
6.2817	-0.000557852
6.28195	-0.0125783
6.28219	-0.0216635
6.28244	-0.0158478
6.28268	-0.0040165
6.28293	-0.0004814
6.28317	-0.00379298
6.28342	-0.00295035
6.28366	0.00295366
6.28391	0.00473468
6.28415	-9.37196e-05
6.28439	-0.00336665
6.28464	-0.000219812
6.28488	0.00402159
6.28513	0.00446345
6.28537	0.00457588
6.28562	0.00775673
6.28586	0.00911035
6.28611	0.00375533
6.28635	-0.00262559
6.2866	-0.00124046
6.28684	0.0052877
6.28709	0.00644237
6.28733	0.000536179
6.28757	-0.00340904
6.28782	-0.00160624
6.28806	-0.00135325
6.28831	-0.00672327
6.28855	-0.00983007
6.2888	-0.00375583
6.28904	0.00523154
6.28929	0.00766097
6.28953	0.0055772
6.28978	0.00660692
6.29002	0.00871569
6.29026	0.00308663
6.29051	-0.00955299
6.29075	-0.0171395
6.291	-0.0123421
6.29124	-0.00155471
6.29149	0.00447532
6.29173	0.00234794
6.29198	-0.00348081
6.29222	-0.00634285
6.29247	-0.00227842
6.29271	0.00594168
6.29296	0.00960045
6.2932	0.00391114
6.29344	-0.00377867
6.29369	-0.00227398
6.29393	0.00737266
6.29418	0.0122777
6.29442	0.00589014
6.29467	-0.00295597
6.29491	-0.00353466
6.29516	0.00166364
6.2954	0.00210979
6.29565	-0.00502024
6.29589	-0.0118299
6.29614	-0.0111193
6.29638	-0.00431739
6.29662	0.0028376
6.29687	0.00736967
6.29711	0.00912719
6.29736	0.00708809
6.2976	1.69543e-05
6.29785	-0.00919146
6.29809	-0.0138726
6.29834	-0.0110327
6.29858	-0.00610272
6.29883	-0.00629853
6.29907	-0.0102182
6.29932	-0.00919795
6.29956	4.71917e-05
6.2998	0.00964565
6.30005	0.0105129
6.30029	0.00342264
6.30054	-0.00414824
6.30078	-0.00851798
6.30103	-0.0116167
6.30127	-0.014244
6.30152	-0.0133279
6.30176	-0.00669911
6.30201	0.00286249
6.30225	0.00938737
6.30249	0.00858733
6.30274	0.00196088
6.30298	-0.00328112
6.30323	-0.000857241
6.30347	0.00677922
6.30372	0.0105633
6.30396	0.00621428
6.30421	-0.000933535
6.30445	-0.00485414
6.3047	-0.00681095
6.30494	-0.00979275
6.30519	-0.0105742
6.30543	-0.0045651
6.30567	0.00458821
6.30592	0.00776453
6.30616	0.0018236
6.30641	-0.00759705
6.30665	-0.0139443
6.3069	-0.0151661
6.30714	-0.0123417
6.30739	-0.00801467
6.30763	-0.00523653
6.30788	-0.00414086
6.30812	-0.0011287
6.30837	0.00451548
6.30861	0.00646863
6.30885	-0.000235665
6.3091	-0.00959593
6.30934	-0.0110369
6.30959	-0.00407048
6.30983	0.00127122
6.31008	-0.0012278
6.31032	-0.00670586
6.31057	-0.00763812
6.31081	-0.0029936
6.31106	0.00309256
6.3113	0.00665575
6.31155	0.00594794
6.31179	0.00191232
6.31203	-0.00232208
6.31228	-0.00508442
6.31252	-0.00807322
6.31277	-0.0112551
6.31301	-0.00938334
6.31326	-0.000195443
6.3135	0.00703705
6.31375	0.00088222
6.31399	-0.0146211
6.31424	-0.0223512
6.31448	-0.0146823
6.31472	-0.00325924
6.31497	-0.00107828
6.31521	-0.0046908
6.31546	-0.00290896
6.3157	0.00401099
6.31595	0.00548772
6.31619	-0.00132792
6.31644	-0.00625845
6.31668	-0.00172851
6.31693	0.00543356
6.31717	0.00436136
6.31742	-0.00298864
6.31766	-0.00410721
6.3179	0.00535125
6.31815	0.0139368
6.31839	0.00986965
6.31864	-0.00244697
6.31888	-0.00897098
6.31913	-0.00548595
6.31937	-0.00105811
6.31962	-0.00243647
6.31986	-0.00537067
6.32011	-0.00468435
6.32035	-0.00340731
6.3206	-0.00581658
6.32084	-0.00893457
6.32108	-0.00817211
6.32133	-0.00568263
6.32157	-0.00585369
6.32182	-0.00733459
6.32206	-0.00659778
6.32231	-0.00484687
6.32255	-0.00431378
6.3228	-0.00250552
6.32304	0.00234542
6.32329	0.00518837
6.32353	0.00192986
6.32378	-0.00192813
6.32402	-4.8047e-05
6.32426	0.00256461
6.32451	-0.00237973
6.32475	-0.0104151
6.325	-0.00965696
6.32524	-0.000248366
6.32549	0.00523924
6.32573	0.000955219
6.32598	-0.00590064
6.32622	-0.00912401
6.32647	-0.0107347
6.32671	-0.011648
6.32695	-0.00797933
6.3272	-0.000793517
6.32744	0.002071
6.32769	-0.00147545
6.32793	-0.0039651
6.32818	-0.00135581
6.32842	0.00077423
6.32867	-0.00151778
6.32891	-0.00383963
6.32916	-0.00304087
6.3294	-0.00286092
6.32965	-0.00468531
6.32989	-0.00355691
6.33013	0.00077147
6.33038	0.000245572
6.33062	-0.00714896
6.33087	-0.0113268
6.33111	-0.00663985
6.33136	-0.00227575
6.3316	-0.00584821
6.33185	-0.00867469
6.33209	-0.000650565
6.33234	0.0104678
6.33258	0.0100775
6.33283	-0.000419643
6.33307	-0.00770061
6.33331	-0.00803066
6.33356	-0.00811704
6.3338	-0.00806418
6.33405	-0.00141422
6.33429	0.00788631
6.33454	0.00642036
6.33478	-0.00706893
6.33503	-0.0167613
6.33527	-0.0123913
6.33552	-0.00292433
6.33576	-3.16465e-05
6.33601	-0.000550148
6.33625	0.00406141
6.33649	0.0102594
6.33674	0.00729001
6.33698	-0.00443802
6.33723	-0.0115991
6.33747	-0.00521182
6.33772	0.00826364
6.33796	0.0152328
6.33821	0.00979108
6.33845	-0.00161931
6.3387	-0.00781886
6.33894	-0.00368013
6.33918	0.0059197
6.33943	0.0121406
6.33967	0.0111096
6.33992	0.00564784
6.34016	-0.000123606
6.34041	-0.00420217
6.34065	-0.00532422
6.3409	-0.00321629
6.34114	-0.00137926
6.34139	-0.00435195
6.34163	-0.00986153
6.34188	-0.00942257
6.34212	-0.000905692
6.34236	0.00534255
6.34261	-0.000131909
6.34285	-0.01065
6.3431	-0.0109893
6.34334	0.000844374
6.34359	0.0100151
6.34383	0.0058677
6.34408	-0.00345441
6.34432	-0.00419704
6.34457	0.00292134
6.34481	0.00568455
6.34506	-0.000456707
6.3453	-0.00718807
6.34554	-0.00738783
6.34579	-0.00407091
6.34603	-0.00217782
6.34628	-0.000258881
6.34652	0.00419005
6.34677	0.00769648
6.34701	0.00563907
6.34726	-3.33807e-05
6.3475	-0.00379247
6.34775	-0.00408734
6.34799	-0.00287345
6.34824	-0.00111468
6.34848	-1.52481e-05
6.34872	-0.00274074
6.34897	-0.00869207
6.34921	-0.010232
6.34946	-0.0028352
6.3497	0.00548022
6.34995	0.00438878
6.35019	-0.00220636
6.35044	-0.00176687
6.35068	0.00599323
6.35093	0.00799132
6.35117	-3.29686e-05
6.35142	-0.00540788
6.35166	0.000312309
6.3519	0.00620714
6.35215	-0.000370964
6.35239	-0.0120015
6.35264	-0.0119434
6.35288	-0.000322939
6.35313	0.00643271
6.35337	0.000649725
6.35362	-0.00742983
6.35386	-0.00773328
6.35411	-0.00385613
6.35435	-0.00289968
6.35459	-0.00292605
6.35484	0.00115865
6.35508	0.00621
6.35533	0.00422154
6.35557	-0.00579859
6.35582	-0.0162284
6.35606	-0.0201047
6.35631	-0.0169758
6.35655	-0.0102244
6.3568	-0.00318103
6.35704	0.00131528
6.35729	0.000832282
6.35753	-0.00477627
6.35777	-0.0116656
6.35802	-0.0136294
6.35826	-0.00759179
6.35851	0.00168209
6.35875	0.00501501
6.359	-0.00016602
6.35924	-0.0049568
6.35949	-0.000244562
6.35973	0.00915492
6.35998	0.00947779
6.36022	-0.00224285
6.36047	-0.0127361
6.36071	-0.0110038
6.36095	-0.00321145
6.3612	-0.00143991
6.36144	-0.00510103
6.36169	-0.00457549
6.36193	0.000868063
6.36218	0.00154237
6.36242	-0.00610656
6.36267	-0.013264
6.36291	-0.0122064
6.36316	-0.00626809
6.3634	-0.00216359
6.36365	-0.000830395
6.36389	-0.000653591
6.36413	-0.00215423
6.36438	-0.00432015
6.36462	-0.00338614
6.36487	-0.000362381
6.36511	-0.0022112
6.36536	-0.0097044
6.3656	-0.0126549
6.36585	-0.00491526
6.36609	0.00436862
6.36634	0.0042471
6.36658	-0.0014331
6.36682	-0.00287617
6.36707	-0.00221058
6.36731	-0.00736132
6.36756	-0.0133366
6.3678	-0.00777785
6.36805	0.0057331
6.36829	0.00882423
6.36854	-0.00358905
6.36878	-0.014057
6.36903	-0.00857028
6.36927	0.0035111
6.36952	0.00506158
6.36976	-0.00537161
6.37	-0.0158397
6.37025	-0.0174819
6.37049	-0.00976561
6.37074	0.00274118
6.37098	0.0110522
6.37123	0.00704412
6.37147	-0.005004
6.37172	-0.0104733
6.37196	-0.00395514
6.37221	0.00347139
6.37245	0.00309386
6.3727	0.001894
6.37294	0.00720839
6.37318	0.0112776
6.37343	0.00492568
6.37367	-0.00425367
6.37392	-0.00331917
6.37416	0.00454002
6.37441	0.0063149
6.37465	0.00101513
6.3749	-0.00119679
6.37514	0.00225723
6.37539	0.00408467
6.37563	0.000984249
6.37588	-0.00404536
6.37612	-0.0101647
6.37636	-0.0164115
6.37661	-0.0157091
6.37685	-0.00522749
6.3771	0.00306362
6.37734	-0.00186499
6.37759	-0.0101995
6.37783	-0.00571557
6.37808	0.00618419
6.37832	0.00720484
6.37857	-0.00147795
6.37881	-0.00161383
6.37905	0.007943
6.3793	0.00798999
6.37954	-0.00558039
6.37979	-0.0122167
6.38003	-0.00225962
6.38028	0.0061016
6.38052	-0.000523851
6.38077	-0.00782332
6.38101	-0.00190403
6.38126	0.00429024
6.3815	-0.0040617
6.38175	-0.0129225
6.38199	-0.00110465
6.38223	0.0215293
6.38248	0.0265004
6.38272	0.00976797
6.38297	-0.00509518
6.38321	-0.00403758
6.38346	0.00258462
6.3837	0.00361543
6.38395	0.00269499
6.38419	0.00472026
6.38444	0.00493348
6.38468	-0.000804703
6.38493	-0.00718772
6.38517	-0.00736358
6.38541	-0.00170067
6.38566	0.00454379
6.3859	0.00621518
6.38615	0.00108868
6.38639	-0.00630469
6.38664	-0.00668871
6.38688	0.00110125
6.38713	0.00473959
6.38737	-0.00467059
6.38762	-0.0170948
6.38786	-0.0178089
6.38811	-0.010704
6.38835	-0.0109443
6.38859	-0.0185126
6.38884	-0.0184598
6.38908	-0.00765953
6.38933	-0.00108026
6.38957	-0.00658477
6.38982	-0.0122453
6.39006	-0.00732051
6.39031	0.000237299
6.39055	-0.00154688
6.3908	-0.00906871
6.39104	-0.0107087
6.39128	-0.0052482
6.39153	-0.000537277
6.39177	0.00062617
6.39202	0.00203357
6.39226	0.00445952
6.39251	0.00416685
6.39275	0.000244323
6.393	-0.00373831
6.39324	-0.00527375
6.39349	-0.00487739
6.39373	-0.00275402
6.39398	0.00187045
6.39422	0.00718926
6.39446	0.00783086
6.39471	1.70176e-05
6.39495	-0.0120597
6.3952	-0.0171767
6.39544	-0.00826699
6.39569	0.00695416
6.39593	0.012284
6.39618	0.00306337
6.39642	-0.00695777
6.39667	-0.00486514
6.39691	0.00302555
6.39716	0.00251439
6.3974	-0.00518733
6.39764	-0.00653739
6.39789	0.000242285
6.39813	0.00146776
6.39838	-0.00845595
6.39862	-0.0164161
6.39887	-0.0111986
6.39911	-0.000790959
6.39936	0.00123436
6.3996	-0.0041726
6.39985	-0.00660862
6.40009	-0.00358099
6.40034	-0.000864676
6.40058	-0.000383297
6.40082	0.000969646
6.40107	0.00280331
6.40131	0.00136716
6.40156	-0.00250392
6.4018	-0.00365994
6.40205	-0.00103874
6.40229	0.000396589
6.40254	-0.00332323
6.40278	-0.0104136
6.40303	-0.0155766
6.40327	-0.0144132
6.40351	-0.00693934
6.40376	0.00130125
6.404	0.00396324
6.40425	0.0012307
6.40449	-0.000992171
6.40474	-6.81173e-05
6.40498	0.00076325
6.40523	0.000333263
6.40547	0.00260166
6.40572	0.00800546
6.40596	0.00973636
6.40621	0.00454906
6.40645	2.67161e-05
6.40669	0.00376387
6.40694	0.0116125
6.40718	0.014689
6.40743	0.0124735
6.40767	0.0101555
6.40792	0.00786572
6.40816	0.00241656
6.40841	-0.00336036
6.40865	-0.00299815
6.4089	0.00301454
6.40914	0.00727566
6.40939	0.00544858
6.40963	-0.000364008
6.40987	-0.00643073
6.41012	-0.0095784
6.41036	-0.00750431
6.41061	-0.00293255
6.41085	-0.00316812
6.4111	-0.00899001
6.41134	-0.0102339
6.41159	-0.00105415
6.41183	0.00792623
6.41208	0.00460422
6.41232	-0.00460532
6.41257	-0.00501508
6.41281	0.00157856
6.41305	0.00066926
6.4133	-0.00895105
6.41354	-0.013438
6.41379	-0.00932888
6.41403	-0.00921722
6.41428	-0.0167005
6.41452	-0.0172615
6.41477	-0.00386514
6.41501	0.00833919
6.41526	0.00633067
6.4155	0.000578327
6.41574	0.00575791
6.41599	0.0149738
6.41623	0.0122562
6.41648	-4.56259e-05
6.41672	-0.00636212
6.41697	-0.00357275
6.41721	-0.00203194
6.41746	-0.00480783
6.4177	-0.00457568
6.41795	7.64544e-05
6.41819	0.00251437
6.41844	0.00228799
6.41868	0.00530164
6.41892	0.00905031
6.41917	0.004
6.41941	-0.00795392
6.41966	-0.0126732
6.4199	-0.00584468
6.42015	-0.000272297
6.42039	-0.00456341
6.42064	-0.00923576
6.42088	-0.00348004
6.42113	0.00664493
6.42137	0.00843583
6.42162	0.00231139
6.42186	-0.000793424
6.4221	0.00302102
6.42235	0.00665782
6.42259	0.00387499
6.42284	-0.00319138
6.42308	-0.00803042
6.42333	-0.00602956
6.42357	0.0021169
6.42382	0.0095261
6.42406	0.00819406
6.42431	-0.00131656
6.42455	-0.00847478
6.4248	-0.00527214
6.42504	0.00339329
6.42528	0.00677771
6.42553	0.00260128
6.42577	-0.00171333
6.42602	-0.000249424
6.42626	0.00506165
6.42651	0.00901254
6.42675	0.00872642
6.427	0.00417417
6.42724	-0.00228746
6.42749	-0.00582806
6.42773	-0.00263563
6.42797	0.00468296
6.42822	0.00839304
6.42846	0.00459665
6.42871	-0.00162619
6.42895	-0.00292326
6.4292	0.000362405
6.42944	0.00117985
6.42969	-0.00346733
6.42993	-0.0080491
6.43018	-0.0075096
6.43042	-0.00555228
6.43067	-0.00799674
6.43091	-0.0114814
6.43115	-0.0077706
6.4314	0.00108185
6.43164	0.00267695
6.43189	-0.00682751
6.43213	-0.0143127
6.43238	-0.00796331
6.43262	0.00455588
6.43287	0.00665005
6.43311	-0.00411503
6.43336	-0.0149259
6.4336	-0.0167048
6.43385	-0.0125581
6.43409	-0.00823744
6.43433	-0.00531138
6.43458	-0.00467317
6.43482	-0.00684127
6.43507	-0.00744397
6.43531	-0.00164428
6.43556	0.00589777
6.4358	0.0051457
6.43605	-0.0036554
6.43629	-0.00862487
6.43654	-0.00323462
6.43678	0.00541223
6.43703	0.00890978
6.43727	0.00817136
6.43751	0.00671249
6.43776	0.00271346
6.438	-0.00554871
6.43825	-0.0134658
6.43849	-0.0157945
6.43874	-0.0133719
6.43898	-0.00931225
6.43923	-0.003826
6.43947	0.00288301
6.43972	0.0077124
6.43996	0.00854281
6.44021	0.00666913
6.44045	0.00336576
6.44069	-0.000531684
6.44094	-0.000946257
6.44118	0.00585196
6.44143	0.0146063
6.44167	0.0148893
6.44192	0.00579023
6.44216	-0.00237329
6.44241	-0.0032728
6.44265	-0.00122184
6.4429	-7.02076e-05
6.44314	0.0025874
6.44338	0.00594895
6.44363	0.00339186
6.44387	-0.00483266
6.44412	-0.00879765
6.44436	-0.00525514
6.44461	-0.00360235
6.44485	-0.0080958
6.4451	-0.008706
6.44534	0.000345131
6.44559	0.00771906
6.44583	0.00323509
6.44608	-0.00506335
6.44632	-0.00659849
6.44656	-0.0071938
6.44681	-0.0149568
6.44705	-0.0201409
6.4473	-0.0104114
6.44754	0.00314141
6.44779	-0.000760645
6.44803	-0.0185976
6.44828	-0.0244312
6.44852	-0.00804038
6.44877	0.0114691
6.44901	0.0145834
6.44926	0.00466741
6.4495	-0.00442143
6.44974	-0.00778583
6.44999	-0.0079912
6.45023	-0.00621435
6.45048	-0.00367337
6.45072	-0.00424312
6.45097	-0.0091816
6.45121	-0.0142309
6.45146	-0.0152027
6.4517	-0.0118957
6.45195	-0.00577063
6.45219	0.00102781
6.45244	0.004695
6.45268	0.00320633
6.45292	-0.000364029
6.45317	-0.00255387
6.45341	-0.00428767
6.45366	-0.0061266
6.4539	-0.00460257
6.45415	9.3151e-05
6.45439	0.000205239
6.45464	-0.00694921
6.45488	-0.0104983
6.45513	-0.00121077
6.45537	0.0126318
6.45561	0.0170426
6.45586	0.0122122
6.4561	0.00706706
6.45635	0.0026577
6.45659	-0.00331176
6.45684	-0.00446734
6.45708	0.00314803
6.45733	0.00661867
6.45757	-0.0057977
6.45782	-0.020054
6.45806	-0.0145976
6.45831	0.0030199
6.45855	0.006593
6.45879	-0.00478586
6.45904	-0.00589265
6.45928	0.00908875
6.45953	0.0152913
6.45977	0.00128915
6.46002	-0.00961028
6.46026	0.000823142
6.46051	0.014713
6.46075	0.00888311
6.461	-0.00778589
6.46124	-0.0122679
6.46149	-0.00380388
6.46173	0.00215499
6.46197	0.00208945
6.46222	0.0029155
6.46246	0.00324866
6.46271	-0.00173686
6.46295	-0.00509357
6.4632	0.00197916
6.46344	0.0119508
6.46369	0.0113646
6.46393	0.00307444
6.46418	0.000278194
6.46442	0.00413976
6.46467	0.00501468
6.46491	0.00137027
6.46515	0.000302746
6.4654	0.00232531
6.46564	0.00158069
6.46589	-0.00113281
6.46613	-9.39602e-05
6.46638	0.00279555
6.46662	0.000916495
6.46687	-0.00370082
6.46711	-0.00305522
6.46736	0.00246034
6.4676	0.00470709
6.46784	0.00148187
6.46809	-0.0018554
6.46833	-0.00320577
6.46858	-0.00576383
6.46882	-0.01031
6.46907	-0.0141895
6.46931	-0.0159342
6.46956	-0.0137864
6.4698	-0.00440384
6.47005	0.00896128
6.47029	0.0137538
6.47054	0.00394182
6.47078	-0.00793936
6.47102	-0.0064824
6.47127	0.00453222
6.47151	0.00869143
6.47176	0.00105313
6.472	-0.00794433
6.47225	-0.0102099
6.47249	-0.00867826
6.47274	-0.00871749
6.47298	-0.0112394
6.47323	-0.0141632
6.47347	-0.0137243
6.47372	-0.00718798
6.47396	0.000566809
6.4742	0.000135534
6.47445	-0.0069636
6.47469	-0.00719471
6.47494	0.00221176
6.47518	0.00454235
6.47543	-0.00863551
6.47567	-0.0180906
6.47592	-0.00615957
6.47616	0.0102241
6.47641	0.0036462
6.47665	-0.017492
6.4769	-0.0199952
6.47714	0.00053524
6.47738	0.0128707
6.47763	0.00130909
6.47787	-0.0115546
6.47812	-0.00550654
6.47836	0.00567584
6.47861	0.00213315
6.47885	-0.00857113
6.4791	-0.00845007
6.47934	-0.000219933
6.47959	0.00196277
6.47983	-0.000949234
6.48007	0.00168014
6.48032	0.00756344
6.48056	0.00557213
6.48081	-0.00339558
6.48105	-0.00838766
6.4813	-0.00720694
6.48154	-0.00649807
6.48179	-0.00638609
6.48203	-0.00130681
6.48228	0.00572198
6.48252	0.00522786
6.48277	-0.00250877
6.48301	-0.00741024
6.48325	-0.00634896
6.4835	-0.00660614
6.48374	-0.0111321
6.48399	-0.0133265
6.48423	-0.00979443
6.48448	-0.00645952
6.48472	-0.00715495
6.48497	-0.00637984
6.48521	0.000293835
6.48546	0.00692326
6.4857	0.00554688
6.48595	-0.00194501
6.48619	-0.00756184
6.48643	-0.0088905
6.48668	-0.009781
6.48692	-0.0112778
6.48717	-0.00914275
6.48741	-0.00171974
6.48766	0.00522428
6.4879	0.00465427
6.48815	-0.00310808
6.48839	-0.0106587
6.48864	-0.0112738
6.48888	-0.00452611
6.48913	0.00480868
6.48937	0.0106984
6.48961	0.00921686
6.48986	0.00149023
6.4901	-0.00554577
6.49035	-0.00475803
6.49059	0.00265322
6.49084	0.00735306
6.49108	0.00359197
6.49133	-0.00277733
6.49157	-0.00279554
6.49182	0.00213843
6.49206	0.00260094
6.4923	-0.00367194
6.49255	-0.00752882
6.49279	-0.00236866
6.49304	0.00521363
6.49328	0.00468035
6.49353	-0.00339748
6.49377	-0.00877313
6.49402	-0.00566993
6.49426	0.0018818
6.49451	0.00844138
6.49475	0.0131027
6.495	0.0148223
6.49524	0.00950812
6.49548	-0.00237678
6.49573	-0.0107236
6.49597	-0.00675153
6.49622	0.00323219
6.49646	0.00481038
6.49671	-0.00327733
6.49695	-0.00592427
6.4972	0.00503086
6.49744	0.0156256
6.49769	0.00864631
6.49793	-0.0100408
6.49818	-0.0185194
6.49842	-0.00921932
6.49866	0.00318539
6.49891	0.00558669
6.49915	0.00236752
6.4994	0.00205931
6.49964	0.00249234
6.49989	-0.00105911
6.50013	-0.00414363
6.50038	-0.000873213
6.50062	0.00435304
6.50087	0.00394338
6.50111	-0.000103211
6.50136	-0.000983806
6.5016	0.00055486
6.50184	-0.000694108
6.50209	-0.00355017
6.50233	-0.00356899
6.50258	-0.00305619
6.50282	-0.00654814
6.50307	-0.00964671
6.50331	-0.00484861
6.50356	0.00337758
6.5038	0.00271869
6.50405	-0.00728267
6.50429	-0.0127606
6.50453	-0.00569509
6.50478	0.00516059
6.50502	0.0082014
6.50527	0.00403099
6.50551	0.00069838
6.50576	0.00121907
6.506	0.00197955
6.50625	-0.000593134
6.50649	-0.0062245
6.50674	-0.0113138
6.50698	-0.0115651
6.50723	-0.00648321
6.50747	-0.00097518
6.50771	0.000547628
6.50796	-0.000331411
6.5082	-0.000604798
6.50845	-0.0024199
6.50869	-0.00843318
6.50894	-0.0138376
6.50918	-0.0115936
6.50943	-0.00383582
6.50967	0.000903065
6.50992	0.00044113
6.51016	-0.000635158
6.51041	-0.00201914
6.51065	-0.00790468
6.51089	-0.0156623
6.51114	-0.0159475
6.51138	-0.00676528
6.51163	0.0029044
6.51187	0.00611018
6.51212	0.00455816
6.51236	0.000176732
6.51261	-0.00823246
6.51285	-0.0162347
6.5131	-0.0140067
6.51334	-0.00156862
6.51359	0.00744633
6.51383	0.0045481
6.51407	-0.0015186
6.51432	-2.41311e-05
6.51456	0.00439601
6.51481	0.00065284
6.51505	-0.00983478
6.5153	-0.015281
6.51554	-0.0109332
6.51579	-0.00346431
6.51603	0.000525951
6.51628	0.00109702
6.51652	0.000236406
6.51677	-0.00177915
6.51701	-0.00428063
6.51725	-0.00575796
6.5175	-0.0062269
6.51774	-0.0066377
6.51799	-0.00645032
6.51823	-0.0048557
6.51848	-0.00327344
6.51872	-0.00368817
6.51897	-0.00554669
6.51921	-0.00673013
6.51946	-0.00629298
6.5197	-0.00431615
6.51994	-0.000835976
6.52019	0.00311363
6.52043	0.00509608
6.52068	0.0038747
6.52092	0.0013693
6.52117	0.00078322
6.52141	0.00324992
6.52166	0.00616901
6.5219	0.00473813
6.52215	-0.00264796
6.52239	-0.00981445
6.52264	-0.00828118
6.52288	0.000306656
6.52312	0.00411377
6.52337	-0.00137283
6.52361	-0.00465031
6.52386	0.00341511
6.5241	0.0117422
6.52435	0.00476494
6.52459	-0.0106915
6.52484	-0.0139837
6.52508	-0.00376561
6.52533	0.000179012
6.52557	-0.00880945
6.52582	-0.0124581
6.52606	0.000339985
6.5263	0.0126667
6.52655	0.00674684
6.52679	-0.00685908
6.52704	-0.00707508
6.52728	0.00436088
6.52753	0.00884695
6.52777	0.00156876
6.52802	-0.00506038
6.52826	-0.00431648
6.52851	-0.00191886
6.52875	-0.00106066
6.529	0.00191953
6.52924	0.00607586
6.52948	0.00486595
6.52973	-0.00170471
6.52997	-0.00600649
6.53022	-0.00470276
6.53046	-0.00135266
6.53071	0.00203065
6.53095	0.00544132
6.5312	0.00498513
6.53144	-0.00177723
6.53169	-0.00685278
6.53193	-0.00111571
6.53217	0.00921536
6.53242	0.00958876
6.53266	-0.000225662
6.53291	-0.00586826
6.53315	-0.00154819
6.5334	0.00277157
6.53364	0.000420991
6.53389	-0.00193053
6.53413	0.00127662
6.53438	0.00486917
6.53462	0.00458085
6.53487	0.00462604
6.53511	0.00639947
6.53535	0.00312318
6.5356	-0.00586104
6.53584	-0.008888
6.53609	-0.000237432
6.53633	0.00799918
6.53658	0.00420267
6.53682	-0.00423761
6.53707	-0.00434153
6.53731	0.00079878
6.53756	-0.000162829
6.5378	-0.00507896
6.53805	-0.00220566
6.53829	0.00807583
6.53853	0.0132806
6.53878	0.00982328
6.53902	0.0070161
6.53927	0.00867836
6.53951	0.00740703
6.53976	0.0010262
6.54	-0.00150667
6.54025	0.00259463
6.54049	0.00207372
6.54074	-0.00888004
6.54098	-0.0166679
6.54123	-0.00741447
6.54147	0.00958193
6.54171	0.0133678
6.54196	0.00136458
6.5422	-0.00826899
6.54245	-0.00375334
6.54269	0.00595807
6.54294	0.00730521
6.54318	-0.0002178
6.54343	-0.0085489
6.54367	-0.0131227
6.54392	-0.0131698
6.54416	-0.00766943
6.5444	0.000926089
6.54465	0.00432809
6.54489	-0.00221123
6.54514	-0.0118391
6.54538	-0.0147098
6.54563	-0.01117
6.54587	-0.00836866
6.54612	-0.00681298
6.54636	-0.000494541
6.54661	0.00961105
6.54685	0.0128594
6.5471	0.00372979
6.54734	-0.00871162
6.54758	-0.0118082
6.54783	-0.00467208
6.54807	0.00308706
6.54832	0.00464562
6.54856	0.00227167
6.54881	0.00138071
6.54905	0.00308285
6.5493	0.00406521
6.54954	0.00205008
6.54979	-0.000387773
6.55003	0.0012649
6.55028	0.0065119
6.55052	0.00855103
6.55076	0.00274271
6.55101	-0.00585501
6.55125	-0.00775364
6.5515	-0.000640439
6.55174	0.0088399
6.55199	0.0137086
6.55223	0.0116822
6.55248	0.00306328
6.55272	-0.00896525
6.55297	-0.0159229
6.55321	-0.0104788
6.55346	0.00237379
6.5537	0.00855455
6.55394	0.00247782
6.55419	-0.0064392
6.55443	-0.00857177
6.55468	-0.00667774
6.55492	-0.00757795
6.55517	-0.00932536
6.55541	-0.00533107
6.55566	0.00353584
6.5559	0.00927689
6.55615	0.00687473
6.55639	-0.00158519
6.55663	-0.0100213
6.55688	-0.0114704
6.55712	-0.00293199
6.55737	0.00829475
6.55761	0.00933943
6.55786	-0.00137688
6.5581	-0.00919148
6.55835	-0.00278611
6.55859	0.00891515
6.55884	0.00981415
6.55908	-7.26855e-05
6.55933	-0.00726479
6.55957	-0.00636573
6.55981	-0.00440596
6.56006	-0.00488317
6.5603	-0.00237537
6.56055	0.00448704
6.56079	0.00782339
6.56104	0.00302589
6.56128	-0.00376775
6.56153	-0.00558607
6.56177	-0.00363516
6.56202	-0.00217827
6.56226	-0.00199729
6.56251	-0.0028561
6.56275	-0.00539108
6.56299	-0.00707253
6.56324	-0.00321409
6.56348	0.0046654
6.56373	0.00853638
6.56397	0.0053509
6.56422	0.0015652
6.56446	0.0021677
6.56471	0.00259746
6.56495	-0.00282355
6.5652	-0.0103668
6.56544	-0.0112162
6.56569	-0.00314023
6.56593	0.00686262
6.56617	0.00985701
6.56642	0.00298846
6.56666	-0.00741693
6.56691	-0.0109307
6.56715	-0.00503618
6.5674	-0.000125671
6.56764	-0.00582171
6.56789	-0.0149393
6.56813	-0.0118916
6.56838	0.00324683
6.56862	0.012744
6.56886	0.00671306
6.56911	-0.00381447
6.56935	-0.00641845
6.5696	-0.00554036
6.56984	-0.00972207
6.57009	-0.0129071
6.57033	-0.00414873
6.57058	0.0113381
6.57082	0.0172684
6.57107	0.00970251
6.57131	0.000549849
6.57156	-0.00200124
6.5718	-0.00271898
6.57204	-0.00686635
6.57229	-0.0106903
6.57253	-0.00898609
6.57278	-0.00347042
6.57302	0.00107526
6.57327	0.00302639
6.57351	0.00288986
6.57376	0.00105572
6.574	-0.000719555
6.57425	0.000340255
6.57449	0.00407366
6.57474	0.00676041
6.57498	0.00531778
6.57522	-0.000211302
6.57547	-0.00748517
6.57571	-0.0123282
6.57596	-0.0105765
6.5762	-0.00335483
6.57645	0.00218302
6.57669	0.00184395
6.57694	0.000431203
6.57718	0.00316408
6.57743	0.00609976
6.57767	0.00360103
6.57792	0.000639363
6.57816	0.0058714
6.5784	0.0147343
6.57865	0.0131048
6.57889	-0.00108014
6.57914	-0.0133959
6.57938	-0.0135647
6.57963	-0.00753647
6.57987	-0.00395248
6.58012	-0.00173288
6.58036	0.0013234
6.58061	0.000127969
6.58085	-0.00720689
6.58109	-0.0110681
6.58134	-0.00436553
6.58158	0.00388272
6.58183	0.00185261
6.58207	-0.00565212
6.58232	-0.00560095
6.58256	0.00100818
6.58281	0.00169853
6.58305	-0.00506939
6.5833	-0.00739883
6.58354	-0.00133348
6.58379	0.0020219
6.58403	-0.00417899
6.58427	-0.0110694
6.58452	-0.00965828
6.58476	-0.00525742
6.58501	-0.00666867
6.58525	-0.0109687
6.5855	-0.00990591
6.58574	-0.00444533
6.58599	-0.00206239
6.58623	-0.00389784
6.58648	-0.00448779
6.58672	-0.00177737
6.58697	0.00102128
6.58721	0.00179443
6.58745	0.000850627
6.5877	-0.00218404
6.58794	-0.00668468
6.58819	-0.00867179
6.58843	-0.00585037
6.58868	-0.00179467
6.58892	0.000360163
6.58917	0.00339651
6.58941	0.00821108
6.58966	0.00698376
6.5899	-0.00523206
6.59015	-0.0172867
6.59039	-0.0138152
6.59063	0.00177885
6.59088	0.0107491
6.59112	0.00594571
6.59137	0.000430657
6.59161	0.00569285
6.59186	0.0156141
6.5921	0.0185899
6.59235	0.0133479
6.59259	0.00508675
6.59284	-0.00360481
6.59308	-0.0100769
6.59333	-0.00931354
6.59357	-0.00232585
6.59381	0.00169213
6.59406	-0.0011065
6.5943	-0.00268797
6.59455	0.00232317
6.59479	0.00617817
6.59504	0.00164668
6.59528	-0.00456259
6.59553	-0.00382366
6.59577	-0.00101284
6.59602	-0.00421184
6.59626	-0.00802174
6.5965	-0.00290143
6.59675	0.00622921
6.59699	0.0079394
6.59724	0.00502918
6.59748	0.00863761
6.59773	0.0157418
6.59797	0.0132354
6.59822	0.00331631
6.59846	0.0026474
6.59871	0.0133367
6.59895	0.0168977
6.5992	0.00427624
6.59944	-0.00871795
6.59968	-0.00673551
6.59993	0.00211739
6.60017	0.00191449
6.60042	-0.00666572
6.60066	-0.0119544
6.60091	-0.0108952
6.60115	-0.00895901
6.6014	-0.00769114
6.60164	-0.00487602
6.60189	-0.00221123
6.60213	-0.00266381
6.60238	-0.00408931
6.60262	-0.00299539
6.60286	-8.19319e-05
6.60311	0.00330982
6.60335	0.00765709
6.6036	0.00957513
6.60384	0.0029594
6.60409	-0.00842225
6.60433	-0.0106606
6.60458	1.29206e-05
6.60482	0.00842414
6.60507	0.00217097
6.60531	-0.00958823
6.60556	-0.0116123
6.6058	-0.00586267
6.60604	-0.00426967
6.60629	-0.00721843
6.60653	-0.00594823
6.60678	-0.000276533
6.60702	0.0027281
6.60727	0.0034868
6.60751	0.00724547
6.60776	0.0101936
6.608	0.00458098
6.60825	-0.00459472
6.60849	-0.0045355
6.60873	0.00462145
6.60898	0.0101853
6.60922	0.00791964
6.60947	0.00630494
6.60971	0.00872292
6.60996	0.0080067
6.6102	0.001774
6.61045	-0.00262854
6.61069	-0.00264351
6.61094	-0.00485959
6.61118	-0.00999477
6.61143	-0.00865746
6.61167	0.00130549
6.61191	0.0077867
6.61216	0.00333342
6.6124	-0.00187365
6.61265	0.00379734
6.61289	0.0148797
6.61314	0.0177353
6.61338	0.0104467
6.61363	0.00273886
6.61387	0.000708173
6.61412	0.00142931
6.61436	0.000743294
6.61461	-0.000998064
6.61485	-0.000858872
6.61509	0.00262877
6.61534	0.00697026
6.61558	0.00736657
6.61583	0.00347978
6.61607	0.00215576
6.61632	0.00755359
6.61656	0.0119416
6.61681	0.0060942
6.61705	-0.0035563
6.6173	-0.00169703
6.61754	0.011148
6.61779	0.0163264
6.61803	0.00459265
6.61827	-0.00945495
6.61852	-0.0094744
6.61876	-0.000391938
6.61901	0.00272854
6.61925	-0.00177472
6.6195	-0.00372348
6.61974	0.000237964
6.61999	0.00337937
6.62023	0.00180435
6.62048	-0.000832312
6.62072	-0.00123555
6.62096	-0.000685071
6.62121	-0.00116042
6.62145	-0.00297675
6.6217	-0.00571694
6.62194	-0.00775079
6.62219	-0.00683931
6.62243	-0.00391067
6.62268	-0.00272337
6.62292	-0.00348947
6.62317	-0.00196447
6.62341	0.00273352
6.62366	0.0058748
6.6239	0.00540567
6.62414	0.00473813
6.62439	0.00418639
6.62463	-0.000741241
6.62488	-0.00794267
6.62512	-0.00693251
6.62537	0.0043293
6.62561	0.0123566
6.62586	0.00751089
6.6261	-0.000804411
6.62635	-0.000160067
6.62659	0.0046618
6.62684	0.00240437
6.62708	-0.00306367
6.62732	-3.32584e-05
6.62757	0.00795746
6.62781	0.00601609
6.62806	-0.00662254
6.6283	-0.0140219
6.62855	-0.00811429
6.62879	0.00169352
6.62904	0.00676447
6.62928	0.0100225
6.62953	0.0129408
6.62977	0.00831452
6.63002	-0.00504488
6.63026	-0.0142704
6.6305	-0.00997882
6.63075	-0.00113819
6.63099	-0.00123125
6.63124	-0.00823887
6.63148	-0.0104183
6.63173	-0.00576808
6.63197	-0.00302688
6.63222	-0.00614942
6.63246	-0.00955828
6.63271	-0.00887613
6.63295	-0.00652005
6.63319	-0.00488067
6.63344	-0.00189887
6.63368	0.0035014
6.63393	0.00723299
6.63417	0.00478413
6.63442	-0.00304699
6.63466	-0.0115141
6.63491	-0.0167731
6.63515	-0.0176666
6.6354	-0.0146342
6.63564	-0.00893974
6.63589	-0.00282646
6.63613	0.000345906
6.63637	-0.00271068
6.63662	-0.0115747
6.63686	-0.0191026
6.63711	-0.0160446
6.63735	-0.00242782
6.6376	0.00889045
6.63784	0.00611774
6.63809	-0.00570415
6.63833	-0.0108301
6.63858	-0.00501486
6.63882	-0.00120412
6.63907	-0.00852007
6.63931	-0.0168695
6.63955	-0.0129701
6.6398	-0.00279839
6.64004	-0.00264072
6.64029	-0.0119218
6.64053	-0.0132346
6.64078	-0.00107007
6.64102	0.00843115
6.64127	0.00354067
6.64151	-0.00497087
6.64176	-0.00356714
6.642	0.00185178
6.64225	-0.000779658
6.64249	-0.0068287
6.64273	-0.00429575
6.64298	0.00275246
6.64322	0.000812118
6.64347	-0.00785099
6.64371	-0.00802061
6.64396	0.00172191
6.6442	0.00643245
6.64445	0.0010114
6.64469	-0.00174465
6.64494	0.0055804
6.64518	0.0127871
6.64542	0.0105699
6.64567	0.00458416
6.64591	0.00273862
6.64616	0.00289766
6.6464	0.00114386
6.64665	-0.00076146
6.64689	-0.00249793
6.64714	-0.00647837
6.64738	-0.00751939
6.64763	0.00285175
6.64787	0.017096
6.64812	0.0159865
6.64836	-0.000515527
6.6486	-0.00853137
6.64885	0.00259484
6.64909	0.011734
6.64934	0.00090863
6.64958	-0.0139361
6.64983	-0.00939091
6.65007	0.00706887
6.65032	0.0112826
6.65056	0.00130478
6.65081	-0.00504621
6.65105	-0.00244205
6.6513	-0.00112306
6.65154	-0.0031562
6.65178	-0.000942032
6.65203	0.0034341
6.65227	0.000716633
6.65252	-0.00565971
6.65276	-0.00419566
6.65301	0.00235217
6.65325	0.00142564
6.6535	-0.00457546
6.65374	-0.00134979
6.65399	0.00990625
6.65423	0.0122496
6.65448	0.00201039
6.65472	-0.0055663
6.65496	-0.00323211
6.65521	-0.000957865
6.65545	-0.0033131
6.6557	-0.00102599
6.65594	0.00761274
6.65619	0.00968112
6.65643	0.00143045
6.65668	-0.00211061
6.65692	0.00750778
6.65717	0.0170614
6.65741	0.0145157
6.65765	0.00854717
6.6579	0.0107844
6.65814	0.0148775
6.65839	0.00953874
6.65863	-0.000337164
6.65888	-0.00208617
6.65912	0.00438173
6.65937	0.00944964
6.65961	0.00997563
6.65986	0.00956896
6.6601	0.00848998
6.66035	0.00486225
6.66059	0.00143548
6.66083	0.00160083
6.66108	0.00300644
6.66132	0.00258142
6.66157	0.00256962
6.66181	0.00456802
6.66206	0.00384051
6.6623	-0.00292474
6.66255	-0.00989332
6.66279	-0.00963726
6.66304	-0.00378819
6.66328	0.000179365
6.66353	-0.00119959
6.66377	-0.00562395
6.66401	-0.00915424
6.66426	-0.00889413
6.6645	-0.0059872
6.66475	-0.00661113
6.66499	-0.0135472
6.66524	-0.0176481
6.66548	-0.00800435
6.66573	0.0093339
6.66597	0.0160627
6.66622	0.0072962
6.66646	-0.00214217
6.66671	-0.00159766
6.66695	0.00143383
6.66719	-0.000950968
6.66744	-0.0018047
6.66768	0.00596917
6.66793	0.0133726
6.66817	0.0085454
6.66842	-0.00337773
6.66866	-0.00813761
6.66891	-0.00330085
6.66915	0.00184766
6.6694	0.00207548
6.66964	-0.000210258
6.66988	-0.00309987
6.67013	-0.00611066
6.67037	-0.00612967
6.67062	-0.00143811
6.67086	0.00337775
6.67111	0.00376957
6.67135	0.0023471
6.6716	0.00323253
6.67184	0.0048102
6.67209	0.00455013
6.67233	0.00480652
6.67258	0.00714402
6.67282	0.00789326
6.67306	0.00618971
6.67331	0.00836636
6.67355	0.0163993
6.6738	0.0207916
6.67404	0.0146766
6.67429	0.00675955
6.67453	0.00893044
6.67478	0.0178094
6.67502	0.0204409
6.67527	0.0131914
6.67551	0.00361148
6.67576	-0.00221567
6.676	-0.00348094
6.67624	0.000331355
6.67649	0.00777163
6.67673	0.0119229
6.67698	0.00794506
6.67722	0.00102919
6.67747	-0.0013639
6.67771	-0.000846828
6.67796	-0.00332968
6.6782	-0.00803908
6.67845	-0.0104635
6.67869	-0.0111354
6.67894	-0.0120406
6.67918	-0.00968717
6.67942	-0.00193926
6.67967	0.00383451
6.67991	0.000812215
6.68016	-0.00413126
6.6804	9.29784e-05
6.68065	0.0100281
6.68089	0.0118955
6.68114	0.00298629
6.68138	-0.00433458
6.68163	-0.000675065
6.68187	0.00948819
6.68212	0.0164619
6.68236	0.0159
6.6826	0.00947157
6.68285	0.00213508
6.68309	-0.000936265
6.68334	-7.94824e-06
6.68358	-0.00122817
6.68383	-0.00644558
6.68407	-0.00779438
6.68432	0.000304407
6.68456	0.00997413
6.68481	0.0105309
6.68505	0.00470388
6.68529	0.00289702
6.68554	0.00605552
6.68578	0.0068574
6.68603	0.00446742
6.68627	0.00461111
6.68652	0.00690459
6.68676	0.0056654
6.68701	0.00271307
6.68725	0.00589343
6.6875	0.0141367
6.68774	0.0170374
6.68799	0.0111744
6.68823	0.00499721
6.68847	0.00523886
6.68872	0.00938372
6.68896	0.0134927
6.68921	0.0166043
6.68945	0.0156315
6.6897	0.00726196
6.68994	-0.00275351
6.69019	-0.0038798
6.69043	0.00267126
6.69068	0.00375674
6.69092	-0.00516525
6.69117	-0.0118986
6.69141	-0.00658446
6.69165	0.00257594
6.6919	0.00202
6.69214	-0.00730466
6.69239	-0.0131031
6.69263	-0.00962275
6.69288	-0.00268107
6.69312	0.000847013
6.69337	0.000392888
6.69361	-0.00129947
6.69386	-0.00266919
6.6941	-0.00383116
6.69435	-0.00560642
6.69459	-0.00845781
6.69483	-0.0109219
6.69508	-0.00998762
6.69532	-0.00468474
6.69557	0.00139329
6.69581	0.00279732
6.69606	-0.00198408
6.6963	-0.00785725
6.69655	-0.00740167
6.69679	0.000909794
6.69704	0.00983145
6.69728	0.0112596
6.69752	0.00594596
6.69777	0.00122584
6.69801	0.000130397
6.69826	-0.000746391
6.6985	-0.00235992
6.69875	-0.000819899
6.69899	0.00340494
6.69924	0.00312918
6.69948	-0.0035999
6.69973	-0.00813408
6.69997	-0.00442297
6.70022	0.0010184
6.70046	0.000409357
6.7007	-0.00243355
6.70095	-0.000274193
6.70119	0.00391447
6.70144	0.00262923
6.70168	-0.00269149
6.70193	-0.00508635
6.70217	-0.00403663
6.70242	-0.00314709
6.70266	-0.000995286
6.70291	0.00418978
6.70315	0.00588995
6.7034	-0.00188269
6.70364	-0.0114155
6.70388	-0.0103437
6.70413	-0.000515069
6.70437	0.00572995
6.70462	0.00494527
6.70486	0.00392937
6.70511	0.00449457
6.70535	0.00245031
6.7056	0.000356949
6.70584	0.00499828
6.70609	0.0121069
6.70633	0.0100328
6.70658	-0.000137168
6.70682	-0.00470682
6.70706	0.000252008
6.70731	0.00378858
6.70755	0.000926433
6.7078	0.00080495
6.70804	0.00770772
6.70829	0.0110604
6.70853	0.00321332
6.70878	-0.00754959
6.70902	-0.0113167
6.70927	-0.0106257
6.70951	-0.0105111
6.70975	-0.00712383
6.71	0.00260814
6.71024	0.0107507
6.71049	0.00940823
6.71073	0.00342678
6.71098	0.00137149
6.71122	0.00179301
6.71147	-0.000839485
6.71171	-0.00383855
6.71196	-0.00133866
6.7122	0.00376575
6.71245	0.0037976
6.71269	-0.00143432
6.71293	-0.0057782
6.71318	-0.0069545
6.71342	-0.00706049
6.71367	-0.00587844
6.71391	-0.002148
6.71416	0.000522904
6.7144	-0.00293908
6.71465	-0.0102673
6.71489	-0.0129583
6.71514	-0.00672269
6.71538	0.00323128
6.71563	0.00772502
6.71587	0.00257655
6.71611	-0.00704403
6.71636	-0.010974
6.7166	-0.00508375
6.71685	0.00312253
6.71709	0.00435149
6.71734	0.000816389
6.71758	0.00186079
6.71783	0.00744228
6.71807	0.00708073
6.71832	-0.00251339
6.71856	-0.0107116
6.71881	-0.0093331
6.71905	-0.00457844
6.71929	-0.00491791
6.71954	-0.00715318
6.71978	-0.0045441
6.72003	-0.000724032
6.72027	-0.00380447
6.72052	-0.011446
6.72076	-0.0133888
6.72101	-0.00691603
6.72125	0.000237686
6.7215	0.0020403
6.72174	0.000672605
6.72198	0.000127247
6.72223	0.000290541
6.72247	-0.000683299
6.72272	-0.00267389
6.72296	-0.00416489
6.72321	-0.00444615
6.72345	-0.00461371
6.7237	-0.00670209
6.72394	-0.0103671
6.72419	-0.0107217
6.72443	-0.00331698
6.72468	0.00795854
6.72492	0.0129315
6.72516	0.00727515
6.72541	-0.00221975
6.72565	-0.00720712
6.7259	-0.00765558
6.72614	-0.00864214
6.72639	-0.0118277
6.72663	-0.0145803
6.72688	-0.0146027
6.72712	-0.0116677
6.72737	-0.00675489
6.72761	-0.00190168
6.72786	0.000926006
6.7281	0.00174594
6.72834	0.00106792
6.72859	-0.00263539
6.72883	-0.00970031
6.72908	-0.0147584
6.72932	-0.0118229
6.72957	-0.00376475
6.72981	0.000342854
6.73006	-0.00221938
6.7303	-0.00537702
6.73055	-0.00497477
6.73079	-0.00349182
6.73104	-0.00279481
6.73128	-0.00121778
6.73152	2.87999e-05
6.73177	-0.00318113
6.73201	-0.00903353
6.73226	-0.0104947
6.7325	-0.00738017
6.73275	-0.00703978
6.73299	-0.0100188
6.73324	-0.00740167
6.73348	0.00272824
6.73373	0.00937233
6.73397	0.00610767
6.73421	0.00137811
6.73446	0.00254621
6.7347	0.00288504
6.73495	-0.00426742
6.73519	-0.0107726
6.73544	-0.00701137
6.73568	0.000225993
6.73593	-0.00148112
6.73617	-0.00917664
6.73642	-0.0102744
6.73666	-0.00399424
6.73691	-0.000835761
6.73715	-0.00340203
6.73739	-0.00345232
6.73764	0.00193708
6.73788	0.00517407
6.73813	0.00106802
6.73837	-0.00600747
6.73862	-0.00980696
6.73886	-0.00873892
6.73911	-0.00412396
6.73935	0.000891539
6.7396	0.0016192
6.73984	-0.00240447
6.74009	-0.00451133
6.74033	-0.000536835
6.74057	0.00329355
6.74082	0.000508864
6.74106	-0.00324215
6.74131	0.00100503
6.74155	0.00937299
6.7418	0.0107065
6.74204	0.00496156
6.74229	0.00213248
6.74253	0.00461957
6.74278	0.00495851
6.74302	0.000939354
6.74327	-0.00133469
6.74351	-0.000517342
6.74375	-0.00201133
6.744	-0.00481964
6.74424	-0.000784867
6.74449	0.00932808
6.74473	0.0130533
6.74498	0.00514884
6.74522	-0.00342889
6.74547	-0.00230485
6.74571	0.00380063
6.74596	0.0048138
6.7462	-0.000204715
6.74644	-0.00609008
6.74669	-0.0108905
6.74693	-0.0143265
6.74718	-0.0135137
6.74742	-0.00729538
6.74767	5.17263e-05
6.74791	0.00450916
6.74816	0.00664652
6.7484	0.00692151
6.74865	0.00341687
6.74889	-0.0021419
6.74914	-0.00366586
6.74938	-8.99626e-05
6.74962	0.00225946
6.74987	0.000806143
6.75011	0.00146897
6.75036	0.00721511
6.7506	0.0111289
6.75085	0.00736948
6.75109	0.000239961
6.75134	-0.00452446
6.75158	-0.00843689
6.75183	-0.0126003
6.75207	-0.0113495
6.75232	-0.00326233
6.75256	0.00112448
6.7528	-0.00550518
6.75305	-0.0130202
6.75329	-0.00863649
6.75354	0.00146867
6.75378	0.00155968
6.75403	-0.00759294
6.75427	-0.0102175
6.75452	-0.00187443
6.75476	0.00445193
6.75501	0.0012742
6.75525	-0.0023649
6.7555	0.000900759
6.75574	0.00369258
6.75598	-0.00155108
6.75623	-0.0083259
6.75647	-0.00762273
6.75672	-0.00328165
6.75696	-0.00356827
6.75721	-0.00543644
6.75745	-0.000385884
6.7577	0.00902796
6.75794	0.0118561
6.75819	0.00592136
6.75843	7.72595e-05
6.75868	-0.00070947
6.75892	-0.00115007
6.75916	-0.00468503
6.75941	-0.00708059
6.75965	-0.00474886
6.7599	-0.00102521
6.76014	0.000308079
6.76039	0.000589651
6.76063	0.00055248
6.76088	-0.00403538
6.76112	-0.0143445
6.76137	-0.0215056
6.76161	-0.0161366
6.76185	-0.00251014
6.7621	0.00523092
6.76234	0.00119549
6.76259	-0.00579617
6.76283	-0.00599192
6.76308	-0.00141743
6.76332	0.000186007
6.76357	-0.00179586
6.76381	-0.00189016
6.76406	0.000186847
6.7643	-0.00141288
6.76455	-0.00693545
6.76479	-0.00747037
6.76503	0.00132649
6.76528	0.00932305
6.76552	0.00479961
6.76577	-0.0069104
6.76601	-0.00919229
6.76626	0.00139933
6.7665	0.00892726
6.76675	0.0012648
6.76699	-0.0117722
6.76724	-0.0128992
6.76748	-0.00200369
6.76773	0.00577662
6.76797	0.00276481
6.76821	-0.00321551
6.76846	-0.00363084
6.7687	-0.00033281
6.76895	0.00135303
6.76919	0.0013431
6.76944	0.00207898
6.76968	0.0037669
6.76993	0.00607798
6.77017	0.00913656
6.77042	0.010343
6.77066	0.00611684
6.77091	-0.00118447
6.77115	-0.00463665
6.77139	-0.00280519
6.77164	-0.000797906
6.77188	0.000382043
6.77213	0.00571787
6.77237	0.0140154
6.77262	0.0152696
6.77286	0.00650829
6.77311	-0.000903252
6.77335	0.00167674
6.7736	0.00660435
6.77384	0.00392425
6.77408	-0.00171184
6.77433	-0.00131052
6.77457	0.000812552
6.77482	-0.00417863
6.77506	-0.0103343
6.77531	-0.00487808
6.77555	0.00838979
6.7758	0.0130595
6.77604	0.00662683
6.77629	0.00317342
6.77653	0.00757032
6.77678	0.00745067
6.77702	-0.00312466
6.77726	-0.0115087
6.77751	-0.00756025
6.77775	0.000113266
6.778	0.000620137
6.77824	-0.00137637
6.77849	0.00241604
6.77873	0.00691929
6.77898	0.00367124
6.77922	-0.00212678
6.77947	-0.000374568
6.77971	0.00520778
6.77996	0.00309417
6.7802	-0.00584394
6.78044	-0.00985042
6.78069	-0.00602836
6.78093	-0.00359587
6.78118	-0.00687928
6.78142	-0.00854838
6.78167	-0.00267171
6.78191	0.0062586
6.78216	0.0108476
6.7824	0.00925244
6.78265	0.00362413
6.78289	-0.002849
6.78314	-0.0056491
6.78338	-0.00238497
6.78362	0.00218014
6.78387	0.00107097
6.78411	-0.00415594
6.78436	-0.0047267
6.7846	0.00204223
6.78485	0.0083383
6.78509	0.00726328
6.78534	0.00169864
6.78558	-0.0016955
6.78583	-0.00140743
6.78607	-1.39906e-05
6.78631	0.00111579
6.78656	0.00201552
6.7868	0.00236171
6.78705	0.00262461
6.78729	0.00403598
6.78754	0.00519257
6.78778	0.00240601
6.78803	-0.00389559
6.78827	-0.00719966
6.78852	-0.00332004
6.78876	0.00251216
6.78901	0.00192658
6.78925	-0.00501924
6.78949	-0.00993126
6.78974	-0.00768418
6.78998	-0.00264141
6.79023	-0.00138328
6.79047	-0.00382319
6.79072	-0.00547302
6.79096	-0.0054761
6.79121	-0.00661129
6.79145	-0.00782358
6.7917	-0.00354074
6.79194	0.00647487
6.79219	0.0123882
6.79243	0.00553308
6.79267	-0.00854043
6.79292	-0.0153075
6.79316	-0.00914668
6.79341	0.000602821
6.79365	0.00267062
6.7939	-0.00304765
6.79414	-0.00793285
6.79439	-0.00550669
6.79463	0.00312484
6.79488	0.0115497
6.79512	0.0136669
6.79537	0.00935107
6.79561	0.00498039
6.79585	0.00548871
6.7961	0.0071714
6.79634	0.00345338
6.79659	-0.0037333
6.79683	-0.00607905
6.79708	-0.00231868
6.79732	-3.07499e-05
6.79757	-0.00205752
6.79781	-0.00170779
6.79806	0.00401031
6.7983	0.00727063
6.79854	0.00286127
6.79879	-0.00129422
6.79903	0.00312802
6.79928	0.00991767
6.79952	0.00780961
6.79977	-0.0011269
6.80001	-0.00528609
6.80026	-0.00222336
6.8005	-0.000632862
6.80075	-0.00447273
6.80099	-0.00729296
6.80124	-0.00389444
6.80148	0.00250007
6.80172	0.0070163
6.80197	0.00868155
6.80221	0.00724258
6.80246	0.00218728
6.8027	-0.00298745
6.80295	-0.0028039
6.80319	0.00154674
6.80344	0.00233246
6.80368	-0.003322
6.80393	-0.00843317
6.80417	-0.00590013
6.80442	0.00174055
6.80466	0.00592038
6.8049	0.00219882
6.80515	-0.00599944
6.80539	-0.0119585
6.80564	-0.0123501
6.80588	-0.00992103
6.80613	-0.00900025
6.80637	-0.00833727
6.80662	-0.00231563
6.80686	0.00854504
6.80711	0.0140374
6.80735	0.00672613
6.8076	-0.00676881
6.80784	-0.0139079
6.80808	-0.0116664
6.80833	-0.00603506
6.80857	-0.00010069
6.80882	0.00729466
6.80906	0.0128847
6.80931	0.00998974
6.80955	-0.000676194
6.8098	-0.0102135
6.81004	-0.012981
6.81029	-0.0111873
6.81053	-0.00780183
6.81077	-0.00326761
6.81102	0.000227645
6.81126	4.36314e-05
6.81151	-0.000358947
6.81175	0.00485201
6.812	0.0124767
6.81224	0.0122897
6.81249	0.00253818
6.81273	-0.00632874
6.81298	-0.00637035
6.81322	-0.00111726
6.81347	0.00336039
6.81371	0.00628673
6.81395	0.00664399
6.8142	8.24577e-05
6.81444	-0.0119936
6.81469	-0.0186906
6.81493	-0.0125116
6.81518	-4.02645e-05
6.81542	0.00642555
6.81567	0.00271471
6.81591	-0.00650647
6.81616	-0.0149706
6.8164	-0.0179183
6.81665	-0.0137707
6.81689	-0.00735894
6.81713	-0.00598038
6.81738	-0.00881809
6.81762	-0.0072555
6.81787	0.000708333
6.81811	0.00523127
6.81836	-0.000557022
6.8186	-0.00942784
6.81885	-0.0113218
6.81909	-0.00791758
6.81934	-0.00719848
6.81958	-0.00993111
6.81983	-0.0108783
6.82007	-0.00866313
6.82031	-0.00549115
6.82056	-0.000870017
6.8208	0.00592886
6.82105	0.01029
6.82129	0.00718687
6.82154	-0.000498577
6.82178	-0.00538987
6.82203	-0.00498895
6.82227	-0.00190957
6.82252	0.00197041
6.82276	0.00562902
6.823	0.0065399
6.82325	0.00402207
6.82349	0.00163728
6.82374	0.00134197
6.82398	-0.000140326
6.82423	-0.0041244
6.82447	-0.00522169
6.82472	-6.06031e-05
6.82496	0.00580701
6.82521	0.00694232
6.82545	0.0069004
6.8257	0.00967192
6.82594	0.0101922
6.82618	0.00430638
6.82643	0.000669719
6.82667	0.0087212
6.82692	0.0198457
6.82716	0.016349
6.82741	-0.00208669
6.82765	-0.016093
6.8279	-0.0122933
6.82814	0.00175995
6.82839	0.0108717
6.82863	0.00907334
6.82888	0.00041017
6.82912	-0.00718676
6.82936	-0.00624552
6.82961	0.00351887
6.82985	0.0117058
6.8301	0.00880552
6.83034	0.000408338
6.83059	-0.000600125
6.83083	0.00523246
6.83108	0.00453617
6.83132	-0.00653629
6.83157	-0.0156829
6.83181	-0.0145251
6.83206	-0.0106085
6.8323	-0.0120626
6.83254	-0.0136388
6.83279	-0.00789593
6.83303	0.000452565
6.83328	0.00262108
6.83352	0.00049976
6.83377	0.00211588
6.83401	0.00729012
6.83426	0.00834985
6.8345	0.00275087
6.83475	-0.0037149
6.83499	-0.00571289
6.83524	-0.00423834
6.83548	-0.00382237
6.83572	-0.0074152
6.83597	-0.0133932
6.83621	-0.0164122
6.83646	-0.0135718
6.8367	-0.00943249
6.83695	-0.0101704
6.83719	-0.0134075
6.83744	-0.0113487
6.83768	-0.00446863
6.83793	-0.00232415
6.83817	-0.00776263
6.83841	-0.010845
6.83866	-0.0043036
6.8389	0.00461795
6.83915	0.00570767
6.83939	0.00120441
6.83964	0.000525809
6.83988	0.00518864
6.84013	0.00820534
6.84037	0.00525595
6.84062	-0.00117591
6.84086	-0.00669737
6.84111	-0.00844352
6.84135	-0.00608114
6.84159	-0.00331767
6.84184	-0.0047876
6.84208	-0.00859541
6.84233	-0.00762938
6.84257	-0.0012748
6.84282	0.0020068
6.84306	-0.00183935
6.84331	-0.00581584
6.84355	-0.00522756
6.8438	-0.00727313
6.84404	-0.0173607
6.84429	-0.0252737
6.84453	-0.0181754
6.84477	-0.00125992
6.84502	0.00850079
6.84526	0.00578864
6.84551	0.000645316
6.84575	0.000411397
6.846	0.00139431
6.84624	-0.000578729
6.84649	-0.00326605
6.84673	-0.00436702
6.84698	-0.0054233
6.84722	-0.00671353
6.84747	-0.00582126
6.84771	-0.00326506
6.84795	-0.00287024
6.8482	-0.00506085
6.84844	-0.00572521
6.84869	-0.00273649
6.84893	0.00152695
6.84918	0.00430639
6.84942	0.00449693
6.84967	0.0016113
6.84991	-0.00267212
6.85016	-0.00395854
6.8504	-0.000885192
6.85064	0.00170523
6.85089	0.000242805
6.85113	-0.00178371
6.85138	-0.00172896
6.85162	-0.00480867
6.85187	-0.0139917
6.85211	-0.01948
6.85236	-0.0108096
6.8526	0.00497175
6.85285	0.0111167
6.85309	0.00481645
6.85334	-0.00142756
6.85358	-0.00128747
6.85382	-0.00193247
6.85407	-0.00787081
6.85431	-0.0124874
6.85456	-0.0105056
6.8548	-0.006327
6.85505	-0.00477384
6.85529	-0.00435994
6.85554	-0.00430969
6.85578	-0.00756594
6.85603	-0.0123453
6.85627	-0.0113572
6.85652	-0.0041312
6.85676	0.000467515
6.857	-0.00122197
6.85725	-0.00184828
6.85749	0.0024406
6.85774	0.00346966
6.85798	-0.00474113
6.85823	-0.0134765
6.85847	-0.0109462
6.85872	0.000791422
6.85896	0.00970008
6.85921	0.00926601
6.85945	0.0024322
6.8597	-0.0053206
6.85994	-0.0100237
6.86018	-0.00998695
6.86043	-0.00746425
6.86067	-0.00620608
6.86092	-0.00525396
6.86116	-0.000944305
6.86141	0.0037487
6.86165	0.00108248
6.8619	-0.00718281
6.86214	-0.00824394
6.86239	0.00303022
6.86263	0.014183
6.86287	0.0119992
6.86312	0.000448297
6.86336	-0.00734633
6.86361	-0.00777313
6.86385	-0.00746871
6.8641	-0.010227
6.86434	-0.0124602
6.86459	-0.00981081
6.86483	-0.00241577
6.86508	0.00463991
6.86532	0.00401002
6.86557	-0.00605945
6.86581	-0.0156212
6.86605	-0.012642
6.8663	-0.00014256
6.86654	0.00653267
6.86679	0.00188314
6.86703	-0.00300793
6.86728	-0.000132605
6.86752	0.00403396
6.86777	0.00419428
6.86801	0.00742271
6.86826	0.0173991
6.8685	0.0224145
6.86875	0.0133811
6.86899	0.000963054
6.86923	-0.000937987
6.86948	0.00285285
6.86972	0.000151728
6.86997	-0.00645863
6.87021	-0.00797137
6.87046	-0.00935959
6.8707	-0.0196342
6.87095	-0.028945
6.87119	-0.0201712
6.87144	5.87756e-05
6.87168	0.00746013
6.87193	-0.00215162
6.87217	-0.00708915
6.87241	0.00314437
6.87266	0.0106855
6.8729	0.000379774
6.87315	-0.0143244
6.87339	-0.0127991
6.87364	0.00159634
6.87388	0.00986841
6.87413	0.00667196
6.87437	0.00311321
6.87462	0.00481035
6.87486	0.00403864
6.8751	-0.00455328
6.87535	-0.0129419
6.87559	-0.0103739
6.87584	0.00113922
6.87608	0.0085379
6.87633	0.00429729
6.87657	-0.00411649
6.87682	-0.00497039
6.87706	0.00116524
6.87731	0.00335618
6.87755	-0.00158214
6.8778	-0.00393907
6.87804	0.00136131
6.87828	0.0042181
6.87853	-0.00380676
6.87877	-0.0128677
6.87902	-0.00908921
6.87926	0.0024795
6.87951	0.00557778
6.87975	-0.00165007
6.88	-0.00648329
6.88024	-0.00444009
6.88049	-0.00322466
6.88073	-0.00373787
6.88098	0.00274238
6.88122	0.014419
6.88146	0.0156835
6.88171	0.00177152
6.88195	-0.0107545
6.8822	-0.0082351
6.88244	0.000661355
6.88269	0.00149577
6.88293	-0.00331924
6.88318	-0.00232318
6.88342	0.00443652
6.88367	0.00750609
6.88391	0.00506773
6.88416	0.00427829
6.8844	0.00776468
6.88464	0.00991521
6.88489	0.00651306
6.88513	-9.32719e-05
6.88538	-0.00583422
6.88562	-0.00910774
6.88587	-0.00975134
6.88611	-0.00790456
6.88636	-0.00450939
6.8866	-0.00119596
6.88685	0.000284933
6.88709	-0.00106304
6.88733	-0.00362733
6.88758	-0.0038087
6.88782	-0.00132028
6.88807	-0.0010758
6.88831	-0.00533787
6.88856	-0.00766976
6.8888	-0.00142482
6.88905	0.00900483
6.88929	0.0133383
6.88954	0.00890562
6.88978	0.000866969
6.89003	-0.00701578
6.89027	-0.012141
6.89051	-0.00881103
6.89076	0.00311581
6.891	0.0102408
6.89125	0.00161408
6.89149	-0.0114146
6.89174	-0.00946018
6.89198	0.00383823
6.89223	0.00668625
6.89247	-0.00518857
6.89272	-0.0125507
6.89296	-0.00653588
6.89321	-0.00210859
6.89345	-0.0081826
6.89369	-0.0104727
6.89394	0.000999033
6.89418	0.0110242
6.89443	0.00456878
6.89467	-0.00724256
6.89492	-0.00721833
6.89516	-0.000898988
6.89541	-0.00311606
6.89565	-0.0101954
6.8959	-0.0088073
6.89614	-0.00143109
6.89639	7.74309e-05
6.89663	-0.00216396
6.89687	0.00266376
6.89712	0.0121237
6.89736	0.0147249
6.89761	0.0102954
6.89785	0.00666675
6.8981	0.00254701
6.89834	-0.00658727
6.89859	-0.0127147
6.89883	-0.00659301
6.89908	0.00199103
6.89932	-0.00220228
6.89956	-0.0125503
6.89981	-0.0111271
6.90005	-0.000607065
6.9003	0.00145174
6.90054	-0.00404013
6.90079	-0.000393799
6.90103	0.00978836
6.90128	0.00563496
6.90152	-0.01138
6.90177	-0.0126127
6.90201	0.0104549
6.90226	0.0272485
6.9025	0.0143905
6.90274	-0.00824182
6.90299	-0.010506
6.90323	0.00303476
6.90348	0.00741326
6.90372	-0.00114714
6.90397	-0.00560627
6.90421	0.000412769
6.90446	0.00699835
6.9047	0.00845649
6.90495	0.00791838
6.90519	0.00484522
6.90544	-0.00340856
6.90568	-0.0101713
6.90592	-0.00647627
6.90617	0.00245936
6.90641	0.00319632
6.90666	-0.00504655
6.9069	-0.00996476
6.90715	-0.00560252
6.90739	0.00135913
6.90764	0.00429196
6.90788	0.00311221
6.90813	-0.00153895
6.90837	-0.00878168
6.90862	-0.0124468
6.90886	-0.00691384
6.9091	0.00222024
6.90935	0.00427647
6.90959	-0.000268842
6.90984	-0.00126206
6.91008	0.00355472
6.91033	0.00506213
6.91057	-0.00118087
6.91082	-0.00746147
6.91106	-0.0063373
6.91131	-0.000412374
6.91155	0.0044316
6.91179	0.00669415
6.91204	0.00610757
6.91228	0.00101907
6.91253	-0.00674644
6.91277	-0.0113977
6.91302	-0.0112681
6.91326	-0.0108712
6.91351	-0.0119699
6.91375	-0.0100275
6.914	-0.00312496
6.91424	0.00321519
6.91449	0.00465798
6.91473	0.00441383
6.91497	0.00597246
6.91522	0.00653344
6.91546	0.00364369
6.91571	0.00170528
6.91595	0.00454546
6.9162	0.00711126
6.91644	0.00295706
6.91669	-0.00400047
6.91693	-0.00435494
6.91718	0.00220822
6.91742	0.00638113
6.91767	0.00326548
6.91791	-0.00167095
6.91815	-0.00246897
6.9184	-0.000940077
6.91864	-0.00157802
6.91889	-0.00398736
6.91913	-0.00474344
6.91938	-0.00312712
6.91962	-0.00101145
6.91987	0.000826298
6.92011	0.00315114
6.92036	0.00645311
6.9206	0.0106159
6.92085	0.0147016
6.92109	0.0159919
6.92133	0.0122691
6.92158	0.00669683
6.92182	0.00621844
6.92207	0.0117056
6.92231	0.0140866
6.92256	0.00578711
6.9228	-0.00735035
6.92305	-0.012826
6.92329	-0.00821931
6.92354	-0.00245086
6.92378	-0.000519475
6.92403	0.00233606
6.92427	0.00789699
6.92451	0.00780575
6.92476	-0.00269116
6.925	-0.0130905
6.92525	-0.0112464
6.92549	-0.00255795
6.92574	-0.00204437
6.92598	-0.0102106
6.92623	-0.0121381
6.92647	-0.00200146
6.92672	0.00710622
6.92696	0.00371234
6.9272	-0.00568361
6.92745	-0.0100809
6.92769	-0.0117044
6.92794	-0.0174819
6.92818	-0.0216635
6.92843	-0.0127275
6.92867	0.00565919
6.92892	0.0159511
6.92916	0.0103032
6.92941	0.000161331
6.92965	-0.00104285
6.9299	0.00582725
6.93014	0.0112457
6.93038	0.0102107
6.93063	0.00430963
6.93087	-0.00286892
6.93112	-0.00696803
6.93136	-0.0044505
6.93161	0.00219109
6.93185	0.00476021
6.9321	-0.000873187
6.93234	-0.00867809
6.93259	-0.00981165
6.93283	-0.00306072
6.93308	0.00524533
6.93332	0.00878143
6.93356	0.00582581
6.93381	-0.000842381
6.93405	-0.00593143
6.9343	-0.00596565
6.93454	-0.00322819
6.93479	-0.00240073
6.93503	-0.00279023
6.93528	0.00109163
6.93552	0.00980691
6.93577	0.0161565
6.93601	0.0150851
6.93626	0.0101867
6.9365	0.00647517
6.93674	0.00322474
6.93699	-0.000748692
6.93723	-0.00129098
6.93748	0.00445017
6.93772	0.0107086
6.93797	0.0101507
6.93821	0.00438955
6.93846	5.58182e-05
6.9387	-0.00179165
6.93895	-0.00413345
6.93919	-0.00526723
6.93943	-0.000939874
6.93968	0.00637538
6.93992	0.00925918
6.94017	0.0059695
6.94041	0.00156618
6.94066	-0.000717895
6.9409	-0.00164923
6.94115	-0.00101083
6.94139	0.00128496
6.94164	0.000672522
6.94188	-0.00618744
6.94213	-0.0124421
6.94237	-0.00857496
6.94261	0.00157809
6.94286	0.00406643
6.9431	-0.00483583
6.94335	-0.0136726
6.94359	-0.0135821
6.94384	-0.00859572
6.94408	-0.00443719
6.94433	0.000191783
6.94457	0.00539558
6.94482	0.00533438
6.94506	-0.00103214
6.94531	-0.0052906
6.94555	-0.00307306
6.94579	-0.00148697
6.94604	-0.00543179
6.94628	-0.00803292
6.94653	-0.00394473
6.94677	-0.000276766
6.94702	-0.00285392
6.94726	-0.0033583
6.94751	0.00570338
6.94775	0.013919
6.948	0.00798218
6.94824	-0.00431847
6.94849	-0.0043484
6.94873	0.00773579
6.94897	0.0136548
6.94922	0.00615304
6.94946	-0.0026256
6.94971	-0.00396682
6.94995	-0.00411695
6.9502	-0.00719943
6.95044	-0.00493449
6.95069	0.0068769
6.95093	0.0164818
6.95118	0.0127902
6.95142	0.00316599
6.95166	0.00231351
6.95191	0.010639
6.95215	0.0157084
6.9524	0.011238
6.95264	0.00358546
6.95289	0.000211268
6.95313	0.00062987
6.95338	0.000464139
6.95362	-0.00132208
6.95387	-0.00214701
6.95411	-0.000654834
6.95436	0.000580588
6.9546	-0.00150492
6.95484	-0.00479397
6.95509	-0.00326803
6.95533	0.0037385
6.95558	0.00797681
6.95582	0.0031033
6.95607	-0.00499137
6.95631	-0.00619031
6.95656	-0.00137442
6.9568	-1.74335e-05
6.95705	-0.003902
6.95729	-0.00457752
6.95754	0.00144591
6.95778	0.00649497
6.95802	0.00494078
6.95827	0.00207436
6.95851	0.00345264
6.95876	0.00444167
6.959	-0.00135625
6.95925	-0.009679
6.95949	-0.0106645
6.95974	-0.0032144
6.95998	0.00356422
6.96023	0.00241339
6.96047	-0.00440181
6.96072	-0.00973919
6.96096	-0.00981571
6.9612	-0.00646738
6.96145	-0.00287259
6.96169	0.000952921
6.96194	0.00643732
6.96218	0.0108824
6.96243	0.00885563
6.96267	0.00179996
6.96292	-0.000420468
6.96316	0.00618826
6.96341	0.0107312
6.96365	0.0024557
6.96389	-0.0110156
6.96414	-0.0135117
6.96438	-0.0045904
6.96463	0.00143986
6.96487	-0.000508929
6.96512	-0.000913663
6.96536	0.00367518
6.96561	0.00335774
6.96585	-0.00518433
6.9661	-0.00929032
6.96634	-0.000745494
6.96659	0.00991479
6.96683	0.0108692
6.96707	0.00665955
6.96732	0.00598519
6.96756	0.00523545
6.96781	-0.00158536
6.96805	-0.00850453
6.9683	-0.00861437
6.96854	-0.00854752
6.96879	-0.0151324
6.96903	-0.0179573
6.96928	-0.0050243
6.96952	0.0120205
6.96977	0.010755
6.97001	-0.00726592
6.97025	-0.0175341
6.9705	-0.00925815
6.97074	0.00150479
6.97099	0.000735341
6.97123	-0.00252372
6.97148	0.00527177
6.97172	0.0186746
6.97197	0.0218113
6.97221	0.0110593
6.97246	-0.00272021
6.9727	-0.00949156
6.97295	-0.00848775
6.97319	-0.00437096
6.97343	-0.00161339
6.97368	-0.00138194
6.97392	-0.000729017
6.97417	0.00340192
6.97441	0.00864424
6.97466	0.00922589
6.9749	0.00388308
6.97515	-0.00246021
6.97539	-0.00509424
6.97564	-0.00337245
6.97588	0.000992965
6.97612	0.00464085
6.97637	0.00333662
6.97661	-0.00215475
6.97686	-0.00363417
6.9771	0.00366895
6.97735	0.011069
6.97759	0.00731489
6.97784	-0.00304489
6.97808	-0.00507349
6.97833	0.00279411
6.97857	0.00525415
6.97882	-0.00551983
6.97906	-0.0165971
6.9793	-0.0138037
6.97955	-0.00285275
6.97979	-1.72092e-05
6.98004	-0.00903143
6.98028	-0.0182671
6.98053	-0.0175154
6.98077	-0.00871435
6.98102	-0.00102522
6.98126	-0.00090223
6.98151	-0.00641315
6.98175	-0.00903374
6.982	-0.00327161
6.98224	0.00531133
6.98248	0.00691281
6.98273	0.00223471
6.98297	0.0018482
6.98322	0.00888802
6.98346	0.0130323
6.98371	0.00715047
6.98395	-0.000495789
6.9842	0.000984194
6.98444	0.00872368
6.98469	0.0121094
6.98493	0.00841381
6.98518	0.0025031
6.98542	-0.00330044
6.98566	-0.00865426
6.98591	-0.00917749
6.98615	-0.00190517
6.9864	0.00644163
6.98664	0.0069987
6.98689	0.00181237
6.98713	-0.000708132
6.98738	-1.23522e-05
6.98762	-0.00156016
6.98787	-0.00357036
6.98811	0.000915006
6.98835	0.00920542
6.9886	0.0103483
6.98884	0.00320212
6.98909	-0.000679712
6.98933	0.00403756
6.98958	0.00827662
6.98982	0.00489429
6.99007	3.70572e-05
6.99031	0.000277151
6.99056	0.000512485
6.9908	-0.00516086
6.99105	-0.0107234
6.99129	-0.00801406
6.99153	-0.00127798
6.99178	0.000306663
6.99202	-0.00165478
6.99227	0.000543303
6.99251	0.00486161
6.99276	0.00218975
6.993	-0.00692891
6.99325	-0.0114838
6.99349	-0.00634844
6.99374	0.00216064
6.99398	0.00778652
6.99423	0.0101937
6.99447	0.00845041
6.99471	0.000533803
6.99496	-0.00838758
6.9952	-0.00894598
6.99545	-0.00221713
6.99569	0.000274329
6.99594	-0.00479111
6.99618	-0.00647145
6.99643	0.00173821
6.99667	0.0100404
6.99692	0.00814395
6.99716	0.00153927
6.99741	0.00100745
6.99765	0.00551106
6.99789	0.00754467
6.99814	0.00723901
6.99838	0.00816202
6.99863	0.00619086
6.99887	-0.00305922
6.99912	-0.0112743
6.99936	-0.00730169
6.99961	0.00356897
6.99985	0.00600226
7.0001	-0.00181562
7.00034	-0.00736863
7.00059	-0.0057815
7.00083	-0.00486389
7.00107	-0.00675018
7.00132	-0.0034081
7.00156	0.00461003
7.00181	0.00385256
7.00205	-0.00907475
7.0023	-0.0178179
7.00254	-0.0109593
7.00279	-0.000439108
7.00303	-0.00122935
7.00328	-0.00686568
7.00352	-0.00274368
7.00376	0.00703751
7.00401	0.00634459
7.00425	-0.00499827
7.0045	-0.0103142
7.00474	-0.00288335
7.00499	0.00469336
7.00523	0.00146412
7.00548	-0.00682376
7.00572	-0.00961575
7.00597	-0.00680035
7.00621	-0.00501752
7.00646	-0.00656776
7.0067	-0.00847554
7.00694	-0.008148
7.00719	-0.00584191
7.00743	-0.00420837
7.00768	-0.00636605
7.00792	-0.0111707
7.00817	-0.0116987
7.00841	-0.00376637
7.00866	0.00581921
7.0089	0.00674741
7.00915	-0.000249363
7.00939	-0.00496722
7.00964	-0.00351956
7.00988	-0.00232474
7.01012	-0.00457735
7.01037	-0.00401733
7.01061	0.00265917
7.01086	0.00741011
7.0111	0.00277956
7.01135	-0.00542973
7.01159	-0.00655122
7.01184	-0.000912967
7.01208	0.00237241
7.01233	0.000591698
7.01257	0.000422387
7.01282	0.00569746
7.01306	0.0111614
7.0133	0.0111045
7.01355	0.00737796
7.01379	0.00486199
7.01404	0.00369977
7.01428	0.000673389
7.01453	-0.0041938
7.01477	-0.00680343
7.01502	-0.00429366
7.01526	0.00171473
7.01551	0.00703315
7.01575	0.00815097
7.01599	0.00436127
7.01624	-0.000893682
7.01648	-0.00162276
7.01673	0.00432052
7.01697	0.0104326
7.01722	0.00750636
7.01746	-0.00413565
7.01771	-0.013087
7.01795	-0.0108705
7.0182	-0.00301736
7.01844	-0.000881519
7.01869	-0.00597207
7.01893	-0.00973578
7.01917	-0.00747014
7.01942	-0.00406958
7.01966	-0.00459689
7.01991	-0.0068034
7.02015	-0.00641939
7.0204	-0.00391402
7.02064	-0.00211154
7.02089	-0.00156473
7.02113	-0.00156328
7.02138	-0.00177775
7.02162	-0.000571761
7.02187	0.00361325
7.02211	0.00702525
7.02235	0.00282286
7.0226	-0.00810404
7.02284	-0.0149179
7.02309	-0.0102931
7.02333	-0.000336838
7.02358	0.00450467
7.02382	0.00320925
7.02407	0.00253482
7.02431	0.00596452
7.02456	0.0108641
7.0248	0.0135286
7.02505	0.0114328
7.02529	0.00376105
7.02553	-0.00524704
7.02578	-0.00760438
7.02602	-0.00161252
7.02627	0.00413129
7.02651	0.00249168
7.02676	-0.00216194
7.027	-0.00264859
7.02725	-0.00108649
7.02749	-0.00285626
7.02774	-0.00444994
7.02798	0.000665646
7.02822	0.00792863
7.02847	0.0067836
7.02871	-0.00136706
7.02896	-0.00396871
7.0292	0.00272411
7.02945	0.0077985
7.02969	0.00347779
7.02994	-0.00344144
7.03018	-0.00399653
7.03043	-0.000832329
7.03067	-0.00168004
7.03092	-0.00587334
7.03116	-0.0056602
7.0314	0.00188186
7.03165	0.0104248
7.03189	0.0115233
7.03214	0.00347961
7.03238	-0.00658187
7.03263	-0.00948096
7.03287	-0.00407168
7.03312	0.00122359
7.03336	-0.000562201
7.03361	-0.00582372
7.03385	-0.00687798
7.0341	-0.00352034
7.03434	-0.00117847
7.03458	-0.000973222
7.03483	-0.000277133
7.03507	-0.000810905
7.03532	-0.00621047
7.03556	-0.0121548
7.03581	-0.00921374
7.03605	0.00331762
7.0363	0.0154369
7.03654	0.0192956
7.03679	0.0156453
7.03703	0.0075751
7.03728	-0.00256085
7.03752	-0.00984284
7.03776	-0.0107434
7.03801	-0.0106352
7.03825	-0.0163543
7.0385	-0.0218112
7.03874	-0.0149204
7.03899	0.00031784
7.03923	0.00535491
7.03948	-0.00493082
7.03972	-0.0133206
7.03997	-0.00733355
7.04021	0.00187369
7.04045	-0.000556317
7.0407	-0.00953098
7.04094	-0.0109643
7.04119	-0.00447174
7.04143	0.000495262
7.04168	0.00186539
7.04192	0.00274991
7.04217	4.16315e-05
7.04241	-0.00858331
7.04266	-0.0130135
7.0429	-0.00341226
7.04315	0.0101224
7.04339	0.00889138
7.04363	-0.00566683
7.04388	-0.0135053
7.04412	-0.00694946
7.04437	-0.000914854
7.04461	-0.00731809
7.04486	-0.0171043
7.0451	-0.0168306
7.04535	-0.00896923
7.04559	-0.00427246
7.04584	-0.00387413
7.04608	-0.0012289
7.04633	0.00381583
7.04657	0.00454437
7.04681	-0.000779018
7.04706	-0.0060033
7.0473	-0.00687442
7.04755	-0.00682834
7.04779	-0.0105311
7.04804	-0.0159404
7.04828	-0.0164428
7.04853	-0.00975689
7.04877	-0.00129303
7.04902	0.00277786
7.04926	0.00315589
7.04951	0.00449952
7.04975	0.00658903
7.04999	0.00460352
7.05024	-0.00103176
7.05048	-0.00285199
7.05073	0.00172833
7.05097	0.00463957
7.05122	0.000105923
7.05146	-0.00403256
7.05171	0.00203131
7.05195	0.0124149
7.0522	0.0120934
7.05244	-0.000609931
7.05268	-0.0109914
7.05293	-0.00891269
7.05317	-0.000681691
7.05342	0.00377277
7.05366	0.00442351
7.05391	0.00564599
7.05415	0.00635531
7.0544	0.00360744
7.05464	-0.00010633
7.05489	-0.000937725
7.05513	-0.000935982
7.05538	-0.00408651
7.05562	-0.00803558
7.05586	-0.00681405
7.05611	-0.000710201
7.05635	0.00267082
7.0566	-0.00224765
7.05684	-0.0125547
7.05709	-0.0202166
7.05733	-0.0194543
7.05758	-0.0110524
7.05782	-0.0014563
7.05807	0.00280331
7.05831	0.00114717
7.05856	-0.00149283
7.0588	-0.00173618
7.05904	-0.001715
7.05929	-0.00416917
7.05953	-0.00688639
7.05978	-0.00591017
7.06002	-0.00246215
7.06027	-0.00199335
7.06051	-0.00619087
7.06076	-0.00991071
7.061	-0.00758963
7.06125	-0.000132692
7.06149	0.00618019
7.06174	0.00605682
7.06198	-0.000613602
7.06222	-0.0091437
7.06247	-0.0132423
7.06271	-0.00968958
7.06296	-0.00194934
7.0632	0.00227108
7.06345	-0.000405317
7.06369	-0.00434561
7.06394	-0.00240824
7.06418	0.00321617
7.06443	0.0036346
7.06467	-0.00262751
7.06491	-0.00596434
7.06516	-0.000381173
7.0654	0.0060317
7.06565	0.00329114
7.06589	-0.00420914
7.06614	-0.00482502
7.06638	0.000918164
7.06663	0.00190106
7.06687	-0.00311325
7.06712	-0.00236944
7.06736	0.00751816
7.06761	0.0129793
7.06785	0.00493463
7.06809	-0.00530736
7.06834	-0.00375469
7.06858	0.00421971
7.06883	0.0041543
7.06907	-0.00386906
7.06932	-0.00816697
7.06956	-0.00651273
7.06981	-0.00737228
7.07005	-0.0126093
7.0703	-0.0152763
7.07054	-0.0139938
7.07079	-0.0136809
7.07103	-0.0119044
7.07127	-0.00143227
7.07152	0.0117367
7.07176	0.0112129
7.07201	-0.00363178
7.07225	-0.0124803
7.0725	-0.00376271
7.07274	0.00762937
7.07299	0.00452351
7.07323	-0.00616751
7.07348	-0.00753859
7.07372	-0.00131756
7.07397	-0.00283651
7.07421	-0.0131911
7.07445	-0.0165377
7.0747	-0.0058792
7.07494	0.00566448
7.07519	0.00460287
7.07543	-0.00461359
7.07568	-0.00826878
7.07592	-0.00218503
7.07617	0.00566885
7.07641	0.00724845
7.07666	0.0026149
7.0769	-0.00317967
7.07715	-0.00696607
7.07739	-0.00939471
7.07763	-0.0112191
7.07788	-0.0104058
7.07812	-0.0052773
7.07837	0.000927126
7.07861	0.00284705
7.07886	0.000574541
7.0791	-0.000248534
7.07935	0.00289978
7.07959	0.00570357
7.07984	0.00396044
7.08008	-0.000693147
7.08032	-0.00431619
7.08057	-0.00503701
7.08081	-0.00214314
7.08106	0.00321415
7.0813	0.00476925
7.08155	-0.00344546
7.08179	-0.0153963
7.08204	-0.0163009
7.08228	-0.00300352
7.08253	0.00880268
7.08277	0.00543545
7.08302	-0.00639376
7.08326	-0.0120093
7.0835	-0.0102415
7.08375	-0.00958324
7.08399	-0.0103801
7.08424	-0.00632584
7.08448	0.000296843
7.08473	0.000796206
7.08497	-0.00367638
7.08522	-0.00338816
7.08546	0.00195376
7.08571	0.00183378
7.08595	-0.00575314
7.0862	-0.00883073
7.08644	-0.000758271
7.08668	0.0087159
7.08693	0.00931032
7.08717	0.00533363
7.08742	0.00571213
7.08766	0.00835444
7.08791	0.00531839
7.08815	-0.00207832
7.0884	-0.00401462
7.08864	0.00341177
7.08889	0.0123291
7.08913	0.0124744
7.08938	0.00238488
7.08962	-0.00968827
7.08986	-0.0149511
7.09011	-0.0137355
7.09035	-0.0138309
7.0906	-0.0177945
7.09084	-0.0174988
7.09109	-0.00726869
7.09133	0.00380923
7.09158	0.00360275
7.09182	-0.00342526
7.09207	-0.00288669
7.09231	0.00460744
7.09255	0.00307975
7.0928	-0.0108153
7.09304	-0.0186024
7.09329	-0.00820413
7.09353	0.00602903
7.09378	0.00540789
7.09402	-0.00518802
7.09427	-0.00851025
7.09451	-0.00329805
7.09476	-0.001965
7.095	-0.00614107
7.09525	-0.00500486
7.09549	0.00297465
7.09573	0.00592752
7.09598	-0.000687443
7.09622	-0.00616871
7.09647	-0.00316635
7.09671	0.000470813
7.09696	-0.00333711
7.0972	-0.0081823
7.09745	-0.00410393
7.09769	0.00480503
7.09794	0.00549144
7.09818	-0.00460051
7.09843	-0.0136748
7.09867	-0.0117986
7.09891	-0.0030366
7.09916	0.00172701
7.0994	-0.000867479
7.09965	-0.00402633
7.09989	-0.000972791
7.10014	0.00671065
7.10038	0.0121794
7.10063	0.0114406
7.10087	0.00549697
7.10112	-0.00296642
7.10136	-0.0105019
7.10161	-0.0121418
7.10185	-0.00581343
7.10209	0.00241667
7.10234	0.00408651
7.10258	0.000148846
7.10283	-0.000731346
7.10307	0.00258819
7.10332	0.000345547
7.10356	-0.0109561
7.10381	-0.0186299
7.10405	-0.0108814
7.1043	0.00415047
7.10454	0.00864893
7.10478	-0.000210716
7.10503	-0.00863816
7.10527	-0.0074508
7.10552	-0.00211517
7.10576	-0.00043131
7.10601	-0.00170239
7.10625	-0.00181439
7.1065	-0.000295022
7.10674	0.00187283
7.10699	0.00504367
7.10723	0.00803528
7.10748	0.00745993
7.10772	0.00262055
7.10796	-0.00279256
7.10821	-0.00507633
7.10845	-0.0031447
7.1087	0.00255955
7.10894	0.00918883
7.10919	0.0108262
7.10943	0.00451435
7.10968	-0.00392659
7.10992	-0.00615679
7.11017	-0.00216522
7.11041	0.00170185
7.11066	0.00362402
7.1109	0.00677424
7.11114	0.0100361
7.11139	0.00828623
7.11163	0.00291209
7.11188	0.00209537
7.11212	0.00800053
7.11237	0.0126817
7.11261	0.00986287
7.11286	0.00251736
7.1131	-0.00415333
7.11335	-0.00863432
7.11359	-0.00873383
7.11384	-0.000661712
7.11408	0.0124388
7.11432	0.0193039
7.11457	0.0138
7.11481	0.00289153
7.11506	-0.00341887
7.1153	-0.00342597
7.11555	-0.000563317
7.11579	0.00354026
7.11604	0.00731809
7.11628	0.00736245
7.11653	0.00384349
7.11677	0.00163604
7.11701	0.00153342
7.11726	-0.00205536
7.1175	-0.00985431
7.11775	-0.0135321
7.11799	-0.00955545
7.11824	-0.0071467
7.11848	-0.0129878
7.11873	-0.017649
7.11897	-0.00965368
7.11922	0.0046957
7.11946	0.0100188
7.11971	0.0052274
7.11995	0.00247505
7.12019	0.00514951
7.12044	0.00374806
7.12068	-0.00468907
7.12093	-0.00918616
7.12117	-0.0025268
7.12142	0.00695569
7.12166	0.00878508
7.12191	0.0048134
7.12215	0.00189116
7.1224	-0.000814823
7.12264	-0.00701157
7.12289	-0.0121161
7.12313	-0.00835714
7.12337	0.00130884
7.12362	0.00514152
7.12386	-0.000548964
7.12411	-0.00556276
7.12435	-0.000358092
7.1246	0.0104438
7.12484	0.0147505
7.12509	0.00926907
7.12533	0.00237136
7.12558	0.00131033
7.12582	0.00326638
7.12607	0.00199866
7.12631	-0.0017249
7.12655	-0.00182807
7.1268	0.00319621
7.12704	0.00837539
7.12729	0.0103717
7.12753	0.0114475
7.12778	0.0133765
7.12802	0.0131387
7.12827	0.00860659
7.12851	0.00405578
7.12876	0.00485904
7.129	0.00928765
7.12924	0.0107671
7.12949	0.00711612
7.12973	0.00278602
7.12998	0.00205567
7.13022	0.00403482
7.13047	0.00510089
7.13071	0.00340476
7.13096	0.000151724
7.1312	-0.00188286
7.13145	-0.000869386
7.13169	0.00201061
7.13194	0.00354979
7.13218	0.00234878
7.13242	0.000330096
7.13267	-0.000540237
7.13291	-0.00102365
7.13316	-0.00255779
7.1334	-0.0045017
7.13365	-0.00536802
7.13389	-0.00507478
7.13414	-0.00426248
7.13438	-0.00307232
7.13463	-0.00197243
7.13487	-0.00173785
7.13512	-0.00167722
7.13536	-0.000558702
7.1356	5.01397e-05
7.13585	-0.00273132
7.13609	-0.0072806
7.13634	-0.00813698
7.13658	-0.0042446
7.13683	-0.000701445
7.13707	0.000203002
7.13732	0.00264901
7.13756	0.00794966
7.13781	0.00964662
7.13805	0.00448785
7.1383	0.000463748
7.13854	0.00493645
7.13878	0.0116262
7.13903	0.0103145
7.13927	0.0038626
7.13952	0.00273003
7.13976	0.00644828
7.14001	0.00531551
7.14025	-0.000671096
7.1405	-0.000473026
7.14074	0.00828213
7.14099	0.0138995
7.14123	0.0100317
7.14147	0.00589402
7.14172	0.00962456
7.14196	0.0147648
7.14221	0.0128619
7.14245	0.00778838
7.1427	0.00631219
7.14294	0.00452801
7.14319	-0.00342031
7.14343	-0.0110882
7.14368	-0.00834356
7.14392	0.000957476
7.14417	0.00384799
7.14441	-0.00248769
7.14465	-0.00981589
7.1449	-0.0145808
7.14514	-0.0199303
7.14539	-0.0228193
7.14563	-0.0147998
7.14588	0.00158908
7.14612	0.0118062
7.14637	0.00954974
7.14661	0.00486513
7.14686	0.00619869
7.1471	0.00765256
7.14735	0.00247583
7.14759	-0.00320813
7.14783	-0.00162288
7.14808	0.00158853
7.14832	-0.00315435
7.14857	-0.0116121
7.14881	-0.0116663
7.14906	-0.00323463
7.1493	0.00208024
7.14955	0.000273693
7.14979	-0.000223848
7.15004	0.00508613
7.15028	0.00885193
7.15053	0.0053976
7.15077	0.00108759
7.15101	0.00377803
7.15126	0.00978762
7.1515	0.00966743
7.15175	0.00238835
7.15199	-0.00389336
7.15224	-0.00333682
7.15248	0.0013649
7.15273	0.00385662
7.15297	0.00113549
7.15322	-0.00441553
7.15346	-0.00767938
7.1537	-0.00568376
7.15395	-0.000873346
7.15419	0.00141642
7.15444	-0.000925744
7.15468	-0.00489152
7.15493	-0.00644102
7.15517	-0.00386449
7.15542	0.0027267
7.15566	0.0115707
7.15591	0.0183328
7.15615	0.0188769
7.1564	0.0141337
7.15664	0.00888543
7.15688	0.00532528
7.15713	0.00192204
7.15737	-0.00114758
7.15762	-0.000927791
7.15786	0.00271978
7.15811	0.00614633
7.15835	0.00809438
7.1586	0.0105742
7.15884	0.0117577
7.15909	0.00619924
7.15933	-0.00375942
7.15958	-0.00567766
7.15982	0.00625354
7.16006	0.019271
7.16031	0.016869
7.16055	0.00157006
7.1608	-0.00785103
7.16104	-0.00113099
7.16129	0.0116585
7.16153	0.0153488
7.16178	0.00850686
7.16202	0.00204325
7.16227	0.00348266
7.16251	0.00843196
7.16276	0.00807325
7.163	0.0017621
7.16324	-0.00140697
7.16349	0.00538303
7.16373	0.016677
7.16398	0.021161
7.16422	0.015925
7.16447	0.00804432
7.16471	0.00299389
7.16496	-0.000241759
7.1652	-0.00170988
7.16545	0.001984
7.16569	0.00915263
7.16594	0.0116568
7.16618	0.00730377
7.16642	0.00447908
7.16667	0.00839773
7.16691	0.012411
7.16716	0.0104345
7.1674	0.00793377
7.16765	0.0109755
7.16789	0.0141302
7.16814	0.0109296
7.16838	0.00758548
7.16863	0.0128904
7.16887	0.0216809
7.16911	0.0227567
7.16936	0.0174439
7.1696	0.0153628
7.16985	0.0167003
7.17009	0.0145146
7.17034	0.010795
7.17058	0.0134334
7.17083	0.0195709
7.17107	0.0189233
7.17132	0.0124404
7.17156	0.0104615
7.17181	0.0130506
7.17205	0.0105343
7.17229	0.00409519
7.17254	0.00613072
7.17278	0.0171713
7.17303	0.0224557
7.17327	0.0167682
7.17352	0.01303
7.17376	0.0187701
7.17401	0.0232157
7.17425	0.0174324
7.1745	0.00944593
7.17474	0.00788393
7.17499	0.00696169
7.17523	0.000569738
7.17547	-0.00343825
7.17572	0.00293136
7.17596	0.012129
7.17621	0.0132996
7.17645	0.00970127
7.1767	0.0103595
7.17694	0.0138997
7.17719	0.0140794
7.17743	0.0129737
7.17768	0.0155633
7.17792	0.0186629
7.17817	0.0176245
7.17841	0.0169214
7.17865	0.0221379
7.1789	0.0282802
7.17914	0.0277839
7.17939	0.023349
7.17963	0.0213804
7.17988	0.0197358
7.18012	0.0139257
7.18037	0.00863669
7.18061	0.0106122
7.18086	0.016112
7.1811	0.0176438
7.18134	0.0170892
7.18159	0.0197041
7.18183	0.0213045
7.18208	0.0151358
7.18232	0.00672861
7.18257	0.00787651
7.18281	0.0184493
7.18306	0.0265577
7.1833	0.0247927
7.18355	0.0161932
7.18379	0.007443
7.18404	0.00529625
7.18428	0.0142164
7.18452	0.0278357
7.18477	0.0301986
7.18501	0.0169126
7.18526	0.00629409
7.1855	0.0152623
7.18575	0.0331837
7.18599	0.0373901
7.18624	0.027187
7.18648	0.0214296
7.18673	0.0262902
7.18697	0.0283315
7.18722	0.0204997
7.18746	0.0132313
7.1877	0.0150632
7.18795	0.0209292
7.18819	0.0253969
7.18844	0.0307241
7.18868	0.0358502
7.18893	0.0334254
7.18917	0.0245891
7.18942	0.0216927
7.18966	0.02877
7.18991	0.0333689
7.19015	0.0263466
7.1904	0.0169202
7.19064	0.0181488
7.19088	0.0278577
7.19113	0.0339147
7.19137	0.0307967
7.19162	0.0225314
7.19186	0.0154128
7.19211	0.0140029
7.19235	0.0184353
7.1926	0.0217288
7.19284	0.016951
7.19309	0.0094262
7.19333	0.0116638
7.19357	0.0229476
7.19382	0.0267684
7.19406	0.0150306
7.19431	0.00177168
7.19455	0.00294407
7.1948	0.0139165
7.19504	0.0192137
7.19529	0.0157051
7.19553	0.012438
7.19578	0.0132533
7.19602	0.0136762
7.19627	0.0128687
7.19651	0.0158071
7.19675	0.0228767
7.197	0.0274058
7.19724	0.0254176
7.19749	0.0204594
7.19773	0.0173811
7.19798	0.0173627
7.19822	0.0199834
7.19847	0.0248042
7.19871	0.0297626
7.19896	0.0321797
7.1992	0.0320661
7.19945	0.0314635
7.19969	0.0311963
7.19993	0.0312914
7.20018	0.0327455
7.20042	0.0348725
7.20067	0.0331814
7.20091	0.0253873
7.20116	0.0175977
7.2014	0.0174381
7.20165	0.0215398
7.20189	0.0185359
7.20214	0.00678277
7.20238	-0.000127296
7.20263	0.00828487
7.20287	0.0230231
7.20311	0.0270004
7.20336	0.0183353
7.2036	0.0108225
7.20385	0.0120308
7.20409	0.0138579
7.20434	0.00865587
7.20458	0.00216958
7.20483	0.00203817
7.20507	0.00389949
7.20532	0.000780897
7.20556	-0.00159225
7.2058	0.00639078
7.20605	0.0186579
7.20629	0.0195146
7.20654	0.00888275
7.20678	0.00394801
7.20703	0.0119955
7.20727	0.0189191
7.20752	0.0126894
7.20776	0.00271318
7.20801	0.00434818
7.20825	0.0162182
7.2085	0.0256101
7.20874	0.0274956
7.20898	0.0257441
7.20923	0.0223448
7.20947	0.0171798
7.20972	0.0132501
7.20996	0.0122784
7.21021	0.0107332
7.21045	0.00840709
7.2107	0.0124964
7.21094	0.0235691
7.21119	0.0280486
7.21143	0.0178334
7.21168	0.00710415
7.21192	0.0130134
7.21216	0.0281047
7.21241	0.0312626
7.21265	0.0202893
7.2129	0.0122286
7.21314	0.0135078
7.21339	0.012501
7.21363	0.00445086
7.21388	0.00184372
7.21412	0.0120469
7.21437	0.0224228
7.21461	0.0183745
7.21486	0.0039475
7.2151	-0.00528742
7.21534	-0.00152234
7.21559	0.010207
7.21583	0.0195472
7.21608	0.0187957
7.21632	0.00917357
7.21657	0.00121358
7.21681	0.00303947
7.21706	0.00928571
7.2173	0.00960597
7.21755	0.00520095
7.21779	0.00531236
7.21803	0.00971987
7.21828	0.00934346
7.21852	0.00414314
7.21877	0.00457134
7.21901	0.0128338
7.21926	0.0185372
7.2195	0.0171273
7.21975	0.017186
7.21999	0.0236963
7.22024	0.0289852
7.22048	0.0275713
7.22073	0.0262751
7.22097	0.0311353
7.22121	0.0363393
7.22146	0.0349396
7.2217	0.0304764
7.22195	0.0299096
7.22219	0.0336354
7.22244	0.0388021
7.22268	0.043935
7.22293	0.0455566
7.22317	0.0397942
7.22342	0.0313382
7.22366	0.0302597
7.22391	0.0366692
7.22415	0.0404693
7.22439	0.0389177
7.22464	0.0397186
7.22488	0.0431892
7.22513	0.0390415
7.22537	0.0272825
7.22562	0.0231677
7.22586	0.0313827
7.22611	0.0344893
7.22635	0.0206055
7.2266	0.00444842
7.22684	0.00399331
7.22709	0.0121846
7.22733	0.0114921
7.22757	0.00376328
7.22782	0.00385411
7.22806	0.012049
7.22831	0.0146867
7.22855	0.00833329
7.2288	0.00373195
7.22904	0.00672278
7.22929	0.0116285
7.22953	0.0134957
7.22978	0.0132744
7.23002	0.0111387
7.23026	0.00627674
7.23051	0.00240918
7.23075	0.00369465
7.231	0.00733435
7.23124	0.00866548
7.23149	0.00917266
7.23173	0.0109408
7.23198	0.0096719
7.23222	0.00313835
7.23247	-0.000848928
7.23271	0.00390665
7.23296	0.0103928
7.2332	0.0107817
7.23344	0.0115207
7.23369	0.0214522
7.23393	0.0335831
7.23418	0.0356585
7.23442	0.0313935
7.23467	0.0325306
7.23491	0.036218
7.23516	0.0311481
7.2354	0.0218918
7.23565	0.0243173
7.23589	0.0375534
7.23614	0.0434507
7.23638	0.0362606
7.23662	0.0306
7.23687	0.0349446
7.23711	0.0385949
7.23736	0.0329187
7.2376	0.0263375
7.23785	0.027968
7.23809	0.0322412
7.23834	0.0303742
7.23858	0.0243154
7.23883	0.0198508
7.23907	0.0168747
7.23932	0.0142291
7.23956	0.013659
7.2398	0.0128395
7.24005	0.00600394
7.24029	-0.003037
7.24054	-0.00164798
7.24078	0.0114894
7.24103	0.0208789
7.24127	0.0166345
7.24152	0.00819416
7.24176	0.00646301
7.24201	0.00696327
7.24225	0.00257377
7.2425	-0.000714924
7.24274	0.00469269
7.24298	0.011822
7.24323	0.00991838
7.24347	0.00296242
7.24372	0.00210977
7.24396	0.00638895
7.24421	0.00622952
7.24445	0.00139875
7.2447	0.000440213
7.24494	0.0051065
7.24519	0.00897834
7.24543	0.00962377
7.24567	0.00989497
7.24592	0.00938393
7.24616	0.00646274
7.24641	0.00619472
7.24665	0.0137443
7.2469	0.022372
7.24714	0.0214709
7.24739	0.0149046
7.24763	0.0166116
7.24788	0.0278282
7.24812	0.0341797
7.24837	0.0282098
7.24861	0.019603
7.24885	0.0176598
7.2491	0.0176817
7.24934	0.0125368
7.24959	0.00591555
7.24983	0.00480132
7.25008	0.00780319
7.25032	0.0100471
7.25057	0.0122453
7.25081	0.0161921
7.25106	0.0178092
7.2513	0.013613
7.25155	0.00860873
7.25179	0.00884756
7.25203	0.0108467
7.25228	0.00752557
7.25252	0.000747256
7.25277	-0.00164535
7.25301	0.00138445
7.25326	0.00377329
7.2535	0.00298045
7.25375	0.00134263
7.25399	-0.00178851
7.25424	-0.00871232
7.25448	-0.0141977
7.25473	-0.00914989
7.25497	0.0041513
7.25521	0.0118347
7.25546	0.00811312
7.2557	0.0042743
7.25595	0.0108439
7.25619	0.0207411
7.25644	0.0204967
7.25668	0.0109628
7.25693	0.00448358
7.25717	0.00516123
7.25742	0.00512105
7.25766	0.000563122
7.2579	-0.00115245
7.25815	0.00534832
7.25839	0.0132042
7.25864	0.0127162
7.25888	0.00472666
7.25913	-0.0017001
7.25937	-0.00102989
7.25962	0.00459539
7.25986	0.0100584
7.26011	0.0114872
7.26035	0.00810762
7.2606	0.00388694
7.26084	0.0052245
7.26108	0.0134045
7.26133	0.0215575
7.26157	0.0227121
7.26182	0.0183014
7.26206	0.0146552
7.26231	0.0138273
7.26255	0.0132541
7.2628	0.0125578
7.26304	0.0141801
7.26329	0.0171816
7.26353	0.0165592
7.26378	0.0104413
7.26402	0.00331055
7.26426	0.000186016
7.26451	0.00133191
7.26475	0.00417774
7.265	0.00660517
7.26524	0.00671278
7.26549	0.00331513
7.26573	-0.00113713
7.26598	-0.00184749
7.26622	0.00173072
7.26647	0.00437189
7.26671	0.00291855
7.26696	0.00149892
7.2672	0.00480062
7.26744	0.0098597
7.26769	0.0101542
7.26793	0.00573023
7.26818	0.00304677
7.26842	0.00520867
7.26867	0.00851445
7.26891	0.00978872
7.26916	0.011363
7.2694	0.0158768
7.26965	0.020504
7.26989	0.0203637
7.27013	0.0156315
7.27038	0.0119081
7.27062	0.0141147
7.27087	0.0217953
7.27111	0.0297126
7.27136	0.0320198
7.2716	0.0270852
7.27185	0.0193162
7.27209	0.0153062
7.27234	0.0177529
7.27258	0.0242741
7.27283	0.0313119
7.27307	0.0363117
7.27331	0.0367929
7.27356	0.0321724
7.2738	0.0273285
7.27405	0.0287791
7.27429	0.0350939
7.27454	0.0371588
7.27478	0.0314493
7.27503	0.0261012
7.27527	0.0280895
7.27552	0.0316919
7.27576	0.0285861
7.27601	0.0230951
7.27625	0.0251077
7.27649	0.0314724
7.27674	0.0292155
7.27698	0.0176532
7.27723	0.0116741
7.27747	0.0184484
7.27772	0.0258806
7.27796	0.0225733
7.27821	0.0157651
7.27845	0.0176158
7.2787	0.0245958
7.27894	0.0251686
7.27919	0.0206975
7.27943	0.022545
7.27967	0.0313248
7.27992	0.0347669
7.28016	0.0269032
7.28041	0.0158835
7.28065	0.0106348
7.2809	0.0118818
7.28114	0.0187052
7.28139	0.0313346
7.28163	0.0430128
7.28188	0.0417012
7.28212	0.0275089
7.28236	0.0181774
7.28261	0.0276577
7.28285	0.0464677
7.2831	0.0535344
7.28334	0.0432517
7.28359	0.0307266
7.28383	0.0313881
7.28408	0.0440218
7.28432	0.0556048
7.28457	0.0571641
7.28481	0.0518026
7.28506	0.0487744
7.2853	0.0518709
7.28554	0.055828
7.28579	0.0556921
7.28603	0.0560537
7.28628	0.0647398
7.28652	0.0789914
7.28677	0.0869676
7.28701	0.0844032
7.28726	0.0800234
7.2875	0.0809176
7.28775	0.0832558
7.28799	0.0836288
7.28824	0.0881747
7.28848	0.100481
7.28872	0.110816
7.28897	0.110822
7.28921	0.110857
7.28946	0.126607
7.2897	0.153647
7.28995	0.173578
7.29019	0.183925
7.29044	0.202581
7.29068	0.240522
7.29093	0.290045
7.29117	0.346034
7.29142	0.418236
7.29166	0.510573
7.2919	0.605611
7.29215	0.684411
7.29239	0.747487
7.29264	0.800614
7.29288	0.835787
7.29313	0.849249
7.29337	0.867728
7.29362	0.928289
7.29386	1.03175
7.29411	1.13919
7.29435	1.21569
7.29459	1.25345
7.29484	1.2495
7.29508	1.19235
7.29533	1.08901
7.29557	0.98251
7.29582	0.918024
7.29606	0.90062
7.29631	0.903776
7.29655	0.908265
7.2968	0.911852
7.29704	0.908498
7.29729	0.883479
7.29753	0.833242
7.29777	0.773542
7.29802	0.723016
7.29826	0.689409
7.29851	0.673196
7.29875	0.673198
7.299	0.686328
7.29924	0.710864
7.29949	0.750327
7.29973	0.805129
7.29998	0.862158
7.30022	0.904059
7.30047	0.928167
7.30071	0.944586
7.30095	0.956631
7.3012	0.956941
7.30144	0.943892
7.30169	0.927992
7.30193	0.919953
7.30218	0.925934
7.30242	0.956085
7.30267	1.02183
7.30291	1.11978
7.30316	1.23217
7.3034	1.34692
7.30365	1.46228
7.30389	1.56944
7.30413	1.65213
7.30438	1.71248
7.30462	1.77727
7.30487	1.86643
7.30511	1.97567
7.30536	2.10526
7.3056	2.28215
7.30585	2.52651
7.30609	2.80903
7.30634	3.06914
7.30658	3.26841
7.30682	3.39988
7.30707	3.45085
7.30731	3.39135
7.30756	3.2118
7.3078	2.95091
7.30805	2.67319
7.30829	2.42855
7.30854	2.23717
7.30878	2.09697
7.30903	1.99527
7.30927	1.9222
7.30952	1.88024
7.30976	1.87516
7.31	1.89784
7.31025	1.92819
7.31049	1.96194
7.31074	2.02116
7.31098	2.12926
7.31123	2.28223
7.31147	2.44976
7.31172	2.59733
7.31196	2.70242
7.31221	2.75808
7.31245	2.76894
7.3127	2.74052
7.31294	2.66892
7.31318	2.54772
7.31343	2.3886
7.31367	2.22604
7.31392	2.09266
7.31416	1.9952
7.31441	1.92367
7.31465	1.87931
7.3149	1.88105
7.31514	1.94261
7.31539	2.05491
7.31563	2.19878
7.31588	2.36915
7.31612	2.57658
7.31636	2.8253
7.31661	3.09889
7.31685	3.36918
7.3171	3.60961
7.31734	3.79836
7.31759	3.92693
7.31783	4.0219
7.31808	4.14431
7.31832	4.34013
7.31857	4.59106
7.31881	4.83652
7.31906	5.04236
7.3193	5.21638
7.31954	5.35124
7.31979	5.3966
7.32003	5.32015
7.32028	5.16755
7.32052	5.02029
7.32077	4.90627
7.32101	4.78899
7.32126	4.63606
7.3215	4.45536
7.32175	4.26147
7.32199	4.05006
7.32223	3.82421
7.32248	3.61565
7.32272	3.45789
7.32297	3.3554
7.32321	3.2932
7.32346	3.25802
7.3237	3.23597
7.32395	3.20867
7.32419	3.17162
7.32444	3.14625
7.32468	3.15778
7.32493	3.20661
7.32517	3.26989
7.32541	3.3218
7.32566	3.34497
7.3259	3.33542
7.32615	3.30674
7.32639	3.27825
7.32664	3.24847
7.32688	3.19172
7.32713	3.09153
7.32737	2.96614
7.32762	2.84953
7.32786	2.75879
7.32811	2.69377
7.32835	2.65888
7.32859	2.66853
7.32884	2.73548
7.32908	2.8678
7.32933	3.07616
7.32957	3.37376
7.32982	3.76794
7.33006	4.25457
7.33031	4.81406
7.33055	5.4076
7.3308	5.98452
7.33104	6.5006
7.33129	6.92557
7.33153	7.2316
7.33177	7.3869
7.33202	7.36995
7.33226	7.18551
7.33251	6.86425
7.33275	6.4551
7.333	6.01668
7.33324	5.59817
7.33349	5.21945
7.33373	4.8801
7.33398	4.588
7.33422	4.35783
7.33446	4.1751
7.33471	3.98945
7.33495	3.76335
7.3352	3.50783
7.33544	3.25042
7.33569	2.98913
7.33593	2.70753
7.33618	2.42054
7.33642	2.16996
7.33667	1.97564
7.33691	1.82023
7.33716	1.68501
7.3374	1.57475
7.33764	1.50013
7.33789	1.45614
7.33813	1.42705
7.33838	1.39907
7.33862	1.3622
7.33887	1.31167
7.33911	1.25173
7.33936	1.18872
7.3396	1.12097
7.33985	1.0464
7.34009	0.976085
7.34034	0.923571
7.34058	0.882343
7.34082	0.833191
7.34107	0.776086
7.34131	0.735119
7.34156	0.726114
7.3418	0.737582
7.34205	0.75151
7.34229	0.765344
7.34254	0.782484
7.34278	0.796852
7.34303	0.801848
7.34327	0.804736
7.34352	0.817986
7.34376	0.842094
7.344	0.868665
7.34425	0.896647
7.34449	0.935899
7.34474	0.997674
7.34498	1.08962
7.34523	1.21757
7.34547	1.38463
7.34572	1.58828
7.34596	1.82073
7.34621	2.06945
7.34645	2.31875
7.34669	2.56264
7.34694	2.82202
7.34718	3.1333
7.34743	3.50025
7.34767	3.86274
7.34792	4.14099
7.34816	4.32481
7.34841	4.50057
7.34865	4.76093
7.3489	5.08325
7.34914	5.31912
7.34939	5.32258
7.34963	5.08415
7.34987	4.72563
7.35012	4.36926
7.35036	4.03258
7.35061	3.65455
7.35085	3.1985
7.3511	2.70562
7.35134	2.25711
7.35159	1.91188
7.35183	1.68784
7.35208	1.58008
7.35232	1.57147
7.35257	1.62507
7.35281	1.68729
7.35305	1.71756
7.3533	1.71636
7.35354	1.71268
7.35379	1.71923
7.35403	1.71168
7.35428	1.66261
7.35452	1.58386
7.35477	1.5151
7.35501	1.47582
7.35526	1.45503
7.3555	1.45152
7.35575	1.4924
7.35599	1.59344
7.35623	1.72749
7.35648	1.86084
7.35672	2.00352
7.35697	2.19019
7.35721	2.41901
7.35746	2.64572
7.3577	2.84223
7.35795	3.02911
7.35819	3.2385
7.35844	3.46946
7.35868	3.69376
7.35892	3.88528
7.35917	4.02891
7.35941	4.12031
7.35966	4.17906
7.3599	4.25264
7.36015	4.38456
7.36039	4.57232
7.36064	4.76118
7.36088	4.87765
7.36113	4.87343
7.36137	4.75633
7.36162	4.59225
7.36186	4.46368
7.3621	4.40347
7.36235	4.36416
7.36259	4.26007
7.36284	4.04273
7.36308	3.73752
7.36333	3.41794
7.36357	3.15085
7.36382	2.9542
7.36406	2.79039
7.36431	2.60067
7.36455	2.3574
7.3648	2.08643
7.36504	1.83779
7.36528	1.64182
7.36553	1.49976
7.36577	1.40507
7.36602	1.35542
7.36626	1.34361
7.36651	1.35172
7.36675	1.36114
7.367	1.36296
7.36724	1.35907
7.36749	1.36009
7.36773	1.38082
7.36798	1.42837
7.36822	1.49546
7.36846	1.57475
7.36871	1.67601
7.36895	1.81255
7.3692	1.97012
7.36944	2.11114
7.36969	2.22027
7.36993	2.32459
7.37018	2.44629
7.37042	2.54985
7.37067	2.56842
7.37091	2.48599
7.37115	2.36494
7.3714	2.27768
7.37164	2.2325
7.37189	2.18891
7.37213	2.13265
7.37238	2.10354
7.37262	2.14243
7.37287	2.23413
7.37311	2.32212
7.37336	2.37394
7.3736	2.41557
7.37385	2.49566
7.37409	2.62161
7.37433	2.73862
7.37458	2.7758
7.37482	2.7116
7.37507	2.58826
7.37531	2.46019
7.37556	2.33864
7.3758	2.19733
7.37605	2.02356
7.37629	1.84175
7.37654	1.68211
7.37678	1.54612
7.37703	1.41742
7.37727	1.29321
7.37751	1.18578
7.37776	1.09828
7.378	1.01799
7.37825	0.934948
7.37849	0.851592
7.37874	0.771007
7.37898	0.689657
7.37923	0.608184
7.37947	0.537893
7.37972	0.488522
7.37996	0.457761
7.38021	0.439727
7.38045	0.435009
7.38069	0.443141
7.38094	0.452428
7.38118	0.44936
7.38143	0.435608
7.38167	0.424901
7.38192	0.42317
7.38216	0.42127
7.38241	0.408637
7.38265	0.385728
7.3829	0.360711
7.38314	0.341423
7.38338	0.33385
7.38363	0.341881
7.38387	0.364502
7.38412	0.398222
7.38436	0.444329
7.38461	0.50627
7.38485	0.576505
7.3851	0.636265
7.38534	0.676834
7.38559	0.711762
7.38583	0.754866
7.38608	0.792664
7.38632	0.796349
7.38656	0.760831
7.38681	0.71324
7.38705	0.676866
7.3873	0.644064
7.38754	0.596267
7.38779	0.536586
7.38803	0.485925
7.38828	0.45413
7.38852	0.431688
7.38877	0.408209
7.38901	0.384959
7.38926	0.367851
7.3895	0.358713
7.38974	0.355395
7.38999	0.353205
7.39023	0.346411
7.39048	0.334789
7.39072	0.326503
7.39097	0.32764
7.39121	0.333131
7.39146	0.336685
7.3917	0.343805
7.39195	0.362785
7.39219	0.38796
7.39244	0.407228
7.39268	0.423259
7.39292	0.450416
7.39317	0.492165
7.39341	0.540512
7.39366	0.598328
7.3939	0.680187
7.39415	0.785567
7.39439	0.893166
7.39464	0.991234
7.39488	1.09264
7.39513	1.2081
7.39537	1.32709
7.39561	1.4451
7.39586	1.59239
7.3961	1.81089
7.39635	2.10951
7.39659	2.45924
7.39684	2.82219
7.39708	3.16535
7.39733	3.45424
7.39757	3.65734
7.39782	3.75734
7.39806	3.74371
7.39831	3.6024
7.39855	3.33671
7.39879	2.99613
7.39904	2.65862
7.39928	2.37572
7.39953	2.14904
7.39977	1.96
7.40002	1.80016
7.40026	1.66603
7.40051	1.5464
7.40075	1.42913
7.401	1.30876
7.40124	1.17927
7.40149	1.03394
7.40173	0.882246
7.40197	0.75182
7.40222	0.660293
7.40246	0.59665
7.40271	0.543079
7.40295	0.502671
7.4032	0.488629
7.40344	0.49589
7.40369	0.504333
7.40393	0.507054
7.40418	0.516065
7.40442	0.539483
7.40467	0.571401
7.40491	0.60754
7.40515	0.653063
7.4054	0.708511
7.40564	0.765558
7.40589	0.827346
7.40613	0.91722
7.40638	1.05221
7.40662	1.22035
7.40687	1.40226
7.40711	1.60512
7.40736	1.85182
7.4076	2.14036
7.40785	2.44023
7.40809	2.73361
7.40833	3.03483
7.40858	3.35849
7.40882	3.69281
7.40907	4.02253
7.40931	4.35692
7.40956	4.71001
7.4098	5.06611
7.41005	5.39089
7.41029	5.666
7.41054	5.88176
7.41078	5.99949
7.41102	5.95841
7.41127	5.7333
7.41151	5.36171
7.41176	4.90319
7.412	4.39398
7.41225	3.85502
7.41249	3.32133
7.41274	2.83908
7.41298	2.43992
7.41323	2.13032
7.41347	1.89605
7.41372	1.70644
7.41396	1.52732
7.4142	1.34558
7.41445	1.1752
7.41469	1.03076
7.41494	0.906384
7.41518	0.791252
7.41543	0.691643
7.41567	0.62134
7.41592	0.579376
7.41616	0.552926
7.41641	0.535654
7.41665	0.529162
7.4169	0.53182
7.41714	0.53854
7.41738	0.547244
7.41763	0.557056
7.41787	0.567361
7.41812	0.585279
7.41836	0.622323
7.41861	0.676123
7.41885	0.731374
7.4191	0.789112
7.41934	0.874467
7.41959	0.998248
7.41983	1.13125
7.42008	1.23933
7.42032	1.32543
7.42056	1.41033
7.42081	1.49058
7.42105	1.55003
7.4213	1.60121
7.42154	1.678
7.42179	1.79273
7.42203	1.93702
7.42228	2.11884
7.42252	2.35365
7.42277	2.61316
7.42301	2.82722
7.42325	2.95207
7.4235	2.99905
7.42374	2.98016
7.42399	2.86787
7.42423	2.64049
7.42448	2.33628
7.42472	2.02499
7.42497	1.74211
7.42521	1.48252
7.42546	1.24499
7.4257	1.04779
7.42595	0.901848
7.42619	0.795651
7.42643	0.710288
7.42668	0.633003
7.42692	0.556772
7.42717	0.482026
7.42741	0.418572
7.42766	0.37399
7.4279	0.342804
7.42815	0.317155
7.42839	0.301421
7.42864	0.302743
7.42888	0.312973
7.42913	0.315912
7.42937	0.310067
7.42961	0.309618
7.42986	0.323455
7.4301	0.346313
7.43035	0.370744
7.43059	0.39559
7.43084	0.421266
7.43108	0.447647
7.43133	0.479671
7.43157	0.526854
7.43182	0.593615
7.43206	0.674527
7.43231	0.761393
7.43255	0.854023
7.43279	0.964096
7.43304	1.10404
7.43328	1.2622
7.43353	1.39085
7.43377	1.43943
7.43402	1.41197
7.43426	1.3744
7.43451	1.38431
7.43475	1.42384
7.435	1.42609
7.43524	1.36348
7.43548	1.28257
7.43573	1.24742
7.43597	1.27413
7.43622	1.33127
7.43646	1.38094
7.43671	1.40094
7.43695	1.38435
7.4372	1.34223
7.43744	1.29979
7.43769	1.26836
7.43793	1.22259
7.43818	1.12587
7.43842	0.980022
7.43866	0.830588
7.43891	0.71728
7.43915	0.638394
7.4394	0.574162
7.43964	0.524878
7.43989	0.504153
7.44013	0.50517
7.44038	0.500408
7.44062	0.477436
7.44087	0.453532
7.44111	0.446561
7.44136	0.448477
7.4416	0.439895
7.44184	0.418557
7.44209	0.398625
7.44233	0.388698
7.44258	0.385436
7.44282	0.387248
7.44307	0.401531
7.44331	0.435645
7.44356	0.487709
7.4438	0.547437
7.44405	0.601499
7.44429	0.639762
7.44454	0.662629
7.44478	0.682588
7.44502	0.71443
7.44527	0.763355
7.44551	0.822428
7.44576	0.877556
7.446	0.916189
7.44625	0.94162
7.44649	0.980421
7.44674	1.05864
7.44698	1.15981
7.44723	1.22408
7.44747	1.21039
7.44771	1.14902
7.44796	1.10696
7.4482	1.10564
7.44845	1.10234
7.44869	1.05773
7.44894	0.990534
7.44918	0.946007
7.44943	0.931977
7.44967	0.912987
7.44992	0.861455
7.45016	0.790629
7.45041	0.731842
7.45065	0.693848
7.45089	0.654285
7.45114	0.5872
7.45138	0.492003
7.45163	0.393012
7.45187	0.313464
7.45212	0.256351
7.45236	0.213352
7.45261	0.183684
7.45285	0.172745
7.4531	0.175551
7.45334	0.17627
7.45359	0.167781
7.45383	0.159691
7.45407	0.160689
7.45432	0.163122
7.45456	0.154218
7.45481	0.136118
7.45505	0.124137
7.4553	0.12598
7.45554	0.130899
7.45579	0.122673
7.45603	0.0997171
7.45628	0.0776041
7.45652	0.0703409
7.45677	0.0735764
7.45701	0.0726236
7.45725	0.064616
7.4575	0.0611768
7.45774	0.0665315
7.45799	0.0675249
7.45823	0.0551254
7.45848	0.0424921
7.45872	0.046258
7.45897	0.0597076
7.45921	0.0630289
7.45946	0.0538772
7.4597	0.0474659
7.45994	0.0493283
7.46019	0.0494139
7.46043	0.0439304
7.46068	0.0419443
7.46092	0.046592
7.46117	0.0493686
7.46141	0.0480411
7.46166	0.0512011
7.4619	0.0589991
7.46215	0.0586448
7.46239	0.0472346
7.46264	0.0407383
7.46288	0.0502167
7.46312	0.0653696
7.46337	0.0717499
7.46361	0.068884
7.46386	0.0616901
7.4641	0.050148
7.46435	0.0385047
7.46459	0.0387134
7.46484	0.0522112
7.46508	0.0628994
7.46533	0.0602495
7.46557	0.0542186
7.46582	0.0548797
7.46606	0.0544893
7.4663	0.0454316
7.46655	0.0387016
7.46679	0.0449602
7.46704	0.0521943
7.46728	0.0445372
7.46753	0.0312419
7.46777	0.0325786
7.46802	0.0453723
7.46826	0.0481803
7.46851	0.0365908
7.46875	0.0279414
7.469	0.0308871
7.46924	0.0342516
7.46948	0.0299749
7.46973	0.0256937
7.46997	0.0277777
7.47022	0.0298653
7.47046	0.0264874
7.47071	0.0233913
7.47095	0.0256136
7.4712	0.0272312
7.47144	0.0222001
7.47169	0.0164534
7.47193	0.0198565
7.47217	0.0312215
7.47242	0.0392314
7.47266	0.0364936
7.47291	0.0274841
7.47315	0.0221818
7.4734	0.0241529
7.47364	0.0270931
7.47389	0.0246502
7.47413	0.0206655
7.47438	0.0230058
7.47462	0.0285174
7.47487	0.0253574
7.47511	0.0133501
7.47535	0.00847599
7.4756	0.018968
7.47584	0.0303943
7.47609	0.0273073
7.47633	0.0177695
7.47658	0.0193506
7.47682	0.0295996
7.47707	0.0308702
7.47731	0.0206828
7.47756	0.0158446
7.4778	0.0247109
7.47805	0.0351683
7.47829	0.0359942
7.47853	0.0332481
7.47878	0.0366574
7.47902	0.0428331
7.47927	0.0424465
7.47951	0.0357277
7.47976	0.0311845
7.48	0.0332045
7.48025	0.0377643
7.48049	0.0381421
7.48074	0.0312559
7.48098	0.0206106
7.48123	0.0143008
7.48147	0.0170357
7.48171	0.0241945
7.48196	0.0278241
7.4822	0.0272896
7.48245	0.0279936
7.48269	0.0303218
7.48294	0.0277946
7.48318	0.0181618
7.48343	0.00933479
7.48367	0.0100784
7.48392	0.0186437
7.48416	0.0245127
7.48441	0.0204021
7.48465	0.0105509
7.48489	0.00626737
7.48514	0.0126158
7.48538	0.0214525
7.48563	0.0218162
7.48587	0.0156052
7.48612	0.0148251
7.48636	0.0224184
7.48661	0.0268713
7.48685	0.0209301
7.4871	0.0139883
7.48734	0.016781
7.48758	0.0241658
7.48783	0.0252446
7.48807	0.0222505
7.48832	0.0251872
7.48856	0.033381
7.48881	0.037383
7.48905	0.0362755
7.4893	0.0384638
7.48954	0.045978
7.48979	0.0512031
7.49003	0.0498538
7.49028	0.0462578
7.49052	0.045557
7.49076	0.0497463
7.49101	0.0592459
7.49125	0.0691743
7.4915	0.0687241
7.49174	0.0556351
7.49199	0.0452248
7.49223	0.0508439
7.49248	0.0619287
7.49272	0.0594948
7.49297	0.0474442
7.49321	0.0456737
7.49346	0.0548099
7.4937	0.0545938
7.49394	0.0402963
7.49419	0.0323387
7.49443	0.0403534
7.49468	0.0456506
7.49492	0.0348465
7.49517	0.0252009
7.49541	0.0348568
7.49566	0.0491295
7.4959	0.0429663
7.49615	0.0223046
7.49639	0.0142066
7.49664	0.0235052
7.49688	0.0284661
7.49712	0.0189006
7.49737	0.0111933
7.49761	0.0190566
7.49786	0.0319864
7.4981	0.0337918
7.49835	0.0263426
7.49859	0.0226039
7.49884	0.0262682
7.49908	0.0297058
7.49933	0.0267423
7.49957	0.0190275
7.49981	0.0125521
7.50006	0.0127946
7.5003	0.0204404
7.50055	0.0290119
7.50079	0.0305411
7.50104	0.0256406
7.50128	0.0230159
7.50153	0.0267223
7.50177	0.0301978
7.50202	0.0272739
7.50226	0.0230414
7.50251	0.0267165
7.50275	0.0369779
7.50299	0.0423941
7.50324	0.0366308
7.50348	0.0265617
7.50373	0.0228935
7.50397	0.0275979
7.50422	0.0342436
7.50446	0.0374926
7.50471	0.0376126
7.50495	0.0366677
7.5052	0.0350734
7.50544	0.0329671
7.50569	0.0313225
7.50593	0.030023
7.50617	0.0278353
7.50642	0.0257939
7.50666	0.0268825
7.50691	0.0299211
7.50715	0.0283784
7.5074	0.0198554
7.50764	0.0126761
7.50789	0.0162405
7.50813	0.0271605
7.50838	0.0328357
7.50862	0.0282993
7.50887	0.021161
7.50911	0.0187072
7.50935	0.0189318
7.5096	0.0178731
7.50984	0.0175459
7.51009	0.0207131
7.51033	0.0240707
7.51058	0.023329
7.51082	0.0206499
7.51107	0.0205651
7.51131	0.0221022
7.51156	0.0214961
7.5118	0.019672
7.51204	0.0199995
7.51229	0.0206735
7.51253	0.0168167
7.51278	0.00950478
7.51302	0.00550215
7.51327	0.00755193
7.51351	0.0115343
7.51376	0.014226
7.514	0.0171613
7.51425	0.0207235
7.51449	0.020998
7.51474	0.0162676
7.51498	0.0114713
7.51522	0.0117001
7.51547	0.0149436
7.51571	0.0157546
7.51596	0.0134522
7.5162	0.0122296
7.51645	0.0146291
7.51669	0.0186155
7.51694	0.0203172
7.51718	0.0173587
7.51743	0.0111402
7.51767	0.007437
7.51792	0.0111688
7.51816	0.0179352
7.5184	0.0162041
7.51865	0.00345885
7.51889	-0.0057851
7.51914	0.00222569
7.51938	0.0186906
7.51963	0.0216741
7.51987	0.00754654
7.52012	-0.00268943
7.52036	0.00565612
7.52061	0.0193224
7.52085	0.018502
7.5211	0.00698051
7.52134	0.00345962
7.52158	0.0104191
7.52183	0.0123837
7.52207	0.00420349
7.52232	-7.66758e-06
7.52256	0.00843117
7.52281	0.0179435
7.52305	0.0165492
7.5233	0.0110313
7.52354	0.0130396
7.52379	0.0179827
7.52403	0.0134857
7.52427	0.00167751
7.52452	-0.00314274
7.52476	0.00363911
7.52501	0.0118458
7.52525	0.0130515
7.5255	0.00972883
7.52574	0.00688787
7.52599	0.00580891
7.52623	0.00792617
7.52648	0.0146991
7.52672	0.0212711
7.52697	0.0199552
7.52721	0.0128019
7.52745	0.0110037
7.5277	0.0181911
7.52794	0.0243914
7.52819	0.0220753
7.52843	0.018302
7.52868	0.0225593
7.52892	0.0304632
7.52917	0.0303936
7.52941	0.0220784
7.52966	0.0172648
7.5299	0.0222793
7.53015	0.0298893
7.53039	0.0309606
7.53063	0.0263115
7.53088	0.0225886
7.53112	0.0217427
7.53137	0.0201497
7.53161	0.0160105
7.53186	0.0125265
7.5321	0.013232
7.53235	0.017263
7.53259	0.0205463
7.53284	0.0202073
7.53308	0.0169182
7.53333	0.0139128
7.53357	0.0142818
7.53381	0.0179255
7.53406	0.0203651
7.5343	0.0165286
7.53455	0.0076757
7.53479	0.00240062
7.53504	0.00690749
7.53528	0.0155739
7.53553	0.0169002
7.53577	0.00957898
7.53602	0.00560887
7.53626	0.0133439
7.5365	0.0240621
7.53675	0.0231692
7.53699	0.0111023
7.53724	0.00339005
7.53748	0.00962208
7.53773	0.0215595
7.53797	0.0258349
7.53822	0.0211632
7.53846	0.0169288
7.53871	0.0189386
7.53895	0.0233306
7.5392	0.0238307
7.53944	0.0198144
7.53968	0.015843
7.53993	0.0159864
7.54017	0.0201994
7.54042	0.0255796
7.54066	0.0301383
7.54091	0.034175
7.54115	0.0372889
7.5414	0.0362679
7.54164	0.0295905
7.54189	0.022977
7.54213	0.0245514
7.54238	0.0326821
7.54262	0.0352624
7.54286	0.0260367
7.54311	0.0156487
7.54335	0.0180732
7.5436	0.0297901
7.54384	0.0337802
7.54409	0.0244939
7.54433	0.0159896
7.54458	0.0197662
7.54482	0.026753
7.54507	0.0223491
7.54531	0.0104899
7.54556	0.0074794
7.5458	0.0154363
7.54604	0.0188546
7.54629	0.00979901
7.54653	0.000284841
7.54678	0.00261889
7.54702	0.0114099
7.54727	0.0153162
7.54751	0.0150304
7.54776	0.0169088
7.548	0.0178942
7.54825	0.0116112
7.54849	0.00340352
7.54873	0.00355342
7.54898	0.00900216
7.54922	0.00807742
7.54947	0.00201183
7.54971	0.00426064
7.54996	0.0166731
7.5502	0.0240886
7.55045	0.0179653
7.55069	0.00899854
7.55094	0.00861492
7.55118	0.012946
7.55143	0.0143514
7.55167	0.0147232
7.55191	0.0165977
7.55216	0.0145109
7.5524	0.00769417
7.55265	0.00843265
7.55289	0.0227542
7.55314	0.0344906
7.55338	0.0265514
7.55363	0.00892422
7.55387	0.00513687
7.55412	0.016762
7.55436	0.023644
7.55461	0.0175893
7.55485	0.012446
7.55509	0.0172351
7.55534	0.0217844
7.55558	0.0176743
7.55583	0.014025
7.55607	0.0201718
7.55632	0.0279977
7.55656	0.0255239
7.55681	0.0167282
7.55705	0.0134153
7.5573	0.015574
7.55754	0.0144211
7.55779	0.00978421
7.55803	0.00982711
7.55827	0.0150183
7.55852	0.0156595
7.55876	0.00728457
7.55901	-0.00171347
7.55925	-0.00136844
7.5595	0.00761941
7.55974	0.0160956
7.55999	0.0165463
7.56023	0.00892649
7.56048	-0.000262734
7.56072	-0.00318911
7.56097	0.00277139
7.56121	0.0127973
7.56145	0.0197484
7.5617	0.0205127
7.56194	0.0162716
7.56219	0.00938566
7.56243	0.0028409
7.56268	0.000107231
7.56292	0.00163848
7.56317	0.00333492
7.56341	0.00209572
7.56366	0.000681955
7.5639	0.00271663
7.56414	0.00543135
7.56439	0.00359429
7.56463	-0.000552241
7.56488	0.00124493
7.56512	0.01056
7.56537	0.0183479
7.56561	0.0174322
7.56586	0.0129575
7.5661	0.014623
7.56635	0.0221713
7.56659	0.0256149
7.56684	0.0195088
7.56708	0.0106361
7.56732	0.00900035
7.56757	0.0154017
7.56781	0.0219064
7.56806	0.0228956
7.5683	0.0211411
7.56855	0.0218415
7.56879	0.0243559
7.56904	0.0237366
7.56928	0.0194917
7.56953	0.0178281
7.56977	0.0226412
7.57002	0.0280081
7.57026	0.0246938
7.5705	0.0129516
7.57075	0.00304003
7.57099	0.00179579
7.57124	0.00446683
7.57148	0.00337915
7.57173	-0.000418059
7.57197	-9.86468e-05
7.57222	0.00540301
7.57246	0.0100375
7.57271	0.010338
7.57295	0.00941133
7.5732	0.00989725
7.57344	0.00967688
7.57368	0.0075807
7.57393	0.00728295
7.57417	0.0109721
7.57442	0.0140034
7.57466	0.0114106
7.57491	0.00625376
7.57515	0.00537446
7.5754	0.00896426
7.57564	0.0106623
7.57589	0.00735675
7.57613	0.00294362
7.57637	0.001808
7.57662	0.00377659
7.57686	0.00680402
7.57711	0.0101634
7.57735	0.0130895
7.5776	0.0137972
7.57784	0.0121797
7.57809	0.0112466
7.57833	0.0138022
7.57858	0.0186485
7.57882	0.0213269
7.57907	0.0186679
7.57931	0.0126968
7.57955	0.00947566
7.5798	0.0122513
7.58004	0.0162452
7.58029	0.0140883
7.58053	0.00704064
7.58078	0.00495679
7.58102	0.0121105
7.58127	0.0197344
7.58151	0.0185543
7.58176	0.0126437
7.582	0.0122608
7.58225	0.0172852
7.58249	0.0182707
7.58273	0.0122482
7.58298	0.00645156
7.58322	0.00544165
7.58347	0.00497585
7.58371	0.00179376
7.58396	0.000394173
7.5842	0.00527069
7.58445	0.0130056
7.58469	0.0169494
7.58494	0.0154355
7.58518	0.0117761
7.58543	0.0093963
7.58567	0.00942394
7.58591	0.0107171
7.58616	0.0113038
7.5864	0.0110795
7.58665	0.011116
7.58689	0.00869995
7.58714	-0.00114675
7.58738	-0.0147254
7.58763	-0.0185046
7.58787	-0.00763544
7.58812	0.00324779
7.58836	0.000677821
7.5886	-0.00504413
7.58885	0.00385889
7.58909	0.0204912
7.58934	0.0212999
7.58958	0.00490805
7.58983	-0.00396524
7.59007	0.00546566
7.59032	0.0135774
7.59056	0.00515782
7.59081	-0.00556033
7.59105	-0.00179929
7.5913	0.00699428
7.59154	0.00482723
7.59178	-0.00128816
7.59203	0.00406243
7.59227	0.0146734
7.59252	0.0130283
7.59276	0.0012998
7.59301	-0.00298706
7.59325	0.00358507
7.5935	0.00875996
7.59374	0.0084627
7.59399	0.00950228
7.59423	0.0110922
7.59448	0.00615199
7.59472	-0.00012084
7.59496	0.00463739
7.59521	0.0158569
7.59545	0.0153436
7.5957	0.00106285
7.59594	-0.00839847
7.59619	-0.00360264
7.59643	0.00292214
7.59668	0.000388724
7.59692	-0.00397685
7.59717	-0.00147293
7.59741	0.00334903
7.59766	0.0050998
7.5979	0.00881259
7.59814	0.0172257
7.59839	0.0204641
7.59863	0.0108811
7.59888	-0.00241164
7.59912	-0.00577201
7.59937	0.000354259
7.59961	0.0054607
7.59986	0.00454613
7.6001	3.88471e-05
7.60035	-0.00579812
7.60059	-0.0111107
7.60083	-0.011343
7.60108	-0.00414424
7.60132	0.0049041
7.60157	0.00730477
7.60181	0.00126085
7.60206	-0.00654999
7.6023	-0.0073444
7.60255	0.00167148
7.60279	0.0129765
7.60304	0.0148012
7.60328	0.00569523
7.60353	-0.00176592
7.60377	0.00121439
7.60401	0.00540749
7.60426	-0.000974066
7.6045	-0.00985961
7.60475	-0.00426157
7.60499	0.0120252
7.60524	0.0172366
7.60548	0.00559204
7.60573	-0.00410603
7.60597	0.000230161
7.60622	0.00642706
7.60646	0.00195238
7.60671	-0.00556732
7.60695	-0.00538339
7.60719	-0.00262609
7.60744	-0.00422621
7.60768	-0.00230024
7.60793	0.0101428
7.60817	0.0206545
7.60842	0.0145957
7.60866	0.000584061
7.60891	-0.00195489
7.60915	0.00674342
7.6094	0.00971252
7.60964	0.002117
7.60989	-0.00402781
7.61013	-0.00314373
7.61037	-0.00377893
7.61062	-0.0100739
7.61086	-0.0135014
7.61111	-0.0090422
7.61135	-0.00483441
7.6116	-0.00792581
7.61184	-0.0117752
7.61209	-0.0070325
7.61233	0.00255614
7.61258	0.00448635
7.61282	-0.00484809
7.61306	-0.0145438
7.61331	-0.0127098
7.61355	-0.00112581
7.6138	0.00766146
7.61404	0.00677729
7.61429	0.00252642
7.61453	0.00233211
7.61478	0.00248635
7.61502	-0.00330239
7.61527	-0.00900732
7.61551	-0.00366232
7.61576	0.00861104
7.616	0.0123499
7.61624	0.00562002
7.61649	0.00274822
7.61673	0.00789441
7.61698	0.0066017
7.61722	-0.00696073
7.61747	-0.015509
7.61771	-0.00609943
7.61796	0.00721523
7.6182	0.00663403
7.61845	-0.000610833
7.61869	0.00172279
7.61894	0.00887174
7.61918	0.00570162
7.61942	-0.00396847
7.61967	-0.00496431
7.61991	0.000290343
7.62016	-0.00263779
7.6204	-0.0109657
7.62065	-0.00875103
7.62089	0.00261877
7.62114	0.00613073
7.62138	0.000788266
7.62163	0.00252984
7.62187	0.0115943
7.62212	0.0094524
7.62236	-0.00562505
7.6226	-0.0105887
7.62285	0.00408612
7.62309	0.0170512
7.62334	0.0112983
7.62358	0.000194457
7.62383	0.00118342
7.62407	0.00740379
7.62432	0.00504453
7.62456	-0.0015301
7.62481	-0.00240493
7.62505	-0.00228944
7.62529	-0.00791
7.62554	-0.0110397
7.62578	-0.00399262
7.62603	0.00298405
7.62627	-0.000148819
7.62652	-0.00287933
7.62676	0.00641073
7.62701	0.0155761
7.62725	0.00786988
7.6275	-0.00680832
7.62774	-0.00684023
7.62799	0.00470195
7.62823	0.00727941
7.62847	4.29977e-05
7.62872	0.00152812
7.62896	0.013869
7.62921	0.0175501
7.62945	0.00550946
7.6297	-0.00497082
7.62994	-0.00141988
7.63019	0.00675909
7.63043	0.00856583
7.63068	0.00741056
7.63092	0.00786222
7.63117	0.00534618
7.63141	-0.00162197
7.63165	-0.00527882
7.6319	-0.00262509
7.63214	-0.000383592
7.63239	-0.000177354
7.63263	0.00451004
7.63288	0.0110631
7.63312	0.00649623
7.63337	-0.00891047
7.63361	-0.0165278
7.63386	-0.00780194
7.6341	0.00197895
7.63435	2.91593e-05
7.63459	-0.00402623
7.63483	0.000786856
7.63508	0.00578636
7.63532	0.00119356
7.63557	-0.00220335
7.63581	0.0081605
7.63606	0.0206843
7.6363	0.0163919
7.63655	0.000962026
7.63679	-0.00486598
7.63704	0.000609447
7.63728	0.00131893
7.63752	-0.00512085
7.63777	-0.0039468
7.63801	0.00744761
7.63826	0.01224
7.6385	0.00270856
7.63875	-0.00602276
7.63899	-0.000685607
7.63924	0.00949426
7.63948	0.00891103
7.63973	-0.000726529
7.63997	-0.00558728
7.64022	-0.000848997
7.64046	0.00474796
7.6407	0.00259759
7.64095	-0.00520041
7.64119	-0.00903636
7.64144	-0.00296906
7.64168	0.00753756
7.64193	0.0110282
7.64217	0.00466395
7.64242	-0.00196321
7.64266	-0.00174265
7.64291	-0.000497925
7.64315	-0.00408638
7.6434	-0.00440614
7.64364	0.00746292
7.64388	0.0210189
7.64413	0.0174459
7.64437	-0.00118117
7.64462	-0.0126791
7.64486	-0.00625443
7.64511	0.00496625
7.64535	0.00687457
7.6456	0.00240362
7.64584	0.000173642
7.64609	0.000773782
7.64633	0.00215603
7.64658	0.00535441
7.64682	0.00759632
7.64706	0.00237897
7.64731	-0.00715636
7.64755	-0.00829135
7.6478	0.00122246
7.64804	0.00762726
7.64829	0.00335622
7.64853	-0.000807808
7.64878	0.00427344
7.64902	0.00984854
7.64927	0.00606013
7.64951	0.000416613
7.64976	0.00398451
7.65	0.0113647
7.65024	0.011293
7.65049	0.00729634
7.65073	0.0100563
7.65098	0.0166508
7.65122	0.0154012
7.65147	0.00662591
7.65171	0.00154966
7.65196	0.00364088
7.6522	0.00669602
7.65245	0.00884737
7.65269	0.0132043
7.65293	0.0167031
7.65318	0.0136665
7.65342	0.00926137
7.65367	0.0140977
7.65391	0.0255212
7.65416	0.0294923
7.6544	0.0224134
7.65465	0.0162184
7.65489	0.0186364
7.65514	0.0223231
7.65538	0.0188365
7.65563	0.0120479
7.65587	0.0113815
7.65611	0.0193221
7.65636	0.0301602
7.6566	0.0357845
7.65685	0.0313345
7.65709	0.0206684
7.65734	0.0155007
7.65758	0.0223787
7.65783	0.0324513
7.65807	0.0322833
7.65832	0.0222293
7.65856	0.0140946
7.65881	0.0129294
7.65905	0.0129222
7.65929	0.0104133
7.65954	0.00854316
7.65978	0.00832708
7.66003	0.00720834
7.66027	0.00728321
7.66052	0.0125604
7.66076	0.0172364
7.66101	0.0107332
7.66125	-0.002861
7.6615	-0.00545
7.66174	0.00921933
7.66199	0.0243439
7.66223	0.0228268
7.66247	0.00938201
7.66272	0.000194283
7.66296	-2.32123e-05
7.66321	0.000398
7.66345	-0.00428177
7.6637	-0.0102816
7.66394	-0.011419
7.66419	-0.00661795
7.66443	-0.000420982
7.66468	0.0017835
7.66492	0.000145021
7.66516	0.000799009
7.66541	0.00643536
7.66565	0.00977796
7.6659	0.00372822
7.66614	-0.00527867
7.66639	-0.00458754
7.66663	0.0055619
7.66688	0.0124634
7.66712	0.0106208
7.66737	0.00794302
7.66761	0.0105864
7.66786	0.0152173
7.6681	0.0194204
7.66834	0.0257846
7.66859	0.0315361
7.66883	0.0286233
7.66908	0.0195373
7.66932	0.0178924
7.66957	0.0263586
7.66981	0.0296784
7.67006	0.0190148
7.6703	0.00767768
7.67055	0.0104985
7.67079	0.0213724
7.67104	0.0251519
7.67128	0.0202999
7.67152	0.0152715
7.67177	0.0121229
7.67201	0.00833774
7.67226	0.00675044
7.6725	0.00981316
7.67275	0.0113188
7.67299	0.0066944
7.67324	0.00363654
7.67348	0.00946618
7.67373	0.0167106
7.67397	0.01539
7.67422	0.010324
7.67446	0.0105407
7.6747	0.0110641
7.67495	0.00369312
7.67519	-0.00293204
7.67544	0.00420705
7.67568	0.0162346
7.67593	0.0128426
7.67617	-0.00348394
7.67642	-0.00926636
7.67666	0.00206625
7.67691	0.0101097
7.67715	0.00220927
7.67739	-0.00643231
7.67764	0.000401884
7.67788	0.0136632
7.67813	0.0155434
7.67837	0.00698119
7.67862	0.00177338
7.67886	0.00320537
7.67911	0.00296714
7.67935	-0.00168489
7.6796	-0.00373502
7.67984	0.00152158
7.68009	0.00932216
7.68033	0.0108607
7.68057	0.00211677
7.68082	-0.0109912
7.68106	-0.015685
7.68131	-0.00563011
7.68155	0.00886149
7.6818	0.0118603
7.68204	0.00298152
7.68229	-0.00336413
7.68253	-0.00098535
7.68278	0.000221062
7.68302	-0.00564
7.68327	-0.00820286
7.68351	0.00112491
7.68375	0.0122936
7.684	0.0110525
7.68424	0.00045266
7.68449	-0.00585019
7.68473	-0.00396987
7.68498	0.000306727
7.68522	0.00534596
7.68547	0.0122061
7.68571	0.0139654
7.68596	0.00278377
7.6862	-0.0133536
7.68645	-0.0164448
7.68669	-0.00300468
7.68693	0.0103933
7.68718	0.0095038
7.68742	-0.000995291
7.68767	-0.00745116
7.68791	-0.00427983
7.68816	0.00364333
7.6884	0.00852991
7.68865	0.00586999
7.68889	-0.00129053
7.68914	-0.00278505
7.68938	0.00747808
7.68962	0.0204662
7.68987	0.0208706
7.69011	0.00816813
7.69036	-0.00167455
7.6906	0.000868049
7.69085	0.00573585
7.69109	0.000308473
7.69134	-0.0107532
7.69158	-0.0135726
7.69183	-0.00621994
7.69207	0.000586507
7.69232	0.00110527
7.69256	0.000609514
7.6928	0.00315852
7.69305	0.00462672
7.69329	0.00175575
7.69354	-0.000823812
7.69378	0.00162067
7.69403	0.00572106
7.69427	0.00627078
7.69452	0.00582146
7.69476	0.00993546
7.69501	0.015273
7.69525	0.011788
7.6955	-0.00160172
7.69574	-0.0121634
7.69598	-0.00908813
7.69623	0.00207064
7.69647	0.00741874
7.69672	0.00315741
7.69696	-0.00201722
7.69721	-0.00137375
7.69745	0.0018699
7.6977	0.00253621
7.69794	0.00135975
7.69819	0.000935421
7.69843	0.000109105
7.69868	-0.00269674
7.69892	-0.0050364
7.69916	-0.00402309
7.69941	-0.000690993
7.69965	0.00301206
7.6999	0.00726109
7.70014	0.0103487
7.70039	0.00721704
7.70063	-0.00207922
7.70088	-0.00777785
7.70112	-0.0020805
7.70137	0.0085795
7.70161	0.011495
7.70185	0.00482162
7.7021	-0.00242195
7.70234	-0.00507621
7.70259	-0.00614525
7.70283	-0.00724932
7.70308	-0.00576243
7.70332	-0.00239635
7.70357	-0.00116725
7.70381	-0.000274238
7.70406	0.00626481
7.7043	0.0157883
7.70455	0.0174958
7.70479	0.00943846
7.70503	0.00281817
7.70528	0.00399722
7.70552	0.00483835
7.70577	-0.00130802
7.70601	-0.00655414
7.70626	-0.00227298
7.7065	0.00486676
7.70675	0.00376572
7.70699	-0.0023608
7.70724	-0.00221545
7.70748	0.00429321
7.70773	0.00735573
7.70797	0.00442346
7.70821	0.00210371
7.70846	0.00274683
7.7087	0.00240929
7.70895	0.00120684
7.70919	0.00265873
7.70944	0.0032363
7.70968	-0.00377378
7.70993	-0.0133034
7.71017	-0.0118722
7.71042	0.00121227
7.71066	0.0103652
7.71091	0.00646365
7.71115	-0.000701401
7.71139	-1.4066e-05
7.71164	0.00391223
7.71188	0.0016738
7.71213	-0.00333863
7.71237	-0.0013205
7.71262	0.00593458
7.71286	0.00681864
7.71311	-0.00152884
7.71335	-0.00809164
7.7136	-0.00403487
7.71384	0.00465733
7.71408	0.00585494
7.71433	-0.0017987
7.71457	-0.0073245
7.71482	-0.00338777
7.71506	0.00236936
7.71531	-0.00177869
7.71555	-0.0123336
7.7158	-0.0130068
7.71604	0.000439009
7.71629	0.0101841
7.71653	0.00115946
7.71678	-0.0147786
7.71702	-0.0152722
7.71726	-0.00139224
7.71751	0.00473217
7.71775	-0.00498575
7.718	-0.0138487
7.71824	-0.00995182
7.71849	-0.00481961
7.71873	-0.0107799
7.71898	-0.0180968
7.71922	-0.0114425
7.71947	0.00353092
7.71971	0.00845495
7.71996	-0.000155492
7.7202	-0.00887087
7.72044	-0.00911113
7.72069	-0.0049418
7.72093	-0.0003712
7.72118	0.00625
7.72142	0.0134544
7.72167	0.0146871
7.72191	0.00858019
7.72216	0.00213314
7.7224	0.0005487
7.72265	0.00113062
7.72289	-7.87269e-05
7.72314	-0.0019633
7.72338	-0.00176305
7.72362	-0.000221035
7.72387	-0.000119099
7.72411	-0.00185715
7.72436	-0.002579
7.7246	0.000462572
7.72485	0.00570171
7.72509	0.00743975
7.72534	0.00270635
7.72558	-0.00317687
7.72583	-0.00263035
7.72607	0.00305334
7.72632	0.00522077
7.72656	0.000996642
7.7268	-0.00326009
7.72705	-0.00342213
7.72729	-0.00311246
7.72754	-0.00440169
7.72778	-0.00324098
7.72803	0.000703586
7.72827	0.000318661
7.72852	-0.00623139
7.72876	-0.00985991
7.72901	-0.0056172
7.72925	-0.0020988
7.72949	-0.0060157
7.72974	-0.00914317
7.72998	-0.00329973
7.73023	0.00271094
7.73047	-0.00318811
7.73072	-0.0144801
7.73096	-0.0154494
7.73121	-0.00652872
7.73145	-0.00201362
7.7317	-0.00576743
7.73194	-0.00757735
7.73219	-0.00325955
7.73243	-0.00074661
7.73267	-0.0041012
7.73292	-0.0070487
7.73316	-0.00570901
7.73341	-0.00434166
7.73365	-0.00529843
7.7339	-0.00527922
7.73414	-0.00403272
7.73439	-0.00529402
7.73463	-0.00722129
7.73488	-0.00362473
7.73512	0.00339817
7.73537	0.00406464
7.73561	-0.00341155
7.73585	-0.00931043
7.7361	-0.00740989
7.73634	-0.00268148
7.73659	-0.00147391
7.73683	-0.00423197
7.73708	-0.00960006
7.73732	-0.0151466
7.73757	-0.013463
7.73781	4.99801e-05
7.73806	0.014529
7.7383	0.0128845
7.73855	-0.00367701
7.73879	-0.0152006
7.73903	-0.0113899
7.73928	-0.0048054
7.73952	-0.00844328
7.73977	-0.0154536
7.74001	-0.012742
7.74026	-0.00312065
7.7405	-6.44919e-05
7.74075	-0.00633705
7.74099	-0.0104454
7.74124	-0.00344895
7.74148	0.0090419
7.74172	0.0133019
7.74197	0.00311329
7.74221	-0.0119166
7.74246	-0.0155485
7.7427	-0.00428259
7.74295	0.00728792
7.74319	0.00572763
7.74344	-0.00325622
7.74368	-0.00572492
7.74393	-0.00163993
7.74417	-0.00186034
7.74442	-0.00741015
7.74466	-0.00879698
7.7449	-0.00497452
7.74515	-0.00492317
7.74539	-0.00891582
7.74564	-0.00660607
7.74588	0.0025887
7.74613	0.00579315
7.74637	-0.00103747
7.74662	-0.00551873
7.74686	-0.000875421
7.74711	0.00263438
7.74735	-0.00224535
7.7476	-0.00587533
7.74784	0.000466073
7.74808	0.00862358
7.74833	0.00836055
7.74857	0.00432875
7.74882	0.00501864
7.74906	0.00710731
7.74931	0.00425593
7.74955	0.00081118
7.7498	0.00350646
7.75004	0.00866836
7.75029	0.00950253
7.75053	0.00739735
7.75078	0.00563446
7.75102	0.00159889
7.75126	-0.00464221
7.75151	-0.00474901
7.75175	0.00423545
7.752	0.0116039
7.75224	0.009186
7.75249	0.00431701
7.75273	0.00552456
7.75298	0.00789203
7.75322	0.00493169
7.75347	0.00184735
7.75371	0.00345491
7.75395	0.002626
7.7542	-0.00425522
7.75444	-0.00491966
7.75469	0.00819647
7.75493	0.0195898
7.75518	0.0133737
7.75542	0.000825258
7.75567	0.00201065
7.75591	0.0117882
7.75616	0.0105515
7.7564	3.07685e-05
7.75665	-0.000600767
7.75689	0.00997074
7.75713	0.0132785
7.75738	0.00442068
7.75762	-0.00121908
7.75787	0.0021757
7.75811	0.00169181
7.75836	-0.0074222
7.7586	-0.011641
7.75885	-0.00478938
7.75909	0.000167923
7.75934	-0.00429296
7.75958	-0.0062411
7.75983	0.0022503
7.76007	0.00813782
7.76031	-0.000566371
7.76056	-0.0129569
7.7608	-0.0123081
7.76105	-0.00173379
7.76129	0.00384724
7.76154	0.00123289
7.76178	-0.00133456
7.76203	-0.000296901
7.76227	0.00181675
7.76252	0.00527332
7.76276	0.0106844
7.76301	0.0126076
7.76325	0.00682852
7.76349	-0.000811921
7.76374	-0.00298643
7.76398	-0.00245486
7.76423	-0.00453184
7.76447	-0.00465336
7.76472	0.00372342
7.76496	0.0142156
7.76521	0.0152924
7.76545	0.00994127
7.7657	0.0114533
7.76594	0.0195575
7.76618	0.0182589
7.76643	0.00256615
7.76667	-0.00923223
7.76692	-0.000796881
7.76716	0.0173275
7.76741	0.0224332
7.76765	0.0118387
7.7679	0.00396796
7.76814	0.00926759
7.76839	0.0172169
7.76863	0.016561
7.76888	0.0127474
7.76912	0.0150289
7.76936	0.0182441
7.76961	0.012175
7.76985	0.00225735
7.7701	0.00387294
7.77034	0.0169964
7.77059	0.023902
7.77083	0.0163441
7.77108	0.0086213
7.77132	0.0144109
7.77157	0.0247607
7.77181	0.0231328
7.77206	0.0125625
7.7723	0.0106851
7.77254	0.0214341
7.77279	0.0290864
7.77303	0.0225242
7.77328	0.0103925
7.77352	0.00621303
7.77377	0.010366
7.77401	0.0151485
7.77426	0.0187371
7.7745	0.0238333
7.77475	0.0279073
7.77499	0.0261384
7.77524	0.0224039
7.77548	0.0260631
7.77572	0.0361073
7.77597	0.0394507
7.77621	0.0303407
7.77646	0.021581
7.7767	0.0272326
7.77695	0.041774
7.77719	0.0488696
7.77744	0.0460674
7.77768	0.0454847
7.77793	0.0513448
7.77817	0.0547811
7.77841	0.0541779
7.77866	0.0610499
7.7789	0.0771717
7.77915	0.0855805
7.77939	0.0780403
7.77964	0.0727022
7.77988	0.085922
7.78013	0.103891
7.78037	0.105829
7.78062	0.100425
7.78086	0.110325
7.78111	0.130992
7.78135	0.138097
7.78159	0.131169
7.78184	0.134981
7.78208	0.156388
7.78233	0.174738
7.78257	0.180795
7.78282	0.190596
7.78306	0.211277
7.78331	0.227527
7.78355	0.235215
7.7838	0.254647
7.78404	0.29349
7.78429	0.329155
7.78453	0.348103
7.78477	0.371256
7.78502	0.4176
7.78526	0.473388
7.78551	0.523554
7.78575	0.583583
7.786	0.669538
7.78624	0.763559
7.78649	0.842978
7.78673	0.920491
7.78698	1.02127
7.78722	1.1428
7.78747	1.27437
7.78771	1.43504
7.78795	1.6504
7.7882	1.90844
7.78844	2.1815
7.78869	2.47726
7.78893	2.81827
7.78918	3.17615
7.78942	3.47789
7.78967	3.68765
7.78991	3.84595
7.79016	4.02008
7.7904	4.24446
7.79064	4.50924
7.79089	4.77222
7.79113	4.97322
7.79138	5.06227
7.79162	5.02255
7.79187	4.86124
7.79211	4.60382
7.79236	4.32115
7.7926	4.11978
7.79285	4.04088
7.79309	3.98447
7.79334	3.80337
7.79358	3.47456
7.79382	3.1152
7.79407	2.82667
7.79431	2.59549
7.79456	2.36567
7.7948	2.13088
7.79505	1.91333
7.79529	1.712
7.79554	1.52281
7.79578	1.36782
7.79603	1.25875
7.79627	1.16488
7.79652	1.05696
7.79676	0.951553
7.797	0.876179
7.79725	0.824187
7.79749	0.781181
7.79774	0.762128
7.79798	0.781657
7.79823	0.818777
7.79847	0.852493
7.79872	0.902225
7.79896	0.990012
7.79921	1.09318
7.79945	1.18173
7.7997	1.27315
7.79994	1.39686
7.80018	1.53013
7.80043	1.63128
7.80067	1.72065
7.80092	1.86452
7.80116	2.0821
7.80141	2.32915
7.80165	2.57645
7.8019	2.84337
7.80214	3.13857
7.80239	3.4218
7.80263	3.65125
7.80287	3.83176
7.80312	3.99125
7.80336	4.13479
7.80361	4.24251
7.80385	4.29744
7.8041	4.30639
7.80434	4.30564
7.80459	4.34008
7.80483	4.41112
7.80508	4.44774
7.80532	4.35795
7.80557	4.11256
7.80581	3.76118
7.80605	3.38062
7.8063	3.0394
7.80654	2.79301
7.80679	2.65378
7.80703	2.55536
7.80728	2.39649
7.80752	2.14072
7.80777	1.84075
7.80801	1.55863
7.80826	1.30698
7.8085	1.08209
7.80875	0.901564
7.80899	0.774892
7.80923	0.674392
7.80948	0.571776
7.80972	0.477417
7.80997	0.412657
7.81021	0.36872
7.81046	0.324972
7.8107	0.285531
7.81095	0.264611
7.81119	0.253336
7.81144	0.233617
7.81168	0.210795
7.81193	0.201103
7.81217	0.198283
7.81241	0.183582
7.81266	0.16033
7.8129	0.148473
7.81315	0.149989
7.81339	0.148109
7.81364	0.138019
7.81388	0.131423
7.81413	0.130745
7.81437	0.123774
7.81462	0.106854
7.81486	0.0922563
7.81511	0.0884001
7.81535	0.0897795
7.81559	0.0897875
7.81584	0.0889258
7.81608	0.0879147
7.81633	0.0851489
7.81657	0.0821056
7.81682	0.0808104
7.81706	0.0776479
7.81731	0.0702069
7.81755	0.0658971
7.8178	0.070974
7.81804	0.0761275
7.81828	0.0685455
7.81853	0.0543065
7.81877	0.0508979
7.81902	0.05888
7.81926	0.0603133
7.81951	0.0478815
7.81975	0.0367042
7.82	0.0402165
7.82024	0.050152
7.82049	0.0506405
7.82073	0.0411498
7.82098	0.0345158
7.82122	0.0380116
7.82146	0.0455934
7.82171	0.0474232
7.82195	0.0417253
7.8222	0.0363627
7.82244	0.0390134
7.82269	0.046025
7.82293	0.0452203
7.82318	0.032923
7.82342	0.0220356
7.82367	0.0258135
7.82391	0.0388623
7.82416	0.0445713
7.8244	0.0383398
7.82464	0.0313206
7.82489	0.0314241
7.82513	0.0332623
7.82538	0.0303362
7.82562	0.026251
7.82587	0.0277637
7.82611	0.0339494
7.82636	0.0381637
7.8266	0.0364427
7.82685	0.0300887
7.82709	0.023463
7.82734	0.0216465
7.82758	0.0266139
7.82782	0.0339012
7.82807	0.0365885
7.82831	0.0336467
7.82856	0.030419
7.8288	0.030264
7.82905	0.0305226
7.82929	0.0281586
7.82954	0.0247308
7.82978	0.0235337
7.83003	0.0251609
7.83027	0.0276681
7.83051	0.028463
7.83076	0.0253204
7.831	0.0185925
7.83125	0.0130494
7.83149	0.0142065
7.83174	0.021587
7.83198	0.0280711
7.83223	0.0270663
7.83247	0.0190494
7.83272	0.0110139
7.83296	0.010105
7.83321	0.0163902
7.83345	0.0214405
7.83369	0.0174235
7.83394	0.00857843
7.83418	0.00785826
7.83443	0.0188418
7.83467	0.0283986
7.83492	0.0243185
7.83516	0.0133086
7.83541	0.0108615
7.83565	0.0179788
7.8359	0.0213039
7.83614	0.0153223
7.83639	0.0101037
7.83663	0.0138627
7.83687	0.0208899
7.83712	0.0228431
7.83736	0.0209724
7.83761	0.0195062
7.83785	0.0161445
7.8381	0.00828545
7.83834	0.00176542
7.83859	0.0036358
7.83883	0.0105922
7.83908	0.0135801
7.83932	0.0109898
7.83957	0.00910703
7.83981	0.0116359
7.84005	0.0163207
7.8403	0.0201326
7.84054	0.0208389
7.84079	0.015699
7.84103	0.00619673
7.84128	0.00157955
7.84152	0.00864386
7.84177	0.0195685
7.84201	0.0203237
7.84226	0.0109766
7.8425	0.0057776
7.84274	0.0110198
7.84299	0.0161613
7.84323	0.0125725
7.84348	0.00736288
7.84372	0.00828785
7.84397	0.00746597
7.84421	-0.00429114
7.84446	-0.0155529
7.8447	-0.0066747
7.84495	0.0177142
7.84519	0.0296639
7.84544	0.0164496
7.84568	-0.0011176
7.84592	0.000381049
7.84617	0.014219
7.84641	0.0178487
7.84666	0.00849636
7.8469	0.00420311
7.84715	0.0131614
7.84739	0.0223159
7.84764	0.0197969
7.84788	0.0117664
7.84813	0.00929055
7.84837	0.0112664
7.84862	0.0103594
7.84886	0.00731676
7.8491	0.00859773
7.84935	0.0141123
7.84959	0.0169936
7.84984	0.0142158
7.85008	0.00974011
7.85033	0.00702136
7.85057	0.004686
7.85082	0.00133587
7.85106	0.000140779
7.85131	0.00527946
7.85155	0.0146904
7.8518	0.0193776
7.85204	0.0128147
7.85228	0.000857753
7.85253	-0.00263974
7.85277	0.00648087
7.85302	0.0148265
7.85326	0.00876937
7.85351	-0.0047267
7.85375	-0.00626502
7.854	0.00786354
7.85424	0.0199555
7.85449	0.0172668
7.85473	0.00958508
7.85497	0.0117053
7.85522	0.0211746
7.85546	0.0260981
7.85571	0.0252535
7.85595	0.025393
7.8562	0.0251367
7.85644	0.018194
7.85669	0.00963365
7.85693	0.0118113
7.85718	0.0232044
7.85742	0.0275312
7.85767	0.0179155
7.85791	0.00727067
7.85815	0.00823247
7.8584	0.0155514
7.85864	0.0170864
7.85889	0.012247
7.85913	0.0094259
7.85938	0.0115418
7.85962	0.0138055
7.85987	0.0127019
7.86011	0.00970433
7.86036	0.00765703
7.8606	0.00832408
7.86085	0.0116878
7.86109	0.014608
7.86133	0.0131454
7.86158	0.00868424
7.86182	0.00765215
7.86207	0.0124548
7.86231	0.0173897
7.86256	0.0168839
7.8628	0.0130055
7.86305	0.0108841
7.86329	0.0109014
7.86354	0.00951997
7.86378	0.0046177
7.86403	-0.00303212
7.86427	-0.0103627
7.86451	-0.0122737
7.86476	-0.00560161
7.865	0.00552804
7.86525	0.0130598
7.86549	0.0144526
7.86574	0.0129225
7.86598	0.00882581
7.86623	0.000204278
7.86647	-0.00721065
7.86672	-0.00276474
7.86696	0.0119718
7.8672	0.021111
7.86745	0.0161055
7.86769	0.00760492
7.86794	0.00780205
7.86818	0.0134103
7.86843	0.016088
7.86867	0.0170144
7.86892	0.0186923
7.86916	0.0147484
7.86941	0.00297559
7.86965	-0.00302571
7.8699	0.00722154
7.87014	0.0207831
7.87038	0.0196553
7.87063	0.0101548
7.87087	0.0112249
7.87112	0.0205202
7.87136	0.0186634
7.87161	0.00469538
7.87185	-0.0010172
7.8721	0.00822749
7.87234	0.0154075
7.87259	0.01106
7.87283	0.00749356
7.87308	0.0119936
7.87332	0.0124161
7.87356	0.00320779
7.87381	0.000575723
7.87405	0.0140785
7.8743	0.0257839
7.87454	0.0186133
7.87479	0.00559783
7.87503	0.00739662
7.87528	0.0175517
7.87552	0.016568
7.87577	0.00764496
7.87601	0.00933201
7.87626	0.0198561
7.8765	0.0186049
7.87674	0.00231915
7.87699	-0.00800352
7.87723	-0.000682033
7.87748	0.0104152
7.87772	0.0107443
7.87797	0.00549305
7.87821	0.00502782
7.87846	0.0066185
7.8787	0.00271022
7.87895	-0.00395948
7.87919	-0.00498009
7.87943	0.000642732
7.87968	0.00665043
7.87992	0.00846895
7.88017	0.00613173
7.88041	0.00172953
7.88066	-0.00200231
7.8809	-0.00309683
7.88115	-0.00243299
7.88139	-0.00238291
7.88164	-0.00354699
7.88188	-0.00526378
7.88213	-0.00747364
7.88237	-0.00891287
7.88261	-0.00669694
7.88286	-0.001642
7.8831	0.000387074
7.88335	-0.00272075
7.88359	-0.00469759
7.88384	-0.000931216
7.88408	0.00367521
7.88433	0.00440518
7.88457	0.00638802
7.88482	0.014388
7.88506	0.0207243
7.88531	0.016248
7.88555	0.0069485
7.88579	0.00503426
7.88604	0.00836778
7.88628	0.00488239
7.88653	-0.00541985
7.88677	-0.00968415
7.88702	-0.00282643
7.88726	0.00702116
7.88751	0.0138966
7.88775	0.0191914
7.888	0.0209146
7.88824	0.0140496
7.88849	0.0035311
7.88873	0.00105722
7.88897	0.00662835
7.88922	0.00889921
7.88946	0.00577368
7.88971	0.0072669
7.88995	0.0146907
7.8902	0.0158899
7.89044	0.00714748
7.89069	0.00117281
7.89093	0.00509134
7.89118	0.00846591
7.89142	0.00336454
7.89167	-0.000768175
7.89191	0.0052985
7.89215	0.0132136
7.8924	0.0110611
7.89264	0.00241969
7.89289	-0.00217729
7.89313	-0.00223761
7.89338	-0.00267943
7.89362	-0.00165801
7.89387	0.00398669
7.89411	0.00894753
7.89436	0.00691011
7.8946	0.000988818
7.89484	-0.00290486
7.89509	-0.00515326
7.89533	-0.00633415
7.89558	-0.00240043
7.89582	0.00433019
7.89607	0.00151194
7.89631	-0.013499
7.89656	-0.0226442
7.8968	-0.0114238
7.89705	0.00702309
7.89729	0.0103687
7.89754	0.000551665
7.89778	-0.00229096
7.89802	0.00618902
7.89827	0.00988048
7.89851	0.00180699
7.89876	-0.00426351
7.899	0.00186151
7.89925	0.00974094
7.89949	0.00597848
7.89974	-0.00450635
7.89998	-0.00707764
7.90023	0.000440745
7.90047	0.00597547
7.90072	0.00144155
7.90096	-0.00642985
7.9012	-0.00574459
7.90145	0.00493314
7.90169	0.0148709
7.90194	0.0147539
7.90218	0.00743444
7.90243	0.00163122
7.90267	-0.000912174
7.90292	-0.00436294
7.90316	-0.00706634
7.90341	-0.00201912
7.90365	0.0090713
7.9039	0.0142606
7.90414	0.00920954
7.90438	0.00490652
7.90463	0.00974737
7.90487	0.0151889
7.90512	0.0100377
7.90536	-0.000535221
7.90561	-0.00341112
7.90585	0.00174269
7.9061	0.00399339
7.90634	-0.0003088
7.90659	-0.00375756
7.90683	-0.00140035
7.90707	0.00328457
7.90732	0.00570992
7.90756	0.0044485
7.90781	-0.000770661
7.90805	-0.00722134
7.9083	-0.00759831
7.90854	0.00116522
7.90879	0.0102262
7.90903	0.00930362
7.90928	0.00206657
7.90952	0.000418824
7.90977	0.00520807
7.91001	0.00484841
7.91025	-0.00556017
7.9105	-0.0153658
7.91074	-0.0130371
7.91099	-0.00120505
7.91123	0.00824515
7.91148	0.00863116
7.91172	0.00302655
7.91197	-0.00237177
7.91221	-0.00467481
7.91246	-0.00420114
7.9127	-0.00105633
7.91295	0.00523492
7.91319	0.01209
7.91343	0.0136121
7.91368	0.00803486
7.91392	0.00230236
7.91417	0.00300165
7.91441	0.00585953
7.91466	0.00335751
7.9149	-4.21099e-05
7.91515	0.00663379
7.91539	0.0203036
7.91564	0.0246325
7.91588	0.0150598
7.91613	0.00624725
7.91637	0.00771836
7.91661	0.00969044
7.91686	0.00383004
7.9171	0.000484701
7.91735	0.00986707
7.91759	0.0211952
7.91784	0.0191527
7.91808	0.00965912
7.91833	0.00949648
7.91857	0.0186255
7.91882	0.0228141
7.91906	0.0182997
7.9193	0.0144432
7.91955	0.0152586
7.91979	0.0164505
7.92004	0.01845
7.92028	0.0252084
7.92053	0.0318398
7.92077	0.0299069
7.92102	0.0232537
7.92126	0.0224338
7.92151	0.0256105
7.92175	0.0222418
7.922	0.0142968
7.92224	0.0152376
7.92248	0.0269138
7.92273	0.0355033
7.92297	0.0333145
7.92322	0.0278856
7.92346	0.0256406
7.92371	0.0224359
7.92395	0.0156945
7.9242	0.01183
7.92444	0.0151767
7.92469	0.0204237
7.92493	0.0213103
7.92518	0.0181167
7.92542	0.013659
7.92566	0.0101253
7.92591	0.0108644
7.92615	0.016848
7.9264	0.0219683
7.92664	0.0206846
7.92689	0.017755
7.92713	0.0200039
7.92738	0.0224687
7.92762	0.0158441
7.92787	0.00415456
7.92811	1.00859e-05
7.92836	0.00453247
7.9286	0.00766643
7.92884	0.00680574
7.92909	0.00851344
7.92933	0.0125024
7.92958	0.0112871
7.92982	0.00628869
7.93007	0.00706903
7.93031	0.0134667
7.93056	0.0156421
7.9308	0.0128358
7.93105	0.014273
7.93129	0.020288
7.93153	0.0214263
7.93178	0.0179674
7.93202	0.0202301
7.93227	0.0268774
7.93251	0.0245158
7.93276	0.0132868
7.933	0.0103107
7.93325	0.0208959
7.93349	0.0289002
7.93374	0.0245545
7.93398	0.0194137
7.93423	0.0226603
7.93447	0.0246411
7.93471	0.0175964
7.93496	0.0121716
7.9352	0.017627
7.93545	0.0239813
7.93569	0.0203733
7.93594	0.0147468
7.93618	0.0182472
7.93643	0.0249099
7.93667	0.0241876
7.93692	0.0203661
7.93716	0.0221841
7.93741	0.0251936
7.93765	0.0216057
7.93789	0.016774
7.93814	0.0190144
7.93838	0.0232091
7.93863	0.0209713
7.93887	0.0170549
7.93912	0.0189989
7.93936	0.0205303
7.93961	0.0129904
7.93985	0.00400969
7.9401	0.00590108
7.94034	0.0130906
7.94059	0.0105652
7.94083	-0.000833972
7.94107	-0.00670906
7.94132	-0.00259378
7.94156	0.00328323
7.94181	0.00741943
7.94205	0.0127108
7.9423	0.0146906
7.94254	0.00492957
7.94279	-0.0111737
7.94303	-0.017273
7.94328	-0.00907
7.94352	0.000507786
7.94376	0.00133506
7.94401	-0.00271523
7.94425	-0.00512045
7.9445	-0.00578089
7.94474	-0.00505012
7.94499	-0.000618101
7.94523	0.00546206
7.94548	0.00665864
7.94572	0.00262605
7.94597	0.00108664
7.94621	0.0057471
7.94646	0.0104555
7.9467	0.00860052
7.94694	0.00128708
7.94719	-0.00638215
7.94743	-0.0107068
7.94768	-0.00922653
7.94792	-0.0017018
7.94817	0.00671021
7.94841	0.00913562
7.94866	0.00571479
7.9489	0.00332614
7.94915	0.00521454
7.94939	0.00659271
7.94964	0.00292332
7.94988	-0.0024341
7.95012	-0.00264033
7.95037	0.0029947
7.95061	0.00743922
7.95086	0.00458974
7.9511	-0.00228677
7.95135	-0.00365573
7.95159	0.00351022
7.95184	0.0101913
7.95208	0.0075444
7.95233	0.000764677
7.95257	0.0016806
7.95282	0.00914887
7.95306	0.00926519
7.9533	-0.00218303
7.95355	-0.0105894
7.95379	-0.00307873
7.95404	0.0126962
7.95428	0.0196867
7.95453	0.0132042
7.95477	0.00197922
7.95502	-0.00589915
7.95526	-0.00853872
7.95551	-0.00677976
7.95575	-0.00388945
7.95599	-0.00477844
7.95624	-0.00890319
7.95648	-0.00912096
7.95673	-0.00354079
7.95697	-0.00108166
7.95722	-0.00758811
7.95746	-0.0144111
7.95771	-0.0107138
7.95795	-0.00038697
7.9582	0.00429928
7.95844	0.000977786
7.95869	-0.00175601
7.95893	0.00169307
7.95917	0.00841247
7.95942	0.012873
7.95966	0.0108637
7.95991	0.00115021
7.96015	-0.0103154
7.9604	-0.013065
7.96064	-0.00533879
7.96089	0.00210112
7.96113	0.00168966
7.96138	-0.000678048
7.96162	0.000993683
7.96187	0.000886921
7.96211	-0.00553453
7.96235	-0.00851865
7.9626	0.000325855
7.96284	0.00968611
7.96309	0.00437708
7.96333	-0.00833523
7.96358	-0.00879649
7.96382	0.00361075
7.96407	0.0109256
7.96431	0.00671109
7.96456	0.00320274
7.9648	0.00655805
7.96505	0.00709065
7.96529	-0.00014549
7.96553	-0.00519297
7.96578	-0.00192843
7.96602	0.000671519
7.96627	-0.00409104
7.96651	-0.00736774
7.96676	-0.000248244
7.967	0.0100723
7.96725	0.0116344
7.96749	0.00558389
7.96774	0.00111219
7.96798	1.7093e-05
7.96823	-0.00246138
7.96847	-0.00654195
7.96871	-0.00784682
7.96896	-0.00542083
7.9692	-0.00175748
7.96945	0.00261352
7.96969	0.00778796
7.96994	0.0102808
7.97018	0.00683093
7.97043	0.00103803
7.97067	0.000261497
7.97092	0.00588767
7.97116	0.0111118
7.9714	0.00930189
7.97165	0.00194057
7.97189	-0.00314487
7.97214	-0.000913492
7.97238	0.00478154
7.97263	0.00604381
7.97287	0.00162879
7.97312	-0.00131245
7.97336	0.00161145
7.97361	0.00432244
7.97385	-0.000794523
7.9741	-0.0102934
7.97434	-0.0137068
7.97458	-0.00849816
7.97483	-0.00259124
7.97507	-0.0012519
7.97532	0.000494018
7.97556	0.00870942
7.97581	0.0192215
7.97605	0.0207632
7.9763	0.00889344
7.97654	-0.00620212
7.97679	-0.00853803
7.97703	0.00543631
7.97728	0.0202069
7.97752	0.0183075
7.97776	0.00262521
7.97801	-0.00724058
7.97825	-0.00174929
7.9785	0.00731849
7.97874	0.00720131
7.97899	0.00230683
7.97923	0.00206061
7.97948	0.00302103
7.97972	-0.00250719
7.97997	-0.00932241
7.98021	-0.00748767
7.98046	-0.00130119
7.9807	-0.00240218
7.98094	-0.00792135
7.98119	-0.00451393
7.98143	0.00694977
7.98168	0.0105143
7.98192	0.00140642
7.98217	-0.0058638
7.98241	-0.00124229
7.98266	0.00642068
7.9829	0.00658899
7.98315	0.00335736
7.98339	0.00452303
7.98363	0.0066332
7.98388	0.00198262
7.98412	-0.0077989
7.98437	-0.0146111
7.98461	-0.0143861
7.98486	-0.00815897
7.9851	0.00126566
7.98535	0.00854695
7.98559	0.00823959
7.98584	0.00246952
7.98608	-0.00041176
7.98633	0.00205084
7.98657	0.00339419
7.98681	-0.000102308
7.98706	-0.00419227
7.9873	-0.00607641
7.98755	-0.00816001
7.98779	-0.00863502
7.98804	-0.000913887
7.98828	0.0116462
7.98853	0.0140681
7.98877	0.00179295
7.98902	-0.00855969
7.98926	-0.00229964
7.98951	0.0107377
7.98975	0.0109368
7.98999	-0.00201873
7.99024	-0.0103502
7.99048	-0.00415425
7.99073	0.00831847
7.99097	0.0149343
7.99122	0.0121262
7.99146	0.00350731
7.99171	-0.00409582
7.99195	-0.00376508
7.9922	0.00420554
7.99244	0.00995923
7.99269	0.00658749
7.99293	0.0011387
7.99317	0.00382797
7.99342	0.0108767
7.99366	0.0103022
7.99391	0.0019912
7.99415	-0.00210807
7.9944	0.00200248
7.99464	0.00467921
7.99489	0.000127765
7.99513	-0.00416087
7.99538	-0.0015019
7.99562	0.00246746
7.99586	0.000530674
7.99611	-0.00344378
7.99635	-0.00189999
7.9966	0.00338131
7.99684	0.00531127
7.99709	0.00352693
7.99733	0.0029521
7.99758	0.0037388
7.99782	0.00202249
7.99807	-0.00119926
7.99831	-0.00113521
7.99856	0.0014016
7.9988	0.000564465
7.99904	-0.00393555
7.99929	-0.00560557
7.99953	-0.00243533
7.99978	-0.000495151
8.00002	-0.0027495
8.00027	-0.00319182
8.00051	0.00200903
8.00076	0.00572056
8.001	0.000678329
8.00125	-0.00715406
8.00149	-0.00651838
8.00174	0.0015444
8.00198	0.0056345
8.00222	0.00242267
8.00247	0.000746432
8.00271	0.00517421
8.00296	0.00780564
8.0032	0.00225442
8.00345	-0.00471662
8.00369	-0.0037649
8.00394	0.0027739
8.00418	0.00651175
8.00443	0.00686384
8.00467	0.00901311
8.00492	0.0120262
8.00516	0.0103422
8.0054	0.00599984
8.00565	0.00801468
8.00589	0.0173859
8.00614	0.0225266
8.00638	0.0145433
8.00663	0.000110928
8.00687	-0.00687589
8.00712	-0.00248583
8.00736	0.0043799
8.00761	0.00486179
8.00785	0.000336793
8.00809	-0.00199056
8.00834	-0.000172861
8.00858	0.000259649
8.00883	-0.00424243
8.00907	-0.00809201
8.00932	-0.00358107
8.00956	0.00691587
8.00981	0.0122414
8.01005	0.00672862
8.0103	-0.0031253
8.01054	-0.00824818
8.01079	-0.00685375
8.01103	-0.00184215
8.01127	0.00458411
8.01152	0.00922339
8.01176	0.00772595
8.01201	0.00183068
8.01225	0.000251275
8.0125	0.00614057
8.01274	0.0107172
8.01299	0.00678385
8.01323	0.000823348
8.01348	0.00173415
8.01372	0.00506788
8.01397	0.00136226
8.01421	-0.00549355
8.01445	-0.00355447
8.0147	0.00610665
8.01494	0.00999083
8.01519	0.00465028
8.01543	0.00221725
8.01568	0.00932893
8.01592	0.0157937
8.01617	0.0117702
8.01641	0.00355158
8.01666	0.00258536
8.0169	0.00794902
8.01715	0.00990119
8.01739	0.00513529
8.01763	-0.00064329
8.01788	-0.00235282
8.01812	-0.000702863
8.01837	0.000860439
8.01861	1.81306e-05
8.01886	-0.0025613
8.0191	-0.0035484
8.01935	-0.00112875
8.01959	0.00178584
8.01984	0.00257206
8.02008	0.00486999
8.02032	0.0121182
8.02057	0.0170179
8.02081	0.00874184
8.02106	-0.00816
8.0213	-0.015053
8.02155	-0.00444059
8.02179	0.00874207
8.02204	0.00919781
8.02228	0.00293571
8.02253	0.00511434
8.02277	0.0150179
8.02302	0.0177272
8.02326	0.00729537
8.0235	-0.00543528
8.02375	-0.00886349
8.02399	-0.00385484
8.02424	0.00135751
8.02448	0.00164707
8.02473	-0.00220565
8.02497	-0.00587199
8.02522	-0.0048823
8.02546	0.000565995
8.02571	0.00438189
8.02595	0.00231228
8.0262	-0.000461346
8.02644	0.00438053
8.02668	0.0147201
8.02693	0.0184349
8.02717	0.0101192
8.02742	0.000138607
8.02766	0.000999898
8.02791	0.00943774
8.02815	0.0105827
8.0284	-0.000552685
8.02864	-0.0109794
8.02889	-0.00774426
8.02913	0.00322077
8.02938	0.00533852
8.02962	-0.00453751
8.02986	-0.0117166
8.03011	-0.00552413
8.03035	0.00568963
8.0306	0.00816507
8.03084	0.00209417
8.03109	-0.0024753
8.03133	-0.00224121
8.03158	-0.0012592
8.03182	0.000687677
8.03207	0.00705739
8.03231	0.0133463
8.03255	0.0106721
8.0328	0.00161028
8.03304	-0.00103443
8.03329	0.00589984
8.03353	0.0107923
8.03378	0.0066418
8.03402	0.0018337
8.03427	0.00405905
8.03451	0.00655318
8.03476	0.000865321
8.035	-0.00749133
8.03525	-0.00848536
8.03549	-0.00435102
8.03573	-0.00367775
8.03598	-0.00486449
8.03622	0.000222885
8.03647	0.00932463
8.03671	0.011156
8.03696	0.00398145
8.0372	-0.000469896
8.03745	0.0051929
8.03769	0.0131568
8.03794	0.0121408
8.03818	0.00211582
8.03843	-0.00754403
8.03867	-0.00917068
8.03891	-0.00241979
8.03916	0.0065782
8.0394	0.00893749
8.03965	0.000518239
8.03989	-0.0115114
8.04014	-0.0143221
8.04038	-0.00472545
8.04063	0.00588269
8.04087	0.0060033
8.04112	-0.00114357
8.04136	-0.0034411
8.04161	0.00234475
8.04185	0.0068066
8.04209	0.00285825
8.04234	-0.00344161
8.04258	-0.00188597
8.04283	0.00747063
8.04307	0.015764
8.04332	0.0182384
8.04356	0.01763
8.04381	0.0154166
8.04405	0.00929476
8.0443	0.00191703
8.04454	0.00212346
8.04478	0.0111733
8.04503	0.0165262
8.04527	0.00843106
8.04552	-0.00421933
8.04576	-0.0057034
8.04601	0.00392218
8.04625	0.0107631
8.0465	0.00852535
8.04674	0.00367538
8.04699	-9.37054e-05
8.04723	-0.00669001
8.04748	-0.0141116
8.04772	-0.0121553
8.04796	-0.000215102
8.04821	0.0071618
8.04845	0.00152714
8.0487	-0.00558855
8.04894	-0.00109858
8.04919	0.00869769
8.04943	0.00908169
8.04968	0.000517076
8.04992	-0.00324481
8.05017	0.00386469
8.05041	0.0144014
8.05066	0.0199613
8.0509	0.0180982
8.05114	0.00903529
8.05139	-0.00368048
8.05163	-0.0114307
8.05188	-0.00990999
8.05212	-0.00752377
8.05237	-0.0132427
8.05261	-0.0195961
8.05286	-0.0120937
8.0531	0.00578104
8.05335	0.0138709
8.05359	0.00461217
8.05384	-0.00606761
8.05408	-0.00439564
8.05432	0.000947478
8.05457	-0.00333654
8.05481	-0.0102269
8.05506	-0.00305074
8.0553	0.0152237
8.05555	0.0227219
8.05579	0.0100482
8.05604	-0.00620264
8.05628	-0.00808743
8.05653	-0.000480073
8.05677	0.000815893
8.05702	-0.0048392
8.05726	-0.00452683
8.0575	0.00372462
8.05775	0.00550339
8.05799	-0.00620339
8.05824	-0.0168568
8.05848	-0.0107153
8.05873	0.00514104
8.05897	0.0109638
8.05922	0.00260942
8.05946	-0.00569208
8.05971	-0.00505784
8.05995	-0.0022719
8.06019	-0.00365044
8.06044	-0.00396142
8.06068	0.00162744
8.06093	0.00703583
8.06117	0.00547305
8.06142	0.000386987
8.06166	-0.00243963
8.06191	-0.00483548
8.06215	-0.00937235
8.0624	-0.011389
8.06264	-0.00796364
8.06289	-0.00628803
8.06313	-0.0113303
8.06337	-0.013321
8.06362	-0.00193021
8.06386	0.0132437
8.06411	0.0131678
8.06435	-0.00201735
8.0646	-0.0120317
8.06484	-0.00536197
8.06509	0.00693566
8.06533	0.010381
8.06558	0.00557956
8.06582	0.00109406
8.06607	-0.000328778
8.06631	-0.000543138
8.06655	0.000499792
8.0668	0.0027663
8.06704	0.00356799
8.06729	0.00204908
8.06753	0.000923328
8.06778	0.000646185
8.06802	-0.00172083
8.06827	-0.00538198
8.06851	-0.0052504
8.06876	-0.00128657
8.069	0.000183788
8.06925	-0.00233634
8.06949	-0.00264898
8.06973	0.000809152
8.06998	0.000930992
8.07022	-0.00375773
8.07047	-0.00307282
8.07071	0.00723494
8.07096	0.0139279
8.0712	0.00547563
8.07145	-0.00719652
8.07169	-0.00560695
8.07194	0.00724666
8.07218	0.0114626
8.07242	0.00165272
8.07267	-0.00595648
8.07291	-0.000713789
8.07316	0.00711953
8.0734	0.00606828
8.07365	0.00214641
8.07389	0.00587014
8.07414	0.0126896
8.07438	0.010787
8.07463	0.00123901
8.07487	-0.00413513
8.07512	-0.00208645
8.07536	-0.00157149
8.0756	-0.00772938
8.07585	-0.0138951
8.07609	-0.0125807
8.07634	-0.00553208
8.07658	0.000910408
8.07683	0.00393838
8.07707	0.00447359
8.07732	0.00451015
8.07756	0.00680805
8.07781	0.0122658
8.07805	0.0158535
8.0783	0.0111214
8.07854	0.000944939
8.07878	-0.00331745
8.07903	0.00267081
8.07927	0.00872978
8.07952	0.00419577
8.07976	-0.00683198
8.08001	-0.012044
8.08025	-0.00824193
8.0805	-0.00331832
8.08074	-0.00325169
8.08099	-0.00587399
8.08123	-0.00727495
8.08148	-0.00672649
8.08172	-0.00448849
8.08196	-0.000838862
8.08221	0.00230585
8.08245	0.00388017
8.0827	0.00664174
8.08294	0.0120098
8.08319	0.0144904
8.08343	0.00903386
8.08368	0.00151892
8.08392	0.00192688
8.08417	0.00843385
8.08441	0.0101197
8.08465	0.00563511
8.0849	0.0053795
8.08514	0.0122157
8.08539	0.0149576
8.08563	0.00741649
8.08588	-0.000462163
8.08612	0.000571181
8.08637	0.00469673
8.08661	0.00448938
8.08686	0.00533755
8.0871	0.01225
8.08735	0.0145882
8.08759	0.0020183
8.08783	-0.0133959
8.08808	-0.011653
8.08832	0.00366481
8.08857	0.0099025
8.08881	0.000110255
8.08906	-0.00864989
8.0893	-0.00453102
8.08955	0.00311568
8.08979	0.00393659
8.09004	0.00318736
8.09028	0.00764287
8.09053	0.0111736
8.09077	0.00671088
8.09101	-0.000118093
8.09126	-0.00140926
8.0915	-0.000113546
8.09175	-0.00114025
8.09199	6.70676e-06
8.09224	0.0070271
8.09248	0.0114721
8.09273	0.00624916
8.09297	0.00164645
8.09322	0.0107019
8.09346	0.0245452
8.09371	0.0216437
8.09395	0.000450681
8.09419	-0.0162924
8.09444	-0.0131308
8.09468	-0.000550081
8.09493	0.00457099
8.09517	0.00212802
8.09542	0.00220445
8.09566	0.00629286
8.09591	0.00732958
8.09615	0.00323025
8.0964	-0.00019367
8.09664	0.00164531
8.09688	0.00709712
8.09713	0.0113715
8.09737	0.0101813
8.09762	0.0025675
8.09786	-0.00603365
8.09811	-0.00704012
8.09835	0.000386046
8.0986	0.00587955
8.09884	0.00141889
8.09909	-0.00585658
8.09933	-0.00294879
8.09958	0.00929086
8.09982	0.0162034
8.10006	0.00993791
8.10031	-0.00063092
8.10055	-0.00451517
8.1008	-0.00308246
8.10104	-0.00293919
8.10129	-0.00295058
8.10153	0.00152193
8.10178	0.00683497
8.10202	0.00517362
8.10227	-0.00144349
8.10251	-0.00278957
8.10276	0.00333882
8.103	0.00771337
8.10324	0.0052293
8.10349	0.0028491
8.10373	0.00663195
8.10398	0.0106892
8.10422	0.00687967
8.10447	-0.00178435
8.10471	-0.0057613
8.10496	-0.00183491
8.1052	0.0060163
8.10545	0.0133991
8.10569	0.0158376
8.10594	0.00841282
8.10618	-0.00588546
8.10642	-0.0132093
8.10667	-0.00511773
8.10691	0.00701303
8.10716	0.0064023
8.1074	-0.00403316
8.10765	-0.00606139
8.10789	0.00527489
8.10814	0.0142924
8.10838	0.00952525
8.10863	-0.000158923
8.10887	-0.00189361
8.10911	0.00246161
8.10936	0.00416699
8.1096	0.00353638
8.10985	0.0062751
8.11009	0.0108016
8.11034	0.0107709
8.11058	0.00675481
8.11083	0.0056768
8.11107	0.00999478
8.11132	0.0145581
8.11156	0.0134838
8.11181	0.00583435
8.11205	-0.00379668
8.11229	-0.00791329
8.11254	-0.00317994
8.11278	0.00331282
8.11303	0.00100982
8.11327	-0.00848123
8.11352	-0.0111861
8.11376	-0.00068426
8.11401	0.0113212
8.11425	0.0117365
8.1145	0.00427582
8.11474	0.00112344
8.11499	0.0038655
8.11523	0.00439949
8.11547	0.000215218
8.11572	-0.00293343
8.11596	-0.00170979
8.11621	0.00111324
8.11645	0.00255947
8.1167	0.00172181
8.11694	-0.00167481
8.11719	-0.00487792
8.11743	-0.00255426
8.11768	0.00409477
8.11792	0.00513313
8.11817	-0.00308749
8.11841	-0.00848866
8.11865	0.000201691
8.1189	0.0149258
8.11914	0.0196021
8.11939	0.0133733
8.11963	0.00729971
8.11988	0.00345606
8.12012	-0.00466361
8.12037	-0.0138367
8.12061	-0.0128787
8.12086	-0.00319356
8.1211	0.00170903
8.12134	-0.000353742
8.12159	0.00300611
8.12183	0.013867
8.12208	0.0165735
8.12232	0.00420276
8.12257	-0.00671939
8.12281	-0.000929891
8.12306	0.0116901
8.1233	0.0118668
8.12355	-0.000898259
8.12379	-0.0108738
8.12404	-0.00891884
8.12428	0.000811273
8.12452	0.011253
8.12477	0.0174975
8.12501	0.0155181
8.12526	0.00600601
8.1255	-0.00330921
8.12575	-0.0062957
8.12599	-0.00543568
8.12624	-0.00482788
8.12648	-0.00250021
8.12673	0.0039096
8.12697	0.0101857
8.12722	0.0109302
8.12746	0.00638958
8.1277	-0.000779173
8.12795	-0.00852063
8.12819	-0.0115824
8.12844	-0.00467423
8.12868	0.00612579
8.12893	0.00714813
8.12917	-0.00196803
8.12942	-0.00539281
8.12966	0.00324423
8.12991	0.00914729
8.13015	0.0018717
8.1304	-0.00556326
8.13064	0.000225743
8.13088	0.00792987
8.13113	0.0012455
8.13137	-0.010731
8.13162	-0.00852063
8.13186	0.00252599
8.13211	0.000477779
8.13235	-0.014796
8.1326	-0.0207849
8.13284	-0.00985705
8.13309	0.000731766
8.13333	0.000275487
8.13358	-0.000819698
8.13382	0.00474362
8.13406	0.00720648
8.13431	0.00037586
8.13455	-0.00505427
8.1348	6.08918e-05
8.13504	0.00950593
8.13529	0.0156246
8.13553	0.0193537
8.13578	0.0184301
8.13602	0.0055409
8.13627	-0.0123783
8.13651	-0.0145679
8.13675	0.00166751
8.137	0.0116442
8.13724	0.000921044
8.13749	-0.0107468
8.13773	-0.00297776
8.13798	0.00992767
8.13822	0.00357157
8.13847	-0.0141413
8.13871	-0.0158899
8.13896	0.000271969
8.1392	0.0105068
8.13945	0.00523781
8.13969	-0.000802538
8.13993	0.000926558
8.14018	0.000954088
8.14042	-0.00466314
8.14067	-0.00491998
8.14091	0.00378535
8.14116	0.00826337
8.1414	0.00125195
8.14165	-0.00590129
8.14189	-0.00341974
8.14214	0.00169633
8.14238	0.00135486
8.14263	0.000711228
8.14287	0.00484088
8.14311	0.00624702
8.14336	-0.000801443
8.1436	-0.00668337
8.14385	-0.00175659
8.14409	0.00593191
8.14434	0.00369007
8.14458	-0.00434736
8.14483	-0.00526206
8.14507	5.14086e-05
8.14532	-0.000195257
8.14556	-0.00692211
8.14581	-0.00891113
8.14605	-0.00316355
8.14629	-4.64919e-05
8.14654	-0.00494044
8.14678	-0.00897828
8.14703	-0.00373523
8.14727	0.006004
8.14752	0.0107052
8.14776	0.00896806
8.14801	0.00553986
8.14825	0.00284056
8.1485	0.000799601
8.14874	0.000702964
8.14898	0.00338855
8.14923	0.0061812
8.14947	0.00596302
8.14972	0.00356636
8.14996	0.00215122
8.15021	0.00303958
8.15045	0.00542347
8.1507	0.00826762
8.15094	0.0104136
8.15119	0.0103408
8.15143	0.00730727
8.15168	0.00166847
8.15192	-0.00589692
8.15216	-0.0133577
8.15241	-0.0161754
8.15265	-0.0108895
8.1529	-0.000328931
8.15314	0.00827936
8.15339	0.0109867
8.15363	0.009647
8.15388	0.0070409
8.15412	0.00400411
8.15437	0.00154532
8.15461	0.000609013
8.15486	-0.000980967
8.1551	-0.00594508
8.15534	-0.0115312
8.15559	-0.0124681
8.15583	-0.0100627
8.15608	-0.00985918
8.15632	-0.00955659
8.15657	-0.00109842
8.15681	0.0114762
8.15706	0.010743
8.1573	-0.00824696
8.15755	-0.0246683
8.15779	-0.0190672
8.15804	-0.00259375
8.15828	-0.000321105
8.15852	-0.0127514
8.15877	-0.0165091
8.15901	-0.00209138
8.15926	0.0127781
8.1595	0.0127342
8.15975	0.00582795
8.15999	0.00485405
8.16024	0.00643916
8.16048	0.00264
8.16073	-0.00152233
8.16097	0.00183125
8.16121	0.00650397
8.16146	0.00183597
8.1617	-0.00811205
8.16195	-0.0108603
8.16219	-0.00590202
8.16244	-0.00326618
8.16268	-0.00507878
8.16293	-0.00422727
8.16317	-0.000320633
8.16342	-0.00132661
8.16366	-0.00756119
8.16391	-0.00847532
8.16415	0.000173686
8.16439	0.00819169
8.16464	0.00605883
8.16488	-0.00133248
8.16513	-0.00296969
8.16537	0.00274568
8.16562	0.00734636
8.16586	0.00383725
8.16611	-0.00559894
8.16635	-0.0117731
8.1666	-0.00701625
8.16684	0.00616216
8.16709	0.0152969
8.16733	0.0104819
8.16757	-0.00404995
8.16782	-0.0149584
8.16806	-0.0148039
8.16831	-0.00682397
8.16855	0.0029368
8.1688	0.010593
8.16904	0.0122453
8.16929	0.00562136
8.16953	-0.00421794
8.16978	-0.00793543
8.17002	-0.00297582
8.17027	0.00420927
8.17051	0.00784144
8.17075	0.00795832
8.171	0.00504833
8.17124	-0.00224787
8.17149	-0.0113141
8.17173	-0.015006
8.17198	-0.0109322
8.17222	-0.00509505
8.17247	-0.00275378
8.17271	-0.0018168
8.17296	0.000878433
8.1732	0.00307073
8.17344	0.00187924
8.17369	-0.000173331
8.17393	0.000573461
8.17418	0.00255467
8.17442	0.00216278
8.17467	0.00050156
8.17491	0.0019858
8.17516	0.00750277
8.1754	0.01265
8.17565	0.0124432
8.17589	0.00642134
8.17614	8.85064e-06
8.17638	0.000351401
8.17662	0.00799149
8.17687	0.0136798
8.17711	0.00812607
8.17736	-0.00552793
8.1776	-0.0147755
8.17785	-0.013396
8.17809	-0.00701916
8.17834	-0.00199396
8.17858	0.00265047
8.17883	0.00839772
8.17907	0.010846
8.17932	0.00670398
8.17956	0.0010758
8.1798	0.000373669
8.18005	0.00199534
8.18029	-0.00160278
8.18054	-0.0108889
8.18078	-0.01814
8.18103	-0.017539
8.18127	-0.0108855
8.18152	-0.0035145
8.18176	0.000804417
8.18201	0.000913011
8.18225	-0.00173532
8.1825	-0.00347931
8.18274	-0.00158654
8.18298	0.0026463
8.18323	0.00565057
8.18347	0.00584547
8.18372	0.00426474
8.18396	0.00194627
8.18421	-0.000678595
8.18445	-0.00208488
8.1847	-0.000212612
8.18494	0.00422005
8.18519	0.00691273
8.18543	0.00444815
8.18567	-0.000931777
8.18592	-0.00322469
8.18616	-0.000170621
8.18641	0.00337455
8.18665	0.00182183
8.1869	-0.00336223
8.18714	-0.00612681
8.18739	-0.00475753
8.18763	-0.00294718
8.18788	-0.00230629
8.18812	-0.000856092
8.18837	-0.000342975
8.18861	-0.00650654
8.18885	-0.0179476
8.1891	-0.0233128
8.18934	-0.0161876
8.18959	-0.00532904
8.18983	-0.00222493
8.19008	-0.00540432
8.19032	-0.00619413
8.19057	-0.00356564
8.19081	-0.00249691
8.19106	-0.0027664
8.1913	-0.00100772
8.19155	0.000130003
8.19179	-0.00326557
8.19203	-0.00624266
8.19228	-0.00227836
8.19252	0.00281464
8.19277	-0.00155091
8.19301	-0.0115699
8.19326	-0.0129734
8.1935	-0.00371511
8.19375	0.00315296
8.19399	0.000627651
8.19424	-0.00389937
8.19448	-0.00393369
8.19473	-0.00206908
8.19497	0.000347046
8.19521	0.00622171
8.19546	0.0115352
8.1957	0.00712501
8.19595	-0.00356694
8.19619	-0.00523659
8.19644	0.00466403
8.19668	0.00951735
8.19693	0.000199348
8.19717	-0.00937801
8.19742	-0.00464717
8.19766	0.00770976
8.1979	0.0133942
8.19815	0.0118603
8.19839	0.00977246
8.19864	0.00549138
8.19888	-0.00459304
8.19913	-0.0139899
8.19937	-0.0149015
8.19962	-0.0108844
8.19986	-0.00790811
8.20011	-0.0021736
8.20035	0.00944413
8.2006	0.0165494
8.20084	0.00890458
8.20108	-0.00466297
8.20133	-0.00768298
8.20157	-0.000723326
8.20182	0.0020429
8.20206	-0.00302149
8.20231	-0.00534964
8.20255	0.000455349
8.2028	0.00726628
8.20304	0.00877853
8.20329	0.00739586
8.20353	0.00678193
8.20378	0.00650216
8.20402	0.00557611
8.20426	0.00385604
8.20451	0.000121795
8.20475	-0.00508639
8.205	-0.00730007
8.20524	-0.00474447
8.20549	-0.00250399
8.20573	-0.00356284
8.20598	-0.00228949
8.20622	0.00484404
8.20647	0.00977119
8.20671	0.00472175
8.20696	-0.00366778
8.2072	-0.00446197
8.20744	-0.000123647
8.20769	-0.000555297
8.20793	-0.00506445
8.20818	-0.00517572
8.20842	-0.00141698
8.20867	-0.00180949
8.20891	-0.00587324
8.20916	-0.0054855
8.2094	-0.000820955
8.20965	-0.000536466
8.20989	-0.00575814
8.21014	-0.00803136
8.21038	-0.00422899
8.21062	-0.000258441
8.21087	0.00112818
8.21111	0.00328789
8.21136	0.00555202
8.2116	0.00338166
8.21185	4.45942e-05
8.21209	0.00441353
8.21234	0.0144856
8.21258	0.0167406
8.21283	0.00614175
8.21307	-0.00579425
8.21331	-0.00807703
8.21356	-0.00413311
8.2138	-0.0029286
8.21405	-0.0060965
8.21429	-0.00995173
8.21454	-0.0123184
8.21478	-0.0120624
8.21503	-0.00837192
8.21527	-0.00407253
8.21552	-0.00321213
8.21576	-0.00345491
8.21601	0.00117484
8.21625	0.008136
8.21649	0.00664056
8.21674	-0.00600145
8.21698	-0.017547
8.21723	-0.0160918
8.21747	-0.0049784
8.21772	0.00354888
8.21796	0.00399915
8.21821	0.000873939
8.21845	-0.000264878
8.2187	0.000490435
8.21894	-0.000866975
8.21919	-0.00604264
8.21943	-0.0104989
8.21967	-0.00779494
8.21992	0.000610373
8.22016	0.0044736
8.22041	-0.0016095
8.22065	-0.00881565
8.2209	-0.00606028
8.22114	0.00284812
8.22139	0.00422762
8.22163	-0.00513737
8.22188	-0.0136627
8.22212	-0.0117321
8.22237	-0.00278105
8.22261	0.00449765
8.22285	0.00628374
8.2231	0.00316036
8.22334	-0.00316647
8.22359	-0.00943877
8.22383	-0.0120521
8.22408	-0.0104119
8.22432	-0.00597556
8.22457	0.000352661
8.22481	0.00574022
8.22506	0.00470205
8.2253	-0.00234162
8.22554	-0.00500976
8.22579	0.00291304
8.22603	0.010439
8.22628	0.00328743
8.22652	-0.01252
8.22677	-0.0164573
8.22701	-0.00316302
8.22726	0.00964137
8.2275	0.00687669
8.22775	-0.00479038
8.22799	-0.0102709
8.22824	-0.00644887
8.22848	-0.0010719
8.22872	-5.00118e-06
8.22897	-0.00345385
8.22921	-0.0090369
8.22946	-0.0127151
8.2297	-0.011078
8.22995	-0.00603586
8.23019	-0.00260206
8.23044	-0.00096253
8.23068	0.00273546
8.23093	0.00737366
8.23117	0.00744669
8.23142	0.0040233
8.23166	0.00507372
8.2319	0.0115607
8.23215	0.0132319
8.23239	0.00352063
8.23264	-0.00977026
8.23288	-0.0144683
8.23313	-0.00818902
8.23337	0.00213499
8.23362	0.00873409
8.23386	0.00717787
8.23411	-0.00152258
8.23435	-0.00927691
8.2346	-0.00752374
8.23484	0.00141364
8.23508	0.00607086
8.23533	0.00144118
8.23557	-0.00489911
8.23582	-0.00545772
8.23606	-0.00306442
8.23631	-0.0036614
8.23655	-0.00677107
8.2368	-0.00895632
8.23704	-0.0100643
8.23729	-0.0103409
8.23753	-0.00756345
8.23777	-0.00264833
8.23802	-0.00182736
8.23826	-0.00705402
8.23851	-0.0102241
8.23875	-0.00418333
8.239	0.00548086
8.23924	0.00773447
8.23949	0.0018497
8.23973	-0.00276639
8.23998	-0.00138481
8.24022	6.19536e-05
8.24047	-0.00414029
8.24071	-0.00967219
8.24095	-0.00840737
8.2412	-0.00113565
8.24144	0.00232706
8.24169	-0.00327057
8.24193	-0.0103946
8.24218	-0.00860136
8.24242	0.000840653
8.24267	0.00708818
8.24291	0.00545371
8.24316	0.00253512
8.2434	0.0039456
8.24365	0.00598344
8.24389	0.00390859
8.24413	-0.000113314
8.24438	-0.00321681
8.24462	-0.00761572
8.24487	-0.0128932
8.24511	-0.0111209
8.24536	0.00106417
8.2456	0.0131903
8.24585	0.0142518
8.24609	0.00832174
8.24634	0.00573589
8.24658	0.00581623
8.24683	0.00152474
8.24707	-0.00477679
