4.00007	0.0172966
4.00031	0.0224653
4.00056	0.0202253
4.0008	0.014809
4.00105	0.0131006
4.00129	0.0146416
4.00154	0.0168543
4.00178	0.0194078
4.00203	0.0193418
4.00227	0.012807
4.00252	0.00513513
4.00276	0.00767911
4.003	0.020701
4.00325	0.0307913
4.00349	0.0294885
4.00374	0.023163
4.00398	0.0200585
4.00423	0.0194506
4.00447	0.0193552
4.00472	0.0232414
4.00496	0.0315461
4.00521	0.0363171
4.00545	0.0323755
4.0057	0.0260605
4.00594	0.0256049
4.00618	0.0293707
4.00643	0.0301262
4.00667	0.0254615
4.00692	0.0187434
4.00716	0.0147014
4.00741	0.0173888
4.00765	0.026697
4.0079	0.034626
4.00814	0.032254
4.00839	0.0227169
4.00863	0.0189959
4.00888	0.0262854
4.00912	0.0357907
4.00936	0.0392096
4.00961	0.0390342
4.00985	0.0396929
4.0101	0.0389946
4.01034	0.0351763
4.01059	0.0333535
4.01083	0.03734
4.01108	0.0423585
4.01132	0.0428167
4.01157	0.0407039
4.01181	0.0400629
4.01205	0.0399846
4.0123	0.0391897
4.01254	0.0404842
4.01279	0.0443083
4.01303	0.0450644
4.01328	0.0407603
4.01352	0.0390923
4.01377	0.0461168
4.01401	0.0554564
4.01426	0.0574801
4.0145	0.0538282
4.01475	0.0535987
4.01499	0.0587174
4.01523	0.0620501
4.01548	0.0584444
4.01572	0.0503598
4.01597	0.0433243
4.01621	0.0411627
4.01646	0.0447218
4.0167	0.0512409
4.01695	0.0561275
4.01719	0.0576957
4.01744	0.0577214
4.01768	0.0563416
4.01793	0.0514348
4.01817	0.044897
4.01841	0.0431171
4.01866	0.0479692
4.0189	0.0537693
4.01915	0.0566564
4.01939	0.059458
4.01964	0.0627228
4.01988	0.0598278
4.02013	0.0486069
4.02037	0.0399744
4.02062	0.0448117
4.02086	0.057206
4.02111	0.0614191
4.02135	0.0532975
4.02159	0.0447069
4.02184	0.0465619
4.02208	0.0560309
4.02233	0.0624519
4.02257	0.0597364
4.02282	0.0505521
4.02306	0.0424071
4.02331	0.0417493
4.02355	0.0493795
4.0238	0.0596645
4.02404	0.0648261
4.02428	0.0610136
4.02453	0.0514459
4.02477	0.0444735
4.02502	0.0466686
4.02526	0.0553142
4.02551	0.0598319
4.02575	0.0543495
4.026	0.0460559
4.02624	0.0454773
4.02649	0.0515791
4.02673	0.0548542
4.02698	0.0531967
4.02722	0.0538622
4.02746	0.0589566
4.02771	0.0608212
4.02795	0.0555407
4.0282	0.0501476
4.02844	0.0508863
4.02869	0.0538613
4.02893	0.053474
4.02918	0.0516017
4.02942	0.0518795
4.02967	0.0524721
4.02991	0.0508201
4.03016	0.0485921
4.0304	0.0466328
4.03064	0.042491
4.03089	0.0378468
4.03113	0.0394935
4.03138	0.0474082
4.03162	0.0516842
4.03187	0.0478894
4.03211	0.0449395
4.03236	0.0498169
4.0326	0.0554958
4.03285	0.0536099
4.03309	0.0481448
4.03334	0.0455922
4.03358	0.0426583
4.03382	0.0365704
4.03407	0.0364229
4.03431	0.0486909
4.03456	0.0611585
4.0348	0.0588779
4.03505	0.0482982
4.03529	0.0465266
4.03554	0.0530027
4.03578	0.0528817
4.03603	0.0447198
4.03627	0.0420226
4.03651	0.0475239
4.03676	0.0490442
4.037	0.0440016
4.03725	0.0452089
4.03749	0.0559559
4.03774	0.0612288
4.03798	0.0531775
4.03823	0.0450832
4.03847	0.0482496
4.03872	0.0538713
4.03896	0.0520025
4.03921	0.0508042
4.03945	0.0593322
4.03969	0.0661645
4.03994	0.0562088
4.04018	0.0387152
4.04043	0.0362479
4.04067	0.050658
4.04092	0.0614096
4.04116	0.05687
4.04141	0.0473599
4.04165	0.044669
4.0419	0.0465758
4.04214	0.0470278
4.04239	0.0465565
4.04263	0.0457326
4.04287	0.0406035
4.04312	0.0316821
4.04336	0.0270763
4.04361	0.029938
4.04385	0.0325803
4.0441	0.0300153
4.04434	0.0294899
4.04459	0.0378186
4.04483	0.0480093
4.04508	0.048995
4.04532	0.042244
4.04557	0.0377662
4.04581	0.0384938
4.04605	0.0399738
4.0463	0.0419583
4.04654	0.0477406
4.04679	0.0531093
4.04703	0.0488931
4.04728	0.0364299
4.04752	0.0288115
4.04777	0.0329784
4.04801	0.0407391
4.04826	0.042224
4.0485	0.0387074
4.04874	0.0362265
4.04899	0.0352164
4.04923	0.0338959
4.04948	0.0347918
4.04972	0.0397253
4.04997	0.043663
4.05021	0.0415861
4.05046	0.0372165
4.0507	0.0373573
4.05095	0.0414597
4.05119	0.0444684
4.05144	0.0462572
4.05168	0.049944
4.05192	0.0537829
4.05217	0.0532718
4.05241	0.0494632
4.05266	0.0473824
4.0529	0.0481682
4.05315	0.0502179
4.05339	0.0551253
4.05364	0.0639827
4.05388	0.0710693
4.05413	0.0713196
4.05437	0.0712434
4.05462	0.0808265
4.05486	0.0964312
4.0551	0.104776
4.05535	0.103481
4.05559	0.103441
4.05584	0.109317
4.05608	0.11276
4.05633	0.108854
4.05657	0.104043
4.05682	0.101443
4.05706	0.0931198
4.05731	0.0756872
4.05755	0.0602711
4.0578	0.056564
4.05804	0.0586068
4.05828	0.0571279
4.05853	0.0548085
4.05877	0.0570888
4.05902	0.0580946
4.05926	0.0497916
4.05951	0.037405
4.05975	0.0316301
4.06	0.0315978
4.06024	0.0291931
4.06049	0.0248237
4.06073	0.0249469
4.06097	0.0284322
4.06122	0.0292341
4.06146	0.0286506
4.06171	0.0309432
4.06195	0.0310405
4.0622	0.0222157
4.06244	0.0128574
4.06269	0.0182486
4.06293	0.036187
4.06318	0.0482673
4.06342	0.0470245
4.06367	0.0445506
4.06391	0.0505515
4.06415	0.0588029
4.0644	0.0614679
4.06464	0.0615468
4.06489	0.0636597
4.06513	0.0658374
4.06538	0.0679026
4.06562	0.0753936
4.06587	0.0876521
4.06611	0.094483
4.06636	0.0926623
4.0666	0.0929766
4.06685	0.101635
4.06709	0.10762
4.06733	0.0999007
4.06758	0.0852153
4.06782	0.0754897
4.06807	0.0683453
4.06831	0.0555293
4.06856	0.0420858
4.0688	0.0396695
4.06905	0.0455722
4.06929	0.0458849
4.06954	0.0381787
4.06978	0.0347829
4.07003	0.0422481
4.07027	0.0521595
4.07051	0.0557095
4.07076	0.0550476
4.071	0.0555003
4.07125	0.056405
4.07149	0.0549642
4.07174	0.0525038
4.07198	0.0528013
4.07223	0.0583268
4.07247	0.0690258
4.07272	0.0805767
4.07296	0.0855954
4.0732	0.0827069
4.07345	0.0816226
4.07369	0.0909302
4.07394	0.10369
4.07418	0.105721
4.07443	0.0962982
4.07467	0.0880708
4.07492	0.0864894
4.07516	0.0834662
4.07541	0.0741781
4.07565	0.0655559
4.0759	0.0620285
4.07614	0.056142
4.07638	0.0418648
4.07663	0.0264885
4.07687	0.0203218
4.07712	0.0232057
4.07736	0.0291002
4.07761	0.035241
4.07785	0.0390027
4.0781	0.0354826
4.07834	0.0272624
4.07859	0.0265172
4.07883	0.0368115
4.07908	0.0432026
4.07932	0.0336493
4.07956	0.020354
4.07981	0.0229655
4.08005	0.0376722
4.0803	0.0427114
4.08054	0.0321588
4.08079	0.0239488
4.08103	0.031588
4.08128	0.0461606
4.08152	0.0528123
4.08177	0.0503666
4.08201	0.0467508
4.08226	0.0463524
4.0825	0.0496306
4.08274	0.0564733
4.08299	0.0634167
4.08323	0.0650693
4.08348	0.0632926
4.08372	0.0673153
4.08397	0.0803755
4.08421	0.094468
4.08446	0.102805
4.0847	0.10861
4.08495	0.115909
4.08519	0.120164
4.08544	0.115168
4.08568	0.102758
4.08592	0.0893415
4.08617	0.0781337
4.08641	0.0698858
4.08666	0.0656384
4.0869	0.0642738
4.08715	0.0627157
4.08739	0.061517
4.08764	0.0638087
4.08788	0.0671118
4.08813	0.0653728
4.08837	0.0613194
4.08861	0.0652831
4.08886	0.0779785
4.0891	0.0877698
4.08935	0.0909798
4.08959	0.100117
4.08984	0.122884
4.09008	0.148272
4.09033	0.16605
4.09057	0.185526
4.09082	0.218913
4.09106	0.258332
4.09131	0.287654
4.09155	0.30748
4.09179	0.32905
4.09204	0.351334
4.09228	0.364927
4.09253	0.373054
4.09277	0.386846
4.09302	0.402515
4.09326	0.404588
4.09351	0.390692
4.09375	0.372629
4.094	0.354823
4.09424	0.335313
4.09449	0.328057
4.09473	0.356243
4.09497	0.415081
4.09522	0.464976
4.09546	0.472499
4.09571	0.438794
4.09595	0.379896
4.0962	0.303423
4.09644	0.218943
4.09669	0.148727
4.09693	0.10774
4.09718	0.0867983
4.09742	0.0711941
4.09767	0.0612843
4.09791	0.0594858
4.09815	0.0544468
4.0984	0.0384021
4.09864	0.0256554
4.09889	0.0314357
4.09913	0.044151
4.09938	0.0420778
4.09962	0.0278661
4.09987	0.0213475
4.10011	0.0252721
4.10036	0.0251408
4.1006	0.0194158
4.10084	0.0215668
4.10109	0.031131
4.10133	0.0309327
4.10158	0.0186146
4.10182	0.0140034
4.10207	0.0255779
4.10231	0.0348981
4.10256	0.0281394
4.1028	0.0202425
4.10305	0.0293438
4.10329	0.0454619
4.10354	0.0463459
4.10378	0.0325496
4.10402	0.024441
4.10427	0.0303222
4.10451	0.038436
4.10476	0.039491
4.105	0.0384317
4.10525	0.040731
4.10549	0.04206
4.10574	0.0376329
4.10598	0.0315715
4.10623	0.0306076
4.10647	0.0347603
4.10672	0.0391931
4.10696	0.0408717
4.1072	0.0394145
4.10745	0.0348819
4.10769	0.0288739
4.10794	0.0260097
4.10818	0.0304826
4.10843	0.0407511
4.10867	0.0499117
4.10892	0.0526257
4.10916	0.0505802
4.10941	0.0493335
4.10965	0.0505217
4.1099	0.0507389
4.11014	0.0491023
4.11038	0.0510348
4.11063	0.0605506
4.11087	0.0730467
4.11112	0.0819241
4.11136	0.0893716
4.11161	0.102998
4.11185	0.123382
4.1121	0.143604
4.11234	0.161141
4.11259	0.181306
4.11283	0.207223
4.11307	0.234471
4.11332	0.257277
4.11356	0.271871
4.11381	0.272982
4.11405	0.257724
4.1143	0.235624
4.11454	0.222969
4.11479	0.222008
4.11503	0.216911
4.11528	0.19624
4.11552	0.167576
4.11577	0.142487
4.11601	0.120074
4.11625	0.0959151
4.1165	0.0748864
4.11674	0.0620092
4.11699	0.0515948
4.11723	0.0399704
4.11748	0.0379537
4.11772	0.0531255
4.11797	0.0694707
4.11821	0.0658246
4.11846	0.0482476
4.1187	0.0412507
4.11895	0.0503012
4.11919	0.0577619
4.11943	0.0560339
4.11968	0.0579982
4.11992	0.0690538
4.12017	0.0750548
4.12041	0.0686642
4.12066	0.0639229
4.1209	0.0709118
4.12115	0.0778651
4.12139	0.0753336
4.12164	0.0779777
4.12188	0.101286
4.12213	0.132781
4.12237	0.150478
4.12261	0.159257
4.12286	0.183717
4.1231	0.22962
4.12335	0.275788
4.12359	0.30409
4.12384	0.317602
4.12408	0.327204
4.12433	0.337025
4.12457	0.345978
4.12482	0.350054
4.12506	0.341223
4.1253	0.315898
4.12555	0.284435
4.12579	0.260436
4.12604	0.242148
4.12628	0.217636
4.12653	0.186392
4.12677	0.160499
4.12702	0.145411
4.12726	0.136451
4.12751	0.13474
4.12775	0.147689
4.128	0.170197
4.12824	0.184933
4.12848	0.188386
4.12873	0.197989
4.12897	0.22336
4.12922	0.248029
4.12946	0.253096
4.12971	0.243844
4.12995	0.236575
4.1302	0.231039
4.13044	0.214911
4.13069	0.188672
4.13093	0.166194
4.13118	0.151537
4.13142	0.132959
4.13166	0.1038
4.13191	0.0751577
4.13215	0.0605817
4.1324	0.0576012
4.13264	0.053293
4.13289	0.0438262
4.13313	0.0392761
4.13338	0.0474427
4.13362	0.0596152
4.13387	0.0593335
4.13411	0.0443577
4.13436	0.0315734
4.1346	0.0353978
4.13484	0.0486712
4.13509	0.0540273
4.13533	0.0491018
4.13558	0.0474149
4.13582	0.0549848
4.13607	0.0609201
4.13631	0.0563437
4.13656	0.0500382
4.1368	0.0562838
4.13705	0.0751659
4.13729	0.0939051
4.13753	0.103152
4.13778	0.105048
4.13802	0.10857
4.13827	0.121982
4.13851	0.146791
4.13876	0.175835
4.139	0.200711
4.13925	0.222107
4.13949	0.24685
4.13974	0.27404
4.13998	0.292887
4.14023	0.297058
4.14047	0.292003
4.14071	0.284067
4.14096	0.271699
4.1412	0.25234
4.14145	0.228649
4.14169	0.20234
4.14194	0.171243
4.14218	0.138333
4.14243	0.113503
4.14267	0.0994487
4.14292	0.0860676
4.14316	0.0668205
4.14341	0.0500487
4.14365	0.0449105
4.14389	0.0466065
4.14414	0.0460429
4.14438	0.0439778
4.14463	0.0440751
4.14487	0.0420336
4.14512	0.0346518
4.14536	0.0301832
4.14561	0.0352824
4.14585	0.040491
4.1461	0.0346208
4.14634	0.0255315
4.14659	0.0286121
4.14683	0.0406299
4.14707	0.0444953
4.14732	0.0365932
4.14756	0.0293528
4.14781	0.0276587
4.14805	0.0232067
4.1483	0.0142087
4.14854	0.010512
4.14879	0.014026
4.14903	0.0127594
4.14928	0.00204304
4.14952	-0.00502044
4.14976	0.00184538
4.15001	0.0130517
4.15025	0.0140237
4.1505	0.00631276
4.15074	0.00189388
4.15099	0.00389392
4.15123	0.00493413
4.15148	0.00118337
4.15172	-0.00210638
4.15197	0.000784921
4.15221	0.00818417
4.15246	0.0132939
4.1527	0.0122414
4.15294	0.00889264
4.15319	0.0102039
4.15343	0.015917
4.15368	0.0171831
4.15392	0.00951737
4.15417	0.00178439
4.15441	0.00467235
4.15466	0.0145154
4.1549	0.0186077
4.15515	0.0140303
4.15539	0.00994799
4.15564	0.0119785
4.15588	0.0159687
4.15612	0.0182414
4.15637	0.0207253
4.15661	0.0239478
4.15686	0.0255859
4.1571	0.0278801
4.15735	0.0355283
4.15759	0.0440546
4.15784	0.0422032
4.15808	0.0294503
4.15833	0.0192657
4.15857	0.0203578
4.15882	0.0264461
4.15906	0.0298769
4.1593	0.032719
4.15955	0.0368526
4.15979	0.0358967
4.16004	0.027788
4.16028	0.0246286
4.16053	0.0366699
4.16077	0.0537405
4.16102	0.0569394
4.16126	0.0453846
4.16151	0.0374051
4.16175	0.0447337
4.16199	0.0579889
4.16224	0.0619457
4.16248	0.056302
4.16273	0.0543257
4.16297	0.0643956
4.16322	0.0793459
4.16346	0.0855912
4.16371	0.0795208
4.16395	0.0706688
4.1642	0.0680815
4.16444	0.0684463
4.16469	0.0623311
4.16493	0.0488245
4.16517	0.0367463
4.16542	0.031648
4.16566	0.0290713
4.16591	0.022821
4.16615	0.0137122
4.1664	0.00676772
4.16664	0.00415428
4.16689	0.00421095
4.16713	0.0048242
4.16738	0.0054267
4.16762	0.00703536
4.16787	0.0105955
4.16811	0.0141112
4.16835	0.0134922
4.1686	0.00860829
4.16884	0.00494934
4.16909	0.00557374
4.16933	0.00642732
4.16958	0.0051406
4.16982	0.00763076
4.17007	0.0168319
4.17031	0.0217568
4.17056	0.011444
4.1708	-0.00446729
4.17105	-0.00559904
4.17129	0.00915876
4.17153	0.018915
4.17178	0.0112344
4.17202	-0.00181516
4.17227	-0.00462687
4.17251	0.000837005
4.17276	0.00419187
4.173	0.00345281
4.17325	0.00196408
4.17349	-0.00078389
4.17374	-0.00486484
4.17398	-0.00544146
4.17423	-0.00165562
4.17447	-0.000622342
4.17471	-0.0037463
4.17496	0.000136247
4.1752	0.0171898
4.17545	0.0350188
4.17569	0.0397207
4.17594	0.0367979
4.17618	0.0402213
4.17643	0.0492015
4.17667	0.0529619
4.17692	0.0523008
4.17716	0.0569888
4.1774	0.0643143
4.17765	0.0605442
4.17789	0.0454792
4.17814	0.035884
4.17838	0.0388928
4.17863	0.040186
4.17887	0.0279404
4.17912	0.0126314
4.17936	0.0100149
4.17961	0.0165478
4.17985	0.017346
4.1801	0.0110469
4.18034	0.00970055
4.18058	0.0160085
4.18083	0.0175964
4.18107	0.00771409
4.18132	-0.0025
4.18156	-0.000591587
4.18181	0.00839472
4.18205	0.0104458
4.1823	0.00431382
4.18254	0.00239295
4.18279	0.0103116
4.18303	0.0173293
4.18328	0.0116636
4.18352	-0.00292531
4.18376	-0.0125083
4.18401	-0.0100918
4.18425	-0.000669422
4.1845	0.00789383
4.18474	0.0123076
4.18499	0.0129794
4.18523	0.0114116
4.18548	0.00931039
4.18572	0.00709912
4.18597	0.00359385
4.18621	-0.000586222
4.18646	-0.00142867
4.1867	0.00311562
4.18694	0.0083672
4.18719	0.00775908
4.18743	0.000852101
4.18768	-0.00728604
4.18792	-0.0125382
4.18817	-0.0135559
4.18841	-0.00995172
4.18866	-0.00359487
4.1889	0.000983306
4.18915	0.00236877
4.18939	0.0051313
4.18963	0.011581
4.18988	0.0153432
4.19012	0.0104957
4.19037	0.00250491
4.19061	0.000811078
4.19086	0.00438324
4.1911	0.00529769
4.19135	0.0036344
4.19159	0.00627413
4.19184	0.0119189
4.19208	0.01085
4.19233	0.00139188
4.19257	-0.00588851
4.19281	-0.00365142
4.19306	0.00355663
4.1933	0.00922469
4.19355	0.0126011
4.19379	0.0130583
4.19404	0.00760662
4.19428	-0.00153365
4.19453	-0.00664982
4.19477	-0.00579209
4.19502	-0.00497077
4.19526	-0.00620566
4.19551	-0.00407412
4.19575	0.00255496
4.19599	0.00704222
4.19624	0.00736064
4.19648	0.00964559
4.19673	0.0145331
4.19697	0.013294
4.19722	0.00418613
4.19746	-0.00105485
4.19771	0.00436587
4.19795	0.0107188
4.1982	0.00876663
4.19844	0.00552143
4.19869	0.0107479
4.19893	0.0191628
4.19917	0.0200621
4.19942	0.0155595
4.19966	0.0148311
4.19991	0.0173197
4.20015	0.015915
4.2004	0.0113392
4.20064	0.00975799
4.20089	0.0104491
4.20113	0.00857238
4.20138	0.006127
4.20162	0.00787495
4.20186	0.0106198
4.20211	0.00919753
4.20235	0.00899967
4.2026	0.0187778
4.20284	0.0337566
4.20309	0.0402019
4.20333	0.0359141
4.20358	0.032591
4.20382	0.0374798
4.20407	0.0456037
4.20431	0.0514261
4.20456	0.0560167
4.2048	0.0604805
4.20504	0.063729
4.20529	0.0696571
4.20553	0.0859746
4.20578	0.112475
4.20602	0.139934
4.20627	0.163993
4.20651	0.190699
4.20676	0.223958
4.207	0.256525
4.20725	0.279529
4.20749	0.29411
4.20774	0.307047
4.20798	0.319431
4.20822	0.325894
4.20847	0.322615
4.20871	0.310768
4.20896	0.292721
4.2092	0.268866
4.20945	0.239437
4.20969	0.207939
4.20994	0.180808
4.21018	0.162075
4.21043	0.148946
4.21067	0.135508
4.21092	0.121246
4.21116	0.111956
4.2114	0.110652
4.21165	0.112375
4.21189	0.111466
4.21214	0.109741
4.21238	0.112928
4.21263	0.122313
4.21287	0.134781
4.21312	0.148902
4.21336	0.166536
4.21361	0.18972
4.21385	0.218832
4.21409	0.251875
4.21434	0.28373
4.21458	0.309211
4.21483	0.328397
4.21507	0.344804
4.21532	0.357163
4.21556	0.359143
4.21581	0.349397
4.21605	0.334889
4.2163	0.321341
4.21654	0.308174
4.21679	0.296151
4.21703	0.290425
4.21727	0.290657
4.21752	0.288327
4.21776	0.281034
4.21801	0.279041
4.21825	0.288617
4.2185	0.299302
4.21874	0.298934
4.21899	0.291456
4.21923	0.286401
4.21948	0.279414
4.21972	0.259152
4.21997	0.22765
4.22021	0.197489
4.22045	0.17245
4.2207	0.14711
4.22094	0.122934
4.22119	0.10757
4.22143	0.0987343
4.22168	0.0862152
4.22192	0.0717079
4.22217	0.0695264
4.22241	0.0829427
4.22266	0.0956317
4.2229	0.0940744
4.22315	0.085766
4.22339	0.0867574
4.22363	0.100829
4.22388	0.119512
4.22412	0.136113
4.22437	0.152037
4.22461	0.172294
4.22486	0.198908
4.2251	0.226786
4.22535	0.246132
4.22559	0.252555
4.22584	0.252633
4.22608	0.253972
4.22632	0.253597
4.22657	0.244293
4.22681	0.227712
4.22706	0.209713
4.2273	0.186804
4.22755	0.152351
4.22779	0.114868
4.22804	0.0927108
4.22828	0.087692
4.22853	0.0810297
4.22877	0.0613912
4.22902	0.0406893
4.22926	0.0334539
4.2295	0.0355809
4.22975	0.0350388
4.22999	0.0311813
4.23024	0.0298783
4.23048	0.0285528
4.23073	0.0206205
4.23097	0.0100942
4.23122	0.00842381
4.23146	0.0177768
4.23171	0.0275178
4.23195	0.0278105
4.2322	0.0196676
4.23244	0.0109595
4.23268	0.00735386
4.23293	0.00814891
4.23317	0.00900911
4.23342	0.00840129
4.23366	0.00963801
4.23391	0.0138525
4.23415	0.0146825
4.2344	0.00724827
4.23464	-0.000730345
4.23489	0.0022566
4.23513	0.0126765
4.23538	0.01572
4.23562	0.00936624
4.23586	0.00844758
4.23611	0.0191045
4.23635	0.0266359
4.2366	0.0195882
4.23684	0.0099152
4.23709	0.013824
4.23733	0.0254543
4.23758	0.0278768
4.23782	0.0210889
4.23807	0.0189211
4.23831	0.0232983
4.23855	0.0227887
4.2388	0.0162369
4.23904	0.0170387
4.23929	0.0294986
4.23953	0.0390886
4.23978	0.0339153
4.24002	0.0214193
4.24027	0.0150123
4.24051	0.0161562
4.24076	0.0192753
4.241	0.0241128
4.24125	0.0319082
4.24149	0.0365317
4.24173	0.0315112
4.24198	0.0222603
4.24222	0.0202501
4.24247	0.0261571
4.24271	0.0289758
4.24296	0.0227994
4.2432	0.0151576
4.24345	0.0151586
4.24369	0.0208883
4.24394	0.0244334
4.24418	0.0246443
4.24443	0.0275652
4.24467	0.035302
4.24491	0.0415654
4.24516	0.0405087
4.2454	0.0348206
4.24565	0.0312295
4.24589	0.0314514
4.24614	0.0321569
4.24638	0.0314753
4.24663	0.0299833
4.24687	0.0265087
4.24712	0.0194765
4.24736	0.0130262
4.24761	0.0149736
4.24785	0.026195
4.24809	0.0381069
4.24834	0.0439906
4.24858	0.0467759
4.24883	0.0513554
4.24907	0.0556478
4.24932	0.0558199
4.24956	0.0549314
4.24981	0.0579365
4.25005	0.0616125
4.2503	0.058783
4.25054	0.0510135
4.25079	0.0472735
4.25103	0.049423
4.25127	0.0488695
4.25152	0.0404792
4.25176	0.0308561
4.25201	0.0280176
4.25225	0.0303955
4.2525	0.0322177
4.25274	0.0336647
4.25299	0.0380554
4.25323	0.0426938
4.25348	0.0408774
4.25372	0.0325342
4.25396	0.0259263
4.25421	0.0271843
4.25445	0.0328179
4.2547	0.0347908
4.25494	0.0302511
4.25519	0.0241759
4.25543	0.023362
4.25568	0.0289236
4.25592	0.0350817
4.25617	0.036021
4.25641	0.0333098
4.25666	0.0337895
4.2569	0.0395302
4.25714	0.043928
4.25739	0.0406436
4.25763	0.0328024
4.25788	0.0288113
4.25812	0.0312171
4.25837	0.0345375
4.25861	0.0330775
4.25886	0.0266384
4.2591	0.0195503
4.25935	0.0180992
4.25959	0.0268604
4.25984	0.0421872
4.26008	0.0515699
4.26032	0.0466754
4.26057	0.0357112
4.26081	0.0340928
4.26106	0.0430742
4.2613	0.048555
4.26155	0.0432755
4.26179	0.0373046
4.26204	0.0396942
4.26228	0.0421311
4.26253	0.0327347
4.26277	0.0174836
4.26302	0.013325
4.26326	0.0234434
4.2635	0.0331898
4.26375	0.0305741
4.26399	0.019145
4.26424	0.0091982
4.26448	0.0062325
4.26473	0.0100778
4.26497	0.017035
4.26522	0.0212761
4.26546	0.0210859
4.26571	0.0230875
4.26595	0.0321771
4.26619	0.0396355
4.26644	0.0330163
4.26668	0.0170459
4.26693	0.0103889
4.26717	0.0193622
4.26742	0.0299813
4.26766	0.0312382
4.26791	0.0306809
4.26815	0.0379535
4.2684	0.0472016
4.26864	0.0480525
4.26889	0.0427756
4.26913	0.0390295
4.26937	0.0344759
4.26962	0.0230387
4.26986	0.0100929
4.27011	0.00677083
4.27035	0.0127549
4.2706	0.0180317
4.27084	0.0191106
4.27109	0.0206459
4.27133	0.0227531
4.27158	0.0197413
4.27182	0.0117451
4.27207	0.00610734
4.27231	0.00607804
4.27255	0.00797561
4.2728	0.010149
4.27304	0.0151908
4.27329	0.0224243
4.27353	0.0272529
4.27378	0.0291137
4.27402	0.0320429
4.27427	0.036901
4.27451	0.0407436
4.27476	0.0435703
4.275	0.0477062
4.27525	0.0514489
4.27549	0.0519148
4.27573	0.0526185
4.27598	0.0581833
4.27622	0.0629232
4.27647	0.0565653
4.27671	0.0416147
4.27696	0.0323715
4.2772	0.0342033
4.27745	0.036053
4.27769	0.0279147
4.27794	0.0148882
4.27818	0.00840059
4.27842	0.0122982
4.27867	0.0227779
4.27891	0.0346041
4.27916	0.0430686
4.2794	0.0461805
4.27965	0.0475597
4.27989	0.0510482
4.28014	0.0526911
4.28038	0.0467657
4.28063	0.0385999
4.28087	0.039056
4.28112	0.0457076
4.28136	0.0439546
4.2816	0.02994
4.28185	0.0170091
4.28209	0.0141517
4.28234	0.0140273
4.28258	0.0102641
4.28283	0.0102552
4.28307	0.0193051
4.28332	0.0267669
4.28356	0.0220757
4.28381	0.0127123
4.28405	0.0114845
4.2843	0.0160908
4.28454	0.0165264
4.28478	0.013837
4.28503	0.0152726
4.28527	0.0179782
4.28552	0.0144163
4.28576	0.00886182
4.28601	0.0115575
4.28625	0.0197877
4.2865	0.0214046
4.28674	0.0153602
4.28699	0.012516
4.28723	0.0163868
4.28748	0.0187516
4.28772	0.015702
4.28796	0.0138498
4.28821	0.0183719
4.28845	0.0268791
4.2887	0.0362473
4.28894	0.0445367
4.28919	0.0472105
4.28943	0.0437989
4.28968	0.045997
4.28992	0.0641572
4.29017	0.0877431
4.29041	0.0970926
4.29065	0.094079
4.2909	0.0997938
4.29114	0.118453
4.29139	0.127323
4.29163	0.112172
4.29188	0.0903138
4.29212	0.0833235
4.29237	0.085539
4.29261	0.0781117
4.29286	0.0599931
4.2931	0.0447947
4.29335	0.0367917
4.29359	0.0302027
4.29383	0.0259613
4.29408	0.0297581
4.29432	0.0368925
4.29457	0.0370909
4.29481	0.0324951
4.29506	0.0338684
4.2953	0.0402978
4.29555	0.0403062
4.29579	0.0335514
4.29604	0.033096
4.29628	0.0426846
4.29653	0.049672
4.29677	0.0470532
4.29701	0.0458767
4.29726	0.0561546
4.2975	0.0699634
4.29775	0.0760517
4.29799	0.0800211
4.29824	0.0950955
4.29848	0.119101
4.29873	0.135376
4.29897	0.134968
4.29922	0.125482
4.29946	0.116838
4.29971	0.108784
4.29995	0.0962582
4.30019	0.0798542
4.30044	0.0656834
4.30068	0.0576177
4.30093	0.0533644
4.30117	0.0481959
4.30142	0.0414439
4.30166	0.0382737
4.30191	0.043259
4.30215	0.0523765
4.3024	0.0551923
4.30264	0.047118
4.30288	0.0358783
4.30313	0.0322309
4.30337	0.0371168
4.30362	0.042387
4.30386	0.0423101
4.30411	0.0394474
4.30435	0.0394651
4.3046	0.0442952
4.30484	0.0507389
4.30509	0.0528802
4.30533	0.0463815
4.30558	0.0335996
4.30582	0.0237131
4.30606	0.0240415
4.30631	0.0316596
4.30655	0.0376494
4.3068	0.0391464
4.30704	0.0417213
4.30729	0.048892
4.30753	0.0556291
4.30778	0.0562755
4.30802	0.0542514
4.30827	0.0581423
4.30851	0.070097
4.30876	0.0837461
4.309	0.0934739
4.30924	0.100238
4.30949	0.106293
4.30973	0.108926
4.30998	0.103927
4.31022	0.0932493
4.31047	0.0840714
4.31071	0.0794352
4.31096	0.0742576
4.3112	0.0633967
4.31145	0.050284
4.31169	0.0428396
4.31194	0.0423301
4.31218	0.0420867
4.31242	0.0380422
4.31267	0.0342522
4.31291	0.0345966
4.31316	0.0348976
4.3134	0.0296123
4.31365	0.0225182
4.31389	0.0225627
4.31414	0.0301291
4.31438	0.0361876
4.31463	0.0365997
4.31487	0.0383458
4.31511	0.0471346
4.31536	0.0570673
4.3156	0.0602497
4.31585	0.0608158
4.31609	0.0693554
4.31634	0.0857024
4.31658	0.0979798
4.31683	0.100166
4.31707	0.100577
4.31732	0.107961
4.31756	0.116959
4.31781	0.114896
4.31805	0.0987288
4.31829	0.0776015
4.31854	0.0603598
4.31878	0.0478854
4.31903	0.038097
4.31927	0.0315853
4.31952	0.0294577
4.31976	0.0302431
4.32001	0.032101
4.32025	0.0350838
4.3205	0.0386939
4.32074	0.0401869
4.32099	0.0380977
4.32123	0.0346076
4.32147	0.0312906
4.32172	0.0258383
4.32196	0.0177381
4.32221	0.0141637
4.32245	0.022582
4.3227	0.0372903
4.32294	0.0417742
4.32319	0.0287416
4.32343	0.0112605
4.32368	0.00723693
4.32392	0.0170196
4.32417	0.024843
4.32441	0.0211154
4.32465	0.0135661
4.3249	0.0134711
4.32514	0.0195808
4.32539	0.0225177
4.32563	0.0196272
4.32588	0.0168234
4.32612	0.0175513
4.32637	0.0185737
4.32661	0.0176712
4.32686	0.017463
4.3271	0.0183305
4.32735	0.014962
4.32759	0.00575061
4.32783	-0.000295276
4.32808	0.00563761
4.32832	0.0176088
4.32857	0.0209456
4.32881	0.012973
4.32906	0.0074677
4.3293	0.0144639
4.32955	0.0250251
4.32979	0.0242802
4.33004	0.0134832
4.33028	0.00833656
4.33052	0.0167173
4.33077	0.0286134
4.33101	0.0310917
4.33126	0.0247654
4.3315	0.0196587
4.33175	0.020109
4.33199	0.0210874
4.33224	0.0180546
4.33248	0.0138812
4.33273	0.0140566
4.33297	0.0188087
4.33322	0.0230309
4.33346	0.0230242
4.3337	0.0206977
4.33395	0.0200134
4.33419	0.0208251
4.33444	0.0189157
4.33468	0.0127579
4.33493	0.00742738
4.33517	0.00914118
4.33542	0.0173931
4.33566	0.0255101
4.33591	0.0282696
4.33615	0.0259728
4.3364	0.0216959
4.33664	0.0181875
4.33688	0.0174524
4.33713	0.0196016
4.33737	0.0215906
4.33762	0.0206024
4.33786	0.0187547
4.33811	0.0202516
4.33835	0.0238891
4.3386	0.0240358
4.33884	0.0201596
4.33909	0.0186185
4.33933	0.0220318
4.33958	0.0238112
4.33982	0.0183531
4.34006	0.0104542
4.34031	0.00775259
4.34055	0.00873103
4.3408	0.00659414
4.34104	0.00210156
4.34129	0.00324921
4.34153	0.0123053
4.34178	0.0215622
4.34202	0.0238736
4.34227	0.020795
4.34251	0.0177816
4.34275	0.0166295
4.343	0.0155816
4.34324	0.0131693
4.34349	0.00944554
4.34373	0.00568563
4.34398	0.00379782
4.34422	0.00388156
4.34447	0.00306504
4.34471	2.92139e-05
4.34496	-0.000826665
4.3452	0.00510725
4.34545	0.0138873
4.34569	0.0164747
4.34593	0.0116783
4.34618	0.00843717
4.34642	0.0127244
4.34667	0.0192962
4.34691	0.0207344
4.34716	0.0183575
4.3474	0.0181332
4.34765	0.0203283
4.34789	0.0201573
4.34814	0.0164359
4.34838	0.0130487
4.34863	0.0123529
4.34887	0.0125491
4.34911	0.0119184
4.34936	0.0111732
4.3496	0.0108578
4.34985	0.010234
4.35009	0.0100505
4.35034	0.0133556
4.35058	0.0216015
4.35083	0.031553
4.35107	0.0377813
4.35132	0.0379138
4.35156	0.0346251
4.35181	0.0324266
4.35205	0.0328731
4.35229	0.0336121
4.35254	0.0324695
4.35278	0.0310088
4.35303	0.0320108
4.35327	0.034481
4.35352	0.0347248
4.35376	0.0328287
4.35401	0.0340168
4.35425	0.0413954
4.3545	0.0508396
4.35474	0.0565317
4.35498	0.0593984
4.35523	0.066332
4.35547	0.0819676
4.35572	0.104266
4.35596	0.127636
4.35621	0.14795
4.35645	0.165553
4.3567	0.186394
4.35694	0.219476
4.35719	0.269893
4.35743	0.334473
4.35768	0.407409
4.35792	0.489796
4.35816	0.588861
4.35841	0.705498
4.35865	0.826072
4.3589	0.930235
4.35914	1.00609
4.35939	1.05526
4.35963	1.08396
4.35988	1.09214
4.36012	1.07276
4.36037	1.01998
4.36061	0.935996
4.36086	0.829463
4.3611	0.70918
4.36134	0.58125
4.36159	0.452357
4.36183	0.332984
4.36208	0.234716
4.36232	0.164288
4.36257	0.121043
4.36281	0.0987622
4.36306	0.0880617
4.3633	0.079057
4.36355	0.0664275
4.36379	0.0531329
4.36404	0.0458337
4.36428	0.0453725
4.36452	0.0451635
4.36477	0.0405569
4.36501	0.0352453
4.36526	0.0347084
4.3655	0.0372545
4.36575	0.0370246
4.36599	0.0333653
4.36624	0.0307182
4.36648	0.029983
4.36673	0.0268169
4.36697	0.0196202
4.36721	0.0132781
4.36746	0.0129171
4.3677	0.0186414
4.36795	0.0276256
4.36819	0.0361389
4.36844	0.0384892
4.36868	0.0306971
4.36893	0.0176955
4.36917	0.0102407
4.36942	0.0118082
4.36966	0.0156358
4.36991	0.0175038
4.37015	0.0218089
4.37039	0.0296685
4.37064	0.0319992
4.37088	0.0238636
4.37113	0.0159941
4.37137	0.0198184
4.37162	0.0287607
4.37186	0.0284338
4.37211	0.0195304
4.37235	0.0150324
4.3726	0.0186224
4.37284	0.0225963
4.37309	0.0250638
4.37333	0.0310651
4.37357	0.0363931
4.37382	0.0298429
4.37406	0.015165
4.37431	0.0112474
4.37455	0.0236287
4.3748	0.0346214
4.37504	0.0313163
4.37529	0.0254045
4.37553	0.0322645
4.37578	0.0459598
4.37602	0.0506571
4.37627	0.0452335
4.37651	0.0407417
4.37675	0.0418709
4.377	0.0453931
4.37724	0.0503074
4.37749	0.0567186
4.37773	0.0608375
4.37798	0.0622336
4.37822	0.0688013
4.37847	0.0839242
4.37871	0.0978269
4.37896	0.103352
4.3792	0.109763
4.37944	0.126816
4.37969	0.146347
4.37993	0.157368
4.38018	0.169501
4.38042	0.20007
4.38067	0.244122
4.38091	0.280049
4.38116	0.302741
4.3814	0.328641
4.38165	0.367098
4.38189	0.408758
4.38214	0.44635
4.38238	0.485941
4.38262	0.529974
4.38287	0.567162
4.38311	0.589289
4.38336	0.604391
4.3836	0.623184
4.38385	0.642453
4.38409	0.650955
4.38434	0.644921
4.38458	0.630782
4.38483	0.616969
4.38507	0.606924
4.38532	0.597073
4.38556	0.581249
4.3858	0.559497
4.38605	0.538054
4.38629	0.51615
4.38654	0.48184
4.38678	0.430347
4.38703	0.376138
4.38727	0.332665
4.38752	0.290864
4.38776	0.236973
4.38801	0.182217
4.38825	0.149929
4.3885	0.138192
4.38874	0.122912
4.38898	0.0974483
4.38923	0.0800501
4.38947	0.0781698
4.38972	0.0755622
4.38996	0.0637919
4.39021	0.0574034
4.39045	0.0643485
4.3907	0.0681155
4.39094	0.0558595
4.39119	0.0403793
4.39143	0.0361409
4.39167	0.0356214
4.39192	0.0288749
4.39216	0.0252538
4.39241	0.0336062
4.39265	0.0402452
4.3929	0.0312593
4.39314	0.020119
4.39339	0.0265004
4.39363	0.0413913
4.39388	0.0421029
4.39412	0.0321168
4.39437	0.0351696
4.39461	0.0536961
4.39485	0.0638948
4.3951	0.0545029
4.39534	0.0427675
4.39559	0.0445593
4.39583	0.0518763
4.39608	0.050568
4.39632	0.0421508
4.39657	0.0357164
4.39681	0.0311346
4.39706	0.0229485
4.3973	0.0134976
4.39755	0.0107599
4.39779	0.0153401
4.39803	0.0178277
4.39828	0.0109406
4.39852	0.000440079
4.39877	-0.000446946
4.39901	0.0111425
4.39926	0.0206637
4.3995	0.0138234
4.39975	-0.00258738
4.39999	-0.00913175
4.40024	-0.00175618
4.40048	0.00414706
4.40073	0.000339907
4.40097	-0.00197155
4.40121	0.00545095
4.40146	0.0117804
4.4017	0.00659715
4.40195	-0.00122148
4.40219	-0.000268229
4.40244	0.00262093
4.40268	-0.00282762
4.40293	-0.00803774
4.40317	-7.64195e-05
4.40342	0.0116423
4.40366	0.0073674
4.4039	-0.00991461
4.40415	-0.0177554
4.40439	-0.00890767
4.40464	0.000512105
4.40488	-0.00116475
4.40513	-0.00672496
4.40537	-0.00728834
4.40562	-0.0049017
4.40586	-0.00266728
4.40611	0.00137351
4.40635	0.00510942
4.4066	0.00145793
4.40684	-0.00842218
4.40708	-0.0139191
4.40733	-0.0112694
4.40757	-0.0087539
4.40782	-0.0114854
4.40806	-0.0131097
4.40831	-0.00787391
4.40855	-0.000680885
4.4088	0.000541742
4.40904	-0.00461189
4.40929	-0.009753
4.40953	-0.00810192
4.40978	0.0017864
4.41002	0.0120363
4.41026	0.0109676
4.41051	-0.00105523
4.41075	-0.00836278
4.411	-0.00205288
4.41124	0.0043218
4.41149	-0.00413429
4.41173	-0.0166765
4.41198	-0.0121205
4.41222	0.0049736
4.41247	0.00893668
4.41271	-0.00584925
4.41296	-0.0150931
4.4132	-0.00298857
4.41344	0.0140346
4.41369	0.0143558
4.41393	0.00186457
4.41418	-0.00587789
4.41442	-0.00524874
4.41467	-0.00577527
4.41491	-0.0108177
4.41516	-0.0139349
4.4154	-0.010575
4.41565	-0.00324563
4.41589	0.00267542
4.41614	0.00310878
4.41638	-0.00115043
4.41662	-0.00311621
4.41687	0.00216902
4.41711	0.00818213
4.41736	0.0048922
4.4176	-0.00425433
4.41785	-0.00601363
4.41809	0.000832305
4.41834	0.00270712
4.41858	-0.00551319
4.41883	-0.011078
4.41907	-0.00525879
4.41931	0.00119915
4.41956	-0.00367699
4.4198	-0.0124829
4.42005	-0.0103029
4.42029	0.0016629
4.42054	0.00857195
4.42078	0.00331524
4.42103	-0.00646737
4.42127	-0.0103069
4.42152	-0.00507873
4.42176	0.00463376
4.42201	0.0102212
4.42225	0.00596033
4.42249	-0.00351807
4.42274	-0.00701856
4.42298	-0.00121611
4.42323	0.0050158
4.42347	0.00407056
4.42372	-0.000653435
4.42396	-0.00316871
4.42421	-0.00442186
4.42445	-0.0070313
4.4247	-0.00832968
4.42494	-0.00570074
4.42519	-0.00227571
4.42543	-0.00111624
4.42567	-0.000371083
4.42592	0.000335873
4.42616	-0.00332181
4.42641	-0.0109871
4.42665	-0.0136544
4.4269	-0.00674389
4.42714	0.00134366
4.42739	0.00246785
4.42763	0.00217224
4.42788	0.0092825
4.42812	0.0191763
4.42837	0.0198998
4.42861	0.0110758
4.42885	0.00450229
4.4291	0.00680119
4.42934	0.011668
4.42959	0.0102306
4.42983	0.00183081
4.43008	-0.00643424
4.43032	-0.0064735
4.43057	0.00355525
4.43081	0.0155957
4.43106	0.0185325
4.4313	0.0120265
4.43154	0.00832467
4.43179	0.0156328
4.43203	0.026306
4.43228	0.0287019
4.43252	0.0244091
4.43277	0.0239408
4.43301	0.0295826
4.43326	0.0334825
4.4335	0.0313863
4.43375	0.0279681
4.43399	0.0279411
4.43424	0.0309027
4.43448	0.0364797
4.43472	0.0462101
4.43497	0.0574232
4.43521	0.0624821
4.43546	0.0585336
4.4357	0.0530855
4.43595	0.055213
4.43619	0.0641866
4.43644	0.07135
4.43668	0.071896
4.43693	0.0700133
4.43717	0.0712949
4.43742	0.0742174
4.43766	0.0732813
4.4379	0.0688797
4.43815	0.067933
4.43839	0.0728738
4.43864	0.0763518
4.43888	0.0721167
4.43913	0.0659732
4.43937	0.0679702
4.43962	0.076833
4.43986	0.0818438
4.44011	0.0795406
4.44035	0.0778369
4.4406	0.0813713
4.44084	0.0834759
4.44108	0.0780995
4.44133	0.0707537
4.44157	0.0699234
4.44182	0.0736827
4.44206	0.0731635
4.44231	0.066298
4.44255	0.0605904
4.4428	0.0627662
4.44304	0.0712277
4.44329	0.0795647
4.44353	0.0841288
4.44377	0.0866464
4.44402	0.0902074
4.44426	0.09402
4.44451	0.0942378
4.44475	0.0905499
4.445	0.0881671
4.44524	0.090169
4.44549	0.0921214
4.44573	0.0895886
4.44598	0.0868621
4.44622	0.0906681
4.44647	0.0980884
4.44671	0.0994534
4.44695	0.091657
4.4472	0.0797906
4.44744	0.0670796
4.44769	0.0531731
4.44793	0.0417027
4.44818	0.0385355
4.44842	0.0414472
4.44867	0.0415832
4.44891	0.0362071
4.44916	0.0305547
4.4494	0.0275461
4.44965	0.0264325
4.44989	0.0299948
4.45013	0.0396462
4.45038	0.0451722
4.45062	0.0363971
4.45087	0.0246498
4.45111	0.0314421
4.45136	0.0524328
4.4516	0.0571869
4.45185	0.0342777
4.45209	0.0113571
4.45234	0.0140835
4.45258	0.0286869
4.45283	0.0285667
4.45307	0.0189076
4.45331	0.0253771
4.45356	0.0490782
4.4538	0.0639715
4.45405	0.0578478
4.45429	0.0480571
4.45454	0.0517221
4.45478	0.0631711
4.45503	0.0690029
4.45527	0.0677343
4.45552	0.065089
4.45576	0.0627791
4.456	0.0608306
4.45625	0.0618677
4.45649	0.0660721
4.45674	0.0687009
4.45698	0.0673707
4.45723	0.0657041
4.45747	0.0664903
4.45772	0.0674538
4.45796	0.0669476
4.45821	0.0682085
4.45845	0.0745393
4.4587	0.0836524
4.45894	0.0887185
4.45918	0.0836001
4.45943	0.0686123
4.45967	0.0533115
4.45992	0.0495108
4.46016	0.0574048
4.46041	0.0635164
4.46065	0.0577098
4.4609	0.0462345
4.46114	0.0411554
4.46139	0.0440603
4.46163	0.0496428
4.46188	0.0577223
4.46212	0.0688752
4.46236	0.0744318
4.46261	0.0667321
4.46285	0.0560956
4.4631	0.0603101
4.46334	0.0773911
4.46359	0.0865387
4.46383	0.0789266
4.46408	0.0696668
4.46432	0.0728706
4.46457	0.0815608
4.46481	0.0821782
4.46506	0.0750438
4.4653	0.0684621
4.46554	0.0632353
4.46579	0.0558062
4.46603	0.0490168
4.46628	0.0469361
4.46652	0.0442608
4.46677	0.033467
4.46701	0.0195997
4.46726	0.0155551
4.4675	0.0226794
4.46775	0.0272856
4.46799	0.0193266
4.46823	0.00579433
4.46848	0.000762382
4.46872	0.00772177
4.46897	0.017204
4.46921	0.0192893
4.46946	0.0133336
4.4697	0.00526719
4.46995	-0.00034193
4.47019	-0.00265681
4.47044	-0.00145557
4.47068	0.00341517
4.47093	0.0087178
4.47117	0.00902835
4.47141	0.00438229
4.47166	0.00211641
4.4719	0.00623944
4.47215	0.00947548
4.47239	0.00333784
4.47264	-0.00705101
4.47288	-0.00821311
4.47313	0.00181272
4.47337	0.00986546
4.47362	0.00715086
4.47386	0.00162717
4.47411	0.00429182
4.47435	0.0120771
4.47459	0.0140981
4.47484	0.0091912
4.47508	0.00606014
4.47533	0.00771528
4.47557	0.00681326
4.47582	-0.0013195
4.47606	-0.00974855
4.47631	-0.00874805
4.47655	0.00163355
4.4768	0.0125206
4.47704	0.0166989
4.47729	0.0140387
4.47753	0.00837825
4.47777	0.00327838
4.47802	0.000910775
4.47826	0.00199025
4.47851	0.00542853
4.47875	0.00908571
4.479	0.0113893
4.47924	0.0117537
4.47949	0.00989329
4.47973	0.00613554
4.47998	0.00254771
4.48022	0.00207681
4.48046	0.0053271
4.48071	0.00884849
4.48095	0.00811454
4.4812	0.00270342
4.48144	-0.0022513
4.48169	-0.000775874
4.48193	0.00728408
4.48218	0.0150337
4.48242	0.0151178
4.48267	0.00751936
4.48291	-0.000667758
4.48316	-0.00345004
4.4834	-0.00156637
4.48364	0.000914433
4.48389	0.00209516
4.48413	0.00142993
4.48438	-0.00274043
4.48462	-0.00950982
4.48487	-0.0122158
4.48511	-0.00628502
4.48536	0.00133119
4.4856	-0.000297243
4.48585	-0.00891246
4.48609	-0.0105086
4.48634	-0.000673364
4.48658	0.00782787
4.48682	0.00526247
4.48707	0.000153558
4.48731	0.00401352
4.48756	0.0120697
4.4878	0.0127996
4.48805	0.00762216
4.48829	0.00529176
4.48854	0.00370028
4.48878	-0.00458704
4.48903	-0.0131779
4.48927	-0.00859278
4.48952	0.00479784
4.48976	0.0078104
4.49	-0.00288537
4.49025	-0.00855329
4.49049	0.000936791
4.49074	0.0112295
4.49098	0.00824737
4.49123	-0.000589548
4.49147	-0.00289498
4.49172	-0.00182192
4.49196	-0.00469648
4.49221	-0.00576786
4.49245	0.00250493
4.4927	0.0122619
4.49294	0.0116607
4.49318	0.0046248
4.49343	0.00260096
4.49367	0.00461844
4.49392	0.0025512
4.49416	-0.000865244
4.49441	0.00257529
4.49465	0.00836243
4.4949	0.00529155
4.49514	-0.00335414
4.49539	-0.00359453
4.49563	0.00496941
4.49587	0.00747693
4.49612	-0.00162413
4.49636	-0.0100314
4.49661	-0.00784392
4.49685	-0.000691332
4.4971	0.0030733
4.49734	0.00446464
4.49759	0.00635578
4.49783	0.00538913
4.49808	-0.00109665
4.49832	-0.00839535
4.49857	-0.0107488
4.49881	-0.00792616
4.49905	-0.00202507
4.4993	0.00532534
4.49954	0.00993
4.49979	0.00687181
4.50003	-0.0016799
4.50028	-0.00746967
4.50052	-0.00695748
4.50077	-0.00397136
4.50101	-0.000777783
4.50126	0.00441513
4.5015	0.00938975
4.50175	0.00753898
4.50199	-0.000669738
4.50223	-0.00531367
4.50248	-0.000933163
4.50272	0.00543493
4.50297	0.00527996
4.50321	4.78737e-05
4.50346	-0.00415987
4.5037	-0.00662356
4.50395	-0.010193
4.50419	-0.0138019
4.50444	-0.0127829
4.50468	-0.00500957
4.50493	0.00603703
4.50517	0.012804
4.50541	0.00874857
4.50566	-0.00413551
4.5059	-0.013981
4.50615	-0.0110607
4.50639	-0.000219626
4.50664	0.00535829
4.50688	0.00135917
4.50713	-0.00504647
4.50737	-0.00842751
4.50762	-0.0101497
4.50786	-0.00995485
4.5081	-0.00469649
4.50835	0.00179593
4.50859	-0.000133064
4.50884	-0.0102763
4.50908	-0.0156405
4.50933	-0.00906606
4.50957	0.000256745
4.50982	0.0016196
4.51006	-0.00264954
4.51031	-0.00529782
4.51055	-0.00644037
4.5108	-0.00853516
4.51104	-0.00829762
4.51128	-0.00349176
4.51153	0.000319723
4.51177	-0.000547208
4.51202	0.000138727
4.51226	0.00655058
4.51251	0.00990435
4.51275	0.00227036
4.513	-0.00706401
4.51324	-0.00431892
4.51349	0.0059718
4.51373	0.00800081
4.51398	0.000789535
4.51422	-0.00155693
4.51446	0.0046006
4.51471	0.00632347
4.51495	-0.00232969
4.5152	-0.00948961
4.51544	-0.00655685
4.51569	-0.00318917
4.51593	-0.0093237
4.51618	-0.0162528
4.51642	-0.0108349
4.51667	0.00129217
4.51691	0.00390607
4.51716	-0.00357521
4.5174	-0.00587613
4.51764	0.00225756
4.51789	0.00710526
4.51813	-0.00196508
4.51838	-0.0155332
4.51862	-0.0180797
4.51887	-0.00918751
4.51911	-0.000642
4.51936	0.00151884
4.5196	0.00126907
4.51985	0.00157221
4.52009	-0.000359999
4.52033	-0.00572542
4.52058	-0.0103038
4.52082	-0.0106308
4.52107	-0.00817153
4.52131	-0.0051389
4.52156	-0.001666
4.5218	0.000463367
4.52205	-0.0027477
4.52229	-0.0102101
4.52254	-0.0130893
4.52278	-0.00514435
4.52303	0.00752617
4.52327	0.0131049
4.52351	0.00873152
4.52376	0.00270658
4.524	0.00244474
4.52425	0.00608648
4.52449	0.00767721
4.52474	0.0061197
4.52498	0.0056938
4.52523	0.00922453
4.52547	0.0134295
4.52572	0.0121706
4.52596	0.0042376
4.52621	-0.00370973
4.52645	-0.0044503
4.52669	0.000261079
4.52694	0.00163771
4.52718	-0.00381277
4.52743	-0.00915102
4.52767	-0.00714896
4.52792	-0.000497565
4.52816	0.00275675
4.52841	-7.91972e-05
4.52865	-0.00544316
4.5289	-0.00981391
4.52914	-0.0112063
4.52939	-0.00758597
4.52963	-0.000108517
4.52987	0.00478338
4.53012	0.00314787
4.53036	0.000779011
4.53061	0.00532126
4.53085	0.0138482
4.5311	0.0170775
4.53134	0.014052
4.53159	0.0123389
4.53183	0.0140257
4.53208	0.0129716
4.53232	0.0078097
4.53256	0.00570452
4.53281	0.00873182
4.53305	0.0082152
4.5333	-7.68023e-05
4.53354	-0.00548648
4.53379	0.00260952
4.53403	0.0169404
4.53428	0.0213381
4.53452	0.0137973
4.53477	0.00835006
4.53501	0.0137516
4.53526	0.0214139
4.5355	0.0187386
4.53574	0.00675204
4.53599	-0.00203952
4.53623	-0.000278029
4.53648	0.00594765
4.53672	0.00643785
4.53697	0.000460274
4.53721	-0.0028129
4.53746	0.00291911
4.5377	0.0123063
4.53795	0.015474
4.53819	0.0110864
4.53844	0.00712879
4.53868	0.00910185
4.53892	0.0128054
4.53917	0.0107021
4.53941	0.00169474
4.53966	-0.00768871
4.5399	-0.00986418
4.54015	-0.00306074
4.54039	0.00664129
4.54064	0.0107647
4.54088	0.00820743
4.54113	0.00735643
4.54137	0.0142961
4.54162	0.0221337
4.54186	0.0195552
4.5421	0.00826521
4.54235	0.00186008
4.54259	0.00616824
4.54284	0.0117475
4.54308	0.0102248
4.54333	0.00703552
4.54357	0.00993483
4.54382	0.0142294
4.54406	0.010663
4.54431	0.00225856
4.54455	0.00087146
4.54479	0.00875708
4.54504	0.0152391
4.54528	0.0128851
4.54553	0.00678743
4.54577	0.00442799
4.54602	0.00487427
4.54626	0.00331947
4.54651	0.000159366
4.54675	-0.000885009
4.547	-0.000261626
4.54724	-0.00165011
4.54749	-0.00444566
4.54773	-0.00334024
4.54797	0.00308667
4.54822	0.00851833
4.54846	0.00740691
4.54871	0.00378332
4.54895	0.0057169
4.5492	0.0120939
4.54944	0.0124449
4.54969	0.00260259
4.54993	-0.00685997
4.55018	-0.00439062
4.55042	0.0055904
4.55067	0.00871413
4.55091	0.0015443
4.55115	-0.00415223
4.5514	0.000180117
4.55164	0.0073172
4.55189	0.00575426
4.55213	-0.00343804
4.55238	-0.00882992
4.55262	-0.00442559
4.55287	0.00359454
4.55311	0.00554311
4.55336	-0.00082256
4.5536	-0.00886156
4.55385	-0.0106488
4.55409	-0.00537508
4.55433	0.00045194
4.55458	0.00210685
4.55482	0.00348249
4.55507	0.0106418
4.55531	0.0204127
4.55556	0.0224146
4.5558	0.013553
4.55605	0.00333636
4.55629	0.00139931
4.55654	0.00570452
4.55678	0.00772451
4.55702	0.00472194
4.55727	0.00162779
4.55751	0.00314633
4.55776	0.00824677
4.558	0.0115962
4.55825	0.00861141
4.55849	0.000547813
4.55874	-0.00519149
4.55898	-0.0028534
4.55923	0.00393363
4.55947	0.00675729
4.55972	0.00432129
4.55996	0.0032377
4.5602	0.0061413
4.56045	0.00688244
4.56069	0.000827919
4.56094	-0.0070532
4.56118	-0.00895541
4.56143	-0.0039288
4.56167	0.00296365
4.56192	0.00656482
4.56216	0.00409691
4.56241	-0.00303534
4.56265	-0.00780715
4.5629	-0.00386991
4.56314	0.00502628
4.56338	0.00872444
4.56363	0.00474171
4.56387	-1.80223e-05
4.56412	-0.00246024
4.56436	-0.00655718
4.56461	-0.0107982
4.56485	-0.00636114
4.5651	0.00631179
4.56534	0.0135073
4.56559	0.00909263
4.56583	0.0047446
4.56608	0.00892295
4.56632	0.0112555
4.56656	0.0022662
4.56681	-0.00644179
4.56705	-0.000469286
4.5673	0.0113558
4.56754	0.0109378
4.56779	0.00154713
4.56803	0.000586178
4.56828	0.00770856
4.56852	0.0061835
4.56877	-0.00518729
4.56901	-0.00810304
4.56925	0.00343179
4.5695	0.0122307
4.56974	0.00672021
4.56999	-0.00159059
4.57023	5.05573e-05
4.57048	0.00553593
4.57072	0.00392982
4.57097	-0.00219924
4.57121	-0.00495209
4.57146	-0.00469747
4.5717	-0.0040981
4.57195	-0.000203576
4.57219	0.0069007
4.57243	0.00870394
4.57268	0.00189123
4.57292	-0.00344995
4.57317	0.000691067
4.57341	0.00757996
4.57366	0.00896337
4.5739	0.00934672
4.57415	0.0148759
4.57439	0.018852
4.57464	0.0123214
4.57488	0.000462666
4.57513	-0.00543602
4.57537	-0.00485862
4.57561	-0.00353014
4.57586	0.000169654
4.5761	0.00951914
4.57635	0.0170192
4.57659	0.0136319
4.57684	0.00540733
4.57708	0.00453945
4.57733	0.00779935
4.57757	0.0014726
4.57782	-0.0138835
4.57806	-0.0219236
4.57831	-0.0152905
4.57855	-0.00486205
4.57879	-0.000855591
4.57904	-0.000867782
4.57928	-0.0017175
4.57953	-0.00719175
4.57977	-0.0159679
4.58002	-0.0160983
4.58026	-0.00242554
4.58051	0.0113461
4.58075	0.0099655
4.581	-0.00162279
4.58124	-0.00618863
4.58149	0.000817739
4.58173	0.00691587
4.58197	0.00251405
4.58222	-0.00637716
4.58246	-0.00883019
4.58271	-0.00411211
4.58295	0.000126784
4.5832	0.00084601
4.58344	0.00336321
4.58369	0.0107613
4.58393	0.0156207
4.58418	0.00865206
4.58442	-0.00604957
4.58466	-0.0124906
4.58491	-0.00265897
4.58515	0.0122158
4.5854	0.0162946
4.58564	0.00911354
4.58589	0.00256674
4.58613	0.00230681
4.58638	0.00313873
4.58662	0.00169094
4.58687	0.00156687
4.58711	0.00337926
4.58736	0.00106903
4.5876	-0.0063147
4.58784	-0.00887759
4.58809	0.000157569
4.58833	0.0120514
4.58858	0.0134763
4.58882	0.00523254
4.58907	-0.000126438
4.58931	0.00238897
4.58956	0.00401402
4.5898	-0.00236051
4.59005	-0.0100992
4.59029	-0.00865303
4.59054	0.00016843
4.59078	0.00447128
4.59102	-0.000143664
4.59127	-0.00407597
4.59151	0.00144837
4.59176	0.010138
4.592	0.00903407
4.59225	-0.00212804
4.59249	-0.00975995
4.59274	-0.00564249
4.59298	0.00249655
4.59323	0.00431137
4.59347	0.0020179
4.59372	0.00415848
4.59396	0.0102549
4.5942	0.011775
4.59445	0.0060994
4.59469	0.000106343
4.59494	-0.000231963
4.59518	0.00371735
4.59543	0.00745565
4.59567	0.00748959
4.59592	0.00176741
4.59616	-0.00728165
4.59641	-0.0111455
4.59665	-0.00447541
4.59689	0.00492834
4.59714	0.00454957
4.59738	-0.00456304
4.59763	-0.00880875
4.59787	-0.00310267
4.59812	0.0013578
4.59836	-0.0043246
4.59861	-0.0121354
4.59885	-0.010002
4.5991	-0.000277912
4.59934	0.00525263
4.59959	0.00314602
4.59983	0.000226998
4.60007	0.000663571
4.60032	0.00118465
4.60056	-0.00116984
4.60081	-0.00465709
4.60105	-0.00684492
4.6013	-0.00705873
4.60154	-0.00469684
4.60179	-0.000219093
4.60203	0.0025854
4.60228	0.000295429
4.60252	-0.00460939
4.60277	-0.00659166
4.60301	-0.0046056
4.60325	-0.00179627
4.6035	0.00130517
4.60374	0.00711532
4.60399	0.0143319
4.60423	0.0173158
4.60448	0.0138637
4.60472	0.00800522
4.60497	0.00291257
4.60521	-0.00328471
4.60546	-0.0110419
4.6057	-0.0143237
4.60595	-0.00816774
4.60619	0.00172059
4.60643	0.00419519
4.60668	-0.00267754
4.60692	-0.00906147
4.60717	-0.00726206
4.60741	-0.00122418
4.60766	0.00225988
4.6079	0.00503883
4.60815	0.0119396
4.60839	0.0179921
4.60864	0.0131492
4.60888	5.10824e-05
4.60912	-0.00582195
4.60937	0.00142152
4.60961	0.00799249
4.60986	0.0016476
4.6101	-0.00854502
4.61035	-0.00718434
4.61059	0.00154409
4.61084	0.000611406
4.61108	-0.0110194
4.61133	-0.0159037
4.61157	-0.00613605
4.61182	0.00495217
4.61206	0.00509911
4.6123	-6.84153e-05
4.61255	-0.00157573
4.61279	-0.00302019
4.61304	-0.00987291
4.61328	-0.0153924
4.61353	-0.011166
4.61377	-0.00265183
4.61402	-0.000522547
4.61426	-0.00360927
4.61451	-0.00377849
4.61475	-0.00153195
4.615	-0.00277425
4.61524	-0.00497888
4.61548	-0.00130214
4.61573	0.00460611
4.61597	0.0027203
4.61622	-0.00567868
4.61646	-0.00884998
4.61671	-0.00325208
4.61695	0.00259467
4.6172	0.00408605
4.61744	0.00622715
4.61769	0.0104611
4.61793	0.0096699
4.61818	0.00168296
4.61842	-0.00443438
4.61866	-0.00233232
4.61891	0.00151869
4.61915	-0.00114331
4.6194	-0.00774395
4.61964	-0.0106209
4.61989	-0.00845951
4.62013	-0.00485412
4.62038	-0.00110904
4.62062	0.00267305
4.62087	0.00371762
4.62111	8.27548e-05
4.62135	-0.00493373
4.6216	-0.00661938
4.62184	-0.00450028
4.62209	-0.00120015
4.62233	0.000871808
4.62258	-0.000399871
4.62282	-0.00525966
4.62307	-0.00845016
4.62331	-0.00332384
4.62356	0.0073209
4.6238	0.0115005
4.62405	0.00372521
4.62429	-0.00666135
4.62453	-0.00897865
4.62478	-0.00601677
4.62502	-0.00680788
4.62527	-0.0101826
4.62551	-0.00677892
4.62576	0.00398047
4.626	0.0102795
4.62625	0.00419002
4.62649	-0.00696577
4.62674	-0.010583
4.62698	-0.00474607
4.62723	0.00154409
4.62747	0.00148613
4.62771	-0.00217273
4.62796	-0.00342631
4.6282	-0.0017103
4.62845	-0.00103978
4.62869	-0.0029123
4.62894	-0.00449764
4.62918	-0.00381188
4.62943	-0.00233002
4.62967	-0.00109152
4.62992	0.00134279
4.63016	0.00437318
4.63041	0.00337244
4.63065	-0.00337741
4.63089	-0.00960011
4.63114	-0.00838539
4.63138	-0.00189243
4.63163	0.00197512
4.63187	5.11255e-05
4.63212	-0.00483787
4.63236	-0.010159
4.63261	-0.0142136
4.63285	-0.0132937
4.6331	-0.00652662
4.63334	-0.000949421
4.63358	-0.00246566
4.63383	-0.00460515
4.63407	0.00204363
4.63432	0.0115169
4.63456	0.00873096
4.63481	-0.0052631
4.63505	-0.0118384
4.6353	-0.00379235
4.63554	0.00246171
4.63579	-0.00594834
4.63603	-0.0161494
4.63628	-0.0103015
4.63652	0.00446146
4.63676	0.00655392
4.63701	-0.00655621
4.63725	-0.0155566
4.6375	-0.00878723
4.63774	0.00368485
4.63799	0.00828854
4.63823	0.00506183
4.63848	0.00116449
4.63872	-0.00108789
4.63897	-0.00315965
4.63921	-0.00481976
4.63946	-0.00510655
4.6397	-0.00404183
4.63994	-0.000804587
4.64019	0.00510646
4.64043	0.00990336
4.64068	0.0082703
4.64092	0.00103851
4.64117	-0.00543761
4.64141	-0.00794128
4.64166	-0.00838698
4.6419	-0.00725624
4.64215	-0.00251584
4.64239	0.00374823
4.64264	0.00535824
4.64288	0.00122817
4.64312	-0.00231587
4.64337	-0.00104897
4.64361	0.00184033
4.64386	0.00266797
4.6441	0.00263459
4.64435	0.00281115
4.64459	0.000470057
4.64484	-0.00508865
4.64508	-0.00892328
4.64533	-0.00748919
4.64557	-0.00399597
4.64581	-0.00205565
4.64606	0.000307093
4.6463	0.00465772
4.64655	0.0060604
4.64679	0.000634476
4.64704	-0.0053156
4.64728	-0.0028982
4.64753	0.00496471
4.64777	0.00655336
4.64802	-0.00112469
4.64826	-0.00762504
4.64851	-0.00471415
4.64875	0.00200732
4.64899	0.00252512
4.64924	-0.00304658
4.64948	-0.00629387
4.64973	-0.00334606
4.64997	0.00106916
4.65022	0.00158417
4.65046	-0.00130321
4.65071	-0.00322021
4.65095	-0.00114205
4.6512	0.00324778
4.65144	0.00349307
4.65169	-0.00564147
4.65193	-0.0186852
4.65217	-0.0205708
4.65242	-0.00471218
4.65266	0.0135165
4.65291	0.0126938
4.65315	-0.00533767
4.6534	-0.015914
4.65364	-0.00584525
4.65389	0.00795656
4.65413	0.00495056
4.65438	-0.0080063
4.65462	-0.00985341
4.65487	-0.00040286
4.65511	0.000671991
4.65535	-0.0114075
4.6556	-0.0170556
4.65584	-0.00457622
4.65609	0.00970388
4.65633	0.00699544
4.65658	-0.00512232
4.65682	-0.00679995
4.65707	0.00251296
4.65731	0.00601513
4.65756	-0.00218549
4.6578	-0.0096774
4.65805	-0.00694195
4.65829	8.50064e-05
4.65853	0.00234463
4.65878	0.000179339
4.65902	-0.00146641
4.65927	-0.00135296
4.65951	-0.000419901
4.65976	0.00160213
4.66	0.00384991
4.66025	0.00321066
4.66049	-0.00133335
4.66074	-0.00664025
4.66098	-0.00940844
4.66122	-0.00943964
4.66147	-0.00836905
4.66171	-0.00790337
4.66196	-0.00877684
4.6622	-0.00890118
4.66245	-0.00459117
4.66269	0.00308379
4.66294	0.00660162
4.66318	0.00154114
4.66343	-0.00588823
4.66367	-0.00712563
4.66392	-0.00354391
4.66416	-0.00299338
4.6644	-0.0070951
4.66465	-0.010495
4.66489	-0.0102921
4.66514	-0.00738817
4.66538	-0.00106295
4.66563	0.00771623
4.66587	0.0104695
4.66612	0.00105616
4.66636	-0.0103853
4.66661	-0.00813395
4.66685	0.00406693
4.6671	0.0056075
4.66734	-0.00937613
4.66758	-0.0211653
4.66783	-0.0143238
4.66807	-0.00130693
4.66832	-0.00200033
4.66856	-0.0131372
4.66881	-0.0159287
4.66905	-0.00624267
4.6693	0.00146227
4.66954	-0.00198644
4.66979	-0.00929998
4.67003	-0.010865
4.67028	-0.00680685
4.67052	-0.00199524
4.67076	0.000780004
4.67101	-0.000119449
4.67125	-0.00468183
4.6715	-0.00790987
4.67174	-0.00449187
4.67199	0.0020754
4.67223	0.00276222
4.67248	-0.00357292
4.67272	-0.00855547
4.67297	-0.00795602
4.67321	-0.00788663
4.67345	-0.0134158
4.6737	-0.0192483
4.67394	-0.0176138
4.67419	-0.00952822
4.67443	-0.00236687
4.67468	-0.000617836
4.67492	-0.00430396
4.67517	-0.0124117
4.67541	-0.0216654
4.67566	-0.0248432
4.6759	-0.0172215
4.67615	-0.00437684
4.67639	0.00207554
4.67663	-0.00245805
4.67688	-0.0108909
4.67712	-0.0140118
4.67737	-0.0108009
4.67761	-0.0068502
4.67786	-0.00548653
4.6781	-0.00478375
4.67835	-0.00331897
4.67859	-0.00440208
4.67884	-0.0110304
4.67908	-0.0186351
4.67933	-0.018209
4.67957	-0.00812152
4.67981	0.0019058
4.68006	0.00233439
4.6803	-0.00426027
4.68055	-0.00802066
4.68079	-0.0061794
4.68104	-0.00541245
4.68128	-0.00951569
4.68153	-0.0124835
4.68177	-0.00779628
4.68202	0.00110739
4.68226	0.00526662
4.68251	0.0020134
4.68275	-0.0033046
4.68299	-0.00580625
4.68324	-0.00565232
4.68348	-0.00431915
4.68373	-0.0018528
4.68397	0.000325642
4.68422	-0.00172026
4.68446	-0.0094149
4.68471	-0.0176786
4.68495	-0.0192031
4.6852	-0.0122226
4.68544	-0.00196819
4.68568	0.0052755
4.68593	0.00753547
4.68617	0.00650722
4.68642	0.00377038
4.68666	-0.000440711
4.68691	-0.00516187
4.68715	-0.00753637
4.6874	-0.00547342
4.68764	-0.00113759
4.68789	0.000223444
4.68813	-0.00385636
4.68838	-0.00962146
4.68862	-0.0111539
4.68886	-0.00719774
4.68911	-0.00202698
4.68935	-6.01877e-05
4.6896	-0.002019
4.68984	-0.00632361
4.69009	-0.0110203
4.69033	-0.0133325
4.69058	-0.0108843
4.69082	-0.00568372
4.69107	-0.00355562
4.69131	-0.00634274
4.69156	-0.00790475
4.6918	-0.00254557
4.69204	0.00527994
4.69229	0.00608389
4.69253	-0.000907594
4.69278	-0.00646597
4.69302	-0.00466408
4.69327	8.93598e-05
4.69351	0.00179705
4.69376	0.000944262
4.694	-0.000512684
4.69425	-0.00468734
4.69449	-0.0117627
4.69474	-0.0148985
4.69498	-0.00932183
4.69522	-0.00161892
4.69547	-0.000895925
4.69571	-0.00473861
4.69596	-0.00438003
4.6962	-0.000752662
4.69645	-0.00269438
4.69669	-0.00964637
4.69694	-0.0102658
4.69718	-0.00151783
4.69743	0.0048214
4.69767	0.00124219
4.69791	-0.00302364
4.69816	0.00158644
4.6984	0.00735827
4.69865	0.00133508
4.69889	-0.0125715
4.69914	-0.0182693
4.69938	-0.0109831
4.69963	-0.00186509
4.69987	0.000495613
4.70012	-0.00015892
4.70036	0.00128348
4.70061	0.00254034
4.70085	0.000902574
4.70109	-0.000196879
4.70134	0.00289861
4.70158	0.00777819
4.70183	0.00974637
4.70207	0.00689108
4.70232	-0.000960149
4.70256	-0.0121887
4.70281	-0.0200514
4.70305	-0.0167721
4.7033	-0.00475953
4.70354	0.00329781
4.70379	0.000209749
4.70403	-0.00651291
4.70427	-0.00658849
4.70452	-0.00134927
4.70476	0.000973227
4.70501	-0.001137
4.70525	-0.00222591
4.7055	-0.000369023
4.70574	0.000387234
4.70599	-0.00246367
4.70623	-0.00648498
4.70648	-0.00859824
4.70672	-0.00816219
4.70697	-0.00626142
4.70721	-0.00557606
4.70745	-0.00923822
4.7077	-0.0159554
4.70794	-0.0188165
4.70819	-0.01349
4.70843	-0.00484656
4.70868	-0.000364016
4.70892	-0.000235257
4.70917	-0.000143711
4.70941	-0.000299782
4.70966	-0.00355745
4.7099	-0.00686988
4.71014	-0.00414206
4.71039	0.00261338
4.71063	0.00448491
4.71088	-0.000609589
4.71112	-0.00454919
4.71137	-0.00209678
4.71161	0.00121503
4.71186	-0.00150068
4.7121	-0.00828674
4.71235	-0.0123947
4.71259	-0.0111427
4.71284	-0.00648525
4.71308	-0.00115504
4.71332	0.00237351
4.71357	0.00296341
4.71381	0.00287664
4.71406	0.00441972
4.7143	0.00412782
4.71455	-0.00302236
4.71479	-0.0128733
4.71504	-0.0145313
4.71528	-0.00629231
4.71553	0.000685755
4.71577	-0.000825494
4.71602	-0.00401864
4.71626	-0.00154434
4.7165	0.00141043
4.71675	-0.00249142
4.71699	-0.00790257
4.71724	-0.00447189
4.71748	0.00603522
4.71773	0.0121439
4.71797	0.00885618
4.71822	0.00100846
4.71846	-0.0062306
4.71871	-0.010014
4.71895	-0.00669823
4.7192	0.00270617
4.71944	0.00733389
4.71968	-0.00109989
4.71993	-0.013405
4.72017	-0.0139329
4.72042	-0.00457882
4.72066	-0.00233557
4.72091	-0.0123723
4.72115	-0.0204375
4.7214	-0.016451
4.72164	-0.00930693
4.72189	-0.0101118
4.72213	-0.0146943
4.72237	-0.0133249
4.72262	-0.00716356
4.72286	-0.00380283
4.72311	-0.00412616
4.72335	-0.0040389
4.7236	-0.00351226
4.72384	-0.00465483
4.72409	-0.00563696
4.72433	-0.00465509
4.72458	-0.00503067
4.72482	-0.00871204
4.72507	-0.0101187
4.72531	-0.00473506
4.72555	0.0014574
4.7258	0.000282846
4.72604	-0.00539522
4.72629	-0.00654299
4.72653	-0.00262523
4.72678	-0.00121742
4.72702	-0.00503506
4.72727	-0.00938632
4.72751	-0.0116667
4.72776	-0.0137316
4.728	-0.0148636
4.72825	-0.0118422
4.72849	-0.00697891
4.72873	-0.00694488
4.72898	-0.0115253
4.72922	-0.0121284
4.72947	-0.0047932
4.72971	0.00278621
4.72996	0.00155278
4.7302	-0.00737929
4.73045	-0.0157911
4.73069	-0.0184288
4.73094	-0.0158429
4.73118	-0.0107085
4.73143	-0.00559857
4.73167	-0.00265702
4.73191	-0.00231974
4.73216	-0.00307764
4.7324	-0.00368777
4.73265	-0.00422115
4.73289	-0.00445992
4.73314	-0.00363232
4.73338	-0.00249639
4.73363	-0.00324568
4.73387	-0.00624501
4.73412	-0.00884802
4.73436	-0.00830202
4.73461	-0.00422489
4.73485	0.00175418
4.73509	0.00677762
4.73534	0.00769442
4.73558	0.0041415
4.73583	0.00037827
4.73607	0.000553707
4.73632	0.00235806
4.73656	-0.000204361
4.73681	-0.00710107
4.73705	-0.0109397
4.7373	-0.00801052
4.73754	-0.00516322
4.73778	-0.0101962
4.73803	-0.0188773
4.73827	-0.0188737
4.73852	-0.00681058
4.73876	0.00543668
4.73901	0.00485504
4.73925	-0.00675808
4.7395	-0.0158474
4.73974	-0.0141694
4.73999	-0.00727562
4.74023	-0.00515156
4.74048	-0.00931676
4.74072	-0.0127746
4.74096	-0.0102837
4.74121	-0.00419136
4.74145	8.43525e-05
4.7417	0.000821824
4.74194	0.000420838
4.74219	0.000734371
4.74243	0.000206643
4.74268	-0.00385544
4.74292	-0.0110244
4.74317	-0.0170338
4.74341	-0.0180499
4.74366	-0.0147014
4.7439	-0.0104972
4.74414	-0.0076605
4.74439	-0.00711482
4.74463	-0.0106422
4.74488	-0.0177828
4.74512	-0.0214496
4.74537	-0.0144751
4.74561	-0.00232612
4.74586	7.48153e-05
4.7461	-0.0108228
4.74635	-0.0195056
4.74659	-0.0131565
4.74684	-0.00153498
4.74708	-0.00220195
4.74732	-0.013253
4.74757	-0.0174958
4.74781	-0.0106571
4.74806	-0.00677104
4.7483	-0.0135752
4.74855	-0.0206943
4.74879	-0.0183826
4.74904	-0.0120667
4.74928	-0.00965934
4.74953	-0.00793715
4.74977	-0.00148814
4.75001	0.00565957
4.75026	0.00703641
4.7505	0.00343228
4.75075	-0.00226502
4.75099	-0.0104464
4.75124	-0.0178848
4.75148	-0.0166483
4.75173	-0.00791746
4.75197	-0.00465973
4.75222	-0.0113171
4.75246	-0.0145599
4.75271	-0.00565327
4.75295	0.00301335
4.75319	-0.0011549
4.75344	-0.00838844
4.75368	-0.00407794
4.75393	0.00423262
4.75417	0.000311751
4.75442	-0.010265
4.75466	-0.00880538
4.75491	0.00311915
4.75515	0.00597243
4.7554	-0.00375207
4.75564	-0.00891689
4.75589	-0.00303015
4.75613	0.000510765
4.75637	-0.00447807
4.75662	-0.00655129
4.75686	-0.00137779
4.75711	-0.00191546
4.75735	-0.0127706
4.7576	-0.0177871
4.75784	-0.00698258
4.75809	0.00523546
4.75833	0.00412807
4.75858	-0.0025576
4.75882	-0.00260339
4.75907	-0.00183475
4.75931	-0.00923724
4.75955	-0.0154413
4.7598	-0.00771401
4.76004	0.00549499
4.76029	0.00675913
4.76053	-0.00249832
4.76078	-0.00734776
4.76102	-0.00511177
4.76127	-0.00472014
4.76151	-0.00617098
4.76176	-0.00229547
4.762	0.00242107
4.76224	-0.0036749
4.76249	-0.017161
4.76273	-0.0222309
4.76298	-0.0158455
4.76322	-0.0103441
4.76347	-0.010229
4.76371	-0.00719887
4.76396	-0.00102717
4.7642	-0.00338092
4.76445	-0.0144524
4.76469	-0.0170501
4.76494	-0.00391585
4.76518	0.008225
4.76542	0.00411447
4.76567	-0.00770036
4.76591	-0.0121825
4.76616	-0.0119594
4.7664	-0.0171544
4.76665	-0.0234229
4.76689	-0.0195672
4.76714	-0.00944809
4.76738	-0.00687046
4.76763	-0.0121848
4.76787	-0.0123427
4.76812	-0.00355699
4.76836	0.00338423
4.7686	0.00232477
4.76885	0.000232905
4.76909	0.00218932
4.76934	0.00225153
4.76958	-0.00393726
4.76983	-0.00924332
4.77007	-0.00593648
4.77032	0.00212242
4.77056	0.00593326
4.77081	0.0032646
4.77105	-0.00253925
4.7713	-0.00906328
4.77154	-0.0134037
4.77178	-0.0108845
4.77203	-0.00286129
4.77227	0.000329819
4.77252	-0.00698699
4.77276	-0.01474
4.77301	-0.0100704
4.77325	0.00274578
4.7735	0.00747561
4.77374	-0.000482791
4.77399	-0.00860067
4.77423	-0.00689833
4.77447	-0.000597805
4.77472	0.00142699
4.77496	-0.000204252
4.77521	-0.000663965
4.77545	-0.000521686
4.7757	-0.00217254
4.77594	-0.00329316
4.77619	-0.0018639
4.77643	-0.00230196
4.77668	-0.0083337
4.77692	-0.0140987
4.77717	-0.0112632
4.77741	-0.00216181
4.77765	0.00312802
4.7779	0.00143395
4.77814	-0.00070278
4.77839	0.00107684
4.77863	0.00298253
4.77888	0.00105166
4.77912	-0.00245949
4.77937	-0.00429181
4.77961	-0.00619188
4.77986	-0.011181
4.7801	-0.0169518
4.78035	-0.0172966
4.78059	-0.00971124
4.78083	0.000796359
4.78108	0.00631835
4.78132	0.00426231
4.78157	-4.21636e-05
4.78181	-0.000342416
4.78206	0.00223478
4.7823	0.00160772
4.78255	-0.00300766
4.78279	-0.0052222
4.78304	-0.00150773
4.78328	0.00346541
4.78353	0.00481156
4.78377	0.00388652
4.78401	0.00245162
4.78426	-0.00184075
4.7845	-0.00808061
4.78475	-0.00874089
4.78499	-0.00208549
4.78524	0.000805858
4.78548	-0.00735425
4.78573	-0.0147926
4.78597	-0.00689903
4.78622	0.00845453
4.78646	0.00991399
4.7867	-0.00501566
4.78695	-0.0158186
4.78719	-0.00957223
4.78744	0.00262164
4.78768	0.00574124
4.78793	0.000920994
4.78817	-0.00320796
4.78842	-0.00549349
4.78866	-0.00848212
4.78891	-0.0100155
4.78915	-0.00821565
4.7894	-0.00699047
4.78964	-0.00890685
4.78988	-0.0097683
4.79013	-0.00633061
4.79037	-0.00177521
4.79062	0.00127125
4.79086	0.00426562
4.79111	0.00524113
4.79135	-0.00107932
4.7916	-0.0106967
4.79184	-0.0109394
4.79209	-0.000585415
4.79233	0.00491108
4.79258	-0.00248263
4.79282	-0.00937567
4.79306	-0.00384172
4.79331	0.00303392
4.79355	-0.0040402
4.7938	-0.0167762
4.79404	-0.0155198
4.79429	-0.00145187
4.79453	0.00576518
4.79478	-0.0004955
4.79502	-0.00641189
4.79527	-0.00293121
4.79551	0.0016237
4.79576	-0.00110583
4.796	-0.00643143
4.79624	-0.00774996
4.79649	-0.00766899
4.79673	-0.0106891
4.79698	-0.0142222
4.79722	-0.0132444
4.79747	-0.00746502
4.79771	-0.000287097
4.79796	0.00392706
4.7982	0.000888049
4.79845	-0.00862748
4.79869	-0.015397
4.79893	-0.0115212
4.79918	-0.00285645
4.79942	-0.00230278
4.79967	-0.0109221
4.79991	-0.016213
4.80016	-0.0103737
4.8004	0.000125865
4.80065	0.00558258
4.80089	0.0040315
4.80114	-0.00162902
4.80138	-0.00860949
4.80163	-0.0130351
4.80187	-0.0113746
4.80211	-0.00595797
4.80236	-0.00290619
4.8026	-0.00357181
4.80285	-0.00451465
4.80309	-0.00532777
4.80334	-0.00835547
4.80358	-0.0113954
4.80383	-0.00993808
4.80407	-0.00604789
4.80432	-0.00503808
4.80456	-0.00438453
4.80481	0.00227917
4.80505	0.0106646
4.80529	0.00911439
4.80554	-0.00224495
4.80578	-0.00999999
4.80603	-0.00800776
4.80627	-0.00470004
4.80652	-0.00560119
4.80676	-0.00411625
4.80701	0.00351248
4.80725	0.00897435
4.8075	0.00628704
4.80774	0.00196617
4.80799	0.0017314
4.80823	0.00014145
4.80847	-0.00658153
4.80872	-0.0104515
4.80896	-0.00579057
4.80921	-0.00109292
4.80945	-0.00451612
4.8097	-0.00944741
4.80994	-0.00802767
4.81019	-0.00710307
4.81043	-0.0147457
4.81068	-0.0216977
4.81092	-0.0149068
4.81116	-0.00155118
4.81141	0.000500484
4.81165	-0.00868821
4.8119	-0.0125218
4.81214	-0.00572687
4.81239	-0.00012011
4.81263	-0.00163517
4.81288	-0.0019001
4.81312	0.00285251
4.81337	0.0032283
4.81361	-0.00539157
4.81386	-0.012209
4.8141	-0.00772783
4.81434	0.00130997
4.81459	0.00346088
4.81483	-0.000623084
4.81508	-0.00241013
4.81532	0.000729678
4.81557	0.00453211
4.81581	0.00552366
4.81606	0.00299304
4.8163	-0.00238702
4.81655	-0.00715788
4.81679	-0.00716162
4.81704	-0.00474999
4.81728	-0.00761455
4.81752	-0.0161876
4.81777	-0.0195705
4.81801	-0.01024
4.81826	0.00361887
4.8185	0.00811707
4.81875	0.00150999
4.81899	-0.00565379
4.81924	-0.00533294
4.81948	0.000431772
4.81973	0.00530756
4.81997	0.00540612
4.82022	0.000352724
4.82046	-0.00702044
4.8207	-0.0114287
4.82095	-0.00933567
4.82119	-0.00295495
4.82144	0.00228678
4.82168	0.00371684
4.82193	0.00257721
4.82217	0.000509507
4.82242	-0.00196536
4.82266	-0.00397929
4.82291	-0.00460272
4.82315	-0.00505633
4.8234	-0.00793133
4.82364	-0.0129059
4.82388	-0.0151105
4.82413	-0.0101093
4.82437	-0.000489061
4.82462	0.00492963
4.82486	0.000551895
4.82511	-0.00863496
4.82535	-0.0125669
4.8256	-0.00877924
4.82584	-0.00485011
4.82609	-0.00664369
4.82633	-0.00994471
4.82657	-0.0080624
4.82682	-0.00243493
4.82706	0.000796506
4.82731	0.00062792
4.82755	-0.00017334
4.8278	-0.00285699
4.82804	-0.00954469
4.82829	-0.0142273
4.82853	-0.00827259
4.82878	0.00441141
4.82902	0.00965795
4.82927	0.00348163
4.82951	-0.00215116
4.82975	0.000505682
4.83	0.00217463
4.83024	-0.00613048
4.83049	-0.0147794
4.83073	-0.00954367
4.83098	0.00315755
4.83122	0.00298231
4.83147	-0.0130322
4.83171	-0.0236861
4.83196	-0.0137546
4.8322	0.00403643
4.83245	0.00769826
4.83269	-0.00365679
4.83293	-0.0117798
4.83318	-0.00699826
4.83342	0.000743586
4.83367	0.000273893
4.83391	-0.00448352
4.83416	-0.0037001
4.8344	0.00189083
4.83465	0.00384056
4.83489	0.000672269
4.83514	-0.00124823
4.83538	-0.000320082
4.83563	-0.00185717
4.83587	-0.00581092
4.83611	-0.00400041
4.83636	0.00512557
4.8366	0.0100782
4.83685	0.0034426
4.83709	-0.00423168
4.83734	0.000255749
4.83758	0.0106665
4.83783	0.00945192
4.83807	-0.00516484
4.83832	-0.0162102
4.83856	-0.0131873
4.8388	-0.00519581
4.83905	-0.0043577
4.83929	-0.0091858
4.83954	-0.0110566
4.83978	-0.00703933
4.84003	0.000339825
4.84027	0.0078446
4.84052	0.0106464
4.84076	0.00478193
4.84101	-0.00493362
4.84125	-0.00812506
4.8415	-0.00399475
4.84174	-0.0030443
4.84198	-0.00934382
4.84223	-0.0135899
4.84247	-0.010389
4.84272	-0.00852803
4.84296	-0.0141283
4.84321	-0.0174929
4.84345	-0.010001
4.8437	-0.00128811
4.84394	-0.00327604
4.84419	-0.00814012
4.84443	-0.00160883
4.84468	0.00990365
4.84492	0.00759843
4.84516	-0.00782671
4.84541	-0.0153903
4.84565	-0.00617964
4.8459	0.00486421
4.84614	0.00430757
4.84639	-0.00197414
4.84663	-0.00390632
4.84688	-0.00328298
4.84712	-0.00504808
4.84737	-0.00602756
4.84761	-0.00276518
4.84786	-0.000432063
4.8481	-0.00442485
4.84834	-0.0109928
4.84859	-0.0139592
4.84883	-0.0133681
4.84908	-0.0107797
4.84932	-0.00378285
4.84957	0.00753133
4.84981	0.0154483
4.85006	0.0134118
4.8503	0.00491506
4.85055	-0.00211524
4.85079	-0.0049886
4.85103	-0.00575851
4.85128	-0.00622049
4.85152	-0.00737198
4.85177	-0.0090131
4.85201	-0.00771312
4.85226	-0.00121301
4.8525	0.00441938
4.85275	0.00104358
4.85299	-0.00694297
4.85324	-0.00610759
4.85348	0.0043492
4.85373	0.00817661
4.85397	-0.00324727
4.85421	-0.0153175
4.85446	-0.0107274
4.8547	0.0050694
4.85495	0.0124217
4.85519	0.00450494
4.85544	-0.00764234
4.85568	-0.0130172
4.85593	-0.0112081
4.85617	-0.00672309
4.85642	-0.00302194
4.85666	-0.00208471
4.85691	-0.00318246
4.85715	-0.00325995
4.85739	-0.00250533
4.85764	-0.00488493
4.85788	-0.00902671
4.85813	-0.00649934
4.85837	0.00413644
4.85862	0.0108435
4.85886	0.00536825
4.85911	-0.00222442
4.85935	0.000905892
4.8596	0.00832422
4.85984	0.0040442
4.86009	-0.0102716
4.86033	-0.0159221
4.86057	-0.00538993
4.86082	0.00697963
4.86106	0.00670117
4.86131	-0.00266843
4.86155	-0.00936011
4.8618	-0.00996563
4.86204	-0.00838839
4.86229	-0.00638579
4.86253	-0.00345228
4.86278	-0.00207168
4.86302	-0.00620244
4.86326	-0.0151206
4.86351	-0.0221957
4.86375	-0.0206303
4.864	-0.0107309
4.86424	-0.00131204
4.86449	-0.00102911
4.86473	-0.00761915
4.86498	-0.0108468
4.86522	-0.00787294
4.86547	-0.00745243
4.86571	-0.013906
4.86596	-0.0169313
4.8662	-0.00728068
4.86644	0.00604464
4.86669	0.00769334
4.86693	-0.000701802
4.86718	-0.00428451
4.86742	0.000931859
4.86767	0.00392016
4.86791	-0.0011734
4.86816	-0.00652385
4.8684	-0.00536395
4.86865	-0.00122623
4.86889	0.00165093
4.86914	0.00438352
4.86938	0.00555814
4.86962	-3.65734e-05
4.86987	-0.00940121
4.87011	-0.010511
4.87036	-0.00041782
4.8706	0.00746932
4.87085	0.00247244
4.87109	-0.00743927
4.87134	-0.00846949
4.87158	-0.00102579
4.87183	0.00381377
4.87207	0.00167171
4.87232	-0.00212279
4.87256	-0.00328889
4.8728	-0.00254961
4.87305	-0.000552914
4.87329	0.0028204
4.87354	0.00464799
4.87378	0.00148458
4.87403	-0.00400833
4.87427	-0.00464507
4.87452	0.00186087
4.87476	0.00919071
4.87501	0.00989963
4.87525	0.00420674
4.87549	-0.000891177
4.87574	-0.000888337
4.87598	0.000375816
4.87623	-0.00333779
4.87647	-0.0104271
4.87672	-0.0127637
4.87696	-0.00830808
4.87721	-0.00498125
4.87745	-0.00769011
4.8777	-0.00968431
4.87794	-0.00447689
4.87819	0.00160859
4.87843	-0.000166532
4.87867	-0.00471637
4.87892	-0.00128749
4.87916	0.00659318
4.87941	0.0056608
4.87965	-0.00401425
4.8799	-0.008062
4.88014	-0.00185301
4.88039	0.00204904
4.88063	-0.00458737
4.88088	-0.0131227
4.88112	-0.0139792
4.88137	-0.00997118
4.88161	-0.00581276
4.88185	0.00103179
4.8821	0.0097211
4.88234	0.010366
4.88259	4.71555e-06
4.88283	-0.00836877
4.88308	-0.00448736
4.88332	0.00306166
4.88357	0.00173069
4.88381	-0.00512899
4.88406	-0.00698163
4.8843	-0.00470886
4.88455	-0.00550524
4.88479	-0.0073348
4.88503	-0.0040372
4.88528	0.000348839
4.88552	-0.00214976
4.88577	-0.00770144
4.88601	-0.00652878
4.88626	-0.000656199
4.8865	-0.00035949
4.88675	-0.00543456
4.88699	-0.00565887
4.88724	0.00077393
4.88748	0.00436983
4.88772	0.000718385
4.88797	-0.00419299
4.88821	-0.00660216
4.88846	-0.00958188
4.8887	-0.0127291
4.88895	-0.0103578
4.88919	-0.00371333
4.88944	-0.00270354
4.88968	-0.0101946
4.88993	-0.0154907
4.89017	-0.00997685
4.89042	-0.000211654
4.89066	0.00210293
4.8909	-0.00342383
4.89115	-0.00726335
4.89139	-0.00398603
4.89164	0.00226021
4.89188	0.0052053
4.89213	0.0038473
4.89237	0.00109161
4.89262	-0.00191662
4.89286	-0.00691775
4.89311	-0.0133699
4.89335	-0.0155627
4.8936	-0.00936175
4.89384	-0.00026679
4.89408	0.00202106
4.89433	-0.00268197
4.89457	-0.00500524
4.89482	-0.0014079
4.89506	0.000682638
4.89531	-0.00272389
4.89555	-0.0044874
4.8958	-0.000585807
4.89604	0.000112423
4.89629	-0.00855321
4.89653	-0.0159822
4.89678	-0.010677
4.89702	-0.000586079
4.89726	-0.000906877
4.89751	-0.00919387
4.89775	-0.011572
4.898	-0.00821392
4.89824	-0.0109633
4.89849	-0.0175328
4.89873	-0.0118591
4.89898	0.00641178
4.89922	0.0160779
4.89947	0.00638685
4.89971	-0.00609236
4.89996	-0.00465636
4.9002	0.00188315
4.90044	-0.00331917
4.90069	-0.0159939
4.90093	-0.0178853
4.90118	-0.00576104
4.90142	0.00457517
4.90167	0.00180769
4.90191	-0.00773078
4.90216	-0.0122271
4.9024	-0.00920429
4.90265	-0.00443799
4.90289	-0.0024578
4.90313	-0.00265511
4.90338	-0.00317572
4.90362	-0.00533821
4.90387	-0.0115659
4.90411	-0.0187458
4.90436	-0.0184823
4.9046	-0.0083992
4.90485	0.00127565
4.90509	-0.000282003
4.90534	-0.00937221
4.90558	-0.0139181
4.90583	-0.0118977
4.90607	-0.0118002
4.90631	-0.0154804
4.90656	-0.0143646
4.9068	-0.00545822
4.90705	0.00195452
4.90729	0.000389284
4.90754	-0.00638109
4.90778	-0.0124761
4.90803	-0.0172705
4.90827	-0.0193452
4.90852	-0.0153134
4.90876	-0.00942343
4.90901	-0.0109365
4.90925	-0.0165449
4.90949	-0.0111083
4.90974	0.00615834
4.90998	0.0141338
4.91023	0.00121537
4.91047	-0.0131669
4.91072	-0.00650842
4.91096	0.0118446
4.91121	0.01597
4.91145	0.00343762
4.9117	-0.00490327
4.91194	-0.00088635
4.91219	0.00104565
4.91243	-0.00793799
4.91267	-0.0164009
4.91292	-0.0137538
4.91316	-0.0070852
4.91341	-0.00700512
4.91365	-0.0110097
4.9139	-0.0110538
4.91414	-0.00688261
4.91439	-0.00261248
4.91463	0.0012859
4.91488	0.00448858
4.91512	0.00299249
4.91536	-0.00369678
4.91561	-0.00854821
4.91585	-0.00735887
4.9161	-0.00638183
4.91634	-0.0119211
4.91659	-0.0186018
4.91683	-0.017038
4.91708	-0.00868892
4.91732	-0.00325402
4.91757	-0.00336463
4.91781	-0.00180582
4.91806	0.00509051
4.9183	0.0103177
4.91854	0.00659516
4.91879	-0.00231304
4.91903	-0.00671691
4.91928	-0.00473201
4.91952	-0.00420997
4.91977	-0.0100063
4.92001	-0.0154526
4.92026	-0.0115169
4.9205	-0.0011008
4.92075	0.0031491
4.92099	-0.00413692
4.92124	-0.0134919
4.92148	-0.0135445
4.92172	-0.00545621
4.92197	0.000832258
4.92221	0.000107732
4.92246	-0.00449322
4.9227	-0.0079473
4.92295	-0.00701375
4.92319	-0.000173877
4.92344	0.00934868
4.92368	0.0127916
4.92393	0.00523887
4.92417	-0.0059468
4.92442	-0.00957974
4.92466	-0.00577596
4.9249	-0.00383025
4.92515	-0.00608141
4.92539	-0.00479618
4.92564	0.00298201
4.92588	0.00849716
4.92613	0.00430518
4.92637	-0.00472298
4.92662	-0.00983244
4.92686	-0.0107232
4.92711	-0.0124247
4.92735	-0.0152894
4.92759	-0.0155945
4.92784	-0.0127571
4.92808	-0.00922881
4.92833	-0.00537144
4.92857	-0.000326816
4.92882	0.00360757
4.92906	0.00289171
4.92931	-0.00174698
4.92955	-0.00619179
4.9298	-0.008841
4.93004	-0.0119463
4.93029	-0.0173347
4.93053	-0.0233645
4.93077	-0.0255698
4.93102	-0.0193015
4.93126	-0.0045453
4.93151	0.0101058
4.93175	0.0128283
4.932	0.00217954
4.93224	-0.00868875
4.93249	-0.00714924
4.93273	0.00298605
4.93298	0.00807128
4.93322	0.00468131
4.93347	0.00282093
4.93371	0.0076916
4.93395	0.00946781
4.9342	-0.00160486
4.93444	-0.017881
4.93469	-0.0227446
4.93493	-0.0133231
4.93518	-0.00354992
4.93542	-0.00345915
4.93567	-0.00660422
4.93591	-0.00372158
4.93616	0.00075297
4.9364	-0.00368622
4.93665	-0.014656
4.93689	-0.0184339
4.93713	-0.0106713
4.93738	-0.00309757
4.93762	-0.00509082
4.93787	-0.00946275
4.93811	-0.00474385
4.93836	0.00638466
4.9386	0.0111667
4.93885	0.00505211
4.93909	-0.00397742
4.93934	-0.00744245
4.93958	-0.00397633
4.93982	0.00390513
4.94007	0.0121253
4.94031	0.0144655
4.94056	0.00770639
4.9408	-0.00235142
4.94105	-0.00707509
4.94129	-0.00660028
4.94154	-0.00760087
4.94178	-0.0107591
4.94203	-0.0100278
4.94227	-0.004324
4.94252	0.000397197
4.94276	0.00181328
4.943	0.00335036
4.94325	0.00431922
4.94349	-6.90725e-05
4.94374	-0.00635209
4.94398	-0.00399617
4.94423	0.00630864
4.94447	0.00977893
4.94472	0.000233651
4.94496	-0.00877714
4.94521	-0.00570882
4.94545	6.52839e-05
4.9457	-0.00536594
4.94594	-0.0169421
4.94618	-0.0194555
4.94643	-0.0113095
4.94667	-0.00323304
4.94692	0.000256893
4.94716	0.00187717
4.94741	-0.000538664
4.94765	-0.0102632
4.9479	-0.0192873
4.94814	-0.0164676
4.94839	-0.00585646
4.94863	-0.000768332
4.94888	-0.0019722
4.94912	0.000948238
4.94936	0.00832391
4.94961	0.00955277
4.94985	0.00378069
4.9501	0.00178658
4.95034	0.00509729
4.95059	0.00308743
4.95083	-0.00547675
4.95108	-0.00842358
4.95132	-0.00296474
4.95157	-0.00154609
4.95181	-0.0079161
4.95205	-0.00916921
4.9523	-0.000973964
4.95254	0.00201072
4.95279	-0.00665727
4.95303	-0.0108647
4.95328	-0.000977895
4.95352	0.0060345
4.95377	-0.00371683
4.95401	-0.0134216
4.95426	-0.00381669
4.9545	0.0101286
4.95475	0.00232538
4.95499	-0.0184513
4.95523	-0.0210701
4.95548	-0.00362328
4.95572	0.00446957
4.95597	-0.00756159
4.95621	-0.0162449
4.95646	-0.00619326
4.9567	0.00546241
4.95695	0.00124733
4.95719	-0.00834707
4.95744	-0.00701091
4.95768	-0.000714865
4.95793	-0.00368511
4.95817	-0.0128372
4.95841	-0.0156298
4.95866	-0.0115132
4.9589	-0.00818347
4.95915	-0.00597164
4.95939	-0.00159673
4.95964	0.000613783
4.95988	-0.00420686
4.96013	-0.00995772
4.96037	-0.00830485
4.96062	-0.00272784
4.96086	-0.00181306
4.96111	-0.00477536
4.96135	-0.00537898
4.96159	-0.00401002
4.96184	-0.00404982
4.96208	-0.00231676
4.96233	0.00478266
4.96257	0.0112096
4.96282	0.00950347
4.96306	0.00348344
4.96331	0.000521956
4.96355	-0.00257702
4.9638	-0.011785
4.96404	-0.0196927
4.96428	-0.0141205
4.96453	-4.92994e-05
4.96477	0.00498692
4.96502	-0.0021474
4.96526	-0.0058336
4.96551	0.00203371
4.96575	0.00875679
4.966	0.00164357
4.96624	-0.0121512
4.96649	-0.0171685
4.96673	-0.0113154
4.96698	-0.00522834
4.96722	-0.00575129
4.96746	-0.00956228
4.96771	-0.010703
4.96795	-0.00741531
4.9682	-0.00220865
4.96844	0.00104956
4.96869	0.000794234
4.96893	-0.000582623
4.96918	-0.00102616
4.96942	-0.00364768
4.96967	-0.0118162
4.96991	-0.0199883
4.97016	-0.017635
4.9704	-0.00468541
4.97064	0.00512608
4.97089	0.00103693
4.97113	-0.011411
4.97138	-0.0191932
4.97162	-0.0179309
4.97187	-0.0127766
4.97211	-0.00810423
4.97236	-0.00394478
4.9726	-0.000354663
4.97285	0.00157567
4.97309	0.00241773
4.97334	0.00308847
4.97358	0.00179395
4.97382	-0.00301272
4.97407	-0.00774588
4.97431	-0.00686356
4.97456	-0.000693111
4.9748	0.00456977
4.97505	0.00480145
4.97529	0.00154432
4.97554	-0.00252254
4.97578	-0.00687464
4.97603	-0.0106759
4.97627	-0.0117454
4.97652	-0.0104126
4.97676	-0.0104236
4.977	-0.0129549
4.97725	-0.0132845
4.97749	-0.00755018
4.97774	3.51568e-07
4.97798	0.00177991
4.97823	-0.00255048
4.97847	-0.00628022
4.97872	-0.00630846
4.97896	-0.00666882
4.97921	-0.0093088
4.97945	-0.00883561
4.97969	-0.00178595
4.97994	0.00498443
4.98018	0.00293685
4.98043	-0.00490131
4.98067	-0.00816542
4.98092	-0.0048676
4.98116	-0.0032753
4.98141	-0.00774982
4.98165	-0.0126971
4.9819	-0.0134094
4.98214	-0.0132921
4.98239	-0.015308
4.98263	-0.0148338
4.98287	-0.0079298
4.98312	0.000100925
4.98336	0.00209098
4.98361	-0.000369122
4.98385	-0.00142888
4.9841	-0.00151912
4.98434	-0.00474979
4.98459	-0.00895651
4.98483	-0.00768735
4.98508	-0.00127754
4.98532	0.00248721
4.98557	-0.000479901
4.98581	-0.00552667
4.98605	-0.00666797
4.9863	-0.00369561
4.98654	-0.00068221
4.98679	-0.00109137
4.98703	-0.00489877
4.98728	-0.00818883
4.98752	-0.00694057
4.98777	-0.00308613
4.98801	-0.00298552
4.98826	-0.00694046
4.9885	-0.00644559
4.98875	0.00222769
4.98899	0.00870267
4.98923	0.00237748
4.98948	-0.00979546
4.98972	-0.0119099
4.98997	-0.00297858
4.99021	0.00174774
4.99046	-0.00538849
4.9907	-0.0131412
4.99095	-0.00906835
4.99119	0.00266562
4.99144	0.00850673
4.99168	0.00299121
4.99192	-0.00793364
4.99217	-0.0159917
4.99241	-0.0172546
4.99266	-0.0133038
4.9929	-0.00977704
4.99315	-0.011001
4.99339	-0.0142941
4.99364	-0.0133757
4.99388	-0.00795309
4.99413	-0.00425918
4.99437	-0.00506133
4.99462	-0.00590848
4.99486	-0.0034965
4.9951	-0.000920455
4.99535	-0.00165059
4.99559	-0.00454504
4.99584	-0.00787733
4.99608	-0.0120764
4.99633	-0.0153416
4.99657	-0.0130615
4.99682	-0.00543887
4.99706	0.00021547
4.99731	-0.00127856
4.99755	-0.00671544
4.9978	-0.0107126
4.99804	-0.0122711
4.99828	-0.01172
4.99853	-0.00744396
4.99877	-0.000230577
4.99902	0.00448005
4.99926	0.00325209
4.99951	-0.000611942
4.99975	-0.00227126
5.0	-0.000901665
5.00024	0.00212221
5.00049	0.00538058
5.00073	0.00606682
5.00098	0.00262816
5.00122	-0.00032884
5.00146	0.00248573
5.00171	0.00606583
5.00195	0.000225867
5.0022	-0.0121983
5.00244	-0.0153759
5.00269	-0.00405775
5.00293	0.00672622
5.00318	0.00422895
5.00342	-0.0033134
5.00367	-0.00260561
5.00391	0.00239297
5.00415	-0.000156361
5.0044	-0.00731128
5.00464	-0.00627427
5.00489	0.00225637
5.00513	0.00381095
5.00538	-0.00645896
5.00562	-0.0160038
5.00587	-0.0138153
5.00611	-0.00460951
5.00636	0.000264727
5.0066	-0.00321441
5.00685	-0.0106177
5.00709	-0.0149205
5.00733	-0.0112465
5.00758	-0.0017152
5.00782	0.00390737
5.00807	-0.00143771
5.00831	-0.0115001
5.00856	-0.0134285
5.0088	-0.0046206
5.00905	0.00473636
5.00929	0.00612036
5.00954	0.00175767
5.00978	-0.00204418
5.01003	-0.00329708
5.01027	-0.00337971
5.01051	-0.00305657
5.01076	-0.00235775
5.011	-0.001732
5.01125	-0.00190987
5.01149	-0.00330586
5.01174	-0.00428722
5.01198	-0.000519236
5.01223	0.00902607
5.01247	0.015426
5.01272	0.00828716
5.01296	-0.00654133
5.01321	-0.010015
5.01345	0.00266554
5.01369	0.0117545
5.01394	0.00168445
5.01418	-0.0142762
5.01443	-0.0152139
5.01467	-0.00552073
5.01492	-0.00385785
5.01516	-0.00830261
5.01541	-0.00058491
5.01565	0.0171005
5.0159	0.019771
5.01614	2.30043e-05
5.01638	-0.0175736
5.01663	-0.0141884
5.01687	-0.00375368
5.01712	-0.00609454
5.01736	-0.0146697
5.01761	-0.0116846
5.01785	0.00045317
5.0181	0.00530255
5.01834	0.000398736
5.01859	-0.00239195
5.01883	0.000316203
5.01908	-0.000241142
5.01932	-0.00701241
5.01956	-0.0121557
5.01981	-0.0112005
5.02005	-0.00878817
5.0203	-0.0084985
5.02054	-0.00815961
5.02079	-0.00739436
5.02103	-0.00997717
5.02128	-0.0155274
5.02152	-0.0167265
5.02177	-0.00890384
5.02201	0.00250299
5.02226	0.00781878
5.0225	0.00433557
5.02274	-0.00101659
5.02299	-0.000523683
5.02323	0.00408807
5.02348	0.00369265
5.02372	-0.00414536
5.02397	-0.0089882
5.02421	-0.002617
5.02446	0.00534951
5.0247	-0.000143539
5.02495	-0.0140055
5.02519	-0.0150952
5.02544	0.00104967
5.02568	0.0125057
5.02592	0.00314076
5.02617	-0.0132569
5.02641	-0.0153786
5.02666	-0.00616361
5.0269	-0.0039897
5.02715	-0.0123803
5.02739	-0.0184313
5.02764	-0.0161202
5.02788	-0.0118969
5.02813	-0.00889041
5.02837	-0.00331706
5.02861	0.00290024
5.02886	0.00202261
5.0291	-0.00495011
5.02935	-0.00787014
5.02959	-0.00405494
5.02984	-0.00193065
5.03008	-0.00507727
5.03033	-0.00594717
5.03057	-0.000432469
5.03082	0.00335777
5.03106	-0.00212757
5.03131	-0.0114445
5.03155	-0.0139951
5.03179	-0.0084609
5.03204	-0.00287801
5.03228	-0.00349927
5.03253	-0.00828275
5.03277	-0.0105707
5.03302	-0.00760805
5.03326	-0.00509293
5.03351	-0.0105528
5.03375	-0.0211163
5.034	-0.0240976
5.03424	-0.0142305
5.03449	-0.00260376
5.03473	-0.00056954
5.03497	-0.00293925
5.03522	0.00114245
5.03546	0.00788914
5.03571	0.00514444
5.03595	-0.00526021
5.0362	-0.00940687
5.03644	-0.00508643
5.03669	-0.0048588
5.03693	-0.012032
5.03718	-0.0126099
5.03742	0.000861773
5.03767	0.0142938
5.03791	0.0124515
5.03815	0.00132227
5.0384	-0.00298909
5.03864	0.00164044
5.03889	0.00409129
5.03913	-0.000433185
5.03938	-0.0046659
5.03962	-0.00237562
5.03987	0.00266772
5.04011	0.00300494
5.04036	-0.00225878
5.0406	-0.00605612
5.04084	-0.0020585
5.04109	0.00566128
5.04133	0.0053608
5.04158	-0.00629257
5.04182	-0.0161228
5.04207	-0.0108919
5.04231	0.00258453
5.04256	0.00609259
5.0428	-0.00329727
5.04305	-0.0104996
5.04329	-0.00753746
5.04354	-0.00425782
5.04378	-0.00847698
5.04402	-0.012312
5.04427	-0.0079425
5.04451	-0.00235016
5.04476	-0.00441228
5.045	-0.00937334
5.04525	-0.00888226
5.04549	-0.00625535
5.04574	-0.00851707
5.04598	-0.0120138
5.04623	-0.00968835
5.04647	-0.00553426
5.04672	-0.00778715
5.04696	-0.0131325
5.0472	-0.0112888
5.04745	-0.00153099
5.04769	0.00759535
5.04794	0.0114988
5.04818	0.0112143
5.04843	0.00614393
5.04867	-0.00320569
5.04892	-0.00939979
5.04916	-0.0068679
5.04941	-0.00239462
5.04965	-0.00489549
5.0499	-0.00981439
5.05014	-0.00735138
5.05038	-0.00123335
5.05063	-0.0030158
5.05087	-0.010779
5.05112	-0.0115045
5.05136	-0.004336
5.05161	-0.00269329
5.05185	-0.0102511
5.0521	-0.013379
5.05234	-0.00422627
5.05259	0.00505348
5.05283	0.000688526
5.05307	-0.0127672
5.05332	-0.0207558
5.05356	-0.0174794
5.05381	-0.00756986
5.05405	0.00298569
5.0543	0.00945372
5.05454	0.00836033
5.05479	0.00176428
5.05503	-0.00364485
5.05528	-0.0059
5.05552	-0.00939573
5.05577	-0.0140126
5.05601	-0.0121893
5.05625	-0.00234075
5.0565	0.00482336
5.05674	0.00137161
5.05699	-0.00503633
5.05723	-0.00273013
5.05748	0.00639331
5.05772	0.0107235
5.05797	0.00565286
5.05821	-0.00289027
5.05846	-0.0083222
5.0587	-0.00846597
5.05895	-0.00337152
5.05919	0.00420465
5.05943	0.00799961
5.05968	0.00440053
5.05992	-0.00247966
5.06017	-0.00697701
5.06041	-0.00951308
5.06066	-0.0122015
5.0609	-0.0116654
5.06115	-0.00459017
5.06139	0.00315798
5.06164	0.00295492
5.06188	-0.00242037
5.06213	-0.00169556
5.06237	0.00667958
5.06261	0.00997875
5.06286	-0.000330427
5.0631	-0.0142828
5.06335	-0.0154757
5.06359	-0.00275203
5.06384	0.00888631
5.06408	0.00825924
5.06433	0.000633894
5.06457	-0.00255236
5.06482	0.000371713
5.06506	0.00244225
5.06531	0.00122145
5.06555	0.00116374
5.06579	0.00246909
5.06604	-0.0014173
5.06628	-0.00998821
5.06653	-0.0103277
5.06677	0.0040476
5.06702	0.0177781
5.06726	0.0119152
5.06751	-0.00728285
5.06775	-0.01532
5.068	-0.00455857
5.06824	0.00690127
5.06848	0.0053048
5.06873	-9.57845e-05
5.06897	0.00190325
5.06922	0.00391593
5.06946	-0.00408663
5.06971	-0.0135609
5.06995	-0.0110862
5.0702	-0.00272103
5.07044	-0.00426137
5.07069	-0.0137298
5.07093	-0.014829
5.07118	-0.00530378
5.07142	-0.000594373
5.07166	-0.00748931
5.07191	-0.0139798
5.07215	-0.0105406
5.0724	-0.00400951
5.07264	-0.00271455
5.07289	-0.00269271
5.07313	0.00210687
5.07338	0.00781087
5.07362	0.00835722
5.07387	0.00608321
5.07411	0.00587278
5.07436	0.00621544
5.0746	0.00378019
5.07484	0.000277729
5.07509	-0.00195652
5.07533	-0.00478356
5.07558	-0.00858007
5.07582	-0.00851272
5.07607	-0.0027214
5.07631	0.00249878
5.07656	0.00196942
5.0768	-0.000730318
5.07705	-0.00116253
5.07729	-0.00191454
5.07754	-0.00512172
5.07778	-0.00511586
5.07802	0.00186452
5.07827	0.00755578
5.07851	0.0026443
5.07876	-0.00699473
5.079	-0.00739224
5.07925	0.00246914
5.07949	0.00898897
5.07974	0.00363434
5.07998	-0.00684891
5.08023	-0.0122738
5.08047	-0.0115348
5.08071	-0.0093344
5.08096	-0.00756896
5.0812	-0.00492211
5.08145	-0.00122248
5.08169	0.00152886
5.08194	0.00103441
5.08218	-0.0034367
5.08243	-0.00951888
5.08267	-0.0124279
5.08292	-0.00924659
5.08316	-0.00199822
5.08341	0.00475644
5.08365	0.00751183
5.08389	0.00429044
5.08414	-0.00409209
5.08438	-0.0110081
5.08463	-0.00804398
5.08487	0.00349003
5.08512	0.0108153
5.08536	0.0053377
5.08561	-0.00555959
5.08585	-0.00955397
5.0861	-0.00645289
5.08634	-0.00478815
5.08659	-0.00603044
5.08683	-0.00390637
5.08707	0.00207186
5.08732	0.0041473
5.08756	-0.00124971
5.08781	-0.00812147
5.08805	-0.00994472
5.0883	-0.00663308
5.08854	-0.00153799
5.08879	0.00172084
5.08903	-0.000253868
5.08928	-0.00635383
5.08952	-0.00868255
5.08977	-0.0022817
5.09001	0.00560244
5.09025	0.00534737
5.0905	0.000288584
5.09074	-6.76574e-06
5.09099	0.00183587
5.09123	-0.00467608
5.09148	-0.0162595
5.09172	-0.0173096
5.09197	-0.00578626
5.09221	0.00179306
5.09246	-0.00256006
5.0927	-0.00604972
5.09294	0.00018178
5.09319	0.00366196
5.09343	-0.00727749
5.09368	-0.0206017
5.09392	-0.0179595
5.09417	-0.00291159
5.09441	0.00680624
5.09466	0.00634292
5.0949	0.00464964
5.09515	0.00491226
5.09539	0.00244574
5.09564	-0.00150439
5.09588	-0.000660126
5.09612	0.00353697
5.09637	0.00444436
5.09661	0.00292417
5.09686	0.00409293
5.0971	0.00506802
5.09735	8.9701e-05
5.09759	-0.00616744
5.09784	-0.00529136
5.09808	-0.000912588
5.09833	-0.0019045
5.09857	-0.00464799
5.09882	-0.000384127
5.09906	0.00429659
5.0993	-0.00382523
5.09955	-0.0174405
5.09979	-0.0150371
5.10004	0.00342443
5.10028	0.0130719
5.10053	0.00303544
5.10077	-0.00709749
5.10102	-0.00111739
5.10126	0.00839458
5.10151	0.00484315
5.10175	-0.00401711
5.102	-0.00302634
5.10224	0.00235396
5.10248	-0.00219608
5.10273	-0.0123074
5.10297	-0.0125731
5.10322	-0.004199
5.10346	-0.00233218
5.10371	-0.00948736
5.10395	-0.0127565
5.1042	-0.00689101
5.10444	-0.00100506
5.10469	-0.000754962
5.10493	-0.000935232
5.10517	0.00123605
5.10542	0.000810838
5.10566	-0.00292335
5.10591	-0.00297352
5.10615	0.00192285
5.1064	0.00277342
5.10664	-0.00481561
5.10689	-0.0121055
5.10713	-0.0105555
5.10738	-0.00465362
5.10762	-0.00347926
5.10787	-0.00626902
5.10811	-0.00533322
5.10835	0.000168206
5.1086	0.00216894
5.10884	-0.00414437
5.10909	-0.0125645
5.10933	-0.0134883
5.10958	-0.00641182
5.10982	-0.000511773
5.11007	-0.00229238
5.11031	-0.00711149
5.11056	-0.00699913
5.1108	-0.00335029
5.11105	-0.00429575
5.11129	-0.010245
5.11153	-0.0118838
5.11178	-0.00549856
5.11202	-0.000235437
5.11227	-0.00388914
5.11251	-0.010447
5.11276	-0.010271
5.113	-0.00509519
5.11325	-0.00282958
5.11349	-0.0035063
5.11374	-0.00168201
5.11398	0.00134167
5.11423	-0.000491009
5.11447	-0.00599133
5.11471	-0.00788672
5.11496	-0.00488323
5.1152	-0.0023425
5.11545	-0.00211993
5.11569	-0.00191346
5.11594	-0.00314197
5.11618	-0.00835808
5.11643	-0.0121433
5.11667	-0.00703605
5.11692	0.00181163
5.11716	0.00155395
5.1174	-0.00752301
5.11765	-0.010674
5.11789	-0.00168117
5.11814	0.00766238
5.11838	0.00696416
5.11863	0.00173941
5.11887	4.67344e-05
5.11912	-0.00198996
5.11936	-0.0100919
5.11961	-0.017976
5.11985	-0.016267
5.1201	-0.00776793
5.12034	-0.00202358
5.12058	-0.000738743
5.12083	0.00014394
5.12107	-0.000247349
5.12132	-0.00425659
5.12156	-0.00659245
5.12181	-0.00171899
5.12205	0.00331889
5.1223	-0.00243495
5.12254	-0.0140872
5.12279	-0.0149587
5.12303	-0.00165766
5.12328	0.0098595
5.12352	0.00756592
5.12376	-0.00130758
5.12401	-0.00512891
5.12425	-0.00520817
5.1245	-0.0080335
5.12474	-0.0102513
5.12499	-0.00459419
5.12523	0.00443399
5.12548	0.00436166
5.12572	-0.00620586
5.12597	-0.0138803
5.12621	-0.00851495
5.12646	0.00378924
5.1267	0.00981789
5.12694	0.00522525
5.12719	-0.00336052
5.12743	-0.00827001
5.12768	-0.00774376
5.12792	-0.00417457
5.12817	0.000324445
5.12841	0.00499702
5.12866	0.0084234
5.1289	0.00774177
5.12915	0.00194306
5.12939	-0.00467498
5.12963	-0.0061119
5.12988	-0.00298726
5.13012	-0.00256798
5.13037	-0.00722318
5.13061	-0.00874554
5.13086	-0.000901493
5.1311	0.00784815
5.13135	0.00499241
5.13159	-0.00537675
5.13184	-0.00635664
5.13208	0.00583012
5.13233	0.0147167
5.13257	0.00852828
5.13281	-0.00253942
5.13306	-0.00446574
5.1333	-0.00145648
5.13355	-0.00490881
5.13379	-0.010733
5.13404	-0.00642463
5.13428	0.00480887
5.13453	0.0072139
5.13477	-0.00100568
5.13502	-0.00428988
5.13526	0.00402485
5.13551	0.0110917
5.13575	0.0068857
5.13599	-9.50324e-05
5.13624	0.00103235
5.13648	0.00648773
5.13673	0.00809414
5.13697	0.00802672
5.13722	0.010941
5.13746	0.0117094
5.13771	0.00424047
5.13795	-0.0053063
5.1382	-0.00710551
5.13844	-0.00341904
5.13869	-0.00329261
5.13893	-0.00646638
5.13917	-0.00517337
5.13942	0.00115155
5.13966	0.00483506
5.13991	0.00224958
5.14015	-0.00269655
5.1404	-0.00605353
5.14064	-0.00661901
5.14089	-0.0033842
5.14113	0.00244018
5.14138	0.00600237
5.14162	0.00604963
5.14187	0.0082468
5.14211	0.013875
5.14235	0.013084
5.1426	0.000219748
5.14284	-0.0121167
5.14309	-0.00862438
5.14333	0.0051266
5.14358	0.0108973
5.14382	0.00544225
5.14407	0.00185969
5.14431	0.00480181
5.14456	0.00423256
5.1448	-0.00320852
5.14504	-0.00594132
5.14529	0.00247934
5.14553	0.0116703
5.14578	0.0117175
5.14602	0.00799202
5.14627	0.00872594
5.14651	0.0102643
5.14676	0.00617708
5.147	0.00110849
5.14725	0.00302846
5.14749	0.00834705
5.14774	0.00697928
5.14798	-0.0013119
5.14822	-0.00642021
5.14847	-0.00257502
5.14871	0.0051764
5.14896	0.00958165
5.1492	0.00976216
5.14945	0.00936082
5.14969	0.00977764
5.14994	0.00797818
5.15018	0.00163996
5.15043	-0.00467572
5.15067	-0.00295882
5.15092	0.00585676
5.15116	0.0088287
5.1514	-0.00237837
5.15165	-0.016815
5.15189	-0.0171087
5.15214	-0.00429327
5.15238	0.00363344
5.15263	-0.0017383
5.15287	-0.00899209
5.15312	-0.00717647
5.15336	-0.00141041
5.15361	-0.000220565
5.15385	-8.41811e-05
5.1541	0.0063511
5.15434	0.0156054
5.15458	0.0182421
5.15483	0.0127904
5.15507	0.00525157
5.15532	-0.000824704
5.15556	-0.00536738
5.15581	-0.00688053
5.15605	-0.00434702
5.1563	-0.00115767
5.15654	-0.00105782
5.15679	-0.00316609
5.15703	-0.00541547
5.15727	-0.00816353
5.15752	-0.0100051
5.15776	-0.00626802
5.15801	0.002748
5.15825	0.00858848
5.1585	0.00616354
5.15874	0.00197761
5.15899	0.00386338
5.15923	0.00910871
5.15948	0.0106827
5.15972	0.0086944
5.15997	0.00675421
5.16021	0.00334431
5.16045	-0.00291554
5.1607	-0.00509329
5.16094	0.00318552
5.16119	0.0147023
5.16143	0.0168233
5.16168	0.0101598
5.16192	0.00628903
5.16217	0.00814812
5.16241	0.00676583
5.16266	-0.00080024
5.1629	-0.00449626
5.16315	0.00209294
5.16339	0.010134
5.16363	0.00898871
5.16388	0.0026332
5.16412	0.00258261
5.16437	0.00923591
5.16461	0.0110898
5.16486	0.00260863
5.1651	-0.00631927
5.16535	-0.0033662
5.16559	0.00899103
5.16584	0.0159666
5.16608	0.00962426
5.16633	-0.00138036
5.16657	-0.00481881
5.16681	-0.00173683
5.16706	-0.00254362
5.1673	-0.00919636
5.16755	-0.0118723
5.16779	-0.00517498
5.16804	0.00274544
5.16828	0.002833
5.16853	-0.00161748
5.16877	-0.00186475
5.16902	0.00259639
5.16926	0.00560327
5.1695	0.00492662
5.16975	0.00285436
5.16999	-0.00046159
5.17024	-0.00585034
5.17048	-0.00965183
5.17073	-0.00745088
5.17097	-0.00185106
5.17122	0.000700417
5.17146	-0.000602659
5.17171	-0.00147666
5.17195	-0.000764502
5.1722	-0.000874621
5.17244	-0.00165216
5.17268	-0.00116748
5.17293	-0.000906333
5.17317	-0.00258897
5.17342	-0.0019402
5.17366	0.00547427
5.17391	0.0139756
5.17415	0.0134877
5.1744	0.00500943
5.17464	-0.000551778
5.17489	0.000496632
5.17513	0.000746135
5.17538	-0.00271431
5.17562	-0.00206034
5.17586	0.00590575
5.17611	0.0103745
5.17635	0.00192438
5.1766	-0.0115772
5.17684	-0.0148921
5.17709	-0.00551696
5.17733	0.00568463
5.17758	0.00968702
5.17782	0.00628486
5.17807	-0.000568898
5.17831	-0.00565228
5.17856	-0.00355246
5.1788	0.00464196
5.17904	0.0084033
5.17929	0.000357374
5.17953	-0.0109466
5.17978	-0.0112739
5.18002	-0.00180867
5.18027	0.0026645
5.18051	-0.00252325
5.18076	-0.00448163
5.181	0.00538424
5.18125	0.0157689
5.18149	0.0122765
5.18173	-0.000110753
5.18198	-0.00474484
5.18222	0.00183827
5.18247	0.00674352
5.18271	0.00148741
5.18296	-0.00687531
5.1832	-0.0081805
5.18345	-0.00268978
5.18369	0.00226643
5.18394	0.00232457
5.18418	-0.0014311
5.18443	-0.00528311
5.18467	-0.00542503
5.18491	-0.0015656
5.18516	0.00108167
5.1854	-0.00195694
5.18565	-0.00652012
5.18589	-0.00476497
5.18614	0.00218415
5.18638	0.0052203
5.18663	0.00192301
5.18687	5.0523e-06
5.18712	0.00314841
5.18736	0.00470792
5.18761	0.000990274
5.18785	-0.000856006
5.18809	0.00358976
5.18834	0.00562383
5.18858	-0.00265004
5.18883	-0.0134502
5.18907	-0.0148038
5.18932	-0.00904953
5.18956	-0.00638543
5.18981	-0.00671087
5.19005	-0.00290418
5.1903	0.00291293
5.19054	0.00277171
5.19079	-0.000312019
5.19103	0.0041252
5.19127	0.0142518
5.19152	0.0167129
5.19176	0.00846268
5.19201	0.0010994
5.19225	0.000488023
5.1925	-0.00116683
5.19274	-0.00789781
5.19299	-0.0109686
5.19323	-0.0049265
5.19348	0.00164634
5.19372	0.000322396
5.19396	-0.00412227
5.19421	-0.0036515
5.19445	0.000276791
5.1947	0.0020804
5.19494	0.00117136
5.19519	-0.00112449
5.19543	-0.00494161
5.19568	-0.00693885
5.19592	-0.00211873
5.19617	0.00494351
5.19641	0.00306854
5.19666	-0.00622284
5.1969	-0.00718841
5.19714	0.005031
5.19739	0.0142475
5.19763	0.00872406
5.19788	-0.000111956
5.19812	0.00147634
5.19837	0.00657953
5.19861	0.00368101
5.19886	0.000679769
5.1991	0.010289
5.19935	0.0224576
5.19959	0.0172337
5.19984	-0.000208359
5.20008	-0.00408766
5.20032	0.0121059
5.20057	0.0259024
5.20081	0.02158
5.20106	0.0123644
5.2013	0.0163314
5.20155	0.0287538
5.20179	0.0324576
5.20204	0.0236968
5.20228	0.0139792
5.20253	0.0124959
5.20277	0.0174426
5.20302	0.0213993
5.20326	0.0180498
5.2035	0.0063691
5.20375	-0.00685955
5.20399	-0.011607
5.20424	-0.00542939
5.20448	0.00333853
5.20473	0.00599697
5.20497	0.00350385
5.20522	0.00300137
5.20546	0.00738482
5.20571	0.0118562
5.20595	0.00994149
5.20619	0.00111039
5.20644	-0.00777378
5.20668	-0.00928159
5.20693	-0.00394221
5.20717	0.000529278
5.20742	-0.000405256
5.20766	-0.00277698
5.20791	-0.00190782
5.20815	-0.000254603
5.2084	-0.00220524
5.20864	-0.00559923
5.20889	-0.0053057
5.20913	-0.00226078
5.20937	-0.001842
5.20962	-0.00503681
5.20986	-0.00789626
5.21011	-0.00856998
5.21035	-0.00880418
5.2106	-0.00944118
5.21084	-0.00976962
5.21109	-0.0101485
5.21133	-0.0106362
5.21158	-0.00896576
5.21182	-0.00429672
5.21207	-0.000270412
5.21231	-6.81929e-05
5.21255	-0.0020521
5.2128	-0.00438916
5.21304	-0.00857617
5.21329	-0.0132907
5.21353	-0.0117756
5.21378	-0.00265948
5.21402	0.00387542
5.21427	1.85915e-06
5.21451	-0.00651385
5.21476	-0.00372459
5.215	0.00598283
5.21525	0.0106914
5.21549	0.00676145
5.21573	-0.000815323
5.21598	-0.010147
5.21622	-0.0198258
5.21647	-0.0197572
5.21671	-0.0021916
5.21696	0.0204461
5.2172	0.0273263
5.21745	0.0188427
5.21769	0.0153878
5.21794	0.0246907
5.21818	0.0311818
5.21843	0.0239404
5.21867	0.0145788
5.21891	0.0162967
5.21916	0.0225887
5.2194	0.0206906
5.21965	0.0128288
5.21989	0.00945676
5.22014	0.0112024
5.22038	0.0116529
5.22063	0.0107315
5.22087	0.0120526
5.22112	0.0125783
5.22136	0.00742457
5.2216	0.000731563
5.22185	1.34387e-05
5.22209	0.00299241
5.22234	0.00155883
5.22258	-0.00336998
5.22283	-0.00273425
5.22307	0.00482269
5.22332	0.00910253
5.22356	0.00333368
5.22381	-0.00566498
5.22405	-0.007144
5.2243	-0.000852846
5.22454	0.003588
5.22478	-8.42298e-05
5.22503	-0.00697395
5.22527	-0.00809435
5.22552	-0.00278379
5.22576	0.000269424
5.22601	-0.00432602
5.22625	-0.00990204
5.2265	-0.00676762
5.22674	0.00332571
5.22699	0.00934584
5.22723	0.00664678
5.22748	0.00178234
5.22772	0.000256684
5.22796	-0.00150122
5.22821	-0.00764886
5.22845	-0.0140089
5.2287	-0.013872
5.22894	-0.00802186
5.22919	-0.00304547
5.22943	-0.00236731
5.22968	-0.00357329
5.22992	-0.00301667
5.23017	3.75339e-05
5.23041	0.00270587
5.23066	0.000846658
5.2309	-0.00581334
5.23114	-0.0112413
5.23139	-0.00951901
5.23163	-0.00309123
5.23188	0.000509971
5.23212	-0.000423551
5.23237	-0.000977453
5.23261	7.48557e-05
5.23286	-0.00233888
5.2331	-0.00938894
5.23335	-0.0139603
5.23359	-0.0109735
5.23383	-0.00503782
5.23408	-0.00281843
5.23432	-0.00394265
5.23457	-0.00454995
5.23481	-0.00412738
5.23506	-0.00326638
5.2353	0.000173737
5.23555	0.00664694
5.23579	0.010689
5.23604	0.0069884
5.23628	-0.0020542
5.23653	-0.00948675
5.23677	-0.0118514
5.23701	-0.010221
5.23726	-0.00638085
5.2375	-0.00215388
5.23775	-0.00010648
5.23799	-0.00144901
5.23824	-0.00495799
5.23848	-0.00919127
5.23873	-0.0124932
5.23897	-0.0106908
5.23922	-0.00101049
5.23946	0.0101736
5.23971	0.0112545
5.23995	0.000940052
5.24019	-0.0077558
5.24044	-0.00450968
5.24068	0.00452866
5.24093	0.00686584
5.24117	0.00123114
5.24142	-0.0034551
5.24166	-0.00212209
5.24191	0.00229743
5.24215	0.00601871
5.2424	0.00727288
5.24264	0.00366799
5.24289	-0.0051042
5.24313	-0.0123395
5.24337	-0.00985478
5.24362	0.000637118
5.24386	0.00824751
5.24411	0.00642583
5.24435	-0.000125616
5.2446	-0.00400637
5.24484	-0.00492854
5.24509	-0.0071965
5.24533	-0.011255
5.24558	-0.0129141
5.24582	-0.0103382
5.24606	-0.00711953
5.24631	-0.00641428
5.24655	-0.00544439
5.2468	-0.000250666
5.24704	0.00567483
5.24729	0.00425425
5.24753	-0.00414534
5.24778	-0.00855464
5.24802	-0.00361778
5.24827	0.000173586
5.24851	-0.0079061
5.24876	-0.019607
5.249	-0.0179867
5.24924	-0.00391944
5.24949	0.00415002
5.24973	-0.00142307
5.24998	-0.00663362
5.25022	0.000268336
5.25047	0.0103256
5.25071	0.0099644
5.25096	0.00188943
5.2512	-0.00327323
5.25145	-0.00530914
5.25169	-0.00956565
5.25194	-0.012206
5.25218	-0.00667665
5.25242	0.000308819
5.25267	-0.00388004
5.25291	-0.0163733
5.25316	-0.0209695
5.2534	-0.0124044
5.25365	-0.00325418
5.25389	-0.00375194
5.25414	-0.0088029
5.25438	-0.0101454
5.25463	-0.00915775
5.25487	-0.0105004
5.25512	-0.0122211
5.25536	-0.0095191
5.2556	-0.00239469
5.25585	0.0055644
5.25609	0.0108648
5.25634	0.00977206
5.25658	0.00110511
5.25683	-0.00795114
5.25707	-0.00722695
5.25732	0.00141644
5.25756	0.00392048
5.25781	-0.00542483
5.25805	-0.0137032
5.25829	-0.00864681
5.25854	0.00163928
5.25878	0.00139197
5.25903	-0.00717802
5.25927	-0.00747066
5.25952	0.0039318
5.25976	0.0108095
5.26001	0.00276994
5.26025	-0.00855391
5.2605	-0.00798064
5.26074	0.000775285
5.26099	0.00352631
5.26123	-0.0017079
5.26147	-0.00481059
5.26172	-0.0026512
5.26196	-0.00315834
5.26221	-0.00942524
5.26245	-0.0134566
5.2627	-0.0101995
5.26294	-0.00617062
5.26319	-0.00770673
5.26343	-0.0107689
5.26368	-0.0105458
5.26392	-0.0118505
5.26417	-0.019047
5.26441	-0.0231126
5.26465	-0.0128249
5.2649	0.0045835
5.26514	0.00946494
5.26539	-0.00226673
5.26563	-0.0121734
5.26588	-0.00582787
5.26612	0.00697488
5.26637	0.00806062
5.26661	-0.00299832
5.26686	-0.0109057
5.2671	-0.00766992
5.26735	-0.000846299
5.26759	0.000666479
5.26783	-0.00219697
5.26808	-0.0046387
5.26832	-0.00657234
5.26857	-0.010151
5.26881	-0.0137472
5.26906	-0.0134348
5.2693	-0.00817022
5.26955	-0.000212534
5.26979	0.0074592
5.27004	0.0113286
5.27028	0.0077976
5.27052	-0.00205597
5.27077	-0.00976547
5.27101	-0.00717401
5.27126	0.002585
5.2715	0.00738875
5.27175	0.0017667
5.27199	-0.00536067
5.27224	-0.00312348
5.27248	0.00610072
5.27273	0.0111109
5.27297	0.00856166
5.27322	0.00605812
5.27346	0.00836232
5.2737	0.010011
5.27395	0.00528483
5.27419	-0.0023261
5.27444	-0.00586586
5.27468	-0.00431845
5.27493	-0.00109858
5.27517	0.00203275
5.27542	0.00458392
5.27566	0.00520041
5.27591	0.0042555
5.27615	0.00417793
5.2764	0.00387925
5.27664	-0.000897798
5.27688	-0.00789623
5.27713	-0.00755199
5.27737	0.00198073
5.27762	0.00835588
5.27786	0.0024436
5.27811	-0.006988
5.27835	-0.00727128
5.2786	-0.00169121
5.27884	-0.00119765
5.27909	-0.00384915
5.27933	8.15555e-05
5.27958	0.00702318
5.27982	0.00364832
5.28006	-0.00888771
5.28031	-0.0136707
5.28055	-0.00409596
5.2808	0.0068621
5.28104	0.00857794
5.28129	0.00683303
5.28153	0.00874856
5.28178	0.00972301
5.28202	0.0049997
5.28227	0.00096692
5.28251	0.0044661
5.28275	0.011118
5.283	0.0134313
5.28324	0.0114984
5.28349	0.00808625
5.28373	0.00247796
5.28398	-0.00381273
5.28422	-0.00497767
5.28447	-0.00111554
5.28471	-2.44524e-06
5.28496	-0.00260165
5.2852	0.00057767
5.28545	0.0112019
5.28569	0.015464
5.28593	0.00514332
5.28618	-0.00742829
5.28642	-0.00790472
5.28667	-0.000586346
5.28691	0.00308022
5.28716	0.00383019
5.2874	0.0065855
5.28765	0.00537649
5.28789	-0.00499627
5.28814	-0.0122729
5.28838	-0.00256182
5.28863	0.0142774
5.28887	0.016969
5.28911	0.00592791
5.28936	0.00106171
5.2896	0.00805579
5.28985	0.0110247
5.29009	0.00199189
5.29034	-0.00548578
5.29058	-0.000159618
5.29083	0.0091177
5.29107	0.00994873
5.29132	0.00499586
5.29156	0.00266607
5.29181	0.0017199
5.29205	-0.0030412
5.29229	-0.00861959
5.29254	-0.00795862
5.29278	-0.000489911
5.29303	0.00872661
5.29327	0.0145502
5.29352	0.0115915
5.29376	-0.00305137
5.29401	-0.0206741
5.29425	-0.023899
5.2945	-0.00776389
5.29474	0.00962504
5.29498	0.00806085
5.29523	-0.00822837
5.29547	-0.0163581
5.29572	-0.00519567
5.29596	0.0112532
5.29621	0.0131241
5.29645	-0.00127985
5.2967	-0.0159547
5.29694	-0.0173713
5.29719	-0.00811892
5.29743	-0.000109956
5.29768	0.00102318
5.29792	0.000205906
5.29816	0.00265406
5.29841	0.00571768
5.29865	0.00461415
5.2989	0.00123511
5.29914	0.000741512
5.29939	0.00214282
5.29963	2.01858e-05
5.29988	-0.0048177
5.30012	-0.00438535
5.30037	0.00476797
5.30061	0.015575
5.30086	0.0193467
5.3011	0.0157277
5.30134	0.0107207
5.30159	0.00885803
5.30183	0.0105092
5.30208	0.0140944
5.30232	0.0180039
5.30257	0.0215488
5.30281	0.0249854
5.30306	0.0275081
5.3033	0.0262378
5.30355	0.019968
5.30379	0.012703
5.30404	0.00967453
5.30428	0.010706
5.30452	0.0117095
5.30477	0.0116585
5.30501	0.0129304
5.30526	0.0153446
5.3055	0.0158585
5.30575	0.0147647
5.30599	0.0162051
5.30624	0.020842
5.30648	0.0233248
5.30673	0.0195753
5.30697	0.012611
5.30722	0.00871165
5.30746	0.0103022
5.3077	0.0138874
5.30795	0.0132579
5.30819	0.00530082
5.30844	-0.0050836
5.30868	-0.00800634
5.30893	-0.000375086
5.30917	0.00814172
5.30942	0.00655832
5.30966	-0.00263602
5.30991	-0.00753084
5.31015	-0.0039446
5.31039	0.000528063
5.31064	5.64094e-05
5.31088	-0.00128748
5.31113	0.00200463
5.31137	0.00798047
5.31162	0.0107197
5.31186	0.00725902
5.31211	-0.00139862
5.31235	-0.0107945
5.3126	-0.013434
5.31284	-0.00561059
5.31309	0.00485586
5.31333	0.00592076
5.31357	-0.00148028
5.31382	-0.00313472
5.31406	0.00731583
5.31431	0.0173704
5.31455	0.0133537
5.3148	0.000129566
5.31504	-0.00706846
5.31529	-0.00425678
5.31553	-0.000443206
5.31578	-0.000651698
5.31602	0.000459494
5.31627	0.00643184
5.31651	0.0107196
5.31675	0.005876
5.317	-0.00476647
5.31724	-0.0104792
5.31749	-0.00635233
5.31773	0.00161515
5.31798	0.00526074
5.31822	0.0044585
5.31847	0.00514649
5.31871	0.00852234
5.31896	0.00800494
5.3192	-0.000119086
5.31945	-0.00856037
5.31969	-0.0081407
5.31993	-0.00161365
5.32018	0.000416469
5.32042	-0.00373479
5.32067	-0.00452284
5.32091	0.00219194
5.32116	0.00682961
5.3214	0.000390937
5.32165	-0.0111279
5.32189	-0.0145057
5.32214	-0.00650284
5.32238	0.00400994
5.32262	0.00807408
5.32287	0.00459006
5.32311	-0.00170109
5.32336	-0.00512704
5.3236	-0.00328157
5.32385	0.000640013
5.32409	0.0016349
5.32434	0.000102063
5.32458	0.000821117
5.32483	0.00371384
5.32507	0.00287357
5.32532	-0.00230067
5.32556	-0.00386059
5.3258	0.0013137
5.32605	0.00419227
5.32629	-0.00208967
5.32654	-0.00942764
5.32678	-0.00730011
5.32703	-0.000702853
5.32727	-0.00181556
5.32752	-0.008577
5.32776	-0.00735747
5.32801	0.00380385
5.32825	0.0105654
5.3285	0.00421877
5.32874	-0.00555596
5.32898	-0.00575236
5.32923	0.00287002
5.32947	0.0101283
5.32972	0.00959063
5.32996	0.00199804
5.33021	-0.00722781
5.33045	-0.00968638
5.3307	-0.000941169
5.33094	0.0104902
5.33119	0.0101188
5.33143	-0.00220579
5.33168	-0.00977295
5.33192	-0.00338893
5.33216	0.00384737
5.33241	-0.00293264
5.33265	-0.0161004
5.3329	-0.0172088
5.33314	-0.00586693
5.33339	0.00107518
5.33363	-0.0029867
5.33388	-0.00644941
5.33412	-0.0018589
5.33437	0.00156572
5.33461	-0.00430194
5.33485	-0.0109304
5.3351	-0.00681666
5.33534	0.00352725
5.33559	0.00694543
5.33583	0.00164156
5.33608	-0.00270128
5.33632	-0.00133995
5.33657	0.00102021
5.33681	0.0011912
5.33706	0.00174557
5.3373	0.00307523
5.33755	0.00103683
5.33779	-0.00467356
5.33803	-0.00803445
5.33828	-0.0059914
5.33852	-0.00323827
5.33877	-0.00412088
5.33901	-0.0063132
5.33926	-0.00660949
5.3395	-0.00680066
5.33975	-0.00874259
5.33999	-0.00898738
5.34024	-0.00419556
5.34048	0.00211766
5.34073	0.00399586
5.34097	0.0010623
5.34121	-0.0029458
5.34146	-0.00617487
5.3417	-0.00791427
5.34195	-0.00582842
5.34219	-0.000382204
5.34244	0.00173618
5.34268	-0.00375738
5.34293	-0.00999536
5.34317	-0.00767353
5.34342	0.0001408
5.34366	0.0025101
5.34391	-0.00140228
5.34415	-0.0014557
5.34439	0.00487017
5.34464	0.00680007
5.34488	-0.00146106
5.34513	-0.00975242
5.34537	-0.00803736
5.34562	-0.00235304
5.34586	-0.00343637
5.34611	-0.00823591
5.34635	-0.00618351
5.3466	0.00187538
5.34684	0.00553039
5.34708	0.00311487
5.34733	0.00355095
5.34757	0.0092772
5.34782	0.0112625
5.34806	0.00484576
5.34831	-0.00159075
5.34855	0.000255805
5.3488	0.0061665
5.34904	0.00672971
5.34929	0.000100734
5.34953	-0.00869816
5.34978	-0.0155234
5.35002	-0.0184616
5.35026	-0.0164133
5.35051	-0.0118196
5.35075	-0.0106875
5.351	-0.0148735
5.35124	-0.0179716
5.35149	-0.0133663
5.35173	-0.00307007
5.35198	0.00532846
5.35222	0.00715525
5.35247	0.00300944
5.35271	-0.00335381
5.35296	-0.0066216
5.3532	-0.00404626
5.35344	-0.000486934
5.35369	-0.00365245
5.35393	-0.0120282
5.35418	-0.0153474
5.35442	-0.0103124
5.35467	-0.00583034
5.35491	-0.0070638
5.35516	-0.00610439
5.3554	0.00227823
5.35565	0.00786315
5.35589	0.0014634
5.35614	-0.00671902
5.35638	-0.0024801
5.35662	0.00710695
5.35687	0.0042946
5.35711	-0.00864663
5.35736	-0.0124695
5.3576	-0.0037287
5.35785	0.000210767
5.35809	-0.00733795
5.35834	-0.0111239
5.35858	-0.0029658
5.35883	0.0023393
5.35907	-0.00629327
5.35931	-0.0157207
5.35956	-0.0120353
5.3598	-0.00493631
5.36005	-0.00814813
5.36029	-0.012567
5.36054	-0.00319745
5.36078	0.0102701
5.36103	0.00703681
5.36127	-0.00848101
5.36152	-0.012188
5.36176	0.000367267
5.36201	0.00820241
5.36225	0.000844353
5.36249	-0.00662762
5.36274	-0.00165744
5.36298	0.00638501
5.36323	0.00548392
5.36347	-0.000146825
5.36372	-0.00219466
5.36396	-0.00250071
5.36421	-0.00334631
5.36445	0.00104234
5.3647	0.0104796
5.36494	0.0107001
5.36519	-0.0057651
5.36543	-0.0223256
5.36567	-0.0184412
5.36592	0.00117881
5.36616	0.0138895
5.36641	0.0103706
5.36665	0.00226711
5.3669	0.000581198
5.36714	0.00210335
5.36739	-8.90358e-05
5.36763	-0.00464928
5.36788	-0.00572569
5.36812	-0.00203843
5.36837	0.00214764
5.36861	0.00258176
5.36885	-6.1692e-05
5.3691	-0.000397841
5.36934	0.00498166
5.36959	0.0110171
5.36983	0.00892257
5.37008	-0.00143633
5.37032	-0.0102922
5.37057	-0.0115731
5.37081	-0.009944
5.37106	-0.0100296
5.3713	-0.00770312
5.37154	0.000312878
5.37179	0.00629604
5.37203	0.00137863
5.37228	-0.00957747
5.37252	-0.0136381
5.37277	-0.00760682
5.37301	-0.000376869
5.37326	0.00107363
5.3735	-0.00111391
5.37375	-0.00230556
5.37399	-0.00133691
5.37424	0.000839219
5.37448	0.00263015
5.37472	0.00172991
5.37497	-0.00207374
5.37521	-0.00517359
5.37546	-0.00499376
5.3757	-0.00384474
5.37595	-0.00390452
5.37619	-0.00256183
5.37644	0.00196086
5.37668	0.00509953
5.37693	0.00259866
5.37717	-0.00201822
5.37742	-0.0039181
5.37766	-0.005715
5.3779	-0.0108552
5.37815	-0.0132437
5.37839	-0.00475881
5.37864	0.00960357
5.37888	0.0159752
5.37913	0.0103583
5.37937	0.00190634
5.37962	-0.00268284
5.37986	-0.00636612
5.38011	-0.011358
5.38035	-0.0129643
5.3806	-0.00849481
5.38084	-0.00353422
5.38108	-0.00400732
5.38133	-0.00814195
5.38157	-0.0105298
5.38182	-0.00927061
5.38206	-0.00596615
5.38231	-0.00277295
5.38255	-0.00162044
5.3828	-0.00286769
5.38304	-0.00415081
5.38329	-0.00390965
5.38353	-0.00458993
5.38378	-0.00769432
5.38402	-0.00864557
5.38426	-0.00368286
5.38451	0.00114722
5.38475	-0.00253305
5.385	-0.0107199
5.38524	-0.0112455
5.38549	-0.00307948
5.38573	0.00105359
5.38598	-0.00545085
5.38622	-0.0127238
5.38647	-0.00988839
5.38671	-0.000603313
5.38695	0.00435508
5.3872	0.0021632
5.38744	-0.00200635
5.38769	-0.00402226
5.38793	-0.00285926
5.38818	0.0015948
5.38842	0.00663354
5.38867	0.0067378
5.38891	0.000729946
5.38916	-0.00518533
5.3894	-0.00606705
5.38965	-0.00518428
5.38989	-0.00738348
5.39013	-0.0105073
5.39038	-0.00952437
5.39062	-0.00540835
5.39087	-0.00359247
5.39111	-0.0057862
5.39136	-0.00852109
5.3916	-0.00814491
5.39185	-0.00333173
5.39209	0.00502204
5.39234	0.0125783
5.39258	0.0128366
5.39283	0.00387837
5.39307	-0.0079704
5.39331	-0.0145694
5.39356	-0.0141223
5.3938	-0.0102536
5.39405	-0.00611599
5.39429	-0.00323288
5.39454	-0.00353806
5.39478	-0.00785936
5.39503	-0.0133951
5.39527	-0.0163893
5.39552	-0.0167345
5.39576	-0.0169246
5.39601	-0.0171056
5.39625	-0.0142594
5.39649	-0.00686639
5.39674	0.00166459
5.39698	0.00549931
5.39723	0.00223677
5.39747	-0.00434576
5.39772	-0.00802221
5.39796	-0.00609472
5.39821	-0.000321164
5.39845	0.00671655
5.3987	0.0122296
5.39894	0.011003
5.39918	-0.000246029
5.39943	-0.0141083
5.39967	-0.0167468
5.39992	-0.0064278
5.40016	0.00102854
5.40041	-0.00632686
5.40065	-0.0185052
5.4009	-0.0186703
5.40114	-0.00842413
5.40139	-0.00281812
5.40163	-0.00560961
5.40188	-0.00737451
5.40212	-0.00582974
5.40236	-0.00833515
5.40261	-0.0131699
5.40285	-0.00897301
5.4031	0.00267802
5.40334	0.00487069
5.40359	-0.00675978
5.40383	-0.0143549
5.40408	-0.00708858
5.40432	0.000113461
5.40457	-0.00743916
5.40481	-0.0177734
5.40506	-0.0119248
5.4053	0.00356705
5.40554	0.00658462
5.40579	-0.00558724
5.40603	-0.0135173
5.40628	-0.00595728
5.40652	0.00628221
5.40677	0.0083785
5.40701	-0.00111905
5.40726	-0.0131649
5.4075	-0.0180394
5.40775	-0.0118856
5.40799	-0.00145092
5.40824	2.75518e-06
5.40848	-0.0109884
5.40872	-0.02112
5.40897	-0.0183947
5.40921	-0.00971976
5.40946	-0.00876217
5.4097	-0.0139362
5.40995	-0.0134412
5.41019	-0.00656627
5.41044	-0.00349316
5.41068	-0.00686423
5.41093	-0.00947177
5.41117	-0.00840449
5.41141	-0.00643506
5.41166	-0.00177259
5.4119	0.00755939
5.41215	0.0117199
5.41239	-0.000418717
5.41264	-0.0196398
5.41288	-0.0245444
5.41313	-0.0125277
5.41337	-0.00272901
5.41362	-0.00506641
5.41386	-0.00744492
5.41411	-0.000461325
5.41435	0.00606885
5.41459	0.00224698
5.41484	-0.0039474
5.41508	-0.00125613
5.41533	0.00586678
5.41557	0.00628166
5.41582	3.658e-05
5.41606	-0.00483629
5.41631	-0.00544644
5.41655	-0.00396765
5.4168	-0.00142431
5.41704	0.000523839
5.41729	-0.00146541
5.41753	-0.00578464
5.41777	-0.00630482
5.41802	-0.0036118
5.41826	-0.00513549
5.41851	-0.0100229
5.41875	-0.00778573
5.419	0.00183569
5.41924	0.00386771
5.41949	-0.00739144
5.41973	-0.0155179
5.41998	-0.00705653
5.42022	0.00599887
5.42047	0.00541569
5.42071	-0.00478981
5.42095	-0.00804664
5.4212	-0.00317012
5.42144	-0.00226258
5.42169	-0.00740183
5.42193	-0.00940738
5.42218	-0.00604065
5.42242	-0.00319564
5.42267	-0.00100485
5.42291	0.00383699
5.42316	0.00523887
5.4234	-0.00452462
5.42364	-0.0167283
5.42389	-0.0151959
5.42413	-0.00242692
5.42438	0.00319968
5.42462	-0.00302147
5.42487	-0.00636138
5.42511	0.00024939
5.42536	0.00493446
5.4256	-0.000162072
5.42585	-0.00470151
5.42609	0.000648598
5.42634	0.00799899
5.42658	0.00701138
5.42682	0.00137549
5.42707	-0.00145218
5.42731	-0.00380831
5.42756	-0.00842427
5.4278	-0.00759912
5.42805	0.00397322
5.42829	0.0153135
5.42854	0.0129876
5.42878	0.00157396
5.42903	-0.00415264
5.42927	-0.0013642
5.42952	0.00139691
5.42976	0.00223562
5.43	0.00707028
5.43025	0.0141918
5.43049	0.0138365
5.43074	0.00541902
5.43098	0.000905726
5.43123	0.00617111
5.43147	0.0111843
5.43172	0.00578552
5.43196	-0.00423943
5.43221	-0.00572469
5.43245	0.00286093
5.4327	0.0101161
5.43294	0.00783548
5.43318	0.000633669
5.43343	-0.00234487
5.43367	-6.81203e-05
5.43392	0.00032505
5.43416	-0.00527545
5.43441	-0.0113722
5.43465	-0.00999934
5.4349	-0.00167626
5.43514	0.00517275
5.43539	0.00501513
5.43563	0.000341021
5.43587	-0.00467664
5.43612	-0.00964278
5.43636	-0.0140819
5.43661	-0.0137452
5.43685	-0.00606515
5.4371	0.00401776
5.43734	0.00877716
5.43759	0.00636803
5.43783	0.00101824
5.43808	-0.00284085
5.43832	-0.00293442
5.43857	0.000979256
5.43881	0.00500187
5.43905	0.00251002
5.4393	-0.00674897
5.43954	-0.0126547
5.43979	-0.00683363
5.44003	0.00434111
5.44028	0.0074577
5.44052	0.000896067
5.44077	-0.00418067
5.44101	-0.00188843
5.44126	0.000563825
5.4415	-0.00313074
5.44175	-0.00714798
5.44199	-0.00358613
5.44223	0.00387709
5.44248	0.00535242
5.44272	-0.0004054
5.44297	-0.00513048
5.44321	-0.00346885
5.44346	0.0013437
5.4437	0.00436836
5.44395	0.00514029
5.44419	0.00534316
5.44444	0.00484199
5.44468	0.00221136
5.44493	-0.00289203
5.44517	-0.00869038
5.44541	-0.011379
5.44566	-0.00744197
5.4459	0.00165958
5.44615	0.00862859
5.44639	0.00781114
5.44664	0.00253659
5.44688	0.000760559
5.44713	0.00411391
5.44737	0.00673648
5.44762	0.00540963
5.44786	0.00417588
5.4481	0.00602286
5.44835	0.00667557
5.44859	0.0023233
5.44884	-0.00181146
5.44908	0.00118822
5.44933	0.00683356
5.44957	0.003492
5.44982	-0.00916176
5.45006	-0.0161472
5.45031	-0.00694003
5.45055	0.00882901
5.4508	0.013667
5.45104	0.00507783
5.45128	-0.00382521
5.45153	-0.00455754
5.45177	-0.00285761
5.45202	-0.00559342
5.45226	-0.00839007
5.45251	-0.00329202
5.45275	0.00736001
5.453	0.0128115
5.45324	0.00761176
5.45349	-0.00273314
5.45373	-0.00920006
5.45398	-0.00799793
5.45422	-0.00260703
5.45446	-0.000331927
5.45471	-0.00534197
5.45495	-0.0125466
5.4552	-0.0117973
5.45544	-0.00184111
5.45569	0.00515258
5.45593	-0.000391689
5.45618	-0.0102762
5.45642	-0.00959888
5.45667	0.000642634
5.45691	0.00553618
5.45716	0.000504226
5.4574	-0.00239474
5.45764	0.00319068
5.45789	0.00601744
5.45813	-0.00215441
5.45838	-0.00921866
5.45862	-0.0014046
5.45887	0.0118767
5.45911	0.0107294
5.45936	-0.00398266
5.4596	-0.0123396
5.45985	-0.00647711
5.46009	0.000643137
5.46034	-0.000101359
5.46058	-0.00119527
5.46082	0.00281696
5.46107	0.00324944
5.46131	-0.00477586
5.46156	-0.00883869
5.4618	0.00160625
5.46205	0.0151624
5.46229	0.0139689
5.46254	0.000607685
5.46278	-0.00695788
5.46303	-0.00189727
5.46327	0.00580434
5.46351	0.0071559
5.46376	0.00300109
5.464	-0.0033569
5.46425	-0.00908229
5.46449	-0.00857272
5.46474	0.000144388
5.46498	0.00733705
5.46523	0.0026902
5.46547	-0.00765066
5.46572	-0.00947654
5.46596	-0.00388797
5.46621	-0.00501947
5.46645	-0.0142351
5.46669	-0.0163291
5.46694	-0.00606602
5.46718	0.00130069
5.46743	-0.00518237
5.46767	-0.0149541
5.46792	-0.0152054
5.46816	-0.0112084
5.46841	-0.0133031
5.46865	-0.017249
5.4689	-0.0135121
5.46914	-0.00556337
5.46939	-0.00274334
5.46963	-0.00327954
5.46987	-0.000199431
5.47012	0.00348392
5.47036	0.0017759
5.47061	0.000681056
5.47085	0.00828821
5.4711	0.0158315
5.47134	0.00883788
5.47159	-0.00612578
5.47183	-0.0078432
5.47208	0.00588607
5.47232	0.0136986
5.47257	0.00481967
5.47281	-0.00447711
5.47305	0.00133525
5.4733	0.0125775
5.47354	0.0124157
5.47379	0.00427049
5.47403	0.00386829
5.47428	0.0135317
5.47452	0.0220144
5.47477	0.0251535
5.47501	0.0299196
5.47526	0.0384022
5.4755	0.0426628
5.47574	0.0389857
5.47599	0.0356864
5.47623	0.0408507
5.47648	0.0500649
5.47672	0.0531329
5.47697	0.048647
5.47721	0.0448465
5.47746	0.0471483
5.4777	0.05161
5.47795	0.0528814
5.47819	0.0528107
5.47844	0.0556335
5.47868	0.0582485
5.47892	0.0536505
5.47917	0.0438387
5.47941	0.0395091
5.47966	0.0435957
5.4799	0.0452853
5.48015	0.0371243
5.48039	0.027964
5.48064	0.0284221
5.48088	0.0323403
5.48113	0.0268914
5.48137	0.0150172
5.48162	0.0109369
5.48186	0.0158503
5.4821	0.0162
5.48235	0.00714345
5.48259	-0.000476419
5.48284	-0.000515904
5.48308	-0.000638125
5.48333	-0.00435242
5.48357	-0.00217096
5.48382	0.00879651
5.48406	0.0135483
5.48431	0.00186919
5.48455	-0.0117291
5.4848	-0.00786474
5.48504	0.00799953
5.48528	0.0139225
5.48553	0.00347863
5.48577	-0.00868
5.48602	-0.0108243
5.48626	-0.00685984
5.48651	-0.00419517
5.48675	-0.00322534
5.487	-0.00194041
5.48724	-0.000462996
5.48749	0.00162463
5.48773	0.00449809
5.48797	0.00448471
5.48822	-0.000769028
5.48846	-0.00479407
5.48871	0.000278046
5.48895	0.00944198
5.4892	0.00916506
5.48944	-0.00259216
5.48969	-0.0118188
5.48993	-0.00764745
5.49018	0.00343313
5.49042	0.00784131
5.49067	0.00202921
5.49091	-0.00631504
5.49115	-0.00932289
5.4914	-0.00618112
5.49164	-0.00199738
5.49189	-0.00249362
5.49213	-0.00808207
5.49238	-0.0124177
5.49262	-0.00934901
5.49287	-0.000702433
5.49311	0.00637479
5.49336	0.00860265
5.4936	0.0081539
5.49385	0.00632083
5.49409	0.0019748
5.49433	-0.00351858
5.49458	-0.00625885
5.49482	-0.00562333
5.49507	-0.00427961
5.49531	-0.00205833
5.49556	0.00327885
5.4958	0.00831913
5.49605	0.00551961
5.49629	-0.00430793
5.49654	-0.00925974
5.49678	-0.00186916
5.49703	0.00927861
5.49727	0.0107251
5.49751	0.00231665
5.49776	-0.00416285
5.498	-0.00236147
5.49825	0.00156918
5.49849	0.000424749
5.49874	-0.00354327
5.49898	-0.00385011
5.49923	-0.000122755
5.49947	0.00274861
5.49972	0.00316161
5.49996	0.00396379
5.5002	0.00524514
5.50045	0.00284991
5.50069	-0.00338593
5.50094	-0.00631636
5.50118	-0.00159995
5.50143	0.00403907
5.50167	0.00199344
5.50192	-0.0043021
5.50216	-0.00403211
5.50241	0.00341357
5.50265	0.00620765
5.5029	-0.00200475
5.50314	-0.0121075
5.50338	-0.0127924
5.50363	-0.00560689
5.50387	8.54712e-05
5.50412	0.000697503
5.50436	-0.000674972
5.50461	-0.00247723
5.50485	-0.00605504
5.5051	-0.0108262
5.50534	-0.0138948
5.50559	-0.013323
5.50583	-0.00862584
5.50608	-0.00106508
5.50632	0.00402596
5.50656	0.000393781
5.50681	-0.00983586
5.50705	-0.0157342
5.5073	-0.0112013
5.50754	-0.00326274
5.50779	-0.0015102
5.50803	-0.00533399
5.50828	-0.00771785
5.50852	-0.00585803
5.50877	-0.00159104
5.50901	0.00305071
5.50926	0.00474452
5.5095	-8.48706e-05
5.50974	-0.00732864
5.50999	-0.00678338
5.51023	0.00159194
5.51048	0.00389847
5.51072	-0.00574557
5.51097	-0.0122561
5.51121	-0.0027496
5.51146	0.00986704
5.5117	0.00592531
5.51195	-0.0079651
5.51219	-0.00871802
5.51243	0.00512911
5.51268	0.0114359
5.51292	0.00167
5.51317	-0.00670777
5.51341	-0.00220659
5.51366	0.00182708
5.5139	-0.00661446
5.51415	-0.0151225
5.51439	-0.00815487
5.51464	0.00479464
5.51488	0.00334177
5.51513	-0.0106462
5.51537	-0.0150346
5.51561	-0.000335986
5.51586	0.0172289
5.5161	0.0185119
5.51635	0.00447749
5.51659	-0.00880196
5.51684	-0.0103761
5.51708	-0.00363422
5.51733	0.00176308
5.51757	0.00197071
5.51782	0.00103411
5.51806	0.00273743
5.51831	0.00505545
5.51855	0.00518694
5.51879	0.00537341
5.51904	0.00826478
5.51928	0.0104676
5.51953	0.00810836
5.51977	0.00555377
5.52002	0.00943061
5.52026	0.0160914
5.52051	0.0155144
5.52075	0.00702064
5.521	0.000167597
5.52124	-0.000248006
5.52149	0.00114539
5.52173	0.00128285
5.52197	0.00228685
5.52222	0.00283877
5.52246	-0.00109333
5.52271	-0.00489424
5.52295	0.000976742
5.5232	0.0124569
5.52344	0.0130341
5.52369	-0.00042359
5.52393	-0.00958783
5.52418	-0.00205683
5.52442	0.00904359
5.52466	0.00600597
5.52491	-0.00645202
5.52515	-0.0110804
5.5254	-0.00509439
5.52564	-0.000153133
5.52589	-0.00124777
5.52613	-0.00225963
5.52638	-0.000349901
5.52662	-6.95515e-05
5.52687	-0.00281457
5.52711	-0.00405094
5.52736	-0.00223969
5.5276	-0.00133934
5.52784	-0.0035616
5.52809	-0.0068308
5.52833	-0.00913417
5.52858	-0.00910778
5.52882	-0.00404195
5.52907	0.00585716
5.52931	0.0131785
5.52956	0.0107715
5.5298	0.00228308
5.53005	-0.0020253
5.53029	0.000670277
5.53054	0.00304285
5.53078	-0.000668749
5.53102	-0.0067232
5.53127	-0.00755209
5.53151	-0.00125941
5.53176	0.00640368
5.532	0.00796106
5.53225	0.00189574
5.53249	-0.00510252
5.53274	-0.00504165
5.53298	0.00221269
5.53323	0.00953563
5.53347	0.0120144
5.53372	0.0112225
5.53396	0.00983417
5.5342	0.00780917
5.53445	0.00536409
5.53469	0.00407164
5.53494	0.00372702
5.53518	0.00362517
5.53543	0.00662864
5.53567	0.0143913
5.53592	0.0194934
5.53616	0.0131694
5.53641	0.00140581
5.53665	-0.000143867
5.53689	0.00950529
5.53714	0.0127383
5.53738	0.000598674
5.53763	-0.0116602
5.53787	-0.00744923
5.53812	0.00644515
5.53836	0.0122515
5.53861	0.0075365
5.53885	0.00334756
5.5391	0.00373392
5.53934	0.00362005
5.53959	0.00280909
5.53983	0.00638717
5.54007	0.0124107
5.54032	0.0127515
5.54056	0.00643892
5.54081	0.00110625
5.54105	0.000953737
5.5413	0.00267658
5.54154	0.00326283
5.54179	0.00361639
5.54203	0.00476588
5.54228	0.0071757
5.54252	0.0122655
5.54277	0.0188021
5.54301	0.0210027
5.54325	0.0162039
5.5435	0.00999357
5.54374	0.00747463
5.54399	0.0054239
5.54423	0.000512558
5.54448	-0.00188313
5.54472	0.00314026
5.54497	0.00874524
5.54521	0.00573797
5.54546	-0.00202341
5.5457	-0.00351703
5.54595	0.0023482
5.54619	0.00753466
5.54643	0.00927489
5.54668	0.0113895
5.54692	0.0136927
5.54717	0.0121737
5.54741	0.00840898
5.54766	0.00783512
5.5479	0.00994468
5.54815	0.0101695
5.54839	0.00933975
5.54864	0.0111551
5.54888	0.0130045
5.54913	0.0100071
5.54937	0.00541339
5.54961	0.00593852
5.54986	0.00947643
5.5501	0.00879961
5.55035	0.00468665
5.55059	0.00348143
5.55084	0.00439007
5.55108	0.00191427
5.55133	-0.00118698
5.55157	0.00330332
5.55182	0.0141401
5.55206	0.020975
5.5523	0.019241
5.55255	0.0134641
5.55279	0.00747083
5.55304	0.00288544
5.55328	0.00449649
5.55353	0.0140937
5.55377	0.0216246
5.55402	0.0163865
5.55426	0.004394
5.55451	1.5107e-05
5.55475	0.00342232
5.555	0.0029996
5.55524	-0.00226693
5.55548	-0.00159648
5.55573	0.0066376
5.55597	0.0119202
5.55622	0.0108371
5.55646	0.0102852
5.55671	0.010005
5.55695	0.00249956
5.5572	-0.00682322
5.55744	-0.00199728
5.55769	0.015168
5.55793	0.0222551
5.55818	0.0108499
5.55842	0.000965264
5.55866	0.00827036
5.55891	0.0190474
5.55915	0.0148634
5.5594	0.00305899
5.55964	0.00212909
5.55989	0.0108265
5.56013	0.0135218
5.56038	0.00743908
5.56062	0.00395097
5.56087	0.00725555
5.56111	0.00970044
5.56136	0.00688491
5.5616	0.00324959
5.56184	0.00313509
5.56209	0.00674011
5.56233	0.013455
5.56258	0.0209091
5.56282	0.0238034
5.56307	0.0209237
5.56331	0.0186243
5.56356	0.0204732
5.5638	0.0201242
5.56405	0.0128123
5.56429	0.00658478
5.56453	0.0116201
5.56478	0.0240888
5.56502	0.0313767
5.56527	0.02906
5.56551	0.0226148
5.56576	0.0163147
5.566	0.010658
5.56625	0.00784814
5.56649	0.0100581
5.56674	0.0138988
5.56698	0.0145675
5.56723	0.0133922
5.56747	0.0143181
5.56771	0.0158473
5.56796	0.013714
5.5682	0.00915853
5.56845	0.00806827
5.56869	0.0137286
5.56894	0.024579
5.56918	0.035565
5.56943	0.038765
5.56967	0.0293313
5.56992	0.0149138
5.57016	0.0107827
5.57041	0.019844
5.57065	0.0270823
5.57089	0.0213639
5.57114	0.0119564
5.57138	0.01271
5.57163	0.0202896
5.57187	0.022361
5.57212	0.01956
5.57236	0.0229223
5.57261	0.0333218
5.57285	0.0392863
5.5731	0.0346647
5.57334	0.0254516
5.57359	0.0195263
5.57383	0.0207359
5.57407	0.0309912
5.57432	0.0462829
5.57456	0.0533335
5.57481	0.0437516
5.57505	0.0292842
5.5753	0.0279418
5.57554	0.0366463
5.57579	0.0357822
5.57603	0.0223138
5.57628	0.0175208
5.57652	0.0340012
5.57676	0.0544923
5.57701	0.0571891
5.57725	0.0467725
5.5775	0.042756
5.57774	0.0472791
5.57799	0.0450544
5.57823	0.03232
5.57848	0.0253498
5.57872	0.0353655
5.57897	0.0511996
5.57921	0.056446
5.57946	0.052651
5.5797	0.0531118
5.57994	0.0597007
5.58019	0.0602572
5.58043	0.0498172
5.58068	0.0414666
5.58092	0.049157
5.58117	0.067787
5.58141	0.0793923
5.58166	0.0756364
5.5819	0.0657561
5.58215	0.063243
5.58239	0.0721051
5.58264	0.086674
5.58288	0.0985105
5.58312	0.102452
5.58337	0.100978
5.58361	0.102867
5.58386	0.112755
5.5841	0.123585
5.58435	0.125976
5.58459	0.122857
5.58484	0.12529
5.58508	0.1348
5.58533	0.141796
5.58557	0.143085
5.58582	0.147709
5.58606	0.160568
5.5863	0.173268
5.58655	0.178814
5.58679	0.183721
5.58704	0.196141
5.58728	0.212214
5.58753	0.224808
5.58777	0.23674
5.58802	0.253578
5.58826	0.27098
5.58851	0.281976
5.58875	0.291091
5.58899	0.308071
5.58924	0.331238
5.58948	0.349824
5.58973	0.361032
5.58997	0.373194
5.59022	0.392749
5.59046	0.41836
5.59071	0.447646
5.59095	0.480476
5.5912	0.515204
5.59144	0.549153
5.59169	0.583314
5.59193	0.621923
5.59217	0.669052
5.59242	0.728522
5.59266	0.801668
5.59291	0.881737
5.59315	0.959827
5.5934	1.04236
5.59364	1.15079
5.59389	1.29461
5.59413	1.4587
5.59438	1.6319
5.59462	1.83336
5.59487	2.08972
5.59511	2.39813
5.59535	2.73889
5.5956	3.1185
5.59584	3.57045
5.59609	4.11211
5.59633	4.73004
5.59658	5.41293
5.59682	6.16876
5.59707	6.99498
5.59731	7.85589
5.59756	8.70514
5.5978	9.51008
5.59805	10.2382
5.59829	10.8414
5.59853	11.2774
5.59878	11.5358
5.59902	11.6254
5.59927	11.5468
5.59951	11.2999
5.59976	10.9058
5.6	10.3966
5.60025	9.78526
5.60049	9.06729
5.60074	8.25183
5.60098	7.37373
5.60122	6.47262
5.60147	5.57757
5.60171	4.71645
5.60196	3.92355
5.6022	3.22796
5.60245	2.6422
5.60269	2.16699
5.60294	1.7974
5.60318	1.51834
5.60343	1.30282
5.60367	1.12519
5.60392	0.976032
5.60416	0.85927
5.6044	0.775309
5.60465	0.710934
5.60489	0.647721
5.60514	0.578869
5.60538	0.513889
5.60563	0.463942
5.60587	0.426274
5.60612	0.389733
5.60636	0.353107
5.60661	0.326488
5.60685	0.312042
5.6071	0.296606
5.60734	0.271523
5.60758	0.248133
5.60783	0.240922
5.60807	0.243438
5.60832	0.236217
5.60856	0.214945
5.60881	0.195127
5.60905	0.188062
5.6093	0.186215
5.60954	0.176645
5.60979	0.158464
5.61003	0.141485
5.61028	0.13398
5.61052	0.135704
5.61076	0.138997
5.61101	0.135449
5.61125	0.124787
5.6115	0.115585
5.61174	0.112963
5.61199	0.110119
5.61223	0.0997886
5.61248	0.0888601
5.61272	0.0894928
5.61297	0.0984212
5.61321	0.0998218
5.61345	0.0897374
5.6137	0.0821736
5.61394	0.0860321
5.61419	0.0907695
5.61443	0.0836951
5.61468	0.0694797
5.61492	0.0614963
5.61517	0.062281
5.61541	0.0640078
5.61566	0.0629019
5.6159	0.0621534
5.61615	0.0629833
5.61639	0.062037
5.61663	0.057316
5.61688	0.050812
5.61712	0.0459609
5.61737	0.0458884
5.61761	0.0512236
5.61786	0.0565342
5.6181	0.0537579
5.61835	0.043308
5.61859	0.0361359
5.61884	0.039536
5.61908	0.0468975
5.61933	0.0480615
5.61957	0.0438614
5.61981	0.0422329
5.62006	0.0448994
5.6203	0.0470838
5.62055	0.0468014
5.62079	0.0451406
5.62104	0.0403033
5.62128	0.031174
5.62153	0.0245194
5.62177	0.0279614
5.62202	0.0366041
5.62226	0.0375569
5.62251	0.0284454
5.62275	0.0204764
5.62299	0.0209607
5.62324	0.0237307
5.62348	0.0212918
5.62373	0.0164648
5.62397	0.0153738
5.62422	0.0165244
5.62446	0.0145131
5.62471	0.00978242
5.62495	0.00761295
5.6252	0.00998481
5.62544	0.0140592
5.62569	0.0171014
5.62593	0.0186399
5.62617	0.0189342
5.62642	0.018475
5.62666	0.0179484
5.62691	0.0167649
5.62715	0.0133588
5.6274	0.00859981
5.62764	0.00660458
5.62789	0.0100872
5.62813	0.0166106
5.62838	0.0210533
5.62862	0.0204271
5.62886	0.0155204
5.62911	0.00963502
5.62935	0.00636863
5.6296	0.00692416
5.62984	0.00924729
5.63009	0.0108336
5.63033	0.0111946
5.63058	0.0101625
5.63082	0.00688155
5.63107	0.00356128
5.63131	0.0060366
5.63156	0.0150805
5.6318	0.0213023
5.63204	0.0165207
5.63229	0.00699374
5.63253	0.00564417
5.63278	0.0132106
5.63302	0.0185713
5.63327	0.0172874
5.63351	0.0163123
5.63376	0.0179319
5.634	0.0136665
5.63425	0.000656143
5.63449	-0.00911102
5.63474	-0.00527967
5.63498	0.00563696
5.63522	0.0114502
5.63547	0.0116278
5.63571	0.0127908
5.63596	0.0147576
5.6362	0.0128931
5.63645	0.00898895
5.63669	0.00844305
5.63694	0.0101289
5.63718	0.00885884
5.63743	0.00476874
5.63767	0.00184279
5.63792	0.000887397
5.63816	0.00158276
5.6384	0.00619526
5.63865	0.0132468
5.63889	0.0143388
5.63914	0.00683919
5.63938	0.00192088
5.63963	0.00825076
5.63987	0.015855
5.64012	0.0108749
5.64036	-0.000966452
5.64061	-0.00336876
5.64085	0.00328072
5.64109	0.00389898
5.64134	-0.00390996
5.64158	-0.00609305
5.64183	0.00212421
5.64207	0.00823462
5.64232	0.00568523
5.64256	0.00454375
5.64281	0.0103655
5.64305	0.0118496
5.6433	0.00145223
5.64354	-0.00861421
5.64379	-0.00532015
5.64403	0.00380633
5.64427	0.00341552
5.64452	-0.00594901
5.64476	-0.0119275
5.64501	-0.0102337
5.64525	-0.00602914
5.6455	-0.00129459
5.64574	0.00551188
5.64599	0.0109879
5.64623	0.00982108
5.64648	0.00357274
5.64672	-0.00260827
5.64697	-0.00764723
5.64721	-0.0106193
5.64745	-0.0059391
5.6477	0.00705922
5.64794	0.0163795
5.64819	0.0114705
5.64843	-0.000236008
5.64868	-0.00352264
5.64892	0.00275301
5.64917	0.00745334
5.64941	0.00639264
5.64966	0.00455277
5.6499	0.00201291
5.65015	-0.00567656
5.65039	-0.013294
5.65063	-0.00922646
5.65088	0.0045456
5.65112	0.0121379
5.65137	0.0079846
5.65161	0.00537416
5.65186	0.0138063
5.6521	0.0228462
5.65235	0.0186022
5.65259	0.00425261
5.65284	-0.00697034
5.65308	-0.00998929
5.65332	-0.00831824
5.65357	-0.00422751
5.65381	0.000510366
5.65406	0.000375922
5.6543	-0.00650653
5.65455	-0.011838
5.65479	-0.00842045
5.65504	-0.0028772
5.65528	-0.00570612
5.65553	-0.0129237
5.65577	-0.0108127
5.65602	0.00253455
5.65626	0.0137652
5.6565	0.0134438
5.65675	0.00655278
5.65699	0.00121103
5.65724	-0.00154283
5.65748	-0.00250775
5.65773	0.000471622
5.65797	0.006165
5.65822	0.00768493
5.65846	0.00276795
5.65871	-0.00147576
5.65895	-0.000177363
5.6592	0.00118012
5.65944	-0.00243846
5.65968	-0.0052682
5.65993	-0.00112084
5.66017	0.00335911
5.66042	-0.00162193
5.66066	-0.0107608
5.66091	-0.0095784
5.66115	0.00256099
5.6614	0.0102427
5.66164	0.00551303
5.66189	-0.000432365
5.66213	0.00447155
5.66238	0.0146818
5.66262	0.0160465
5.66286	0.00585372
5.66311	-0.00546403
5.66335	-0.00871453
5.6636	-0.00418258
5.66384	0.00227056
5.66409	0.00512871
5.66433	0.00216525
5.66458	-0.00425669
5.66482	-0.00934357
5.66507	-0.0107364
5.66531	-0.00911243
5.66555	-0.00442019
5.6658	0.0029415
5.66604	0.00709643
5.66629	0.00127445
5.66653	-0.00982371
5.66678	-0.0116817
5.66702	0.000727631
5.66727	0.0143244
5.66751	0.0155066
5.66776	0.00746565
5.668	0.00148591
5.66825	-0.000203894
5.66849	-0.00194159
5.66873	-0.00250959
5.66898	0.00165671
5.66922	0.00606842
5.66947	0.00390114
5.66971	-0.0014231
5.66996	-0.00184185
5.6702	0.000435418
5.67045	-0.00298335
5.67069	-0.0099782
5.67094	-0.00969032
5.67118	-0.000673053
5.67143	0.00666052
5.67167	0.00651929
5.67191	0.00345976
5.67216	0.000818863
5.6724	-0.00296992
5.67265	-0.00534643
5.67289	-0.00122642
5.67314	0.0044021
5.67338	0.00056238
5.67363	-0.0101235
5.67387	-0.0120651
5.67412	-0.00153266
5.67436	0.00618552
5.67461	0.00145948
5.67485	-0.00519213
5.67509	-0.00326778
5.67534	-8.26397e-05
5.67558	-0.00490825
5.67583	-0.010056
5.67607	-0.00437001
5.67632	0.00533757
5.67656	0.00411562
5.67681	-0.00674022
5.67705	-0.0122325
5.6773	-0.00694011
5.67754	-0.000165667
5.67778	0.000601878
5.67803	-0.00251883
5.67827	-0.00643361
5.67852	-0.0111948
5.67876	-0.0142632
5.67901	-0.0109888
5.67925	-0.00305545
5.6795	0.00134327
5.67974	-0.00219801
5.67999	-0.00897192
5.68023	-0.010925
5.68048	-0.00441029
5.68072	0.00677183
5.68096	0.0138776
5.68121	0.0118225
5.68145	0.00662999
5.6817	0.00829728
5.68194	0.0148487
5.68219	0.0135119
5.68243	0.00188872
5.68268	-0.00489329
5.68292	0.00294419
5.68317	0.0128518
5.68341	0.00929856
5.68366	-0.00119912
5.6839	-0.00189528
5.68414	0.00538759
5.68439	0.00385883
5.68463	-0.00871764
5.68488	-0.0152823
5.68512	-0.00682832
5.68537	0.00437314
5.68561	0.0050511
5.68586	-0.00117302
5.6861	-0.00402713
5.68635	-0.00223128
5.68659	-0.000283011
5.68684	0.00114544
5.68708	0.00344634
5.68732	0.00529379
5.68757	0.00573319
5.68781	0.00647585
5.68806	0.00697369
5.6883	0.00352149
5.68855	-0.00308651
5.68879	-0.00632607
5.68904	-0.00448112
5.68928	-0.00460731
5.68953	-0.0105644
5.68977	-0.0148295
5.69001	-0.00963433
5.69026	-9.59862e-05
5.6905	0.00263602
5.69075	-0.00212106
5.69099	-0.00393878
5.69124	0.00341634
5.69148	0.013867
5.69173	0.0180932
5.69197	0.0149502
5.69222	0.0102799
5.69246	0.00735642
5.69271	0.00312753
5.69295	-0.00529162
5.69319	-0.0136424
5.69344	-0.0139802
5.69368	-0.00540843
5.69393	0.00267873
5.69417	0.00128679
5.69442	-0.00662925
5.69466	-0.00963579
5.69491	-0.0024174
5.69515	0.00741252
5.6954	0.00860148
5.69564	-0.000473679
5.69589	-0.0102691
5.69613	-0.0111938
5.69637	-0.00416792
5.69662	0.00156894
5.69686	0.00058831
5.69711	-0.00234555
5.69735	-0.000684826
5.6976	0.00300251
5.69784	0.000964328
5.69809	-0.00651472
5.69833	-0.0104024
5.69858	-0.00694573
5.69882	-0.00347122
5.69907	-0.00597186
5.69931	-0.00930924
5.69955	-0.00628076
5.6998	0.000525554
5.70004	0.00369059
5.70029	0.00240295
5.70053	0.00083708
5.70078	-0.000657542
5.70102	-0.0042829
5.70127	-0.00775454
5.70151	-0.00680042
5.70176	-0.0027102
5.702	3.27781e-05
5.70225	0.00150848
5.70249	0.00438153
5.70273	0.00646267
5.70298	0.00348019
5.70322	-0.00220704
5.70347	-0.00399388
5.70371	-0.00139055
5.70396	0.000292739
5.7042	0.000321515
5.70445	0.00369976
5.70469	0.0105502
5.70494	0.0129921
5.70518	0.00633384
5.70542	-0.00300349
5.70567	-0.00529201
5.70591	0.000534446
5.70616	0.0066339
5.7064	0.00628095
5.70665	0.00122172
5.70689	-0.00134155
5.70714	0.00184147
5.70738	0.00567902
5.70763	0.00400342
5.70787	-0.000709516
5.70812	-0.00051713
5.70836	0.00526597
5.7086	0.00830807
5.70885	0.00471016
5.70909	0.00156969
5.70934	0.00502434
5.70958	0.0101489
5.70983	0.00996782
5.71007	0.00698653
5.71032	0.00701784
5.71056	0.00809637
5.71081	0.00555511
5.71105	0.00288507
5.7113	0.00658621
5.71154	0.0135775
5.71178	0.0147626
5.71203	0.00960378
5.71227	0.00709765
5.71252	0.0126168
5.71276	0.0222767
5.71301	0.0302084
5.71325	0.0343288
5.7135	0.035537
5.71374	0.036947
5.71399	0.0420374
5.71423	0.0487854
5.71448	0.0498911
5.71472	0.0442134
5.71496	0.0415892
5.71521	0.0489114
5.71545	0.0586928
5.7157	0.0608285
5.71594	0.0580991
5.71619	0.0585144
5.71643	0.0597158
5.71668	0.0549367
5.71692	0.0483339
5.71717	0.0485066
5.71741	0.0509326
5.71765	0.0439008
5.7179	0.0299633
5.71814	0.023828
5.71839	0.0283013
5.71863	0.0297107
5.71888	0.0205091
5.71912	0.0105219
5.71937	0.0103522
5.71961	0.0168133
5.71986	0.0207335
5.7201	0.018827
5.72035	0.0130796
5.72059	0.00677187
5.72083	0.00387858
5.72108	0.00496668
5.72132	0.00387847
5.72157	-0.00324813
5.72181	-0.00856638
5.72206	-0.00332204
5.7223	0.0055232
5.72255	0.00386849
5.72279	-0.00670656
5.72304	-0.0112612
5.72328	-0.006097
5.72353	-0.00304746
5.72377	-0.00734057
5.72401	-0.0096759
5.72426	-0.00489138
5.7245	-0.00088198
5.72475	-0.00256539
5.72499	-0.00322418
5.72524	0.00110503
5.72548	0.00362576
5.72573	0.000303905
5.72597	-0.00294296
5.72622	-0.00342532
5.72646	-0.00752652
5.72671	-0.0159665
5.72695	-0.017806
5.72719	-0.00767227
5.72744	0.00456536
5.72768	0.00967707
5.72793	0.0111848
5.72817	0.013201
5.72842	0.0103372
5.72866	0.000128411
5.72891	-0.00733608
5.72915	-0.0037423
5.7294	0.00378976
5.72964	0.00389163
5.72988	-0.00304887
5.73013	-0.00892129
5.73037	-0.00946101
5.73062	-0.00461221
5.73086	0.00390668
5.73111	0.00992143
5.73135	0.00738583
5.7316	0.00117734
5.73184	0.00130597
5.73209	0.00445698
5.73233	-0.0020856
5.73258	-0.0149261
5.73282	-0.0142638
5.73306	0.00328457
5.73331	0.0147349
5.73355	0.00612197
5.7338	-0.00533108
5.73404	-0.0014068
5.73429	0.0069977
5.73453	0.00174726
5.73478	-0.00984396
5.73502	-0.00982746
5.73527	-0.00228061
5.73551	-0.00380228
5.73576	-0.0117025
5.736	-0.00948347
5.73624	0.00199356
5.73649	0.00580484
5.73673	-0.00121635
5.73698	-0.00521442
5.73722	-0.00153649
5.73747	-0.000262822
5.73771	-0.00370791
5.73796	-0.00101022
5.7382	0.0103918
5.73845	0.0178743
5.73869	0.0139096
5.73894	0.00613386
5.73918	0.00171818
5.73942	-0.00251507
5.73967	-0.00852667
5.73991	-0.0100927
5.74016	-0.00423818
5.7404	0.00216927
5.74065	0.00337854
5.74089	0.00232119
5.74114	0.00240686
5.74138	0.00142645
5.74163	-0.00156048
5.74187	-0.002047
5.74211	0.00226162
5.74236	0.0065664
5.7426	0.00584303
5.74285	0.00116376
5.74309	-0.00341397
5.74334	-0.00534408
5.74358	-0.00363262
5.74383	0.00102484
5.74407	0.0054919
5.74432	0.00713022
5.74456	0.00658719
5.74481	0.0048794
5.74505	0.00120479
5.74529	-0.00293214
5.74554	-0.00311295
5.74578	-0.000369836
5.74603	-0.00286424
5.74627	-0.0124262
5.74652	-0.0175973
5.74676	-0.00934832
5.74701	0.00416672
5.74725	0.00925242
5.7475	0.00553416
5.74774	0.00150631
5.74799	-0.000908665
5.74823	-0.00364944
5.74847	-0.00182854
5.74872	0.00821783
5.74896	0.0159594
5.74921	0.00921138
5.74945	-0.00406122
5.7497	-0.00454481
5.74994	0.0096711
5.75019	0.021362
5.75043	0.0209922
5.75068	0.0168628
5.75092	0.0166459
5.75117	0.0166803
5.75141	0.0137879
5.75165	0.0119503
5.7519	0.0125269
5.75214	0.0115025
5.75239	0.00978783
5.75263	0.0126922
5.75288	0.0170079
5.75312	0.0136227
5.75337	0.00540682
5.75361	0.00592853
5.75386	0.016388
5.7541	0.0213225
5.75434	0.0136287
5.75459	0.0063892
5.75483	0.0107723
5.75508	0.018196
5.75532	0.0156475
5.75557	0.00514766
5.75581	-0.00380387
5.75606	-0.00954445
5.7563	-0.0141142
5.75655	-0.0138077
5.75679	-0.00601816
5.75704	0.00215672
5.75728	0.0030767
5.75752	-5.19351e-06
5.75777	0.000192406
5.75801	0.0033557
5.75826	0.00533922
5.7585	0.00648005
5.75875	0.00756896
5.75899	0.00471865
5.75924	-0.00289012
5.75948	-0.00728767
5.75973	-0.00284933
5.75997	0.00408894
5.76022	0.00621442
5.76046	0.00769461
5.7607	0.0139238
5.76095	0.0166727
5.76119	0.00495783
5.76144	-0.0132006
5.76168	-0.0167926
5.76193	-0.0008773
5.76217	0.0153372
5.76242	0.014151
5.76266	0.000853507
5.76291	-0.00725819
5.76315	-0.00373209
5.7634	0.00386077
5.76364	0.00743986
5.76388	0.00560356
5.76413	-0.000223534
5.76437	-0.00775019
5.76462	-0.0111217
5.76486	-0.00415497
5.76511	0.0101627
5.76535	0.0193391
5.7656	0.0156901
5.76584	0.00655016
5.76609	0.00380251
5.76633	0.00714185
5.76657	0.00703653
5.76682	0.00240667
5.76706	0.00269866
5.76731	0.00967813
5.76755	0.0109059
5.7678	-0.000506076
5.76804	-0.0116633
5.76829	-0.00761116
5.76853	0.00559339
5.76878	0.00994932
5.76902	0.00199526
5.76927	-0.0051957
5.76951	-0.0038298
5.76975	0.000424685
5.77	0.00233498
5.77024	0.00449549
5.77049	0.00840057
5.77073	0.0107499
5.77098	0.0112535
5.77122	0.0128418
5.77147	0.0127414
5.77171	0.0055876
5.77196	-0.00335101
5.7722	-0.00198609
5.77245	0.00890347
5.77269	0.0145781
5.77293	0.00920937
5.77318	0.00450133
5.77342	0.00903633
5.77367	0.0143918
5.77391	0.0110857
5.77416	0.00444688
5.7744	0.00345273
5.77465	0.00533181
5.77489	0.00298761
5.77514	-0.0017049
5.77538	-0.00310433
5.77563	-0.00200655
5.77587	-0.000745032
5.77611	0.00335243
5.77636	0.0100154
5.7766	0.0109241
5.77685	0.00281787
5.77709	-0.00408768
5.77734	-0.00179595
5.77758	0.00202608
5.77783	-0.000882313
5.77807	-0.00237491
5.77832	0.00761278
5.77856	0.0196289
5.7788	0.0176816
5.77905	0.00717522
5.77929	0.00833558
5.77954	0.0240691
5.77978	0.0359178
5.78003	0.0333685
5.78027	0.0268024
5.78052	0.0268778
5.78076	0.0294668
5.78101	0.0276635
5.78125	0.0230032
5.7815	0.017953
5.78174	0.0113894
5.78198	0.00759426
5.78223	0.0150012
5.78247	0.0289909
5.78272	0.0313237
5.78296	0.0160373
5.78321	0.0012259
5.78345	0.00365736
5.7837	0.0153314
5.78394	0.0186892
5.78419	0.0127084
5.78443	0.00798344
5.78468	0.00590757
5.78492	0.000625302
5.78516	-0.00487065
5.78541	-0.00284538
5.78565	0.0026487
5.7859	0.000902402
5.78614	-0.00601169
5.78639	-0.00667239
5.78663	-0.00215372
5.78688	-0.00497823
5.78712	-0.0144286
5.78737	-0.0136739
5.78761	0.00192838
5.78786	0.0135949
5.7881	0.00697602
5.78834	-0.00627265
5.78859	-0.00864896
5.78883	-0.00338383
5.78908	-0.00399274
5.78932	-0.00916084
5.78957	-0.00749209
5.78981	-9.70186e-05
5.79006	0.00149359
5.7903	-0.00322939
5.79055	-0.00359613
5.79079	0.00130147
5.79104	0.000131871
5.79128	-0.00956482
5.79152	-0.0152789
5.79177	-0.00977941
5.79201	-0.00187127
5.79226	-2.49998e-05
5.7925	0.000500343
5.79275	0.00564118
5.79299	0.0101485
5.79324	0.0073199
5.79348	0.00115871
5.79373	-0.00130328
5.79397	-0.00153319
5.79421	-0.00353277
5.79446	-0.00401495
5.7947	0.00103429
5.79495	0.00616743
5.79519	0.00344004
5.79544	-0.00507009
5.79568	-0.0113904
5.79593	-0.0137928
5.79617	-0.0150075
5.79642	-0.0128228
5.79666	-0.00373058
5.79691	0.00650735
5.79715	0.0073163
5.79739	-0.00181757
5.79764	-0.0106608
5.79788	-0.0127213
5.79813	-0.0113568
5.79837	-0.0106228
5.79862	-0.00911977
5.79886	-0.00574729
5.79911	-0.00413687
5.79935	-0.0071768
5.7996	-0.0114985
5.79984	-0.0110767
5.80009	-0.00454431
5.80033	0.00280523
5.80057	0.0041021
5.80082	-0.00141781
5.80106	-0.00614857
5.80131	-0.00265879
5.80155	0.00558096
5.8018	0.00775686
5.80204	0.00132469
5.80229	-0.00383172
5.80253	-0.00062862
5.80278	0.00472961
5.80302	0.00402138
5.80327	-0.000175369
5.80351	-0.0020454
5.80375	-0.00465156
5.804	-0.0124999
5.80424	-0.0182848
5.80449	-0.0112558
5.80473	0.00382099
5.80498	0.0101349
5.80522	0.00154452
5.80547	-0.0105478
5.80571	-0.0145288
5.80596	-0.0115296
5.8062	-0.00837338
5.80644	-0.00732195
5.80669	-0.00663872
5.80693	-0.00451285
5.80718	5.72898e-05
5.80742	0.00526171
5.80767	0.00557372
5.80791	-0.00136073
5.80816	-0.00864221
5.8084	-0.00799275
5.80865	-0.00163603
5.80889	0.00168687
5.80914	7.86656e-05
5.80938	-0.00142332
5.80962	-0.0016964
5.80987	-0.00378267
5.81011	-0.00582884
5.81036	-0.00327286
5.8106	0.000647912
5.81085	-0.00132859
5.81109	-0.00634202
5.81134	-0.00429283
5.81158	0.00392828
5.81183	0.00548913
5.81207	-0.00343769
5.81232	-0.0101312
5.81256	-0.00518491
5.8128	0.00294806
5.81305	0.00204721
5.81329	-0.00544589
5.81354	-0.00799276
5.81378	-0.00216452
5.81403	0.00485982
5.81427	0.00609461
5.81452	0.00108822
5.81476	-0.00597164
5.81501	-0.00991761
5.81525	-0.00848558
5.8155	-0.00472828
5.81574	-0.0028294
5.81598	-0.00171788
5.81623	0.00211088
5.81647	0.00606215
5.81672	0.00313986
5.81696	-0.00671576
5.81721	-0.0143158
5.81745	-0.0124398
5.8177	-0.003657
5.81794	0.00413434
5.81819	0.00475239
5.81843	-0.00293826
5.81867	-0.012732
5.81892	-0.0142294
5.81916	-0.00538312
5.81941	0.00177656
5.81965	-0.00282233
5.8199	-0.0105156
5.82014	-0.00612304
5.82039	0.00732191
5.82063	0.0126293
5.82088	0.00573236
5.82112	0.000178896
5.82137	0.00268058
5.82161	0.00387123
5.82185	-0.00137086
5.8221	-0.00381424
5.82234	0.00166443
5.82259	0.00547072
5.82283	0.00117474
5.82308	-0.00265382
5.82332	0.000313775
5.82357	0.00112877
5.82381	-0.00733151
5.82406	-0.0151794
5.8243	-0.0120054
5.82455	-0.00526365
5.82479	-0.00644801
5.82503	-0.0106846
5.82528	-0.00705987
5.82552	0.000486898
5.82577	0.000596024
5.82601	-0.00444633
5.82626	-0.00321639
5.8265	0.00382419
5.82675	0.00536225
5.82699	-0.000844413
5.82724	-0.00531807
5.82748	-0.00398486
5.82773	-0.00352638
5.82797	-0.0082017
5.82821	-0.0131881
5.82846	-0.0130751
5.8287	-0.0080828
5.82895	-0.00132019
5.82919	0.002664
5.82944	-0.00195805
5.82968	-0.0155063
5.82993	-0.027771
5.83017	-0.0276705
5.83042	-0.0164341
5.83066	-0.00445978
5.8309	0.00180201
5.83115	0.00268209
5.83139	-0.000499607
5.83164	-0.0050916
5.83188	-0.00473835
5.83213	0.00304163
5.83237	0.00989126
5.83262	0.00678604
5.83286	-0.00177984
5.83311	-0.00402657
5.83335	0.00103521
5.8336	0.00301032
5.83384	-0.00284293
5.83408	-0.00906824
5.83433	-0.00837402
5.83457	-0.00325463
5.83482	-0.000133564
5.83506	-0.000615679
5.83531	-0.00179552
5.83555	-0.00114976
5.8358	0.000933632
5.83604	0.00156939
5.83629	-0.00151228
5.83653	-0.00634188
5.83678	-0.00881553
5.83702	-0.00912738
5.83726	-0.0110424
5.83751	-0.0135066
5.83775	-0.0107558
5.838	-0.00389558
5.83824	-0.0027826
5.83849	-0.0104317
5.83873	-0.0154497
5.83898	-0.00850234
5.83922	0.00268227
5.83947	0.00477305
5.83971	-0.00266204
5.83996	-0.0106639
5.8402	-0.015115
5.84044	-0.0160262
5.84069	-0.0104975
5.84093	0.000365607
5.84118	0.00459712
5.84142	-0.00559118
5.84167	-0.0175454
5.84191	-0.0131751
5.84216	0.00362049
5.8424	0.0117782
5.84265	0.00370957
5.84289	-0.00658874
5.84313	-0.00724746
5.84338	-0.00308649
5.84362	-0.00233654
5.84387	-0.00399918
5.84411	-0.00468666
5.84436	-0.00606929
5.8446	-0.00909203
5.84485	-0.00971051
5.84509	-0.00533521
5.84534	0.00142109
5.84558	0.00758833
5.84583	0.0112682
5.84607	0.00838763
5.84631	-0.00275714
5.84656	-0.0139577
5.8468	-0.0145817
5.84705	-0.00692561
5.84729	-0.00322732
5.84754	-0.00736642
5.84778	-0.0117409
5.84803	-0.0126334
5.84827	-0.0146364
5.84852	-0.0179148
5.84876	-0.0162417
5.84901	-0.0114581
5.84925	-0.0140718
5.84949	-0.0236334
5.84974	-0.0250545
5.84998	-0.0132216
5.85023	-0.00480597
5.85047	-0.0128738
5.85072	-0.024468
5.85096	-0.0200472
5.85121	-0.00429998
5.85145	0.00164645
5.8517	-0.0071052
5.85194	-0.0142547
5.85219	-0.00972296
5.85243	-0.00347034
5.85267	-0.00676982
5.85292	-0.0144099
5.85316	-0.0143505
5.85341	-0.00580888
5.85365	0.00166287
5.8539	0.00229914
5.85414	-0.00100589
5.85439	-0.00396347
5.85463	-0.00578177
5.85488	-0.00631185
5.85512	-0.00422433
5.85536	-0.000554207
5.85561	-1.86049e-05
5.85585	-0.00504498
5.8561	-0.0107937
5.85634	-0.0103613
5.85659	-0.00389641
5.85683	0.00198014
5.85708	0.00332546
5.85732	0.00191686
5.85757	-0.00108356
5.85781	-0.00720257
5.85806	-0.0138524
5.8583	-0.0135478
5.85854	-0.00531137
5.85879	0.000494422
5.85903	-0.00394214
5.85928	-0.0117032
5.85952	-0.0117128
5.85977	-0.00549226
5.86001	-0.00240476
5.86026	-0.00295152
5.8605	-0.000190746
5.86075	0.00427255
5.86099	0.000663597
5.86124	-0.0108062
5.86148	-0.0163938
5.86172	-0.00856165
5.86197	0.00257005
5.86221	0.00391033
5.86246	-0.00411225
5.8627	-0.0121524
5.86295	-0.014519
5.86319	-0.010615
5.86344	-0.00173523
5.86368	0.00656547
5.86393	0.00590099
5.86417	-0.00391317
5.86442	-0.0112286
5.86466	-0.00692313
5.8649	0.00337373
5.86515	0.00843518
5.86539	0.00669981
5.86564	0.00410083
5.86588	0.00210557
5.86613	-0.002085
5.86637	-0.00668172
5.86662	-0.00691631
5.86686	-0.00429469
5.86711	-0.00463264
5.86735	-0.00705091
5.8676	-0.00460798
5.86784	0.00274133
5.86808	0.00562641
5.86833	-0.000523159
5.86857	-0.00747446
5.86882	-0.00640204
5.86906	-0.00117491
5.86931	-0.00156953
5.86955	-0.00759615
5.8698	-0.00974032
5.87004	-0.00385595
5.87029	0.00312273
5.87053	0.00424345
5.87077	0.00149169
5.87102	-0.000332117
5.87126	-0.00202462
5.87151	-0.00624131
5.87175	-0.0101886
5.872	-0.00959685
5.87224	-0.00712857
5.87249	-0.00865112
5.87273	-0.0123727
5.87298	-0.0106198
5.87322	-0.00307176
5.87347	0.00112662
5.87371	-0.00276815
5.87395	-0.00815184
5.8742	-0.00840112
5.87444	-0.00651843
5.87469	-0.00741668
5.87493	-0.00865215
5.87518	-0.00673895
5.87542	-0.00575796
5.87567	-0.0100965
5.87591	-0.0136568
5.87616	-0.00697568
5.8764	0.00717935
5.87665	0.0154159
5.87689	0.0107894
5.87713	7.85164e-05
5.87738	-0.00633166
5.87762	-0.00492634
5.87787	0.000817277
5.87811	0.00487178
5.87836	0.00303244
5.8786	-0.00281783
5.87885	-0.00603676
5.87909	-0.00420898
5.87934	-0.00291836
5.87958	-0.00599736
5.87983	-0.00796654
5.88007	-0.003336
5.88031	0.0029127
5.88056	0.00362372
5.8808	0.00220499
5.88105	0.00541667
5.88129	0.00886429
5.88154	0.00396716
5.88178	-0.00423006
5.88203	-0.00277661
5.88227	0.00634756
5.88252	0.00691968
5.88276	-0.00516355
5.883	-0.0138702
5.88325	-0.00778485
5.88349	0.00323612
5.88374	0.00528171
5.88398	0.000451984
5.88423	-0.00127752
5.88447	0.0007581
5.88472	0.000777134
5.88496	-0.00123932
5.88521	-0.00152622
5.88545	-0.00141804
5.8857	-0.00450535
5.88594	-0.00882556
5.88618	-0.00972072
5.88643	-0.00689653
5.88667	-0.00255666
5.88692	0.00283827
5.88716	0.00724193
5.88741	0.00522026
5.88765	-0.00380479
5.8879	-0.0108546
5.88814	-0.00810568
5.88839	0.000275622
5.88863	0.00485375
5.88888	0.00392736
5.88912	0.00252522
5.88936	0.00236697
5.88961	0.000791206
5.88985	-0.00230926
5.8901	-0.0034539
5.89034	-0.00119238
5.89059	0.00165424
5.89083	0.00102249
5.89108	-0.00487955
5.89132	-0.01308
5.89157	-0.0167467
5.89181	-0.0129228
5.89206	-0.00865813
5.8923	-0.0121398
5.89254	-0.018156
5.89279	-0.0132733
5.89303	0.00236454
5.89328	0.0114947
5.89352	0.00404516
5.89377	-0.00788312
5.89401	-0.00834252
5.89426	0.000727647
5.8945	0.00696089
5.89475	0.00637874
5.89499	0.00241691
5.89523	-0.00475548
5.89548	-0.0144702
5.89572	-0.0186594
5.89597	-0.0124891
5.89621	-0.00522976
5.89646	-0.00682547
5.8967	-0.0110307
5.89695	-0.00738816
5.89719	-0.00223944
5.89744	-0.00852369
5.89768	-0.020064
5.89793	-0.0183634
5.89817	-0.00385259
5.89841	0.00311625
5.89866	-0.00461669
5.8989	-0.0104665
5.89915	-0.00387112
5.89939	0.00247836
5.89964	-0.00267294
5.89988	-0.00792947
5.90013	0.000328672
5.90037	0.0123862
5.90062	0.00993523
5.90086	-0.00402537
5.90111	-0.0103162
5.90135	-0.00325573
5.90159	0.00402189
5.90184	0.00263382
5.90208	-0.00136824
5.90233	-0.00172007
5.90257	-0.00207785
5.90282	-0.00593704
5.90306	-0.0083923
5.90331	-0.00523772
5.90355	-0.00189756
5.9038	-0.00529999
5.90404	-0.0120862
5.90429	-0.0130614
5.90453	-0.0072463
5.90477	-0.00353845
5.90502	-0.00728305
5.90526	-0.0121242
5.90551	-0.00977498
5.90575	-0.0031501
5.906	-0.00235994
5.90624	-0.0090529
5.90649	-0.0139132
5.90673	-0.0120536
5.90698	-0.0107358
5.90722	-0.0150989
5.90746	-0.0161627
5.90771	-0.00470857
5.90795	0.0103454
5.9082	0.0127326
5.90844	0.00403062
5.90869	0.00053944
5.90893	0.00566159
5.90918	0.00539944
5.90942	-0.00458071
5.90967	-0.00863663
5.90991	0.00220055
5.91016	0.0129955
5.9104	0.00884191
5.91064	-0.00117837
5.91089	-0.00186603
5.91113	0.00101935
5.91138	-0.00687453
5.91162	-0.0198077
5.91187	-0.0196246
5.91211	-0.00635295
5.91236	0.00266288
5.9126	0.00159516
5.91285	0.000471241
5.91309	0.00138515
5.91334	-0.00452777
5.91358	-0.0133266
5.91382	-0.00751022
5.91407	0.0128263
5.91431	0.0226819
5.91456	0.00847602
5.9148	-0.0102191
5.91505	-0.010658
5.91529	0.000764622
5.91554	0.00435123
5.91578	-0.00130472
5.91603	-0.00436638
5.91627	-0.00399438
5.91652	-0.00750028
5.91676	-0.0112352
5.917	-0.00590275
5.91725	0.00347704
5.91749	0.0032005
5.91774	-0.00572164
5.91798	-0.00890828
5.91823	-0.00280681
5.91847	0.000967636
5.91872	-0.00313792
5.91896	-0.00676187
5.91921	-0.0045104
5.91945	-0.00247835
5.91969	-0.00484177
5.91994	-0.00620124
5.92018	-0.00306906
5.92043	-0.000308842
5.92067	-0.000342833
5.92092	0.00198646
5.92116	0.00748551
5.92141	0.00729786
5.92165	-0.0027119
5.9219	-0.012549
5.92214	-0.0118338
5.92239	-0.00458079
5.92263	-0.00134857
5.92287	-0.0034738
5.92312	-0.00441532
5.92336	-0.00191629
5.92361	0.000348764
5.92385	0.000940199
5.9241	0.00268772
5.92434	0.00684513
5.92459	0.0101427
5.92483	0.00799628
5.92508	-0.00101314
5.92532	-0.0123027
5.92557	-0.0169154
5.92581	-0.01018
5.92605	0.000622313
5.9263	0.00293887
5.92654	-0.00509471
5.92679	-0.0118685
5.92703	-0.00828857
5.92728	0.000430764
5.92752	0.00371881
5.92777	0.000171624
5.92801	-0.00325485
5.92826	-0.00255514
5.9285	-0.00049316
5.92875	-0.000584216
5.92899	-0.00251696
5.92923	-0.00372842
5.92948	-0.0027137
5.92972	-0.000415972
5.92997	0.00091388
5.93021	0.000545994
5.93046	-0.000106104
5.9307	-0.000877038
5.93095	-0.00382111
5.93119	-0.00756273
5.93144	-0.00530326
5.93168	0.00486984
5.93192	0.0118793
5.93217	0.00388634
5.93241	-0.0132033
5.93266	-0.0209676
5.9329	-0.0127479
5.93315	-0.00074658
5.93339	0.00346543
5.93364	0.00289801
5.93388	0.00455492
5.93413	0.00683176
5.93437	0.00508935
5.93462	0.000668498
5.93486	-0.00304379
5.9351	-0.00596183
5.93535	-0.00689262
5.93559	-0.0022545
5.93584	0.00499074
5.93608	0.00497814
5.93633	-0.00333277
5.93657	-0.0067163
5.93682	0.00252415
5.93706	0.0117864
5.93731	0.00586162
5.93755	-0.00874421
5.9378	-0.0121597
5.93804	0.000232772
5.93828	0.0123753
5.93853	0.0106557
5.93877	-0.000311972
5.93902	-0.00763525
5.93926	-0.00617855
5.93951	-0.00056833
5.93975	0.00291703
5.94	0.0024783
5.94024	0.000793536
5.94049	0.0007243
5.94073	0.00193432
5.94098	0.00345872
5.94122	0.00759164
5.94146	0.0155402
5.94171	0.0204049
5.94195	0.0134761
5.9422	-0.00126415
5.94244	-0.00933492
5.94269	-0.0056161
5.94293	-0.000746625
5.94318	-0.00301188
5.94342	-0.00646926
5.94367	-0.00441702
5.94391	-0.00173458
5.94416	-0.00371649
5.9444	-0.00455978
5.94464	0.00125119
5.94489	0.00701016
5.94513	0.00590881
5.94538	0.00429555
5.94562	0.00867534
5.94587	0.0102815
5.94611	-0.000577814
5.94636	-0.0141549
5.9466	-0.0143027
5.94685	-0.00476368
5.94709	-0.00200025
5.94733	-0.00685348
5.94758	-0.00568253
5.94782	0.00204119
5.94807	0.00102614
5.94831	-0.0117612
5.94856	-0.0188568
5.9488	-0.00996824
5.94905	0.0012081
5.94929	-0.00154835
5.94954	-0.0136465
5.94978	-0.0195067
5.95003	-0.0148395
5.95027	-0.00762083
5.95051	-0.0038475
5.95076	-0.00260338
5.951	-0.00192819
5.95125	-0.00199762
5.95149	-0.00326269
5.95174	-0.00508325
5.95198	-0.00587261
5.95223	-0.00436042
5.95247	-0.00177392
5.95272	-0.000624715
5.95296	0.000367252
5.95321	0.00537002
5.95345	0.0124575
5.95369	0.0129301
5.95394	0.00516906
5.95418	0.000270304
5.95443	0.00556293
5.95467	0.0122136
5.95492	0.0102421
5.95516	0.00564421
5.95541	0.00820411
5.95565	0.0119115
5.9559	0.00525096
5.95614	-0.00657251
5.95639	-0.00931677
5.95663	-0.00396049
5.95687	-0.00266519
5.95712	-0.00519931
5.95736	-0.00193808
5.95761	0.00287822
5.95785	-0.00405641
5.9581	-0.0174662
5.95834	-0.0171346
5.95859	-0.00212113
5.95883	0.00553933
5.95908	-0.00280563
5.95932	-0.00936922
5.95956	-0.00205592
5.95981	0.00704138
5.96005	0.00692708
5.9603	0.00528053
5.96054	0.00637747
5.96079	-0.00245163
5.96103	-0.0236441
5.96128	-0.0330362
5.96152	-0.0139634
5.96177	0.0120287
5.96201	0.0137958
5.96226	-0.0053167
5.9625	-0.0176005
5.96274	-0.01333
5.96299	-0.00652694
5.96323	-0.00570808
5.96348	-0.00483679
5.96372	-0.00163096
5.96397	-0.00274282
5.96421	-0.00943264
5.96446	-0.0146837
5.9647	-0.0149276
5.96495	-0.0117766
5.96519	-0.0050214
5.96544	0.00351183
5.96568	0.0045927
5.96592	-0.00554035
5.96617	-0.0130482
5.96641	-0.00387213
5.96666	0.0119117
5.9669	0.0118558
5.96715	-0.00536883
5.96739	-0.0178822
5.96764	-0.0127923
5.96788	-0.00158182
5.96813	0.000767242
5.96837	-0.0046675
5.96862	-0.00876084
5.96886	-0.00873627
5.9691	-0.00667381
5.96935	-0.00254242
5.96959	0.00410246
5.96984	0.0102541
5.97008	0.0114986
5.97033	0.00566774
5.97057	-0.0054131
5.97082	-0.0150712
5.97106	-0.015831
5.97131	-0.00860068
5.97155	-0.00308125
5.97179	-0.00396335
5.97204	-0.00397303
5.97228	0.001815
5.97253	0.0040152
5.97277	-0.00642938
5.97302	-0.0194473
5.97326	-0.017533
5.97351	-0.00219305
5.97375	0.00777564
5.974	0.00332827
5.97424	-0.00545076
5.97449	-0.00790639
5.97473	-0.00543548
5.97497	-0.00264497
5.97522	0.000336354
5.97546	0.00255934
5.97571	0.000801197
5.97595	-0.00296933
5.9762	-0.00301048
5.97644	-0.000965726
5.97669	-0.00444536
5.97693	-0.0121742
5.97718	-0.0130055
5.97742	-0.00391876
5.97767	0.00327697
5.97791	-0.000470071
5.97815	-0.00772735
5.9784	-0.00619917
5.97864	0.00354551
5.97889	0.00940501
5.97913	0.00246487
5.97938	-0.0140099
5.97962	-0.0268103
5.97987	-0.023312
5.98011	-0.00534983
5.98036	0.00853221
5.9806	0.00330091
5.98085	-0.0114508
5.98109	-0.01265
5.98133	0.00368417
5.98158	0.0163509
5.98182	0.0099973
5.98207	-0.00414683
5.98231	-0.00837758
5.98256	-0.00472987
5.9828	-0.0065037
5.98305	-0.013783
5.98329	-0.0146923
5.98354	-0.00706853
5.98378	-0.00249304
5.98402	-0.00766685
5.98427	-0.0148659
5.98451	-0.0145584
5.98476	-0.00788364
5.985	-0.0020993
5.98525	-0.000511754
5.98549	-0.00163353
5.98574	-0.00382146
5.98598	-0.00623349
5.98623	-0.0071996
5.98647	-0.00504096
5.98672	-0.000369695
5.98696	0.00373862
5.9872	0.00406738
5.98745	0.000188418
5.98769	-0.0044068
5.98794	-0.0051088
5.98818	-0.00127116
5.98843	0.00246877
5.98867	0.00136771
5.98892	-0.00375434
5.98916	-0.00759337
5.98941	-0.00663736
5.98965	-0.00289064
5.9899	-0.00113434
5.99014	-0.00325332
5.99038	-0.00573891
5.99063	-0.00341065
5.99087	0.00396715
5.99112	0.00983116
5.99136	0.00739296
5.99161	-0.00219869
5.99185	-0.0102392
5.9921	-0.00956981
5.99234	-0.00191624
5.99259	0.00422223
5.99283	0.00203471
5.99308	-0.00724707
5.99332	-0.0153307
5.99356	-0.0144542
5.99381	-0.00519859
5.99405	0.00363509
5.9943	0.00410472
5.99454	-0.0025794
5.99479	-0.00822086
5.99503	-0.00709406
5.99528	-0.001124
5.99552	0.00390808
5.99577	0.00479154
5.99601	0.00270957
5.99625	0.000159089
5.9965	-0.00234816
5.99674	-0.00578553
5.99699	-0.0092442
5.99723	-0.00939838
5.99748	-0.00536584
5.99772	-0.00174655
5.99797	-0.00265353
5.99821	-0.00448329
5.99846	-0.00102041
5.9987	0.004795
5.99895	0.003049
5.99919	-0.00675455
5.99943	-0.0116105
5.99968	-0.00372372
5.99992	0.00612214
6.00017	0.00378212
6.00041	-0.00705259
6.00066	-0.011519
6.0009	-0.00675589
6.00115	-0.00365673
6.00139	-0.00639974
6.00164	-0.00603331
6.00188	0.00164782
6.00213	0.0066148
6.00237	0.00132655
6.00261	-0.00472954
6.00286	0.00137072
6.0031	0.0151235
6.00335	0.0198097
6.00359	0.00987712
6.00384	-0.0024872
6.00408	-0.0051559
6.00433	-0.000682009
6.00457	0.000890297
6.00482	-0.0030824
6.00506	-0.00627173
6.00531	-0.0038217
6.00555	0.00152234
6.00579	0.00410099
6.00604	0.00192938
6.00628	-0.00319512
6.00653	-0.00909921
6.00677	-0.0138371
6.00702	-0.0149794
6.00726	-0.0122686
6.00751	-0.010072
6.00775	-0.012437
6.008	-0.0156148
6.00824	-0.0113344
6.00848	0.000610923
6.00873	0.00948673
6.00897	0.00753507
6.00922	0.000856785
6.00946	0.000137177
6.00971	0.00523553
6.00995	0.00711946
6.0102	0.00262708
6.01044	-0.0016447
6.01069	-0.000484418
6.01093	0.00282601
6.01118	0.0027956
6.01142	-0.000671978
6.01166	-0.00356621
6.01191	-0.00294914
6.01215	0.00069621
6.0124	0.00369075
6.01264	0.00181168
6.01289	-0.00459741
6.01313	-0.00977087
6.01338	-0.0100904
6.01362	-0.00940978
6.01387	-0.0117309
6.01411	-0.0126822
6.01436	-0.00637649
6.0146	0.00247
6.01484	0.00396764
6.01509	-0.000472895
6.01533	0.000546048
6.01558	0.00892818
6.01582	0.0122534
6.01607	0.0038064
6.01631	-0.00519241
6.01656	-0.0023223
6.0168	0.00718237
6.01705	0.00930778
6.01729	0.0018371
6.01754	-0.00564802
6.01778	-0.00763988
6.01802	-0.00665985
6.01827	-0.00376937
6.01851	0.00276178
6.01876	0.00896273
6.019	0.00658741
6.01925	-0.00391542
6.01949	-0.0109327
6.01974	-0.00654614
6.01998	0.00294827
6.02023	0.00612502
6.02047	0.00094632
6.02071	-0.00473982
6.02096	-0.00409669
6.0212	0.00180495
6.02145	0.00672005
6.02169	0.00590928
6.02194	0.000580363
6.02218	-0.00321697
6.02243	-0.00118303
6.02267	0.00375014
6.02292	0.00485947
6.02316	0.000504132
6.02341	-0.00404506
6.02365	-0.0044358
6.02389	-0.00257122
6.02414	-0.00191943
6.02438	-0.00186114
6.02463	-0.000415254
6.02487	0.00102341
6.02512	0.000512574
6.02536	0.000378268
6.02561	0.00332059
6.02585	0.00532775
6.0261	-0.000275726
6.02634	-0.0110242
6.02659	-0.015223
6.02683	-0.00724773
6.02707	0.00360972
6.02732	0.00525749
6.02756	-0.00118486
6.02781	-0.00485581
6.02805	-0.00175953
6.0283	0.000808511
6.02854	-0.00311589
6.02879	-0.00930429
6.02903	-0.010374
6.02928	-0.00573427
6.02952	-0.000406348
6.02977	0.00190323
6.03001	0.000708606
6.03025	-0.00283436
6.0305	-0.0056688
6.03074	-0.00417225
6.03099	0.000454368
6.03123	0.00129987
6.03148	-0.00523713
6.03172	-0.0124122
6.03197	-0.0106721
6.03221	-0.00063652
6.03246	0.00734424
6.0327	0.00628792
6.03295	-0.000373613
6.03319	-0.00535195
6.03343	-0.00554711
6.03368	-0.0019408
6.03392	0.00330873
6.03417	0.00671994
6.03441	0.00455887
6.03466	-0.00236099
6.0349	-0.00780342
6.03515	-0.00768979
6.03539	-0.00608961
6.03564	-0.0092717
6.03588	-0.0153562
6.03612	-0.0157281
6.03637	-0.00780272
6.03661	-0.000512599
6.03686	-0.00263862
6.0371	-0.00961245
6.03735	-0.00891569
6.03759	0.00186829
6.03784	0.0103733
6.03808	0.00638858
6.03833	-0.00354049
6.03857	-0.00565993
6.03882	0.0012919
6.03906	0.00562572
6.0393	0.00112134
6.03955	-0.00466968
6.03979	-0.00372748
6.04004	0.000366076
6.04028	0.000190434
6.04053	-0.00269769
6.04077	-0.00115537
6.04102	0.00504972
6.04126	0.00855182
6.04151	0.00527146
6.04175	-0.000846398
6.042	-0.00421141
6.04224	-0.00336022
6.04248	-6.52605e-05
6.04273	0.00263686
6.04297	0.00105091
6.04322	-0.00617394
6.04346	-0.0145361
6.04371	-0.0165634
6.04395	-0.0098148
6.0442	-0.000294345
6.04444	0.00306187
6.04469	-0.00302508
6.04493	-0.0124971
6.04518	-0.0150465
6.04542	-0.00693052
6.04566	0.00359739
6.04591	0.00532508
6.04615	-0.00162344
6.0464	-0.00639688
6.04664	-0.00337252
6.04689	0.000490197
6.04713	-0.00183876
6.04738	-0.00611588
6.04762	-0.00489604
6.04787	0.000260155
6.04811	0.00291335
6.04835	0.00190933
6.0486	-0.00131958
6.04884	-0.00890062
6.04909	-0.0193695
6.04933	-0.0211331
6.04958	-0.00684611
6.04982	0.0104535
6.05007	0.0114654
6.05031	-0.00152013
6.05056	-0.0082674
6.0508	-0.00197405
6.05105	0.00258914
6.05129	-0.00347688
6.05153	-0.00817107
6.05178	-0.00123245
6.05202	0.00632878
6.05227	0.000454394
6.05251	-0.0115075
6.05276	-0.0120352
6.053	-0.00123201
6.05325	0.00417445
6.05349	-0.00326938
6.05374	-0.0125749
6.05398	-0.0121908
6.05423	-0.00481195
6.05447	-0.000780944
6.05471	-0.00433166
6.05496	-0.00980263
6.0552	-0.00839116
6.05545	0.0017918
6.05569	0.0114007
6.05594	0.00930258
6.05618	-0.00189852
6.05643	-0.00678961
6.05667	0.00198887
6.05692	0.0122845
6.05716	0.00971814
6.05741	-0.00150388
6.05765	-0.00602967
6.05789	-5.63854e-06
6.05814	0.00615524
6.05838	0.00486071
6.05863	-0.000925624
6.05887	-0.00623557
6.05912	-0.00930701
6.05936	-0.00835311
6.05961	-0.00335387
6.05985	-0.000818107
6.0601	-0.00630605
6.06034	-0.0125528
6.06058	-0.00696816
6.06083	0.00793478
6.06107	0.0146843
6.06132	0.00529477
6.06156	-0.00707471
6.06181	-0.00756996
6.06205	0.000210126
6.0623	0.00263452
6.06254	-0.00329453
6.06279	-0.00800148
6.06303	-0.00438475
6.06328	0.00394934
6.06352	0.00873295
6.06376	0.00572366
6.06401	-0.00242151
6.06425	-0.00888535
6.0645	-0.00898152
6.06474	-0.00475154
6.06499	-0.00145426
6.06523	-0.000189748
6.06548	0.00166431
6.06572	0.00355127
6.06597	0.00211342
6.06621	-0.000941717
6.06646	0.000489484
6.0667	0.00598729
6.06694	0.00698221
6.06719	0.000172727
6.06743	-0.00603236
6.06768	-0.0042771
6.06792	0.000599495
6.06817	0.000478582
6.06841	-0.00315846
6.06866	-0.00396454
6.0689	-0.00258958
6.06915	-0.00418585
6.06939	-0.00792221
6.06964	-0.00851189
6.06988	-0.00580459
6.07012	-0.00396453
6.07037	-0.00295392
6.07061	0.000304392
6.07086	0.00354598
6.0711	0.00100742
6.07135	-0.00648283
6.07159	-0.0117473
6.07184	-0.0119872
6.07208	-0.0111858
6.07233	-0.0113208
6.07257	-0.00968494
6.07281	-0.00630028
6.07306	-0.00534952
6.0733	-0.00671857
6.07355	-0.0044872
6.07379	0.00248137
6.07404	0.00626568
6.07428	0.00110276
6.07453	-0.0076958
6.07477	-0.0114836
6.07502	-0.00961036
6.07526	-0.00749392
6.07551	-0.00777725
6.07575	-0.00903554
6.07599	-0.00995959
6.07624	-0.00964118
6.07648	-0.00656831
6.07673	-0.00201687
6.07697	-0.00130463
6.07722	-0.00654839
6.07746	-0.0112713
6.07771	-0.00825423
6.07795	-0.00045793
6.0782	0.00265244
6.07844	-0.0015342
6.07869	-0.006393
6.07893	-0.00713303
6.07917	-0.00629058
6.07942	-0.00589902
6.07966	-0.00232068
6.07991	0.00566049
6.08015	0.0101341
6.0804	0.00381363
6.08064	-0.00686273
6.08089	-0.00818084
6.08113	0.000944355
6.08138	0.0057707
6.08162	-0.00311521
6.08187	-0.0149577
6.08211	-0.0142366
6.08235	-0.00427348
6.0826	-0.00224424
6.08284	-0.0120413
6.08309	-0.0174335
6.08333	-0.00759358
6.08358	0.00464045
6.08382	0.00159001
6.08407	-0.0119086
6.08431	-0.0154208
6.08456	-0.00317296
6.0848	0.00919519
6.08504	0.00952373
6.08529	0.00474809
6.08553	0.00503068
6.08578	0.00603817
6.08602	-0.00146615
6.08627	-0.0131471
6.08651	-0.0158027
6.08676	-0.00749189
6.087	-0.000553731
6.08725	-0.00350006
6.08749	-0.0101135
6.08774	-0.0103713
6.08798	-0.00466711
6.08822	-0.00125398
6.08847	-0.00335816
6.08871	-0.00515592
6.08896	-0.0010105
6.0892	0.00546013
6.08945	0.00466149
6.08969	-0.00697793
6.08994	-0.0211541
6.09018	-0.026185
6.09043	-0.0199794
6.09067	-0.0110227
6.09092	-0.006781
6.09116	-0.00605948
6.0914	-0.00479511
6.09165	-0.00408306
6.09189	-0.00737632
6.09214	-0.0127028
6.09238	-0.0138382
6.09263	-0.00906203
6.09287	-0.00377738
6.09312	-0.00332942
6.09336	-0.00691091
6.09361	-0.0100517
6.09385	-0.0102441
6.0941	-0.00829569
6.09434	-0.00595187
6.09458	-0.00405917
6.09483	-0.00253849
6.09507	-0.00114354
6.09532	-0.000136861
6.09556	-2.14341e-05
6.09581	-0.000514142
6.09605	-0.00067493
6.0963	-0.000614508
6.09654	-0.00169547
6.09679	-0.00406067
6.09703	-0.00583542
6.09727	-0.00658918
6.09752	-0.00924078
6.09776	-0.0150302
6.09801	-0.01835
6.09825	-0.0120792
6.0985	0.00114893
6.09874	0.00877512
6.09899	0.00310515
6.09923	-0.00792386
6.09948	-0.0100654
6.09972	-0.000558351
6.09997	0.00960847
6.10021	0.0106098
6.10045	0.00378095
6.1007	-0.00498282
6.10094	-0.0138142
6.10119	-0.021485
6.10143	-0.02232
6.10168	-0.013311
6.10192	-0.00265292
6.10217	-0.00127937
6.10241	-0.00702468
6.10266	-0.00756531
6.1029	0.000360063
6.10315	0.00617267
6.10339	0.00299739
6.10363	-0.00197523
6.10388	-0.000914335
6.10412	0.00190359
6.10437	-0.000808886
6.10461	-0.00727893
6.10486	-0.0131204
6.1051	-0.0199342
6.10535	-0.0263143
6.10559	-0.0210155
6.10584	-0.000349669
6.10608	0.0170614
6.10633	0.0122141
6.10657	-0.00414106
6.10681	-0.00578274
6.10706	0.00773325
6.1073	0.0104303
6.10755	-0.00643861
6.10779	-0.0183152
6.10804	-0.00655077
6.10828	0.0115978
6.10853	0.0105575
6.10877	-0.00545431
6.10902	-0.0136314
6.10926	-0.00826428
6.10951	-0.00231323
6.10975	-0.00145852
6.10999	0.000779818
6.11024	0.00487944
6.11048	0.00273332
6.11073	-0.00576973
6.11097	-0.0104285
6.11122	-0.00751142
6.11146	-0.005
6.11171	-0.00817731
6.11195	-0.0118249
6.1122	-0.010191
6.11244	-0.00523245
6.11268	-0.00176289
6.11293	-0.00153043
6.11317	-0.0039387
6.11342	-0.00702025
6.11366	-0.00781646
6.11391	-0.00664016
6.11415	-0.00837718
6.1144	-0.0139356
6.11464	-0.0152088
6.11489	-0.00649275
6.11513	0.00432418
6.11538	0.00600249
6.11562	0.000619711
6.11586	-0.00167473
6.11611	-0.000520577
6.11635	-0.00438464
6.1166	-0.0136725
6.11684	-0.0190503
6.11709	-0.0169528
6.11733	-0.0133343
6.11758	-0.0107762
6.11782	-0.00525454
6.11807	0.00193413
6.11831	0.00243031
6.11856	-0.00482327
6.1188	-0.00947842
6.11904	-0.00510296
6.11929	0.00179407
6.11953	0.00288494
6.11978	-0.00131592
6.12002	-0.00643497
6.12027	-0.0107885
6.12051	-0.0125665
6.12076	-0.00920362
6.121	-0.00382989
6.12125	-0.00400305
6.12149	-0.0101569
6.12174	-0.0137161
6.12198	-0.0102462
6.12222	-0.00545894
6.12247	-0.00431151
6.12271	-0.00376303
6.12296	-0.00122206
6.1232	-0.000697986
6.12345	-0.00461029
6.12369	-0.00799044
6.12394	-0.00701278
6.12418	-0.00558487
6.12443	-0.00755595
6.12467	-0.00987182
6.12491	-0.00934767
6.12516	-0.00868918
6.1254	-0.00957055
6.12565	-0.00723242
6.12589	0.00086476
6.12614	0.00767102
6.12638	0.00566552
6.12663	-0.00162662
6.12687	-0.00468765
6.12712	-0.00114333
6.12736	0.00249142
6.12761	5.26322e-05
6.12785	-0.00770521
6.12809	-0.0140888
6.12834	-0.0123221
6.12858	-0.00334679
6.12883	0.00258564
6.12907	-0.00251964
6.12932	-0.012456
6.12956	-0.0145077
6.12981	-0.00808319
6.13005	-0.00463944
6.1303	-0.00846417
6.13054	-0.010936
6.13079	-0.00728003
6.13103	-0.00467087
6.13127	-0.00748642
6.13152	-0.00879389
6.13176	-0.0048394
6.13201	-0.00380282
6.13225	-0.00955446
6.1325	-0.0107686
6.13274	0.000231605
6.13299	0.0106059
6.13323	0.00552422
6.13348	-0.00675786
6.13372	-0.00711874
6.13397	0.0040527
6.13421	0.00860219
6.13445	-0.000209902
6.1347	-0.00970527
6.13494	-0.00956704
6.13519	-0.00404669
6.13543	0.00039896
6.13568	0.00401416
6.13592	0.0060909
6.13617	0.00221859
6.13641	-0.00573953
6.13666	-0.00873531
6.1369	-0.00451039
6.13714	-0.00161612
6.13739	-0.00476369
6.13763	-0.00711505
6.13788	-0.00290044
6.13812	0.00273609
6.13837	0.00347406
6.13861	0.00212416
6.13886	0.00326901
6.1391	0.00365266
6.13935	-0.00116088
6.13959	-0.00674206
6.13984	-0.00585824
6.14008	-0.000426774
6.14032	0.00172024
6.14057	-0.000646323
6.14081	-0.00181665
6.14106	-0.000183482
6.1413	-0.000683934
6.14155	-0.00506382
6.14179	-0.00750114
6.14204	-0.0032276
6.14228	0.00377465
6.14253	0.00548783
6.14277	-0.000565952
6.14302	-0.00904365
6.14326	-0.0121624
6.1435	-0.00618341
6.14375	0.00492321
6.14399	0.0114079
6.14424	0.00683106
6.14448	-0.00334075
6.14473	-0.00659327
6.14497	0.000699317
6.14522	0.00763561
6.14546	0.00392555
6.14571	-0.00507024
6.14595	-0.00687719
6.1462	-0.00150687
6.14644	-0.000578408
6.14668	-0.00683038
6.14693	-0.00813437
6.14717	0.00256029
6.14742	0.0135946
6.14766	0.010601
6.14791	-0.00282651
6.14815	-0.0119293
6.1484	-0.0120439
6.14864	-0.0106999
6.14889	-0.0122976
6.14913	-0.0137615
6.14937	-0.0144781
6.14962	-0.0179612
6.14986	-0.0221832
6.15011	-0.0194964
6.15035	-0.0090491
6.1506	0.000104898
6.15084	0.00132238
6.15109	-0.00230116
6.15133	-0.00525319
6.15158	-0.00644148
6.15182	-0.00637546
6.15207	-0.00482714
6.15231	-0.00323501
6.15255	-0.00294872
6.1528	-0.000994318
6.15304	0.00486012
6.15329	0.00821947
6.15353	0.00147875
6.15378	-0.00977479
6.15402	-0.0122279
6.15427	-0.00500393
6.15451	-0.000145035
6.15476	-0.00119006
6.155	0.00194432
6.15525	0.011607
6.15549	0.0140028
6.15573	0.0021286
6.15598	-0.00939185
6.15622	-0.00594109
6.15647	0.00443016
6.15671	0.00563022
6.15696	-0.000510541
6.1572	-0.000712299
6.15745	0.00518267
6.15769	0.00524962
6.15794	-0.00208891
6.15818	-0.0050701
6.15843	0.000820286
6.15867	0.00495142
6.15891	-0.00156759
6.15916	-0.0127742
6.1594	-0.0168067
6.15965	-0.0103596
6.15989	-0.000156705
6.16014	0.00513122
6.16038	0.0021768
6.16063	-0.00463472
6.16087	-0.00775726
6.16112	-0.00525553
6.16136	-0.00261552
6.1616	-0.00368899
6.16185	-0.00485204
6.16209	-0.00229244
6.16234	0.000655894
6.16258	-0.000690743
6.16283	-0.0045727
6.16307	-0.00718666
6.16332	-0.00943152
6.16356	-0.0123639
6.16381	-0.0117101
6.16405	-0.00495333
6.1643	0.00155261
6.16454	0.00114724
6.16478	-0.00279993
6.16503	-0.00401721
6.16527	-0.00472192
6.16552	-0.0091694
6.16576	-0.0118576
6.16601	-0.0054169
6.16625	0.00386728
6.1665	0.00318776
6.16674	-0.00586938
6.16699	-0.00895467
6.16723	-0.00211895
6.16748	0.00254076
6.16772	-0.0019373
6.16796	-0.00614446
6.16821	-0.00171698
6.16845	0.00350142
6.1687	-0.00133628
6.16894	-0.0111932
6.16919	-0.0120752
6.16943	-0.00214772
6.16968	0.00612958
6.16992	0.00438282
6.17017	-0.00167896
6.17041	-0.00333385
6.17066	-0.00172652
6.1709	-0.00388463
6.17114	-0.0104271
6.17139	-0.0144794
6.17163	-0.0123548
6.17188	-0.00834259
6.17212	-0.00631973
6.17237	-0.0031024
6.17261	0.00421715
6.17286	0.00939241
6.1731	0.00403716
6.17335	-0.00855519
6.17359	-0.0157595
6.17383	-0.0119979
6.17408	-0.00392148
6.17432	0.00149432
6.17457	0.00422749
6.17481	0.00437811
6.17506	-0.0010617
6.1753	-0.00966205
6.17555	-0.0116245
6.17579	-0.00309417
6.17604	0.00645732
6.17628	0.00666837
6.17653	-0.000769673
6.17677	-0.00731847
6.17701	-0.008677
6.17726	-0.00521225
6.1775	0.00129262
6.17775	0.00596009
6.17799	0.00352538
6.17824	-0.00264792
6.17848	-0.00312126
6.17873	0.00188251
6.17897	0.000875207
6.17922	-0.00916417
6.17946	-0.0152226
6.17971	-0.00898785
6.17995	-0.000798404
6.18019	-0.00164423
6.18044	-0.00546161
6.18068	-0.00308833
6.18093	0.000170523
6.18117	-0.00274098
6.18142	-0.00369367
6.18166	0.00543184
6.18191	0.0123659
6.18215	0.00164208
6.1824	-0.0165163
6.18264	-0.0188496
6.18289	-0.00535843
6.18313	0.00214793
6.18337	-0.00399248
6.18362	-0.00832502
6.18386	-0.00160068
6.18411	0.00522716
6.18435	0.00267969
6.1846	-0.0024543
6.18484	-0.00197432
6.18509	0.00124722
6.18533	0.0031605
6.18558	0.00598391
6.18582	0.00938734
6.18606	0.00792084
6.18631	0.00222207
6.18655	-0.000630776
6.1868	-0.00121599
6.18704	-0.00733587
6.18729	-0.0166313
6.18753	-0.0168733
6.18778	-0.00806919
6.18802	-0.00558896
6.18827	-0.0141876
6.18851	-0.018138
6.18876	-0.00747296
6.189	0.00436416
6.18924	0.00270315
6.18949	-0.00472377
6.18973	-0.00259511
6.18998	0.00613923
6.19022	0.00699744
6.19047	-0.00162882
6.19071	-0.00805797
6.19096	-0.00712349
6.1912	-0.00510344
6.19145	-0.00626994
6.19169	-0.00734773
6.19194	-0.00597476
6.19218	-0.00480447
6.19242	-0.00565988
6.19267	-0.00650617
6.19291	-0.00570408
6.19316	-0.00476257
6.1934	-0.00581147
6.19365	-0.00843451
6.19389	-0.00921275
6.19414	-0.00477826
6.19438	0.00276781
6.19463	0.0054956
6.19487	-0.000582402
6.19512	-0.00745403
6.19536	-0.00404237
6.1956	0.00785191
6.19585	0.0152356
6.19609	0.0117456
6.19634	0.00430221
6.19658	0.000741271
6.19683	0.000800732
6.19707	0.00197747
6.19732	0.00436102
6.19756	0.0059361
6.19781	0.00223885
6.19805	-0.00531598
6.1983	-0.00929781
6.19854	-0.00777865
6.19878	-0.00715503
6.19903	-0.0101611
6.19927	-0.0107544
6.19952	-0.00518788
6.19976	0.00115647
6.20001	0.00265504
6.20025	0.00042901
6.2005	-0.00358129
6.20074	-0.0100599
6.20099	-0.0154914
6.20123	-0.012114
6.20147	-0.000400741
6.20172	0.00788611
6.20196	0.00539964
6.20221	-0.000764205
6.20245	-0.000925223
6.2027	0.00363905
6.20294	0.00554862
6.20319	0.0024303
6.20343	-0.00277688
6.20368	-0.00641396
6.20392	-0.00486956
6.20417	0.00253137
6.20441	0.00885736
6.20465	0.00603927
6.2049	-0.00218153
6.20514	-0.00405801
6.20539	0.00160331
6.20563	0.0034374
6.20588	-0.00263569
6.20612	-0.00635414
6.20637	-0.00194935
6.20661	0.00126987
6.20686	-0.00360611
6.2071	-0.00721678
6.20735	0.000759538
6.20759	0.0138331
6.20783	0.0183504
6.20808	0.0120256
6.20832	0.0022913
6.20857	-0.00541378
6.20881	-0.00818634
6.20906	-0.00336044
6.2093	0.00503001
6.20955	0.00626812
6.20979	-0.00198712
6.21004	-0.00828878
6.21028	-0.00498245
6.21053	0.000489718
6.21077	0.000909567
6.21101	0.00225516
6.21126	0.00942608
6.2115	0.0126957
6.21175	0.00347016
6.21199	-0.00810608
6.21224	-0.0077312
6.21248	0.000460973
6.21273	0.00242135
6.21297	-0.00306895
6.21322	-0.00684716
6.21346	-0.00730656
6.2137	-0.00915722
6.21395	-0.0102809
6.21419	-0.00588458
6.21444	-0.000414573
6.21468	-0.000453247
6.21493	-0.00199232
6.21517	0.000597112
6.21542	0.000849031
6.21566	-0.00822754
6.21591	-0.0174299
6.21615	-0.0147095
6.2164	-0.00692426
6.21664	-0.00762934
6.21688	-0.01103
6.21713	-0.00211639
6.21737	0.0126009
6.21762	0.0113767
6.21786	-0.00652277
6.21811	-0.0177904
6.21835	-0.0114231
6.2186	-0.00246121
6.21884	-0.00355175
6.21909	-0.00718812
6.21933	-0.00507882
6.21958	-0.00318818
6.21982	-0.00681152
6.22006	-0.00941814
6.22031	-0.00658591
6.22055	-0.00427717
6.2208	-0.00443583
6.22104	0.000554103
6.22129	0.0104181
6.22153	0.0120358
6.22178	0.00170495
6.22202	-0.00583012
6.22227	-0.00157234
6.22251	0.00310402
6.22276	-0.00125387
6.223	-0.004508
6.22324	0.00220009
6.22349	0.0062579
6.22373	-0.00512522
6.22398	-0.0181594
6.22422	-0.0106959
6.22447	0.0118006
6.22471	0.0222585
6.22496	0.010141
6.2252	-0.00791547
6.22545	-0.0149248
6.22569	-0.0116476
6.22593	-0.00582485
6.22618	-0.000190271
6.22642	0.0039745
6.22667	0.00366502
6.22691	-0.000519249
6.22716	-0.00384688
6.2274	-0.00438954
6.22765	-0.00398657
6.22789	-0.00280805
6.22814	-0.000161575
6.22838	0.00077069
6.22863	-0.0030932
6.22887	-0.00753943
6.22911	-0.00598668
6.22936	-0.000165427
6.2296	0.00224613
6.22985	-0.000770133
6.23009	-0.00440618
6.23034	-0.0059032
6.23058	-0.00650978
6.23083	-0.00614354
6.23107	-0.00405671
6.23132	-0.00280228
6.23156	-0.00359894
6.23181	-0.00103701
6.23205	0.00821873
6.23229	0.0153259
6.23254	0.00980849
6.23278	-0.00257369
6.23303	-0.0064593
6.23327	-0.000506971
6.23352	0.00145472
6.23376	-0.00500876
6.23401	-0.00632995
6.23425	0.00602624
6.2345	0.0192291
6.23474	0.0167449
6.23499	0.00115462
6.23523	-0.0122666
6.23547	-0.0161368
6.23572	-0.0132595
6.23596	-0.00560077
6.23621	0.00546514
6.23645	0.0119141
6.2367	0.00609787
6.23694	-0.00531978
6.23719	-0.00700549
6.23743	0.00346867
6.23768	0.0111213
6.23792	0.00475624
6.23816	-0.00760078
6.23841	-0.0113
6.23865	-0.00514939
6.2389	0.000184938
6.23914	-0.000713993
6.23939	-0.00288962
6.23963	-0.00232248
6.23988	-0.00213432
6.24012	-0.00422098
6.24037	-0.00345051
6.24061	0.00329923
6.24086	0.0086458
6.2411	0.00391566
6.24134	-0.00675351
6.24159	-0.0113041
6.24183	-0.0072174
6.24208	-0.00304573
6.24232	-0.00190904
6.24257	0.00332064
6.24281	0.0136278
6.24306	0.0166619
6.2433	0.00577776
6.24355	-0.00586471
6.24379	-0.00396251
6.24404	0.00395104
6.24428	0.00106257
6.24452	-0.0102673
6.24477	-0.012801
6.24501	-0.00414088
6.24526	0.000421733
6.2455	-0.00326287
6.24575	-0.000309292
6.24599	0.0144037
6.24624	0.0225394
6.24648	0.0110977
6.24673	-0.00492158
6.24697	-0.00614063
6.24722	0.00147478
6.24746	0.00076474
6.2477	-0.00630402
6.24795	-0.00567227
6.24819	0.000990208
6.24844	0.000792712
6.24868	-0.00309581
6.24893	0.00478217
6.24917	0.0212297
6.24942	0.0239356
6.24966	0.00721866
6.24991	-0.0068809
6.25015	-0.00298089
6.25039	0.00513918
6.25064	0.000313537
6.25088	-0.00951023
6.25113	-0.00673427
6.25137	0.00603852
6.25162	0.0112853
6.25186	0.00383236
6.25211	-0.00505364
6.25235	-0.00706994
6.2526	-0.00519313
6.25284	-0.00386269
6.25309	-0.00302795
6.25333	-0.00209414
6.25357	-0.00129144
6.25382	0.000142719
6.25406	0.00145587
6.25431	-0.000441128
6.25455	-0.00418826
6.2548	-0.00280965
6.25504	0.00408144
6.25529	0.00539832
6.25553	-0.00456958
6.25578	-0.0132984
6.25602	-0.0070337
6.25627	0.00659296
6.25651	0.00866423
6.25675	-0.00262173
6.257	-0.0106589
6.25724	-0.00653826
6.25749	0.000587618
6.25773	0.00147459
6.25798	-0.000735469
6.25822	-0.000984297
6.25847	-0.00171172
6.25871	-0.00527429
6.25896	-0.00744062
6.2592	-0.00459191
6.25945	0.000676638
6.25969	0.00514275
6.25993	0.0081585
6.26018	0.00719999
6.26042	-3.05261e-05
6.26067	-0.00716592
6.26091	-0.00438809
6.26116	0.0052769
6.2614	0.00806724
6.26165	0.00161606
6.26189	-0.000595391
6.26214	0.00659613
6.26238	0.00907791
6.26262	-0.00176772
6.26287	-0.010764
6.26311	-0.00264605
6.26336	0.0103637
6.2636	0.00651544
6.26385	-0.0096633
6.26409	-0.0142557
6.26434	-0.00254899
6.26458	0.00529068
6.26483	-0.000997222
6.26507	-0.00686182
6.26532	-0.000622499
6.26556	0.00718463
6.2658	0.00480776
6.26605	-6.24321e-05
6.26629	0.0031252
6.26654	0.00643772
6.26678	-0.00237122
6.26703	-0.0158159
6.26727	-0.0171648
6.26752	-0.00778637
6.26776	-0.00343616
6.26801	-0.00701647
6.26825	-0.0061255
6.2685	0.00227808
6.26874	0.00581136
6.26898	-0.000720536
6.26923	-0.00620652
6.26947	-0.00358519
6.26972	-0.00120479
6.26996	-0.00483095
6.27021	-0.00586984
6.27045	0.000541395
6.2707	0.00242629
6.27094	-0.00847061
6.27119	-0.0178354
6.27143	-0.00968889
6.27168	0.00556078
6.27192	0.00617309
6.27216	-0.0057973
6.27241	-0.00909875
6.27265	0.000500081
6.2729	0.00522423
6.27314	-0.00135032
6.27339	-0.00312803
6.27363	0.00765978
6.27388	0.0137581
6.27412	0.001798
6.27437	-0.0130251
6.27461	-0.0099187
6.27486	0.00540382
6.2751	0.0118235
6.27534	0.00529006
6.27559	-0.000318608
6.27583	0.00151972
6.27608	0.00349273
6.27632	0.000945383
6.27657	-0.00215177
6.27681	-0.00351237
6.27706	-0.00490307
6.2773	-0.00476921
6.27755	-0.000926813
6.27779	0.00103783
6.27803	-0.00512015
6.27828	-0.0128006
6.27852	-0.010206
6.27877	-0.000233816
6.27901	0.00260384
6.27926	-0.00441468
6.2795	-0.00822566
6.27975	-0.00247203
6.27999	0.00242335
6.28024	-0.00192172
6.28048	-0.00770692
6.28073	-0.00471349
6.28097	0.00343555
6.28121	0.00664499
6.28146	0.00317557
6.2817	-0.00212773
6.28195	-0.00711461
6.28219	-0.0109371
6.28244	-0.00957528
6.28268	-0.0016829
6.28293	0.00564416
6.28317	0.00508226
6.28342	-0.000599232
6.28366	-0.00370139
6.28391	-0.0033941
6.28415	-0.00457973
6.28439	-0.00759022
6.28464	-0.00734095
6.28488	-0.00247593
6.28513	0.0017848
6.28537	0.00146115
6.28562	-0.000661911
6.28586	0.000402919
6.28611	0.00474745
6.28635	0.00743243
6.2866	0.00475568
6.28684	-0.000773977
6.28709	-0.0027425
6.28733	0.00167844
6.28757	0.00800201
6.28782	0.00966628
6.28806	0.00538604
6.28831	-0.00090101
6.28855	-0.00545336
6.2888	-0.00682181
6.28904	-0.00454953
6.28929	-0.000263554
6.28953	0.00128878
6.28978	-0.0027937
6.29002	-0.00827237
6.29026	-0.00813994
6.29051	-0.00144462
6.29075	0.00668623
6.291	0.0118004
6.29124	0.0115403
6.29149	0.00366814
6.29173	-0.00913614
6.29198	-0.0153147
6.29222	-0.00611537
6.29247	0.00915964
6.29271	0.0115723
6.29296	-0.00200386
6.2932	-0.0144535
6.29344	-0.013352
6.29369	-0.00669418
6.29393	-0.00618052
6.29418	-0.00792086
6.29442	-0.00210377
6.29467	0.00747247
6.29491	0.00832613
6.29516	-0.000381109
6.2954	-0.00649683
6.29565	-0.00340971
6.29589	0.00220347
6.29614	0.00310924
6.29638	0.00160125
6.29662	0.00268712
6.29687	0.00484885
6.29711	0.0030604
6.29736	-0.00304003
6.2976	-0.00854811
6.29785	-0.00901791
6.29809	-0.00402557
6.29834	0.00361662
6.29858	0.00995441
6.29883	0.0119382
6.29907	0.00934059
6.29932	0.005098
6.29956	0.00296857
6.2998	0.00407463
6.30005	0.00581371
6.30029	0.00494733
6.30054	0.00181049
6.30078	-0.000192365
6.30103	8.56109e-05
6.30127	-0.000567876
6.30152	-0.00425365
6.30176	-0.00734158
6.30201	-0.00547056
6.30225	-0.0010966
6.30249	-0.000531925
6.30274	-0.00396254
6.30298	-0.0043714
6.30323	0.00229988
6.30347	0.0109702
6.30372	0.0135711
6.30396	0.0078041
6.30421	-0.00169875
6.30445	-0.00775163
6.3047	-0.00554403
6.30494	0.00306385
6.30519	0.00961117
6.30543	0.00746874
6.30567	0.000575472
6.30592	-0.000969233
6.30616	0.00545954
6.30641	0.011489
6.30665	0.00952593
6.3069	0.00209264
6.30714	-0.00366611
6.30739	-0.00533735
6.30763	-0.00470098
6.30788	-0.00199141
6.30812	0.00371703
6.30837	0.00984788
6.30861	0.0108362
6.30885	0.0042451
6.3091	-0.00581843
6.30934	-0.0125138
6.30959	-0.0128759
6.30983	-0.0095112
6.31008	-0.00548469
6.31032	-0.000157804
6.31057	0.00648151
6.31081	0.00828731
6.31106	-0.00010038
6.3113	-0.0106955
6.31155	-0.00811228
6.31179	0.0070783
6.31203	0.0139829
6.31228	0.000731606
6.31252	-0.0146599
6.31277	-0.00928067
6.31301	0.00888367
6.31326	0.0125002
6.3135	-0.00225846
6.31375	-0.0106566
6.31399	-0.000471447
6.31424	0.0089793
6.31448	0.000808735
6.31472	-0.0104331
6.31497	-0.00320435
6.31521	0.0147756
6.31546	0.0182103
6.3157	0.00322312
6.31595	-0.00884607
6.31619	-0.00489175
6.31644	0.00363096
6.31668	0.00177294
6.31693	-0.00790354
6.31717	-0.0129035
6.31742	-0.00890281
6.31766	-0.00238224
6.3179	-0.000445817
6.31815	-0.00365828
6.31839	-0.00674907
6.31864	-0.003932
6.31888	0.00457411
6.31913	0.0110069
6.31937	0.00808221
6.31962	-0.00135902
6.31986	-0.00659707
6.32011	-0.00199528
6.32035	0.00615764
6.3206	0.00823508
6.32084	0.00378993
6.32108	0.00114085
6.32133	0.00475302
6.32157	0.00834151
6.32182	0.00439729
6.32206	-0.00316741
6.32231	-0.00334148
6.32255	0.0053687
6.3228	0.0116761
6.32304	0.00817003
6.32329	0.00196234
6.32353	0.00214841
6.32378	0.00537179
6.32402	0.00331213
6.32426	-0.00271166
6.32451	-0.00582677
6.32475	-0.00623156
6.325	-0.00735856
6.32524	-0.00505024
6.32549	0.00501691
6.32573	0.0138429
6.32598	0.00969862
6.32622	-0.00089862
6.32647	-0.00136263
6.32671	0.00721504
6.32695	0.00759353
6.3272	-0.00281127
6.32744	-0.00600082
6.32769	0.0053069
6.32793	0.0137258
6.32818	0.00577993
6.32842	-0.00665321
6.32867	-0.00794154
6.32891	-0.00311996
6.32916	-0.0038673
6.3294	-0.00594243
6.32965	0.000330372
6.32989	0.00914572
6.33013	0.00842872
6.33038	0.00174836
6.33062	0.00232498
6.33087	0.0103508
6.33111	0.0132478
6.33136	0.00589076
6.3316	-0.00362797
6.33185	-0.00695921
6.33209	-0.00352322
6.33234	0.00219267
6.33258	0.00356301
6.33283	-0.00356877
6.33307	-0.0131593
6.33331	-0.0133078
6.33356	-0.00386696
6.3338	0.00145401
6.33405	-0.00268017
6.33429	-0.00395042
6.33454	0.00423658
6.33478	0.00765249
6.33503	-0.00440685
6.33527	-0.0164779
6.33552	-0.00980052
6.33576	0.00580536
6.33601	0.00714148
6.33625	-0.00531393
6.33649	-0.0114138
6.33674	-0.00589259
6.33698	-0.00212807
6.33723	-0.00413665
6.33747	-0.00151227
6.33772	0.00676613
6.33796	0.00874076
6.33821	0.00312762
6.33845	0.00297298
6.3387	0.0105886
6.33894	0.0111733
6.33918	-0.00150934
6.33943	-0.0134616
6.33967	-0.012781
6.33992	-0.00571627
6.34016	-0.00226752
6.34041	-0.00214969
6.34065	-0.00295177
6.3409	-0.00670123
6.34114	-0.0107675
6.34139	-0.00730637
6.34163	0.00113158
6.34188	0.000992404
6.34212	-0.00987225
6.34236	-0.0156408
6.34261	-0.00756802
6.34285	0.000889762
6.3431	-0.00414326
6.34334	-0.014747
6.34359	-0.0147639
6.34383	-0.00404214
6.34408	0.0051982
6.34432	0.00773407
6.34457	0.00769341
6.34481	0.00762264
6.34506	0.00690669
6.3453	0.00658358
6.34554	0.00649592
6.34579	0.0023287
6.34603	-0.00674172
6.34628	-0.0131132
6.34652	-0.0110857
6.34677	-0.00613264
6.34701	-0.00602531
6.34726	-0.00865058
6.3475	-0.00711785
6.34775	-0.00192186
6.34799	0.000654599
6.34824	-0.00107784
6.34848	-0.00295492
6.34872	-0.00180048
6.34897	0.00192577
6.34921	0.00578262
6.34946	0.00597593
6.3497	0.000250559
6.34995	-0.00692721
6.35019	-0.00755271
6.35044	-0.0015497
6.35068	0.00176853
6.35093	-0.00230026
6.35117	-0.00609105
6.35142	-0.00153594
6.35166	0.00734726
6.3519	0.0108911
6.35215	0.00703636
6.35239	0.00138663
6.35264	-0.00137245
6.35288	-0.000211071
6.35313	0.00375647
6.35337	0.0066237
6.35362	0.00422852
6.35386	-0.000733735
6.35411	-0.000236143
6.35435	0.00645655
6.35459	0.00956082
6.35484	0.00365937
6.35508	-0.00287648
6.35533	-0.000987285
6.35557	0.00495897
6.35582	0.00577474
6.35606	0.00290473
6.35631	0.00391998
6.35655	0.00795736
6.3568	0.00795439
6.35704	0.0041957
6.35729	0.00311504
6.35753	0.00395508
6.35777	-0.000604667
6.35802	-0.00949959
6.35826	-0.0114304
6.35851	-0.00189666
6.35875	0.0084753
6.359	0.00843374
6.35924	0.000714542
6.35949	-0.0043706
6.35973	-0.00336472
6.35998	-0.000158036
6.36022	0.0031363
6.36047	0.00700143
6.36071	0.00825945
6.36095	0.00235212
6.3612	-0.00686727
6.36144	-0.00844649
6.36169	0.000295332
6.36193	0.00727889
6.36218	0.0017014
6.36242	-0.00936314
6.36267	-0.0105289
6.36291	-0.00113055
6.36316	0.00414846
6.3634	-0.00113392
6.36365	-0.00515089
6.36389	0.00208563
6.36413	0.0116179
6.36438	0.00983116
6.36462	9.24869e-05
6.36487	-0.00384852
6.36511	7.63499e-05
6.36536	0.00196003
6.3656	-0.00131437
6.36585	-0.00247731
6.36609	0.000772141
6.36634	0.00149653
6.36658	-0.00279804
6.36682	-0.00527735
6.36707	-0.00224645
6.36731	0.00122701
6.36756	0.00210064
6.3678	0.00449246
6.36805	0.00941442
6.36829	0.0101174
6.36854	0.00315269
6.36878	-0.00522535
6.36903	-0.00866731
6.36927	-0.00794764
6.36952	-0.00472129
6.36976	0.00199135
6.37	0.00867972
6.37025	0.00737516
6.37049	-0.00152919
6.37074	-0.00671548
6.37098	-0.00221321
6.37123	0.00385969
6.37147	0.00295874
6.37172	-0.00200374
6.37196	-0.00511505
6.37221	-0.00673691
6.37245	-0.00682957
6.3727	-0.000702437
6.37294	0.00954851
6.37318	0.011259
6.37343	-0.000305134
6.37367	-0.0110425
6.37392	-0.00800605
6.37416	0.000578414
6.37441	-0.000373996
6.37465	-0.00815709
6.3749	-0.00846231
6.37514	0.000678728
6.37539	0.00809972
6.37563	0.00834495
6.37588	0.00542488
6.37612	0.00126478
6.37636	-0.00409954
6.37661	-0.00415068
6.37685	0.0060495
6.3771	0.0160489
6.37734	0.0114367
6.37759	-0.00237653
6.37783	-0.00610035
6.37808	0.00344653
6.37832	0.00884208
6.37857	0.000738635
6.37881	-0.00886297
6.37905	-0.00862454
6.3793	-0.00429304
6.37954	-0.00359408
6.37979	-0.0020344
6.38003	0.00405466
6.38028	0.00562106
6.38052	-0.00334214
6.38077	-0.0107087
6.38101	-0.00330488
6.38126	0.0104236
6.3815	0.0123873
6.38175	0.00311606
6.38199	-0.000566855
6.38223	0.00645738
6.38248	0.0109991
6.38272	0.00520722
6.38297	-0.00085118
6.38321	0.00284117
6.38346	0.00981824
6.3837	0.0085472
6.38395	0.000502019
6.38419	-0.00398453
6.38444	-0.00206133
6.38468	2.09239e-05
6.38493	-0.00118574
6.38517	-0.0025893
6.38541	-0.00247972
6.38566	-0.00352408
6.3859	-0.00600816
6.38615	-0.00519683
6.38639	0.00126419
6.38664	0.0086023
6.38688	0.0113058
6.38713	0.0101467
6.38737	0.00880079
6.38762	0.00704909
6.38786	0.00235358
6.38811	-0.00401869
6.38835	-0.0078391
6.38859	-0.00806993
6.38884	-0.00723247
6.38908	-0.00605014
6.38933	-0.00292712
6.38957	0.000895744
6.38982	0.00122044
6.39006	-0.00248805
6.39031	-0.00539001
6.39055	-0.0042087
6.3908	-0.00111482
6.39104	0.00148393
6.39128	0.00460889
6.39153	0.00790989
6.39177	0.00697431
6.39202	0.000550108
6.39226	-0.00443923
6.39251	-0.00154701
6.39275	0.00503924
6.393	0.0061473
6.39324	0.00117156
6.39349	-0.00183756
6.39373	0.000897635
6.39398	0.00392528
6.39422	0.00221699
6.39446	-0.00137313
6.39471	-0.00187102
6.39495	-0.000200508
6.3952	-0.00101443
6.39544	-0.00527455
6.39569	-0.00882752
6.39593	-0.00746035
6.39618	-0.00130719
6.39642	0.00520649
6.39667	0.00720296
6.39691	0.00407483
6.39716	7.56921e-05
6.3974	-0.00127145
6.39764	-0.00182215
6.39789	-0.00474102
6.39813	-0.00753973
6.39838	-0.00476827
6.39862	0.00217061
6.39887	0.00448901
6.39911	-0.00202476
6.39936	-0.0103809
6.3996	-0.0119916
6.39985	-0.00779035
6.40009	-0.00406176
6.40034	-0.00125602
6.40058	0.00538418
6.40082	0.015488
6.40107	0.0218129
6.40131	0.0201804
6.40156	0.0145042
6.4018	0.00959623
6.40205	0.00519329
6.40229	0.00089678
6.40254	0.000937999
6.40278	0.00758774
6.40303	0.0136818
6.40327	0.00987631
6.40351	-0.00136498
6.40376	-0.00718507
6.404	-0.00178903
6.40425	0.0051401
6.40449	0.0024213
6.40474	-0.00624295
6.40498	-0.00767165
6.40523	0.00151446
6.40547	0.00973222
6.40572	0.0062011
6.40596	-0.0053467
6.40621	-0.0129815
6.40645	-0.011718
6.40669	-0.00656158
6.40694	-0.00274498
6.40718	0.000561819
6.40743	0.00556292
6.40767	0.00971597
6.40792	0.00788339
6.40816	-0.000633693
6.40841	-0.0097617
6.40865	-0.0119282
6.4089	-0.00550007
6.40914	0.00291213
6.40939	0.00426877
6.40963	-0.00339083
6.40987	-0.011741
6.41012	-0.0107344
6.41036	-0.00044842
6.41061	0.008733
6.41085	0.00892683
6.4111	0.00388124
6.41134	0.00216366
6.41159	0.00480983
6.41183	0.00544798
6.41208	0.00137887
6.41232	-0.00235794
6.41257	-0.00159915
6.41281	0.000443297
6.41305	-0.000869836
6.4133	-0.00361941
6.41354	-0.00226612
6.41379	0.00366966
6.41403	0.0085252
6.41428	0.0076144
6.41452	0.00230914
6.41477	-0.00180939
6.41501	-0.000297017
6.41526	0.00563319
6.4155	0.00916154
6.41574	0.00475107
6.41599	-0.00440627
6.41623	-0.00946872
6.41648	-0.00714753
6.41672	-0.00242865
6.41697	0.00110642
6.41721	0.00578569
6.41746	0.0111898
6.4177	0.010707
6.41795	0.00360256
6.41819	0.000408423
6.41844	0.00612585
6.41868	0.0082347
6.41892	-0.00415869
6.41917	-0.0181638
6.41941	-0.0132714
6.41966	0.0054242
6.4199	0.0126014
6.42015	0.00119608
6.42039	-0.00833087
6.42064	-0.00235479
6.42088	0.00627875
6.42113	0.00375455
6.42137	-0.00160008
6.42162	0.00239753
6.42186	0.00829655
6.4221	0.00255746
6.42235	-0.0103061
6.42259	-0.0158667
6.42284	-0.0127039
6.42308	-0.00957121
6.42333	-0.00745868
6.42357	-0.0017375
6.42382	0.0040211
6.42406	0.0031488
6.42431	1.18986e-06
6.42455	0.00322786
6.4248	0.0093828
6.42504	0.00859082
6.42528	0.00229569
6.42553	-6.71674e-05
6.42577	0.00173443
6.42602	0.000289864
6.42626	-0.0041574
6.42651	-0.00514466
6.42675	-0.00339376
6.427	-0.00395153
6.42724	-0.00395338
6.42749	0.00153238
6.42773	0.0064661
6.42797	0.00315542
6.42822	-0.00121424
6.42846	0.00395098
6.42871	0.0108294
6.42895	0.00473324
6.4292	-0.00755845
6.42944	-0.00629242
6.42969	0.0067269
6.42993	0.00987725
6.43018	-0.000860954
6.43042	-0.0056219
6.43067	0.00301339
6.43091	0.00766063
6.43115	-0.000104855
6.4314	-0.00352972
6.43164	0.0071728
6.43189	0.01444
6.43213	0.00389674
6.43238	-0.00937775
6.43262	-0.00660631
6.43287	0.00392237
6.43311	0.00505953
6.43336	0.00148177
6.4336	0.00709667
6.43385	0.016069
6.43409	0.0123339
6.43433	-0.00140861
6.43458	-0.00841528
6.43482	-0.00497768
6.43507	-0.000948772
6.43531	0.0010506
6.43556	0.00592764
6.4358	0.0102299
6.43605	0.0063387
6.43629	-0.000428446
6.43654	0.00209359
6.43678	0.0120017
6.43703	0.0162816
6.43727	0.0124623
6.43751	0.00986133
6.43776	0.0108579
6.438	0.00821596
6.43825	0.000625453
6.43849	-0.00519619
6.43874	-0.00775074
6.43898	-0.0111607
6.43923	-0.0132403
6.43947	-0.00819582
6.43972	-9.74456e-05
6.43996	0.0018076
6.44021	7.20015e-05
6.44045	0.00489774
6.44069	0.0135809
6.44094	0.0121335
6.44118	-0.000701624
6.44143	-0.00911699
6.44167	-0.00439504
6.44192	0.00323979
6.44216	0.00305428
6.44241	-0.00104437
6.44265	-0.00137502
6.4429	0.000474663
6.44314	-0.000106822
6.44338	-0.00165091
6.44363	-0.00148644
6.44387	-0.00170492
6.44412	-0.00407417
6.44436	-0.0060102
6.44461	-0.00608084
6.44485	-0.00658382
6.4451	-0.00753065
6.44534	-0.00561153
6.44559	-0.00139442
6.44583	0.000802641
6.44608	0.00184937
6.44632	0.00668201
6.44656	0.0125138
6.44681	0.0101889
6.44705	0.00097682
6.4473	-0.00126763
6.44754	0.00859636
6.44779	0.0164189
6.44803	0.00928537
6.44828	-0.00447267
6.44852	-0.00809238
6.44877	-0.000910487
6.44901	0.00389721
6.44926	0.0013243
6.4495	-0.000577569
6.44974	0.00249317
6.44999	0.00341497
6.45023	-0.00293429
6.45048	-0.00926048
6.45072	-0.00604872
6.45097	0.00422354
6.45121	0.010743
6.45146	0.00912005
6.4517	0.00489275
6.45195	0.00276165
6.45219	-2.64052e-06
6.45244	-0.0063117
6.45268	-0.0116153
6.45292	-0.00952486
6.45317	-0.00200412
6.45341	0.00267362
6.45366	0.00131412
6.4539	-0.00117934
6.45415	-0.000544908
6.45439	0.00130852
6.45464	0.000981083
6.45488	-0.00161184
6.45513	-0.00469448
6.45537	-0.00615698
6.45561	-0.00324147
6.45586	0.00370752
6.4561	0.00768254
6.45635	0.00268739
6.45659	-0.0053988
6.45684	-0.00511919
6.45708	0.00318353
6.45733	0.00784154
6.45757	0.00492532
6.45782	0.00276348
6.45806	0.00404917
6.45831	0.000114831
6.45855	-0.00978491
6.45879	-0.0113376
6.45904	0.000947105
6.45928	0.00991197
6.45953	0.00153287
6.45977	-0.0108936
6.46002	-0.00760741
6.46026	0.00554239
6.46051	0.00828787
6.46075	6.40097e-05
6.461	-0.00142245
6.46124	0.00850902
6.46149	0.0154889
6.46173	0.0113692
6.46197	0.00438859
6.46222	0.0021273
6.46246	0.00253048
6.46271	0.00377449
6.46295	0.00681578
6.4632	0.00749182
6.46344	0.00156408
6.46369	-0.00376019
6.46393	0.000188159
6.46418	0.00543661
6.46442	-0.00110678
6.46467	-0.0116583
6.46491	-0.00714141
6.46515	0.00821138
6.4654	0.00934853
6.46564	-0.00860716
6.46589	-0.0204493
6.46613	-0.0110395
6.46638	0.00228671
6.46662	0.00106391
6.46687	-0.00596859
6.46711	-0.00327166
6.46736	0.00462685
6.4676	0.00639672
6.46784	0.00604853
6.46809	0.0114402
6.46833	0.015356
6.46858	0.00835594
6.46882	-0.00150283
6.46907	-0.00148932
6.46931	0.00344108
6.46956	0.000350359
6.4698	-0.00835502
6.47005	-0.0105252
6.47029	-0.00618722
6.47054	-0.0048903
6.47078	-0.00635659
6.47102	-0.0024884
6.47127	0.00445183
6.47151	0.00371247
6.47176	-0.00473127
6.472	-0.00912922
6.47225	-0.00492672
6.47249	-0.000537566
6.47274	-0.00225608
6.47298	-0.00548428
6.47323	-0.00397701
6.47347	0.00112929
6.47372	0.00414178
6.47396	0.00123072
6.4742	-0.00611505
6.47445	-0.0106985
6.47469	-0.00596022
6.47494	0.00407908
6.47518	0.0075758
6.47543	0.00164642
6.47567	-0.00295929
6.47592	-0.000108814
6.47616	0.000904932
6.47641	-0.00680064
6.47665	-0.0117026
6.4769	-0.00133976
6.47714	0.0141633
6.47738	0.0148742
6.47763	0.00147751
6.47787	-0.00682056
6.47812	-0.00243621
6.47836	0.0026948
6.47861	0.000695481
6.47885	-0.000459698
6.4791	0.00537414
6.47934	0.00978512
6.47959	0.00412037
6.47983	-0.00524924
6.48007	-0.00582584
6.48032	0.00378942
6.48056	0.013526
6.48081	0.0147079
6.48105	0.00796823
6.4813	0.000589933
6.48154	-0.00129096
6.48179	0.000910123
6.48203	0.00031795
6.48228	-0.00484539
6.48252	-0.00675199
6.48277	0.000726957
6.48301	0.0106377
6.48325	0.0112319
6.4835	0.00279361
6.48374	-0.00334462
6.48399	-0.00155626
6.48423	0.00206708
6.48448	0.00105576
6.48472	-0.00322393
6.48497	-0.00659025
6.48521	-0.00775132
6.48546	-0.00702382
6.4857	-0.00539781
6.48595	-0.00581954
6.48619	-0.00974166
6.48643	-0.0125128
6.48668	-0.00830611
6.48692	0.000745338
6.48717	0.00687545
6.48741	0.0074061
6.48766	0.0063297
6.4879	0.00609689
6.48815	0.00553861
6.48839	0.00548817
6.48864	0.00823791
6.48888	0.0110423
6.48913	0.00824132
6.48937	0.000751874
6.48961	-0.00426956
6.48986	-0.0040578
6.4901	-0.00272995
6.49035	-0.00237293
6.49059	-0.000194142
6.49084	0.00329974
6.49108	0.00217649
6.49133	-0.00486728
6.49157	-0.00961557
6.49182	-0.00457256
6.49206	0.00672356
6.4923	0.0139691
6.49255	0.0116782
6.49279	0.00358422
6.49304	-0.00211162
6.49328	-0.000257018
6.49353	0.00675057
6.49377	0.0116198
6.49402	0.0105115
6.49426	0.00668874
6.49451	0.00402805
6.49475	0.0013844
6.495	-0.00227311
6.49524	-0.00259357
6.49548	0.0032403
6.49573	0.00902503
6.49597	0.00767271
6.49622	0.00287989
6.49646	0.00284606
6.49671	0.00592775
6.49695	0.00413141
6.4972	-0.00133963
6.49744	-0.00137101
6.49769	0.00433343
6.49793	0.00585872
6.49818	0.000549786
6.49842	-0.00212319
6.49866	0.00262901
6.49891	0.00678317
6.49915	0.00431642
6.4994	0.00122762
6.49964	0.00292569
6.49989	0.00354131
6.50013	-0.00229752
6.50038	-0.00761054
6.50062	-0.004371
6.50087	0.00163381
6.50111	-6.28084e-05
6.50136	-0.00659923
6.5016	-0.00620287
6.50184	0.00242829
6.50209	0.00829443
6.50233	0.00539327
6.50258	-6.52353e-05
6.50282	-0.00165285
6.50307	-0.00139264
6.50331	-0.00261742
6.50356	-0.00291569
6.5038	0.000216109
6.50405	0.00297876
6.50429	0.000880981
6.50453	-0.00315987
6.50478	-0.00285167
6.50502	0.00130314
6.50527	0.00250459
6.50551	-0.00142986
6.50576	-0.00430545
6.506	-0.00134611
6.50625	0.00320903
6.50649	0.00345837
6.50674	0.00190636
6.50698	0.00433772
6.50723	0.00748155
6.50747	0.00238953
6.50771	-0.00901219
6.50796	-0.0125153
6.5082	-0.00209315
6.50845	0.00910161
6.50869	0.00705334
6.50894	-0.00276743
6.50918	-0.00496427
6.50943	0.00230543
6.50967	0.00689064
6.50992	0.00259662
6.51016	-0.00420065
6.51041	-0.00762777
6.51065	-0.00907974
6.51089	-0.00935698
6.51114	-0.00596798
6.51138	-0.000876363
6.51163	-7.87146e-05
6.51187	-0.00275291
6.51212	-0.00156708
6.51236	0.00348342
6.51261	0.00316841
6.51285	-0.00509912
6.5131	-0.0115706
6.51334	-0.00996289
6.51359	-0.00693853
6.51383	-0.00851933
6.51407	-0.00889491
6.51432	-0.00232718
6.51456	0.00448334
6.51481	0.00359133
6.51505	0.000556596
6.5153	0.00494268
6.51554	0.0126483
6.51579	0.0119951
6.51603	0.00363135
6.51628	-0.000338564
6.51652	0.00355163
6.51677	0.00521226
6.51701	-0.00127398
6.51725	-0.0077459
6.5175	-0.00546744
6.51774	0.0013343
6.51799	0.00297868
6.51823	-0.000934221
6.51848	-0.00256925
6.51872	0.00111098
6.51897	0.00422387
6.51921	0.00186231
6.51946	-0.00197356
6.5197	-0.00046565
6.51994	0.00495053
6.52019	0.00552994
6.52043	-0.00192869
6.52068	-0.00927123
6.52092	-0.00844981
6.52117	-0.00365661
6.52141	-0.00441231
6.52166	-0.00965863
6.5219	-0.00915108
6.52215	-0.000915482
6.52239	0.00429826
6.52264	0.000114999
6.52288	-0.00504762
6.52312	-0.00204795
6.52337	0.00397819
6.52361	0.00265481
6.52386	-0.00454128
6.5241	-0.00759073
6.52435	-0.00411798
6.52459	-0.000710491
6.52484	-4.42839e-05
6.52508	0.0018795
6.52533	0.00557446
6.52557	0.00597751
6.52582	0.0023284
6.52606	0.000439836
6.5263	0.00225494
6.52655	0.00220828
6.52679	-0.0021364
6.52704	-0.00446926
6.52728	-0.000485426
6.52753	0.00310918
6.52777	-0.00215971
6.52802	-0.01309
6.52826	-0.0186282
6.52851	-0.014837
6.52875	-0.00847264
6.529	-0.00598436
6.52924	-0.00608149
6.52948	-0.00501456
6.52973	-0.00335852
6.52997	-0.00375921
6.53022	-0.00553764
6.53046	-0.00577772
6.53071	-0.00413989
6.53095	-0.00260847
6.5312	-0.00106462
6.53144	0.00268798
6.53169	0.0077749
6.53193	0.00934395
6.53217	0.00500648
6.53242	-0.00141273
6.53266	-0.00567689
6.53291	-0.00907847
6.53315	-0.0137893
6.5334	-0.0154618
6.53364	-0.00797795
6.53389	0.00482902
6.53413	0.010649
6.53438	0.004823
6.53462	-0.0025283
6.53487	-0.000583808
6.53511	0.00725948
6.53535	0.00967118
6.5356	0.00409805
6.53584	-0.00155736
6.53609	-0.0023514
6.53633	-0.00225511
6.53658	-0.00538034
6.53682	-0.00926833
6.53707	-0.0102945
6.53731	-0.00925878
6.53756	-0.00734827
6.5378	-0.0022552
6.53805	0.0060515
6.53829	0.0104691
6.53853	0.0051146
6.53878	-0.00412737
6.53902	-0.00584036
6.53927	0.000708671
6.53951	0.00468126
6.53976	0.000678161
6.54	-0.00340367
6.54025	-0.00066187
6.54049	0.00264013
6.54074	-0.00140529
6.54098	-0.00659359
6.54123	-0.00174594
6.54147	0.0083857
6.54171	0.00721553
6.54196	-0.00759648
6.5422	-0.0183167
6.54245	-0.0131742
6.54269	-0.00315668
6.54294	-0.00296699
6.54318	-0.0084019
6.54343	-0.00658061
6.54367	0.000980724
6.54392	0.00215373
6.54416	-0.00392592
6.5444	-0.00575341
6.54465	0.000533525
6.54489	0.00570583
6.54514	0.00415601
6.54538	0.00199022
6.54563	0.00416751
6.54587	0.00564115
6.54612	0.00114925
6.54636	-0.0055919
6.54661	-0.00829116
6.54685	-0.00652057
6.5471	-0.00316542
6.54734	0.000314692
6.54758	0.00274613
6.54783	0.00330879
6.54807	0.00471267
6.54832	0.00977653
6.54856	0.0141481
6.54881	0.0107391
6.54905	0.0022342
6.5493	-0.000834806
6.54954	0.00370203
6.54979	0.00640823
6.55003	0.00213595
6.55028	-0.00273873
6.55052	-0.00333894
6.55076	-0.00413651
6.55101	-0.00776246
6.55125	-0.00829072
6.5515	-0.0030777
6.55174	0.000738732
6.55199	-0.000385789
6.55223	0.000838361
6.55248	0.00710063
6.55272	0.00762932
6.55297	-0.00289932
6.55321	-0.0102228
6.55346	-0.00103953
6.5537	0.0140097
6.55394	0.0160087
6.55419	0.00679285
6.55443	0.00220541
6.55468	0.00378875
6.55492	-0.000260892
6.55517	-0.00965652
6.55541	-0.0113095
6.55566	-0.0045016
6.5559	-0.00356951
6.55615	-0.0116311
6.55639	-0.014006
6.55663	-0.00453315
6.55688	0.00307752
6.55712	-0.000133406
6.55737	-0.00278344
6.55761	0.00496995
6.55786	0.0123743
6.5581	0.00699726
6.55835	-0.00268738
6.55859	-0.00210956
6.55884	0.00392036
6.55908	0.000772703
6.55933	-0.00879993
6.55957	-0.00840176
6.55981	0.00389179
6.56006	0.0115787
6.5603	0.00552969
6.56055	-0.00396774
6.56079	-0.00512018
6.56104	0.000443874
6.56128	0.00608217
6.56153	0.0103846
6.56177	0.012508
6.56202	0.00852592
6.56226	-0.000276288
6.56251	-0.00488975
6.56275	-0.00149278
6.56299	0.00199508
6.56324	-0.000295127
6.56348	-0.00129708
6.56373	0.00607777
6.56397	0.0135647
6.56422	0.0085351
6.56446	-0.00429225
6.56471	-0.00698367
6.56495	0.00571285
6.5652	0.0184409
6.56544	0.0167196
6.56569	0.00456278
6.56593	-0.00522481
6.56617	-0.00843466
6.56642	-0.00897434
6.56666	-0.00792804
6.56691	-0.00273626
6.56715	0.00505058
6.5674	0.00904928
6.56764	0.00552198
6.56789	-0.00264525
6.56813	-0.00923634
6.56838	-0.00956154
6.56862	-0.00352988
6.56886	0.00394553
6.56911	0.00754058
6.56935	0.00772246
6.5696	0.00908908
6.56984	0.0117968
6.57009	0.0103933
6.57033	0.00348874
6.57058	-0.00243723
6.57082	-0.00313084
6.57107	-0.00309189
6.57131	-0.00614123
6.57156	-0.00718903
6.5718	-0.0015923
6.57204	0.00433262
6.57229	0.00213826
6.57253	-0.00500858
6.57278	-0.00798234
6.57302	-0.00592553
6.57327	-0.0035808
6.57351	6.90834e-05
6.57376	0.00713892
6.574	0.0100286
6.57425	0.00139383
6.57449	-0.00853319
6.57474	-0.00322159
6.57498	0.0124205
6.57522	0.016157
6.57547	0.00285755
6.57571	-0.00704148
6.57596	-0.000361321
6.5762	0.00938651
6.57645	0.00689782
6.57669	-0.000594767
6.57694	0.00062267
6.57718	0.00700795
6.57743	0.00786919
6.57767	0.0061142
6.57792	0.0101313
6.57816	0.0148204
6.5784	0.00965885
6.57865	-0.00124051
6.57889	-0.00527917
6.57914	-0.00231092
6.57938	-0.00188227
6.57963	-0.00384212
6.57987	5.74063e-05
6.58012	0.00719366
6.58036	0.00500641
6.58061	-0.00783961
6.58085	-0.0173184
6.58109	-0.0139763
6.58134	-0.00359542
6.58158	0.00474952
6.58183	0.00898976
6.58207	0.00955102
6.58232	0.00590041
6.58256	0.00122964
6.58281	0.00129179
6.58305	0.00552238
6.5833	0.00697701
6.58354	0.00262308
6.58379	-0.0034397
6.58403	-0.00713102
6.58427	-0.00753742
6.58452	-0.00405703
6.58476	0.00176619
6.58501	0.00363577
6.58525	-0.00156431
6.5855	-0.00603323
6.58574	-0.00126747
6.58599	0.00731792
6.58623	0.00785144
6.58648	0.00113237
6.58672	-0.00156032
6.58697	0.00199088
6.58721	0.00333713
6.58745	0.0015295
6.5877	0.00560608
6.58794	0.0154447
6.58819	0.0176344
6.58843	0.0076291
6.58868	-0.000128003
6.58892	0.00543518
6.58917	0.0132764
6.58941	0.00706549
6.58966	-0.00899086
6.5899	-0.0158593
6.59015	-0.00667736
6.59039	0.0055697
6.59063	0.00739019
6.59088	0.000867177
6.59112	-0.00313503
6.59137	-0.000829427
6.59161	0.00161726
6.59186	-0.000356177
6.5921	-0.00167426
6.59235	0.00417539
6.59259	0.0123835
6.59284	0.0112397
6.59308	0.000476104
6.59333	-0.00562379
6.59357	0.000952572
6.59381	0.00929063
6.59406	0.00744684
6.5943	0.00207917
6.59455	0.00591564
6.59479	0.0142437
6.59504	0.0119486
6.59528	-0.00038989
6.59553	-0.00657032
6.59577	-0.000522521
6.59602	0.00620371
6.59626	0.00472617
6.5965	-9.87823e-05
6.59675	-0.00215231
6.59699	-0.00238333
6.59724	-0.00122155
6.59748	0.0032597
6.59773	0.00680248
6.59797	0.00241822
6.59822	-0.00591348
6.59846	-0.0075762
6.59871	-0.00407391
6.59895	-0.00680954
6.5992	-0.0152095
6.59944	-0.0160615
6.59968	-0.00709442
6.59993	-0.000803124
6.60017	-0.000993808
6.60042	0.00251066
6.60066	0.0105451
6.60091	0.0100843
6.60115	0.000925563
6.6014	0.00114698
6.60164	0.0144781
6.60189	0.0189082
6.60213	0.00366613
6.60238	-0.00887879
6.60262	0.00108612
6.60286	0.0176273
6.60311	0.0162172
6.60335	0.00293842
6.6036	-0.00101948
6.60384	0.00359948
6.60409	0.0022478
6.60433	-0.00193928
6.60458	0.00417389
6.60482	0.0137391
6.60507	0.00842019
6.60531	-0.00809817
6.60556	-0.0141697
6.6058	-0.00534318
6.60604	0.00163077
6.60629	-0.0010935
6.60653	-0.00428309
6.60678	-0.00373664
6.60702	-0.00569682
6.60727	-0.00872483
6.60751	-0.00366022
6.60776	0.00642179
6.608	0.00839241
6.60825	0.0025937
6.60849	0.00194433
6.60873	0.00658821
6.60898	0.00317521
6.60922	-0.00815879
6.60947	-0.0106887
6.60971	0.000283722
6.60996	0.00944356
6.6102	0.00797904
6.61045	0.00485195
6.61069	0.00496192
6.61094	-0.000206158
6.61118	-0.0113986
6.61143	-0.0141189
6.61167	-0.00289222
6.61191	0.00816492
6.61216	0.00944668
6.6124	0.0094296
6.61265	0.0135289
6.61289	0.0118945
6.61314	0.0014711
6.61338	-0.00225512
6.61363	0.008349
6.61387	0.0161067
6.61412	0.00696647
6.61436	-0.00474038
6.61461	-4.53893e-06
6.61485	0.0131037
6.61509	0.0147226
6.61534	0.00643532
6.61558	0.00451747
6.61583	0.0096297
6.61607	0.0082117
6.61632	-0.000884132
6.61656	-0.00428056
6.61681	0.00261551
6.61705	0.00954415
6.6173	0.00884641
6.61754	0.00341994
6.61779	-0.00220215
6.61803	-0.00548364
6.61827	-0.00270075
6.61852	0.00562837
6.61876	0.00988614
6.61901	0.00418899
6.61925	-0.00129651
6.6195	0.00546572
6.61974	0.0177238
6.61999	0.0190829
6.62023	0.00854441
6.62048	-0.000232755
6.62072	-0.00122284
6.62096	-0.000361191
6.62121	0.000320859
6.62145	0.00527576
6.6217	0.0122476
6.62194	0.0130564
6.62219	0.00836313
6.62243	0.00650549
6.62268	0.00760682
6.62292	0.004418
6.62317	-0.00147221
6.62341	-0.00125691
6.62366	0.00295077
6.6239	-9.29264e-05
6.62414	-0.00911388
6.62439	-0.00984021
6.62463	5.95807e-05
6.62488	0.00566117
6.62512	0.000545567
6.62537	-0.00246321
6.62561	0.00465006
6.62586	0.0103462
6.6261	0.00519071
6.62635	-0.000420899
6.62659	0.00422185
6.62684	0.00922809
6.62708	0.00142271
6.62732	-0.0099317
6.62757	-0.00564171
6.62781	0.0122309
6.62806	0.0220056
6.6283	0.0129761
6.62855	-0.00302948
6.62879	-0.0108801
6.62904	-0.00818821
6.62928	-0.000561872
6.62953	0.00669981
6.62977	0.00933008
6.63002	0.00569119
6.63026	3.79533e-05
6.6305	-0.00197393
6.63075	-0.000690227
6.63099	0.000238914
6.63124	0.000932003
6.63148	0.0023046
6.63173	-9.72463e-06
6.63197	-0.0089974
6.63222	-0.0164363
6.63246	-0.0111342
6.63271	0.00368318
6.63295	0.0125705
6.63319	0.00855163
6.63344	0.0009309
6.63368	3.82386e-05
6.63393	0.00415807
6.63417	0.00571272
6.63442	0.00256558
6.63466	-0.00142859
6.63491	-0.00207259
6.63515	0.00161808
6.6354	0.00569624
6.63564	0.00362327
6.63589	-0.00439285
6.63613	-0.00711048
6.63637	0.00391647
6.63662	0.0185126
6.63686	0.0179871
6.63711	0.00141355
6.63735	-0.0118324
6.6376	-0.00899329
6.63784	0.000888472
6.63809	0.00473359
6.63833	0.00375591
6.63858	0.00429135
6.63882	0.00370752
6.63907	-0.00125121
6.63931	-0.00269805
6.63955	0.00633399
6.6398	0.015769
6.64004	0.0112516
6.64029	-0.0018061
6.64053	-0.00487369
6.64078	0.00477423
6.64102	0.0105835
6.64127	0.00417992
6.64151	-0.00273513
6.64176	-0.000431021
6.642	0.00263032
6.64225	-0.00329417
6.64249	-0.0107267
6.64273	-0.00795118
6.64298	-0.000150969
6.64322	-0.000962349
6.64347	-0.00865395
6.64371	-0.00819708
6.64396	0.00356111
6.6442	0.0116579
6.64445	0.00626168
6.64469	-0.0022637
6.64494	3.58067e-05
6.64518	0.00966827
6.64542	0.0124536
6.64567	0.00532869
6.64591	-0.000863767
6.64616	0.000745359
6.6464	0.00390915
6.64665	0.00130122
6.64689	-0.00362849
6.64714	-0.00353589
6.64738	8.15278e-05
6.64763	-0.000309969
6.64787	-0.00506446
6.64812	-0.0062499
6.64836	-0.00101633
6.6486	0.00275477
6.64885	-0.00133119
6.64909	-0.00766656
6.64934	-0.00727921
6.64958	-0.00158312
6.64983	0.00129925
6.65007	0.000663588
6.65032	0.00328407
6.65056	0.00977561
6.65081	0.0119159
6.65105	0.00646962
6.6513	0.00138004
6.65154	0.00288408
6.65178	0.00547569
6.65203	0.00186253
6.65227	-0.00476447
6.65252	-0.00692151
6.65276	-0.00498451
6.65301	-0.00360873
6.65325	-0.0012437
6.6535	0.00563623
6.65374	0.0113328
6.65399	0.00656526
6.65423	-0.00525633
6.65448	-0.00987205
6.65472	-0.00203544
6.65496	0.00809501
6.65521	0.0112333
6.65545	0.00990161
6.6557	0.00879962
6.65594	0.00623802
6.65619	0.00199597
6.65643	0.0024826
6.65668	0.00912681
6.65692	0.0116288
6.65717	0.00365872
6.65741	-0.00351062
6.65765	0.0038859
6.6579	0.0199906
6.65814	0.0269983
6.65839	0.0211079
6.65863	0.0150427
6.65888	0.0155459
6.65912	0.0147652
6.65937	0.00713107
6.65961	-0.000366486
6.65986	-0.0010388
6.6601	0.00103768
6.66035	0.0008029
6.66059	0.00135546
6.66083	0.00494314
6.66108	0.00494262
6.66132	-0.00292577
6.66157	-0.00955106
6.66181	-0.0041546
6.66206	0.008343
6.6623	0.0133906
6.66255	0.00712744
6.66279	-0.00043802
6.66304	-0.00121392
6.66328	0.00240654
6.66353	0.00494059
6.66377	0.00458948
6.66401	0.00153547
6.66426	-0.0028241
6.6645	-0.00407656
6.66475	0.000800362
6.66499	0.00706028
6.66524	0.00735817
6.66548	0.00308766
6.66573	0.00227818
6.66597	0.00612087
6.66622	0.0073905
6.66646	0.00390922
6.66671	0.00270611
6.66695	0.00686265
6.66719	0.00929509
6.66744	0.00606366
6.66768	0.00494526
6.66793	0.011192
6.66817	0.0145236
6.66842	0.00387778
6.66866	-0.011011
6.66891	-0.00915108
6.66915	0.0109158
6.6694	0.0259096
6.66964	0.01852
6.66988	-0.00011472
6.67013	-0.00754467
6.67037	0.000414229
6.67062	0.00907186
6.67086	0.00825396
6.67111	0.00274161
6.67135	-0.000632671
6.6716	-0.00373116
6.67184	-0.00970518
6.67209	-0.0136271
6.67233	-0.00844784
6.67258	0.00371851
6.67282	0.0133792
6.67306	0.0150214
6.67331	0.0110582
6.67355	0.00606456
6.6738	0.00308198
6.67404	0.00456284
6.67429	0.0101622
6.67453	0.0135364
6.67478	0.00886709
6.67502	0.00174192
6.67527	0.00477554
6.67551	0.0189053
6.67576	0.0283656
6.676	0.0211361
6.67624	0.00628943
6.67649	0.00143112
6.67673	0.00894542
6.67698	0.0163088
6.67722	0.016565
6.67747	0.015264
6.67771	0.0166327
6.67796	0.0158425
6.6782	0.00947423
6.67845	0.00326305
6.67869	0.00311408
6.67894	0.00591906
6.67918	0.00585736
6.67942	0.0042475
6.67967	0.006263
6.67991	0.011093
6.68016	0.0118095
6.6804	0.00461876
6.68065	-0.00562703
6.68089	-0.00995748
6.68114	-0.00471947
6.68138	0.00352297
6.68163	0.00437069
6.68187	-0.00357591
6.68212	-0.0100588
6.68236	-0.00709676
6.6826	-0.000119006
6.68285	0.00202088
6.68309	0.00209014
6.68334	0.00778261
6.68358	0.0142599
6.68383	0.00963508
6.68407	-0.00192076
6.68432	-0.00081639
6.68456	0.0183721
6.68481	0.034965
6.68505	0.0296945
6.68529	0.00986577
6.68554	-0.00433496
6.68578	-0.00607971
6.68603	-0.00169215
6.68627	0.0045689
6.68652	0.0111195
6.68676	0.0130162
6.68701	0.00928622
6.68725	0.00888194
6.6875	0.0162953
6.68774	0.0199713
6.68799	0.00975302
6.68823	-0.00337844
6.68847	-0.0028851
6.68872	0.00594251
6.68896	0.00501803
6.68921	-0.005314
6.68945	-0.00758345
6.6897	0.00125252
6.68994	0.00429709
6.69019	-0.0049439
6.69043	-0.010472
6.69068	-0.00135603
6.69092	0.00929411
6.69117	0.00581672
6.69141	-0.00579512
6.69165	-0.00960979
6.6919	-0.00398871
6.69214	7.82775e-05
6.69239	-0.00275235
6.69263	-0.0080249
6.69288	-0.0110027
6.69312	-0.0108635
6.69337	-0.00847189
6.69361	-0.00603751
6.69386	-0.00564212
6.6941	-0.00520984
6.69435	-0.00148454
6.69459	0.00186765
6.69483	-0.00201809
6.69508	-0.00966526
6.69532	-0.00885548
6.69557	0.00256892
6.69581	0.0119345
6.69606	0.0109873
6.6963	0.00669281
6.69655	0.00598884
6.69679	0.00414684
6.69704	-0.00185851
6.69728	-0.00265956
6.69752	0.00759671
6.69777	0.0167483
6.69801	0.0111842
6.69826	-0.00258485
6.6985	-0.00854346
6.69875	-0.00546496
6.69899	-0.00418994
6.69924	-0.00680456
6.69948	-0.00589039
6.69973	-0.00109085
6.69997	0.000456196
6.70022	-0.0011068
6.70046	0.00119403
6.7007	0.00649999
6.70095	0.00695953
6.70119	0.00331637
6.70144	0.00449367
6.70168	0.0105052
6.70193	0.011114
6.70217	0.00425925
6.70242	0.000768437
6.70266	0.00623021
6.70291	0.0124135
6.70315	0.0125169
6.7034	0.0115087
6.70364	0.0141203
6.70388	0.0151707
6.70413	0.0108094
6.70437	0.00824673
6.70462	0.0138409
6.70486	0.0204683
6.70511	0.0180249
6.70535	0.00972772
6.7056	0.00634641
6.70584	0.00889167
6.70609	0.00889954
6.70633	0.00366628
6.70658	-0.000362462
6.70682	0.000263823
6.70706	0.000878778
6.70731	-0.0016348
6.70755	-0.00263589
6.7078	0.00228654
6.70804	0.0090773
6.70829	0.0103789
6.70853	0.00582499
6.70878	0.00203255
6.70902	0.00313685
6.70927	0.00567236
6.70951	0.00414455
6.70975	-0.00111289
6.71	-0.00426225
6.71024	-0.00144128
6.71049	0.00483853
6.71073	0.00957139
6.71098	0.0110005
6.71122	0.0103491
6.71147	0.00796659
6.71171	0.00340459
6.71196	-0.00129449
6.7122	-0.00252647
6.71245	-0.000266988
6.71269	0.00125821
6.71293	-0.000305245
6.71318	-0.00194038
6.71342	-0.000314605
6.71367	0.00243198
6.71391	0.00133831
6.71416	-0.00447675
6.7144	-0.0109021
6.71465	-0.0139978
6.71489	-0.0128897
6.71514	-0.00830589
6.71538	-0.00224674
6.71563	0.000805724
6.71587	-0.0027102
6.71611	-0.00894668
6.71636	-0.00852903
6.7166	0.00120208
6.71685	0.0103081
6.71709	0.00839161
6.71734	-0.000924399
6.71758	-0.00559189
6.71783	-0.00322955
6.71807	-0.00313817
6.71832	-0.00886456
6.71856	-0.0107234
6.71881	-0.00201058
6.71905	0.00794203
6.71929	0.00695706
6.71954	-0.00141662
6.71978	-0.00425905
6.72003	0.00107642
6.72027	0.00644991
6.72052	0.00872098
6.72076	0.0119476
6.72101	0.014628
6.72125	0.00962324
6.7215	-0.000805657
6.72174	-0.00404105
6.72198	0.00404825
6.72223	0.0119333
6.72247	0.00979147
6.72272	0.00222355
6.72296	-0.00273704
6.72321	-0.00553562
6.72345	-0.008227
6.7237	-0.00692979
6.72394	-0.000487337
6.72419	0.00318246
6.72443	-0.000748216
6.72468	-0.00443798
6.72492	-6.75686e-06
6.72516	0.00691518
6.72541	0.00696775
6.72565	0.0020493
6.7259	-0.000894359
6.72614	-0.00299989
6.72639	-0.00792077
6.72663	-0.010662
6.72688	-0.00547087
6.72712	0.00172768
6.72737	0.00274303
6.72761	0.00220505
6.72786	0.00775196
6.7281	0.0118115
6.72834	0.00189945
6.72859	-0.014863
6.72883	-0.0181432
6.72908	-0.00520041
6.72932	0.00497595
6.72957	0.0010408
6.72981	-0.00681375
6.73006	-0.00754255
6.7303	-0.00509358
6.73055	-0.00560768
6.73079	-0.0053382
6.73104	-0.00110072
6.73128	0.00096955
6.73152	-0.00301758
6.73177	-0.00596857
6.73201	-0.00182352
6.73226	0.0042065
6.7325	0.00581534
6.73275	0.00565665
6.73299	0.00704571
6.73324	0.00607909
6.73348	0.000706721
6.73373	-0.00249086
6.73397	0.000350613
6.73421	0.00204567
6.73446	-0.00330299
6.7347	-0.00911832
6.73495	-0.00717006
6.73519	-0.000578824
6.73544	0.00353372
6.73568	0.00529065
6.73593	0.00642682
6.73617	0.00337691
6.73642	-0.00354872
6.73666	-0.00464738
6.73691	0.00363671
6.73715	0.00860918
6.73739	0.000423622
6.73764	-0.00985507
6.73788	-0.00756812
6.73813	0.00085095
6.73837	-2.47733e-05
6.73862	-0.0067873
6.73886	-0.00420841
6.73911	0.00556559
6.73935	0.00600601
6.7396	-0.00285774
6.73984	-0.00279026
6.74009	0.00973606
6.74033	0.0148692
6.74057	0.00231407
6.74082	-0.0109686
6.74106	-0.00871827
6.74131	-0.000193183
6.74155	-0.00115684
6.7418	-0.00735177
6.74204	-0.00529311
6.74229	0.00306103
6.74253	0.00522642
6.74278	-0.000208845
6.74302	-0.00402676
6.74327	-0.0029798
6.74351	-0.00100658
6.74375	0.00145083
6.744	0.00547395
6.74424	0.0054925
6.74449	-0.00314018
6.74473	-0.0123628
6.74498	-0.0111713
6.74522	-0.00372248
6.74547	-0.00314728
6.74571	-0.0098347
6.74596	-0.0115268
6.7462	-0.00446248
6.74644	0.00157719
6.74669	0.00107022
6.74693	-6.94206e-06
6.74718	0.00163504
6.74742	5.18116e-06
6.74767	-0.00680379
6.74791	-0.0100949
6.74816	-0.00453418
6.7484	0.0029148
6.74865	0.00529635
6.74889	0.00600792
6.74914	0.00893628
6.74938	0.00894948
6.74962	0.00191987
6.74987	-0.00485196
6.75011	-0.00312516
6.75036	0.0024097
6.7506	0.00180941
6.75085	-0.00396003
6.75109	-0.00582158
6.75134	-0.0020122
6.75158	0.000290223
6.75183	-0.00263308
6.75207	-0.0066657
6.75232	-0.00768578
6.75256	-0.00596012
6.7528	-0.00270051
6.75305	0.00130383
6.75329	0.00374811
6.75354	0.00249698
6.75378	-0.00169155
6.75403	-0.00739969
6.75427	-0.0140088
6.75452	-0.0174752
6.75476	-0.0112048
6.75501	0.00261078
6.75525	0.0100763
6.7555	0.00325779
6.75574	-0.00632597
6.75598	-0.0036549
6.75623	0.0066676
6.75647	0.00801252
6.75672	-0.00159644
6.75696	-0.00768551
6.75721	-0.00384471
6.75745	-1.66215e-05
6.7577	-0.00287662
6.75794	-0.00534663
6.75819	-0.00241548
6.75843	-0.00147348
6.75868	-0.00738423
6.75892	-0.0110155
6.75916	-0.00401257
6.75941	0.00598862
6.75965	0.00692195
6.7599	0.000388065
6.76014	-0.00366718
6.76039	-0.00320835
6.76063	-0.00311364
6.76088	-0.00370409
6.76112	-0.00231498
6.76137	-0.00223552
6.76161	-0.00833252
6.76185	-0.0162797
6.7621	-0.0168775
6.76234	-0.00950972
6.76259	-0.00169787
6.76283	0.00285785
6.76308	0.00618473
6.76332	0.00786576
6.76357	0.00536791
6.76381	0.0018967
6.76406	0.00359421
6.7643	0.00838389
6.76455	0.0076154
6.76479	7.37611e-05
6.76503	-0.00566315
6.76528	-0.00526785
6.76552	-0.00488781
6.76577	-0.00897518
6.76601	-0.0115444
6.76626	-0.00669549
6.7665	-0.000440793
6.76675	-0.00281312
6.76699	-0.0118742
6.76724	-0.0152051
6.76748	-0.00750348
6.76773	0.00184107
6.76797	0.0023123
6.76821	-0.00306594
6.76846	-0.0033257
6.7687	0.00326927
6.76895	0.00657731
6.76919	0.000845476
6.76944	-0.00539565
6.76968	-0.00238628
6.76993	0.00491242
6.77017	0.00438861
6.77042	-0.00343017
6.77066	-0.0061674
6.77091	-0.000397862
6.77115	0.00251093
6.77139	-0.0040653
6.77164	-0.0103682
6.77188	-0.0066438
6.77213	0.00081627
6.77237	0.00154725
6.77262	-0.000910235
6.77286	0.00314524
6.77311	0.0100382
6.77335	0.00693753
6.7736	-0.00632641
6.77384	-0.0149961
6.77408	-0.010886
6.77433	-0.00307188
6.77457	-0.00270573
6.77482	-0.00751094
6.77506	-0.00757499
6.77531	7.88661e-05
6.77555	0.00874991
6.7758	0.0109722
6.77604	0.00646999
6.77629	0.0019413
6.77653	0.00333849
6.77678	0.00787997
6.77702	0.00654916
6.77726	-0.00327822
6.77751	-0.0123109
6.77775	-0.010966
6.778	-0.00192828
6.77824	0.00495438
6.77849	0.00593555
6.77873	0.00431883
6.77898	0.00209874
6.77922	-0.000950161
6.77947	-0.00248182
6.77971	-0.000247682
6.77996	0.00238018
6.7802	0.00120382
6.78044	-0.000912373
6.78069	0.00127196
6.78093	0.00576843
6.78118	0.00676499
6.78142	0.00431653
6.78167	0.00173226
6.78191	-0.00260535
6.78216	-0.0103393
6.7824	-0.0142471
6.78265	-0.0067414
6.78289	0.00566878
6.78314	0.00972248
6.78338	0.00503353
6.78362	0.00226949
6.78387	0.00359731
6.78411	0.00105794
6.78436	-0.00558821
6.7846	-0.00674004
6.78485	-0.00103894
6.78509	0.0016432
6.78534	-0.00101609
6.78558	0.000240683
6.78583	0.00622862
6.78607	0.00419799
6.78631	-0.0087119
6.78656	-0.0154652
6.7868	-0.00474456
6.78705	0.00972388
6.78729	0.0099117
6.78754	-0.000229623
6.78778	-0.00521637
6.78803	-0.00358345
6.78827	-0.00548195
6.78852	-0.0118498
6.78876	-0.0131703
6.78901	-0.00628564
6.78925	0.00159754
6.78949	0.00480921
6.78974	0.00464813
6.78998	0.00394441
6.79023	0.0039834
6.79047	0.0049007
6.79072	0.0040652
6.79096	-0.00129329
6.79121	-0.00612906
6.79145	-0.000978429
6.7917	0.0114688
6.79194	0.0150527
6.79219	0.00390276
6.79243	-0.00582322
6.79267	-0.000416111
6.79292	0.00854444
6.79316	0.00277888
6.79341	-0.0123367
6.79365	-0.0166541
6.7939	-0.00756408
6.79414	-0.0013357
6.79439	-0.00485359
6.79463	-0.00787986
6.79488	-0.00444998
6.79512	-0.00139976
6.79537	-0.00198201
6.79561	0.000134056
6.79585	0.00541276
6.7961	0.00474313
6.79634	-0.00242798
6.79659	-0.00325227
6.79683	0.0070156
6.79708	0.0146863
6.79732	0.00907532
6.79757	-0.000143009
6.79781	0.000486724
6.79806	0.00640162
6.7983	0.00436002
6.79854	-0.00494707
6.79879	-0.00917692
6.79903	-0.00493549
6.79928	-0.00118034
6.79952	-0.00234799
6.79977	-0.00134898
6.80001	0.00708612
6.80026	0.0160356
6.8005	0.0155582
6.80075	0.0069005
6.80099	0.000797933
6.80124	0.00258726
6.80148	0.00495227
6.80172	-0.0013016
6.80197	-0.0127831
6.80221	-0.016367
6.80246	-0.00728479
6.8027	0.00311666
6.80295	0.00269519
6.80319	-0.00471513
6.80344	-0.00590021
6.80368	0.00257186
6.80393	0.0116243
6.80417	0.0143286
6.80442	0.012816
6.80466	0.0100921
6.8049	0.00535948
6.80515	7.90317e-05
6.80539	-0.000547489
6.80564	0.00398432
6.80588	0.00703651
6.80613	0.00430168
6.80637	-0.000801867
6.80662	-0.00367648
6.80686	-0.00364844
6.80711	-0.000593895
6.80735	0.00578421
6.8076	0.0111038
6.80784	0.00912958
6.80808	0.00197555
6.80833	-0.00139028
6.80857	0.000680486
6.80882	0.000238791
6.80906	-0.00488673
6.80931	-0.00545625
6.80955	0.00343798
6.8098	0.012923
6.81004	0.0144783
6.81029	0.0119658
6.81053	0.0105245
6.81077	0.00566315
6.81102	-0.00481643
6.81126	-0.00978863
6.81151	-0.000597645
6.81175	0.0116778
6.812	0.0113367
6.81224	0.00264667
6.81249	0.0010828
6.81273	0.00624261
6.81298	0.00460423
6.81322	-0.00335203
6.81347	-0.00190001
6.81371	0.0115831
6.81395	0.0195612
6.8142	0.0126078
6.81444	0.00405617
6.81469	0.0060881
6.81493	0.0099042
6.81518	0.00359386
6.81542	-0.00580172
6.81567	-0.0046446
6.81591	0.00398247
6.81616	0.00644782
6.8164	0.000927449
6.81665	-0.00266574
6.81689	-0.00081126
6.81713	0.00063123
6.81738	-0.000695873
6.81762	-0.00122153
6.81787	-0.000762471
6.81811	-0.00228723
6.81836	-0.00350291
6.8186	-9.92478e-06
6.81885	0.00459648
6.81909	0.00348363
6.81934	-0.000253896
6.81958	0.00164874
6.81983	0.00565731
6.82007	-0.000290749
6.82031	-0.0145384
6.82056	-0.0191191
6.8208	-0.00548017
6.82105	0.012054
6.82129	0.0170828
6.82154	0.0121669
6.82178	0.00860745
6.82203	0.00729021
6.82227	0.00318666
6.82252	-0.00016405
6.82276	0.00384877
6.823	0.010003
6.82325	0.00719374
6.82349	-0.00260964
6.82374	-0.00596931
6.82398	0.000895482
6.82423	0.00661908
6.82447	0.00355858
6.82472	-0.000637294
6.82496	0.00352285
6.82521	0.0123638
6.82545	0.0152359
6.8257	0.00936795
6.82594	0.001527
6.82618	-0.00106288
6.82643	0.0037904
6.82667	0.0130094
6.82692	0.0189649
6.82716	0.014516
6.82741	0.00209957
6.82765	-0.00603894
6.8279	-0.00167371
6.82814	0.00898921
6.82839	0.0139768
6.82863	0.0106923
6.82888	0.00575821
6.82912	0.00308507
6.82936	0.000777137
6.82961	-0.00100687
6.82985	0.00152136
6.8301	0.00749967
6.83034	0.00991496
6.83059	0.00624656
6.83083	0.00338924
6.83108	0.00684438
6.83132	0.0116291
6.83157	0.0108529
6.83181	0.00781391
6.83206	0.0103301
6.8323	0.0162832
6.83254	0.0157438
6.83279	0.00744093
6.83303	0.0016748
6.83328	0.00370462
6.83352	0.00567617
6.83377	0.00168375
6.83401	4.46555e-05
6.83426	0.00954205
6.8345	0.0212137
6.83475	0.0182483
6.83499	0.00121848
6.83524	-0.0112337
6.83548	-0.00803821
6.83572	0.00194732
6.83597	0.00698043
6.83621	0.00804868
6.83646	0.0101049
6.8367	0.00999697
6.83695	0.00407673
6.83719	-0.000923252
6.83744	0.00309141
6.83768	0.0111182
6.83793	0.0115131
6.83817	0.00340617
6.83841	-0.00377845
6.83866	-0.00565627
6.8389	-0.00582764
6.83915	-0.00482838
6.83939	0.00106112
6.83964	0.00896494
6.83988	0.0100306
6.84013	0.00407435
6.84037	0.00177889
6.84062	0.00767572
6.84086	0.0125252
6.84111	0.00917192
6.84135	0.00477854
6.84159	0.00782129
6.84184	0.0122858
6.84208	0.00714793
6.84233	-0.00405494
6.84257	-0.00665499
6.84282	0.00320421
6.84306	0.0122339
6.84331	0.00807895
6.84355	-0.00553037
6.8438	-0.0155625
6.84404	-0.0147651
6.84429	-0.0056792
6.84453	0.00516355
6.84477	0.0119039
6.84502	0.0112194
6.84526	0.00471758
6.84551	-0.000946307
6.84575	-8.79685e-05
6.846	0.00528875
6.84624	0.00744973
6.84649	0.00275677
6.84673	-0.00289652
6.84698	-0.0012472
6.84722	0.00681049
6.84747	0.0111152
6.84771	0.00536801
6.84795	-0.00365022
6.8482	-0.00435689
6.84844	0.00435235
6.84869	0.0119356
6.84893	0.0104908
6.84918	0.00424434
6.84942	0.00230801
6.84967	0.00678158
6.84991	0.0120952
6.85016	0.0133228
6.8504	0.0109425
6.85064	0.008131
6.85089	0.00643288
6.85113	0.00455005
6.85138	0.000586783
6.85162	-0.0044552
6.85187	-0.00640676
6.85211	-0.00315192
6.85236	0.00118588
6.8526	0.00107166
6.85285	-0.00228333
6.85309	-0.00297836
6.85334	-0.000567898
6.85358	-0.000842687
6.85382	-0.00443563
6.85407	-0.00326194
6.85431	0.0061808
6.85456	0.0138137
6.8548	0.00884014
6.85505	-0.00384586
6.85529	-0.0101981
6.85554	-0.00689453
6.85578	-0.00370386
6.85603	-0.00648784
6.85627	-0.00929829
6.85652	-0.00618714
6.85676	-0.000564228
6.857	0.00262911
6.85725	0.00582854
6.85749	0.0128227
6.85774	0.0195744
6.85798	0.0188273
6.85823	0.0109286
6.85847	0.00324451
6.85872	0.000380487
6.85896	0.000755074
6.85921	0.00164268
6.85945	0.00192589
6.8597	0.00044489
6.85994	-0.0028739
6.86018	-0.00427779
6.86043	3.05288e-05
6.86067	0.0070015
6.86092	0.00925347
6.86116	0.00556901
6.86141	0.00289727
6.86165	0.00557581
6.8619	0.00868159
6.86214	0.00617502
6.86239	0.000264123
6.86263	-0.00282132
6.86287	-0.00216697
6.86312	-0.00089631
6.86336	0.00127378
6.86361	0.00678935
6.86385	0.0130564
6.8641	0.0142313
6.86434	0.0103961
6.86459	0.00758894
6.86483	0.00779784
6.86508	0.00665401
6.86532	0.0031889
6.86557	0.003542
6.86581	0.0104828
6.86605	0.0165672
6.8663	0.0139668
6.86654	0.00552165
6.86679	-0.000656221
6.86703	-0.00301543
6.86728	-0.00553761
6.86752	-0.00803854
6.86777	-0.00561191
6.86801	0.0028169
6.86826	0.0118437
6.8685	0.0157913
6.86875	0.0131794
6.86899	0.00588291
6.86923	-0.00191831
6.86948	-0.00537309
6.86972	-0.00382344
6.86997	-0.00229632
6.87021	-0.00422074
6.87046	-0.00581142
6.8707	-0.00263562
6.87095	0.00222171
6.87119	0.00333525
6.87144	0.00242809
6.87168	0.00428658
6.87193	0.00645188
6.87217	0.00327079
6.87241	-0.00142357
6.87266	0.00251513
6.8729	0.0145248
6.87315	0.0210394
6.87339	0.0138936
6.87364	0.00115654
6.87388	-0.00496784
6.87413	-0.00251564
6.87437	0.00273933
6.87462	0.00641209
6.87486	0.0069238
6.8751	0.00423775
6.87535	0.00182172
6.87559	0.00412422
6.87584	0.00878327
6.87608	0.00801407
6.87633	0.000922643
6.87657	-0.00340417
6.87682	0.000807485
6.87706	0.00783173
6.87731	0.010385
6.87755	0.00929278
6.8778	0.00763291
6.87804	0.00422645
6.87828	8.27274e-05
6.87853	0.00231753
6.87877	0.0126305
6.87902	0.0199595
6.87926	0.0149494
6.87951	0.00482771
6.87975	0.00259193
6.88	0.00739456
6.88024	0.00838964
6.88049	0.00368578
6.88073	0.00124556
6.88098	0.00257568
6.88122	0.00023032
6.88146	-0.00678553
6.88171	-0.00884055
6.88195	-0.0013854
6.8822	0.00673731
6.88244	0.00698682
6.88269	0.00367134
6.88293	0.0051433
6.88318	0.00959917
6.88342	0.00871481
6.88367	0.00170155
6.88391	-0.00336125
6.88416	-0.00196073
6.8844	0.00111166
6.88464	0.00104775
6.88489	0.00139688
6.88513	0.00713479
6.88538	0.0131592
6.88562	0.00876413
6.88587	-0.00514829
6.88611	-0.0130564
6.88636	-0.00532617
6.8866	0.00663279
6.88685	0.00621076
6.88709	-0.00375202
6.88733	-0.0067758
6.88758	-0.000329297
6.88782	0.0007752
6.88807	-0.00859089
6.88831	-0.0130771
6.88856	-0.00243084
6.8888	0.00992841
6.88905	0.00813517
6.88929	-0.000848494
6.88954	-0.00059693
6.88978	0.0071092
6.89003	0.00757839
6.89027	-0.000506599
6.89051	-0.00412504
6.89076	0.00156699
6.891	0.00839409
6.89125	0.0119283
6.89149	0.0154014
6.89174	0.0167265
6.89198	0.00930823
6.89223	-0.00226623
6.89247	-0.00443458
6.89272	0.0041856
6.89296	0.00993386
6.89321	0.00586239
6.89345	-4.90283e-05
6.89369	-0.00253988
6.89394	-0.00726177
6.89418	-0.014704
6.89443	-0.0136586
6.89467	-0.000459824
6.89492	0.0111175
6.89516	0.0103189
6.89541	0.00534433
6.89565	0.0068291
6.8959	0.00949263
6.89614	0.0046708
6.89639	-0.00121466
6.89663	0.00261958
6.89687	0.0111973
6.89712	0.0115743
6.89736	0.0045232
6.89761	0.00163083
6.89785	0.00477007
6.8981	0.00508513
6.89834	0.000779827
6.89859	8.91972e-05
6.89883	0.00581821
6.89908	0.0109475
6.89932	0.0115959
6.89956	0.0120119
6.89981	0.0141539
6.90005	0.0135845
6.9003	0.00901834
6.90054	0.00612069
6.90079	0.00806961
6.90103	0.0105185
6.90128	0.00925884
6.90152	0.00583672
6.90177	0.00299231
6.90201	0.00127091
6.90226	0.0020112
6.9025	0.00656064
6.90274	0.0105785
6.90299	0.00667602
6.90323	-0.00445737
6.90348	-0.0127272
6.90372	-0.0117149
6.90397	-0.0064373
6.90421	-0.00444978
6.90446	-0.00556846
6.9047	-0.00482846
6.90495	-0.000359061
6.90519	0.0061899
6.90544	0.0127919
6.90568	0.0166809
6.90592	0.0148562
6.90617	0.00859908
6.90641	0.00366956
6.90666	0.00275461
6.9069	0.0018889
6.90715	-0.00220168
6.90739	-0.00600555
6.90764	-0.00494478
6.90788	-0.000666307
6.90813	0.00274749
6.90837	0.0056947
6.90862	0.00973035
6.90886	0.010812
6.9091	0.00400497
6.90935	-0.00645145
6.90959	-0.0104904
6.90984	-0.00629309
6.91008	-0.00227908
6.91033	-0.00266922
6.91057	-0.000704681
6.91082	0.00769431
6.91106	0.0127335
6.91131	0.00425297
6.91155	-0.00888161
6.91179	-0.00732935
6.91204	0.0101389
6.91228	0.0215404
6.91253	0.0118323
6.91277	-0.00501468
6.91302	-0.00613933
6.91326	0.0074259
6.91351	0.0143681
6.91375	0.00572377
6.914	-0.00425343
6.91424	-0.00257744
6.91449	0.00419421
6.91473	0.00430922
6.91497	-0.000522886
6.91522	-0.00242433
6.91546	-0.00302807
6.91571	-0.00826688
6.91595	-0.0138535
6.9162	-0.0100823
6.91644	0.00138169
6.91669	0.0082849
6.91693	0.00500603
6.91718	-0.00192037
6.91742	-0.00538412
6.91767	-0.00444494
6.91791	0.000413992
6.91815	0.00784823
6.9184	0.0108415
6.91864	0.00303723
6.91889	-0.00818111
6.91913	-0.00742839
6.91938	0.00596218
6.91962	0.0138571
6.91987	0.00467168
6.92011	-0.00955764
6.92036	-0.0111629
6.9206	-0.00136744
6.92085	0.00543335
6.92109	0.0041483
6.92133	0.00174265
6.92158	0.0017669
6.92182	0.000739413
6.92207	-0.000417657
6.92231	0.00486867
6.92256	0.0155233
6.9228	0.0199302
6.92305	0.0119397
6.92329	0.000972222
6.92354	-0.000588745
6.92378	0.00615931
6.92403	0.0101343
6.92427	0.00645623
6.92451	0.00134757
6.92476	0.00136521
6.925	0.00454757
6.92525	0.00494841
6.92549	0.00188188
6.92574	0.000460756
6.92598	0.00371152
6.92623	0.00808681
6.92647	0.00861148
6.92672	0.00578489
6.92696	0.00404725
6.9272	0.00464624
6.92745	0.00430464
6.92769	0.00118391
6.92794	-0.00243473
6.92818	-0.00481466
6.92843	-0.00728234
6.92867	-0.00943756
6.92892	-0.00700334
6.92916	0.0010674
6.92941	0.00765862
6.92965	0.00571116
6.9299	-0.00136764
6.93014	-0.00404096
6.93038	2.99316e-05
6.93063	0.00385457
6.93087	0.00224009
6.93112	-0.00180307
6.93136	-0.0033822
6.93161	-0.0023463
6.93185	-0.000727959
6.9321	0.00152516
6.93234	0.00459401
6.93259	0.0060264
6.93283	0.00385281
6.93308	0.00059937
6.93332	0.000550474
6.93356	0.00354888
6.93381	0.0044711
6.93405	-0.000232217
6.9343	-0.00700168
6.93454	-0.00799442
6.93479	-0.000163112
6.93503	0.00974952
6.93528	0.0116656
6.93552	0.00365087
6.93577	-0.00604256
6.93601	-0.00925736
6.93626	-0.00637677
6.9365	-0.00234354
6.93674	0.00135746
6.93699	0.0063898
6.93723	0.0122564
6.93748	0.0161729
6.93772	0.0165454
6.93797	0.0128648
6.93821	0.00475021
6.93846	-0.00497138
6.9387	-0.00997517
6.93895	-0.00842962
6.93919	-0.0071002
6.93943	-0.0109495
6.93968	-0.0134699
6.93992	-0.00652275
6.94017	0.00426786
6.94041	0.00584038
6.94066	-0.00225913
6.9409	-0.00717674
6.94115	-0.00274608
6.94139	0.00345849
6.94164	0.00568321
6.94188	0.00818142
6.94213	0.0124192
6.94237	0.0105975
6.94261	0.000711021
6.94286	-0.00500037
6.9431	0.00209577
6.94335	0.0117696
6.94359	0.010258
6.94384	0.00146591
6.94408	-0.00144261
6.94433	0.00192146
6.94457	0.00157258
6.94482	-0.00316451
6.94506	-0.00328868
6.94531	0.00207729
6.94555	0.00401802
6.94579	0.000861855
6.94604	0.00088877
6.94628	0.00509725
6.94653	0.00331119
6.94677	-0.00657336
6.94702	-0.0108445
6.94726	-0.00108389
6.94751	0.0100093
6.94775	0.00665056
6.948	-0.00561448
6.94824	-0.00841761
6.94849	0.00151001
6.94873	0.00886411
6.94897	0.00449798
6.94922	-0.00162664
6.94946	0.00179943
6.94971	0.00870644
6.94995	0.00535111
6.9502	-0.00753104
6.95044	-0.0146586
6.95069	-0.00802672
6.95093	0.0025693
6.95118	0.00501194
6.95142	0.00135943
6.95166	0.000893008
6.95191	0.00353377
6.95215	0.00157578
6.9524	-0.00443418
6.95264	-0.00420284
6.95289	0.00548021
6.95313	0.0136256
6.95338	0.0103124
6.95362	0.00024236
6.95387	-0.00557841
6.95411	-0.00435409
6.95436	-0.000430834
6.9546	0.00377117
6.95484	0.00736783
6.95509	0.00652817
6.95533	-0.00065516
6.95558	-0.00775696
6.95582	-0.00649444
6.95607	0.00219888
6.95631	0.00981946
6.95656	0.0106434
6.9568	0.00530617
6.95705	-0.00198183
6.95729	-0.00467364
6.95754	0.00196628
6.95778	0.012076
6.95802	0.0122151
6.95827	0.000781741
6.95851	-0.00539045
6.95876	0.00486965
6.959	0.0170435
6.95925	0.011512
6.95949	-0.00455074
6.95974	-0.00715921
6.95998	0.00687607
6.96023	0.0162607
6.96047	0.0100448
6.96072	0.00141005
6.96096	0.000624144
6.9612	-0.00135816
6.96145	-0.0107381
6.96169	-0.0144286
6.96194	-0.00227431
6.96218	0.0117377
6.96243	0.00933739
6.96267	-0.00368281
6.96292	-0.00817309
6.96316	-0.0013968
6.96341	0.00336853
6.96365	0.00120276
6.96389	0.000281884
6.96414	0.00415948
6.96438	0.0065703
6.96463	0.00484601
6.96487	0.00415623
6.96512	0.00657753
6.96536	0.00796494
6.96561	0.00738907
6.96585	0.00882244
6.9661	0.0117716
6.96634	0.0104753
6.96659	0.00441657
6.96683	0.000106497
6.96707	0.000164085
6.96732	-0.000254272
6.96756	-0.00337667
6.96781	-0.0041111
6.96805	0.00045374
6.9683	0.00449807
6.96854	0.0017786
6.96879	-0.0047305
6.96903	-0.00676562
6.96928	-0.00140886
6.96952	0.0061963
6.96977	0.00918678
6.97001	0.00560632
6.97025	-0.000364797
6.9705	-0.0026754
6.97074	0.000632748
6.97099	0.00608464
6.97123	0.00969812
6.97148	0.010837
6.97172	0.00969645
6.97197	0.00489684
6.97221	-0.00258255
6.97246	-0.00665391
6.9727	-0.00281778
6.97295	0.00456272
6.97319	0.00740051
6.97343	0.00474406
6.97368	0.00250862
6.97392	0.0034945
6.97417	0.00450491
6.97441	0.00375919
6.97466	0.00430039
6.9749	0.00784375
6.97515	0.0107547
6.97539	0.00919712
6.97564	0.00450853
6.97588	0.000890439
6.97612	0.000591548
6.97637	0.0032305
6.97661	0.00713426
6.97686	0.00948947
6.9771	0.00763128
6.97735	0.00223624
6.97759	-0.0024552
6.97784	-0.00319672
6.97808	-0.00124718
6.97833	-0.000190791
6.97857	-0.00151636
6.97882	-0.00346856
6.97906	-0.00336466
6.9793	-0.000126477
6.97955	0.00472484
6.97979	0.00782986
6.98004	0.00644865
6.98028	0.00125149
6.98053	-0.00350679
6.98077	-0.00368375
6.98102	0.000616652
6.98126	0.00560595
6.98151	0.00876685
6.98175	0.0109401
6.982	0.0118617
6.98224	0.00748163
6.98248	-0.00261272
6.98273	-0.00792298
6.98297	0.00275712
6.98322	0.0223362
6.98346	0.0287387
6.98371	0.0138721
6.98395	-0.00267608
6.9842	-0.000447416
6.98444	0.012208
6.98469	0.0121017
6.98493	-0.00246307
6.98518	-0.0107189
6.98542	-0.00347355
6.98566	0.00481896
6.98591	0.00282716
6.98615	-0.00076817
6.9864	0.00319143
6.98664	0.00762974
6.98689	0.00518101
6.98713	0.00357391
6.98738	0.00961966
6.98762	0.0129943
6.98787	0.00387188
6.98811	-0.00618771
6.98835	-0.00130083
6.9886	0.0106797
6.98884	0.00948944
6.98909	-0.00421472
6.98933	-0.0103437
6.98958	-0.00233101
6.98982	0.00502773
6.99007	0.00345957
6.99031	0.00406555
6.99056	0.0143698
6.9908	0.0222769
6.99105	0.0151348
6.99129	0.000443776
6.99153	-0.00599443
6.99178	-0.00309775
6.99202	-0.00231744
6.99227	-0.00771595
6.99251	-0.0108877
6.99276	-0.00541121
6.993	0.00316699
6.99325	0.00514622
6.99349	-0.00014156
6.99374	-0.00344206
6.99398	0.00173999
6.99423	0.00921508
6.99447	0.00795839
6.99471	-0.00077038
6.99496	-0.00257254
6.9952	0.00969769
6.99545	0.0236281
6.99569	0.0237836
6.99594	0.0131057
6.99618	0.00627246
6.99643	0.0071253
6.99667	0.0068087
6.99692	0.002171
6.99716	0.000621065
6.99741	0.00481826
6.99765	0.0069041
6.99789	0.00273172
6.99814	-0.000442646
6.99838	0.00329423
6.99863	0.00831498
6.99887	0.00702497
6.99912	0.00154507
6.99936	-0.00105644
6.99961	0.00107201
6.99985	0.00528115
7.0001	0.00979113
7.00034	0.0127302
7.00059	0.0105738
7.00083	0.00301912
7.00107	-0.0041089
7.00132	-0.00516885
7.00156	-0.0010152
7.00181	0.00380691
7.00205	0.00649895
7.0023	0.00610966
7.00254	0.00227679
7.00279	-0.00306736
7.00303	-0.00589991
7.00328	-0.00435434
7.00352	-0.000321719
7.00376	0.003725
7.00401	0.00601133
7.00425	0.00409587
7.0045	-0.00238355
7.00474	-0.00751565
7.00499	-0.00416128
7.00523	0.00554342
7.00548	0.01141
7.00572	0.00897578
7.00597	0.00519159
7.00621	0.00720462
7.00646	0.0122485
7.0067	0.0134714
7.00694	0.0103419
7.00719	0.00743702
7.00743	0.00623675
7.00768	0.00393687
7.00792	-0.000646717
7.00817	-0.00450644
7.00841	-0.00448672
7.00866	-0.00174269
7.0089	-0.00102339
7.00915	-0.00528447
7.00939	-0.0114586
7.00964	-0.0134419
7.00988	-0.00989593
7.01012	-0.00600589
7.01037	-0.00567785
7.01061	-0.005953
7.01086	-0.00269928
7.0111	0.00208366
7.01135	0.00349274
7.01159	0.00109844
7.01184	-0.00204759
7.01208	-0.00481681
7.01233	-0.0070893
7.01257	-0.00648287
7.01282	-0.00186551
7.01306	0.00244217
7.0133	0.00171669
7.01355	-0.00229463
7.01379	-0.00453945
7.01404	-0.00366061
7.01428	-0.00125285
7.01453	0.00169071
7.01477	0.00326733
7.01502	0.00130172
7.01526	-0.000423207
7.01551	0.00497213
7.01575	0.0133007
7.01599	0.0101008
7.01624	-0.00589864
7.01648	-0.0145827
7.01673	-0.00312964
7.01697	0.0120586
7.01722	0.0104983
7.01746	0.000269855
7.01771	0.00161963
7.01795	0.0101658
7.0182	0.0063852
7.01844	-0.00538249
7.01869	-0.00173512
7.01893	0.0161491
7.01917	0.0194886
7.01942	-0.000291456
7.01966	-0.0152908
7.01991	-0.00592578
7.02015	0.00991699
7.0204	0.0104683
7.02064	0.00397666
7.02089	0.00680595
7.02113	0.0122303
7.02138	0.00656788
7.02162	-0.00244957
7.02187	0.000420708
7.02211	0.0096299
7.02235	0.00940271
7.0226	0.00207825
7.02284	0.00222074
7.02309	0.0100338
7.02333	0.0125874
7.02358	0.00662819
7.02382	0.00130736
7.02407	0.00202747
7.02431	0.00670816
7.02456	0.0128903
7.0248	0.0159582
7.02505	0.00886014
7.02529	-0.00394046
7.02553	-0.00438181
7.02578	0.0124528
7.02602	0.023927
7.02627	0.0110287
7.02651	-0.0105812
7.02676	-0.0136892
7.027	-0.000646144
7.02725	0.00545704
7.02749	0.000590047
7.02774	0.000605846
7.02798	0.00770249
7.02822	0.00757092
7.02847	-1.97557e-05
7.02871	0.00177308
7.02896	0.0152684
7.0292	0.0219156
7.02945	0.0139973
7.02969	0.00619026
7.02994	0.00718755
7.03018	0.00534497
7.03043	-0.00604726
7.03067	-0.0126599
7.03092	-0.00267689
7.03116	0.0126117
7.0314	0.0165943
7.03165	0.0104983
7.03189	0.00534803
7.03214	0.00403767
7.03238	0.00404673
7.03263	0.00672287
7.03287	0.0125249
7.03312	0.0164367
7.03336	0.016484
7.03361	0.0168927
7.03385	0.0170526
7.0341	0.01036
7.03434	0.000129553
7.03458	0.000621847
7.03483	0.013203
7.03507	0.0184898
7.03532	0.00496354
7.03556	-0.0104586
7.03581	-0.00646161
7.03605	0.0110298
7.0363	0.0191753
7.03654	0.0111249
7.03679	0.000760304
7.03703	3.72752e-05
7.03728	0.00762803
7.03752	0.0169142
7.03776	0.0218097
7.03801	0.0174073
7.03825	0.00601585
7.0385	-0.00130322
7.03874	0.000817712
7.03899	0.00233528
7.03923	-0.00628092
7.03948	-0.0163022
7.03972	-0.0135626
7.03997	-0.00232502
7.04021	0.00122211
7.04045	-0.00435833
7.0407	-0.00469152
7.04094	0.00475606
7.04119	0.0111649
7.04143	0.00661742
7.04168	0.000274771
7.04192	0.00104988
7.04217	0.00337386
7.04241	-6.94761e-05
7.04266	-0.0038734
7.0429	0.000330622
7.04315	0.00846178
7.04339	0.0102898
7.04363	0.00567074
7.04388	0.003181
7.04412	0.00530903
7.04437	0.005566
7.04461	0.000400216
7.04486	-0.00480931
7.0451	-0.00399544
7.04535	0.00125453
7.04559	0.00463096
7.04584	0.00323378
7.04608	0.000204947
7.04633	0.000221566
7.04657	0.00369544
7.04681	0.00612417
7.04706	0.00400397
7.0473	0.000327307
7.04755	0.000918893
7.04779	0.00514576
7.04804	0.00544704
7.04828	-0.00113025
7.04853	-0.00635798
7.04877	-0.00143495
7.04902	0.00975072
7.04926	0.0154402
7.04951	0.0122341
7.04975	0.00819031
7.04999	0.00964116
7.05024	0.0137296
7.05048	0.0159676
7.05073	0.0160986
7.05097	0.0127311
7.05122	0.0021042
7.05146	-0.0113173
7.05171	-0.0132851
7.05195	0.000695577
7.0522	0.0129784
7.05244	0.00516373
7.05268	-0.0138218
7.05293	-0.0181989
7.05317	-0.00222087
7.05342	0.012595
7.05366	0.0105495
7.05391	0.00243404
7.05415	0.00387162
7.0544	0.0105291
7.05464	0.00939159
7.05489	0.00191022
7.05513	-0.000528112
7.05538	0.00413025
7.05562	0.0096772
7.05586	0.0154258
7.05611	0.0228354
7.05635	0.0237739
7.0566	0.0102226
7.05684	-0.00653866
7.05709	-0.00540213
7.05733	0.014153
7.05758	0.0288899
7.05782	0.0235602
7.05807	0.00933177
7.05831	0.00349098
7.05856	0.0060992
7.0588	0.00724206
7.05904	0.00546581
7.05929	0.00638389
7.05953	0.0101615
7.05978	0.0121423
7.06002	0.0122347
7.06027	0.0139949
7.06051	0.0162269
7.06076	0.0133919
7.061	0.00419614
7.06125	-0.00552986
7.06149	-0.00877408
7.06174	-0.00366178
7.06198	0.00518291
7.06222	0.0103233
7.06247	0.00856547
7.06271	0.00469804
7.06296	0.00529287
7.0632	0.00950757
7.06345	0.0108702
7.06369	0.00757847
7.06394	0.00444034
7.06418	0.00403336
7.06443	0.00321186
7.06467	0.000221833
7.06491	-0.00183347
7.06516	-0.000957947
7.0654	0.00106495
7.06565	0.00401135
7.06589	0.00990564
7.06614	0.0160638
7.06638	0.0155312
7.06663	0.0077385
7.06687	0.000793894
7.06712	-0.000418606
7.06736	-0.000171174
7.06761	-0.00195101
7.06785	-0.00158635
7.06809	0.00410637
7.06834	0.00999445
7.06858	0.0101529
7.06883	0.00566021
7.06907	-0.000243153
7.06932	-0.00678041
7.06956	-0.010224
7.06981	-0.00356883
7.07005	0.0110355
7.0703	0.0190787
7.07054	0.0120168
7.07079	0.000301664
7.07103	-0.00169966
7.07127	0.00441307
7.07152	0.00732139
7.07176	0.00467822
7.07201	0.00299773
7.07225	0.0043191
7.0725	0.00559681
7.07274	0.00747325
7.07299	0.0117721
7.07323	0.0138697
7.07348	0.00931454
7.07372	0.00426842
7.07397	0.00700694
7.07421	0.0127115
7.07445	0.0103702
7.0747	0.00195226
7.07494	-0.000331588
7.07519	0.00529355
7.07543	0.00813046
7.07568	0.00458557
7.07592	0.00350018
7.07617	0.00839601
7.07641	0.0101433
7.07666	0.00364781
7.0769	-0.00203498
7.07715	0.00155321
7.07739	0.00870341
7.07763	0.00936875
7.07788	0.00369106
7.07812	-0.00135308
7.07837	-0.002625
7.07861	-0.0012266
7.07886	0.00143863
7.0791	0.00258127
7.07935	-0.000331743
7.07959	-0.00268238
7.07984	0.00418476
7.08008	0.0183053
7.08032	0.0254999
7.08057	0.0188289
7.08081	0.00905465
7.08106	0.00717898
7.0813	0.00758083
7.08155	0.000520836
7.08179	-0.00810589
7.08204	-0.00513554
7.08228	0.00700374
7.08253	0.0122962
7.08277	0.00515042
7.08302	-0.00281026
7.08326	-0.00183334
7.0835	0.00381552
7.08375	0.00684535
7.08399	0.00778976
7.08424	0.00861763
7.08448	0.00572508
7.08473	-0.00251105
7.08497	-0.00834132
7.08522	-0.00355739
7.08546	0.00800826
7.08571	0.0144895
7.08595	0.0107054
7.0862	0.00278401
7.08644	-0.000935318
7.08668	0.00152025
7.08693	0.00610628
7.08717	0.00766359
7.08742	0.00427003
7.08766	-0.000613975
7.08791	-0.000902424
7.08815	0.00478449
7.0884	0.0100104
7.08864	0.00826225
7.08889	0.00243324
7.08913	0.00155523
7.08938	0.00789562
7.08962	0.0131212
7.08986	0.0100783
7.09011	0.00334892
7.09035	0.00290751
7.0906	0.00994962
7.09084	0.0153313
7.09109	0.0123964
7.09133	0.00561913
7.09158	0.00354071
7.09182	0.00684731
7.09207	0.0079283
7.09231	0.00156165
7.09255	-0.00789568
7.0928	-0.0118591
7.09304	-0.00821463
7.09329	-0.00346844
7.09353	-0.00310224
7.09378	-0.00290284
7.09402	0.00518443
7.09427	0.0187752
7.09451	0.0237838
7.09476	0.0122475
7.095	-0.00430083
7.09525	-0.00752511
7.09549	0.00442266
7.09573	0.0159145
7.09598	0.0155554
7.09622	0.00784528
7.09647	0.000987362
7.09671	-0.00477654
7.09696	-0.0102519
7.0972	-0.00965587
7.09745	0.000266596
7.09769	0.0112134
7.09794	0.0137085
7.09818	0.0104322
7.09843	0.00908551
7.09867	0.00836883
7.09891	0.00313191
7.09916	-0.00222093
7.0994	7.11998e-05
7.09965	0.0052746
7.09989	0.00259662
7.10014	-0.00422811
7.10038	-0.000820396
7.10063	0.0118988
7.10087	0.0151219
7.10112	0.00149124
7.10136	-0.0118178
7.10161	-0.00938179
7.10185	0.000230572
7.10209	0.00190067
7.10234	-0.00135933
7.10258	0.00192341
7.10283	0.00851173
7.10307	0.00622381
7.10332	-0.00308956
7.10356	-0.00517007
7.10381	0.0036627
7.10405	0.0115728
7.1043	0.00987654
7.10454	0.00266738
7.10478	-0.00315322
7.10503	-0.00486592
7.10527	-0.000208207
7.10552	0.010616
7.10576	0.018056
7.10601	0.0116068
7.10625	-0.00238233
7.1065	-0.00481683
7.10674	0.00980346
7.10699	0.0243835
7.10723	0.0232236
7.10748	0.0126193
7.10772	0.00826948
7.10796	0.0124019
7.10821	0.0149879
7.10845	0.0112647
7.1087	0.00630514
7.10894	0.00473578
7.10919	0.00568903
7.10943	0.00741073
7.10968	0.00948974
7.10992	0.0105841
7.11017	0.00954355
7.11041	0.00836007
7.11066	0.00933924
7.1109	0.0104001
7.11114	0.00797519
7.11139	0.00353377
7.11163	0.0020258
7.11188	0.00405364
7.11212	0.00486932
7.11237	0.00218775
7.11261	0.000223681
7.11286	0.00331132
7.1131	0.00875006
7.11335	0.00985415
7.11359	0.00544225
7.11384	0.00241777
7.11408	0.00675791
7.11432	0.0142699
7.11457	0.0146003
7.11481	0.00465596
7.11506	-0.0069405
7.1153	-0.0112887
7.11555	-0.00983131
7.11579	-0.00861884
7.11604	-0.00710855
7.11628	-0.001156
7.11653	0.00568655
7.11677	0.00473511
7.11701	-0.00300852
7.11726	-0.00565576
7.1175	0.00173396
7.11775	0.00836253
7.11799	0.00384527
7.11824	-0.00536176
7.11848	-0.00552356
7.11873	0.00382432
7.11897	0.0100773
7.11922	0.00665991
7.11946	0.00103908
7.11971	0.00154372
7.11995	0.00527685
7.12019	0.00440109
7.12044	-0.00108595
7.12068	-0.003563
7.12093	0.000653614
7.12117	0.00598158
7.12142	0.00589907
7.12166	0.00244307
7.12191	0.00260155
7.12215	0.00667188
7.1224	0.00693325
7.12264	0.000284346
7.12289	-0.0047862
7.12313	-5.28307e-05
7.12337	0.00913656
7.12362	0.0113345
7.12386	0.00625475
7.12411	0.00356326
7.12435	0.00573603
7.1246	0.00507586
7.12484	-0.000199811
7.12509	-0.000633711
7.12533	0.00800287
7.12558	0.015504
7.12582	0.0127861
7.12607	0.00569055
7.12631	0.00363904
7.12655	0.00468078
7.1268	0.00318814
7.12704	0.00305457
7.12729	0.00951428
7.12753	0.0151892
7.12778	0.00990836
7.12802	-0.000255839
7.12827	-0.000214184
7.12851	0.00985113
7.12876	0.0142766
7.129	0.00694411
7.12924	-3.6608e-05
7.12949	0.00320469
7.12973	0.0102842
7.12998	0.0117305
7.13022	0.00938702
7.13047	0.00925789
7.13071	0.00997727
7.13096	0.00741929
7.1312	0.00369156
7.13145	0.00312662
7.13169	0.00440859
7.13194	0.00391808
7.13218	0.00313197
7.13242	0.00645084
7.13267	0.014122
7.13291	0.0217381
7.13316	0.0248406
7.1334	0.0218476
7.13365	0.0153881
7.13389	0.0116198
7.13414	0.0138307
7.13438	0.0166298
7.13463	0.0128063
7.13487	0.00600655
7.13512	0.00751229
7.13536	0.018172
7.1356	0.02403
7.13585	0.0155398
7.13609	0.00160993
7.13634	-0.00340633
7.13658	0.000994715
7.13683	0.00459564
7.13707	0.00344325
7.13732	0.00330634
7.13756	0.00803431
7.13781	0.013363
7.13805	0.0133297
7.1383	0.00756058
7.13854	0.00120069
7.13878	-0.000238045
7.13903	0.00324736
7.13927	0.00507147
7.13952	0.000201613
7.13976	-0.00596596
7.14001	-0.00332026
7.14025	0.00765513
7.1405	0.0152139
7.14074	0.0136694
7.14099	0.0106771
7.14123	0.0119143
7.14147	0.010724
7.14172	0.00241865
7.14196	-0.00277378
7.14221	0.00540596
7.14245	0.0183876
7.1427	0.020483
7.14294	0.0131743
7.14319	0.0105722
7.14343	0.014612
7.14368	0.0138231
7.14392	0.00651377
7.14417	0.00519218
7.14441	0.0137956
7.14465	0.0194451
7.1449	0.0144895
7.14514	0.00938152
7.14539	0.0131403
7.14563	0.0166931
7.14588	0.00933364
7.14612	-0.00116969
7.14637	-0.000971339
7.14661	0.00680631
7.14686	0.00874768
7.1471	0.00464809
7.14735	0.00591887
7.14759	0.012912
7.14783	0.0127858
7.14808	0.0021716
7.14832	-0.00555976
7.14857	-0.00150278
7.14881	0.0055938
7.14906	0.00559939
7.1493	0.00308759
7.14955	0.00623944
7.14979	0.0104789
7.15004	0.00651453
7.15028	-0.00215642
7.15053	-0.00368927
7.15077	0.00363663
7.15101	0.0106036
7.15126	0.0131678
7.1515	0.0159526
7.15175	0.0188638
7.15199	0.0140167
7.15224	0.000421445
7.15248	-0.0103204
7.15273	-0.0095937
7.15297	-0.00311344
7.15322	0.000647131
7.15346	0.00386569
7.1537	0.0115892
7.15395	0.0183368
7.15419	0.0147726
7.15444	0.00405912
7.15468	-0.000577917
7.15493	0.00559758
7.15517	0.0129382
7.15542	0.011615
7.15566	0.0035048
7.15591	-0.00253074
7.15615	-0.00129951
7.1564	0.00499954
7.15664	0.00991451
7.15688	0.00899029
7.15713	0.00539507
7.15737	0.00706829
7.15762	0.0150887
7.15786	0.0198486
7.15811	0.0146981
7.15835	0.00739319
7.1586	0.00887906
7.15884	0.0162182
7.15909	0.0186333
7.15933	0.0161276
7.15958	0.0171735
7.15982	0.0199905
7.16006	0.013755
7.16031	0.000540865
7.16055	-0.00226627
7.1608	0.0120119
7.16104	0.027358
7.16129	0.0281008
7.16153	0.0194741
7.16178	0.0148911
7.16202	0.0159403
7.16227	0.0169023
7.16251	0.0177409
7.16276	0.0198407
7.163	0.0183253
7.16324	0.0109401
7.16349	0.00587669
7.16373	0.00904845
7.16398	0.0131057
7.16422	0.0114736
7.16447	0.0123916
7.16471	0.0235365
7.16496	0.0331424
7.1652	0.0257012
7.16545	0.00916932
7.16569	0.00527036
7.16594	0.0162653
7.16618	0.0230929
7.16642	0.0166427
7.16667	0.00947457
7.16691	0.0125184
7.16716	0.0194688
7.1674	0.0211635
7.16765	0.0192413
7.16789	0.0178539
7.16814	0.0152137
7.16838	0.0109226
7.16863	0.0102906
7.16887	0.0145107
7.16911	0.0165597
7.16936	0.0127232
7.1696	0.00896284
7.16985	0.0109438
7.17009	0.0165923
7.17034	0.0223418
7.17058	0.0274273
7.17083	0.0290026
7.17107	0.02346
7.17132	0.0158832
7.17156	0.017066
7.17181	0.027393
7.17205	0.0349008
7.17229	0.0329067
7.17254	0.0274499
7.17278	0.023655
7.17303	0.0185322
7.17327	0.0123364
7.17352	0.012213
7.17376	0.0177052
7.17401	0.0177385
7.17425	0.0103385
7.1745	0.00933073
7.17474	0.0207523
7.17499	0.029096
7.17523	0.0213993
7.17547	0.0098792
7.17572	0.0129133
7.17596	0.0258745
7.17621	0.0307494
7.17645	0.0255892
7.1767	0.0231079
7.17694	0.0256058
7.17719	0.0233201
7.17743	0.016397
7.17768	0.0174988
7.17792	0.0296912
7.17817	0.0396965
7.17841	0.0380077
7.17865	0.03097
7.1789	0.0276528
7.17914	0.0273872
7.17939	0.0258973
7.17963	0.0233021
7.17988	0.0206744
7.18012	0.0170889
7.18037	0.0141929
7.18061	0.0164012
7.18086	0.0237264
7.1811	0.031055
7.18134	0.0355636
7.18159	0.0377736
7.18183	0.0359556
7.18208	0.0287407
7.18232	0.0226921
7.18257	0.0262288
7.18281	0.0354668
7.18306	0.0382672
7.1833	0.0338641
7.18355	0.0347096
7.18379	0.0448443
7.18404	0.0511698
7.18428	0.0437981
7.18452	0.0318069
7.18477	0.028509
7.18501	0.0322153
7.18526	0.0334397
7.1855	0.0321923
7.18575	0.0349067
7.18599	0.0404576
7.18624	0.0427428
7.18648	0.0432749
7.18673	0.0480537
7.18697	0.0540697
7.18722	0.0521106
7.18746	0.0427848
7.1877	0.0368812
7.18795	0.0383894
7.18819	0.0398188
7.18844	0.0375117
7.18868	0.0384468
7.18893	0.0455983
7.18917	0.0489933
7.18942	0.0412367
7.18966	0.0319361
7.18991	0.0340565
7.19015	0.0428205
7.1904	0.0428417
7.19064	0.032953
7.19088	0.027599
7.19113	0.0322935
7.19137	0.0345179
7.19162	0.0257112
7.19186	0.017025
7.19211	0.0213027
7.19235	0.0309409
7.1926	0.0291803
7.19284	0.0169091
7.19309	0.0113448
7.19333	0.0195745
7.19357	0.0296923
7.19382	0.0308125
7.19406	0.0272613
7.19431	0.0273045
7.19455	0.029951
7.1948	0.0302173
7.19504	0.0281485
7.19529	0.0256729
7.19553	0.022541
7.19578	0.0213917
7.19602	0.0282172
7.19627	0.0411708
7.19651	0.0480983
7.19675	0.0431779
7.197	0.0368296
7.19724	0.0394658
7.19749	0.0445077
7.19773	0.0397691
7.19798	0.0282103
7.19822	0.0231254
7.19847	0.0274393
7.19871	0.03245
7.19896	0.03449
7.1992	0.0380195
7.19945	0.042875
7.19969	0.0431842
7.19993	0.0401848
7.20018	0.0419731
7.20042	0.0478663
7.20067	0.0468085
7.20091	0.0355427
7.20116	0.0252442
7.2014	0.0242888
7.20165	0.0267125
7.20189	0.02508
7.20214	0.0235004
7.20238	0.028401
7.20263	0.0352852
7.20287	0.0351746
7.20311	0.0284282
7.20336	0.0223278
7.2036	0.0188926
7.20385	0.0144947
7.20409	0.00973449
7.20434	0.010906
7.20458	0.0203493
7.20483	0.0308882
7.20507	0.0324775
7.20532	0.0230154
7.20556	0.0114713
7.2058	0.00906816
7.20605	0.0165588
7.20629	0.0232922
7.20654	0.0218487
7.20678	0.0183414
7.20703	0.0211759
7.20727	0.025235
7.20752	0.0196298
7.20776	0.00835138
7.20801	0.00715486
7.20825	0.0182108
7.2085	0.0254297
7.20874	0.0210899
7.20898	0.0189826
7.20923	0.0298804
7.20947	0.0410602
7.20972	0.0366122
7.20996	0.0243785
7.21021	0.0225768
7.21045	0.0292743
7.2107	0.0279364
7.21094	0.0184775
7.21119	0.0181545
7.21143	0.0303437
7.21168	0.036703
7.21192	0.0277337
7.21216	0.0193123
7.21241	0.026362
7.21265	0.038008
7.2129	0.0355105
7.21314	0.022263
7.21339	0.0169797
7.21363	0.0234909
7.21388	0.026549
7.21412	0.0175001
7.21437	0.00710993
7.21461	0.00794844
7.21486	0.0168811
7.2151	0.0226799
7.21534	0.022393
7.21559	0.0214471
7.21583	0.0222646
7.21608	0.0215271
7.21632	0.0177032
7.21657	0.0140926
7.21681	0.0132137
7.21706	0.0134657
7.2173	0.0133788
7.21755	0.0147252
7.21779	0.0183754
7.21803	0.0207086
7.21828	0.0185469
7.21852	0.0155862
7.21877	0.0186341
7.21901	0.0275339
7.21926	0.0339625
7.2195	0.031836
7.21975	0.0246547
7.21999	0.0200038
7.22024	0.0204398
7.22048	0.0233556
7.22073	0.0272809
7.22097	0.0336912
7.22121	0.0426161
7.22146	0.0498338
7.2217	0.0501299
7.22195	0.0429255
7.22219	0.0342708
7.22244	0.0323948
7.22268	0.0397285
7.22293	0.0496618
7.22317	0.0532558
7.22342	0.0489431
7.22366	0.0431463
7.22391	0.0419489
7.22415	0.0457364
7.22439	0.0514337
7.22464	0.0550562
7.22488	0.0520305
7.22513	0.0414528
7.22537	0.0312375
7.22562	0.0313797
7.22586	0.0390878
7.22611	0.0393182
7.22635	0.0256501
7.2266	0.0116827
7.22684	0.0126846
7.22709	0.0234775
7.22733	0.0266401
7.22757	0.0181658
7.22782	0.0109518
7.22806	0.0133289
7.22831	0.0182439
7.22855	0.0173267
7.2288	0.0134243
7.22904	0.0127497
7.22929	0.0141231
7.22953	0.0137765
7.22978	0.0138166
7.23002	0.0175251
7.23026	0.0208767
7.23051	0.0174066
7.23075	0.00953041
7.231	0.00704018
7.23124	0.0139303
7.23149	0.0231205
7.23173	0.0260246
7.23198	0.0224319
7.23222	0.01806
7.23247	0.0160013
7.23271	0.0151128
7.23296	0.0157976
7.2332	0.0219167
7.23344	0.0339603
7.23369	0.0438288
7.23393	0.0420311
7.23418	0.0301307
7.23442	0.0207983
7.23467	0.023705
7.23491	0.0358365
7.23516	0.0478089
7.2354	0.0544122
7.23565	0.0553612
7.23589	0.0513708
7.23614	0.0452676
7.23638	0.0427114
7.23662	0.0454771
7.23687	0.0475454
7.23711	0.0439996
7.23736	0.0395752
7.2376	0.0409364
7.23785	0.0448291
7.23809	0.0433655
7.23834	0.0377373
7.23858	0.035727
7.23883	0.0373276
7.23907	0.0345979
7.23932	0.0257161
7.23956	0.0173982
7.2398	0.0127271
7.24005	0.00895318
7.24029	0.00844775
7.24054	0.0175794
7.24078	0.0313788
7.24103	0.0346131
7.24127	0.0243825
7.24152	0.0166201
7.24176	0.0214997
7.24201	0.0274376
7.24225	0.0214416
7.2425	0.0115123
7.24274	0.013112
7.24298	0.02379
7.24323	0.0287134
7.24347	0.0249334
7.24372	0.0226147
7.24396	0.0253773
7.24421	0.0260561
7.24445	0.0216544
7.2447	0.0180136
7.24494	0.0186038
7.24519	0.0204268
7.24543	0.0212766
7.24567	0.0207667
7.24592	0.0160601
7.24616	0.00764931
7.24641	0.00574392
7.24665	0.0171203
7.2469	0.029278
7.24714	0.0248858
7.24739	0.010128
7.24763	0.00835414
7.24788	0.0238319
7.24812	0.0345856
7.24837	0.0281785
7.24861	0.021203
7.24885	0.0297699
7.2491	0.0418849
7.24934	0.038751
7.24959	0.027419
7.24983	0.028725
7.25008	0.0421929
7.25032	0.0475327
7.25057	0.0380495
7.25081	0.0291693
7.25106	0.0312976
7.2513	0.0350953
7.25155	0.0305047
7.25179	0.0229113
7.25203	0.02048
7.25228	0.0189933
7.25252	0.0113554
7.25277	0.00316497
7.25301	0.00601761
7.25326	0.0193958
7.2535	0.0303836
7.25375	0.0305652
7.25399	0.0243396
7.25424	0.0197999
7.25448	0.0189931
7.25473	0.0196447
7.25497	0.0204944
7.25521	0.0208745
7.25546	0.0188612
7.2557	0.0145303
7.25595	0.0128327
7.25619	0.0178624
7.25644	0.0247821
7.25668	0.0237358
7.25693	0.0138955
7.25717	0.0073555
7.25742	0.0141597
7.25766	0.0284894
7.2579	0.0365736
7.25815	0.0345816
7.25839	0.0300744
7.25864	0.0280285
7.25888	0.0261324
7.25913	0.0242169
7.25937	0.0265682
7.25962	0.0315578
7.25986	0.0305373
7.26011	0.0225743
7.26035	0.0189188
7.2606	0.0252148
7.26084	0.0307483
7.26108	0.0258836
7.26133	0.019317
7.26157	0.0237792
7.26182	0.0331625
7.26206	0.0313897
7.26231	0.0196862
7.26255	0.0161472
7.2628	0.0277868
7.26304	0.0409223
7.26329	0.0430774
7.26353	0.0381397
7.26378	0.0337641
7.26402	0.0287731
7.26426	0.0215024
7.26451	0.0178948
7.26475	0.0213755
7.265	0.0247838
7.26524	0.0219664
7.26549	0.0182618
7.26573	0.0199059
7.26598	0.0223647
7.26622	0.0204377
7.26647	0.0210489
7.26671	0.0317326
7.26696	0.0426598
7.2672	0.0368326
7.26744	0.016737
7.26769	0.00442555
7.26793	0.0121931
7.26818	0.0277509
7.26842	0.034602
7.26867	0.0343073
7.26891	0.0383646
7.26916	0.0467438
7.2694	0.0479446
7.26965	0.0387721
7.26989	0.031725
7.27013	0.0380372
7.27038	0.0512354
7.27062	0.0554863
7.27087	0.0474394
7.27111	0.0406784
7.27136	0.0462971
7.2716	0.0575689
7.27185	0.0608815
7.27209	0.055856
7.27234	0.0538473
7.27258	0.0583973
7.27283	0.0598956
7.27307	0.0527892
7.27331	0.0460218
7.27356	0.0490027
7.2738	0.0566521
7.27405	0.0578522
7.27429	0.0519362
7.27454	0.046476
7.27478	0.0436431
7.27503	0.0399539
7.27527	0.0367855
7.27552	0.0394888
7.27576	0.0461337
7.27601	0.0480044
7.27625	0.0433378
7.27649	0.0411191
7.27674	0.0476438
7.27698	0.0569121
7.27723	0.0590133
7.27747	0.0529462
7.27772	0.0465978
7.27796	0.046587
7.27821	0.0511907
7.27845	0.0528275
7.2787	0.0472925
7.27894	0.0404223
7.27919	0.0421576
7.27943	0.0520944
7.27967	0.056895
7.27992	0.0476802
7.28016	0.034082
7.28041	0.0321694
7.28065	0.0427385
7.2809	0.0525312
7.28114	0.0546573
7.28139	0.055272
7.28163	0.0594152
7.28188	0.063017
7.28212	0.062672
7.28236	0.0624071
7.28261	0.0655511
7.28285	0.0686015
7.2831	0.0681182
7.28334	0.0662631
7.28359	0.0654735
7.28383	0.064853
7.28408	0.0652333
7.28432	0.0701548
7.28457	0.0785895
7.28481	0.0846331
7.28506	0.0871613
7.2853	0.0909096
7.28554	0.0955202
7.28579	0.0946127
7.28603	0.0896856
7.28628	0.0923849
7.28652	0.106301
7.28677	0.118659
7.28701	0.118521
7.28726	0.111923
7.2875	0.109733
7.28775	0.111819
7.28799	0.113849
7.28824	0.11856
7.28848	0.128059
7.28872	0.135487
7.28897	0.137649
7.28921	0.145671
7.28946	0.168344
7.2897	0.19498
7.28995	0.211529
7.29019	0.224162
7.29044	0.248064
7.29068	0.282449
7.29093	0.319574
7.29117	0.37084
7.29142	0.455598
7.29166	0.56496
7.2919	0.665427
7.29215	0.742169
7.29239	0.81006
7.29264	0.874748
7.29288	0.915131
7.29313	0.922716
7.29337	0.931532
7.29362	0.983123
7.29386	1.07751
7.29411	1.18116
7.29435	1.26845
7.29459	1.32912
7.29484	1.34582
7.29508	1.29808
7.29533	1.19455
7.29557	1.07933
7.29582	0.996954
7.29606	0.961938
7.29631	0.963449
7.29655	0.983188
7.2968	1.00188
7.29704	1.00179
7.29729	0.974609
7.29753	0.925063
7.29777	0.864426
7.29802	0.805312
7.29826	0.76161
7.29851	0.743161
7.29875	0.7462
7.299	0.756757
7.29924	0.768784
7.29949	0.793058
7.29973	0.842185
7.29998	0.910328
7.30022	0.973942
7.30047	1.0125
7.30071	1.02471
7.30095	1.02343
7.3012	1.01781
7.30144	1.00541
7.30169	0.983991
7.30193	0.966126
7.30218	0.97355
7.30242	1.01621
7.30267	1.08569
7.30291	1.1727
7.30316	1.2802
7.3034	1.4096
7.30365	1.54302
7.30389	1.6545
7.30413	1.7382
7.30438	1.81224
7.30462	1.89314
7.30487	1.98046
7.30511	2.07356
7.30536	2.19267
7.3056	2.36879
7.30585	2.61131
7.30609	2.89155
7.30634	3.16049
7.30658	3.37948
7.30682	3.53118
7.30707	3.60377
7.30731	3.57519
7.30756	3.42585
7.3078	3.17012
7.30805	2.86595
7.30829	2.5834
7.30854	2.36327
7.30878	2.20704
7.30903	2.09828
7.30927	2.0242
7.30952	1.98098
7.30976	1.9694
7.31	1.98811
7.31025	2.02795
7.31049	2.0778
7.31074	2.14171
7.31098	2.24179
7.31123	2.39047
7.31147	2.56304
7.31172	2.71216
7.31196	2.80924
7.31221	2.85797
7.31245	2.86816
7.3127	2.83542
7.31294	2.75295
7.31318	2.62805
7.31343	2.47746
7.31367	2.31815
7.31392	2.16996
7.31416	2.05468
7.31441	1.98218
7.31465	1.947
7.3149	1.94691
7.31514	1.99328
7.31539	2.09385
7.31563	2.23868
7.31588	2.41624
7.31612	2.63094
7.31636	2.88848
7.31661	3.17311
7.31685	3.45512
7.3171	3.71171
7.31734	3.92539
7.31759	4.0787
7.31783	4.17999
7.31808	4.28599
7.31832	4.46131
7.31857	4.70875
7.31881	4.96895
7.31906	5.19449
7.3193	5.38683
7.31954	5.5437
7.31979	5.61373
7.32003	5.54806
7.32028	5.37882
7.32052	5.19917
7.32077	5.06378
7.32101	4.9455
7.32126	4.79535
7.3215	4.6068
7.32175	4.40178
7.32199	4.18549
7.32223	3.94989
7.32248	3.71142
7.32272	3.51362
7.32297	3.3862
7.32321	3.31852
7.32346	3.27839
7.3237	3.24379
7.32395	3.21032
7.32419	3.1802
7.32444	3.15738
7.32468	3.15126
7.32493	3.17252
7.32517	3.21818
7.32541	3.26456
7.32566	3.2834
7.3259	3.26747
7.32615	3.23465
7.32639	3.2031
7.32664	3.16757
7.32688	3.10734
7.32713	3.01387
7.32737	2.90131
7.32762	2.79163
7.32786	2.70054
7.32811	2.63964
7.32835	2.62044
7.32859	2.6502
7.32884	2.7327
7.32908	2.87883
7.32933	3.1073
7.32957	3.42814
7.32982	3.83413
7.33006	4.31489
7.33031	4.86623
7.33055	5.47148
7.3308	6.08286
7.33104	6.63843
7.33129	7.09428
7.33153	7.4258
7.33177	7.60507
7.33202	7.60211
7.33226	7.4162
7.33251	7.08921
7.33275	6.67937
7.333	6.23229
7.33324	5.78087
7.33349	5.35609
7.33373	4.98362
7.33398	4.67455
7.33422	4.4249
7.33446	4.2163
7.33471	4.01498
7.33495	3.78521
7.3352	3.51538
7.33544	3.22258
7.33569	2.92538
7.33593	2.62468
7.33618	2.32106
7.33642	2.03542
7.33667	1.79438
7.33691	1.60283
7.33716	1.4482
7.3374	1.32566
7.33764	1.24038
7.33789	1.18704
7.33813	1.14645
7.33838	1.10587
7.33862	1.06763
7.33887	1.03404
7.33911	0.997305
7.33936	0.950597
7.3396	0.89866
7.33985	0.850978
7.34009	0.811141
7.34034	0.776852
7.34058	0.744728
7.34082	0.712897
7.34107	0.684137
7.34131	0.666569
7.34156	0.66549
7.3418	0.675939
7.34205	0.690023
7.34229	0.707964
7.34254	0.73236
7.34278	0.755998
7.34303	0.769432
7.34327	0.778862
7.34352	0.800316
7.34376	0.83471
7.344	0.866063
7.34425	0.889657
7.34449	0.925555
7.34474	0.996024
7.34498	1.10393
7.34523	1.2428
7.34547	1.41455
7.34572	1.62438
7.34596	1.86619
7.34621	2.12359
7.34645	2.38115
7.34669	2.63375
7.34694	2.89668
7.34718	3.20466
7.34743	3.57466
7.34767	3.95866
7.34792	4.26549
7.34816	4.46121
7.34841	4.62746
7.34865	4.87582
7.3489	5.2003
7.34914	5.45071
7.34939	5.46849
7.34963	5.23031
7.34987	4.84891
7.35012	4.45459
7.35036	4.09219
7.35061	3.71847
7.35085	3.27711
7.3511	2.7743
7.35134	2.28968
7.35159	1.91609
7.35183	1.69091
7.35208	1.58931
7.35232	1.57119
7.35257	1.60992
7.35281	1.67558
7.35305	1.72506
7.3533	1.73384
7.35354	1.72008
7.35379	1.71235
7.35403	1.70367
7.35428	1.66294
7.35452	1.58482
7.35477	1.50055
7.35501	1.43922
7.35526	1.40613
7.3555	1.40441
7.35575	1.44845
7.35599	1.53989
7.35623	1.6547
7.35648	1.77572
7.35672	1.92041
7.35697	2.11147
7.35721	2.33229
7.35746	2.54115
7.3577	2.72658
7.35795	2.92032
7.35819	3.15018
7.35844	3.40423
7.35868	3.64913
7.35892	3.86062
7.35917	4.02458
7.35941	4.13229
7.35966	4.19849
7.3599	4.27188
7.36015	4.40178
7.36039	4.58955
7.36064	4.78022
7.36088	4.89865
7.36113	4.89335
7.36137	4.76705
7.36162	4.58545
7.36186	4.44155
7.3621	4.37929
7.36235	4.34617
7.36259	4.23911
7.36284	4.00203
7.36308	3.66979
7.36333	3.32519
7.36357	3.03361
7.36382	2.81257
7.36406	2.63228
7.36431	2.4361
7.36455	2.18603
7.3648	1.90336
7.36504	1.6504
7.36528	1.46602
7.36553	1.33845
7.36577	1.24584
7.36602	1.19237
7.36626	1.18546
7.36651	1.20363
7.36675	1.21553
7.367	1.21688
7.36724	1.22432
7.36749	1.24386
7.36773	1.26949
7.36798	1.30397
7.36822	1.35776
7.36846	1.43305
7.36871	1.52735
7.36895	1.64364
7.3692	1.77682
7.36944	1.90263
7.36969	2.0055
7.36993	2.10462
7.37018	2.21982
7.37042	2.31936
7.37067	2.34249
7.37091	2.27841
7.37115	2.18548
7.3714	2.11951
7.37164	2.07673
7.37189	2.02727
7.37213	1.97684
7.37238	1.96667
7.37262	2.02248
7.37287	2.12326
7.37311	2.21869
7.37336	2.27281
7.3736	2.29858
7.37385	2.34704
7.37409	2.44473
7.37433	2.54428
7.37458	2.56396
7.37482	2.47994
7.37507	2.34797
7.37531	2.22443
7.37556	2.10308
7.3758	1.95161
7.37605	1.77508
7.37629	1.60744
7.37654	1.46278
7.37678	1.33181
7.37703	1.21222
7.37727	1.10805
7.37751	1.00914
7.37776	0.904884
7.378	0.810964
7.37825	0.748827
7.37849	0.704116
7.37874	0.640843
7.37898	0.5556
7.37923	0.481853
7.37947	0.437584
7.37972	0.405349
7.37996	0.37266
7.38021	0.3553
7.38045	0.363743
7.38069	0.377854
7.38094	0.37665
7.38118	0.36866
7.38143	0.370096
7.38167	0.37322
7.38192	0.360827
7.38216	0.33723
7.38241	0.320164
7.38265	0.311369
7.3829	0.298346
7.38314	0.28026
7.38338	0.271366
7.38363	0.280463
7.38387	0.30438
7.38412	0.341157
7.38436	0.39323
7.38461	0.45505
7.38485	0.511015
7.3851	0.551272
7.38534	0.58221
7.38559	0.616926
7.38583	0.658055
7.38608	0.691141
7.38632	0.694859
7.38656	0.661233
7.38681	0.60673
7.38705	0.55771
7.3873	0.523437
7.38754	0.491083
7.38779	0.449139
7.38803	0.404195
7.38828	0.368803
7.38852	0.344547
7.38877	0.326403
7.38901	0.313797
7.38926	0.306746
7.3895	0.29978
7.38974	0.290649
7.38999	0.286782
7.39023	0.29197
7.39048	0.295912
7.39072	0.29031
7.39097	0.285983
7.39121	0.297548
7.39146	0.318729
7.3917	0.331927
7.39195	0.337724
7.39219	0.354312
7.39244	0.388411
7.39268	0.426865
7.39292	0.459731
7.39317	0.494078
7.39341	0.541733
7.39366	0.608953
7.3939	0.699247
7.39415	0.808923
7.39439	0.919527
7.39464	1.01566
7.39488	1.11182
7.39513	1.23653
7.39537	1.38632
7.39561	1.52849
7.39586	1.66418
7.3961	1.85362
7.39635	2.14875
7.39659	2.52349
7.39684	2.90247
7.39708	3.23937
7.39733	3.52901
7.39757	3.75526
7.39782	3.8739
7.39806	3.85395
7.39831	3.70161
7.39855	3.43879
7.39879	3.09411
7.39904	2.72494
7.39928	2.40771
7.39953	2.17838
7.39977	2.00485
7.40002	1.83953
7.40026	1.67781
7.40051	1.54271
7.40075	1.43465
7.401	1.3272
7.40124	1.20125
7.40149	1.05719
7.40173	0.90283
7.40197	0.75472
7.40222	0.642427
7.40246	0.583542
7.40271	0.557784
7.40295	0.5304
7.4032	0.497398
7.40344	0.482733
7.40369	0.495248
7.40393	0.517747
7.40418	0.538881
7.40442	0.565721
7.40467	0.600134
7.40491	0.632106
7.40515	0.664545
7.4054	0.716963
7.40564	0.794768
7.40589	0.881987
7.40613	0.975428
7.40638	1.09798
7.40662	1.26433
7.40687	1.46209
7.40711	1.68304
7.40736	1.94228
7.4076	2.24409
7.40785	2.55887
7.40809	2.8623
7.40833	3.17044
7.40858	3.5047
7.40882	3.84901
7.40907	4.1802
7.40931	4.51592
7.40956	4.8843
7.4098	5.26101
7.41005	5.58813
7.41029	5.84682
7.41054	6.05358
7.41078	6.18231
7.41102	6.15271
7.41127	5.92
7.41151	5.52855
7.41176	5.05147
7.412	4.52173
7.41225	3.95452
7.41249	3.39587
7.41274	2.90265
7.41298	2.49448
7.41323	2.16075
7.41347	1.89643
7.41372	1.69623
7.41396	1.52995
7.4142	1.36186
7.41445	1.1891
7.41469	1.0324
7.41494	0.897567
7.41518	0.775446
7.41543	0.671441
7.41567	0.602548
7.41592	0.566829
7.41616	0.543986
7.41641	0.525482
7.41665	0.518746
7.4169	0.523281
7.41714	0.528477
7.41738	0.534888
7.41763	0.552859
7.41787	0.579777
7.41812	0.602884
7.41836	0.625062
7.41861	0.663926
7.41885	0.725138
7.4191	0.800832
7.41934	0.893397
7.41959	1.01283
7.41983	1.14822
7.42008	1.27054
7.42032	1.36867
7.42056	1.45584
7.42081	1.53726
7.42105	1.6029
7.4213	1.65957
7.42154	1.73727
7.42179	1.85247
7.42203	1.99714
7.42228	2.17443
7.42252	2.40412
7.42277	2.6701
7.42301	2.9014
7.42325	3.03817
7.4235	3.08511
7.42374	3.06577
7.42399	2.95832
7.42423	2.72773
7.42448	2.4028
7.42472	2.06617
7.42497	1.76897
7.42521	1.50149
7.42546	1.25059
7.4257	1.03757
7.42595	0.883468
7.42619	0.774654
7.42643	0.685079
7.42668	0.60661
7.42692	0.539185
7.42717	0.473971
7.42741	0.406289
7.42766	0.348745
7.4279	0.313906
7.42815	0.295964
7.42839	0.282828
7.42864	0.273852
7.42888	0.27303
7.42913	0.276553
7.42937	0.279925
7.42961	0.287395
7.42986	0.302968
7.4301	0.321432
7.43035	0.338327
7.43059	0.358703
7.43084	0.385854
7.43108	0.41265
7.43133	0.436574
7.43157	0.472829
7.43182	0.53649
7.43206	0.617837
7.43231	0.692682
7.43255	0.757563
7.43279	0.839942
7.43304	0.965293
7.43328	1.11763
7.43353	1.23964
7.43377	1.27997
7.43402	1.24629
7.43426	1.20487
7.43451	1.21424
7.43475	1.26104
7.435	1.27773
7.43524	1.22543
7.43548	1.13933
7.43573	1.08512
7.43597	1.0916
7.43622	1.13886
7.43646	1.19111
7.43671	1.21962
7.43695	1.20921
7.4372	1.16831
7.43744	1.12637
7.43769	1.09909
7.43793	1.06175
7.43818	0.978455
7.43842	0.852573
7.43866	0.724568
7.43891	0.623076
7.43915	0.544823
7.4394	0.483503
7.43964	0.447578
7.43989	0.437902
7.44013	0.433335
7.44038	0.416197
7.44062	0.395066
7.44087	0.386274
7.44111	0.386779
7.44136	0.381748
7.4416	0.367946
7.44184	0.352952
7.44209	0.339125
7.44233	0.324589
7.44258	0.315479
7.44282	0.322458
7.44307	0.346961
7.44331	0.382056
7.44356	0.423957
7.4438	0.471739
7.44405	0.51847
7.44429	0.554547
7.44454	0.579873
7.44478	0.60391
7.44502	0.634371
7.44527	0.67299
7.44551	0.718885
7.44576	0.766765
7.446	0.805837
7.44625	0.833313
7.44649	0.867066
7.44674	0.928396
7.44698	1.00732
7.44723	1.06019
7.44747	1.054
7.44771	1.00543
7.44796	0.962863
7.4482	0.951422
7.44845	0.948932
7.44869	0.920833
7.44894	0.867519
7.44918	0.822844
7.44943	0.806599
7.44967	0.795409
7.44992	0.753538
7.45016	0.682958
7.45041	0.622207
7.45065	0.593531
7.45089	0.571929
7.45114	0.51891
7.45138	0.431556
7.45163	0.340496
7.45187	0.269001
7.45212	0.215417
7.45236	0.173516
7.45261	0.147573
7.45285	0.140286
7.4531	0.14187
7.45334	0.141091
7.45359	0.137455
7.45383	0.134937
7.45407	0.132076
7.45432	0.125578
7.45456	0.116925
7.45481	0.108791
7.45505	0.100506
7.4553	0.0920983
7.45554	0.0864362
7.45579	0.0825686
7.45603	0.0743705
7.45628	0.0614848
7.45652	0.053335
7.45677	0.0544963
7.45701	0.0543462
7.45725	0.0420566
7.4575	0.0256781
7.45774	0.0229674
7.45799	0.035376
7.45823	0.0449016
7.45848	0.0390974
7.45872	0.0271488
7.45897	0.0250851
7.45921	0.0337783
7.45946	0.0402785
7.4597	0.0370537
7.45994	0.030853
7.46019	0.0311186
7.46043	0.0364214
7.46068	0.0379486
7.46092	0.0339569
7.46117	0.033042
7.46141	0.0400794
7.46166	0.0460034
7.4619	0.0395033
7.46215	0.0248965
7.46239	0.0176586
7.46264	0.0226996
7.46288	0.0293196
7.46312	0.0306892
7.46337	0.0347416
7.46361	0.0476271
7.46386	0.0584519
7.4641	0.0532082
7.46435	0.0364077
7.46459	0.0254057
7.46484	0.0273223
7.46508	0.0340742
7.46533	0.0373398
7.46557	0.0359679
7.46582	0.0303883
7.46606	0.0221746
7.4663	0.0183769
7.46655	0.0241227
7.46679	0.0315838
7.46704	0.028987
7.46728	0.019684
7.46753	0.017501
7.46777	0.0231369
7.46802	0.0227917
7.46826	0.0135098
7.46851	0.0103707
7.46875	0.0204601
7.469	0.0288587
7.46924	0.0230408
7.46948	0.0137574
7.46973	0.0152177
7.46997	0.0196203
7.47022	0.0119145
7.47046	-0.00118171
7.47071	-0.000517732
7.47095	0.0126676
7.4712	0.0176174
7.47144	0.00786375
7.47169	0.000781338
7.47193	0.00819121
7.47217	0.0182308
7.47242	0.0158486
7.47266	0.00467869
7.47291	-0.00259225
7.47315	-0.00297035
7.4734	-0.00119284
7.47364	0.00103844
7.47389	0.00348595
7.47413	0.00297745
7.47438	-0.000383364
7.47462	2.58155e-05
7.47487	0.0064109
7.47511	0.0105851
7.47535	0.00731707
7.4756	0.00456269
7.47584	0.010133
7.47609	0.0172073
7.47633	0.0158172
7.47658	0.0109228
7.47682	0.013907
7.47707	0.0216242
7.47731	0.0211679
7.47756	0.0134619
7.4778	0.0139259
7.47805	0.0273479
7.47829	0.0391405
7.47853	0.0373888
7.47878	0.0288627
7.47902	0.0252208
7.47927	0.0259395
7.47951	0.024655
7.47976	0.0225051
7.48	0.0244205
7.48025	0.0286249
7.48049	0.0293836
7.48074	0.0255992
7.48098	0.0192636
7.48123	0.0105749
7.48147	0.00175398
7.48171	-0.000317253
7.48196	0.00641925
7.4822	0.012678
7.48245	0.0100204
7.48269	0.00445192
7.48294	0.00739305
7.48318	0.0172412
7.48343	0.0220893
7.48367	0.0190335
7.48392	0.017842
7.48416	0.0238763
7.48441	0.0292075
7.48465	0.0250328
7.48489	0.014034
7.48514	0.00540978
7.48538	0.00383484
7.48563	0.00723096
7.48587	0.0106307
7.48612	0.00967908
7.48636	0.00468639
7.48661	0.00222283
7.48685	0.00755738
7.4871	0.0155712
7.48734	0.0161557
7.48758	0.00908328
7.48783	0.00507101
7.48807	0.0100413
7.48832	0.0175025
7.48856	0.020318
7.48881	0.020954
7.48905	0.0240654
7.4893	0.026934
7.48954	0.025167
7.48979	0.0222907
7.49003	0.0252097
7.49028	0.0329644
7.49052	0.0375062
7.49076	0.0347696
7.49101	0.0293287
7.49125	0.0277929
7.4915	0.0311624
7.49174	0.0344928
7.49199	0.0333658
7.49223	0.0303564
7.49248	0.0324878
7.49272	0.0397845
7.49297	0.0414835
7.49321	0.0309368
7.49346	0.0194392
7.4937	0.022953
7.49394	0.037308
7.49419	0.0424548
7.49443	0.0330591
7.49468	0.0264199
7.49492	0.0332195
7.49517	0.0397847
7.49541	0.032153
7.49566	0.020396
7.4959	0.0209586
7.49615	0.0283936
7.49639	0.0257471
7.49664	0.014233
7.49688	0.0102335
7.49712	0.0172108
7.49737	0.0223112
7.49761	0.019903
7.49786	0.0178718
7.4981	0.0193079
7.49835	0.0174935
7.49859	0.0122302
7.49884	0.0128434
7.49908	0.0201986
7.49933	0.0226075
7.49957	0.0152505
7.49981	0.00821659
7.50006	0.00940956
7.5003	0.0139697
7.50055	0.0164256
7.50079	0.0191018
7.50104	0.022582
7.50128	0.0218988
7.50153	0.0182038
7.50177	0.0201173
7.50202	0.0277089
7.50226	0.0299148
7.50251	0.0237001
7.50275	0.0196332
7.50299	0.0220183
7.50324	0.0216788
7.50348	0.016702
7.50373	0.0199134
7.50397	0.0340271
7.50422	0.0406783
7.50446	0.0299115
7.50471	0.0195131
7.50495	0.0252831
7.5052	0.0327636
7.50544	0.0233999
7.50569	0.0101278
7.50593	0.0160393
7.50617	0.0315247
7.50642	0.0280864
7.50666	0.00788158
7.50691	0.00174626
7.50715	0.0172387
7.5074	0.0265547
7.50764	0.014516
7.50789	0.00272778
7.50813	0.0102909
7.50838	0.02205
7.50862	0.0175306
7.50887	0.00597884
7.50911	0.00733882
7.50935	0.0171593
7.5096	0.0171
7.50984	0.00792452
7.51009	0.00575071
7.51033	0.0124615
7.51058	0.0146155
7.51082	0.00923314
7.51107	0.00800194
7.51131	0.0148201
7.51156	0.0192039
7.5118	0.0156849
7.51204	0.0124855
7.51229	0.0156297
7.51253	0.0191822
7.51278	0.0176612
7.51302	0.0155751
7.51327	0.0172659
7.51351	0.0177262
7.51376	0.0116304
7.514	0.00372246
7.51425	0.002332
7.51449	0.0080934
7.51474	0.0155883
7.51498	0.0210883
7.51522	0.022626
7.51547	0.0176646
7.51571	0.0078482
7.51596	0.00196755
7.5162	0.00642767
7.51645	0.0152045
7.51669	0.0169287
7.51694	0.010426
7.51718	0.00505979
7.51743	0.00576832
7.51767	0.00680966
7.51792	0.00317073
7.51816	-0.000350205
7.5184	0.00249071
7.51865	0.00801178
7.51889	0.00762941
7.51914	0.00151841
7.51938	-0.00119694
7.51963	0.00372378
7.51987	0.00943997
7.52012	0.0088938
7.52036	0.00562432
7.52061	0.00794833
7.52085	0.0155659
7.5211	0.0188029
7.52134	0.0118574
7.52158	0.00135898
7.52183	-0.0015135
7.52207	0.00538132
7.52232	0.0135326
7.52256	0.0152438
7.52281	0.012395
7.52305	0.0116668
7.5233	0.0144473
7.52354	0.0160143
7.52379	0.0135669
7.52403	0.00947808
7.52427	0.00555454
7.52452	0.000228991
7.52476	-0.00511558
7.52501	-0.00338351
7.52525	0.00795245
7.5255	0.0184302
7.52574	0.0158842
7.52599	0.00467308
7.52623	0.00210193
7.52648	0.0145709
7.52672	0.0274161
7.52697	0.0241896
7.52721	0.00819936
7.52745	-0.00293012
7.5277	0.000490908
7.52794	0.0115695
7.52819	0.0185907
7.52843	0.0179574
7.52868	0.0145017
7.52892	0.0140978
7.52917	0.0183989
7.52941	0.0249032
7.52966	0.0304177
7.5299	0.0337491
7.53015	0.0346316
7.53039	0.0318885
7.53063	0.02569
7.53088	0.0203355
7.53112	0.0199543
7.53137	0.0216797
7.53161	0.018792
7.53186	0.0111279
7.5321	0.00557169
7.53235	0.00472896
7.53259	0.00318326
7.53284	-0.00163089
7.53308	-0.00343614
7.53333	0.00219799
7.53357	0.00880927
7.53381	0.00810744
7.53406	0.00204462
7.5343	-0.00186768
7.53455	-0.00200153
7.53479	-0.00128194
7.53504	0.000677138
7.53528	0.00514038
7.53553	0.00777053
7.53577	0.00407404
7.53602	-0.0012153
7.53626	0.000430038
7.5365	0.00807954
7.53675	0.0126709
7.53699	0.0108238
7.53724	0.00843034
7.53748	0.010225
7.53773	0.0139259
7.53797	0.0157885
7.53822	0.0152829
7.53846	0.0135305
7.53871	0.0126079
7.53895	0.0157724
7.5392	0.022866
7.53944	0.0273445
7.53968	0.0242069
7.53993	0.0183532
7.54017	0.0177253
7.54042	0.0211122
7.54066	0.0217408
7.54091	0.0202291
7.54115	0.0230212
7.5414	0.0289885
7.54164	0.0296064
7.54189	0.0236694
7.54213	0.0202667
7.54238	0.0241914
7.54262	0.0289645
7.54286	0.0281752
7.54311	0.0241764
7.54335	0.0213636
7.5436	0.0196661
7.54384	0.0189768
7.54409	0.0215237
7.54433	0.0252295
7.54458	0.0228082
7.54482	0.0125655
7.54507	0.00279126
7.54531	0.000587511
7.54556	0.0034692
7.5458	0.00667588
7.54604	0.0109507
7.54629	0.0168931
7.54653	0.018985
7.54678	0.0131056
7.54702	0.00503606
7.54727	0.0036251
7.54751	0.00833288
7.54776	0.0104332
7.548	0.00531269
7.54825	-0.00201571
7.54849	-0.00390059
7.54873	0.000821191
7.54898	0.00571196
7.54922	0.0044195
7.54947	-0.00104524
7.54971	-0.00265499
7.54996	0.00125139
7.5502	0.00157029
7.55045	-0.00741239
7.55069	-0.0151482
7.55094	-0.00693136
7.55118	0.0137702
7.55143	0.0278024
7.55167	0.0253467
7.55191	0.0152954
7.55216	0.00769209
7.5524	0.0016139
7.55265	-0.00371205
7.55289	-0.000408754
7.55314	0.0149298
7.55338	0.0302208
7.55363	0.0317878
7.55387	0.02273
7.55412	0.0170432
7.55436	0.0202031
7.55461	0.0251736
7.55485	0.0246745
7.55509	0.0190257
7.55534	0.0129326
7.55558	0.0100596
7.55583	0.0102191
7.55607	0.0098092
7.55632	0.00728552
7.55656	0.00741105
7.55681	0.0140713
7.55705	0.0203815
7.5573	0.0162701
7.55754	0.00610032
7.55779	0.00515078
7.55803	0.015193
7.55827	0.0191627
7.55852	0.00750506
7.55876	-0.00593832
7.55901	-0.00549524
7.55925	0.00349306
7.5595	0.007317
7.55974	0.00618168
7.55999	0.0070192
7.56023	0.00527985
7.56048	-0.00617565
7.56072	-0.017429
7.56097	-0.0121864
7.56121	0.00494114
7.56145	0.0126558
7.5617	0.00465415
7.56194	-0.00293981
7.56219	0.00108173
7.56243	0.00742931
7.56268	0.0049475
7.56292	-0.00158553
7.56317	-0.00194106
7.56341	0.00335889
7.56366	0.00734923
7.5639	0.00858724
7.56414	0.0095954
7.56439	0.00922152
7.56463	0.00468874
7.56488	-0.0020521
7.56512	-0.00595536
7.56537	-0.00486934
7.56561	-0.000513548
7.56586	0.00417012
7.5661	0.00668804
7.56635	0.00674657
7.56659	0.00740829
7.56684	0.01148
7.56708	0.0166493
7.56732	0.0180974
7.56757	0.0158216
7.56781	0.0146748
7.56806	0.0166996
7.5683	0.0181246
7.56855	0.0150343
7.56879	0.00823183
7.56904	0.00160367
7.56928	-0.00152513
7.56953	-0.000408538
7.56977	0.00241248
7.57002	0.00342594
7.57026	0.00285921
7.5705	0.00415311
7.57075	0.00680133
7.57099	0.00501754
7.57124	-0.00253511
7.57148	-0.00809302
7.57173	-0.0060446
7.57197	-0.00219373
7.57222	-0.0035513
7.57246	-0.00560103
7.57271	-0.000936441
7.57295	0.00473176
7.5732	-0.000754144
7.57344	-0.0150174
7.57368	-0.0214508
7.57393	-0.0125292
7.57417	5.92131e-06
7.57442	0.00249117
7.57466	-0.00368641
7.57491	-0.00769576
7.57515	-0.00388856
7.5754	0.00432562
7.57564	0.0100856
7.57589	0.00937839
7.57613	0.00516605
7.57637	0.00503649
7.57662	0.0106825
7.57686	0.0131593
7.57711	0.00576321
7.57735	-0.00302799
7.5776	-0.000579507
7.57784	0.00943729
7.57809	0.0120076
7.57833	0.00547192
7.57858	0.00452518
7.57882	0.0149394
7.57907	0.0223038
7.57931	0.0146373
7.57955	0.00196725
7.5798	0.00124952
7.58004	0.0115221
7.58029	0.0171707
7.58053	0.0109358
7.58078	0.00177724
7.58102	0.000667755
7.58127	0.00712084
7.58151	0.011536
7.58176	0.00710583
7.582	-0.00220672
7.58225	-0.00612728
7.58249	-0.00115441
7.58273	0.00460974
7.58298	0.00383438
7.58322	0.00137798
7.58347	0.0044538
7.58371	0.00709125
7.58396	-0.00143291
7.5842	-0.0152528
7.58445	-0.0164946
7.58469	-0.00306002
7.58494	0.00672886
7.58518	0.002966
7.58543	-0.0013106
7.58567	0.00558253
7.58591	0.013463
7.58616	0.00892967
7.5864	-0.000508867
7.58665	0.000781116
7.58689	0.00996856
7.58714	0.0110706
7.58738	0.00104857
7.58763	-0.00753621
7.58787	-0.0074515
7.58812	-0.0041531
7.58836	-0.00275654
7.5886	-0.00198282
7.58885	-0.00176
7.58909	-0.00436436
7.58934	-0.00684121
7.58958	-0.00330603
7.58983	0.00395279
7.59007	0.00560768
7.59032	-0.00106056
7.59056	-0.0083508
7.59081	-0.00917892
7.59105	-0.00446363
7.5913	0.000916463
7.59154	0.00276123
7.59178	-0.00122748
7.59203	-0.00818448
7.59227	-0.00960349
7.59252	-0.000964778
7.59276	0.0105611
7.59301	0.0150388
7.59325	0.0124792
7.5935	0.00835454
7.59374	0.00225465
7.59399	-0.00698638
7.59423	-0.0101157
7.59448	0.00224686
7.59472	0.0194684
7.59496	0.0190522
7.59521	-0.00167568
7.59545	-0.0191787
7.5957	-0.0158314
7.59594	-0.00264403
7.59619	0.000260986
7.59643	-0.00770927
7.59668	-0.0122378
7.59692	-0.00842757
7.59717	-0.0052784
7.59741	-0.00880971
7.59766	-0.0137389
7.5979	-0.0132598
7.59814	-0.00818017
7.59839	-0.00378223
7.59863	-0.00286738
7.59888	-0.00430889
7.59912	-0.00605911
7.59937	-0.00799497
7.59961	-0.011364
7.59986	-0.0148461
7.6001	-0.0135601
7.60035	-0.00621201
7.60059	-0.0010297
7.60083	-0.00685234
7.60108	-0.0181363
7.60132	-0.0187032
7.60157	-0.00409085
7.60181	0.00974998
7.60206	0.00707594
7.6023	-0.00689542
7.60255	-0.0152555
7.60279	-0.0129935
7.60304	-0.0096054
7.60328	-0.0110035
7.60353	-0.011349
7.60377	-0.00502319
7.60401	0.00298931
7.60426	0.00362701
7.6045	-0.0045388
7.60475	-0.0142937
7.60499	-0.017976
7.60524	-0.0142296
7.60548	-0.00785832
7.60573	-0.00408093
7.60597	-0.00282009
7.60622	-2.27971e-05
7.60646	0.00510165
7.60671	0.00798773
7.60695	0.0061125
7.60719	0.00358121
7.60744	0.00393822
7.60768	0.00353013
7.60793	-0.00121106
7.60817	-0.00470401
7.60842	0.00010429
7.60866	0.0079596
7.60891	0.00682873
7.60915	-0.00304541
7.6094	-0.00833977
7.60964	-0.00367306
7.60989	-0.000112384
7.61013	-0.00620254
7.61037	-0.0131105
7.61062	-0.00929153
7.61086	0.000114744
7.61111	0.00197061
7.61135	-0.00329547
7.6116	-0.00378696
7.61184	0.00296719
7.61209	0.00650651
7.61233	0.00181989
7.61258	-0.00315669
7.61282	-0.00234847
7.61306	-0.00103688
7.61331	-0.00441834
7.61355	-0.00778917
7.6138	-0.00586948
7.61404	-0.00267982
7.61429	-0.00337176
7.61453	-0.00404244
7.61478	0.000556333
7.61502	0.00547824
7.61527	0.00270621
7.61551	-0.00436921
7.61576	-0.00515305
7.616	0.00113844
7.61624	0.00398506
7.61649	-0.00207413
7.61673	-0.00965639
7.61698	-0.00979169
7.61722	-0.00299676
7.61747	0.00419742
7.61771	0.00767091
7.61796	0.00758653
7.6182	0.00640428
7.61845	0.00702839
7.61869	0.00932097
7.61894	0.00838425
7.61918	0.000883522
7.61942	-0.00785601
7.61967	-0.00938176
7.61991	-0.00426146
7.62016	-0.00114914
7.6204	-0.0034515
7.62065	-0.00558584
7.62089	-0.00429517
7.62114	-0.00421703
7.62138	-0.00819253
7.62163	-0.0107218
7.62187	-0.0067626
7.62212	-8.60515e-05
7.62236	0.00273035
7.6226	0.000569861
7.62285	-0.00465817
7.62309	-0.0116753
7.62334	-0.0158588
7.62358	-0.0098606
7.62383	0.00426627
7.62407	0.0113992
7.62432	0.00154836
7.62456	-0.0143649
7.62481	-0.0177382
7.62505	-0.00675551
7.62529	0.00396837
7.62554	0.00516885
7.62578	0.00152365
7.62603	-0.00106793
7.62627	-0.00364996
7.62652	-0.00650866
7.62676	-0.00472193
7.62701	0.00298256
7.62725	0.0091171
7.6275	0.00711761
7.62774	0.00040633
7.62799	-0.0033389
7.62823	-0.00245045
7.62847	-0.00112211
7.62872	-0.00235804
7.62896	-0.00512095
7.62921	-0.00648697
7.62945	-0.0042623
7.6297	0.00056565
7.62994	0.00323977
7.63019	0.000229165
7.63043	-0.00491799
7.63068	-0.00532914
7.63092	-0.00101147
7.63117	0.000690006
7.63141	-0.00314295
7.63165	-0.00575406
7.6319	-0.00180775
7.63214	0.00254591
7.63239	-0.00202429
7.63263	-0.0132776
7.63288	-0.0192391
7.63312	-0.0143891
7.63337	-0.00645582
7.63361	-0.00481431
7.63386	-0.00801199
7.6341	-0.00729522
7.63435	0.000347217
7.63459	0.00765832
7.63483	0.00627825
7.63508	-0.00257316
7.63532	-0.0089493
7.63557	-0.00559679
7.63581	0.0033103
7.63606	0.00660188
7.6363	-0.000885722
7.63655	-0.0119987
7.63679	-0.0155429
7.63704	-0.00918458
7.63728	-0.00101501
7.63752	0.0014328
7.63777	-0.000411501
7.63801	-0.000847396
7.63826	0.00102733
7.6385	0.00169785
7.63875	0.000417033
7.63899	-0.000293327
7.63924	-0.00111072
7.63948	-0.00550689
7.63973	-0.0109326
7.63997	-0.00871253
7.64022	0.00228257
7.64046	0.00995302
7.6407	0.00495592
7.64095	-0.00463164
7.64119	-0.0052791
7.64144	0.000950793
7.64168	0.00103003
7.64193	-0.00614897
7.64217	-0.00762524
7.64242	0.00132275
7.64266	0.00898924
7.64291	0.00669403
7.64315	0.00123934
7.6434	0.000176341
7.64364	-0.000890692
7.64388	-0.00596764
7.64413	-0.00711008
7.64437	0.00172151
7.64462	0.0104939
7.64486	0.00746285
7.64511	-0.00146261
7.64535	-0.00324295
7.6456	0.000337661
7.64584	-0.00166387
7.64609	-0.00788541
7.64633	-0.007674
7.64658	-0.00235959
7.64682	-0.00391462
7.64706	-0.0123834
7.64731	-0.013901
7.64755	-0.00409972
7.6478	0.00455008
7.64804	0.00370123
7.64829	0.000814522
7.64853	0.00340888
7.64878	0.00698706
7.64902	0.00651254
7.64927	0.00632651
7.64951	0.0100137
7.64976	0.0121329
7.65	0.00855088
7.65024	0.00443819
7.65049	0.00399084
7.65073	0.00257165
7.65098	-0.00292538
7.65122	-0.00632979
7.65147	-0.0032657
7.65171	0.000356827
7.65196	-3.05663e-05
7.6522	0.00192488
7.65245	0.0110361
7.65269	0.0186356
7.65293	0.0155726
7.65318	0.00878483
7.65342	0.0113332
7.65367	0.0218188
7.65391	0.0274197
7.65416	0.023781
7.6544	0.0188475
7.65465	0.0188197
7.65489	0.0220023
7.65514	0.0258383
7.65538	0.0297263
7.65563	0.0312449
7.65587	0.0285895
7.65611	0.0260243
7.65636	0.0285242
7.6566	0.0322809
7.65685	0.0293409
7.65709	0.0206214
7.65734	0.0153073
7.65758	0.017353
7.65783	0.0212147
7.65807	0.0216738
7.65832	0.0200269
7.65856	0.0191745
7.65881	0.0193734
7.65905	0.0203305
7.65929	0.0219865
7.65954	0.0224734
7.65978	0.0199334
7.66003	0.0161093
7.66027	0.0136192
7.66052	0.0111096
7.66076	0.00636243
7.66101	0.00233766
7.66125	0.0037724
7.6615	0.00905199
7.66174	0.0120008
7.66199	0.0108769
7.66223	0.00913094
7.66247	0.00811587
7.66272	0.00596562
7.66296	0.00334001
7.66321	0.00330151
7.66345	0.00534182
7.6637	0.00605128
7.66394	0.0057075
7.66419	0.00734975
7.66443	0.00941435
7.66468	0.00711508
7.66492	0.00212843
7.66516	0.00241141
7.66541	0.00957276
7.66565	0.0144699
7.6659	0.0103412
7.66614	0.00379759
7.66639	0.00590286
7.66663	0.0159352
7.66688	0.0213721
7.66712	0.0142518
7.66737	0.00183836
7.66761	-0.00187452
7.66786	0.00744169
7.6681	0.0204211
7.66834	0.0263494
7.66859	0.0252601
7.66883	0.0245669
7.66908	0.0272138
7.66932	0.0294928
7.66957	0.029382
7.66981	0.029245
7.67006	0.0287309
7.6703	0.0234141
7.67055	0.0143494
7.67079	0.0108419
7.67104	0.0174882
7.67128	0.025256
7.67152	0.0230655
7.67177	0.0129075
7.67201	0.00566821
7.67226	0.00622068
7.6725	0.0107409
7.67275	0.0149759
7.67299	0.0167868
7.67324	0.0132511
7.67348	0.00392238
7.67373	-0.00471891
7.67397	-0.00578088
7.67422	-0.00147998
7.67446	0.000827623
7.6747	-0.000242447
7.67495	-0.000484057
7.67519	0.000696957
7.67544	-0.000138214
7.67568	-0.00297079
7.67593	-0.00427442
7.67617	-0.00364579
7.67642	-0.00337926
7.67666	-0.00287196
7.67691	-0.000399301
7.67715	0.00165306
7.67739	0.000759744
7.67764	0.000927765
7.67788	0.00705199
7.67813	0.0149977
7.67837	0.0162806
7.67862	0.0108829
7.67886	0.00632652
7.67911	0.00570658
7.67935	0.00579691
7.6796	0.0052051
7.67984	0.00489563
7.68009	0.00264853
7.68033	-0.00303884
7.68057	-0.00600936
7.68082	-0.000470418
7.68106	0.00682755
7.68131	0.00502918
7.68155	-0.00258385
7.6818	-0.00317418
7.68204	0.00418541
7.68229	0.00775561
7.68253	0.00423622
7.68278	0.00318174
7.68302	0.00743959
7.68327	0.00741112
7.68351	0.000410446
7.68375	-0.00247427
7.684	0.00285905
7.68424	0.0037397
7.68449	-0.00698214
7.68473	-0.0154356
7.68498	-0.00834273
7.68522	0.00373799
7.68547	0.00221426
7.68571	-0.0102037
7.68596	-0.0146381
7.6862	-0.00536242
7.68645	0.00408647
7.68669	0.00342225
7.68693	-0.00168581
7.68718	-0.00220428
7.68742	0.00139772
7.68767	0.00372122
7.68791	0.00344439
7.68816	0.00270823
7.6884	0.0023124
7.68865	0.00165577
7.68889	0.0013934
7.68914	0.00334982
7.68938	0.00765814
7.68962	0.0108546
7.68987	0.00873621
7.69011	0.00265314
7.69036	0.000229003
7.6906	0.00559086
7.69085	0.0116442
7.69109	0.00888199
7.69134	0.000134885
7.69158	-0.00255779
7.69183	0.00392257
7.69207	0.00904394
7.69232	0.00469376
7.69256	-0.00420804
7.6928	-0.00973997
7.69305	-0.0122585
7.69329	-0.0153669
7.69354	-0.0173055
7.69378	-0.0142923
7.69403	-0.00731477
7.69427	-0.000307227
7.69452	0.00421854
7.69476	0.00473101
7.69501	0.00124789
7.69525	-0.00160333
7.6955	0.00137388
7.69574	0.0072822
7.69598	0.00816173
7.69623	0.00368566
7.69647	0.00142008
7.69672	0.00332678
7.69696	0.003358
7.69721	0.000426769
7.69745	0.000544027
7.6977	0.00290836
7.69794	-0.00125216
7.69819	-0.0110275
7.69843	-0.0133407
7.69868	-0.00530781
7.69892	-0.00154506
7.69916	-0.00913457
7.69941	-0.0136138
7.69965	-0.00373647
7.6999	0.00765749
7.70014	0.00519399
7.70039	-0.00271156
7.70063	-0.000205068
7.70088	0.00668792
7.70112	0.00132125
7.70137	-0.0122539
7.70161	-0.0149444
7.70185	-0.00505076
7.7021	0.000202209
7.70234	-0.00538473
7.70259	-0.00967392
7.70283	-0.00672687
7.70308	-0.00567165
7.70332	-0.0104333
7.70357	-0.01167
7.70381	-0.00562658
7.70406	-0.00215499
7.7043	-0.0061882
7.70455	-0.00838231
7.70479	-0.00277149
7.70503	0.00226408
7.70528	0.0003189
7.70552	-0.000623262
7.70577	0.00649953
7.70601	0.0127885
7.70626	0.00664989
7.7065	-0.00698653
7.70675	-0.0134162
7.70699	-0.00817723
7.70724	0.000617457
7.70748	0.00548817
7.70773	0.00539549
7.70797	0.0016733
7.70821	-0.00313315
7.70846	-0.00440182
7.7087	-0.000608093
7.70895	0.00231779
7.70919	-0.0021025
7.70944	-0.0112903
7.70968	-0.0165321
7.70993	-0.0142669
7.71017	-0.00904892
7.71042	-0.00570535
7.71066	-0.00374574
7.71091	-0.000705444
7.71115	0.00287781
7.71139	0.00450754
7.71164	0.004199
7.71188	0.00498926
7.71213	0.00804902
7.71237	0.00950444
7.71262	0.00511966
7.71286	-0.00251765
7.71311	-0.00562304
7.71335	-0.00103172
7.7136	0.00573999
7.71384	0.00807462
7.71408	0.0055865
7.71433	0.00172696
7.71457	-0.000875248
7.71482	0.000145852
7.71506	0.00622804
7.71531	0.012676
7.71555	0.0106257
7.7158	-0.000382756
7.71604	-0.0086287
7.71629	-0.00586363
7.71653	0.000345522
7.71678	-0.00106357
7.71702	-0.00669592
7.71726	-0.00485298
7.71751	0.00462007
7.71775	0.00992062
7.718	0.00585504
7.71824	0.000329607
7.71849	0.00067763
7.71873	0.00417007
7.71898	0.00506734
7.71922	0.00264967
7.71947	-0.000831679
7.71971	-0.00379598
7.71996	-0.00498738
7.7202	-0.00450154
7.72044	-0.00521439
7.72069	-0.00820017
7.72093	-0.0085652
7.72118	-0.00223006
7.72142	0.00554622
7.72167	0.00620754
7.72191	0.000492301
7.72216	-0.00346685
7.7224	-0.00285982
7.72265	-0.0019671
7.72289	-0.00244821
7.72314	-0.00143124
7.72338	0.00096787
7.72362	0.0011632
7.72387	-0.00101164
7.72411	-0.00299594
7.72436	-0.00550682
7.7246	-0.00929889
7.72485	-0.00897153
7.72509	-0.000633539
7.72534	0.00754756
7.72558	0.00536887
7.72583	-0.00138767
7.72607	0.00178053
7.72632	0.0136513
7.72656	0.0174494
7.7268	0.00762775
7.72705	-0.00158421
7.72729	0.000185338
7.72754	0.00497703
7.72778	0.00406593
7.72803	0.00321524
7.72827	0.00870287
7.72852	0.0124817
7.72876	0.00546859
7.72901	-0.00493663
7.72925	-0.0052726
7.72949	0.00325311
7.72974	0.00825383
7.72998	0.00547773
7.73023	0.00190257
7.73047	0.00241479
7.73072	0.00457645
7.73096	0.00524854
7.73121	0.00353421
7.73145	-0.00138196
7.7317	-0.00794097
7.73194	-0.0101515
7.73219	-0.00477673
7.73243	0.00253557
7.73267	0.00520927
7.73292	0.00571819
7.73316	0.00929769
7.73341	0.0120772
7.73365	0.0065963
7.7339	-0.00264534
7.73414	-0.00179559
7.73439	0.0117446
7.73463	0.0226607
7.73488	0.0176076
7.73512	0.00323246
7.73537	-0.00372273
7.73561	0.0011994
7.73585	0.00736713
7.7361	0.00682109
7.73634	0.00399588
7.73659	0.00434188
7.73683	0.00314976
7.73708	-0.00541809
7.73732	-0.0143632
7.73757	-0.0115103
7.73781	6.36041e-06
7.73806	0.00323537
7.7383	-0.00657858
7.73855	-0.0121671
7.73879	-0.000181705
7.73903	0.0161828
7.73928	0.0156629
7.73952	0.000860199
7.73977	-0.00695959
7.74001	-0.000570029
7.74026	0.00621592
7.7405	0.00472673
7.74075	0.00342361
7.74099	0.00778327
7.74124	0.00814536
7.74148	-0.00126542
7.74172	-0.00791145
7.74197	-0.000218964
7.74221	0.0112411
7.74246	0.00858046
7.7427	-0.00537992
7.74295	-0.0113073
7.74319	-0.00219364
7.74344	0.00867467
7.74368	0.00952902
7.74393	0.00527275
7.74417	0.00618163
7.74442	0.0124838
7.74466	0.0170633
7.7449	0.0169043
7.74515	0.0149119
7.74539	0.013323
7.74564	0.0109998
7.74588	0.00709478
7.74613	0.00367085
7.74637	0.00319696
7.74662	0.00492854
7.74686	0.00575149
7.74711	0.00480287
7.74735	0.0050813
7.7476	0.00865457
7.74784	0.0122476
7.74808	0.0111444
7.74833	0.00652486
7.74857	0.00441333
7.74882	0.00690238
7.74906	0.00919145
7.74931	0.00713843
7.74955	0.0031088
7.7498	0.00116923
7.75004	0.000378717
7.75029	-0.00233834
7.75053	-0.00471463
7.75078	-0.000503084
7.75102	0.0102473
7.75126	0.017279
7.75151	0.0113422
7.75175	-0.00219292
7.752	-0.00723242
7.75224	0.00314225
7.75249	0.0165387
7.75273	0.0168813
7.75298	0.00572237
7.75322	-0.00107844
7.75347	0.0038774
7.75371	0.0113373
7.75395	0.0117644
7.7542	0.00813626
7.75444	0.0070546
7.75469	0.00764578
7.75493	0.00694693
7.75518	0.0075393
7.75542	0.0114703
7.75567	0.0141662
7.75591	0.0125983
7.75616	0.0118175
7.7564	0.0149042
7.75665	0.0149578
7.75689	0.00706566
7.75713	-0.000436935
7.75738	0.00167779
7.75762	0.00790354
7.75787	0.00754302
7.75811	0.00254963
7.75836	0.00214017
7.7586	0.00617752
7.75885	0.00808539
7.75909	0.00813786
7.75934	0.00960616
7.75958	0.0085674
7.75983	0.00266783
7.76007	0.00189717
7.76031	0.0132424
7.76056	0.0235261
7.7608	0.0181684
7.76105	0.00824564
7.76129	0.0140188
7.76154	0.0286274
7.76178	0.0276484
7.76203	0.0117413
7.76227	0.00695991
7.76252	0.020035
7.76276	0.0274942
7.76301	0.0177868
7.76325	0.0105075
7.76349	0.019218
7.76374	0.026584
7.76398	0.016328
7.76423	0.00287906
7.76447	0.00613429
7.76472	0.0186434
7.76496	0.0217549
7.76521	0.0165695
7.76545	0.0151965
7.7657	0.0159702
7.76594	0.0105911
7.76618	0.00414305
7.76643	0.00621691
7.76667	0.0120474
7.76692	0.0123089
7.76716	0.0117145
7.76741	0.018467
7.76765	0.0253259
7.7679	0.0214091
7.76814	0.0136278
7.76839	0.0156876
7.76863	0.0239167
7.76888	0.0251843
7.76912	0.0217362
7.76936	0.026027
7.76961	0.0359894
7.76985	0.0379162
7.7701	0.0312825
7.77034	0.02889
7.77059	0.0331556
7.77083	0.0333294
7.77108	0.0272806
7.77132	0.025864
7.77157	0.0326566
7.77181	0.0378025
7.77206	0.0361301
7.7723	0.0345131
7.77254	0.0363927
7.77279	0.034886
7.77303	0.0277057
7.77328	0.0248031
7.77352	0.0331738
7.77377	0.0449286
7.77401	0.0482596
7.77426	0.0421734
7.7745	0.0339134
7.77475	0.0286879
7.77499	0.0279148
7.77524	0.032085
7.77548	0.0393971
7.77572	0.0448633
7.77597	0.0454622
7.77621	0.0446012
7.77646	0.0482053
7.7767	0.0567506
7.77695	0.0635076
7.77719	0.0623986
7.77744	0.0571319
7.77768	0.0585289
7.77793	0.0698101
7.77817	0.0798383
7.77841	0.0784533
7.77866	0.0737131
7.7789	0.0815976
7.77915	0.100513
7.77939	0.111751
7.77964	0.107664
7.77988	0.10241
7.78013	0.108258
7.78037	0.118203
7.78062	0.122515
7.78086	0.127018
7.78111	0.140879
7.78135	0.158288
7.78159	0.167502
7.78184	0.169776
7.78208	0.17542
7.78233	0.187614
7.78257	0.202444
7.78282	0.219055
7.78306	0.238597
7.78331	0.258291
7.78355	0.275779
7.7838	0.294168
7.78404	0.316285
7.78429	0.34122
7.78453	0.371117
7.78477	0.410658
7.78502	0.455831
7.78526	0.498094
7.78551	0.544802
7.78575	0.616129
7.786	0.712937
7.78624	0.809705
7.78649	0.892293
7.78673	0.97934
7.78698	1.08955
7.78722	1.21374
7.78747	1.34367
7.78771	1.504
7.78795	1.72356
7.7882	1.99217
7.78844	2.27957
7.78869	2.58369
7.78893	2.92221
7.78918	3.28067
7.78942	3.60481
7.78967	3.8516
7.78991	4.02858
7.79016	4.18431
7.7904	4.37497
7.79064	4.62693
7.79089	4.90694
7.79113	5.13569
7.79138	5.24883
7.79162	5.23242
7.79187	5.09161
7.79211	4.83089
7.79236	4.50601
7.7926	4.24476
7.79285	4.1334
7.79309	4.09284
7.79334	3.9485
7.79358	3.63411
7.79382	3.25564
7.79407	2.93872
7.79431	2.69066
7.79456	2.44935
7.7948	2.19635
7.79505	1.96027
7.79529	1.75335
7.79554	1.56692
7.79578	1.407
7.79603	1.28412
7.79627	1.18252
7.79652	1.07937
7.79676	0.980961
7.797	0.90658
7.79725	0.852774
7.79749	0.806591
7.79774	0.777795
7.79798	0.784093
7.79823	0.81823
7.79847	0.861891
7.79872	0.919022
7.79896	1.00398
7.79921	1.10955
7.79945	1.21801
7.7997	1.33136
7.79994	1.45856
7.80018	1.5854
7.80043	1.69257
7.80067	1.79636
7.80092	1.93783
7.80116	2.13533
7.80141	2.37627
7.80165	2.64825
7.8019	2.9455
7.80214	3.24805
7.80239	3.52581
7.80263	3.76508
7.80287	3.96902
7.80312	4.13771
7.80336	4.2697
7.80361	4.37147
7.80385	4.4409
7.8041	4.46014
7.80434	4.43849
7.80459	4.43844
7.80483	4.50534
7.80508	4.57863
7.80532	4.52942
7.80557	4.29428
7.80581	3.92783
7.80605	3.52503
7.8063	3.15068
7.80654	2.85265
7.80679	2.66764
7.80703	2.56666
7.80728	2.44471
7.80752	2.21818
7.80777	1.90919
7.80801	1.59886
7.80826	1.3296
7.8085	1.09588
7.80875	0.899965
7.80899	0.758026
7.80923	0.658778
7.80948	0.567071
7.80972	0.47308
7.80997	0.399966
7.81021	0.358398
7.81046	0.327743
7.8107	0.289821
7.81095	0.251596
7.81119	0.224341
7.81144	0.204579
7.81168	0.186434
7.81193	0.173515
7.81217	0.167947
7.81241	0.162309
7.81266	0.151011
7.8129	0.138271
7.81315	0.129248
7.81339	0.123537
7.81364	0.120419
7.81388	0.119888
7.81413	0.116823
7.81437	0.105457
7.81462	0.0908768
7.81486	0.0840737
7.81511	0.0844648
7.81535	0.0802445
7.81559	0.0680889
7.81584	0.058851
7.81608	0.0596846
7.81633	0.0634961
7.81657	0.0620644
7.81682	0.058434
7.81706	0.0591745
7.81731	0.0629232
7.81755	0.0637914
7.8178	0.0604654
7.81804	0.0562355
7.81828	0.0536463
7.81853	0.0525444
7.81877	0.0508657
7.81902	0.0465838
7.81926	0.0412676
7.81951	0.0395007
7.81975	0.0412536
7.82	0.0397868
7.82024	0.0330261
7.82049	0.0300131
7.82073	0.0365185
7.82098	0.0418445
7.82122	0.0336479
7.82146	0.0197088
7.82171	0.0177752
7.82195	0.0274133
7.8222	0.031541
7.82244	0.0251711
7.82269	0.0210027
7.82293	0.0236796
7.82318	0.021577
7.82342	0.0115901
7.82367	0.00911163
7.82391	0.0210196
7.82416	0.0297212
7.8244	0.0204613
7.82464	0.00681757
7.82489	0.00979139
7.82513	0.0252699
7.82538	0.0328797
7.82562	0.0275148
7.82587	0.0214628
7.82611	0.0212683
7.82636	0.0221312
7.8266	0.0220489
7.82685	0.0237147
7.82709	0.0239958
7.82734	0.0174536
7.82758	0.00903686
7.82782	0.00848175
7.82807	0.0135344
7.82831	0.0135102
7.82856	0.0083006
7.8288	0.0084117
7.82905	0.0159052
7.82929	0.0206179
7.82954	0.0173574
7.82978	0.0128638
7.83003	0.012763
7.83027	0.0140775
7.83051	0.0136365
7.83076	0.0127057
7.831	0.0110285
7.83125	0.00687818
7.83149	0.00411689
7.83174	0.00800703
7.83198	0.0137102
7.83223	0.0115434
7.83247	0.00416993
7.83272	0.00430053
7.83296	0.013411
7.83321	0.0181406
7.83345	0.011849
7.83369	0.0043828
7.83394	0.00456431
7.83418	0.0079061
7.83443	0.00908898
7.83467	0.0120939
7.83492	0.0185843
7.83516	0.0194743
7.83541	0.00912204
7.83565	-0.00300776
7.8359	-0.00592071
7.83614	-0.00290237
7.83639	-0.00297668
7.83663	-0.00537815
7.83687	-0.00393323
7.83712	0.000308252
7.83736	0.00203507
7.83761	0.00159979
7.83785	0.00211618
7.8381	0.00209537
7.83834	-6.67521e-05
7.83859	-0.000216615
7.83883	0.00399275
7.83908	0.00605213
7.83932	0.000485306
7.83957	-0.00660589
7.83981	-0.0067252
7.84005	-0.00228526
7.8403	-0.000280222
7.84054	0.000745395
7.84079	0.00557781
7.84103	0.0100011
7.84128	0.00669873
7.84152	-0.000754721
7.84177	-0.00304909
7.84201	-0.000920053
7.84226	-0.0020815
7.8425	-0.00510844
7.84274	-0.00153157
7.84299	0.00658539
7.84323	0.00709431
7.84348	-0.00185031
7.84372	-0.00710186
7.84397	-0.00122449
7.84421	0.00595026
7.84446	0.00376001
7.8447	-0.00305491
7.84495	-0.00363718
7.84519	0.00225443
7.84544	0.00634967
7.84568	0.00463093
7.84592	-0.000852703
7.84617	-0.00833336
7.84641	-0.0157747
7.84666	-0.0172615
7.8469	-0.00899464
7.84715	0.00218496
7.84739	0.00488803
7.84764	-0.00150505
7.84788	-0.00582602
7.84813	-0.0020273
7.84837	0.00132068
7.84862	-0.00519449
7.84886	-0.0151827
7.8491	-0.0141744
7.84935	-0.00208159
7.84959	0.00460623
7.84984	-0.00304377
7.85008	-0.0121636
7.85033	-0.00750179
7.85057	0.00438086
7.85082	0.00473378
7.85106	-0.00817127
7.85131	-0.0164248
7.85155	-0.0102062
7.8518	-0.00103327
7.85204	-0.000968494
7.85228	-0.00421746
7.85253	-0.000631675
7.85277	0.00465919
7.85302	-0.000202224
7.85326	-0.0124484
7.85351	-0.0169133
7.85375	-0.00779328
7.854	0.0043465
7.85424	0.00805447
7.85449	0.00357265
7.85473	-0.00176917
7.85497	-0.00313132
7.85522	-0.000802398
7.85546	0.00182787
7.85571	0.00148851
7.85595	-0.00116742
7.8562	-0.00200393
7.85644	5.74095e-05
7.85669	0.000359694
7.85693	-0.00378268
7.85718	-0.00677558
7.85742	-0.00173472
7.85767	0.00919792
7.85791	0.01713
7.85815	0.0167842
7.8584	0.0100504
7.85864	0.00225974
7.85889	-0.000616908
7.85913	0.00495624
7.85938	0.0145918
7.85962	0.0177882
7.85987	0.0107695
7.86011	0.00278387
7.86036	0.00330611
7.8606	0.00841149
7.86085	0.0079453
7.86109	0.00147876
7.86133	-0.0024413
7.86158	0.000107129
7.86182	0.00508563
7.86207	0.00879376
7.86231	0.0104177
7.86256	0.00782835
7.8628	-0.00011482
7.86305	-0.00784222
7.86329	-0.00820538
7.86354	-0.00282397
7.86378	0.000647685
7.86403	0.000431579
7.86427	0.00102109
7.86451	0.00249232
7.86476	-0.000635071
7.865	-0.00853132
7.86525	-0.0132946
7.86549	-0.0101364
7.86574	-0.00419123
7.86598	-0.00279453
7.86623	-0.00614967
7.86647	-0.00853426
7.86672	-0.00556264
7.86696	0.00108099
7.8672	0.00445234
7.86745	-0.000519757
7.86769	-0.00879037
7.86794	-0.00879591
7.86818	0.00156338
7.86843	0.00911064
7.86867	0.00315665
7.86892	-0.00755799
7.86916	-0.00682085
7.86941	0.00479037
7.86965	0.0113654
7.8699	0.00611436
7.87014	-0.000165926
7.87038	0.00252944
7.87063	0.0100493
7.87087	0.0142738
7.87112	0.0151942
7.87136	0.0157556
7.87161	0.0134848
7.87185	0.00541762
7.8721	-0.00403927
7.87234	-0.00736397
7.87259	-0.00327752
7.87283	0.00280457
7.87308	0.00536226
7.87332	0.00295165
7.87356	-0.0016
7.87381	-0.00321072
7.87405	0.000589887
7.8743	0.00601986
7.87454	0.00761488
7.87479	0.006223
7.87503	0.00728285
7.87528	0.0107779
7.87552	0.00966958
7.87577	0.00116868
7.87601	-0.00661452
7.87626	-0.00431501
7.8765	0.00602151
7.87674	0.0132204
7.87699	0.010692
7.87723	0.00335266
7.87748	0.000222286
7.87772	0.00353363
7.87797	0.0078817
7.87821	0.00883452
7.87846	0.00805459
7.8787	0.00797793
7.87895	0.00596716
7.87919	-0.000792471
7.87943	-0.00745509
7.87968	-0.00636239
7.87992	0.000814959
7.88017	0.00430042
7.88041	0.000375417
7.88066	-0.0048535
7.8809	-0.0074121
7.88115	-0.0103271
7.88139	-0.0132934
7.88164	-0.00983337
7.88188	-0.000676096
7.88213	0.00271693
7.88237	-0.00384563
7.88261	-0.00842942
7.88286	-0.00224096
7.8831	0.00517026
7.88335	0.00254464
7.88359	-0.00399519
7.88384	-0.00374169
7.88408	-0.00124416
7.88433	-0.00532526
7.88457	-0.00900792
7.88482	-0.00150133
7.88506	0.00818629
7.88531	0.00321832
7.88555	-0.0107323
7.88579	-0.0122206
7.88604	0.000848301
7.88628	0.00868781
7.88653	0.00348072
7.88677	-0.000676529
7.88702	0.00349129
7.88726	0.00415065
7.88751	-0.00428662
7.88775	-0.00836612
7.888	-0.000333175
7.88824	0.0068115
7.88849	0.00328659
7.88873	0.000788327
7.88897	0.01013
7.88922	0.0192796
7.88946	0.0130451
7.88971	-0.000316138
7.88995	-0.00270653
7.8902	0.00469649
7.89044	0.00621655
7.89069	-0.00224414
7.89093	-0.0108708
7.89118	-0.013983
7.89142	-0.0130575
7.89167	-0.00668733
7.89191	0.00554556
7.89215	0.0132616
7.8924	0.00627049
7.89264	-0.00737923
7.89289	-0.0106586
7.89313	-0.00251722
7.89338	0.00324458
7.89362	0.0024203
7.89387	0.00495762
7.89411	0.0135144
7.89436	0.0166735
7.8946	0.00938378
7.89484	0.00282573
7.89509	0.00506784
7.89533	0.00690494
7.89558	-0.00177137
7.89582	-0.0136808
7.89607	-0.0154735
7.89631	-0.00859975
7.89656	-0.00482886
7.8968	-0.00632746
7.89705	-0.0046186
7.89729	0.00248467
7.89754	0.00673625
7.89778	0.00359622
7.89802	-0.0015386
7.89827	-0.00416948
7.89851	-0.00648995
7.89876	-0.00800063
7.899	-0.00191648
7.89925	0.0113599
7.89949	0.0177124
7.89974	0.00752096
7.89998	-0.00741131
7.90023	-0.00882089
7.90047	0.00107528
7.90072	0.00368485
7.90096	-0.00617442
7.9012	-0.0129051
7.90145	-0.00701685
7.90169	-0.00106753
7.90194	-0.00766543
7.90218	-0.0164772
7.90243	-0.00939037
7.90267	0.0100408
7.90292	0.0199343
7.90316	0.0104012
7.90341	-0.00508444
7.90365	-0.0100538
7.9039	-0.00396484
7.90414	0.00300472
7.90438	0.00438294
7.90463	0.00157148
7.90487	-0.000702874
7.90512	0.000812497
7.90536	0.00493954
7.90561	0.00693115
7.90585	0.00442752
7.9061	0.000966117
7.90634	0.0005373
7.90659	0.00159067
7.90683	0.000711165
7.90707	-0.00122328
7.90732	-0.00171301
7.90756	-0.00184244
7.90781	-0.00313721
7.90805	-0.00314362
7.9083	-0.000272396
7.90854	0.00132525
7.90879	-0.00135694
7.90903	-0.0033028
7.90928	0.000434513
7.90952	0.00480782
7.90977	0.00243608
7.91001	-0.00332761
7.91025	-0.00357161
7.9105	0.00154503
7.91074	0.00452442
7.91099	0.00395876
7.91123	0.00451862
7.91148	0.00568136
7.91172	0.00267561
7.91197	-0.00243868
7.91221	-0.00277167
7.91246	0.000705827
7.9127	0.000390904
7.91295	-0.00399639
7.91319	-0.0045186
7.91343	0.0013512
7.91368	0.0075223
7.91392	0.0102812
7.91417	0.0114978
7.91441	0.0107408
7.91466	0.00553333
7.9149	-0.000315292
7.91515	9.67805e-05
7.91539	0.00534786
7.91564	0.00844103
7.91588	0.00928094
7.91613	0.0120156
7.91637	0.0126965
7.91661	0.00482743
7.91686	-0.00474866
7.9171	-0.0030156
7.91735	0.00650625
7.91759	0.0073227
7.91784	-0.00228305
7.91808	-0.00558686
7.91833	0.00434452
7.91857	0.0138114
7.91882	0.0127014
7.91906	0.00901113
7.9193	0.0102826
7.91955	0.0105353
7.91979	0.00641149
7.92004	0.00700848
7.92028	0.0152897
7.92053	0.0184374
7.92077	0.0104665
7.92102	0.00596213
7.92126	0.0155336
7.92151	0.0258023
7.92175	0.0222245
7.922	0.0146513
7.92224	0.0186802
7.92248	0.0267187
7.92273	0.0224389
7.92297	0.0123088
7.92322	0.0152901
7.92346	0.0279306
7.92371	0.0284581
7.92395	0.0145952
7.9242	0.00925512
7.92444	0.023508
7.92469	0.0386826
7.92493	0.0351809
7.92518	0.019441
7.92542	0.0101804
7.92566	0.0121968
7.92591	0.0163009
7.92615	0.0158155
7.9264	0.01203
7.92664	0.00854075
7.92689	0.0080044
7.92713	0.010975
7.92738	0.0135417
7.92762	0.0103745
7.92787	0.00291655
7.92811	-0.000911782
7.92836	0.00208898
7.9286	0.00571509
7.92884	0.00444029
7.92909	0.00190772
7.92933	0.00428265
7.92958	0.00994013
7.92982	0.0118382
7.93007	0.00779001
7.93031	0.00284214
7.93056	0.00161376
7.9308	0.00247475
7.93105	0.000857653
7.93129	-0.00364144
7.93153	-0.00570929
7.93178	-0.000579796
7.93202	0.00924008
7.93227	0.0155421
7.93251	0.0132145
7.93276	0.0057164
7.933	0.000834827
7.93325	0.00268967
7.93349	0.00893465
7.93374	0.0140747
7.93398	0.0143253
7.93423	0.0107668
7.93447	0.00864364
7.93471	0.0120477
7.93496	0.0189325
7.9352	0.0234392
7.93545	0.0230833
7.93569	0.0205908
7.93594	0.0183891
7.93618	0.0152881
7.93643	0.0102569
7.93667	0.00607528
7.93692	0.00676858
7.93716	0.0130089
7.93741	0.0210382
7.93765	0.0250422
7.93789	0.0216448
7.93814	0.0144684
7.93838	0.0120902
7.93863	0.0175075
7.93887	0.0222934
7.93912	0.01729
7.93936	0.00655645
7.93961	0.00218301
7.93985	0.00627236
7.9401	0.0085642
7.94034	0.00355917
7.94059	-0.00125788
7.94083	0.0009944
7.94107	0.00535769
7.94132	0.0047432
7.94156	0.00211383
7.94181	0.00360077
7.94205	0.00584401
7.9423	0.000938101
7.94254	-0.00905686
7.94279	-0.0132093
7.94303	-0.00753273
7.94328	-0.000604674
7.94352	-0.000751712
7.94376	-0.00472847
7.94401	-0.00397567
7.94425	0.0019261
7.9445	0.00434567
7.94474	-0.00170484
7.94499	-0.00946109
7.94523	-0.00927015
7.94548	-0.00293267
7.94572	-0.00241399
7.94597	-0.0128453
7.94621	-0.0237644
7.94646	-0.0223253
7.9467	-0.0101209
7.94694	-0.000170658
7.94719	-0.000370285
7.94743	-0.00688719
7.94768	-0.0118668
7.94792	-0.0107199
7.94817	-0.0032298
7.94841	0.00570805
7.94866	0.00751702
7.9489	-0.00117841
7.94915	-0.0121724
7.94939	-0.0146252
7.94964	-0.00874448
7.94988	-0.00357262
7.95012	-0.00331076
7.95037	-0.0042504
7.95061	-0.00409438
7.95086	-0.00523077
7.9511	-0.00833753
7.95135	-0.0106219
7.95159	-0.0109481
7.95184	-0.0101164
7.95208	-0.00700773
7.95233	-0.00127992
7.95257	0.00204962
7.95282	-0.0016953
7.95306	-0.00885
7.9533	-0.0126278
7.95355	-0.0126812
7.95379	-0.0112791
7.95404	-0.00564979
7.95428	0.00501678
7.95453	0.0110533
7.95477	0.00431813
7.95502	-0.00658116
7.95526	-0.00795343
7.95551	-0.002391
7.95575	-0.00142894
7.95599	-0.00289277
7.95624	0.00306588
7.95648	0.00946252
7.95673	-0.000302945
7.95697	-0.0202082
7.95722	-0.0241543
7.95746	-0.00631246
7.95771	0.00840336
7.95795	0.00380246
7.9582	-0.0045725
7.95844	0.000130845
7.95869	0.00803714
7.95893	0.00364868
7.95917	-0.00639034
7.95942	-0.00787688
7.95966	-0.00459875
7.95991	-0.00778121
7.96015	-0.0130973
7.9604	-0.00921595
7.96064	0.000719769
7.96089	0.00532558
7.96113	0.00410858
7.96138	0.00310784
7.96162	0.000483423
7.96187	-0.00624702
7.96211	-0.00786311
7.96235	0.00296471
7.9626	0.0137299
7.96284	0.00763742
7.96309	-0.00862902
7.96333	-0.0128747
7.96358	-0.000174738
7.96382	0.0119831
7.96407	0.0113108
7.96431	0.00531887
7.96456	0.00526952
7.9648	0.0102756
7.96505	0.0123179
7.96529	0.00755276
7.96553	-0.000817273
7.96578	-0.00541529
7.96602	-0.000833075
7.96627	0.00852728
7.96651	0.0106288
7.96676	0.00118239
7.967	-0.00914425
7.96725	-0.00941896
7.96749	-0.00278664
7.96774	0.0019331
7.96798	0.00423773
7.96823	0.007075
7.96847	0.00651981
7.96871	-0.000993717
7.96896	-0.00787906
7.9692	-0.00523655
7.96945	0.00158465
7.96969	0.000349836
7.96994	-0.00921621
7.97018	-0.0165056
7.97043	-0.0164741
7.97067	-0.0129642
7.97092	-0.00878649
7.97116	-0.00417826
7.9714	-0.00246126
7.97165	-0.00621697
7.97189	-0.0102313
7.97214	-0.00812061
7.97238	-0.00290708
7.97263	-0.00174049
7.97287	-0.00419928
7.97312	-0.00519953
7.97336	-0.00467913
7.97361	-0.00472158
7.97385	-0.00244722
7.9741	0.00412645
7.97434	0.0088956
7.97458	0.00660487
7.97483	0.002553
7.97507	0.00299511
7.97532	0.00369972
7.97556	-0.000211227
7.97581	-0.00200093
7.97605	0.00493584
7.9763	0.0118398
7.97654	0.00748874
7.97679	-0.00148824
7.97703	-0.00141341
7.97728	0.0039551
7.97752	-6.48316e-06
7.97776	-0.0121324
7.97801	-0.0168966
7.97825	-0.0108626
7.9785	-0.00602887
7.97874	-0.00617697
7.97899	-0.00183332
7.97923	0.00770461
7.97948	0.00891285
7.97972	-0.00250459
7.97997	-0.011825
7.98021	-0.00785762
7.98046	0.000877867
7.9807	0.00178407
7.98094	-0.00399379
7.98119	-0.00860685
7.98143	-0.0101261
7.98168	-0.00910511
7.98192	-0.0033188
7.98217	0.00541167
7.98241	0.00856777
7.98266	0.00288854
7.9829	-0.00380464
7.98315	-0.0054327
7.98339	-0.00660985
7.98363	-0.0113941
7.98388	-0.0133606
7.98412	-0.00679272
7.98437	0.00067804
7.98461	-0.0018328
7.98486	-0.0110876
7.9851	-0.0141407
7.98535	-0.00789835
7.98559	-0.00322984
7.98584	-0.00833557
7.98608	-0.0170017
7.98633	-0.0177591
7.98657	-0.00957453
7.98681	-0.00265288
7.98706	-0.00424423
7.9873	-0.00877385
7.98755	-0.00556817
7.98779	0.00598928
7.98804	0.0146496
7.98828	0.0114158
7.98853	-0.000137441
7.98877	-0.0102167
7.98902	-0.0138995
7.98926	-0.0119799
7.98951	-0.00628228
7.98975	0.000181097
7.98999	0.00263066
7.99024	-6.67698e-05
7.99048	-0.00273059
7.99073	-0.00145099
7.99097	0.000438708
7.99122	-0.00110417
7.99146	-0.0037895
7.99171	-0.00449282
7.99195	-0.00556819
7.9922	-0.00830356
7.99244	-0.00688905
7.99269	0.00138393
7.99293	0.00627681
7.99317	-0.00261526
7.99342	-0.0170809
7.99366	-0.0180597
7.99391	-0.00184254
7.99415	0.014303
7.9944	0.0148713
7.99464	0.00365995
7.99489	-0.00494145
7.99513	-0.00353446
7.99538	0.00374967
7.99562	0.00853273
7.99586	0.00621675
7.99611	-0.000442466
7.99635	-0.00436602
7.9966	-0.00205999
7.99684	0.00318449
7.99709	0.00728411
7.99733	0.00988013
7.99758	0.0102072
7.99782	0.00531351
7.99807	-0.00253038
7.99831	-0.00431174
7.99856	0.00266414
7.9988	0.00802883
7.99904	0.00351272
7.99929	-0.00340874
7.99953	-0.00225216
7.99978	0.00214469
8.00002	-0.00173432
8.00027	-0.0111407
8.00051	-0.0131721
8.00076	-0.00667294
8.001	-0.00287539
8.00125	-0.00464349
8.00149	-0.00271759
8.00174	0.0046332
8.00198	0.00555017
8.00222	-0.00522729
8.00247	-0.0150027
8.00271	-0.011354
8.00296	-0.000463623
8.0032	0.00334356
8.00345	-0.00132843
8.00369	-0.00343035
8.00394	0.00249018
8.00418	0.00891836
8.00443	0.00691116
8.00467	-0.00186356
8.00492	-0.0080819
8.00516	-0.00678699
8.0054	-0.00226386
8.00565	-0.000465319
8.00589	-0.000915392
8.00614	-8.99976e-06
8.00638	0.00108917
8.00663	-0.00136586
8.00687	-0.00531522
8.00712	-0.00525157
8.00736	-0.00260709
8.00761	-0.00375722
8.00785	-0.00703298
8.00809	-0.00389873
8.00834	0.00456142
8.00858	0.00658345
8.00883	-4.08169e-07
8.00907	-0.00215329
8.00932	0.00601295
8.00956	0.0119308
8.00981	0.006491
8.01005	0.000224326
8.0103	0.00318274
8.01054	0.00538416
8.01079	-0.00432635
8.01103	-0.0149063
8.01127	-0.0105029
8.01152	0.000819942
8.01176	-0.000107299
8.01201	-0.0106073
8.01225	-0.0113682
8.0125	0.000443218
8.01274	0.00868731
8.01299	0.00690691
8.01323	0.00479409
8.01348	0.00561558
8.01372	0.00117014
8.01397	-0.00774608
8.01421	-0.00828659
8.01445	0.00197701
8.0147	0.00919924
8.01494	0.00519107
8.01519	-0.00231536
8.01543	-0.0055941
8.01568	-0.00626492
8.01592	-0.00510341
8.01617	0.000601076
8.01641	0.00585285
8.01666	0.000830136
8.0169	-0.0112435
8.01715	-0.0151745
8.01739	-0.00599524
8.01763	0.00553747
8.01788	0.0114921
8.01812	0.0139591
8.01837	0.0125596
8.01861	0.00367632
8.01886	-0.00571163
8.0191	-0.00353189
8.01935	0.00504586
8.01959	0.00211719
8.01984	-0.0120737
8.02008	-0.0161894
8.02032	-0.00260984
8.02057	0.009226
8.02081	0.00507255
8.02106	-0.00205093
8.0213	0.00335769
8.02155	0.0132118
8.02179	0.0118439
8.02204	0.00156929
8.02228	-0.00512743
8.02253	-0.00603858
8.02277	-0.00594155
8.02302	-0.00378683
8.02326	0.00222903
8.0235	0.00590879
8.02375	0.00181564
8.02399	-0.00533175
8.02424	-0.00943086
8.02448	-0.0115996
8.02473	-0.0122693
8.02497	-0.00666964
8.02522	0.00346889
8.02546	0.00696191
8.02571	0.000983626
8.02595	-0.00220975
8.0262	0.00404058
8.02644	0.0088585
8.02668	0.00380014
8.02693	-0.00168619
8.02717	0.00143772
8.02742	0.00416848
8.02766	-0.00347234
8.02791	-0.0125038
8.02815	-0.0104611
8.0284	-0.00395039
8.02864	-0.00589792
8.02889	-0.0111427
8.02913	-0.006046
8.02938	0.00545121
8.02962	0.00733153
8.02986	-0.00128693
8.03011	-0.00546091
8.03035	0.000232599
8.0306	0.00481052
8.03084	0.000634517
8.03109	-0.00627177
8.03133	-0.00852972
8.03158	-0.00722097
8.03182	-0.00656478
8.03207	-0.00814913
8.03231	-0.0116092
8.03255	-0.0140683
8.0328	-0.0107372
8.03304	-0.0026275
8.03329	0.000949071
8.03353	-0.00454414
8.03378	-0.00954674
8.03402	-0.00406851
8.03427	0.00578753
8.03451	0.00692153
8.03476	-0.000518771
8.035	-0.00515656
8.03525	-0.00296045
8.03549	-0.000602499
8.03573	-0.00236334
8.03598	-0.00605581
8.03622	-0.0106869
8.03647	-0.0166868
8.03671	-0.0196459
8.03696	-0.0145965
8.0372	-0.00541353
8.03745	-8.46861e-05
8.03769	0.0012873
8.03794	0.00363258
8.03818	0.00517404
8.03843	0.000489653
8.03867	-0.0067771
8.03891	-0.00729402
8.03916	-0.00191856
8.0394	-0.00135236
8.03965	-0.00833544
8.03989	-0.0124111
8.04014	-0.00608963
8.04038	0.00402635
8.04063	0.00715767
8.04087	0.00204506
8.04112	-0.00380874
8.04136	-0.00401493
8.04161	0.00054078
8.04185	0.00304898
8.04209	-0.00176987
8.04234	-0.0100095
8.04258	-0.011978
8.04283	-0.00604569
8.04307	-0.00242037
8.04332	-0.00729391
8.04356	-0.0115005
8.04381	-0.00505289
8.04405	0.0046088
8.0443	0.00304405
8.04454	-0.0071444
8.04478	-0.00947422
8.04503	-0.000590395
8.04527	0.00343887
8.04552	-0.00715867
8.04576	-0.0195178
8.04601	-0.017126
8.04625	-0.0039251
8.0465	0.00251585
8.04674	-0.00396197
8.04699	-0.0118531
8.04723	-0.0101698
8.04748	-0.0028547
8.04772	-0.000805128
8.04796	-0.00524036
8.04821	-0.00644921
8.04845	0.000613988
8.0487	0.00713319
8.04894	0.00312441
8.04919	-0.00585016
8.04943	-0.00555282
8.04968	0.00423888
8.04992	0.00763601
8.05017	-0.00243242
8.05041	-0.0114571
8.05066	-0.00517783
8.0509	0.00831836
8.05114	0.0120044
8.05139	0.00571815
8.05163	0.00210891
8.05188	0.00321373
8.05212	-0.000308916
8.05237	-0.0086959
8.05261	-0.0106596
8.05286	-0.0033862
8.0531	0.00239102
8.05335	0.0015654
8.05359	0.00243153
8.05384	0.00863622
8.05408	0.0092322
8.05432	-0.00268994
8.05457	-0.0143976
8.05481	-0.0101326
8.05506	0.00487617
8.0553	0.0112131
8.05555	0.00237718
8.05579	-0.00823458
8.05604	-0.00769417
8.05628	0.000533732
8.05653	0.0048301
8.05677	0.0014587
8.05702	-0.00365524
8.05726	-0.00512829
8.0575	-0.00363881
8.05775	-0.00162522
8.05799	0.000774951
8.05824	0.00290481
8.05848	0.00129414
8.05873	-0.00469872
8.05897	-0.00786231
8.05922	-0.001123
8.05946	0.0100302
8.05971	0.01195
8.05995	0.00172371
8.06019	-0.00789313
8.06044	-0.00708731
8.06068	-0.00254371
8.06093	-0.00464661
8.06117	-0.0105611
8.06142	-0.0111415
8.06166	-0.00750621
8.06191	-0.00762449
8.06215	-0.0107737
8.0624	-0.00909451
8.06264	-0.00271605
8.06289	-1.06536e-05
8.06313	-0.00302857
8.06337	-0.0052447
8.06362	-0.00427506
8.06386	-0.00470487
8.06411	-0.00737567
8.06435	-0.00775899
8.0646	-0.0057678
8.06484	-0.00498139
8.06509	-0.00200034
8.06533	0.0091092
8.06558	0.0208711
8.06582	0.0177935
8.06607	0.00132163
8.06631	-0.00867301
8.06655	-0.00385822
8.0668	0.000240094
8.06704	-0.00776945
8.06729	-0.0143541
8.06753	-0.00442305
8.06778	0.010973
8.06802	0.0108072
8.06827	-0.00306672
8.06851	-0.0107851
8.06876	-0.00557953
8.069	0.00119464
8.06925	0.00285738
8.06949	0.00446499
8.06973	0.00717073
8.06998	0.00502729
8.07022	-0.000177592
8.07047	0.00131428
8.07071	0.00896833
8.07096	0.0102723
8.0712	0.0020926
8.07145	-0.00284522
8.07169	0.0024861
8.07194	0.00739439
8.07218	0.00223051
8.07242	-0.00518534
8.07267	-0.00346984
8.07291	0.00354138
8.07316	0.00452622
8.0734	-0.00129571
8.07365	-0.00610704
8.07389	-0.00709868
8.07414	-0.00678937
8.07438	-0.00495531
8.07463	-0.000855076
8.07487	0.000925634
8.07512	-0.00310467
8.07536	-0.00735617
8.0756	-0.00528304
8.07585	-0.000873029
8.07609	-0.00162735
8.07634	-0.0049138
8.07658	-0.00334403
8.07683	0.000256949
8.07707	-0.00279808
8.07732	-0.00969515
8.07756	-0.00833605
8.07781	0.00200057
8.07805	0.00736474
8.0783	0.000460062
8.07854	-0.00871188
8.07878	-0.00954475
8.07903	-0.00540213
8.07927	-0.00367511
8.07952	-0.00271741
8.07976	0.00138806
8.08001	0.00418647
8.08025	0.000151312
8.0805	-0.00575345
8.08074	-0.00501598
8.08099	-8.7664e-05
8.08123	-0.00130088
8.08148	-0.0112876
8.08172	-0.0217232
8.08196	-0.0244405
8.08221	-0.0178602
8.08245	-0.0041984
8.0827	0.0110738
8.08294	0.0184014
8.08319	0.0125671
8.08343	0.00235938
8.08368	0.00200014
8.08392	0.0112365
8.08417	0.0144263
8.08441	0.00348375
8.08465	-0.00922634
8.0849	-0.00907873
8.08514	-0.00116797
8.08539	-0.00178448
8.08563	-0.0125611
8.08588	-0.0179426
8.08612	-0.0100156
8.08637	-0.00133886
8.08661	-0.00513911
8.08686	-0.0141215
8.0871	-0.0119485
8.08735	0.000331589
8.08759	0.00504229
8.08783	-0.00486163
8.08808	-0.0149829
8.08832	-0.0118087
8.08857	-0.00230327
8.08881	-0.00103858
8.08906	-0.00796139
8.0893	-0.011872
8.08955	-0.00956588
8.08979	-0.00746145
8.09004	-0.00734354
8.09028	-0.00464654
8.09053	-0.000377513
8.09077	-0.000880176
8.09101	-0.0043419
8.09126	-0.00121568
8.0915	0.0085347
8.09175	0.0120818
8.09199	0.00320886
8.09224	-0.0072801
8.09248	-0.00800089
8.09273	-0.00275584
8.09297	-0.00109799
8.09322	-0.00285693
8.09346	-0.00232924
8.09371	-0.00050552
8.09395	-0.00231938
8.09419	-0.00632192
8.09444	-0.0066776
8.09468	-0.00263053
8.09493	0.00141791
8.09517	0.00252065
8.09542	0.00025032
8.09566	-0.00500359
8.09591	-0.00982735
8.09615	-0.00881827
8.0964	-0.00262472
8.09664	0.000992316
8.09688	-0.00113175
8.09713	-0.00234712
8.09737	0.00177392
8.09762	0.00539517
8.09786	0.00392728
8.09811	0.00356404
8.09835	0.00926384
8.0986	0.0128275
8.09884	0.00553222
8.09909	-0.00544197
8.09933	-0.00720593
8.09958	-0.00123006
8.09982	0.00156033
8.10006	0.000180547
8.10031	0.00187123
8.10055	0.00483726
8.1008	0.00030286
8.10104	-0.00916014
8.10129	-0.0109623
8.10153	-0.00395366
8.10178	-0.00186723
8.10202	-0.0111838
8.10227	-0.0205298
8.10251	-0.0180876
8.10276	-0.00710861
8.103	0.0021216
8.10324	0.00532127
8.10349	0.00348819
8.10373	-0.00157702
8.10398	-0.00565216
8.10422	-0.00387462
8.10447	0.00157496
8.10471	0.00277845
8.10496	-0.00218607
8.1052	-0.00667745
8.10545	-0.00667693
8.10569	-0.00550101
8.10594	-0.00480341
8.10618	-0.000756319
8.10642	0.00669771
8.10667	0.00999037
8.10691	0.00448535
8.10716	-0.00439821
8.1074	-0.00891365
8.10765	-0.0074155
8.10789	-0.00225941
8.10814	0.00363411
8.10838	0.00575168
8.10863	0.0012598
8.10887	-0.00437374
8.10911	-0.00229107
8.10936	0.00595198
8.1096	0.00866681
8.10985	0.0010845
8.11009	-0.00771483
8.11034	-0.00921575
8.11058	-0.00689263
8.11083	-0.00739687
8.11107	-0.00941318
8.11132	-0.00869985
8.11156	-0.00715715
8.11181	-0.00898975
8.11205	-0.0123321
8.11229	-0.0114829
8.11254	-0.0050505
8.11278	0.00250623
8.11303	0.00563669
8.11327	0.00216867
8.11352	-0.00450788
8.11376	-0.00778022
8.11401	-0.00563137
8.11425	-0.00387651
8.1145	-0.00640252
8.11474	-0.00659809
8.11499	0.00239456
8.11523	0.0131102
8.11547	0.0123651
8.11572	0.00247757
8.11596	-0.00141801
8.11621	0.00406818
8.11645	0.00574876
8.1167	-0.00225914
8.11694	-0.00755097
8.11719	-0.000843087
8.11743	0.00769542
8.11768	0.00530497
8.11792	-0.00306353
8.11817	-0.0046669
8.11841	0.000567783
8.11865	0.00312223
8.1189	0.000642306
8.11914	-0.00121508
8.11939	-0.000433863
8.11963	2.65499e-05
8.11988	-0.000261867
8.12012	0.000643511
8.12037	0.00190849
8.12061	0.00218145
8.12086	0.00385679
8.1211	0.00849209
8.12134	0.0113868
8.12159	0.00709091
8.12183	-0.00245663
8.12208	-0.0103161
8.12232	-0.0122725
8.12257	-0.00901009
8.12281	-0.00465337
8.12306	-0.00529688
8.1233	-0.0132337
8.12355	-0.020819
8.12379	-0.0175955
8.12404	-0.00561851
8.12428	0.0014756
8.12452	-0.00252327
8.12477	-0.00904833
8.12501	-0.0104239
8.12526	-0.0106696
8.1255	-0.0142983
8.12575	-0.0165987
8.12599	-0.0137026
8.12624	-0.0112408
8.12648	-0.0135124
8.12673	-0.0142387
8.12697	-0.00783963
8.12722	-0.000153134
8.12746	0.00183355
8.1277	0.00107806
8.12795	0.00160632
8.12819	-0.000444743
8.12844	-0.0060333
8.12868	-0.00547732
8.12893	0.00519793
8.12917	0.012012
8.12942	0.00304139
8.12966	-0.0099912
8.12991	-0.00853209
8.13015	0.00304792
8.1304	0.00520351
8.13064	-0.00449616
8.13088	-0.00882458
8.13113	-0.000150907
8.13137	0.00852184
8.13162	0.00559435
8.13186	-0.002932
8.13211	-0.00496505
8.13235	0.0021165
8.1326	0.0116144
8.13284	0.0142249
8.13309	0.00384182
8.13333	-0.0142922
8.13358	-0.0229996
8.13382	-0.0116304
8.13406	0.00737702
8.13431	0.0128887
8.13455	0.00323316
8.1348	-0.00470201
8.13504	-0.00246549
8.13529	0.00125419
8.13553	-0.000200136
8.13578	-0.00193969
8.13602	-0.00160607
8.13627	-0.00545473
8.13651	-0.0131962
8.13675	-0.0127456
8.137	0.000258164
8.13724	0.0112882
8.13749	0.00657239
8.13773	-0.0066502
8.13798	-0.0112177
8.13822	-0.00369665
8.13847	0.0043806
8.13871	0.00378218
8.13896	-0.00419154
8.1392	-0.0136185
8.13945	-0.0191857
8.13969	-0.0169655
8.13993	-0.00738281
8.14018	0.00240027
8.14042	0.00391165
8.14067	-0.0040431
8.14091	-0.0142669
8.14116	-0.0183447
8.1414	-0.0142502
8.14165	-0.00790499
8.14189	-0.00687838
8.14214	-0.0113439
8.14238	-0.013627
8.14263	-0.00921699
8.14287	-0.00391108
8.14311	-0.0046484
8.14336	-0.00794651
8.1436	-0.00585944
8.14385	4.4164e-05
8.14409	0.00122943
8.14434	-0.00292325
8.14458	-0.00454013
8.14483	-0.00184967
8.14507	-0.00201812
8.14532	-0.00720394
8.14556	-0.0103153
8.14581	-0.00856911
8.14605	-0.00858157
8.14629	-0.0121881
8.14654	-0.0101599
8.14678	0.00118952
8.14703	0.00908282
8.14727	0.00190663
8.14752	-0.0111762
8.14776	-0.0120027
8.14801	0.000321589
8.14825	0.0087958
8.1485	0.00273932
8.14874	-0.00981369
8.14898	-0.0152943
8.14923	-0.0101963
8.14947	-0.000838219
8.14972	0.00487125
8.14996	0.00272268
8.15021	-0.00489449
8.15045	-0.00920024
8.1507	-0.00329238
8.15094	0.00808403
8.15119	0.0122624
8.15143	0.00411392
8.15168	-0.00765831
8.15192	-0.0125213
8.15216	-0.0107268
8.15241	-0.00908393
8.15265	-0.00894857
8.1529	-0.00583185
8.15314	0.000553251
8.15339	0.00375138
8.15363	-3.88869e-05
8.15388	-0.00603525
8.15412	-0.00753191
8.15437	-0.00387806
8.15461	0.00146091
8.15486	0.00610566
8.1551	0.00780556
8.15534	0.00337978
8.15559	-0.00521619
8.15583	-0.00847386
8.15608	-0.00137454
8.15632	0.00591851
8.15657	0.000223441
8.15681	-0.0136433
8.15706	-0.0172756
8.1573	-0.00555441
8.15755	0.00540127
8.15779	0.0025844
8.15804	-0.00609259
8.15828	-0.00773936
8.15852	-0.00500972
8.15877	-0.00720745
8.15901	-0.0110535
8.15926	-0.00676477
8.1595	0.00225283
8.15975	0.00297773
8.15999	-0.00521415
8.16024	-0.00811248
8.16048	0.001401
8.16073	0.0127141
8.16097	0.0135409
8.16121	0.00582399
8.16146	-0.000416862
8.1617	-0.00158845
8.16195	-0.00247302
8.16219	-0.00701351
8.16244	-0.0118267
8.16268	-0.00968965
8.16293	0.00026851
8.16317	0.00766977
8.16342	0.00224801
8.16366	-0.00956764
8.16391	-0.010026
8.16415	0.00352657
8.16439	0.0112356
8.16464	1.35076e-05
8.16488	-0.0143197
8.16513	-0.0110092
8.16537	0.0020962
8.16562	0.0019084
8.16586	-0.0110302
8.16611	-0.0143617
8.16635	-0.00292163
8.1666	0.00319462
8.16684	-0.00542303
8.16709	-0.0118434
8.16733	-0.00387535
8.16757	0.00527176
8.16782	0.00262487
8.16806	-0.00166571
8.16831	0.00382149
8.16855	0.00730883
8.1688	-0.00583448
8.16904	-0.0237229
8.16929	-0.0240973
8.16953	-0.00996741
8.16978	-0.00368131
8.17002	-0.0105419
8.17027	-0.0135111
8.17051	-0.00421179
8.17075	0.00423843
8.171	0.000408893
8.17124	-0.0087672
8.17149	-0.0123271
8.17173	-0.0113636
8.17198	-0.0119158
8.17222	-0.0127315
8.17247	-0.00932042
8.17271	-0.00339177
8.17296	-0.000446589
8.1732	-0.0017356
8.17344	-0.00419152
8.17369	-0.00609701
8.17393	-0.00856034
8.17418	-0.0118711
8.17442	-0.0130528
8.17467	-0.00877067
8.17491	-0.00132636
8.17516	0.000843765
8.1754	-0.0067831
8.17565	-0.0157592
8.17589	-0.01345
8.17614	-0.00148687
8.17638	0.00478901
8.17662	-0.00126628
8.17687	-0.00770253
8.17711	-0.00346502
8.17736	0.00469691
8.1776	0.00578305
8.17785	0.00348499
8.17809	0.00692581
8.17834	0.0117119
8.17858	0.00778534
8.17883	0.000142962
8.17907	0.00235696
8.17932	0.0118028
8.17956	0.0114064
8.1798	-0.0023451
8.18005	-0.0125839
8.18029	-0.0081717
8.18054	0.00120058
8.18078	0.00359742
8.18103	0.00249023
8.18127	0.00572122
8.18152	0.0100458
8.18176	0.00852795
8.18201	0.00389009
8.18225	0.00294766
8.1825	0.00444545
8.18274	0.00283379
8.18298	-0.000872497
8.18323	-0.00151957
8.18347	0.000552359
8.18372	0.000685038
8.18396	-0.00185578
8.18421	-0.00387827
8.18445	-0.00442209
8.1847	-0.00485758
8.18494	-0.0046175
8.18519	-0.00211815
8.18543	0.00137135
8.18567	0.00288585
8.18592	0.00153221
8.18616	-0.00172374
8.18641	-0.00600044
8.18665	-0.00978579
8.1869	-0.0106765
8.18714	-0.00800002
8.18739	-0.00357547
8.18763	0.00104142
8.18788	0.0050201
8.18812	0.00597493
8.18837	0.00207765
8.18861	-0.00311407
8.18885	-0.00377127
8.1891	-0.000710128
8.18934	-0.00062689
8.18959	-0.00493387
8.18983	-0.00702435
8.19008	-0.00339627
8.19032	0.000494158
8.19057	-0.000331319
8.19081	-0.00270392
8.19106	-0.00218041
8.1913	-0.000601462
8.19155	-0.00109888
8.19179	-0.00188507
8.19203	-0.000890993
8.19228	-0.000725401
8.19252	-0.00300122
8.19277	-0.00336466
8.19301	0.00153931
8.19326	0.00703266
8.1935	0.00641203
8.19375	-0.000226039
8.19399	-0.00793993
8.19424	-0.0129197
8.19448	-0.0125572
8.19473	-0.00588286
8.19497	0.001858
8.19521	0.00239519
8.19546	-0.00343169
8.1957	-0.00549104
8.19595	-0.000903606
8.19619	0.000682947
8.19644	-0.00486246
8.19668	-0.00656349
8.19693	0.00250476
8.19717	0.0105254
8.19742	0.00617072
8.19766	-0.000740327
8.1979	0.0035628
8.19815	0.0105361
8.19839	0.003077
8.19864	-0.0124298
8.19888	-0.0137263
8.19913	0.000783494
8.19937	0.00989915
8.19962	0.00501981
8.19986	0.00047728
8.20011	0.00347045
8.20035	0.00133301
8.2006	-0.0108676
8.20084	-0.0160503
8.20108	-0.00372436
8.20133	0.00945404
8.20157	0.00569206
8.20182	-0.00601046
8.20206	-0.00729638
8.20231	2.81984e-05
8.20255	0.00259031
8.2028	0.000625568
8.20304	0.00278354
8.20329	0.00543624
8.20353	-0.000775326
8.20378	-0.0102247
8.20402	-0.00948097
8.20426	-0.000862345
8.20451	0.0018132
8.20475	-0.00189683
8.205	0.000558863
8.20524	0.0100358
8.20549	0.0123132
8.20573	0.0021262
8.20598	-0.00835005
8.20622	-0.00965532
8.20647	-0.00711011
8.20671	-0.00766334
8.20696	-0.00965291
8.2072	-0.010831
8.20744	-0.0127771
8.20769	-0.0127095
8.20793	-0.00470997
8.20818	0.00644104
8.20842	0.0073923
8.20867	-0.00237743
8.20891	-0.006806
8.20916	0.00182256
8.2094	0.00999763
8.20965	0.00491596
8.20989	-0.00577362
8.21014	-0.0086806
8.21038	-0.00584814
8.21062	-0.00642822
8.21087	-0.00791391
8.21111	-0.00223071
8.21136	0.0064243
8.2116	0.00612024
8.21185	-0.00401303
8.21209	-0.0135133
8.21234	-0.0161875
8.21258	-0.0134188
8.21283	-0.00565201
8.21307	0.00577647
8.21331	0.0113301
8.21356	0.00270119
8.2138	-0.0115107
8.21405	-0.0144657
8.21429	-0.00556409
8.21454	-0.000738151
8.21478	-0.00662425
8.21503	-0.0114415
8.21527	-0.00686001
8.21552	-0.00197893
8.21576	-0.00579751
8.21601	-0.0103627
8.21625	-0.00460156
8.21649	0.00570896
8.21674	0.00657138
8.21698	-0.00200403
8.21723	-0.00698969
8.21747	-0.0026843
8.21772	0.00307941
8.21796	0.00261186
8.21821	-0.00295019
8.21845	-0.00884345
8.2187	-0.0106733
8.21894	-0.00345904
8.21919	0.0126512
8.21943	0.0252673
8.21967	0.0204142
8.21992	0.00303139
8.22016	-0.00574675
8.22041	0.00288186
8.22065	0.01244
8.2209	0.00577966
8.22114	-0.00954593
8.22139	-0.0143565
8.22163	-0.00754267
8.22188	-0.00473122
8.22212	-0.0101343
8.22237	-0.0095188
8.22261	0.0040911
8.22285	0.015451
8.2231	0.00877513
8.22334	-0.00816454
8.22359	-0.0155493
8.22383	-0.00974857
8.22408	-0.00503855
8.22432	-0.00949891
8.22457	-0.0141385
8.22481	-0.00913464
8.22506	0.000868348
8.2253	0.00423927
8.22554	-0.00199658
8.22579	-0.0105022
8.22603	-0.0136907
8.22628	-0.0101765
8.22652	-0.00354179
8.22677	0.00112406
8.22701	0.000624581
8.22726	-0.00361001
8.2275	-0.00695139
8.22775	-0.00669007
8.22799	-0.00386034
8.22824	0.000158902
8.22848	0.00496496
8.22872	0.0079908
8.22897	0.0051139
8.22921	-0.00242881
8.22946	-0.00649085
8.2297	-0.00207078
8.22995	0.00471714
8.23019	0.00417834
8.23044	-0.00404503
8.23068	-0.0114653
8.23093	-0.0123825
8.23117	-0.00866102
8.23142	-0.00367195
8.23166	0.0014999
8.2319	0.00487177
8.23215	0.00341077
8.23239	-0.00125883
8.23264	-0.0026087
8.23288	0.00194656
8.23313	0.00671957
8.23337	0.0059676
8.23362	0.00203576
8.23386	0.000647978
8.23411	0.00163879
8.23435	2.73728e-05
8.2346	-0.00546311
8.23484	-0.0106
8.23508	-0.0122092
8.23533	-0.0119131
8.23557	-0.0124217
8.23582	-0.0133031
8.23606	-0.0116227
8.23631	-0.00551968
8.23655	0.0026355
8.2368	0.00643318
8.23704	0.00181492
8.23729	-0.00538602
8.23753	-0.00378748
8.23777	0.00725297
8.23802	0.012465
8.23826	0.000879264
8.23851	-0.0143335
8.23875	-0.0106329
8.239	0.0100095
8.23924	0.0196454
8.23949	0.0031487
8.23973	-0.0188706
8.23998	-0.0195808
8.24022	-0.00440833
8.24047	9.45759e-06
8.24071	-0.012118
8.24095	-0.0185905
8.2412	-0.0057344
8.24144	0.0108333
8.24169	0.0114535
8.24193	0.000234581
8.24218	-0.0062998
8.24242	-0.00506114
8.24267	-0.0045091
8.24291	-0.00551135
8.24316	-0.0019452
8.2434	0.00302934
8.24365	-0.00111072
8.24389	-0.0128367
8.24413	-0.0168668
8.24438	-0.00646095
8.24462	0.0060599
8.24487	0.00779231
8.24511	0.00245975
8.24536	0.000229853
8.2456	0.000236294
8.24585	-0.00476878
8.24609	-0.0122891
8.24634	-0.0120476
8.24658	-0.00298913
8.24683	0.00377584
8.24707	0.00145514
