4.00007	0.0398125
4.00031	0.0440678
4.00056	0.0423553
4.0008	0.0385529
4.00105	0.0377718
4.00129	0.0392098
4.00154	0.0377842
4.00178	0.0315059
4.00203	0.0244115
4.00227	0.0217855
4.00252	0.0243789
4.00276	0.0281404
4.003	0.0288309
4.00325	0.0264425
4.00349	0.024914
4.00374	0.0270126
4.00398	0.030565
4.00423	0.0319508
4.00447	0.0320366
4.00472	0.0339631
4.00496	0.035407
4.00521	0.0302983
4.00545	0.020506
4.0057	0.0172864
4.00594	0.0255523
4.00618	0.0348662
4.00643	0.0341771
4.00667	0.0279468
4.00692	0.0269588
4.00716	0.0295434
4.00741	0.0256753
4.00765	0.0163288
4.0079	0.0135754
4.00814	0.0211045
4.00839	0.0289883
4.00863	0.0302612
4.00888	0.029386
4.00912	0.0305972
4.00936	0.0305379
4.00961	0.0273694
4.00985	0.0256708
4.0101	0.0271693
4.01034	0.0273801
4.01059	0.0258427
4.01083	0.0280274
4.01108	0.032674
4.01132	0.0308957
4.01157	0.0239449
4.01181	0.0264031
4.01205	0.042165
4.0123	0.0528308
4.01254	0.043498
4.01279	0.0264035
4.01303	0.0226318
4.01328	0.0316186
4.01352	0.037255
4.01377	0.0355899
4.01401	0.0358944
4.01426	0.0390155
4.0145	0.0359868
4.01475	0.0276258
4.01499	0.025374
4.01523	0.0303437
4.01548	0.0304361
4.01572	0.0229172
4.01597	0.0215402
4.01621	0.03324
4.01646	0.0440893
4.0167	0.0399205
4.01695	0.028379
4.01719	0.0269753
4.01744	0.0371018
4.01768	0.0438587
4.01793	0.0387795
4.01817	0.0302868
4.01841	0.0298938
4.01866	0.0369895
4.0189	0.0420592
4.01915	0.0407221
4.01939	0.0387033
4.01964	0.0419639
4.01988	0.0465067
4.02013	0.0435561
4.02037	0.033801
4.02062	0.0284911
4.02086	0.0331888
4.02111	0.0388293
4.02135	0.0359176
4.02159	0.0300861
4.02184	0.0330734
4.02208	0.0433079
4.02233	0.0480211
4.02257	0.042776
4.02282	0.0360925
4.02306	0.0341509
4.02331	0.0335409
4.02355	0.0319941
4.0238	0.0344241
4.02404	0.0430743
4.02428	0.0509501
4.02453	0.050721
4.02477	0.043585
4.02502	0.0356138
4.02526	0.0316711
4.02551	0.0350169
4.02575	0.0450439
4.026	0.0530613
4.02624	0.0492138
4.02649	0.0369546
4.02673	0.0316045
4.02698	0.0404339
4.02722	0.0532631
4.02746	0.0575281
4.02771	0.0532176
4.02795	0.0470077
4.0282	0.0413417
4.02844	0.0374594
4.02869	0.040873
4.02893	0.0538491
4.02918	0.067535
4.02942	0.0705785
4.02967	0.0625508
4.02991	0.0522049
4.03016	0.0461235
4.0304	0.0453203
4.03064	0.0489445
4.03089	0.0543508
4.03113	0.0560721
4.03138	0.0507606
4.03162	0.0416514
4.03187	0.0346283
4.03211	0.0325516
4.03236	0.035631
4.0326	0.0425509
4.03285	0.0484689
4.03309	0.0476029
4.03334	0.0409672
4.03358	0.0357043
4.03382	0.0344411
4.03407	0.0329534
4.03431	0.0307072
4.03456	0.0334156
4.0348	0.0407024
4.03505	0.0428269
4.03529	0.0365893
4.03554	0.0326736
4.03578	0.0380325
4.03603	0.0426268
4.03627	0.0353308
4.03651	0.0226406
4.03676	0.0183051
4.037	0.023029
4.03725	0.0281082
4.03749	0.0311048
4.03774	0.0335357
4.03798	0.0308249
4.03823	0.0204534
4.03847	0.0133365
4.03872	0.0203168
4.03896	0.0332323
4.03921	0.0369027
4.03945	0.0339434
4.03969	0.0379133
4.03994	0.0467775
4.04018	0.045967
4.04043	0.0360404
4.04067	0.0330953
4.04092	0.039928
4.04116	0.0410874
4.04141	0.0313512
4.04165	0.0250683
4.0419	0.0296528
4.04214	0.0332039
4.04239	0.0285835
4.04263	0.0271057
4.04287	0.0356558
4.04312	0.0417613
4.04336	0.0364524
4.04361	0.031649
4.04385	0.0374626
4.0441	0.0413285
4.04434	0.0300813
4.04459	0.0159502
4.04483	0.0174129
4.04508	0.0277263
4.04532	0.0276478
4.04557	0.019706
4.04581	0.0229406
4.04605	0.0381551
4.0463	0.0450678
4.04654	0.0350763
4.04679	0.0235086
4.04703	0.0249603
4.04728	0.0355647
4.04752	0.0446521
4.04777	0.047754
4.04801	0.0436245
4.04826	0.0331368
4.0485	0.0252852
4.04874	0.0305361
4.04899	0.0443695
4.04923	0.0505355
4.04948	0.0440663
4.04972	0.0374583
4.04997	0.0400296
4.05021	0.0455125
4.05046	0.0464695
4.0507	0.0476967
4.05095	0.0563567
4.05119	0.0685856
4.05144	0.074842
4.05168	0.0723511
4.05192	0.0659559
4.05217	0.0618704
4.05241	0.0644309
4.05266	0.0732335
4.0529	0.08088
4.05315	0.0800385
4.05339	0.07433
4.05364	0.0747227
4.05388	0.0841738
4.05413	0.0947007
4.05437	0.100552
4.05462	0.103816
4.05486	0.105477
4.0551	0.102809
4.05535	0.0985032
4.05559	0.0996833
4.05584	0.104018
4.05608	0.100838
4.05633	0.0916248
4.05657	0.0936171
4.05682	0.113408
4.05706	0.132106
4.05731	0.130555
4.05755	0.116978
4.0578	0.113166
4.05804	0.122132
4.05828	0.127794
4.05853	0.12245
4.05877	0.11625
4.05902	0.118566
4.05926	0.125388
4.05951	0.129038
4.05975	0.128963
4.06	0.128751
4.06024	0.130858
4.06049	0.137382
4.06073	0.148822
4.06097	0.159671
4.06122	0.162265
4.06146	0.157915
4.06171	0.158159
4.06195	0.1716
4.0622	0.193944
4.06244	0.21391
4.06269	0.225455
4.06293	0.23162
4.06318	0.239095
4.06342	0.251585
4.06367	0.267438
4.06391	0.28232
4.06415	0.294058
4.0644	0.304366
4.06464	0.315903
4.06489	0.329882
4.06513	0.347393
4.06538	0.369781
4.06562	0.395276
4.06587	0.418304
4.06611	0.435649
4.06636	0.451365
4.0666	0.472306
4.06685	0.500453
4.06709	0.533255
4.06733	0.570865
4.06758	0.619702
4.06782	0.688106
4.06807	0.780143
4.06831	0.895699
4.06856	1.03857
4.0688	1.22379
4.06905	1.47055
4.06929	1.78121
4.06954	2.13034
4.06978	2.48233
4.07003	2.81906
4.07027	3.14402
4.07051	3.46515
4.07076	3.79039
4.071	4.14091
4.07125	4.54237
4.07149	4.97736
4.07174	5.34876
4.07198	5.51266
4.07223	5.36832
4.07247	4.93102
4.07272	4.33015
4.07296	3.73866
4.0732	3.28637
4.07345	3.01453
4.07369	2.89449
4.07394	2.88243
4.07418	2.95807
4.07443	3.12464
4.07467	3.3852
4.07492	3.71297
4.07516	4.02421
4.07541	4.18161
4.07565	4.05798
4.0759	3.62731
4.07614	2.9928
4.07638	2.31492
4.07663	1.71436
4.07687	1.2393
4.07712	0.892637
4.07736	0.657704
4.07761	0.505355
4.07785	0.406271
4.0781	0.344335
4.07834	0.307976
4.07859	0.276222
4.07883	0.232929
4.07908	0.189698
4.07932	0.171016
4.07956	0.175887
4.07981	0.176633
4.08005	0.158771
4.0803	0.138659
4.08054	0.133621
4.08079	0.136512
4.08103	0.132747
4.08128	0.124849
4.08152	0.124168
4.08177	0.130075
4.08201	0.13299
4.08226	0.130984
4.0825	0.130076
4.08274	0.132199
4.08299	0.133535
4.08323	0.132057
4.08348	0.128655
4.08372	0.123323
4.08397	0.116423
4.08421	0.11082
4.08446	0.107515
4.0847	0.102353
4.08495	0.0917812
4.08519	0.078851
4.08544	0.0695864
4.08568	0.066228
4.08592	0.0669397
4.08617	0.0688395
4.08641	0.0688659
4.08666	0.065212
4.0869	0.0598965
4.08715	0.0563735
4.08739	0.0536416
4.08764	0.0474042
4.08788	0.0381314
4.08813	0.0325536
4.08837	0.0351933
4.08861	0.0430144
4.08886	0.049985
4.0891	0.0526726
4.08935	0.050606
4.08959	0.0457073
4.08984	0.0417785
4.09008	0.0402707
4.09033	0.0374536
4.09057	0.0308029
4.09082	0.0259646
4.09106	0.0300315
4.09131	0.0392914
4.09155	0.04214
4.09179	0.0344033
4.09204	0.0239481
4.09228	0.0196247
4.09253	0.0229268
4.09277	0.0306556
4.09302	0.0386157
4.09326	0.0428244
4.09351	0.0435555
4.09375	0.0465741
4.094	0.0539551
4.09424	0.0580492
4.09449	0.0531949
4.09473	0.0472992
4.09497	0.0495558
4.09522	0.0528334
4.09546	0.0444093
4.09571	0.0297067
4.09595	0.0259144
4.0962	0.0334252
4.09644	0.0350778
4.09669	0.0259331
4.09693	0.0212569
4.09718	0.0285878
4.09742	0.0339115
4.09767	0.0259588
4.09791	0.0147463
4.09815	0.0134531
4.0984	0.0185305
4.09864	0.0207436
4.09889	0.021067
4.09913	0.0227387
4.09938	0.0215477
4.09962	0.0169239
4.09987	0.0188193
4.10011	0.029966
4.10036	0.0351497
4.1006	0.0234923
4.10084	0.00857927
4.10109	0.00937403
4.10133	0.0220223
4.10158	0.0287915
4.10182	0.0263803
4.10207	0.0263653
4.10231	0.0329511
4.10256	0.0386147
4.1028	0.0396087
4.10305	0.0400493
4.10329	0.0414653
4.10354	0.0411854
4.10378	0.039919
4.10402	0.0400293
4.10427	0.0385193
4.10451	0.0320226
4.10476	0.025893
4.105	0.0283608
4.10525	0.0383234
4.10549	0.0475303
4.10574	0.0512439
4.10598	0.0492145
4.10623	0.0417206
4.10647	0.0328871
4.10672	0.0313831
4.10696	0.0388832
4.1072	0.0447463
4.10745	0.0410787
4.10769	0.0349412
4.10794	0.035953
4.10818	0.041226
4.10843	0.0440975
4.10867	0.0479891
4.10892	0.0581318
4.10916	0.0687056
4.10941	0.0728432
4.10965	0.0767316
4.1099	0.0882633
4.11014	0.100526
4.11038	0.104193
4.11063	0.108296
4.11087	0.128695
4.11112	0.161485
4.11136	0.188769
4.11161	0.207632
4.11185	0.231802
4.1121	0.264812
4.11234	0.29247
4.11259	0.304572
4.11283	0.305661
4.11307	0.300927
4.11332	0.288338
4.11356	0.26831
4.11381	0.245896
4.11405	0.220447
4.1143	0.187753
4.11454	0.154205
4.11479	0.133089
4.11503	0.124376
4.11528	0.114241
4.11552	0.0975432
4.11577	0.0841513
4.11601	0.0791024
4.11625	0.0741726
4.1165	0.0654366
4.11674	0.0619157
4.11699	0.0677719
4.11723	0.0714714
4.11748	0.0638855
4.11772	0.0543339
4.11797	0.0561179
4.11821	0.065666
4.11846	0.0689095
4.1187	0.0625974
4.11895	0.0573082
4.11919	0.0611947
4.11943	0.0702919
4.11968	0.0763864
4.11992	0.0789183
4.12017	0.0854133
4.12041	0.100129
4.12066	0.1158
4.1209	0.122492
4.12115	0.124375
4.12139	0.137754
4.12164	0.168172
4.12188	0.201372
4.12213	0.225963
4.12237	0.252224
4.12261	0.293655
4.12286	0.340471
4.1231	0.370033
4.12335	0.376626
4.12359	0.371496
4.12384	0.359127
4.12408	0.335168
4.12433	0.304509
4.12457	0.278116
4.12482	0.252261
4.12506	0.214115
4.1253	0.169271
4.12555	0.139923
4.12579	0.132545
4.12604	0.131533
4.12628	0.129296
4.12653	0.136722
4.12677	0.156288
4.12702	0.171753
4.12726	0.176763
4.12751	0.188823
4.12775	0.219644
4.128	0.253545
4.12824	0.271146
4.12848	0.27415
4.12873	0.270587
4.12897	0.256046
4.12922	0.227922
4.12946	0.199364
4.12971	0.179459
4.12995	0.156877
4.1302	0.122874
4.13044	0.0926439
4.13069	0.0817661
4.13093	0.0787357
4.13118	0.0657709
4.13142	0.0510294
4.13166	0.0518247
4.13191	0.0591038
4.13215	0.0507021
4.1324	0.0318761
4.13264	0.0287847
4.13289	0.0437167
4.13313	0.0505742
4.13338	0.0388559
4.13362	0.0300779
4.13387	0.0404274
4.13411	0.0551286
4.13436	0.0547158
4.1346	0.0447567
4.13484	0.0426488
4.13509	0.05076
4.13533	0.0590839
4.13558	0.0635669
4.13582	0.0670227
4.13607	0.0692472
4.13631	0.0691838
4.13656	0.0727018
4.1368	0.0878633
4.13705	0.114158
4.13729	0.143078
4.13753	0.16806
4.13778	0.190002
4.13802	0.214436
4.13827	0.244679
4.13851	0.275701
4.13876	0.295929
4.139	0.299279
4.13925	0.29305
4.13949	0.287554
4.13974	0.280659
4.13998	0.261692
4.14023	0.229287
4.14047	0.194654
4.14071	0.166173
4.14096	0.141403
4.1412	0.116914
4.14145	0.0957855
4.14169	0.0808834
4.14194	0.069114
4.14218	0.0571945
4.14243	0.0468311
4.14267	0.0406539
4.14292	0.038642
4.14316	0.0404611
4.14341	0.0450265
4.14365	0.0468754
4.14389	0.040805
4.14414	0.0312124
4.14438	0.027946
4.14463	0.0314778
4.14487	0.0325293
4.14512	0.0286587
4.14536	0.0288656
4.14561	0.0365541
4.14585	0.0406511
4.1461	0.0323363
4.14634	0.0197358
4.14659	0.0153602
4.14683	0.0176344
4.14707	0.0164935
4.14732	0.010449
4.14756	0.00589448
4.14781	0.00444722
4.14805	0.00334767
4.1483	0.00478836
4.14854	0.012252
4.14879	0.0199734
4.14903	0.0190331
4.14928	0.0127647
4.14952	0.0125518
4.14976	0.0182743
4.15001	0.0180078
4.15025	0.0097009
4.1505	0.00682495
4.15074	0.0158489
4.15099	0.023896
4.15123	0.0193915
4.15148	0.0108113
4.15172	0.0108092
4.15197	0.0140256
4.15221	0.00885289
4.15246	0.00235852
4.1527	0.0110777
4.15294	0.029933
4.15319	0.0346019
4.15343	0.0186764
4.15368	0.0050126
4.15392	0.0105182
4.15417	0.0215615
4.15441	0.0196021
4.15466	0.0120423
4.1549	0.0164249
4.15515	0.0279349
4.15539	0.0279205
4.15564	0.0176123
4.15588	0.0166593
4.15612	0.0286231
4.15637	0.0341758
4.15661	0.0242373
4.15686	0.0156611
4.1571	0.0228842
4.15735	0.0345911
4.15759	0.0335585
4.15784	0.0237082
4.15808	0.0204264
4.15833	0.0252257
4.15857	0.0275186
4.15882	0.0246853
4.15906	0.0241291
4.1593	0.0291137
4.15955	0.0364716
4.15979	0.0457661
4.16004	0.0584031
4.16028	0.070237
4.16053	0.0766782
4.16077	0.0824555
4.16102	0.0945749
4.16126	0.108499
4.16151	0.114345
4.16175	0.114602
4.16199	0.120906
4.16224	0.132662
4.16248	0.13426
4.16273	0.117668
4.16297	0.0943351
4.16322	0.0784315
4.16346	0.0695149
4.16371	0.0589898
4.16395	0.0446714
4.1642	0.0310672
4.16444	0.0216756
4.16469	0.0177336
4.16493	0.0195702
4.16517	0.0240618
4.16542	0.0256757
4.16566	0.0240833
4.16591	0.024913
4.16615	0.0290239
4.1664	0.02841
4.16664	0.0187042
4.16689	0.00880214
4.16713	0.0100458
4.16738	0.0204641
4.16762	0.0278318
4.16787	0.0255356
4.16811	0.0178824
4.16835	0.0114759
4.1686	0.0083351
4.16884	0.00727361
4.16909	0.00667501
4.16933	0.00570543
4.16958	0.00586803
4.16982	0.00984147
4.17007	0.0162159
4.17031	0.0190837
4.17056	0.0166155
4.1708	0.0151992
4.17105	0.0194539
4.17129	0.0234321
4.17153	0.0199455
4.17178	0.0141754
4.17202	0.0170944
4.17227	0.0271439
4.17251	0.0308742
4.17276	0.0235043
4.173	0.0166435
4.17325	0.0206901
4.17349	0.0303365
4.17374	0.0350558
4.17398	0.0353103
4.17423	0.0390181
4.17447	0.0479406
4.17471	0.0576008
4.17496	0.0673537
4.1752	0.0805404
4.17545	0.095559
4.17569	0.105688
4.17594	0.1083
4.17618	0.106403
4.17643	0.0999508
4.17667	0.0837628
4.17692	0.0576968
4.17716	0.0326756
4.1774	0.0212647
4.17765	0.024636
4.17789	0.0322657
4.17814	0.0332848
4.17838	0.0262702
4.17863	0.0186947
4.17887	0.0177064
4.17912	0.0217173
4.17936	0.0230094
4.17961	0.0193604
4.17985	0.0180976
4.1801	0.0241446
4.18034	0.029481
4.18058	0.0233736
4.18083	0.0101329
4.18107	0.00511389
4.18132	0.0124244
4.18156	0.0189662
4.18181	0.0147059
4.18205	0.00668454
4.1823	0.00563818
4.18254	0.00975153
4.18279	0.0119792
4.18303	0.0144039
4.18328	0.0223902
4.18352	0.0303946
4.18376	0.0279103
4.18401	0.0173879
4.18425	0.0124131
4.1845	0.0173727
4.18474	0.0218399
4.18499	0.0180038
4.18523	0.0117242
4.18548	0.0110257
4.18572	0.013737
4.18597	0.0136081
4.18621	0.0111894
4.18646	0.0108319
4.1867	0.0118521
4.18694	0.0103184
4.18719	0.00701759
4.18743	0.00683486
4.18768	0.0109339
4.18792	0.0148832
4.18817	0.0149683
4.18841	0.0125231
4.18866	0.0109518
4.1889	0.0109087
4.18915	0.0100932
4.18939	0.00724981
4.18963	0.00490347
4.18988	0.00659134
4.19012	0.0113359
4.19037	0.0133766
4.19061	0.0092815
4.19086	0.00311557
4.1911	0.00157822
4.19135	0.00575982
4.19159	0.0114243
4.19184	0.016091
4.19208	0.0210942
4.19233	0.0264215
4.19257	0.0281999
4.19281	0.0233273
4.19306	0.0140797
4.1933	0.00649913
4.19355	0.00524383
4.19379	0.010076
4.19404	0.0161489
4.19428	0.0180476
4.19453	0.014625
4.19477	0.0093299
4.19502	0.00585567
4.19526	0.00557893
4.19551	0.00886601
4.19575	0.014571
4.19599	0.0177773
4.19624	0.013966
4.19648	0.00717498
4.19673	0.00686459
4.19697	0.0137809
4.19722	0.0176341
4.19746	0.0135888
4.19771	0.0107164
4.19795	0.0162607
4.1982	0.0225215
4.19844	0.0208499
4.19869	0.0181069
4.19893	0.0239444
4.19917	0.0306081
4.19942	0.0244173
4.19966	0.0116795
4.19991	0.0115949
4.20015	0.0249586
4.2004	0.0325808
4.20064	0.0269635
4.20089	0.0223558
4.20113	0.027358
4.20138	0.0310044
4.20162	0.0267258
4.20186	0.027876
4.20211	0.0437547
4.20235	0.0590017
4.2026	0.0560113
4.20284	0.0437939
4.20309	0.0440756
4.20333	0.0585173
4.20358	0.0706592
4.20382	0.0747713
4.20407	0.0820908
4.20431	0.0993476
4.20456	0.119469
4.2048	0.136562
4.20504	0.15584
4.20529	0.18385
4.20553	0.218106
4.20578	0.25028
4.20602	0.27423
4.20627	0.289842
4.20651	0.30252
4.20676	0.316882
4.207	0.3278
4.20725	0.323276
4.20749	0.301175
4.20774	0.275486
4.20798	0.258276
4.20822	0.243627
4.20847	0.219973
4.20871	0.190595
4.20896	0.168355
4.2092	0.155564
4.20945	0.14404
4.20969	0.132285
4.20994	0.12704
4.21018	0.12788
4.21043	0.125394
4.21067	0.117347
4.21092	0.113526
4.21116	0.120609
4.2114	0.13337
4.21165	0.145194
4.21189	0.157828
4.21214	0.176382
4.21238	0.202474
4.21263	0.235361
4.21287	0.272294
4.21312	0.305489
4.21336	0.326662
4.21361	0.336962
4.21385	0.3447
4.21409	0.351808
4.21434	0.351818
4.21458	0.343623
4.21483	0.336297
4.21507	0.334606
4.21532	0.329584
4.21556	0.312236
4.21581	0.290335
4.21605	0.281892
4.2163	0.293617
4.21654	0.313139
4.21679	0.323106
4.21703	0.318321
4.21727	0.307467
4.21752	0.300652
4.21776	0.298321
4.21801	0.293583
4.21825	0.282602
4.2185	0.267021
4.21874	0.245969
4.21899	0.214509
4.21923	0.175539
4.21948	0.144685
4.21972	0.133133
4.21997	0.131157
4.22021	0.121003
4.22045	0.102906
4.2207	0.0941852
4.22094	0.102412
4.22119	0.114606
4.22143	0.117402
4.22168	0.114425
4.22192	0.116286
4.22217	0.124268
4.22241	0.133157
4.22266	0.142875
4.2229	0.158059
4.22315	0.179877
4.22339	0.20461
4.22363	0.227254
4.22388	0.242803
4.22412	0.248795
4.22437	0.250076
4.22461	0.255192
4.22486	0.264219
4.2251	0.266691
4.22535	0.25555
4.22559	0.23537
4.22584	0.211761
4.22608	0.182212
4.22632	0.145933
4.22657	0.113797
4.22681	0.0963954
4.22706	0.0877845
4.2273	0.0740542
4.22755	0.0549463
4.22779	0.0433771
4.22804	0.0439879
4.22828	0.0462211
4.22853	0.0416454
4.22877	0.0351949
4.22902	0.0334857
4.22926	0.033376
4.2295	0.0303402
4.22975	0.0288778
4.22999	0.0340031
4.23024	0.0386548
4.23048	0.0317518
4.23073	0.0164329
4.23097	0.00805352
4.23122	0.0127581
4.23146	0.0193254
4.23171	0.0168933
4.23195	0.0108268
4.2322	0.0127535
4.23244	0.0215652
4.23268	0.0251953
4.23293	0.0195107
4.23317	0.0145661
4.23342	0.0191127
4.23366	0.027395
4.23391	0.0275641
4.23415	0.0184558
4.2344	0.0107507
4.23464	0.0123994
4.23489	0.0192628
4.23513	0.0222043
4.23538	0.0189699
4.23562	0.0151939
4.23586	0.0155676
4.23611	0.0186698
4.23635	0.0213425
4.2366	0.0239006
4.23684	0.0276445
4.23709	0.0301966
4.23733	0.0283645
4.23758	0.0243428
4.23782	0.0230279
4.23807	0.0233343
4.23831	0.0197953
4.23855	0.0142961
4.2388	0.0166138
4.23904	0.0284173
4.23929	0.0368095
4.23953	0.0323969
4.23978	0.0242842
4.24002	0.0249712
4.24027	0.0287987
4.24051	0.0219757
4.24076	0.00889495
4.241	0.00830708
4.24125	0.0228751
4.24149	0.033355
4.24173	0.0285416
4.24198	0.0212839
4.24222	0.0250453
4.24247	0.0324216
4.24271	0.0303345
4.24296	0.0222644
4.2432	0.0201053
4.24345	0.0243487
4.24369	0.0271863
4.24394	0.0273277
4.24418	0.0280537
4.24443	0.0275403
4.24467	0.0237825
4.24491	0.0222125
4.24516	0.0263226
4.2454	0.0286258
4.24565	0.0236402
4.24589	0.020817
4.24614	0.0296138
4.24638	0.0406962
4.24663	0.0396332
4.24687	0.0319339
4.24712	0.0348651
4.24736	0.0495703
4.24761	0.0619095
4.24785	0.0675384
4.24809	0.0742123
4.24834	0.0806574
4.24858	0.0769534
4.24883	0.067987
4.24907	0.0717989
4.24932	0.087798
4.24956	0.0902595
4.24981	0.0650683
4.25005	0.0328884
4.2503	0.0214083
4.25054	0.0303457
4.25079	0.0393939
4.25103	0.0387019
4.25127	0.035202
4.25152	0.0358443
4.25176	0.0391933
4.25201	0.0412792
4.25225	0.0401133
4.2525	0.035669
4.25274	0.0304051
4.25299	0.0271703
4.25323	0.0250106
4.25348	0.0223472
4.25372	0.023657
4.25396	0.0333854
4.25421	0.0433248
4.25445	0.039418
4.2547	0.0239723
4.25494	0.0163403
4.25519	0.0256808
4.25543	0.0378916
4.25568	0.0380138
4.25592	0.031308
4.25617	0.0308568
4.25641	0.0365511
4.25666	0.039591
4.2569	0.0389421
4.25714	0.0404565
4.25739	0.0455935
4.25763	0.0516118
4.25788	0.0578894
4.25812	0.0639695
4.25837	0.0673972
4.25861	0.0702192
4.25886	0.0795894
4.2591	0.0950336
4.25935	0.104893
4.25959	0.103665
4.25984	0.102194
4.26008	0.110584
4.26032	0.121814
4.26057	0.124229
4.26081	0.120134
4.26106	0.118286
4.2613	0.116742
4.26155	0.108163
4.26179	0.0954879
4.26204	0.0872903
4.26228	0.0826613
4.26253	0.075145
4.26277	0.0671372
4.26302	0.0657492
4.26326	0.0678951
4.2635	0.0642152
4.26375	0.0556647
4.26399	0.0520288
4.26424	0.0549466
4.26448	0.0556585
4.26473	0.049557
4.26497	0.041238
4.26522	0.0352443
4.26546	0.0322586
4.26571	0.0336507
4.26595	0.0400505
4.26619	0.0470836
4.26644	0.0516233
4.26668	0.0587215
4.26693	0.0724271
4.26717	0.0847302
4.26742	0.0855451
4.26766	0.0787019
4.26791	0.0747901
4.26815	0.0733082
4.2684	0.0669785
4.26864	0.0587832
4.26889	0.0571224
4.26913	0.0575123
4.26937	0.048603
4.26962	0.0348278
4.26986	0.0319375
4.27011	0.0392867
4.27035	0.0394214
4.2706	0.0290573
4.27084	0.0261908
4.27109	0.0380363
4.27133	0.0463117
4.27158	0.0381867
4.27182	0.0294455
4.27207	0.0379143
4.27231	0.0523538
4.27255	0.0509282
4.2728	0.0378145
4.27304	0.0359941
4.27329	0.0498816
4.27353	0.0606043
4.27378	0.0585612
4.27402	0.0567997
4.27427	0.0658115
4.27451	0.0751892
4.27476	0.0714771
4.275	0.059698
4.27525	0.0537734
4.27549	0.054869
4.27573	0.0533685
4.27598	0.0476222
4.27622	0.0462855
4.27647	0.0516831
4.27671	0.054307
4.27696	0.048971
4.2772	0.0454484
4.27745	0.0539986
4.27769	0.0679945
4.27794	0.0729519
4.27818	0.0691902
4.27842	0.0714998
4.27867	0.0852227
4.27891	0.0970929
4.27916	0.0957452
4.2794	0.0882217
4.27965	0.0864615
4.27989	0.0884299
4.28014	0.0854288
4.28038	0.0797962
4.28063	0.0799569
4.28087	0.0823317
4.28112	0.0744933
4.28136	0.0561669
4.2816	0.0421095
4.28185	0.0413971
4.28209	0.0466836
4.28234	0.0479281
4.28258	0.045511
4.28283	0.0448428
4.28307	0.0473779
4.28332	0.0520264
4.28356	0.0576786
4.28381	0.0600848
4.28405	0.053582
4.2843	0.040081
4.28454	0.0296748
4.28478	0.0284032
4.28503	0.0313749
4.28527	0.0312607
4.28552	0.0278255
4.28576	0.0258012
4.28601	0.0281933
4.28625	0.0340274
4.2865	0.0388382
4.28674	0.0373596
4.28699	0.0303875
4.28723	0.0270297
4.28748	0.0334015
4.28772	0.0419969
4.28796	0.0415557
4.28821	0.0347782
4.28845	0.0341364
4.2887	0.0412933
4.28894	0.0450463
4.28919	0.0413667
4.28943	0.0403268
4.28968	0.0482361
4.28992	0.0569073
4.29017	0.0574642
4.29041	0.052662
4.29065	0.0482344
4.2909	0.0431943
4.29114	0.0362665
4.29139	0.031677
4.29163	0.0310456
4.29188	0.0290879
4.29212	0.0241288
4.29237	0.022933
4.29261	0.0283417
4.29286	0.0326696
4.2931	0.0305347
4.29335	0.0274375
4.29359	0.0283083
4.29383	0.0292125
4.29408	0.0283294
4.29432	0.0321498
4.29457	0.0412736
4.29481	0.0440248
4.29506	0.0359928
4.2953	0.0316377
4.29555	0.0418432
4.29579	0.0538451
4.29604	0.0514028
4.29628	0.042418
4.29653	0.0449464
4.29677	0.0551306
4.29701	0.0537658
4.29726	0.0406427
4.2975	0.0366734
4.29775	0.0499052
4.29799	0.0629821
4.29824	0.0610061
4.29848	0.0518445
4.29873	0.0493027
4.29897	0.0521223
4.29922	0.0508417
4.29946	0.0441516
4.29971	0.0375934
4.29995	0.0333098
4.30019	0.0299462
4.30044	0.0279049
4.30068	0.028054
4.30093	0.0286972
4.30117	0.0283283
4.30142	0.0284884
4.30166	0.0310516
4.30191	0.0351545
4.30215	0.0381696
4.3024	0.0376262
4.30264	0.0330142
4.30288	0.0282479
4.30313	0.0294612
4.30337	0.0362562
4.30362	0.0392766
4.30386	0.0326077
4.30411	0.0242386
4.30435	0.0260068
4.3046	0.0364547
4.30484	0.0428906
4.30509	0.0386413
4.30533	0.0293406
4.30558	0.0233475
4.30582	0.024189
4.30606	0.0310103
4.30631	0.0384778
4.30655	0.0383253
4.3068	0.0289948
4.30704	0.0207894
4.30729	0.0233111
4.30753	0.0324455
4.30778	0.0393204
4.30802	0.0453734
4.30827	0.0550438
4.30851	0.0599679
4.30876	0.0485901
4.309	0.0289217
4.30924	0.0220813
4.30949	0.0318779
4.30973	0.0399488
4.30998	0.0346693
4.31022	0.0257787
4.31047	0.0241217
4.31071	0.0254744
4.31096	0.0236472
4.3112	0.0231573
4.31145	0.0279154
4.31169	0.0312017
4.31194	0.0280352
4.31218	0.0255237
4.31242	0.0300856
4.31267	0.0353331
4.31291	0.0332454
4.31316	0.0274213
4.3134	0.025229
4.31365	0.0264586
4.31389	0.0290139
4.31414	0.0353522
4.31438	0.0435918
4.31463	0.0435539
4.31487	0.0327689
4.31511	0.02521
4.31536	0.0317453
4.3156	0.0429374
4.31585	0.0450662
4.31609	0.0422612
4.31634	0.0460482
4.31658	0.0519511
4.31683	0.0458133
4.31707	0.0288116
4.31732	0.0173055
4.31756	0.0186582
4.31781	0.0235393
4.31805	0.0229128
4.31829	0.0185385
4.31854	0.0153362
4.31878	0.0152109
4.31903	0.0191636
4.31927	0.0254769
4.31952	0.0270605
4.31976	0.0205611
4.32001	0.0148592
4.32025	0.0188781
4.3205	0.0251706
4.32074	0.0198846
4.32099	0.00571652
4.32123	-0.00157257
4.32147	0.00198114
4.32172	0.0050186
4.32196	0.00287104
4.32221	0.00407681
4.32245	0.0112225
4.3227	0.0143198
4.32294	0.0101348
4.32319	0.0101735
4.32343	0.0201917
4.32368	0.028348
4.32392	0.0248918
4.32417	0.018157
4.32441	0.0178651
4.32465	0.0171077
4.3249	0.00729439
4.32514	-0.00124485
4.32539	0.00655628
4.32563	0.0229455
4.32588	0.0250698
4.32612	0.00868499
4.32637	-0.00550463
4.32661	-0.00212137
4.32686	0.00959039
4.3271	0.0133679
4.32735	0.00870808
4.32759	0.00628777
4.32783	0.00996193
4.32808	0.014137
4.32832	0.0148221
4.32857	0.0138593
4.32881	0.0129281
4.32906	0.010675
4.3293	0.00739185
4.32955	0.00735949
4.32979	0.0130338
4.33004	0.0191993
4.33028	0.0174099
4.33052	0.00729934
4.33077	-0.000351619
4.33101	0.00434579
4.33126	0.0173788
4.3315	0.0251119
4.33175	0.0211422
4.33199	0.012481
4.33224	0.00761738
4.33248	0.00602499
4.33273	0.00380409
4.33297	0.00259608
4.33322	0.00568517
4.33346	0.0100851
4.3337	0.0105043
4.33395	0.00810539
4.33419	0.00748819
4.33444	0.00760961
4.33468	0.00442346
4.33493	0.000789194
4.33517	0.00381832
4.33542	0.0121066
4.33566	0.0156593
4.33591	0.0106398
4.33615	0.00486764
4.3364	0.0056181
4.33664	0.0109949
4.33688	0.0169183
4.33713	0.0229588
4.33737	0.0262617
4.33762	0.0202206
4.33786	0.00696132
4.33811	0.00114654
4.33835	0.0107108
4.3386	0.0220875
4.33884	0.0176635
4.33909	0.00195235
4.33933	-0.00473927
4.33958	0.00407406
4.33982	0.0142648
4.34006	0.0150969
4.34031	0.0133895
4.34055	0.0178627
4.3408	0.0237961
4.34104	0.0227034
4.34129	0.0166198
4.34153	0.0124377
4.34178	0.00988633
4.34202	0.00563536
4.34227	0.00333098
4.34251	0.00852826
4.34275	0.0172205
4.343	0.0199268
4.34324	0.0154744
4.34349	0.0111737
4.34373	0.010236
4.34398	0.0086428
4.34422	0.00518468
4.34447	0.00521485
4.34471	0.0112335
4.34496	0.0169971
4.3452	0.0156005
4.34545	0.00915294
4.34569	0.00630682
4.34593	0.0120271
4.34618	0.0224424
4.34642	0.0293939
4.34667	0.0292323
4.34691	0.0267279
4.34716	0.0289603
4.3474	0.035703
4.34765	0.0395845
4.34789	0.0366684
4.34814	0.0314548
4.34838	0.0287456
4.34863	0.0270847
4.34887	0.025077
4.34911	0.0270617
4.34936	0.0349475
4.3496	0.0409118
4.34985	0.0380013
4.35009	0.0327299
4.35034	0.0356836
4.35058	0.0436411
4.35083	0.0443734
4.35107	0.0372714
4.35132	0.034419
4.35156	0.0403335
4.35181	0.0457309
4.35205	0.0450005
4.35229	0.0454068
4.35254	0.0530092
4.35278	0.0625236
4.35303	0.0683441
4.35327	0.0738336
4.35352	0.0821025
4.35376	0.0892999
4.35401	0.0956117
4.35425	0.110814
4.3545	0.138055
4.35474	0.163573
4.35498	0.176201
4.35523	0.187862
4.35547	0.219126
4.35572	0.271086
4.35596	0.328827
4.35621	0.389754
4.35645	0.47005
4.3567	0.580145
4.35694	0.708655
4.35719	0.835746
4.35743	0.950076
4.35768	1.0459
4.35792	1.11402
4.35816	1.14648
4.35841	1.14673
4.35865	1.12641
4.3589	1.09044
4.35914	1.02981
4.35939	0.932388
4.35963	0.800929
4.35988	0.657578
4.36012	0.527298
4.36037	0.418594
4.36061	0.325409
4.36086	0.245716
4.3611	0.187789
4.36134	0.155156
4.36159	0.136745
4.36183	0.120259
4.36208	0.106818
4.36232	0.102565
4.36257	0.103019
4.36281	0.0978761
4.36306	0.0871833
4.3633	0.0805624
4.36355	0.0821719
4.36379	0.0872066
4.36404	0.09162
4.36428	0.0946325
4.36452	0.0932498
4.36477	0.0859883
4.36501	0.0812138
4.36526	0.0890651
4.3655	0.104124
4.36575	0.109301
4.36599	0.100159
4.36624	0.0924702
4.36648	0.09964
4.36673	0.113974
4.36697	0.118747
4.36721	0.110764
4.36746	0.101877
4.3677	0.102705
4.36795	0.112714
4.36819	0.124495
4.36844	0.132106
4.36868	0.135411
4.36893	0.138714
4.36917	0.14476
4.36942	0.150696
4.36966	0.152857
4.36991	0.15429
4.37015	0.16226
4.37039	0.178161
4.37064	0.195315
4.37088	0.207553
4.37113	0.214936
4.37137	0.220544
4.37162	0.226788
4.37186	0.235476
4.37211	0.246655
4.37235	0.257434
4.3726	0.266612
4.37284	0.27883
4.37309	0.298144
4.37333	0.319913
4.37357	0.336949
4.37382	0.351301
4.37406	0.370103
4.37431	0.391495
4.37455	0.407017
4.3748	0.418654
4.37504	0.440036
4.37529	0.476661
4.37553	0.517141
4.37578	0.549979
4.37602	0.578638
4.37627	0.613635
4.37651	0.658722
4.37675	0.711046
4.377	0.767042
4.37724	0.823169
4.37749	0.879151
4.37773	0.944503
4.37798	1.03204
4.37822	1.14072
4.37847	1.25677
4.37871	1.3773
4.37896	1.51877
4.3792	1.69351
4.37944	1.89299
4.37969	2.10787
4.37993	2.35145
4.38018	2.64631
4.38042	2.99684
4.38067	3.39342
4.38091	3.83732
4.38116	4.34119
4.3814	4.90616
4.38165	5.51579
4.38189	6.15185
4.38214	6.79731
4.38238	7.42118
4.38262	7.98019
4.38287	8.4442
4.38311	8.80687
4.38336	9.06419
4.3836	9.19799
4.38385	9.19407
4.38409	9.0675
4.38434	8.85497
4.38458	8.58335
4.38483	8.25506
4.38507	7.86159
4.38532	7.40045
4.38556	6.87682
4.3858	6.29795
4.38605	5.67375
4.38629	5.02214
4.38654	4.36987
4.38678	3.74664
4.38703	3.17792
4.38727	2.6811
4.38752	2.26407
4.38776	1.92438
4.38801	1.65083
4.38825	1.42956
4.3885	1.25012
4.38874	1.10546
4.38898	0.987839
4.38923	0.88874
4.38947	0.802788
4.38972	0.728021
4.38996	0.662116
4.39021	0.60243
4.39045	0.549641
4.3907	0.505837
4.39094	0.46837
4.39119	0.432046
4.39143	0.398778
4.39167	0.376937
4.39192	0.367275
4.39216	0.357449
4.39241	0.336615
4.39265	0.309295
4.3929	0.288272
4.39314	0.278836
4.39339	0.276292
4.39363	0.273988
4.39388	0.267076
4.39412	0.252858
4.39437	0.234367
4.39461	0.219966
4.39485	0.213253
4.3951	0.207372
4.39534	0.194976
4.39559	0.178553
4.39583	0.164463
4.39608	0.152694
4.39632	0.140427
4.39657	0.130068
4.39681	0.125016
4.39706	0.122488
4.3973	0.119134
4.39755	0.117976
4.39779	0.120534
4.39803	0.119109
4.39828	0.108568
4.39852	0.0988087
4.39877	0.101127
4.39901	0.10785
4.39926	0.10229
4.3995	0.0856128
4.39975	0.0752993
4.39999	0.0772223
4.40024	0.0785639
4.40048	0.0715821
4.40073	0.0653893
4.40097	0.0675409
4.40121	0.0711363
4.40146	0.0691592
4.4017	0.0666718
4.40195	0.0684374
4.40219	0.0674053
4.40244	0.0571135
4.40268	0.0452228
4.40293	0.0428909
4.40317	0.0484177
4.40342	0.0521484
4.40366	0.0510843
4.4039	0.0485486
4.40415	0.0450994
4.40439	0.0397822
4.40464	0.0361844
4.40488	0.0380615
4.40513	0.0418657
4.40537	0.0412269
4.40562	0.0362692
4.40586	0.0320856
4.40611	0.0306465
4.40635	0.0298393
4.4066	0.0281922
4.40684	0.0261366
4.40708	0.024803
4.40733	0.0257961
4.40757	0.0285907
4.40782	0.0276459
4.40806	0.0186406
4.40831	0.00835424
4.40855	0.00910276
4.4088	0.0209495
4.40904	0.0300239
4.40929	0.0285565
4.40953	0.0247665
4.40978	0.0268222
4.41002	0.0296659
4.41026	0.0266891
4.41051	0.0224143
4.41075	0.0226409
4.411	0.0230438
4.41124	0.0197709
4.41149	0.0206
4.41173	0.0311172
4.41198	0.0395344
4.41222	0.0320178
4.41247	0.0158294
4.41271	0.00940761
4.41296	0.0145381
4.4132	0.0169065
4.41344	0.0113367
4.41369	0.00723489
4.41393	0.00919228
4.41418	0.010842
4.41442	0.0101315
4.41467	0.0131344
4.41491	0.0192635
4.41516	0.0193543
4.4154	0.0129828
4.41565	0.0117008
4.41589	0.0195549
4.41614	0.025698
4.41638	0.0226079
4.41662	0.0168387
4.41687	0.0148179
4.41711	0.0128987
4.41736	0.00932553
4.4176	0.0107868
4.41785	0.0175432
4.41809	0.0176529
4.41834	0.00790698
4.41858	0.00513992
4.41883	0.0213291
4.41907	0.0408906
4.41931	0.0411573
4.41956	0.0253089
4.4198	0.0150712
4.42005	0.017918
4.42029	0.0228132
4.42054	0.0245898
4.42078	0.0297673
4.42103	0.0370355
4.42127	0.0341049
4.42152	0.0199277
4.42176	0.0110566
4.42201	0.0174216
4.42225	0.0279683
4.42249	0.029767
4.42274	0.0263993
4.42298	0.0261414
4.42323	0.0259329
4.42347	0.0214186
4.42372	0.0213429
4.42396	0.0346701
4.42421	0.0506902
4.42445	0.0505459
4.4247	0.0356845
4.42494	0.0264204
4.42519	0.0313609
4.42543	0.0367728
4.42567	0.0316713
4.42592	0.0258962
4.42616	0.032219
4.42641	0.043993
4.42665	0.045469
4.4269	0.0367606
4.42714	0.032982
4.42739	0.0409309
4.42763	0.0509443
4.42788	0.0533255
4.42812	0.0502566
4.42837	0.047146
4.42861	0.0429563
4.42885	0.0362881
4.4291	0.0331973
4.42934	0.0398564
4.42959	0.0510912
4.42983	0.0548822
4.43008	0.0476878
4.43032	0.0383817
4.43057	0.0361575
4.43081	0.0404424
4.43106	0.0449846
4.4313	0.0471749
4.43154	0.0494372
4.43179	0.0535983
4.43203	0.0576845
4.43228	0.0585239
4.43252	0.0555281
4.43277	0.0513029
4.43301	0.0491378
4.43326	0.0498419
4.4335	0.0506903
4.43375	0.0482265
4.43399	0.0430144
4.43424	0.0406144
4.43448	0.0455404
4.43472	0.0542593
4.43497	0.057588
4.43521	0.052273
4.43546	0.0468481
4.4357	0.0510778
4.43595	0.0611479
4.43619	0.062625
4.43644	0.0502469
4.43668	0.0373577
4.43693	0.0395371
4.43717	0.0539332
4.43742	0.0634475
4.43766	0.059876
4.4379	0.0536439
4.43815	0.0583636
4.43839	0.0733575
4.43864	0.0864851
4.43888	0.0899488
4.43913	0.0879715
4.43937	0.0899109
4.43962	0.0992231
4.43986	0.109639
4.44011	0.111431
4.44035	0.101505
4.4406	0.0863497
4.44084	0.0740492
4.44108	0.0658178
4.44133	0.0584905
4.44157	0.0524285
4.44182	0.0513409
4.44206	0.0555162
4.44231	0.0613149
4.44255	0.0668855
4.4428	0.0721512
4.44304	0.0739393
4.44329	0.0690802
4.44353	0.062839
4.44377	0.065289
4.44402	0.0771096
4.44426	0.0879078
4.44451	0.0917846
4.44475	0.0951011
4.445	0.104155
4.44524	0.114597
4.44549	0.119325
4.44573	0.118203
4.44598	0.113088
4.44622	0.101957
4.44647	0.0861161
4.44671	0.0748494
4.44695	0.0734715
4.4472	0.0742022
4.44744	0.0685218
4.44769	0.0607124
4.44793	0.0580581
4.44818	0.0559773
4.44842	0.0471182
4.44867	0.0385466
4.44891	0.0428599
4.44916	0.0553069
4.4494	0.0574933
4.44965	0.0444543
4.44989	0.0313718
4.45013	0.0304539
4.45038	0.0366718
4.45062	0.0411535
4.45087	0.0442035
4.45111	0.0480431
4.45136	0.0488128
4.4516	0.0439071
4.45185	0.0382673
4.45209	0.0366703
4.45234	0.0375642
4.45258	0.0394123
4.45283	0.0441993
4.45307	0.0494951
4.45331	0.0468422
4.45356	0.0348325
4.4538	0.0246863
4.45405	0.0251392
4.45429	0.0301444
4.45454	0.0301628
4.45478	0.0279264
4.45503	0.0325624
4.45527	0.043174
4.45552	0.0492213
4.45576	0.0456156
4.456	0.0385019
4.45625	0.0358761
4.45649	0.0389387
4.45674	0.0435823
4.45698	0.0463271
4.45723	0.0479344
4.45747	0.0524763
4.45772	0.061936
4.45796	0.0720085
4.45821	0.076479
4.45845	0.0751775
4.4587	0.0724583
4.45894	0.0683905
4.45918	0.0590399
4.45943	0.0462762
4.45967	0.0380845
4.45992	0.0363161
4.46016	0.0337731
4.46041	0.0276499
4.46065	0.0253324
4.4609	0.0302056
4.46114	0.0323556
4.46139	0.0233208
4.46163	0.0116233
4.46188	0.0121007
4.46212	0.025575
4.46236	0.0405081
4.46261	0.0501585
4.46285	0.0559592
4.4631	0.057176
4.46334	0.0509288
4.46359	0.0427486
4.46383	0.0440565
4.46408	0.0554404
4.46432	0.0628879
4.46457	0.0559414
4.46481	0.0415253
4.46506	0.0334111
4.4653	0.0337138
4.46554	0.0322997
4.46579	0.0222686
4.46603	0.00891709
4.46628	0.0020111
4.46652	0.00402544
4.46677	0.0093737
4.46701	0.012647
4.46726	0.0128344
4.4675	0.0098447
4.46775	0.00298074
4.46799	-0.0042927
4.46823	-0.00420046
4.46848	0.00492843
4.46872	0.012979
4.46897	0.0103609
4.46921	0.00195267
4.46946	-0.000589375
4.4697	0.00300757
4.46995	0.00318046
4.47019	-0.00129196
4.47044	-0.00114782
4.47068	0.00524928
4.47093	0.00673891
4.47117	-0.00181755
4.47141	-0.00925862
4.47166	-0.00502401
4.4719	0.00523246
4.47215	0.0102071
4.47239	0.00922744
4.47264	0.00829008
4.47288	0.00833744
4.47313	0.007164
4.47337	0.00622433
4.47362	0.00719233
4.47386	0.0078838
4.47411	0.00751309
4.47435	0.00818343
4.47459	0.006902
4.47484	-0.00219536
4.47508	-0.0124527
4.47533	-0.00715294
4.47557	0.0135565
4.47582	0.0256909
4.47606	0.0148868
4.47631	-0.000684466
4.47655	0.00136407
4.4768	0.0133084
4.47704	0.0139256
4.47729	0.00506995
4.47753	0.00453732
4.47777	0.011935
4.47802	0.0110136
4.47826	0.0016984
4.47851	0.000502646
4.47875	0.00922602
4.479	0.0116311
4.47924	0.00386528
4.47949	0.000419621
4.47973	0.0047555
4.47998	0.00184129
4.48022	-0.0114589
4.48046	-0.0154639
4.48071	0.000111374
4.48095	0.0166079
4.4812	0.0140278
4.48144	-0.00128996
4.48169	-0.0113398
4.48193	-0.0117068
4.48218	-0.00811393
4.48242	-0.00331846
4.48267	-0.000510232
4.48291	-0.00496484
4.48316	-0.0109566
4.4834	-0.00364888
4.48364	0.0144105
4.48389	0.0184252
4.48413	-0.00197618
4.48438	-0.0217767
4.48462	-0.0160581
4.48487	0.00292046
4.48511	0.00814037
4.48536	0.000415667
4.4856	-8.27634e-05
4.48585	0.00732959
4.48609	0.005432
4.48634	-0.00571539
4.48658	-0.00730681
4.48682	0.00372256
4.48707	0.00867712
4.48731	0.000979285
4.48756	-0.00227244
4.4878	0.0078975
4.48805	0.0146954
4.48829	0.00382493
4.48854	-0.0121273
4.48878	-0.0144142
4.48903	-0.00641444
4.48927	-0.00300553
4.48952	-0.00466983
4.48976	-0.00143265
4.49	0.0055854
4.49025	0.00601089
4.49049	-0.000127118
4.49074	-0.00226631
4.49098	0.00180392
4.49123	0.00322998
4.49147	8.63002e-05
4.49172	0.00237261
4.49196	0.0137309
4.49221	0.0220348
4.49245	0.0171748
4.4927	0.00760425
4.49294	0.00765667
4.49318	0.015307
4.49343	0.015724
4.49367	0.00476374
4.49392	-0.0043347
4.49416	-0.000323409
4.49441	0.010754
4.49465	0.0152039
4.4949	0.00927688
4.49514	0.000822523
4.49539	-0.00199656
4.49563	0.00188741
4.49587	0.00732498
4.49612	0.00745156
4.49636	0.000588439
4.49661	-0.00528684
4.49685	-0.000598478
4.4971	0.0109255
4.49734	0.0140944
4.49759	0.00404047
4.49783	-0.00429039
4.49808	0.00230968
4.49832	0.0146664
4.49857	0.0159806
4.49881	0.00911185
4.49905	0.0112478
4.4993	0.0250433
4.49954	0.0345624
4.49979	0.0312357
4.50003	0.0252662
4.50028	0.0266189
4.50052	0.0316756
4.50077	0.0354344
4.50101	0.0413283
4.50126	0.050517
4.5015	0.0553565
4.50175	0.052682
4.50199	0.0509096
4.50223	0.054479
4.50248	0.0537532
4.50272	0.0412954
4.50297	0.0266275
4.50321	0.0226804
4.50346	0.0274938
4.5037	0.0317759
4.50395	0.0352253
4.50419	0.0415519
4.50444	0.0449963
4.50468	0.0368028
4.50493	0.0207436
4.50517	0.00891522
4.50541	0.00521489
4.50566	0.00452654
4.5059	0.00472714
4.50615	0.00790715
4.50639	0.0124491
4.50664	0.0146108
4.50688	0.0153446
4.50713	0.0159734
4.50737	0.0113525
4.50762	-0.00176299
4.50786	-0.013609
4.5081	-0.011057
4.50835	0.00359831
4.50859	0.0149173
4.50884	0.0139663
4.50908	0.00526785
4.50933	-0.00383014
4.50957	-0.00975987
4.50982	-0.0101564
4.51006	-0.0055043
4.51031	-0.00242289
4.51055	-0.00548379
4.5108	-0.00786367
4.51104	-0.000849724
4.51128	0.0101038
4.51153	0.0116031
4.51177	0.00314501
4.51202	-0.00234688
4.51226	0.000437803
4.51251	0.00202886
4.51275	-0.00441918
4.513	-0.0117263
4.51324	-0.0105569
4.51349	-0.00244562
4.51373	0.00511634
4.51398	0.00872838
4.51422	0.00894094
4.51446	0.00647185
4.51471	0.00295861
4.51495	0.000621922
4.5152	-0.00108015
4.51544	-0.00358266
4.51569	-0.00380302
4.51593	0.0026374
4.51618	0.0123334
4.51642	0.0159528
4.51667	0.010556
4.51691	0.00283714
4.51716	-0.00114825
4.5174	-0.00212841
4.51764	-0.00238354
4.51789	-0.00200984
4.51813	-0.00199379
4.51838	-0.00390295
4.51862	-0.0054299
4.51887	-0.00322937
4.51911	-0.000238263
4.51936	-0.00188356
4.5196	-0.00514987
4.51985	-0.00139868
4.52009	0.00876217
4.52033	0.014362
4.52058	0.0106806
4.52082	0.00602527
4.52107	0.00738004
4.52131	0.00981727
4.52156	0.00663466
4.5218	0.000972996
4.52205	-0.000317243
4.52229	0.00242623
4.52254	0.0044125
4.52278	0.00475394
4.52303	0.00513872
4.52327	0.00436329
4.52351	0.000765408
4.52376	-0.0026672
4.524	-0.00134107
4.52425	0.0042724
4.52449	0.00895425
4.52474	0.00864788
4.52498	0.00390144
4.52523	-0.00105484
4.52547	-0.0018065
4.52572	0.00149489
4.52596	0.00312901
4.52621	-0.00133969
4.52645	-0.00833025
4.52669	-0.0107421
4.52694	-0.00752528
4.52718	-0.00290329
4.52743	0.00200999
4.52767	0.0087547
4.52792	0.0135043
4.52816	0.00937031
4.52841	-0.00149785
4.52865	-0.00758317
4.5289	-0.00330933
4.52914	0.00360627
4.52939	0.0040073
4.52963	-0.00126244
4.52987	-0.00609586
4.53012	-0.00791012
4.53036	-0.00665697
4.53061	-0.00160779
4.53085	0.00531936
4.5311	0.00825993
4.53134	0.00460044
4.53159	-0.000738219
4.53183	-0.00242648
4.53208	-0.00183845
4.53232	-0.00301115
4.53256	-0.00558217
4.53281	-0.00613738
4.53305	-0.00380094
4.5333	-0.000958544
4.53354	-0.000176023
4.53379	-0.00229349
4.53403	-0.00600287
4.53428	-0.00896376
4.53452	-0.0107883
4.53477	-0.0130727
4.53501	-0.0143318
4.53526	-0.00958041
4.5355	0.000218032
4.53574	0.00446853
4.53599	-0.00306615
4.53623	-0.0125278
4.53648	-0.0112068
4.53672	-0.00301873
4.53697	-0.000950436
4.53721	-0.00471572
4.53746	-0.00320416
4.5377	0.00300742
4.53795	0.0017368
4.53819	-0.00675396
4.53844	-0.00728215
4.53868	0.00322686
4.53892	0.00783125
4.53917	-0.00219577
4.53941	-0.0120864
4.53966	-0.00887321
4.5399	-0.00236901
4.54015	-0.00543864
4.54039	-0.0109908
4.54064	-0.00669312
4.54088	0.0022015
4.54113	0.00396967
4.54137	0.00187429
4.54162	0.00474557
4.54186	0.00705611
4.5421	-0.000713581
4.54235	-0.0108115
4.54259	-0.00915358
4.54284	-0.000790724
4.54308	-0.00229489
4.54333	-0.0132723
4.54357	-0.0177421
4.54382	-0.0115032
4.54406	-0.00628395
4.54431	-0.00742856
4.54455	-0.00864158
4.54479	-0.00895901
4.54504	-0.013554
4.54528	-0.016836
4.54553	-0.00724823
4.54577	0.00850623
4.54602	0.00953124
4.54626	-0.00570378
4.54651	-0.0138146
4.54675	-0.00286932
4.547	0.00951189
4.54724	0.00663007
4.54749	-0.00159623
4.54773	-5.42793e-05
4.54797	0.00452165
4.54822	-0.00137528
4.54846	-0.011057
4.54871	-0.00850315
4.54895	0.0031562
4.5492	0.00618
4.54944	-0.00341794
4.54969	-0.0119922
4.54993	-0.0110181
4.55018	-0.00596367
4.55042	-0.00238676
4.55067	0.000894967
4.55091	0.00304811
4.55115	-0.00051894
4.5514	-0.00857972
4.55164	-0.0142289
4.55189	-0.0162342
4.55213	-0.0192759
4.55238	-0.0219584
4.55262	-0.0169998
4.55287	-0.00606944
4.55311	-0.0016459
4.55336	-0.00875408
4.5536	-0.0162851
4.55385	-0.0136168
4.55409	-0.00589243
4.55433	-0.00391552
4.55458	-0.0068641
4.55482	-0.00566904
4.55507	0.00124025
4.55531	0.0064257
4.55556	0.0058662
4.5558	0.00312656
4.55605	0.000916214
4.55629	-0.00257711
4.55654	-0.00684028
4.55678	-0.00633979
4.55702	0.00128966
4.55727	0.0098001
4.55751	0.0114507
4.55776	0.00592767
4.558	-0.00146975
4.55825	-0.00691814
4.55849	-0.00928272
4.55874	-0.00778216
4.55898	-0.00369263
4.55923	-0.00191154
4.55947	-0.00508677
4.55972	-0.00797331
4.55996	-0.00415396
4.5602	0.00284916
4.56045	0.00324375
4.56069	-0.00387083
4.56094	-0.00840939
4.56118	-0.00534419
4.56143	-0.00277126
4.56167	-0.00757553
4.56192	-0.0125182
4.56216	-0.00774367
4.56241	0.00185654
4.56265	0.00341107
4.5629	-0.00352995
4.56314	-0.00724705
4.56338	-0.00402444
4.56363	-0.00343523
4.56387	-0.0100728
4.56412	-0.0141022
4.56436	-0.00748775
4.56461	0.00206135
4.56485	0.00337185
4.5651	-0.000862103
4.56534	-0.000626296
4.56559	0.00366392
4.56583	0.00280005
4.56608	-0.00442127
4.56632	-0.00873841
4.56656	-0.0055212
4.56681	-0.00110312
4.56705	-0.00109337
4.5673	-0.00205537
4.56754	0.0004095
4.56779	0.0032473
4.56803	0.00183674
4.56828	-0.00136906
4.56852	-0.000994651
4.56877	0.00168861
4.56901	0.000168062
4.56925	-0.00719527
4.5695	-0.0141551
4.56974	-0.0144417
4.56999	-0.0086493
4.57023	-0.00221892
4.57048	0.000359655
4.57072	-0.00201184
4.57097	-0.00780269
4.57121	-0.0137061
4.57146	-0.0156754
4.5717	-0.0115514
4.57195	-0.00370697
4.57219	0.00180771
4.57243	0.00051209
4.57268	-0.00528334
4.57292	-0.00778508
4.57317	-0.00222142
4.57341	0.00633739
4.57366	0.00746893
4.5739	-0.00220341
4.57415	-0.01389
4.57439	-0.0165115
4.57464	-0.00966031
4.57488	-0.00283994
4.57513	-0.00245308
4.57537	-0.00466469
4.57561	-0.00319669
4.57586	0.000681304
4.5761	0.00101291
4.57635	-0.00245105
4.57659	-0.00354444
4.57684	-0.000311709
4.57708	0.000502373
4.57733	-0.00601452
4.57757	-0.0132162
4.57782	-0.0110418
4.57806	-0.00156417
4.57831	0.0025693
4.57855	-0.00352344
4.57879	-0.00958025
4.57904	-0.00624325
4.57928	0.000137574
4.57953	-0.00184215
4.57977	-0.00906508
4.58002	-0.00793712
4.58026	0.00304045
4.58051	0.00926512
4.58075	0.00298061
4.581	-0.00368704
4.58124	0.00161258
4.58149	0.0103639
4.58173	0.00644242
4.58197	-0.00662183
4.58222	-0.00987583
4.58246	0.000427283
4.58271	0.00576945
4.58295	-0.00495528
4.5832	-0.0164334
4.58344	-0.0101534
4.58369	0.0064524
4.58393	0.0109344
4.58418	-0.00100846
4.58442	-0.0114592
4.58466	-0.0085021
4.58491	-0.00112515
4.58515	-0.00143754
4.5854	-0.00658251
4.58564	-0.00686218
4.58589	-0.00172602
4.58613	0.00208137
4.58638	0.0020091
4.58662	0.000346452
4.58687	-0.00230216
4.58711	-0.00578494
4.58736	-0.00585271
4.5876	0.000673632
4.58784	0.00807585
4.58809	0.00767581
4.58833	0.00108712
4.58858	-0.00124017
4.58882	0.00408132
4.58907	0.00775234
4.58931	0.00177669
4.58956	-0.00861582
4.5898	-0.012941
4.59005	-0.00987616
4.59029	-0.00662794
4.59054	-0.00699502
4.59078	-0.0076269
4.59102	-0.00580515
4.59127	-0.00416839
4.59151	-0.00575609
4.59176	-0.00905236
4.592	-0.0103209
4.59225	-0.00790146
4.59249	-0.00271722
4.59274	0.00255415
4.59298	0.00387295
4.59323	-0.0007355
4.59347	-0.0064516
4.59372	-0.00479931
4.59396	0.00539112
4.5942	0.0142871
4.59445	0.0124723
4.59469	0.0023569
4.59494	-0.00673759
4.59518	-0.0109511
4.59543	-0.0124913
4.59567	-0.0111109
4.59592	-0.00442629
4.59616	0.00368943
4.59641	0.00520086
4.59665	0.000610275
4.59689	-0.000327215
4.59714	0.00550514
4.59738	0.00829811
4.59763	0.00151033
4.59787	-0.00579782
4.59812	-0.00296743
4.59836	0.00411582
4.59861	0.00209632
4.59885	-0.00747976
4.5991	-0.00997857
4.59934	-0.00135031
4.59959	0.00530296
4.59983	0.000721586
4.60007	-0.00656246
4.60032	-0.00471062
4.60056	0.00364115
4.60081	0.00767019
4.60105	0.00517136
4.6013	0.00262417
4.60154	0.00235997
4.60179	-3.12439e-06
4.60203	-0.00571406
4.60228	-0.00903154
4.60252	-0.00531544
4.60277	0.0024962
4.60301	0.00766257
4.60325	0.00646726
4.6035	0.000142071
4.60374	-0.00682346
4.60399	-0.00916243
4.60423	-0.00476075
4.60448	0.00200376
4.60472	0.0033689
4.60497	-0.00283043
4.60521	-0.00905595
4.60546	-0.00648819
4.6057	0.00282542
4.60595	0.00689267
4.60619	-0.000799353
4.60643	-0.0112539
4.60668	-0.0108205
4.60692	0.000581027
4.60717	0.00986211
4.60741	0.00930834
4.60766	0.00529562
4.6079	0.00520462
4.60815	0.00571221
4.60839	0.00157088
4.60864	-0.00258217
4.60888	0.000128282
4.60912	0.0053642
4.60937	0.00403047
4.60961	-0.00155351
4.60986	-0.00149729
4.6101	0.00320355
4.61035	0.000913344
4.61059	-0.0101837
4.61084	-0.0166386
4.61108	-0.00980398
4.61133	0.00162872
4.61157	0.00580102
4.61182	0.00301942
4.61206	-0.000397826
4.6123	-0.00299225
4.61255	-0.00466798
4.61279	-0.0018638
4.61304	0.00486003
4.61328	0.00697323
4.61353	0.000631564
4.61377	-0.00512908
4.61402	-0.00212667
4.61426	0.00345391
4.61451	0.00183781
4.61475	-0.00411315
4.615	-0.00537365
4.61524	-0.00250422
4.61548	-0.00205035
4.61573	-0.00310276
4.61597	-0.000990945
4.61622	0.000513158
4.61646	-0.00494349
4.61671	-0.0120773
4.61695	-0.0107861
4.6172	-0.00437559
4.61744	-0.00467104
4.61769	-0.0103585
4.61793	-0.00817072
4.61818	0.00280535
4.61842	0.00673055
4.61866	-0.0036996
4.61891	-0.0148413
4.61915	-0.0132627
4.6194	-0.0044471
4.61964	-0.000738574
4.61989	-0.00338719
4.62013	-0.00715936
4.62038	-0.0117093
4.62062	-0.0170774
4.62087	-0.0171958
4.62111	-0.00942391
4.62135	-0.00272937
4.6216	-0.00500431
4.62184	-0.00942224
4.62209	-0.00554758
4.62233	0.00231585
4.62258	0.00142749
4.62282	-0.00880743
4.62307	-0.0164347
4.62331	-0.0155038
4.62356	-0.0116872
4.6238	-0.00923632
4.62405	-0.00545239
4.62429	-0.000509499
4.62453	-0.000566544
4.62478	-0.00641225
4.62502	-0.00939498
4.62527	-0.00475271
4.62551	-0.000395559
4.62576	-0.00499999
4.626	-0.0138057
4.62625	-0.0148474
4.62649	-0.005997
4.62674	0.00255365
4.62698	0.00246731
4.62723	-0.00309982
4.62747	-0.00591242
4.62771	-0.0036315
4.62796	-0.000755087
4.6282	-0.00113016
4.62845	-0.00384857
4.62869	-0.00690244
4.62894	-0.010906
4.62918	-0.0161915
4.62943	-0.0188047
4.62967	-0.0145238
4.62992	-0.00671214
4.63016	-0.00423609
4.63041	-0.00928079
4.63065	-0.0132178
4.63089	-0.00909421
4.63114	-0.00251074
4.63138	-0.00286659
4.63163	-0.00817542
4.63187	-0.0085284
4.63212	-0.00313798
4.63236	-0.00215739
4.63261	-0.00892623
4.63285	-0.0121795
4.6331	-0.00311566
4.63334	0.00905447
4.63358	0.00879077
4.63383	-0.00417817
4.63407	-0.0160202
4.63432	-0.0187536
4.63456	-0.0174347
4.63481	-0.0174853
4.63505	-0.0168228
4.6353	-0.0139628
4.63554	-0.013041
4.63579	-0.0147251
4.63603	-0.0116179
4.63628	-0.000946004
4.63652	0.00609281
4.63676	-0.00151718
4.63701	-0.0162088
4.63725	-0.0200099
4.6375	-0.00959649
4.63774	-0.00049225
4.63799	-0.0044246
4.63823	-0.01442
4.63848	-0.0174824
4.63872	-0.0121264
4.63897	-0.0060224
4.63921	-0.00344818
4.63946	-0.00306809
4.6397	-0.00354188
4.63994	-0.00410459
4.64019	-0.00275521
4.64043	0.000197085
4.64068	0.000214809
4.64092	-0.004462
4.64117	-0.0082981
4.64141	-0.00723126
4.64166	-0.00682176
4.6419	-0.0132961
4.64215	-0.02104
4.64239	-0.0196252
4.64264	-0.0106465
4.64288	-0.00552358
4.64312	-0.00699064
4.64337	-0.00589818
4.64361	0.00106013
4.64386	0.00402498
4.6441	-0.00320751
4.64435	-0.0111317
4.64459	-0.00909426
4.64484	-0.00273507
4.64508	-0.00479391
4.64533	-0.0139451
4.64557	-0.0161003
4.64581	-0.00606165
4.64606	0.00433603
4.6463	0.00298118
4.64655	-0.00683789
4.64679	-0.0129762
4.64704	-0.0108184
4.64728	-0.00681563
4.64753	-0.00786839
4.64777	-0.0127494
4.64802	-0.0148983
4.64826	-0.0106362
4.64851	-0.00290012
4.64875	0.00214699
4.64899	0.00107913
4.64924	-0.00375721
4.64948	-0.0063268
4.64973	-0.00273398
4.64997	0.00366856
4.65022	0.00408241
4.65046	-0.00572554
4.65071	-0.0175584
4.65095	-0.0180952
4.6512	-0.00598064
4.65144	0.00454284
4.65169	0.00201927
4.65193	-0.0063969
4.65217	-0.00590628
4.65242	0.00374394
4.65266	0.00881023
4.65291	0.00331682
4.65315	-0.00303796
4.6534	-0.00204817
4.65364	0.000668155
4.65389	-0.00251062
4.65413	-0.00790942
4.65438	-0.00855436
4.65462	-0.00695325
4.65487	-0.00882848
4.65511	-0.0102408
4.65535	-0.00327598
4.6556	0.00841043
4.65584	0.0120366
4.65609	0.00386423
4.65633	-0.00565492
4.65658	-0.00680936
4.65682	-0.00203338
4.65707	0.000440009
4.65731	-0.00245904
4.65756	-0.00711864
4.6578	-0.00833714
4.65805	-0.00429839
4.65829	0.000623924
4.65853	-0.000939623
4.65878	-0.00941291
4.65902	-0.0144743
4.65927	-0.00760953
4.65951	0.00451857
4.65976	0.00795193
4.66	0.00095763
4.66025	-0.0047854
4.66049	-0.00247165
4.66074	0.00192275
4.66098	0.00229288
4.66122	0.00101312
4.66147	0.000132986
4.66171	-0.00442597
4.66196	-0.012899
4.6622	-0.0162412
4.66245	-0.00933121
4.66269	-0.000744486
4.66294	1.24153e-05
4.66318	-0.00341132
4.66343	-0.00343031
4.66367	-0.00355331
4.66392	-0.0106079
4.66416	-0.0182492
4.6644	-0.0143425
4.66465	-0.00247505
4.66489	0.000656204
4.66514	-0.0094038
4.66538	-0.0181378
4.66563	-0.0147036
4.66587	-0.00627261
4.66612	-0.00312545
4.66636	-0.00331398
4.66661	-0.0013191
4.66685	8.54377e-06
4.6671	-0.00299198
4.66734	-0.00515696
4.66758	-0.00214088
4.66783	-0.00100817
4.66807	-0.0081871
4.66832	-0.0147285
4.66856	-0.00907494
4.66881	0.00113429
4.66905	-0.001751
4.6693	-0.0161932
4.66954	-0.0212224
4.66979	-0.008447
4.67003	0.00523252
4.67028	0.00497264
4.67052	0.000142583
4.67076	0.00626134
4.67101	0.0188607
4.67125	0.0216997
4.6715	0.012353
4.67174	0.00293859
4.67199	-0.000237519
4.67223	-0.00219796
4.67248	-0.00609695
4.67272	-0.00858999
4.67297	-0.00849595
4.67321	-0.00780382
4.67345	-0.00407591
4.6737	0.00577085
4.67394	0.0142133
4.67419	0.00974344
4.67443	-0.00337767
4.67468	-0.00725715
4.67492	0.00304624
4.67517	0.0108126
4.67541	0.00371206
4.67566	-0.00670892
4.6759	-0.0041862
4.67615	0.0063411
4.67639	0.00832812
4.67663	0.000837798
4.67688	-0.00208022
4.67712	0.0038452
4.67737	0.00697725
4.67761	0.000192208
4.67786	-0.00823746
4.6781	-0.00926058
4.67835	-0.0059759
4.67859	-0.00526463
4.67884	-0.00629455
4.67908	-0.00488105
4.67933	-0.00224396
4.67957	-0.00200802
4.67981	-0.00335227
4.68006	-0.00375979
4.6803	-0.0048871
4.68055	-0.00951584
4.68079	-0.0152086
4.68104	-0.016674
4.68128	-0.0129437
4.68153	-0.00757681
4.68177	-0.00305351
4.68202	0.000429093
4.68226	0.00149778
4.68251	-0.00205909
4.68275	-0.00854483
4.68299	-0.01183
4.68324	-0.00801983
4.68348	-0.000961367
4.68373	0.0012957
4.68397	-0.00425973
4.68422	-0.0114774
4.68446	-0.0116823
4.68471	-0.00391298
4.68495	0.00394507
4.6852	0.00506344
4.68544	0.00149304
4.68568	-0.000572397
4.68593	-0.000103386
4.68617	-0.000857888
4.68642	-0.00348012
4.68666	-0.00429296
4.68691	-0.00244929
4.68715	-0.00206683
4.6874	-0.00522613
4.68764	-0.00844904
4.68789	-0.0089705
4.68813	-0.0091482
4.68838	-0.0107917
4.68862	-0.0103396
4.68886	-0.00507802
4.68911	-7.83877e-07
4.68935	-0.001775
4.6896	-0.00816055
4.68984	-0.0106601
4.69009	-0.00730594
4.69033	-0.00557262
4.69058	-0.0107242
4.69082	-0.0175897
4.69107	-0.0179716
4.69131	-0.0121756
4.69156	-0.00812749
4.6918	-0.0102666
4.69204	-0.0138094
4.69229	-0.0113366
4.69253	-0.00258771
4.69278	0.00467528
4.69302	0.00359893
4.69327	-0.00382615
4.69351	-0.00942006
4.69376	-0.00869209
4.694	-0.00520876
4.69425	-0.00410111
4.69449	-0.00452714
4.69474	-0.00209399
4.69498	0.00301399
4.69522	0.0052193
4.69547	0.0014206
4.69571	-0.00473131
4.69596	-0.00842545
4.6962	-0.00979805
4.69645	-0.0112858
4.69669	-0.0120262
4.69694	-0.00964091
4.69718	-0.00633442
4.69743	-0.00780833
4.69767	-0.0149675
4.69791	-0.0212537
4.69816	-0.0208085
4.6984	-0.0158919
4.69865	-0.0127831
4.69889	-0.0128548
4.69914	-0.012001
4.69938	-0.00786239
4.69963	-0.00296473
4.69987	-3.99096e-05
4.70012	0.00166221
4.70036	0.00366167
4.70061	0.00498697
4.70085	0.00387955
4.70109	0.000549529
4.70134	-0.0037431
4.70158	-0.00826664
4.70183	-0.0115048
4.70207	-0.0107508
4.70232	-0.00612306
4.70256	-0.00307275
4.70281	-0.00674462
4.70305	-0.0142382
4.7033	-0.0167608
4.70354	-0.0106407
4.70379	-0.00248532
4.70403	-0.000866887
4.70427	-0.00553588
4.70452	-0.00868704
4.70476	-0.00611177
4.70501	-0.00251276
4.70525	-0.00365339
4.7055	-0.00686788
4.70574	-0.00423183
4.70599	0.00549847
4.70623	0.0136639
4.70648	0.0125936
4.70672	0.00493033
4.70697	-0.00185198
4.70721	-0.00593707
4.70745	-0.0100662
4.7077	-0.0129618
4.70794	-0.0102644
4.70819	-0.00406557
4.70843	-0.00282315
4.70868	-0.00897424
4.70892	-0.0143845
4.70917	-0.0125336
4.70941	-0.00835828
4.70966	-0.00992276
4.7099	-0.01574
4.71014	-0.0175953
4.71039	-0.0128043
4.71063	-0.00674532
4.71088	-0.00474247
4.71112	-0.00725723
4.71137	-0.0122114
4.71161	-0.017171
4.71186	-0.0197359
4.7121	-0.0193059
4.71235	-0.0175101
4.71259	-0.014752
4.71284	-0.00946012
4.71308	-0.00345291
4.71332	-0.00325289
4.71357	-0.0113071
4.71381	-0.0202117
4.71406	-0.021027
4.7143	-0.0134854
4.71455	-0.00305793
4.71479	0.0068498
4.71504	0.0137297
4.71528	0.0133425
4.71553	0.00640915
4.71577	0.00193742
4.71602	0.00450811
4.71626	0.0046642
4.7165	-0.00637028
4.71675	-0.0189544
4.71699	-0.0173861
4.71724	-0.00568216
4.71748	-0.00264173
4.71773	-0.0116897
4.71797	-0.0156859
4.71822	-0.00597836
4.71846	0.00332205
4.71871	-0.000760834
4.71895	-0.00936389
4.7192	-0.00781258
4.71944	0.0011916
4.71968	0.00481064
4.71993	0.000811473
4.72017	-0.0034208
4.72042	-0.00590858
4.72066	-0.0100834
4.72091	-0.0136452
4.72115	-0.0104563
4.7214	-0.00236365
4.72164	0.00158166
4.72189	-0.00215638
4.72213	-0.00791012
4.72237	-0.0100236
4.72262	-0.00917429
4.72286	-0.00924089
4.72311	-0.0125026
4.72335	-0.0175971
4.7236	-0.0195335
4.72384	-0.0139833
4.72409	-0.00387149
4.72433	0.00208109
4.72458	-0.00021622
4.72482	-0.00598874
4.72507	-0.00996115
4.72531	-0.0124708
4.72555	-0.0141971
4.7258	-0.0126466
4.72604	-0.00865451
4.72629	-0.00846007
4.72653	-0.0134508
4.72678	-0.0157322
4.72702	-0.0103979
4.72727	-0.00398171
4.72751	-0.00321095
4.72776	-0.00406793
4.728	-0.00138183
4.72825	-0.000697201
4.72849	-0.0087422
4.72873	-0.0185395
4.72898	-0.0172135
4.72922	-0.00533532
4.72947	0.00366363
4.72971	0.00200518
4.72996	-0.00476033
4.7302	-0.00767185
4.73045	-0.0032959
4.73069	0.00597553
4.73094	0.0131842
4.73118	0.0105066
4.73143	-0.00162671
4.73167	-0.0123364
4.73191	-0.0134498
4.73216	-0.00979386
4.7324	-0.00942111
4.73265	-0.0104527
4.73289	-0.00700741
4.73314	-0.0017038
4.73338	-0.00119159
4.73363	-0.00442909
4.73387	-0.00628293
4.73412	-0.00762193
4.73436	-0.0107826
4.73461	-0.010992
4.73485	-0.00460431
4.73509	0.000174688
4.73534	-0.00548694
4.73558	-0.0148074
4.73583	-0.0153346
4.73607	-0.00968865
4.73632	-0.00985307
4.73656	-0.015385
4.73681	-0.0157109
4.73705	-0.0111068
4.7373	-0.0114638
4.73754	-0.0150036
4.73778	-0.00928406
4.73803	0.00443395
4.73827	0.00864444
4.73852	-0.00349917
4.73876	-0.0175912
4.73901	-0.0205213
4.73925	-0.0163756
4.7395	-0.0134021
4.73974	-0.0114919
4.73999	-0.00944226
4.74023	-0.00927916
4.74048	-0.00734449
4.74072	0.00321504
4.74096	0.0156668
4.74121	0.0130675
4.74145	-0.0048554
4.7417	-0.0170851
4.74194	-0.0123615
4.74219	-0.00513034
4.74243	-0.00893396
4.74268	-0.0138658
4.74292	-0.0064649
4.74317	0.00550197
4.74341	0.00697863
4.74366	0.000702147
4.7439	-0.00106333
4.74414	0.000802733
4.74439	-0.0027694
4.74463	-0.00943116
4.74488	-0.00966559
4.74512	-0.00501452
4.74537	-0.00433576
4.74561	-0.00608594
4.74586	-0.00149291
4.7461	0.00715236
4.74635	0.00781427
4.74659	-0.00204556
4.74684	-0.0118006
4.74708	-0.0139147
4.74732	-0.0119601
4.74757	-0.01176
4.74781	-0.0145081
4.74806	-0.0188422
4.7483	-0.0215944
4.74855	-0.0179274
4.74879	-0.008312
4.74904	-0.00213892
4.74928	-0.006101
4.74953	-0.013125
4.74977	-0.0123194
4.75001	-0.00567057
4.75026	-0.00395866
4.7505	-0.0092692
4.75075	-0.0132135
4.75099	-0.0112404
4.75124	-0.00777964
4.75148	-0.00709141
4.75173	-0.00825899
4.75197	-0.00940275
4.75222	-0.00919596
4.75246	-0.00512663
4.75271	0.00239523
4.75295	0.00605889
4.75319	-0.000280422
4.75344	-0.0112193
4.75368	-0.0155062
4.75393	-0.0109616
4.75417	-0.00619258
4.75442	-0.00817601
4.75466	-0.0147582
4.75491	-0.0189533
4.75515	-0.0157502
4.7554	-0.0061674
4.75564	0.00195838
4.75589	0.00078462
4.75613	-0.00691164
4.75637	-0.0098676
4.75662	-0.00444523
4.75686	-2.86397e-06
4.75711	-0.00304202
4.75735	-0.00671907
4.7576	-0.00426458
4.75784	-0.00171228
4.75809	-0.00639142
4.75833	-0.0130489
4.75858	-0.0137179
4.75882	-0.0115463
4.75907	-0.0116757
4.75931	-0.00894578
4.75955	0.000140904
4.7598	0.00448477
4.76004	-0.00425641
4.76029	-0.0122963
4.76053	-0.00377895
4.76078	0.00921415
4.76102	0.00311949
4.76127	-0.0164193
4.76151	-0.0203638
4.76176	-0.00271118
4.762	0.0100834
4.76224	0.00206362
4.76249	-0.0103044
4.76273	-0.0104559
4.76298	-0.00726215
4.76322	-0.0116796
4.76347	-0.0133869
4.76371	-0.00221938
4.76396	0.00740265
4.7642	-0.00201737
4.76445	-0.019282
4.76469	-0.0194497
4.76494	-0.00223392
4.76518	0.0088189
4.76542	0.00223973
4.76567	-0.00854794
4.76591	-0.00946265
4.76616	-0.0036359
4.7664	-0.000263525
4.76665	-0.000292573
4.76689	0.000147613
4.76714	0.00159109
4.76738	0.00229638
4.76763	0.00172461
4.76787	-0.000458553
4.76812	-0.00469239
4.76836	-0.00924261
4.7686	-0.0112042
4.76885	-0.0102045
4.76909	-0.0080703
4.76934	-0.00567023
4.76958	-0.00329701
4.76983	-0.00259959
4.77007	-0.00437159
4.77032	-0.00607692
4.77056	-0.00535267
4.77081	-0.00423774
4.77105	-0.00592595
4.7713	-0.00903455
4.77154	-0.00942887
4.77178	-0.00657533
4.77203	-0.00371104
4.77227	-0.00218482
4.77252	0.000131128
4.77276	0.00414934
4.77301	0.00669823
4.77325	0.00408879
4.7735	-0.00295582
4.77374	-0.0096282
4.77399	-0.0122388
4.77423	-0.0117136
4.77447	-0.0107228
4.77472	-0.00890062
4.77496	-0.00453155
4.77521	-0.000559125
4.77545	-0.00268851
4.7757	-0.00909246
4.77594	-0.00940732
4.77619	0.00021049
4.77643	0.00827326
4.77668	0.00316305
4.77692	-0.00876935
4.77717	-0.0118821
4.77741	-0.00419618
4.77765	0.0016237
4.7779	-0.00117316
4.77814	-0.00610776
4.77839	-0.00770967
4.77863	-0.00860074
4.77888	-0.00921441
4.77912	-0.00479
4.77937	0.00231166
4.77961	0.00136864
4.77986	-0.00870345
4.7801	-0.0137104
4.78035	-0.0053673
4.78059	0.00458554
4.78083	0.00219736
4.78108	-0.00812799
4.78132	-0.0133639
4.78157	-0.0126718
4.78181	-0.014391
4.78206	-0.0186168
4.7823	-0.0171695
4.78255	-0.00821842
4.78279	0.00114919
4.78304	0.00585813
4.78328	0.00698232
4.78353	0.00641405
4.78377	0.00512273
4.78401	0.00460541
4.78426	0.00378808
4.7845	-0.00168438
4.78475	-0.0110214
4.78499	-0.0150936
4.78524	-0.00896646
4.78548	-0.00069858
4.78573	0.0010574
4.78597	0.000332373
4.78622	0.00381425
4.78646	0.00593762
4.7867	-0.00157503
4.78695	-0.0117509
4.78719	-0.0109035
4.78744	-0.00176149
4.78768	-0.000196622
4.78793	-0.0092178
4.78817	-0.0143617
4.78842	-0.00786137
4.78866	-0.000160104
4.78891	-0.0015788
4.78915	-0.00773012
4.7894	-0.0105624
4.78964	-0.0108936
4.78988	-0.0118538
4.79013	-0.0110541
4.79037	-0.0074784
4.79062	-0.00640944
4.79086	-0.00975307
4.79111	-0.0107013
4.79135	-0.00554162
4.7916	-0.00126218
4.79184	-0.00312651
4.79209	-0.0045722
4.79233	0.000390929
4.79258	0.00389855
4.79282	-0.0040128
4.79306	-0.0169143
4.79331	-0.0191407
4.79355	-0.00845583
4.7938	0.00147545
4.79404	0.000814054
4.79429	-0.00589765
4.79453	-0.0102394
4.79478	-0.0108781
4.79502	-0.0110475
4.79527	-0.0125213
4.79551	-0.0151799
4.79576	-0.0176249
4.796	-0.0169173
4.79624	-0.012299
4.79649	-0.00903718
4.79673	-0.0128399
4.79698	-0.0203663
4.79722	-0.0218653
4.79747	-0.0145784
4.79771	-0.00695861
4.79796	-0.00684068
4.7982	-0.0110704
4.79845	-0.0109771
4.79869	-0.00450706
4.79893	0.0014979
4.79918	0.000114346
4.79942	-0.00732617
4.79967	-0.012331
4.79991	-0.00867553
4.80016	-0.000339235
4.8004	0.00243554
4.80065	-0.00385716
4.80089	-0.0108333
4.80114	-0.00939075
4.80138	-0.00169774
4.80163	0.00355006
4.80187	0.0038882
4.80211	0.0032494
4.80236	0.00190699
4.8026	-0.00404798
4.80285	-0.0130505
4.80309	-0.0175238
4.80334	-0.0150956
4.80358	-0.0117896
4.80383	-0.0117043
4.80407	-0.0122457
4.80432	-0.012223
4.80456	-0.0149552
4.80481	-0.0192956
4.80505	-0.0178749
4.80529	-0.00997579
4.80554	-0.00565695
4.80578	-0.00962833
4.80603	-0.0119279
4.80627	-0.00459098
4.80652	0.00312342
4.80676	-0.00057046
4.80701	-0.00914175
4.80725	-0.00816286
4.8075	-0.000682274
4.80774	-0.00321836
4.80799	-0.0175163
4.80823	-0.0256788
4.80847	-0.017469
4.80872	-0.00525489
4.80896	-0.00411037
4.80921	-0.0108983
4.80945	-0.0128357
4.8097	-0.00688233
4.80994	-0.000796986
4.81019	-0.00109523
4.81043	-0.00768214
4.81068	-0.0160471
4.81092	-0.0197556
4.81116	-0.0153667
4.81141	-0.00794327
4.81165	-0.00574764
4.8119	-0.00764791
4.81214	-0.00430234
4.81239	0.00535521
4.81263	0.0093927
4.81288	0.000276689
4.81312	-0.0128892
4.81337	-0.016894
4.81361	-0.0109093
4.81386	-0.00319726
4.8141	0.000942524
4.81434	0.000757339
4.81459	-0.00295376
4.81483	-0.00573
4.81508	-0.00228183
4.81532	0.00269886
4.81557	-0.00296396
4.81581	-0.0183329
4.81606	-0.0243485
4.8163	-0.010888
4.81655	0.00429419
4.81679	-0.000261659
4.81704	-0.0172625
4.81728	-0.0217582
4.81752	-0.00807867
4.81777	0.00507486
4.81801	0.00422429
4.81826	-0.00423543
4.8185	-0.0101491
4.81875	-0.0122699
4.81899	-0.0115113
4.81924	-0.00702662
4.81948	-0.00266209
4.81973	-0.0041538
4.81997	-0.00797545
4.82022	-0.00606555
4.82046	-0.00166905
4.8207	-0.00485637
4.82095	-0.0121956
4.82119	-0.00983516
4.82144	0.000528805
4.82168	0.000314263
4.82193	-0.0142197
4.82217	-0.021077
4.82242	-0.00590236
4.82266	0.013839
4.82291	0.0150768
4.82315	0.00316948
4.8234	-0.000409705
4.82364	0.00731557
4.82388	0.0104012
4.82413	0.00224587
4.82437	-0.00658545
4.82462	-0.00779979
4.82486	-0.00503733
4.82511	-0.00277628
4.82535	-0.000179713
4.8256	0.00166812
4.82584	-0.0013812
4.82609	-0.00773418
4.82633	-0.0102085
4.82657	-0.0072889
4.82682	-0.00538905
4.82706	-0.0080237
4.82731	-0.0109858
4.82755	-0.0102157
4.8278	-0.00690644
4.82804	-0.00298739
4.82829	0.0013785
4.82853	0.00402055
4.82878	0.00141045
4.82902	-0.00468458
4.82927	-0.00734665
4.82951	-0.00371179
4.82975	0.0013316
4.83	0.00280468
4.83024	0.00187644
4.83049	0.00186316
4.83073	0.0024359
4.83098	0.000881283
4.83122	-0.00358852
4.83147	-0.00906336
4.83171	-0.0127602
4.83196	-0.0127446
4.8322	-0.00965547
4.83245	-0.00680254
4.83269	-0.00650092
4.83293	-0.00666138
4.83318	-0.00352028
4.83342	0.00253215
4.83367	0.00656525
4.83391	0.00482812
4.83416	-0.000903306
4.8344	-0.00492937
4.83465	-0.00306988
4.83489	0.00246842
4.83514	0.00387663
4.83538	-0.00369826
4.83563	-0.0143174
4.83587	-0.0167881
4.83611	-0.00943644
4.83636	-0.00318052
4.8366	-0.00649422
4.83685	-0.0139002
4.83709	-0.0149005
4.83734	-0.00820688
4.83758	-2.11752e-05
4.83783	0.00629598
4.83807	0.0103598
4.83832	0.00929074
4.83856	0.00210308
4.8388	-0.00361683
4.83905	-0.000202169
4.83929	0.00671408
4.83954	0.00472908
4.83978	-0.00586198
4.84003	-0.0114644
4.84027	-0.00579375
4.84052	0.00140815
4.84076	0.000561857
4.84101	-0.00455633
4.84125	-0.00630106
4.8415	-0.00563922
4.84174	-0.00691601
4.84198	-0.008144
4.84223	-0.00562347
4.84247	-0.00262939
4.84272	-0.00467811
4.84296	-0.00981763
4.84321	-0.0113937
4.84345	-0.00773301
4.8437	-0.00261356
4.84394	0.000860543
4.84419	0.00090717
4.84443	-0.00441497
4.84468	-0.012464
4.84492	-0.013926
4.84516	-0.00390952
4.84541	0.00784381
4.84565	0.0070986
4.8459	-0.00592747
4.84614	-0.0169409
4.84639	-0.0162723
4.84663	-0.00786449
4.84688	0.000378556
4.84712	0.00480943
4.84737	0.00299329
4.84761	-0.00650703
4.84786	-0.017128
4.8481	-0.0172545
4.84834	-0.0059111
4.84859	0.00376662
4.84883	0.00318997
4.84908	0.000565506
4.84932	0.00549847
4.84957	0.0111704
4.84981	0.00528605
4.85006	-0.00768163
4.8503	-0.0112173
4.85055	-0.00198207
4.85079	0.00581961
4.85103	0.00329206
4.85128	-0.00159829
4.85152	-0.000846859
4.85177	-0.000110218
4.85201	-0.00611041
4.85226	-0.0123308
4.8525	-0.00958355
4.85275	-0.002605
4.85299	-0.00286881
4.85324	-0.00979775
4.85348	-0.0123173
4.85373	-0.00674214
4.85397	-0.000659828
4.85421	0.000214562
4.85446	-0.00280771
4.8547	-0.00907854
4.85495	-0.0187949
4.85519	-0.0244594
4.85544	-0.0161215
4.85568	0.00100165
4.85593	0.00827702
4.85617	-0.000404449
4.85642	-0.0086011
4.85666	-0.00300563
4.85691	0.0051182
4.85715	-0.000737179
4.85739	-0.0130638
4.85764	-0.0108127
4.85788	0.00602683
4.85813	0.0147627
4.85837	0.0048039
4.85862	-0.00720882
4.85886	-0.00490262
4.85911	0.00371578
4.85935	0.00206869
4.8596	-0.00929448
4.85984	-0.0177443
4.86009	-0.0192615
4.86033	-0.0183275
4.86057	-0.014318
4.86082	-0.00485301
4.86106	0.00159007
4.86131	-0.0055301
4.86155	-0.0182172
4.8618	-0.0168333
4.86204	-0.000459652
4.86229	0.00862378
4.86253	-0.00185879
4.86278	-0.0148665
4.86302	-0.0104192
4.86326	0.0044157
4.86351	0.00886708
4.86375	0.000526369
4.864	-0.00579454
4.86424	-0.00509366
4.86449	-0.00676688
4.86473	-0.0126758
4.86498	-0.0114972
4.86522	-2.85695e-05
4.86547	0.00784026
4.86571	0.00188268
4.86596	-0.00935342
4.8662	-0.0138099
4.86644	-0.0133075
4.86669	-0.0142719
4.86693	-0.0127228
4.86718	-0.00313419
4.86742	0.0057243
4.86767	0.00040129
4.86791	-0.0148283
4.86816	-0.0211213
4.8684	-0.0115787
4.86865	-0.000276686
4.86889	-0.000858498
4.86914	-0.00856894
4.86938	-0.0107224
4.86962	-0.00584941
4.86987	-0.00302873
4.87011	-0.00654345
4.87036	-0.0103149
4.8706	-0.00797737
4.87085	-0.00237151
4.87109	-0.00192885
4.87134	-0.00944695
4.87158	-0.017362
4.87183	-0.0159099
4.87207	-0.00523387
4.87232	0.00377698
4.87256	0.0023015
4.8728	-0.00590819
4.87305	-0.0101341
4.87329	-0.00630046
4.87354	-0.000468211
4.87378	6.38215e-05
4.87403	-0.00561102
4.87427	-0.013143
4.87452	-0.017288
4.87476	-0.0147527
4.87501	-0.00667298
4.87525	0.00108395
4.87549	0.00345377
4.87574	0.0021285
4.87598	0.0024219
4.87623	0.00472777
4.87647	0.00419749
4.87672	-0.000463507
4.87696	-0.00376806
4.87721	-0.00174417
4.87745	0.00146401
4.8777	-0.000574136
4.87794	-0.00719922
4.87819	-0.0112927
4.87843	-0.0079019
4.87867	0.000842946
4.87892	0.00840872
4.87916	0.00908522
4.87941	0.00182798
4.87965	-0.00852936
4.8799	-0.0145998
4.88014	-0.0131762
4.88039	-0.00825819
4.88063	-0.00596674
4.88088	-0.007772
4.88112	-0.0107073
4.88137	-0.0125747
4.88161	-0.0134454
4.88185	-0.0126277
4.8821	-0.00851624
4.88234	-0.00276693
4.88259	-0.000611412
4.88283	-0.00413114
4.88308	-0.00820121
4.88332	-0.00693165
4.88357	-0.0020619
4.88381	-0.000297422
4.88406	-0.00347404
4.8843	-0.00700589
4.88455	-0.00826929
4.88479	-0.00991944
4.88503	-0.0126513
4.88528	-0.0115118
4.88552	-0.00402173
4.88577	0.00378251
4.88601	0.00534812
4.88626	0.00288567
4.8865	0.0019857
4.88675	0.00149386
4.88699	-0.00297901
4.88724	-0.00892765
4.88748	-0.0100146
4.88772	-0.00741284
4.88797	-0.00784584
4.88821	-0.0109339
4.88846	-0.0095466
4.8887	-0.00370612
4.88895	-0.00244534
4.88919	-0.00881183
4.88944	-0.0143813
4.88968	-0.0131764
4.88993	-0.00998858
4.89017	-0.00914923
4.89042	-0.00617795
4.89066	0.00149785
4.8909	0.00574437
4.89115	-0.000492297
4.89139	-0.0106368
4.89164	-0.0139858
4.89188	-0.0112825
4.89213	-0.0103532
4.89237	-0.01161
4.89262	-0.00906884
4.89286	-0.00259747
4.89311	0.00146651
4.89335	0.000553789
4.8936	-0.00216107
4.89384	-0.0050649
4.89408	-0.00948191
4.89433	-0.0142432
4.89457	-0.0154875
4.89482	-0.0119276
4.89506	-0.00599644
4.89531	-0.00107674
4.89555	-0.000387791
4.8958	-0.00491916
4.89604	-0.0094469
4.89629	-0.00626116
4.89653	0.00322218
4.89678	0.00752026
4.89702	0.000811722
4.89726	-0.00835294
4.89751	-0.0104361
4.89775	-0.00813502
4.898	-0.00795959
4.89824	-0.00780419
4.89849	-0.00367093
4.89873	-0.000654609
4.89898	-0.00485811
4.89922	-0.0108323
4.89947	-0.00977478
4.89971	-0.00479147
4.89996	-0.00501231
4.9002	-0.00933889
4.90044	-0.00937802
4.90069	-0.00466102
4.90093	-0.00169542
4.90118	-0.00134596
4.90142	-6.24234e-05
4.90167	0.00018755
4.90191	-0.00349779
4.90216	-0.00501465
4.9024	0.00144289
4.90265	0.00677508
4.90289	-0.00146212
4.90313	-0.0162221
4.90338	-0.0183284
4.90362	-0.00572158
4.90387	0.00390804
4.90411	0.00116804
4.90436	-0.00363897
4.9046	-0.00134569
4.90485	0.00205577
4.90509	-0.000944139
4.90534	-0.00681824
4.90558	-0.00934653
4.90583	-0.00849154
4.90607	-0.00562762
4.90631	-0.00104605
4.90656	0.000469574
4.9068	-0.0063879
4.90705	-0.0154218
4.90729	-0.0139612
4.90754	-0.00240444
4.90778	0.00531482
4.90803	0.00340197
4.90827	0.00096397
4.90852	0.0034686
4.90876	0.00397651
4.90901	-0.00128186
4.90925	-0.00472778
4.90949	-0.00236953
4.90974	-0.00204284
4.90998	-0.00835786
4.91023	-0.0130886
4.91047	-0.00946382
4.91072	-0.00381285
4.91096	-0.00432347
4.91121	-0.00882546
4.91145	-0.0110442
4.9117	-0.0091068
4.91194	-0.00278313
4.91219	0.00673763
4.91243	0.0109536
4.91267	0.0014046
4.91292	-0.0138293
4.91316	-0.0168294
4.91341	-0.00682512
4.91365	-0.00179323
4.9139	-0.00757622
4.91414	-0.00763799
4.91439	0.00581643
4.91463	0.013687
4.91488	-3.58785e-05
4.91512	-0.0198891
4.91536	-0.0215735
4.91561	-0.0082253
4.91585	-0.00194629
4.9161	-0.00922496
4.91634	-0.0167639
4.91659	-0.0160842
4.91683	-0.0122803
4.91708	-0.0103307
4.91732	-0.00906599
4.91757	-0.00820019
4.91781	-0.00889521
4.91806	-0.00848549
4.9183	-0.0043606
4.91854	-0.000301307
4.91879	-0.00073748
4.91903	-0.00302404
4.91928	-0.0030507
4.91952	-0.00291878
4.91977	-0.00577478
4.92001	-0.00940383
4.92026	-0.0115235
4.9205	-0.0136816
4.92075	-0.0140994
4.92099	-0.00696723
4.92124	0.00449012
4.92148	0.00677675
4.92172	-0.00337936
4.92197	-0.0107831
4.92221	-0.00468396
4.92246	0.00413648
4.9227	0.00220143
4.92295	-0.00465879
4.92319	-0.00391894
4.92344	0.00117053
4.92368	-0.000651614
4.92393	-0.00775304
4.92417	-0.0100557
4.92442	-0.00747067
4.92466	-0.00761968
4.9249	-0.0107779
4.92515	-0.0115038
4.92539	-0.00976002
4.92564	-0.00809461
4.92588	-0.00463967
4.92613	-5.78753e-05
4.92637	-0.00199368
4.92662	-0.0110306
4.92686	-0.0140196
4.92711	-0.00467087
4.92735	0.00273572
4.92759	-0.00426016
4.92784	-0.0148072
4.92808	-0.0139894
4.92833	-0.00848288
4.92857	-0.011285
4.92882	-0.0153761
4.92906	-0.00813172
4.92931	0.000560099
4.92955	-0.00657945
4.9298	-0.0202139
4.93004	-0.016515
4.93029	0.0018697
4.93053	0.0085866
4.93077	-0.00395518
4.93102	-0.0158234
4.93126	-0.0150941
4.93151	-0.0123256
4.93175	-0.0149994
4.932	-0.0156493
4.93224	-0.0118549
4.93249	-0.0121188
4.93273	-0.0152258
4.93298	-0.00893761
4.93322	0.00406802
4.93347	0.00469778
4.93371	-0.0101929
4.93395	-0.0200492
4.9342	-0.0150422
4.93444	-0.0117203
4.93469	-0.0212426
4.93493	-0.0279067
4.93518	-0.0167863
4.93542	-0.000495515
4.93567	0.00150588
4.93591	-0.00722131
4.93616	-0.0106416
4.9364	-0.00676017
4.93665	-0.00481354
4.93689	-0.00678879
4.93713	-0.00859197
4.93738	-0.0109807
4.93762	-0.015018
4.93787	-0.0149051
4.93811	-0.00783161
4.93836	-0.00234499
4.9386	-0.00546814
4.93885	-0.0106597
4.93909	-0.0093994
4.93934	-0.00466965
4.93958	-0.00193577
4.93982	0.00198651
4.94007	0.00867815
4.94031	0.00861909
4.94056	-0.00304914
4.9408	-0.0120139
4.94105	-0.0035853
4.94129	0.0119113
4.94154	0.0117689
4.94178	-0.00517101
4.94203	-0.0168075
4.94227	-0.0105036
4.94252	0.000678008
4.94276	-0.000271136
4.943	-0.0108687
4.94325	-0.0164111
4.94349	-0.0117626
4.94374	-0.00565528
4.94398	-0.00572053
4.94423	-0.00800422
4.94447	-0.00484952
4.94472	0.00133125
4.94496	-0.000382321
4.94521	-0.0122991
4.94545	-0.0204122
4.9457	-0.0116135
4.94594	0.00630771
4.94618	0.0130159
4.94643	0.00275492
4.94667	-0.00914102
4.94692	-0.00890869
4.94716	-0.00136881
4.94741	0.000978985
4.94765	-0.00441262
4.9479	-0.0105702
4.94814	-0.0119121
4.94839	-0.00829938
4.94863	-0.00320232
4.94888	-0.00197529
4.94912	-0.00695329
4.94936	-0.0121407
4.94961	-0.0093621
4.94985	-0.00113625
4.9501	0.00115613
4.95034	-0.0059075
4.95059	-0.0127931
4.95083	-0.0122366
4.95108	-0.00867078
4.95132	-0.00731466
4.95157	-0.0050076
4.95181	0.000534306
4.95205	0.00232049
4.9523	-0.00546171
4.95254	-0.0158384
4.95279	-0.017564
4.95303	-0.0105516
4.95328	-0.00453744
4.95352	-0.00566878
4.95377	-0.0111314
4.95401	-0.0146163
4.95426	-0.0122966
4.9545	-0.00580105
4.95475	-0.0017575
4.95499	-0.00462984
4.95523	-0.00916513
4.95548	-0.00634863
4.95572	0.00208568
4.95597	0.00399488
4.95621	-0.0051995
4.95646	-0.014423
4.9567	-0.0122332
4.95695	-0.00178112
4.95719	0.00579693
4.95744	0.00568968
4.95768	0.000718376
4.95793	-0.00538799
4.95817	-0.00962706
4.95841	-0.00956827
4.95866	-0.00678353
4.9589	-0.00614491
4.95915	-0.00851265
4.95939	-0.00952951
4.95964	-0.00790125
4.95988	-0.00762927
4.96013	-0.00933103
4.96037	-0.00782329
4.96062	-0.00204178
4.96086	0.00146392
4.96111	-0.000584397
4.96135	-0.00283867
4.96159	-0.00203854
4.96184	-0.00382345
4.96208	-0.0121488
4.96233	-0.020088
4.96257	-0.018741
4.96282	-0.00931193
4.96306	-0.000194956
4.96331	0.00271891
4.96355	-0.00125715
4.9638	-0.00826002
4.96404	-0.0102239
4.96428	-0.00239974
4.96453	0.00685223
4.96477	0.00353855
4.96502	-0.0115781
4.96526	-0.0216243
4.96551	-0.0171706
4.96575	-0.00813116
4.966	-0.00551273
4.96624	-0.00538778
4.96649	-0.00112273
4.96673	0.00164159
4.96698	-0.00440851
4.96722	-0.0127642
4.96746	-0.012488
4.96771	-0.00598526
4.96795	-0.00366342
4.9682	-0.00623984
4.96844	-0.00585845
4.96869	-0.00153315
4.96893	-0.000703329
4.96918	-0.00630775
4.96942	-0.0125984
4.96967	-0.0138444
4.96991	-0.00971195
4.97016	-0.00284611
4.9704	0.00271767
4.97064	0.0023129
4.97089	-0.00477466
4.97113	-0.0128791
4.97138	-0.0156517
4.97162	-0.0120649
4.97187	-0.00529249
4.97211	0.000190803
4.97236	-6.18248e-05
4.9726	-0.00584136
4.97285	-0.00920092
4.97309	-0.00418092
4.97334	0.00178734
4.97358	-0.00218117
4.97382	-0.010596
4.97407	-0.00810063
4.97431	0.00339464
4.97456	0.00471823
4.9748	-0.00809412
4.97505	-0.0144682
4.97529	-0.00340527
4.97554	0.00660921
4.97578	-0.00136765
4.97603	-0.0135793
4.97627	-0.00940571
4.97652	0.0039785
4.97676	0.00644002
4.977	0.000191665
4.97725	0.00212114
4.97749	0.010331
4.97774	0.00796399
4.97798	-0.00376163
4.97823	-0.00570833
4.97847	0.00511303
4.97872	0.00911286
4.97896	-0.00289761
4.97921	-0.0145343
4.97945	-0.0103444
4.97969	0.00212512
4.97994	0.00675303
4.98018	0.000442364
4.98043	-0.00892556
4.98067	-0.0149329
4.98092	-0.0154421
4.98116	-0.0110154
4.98141	-0.00540761
4.98165	-0.00202969
4.9819	0.000472713
4.98214	0.0032978
4.98239	0.00211606
4.98263	-0.00470419
4.98287	-0.00871823
4.98312	-0.00430914
4.98336	-0.00183799
4.98361	-0.0120503
4.98385	-0.0239817
4.9841	-0.0183784
4.98434	0.00070547
4.98459	0.0102266
4.98483	0.00363417
4.98508	-0.0017609
4.98532	0.00370927
4.98557	0.00745452
4.98581	-0.000296868
4.98605	-0.00895383
4.9863	-0.00699178
4.98654	-0.000819385
4.98679	-0.00129099
4.98703	-0.00598612
4.98728	-0.00749506
4.98752	-0.00728661
4.98777	-0.00960655
4.98801	-0.011493
4.98826	-0.00888029
4.9885	-0.00402554
4.98875	0.000607695
4.98899	0.00635124
4.98923	0.010374
4.98948	0.00532334
4.98972	-0.00658531
4.98997	-0.0119194
4.99021	-0.00596693
4.99046	-0.00106191
4.9907	-0.00636147
4.99095	-0.0131846
4.99119	-0.0111204
4.99144	-0.00533026
4.99168	-0.00517843
4.99192	-0.00751234
4.99217	-0.00501915
4.99241	-0.00127527
4.99266	-0.00343961
4.9929	-0.00811357
4.99315	-0.00785395
4.99339	-0.00460602
4.99364	-0.00409393
4.99388	-0.0040351
4.99413	-0.000322085
4.99437	0.00228655
4.99462	-0.00169811
4.99486	-0.00687489
4.9951	-0.00641382
4.99535	-0.00545645
4.99559	-0.0109035
4.99584	-0.0154702
4.99608	-0.00844448
4.99633	0.00355358
4.99657	0.00462898
4.99682	-0.00484659
4.99706	-0.00905865
4.99731	-0.00224855
4.99755	0.00456112
4.9978	0.00359998
4.99804	-5.29673e-05
4.99828	-0.00205625
4.99853	-0.00591383
4.99877	-0.0117315
4.99902	-0.0122467
4.99926	-0.00581533
4.99951	-0.000904413
4.99975	-0.0022931
5.0	-0.00461509
5.00024	-0.00446724
5.00049	-0.00648174
5.00073	-0.0114366
5.00098	-0.011151
5.00122	-0.00307095
5.00146	0.00193906
5.00171	-0.00427603
5.00195	-0.0137358
5.0022	-0.0151502
5.00244	-0.0107327
5.00269	-0.00902266
5.00293	-0.00929642
5.00318	-0.00589841
5.00342	-0.00189833
5.00367	-0.00457982
5.00391	-0.010693
5.00415	-0.0100353
5.0044	-0.00300846
5.00464	-0.00146658
5.00489	-0.0101794
5.00513	-0.0190938
5.00538	-0.0181367
5.00562	-0.0104683
5.00587	-0.00577307
5.00611	-0.00700212
5.00636	-0.00922571
5.0066	-0.00770453
5.00685	-0.00276098
5.00709	0.00165518
5.00733	0.00229386
5.00758	0.000631495
5.00782	0.00167152
5.00807	0.00621854
5.00831	0.0072371
5.00856	-0.000668803
5.0088	-0.0109827
5.00905	-0.0127847
5.00929	-0.00737588
5.00954	-0.00704781
5.00978	-0.0155496
5.01003	-0.0211025
5.01027	-0.0142738
5.01051	-0.00259736
5.01076	0.000985936
5.011	-0.00350591
5.01125	-0.00631492
5.01149	-0.00450239
5.01174	-0.00445446
5.01198	-0.00932261
5.01223	-0.0135228
5.01247	-0.0110849
5.01272	-0.00313048
5.01296	0.00425625
5.01321	0.00573054
5.01345	0.00055213
5.01369	-0.00616249
5.01394	-0.00781201
5.01418	-0.00471947
5.01443	-0.00455377
5.01467	-0.0108302
5.01492	-0.016405
5.01516	-0.0140946
5.01541	-0.00790364
5.01565	-0.00586706
5.0159	-0.0072441
5.01614	-0.00650581
5.01638	-0.00506283
5.01663	-0.00725198
5.01687	-0.00830632
5.01712	-0.000177815
5.01736	0.0118289
5.01761	0.0130426
5.01785	0.00164251
5.0181	-0.00770322
5.01834	-0.00628102
5.01859	-0.00325409
5.01883	-0.00876744
5.01908	-0.0178647
5.01932	-0.0198807
5.01956	-0.0142134
5.01981	-0.00799921
5.02005	-0.00502131
5.0203	-0.00408626
5.02054	-0.00300982
5.02079	0.000367823
5.02103	0.00530177
5.02128	0.00449884
5.02152	-0.00770228
5.02177	-0.022148
5.02201	-0.0224116
5.02226	-0.00902215
5.0225	-0.00133487
5.02274	-0.00874707
5.02299	-0.0163136
5.02323	-0.00959805
5.02348	0.0021185
5.02372	0.00242127
5.02397	-0.0057559
5.02421	-0.00805487
5.02446	-0.00362474
5.0247	-0.00323799
5.02495	-0.0081098
5.02519	-0.00884901
5.02544	-0.00327187
5.02568	0.000760483
5.02592	-0.000461959
5.02617	-0.0030411
5.02641	-0.00523367
5.02666	-0.00851246
5.0269	-0.0104109
5.02715	-0.0076715
5.02739	-0.00428642
5.02764	-0.00549122
5.02788	-0.00729351
5.02813	-0.00338456
5.02837	0.00215377
5.02861	0.00194834
5.02886	7.92058e-05
5.0291	0.00490751
5.02935	0.0114928
5.02959	0.00782757
5.02984	-0.0039076
5.03008	-0.00966322
5.03033	-0.00624483
5.03057	-0.00423129
5.03082	-0.00770987
5.03106	-0.00883648
5.03131	-0.00498224
5.03155	-0.00402288
5.03179	-0.00846172
5.03204	-0.0101144
5.03228	-0.00550059
5.03253	-0.00208739
5.03277	-0.00436016
5.03302	-0.00703799
5.03326	-0.00650855
5.03351	-0.00618443
5.03375	-0.00691703
5.034	-0.00496262
5.03424	-0.00233994
5.03449	-0.00558942
5.03473	-0.0117466
5.03497	-0.0103423
5.03522	-0.00211053
5.03546	0.000293528
5.03571	-0.00619972
5.03595	-0.00983123
5.0362	-0.00502665
5.03644	-0.00113332
5.03669	-0.00401145
5.03693	-0.006409
5.03718	-0.00394163
5.03742	-0.00306024
5.03767	-0.00517504
5.03791	-0.00113497
5.03815	0.00910283
5.0384	0.0102597
5.03864	-0.00327493
5.03889	-0.0148195
5.03913	-0.0112075
5.03938	-0.00317506
5.03962	-0.0046679
5.03987	-0.00920256
5.04011	-0.00495749
5.04036	0.00186683
5.0406	-0.00118878
5.04084	-0.00970628
5.04109	-0.010978
5.04133	-0.00631608
5.04158	-0.00581435
5.04182	-0.00892598
5.04207	-0.00843169
5.04231	-0.00650132
5.04256	-0.00921607
5.0428	-0.0119498
5.04305	-0.0074642
5.04329	-0.00195854
5.04354	-0.00573022
5.04378	-0.0140205
5.04402	-0.0144618
5.04427	-0.00767285
5.04451	-0.00311906
5.04476	-0.000687608
5.045	0.00514833
5.04525	0.00858098
5.04549	-2.64437e-05
5.04574	-0.013545
5.04598	-0.015105
5.04623	-0.0039722
5.04647	0.00460943
5.04672	0.00394665
5.04696	0.00138401
5.0472	0.00036238
5.04745	-0.00346249
5.04769	-0.00777426
5.04794	-0.00450157
5.04818	0.00322393
5.04843	0.00324452
5.04867	-0.00467266
5.04892	-0.00806781
5.04916	-0.00368752
5.04941	-0.00145571
5.04965	-0.00408689
5.0499	-0.00246664
5.05014	0.00418715
5.05038	0.0036236
5.05063	-0.00690104
5.05087	-0.0122321
5.05112	-0.00288275
5.05136	0.00936454
5.05161	0.00972263
5.05185	0.000431701
5.0521	-0.00730457
5.05234	-0.00932828
5.05259	-0.00743058
5.05283	-0.00309175
5.05307	-0.000214953
5.05332	-0.00379365
5.05356	-0.00956066
5.05381	-0.00629166
5.05405	0.00574887
5.0543	0.0117383
5.05454	0.004713
5.05479	-0.00302329
5.05503	-0.000337941
5.05528	0.00468025
5.05552	-0.000328288
5.05577	-0.0102809
5.05601	-0.0106216
5.05625	-0.00030788
5.0565	0.00710819
5.05674	0.00289509
5.05699	-0.0070975
5.05723	-0.0117452
5.05748	-0.00690179
5.05772	0.00180689
5.05797	0.00560076
5.05821	0.00270524
5.05846	0.000587652
5.0587	0.0042636
5.05895	0.00682868
5.05919	0.000560517
5.05943	-0.00740513
5.05968	-0.00466122
5.05992	0.00404549
5.06017	0.00232104
5.06041	-0.00924023
5.06066	-0.0111474
5.0609	0.00269505
5.06115	0.0128145
5.06139	0.00489528
5.06164	-0.00792863
5.06188	-0.00798253
5.06213	-5.31614e-05
5.06237	0.00166336
5.06261	-0.00169513
5.06286	-0.000793734
5.0631	0.00203017
5.06335	-0.000959822
5.06359	-0.00599201
5.06384	-0.00500954
5.06408	-0.00174392
5.06433	-0.00367178
5.06457	-0.00618869
5.06482	-0.00212253
5.06506	0.00128726
5.06531	-0.0062491
5.06555	-0.0170155
5.06579	-0.0158818
5.06604	-0.00655055
5.06628	-0.00592732
5.06653	-0.0152348
5.06677	-0.0185015
5.06702	-0.00999956
5.06726	-0.00232863
5.06751	-0.00419796
5.06775	-0.00881867
5.068	-0.00896905
5.06824	-0.0075541
5.06848	-0.00818742
5.06873	-0.00862131
5.06897	-0.00758379
5.06922	-0.00690496
5.06946	-0.00524267
5.06971	-0.000756431
5.06995	0.00090454
5.0702	-0.00597234
5.07044	-0.0139635
5.07069	-0.0117632
5.07093	-0.00416087
5.07118	-0.00501317
5.07142	-0.0119766
5.07166	-0.00917494
5.07191	0.00393712
5.07215	0.00942428
5.0724	0.00124093
5.07264	-0.00483885
5.07289	0.000227037
5.07313	0.00389917
5.07338	-0.00226766
5.07362	-0.00504037
5.07387	0.00590279
5.07411	0.0160471
5.07436	0.00887727
5.0746	-0.00547413
5.07484	-0.0066177
5.07509	0.00294108
5.07533	0.00433773
5.07558	-0.00523561
5.07582	-0.00991805
5.07607	-0.00275696
5.07631	0.00522547
5.07656	0.00526267
5.0768	0.00244091
5.07705	0.00314549
5.07729	0.0050572
5.07754	0.00463959
5.07778	0.00401476
5.07802	0.00547004
5.07827	0.00655684
5.07851	0.00454503
5.07876	0.00098299
5.079	-0.000407542
5.07925	0.00226216
5.07949	0.00684436
5.07974	0.00742442
5.07998	6.60479e-05
5.08023	-0.00989561
5.08047	-0.0120002
5.08071	-0.00476867
5.08096	0.00190598
5.0812	0.00184995
5.08145	-0.00010476
5.08169	-0.00108787
5.08194	-0.00725871
5.08218	-0.0185902
5.08243	-0.0209897
5.08267	-0.00801434
5.08292	0.0027992
5.08316	-0.00578784
5.08341	-0.0209307
5.08365	-0.0172003
5.08389	0.00291278
5.08414	0.0120232
5.08438	0.000160742
5.08463	-0.0128088
5.08487	-0.0115238
5.08512	-0.00614523
5.08536	-0.00927815
5.08561	-0.0145259
5.08585	-0.0116792
5.0861	-0.00527217
5.08634	-0.00351256
5.08659	-0.00333231
5.08683	-0.000496658
5.08707	-0.00150987
5.08732	-0.0109373
5.08756	-0.0184458
5.08781	-0.0135754
5.08805	-0.0035595
5.0883	-0.00128237
5.08854	-0.00435831
5.08879	-0.00226875
5.08903	0.00312966
5.08928	0.00156734
5.08952	-0.0059405
5.08977	-0.00857509
5.09001	-0.00451738
5.09025	-0.00199216
5.0905	-0.002662
5.09074	-0.000115106
5.09099	0.00459237
5.09123	0.00203008
5.09148	-0.00796641
5.09172	-0.0126374
5.09197	-0.00532595
5.09221	0.00447665
5.09246	0.00585707
5.0927	0.000324293
5.09294	-0.00490563
5.09319	-0.00764508
5.09343	-0.00864124
5.09368	-0.00744741
5.09392	-0.0063612
5.09417	-0.0105217
5.09441	-0.0184019
5.09466	-0.0202291
5.0949	-0.0119955
5.09515	-0.00295901
5.09539	-0.00218645
5.09564	-0.00556425
5.09588	-0.0045684
5.09612	-0.000602845
5.09637	-0.000337723
5.09661	-0.00243767
5.09686	-0.00065718
5.0971	0.00287994
5.09735	-0.000261451
5.09759	-0.00965366
5.09784	-0.0143993
5.09808	-0.00894808
5.09833	-0.00053733
5.09857	0.00263398
5.09882	0.00147786
5.09906	-0.000660737
5.0993	-0.00606864
5.09955	-0.0163491
5.09979	-0.024103
5.10004	-0.0202913
5.10028	-0.00759511
5.10053	0.00196114
5.10077	0.00225756
5.10102	-0.00173288
5.10126	-0.00440153
5.10151	-0.00664086
5.10175	-0.00941737
5.102	-0.00825452
5.10224	-0.000474339
5.10248	0.0074496
5.10273	0.00737979
5.10297	0.00141992
5.10322	-0.00129348
5.10346	0.00190232
5.10371	0.00505032
5.10395	0.00466736
5.1042	0.00408025
5.10444	0.00489884
5.10469	0.00317229
5.10493	-0.00215624
5.10517	-0.00542046
5.10542	-0.00393007
5.10566	-0.00305491
5.10591	-0.0051474
5.10615	-0.00257562
5.1064	0.00860257
5.10664	0.0166353
5.10689	0.00917675
5.10713	-0.00545763
5.10738	-0.00805127
5.10762	0.00291456
5.10787	0.00979644
5.10811	0.00409442
5.10835	-0.00233013
5.1086	-6.49248e-05
5.10884	0.00216444
5.10909	-0.00458563
5.10933	-0.0117748
5.10958	-0.00841256
5.10982	-0.0015363
5.11007	-0.00452407
5.11031	-0.0133977
5.11056	-0.0132673
5.1108	-0.00367256
5.11105	0.00145367
5.11129	-0.0023531
5.11153	-0.0051887
5.11178	-0.00309156
5.11202	-0.00411232
5.11227	-0.00938305
5.11251	-0.00731732
5.11276	0.00437497
5.113	0.00885922
5.11325	-0.0044138
5.11349	-0.019752
5.11374	-0.0175744
5.11398	-0.00501408
5.11423	-0.00406232
5.11447	-0.0160944
5.11471	-0.0207046
5.11496	-0.00936623
5.1152	0.00201119
5.11545	-1.8938e-05
5.11569	-0.00655408
5.11594	-0.00404834
5.11618	0.00351211
5.11643	0.00403803
5.11667	-0.00152396
5.11692	-0.00255276
5.11716	0.00243371
5.1174	0.00452451
5.11765	-0.000168697
5.11789	-0.00605378
5.11814	-0.00848621
5.11838	-0.00818791
5.11863	-0.00554795
5.11887	-0.000426042
5.11912	0.00264418
5.11936	-0.000625528
5.11961	-0.0042075
5.11985	0.00174414
5.1201	0.0131947
5.12034	0.0143186
5.12058	0.00128554
5.12083	-0.0098573
5.12107	-0.00638091
5.12132	0.00311914
5.12156	0.00422171
5.12181	-0.00158332
5.12205	-0.00397585
5.1223	-0.00321547
5.12254	-0.0065305
5.12279	-0.0109167
5.12303	-0.00664076
5.12328	0.00405887
5.12352	0.00825148
5.12376	0.00296052
5.12401	-0.000961477
5.12425	0.00201737
5.1245	0.00420616
5.12474	0.000289767
5.12499	-0.00339278
5.12523	-0.00128818
5.12548	0.00237765
5.12572	0.00365587
5.12597	0.00572355
5.12621	0.00847168
5.12646	0.00383149
5.1267	-0.00936058
5.12694	-0.0176655
5.12719	-0.0109646
5.12743	0.00238362
5.12768	0.00942102
5.12792	0.0108827
5.12817	0.0127751
5.12841	0.010646
5.12866	-0.00111661
5.1289	-0.0126325
5.12915	-0.010069
5.12939	0.0010821
5.12963	0.00361147
5.12988	-0.00328223
5.13012	-0.00423903
5.13037	0.00359965
5.13061	0.00445528
5.13086	-0.00805586
5.1311	-0.017788
5.13135	-0.0110929
5.13159	0.00267556
5.13184	0.00804584
5.13208	0.00593206
5.13233	0.00524701
5.13257	0.00457866
5.13281	-0.00159118
5.13306	-0.00734122
5.1333	-0.0032046
5.13355	0.00531829
5.13379	0.00391202
5.13404	-0.00746085
5.13428	-0.0132985
5.13453	-0.00600696
5.13477	0.00338356
5.13502	0.00241025
5.13526	-0.0061452
5.13551	-0.0111614
5.13575	-0.0090326
5.13599	-0.00562875
5.13624	-0.00633309
5.13648	-0.00989695
5.13673	-0.0113609
5.13697	-0.00803717
5.13722	-0.0024158
5.13746	0.000486298
5.13771	-0.00116958
5.13795	-0.00440539
5.1382	-0.0063627
5.13844	-0.00793486
5.13869	-0.010154
5.13893	-0.0104861
5.13917	-0.00666946
5.13942	-0.00108246
5.13966	0.00309705
5.13991	0.00663795
5.14015	0.0099455
5.1404	0.00826744
5.14064	-0.0012927
5.14089	-0.011318
5.14113	-0.0119409
5.14138	-0.00553134
5.14162	-0.00336597
5.14187	-0.00784327
5.14211	-0.00932431
5.14235	-0.0028343
5.1426	0.00366581
5.14284	0.00250297
5.14309	-0.0026743
5.14333	-0.00536656
5.14358	-0.00618478
5.14382	-0.0070053
5.14407	-0.00446278
5.14431	0.00159607
5.14456	0.0017792
5.1448	-0.00925743
5.14504	-0.019749
5.14529	-0.0147989
5.14553	0.000798995
5.14578	0.00814357
5.14602	0.00110632
5.14627	-0.00738829
5.14651	-0.00733184
5.14676	-0.00460405
5.147	-0.0067416
5.14725	-0.00951661
5.14749	-0.00662262
5.14774	-0.00258381
5.14798	-0.00561059
5.14822	-0.013686
5.14847	-0.0172847
5.14871	-0.0126648
5.14896	-0.00498978
5.1492	-0.000506142
5.14945	-0.00117855
5.14969	-0.00487013
5.14994	-0.00691404
5.15018	-0.00455065
5.15043	-0.00220226
5.15067	-0.00686
5.15092	-0.0155907
5.15116	-0.0159446
5.1514	-0.00409148
5.15165	0.00675124
5.15189	0.00428985
5.15214	-0.0051614
5.15238	-0.00771602
5.15263	-0.00292799
5.15287	-0.000735423
5.15312	-0.00331639
5.15336	-0.0047412
5.15361	-0.00507666
5.15385	-0.00905495
5.1541	-0.0123805
5.15434	-0.00609894
5.15458	0.00473897
5.15483	0.0042343
5.15507	-0.00918817
5.15532	-0.0181317
5.15556	-0.0127458
5.15581	-0.00500072
5.15605	-0.00764478
5.1563	-0.014729
5.15654	-0.0146496
5.15679	-0.00906452
5.15703	-0.00569693
5.15727	-0.00366664
5.15752	6.54344e-05
5.15776	-0.000562623
5.15801	-0.0104121
5.15825	-0.0193593
5.1585	-0.0146999
5.15874	-0.00198642
5.15899	0.00241791
5.15923	-0.00379467
5.15948	-0.00742621
5.15972	-0.00200102
5.15997	0.00418225
5.16021	0.00375588
5.16045	0.00027487
5.1607	-0.000754478
5.16094	0.000309049
5.16119	0.0016217
5.16143	0.00288122
5.16168	0.00185149
5.16192	-0.00359454
5.16217	-0.00894205
5.16241	-0.00736196
5.16266	-0.00107701
5.1629	0.00121701
5.16315	-0.00130248
5.16339	-0.000928192
5.16363	0.00334401
5.16388	0.0023139
5.16412	-0.00725072
5.16437	-0.0147505
5.16461	-0.0110374
5.16486	-0.00220297
5.1651	8.70447e-06
5.16535	-0.00542993
5.16559	-0.0101291
5.16584	-0.00917003
5.16608	-0.00507931
5.16633	-0.001807
5.16657	-0.000922066
5.16681	-0.00231793
5.16706	-0.00438574
5.1673	-0.00474725
5.16755	-0.00351104
5.16779	-0.00384993
5.16804	-0.00740556
5.16828	-0.0114288
5.16853	-0.0120603
5.16877	-0.00802102
5.16902	-0.000419036
5.16926	0.00775237
5.1695	0.0113379
5.16975	0.00654262
5.16999	-0.00363885
5.17024	-0.0110506
5.17048	-0.0108841
5.17073	-0.00561517
5.17097	-6.63436e-05
5.17122	0.0036002
5.17146	0.00520629
5.17171	0.00486724
5.17195	0.00354849
5.1722	0.00277542
5.17244	0.00305066
5.17268	0.00402175
5.17293	0.00502323
5.17317	0.00378243
5.17342	-0.00219486
5.17366	-0.00989807
5.17391	-0.0110606
5.17415	-0.00302928
5.1744	0.00534245
5.17464	0.00501235
5.17489	-0.00103358
5.17513	-0.0043327
5.17538	-0.00420337
5.17562	-0.00504377
5.17586	-0.00592042
5.17611	-0.00431468
5.17635	-0.0053768
5.1766	-0.0141047
5.17684	-0.0223548
5.17709	-0.0187338
5.17733	-0.00827287
5.17758	-0.00511695
5.17782	-0.00791749
5.17807	-0.00276976
5.17831	0.00895678
5.17856	0.00915344
5.1788	-0.00528961
5.17904	-0.0134327
5.17929	-0.00383304
5.17953	0.00558186
5.17978	-0.00324148
5.18002	-0.0189747
5.18027	-0.0197359
5.18051	-0.00620385
5.18076	0.00438938
5.181	0.00582614
5.18125	0.00430176
5.18149	0.00121314
5.18173	-0.00529943
5.18198	-0.00815188
5.18222	-0.000323853
5.18247	0.00872986
5.18271	0.00480677
5.18296	-0.00685468
5.1832	-0.00883649
5.18345	-0.000421112
5.18369	0.00196305
5.18394	-0.0062384
5.18418	-0.0100276
5.18443	-0.00143311
5.18467	0.00624834
5.18491	0.000330832
5.18516	-0.0111358
5.1854	-0.0129748
5.18565	-0.00540615
5.18589	-0.000778745
5.18614	-0.00443708
5.18638	-0.00970491
5.18663	-0.0092008
5.18687	-0.0033451
5.18712	0.00181239
5.18736	0.00106986
5.18761	-0.00498717
5.18785	-0.0100488
5.18809	-0.00886015
5.18834	-0.00379383
5.18858	-0.00139601
5.18883	-0.00315151
5.18907	-0.00449966
5.18932	-0.00291658
5.18956	-0.00147721
5.18981	-0.00323998
5.19005	-0.00680113
5.1903	-0.00868141
5.19054	-0.00648835
5.19079	0.000329753
5.19103	0.0087581
5.19127	0.0117779
5.19152	0.00491662
5.19176	-0.00644013
5.19201	-0.0115655
5.19225	-0.00718947
5.1925	-0.000733427
5.19274	0.00064039
5.19299	-0.00100372
5.19323	0.000583708
5.19348	0.00566234
5.19372	0.00793245
5.19396	0.00354699
5.19421	-0.00309214
5.19445	-0.00487056
5.1947	-0.00173452
5.19494	-0.000575419
5.19519	-0.00399311
5.19543	-0.00499221
5.19568	0.00148607
5.19592	0.00717272
5.19617	0.000900275
5.19641	-0.0120536
5.19666	-0.0144526
5.1969	-0.00266208
5.19714	0.00662226
5.19739	0.000930554
5.19763	-0.0104806
5.19788	-0.0127053
5.19812	-0.00637759
5.19837	-0.00132572
5.19861	0.000431841
5.19886	0.00229626
5.1991	0.00211384
5.19935	-0.00280991
5.19959	-0.00658257
5.19984	-0.00404451
5.20008	-0.00259666
5.20032	-0.0103772
5.20057	-0.0190186
5.20081	-0.0146869
5.20106	-0.00190812
5.2013	0.00154269
5.20155	-0.00792418
5.20179	-0.0152448
5.20204	-0.0109442
5.20228	-0.00306664
5.20253	-0.00132849
5.20277	-0.00408034
5.20302	-0.00598634
5.20326	-0.00659758
5.2035	-0.00656972
5.20375	-0.00504997
5.20399	-0.00390269
5.20424	-0.00591517
5.20448	-0.00811573
5.20473	-0.00603319
5.20497	-0.00339746
5.20522	-0.00656256
5.20546	-0.0112864
5.20571	-0.00837382
5.20595	-0.000736852
5.20619	0.00068793
5.20644	-0.00283338
5.20668	0.000419909
5.20693	0.00947042
5.20717	0.00923517
5.20742	-0.00283385
5.20766	-0.00871101
5.20791	0.0030737
5.20815	0.0203719
5.2084	0.0276209
5.20864	0.026331
5.20889	0.0241412
5.20913	0.0197849
5.20937	0.0125936
5.20962	0.0124101
5.20986	0.0243643
5.21011	0.0352802
5.21035	0.0309173
5.2106	0.0174243
5.21084	0.0105014
5.21109	0.0115979
5.21133	0.0104266
5.21158	0.00455104
5.21182	0.000874957
5.21207	0.00178046
5.21231	0.00338968
5.21255	0.00412166
5.2128	0.00344543
5.21304	-0.00286908
5.21329	-0.0144608
5.21353	-0.0194797
5.21378	-0.00930209
5.21402	0.00547205
5.21427	0.00820753
5.21451	0.000428754
5.21476	-0.00299446
5.215	0.00111598
5.21525	0.00182396
5.21549	-0.00431829
5.21573	-0.00749617
5.21598	-0.00297622
5.21622	0.00134293
5.21647	6.9827e-05
5.21671	-0.00171377
5.21696	-0.000699094
5.2172	-0.00192206
5.21745	-0.00726466
5.21769	-0.0099458
5.21794	-0.00687252
5.21818	-0.00471895
5.21843	-0.00709461
5.21867	-0.00737889
5.21891	-0.00187366
5.21916	0.00157961
5.2194	-0.00259157
5.21965	-0.0061594
5.21989	-0.000526295
5.22014	0.00761134
5.22038	0.00674316
5.22063	-0.000370566
5.22087	-0.0017921
5.22112	0.00387498
5.22136	0.00667688
5.2216	0.0024607
5.22185	-0.00204804
5.22209	-0.00153679
5.22234	0.0017183
5.22258	0.00465477
5.22283	0.00624588
5.22307	0.0031149
5.22332	-0.00721274
5.22356	-0.0179134
5.22381	-0.0185738
5.22405	-0.0106332
5.2243	-0.00575296
5.22454	-0.00721947
5.22478	-0.00612584
5.22503	0.000684657
5.22527	0.00395805
5.22552	-9.66207e-05
5.22576	-0.000711495
5.22601	0.00870543
5.22625	0.017549
5.2265	0.016613
5.22674	0.0153673
5.22699	0.0241434
5.22723	0.032434
5.22748	0.0260665
5.22772	0.0154719
5.22796	0.0212973
5.22821	0.0375488
5.22845	0.0377341
5.2287	0.0181491
5.22894	0.00535074
5.22919	0.0137008
5.22943	0.0242596
5.22968	0.0184996
5.22992	0.00647265
5.23017	0.00391467
5.23041	0.00473531
5.23066	-0.00192417
5.2309	-0.0064666
5.23114	0.0042607
5.23139	0.0186334
5.23163	0.0149273
5.23188	-0.00386846
5.23212	-0.014452
5.23237	-0.00761732
5.23261	0.00413647
5.23286	0.010081
5.2331	0.0109521
5.23335	0.00741482
5.23359	-0.000488562
5.23383	-0.00352096
5.23408	0.00694407
5.23432	0.0198503
5.23457	0.0153022
5.23481	-0.00525035
5.23506	-0.0198822
5.2353	-0.0181058
5.23555	-0.0108307
5.23579	-0.00627757
5.23604	0.00135102
5.23628	0.0131811
5.23653	0.0172904
5.23677	0.00840528
5.23701	-0.00186731
5.23726	-0.00343806
5.2375	-0.000341808
5.23775	0.00257958
5.23799	0.0087419
5.23824	0.0172834
5.23848	0.0182933
5.23873	0.00984958
5.23897	0.00360662
5.23922	0.00428519
5.23946	0.00107583
5.23971	-0.0100615
5.23995	-0.0143884
5.24019	-0.00284484
5.24044	0.00919972
5.24068	0.00496478
5.24093	-0.00706223
5.24117	-0.00869035
5.24142	-0.00172024
5.24166	-0.00120196
5.24191	-0.00779464
5.24215	-0.00844065
5.2424	-0.000382749
5.24264	0.00511035
5.24289	0.00197718
5.24313	-0.00404753
5.24337	-0.00788696
5.24362	-0.0102753
5.24386	-0.0106507
5.24411	-0.00695033
5.24435	-0.00203181
5.2446	-0.000151309
5.24484	0.000770737
5.24509	0.00357677
5.24533	0.00277821
5.24558	-0.0071474
5.24582	-0.0183949
5.24606	-0.0183852
5.24631	-0.00939387
5.24655	-0.00545414
5.2468	-0.0102434
5.24704	-0.0126873
5.24729	-0.00653741
5.24753	-0.000194315
5.24778	-0.00190045
5.24802	-0.0066235
5.24827	-0.00485641
5.24851	0.00297271
5.24876	0.00786891
5.249	0.00454648
5.24924	-0.00254102
5.24949	-0.00459482
5.24973	0.00163749
5.24998	0.00936743
5.25022	0.00887875
5.25047	-0.000119654
5.25071	-0.00742637
5.25096	-0.00578154
5.2512	0.000333022
5.25145	0.00308522
5.25169	0.00177539
5.25194	-0.000570275
5.25218	-0.00384422
5.25242	-0.0068351
5.25267	-0.0040226
5.25291	0.00451966
5.25316	0.00747284
5.2534	-0.002089
5.25365	-0.012239
5.25389	-0.00742063
5.25414	0.00664825
5.25438	0.00961393
5.25463	-0.00343267
5.25487	-0.0155975
5.25512	-0.0141379
5.25536	-0.00627701
5.2556	-0.00340998
5.25585	-0.00426534
5.25609	-0.00255989
5.25634	0.000224574
5.25658	-7.97559e-05
5.25683	-0.000881346
5.25707	0.00139602
5.25732	0.0023266
5.25756	-0.00353801
5.25781	-0.0109851
5.25805	-0.00997987
5.25829	-0.00140103
5.25854	0.00337371
5.25878	-0.000427756
5.25903	-0.00392028
5.25927	0.00134836
5.25952	0.0100534
5.25976	0.0109288
5.26001	0.00353574
5.26025	-0.00141858
5.2605	0.00188295
5.26074	0.00651661
5.26099	0.00408034
5.26123	-0.00328864
5.26147	-0.00770411
5.26172	-0.00705546
5.26196	-0.00494172
5.26221	-0.00281163
5.26245	0.000242371
5.2627	0.00237725
5.26294	0.00160983
5.26319	0.00150241
5.26343	0.00578916
5.26368	0.00952954
5.26392	0.0058019
5.26417	-0.000500126
5.26441	0.00179311
5.26465	0.0106229
5.2649	0.0113009
5.26514	-1.86747e-05
5.26539	-0.00852704
5.26563	-0.00301838
5.26588	0.00794242
5.26612	0.01085
5.26637	0.0059176
5.26661	0.00125944
5.26686	-0.000407233
5.2671	0.000627224
5.26735	0.00606453
5.26759	0.0123312
5.26783	0.00948223
5.26808	-0.00240755
5.26832	-0.00831769
5.26857	-0.00148132
5.26881	0.00289006
5.26906	-0.00754378
5.2693	-0.0187079
5.26955	-0.0119952
5.26979	0.0030697
5.27004	0.0032291
5.27028	-0.0100202
5.27052	-0.0144804
5.27077	-0.00622039
5.27101	-0.00433794
5.27126	-0.0141833
5.2715	-0.016198
5.27175	-0.00114662
5.27199	0.011064
5.27224	0.00327676
5.27248	-0.0109179
5.27273	-0.0102647
5.27297	0.000466797
5.27322	0.00150116
5.27346	-0.00843969
5.2737	-0.0120268
5.27395	-0.00228851
5.27419	0.00855854
5.27444	0.0102486
5.27468	0.00784081
5.27493	0.00917299
5.27517	0.0113477
5.27542	0.00737305
5.27566	-0.000770276
5.27591	-0.0040967
5.27615	-3.84586e-05
5.2764	0.003152
5.27664	-0.00164908
5.27688	-0.00847383
5.27713	-0.00488844
5.27737	0.009459
5.27762	0.0189539
5.27786	0.0114892
5.27811	-0.00491819
5.27835	-0.0127185
5.2786	-0.00717984
5.27884	0.00126527
5.27909	0.00391256
5.27933	0.00221702
5.27958	-0.000111885
5.27982	-0.00268568
5.28006	-0.00438733
5.28031	-0.00275896
5.28055	0.000433266
5.2808	0.000600239
5.28104	-0.00173114
5.28129	-0.00204805
5.28153	-0.000849943
5.28178	-0.00238179
5.28202	-0.00439839
5.28227	-0.000150416
5.28251	0.0079029
5.28275	0.00836477
5.283	-0.00143614
5.28324	-0.00979839
5.28349	-0.0081015
5.28373	-0.00267301
5.28398	-0.0019613
5.28422	-0.00219201
5.28447	0.00455788
5.28471	0.0154098
5.28496	0.0199745
5.2852	0.0145738
5.28545	0.00494213
5.28569	-0.00248584
5.28593	-0.00533769
5.28618	-0.00387128
5.28642	-0.000681383
5.28667	-0.000220832
5.28691	-0.00433084
5.28716	-0.00966438
5.2874	-0.0119947
5.28765	-0.0105157
5.28789	-0.00620727
5.28814	0.000182386
5.28838	0.00644923
5.28863	0.00914498
5.28887	0.00749272
5.28911	0.00374395
5.28936	-0.00070418
5.2896	-0.0050719
5.28985	-0.0060731
5.29009	-0.00183893
5.29034	0.00171604
5.29058	-0.00274371
5.29083	-0.0110781
5.29107	-0.0117374
5.29132	-0.00426991
5.29156	-0.00119258
5.29181	-0.00714814
5.29205	-0.00990286
5.29229	-0.000340939
5.29254	0.0112586
5.29278	0.0106055
5.29303	0.00128503
5.29327	-0.00221205
5.29352	0.0031699
5.29376	0.0076262
5.29401	0.00611057
5.29425	0.00400571
5.2945	0.0052517
5.29474	0.00598881
5.29498	0.0021048
5.29523	-0.00456878
5.29547	-0.00940224
5.29572	-0.00951118
5.29596	-0.00534966
5.29621	-0.00135035
5.29645	-0.00251953
5.2967	-0.00681584
5.29694	-0.00577523
5.29719	0.00222165
5.29743	0.00611876
5.29768	-0.00212658
5.29792	-0.0126363
5.29816	-0.00999659
5.29841	0.00361739
5.29865	0.0110085
5.2989	0.0043678
5.29914	-0.00647115
5.29939	-0.0112867
5.29963	-0.0111463
5.29988	-0.00888594
5.30012	-0.00125612
5.30037	0.0118786
5.30061	0.0212868
5.30086	0.0209772
5.3011	0.0192452
5.30134	0.0264577
5.30159	0.0370027
5.30183	0.03548
5.30208	0.0198447
5.30232	0.00654964
5.30257	0.00886709
5.30281	0.019067
5.30306	0.0193767
5.3033	0.00599848
5.30355	-0.00660337
5.30379	-0.00570492
5.30404	0.00365869
5.30428	0.00796789
5.30452	0.00514213
5.30477	0.00593448
5.30501	0.0154534
5.30526	0.0235076
5.3055	0.0194753
5.30575	0.00938021
5.30599	0.00817852
5.30624	0.0177598
5.30648	0.0238443
5.30673	0.0166866
5.30697	0.004653
5.30722	0.00126631
5.30746	0.0063299
5.3077	0.00864906
5.30795	0.00372074
5.30819	-0.00106603
5.30844	0.000747647
5.30868	0.0054589
5.30893	0.00654534
5.30917	0.00460662
5.30942	0.00413155
5.30966	0.00449988
5.30991	0.00138262
5.31015	-0.00426046
5.31039	-0.0060273
5.31064	-0.00209429
5.31088	0.00148112
5.31113	0.000382945
5.31137	-0.00153601
5.31162	-0.00016364
5.31186	0.000687745
5.31211	-0.00383729
5.31235	-0.00921725
5.3126	-0.00733168
5.31284	-0.000499277
5.31309	0.00067243
5.31333	-0.00590763
5.31357	-0.0097543
5.31382	-0.00390775
5.31406	0.0046731
5.31431	0.00641198
5.31455	0.00244986
5.3148	-0.000281995
5.31504	-0.000376164
5.31529	-0.000408836
5.31553	0.000358178
5.31578	0.00327401
5.31602	0.00460533
5.31627	0.00117782
5.31651	-0.00203476
5.31675	0.000869619
5.317	0.00528088
5.31724	0.00256711
5.31749	-0.00397464
5.31773	-0.00195607
5.31798	0.0103654
5.31822	0.0194529
5.31847	0.0151718
5.31871	0.00302939
5.31896	-0.00718377
5.3192	-0.0141679
5.31945	-0.0194012
5.31969	-0.0186059
5.31993	-0.0090303
5.32018	0.00138975
5.32042	0.00271484
5.32067	-0.00316181
5.32091	-0.00705529
5.32116	-0.00733219
5.3214	-0.0096939
5.32165	-0.0140987
5.32189	-0.0134996
5.32214	-0.00661198
5.32238	-0.00118609
5.32262	-0.00150508
5.32287	-0.00226384
5.32311	0.000599795
5.32336	0.00189788
5.3236	-0.00335039
5.32385	-0.00955652
5.32409	-0.00809095
5.32434	-0.00104956
5.32458	0.00133873
5.32483	-0.00402761
5.32507	-0.00852213
5.32532	-0.0043183
5.32556	0.00427403
5.3258	0.00574683
5.32605	-0.00442849
5.32629	-0.0176448
5.32654	-0.0209565
5.32678	-0.0113966
5.32703	0.000200519
5.32727	0.00141624
5.32752	-0.00721494
5.32776	-0.013699
5.32801	-0.010197
5.32825	-0.00152362
5.3285	0.00362484
5.32874	0.00347951
5.32898	0.000990557
5.32923	-0.00314069
5.32947	-0.00844588
5.32972	-0.00995059
5.32996	-0.00362846
5.33021	0.00524457
5.33045	0.0071325
5.3307	0.00126513
5.33094	-0.00372821
5.33119	-0.00225118
5.33143	0.00265331
5.33168	0.00666364
5.33192	0.00899295
5.33216	0.00792821
5.33241	2.12312e-05
5.33265	-0.0122118
5.3329	-0.0189326
5.33314	-0.0143783
5.33339	-0.00416815
5.33363	0.00301759
5.33388	0.00521515
5.33412	0.0040395
5.33437	-0.00143226
5.33461	-0.0105435
5.33485	-0.0160845
5.3351	-0.0118286
5.33534	-0.00226713
5.33559	0.00281423
5.33583	0.00129036
5.33608	-0.00117578
5.33632	-0.0019203
5.33657	-0.00373327
5.33681	-0.00715563
5.33706	-0.00899937
5.3373	-0.00941476
5.33755	-0.0120308
5.33779	-0.0151811
5.33803	-0.0117247
5.33828	-0.00139635
5.33852	0.00497493
5.33877	-0.000408069
5.33901	-0.0105377
5.33926	-0.0131185
5.3395	-0.00695979
5.33975	-0.00086352
5.33999	0.000589369
5.34024	0.00115764
5.34048	0.00363466
5.34073	0.00519794
5.34097	0.00365081
5.34121	0.000938619
5.34146	-0.00200176
5.3417	-0.0072046
5.34195	-0.0135482
5.34219	-0.0154772
5.34244	-0.0120605
5.34268	-0.0105113
5.34293	-0.014838
5.34317	-0.0176834
5.34342	-0.0117048
5.34366	-0.003363
5.34391	-0.0043602
5.34415	-0.0125643
5.34439	-0.0144732
5.34464	-0.00688825
5.34488	-0.00227023
5.34513	-0.00832082
5.34537	-0.0153863
5.34562	-0.0120726
5.34586	-0.00253773
5.34611	0.00195153
5.34635	0.000592002
5.3466	0.000956532
5.34684	0.00483159
5.34708	0.00734136
5.34733	0.00692352
5.34757	0.00601048
5.34782	0.00413139
5.34806	-0.000402873
5.34831	-0.00427216
5.34855	-0.0035769
5.3488	-0.00186887
5.34904	-0.00457704
5.34929	-0.00859977
5.34953	-0.00767789
5.34978	-0.00490469
5.35002	-0.00811442
5.35026	-0.0153016
5.35051	-0.0175414
5.35075	-0.0147577
5.351	-0.0144605
5.35124	-0.0156562
5.35149	-0.0100491
5.35173	-0.000337422
5.35198	0.000248766
5.35222	-0.00926263
5.35247	-0.0131713
5.35271	-0.00452636
5.35296	0.00254375
5.3532	-0.00398282
5.35344	-0.0145721
5.35369	-0.0146475
5.35393	-0.00691136
5.35418	-0.00291662
5.35442	-0.00345057
5.35467	-0.00210561
5.35491	0.000461567
5.35516	0.000358676
5.3554	0.00098215
5.35565	0.00552259
5.35589	0.00602814
5.35614	-0.00501305
5.35638	-0.0180351
5.35662	-0.0173001
5.35687	-0.00479115
5.35711	0.00254813
5.35736	-0.00233639
5.3576	-0.0097956
5.35785	-0.0113549
5.35809	-0.00970821
5.35834	-0.00885265
5.35858	-0.00728959
5.35883	-0.00469664
5.35907	-0.00495995
5.35931	-0.00879182
5.35956	-0.0112492
5.3598	-0.00931461
5.36005	-0.00550235
5.36029	-0.0027744
5.36054	-0.00172763
5.36078	-0.00274132
5.36103	-0.00523539
5.36127	-0.00604881
5.36152	-0.00403413
5.36176	-0.00336948
5.36201	-0.00610909
5.36225	-0.00619142
5.36249	0.000857785
5.36274	0.00761512
5.36298	0.00505409
5.36323	-0.00139545
5.36347	0.000788293
5.36372	0.010284
5.36396	0.0127895
5.36421	0.0030867
5.36445	-0.00789537
5.3647	-0.0106134
5.36494	-0.00848567
5.36519	-0.00776286
5.36543	-0.00739343
5.36567	-0.00461248
5.36592	-0.00170573
5.36616	-0.00171388
5.36641	-0.00383217
5.36665	-0.00639365
5.3669	-0.00853186
5.36714	-0.00753004
5.36739	-0.00147193
5.36763	0.00472633
5.36788	0.00388859
5.36812	-0.0020047
5.36837	-0.00358773
5.36861	0.00163939
5.36885	0.00600196
5.3691	0.00434255
5.36934	0.00057998
5.36959	-0.00115715
5.36983	-0.00287992
5.37008	-0.00659494
5.37032	-0.00954884
5.37057	-0.00912611
5.37081	-0.00640299
5.37106	-0.00316825
5.3713	-0.00146338
5.37154	-0.00537608
5.37179	-0.0150201
5.37203	-0.0200773
5.37228	-0.0104448
5.37252	0.00662546
5.37277	0.0126568
5.37301	0.00313754
5.37326	-0.00668721
5.3735	-0.00487962
5.37375	0.00213904
5.37399	0.00358278
5.37424	0.00013817
5.37448	-0.00254227
5.37472	-0.00484737
5.37497	-0.00839101
5.37521	-0.00957563
5.37546	-0.00705404
5.3757	-0.00708523
5.37595	-0.0124996
5.37619	-0.0147149
5.37644	-0.00658348
5.37668	0.00439349
5.37693	0.00644004
5.37717	0.000956756
5.37742	-0.00168193
5.37766	0.000732003
5.3779	0.000920677
5.37815	-0.00412705
5.37839	-0.00878219
5.37864	-0.00825134
5.37888	-0.00402716
5.37913	0.000532099
5.37937	0.00319478
5.37962	0.00134479
5.37986	-0.00601625
5.38011	-0.0140157
5.38035	-0.0153838
5.3806	-0.00964693
5.38084	-0.00437122
5.38108	-0.00544523
5.38133	-0.00979337
5.38157	-0.010552
5.38182	-0.00747163
5.38206	-0.00791362
5.38231	-0.0158465
5.38255	-0.0235885
5.3828	-0.0204204
5.38304	-0.00874579
5.38329	-0.00307771
5.38353	-0.00954109
5.38378	-0.0161521
5.38402	-0.0113225
5.38426	-0.00232479
5.38451	-0.00279555
5.38475	-0.00970784
5.385	-0.00950178
5.38524	-0.0025557
5.38549	-0.00181886
5.38573	-0.00757296
5.38598	-0.00527004
5.38622	0.00702298
5.38647	0.0111598
5.38671	-0.00145151
5.38695	-0.0131692
5.3872	-0.00710758
5.38744	0.00640627
5.38769	0.00708394
5.38793	-0.00519039
5.38818	-0.0152145
5.38842	-0.0168892
5.38867	-0.0148523
5.38891	-0.0101193
5.38916	-0.00225212
5.3894	0.000681945
5.38965	-0.00729247
5.38989	-0.0144517
5.39013	-0.00538311
5.39038	0.012307
5.39062	0.0151477
5.39087	-0.00206516
5.39111	-0.0186281
5.39136	-0.0178209
5.3916	-0.00666313
5.39185	-2.68852e-05
5.39209	-0.000877021
5.39234	-0.00435988
5.39258	-0.00845887
5.39283	-0.0113848
5.39307	-0.0083201
5.39331	0.000387558
5.39356	0.00549126
5.3938	0.00112684
5.39405	-0.00584375
5.39429	-0.00612548
5.39454	-0.00156326
5.39478	-0.000698738
5.39503	-0.00545046
5.39527	-0.0100816
5.39552	-0.0106739
5.39576	-0.00851716
5.39601	-0.00537153
5.39625	-0.00138881
5.39649	0.00246491
5.39674	0.00445847
5.39698	0.00462486
5.39723	0.00394546
5.39747	0.00152444
5.39772	-0.00395659
5.39796	-0.0102103
5.39821	-0.0124737
5.39845	-0.00959527
5.3987	-0.00572669
5.39894	-0.00427495
5.39918	-0.00329823
5.39943	-0.000101032
5.39967	0.00232637
5.39992	-0.000941143
5.40016	-0.00726538
5.40041	-0.00823775
5.40065	-0.00336847
5.4009	-0.00327591
5.40114	-0.0127975
5.40139	-0.0198557
5.40163	-0.0127498
5.40188	-0.00165379
5.40212	-0.00607534
5.40236	-0.0230953
5.40261	-0.0284192
5.40285	-0.0133871
5.4031	0.000353438
5.40334	-0.00567555
5.40359	-0.0183855
5.40383	-0.0158812
5.40408	-0.00278743
5.40432	-2.24436e-05
5.40457	-0.00913244
5.40481	-0.012396
5.40506	-0.00520566
5.4053	-0.00258691
5.40554	-0.0107226
5.40579	-0.0160915
5.40603	-0.0104144
5.40628	-0.00486815
5.40652	-0.00862363
5.40677	-0.0121918
5.40701	-0.00610084
5.40726	-0.000121875
5.4075	-0.00681275
5.40775	-0.0173985
5.40799	-0.0128131
5.40824	0.0068655
5.40848	0.0212096
5.40872	0.0163117
5.40897	-0.000721635
5.40921	-0.0139919
5.40946	-0.014633
5.4097	-0.00466888
5.40995	0.00560302
5.41019	0.00472914
5.41044	-0.00738567
5.41068	-0.0163619
5.41093	-0.011036
5.41117	4.47858e-05
5.41141	0.00102363
5.41166	-0.00662606
5.4119	-0.0071013
5.41215	0.00313464
5.41239	0.0094593
5.41264	0.00374128
5.41288	-0.00270324
5.41313	0.000446522
5.41337	0.0047309
5.41362	-0.00177028
5.41386	-0.0136245
5.41411	-0.0176394
5.41435	-0.0145534
5.41459	-0.0147703
5.41484	-0.0179366
5.41508	-0.0142575
5.41533	-0.00451821
5.41557	-0.00124009
5.41582	-0.00774679
5.41606	-0.0123966
5.41631	-0.0086293
5.41655	-0.00548785
5.4168	-0.010357
5.41704	-0.0149446
5.41729	-0.00944872
5.41753	0.000189079
5.41777	0.00208418
5.41802	-0.00215376
5.41826	-0.00177193
5.41851	0.00376445
5.41875	0.00439264
5.419	-0.00214544
5.41924	-0.00558914
5.41949	-0.000183071
5.41973	0.00541364
5.41998	0.00158163
5.42022	-0.00749817
5.42047	-0.0105578
5.42071	-0.00593243
5.42095	-0.00307836
5.4212	-0.0082239
5.42144	-0.0156233
5.42169	-0.0158848
5.42193	-0.00879835
5.42218	-0.0030161
5.42242	-0.00347592
5.42267	-0.00454594
5.42291	0.000771141
5.42316	0.00876141
5.4234	0.00895351
5.42364	-0.000460839
5.42389	-0.0089086
5.42413	-0.00764332
5.42438	-0.000670519
5.42462	0.00282123
5.42487	0.000861035
5.42511	-0.00201714
5.42536	-0.00283098
5.4256	-0.00142307
5.42585	0.00219883
5.42609	0.00575771
5.42634	0.00401616
5.42658	-0.00346999
5.42682	-0.00818246
5.42707	-0.00360674
5.42731	0.00362195
5.42756	0.00214763
5.4278	-0.00740445
5.42805	-0.0135778
5.42829	-0.0105668
5.42854	-0.00426066
5.42878	-0.00179446
5.42903	-0.00363953
5.42927	-0.00683128
5.42952	-0.00845519
5.42976	-0.00526991
5.43	0.00312033
5.43025	0.0103032
5.43049	0.00895945
5.43074	0.000744158
5.43098	-0.0060114
5.43123	-0.00729215
5.43147	-0.00510992
5.43172	-0.000403501
5.43196	0.00680735
5.43221	0.0116447
5.43245	0.0087071
5.4327	0.00179498
5.43294	-0.000618443
5.43318	0.000966966
5.43343	-0.000947677
5.43367	-0.0056236
5.43392	-0.00418214
5.43416	0.00301204
5.43441	0.00331149
5.43465	-0.00828442
5.4349	-0.018778
5.43514	-0.0146082
5.43539	8.62984e-06
5.43563	0.0098557
5.43587	0.00683621
5.43612	-0.0045984
5.43636	-0.0138988
5.43661	-0.0121863
5.43685	-0.000106585
5.4371	0.00970564
5.43734	0.00584425
5.43759	-0.0052248
5.43783	-0.00662769
5.43808	0.00348502
5.43832	0.00844581
5.43857	-0.00028302
5.43881	-0.00906151
5.43905	-0.00414229
5.4393	0.00673302
5.43954	0.00777513
5.43979	-0.00083355
5.44003	-0.0064164
5.44028	-0.00374708
5.44052	0.00161193
5.44077	0.00451455
5.44101	0.00336932
5.44126	-0.00307489
5.4415	-0.0118688
5.44175	-0.0137532
5.44199	-0.00472081
5.44223	0.0051519
5.44248	0.00375086
5.44272	-0.00697093
5.44297	-0.0154871
5.44321	-0.015866
5.44346	-0.0101532
5.4437	-0.00201499
5.44395	0.003236
5.44419	-0.000556509
5.44444	-0.010054
5.44468	-0.0106427
5.44493	0.00438695
5.44517	0.0209503
5.44541	0.0222777
5.44566	0.0114841
5.4459	0.00263802
5.44615	-0.00178367
5.44639	-0.00783881
5.44664	-0.0119805
5.44688	-0.00587832
5.44713	0.00409994
5.44737	0.00260292
5.44762	-0.00958637
5.44786	-0.0156456
5.4481	-0.00970044
5.44835	-0.00422402
5.44859	-0.00625491
5.44884	-0.00570227
5.44908	0.00451604
5.44933	0.0139474
5.44957	0.0114134
5.44982	0.00288379
5.45006	0.000357004
5.45031	0.00282415
5.45055	0.000702445
5.4508	-0.00714388
5.45104	-0.0123138
5.45128	-0.00996015
5.45153	-0.00442558
5.45177	-0.00287102
5.45202	-0.00829604
5.45226	-0.0171409
5.45251	-0.0210965
5.45275	-0.0146396
5.453	-0.00282149
5.45324	0.00312044
5.45349	-0.000143114
5.45373	-0.00440721
5.45398	-0.00318459
5.45422	-0.00119599
5.45446	-0.00525799
5.45471	-0.012108
5.45495	-0.0129568
5.4552	-0.00669
5.45544	-0.000856341
5.45569	-0.000526642
5.45593	-0.00308435
5.45618	-0.00497186
5.45642	-0.00749846
5.45667	-0.0124605
5.45691	-0.0160274
5.45716	-0.0126228
5.4574	-0.00443767
5.45764	-0.00107757
5.45789	-0.00676768
5.45813	-0.0132021
5.45838	-0.0109934
5.45862	-0.00410492
5.45887	-0.00405646
5.45911	-0.0115917
5.45936	-0.0151241
5.4596	-0.00867458
5.45985	0.00033008
5.46009	0.0046698
5.46034	0.00650369
5.46058	0.00733985
5.46082	0.00184759
5.46107	-0.00995204
5.46131	-0.0171128
5.46156	-0.0147714
5.4618	-0.0136735
5.46205	-0.0201913
5.46229	-0.0212159
5.46254	-0.00611224
5.46278	0.00989676
5.46303	0.00670878
5.46327	-0.00673415
5.46351	-0.00580144
5.46376	0.00874369
5.464	0.0124077
5.46425	-0.00101891
5.46449	-0.0101809
5.46474	-0.00450518
5.46498	-0.0011929
5.46523	-0.0118753
5.46547	-0.0204538
5.46572	-0.0117599
5.46596	0.00124689
5.46621	-0.00016966
5.46645	-0.00963942
5.46669	-0.00950295
5.46694	-0.00127279
5.46718	0.000688081
5.46743	-0.00400761
5.46767	-0.0038715
5.46792	0.00144116
5.46816	0.00114001
5.46841	-0.00645945
5.46865	-0.0118888
5.4689	-0.0110847
5.46914	-0.00807599
5.46939	-0.00327673
5.46963	0.00533452
5.46987	0.0113273
5.47012	0.00610026
5.47036	-0.00476878
5.47061	-0.00710136
5.47085	8.45093e-05
5.4711	0.00418373
5.47134	0.000925354
5.47159	-0.000441696
5.47183	0.00323794
5.47208	0.00202179
5.47232	-0.00786389
5.47257	-0.0141694
5.47281	-0.00804146
5.47305	0.000396495
5.4733	-0.00179562
5.47354	-0.00913227
5.47379	-0.00672913
5.47403	0.00579401
5.47428	0.0139396
5.47452	0.0100118
5.47477	0.00216812
5.47501	0.00015218
5.47526	0.00264747
5.4755	0.00321312
5.47574	0.0012909
5.47599	0.00138318
5.47623	0.00514999
5.47648	0.00985249
5.47672	0.0133124
5.47697	0.015799
5.47721	0.0168125
5.47746	0.0140635
5.4777	0.00750173
5.47795	0.00143917
5.47819	-0.000125274
5.47844	0.00151027
5.47868	0.00245183
5.47892	0.00209242
5.47917	0.00199514
5.47941	0.000194986
5.47966	-0.00703883
5.4799	-0.0168237
5.48015	-0.020223
5.48039	-0.0148669
5.48064	-0.0103805
5.48088	-0.0152552
5.48113	-0.0237353
5.48137	-0.0236339
5.48162	-0.0137921
5.48186	-0.0048113
5.4821	-0.00361789
5.48235	-0.00640506
5.48259	-0.00775132
5.48284	-0.00784562
5.48308	-0.00764303
5.48333	-0.0047423
5.48357	0.00120577
5.48382	0.00493123
5.48406	0.00247493
5.48431	-0.00274897
5.48455	-0.00532382
5.4848	-0.0048182
5.48504	-0.00271046
5.48528	0.00265635
5.48553	0.0113604
5.48577	0.0161046
5.48602	0.00978779
5.48626	-0.00244067
5.48651	-0.00757104
5.48675	-0.00211679
5.487	0.00346684
5.48724	0.000736575
5.48749	-0.00465004
5.48773	-0.00266967
5.48797	0.00550834
5.48822	0.00951231
5.48846	0.00452263
5.48871	-0.00347401
5.48895	-0.00684509
5.4892	-0.00476036
5.48944	-0.00169619
5.48969	-0.00186878
5.48993	-0.00587325
5.49018	-0.00986411
5.49042	-0.00874017
5.49067	-0.00327884
5.49091	-0.00165336
5.49115	-0.00876238
5.4914	-0.0168771
5.49164	-0.0150616
5.49189	-0.00652235
5.49213	-0.00560014
5.49238	-0.0153047
5.49262	-0.0199641
5.49287	-0.0075856
5.49311	0.010678
5.49336	0.014576
5.4936	0.00236089
5.49385	-0.00813207
5.49409	-0.00427598
5.49433	0.0070023
5.49458	0.0113847
5.49482	0.00442546
5.49507	-0.00700437
5.49531	-0.0141699
5.49556	-0.0133564
5.4958	-0.00702606
5.49605	-0.00129835
5.49629	-0.000910585
5.49654	-0.00573921
5.49678	-0.0126998
5.49703	-0.0188816
5.49727	-0.021032
5.49751	-0.0160632
5.49776	-0.00662746
5.498	-0.00217094
5.49825	-0.00789118
5.49849	-0.0155901
5.49874	-0.0133217
5.49898	-0.00220011
5.49923	0.00519076
5.49947	0.00263911
5.49972	-0.0030031
5.49996	-0.00427928
5.5002	-0.00266926
5.50045	-0.00215767
5.50069	-0.00171282
5.50094	0.000758706
5.50118	0.0033409
5.50143	0.00394785
5.50167	0.00400709
5.50192	0.00394547
5.50216	0.000124229
5.50241	-0.00874095
5.50265	-0.0165221
5.5029	-0.0165369
5.50314	-0.0106626
5.50338	-0.00664102
5.50363	-0.00808746
5.50387	-0.0114648
5.50412	-0.0119686
5.50436	-0.00875567
5.50461	-0.00423926
5.50485	-0.000614242
5.5051	0.00182115
5.50534	0.00306059
5.50559	0.00129153
5.50583	-0.00489255
5.50608	-0.0116137
5.50632	-0.0117207
5.50656	-0.00486092
5.50681	-0.00017088
5.50705	-0.00312324
5.5073	-0.0054353
5.50754	0.00268365
5.50779	0.0146939
5.50803	0.0146428
5.50828	0.000770599
5.50852	-0.0114507
5.50877	-0.0117756
5.50901	-0.00687881
5.50926	-0.00501671
5.5095	-0.00297691
5.50974	0.00326245
5.50999	0.00672494
5.51023	-0.000308388
5.51048	-0.0119359
5.51072	-0.0158322
5.51097	-0.0102654
5.51121	-0.0042766
5.51146	-0.00405521
5.5117	-0.00744911
5.51195	-0.00975424
5.51219	-0.00819545
5.51243	-0.00271001
5.51268	0.00261606
5.51292	0.00176209
5.51317	-0.00539325
5.51341	-0.0114819
5.51366	-0.0115708
5.5139	-0.00907754
5.51415	-0.00773276
5.51439	-0.00490264
5.51464	0.00137602
5.51488	0.00635791
5.51513	0.00671309
5.51537	0.00712264
5.51561	0.0107779
5.51586	0.0111823
5.5161	0.00295412
5.51635	-0.00690368
5.51659	-0.00953612
5.51684	-0.00861435
5.51708	-0.0115945
5.51733	-0.0137975
5.51757	-0.00663041
5.51782	0.00360099
5.51806	0.00293269
5.51831	-0.00619978
5.51855	-0.00698625
5.51879	0.00417936
5.51904	0.0111279
5.51928	0.00413801
5.51953	-0.00528923
5.51977	-0.00468261
5.52002	0.000500938
5.52026	0.000277314
5.52051	-0.00084569
5.52075	0.00651991
5.521	0.0167537
5.52124	0.0156197
5.52149	0.00344116
5.52173	-0.0036332
5.52197	0.00287936
5.52222	0.0118205
5.52246	0.00895362
5.52271	-0.00364589
5.52295	-0.0119295
5.5232	-0.00882239
5.52344	-0.00122316
5.52369	0.00148808
5.52393	-0.000502158
5.52418	-0.000290616
5.52442	0.00409781
5.52466	0.00626412
5.52491	0.000513181
5.52515	-0.00971535
5.5254	-0.0153827
5.52564	-0.0116883
5.52589	-0.00175273
5.52613	0.00767033
5.52638	0.0114051
5.52662	0.00833458
5.52687	0.00179589
5.52711	-0.00312892
5.52736	-0.00454573
5.5276	-0.00468036
5.52784	-0.00494152
5.52809	-0.00349664
5.52833	-1.38948e-06
5.52858	0.00164228
5.52882	-0.000675191
5.52907	-0.00257225
5.52931	0.000240549
5.52956	0.00417508
5.5298	0.00279439
5.53005	-0.00289042
5.53029	-0.00587606
5.53054	-0.00373771
5.53078	-0.00142862
5.53102	-0.00367134
5.53127	-0.00946376
5.53151	-0.013934
5.53176	-0.0122486
5.532	-0.00358911
5.53225	0.00557504
5.53249	0.00598822
5.53274	-0.00250801
5.53298	-0.00886617
5.53323	-0.00599446
5.53347	-0.00113963
5.53372	-0.00321126
5.53396	-0.00762241
5.5342	-0.00554286
5.53445	-0.00151893
5.53469	-0.00643371
5.53494	-0.0165962
5.53518	-0.0173919
5.53543	-0.00783874
5.53567	-0.00335392
5.53592	-0.0103591
5.53616	-0.015891
5.53641	-0.00995541
5.53665	-0.00212896
5.53689	-0.00517922
5.53714	-0.0147897
5.53738	-0.0177359
5.53763	-0.011271
5.53787	-0.00294534
5.53812	0.00223612
5.53836	0.00420864
5.53861	0.00272175
5.53885	-0.000865941
5.5391	-0.000994502
5.53934	0.00472361
5.53959	0.00948462
5.53983	0.00596662
5.54007	-0.00277605
5.54032	-0.00781861
5.54056	-0.00616913
5.54081	-0.00188302
5.54105	0.00114895
5.5413	0.00179951
5.54154	0.000106669
5.54179	-0.00214371
5.54203	-0.00199777
5.54228	0.000463649
5.54252	0.00216167
5.54277	0.00267716
5.54301	0.00400004
5.54325	0.00371074
5.5435	-0.00293226
5.54374	-0.01203
5.54399	-0.0128115
5.54423	-0.00433137
5.54448	0.00131462
5.54472	-0.00201779
5.54497	-0.0052724
5.54521	-0.00163011
5.54546	0.000950253
5.5457	-0.00427486
5.54595	-0.00809991
5.54619	-0.00113916
5.54643	0.00779199
5.54668	0.00594028
5.54692	-0.00115579
5.54717	-0.000841138
5.54741	0.00193882
5.54766	-0.00673979
5.5479	-0.0214577
5.54815	-0.0219336
5.54839	-0.00584758
5.54864	0.00649148
5.54888	0.00428689
5.54913	0.000399261
5.54937	0.00572788
5.54961	0.0108734
5.54986	0.00543688
5.5501	-0.00238353
5.55035	-0.000747135
5.55059	0.00480416
5.55084	0.00182822
5.55108	-0.00668643
5.55133	-0.00750399
5.55157	8.9132e-05
5.55182	0.00310912
5.55206	-0.00377862
5.5523	-0.0101614
5.55255	-0.00679174
5.55279	0.000693309
5.55304	0.00160002
5.55328	-0.00375258
5.55353	-0.00649884
5.55377	-0.00480223
5.55402	-0.00687194
5.55426	-0.0155536
5.55451	-0.0191807
5.55475	-0.00707386
5.555	0.0110068
5.55524	0.0143647
5.55548	0.000619579
5.55573	-0.00982645
5.55597	-0.00415515
5.55622	0.00431627
5.55646	-0.000325704
5.55671	-0.00989271
5.55695	-0.00732288
5.5572	0.0027089
5.55744	0.00166442
5.55769	-0.00991918
5.55793	-0.012795
5.55818	-0.00257523
5.55842	0.00301145
5.55866	-0.00391907
5.55891	-0.00759518
5.55915	0.00218287
5.5594	0.0104024
5.55964	0.00256508
5.55989	-0.00952085
5.56013	-0.00743989
5.56038	0.00324468
5.56062	0.00394386
5.56087	-0.00519859
5.56111	-0.0069251
5.56136	0.00401952
5.5616	0.0139496
5.56184	0.0122761
5.56209	0.00346148
5.56233	-0.00441904
5.56258	-0.00889553
5.56282	-0.00924969
5.56307	-0.00567249
5.56331	-0.00353966
5.56356	-0.00763686
5.5638	-0.0118656
5.56405	-0.00599091
5.56429	0.00722943
5.56453	0.0138739
5.56478	0.00904374
5.56502	0.00253259
5.56527	0.00157319
5.56551	0.000927587
5.56576	-0.00426226
5.566	-0.00750087
5.56625	-0.00113481
5.56649	0.0105966
5.56674	0.0171097
5.56698	0.0149072
5.56723	0.00862053
5.56747	0.00275623
5.56771	-0.00127967
5.56796	-0.00266668
5.5682	-0.00101887
5.56845	0.00236091
5.56869	0.00566154
5.56894	0.00716751
5.56918	0.00424093
5.56943	-0.00379794
5.56967	-0.010845
5.56992	-0.00863221
5.57016	0.000907424
5.57041	0.00498884
5.57065	-0.00327464
5.57089	-0.0141658
5.57114	-0.014352
5.57138	-0.00484733
5.57163	0.00292312
5.57187	0.00499896
5.57212	0.00785872
5.57236	0.0140937
5.57261	0.0164598
5.57285	0.00984872
5.5731	0.000282714
5.57334	-0.00360403
5.57359	-0.00175808
5.57383	0.000435182
5.57407	0.00153102
5.57432	0.00378952
5.57456	0.00677393
5.57481	0.00767238
5.57505	0.00646678
5.5753	0.00533175
5.57554	0.00439383
5.57579	0.00324931
5.57603	0.00457892
5.57628	0.0099172
5.57652	0.0138032
5.57676	0.0101961
5.57701	0.00396473
5.57725	0.00637473
5.5775	0.0177125
5.57774	0.0248573
5.57799	0.0202177
5.57823	0.0126909
5.57848	0.0129976
5.57872	0.0177126
5.57897	0.017377
5.57921	0.0129562
5.57946	0.0127576
5.5797	0.0175095
5.57994	0.0200991
5.58019	0.0179926
5.58043	0.0154013
5.58068	0.0144095
5.58092	0.0138703
5.58117	0.0160271
5.58141	0.0241556
5.58166	0.034018
5.5819	0.0375605
5.58215	0.0349499
5.58239	0.0332714
5.58264	0.0339946
5.58288	0.0327035
5.58312	0.0309162
5.58337	0.0357031
5.58361	0.0460712
5.58386	0.0522665
5.5841	0.0510972
5.58435	0.0496841
5.58459	0.0515808
5.58484	0.0527434
5.58508	0.0544638
5.58533	0.0647688
5.58557	0.0812071
5.58582	0.0883838
5.58606	0.081217
5.5863	0.0749623
5.58655	0.0814172
5.58679	0.0906546
5.58704	0.0898409
5.58728	0.0854419
5.58753	0.089794
5.58777	0.0978491
5.58802	0.096687
5.58826	0.0895224
5.58851	0.0900548
5.58875	0.0982748
5.58899	0.101903
5.58924	0.0991184
5.58948	0.100319
5.58973	0.10774
5.58997	0.11212
5.59022	0.111203
5.59046	0.113794
5.59071	0.122304
5.59095	0.128029
5.5912	0.12838
5.59144	0.133231
5.59169	0.148152
5.59193	0.165347
5.59217	0.177957
5.59242	0.190704
5.59266	0.209163
5.59291	0.230146
5.59315	0.25075
5.5934	0.27683
5.59364	0.314074
5.59389	0.359048
5.59413	0.406986
5.59438	0.461161
5.59462	0.527057
5.59487	0.604012
5.59511	0.690146
5.59535	0.789433
5.5956	0.905755
5.59584	1.03369
5.59609	1.16183
5.59633	1.28233
5.59658	1.39201
5.59682	1.48711
5.59707	1.56149
5.59731	1.60808
5.59756	1.62037
5.5978	1.59631
5.59805	1.54231
5.59829	1.468
5.59853	1.37553
5.59878	1.26088
5.59902	1.12754
5.59927	0.990253
5.59951	0.860461
5.59976	0.736529
5.6	0.614945
5.60025	0.503336
5.60049	0.413406
5.60074	0.345917
5.60098	0.291874
5.60122	0.245861
5.60147	0.209501
5.60171	0.182623
5.60196	0.159278
5.6022	0.134493
5.60245	0.110007
5.60269	0.0912033
5.60294	0.0807513
5.60318	0.0760739
5.60343	0.0718468
5.60367	0.0650358
5.60392	0.0577521
5.60416	0.0538626
5.6044	0.0531113
5.60465	0.0514509
5.60489	0.0472228
5.60514	0.0430664
5.60538	0.0408664
5.60563	0.0391331
5.60587	0.0368927
5.60612	0.035719
5.60636	0.0358066
5.60661	0.0343223
5.60685	0.0301789
5.6071	0.0265188
5.60734	0.0258468
5.60758	0.0262524
5.60783	0.0249819
5.60807	0.0224277
5.60832	0.0202667
5.60856	0.0186996
5.60881	0.0174791
5.60905	0.0167831
5.6093	0.0158765
5.60954	0.0139095
5.60979	0.0124913
5.61003	0.0138375
5.61028	0.0165882
5.61052	0.0178109
5.61076	0.0181567
5.61101	0.0193726
5.61125	0.0183385
5.6115	0.0115112
5.61174	0.00417064
5.61199	0.00508545
5.61223	0.0116381
5.61248	0.0121578
5.61272	0.00534304
5.61297	0.00366419
5.61321	0.0120207
5.61345	0.0175046
5.6137	0.0100958
5.61394	0.000514173
5.61419	0.00409772
5.61443	0.0168454
5.61468	0.0226747
5.61492	0.0178079
5.61517	0.0119774
5.61541	0.00925784
5.61566	0.00431785
5.6159	-0.0024737
5.61615	-0.002187
5.61639	0.00673583
5.61663	0.012801
5.61688	0.00754333
5.61712	-0.0023485
5.61737	-0.00494571
5.61761	0.00194439
5.61786	0.0112208
5.6181	0.0166379
5.61835	0.0172814
5.61859	0.0150601
5.61884	0.0118045
5.61908	0.00793761
5.61933	0.00281687
5.61957	-0.00262716
5.61981	-0.00489999
5.62006	-0.00238288
5.6203	0.000875612
5.62055	-0.000147789
5.62079	-0.00415157
5.62104	-0.00517889
5.62128	-0.000754923
5.62153	0.00553677
5.62177	0.00844767
5.62202	0.004603
5.62226	-0.0058086
5.62251	-0.0165608
5.62275	-0.0180516
5.62299	-0.00830053
5.62324	0.00201804
5.62348	0.00243467
5.62373	-0.00285365
5.62397	-0.00188169
5.62422	0.00677521
5.62446	0.0132621
5.62471	0.0127762
5.62495	0.010628
5.6252	0.00989696
5.62544	0.00659459
5.62569	0.000913227
5.62593	0.000939408
5.62617	0.00866743
5.62642	0.0134109
5.62666	0.00786877
5.62691	0.00124456
5.62715	0.00541581
5.6274	0.0151452
5.62764	0.0150339
5.62789	0.00306069
5.62813	-0.00606085
5.62838	-0.00228615
5.62862	0.00632409
5.62886	0.00629012
5.62911	-0.00284763
5.62935	-0.00901994
5.6296	-0.00318773
5.62984	0.0106176
5.63009	0.0200952
5.63033	0.0167988
5.63058	0.003625
5.63082	-0.00844073
5.63107	-0.0109325
5.63131	-0.00527868
5.63156	0.000594203
5.6318	0.00161593
5.63204	-0.000615645
5.63229	-0.0027639
5.63253	-0.00500869
5.63278	-0.00938552
5.63302	-0.014831
5.63327	-0.0169901
5.63351	-0.013333
5.63376	-0.0063935
5.634	-0.000908903
5.63425	0.000686965
5.63449	-0.00130745
5.63474	-0.00585467
5.63498	-0.0106899
5.63522	-0.011267
5.63547	-0.00482821
5.63571	0.00384382
5.63596	0.00576998
5.6362	-0.000719952
5.63645	-0.00660816
5.63669	-0.00417653
5.63694	0.00220869
5.63718	0.0029702
5.63743	-0.0026073
5.63767	-0.00650385
5.63792	-0.00442475
5.63816	-0.00017731
5.6384	0.00243285
5.63865	0.00398374
5.63889	0.00413831
5.63914	-6.24393e-05
5.63938	-0.00735039
5.63963	-0.010886
5.63987	-0.00800155
5.64012	-0.00471023
5.64036	-0.00556618
5.64061	-0.00581216
5.64085	-0.000514131
5.64109	0.00445863
5.64134	5.35729e-05
5.64158	-0.0104148
5.64183	-0.0137731
5.64207	-0.00556727
5.64232	0.00321626
5.64256	0.00141586
5.64281	-0.00741017
5.64305	-0.010428
5.6433	-0.00186945
5.64354	0.0108568
5.64379	0.015894
5.64403	0.00863402
5.64427	-0.00450502
5.64452	-0.012196
5.64476	-0.00887888
5.64501	-0.000145906
5.64525	0.00388216
5.6455	0.000632195
5.64574	-0.00254798
5.64599	0.000511098
5.64623	0.00540208
5.64648	0.00331866
5.64672	-0.00529158
5.64697	-0.00940502
5.64721	-0.00165531
5.64745	0.0109303
5.6477	0.0150179
5.64794	0.00768521
5.64819	-0.000384982
5.64843	0.000857796
5.64868	0.00855732
5.64892	0.0121288
5.64917	0.00711255
5.64941	-0.000887305
5.64966	-0.00467859
5.6499	-0.00306491
5.65015	0.000172815
5.65039	0.000859499
5.65063	-0.00273187
5.65088	-0.00836909
5.65112	-0.010904
5.65137	-0.00802814
5.65161	-0.00431993
5.65186	-0.00517605
5.6521	-0.00784103
5.65235	-0.00539621
5.65259	0.000416239
5.65284	-0.00021911
5.65308	-0.00870562
5.65332	-0.0127593
5.65357	-0.00458106
5.65381	0.00556022
5.65406	0.00429547
5.6543	-0.00437661
5.65455	-0.00704868
5.65479	-0.00374113
5.65504	-0.00653022
5.65528	-0.0165182
5.65553	-0.0195357
5.65577	-0.00899055
5.65602	0.00231655
5.65626	0.000705181
5.6565	-0.0102047
5.65675	-0.0179867
5.65699	-0.0177377
5.65724	-0.0114386
5.65748	-0.000886117
5.65773	0.00910544
5.65797	0.00915856
5.65822	-0.00220304
5.65846	-0.0117842
5.65871	-0.00838937
5.65895	0.000603959
5.6592	0.00125977
5.65944	-0.00497611
5.65968	-0.00577798
5.65993	0.000226234
5.66017	0.00248422
5.66042	-0.00174917
5.66066	-0.00323109
5.66091	0.00161381
5.66115	0.00434735
5.6614	0.000364405
5.66164	-0.00305219
5.66189	-0.00085207
5.66213	0.000490255
5.66238	-0.00434798
5.66262	-0.00887954
5.66286	-0.00633951
5.66311	-0.00240765
5.66335	-0.00565473
5.6636	-0.0122186
5.66384	-0.0112174
5.66409	-0.0015712
5.66433	0.00675873
5.66458	0.00648495
5.66482	-0.000322477
5.66507	-0.00782307
5.66531	-0.011509
5.66555	-0.00902049
5.6658	-0.00258309
5.66604	0.000443468
5.66629	-0.00435096
5.66653	-0.0107114
5.66678	-0.0083678
5.66702	0.00290239
5.66727	0.0122319
5.66751	0.0113737
5.66776	0.00356589
5.668	-0.00315509
5.66825	-0.00611601
5.66849	-0.00775598
5.66873	-0.00869629
5.66898	-0.00624612
5.66922	-0.000104242
5.66947	0.00468737
5.66971	0.00353657
5.66996	-0.000939529
5.6702	-0.00234555
5.67045	-0.000354184
5.67069	-0.00116927
5.67094	-0.00605746
5.67118	-0.00673414
5.67143	0.0018939
5.67167	0.0110448
5.67191	0.00935054
5.67216	6.94984e-05
5.6724	-0.0042624
5.67265	-0.00156291
5.67289	-0.00134388
5.67314	-0.00652902
5.67338	-0.0086577
5.67363	-0.00421197
5.67387	-0.00126352
5.67412	-0.00418453
5.67436	-0.0052172
5.67461	0.00108536
5.67485	0.0072599
5.67509	0.0056406
5.67534	0.000715193
5.67558	-0.000638712
5.67583	-0.00102086
5.67607	-0.00462671
5.67632	-0.00723164
5.67656	-0.00467936
5.67681	-0.00241226
5.67705	-0.00594953
5.6773	-0.0105952
5.67754	-0.0108403
5.67778	-0.0101263
5.67803	-0.0104205
5.67827	-0.00383013
5.67852	0.0118729
5.67876	0.0217577
5.67901	0.0144707
5.67925	0.00279311
5.6795	0.00396641
5.67974	0.0106237
5.67999	0.00468149
5.68023	-0.00878285
5.68048	-0.00923904
5.68072	0.00207022
5.68096	0.00272465
5.68121	-0.0117848
5.68145	-0.0199162
5.6817	-0.0115388
5.68194	-0.0041352
5.68219	-0.0100585
5.68243	-0.0151009
5.68268	-0.00607043
5.68292	0.00422449
5.68317	-0.000408095
5.68341	-0.0109843
5.68366	-0.00928803
5.6839	0.00183962
5.68414	0.00599349
5.68439	0.000898849
5.68463	-0.00242215
5.68488	-0.00138379
5.68512	-0.00286647
5.68537	-0.00645119
5.68561	-0.00475558
5.68586	0.00117303
5.6861	0.00252876
5.68635	-0.0019491
5.68659	-0.00512112
5.68684	-0.00499641
5.68708	-0.00595465
5.68732	-0.0070414
5.68757	-0.00232759
5.68781	0.00608416
5.68806	0.00789585
5.6883	0.000127196
5.68855	-0.00790968
5.68879	-0.00856526
5.68904	-0.00556409
5.68928	-0.00544592
5.68953	-0.00681244
5.68977	-0.0036704
5.69001	0.00464279
5.69026	0.0117245
5.6905	0.0111759
5.69075	0.00294852
5.69099	-0.00737317
5.69124	-0.0146481
5.69148	-0.0180196
5.69173	-0.0177587
5.69197	-0.0117533
5.69222	-0.000474005
5.69246	0.00721342
5.69271	0.00221717
5.69295	-0.0103406
5.69319	-0.0151173
5.69344	-0.00750019
5.69368	0.000696149
5.69393	0.000837217
5.69417	-0.000299215
5.69442	0.00406141
5.69466	0.00631775
5.69491	-0.00192766
5.69515	-0.0126682
5.6954	-0.0128776
5.69564	-0.00520926
5.69589	-0.00152878
5.69613	-0.00201965
5.69637	0.0017341
5.69662	0.00689701
5.69686	0.00199869
5.69711	-0.0107684
5.69735	-0.0153913
5.6976	-0.00758792
5.69784	-0.00184623
5.69809	-0.00652355
5.69833	-0.0099225
5.69858	-0.00156097
5.69882	0.00847587
5.69907	0.00562131
5.69931	-0.0052418
5.69955	-0.00793338
5.6998	-0.000164415
5.70004	0.00546232
5.70029	0.00277345
5.70053	-0.000972477
5.70078	-0.00016504
5.70102	0.000795624
5.70127	-0.00186104
5.70151	-0.00348517
5.70176	0.000157947
5.702	0.0045158
5.70225	0.00333935
5.70249	-0.00178117
5.70273	-0.00522737
5.70298	-0.00576517
5.70322	-0.00490144
5.70347	-0.00170258
5.70371	0.00326214
5.70396	0.0033695
5.7042	-0.00507827
5.70445	-0.0124963
5.70469	-0.00658964
5.70494	0.00757263
5.70518	0.0121314
5.70542	0.00348957
5.70567	-0.00130495
5.70591	0.00746246
5.70616	0.0147316
5.7064	0.00511814
5.70665	-0.00980437
5.70689	-0.00859295
5.70714	0.00524512
5.70738	0.00904705
5.70763	-0.00199112
5.70787	-0.00876455
5.70812	-0.00163771
5.70836	0.00513073
5.7086	0.00052986
5.70885	-0.00474307
5.70909	-7.1171e-05
5.70934	0.00476858
5.70958	-0.00219134
5.70983	-0.0124457
5.71007	-0.0111345
5.71032	-0.00176695
5.71056	0.00218717
5.71081	0.00097507
5.71105	0.00402987
5.7113	0.00860386
5.71154	0.00369467
5.71178	-0.00777516
5.71203	-0.0108591
5.71227	-0.00258452
5.71252	0.00458122
5.71276	0.00476565
5.71301	0.00600684
5.71325	0.0117985
5.7135	0.0129962
5.71374	0.00519311
5.71399	-0.00103029
5.71423	0.00351379
5.71448	0.0118357
5.71472	0.0121257
5.71496	0.00489027
5.71521	-0.000821313
5.71545	-0.00159824
5.7157	-0.00106859
5.71594	-0.00170648
5.71619	-0.0030185
5.71643	-0.00478727
5.71668	-0.00596672
5.71692	-0.00341937
5.71717	0.00268749
5.71741	0.00536911
5.71765	-0.0012823
5.7179	-0.012617
5.71814	-0.0176485
5.71839	-0.0121709
5.71863	-0.00271759
5.71888	0.00260334
5.71912	0.00255647
5.71937	0.000823048
5.71961	-0.000196356
5.71986	-0.000350905
5.7201	0.00122882
5.72035	0.00562071
5.72059	0.0102643
5.72083	0.00999711
5.72108	0.00450734
5.72132	0.000963449
5.72157	0.00485439
5.72181	0.0111824
5.72206	0.0108016
5.7223	0.00367923
5.72255	-0.0015398
5.72279	-0.000581653
5.72304	0.00231002
5.72328	0.00392831
5.72353	0.00619327
5.72377	0.00840637
5.72401	0.00577253
5.72426	-0.000250523
5.7245	-0.000976354
5.72475	0.0045218
5.72499	0.00507727
5.72524	-0.00406158
5.72548	-0.0106382
5.72573	-0.00436151
5.72597	0.00520196
5.72622	0.00402829
5.72646	-0.00311236
5.72671	-0.00227962
5.72695	0.00399875
5.72719	0.000862471
5.72744	-0.0117331
5.72768	-0.0167132
5.72793	-0.00692583
5.72817	0.00419068
5.72842	0.0042665
5.72866	-0.00171761
5.72891	-0.00364832
5.72915	-0.001245
5.7294	0.000845218
5.72964	0.00188291
5.72988	0.00168199
5.73013	-0.00237063
5.73037	-0.00868548
5.73062	-0.0102964
5.73086	-0.00568616
5.73111	-0.00241825
5.73135	-0.0051248
5.7316	-0.00864138
5.73184	-0.0080803
5.73209	-0.00653856
5.73233	-0.00714723
5.73258	-0.00670289
5.73282	-0.00373446
5.73306	-0.00383523
5.73331	-0.00943057
5.73355	-0.012814
5.7338	-0.00802489
5.73404	-0.00208567
5.73429	-0.00450783
5.73453	-0.0115472
5.73478	-0.0117211
5.73502	-0.0036768
5.73527	0.00202768
5.73551	-0.00139584
5.73576	-0.00805275
5.736	-0.00779167
5.73624	0.0016908
5.73649	0.0125313
5.73673	0.0140703
5.73698	0.00308381
5.73722	-0.0117207
5.73747	-0.0174291
5.73771	-0.0106501
5.73796	-0.000578897
5.7382	0.0030624
5.73845	0.000847638
5.73869	-0.000130577
5.73894	0.0033973
5.73918	0.0078486
5.73942	0.00744535
5.73967	-0.000188032
5.73991	-0.0104436
5.74016	-0.0137094
5.7404	-0.00569489
5.74065	0.00447999
5.74089	0.0036267
5.74114	-0.00730087
5.74138	-0.0132881
5.74163	-0.00618058
5.74187	0.00458871
5.74211	0.00722354
5.74236	0.00321414
5.7426	0.000154538
5.74285	-0.00149223
5.74309	-0.00446997
5.74334	-0.00554369
5.74358	-0.00177418
5.74383	0.000227781
5.74407	-0.00606657
5.74432	-0.0127809
5.74456	-0.0069274
5.74481	0.00815915
5.74505	0.0155742
5.74529	0.00988024
5.74554	0.00440788
5.74578	0.0092469
5.74603	0.0160377
5.74627	0.0128466
5.74652	0.00306675
5.74676	-0.00118841
5.74701	0.00242953
5.74725	0.00548034
5.7475	0.00268836
5.74774	-0.00290171
5.74799	-0.00749883
5.74823	-0.0108272
5.74847	-0.0124841
5.74872	-0.0110862
5.74896	-0.00813983
5.74921	-0.00717428
5.74945	-0.00813257
5.7497	-0.00785642
5.74994	-0.00651191
5.75019	-0.00724613
5.75043	-0.00835945
5.75068	-0.00365694
5.75092	0.0058418
5.75117	0.00874168
5.75141	-0.00124258
5.75165	-0.0131861
5.7519	-0.0118994
5.75214	0.000945888
5.75239	0.00959915
5.75263	0.00676799
5.75288	0.00112718
5.75312	0.000335243
5.75337	-0.000600242
5.75361	-0.00742295
5.75386	-0.0138933
5.7541	-0.0110411
5.75434	-0.00231649
5.75459	0.00132951
5.75483	-0.00216991
5.75508	-0.00489987
5.75532	-0.00275269
5.75557	-0.000414784
5.75581	-0.00192087
5.75606	-0.0047697
5.7563	-0.0056511
5.75655	-0.0053948
5.75679	-0.00553948
5.75704	-0.00487016
5.75728	-0.00193978
5.75752	0.00210906
5.75777	0.00482943
5.75801	0.00461859
5.75826	0.0016899
5.7585	-0.0011509
5.75875	3.57327e-05
5.75899	0.00589532
5.75924	0.0129206
5.75948	0.0189698
5.75973	0.0255607
5.75997	0.0314978
5.76022	0.0300946
5.76046	0.0188646
5.7607	0.00686009
5.76095	0.00476823
5.76119	0.0116881
5.76144	0.0192246
5.76168	0.0236761
5.76193	0.0250174
5.76217	0.0195418
5.76242	0.00609091
5.76266	-0.00434438
5.76291	-6.93776e-07
5.76315	0.012006
5.7634	0.0130729
5.76364	0.00088684
5.76388	-0.00707399
5.76413	-0.00160049
5.76437	0.00430276
5.76462	-0.00221068
5.76486	-0.0133451
5.76511	-0.0145859
5.76535	-0.00716129
5.7656	-0.00296541
5.76584	-0.00476658
5.76609	-0.00476898
5.76633	0.000753657
5.76657	0.00617485
5.76682	0.00471613
5.76706	-0.00458213
5.76731	-0.0160757
5.76755	-0.0202143
5.7678	-0.0118186
5.76804	0.00131357
5.76829	0.00508587
5.76853	-0.00222188
5.76878	-0.00698905
5.76902	-0.000509388
5.76927	0.00868234
5.76951	0.00950346
5.76975	0.00382727
5.77	-0.0015842
5.77024	-0.00679643
5.77049	-0.0113357
5.77073	-0.00727828
5.77098	0.00627186
5.77122	0.0132138
5.77147	0.00182414
5.77171	-0.0138996
5.77196	-0.0137312
5.7722	-0.00331412
5.77245	-0.00350719
5.77269	-0.0134909
5.77293	-0.0121047
5.77318	0.00374582
5.77342	0.0115793
5.77367	0.00172498
5.77391	-0.00547899
5.77416	0.00477318
5.7744	0.0149672
5.77465	0.00486674
5.77489	-0.0130386
5.77514	-0.0136142
5.77538	-0.000396812
5.77563	0.00191889
5.77587	-0.0105395
5.77611	-0.0159929
5.77636	-0.00508012
5.7766	0.00433812
5.77685	-0.00126665
5.77709	-0.00869923
5.77734	-0.00121423
5.77758	0.0137703
5.77783	0.0169544
5.77807	0.00575924
5.77832	-0.00589631
5.77856	-0.00951265
5.7788	-0.00820101
5.77905	-0.00484178
5.77929	0.00110851
5.77954	0.00582965
5.77978	0.00348404
5.78003	-0.00249446
5.78027	-0.00224113
5.78052	0.00429261
5.78076	0.00534048
5.78101	-0.00460726
5.78125	-0.0154911
5.7815	-0.0164469
5.78174	-0.0107476
5.78198	-0.00834829
5.78223	-0.0106607
5.78247	-0.0116803
5.78272	-0.00976031
5.78296	-0.00908493
5.78321	-0.0110126
5.78345	-0.0118116
5.7837	-0.00924128
5.78394	-0.00555975
5.78419	-0.00324785
5.78443	-0.00194064
5.78468	-0.000147197
5.78492	0.0027205
5.78516	0.00579065
5.78541	0.0064663
5.78565	0.00241423
5.7859	-0.0043824
5.78614	-0.00812208
5.78639	-0.00577852
5.78663	-0.000142109
5.78688	0.00526329
5.78712	0.00954819
5.78737	0.0109026
5.78761	0.00678667
5.78786	0.00168127
5.7881	0.00624523
5.78834	0.0216529
5.78859	0.0330246
5.78883	0.0282619
5.78908	0.0162032
5.78932	0.0137734
5.78957	0.0208121
5.78981	0.0224945
5.79006	0.014122
5.7903	0.00730611
5.79055	0.0103415
5.79079	0.0175457
5.79104	0.0217165
5.79128	0.0234851
5.79152	0.0234681
5.79177	0.0177543
5.79201	0.00741276
5.79226	0.00134349
5.7925	0.00308837
5.79275	0.00466792
5.79299	-0.000163263
5.79324	-0.00612077
5.79348	-0.00639244
5.79373	-0.00316573
5.79397	-0.00122536
5.79421	0.000255449
5.79446	0.0026475
5.7947	0.00305298
5.79495	0.00112381
5.79519	0.00175032
5.79544	0.00443181
5.79568	0.000458665
5.79593	-0.0111653
5.79617	-0.0166473
5.79642	-0.00749392
5.79666	0.0032573
5.79691	-0.000740458
5.79715	-0.0133665
5.79739	-0.0152084
5.79764	-0.00326523
5.79788	0.0063755
5.79813	0.0043542
5.79837	-0.000818877
5.79862	-0.000166188
5.79886	0.0024158
5.79911	6.20346e-05
5.79935	-0.0054557
5.7996	-0.00891643
5.79984	-0.0102509
5.80009	-0.0115333
5.80033	-0.0112734
5.80057	-0.00750399
5.80082	-0.00280482
5.80106	-0.00158603
5.80131	-0.00449369
5.80155	-0.00834784
5.8018	-0.00997582
5.80204	-0.00843083
5.80229	-0.00493133
5.80253	-0.00173816
5.80278	-0.000554236
5.80302	-0.00208431
5.80327	-0.00677801
5.80351	-0.0135134
5.80375	-0.0173603
5.804	-0.0131693
5.80424	-0.00351514
5.80449	0.00191593
5.80473	-0.00179441
5.80498	-0.00855119
5.80522	-0.0108432
5.80547	-0.00987652
5.80571	-0.0106267
5.80596	-0.0124264
5.8062	-0.0116994
5.80644	-0.0096394
5.80669	-0.00948782
5.80693	-0.00970226
5.80718	-0.00755094
5.80742	-0.00609352
5.80767	-0.00920266
5.80791	-0.012556
5.80816	-0.00871749
5.8084	0.000549097
5.80865	0.00618077
5.80889	0.00508093
5.80914	0.00256985
5.80938	0.00209115
5.80962	0.00163235
5.80987	0.000759515
5.81011	0.00196372
5.81036	0.00343756
5.8106	-0.000682089
5.81085	-0.0100536
5.81109	-0.015738
5.81134	-0.0116852
5.81158	-0.00279422
5.81183	0.00175376
5.81207	-0.00119776
5.81232	-0.00725211
5.81256	-0.00929308
5.8128	-0.00272057
5.81305	0.0100722
5.81329	0.019856
5.81354	0.0191804
5.81378	0.0107859
5.81403	0.00337353
5.81427	0.000304641
5.81452	-0.00181642
5.81476	-0.00433475
5.81501	-0.00375373
5.81525	0.000861798
5.8155	0.00416429
5.81574	0.00126396
5.81598	-0.00570809
5.81623	-0.0100889
5.81647	-0.0076165
5.81672	-0.000258901
5.81696	0.00541985
5.81721	0.00472746
5.81745	0.000676261
5.8177	0.000266727
5.81794	0.00390117
5.81819	0.00461904
5.81843	0.000771426
5.81867	0.000753662
5.81892	0.00857203
5.81916	0.0139653
5.81941	0.0072215
5.81965	-0.00420846
5.8199	-0.00679049
5.82014	-0.00197292
5.82039	-0.0010875
5.82063	-0.00422691
5.82088	-0.00182962
5.82112	0.0047589
5.82137	0.00343422
5.82161	-0.00635932
5.82185	-0.0104696
5.8221	-0.00368564
5.82234	0.00168994
5.82259	-0.00210954
5.82283	-0.00521439
5.82308	0.00121269
5.82332	0.00886932
5.82357	0.00688475
5.82381	-0.000409225
5.82406	-0.00301971
5.8243	-0.00211118
5.82455	-0.00427468
5.82479	-0.00713982
5.82503	-0.00342519
5.82528	0.00611611
5.82552	0.0141335
5.82577	0.0162897
5.82601	0.0117618
5.82626	0.000832492
5.8265	-0.0106053
5.82675	-0.0124023
5.82699	-0.00426305
5.82724	0.000580736
5.82748	-0.00530703
5.82773	-0.0112476
5.82797	-0.00650781
5.82821	0.00100633
5.82846	-0.00110264
5.8287	-0.00738676
5.82895	-0.00459572
5.82919	0.00355201
5.82944	0.00209562
5.82968	-0.0084465
5.82993	-0.0122251
5.83017	-0.00489176
5.83042	0.000310682
5.83066	-0.00360288
5.8309	-0.00696079
5.83115	-0.00277778
5.83139	0.00136113
5.83164	-0.00103573
5.83188	-0.00353621
5.83213	-0.000260358
5.83237	0.00258028
5.83262	-0.00089318
5.83286	-0.0045143
5.83311	-0.00221042
5.83335	-0.0008256
5.8336	-0.0078528
5.83384	-0.0156505
5.83408	-0.0125569
5.83433	-0.00315388
5.83457	-0.00160751
5.83482	-0.00820966
5.83506	-0.00900098
5.83531	0.000613956
5.83555	0.00769228
5.8358	0.00196863
5.83604	-0.00903979
5.83629	-0.012836
5.83653	-0.00969115
5.83678	-0.00810663
5.83702	-0.00969496
5.83726	-0.00946223
5.83751	-0.0075575
5.83775	-0.0093498
5.838	-0.0138022
5.83824	-0.0125916
5.83849	-0.00402972
5.83873	0.0018907
5.83898	-0.00170677
5.83922	-0.00728437
5.83947	-0.00529235
5.83971	-0.00102757
5.83996	-0.00652591
5.8402	-0.0186216
5.84044	-0.0202353
5.84069	-0.00603523
5.84093	0.00814328
5.84118	0.00867572
5.84142	0.00330441
5.84167	0.00542177
5.84191	0.0106521
5.84216	0.00522955
5.8424	-0.0086917
5.84265	-0.0142907
5.84289	-0.00589038
5.84313	0.00355114
5.84338	0.00368247
5.84362	-5.45354e-05
5.84387	3.37435e-05
5.84411	0.00122265
5.84436	-0.000923153
5.8446	-0.00316576
5.84485	-0.00294598
5.84509	-0.00570905
5.84534	-0.0139165
5.84558	-0.0181049
5.84583	-0.0103838
5.84607	0.000821623
5.84631	0.00201393
5.84656	-0.00532714
5.8468	-0.00912848
5.84705	-0.00663717
5.84729	-0.00548968
5.84754	-0.00719101
5.84778	-0.00507965
5.84803	0.000334176
5.84827	-0.000478674
5.84852	-0.00836792
5.84876	-0.0103635
5.84901	0.000378815
5.84925	0.0116196
5.84949	0.00890345
5.84974	-0.00343497
5.84998	-0.00915018
5.85023	-0.00277467
5.85047	0.00525113
5.85072	0.00446456
5.85096	-0.00337456
5.85121	-0.00875558
5.85145	-0.00567198
5.8517	0.00277236
5.85194	0.00779209
5.85219	0.00433788
5.85243	-0.00276244
5.85267	-0.00511819
5.85292	-0.00270227
5.85316	-0.00299667
5.85341	-0.0074193
5.85365	-0.00807042
5.8539	-0.00233016
5.85414	-9.75265e-05
5.85439	-0.00806533
5.85463	-0.0163568
5.85488	-0.0125622
5.85512	-0.00158055
5.85536	0.0026713
5.85561	-9.88621e-05
5.85585	0.00113116
5.8561	0.00592975
5.85634	0.000988512
5.85659	-0.0151912
5.85683	-0.0246471
5.85708	-0.0155717
5.85732	-0.000523847
5.85757	0.00217861
5.85781	-0.0065644
5.85806	-0.0128365
5.8583	-0.0117339
5.85854	-0.00931479
5.85879	-0.00823823
5.85903	-0.00538875
5.85928	-0.00156602
5.85952	-0.00138368
5.85977	-0.00404939
5.86001	-0.00459559
5.86026	-0.00386408
5.8605	-0.00721423
5.86075	-0.0133038
5.86099	-0.0144762
5.86124	-0.00968937
5.86148	-0.00691008
5.86172	-0.00979993
5.86197	-0.0118089
5.86221	-0.00826144
5.86246	-0.0054677
5.8627	-0.0107114
5.86295	-0.0193477
5.86319	-0.0200849
5.86344	-0.0105965
5.86368	-0.000703756
5.86393	-0.000172254
5.86417	-0.00834524
5.86442	-0.0166223
5.86466	-0.0177051
5.8649	-0.0111709
5.86515	-0.00214115
5.86539	0.00384811
5.86564	0.00498428
5.86588	0.00320379
5.86613	0.00107759
5.86637	-0.000710063
5.86662	-0.00314654
5.86686	-0.00696039
5.86711	-0.0109427
5.86735	-0.0122386
5.8676	-0.00902812
5.86784	-0.00296681
5.86808	0.00232774
5.86833	0.00520647
5.86857	0.00653522
5.86882	0.00668739
5.86906	0.00533621
5.86931	0.00448153
5.86955	0.00679412
5.8698	0.00929563
5.87004	0.00464241
5.87029	-0.00735617
5.87053	-0.0156309
5.87077	-0.0115815
5.87102	-0.00184486
5.87126	0.000838502
5.87151	-0.00432691
5.87175	-0.00741633
5.872	-0.00528788
5.87224	-0.00567102
5.87249	-0.0113774
5.87273	-0.0125519
5.87298	-0.0020139
5.87322	0.0104587
5.87347	0.0094368
5.87371	-0.00442795
5.87395	-0.0143115
5.8742	-0.00932051
5.87444	0.00207088
5.87469	0.00470821
5.87493	-0.00317395
5.87518	-0.00943052
5.87542	-0.00580921
5.87567	0.00141633
5.87591	0.00160858
5.87616	-0.00543226
5.8764	-0.0110785
5.87665	-0.0108297
5.87689	-0.00762107
5.87713	-0.00340468
5.87738	0.00300719
5.87762	0.00835668
5.87787	0.00582803
5.87811	-0.00219431
5.87836	-0.0031956
5.8786	0.00655144
5.87885	0.0130512
5.87909	0.00481326
5.87934	-0.00835766
5.87958	-0.0106306
5.87983	-0.00531016
5.88007	-0.0068991
5.88031	-0.0136448
5.88056	-0.00951264
5.8808	0.00635375
5.88105	0.0146482
5.88129	0.00642552
5.88154	-0.00244352
5.88178	0.00176553
5.88203	0.00807182
5.88227	0.000971105
5.88252	-0.0117561
5.88276	-0.0114238
5.883	3.7561e-05
5.88325	0.00276476
5.88349	-0.00831866
5.88374	-0.0144401
5.88398	-0.00263469
5.88423	0.0123707
5.88447	0.00811596
5.88472	-0.0129764
5.88496	-0.0256105
5.88521	-0.0156483
5.88545	0.0010044
5.8857	0.000653326
5.88594	-0.0154065
5.88618	-0.0232215
5.88643	-0.0105231
5.88667	0.0060084
5.88692	0.00525777
5.88716	-0.00901904
5.88741	-0.0168155
5.88765	-0.0114813
5.8879	-0.00369412
5.88814	0.000278673
5.88839	0.00513131
5.88863	0.0103949
5.88888	0.00740256
5.88912	-0.00222854
5.88936	-0.00377733
5.88961	0.00622594
5.88985	0.010433
5.8901	-0.00274768
5.89034	-0.0191838
5.89059	-0.0203506
5.89083	-0.0106268
5.89108	-0.00602902
5.89132	-0.00720878
5.89157	-0.00357519
5.89181	0.00315994
5.89206	0.000924634
5.8923	-0.00937612
5.89254	-0.0123089
5.89279	-0.00182218
5.89303	0.00955996
5.89328	0.00931535
5.89352	-8.82888e-05
5.89377	-0.00861996
5.89401	-0.0108812
5.89426	-0.00775667
5.8945	-0.00397773
5.89475	-0.00553858
5.89499	-0.012673
5.89523	-0.0164191
5.89548	-0.00973375
5.89572	0.000730095
5.89597	0.00338762
5.89621	-0.00101048
5.89646	-0.00240077
5.8967	0.000908509
5.89695	0.00104272
5.89719	-0.00353573
5.89744	-0.00507934
5.89768	-0.00125328
5.89793	0.000583865
5.89817	-0.00308584
5.89841	-0.00628276
5.89866	-0.00500496
5.8989	-0.0031746
5.89915	-0.00367632
5.89939	-0.00408309
5.89964	-0.00420716
5.89988	-0.00698916
5.90013	-0.0094173
5.90037	-0.00454824
5.90062	0.00445986
5.90086	0.00540097
5.90111	-0.00398064
5.90135	-0.0117519
5.90159	-0.0113447
5.90184	-0.0102628
5.90208	-0.0125929
5.90233	-0.0094699
5.90257	0.00237536
5.90282	0.00858263
5.90306	-0.00154969
5.90331	-0.0149291
5.90355	-0.0129417
5.9038	0.000268472
5.90404	0.00643744
5.90429	0.00281803
5.90453	0.00265347
5.90477	0.00893822
5.90502	0.00903282
5.90526	-0.00160955
5.90551	-0.00932883
5.90575	-0.00344583
5.906	0.00685123
5.90624	0.00653817
5.90649	-0.00399573
5.90673	-0.0114923
5.90698	-0.0082091
5.90722	0.0004392
5.90746	0.00432181
5.90771	-0.000766541
5.90795	-0.00994083
5.9082	-0.0142845
5.90844	-0.0105435
5.90869	-0.00587569
5.90893	-0.00932503
5.90918	-0.0187324
5.90942	-0.0220516
5.90967	-0.0134715
5.90991	-0.00185106
5.91016	0.000878537
5.9104	-0.00551066
5.91064	-0.011591
5.91089	-0.0112376
5.91113	-0.00652347
5.91138	-0.0017284
5.91162	0.0012255
5.91187	0.00129251
5.91211	-0.00218257
5.91236	-0.00692172
5.9126	-0.00882939
5.91285	-0.00742467
5.91309	-0.00645312
5.91334	-0.00711248
5.91358	-0.00512049
5.91382	0.00166003
5.91407	0.00679899
5.91431	0.00301384
5.91456	-0.0056671
5.9148	-0.00755175
5.91505	-0.000157766
5.91529	0.00513481
5.91554	-0.000380014
5.91578	-0.00943368
5.91603	-0.00972026
5.91627	-0.00243828
5.91652	0.000424398
5.91676	-0.00474671
5.917	-0.00815859
5.91725	-0.00302364
5.91749	0.00317904
5.91774	-8.87634e-05
5.91798	-0.010639
5.91823	-0.016477
5.91847	-0.011749
5.91872	-0.00324796
5.91896	-0.00102446
5.91921	-0.0069292
5.91945	-0.0138328
5.91969	-0.0141869
5.91994	-0.0078939
5.92018	-0.00144016
5.92043	0.000142568
5.92067	-0.00164384
5.92092	-0.00291581
5.92116	-0.00350059
5.92141	-0.00509004
5.92165	-0.0058097
5.9219	-0.00263856
5.92214	0.0013824
5.92239	-0.000767112
5.92263	-0.00929191
5.92287	-0.0153662
5.92312	-0.0127418
5.92336	-0.00589242
5.92361	-0.00259692
5.92385	-0.00339293
5.9241	-0.00358097
5.92434	-0.00219772
5.92459	-0.00296502
5.92483	-0.00738606
5.92508	-0.011879
5.92532	-0.012328
5.92557	-0.00842937
5.92581	-0.00297851
5.92605	0.00103766
5.9263	0.00190651
5.92654	-0.00081383
5.92679	-0.00608911
5.92703	-0.0104522
5.92728	-0.00886225
5.92752	-0.000205237
5.92777	0.00757546
5.92801	0.00343482
5.92826	-0.0117192
5.9285	-0.0216201
5.92875	-0.0137048
5.92899	0.00262659
5.92923	0.00691534
5.92948	-0.00480033
5.92972	-0.015267
5.92997	-0.0106317
5.93021	0.00237903
5.93046	0.00925934
5.9307	0.00692857
5.93095	0.00206115
5.93119	-0.00162571
5.93144	-0.0050164
5.93168	-0.00751601
5.93192	-0.0079315
5.93217	-0.00838561
5.93241	-0.0106018
5.93266	-0.0114884
5.9329	-0.00846136
5.93315	-0.00529756
5.93339	-0.00621357
5.93364	-0.00820062
5.93388	-0.00651611
5.93413	-0.00397601
5.93437	-0.00630318
5.93462	-0.0109567
5.93486	-0.00978965
5.9351	-0.00192069
5.93535	0.00480588
5.93559	0.00541205
5.93584	0.00263686
5.93608	-0.000644834
5.93633	-0.00549828
5.93657	-0.0109036
5.93682	-0.0111305
5.93706	-0.00362869
5.93731	0.0052728
5.93755	0.00704864
5.9378	0.00105355
5.93804	-0.00506874
5.93828	-0.00393566
5.93853	0.00389915
5.93877	0.0100041
5.93902	0.00617583
5.93926	-0.00616377
5.93951	-0.0162652
5.93975	-0.0159594
5.94	-0.00880069
5.94024	-0.00375251
5.94049	-0.0029191
5.94073	-0.00164315
5.94098	0.00111488
5.94122	0.000593371
5.94146	-0.00460384
5.94171	-0.00893877
5.94195	-0.00877943
5.9422	-0.00816926
5.94244	-0.011059
5.94269	-0.0132308
5.94293	-0.00832474
5.94318	0.00128056
5.94342	0.00662391
5.94367	0.00454923
5.94391	0.00132251
5.94416	0.00240381
5.9444	0.00453232
5.94464	0.00202269
5.94489	-0.00314308
5.94513	-0.00349458
5.94538	0.00264555
5.94562	0.00821999
5.94587	0.00734947
5.94611	0.00267361
5.94636	-0.000555725
5.9466	-0.00265873
5.94685	-0.00639907
5.94709	-0.00968191
5.94733	-0.00876542
5.94758	-0.00645713
5.94782	-0.00849742
5.94807	-0.0122883
5.94831	-0.00922192
5.94856	-0.000129532
5.9488	0.0025479
5.94905	-0.00666837
5.94929	-0.0159088
5.94954	-0.0127078
5.94978	-0.00273991
5.95003	-0.000708633
5.95027	-0.008155
5.95051	-0.0129579
5.95076	-0.00873282
5.951	-0.00194813
5.95125	0.00128688
5.95149	0.00361776
5.95174	0.00772868
5.95198	0.00923276
5.95223	0.00439182
5.95247	-0.0018349
5.95272	-0.00203239
5.95296	0.00314926
5.95321	0.00603906
5.95345	0.00163667
5.95369	-0.0072613
5.95394	-0.0133636
5.95418	-0.0116882
5.95443	-0.00465408
5.95467	-0.000492684
5.95492	-0.0038336
5.95516	-0.00887807
5.95541	-0.00695877
5.95565	-0.000178715
5.9559	0.00028928
5.95614	-0.00865994
5.95639	-0.0156624
5.95663	-0.0110324
5.95687	-0.00109503
5.95712	0.00220001
5.95736	-0.000171897
5.95761	0.00251881
5.95785	0.0114792
5.9581	0.014804
5.95834	0.00551617
5.95859	-0.00745021
5.95883	-0.0116683
5.95908	-0.0067427
5.95932	-0.0010985
5.95956	0.000607625
5.95981	-0.000328136
5.96005	-0.00273218
5.9603	-0.00608925
5.96054	-0.00750597
5.96079	-0.00545815
5.96103	-0.00466401
5.96128	-0.00954697
5.96152	-0.0145057
5.96177	-0.0101367
5.96201	0.000713562
5.96226	0.00405967
5.9625	-0.00480132
5.96274	-0.0129391
5.96299	-0.00842027
5.96323	0.00244462
5.96348	0.00587999
5.96372	0.00115568
5.96397	-0.00121887
5.96421	0.00258468
5.96446	0.00578676
5.9647	0.0037376
5.96495	-0.000586908
5.96519	-0.00417575
5.96544	-0.0069984
5.96568	-0.00678114
5.96592	-0.00107424
5.96617	0.00407524
5.96641	-0.00132982
5.96666	-0.0148101
5.9669	-0.0209723
5.96715	-0.0130546
5.96739	-0.00383136
5.96764	-0.00666246
5.96788	-0.0153993
5.96813	-0.0148092
5.96837	-0.00476597
5.96862	-0.000378927
5.96886	-0.00883113
5.9691	-0.0186594
5.96935	-0.0162536
5.96959	-0.00442808
5.96984	0.00214772
5.97008	-0.00357888
5.97033	-0.012811
5.97057	-0.0129846
5.97082	-0.00346465
5.97106	0.00503505
5.97131	0.00536559
5.97155	0.00222071
5.97179	0.00287344
5.97204	0.00568534
5.97228	0.00444462
5.97253	0.000236816
5.97277	4.15873e-06
5.97302	0.00417047
5.97326	0.00506821
5.97351	-0.000835383
5.97375	-0.0077479
5.974	-0.0101417
5.97424	-0.00953033
5.97449	-0.00866168
5.97473	-0.00680022
5.97497	-0.00434835
5.97522	-0.00447093
5.97546	-0.00627635
5.97571	-0.00425689
5.97595	0.00132423
5.9762	0.00215973
5.97644	-0.00455029
5.97669	-0.00919531
5.97693	-0.00370412
5.97718	0.00551806
5.97742	0.00705995
5.97767	0.000356661
5.97791	-0.00661328
5.97815	-0.0098417
5.9784	-0.0104417
5.97864	-0.00804097
5.97889	-0.00241355
5.97913	0.00146637
5.97938	-0.00121812
5.97962	-0.00682427
5.97987	-0.00774072
5.98011	-0.00299868
5.98036	0.00210036
5.9806	0.00423222
5.98085	0.00354994
5.98109	8.70694e-05
5.98133	-0.00495376
5.98158	-0.00747975
5.98182	-0.00602953
5.98207	-0.00508323
5.98231	-0.00713148
5.98256	-0.00696965
5.9828	-0.00107623
5.98305	0.00368156
5.98329	0.000281186
5.98354	-0.00511306
5.98378	-0.00169863
5.98402	0.00776152
5.98427	0.010196
5.98451	0.00271829
5.98476	-0.00314699
5.985	0.000142162
5.98525	0.00522127
5.98549	0.00219816
5.98574	-0.00658911
5.98598	-0.0105832
5.98623	-0.00525279
5.98647	0.00306316
5.98672	0.00536156
5.98696	-0.000223351
5.9872	-0.00779984
5.98745	-0.0120693
5.98769	-0.0142658
5.98794	-0.0167765
5.98818	-0.0157008
5.98843	-0.00680067
5.98867	0.00284532
5.98892	0.000849413
5.98916	-0.0107913
5.98941	-0.0151206
5.98965	-0.00454718
5.9899	0.00792307
5.99014	0.00965492
5.99038	0.00629076
5.99063	0.00749952
5.99087	0.00893142
5.99112	0.0035052
5.99136	-0.00141551
5.99161	0.00403742
5.99185	0.0124311
5.9921	0.0101607
5.99234	0.00126665
5.99259	0.000235958
5.99283	0.00613824
5.99308	0.00480271
5.99332	-0.00553915
5.99356	-0.0113529
5.99381	-0.00676089
5.99405	-0.000332429
5.9943	0.00212333
5.99454	0.00376966
5.99479	0.00462383
5.99503	0.000591594
5.99528	-0.0044261
5.99552	-0.00259913
5.99577	0.00155209
5.99601	-0.00276242
5.99625	-0.0107189
5.9965	-0.00723195
5.99674	0.00477858
5.99699	0.00527973
5.99723	-0.0091515
5.99748	-0.0171673
5.99772	-0.00663245
5.99797	0.0071262
5.99821	0.00859986
5.99846	0.00485648
5.9987	0.00641016
5.99895	0.00631945
5.99919	-0.00364477
5.99943	-0.0131508
5.99968	-0.00914043
5.99992	0.00135691
6.00017	0.00293285
6.00041	-0.00356133
6.00066	-0.00542535
6.0009	0.000616051
6.00115	0.00706725
6.00139	0.00913179
6.00164	0.00645184
6.00188	-0.00152715
6.00213	-0.0101932
6.00237	-0.00849932
6.00261	0.00465205
6.00286	0.0123891
6.0031	0.00196174
6.00335	-0.0147487
6.00359	-0.018073
6.00384	-0.00887318
6.00408	-0.0028208
6.00433	-0.00396417
6.00457	-0.00336329
6.00482	0.000161866
6.00506	-0.00184969
6.00531	-0.00863967
6.00555	-0.00811527
6.00579	0.00293745
6.00604	0.0119643
6.00628	0.00897327
6.00653	-0.000618283
6.00677	-0.00663495
6.00702	-0.0073228
6.00726	-0.00614621
6.00751	-0.00353139
6.00775	0.00159377
6.008	0.00631579
6.00824	0.0053714
6.00848	-0.00230279
6.00873	-0.0109442
6.00897	-0.0128697
6.00922	-0.00694341
6.00946	-0.000891933
6.00971	-0.00180452
6.00995	-0.00600275
6.0102	-0.00493649
6.01044	-2.60264e-05
6.01069	-0.0013678
6.01093	-0.0101024
6.01118	-0.0145608
6.01142	-0.00908262
6.01166	-0.00372882
6.01191	-0.0069729
6.01215	-0.0112186
6.0124	-0.00671147
6.01264	0.00116909
6.01289	0.00191122
6.01313	-0.00174873
6.01338	2.43235e-05
6.01362	0.00629003
6.01387	0.00838002
6.01411	0.00605742
6.01436	0.0060084
6.0146	0.00734187
6.01484	0.00281857
6.01509	-0.00678017
6.01533	-0.0123147
6.01558	-0.00986645
6.01582	-0.00396068
6.01607	0.00131153
6.01631	0.00434674
6.01656	0.00186661
6.0168	-0.00651395
6.01705	-0.0123511
6.01729	-0.008059
6.01754	0.00034503
6.01778	0.00156841
6.01802	-0.00334688
6.01827	-0.00451306
6.01851	-0.00125542
6.01876	-0.00237807
6.019	-0.00941668
6.01925	-0.0138522
6.01949	-0.0115499
6.01974	-0.00696129
6.01998	-0.00254277
6.02023	0.00312334
6.02047	0.00637574
6.02071	0.00113977
6.02096	-0.00856715
6.0212	-0.0122806
6.02145	-0.0101075
6.02169	-0.0116931
6.02194	-0.0170106
6.02218	-0.0147615
6.02243	-0.00392005
6.02267	0.000362573
6.02292	-0.00975612
6.02316	-0.0207656
6.02341	-0.0176737
6.02365	-0.00556715
6.02389	0.00031606
6.02414	-0.00322293
6.02438	-0.00692986
6.02463	-0.00487187
6.02487	1.52899e-05
6.02512	0.00307762
6.02536	0.0027167
6.02561	-3.35782e-05
6.02585	-0.00189988
6.0261	6.51714e-05
6.02634	0.00363289
6.02659	0.0032156
6.02683	-0.00175941
6.02707	-0.00589357
6.02732	-0.00658002
6.02756	-0.0067821
6.02781	-0.0077022
6.02805	-0.00701868
6.0283	-0.00610148
6.02854	-0.00922463
6.02879	-0.0133724
6.02903	-0.0103412
6.02928	-0.00252602
6.02952	-0.00296837
6.02977	-0.0133847
6.03001	-0.0171282
6.03025	-0.00449079
6.0305	0.00955018
6.03074	0.00750217
6.03099	-0.00326649
6.03123	-0.00396784
6.03148	0.00394309
6.03172	0.00287765
6.03197	-0.00866348
6.03221	-0.0121142
6.03246	-0.000639676
6.0327	0.0078982
6.03295	-0.000120515
6.03319	-0.0112238
6.03343	-0.00600761
6.03368	0.0103745
6.03392	0.01688
6.03417	0.00832561
6.03441	-0.00023918
6.03466	0.000712145
6.0349	0.00307188
6.03515	-0.00134382
6.03539	-0.00687399
6.03564	-0.00640166
6.03588	-0.00562883
6.03612	-0.0126582
6.03637	-0.0205726
6.03661	-0.0149133
6.03686	0.00297184
6.0371	0.0141205
6.03735	0.00711231
6.03759	-0.00652538
6.03784	-0.00888955
6.03808	0.0010015
6.03833	0.0093562
6.03857	0.00746475
6.03882	-0.000499342
6.03906	-0.00718242
6.0393	-0.00980508
6.03955	-0.00765881
6.03979	-0.000364286
6.04004	0.00847759
6.04028	0.0119645
6.04053	0.00760067
6.04077	0.000530672
6.04102	-0.00307272
6.04126	-0.00234362
6.04151	-2.75447e-05
6.04175	0.00152895
6.042	0.000874909
6.04224	-0.0021456
6.04248	-0.00442703
6.04273	-0.00198219
6.04297	0.00341588
6.04322	0.00424518
6.04346	-0.00265706
6.04371	-0.00991411
6.04395	-0.00815897
6.0442	0.00185944
6.04444	0.0108243
6.04469	0.0129066
6.04493	0.0106201
6.04518	0.0078128
6.04542	0.00405886
6.04566	-0.00137255
6.04591	-0.00499427
6.04615	-0.00328097
6.0464	0.00103278
6.04664	0.0018775
6.04689	-0.00133141
6.04713	-0.0026325
6.04738	0.00154023
6.04762	0.00682184
6.04787	0.00722594
6.04811	0.00357322
6.04835	0.00145778
6.0486	0.0027506
6.04884	0.00384324
6.04909	0.00210692
6.04933	-0.000412381
6.04958	-0.000981341
6.04982	-0.000554042
6.05007	-0.00236975
6.05031	-0.00778492
6.05056	-0.0142111
6.0508	-0.0161705
6.05105	-0.00957578
6.05129	0.00264111
6.05153	0.0106441
6.05178	0.0071967
6.05202	-0.00379935
6.05227	-0.0122325
6.05251	-0.013919
6.05276	-0.0125609
6.053	-0.0107502
6.05325	-0.00651059
6.05349	-6.80482e-05
6.05374	0.00348889
6.05398	0.00163102
6.05423	-0.00163849
6.05447	-0.00279832
6.05471	-0.00421468
6.05496	-0.00875334
6.0552	-0.0141061
6.05545	-0.0165029
6.05569	-0.0157155
6.05594	-0.0131713
6.05618	-0.00982286
6.05643	-0.00852535
6.05667	-0.0124202
6.05692	-0.0176837
6.05716	-0.0150257
6.05741	-0.00320107
6.05765	0.0063492
6.05789	0.0044792
6.05814	-0.00303871
6.05838	-0.00522056
6.05863	-0.00159825
6.05887	0.000574721
6.05912	-0.000476162
6.05936	-0.000603983
6.05961	0.000637788
6.05985	-0.000541137
6.0601	-0.00447448
6.06034	-0.00777759
6.06058	-0.00962899
6.06083	-0.011488
6.06107	-0.0120895
6.06132	-0.00903184
6.06156	-0.00364625
6.06181	0.000896399
6.06205	0.00329046
6.0623	0.00150663
6.06254	-0.00732147
6.06279	-0.0180085
6.06303	-0.016645
6.06328	0.000535891
6.06352	0.0153701
6.06376	0.00926317
6.06401	-0.00888803
6.06425	-0.0136607
6.0645	-0.000277656
6.06474	0.00878915
6.06499	-0.00167537
6.06523	-0.0174334
6.06548	-0.0171204
6.06572	-0.00237059
6.06597	0.00750533
6.06621	0.00242511
6.06646	-0.00960162
6.0667	-0.0164885
6.06694	-0.0144122
6.06719	-0.0074204
6.06743	-0.00252423
6.06768	-0.00507908
6.06792	-0.0137744
6.06817	-0.0203676
6.06841	-0.018042
6.06866	-0.00939937
6.0689	-0.00334509
6.06915	-0.00489545
6.06939	-0.0104132
6.06964	-0.0123761
6.06988	-0.00736314
6.07012	0.000365332
6.07037	0.00310095
6.07061	-0.00158755
6.07086	-0.00730666
6.0711	-0.0063083
6.07135	0.000455968
6.07159	0.00422714
6.07184	-0.000465449
6.07208	-0.00912519
6.07233	-0.0130459
6.07257	-0.00933926
6.07281	-0.00335443
6.07306	-0.00162089
6.0733	-0.00383617
6.07355	-0.0038215
6.07379	0.000707467
6.07404	0.00308681
6.07428	-0.00265484
6.07453	-0.0103979
6.07477	-0.00931576
6.07502	-0.00191492
6.07526	-0.0022824
6.07551	-0.0129354
6.07575	-0.0176292
6.07599	-0.00597942
6.07624	0.00809034
6.07648	0.00594279
6.07673	-0.00813311
6.07697	-0.0150633
6.07722	-0.00965004
6.07746	-0.00344136
6.07771	-0.00286617
6.07795	-0.00273839
6.0782	-0.000980097
6.07844	-0.00236939
6.07869	-0.00584109
6.07893	-0.00409524
6.07917	0.00143968
6.07942	0.000612678
6.07966	-0.0070575
6.07991	-0.00923558
6.08015	-0.000603981
6.0804	0.00884804
6.08064	0.0108194
6.08089	0.0095296
6.08113	0.0091287
6.08138	0.0048879
6.08162	-0.00449223
6.08187	-0.00910057
6.08211	-0.00250734
6.08235	0.00664412
6.0826	0.00752437
6.08284	0.00183413
6.08309	-0.00350648
6.08333	-0.00838483
6.08358	-0.0141451
6.08382	-0.0155496
6.08407	-0.00916359
6.08431	-0.00211646
6.08456	-0.00178429
6.0848	-0.00371546
6.08504	-0.000494971
6.08529	0.00415531
6.08553	0.00180825
6.08578	-0.00559887
6.08602	-0.00917178
6.08627	-0.00783839
6.08651	-0.00801031
6.08676	-0.0106792
6.087	-0.00993892
6.08725	-0.00398038
6.08749	0.00181171
6.08774	0.00295843
6.08798	-0.000202726
6.08822	-0.00597621
6.08847	-0.011814
6.08871	-0.0126509
6.08896	-0.00588461
6.0892	0.00276097
6.08945	0.00498068
6.08969	0.000714881
6.08994	-0.00313576
6.09018	-0.00393357
6.09043	-0.00624576
6.09067	-0.012982
6.09092	-0.0197964
6.09116	-0.0203332
6.0914	-0.0132274
6.09165	-0.00257252
6.09189	0.00591752
6.09214	0.00847231
6.09238	0.00495887
6.09263	-0.00205987
6.09287	-0.00964591
6.09312	-0.0149845
6.09336	-0.015167
6.09361	-0.010181
6.09385	-0.00535722
6.0941	-0.00577531
6.09434	-0.00848627
6.09458	-0.0066848
6.09483	-0.00175479
6.09507	-0.00267313
6.09532	-0.0111841
6.09556	-0.0170576
6.09581	-0.0130648
6.09605	-0.00586447
6.0963	-0.00513306
6.09654	-0.00930696
6.09679	-0.0102504
6.09703	-0.00655451
6.09727	-0.003917
6.09752	-0.0057756
6.09776	-0.0104176
6.09801	-0.0145888
6.09825	-0.0149208
6.0985	-0.00943594
6.09874	-0.00185741
6.09899	0.000509119
6.09923	-0.00288376
6.09948	-0.0041919
6.09972	-0.000362806
6.09997	0.000705786
6.10021	-0.00592473
6.10045	-0.0113664
6.1007	-0.00587358
6.10094	0.0048723
6.10119	0.00783312
6.10143	0.00134693
6.10168	-0.00572557
6.10192	-0.00892475
6.10217	-0.0103708
6.10241	-0.00966687
6.10266	-0.00481098
6.1029	0.000141147
6.10315	-0.000128507
6.10339	-0.00207431
6.10363	0.000380965
6.10388	0.00245488
6.10412	-0.00456341
6.10437	-0.0145552
6.10461	-0.011048
6.10486	0.00704643
6.1051	0.0199206
6.10535	0.013188
6.10559	-0.00351436
6.10584	-0.0119469
6.10608	-0.00830206
6.10633	-0.00190871
6.10657	0.000388989
6.10681	-0.00135001
6.10706	-0.00603268
6.1073	-0.0125427
6.10755	-0.0170298
6.10779	-0.0158411
6.10804	-0.0101736
6.10828	-0.00408264
6.10853	3.50107e-05
6.10877	0.00122774
6.10902	-0.00133332
6.10926	-0.00609131
6.10951	-0.00870832
6.10975	-0.00730395
6.10999	-0.00525857
6.11024	-0.0057071
6.11048	-0.00630286
6.11073	-0.00308199
6.11097	0.00282916
6.11122	0.00620072
6.11146	0.00424188
6.11171	-0.000653704
6.11195	-0.00400588
6.1122	-0.00324175
6.11244	0.000511063
6.11268	0.00337627
6.11293	0.00251717
6.11317	-0.0003164
6.11342	-0.000582194
6.11366	0.00309791
6.11391	0.00669673
6.11415	0.00553968
6.1144	-0.000380804
6.11464	-0.00689913
6.11489	-0.0103303
6.11513	-0.0106761
6.11538	-0.010728
6.11562	-0.0121838
6.11586	-0.0127863
6.11611	-0.00895077
6.11635	-0.00203184
6.1166	0.000855821
6.11684	-0.0047398
6.11709	-0.013468
6.11733	-0.0155132
6.11758	-0.00827376
6.11782	0.00128861
6.11807	0.00569755
6.11831	0.00416511
6.11856	0.00019386
6.1188	-0.00367086
6.11904	-0.00648247
6.11929	-0.00710654
6.11953	-0.00463411
6.11978	-3.3688e-05
6.12002	0.00411105
6.12027	0.00572917
6.12051	0.0049812
6.12076	0.00368132
6.121	0.00254338
6.12125	-0.000472015
6.12149	-0.00731851
6.12174	-0.0154627
6.12198	-0.0189475
6.12222	-0.0149014
6.12247	-0.00684958
6.12271	-0.000795126
6.12296	-0.000124224
6.1232	-0.0042385
6.12345	-0.00892017
6.12369	-0.00843357
6.12394	-0.00204887
6.12418	0.00179774
6.12443	-0.00545429
6.12467	-0.0185795
6.12491	-0.0224542
6.12516	-0.0128044
6.1254	-0.00312182
6.12565	-0.00507257
6.12589	-0.0122262
6.12614	-0.0124888
6.12638	-0.0075654
6.12663	-0.00748739
6.12687	-0.0118551
6.12712	-0.010808
6.12736	-0.00262067
6.12761	0.00312134
6.12785	0.000554265
6.12809	-0.00554542
6.12834	-0.0092109
6.12858	-0.00986198
6.12883	-0.00806773
6.12907	-0.00367109
6.12932	0.000514511
6.12956	0.000892088
6.12981	-0.000691116
6.13005	-0.000227814
6.1303	0.000449064
6.13054	-0.0024207
6.13079	-0.00514129
6.13103	-0.00184159
6.13127	0.00326372
6.13152	0.00170585
6.13176	-0.00288564
6.13201	0.000618428
6.13225	0.0101628
6.1325	0.0117414
6.13274	0.00350495
6.13299	-0.000428481
6.13323	0.00451074
6.13348	0.00456034
6.13372	-0.00617114
6.13397	-0.0117116
6.13421	-0.00128843
6.13445	0.00873603
6.1347	-4.79353e-05
6.13494	-0.0161507
6.13519	-0.0148323
6.13543	0.00305796
6.13568	0.013766
6.13592	0.00765926
6.13617	-0.00114384
6.13641	-0.00231629
6.13666	-0.00277063
6.1369	-0.0077675
6.13714	-0.00973447
6.13739	-0.00449372
6.13763	-0.00142596
6.13788	-0.00726794
6.13812	-0.0133022
6.13837	-0.00914514
6.13861	0.00122221
6.13886	0.00701031
6.1391	0.00580325
6.13935	0.00236918
6.13959	-0.000534382
6.13984	-0.00221592
6.14008	-0.00115858
6.14032	0.00103237
6.14057	-0.00107847
6.14081	-0.007622
6.14106	-0.0106338
6.1413	-0.00652194
6.14155	-0.00308394
6.14179	-0.00637693
6.14204	-0.00926531
6.14228	-0.00340054
6.14253	0.00472007
6.14277	0.00233767
6.14302	-0.00928342
6.14326	-0.0162326
6.1435	-0.011938
6.14375	-0.00338911
6.14399	0.0025165
6.14424	0.00648679
6.14448	0.00865231
6.14473	0.0046733
6.14497	-0.00503912
6.14522	-0.0115077
6.14546	-0.00863723
6.14571	-0.00198063
6.14595	-0.000633256
6.1462	-0.00550911
6.14644	-0.010646
6.14668	-0.0118583
6.14693	-0.00926859
6.14717	-0.00461289
6.14742	-0.000541573
6.14766	-0.00035092
6.14791	-0.00475463
6.14815	-0.0103146
6.1484	-0.0131011
6.14864	-0.0121111
6.14889	-0.00824002
6.14913	-0.00301698
6.14937	0.000812174
6.14962	0.00125379
6.14986	0.000413991
6.15011	0.00137854
6.15035	0.00159379
6.1506	-0.00383678
6.15084	-0.0110054
6.15109	-0.00862757
6.15133	0.00470425
6.15158	0.0140564
6.15182	0.00717185
6.15207	-0.00757305
6.15231	-0.0124814
6.15255	-0.00438153
6.1528	0.00455457
6.15304	0.00641485
6.15329	0.00488512
6.15353	0.00317115
6.15378	-0.00199852
6.15402	-0.0108081
6.15427	-0.0161388
6.15451	-0.0143058
6.15476	-0.0108923
6.155	-0.0104089
6.15525	-0.00881878
6.15549	-0.00310197
6.15573	-0.000144644
6.15598	-0.00703805
6.15622	-0.0180581
6.15647	-0.0211418
6.15671	-0.0145805
6.15696	-0.0078682
6.1572	-0.0068037
6.15745	-0.00689462
6.15769	-0.00323205
6.15794	0.000955796
6.15818	-0.000319294
6.15843	-0.00674488
6.15867	-0.0124774
6.15891	-0.0136805
6.15916	-0.0116092
6.1594	-0.00898598
6.15965	-0.00651703
6.15989	-0.0040066
6.16014	-0.00299391
6.16038	-0.00580119
6.16063	-0.0116561
6.16087	-0.01606
6.16112	-0.0157166
6.16136	-0.0121347
6.1616	-0.0078184
6.16185	-0.00155201
6.16209	0.00757354
6.16234	0.0131995
6.16258	0.00662795
6.16283	-0.00943324
6.16307	-0.0199441
6.16332	-0.0154718
6.16356	-0.00486445
6.16381	-0.00312196
6.16405	-0.011201
6.1643	-0.0165718
6.16454	-0.0119803
6.16478	-0.00405728
6.16503	-0.00157953
6.16527	-0.00370561
6.16552	-0.00472054
6.16576	-0.00430936
6.16601	-0.00613743
6.16625	-0.0089237
6.1665	-0.00672186
6.16674	0.000540241
6.16699	0.00363758
6.16723	-0.00377514
6.16748	-0.0136492
6.16772	-0.0119188
6.16796	0.00184204
6.16821	0.0118951
6.16845	0.00737476
6.1687	-0.00257486
6.16894	-0.00293318
6.16919	0.0044333
6.16943	0.0045056
6.16968	-0.00657797
6.16992	-0.0153058
6.17017	-0.0118619
6.17041	-0.00387933
6.17066	-0.00226095
6.1709	-0.00500271
6.17114	-0.00488993
6.17139	-0.00392217
6.17163	-0.00798295
6.17188	-0.0133998
6.17212	-0.0115929
6.17237	-0.00395337
6.17261	1.23992e-05
6.17286	-0.00209522
6.1731	-0.00371094
6.17335	-0.00226565
6.17359	-0.00245932
6.17383	-0.00522513
6.17408	-0.00451737
6.17432	0.0014887
6.17457	0.00547157
6.17481	0.00167426
6.17506	-0.00577403
6.1753	-0.00938191
6.17555	-0.00724843
6.17579	-0.00244508
6.17604	0.00101267
6.17628	-0.000582134
6.17653	-0.00756672
6.17677	-0.0136295
6.17701	-0.0121112
6.17726	-0.00645748
6.1775	-0.00609742
6.17775	-0.0106166
6.17799	-0.00888673
6.17824	0.00176985
6.17848	0.00747463
6.17873	-0.00255978
6.17897	-0.0179859
6.17922	-0.020329
6.17946	-0.00778921
6.17971	0.00502466
6.17995	0.00857381
6.18019	0.00695901
6.18044	0.00541905
6.18068	0.00181462
6.18093	-0.00531973
6.18117	-0.00981233
6.18142	-0.0058666
6.18166	0.00174383
6.18191	0.00234377
6.18215	-0.00653582
6.1824	-0.01473
6.18264	-0.0113687
6.18289	0.000903867
6.18313	0.00765141
6.18337	0.000243549
6.18362	-0.0121285
6.18386	-0.0134338
6.18411	-0.00190411
6.18435	0.00790542
6.1846	0.00553942
6.18484	-0.00215991
6.18509	-0.00352849
6.18533	0.000626144
6.18558	0.0010505
6.18582	-0.00423799
6.18606	-0.00869105
6.18631	-0.00915962
6.18655	-0.00869974
6.1868	-0.00778771
6.18704	-0.00298382
6.18729	0.00376778
6.18753	0.0041613
6.18778	-0.0038616
6.18802	-0.0104218
6.18827	-0.00661055
6.18851	0.00250463
6.18876	0.0047381
6.189	-0.00232695
6.18924	-0.00866313
6.18949	-0.00642796
6.18973	-0.000808724
6.18998	-0.00193327
6.19022	-0.00903509
6.19047	-0.00983389
6.19071	0.00151834
6.19096	0.0124614
6.1912	0.00682682
6.19145	-0.0107194
6.19169	-0.0175761
6.19194	-0.00421704
6.19218	0.0109886
6.19242	0.0078372
6.19267	-0.00660756
6.19291	-0.0107411
6.19316	-0.0023657
6.1934	0.000620793
6.19365	-0.00790191
6.19389	-0.0122311
6.19414	-0.0026926
6.19438	0.00740821
6.19463	0.00471547
6.19487	-0.00190497
6.19512	0.00164214
6.19536	0.00894431
6.1956	0.00400848
6.19585	-0.0103015
6.19609	-0.0157937
6.19634	-0.00806799
6.19658	-0.00169919
6.19683	-0.00481135
6.19707	-0.0076377
6.19732	-0.00209088
6.19756	0.00398624
6.19781	0.00107137
6.19805	-0.00648199
6.1983	-0.00923535
6.19854	-0.00738852
6.19878	-0.00672565
6.19903	-0.00724006
6.19927	-0.00548637
6.19952	-0.00276893
6.19976	-0.00203167
6.20001	-0.0010733
6.20025	0.00288005
6.2005	0.00603173
6.20074	0.00370438
6.20099	-0.000705708
6.20123	-0.00113643
6.20147	0.000213004
6.20172	-0.00312439
6.20196	-0.0093548
6.20221	-0.010307
6.20245	-0.00523401
6.2027	-0.00216433
6.20294	-0.00418198
6.20319	-0.00479842
6.20343	-0.000437395
6.20368	0.00211866
6.20392	-0.00343842
6.20417	-0.0119276
6.20441	-0.0133706
6.20465	-0.00639005
6.2049	0.000993477
6.20514	0.00132972
6.20539	-0.00572849
6.20563	-0.0142837
6.20588	-0.0162779
6.20612	-0.0078932
6.20637	0.00487856
6.20661	0.0105108
6.20686	0.00497729
6.2071	-0.00359537
6.20735	-0.00681327
6.20759	-0.00697388
6.20783	-0.0102645
6.20808	-0.0143229
6.20832	-0.0114513
6.20857	-0.00187792
6.20881	0.00549322
6.20906	0.00576821
6.2093	0.00313829
6.20955	0.00202085
6.20979	0.00116209
6.21004	-0.000865749
6.21028	-0.001752
6.21053	-0.000886262
6.21077	-0.00223866
6.21101	-0.00735167
6.21126	-0.0110368
6.2115	-0.00899174
6.21175	-0.00477135
6.21199	-0.00378561
6.21224	-0.00479142
6.21248	-0.00346163
6.21273	-0.000896509
6.21297	-0.00179809
6.21322	-0.00618267
6.21346	-0.00929422
6.2137	-0.00871588
6.21395	-0.00609595
6.21419	-0.00303365
6.21444	-0.000577718
6.21468	-0.00125246
6.21493	-0.00582836
6.21517	-0.00970565
6.21542	-0.00881339
6.21566	-0.00733373
6.21591	-0.0120447
6.21615	-0.0202498
6.2164	-0.0222132
6.21664	-0.0156844
6.21688	-0.00851746
6.21713	-0.0056062
6.21737	-0.00336505
6.21762	0.000245646
6.21786	0.00112406
6.21811	-0.00109329
6.21835	0.000240535
6.2186	0.00571345
6.21884	0.0048464
6.21909	-0.00677935
6.21933	-0.0160476
6.21958	-0.00993791
6.21982	0.00400397
6.22006	0.00878326
6.22031	0.00314087
6.22055	5.88381e-05
6.2208	0.00377304
6.22104	0.00518729
6.22129	0.000355294
6.22153	-0.00288251
6.22178	-0.000238735
6.22202	0.00163334
6.22227	-0.00146025
6.22251	-0.00332236
6.22276	0.000290547
6.223	0.00251612
6.22324	-0.00316433
6.22349	-0.0111284
6.22373	-0.0119678
6.22398	-0.00647426
6.22422	-0.00335047
6.22447	-0.00698229
6.22471	-0.0135515
6.22496	-0.0162367
6.2252	-0.0106784
6.22545	0.000759465
6.22569	0.00825846
6.22593	0.00400008
6.22618	-0.00601448
6.22642	-0.00770082
6.22667	0.00106916
6.22691	0.0063803
6.22716	-0.000749442
6.2274	-0.0102809
6.22765	-0.00850941
6.22789	0.00167947
6.22814	0.00646953
6.22838	0.000901566
6.22863	-0.00725737
6.22887	-0.00957808
6.22911	-0.00443679
6.22936	0.00411991
6.2296	0.00810839
6.22985	0.000769676
6.23009	-0.0133437
6.23034	-0.0190921
6.23058	-0.00892753
6.23083	0.0057232
6.23107	0.00928341
6.23132	0.00168238
6.23156	-0.00599357
6.23181	-0.00877572
6.23205	-0.009745
6.23229	-0.0100604
6.23254	-0.00853706
6.23278	-0.00736815
6.23303	-0.00811551
6.23327	-0.00653604
6.23352	-0.00113716
6.23376	-0.00013532
6.23401	-0.00813835
6.23425	-0.0138003
6.2345	-0.0058366
6.23474	0.00585791
6.23499	0.00335271
6.23523	-0.0103096
6.23547	-0.0159612
6.23572	-0.00950533
6.23596	-0.00553617
6.23621	-0.00910707
6.23645	-0.00803447
6.2367	0.00179625
6.23694	0.00752096
6.23719	0.00429414
6.23743	0.00564924
6.23768	0.0166122
6.23792	0.0193486
6.23816	0.00292899
6.23841	-0.0127163
6.23865	-0.00458014
6.2389	0.0166186
6.23914	0.0217641
6.23939	0.0061855
6.23963	-0.00783358
6.23988	-0.00742516
6.24012	-0.00327145
6.24037	-0.00521995
6.24061	-0.00627291
6.24086	0.000784973
6.2411	0.00784291
6.24134	0.00429838
6.24159	-0.00490604
6.24183	-0.00599255
6.24208	0.00330978
6.24232	0.0103074
6.24257	0.00466675
6.24281	-0.00779368
6.24306	-0.0126291
6.2433	-0.00531393
6.24355	0.0034434
6.24379	0.00269898
6.24404	-0.00445584
6.24428	-0.00783129
6.24452	-0.00639977
6.24477	-0.00713047
6.24501	-0.00963233
6.24526	-0.00569859
6.2455	0.00351759
6.24575	0.00484223
6.24599	-0.00559757
6.24624	-0.0127068
6.24648	-0.0046873
6.24673	0.00770901
6.24697	0.00795151
6.24722	-0.000652819
6.24746	-0.00277181
6.2477	0.00261002
6.24795	0.00241836
6.24819	-0.00605887
6.24844	-0.00977835
6.24868	-0.00214799
6.24893	0.00547304
6.24917	0.00148756
6.24942	-0.00834547
6.24966	-0.00958463
6.24991	0.00105962
6.25015	0.0119791
6.25039	0.0106008
6.25064	-0.00283454
6.25088	-0.0151813
6.25113	-0.0141664
6.25137	-0.00288989
6.25162	0.00293541
6.25186	-0.00513542
6.25211	-0.0168432
6.25235	-0.0175624
6.2526	-0.00813107
6.25284	-0.00121663
6.25309	-0.0020696
6.25333	-0.00424472
6.25357	-0.00326723
6.25382	-0.00296042
6.25406	-0.00624576
6.25431	-0.00933623
6.25455	-0.00834334
6.2548	-0.00460868
6.25504	-0.00101741
6.25529	0.00115037
6.25553	0.000650379
6.25578	-0.00248477
6.25602	-0.00397677
6.25627	-0.00021365
6.25651	0.00411001
6.25675	0.00107833
6.257	-0.00726822
6.25724	-0.0095775
6.25749	-0.00108456
6.25773	0.00943258
6.25798	0.0119617
6.25822	0.00727789
6.25847	0.00259002
6.25871	0.001093
6.25896	0.000395989
6.2592	-0.00237582
6.25945	-0.00728947
6.25969	-0.0111873
6.25993	-0.00975288
6.26018	-0.0028614
6.26042	0.00298014
6.26067	0.00192425
6.26091	-0.00268415
6.26116	-0.00278637
6.2614	0.00242017
6.26165	0.00582942
6.26189	0.00353012
6.26214	-0.000713265
6.26238	-0.00267974
6.26262	-0.00236252
6.26287	-0.000576281
6.26311	0.00217376
6.26336	0.00272303
6.2636	-0.0017787
6.26385	-0.00739297
6.26409	-0.00747757
6.26434	-0.00357869
6.26458	-0.00363387
6.26483	-0.00852179
6.26507	-0.0102546
6.26532	-0.00562815
6.26556	-0.0012387
6.2658	-0.00126146
6.26605	-0.000765772
6.26629	0.00349635
6.26654	0.00557432
6.26678	0.000513789
6.26703	-0.00631627
6.26727	-0.00750592
6.26752	-0.00432648
6.26776	-0.00223518
6.26801	-0.00204682
6.26825	-0.00230553
6.2685	-0.00426492
6.26874	-0.00772015
6.26898	-0.00785135
6.26923	-0.00302302
6.26947	0.000217306
6.26972	-0.00314296
6.26996	-0.00799577
6.27021	-0.00752789
6.27045	-0.0038937
6.2707	-0.00243258
6.27094	-0.00174206
6.27119	0.00111388
6.27143	0.00162302
6.27168	-0.00506011
6.27192	-0.0127042
6.27216	-0.0113047
6.27241	-0.0025154
6.27265	0.00371362
6.2729	0.00493027
6.27314	0.00609182
6.27339	0.00589004
6.27363	-0.00231692
6.27388	-0.0151556
6.27412	-0.0194854
6.27437	-0.0117532
6.27461	-0.00390978
6.27486	-0.00480993
6.2751	-0.00808883
6.27534	-0.00523249
6.27559	0.000857969
6.27583	0.00373959
6.27608	0.00455839
6.27632	0.00575194
6.27657	0.0029168
6.27681	-0.00596463
6.27706	-0.0112994
6.2773	-0.00499267
6.27755	0.00324907
6.27779	-0.00221459
6.27803	-0.0175611
6.27828	-0.0222029
6.27852	-0.00836623
6.27877	0.00753255
6.27901	0.00842338
6.27926	-0.00197583
6.2795	-0.00937675
6.27975	-0.0094967
6.27999	-0.00789543
6.28024	-0.00695619
6.28048	-0.00465866
6.28073	-0.00245642
6.28097	-0.00377284
6.28121	-0.00631427
6.28146	-0.00514488
6.2817	-0.00250217
6.28195	-0.0054646
6.28219	-0.0135434
6.28244	-0.0174976
6.28268	-0.0125174
6.28293	-0.00485062
6.28317	-0.00240888
6.28342	-0.00542741
6.28366	-0.0096398
6.28391	-0.0126616
6.28415	-0.013479
6.28439	-0.0110026
6.28464	-0.00727448
6.28488	-0.00750497
6.28513	-0.0126134
6.28537	-0.0158614
6.28562	-0.0116456
6.28586	-0.00422123
6.28611	-0.00249188
6.28635	-0.00820503
6.2866	-0.0142056
6.28684	-0.0135763
6.28709	-0.00668862
6.28733	0.000490733
6.28757	0.00242853
6.28782	-0.00115728
6.28806	-0.00484568
6.28831	-0.00298837
6.28855	0.00330685
6.2888	0.00676527
6.28904	0.00273935
6.28929	-0.00522485
6.28953	-0.0102262
6.28978	-0.00961709
6.29002	-0.00593476
6.29026	-0.00302948
6.29051	-0.00324272
6.29075	-0.00600558
6.291	-0.00784414
6.29124	-0.00623565
6.29149	-0.00380747
6.29173	-0.00485258
6.29198	-0.00762668
6.29222	-0.0058027
6.29247	0.00113814
6.29271	0.0055399
6.29296	0.00233815
6.2932	-0.00416041
6.29344	-0.00773924
6.29369	-0.00824352
6.29393	-0.00801737
6.29418	-0.00654039
6.29442	-0.00334341
6.29467	-0.000802447
6.29491	0.00028942
6.29516	0.00231011
6.2954	0.00437162
6.29565	0.00145413
6.29589	-0.00573665
6.29614	-0.00847197
6.29638	-0.00321601
6.29662	0.00171994
6.29687	-0.000373305
6.29711	-0.00403389
6.29736	-0.00308043
6.2976	-0.00258258
6.29785	-0.0083048
6.29809	-0.013442
6.29834	-0.00938704
6.29858	-0.00238454
6.29883	-0.00458043
6.29907	-0.0134951
6.29932	-0.0155612
6.29956	-0.00710417
6.2998	0.00261438
6.30005	0.00725192
6.30029	0.00840134
6.30054	0.00628746
6.30078	-0.00070996
6.30103	-0.00776714
6.30127	-0.00775821
6.30152	-0.00336245
6.30176	-0.0031633
6.30201	-0.00696072
6.30225	-0.00707735
6.30249	-0.00255771
6.30274	0.000525456
6.30298	0.000923767
6.30323	0.00172166
6.30347	0.00092347
6.30372	-0.00407629
6.30396	-0.00674696
6.30421	-0.00109388
6.30445	0.00411467
6.3047	-0.00180325
6.30494	-0.0102111
6.30519	-0.00584966
6.30543	0.00442962
6.30567	0.000939576
6.30592	-0.0133318
6.30616	-0.0155175
6.30641	-0.00289853
6.30665	0.00127036
6.3069	-0.0109826
6.30714	-0.0172853
6.30739	-0.00382726
6.30763	0.0110777
6.30788	0.00936524
6.30812	0.00127357
6.30837	0.0011459
6.30861	0.000987518
6.30885	-0.00900532
6.3091	-0.0165875
6.30934	-0.00903974
6.30959	0.00134223
6.30983	-0.00113242
6.31008	-0.0066465
6.31032	0.000888979
6.31057	0.0126044
6.31081	0.0111597
6.31106	0.00357634
6.3113	0.00727033
6.31155	0.0156299
6.31179	0.00970666
6.31203	-0.004898
6.31228	-0.00626894
6.31252	0.00429549
6.31277	0.00498866
6.31301	-0.00624844
6.31326	-0.00850257
6.3135	0.00285015
6.31375	0.0073785
6.31399	-0.00323116
6.31424	-0.0108759
6.31448	-0.00431344
6.31472	0.00213976
6.31497	-0.00345229
6.31521	-0.00964094
6.31546	-0.00434649
6.3157	0.00294399
6.31595	-0.0011782
6.31619	-0.0111655
6.31644	-0.013802
6.31668	-0.00913061
6.31693	-0.00524621
6.31717	-0.00286359
6.31742	0.00170321
6.31766	0.00652602
6.3179	0.00767592
6.31815	0.00587414
6.31839	0.00245106
6.31864	-0.00331445
6.31888	-0.00807685
6.31913	-0.00599067
6.31937	-0.000614121
6.31962	-0.00274005
6.31986	-0.0115692
6.32011	-0.0126244
6.32035	-0.00111528
6.3206	0.00836466
6.32084	0.00490356
6.32108	-0.00159616
6.32133	0.00126768
6.32157	0.00696861
6.32182	0.00206752
6.32206	-0.010795
6.32231	-0.0175876
6.32255	-0.0137347
6.3228	-0.00637037
6.32304	-0.00109374
6.32329	0.000998631
6.32353	-0.00220183
6.32378	-0.0102079
6.32402	-0.0143488
6.32426	-0.00701859
6.32451	0.00589431
6.32475	0.0115714
6.325	0.00719153
6.32524	0.00169159
6.32549	0.00250373
6.32573	0.00820587
6.32598	0.012941
6.32622	0.0120698
6.32647	0.00514167
6.32671	-0.0024464
6.32695	-0.00391558
6.3272	-0.00044909
6.32744	-0.000624494
6.32769	-0.0070024
6.32793	-0.0109673
6.32818	-0.00636539
6.32842	0.000412725
6.32867	0.00161364
6.32891	0.000679823
6.32916	0.00365439
6.3294	0.00589763
6.32965	-0.000150053
6.32989	-0.00919632
6.33013	-0.00877791
6.33038	0.00124763
6.33062	0.00784662
6.33087	0.0039459
6.33111	-0.00317775
6.33136	-0.0048786
6.3316	-0.00235905
6.33185	-0.000865686
6.33209	-0.000461522
6.33234	0.00217374
6.33258	0.00690201
6.33283	0.00917419
6.33307	0.00463874
6.33331	-0.00607736
6.33356	-0.0158008
6.3338	-0.0156003
6.33405	-0.00460768
6.33429	0.00637473
6.33454	0.00571216
6.33478	-0.00499186
6.33503	-0.0125636
6.33527	-0.00873968
6.33552	-3.09959e-05
6.33576	0.00173394
6.33601	-0.0048266
6.33625	-0.00933006
6.33649	-0.00425037
6.33674	0.00408836
6.33698	0.00351715
6.33723	-0.00706309
6.33747	-0.0156536
6.33772	-0.0136848
6.33796	-0.00704645
6.33821	-0.00528376
6.33845	-0.00675667
6.3387	-0.00356604
6.33894	0.00351341
6.33918	0.00639119
6.33943	0.00409952
6.33967	0.00380397
6.33992	0.00671049
6.34016	0.00524026
6.34041	-0.00247553
6.34065	-0.00681552
6.3409	-0.000888591
6.34114	0.008766
6.34139	0.011641
6.34163	0.00600509
6.34188	-0.00285273
6.34212	-0.0101854
6.34236	-0.0129803
6.34261	-0.0101671
6.34285	-0.00563843
6.3431	-0.00497977
6.34334	-0.00679583
6.34359	-0.00448835
6.34383	0.00174529
6.34408	0.00388277
6.34432	-0.000642354
6.34457	-0.00471105
6.34481	-0.00358268
6.34506	-0.000790953
6.3453	0.00103066
6.34554	0.00399629
6.34579	0.0066265
6.34603	0.00413189
6.34628	9.49575e-05
6.34652	0.00357373
6.34677	0.0109924
6.34701	0.00782141
6.34726	-0.00634547
6.3475	-0.0136613
6.34775	-0.00700587
6.34799	-0.00185421
6.34824	-0.00756499
6.34848	-0.00965154
6.34872	0.00246702
6.34897	0.0123804
6.34921	0.0035308
6.34946	-0.0104481
6.3497	-0.00809934
6.34995	0.0035149
6.35019	0.00340583
6.35044	-0.00559766
6.35068	-0.00469602
6.35093	0.00453067
6.35117	0.00402791
6.35142	-0.00555862
6.35166	-0.00615702
6.3519	0.00306071
6.35215	0.00460627
6.35239	-0.00299503
6.35264	-0.00250509
6.35288	0.00694666
6.35313	0.00557685
6.35337	-0.00909289
6.35362	-0.0136049
6.35386	0.000654294
6.35411	0.0108464
6.35435	0.00257977
6.35459	-0.00485922
6.35484	0.00629518
6.35508	0.0200284
6.35533	0.0144178
6.35557	-0.00125704
6.35582	-0.00443443
6.35606	0.00332056
6.35631	0.00442469
6.35655	-0.00197177
6.3568	-0.00230511
6.35704	0.0044596
6.35729	0.00677724
6.35753	0.00231589
6.35777	-0.00151144
6.35802	-0.00410347
6.35826	-0.00907273
6.35851	-0.0100154
6.35875	0.00117146
6.359	0.0154273
6.35924	0.0157632
6.35949	0.00326516
6.35973	-0.00499073
6.35998	-0.00268383
6.36022	-0.000154993
6.36047	-0.00346062
6.36071	-0.00599691
6.36095	-0.00339241
6.3612	-0.000177041
6.36144	0.0015475
6.36169	0.00517496
6.36193	0.00853926
6.36218	0.00430353
6.36242	-0.00554978
6.36267	-0.010055
6.36291	-0.00756713
6.36316	-0.00872884
6.3634	-0.0161989
6.36365	-0.0171571
6.36389	-0.00456331
6.36413	0.00805574
6.36438	0.00486889
6.36462	-0.00915843
6.36487	-0.0160985
6.36511	-0.00999495
6.36536	-0.00149072
6.3656	3.9556e-05
6.36585	-0.00245529
6.36609	-0.00215122
6.36634	0.000647664
6.36658	0.000634718
6.36682	-0.00319237
6.36707	-0.00542381
6.36731	-0.00207042
6.36756	0.00286511
6.3678	0.00226284
6.36805	-0.00351687
6.36829	-0.00616904
6.36854	-0.00143777
6.36878	0.0041581
6.36903	0.00314352
6.36927	-0.00162247
6.36952	-0.00226438
6.36976	0.00119614
6.37	0.00146468
6.37025	-0.00395513
6.37049	-0.00928217
6.37074	-0.00925639
6.37098	-0.00472257
6.37123	0.000845861
6.37147	0.00439659
6.37172	0.00321621
6.37196	-0.00207093
6.37221	-0.00507152
6.37245	-0.000855177
6.3727	0.00528849
6.37294	0.00401516
6.37318	-0.0036764
6.37343	-0.00724551
6.37367	-0.00258295
6.37392	0.00267132
6.37416	0.0025051
6.37441	0.00124487
6.37465	0.00374136
6.3749	0.00575098
6.37514	0.00153861
6.37539	-0.00519005
6.37563	-0.00611187
6.37588	-0.000653248
6.37612	0.00361258
6.37636	0.00134732
6.37661	-0.00549287
6.37685	-0.0120651
6.3771	-0.0153038
6.37734	-0.0143045
6.37759	-0.00987659
6.37783	-0.00449207
6.37808	-0.000766971
6.37832	0.000518724
6.37857	0.000520577
6.37881	0.00102861
6.37905	0.00285596
6.3793	0.00427253
6.37954	0.00194218
6.37979	-0.00433696
6.38003	-0.00914517
6.38028	-0.0073891
6.38052	-0.00185774
6.38077	-0.000137691
6.38101	-0.00416788
6.38126	-0.00831919
6.3815	-0.00860725
6.38175	-0.00767263
6.38199	-0.00833236
6.38223	-0.0081293
6.38248	-0.00423022
6.38272	0.00084198
6.38297	0.00275446
6.38321	0.00148619
6.38346	-3.31753e-05
6.3837	-0.000890821
6.38395	-0.00218017
6.38419	-0.00383663
6.38444	-0.00445664
6.38468	-0.0030662
6.38493	0.000467507
6.38517	0.00488441
6.38541	0.00670101
6.38566	0.00326418
6.3859	-0.00230107
6.38615	-0.00333788
6.38639	0.00140768
6.38664	0.00572009
6.38688	0.00508646
6.38713	0.00271029
6.38737	0.00282397
6.38762	0.00330342
6.38786	5.43188e-05
6.38811	-0.00535475
6.38835	-0.00804759
6.38859	-0.0068877
6.38884	-0.00410137
6.38908	-0.000750166
6.38933	0.00230223
6.38957	0.00202911
6.38982	-0.00240161
6.39006	-0.00567512
6.39031	-0.00295288
6.39055	0.00200043
6.3908	0.00198139
6.39104	-0.00266638
6.39128	-0.00563622
6.39153	-0.00527843
6.39177	-0.0051865
6.39202	-0.00537091
6.39226	-0.00254745
6.39251	0.000753674
6.39275	-0.00170256
6.393	-0.00678233
6.39324	-0.00323495
6.39349	0.00923728
6.39373	0.0149099
6.39398	0.00464129
6.39422	-0.00830935
6.39446	-0.00776049
6.39471	-0.000310882
6.39495	-0.00447237
6.3952	-0.0189009
6.39544	-0.0216895
6.39569	-0.00419004
6.39593	0.013507
6.39618	0.010511
6.39642	-0.0060197
6.39667	-0.0135401
6.39691	-0.00626298
6.39716	0.00102683
6.3974	-0.00214481
6.39764	-0.00862132
6.39789	-0.00764297
6.39813	-0.000371796
6.39838	0.00428931
6.39862	0.00228335
6.39887	-0.00283782
6.39911	-0.00590592
6.39936	-0.00484966
6.3996	-0.00172003
6.39985	-0.00119812
6.40009	-0.00566844
6.40034	-0.0107503
6.40058	-0.0093306
6.40082	-0.00135534
6.40107	0.0047662
6.40131	0.00310016
6.40156	-0.00172707
6.4018	-0.00132444
6.40205	0.00458251
6.40229	0.00783295
6.40254	0.00260789
6.40278	-0.00732131
6.40303	-0.0129613
6.40327	-0.0100546
6.40351	-0.00375398
6.40376	-0.00272434
6.404	-0.0081576
6.40425	-0.011195
6.40449	-0.00481878
6.40474	0.00433765
6.40498	0.00335035
6.40523	-0.00796338
6.40547	-0.0150875
6.40572	-0.00987588
6.40596	-0.00329358
6.40621	-0.0083372
6.40645	-0.0186487
6.40669	-0.0172912
6.40694	-0.00290951
6.40718	0.00778972
6.40743	0.00468259
6.40767	-0.00325361
6.40792	-0.00509222
6.40816	-0.00416877
6.40841	-0.0078712
6.40865	-0.0119831
6.4089	-0.0080355
6.40914	7.287e-05
6.40939	0.00104622
6.40963	-0.00428414
6.40987	-0.00286892
6.41012	0.00894229
6.41036	0.0173382
6.41061	0.0110188
6.41085	-0.00211187
6.4111	-0.00784905
6.41134	-0.00658941
6.41159	-0.00873811
6.41183	-0.0139587
6.41208	-0.0101054
6.41232	0.005583
6.41257	0.0182106
6.41281	0.0149359
6.41305	0.00270773
6.4133	-0.00298024
6.41354	-0.000169595
6.41379	-0.000259443
6.41403	-0.00864841
6.41428	-0.0168196
6.41452	-0.0153772
6.41477	-0.00627035
6.41501	0.00176484
6.41526	0.00418446
6.4155	0.00290831
6.41574	0.00107269
6.41599	-0.000460042
6.41623	-0.00206369
6.41648	-0.00294448
6.41672	-0.000787546
6.41697	0.00475465
6.41721	0.00843001
6.41746	0.00348649
6.4177	-0.00813161
6.41795	-0.0149795
6.41819	-0.0104471
6.41844	-0.00226408
6.41868	-0.00032335
6.41892	-0.001042
6.41917	0.00488492
6.41941	0.0136274
6.41966	0.012336
6.4199	0.00170003
6.42015	-0.00247263
6.42039	0.00560185
6.42064	0.0114986
6.42088	0.00359281
6.42113	-0.00881502
6.42137	-0.0114482
6.42162	-0.00630368
6.42186	-0.00400755
6.4221	-0.00553149
6.42235	-0.00562353
6.42259	-0.0058412
6.42284	-0.00941748
6.42308	-0.010024
6.42333	-0.000872313
6.42357	0.0103174
6.42382	0.0106603
6.42406	0.00205724
6.42431	-0.00341285
6.42455	-0.00373487
6.4248	-0.00600944
6.42504	-0.00871147
6.42528	-0.00357112
6.42553	0.00558201
6.42577	0.00517214
6.42602	-0.00508804
6.42626	-0.0103736
6.42651	-0.00536861
6.42675	-0.00159564
6.427	-0.00484275
6.42724	-0.00508286
6.42749	0.00246307
6.42773	0.00542821
6.42797	-0.00430705
6.42822	-0.0140612
6.42846	-0.00980738
6.42871	0.00142983
6.42895	0.00416227
6.4292	-0.00157183
6.42944	-0.00462981
6.42969	-0.00240649
6.42993	-0.000177868
6.43018	0.00228984
6.43042	0.00763668
6.43067	0.00964178
6.43091	0.00108791
6.43115	-0.0103348
6.4314	-0.00992952
6.43164	0.00113717
6.43189	0.00634723
6.43213	-0.00124231
6.43238	-0.00884705
6.43262	-0.00321845
6.43287	0.0112595
6.43311	0.0198649
6.43336	0.0155714
6.4336	0.00430441
6.43385	-0.00355511
6.43409	-0.00309583
6.43433	0.00160928
6.43458	0.00247842
6.43482	-0.00310955
6.43507	-0.00926914
6.43531	-0.0095973
6.43556	-0.00484252
6.4358	0.000158196
6.43605	0.00278371
6.43629	0.00214878
6.43654	-0.00247064
6.43678	-0.00788763
6.43703	-0.00743312
6.43727	-0.000906928
6.43751	0.00235812
6.43776	-0.00257456
6.438	-0.0067057
6.43825	-0.00106475
6.43849	0.00723263
6.43874	0.00576141
6.43898	-0.00195441
6.43923	-0.00165847
6.43947	0.00715355
6.43972	0.00911445
6.43996	-0.00184901
6.44021	-0.0112461
6.44045	-0.00533521
6.44069	0.00854203
6.44094	0.0128122
6.44118	0.00351934
6.44143	-0.00632542
6.44167	-0.00451277
6.44192	0.0063
6.44216	0.0126626
6.44241	0.0055538
6.44265	-0.00925899
6.4429	-0.0170542
6.44314	-0.0110665
6.44338	-6.20711e-05
6.44363	0.0041003
6.44387	0.00141314
6.44412	-9.6385e-05
6.44436	0.00149632
6.44461	0.00096464
6.44485	-0.00301807
6.4451	-0.00541084
6.44534	-0.00344336
6.44559	0.000379263
6.44583	0.00374261
6.44608	0.00565055
6.44632	0.00355503
6.44656	-0.00244798
6.44681	-0.00467987
6.44705	0.00320563
6.4473	0.0142361
6.44754	0.0157648
6.44779	0.00757168
6.44803	0.000766294
6.44828	0.000230833
6.44852	0.001229
6.44877	0.00220464
6.44901	0.00567173
6.44926	0.00657205
6.4495	-0.00276577
6.44974	-0.0143779
6.44999	-0.0109368
6.45023	0.00528792
6.45048	0.0111481
6.45072	-0.00149652
6.45097	-0.0112593
6.45121	-0.00208515
6.45146	0.009607
6.4517	0.00233732
6.45195	-0.0143255
6.45219	-0.0156515
6.45244	-0.0013111
6.45268	0.00719728
6.45292	0.00217341
6.45317	-0.00306807
6.45341	-0.00119416
6.45366	-0.00103815
6.4539	-0.00775552
6.45415	-0.0131818
6.45439	-0.0111431
6.45464	-0.00601837
6.45488	-0.00148489
6.45513	0.00454568
6.45537	0.00977062
6.45561	0.00672776
6.45586	-0.00303324
6.4561	-0.0073568
6.45635	-0.00134496
6.45659	0.00525996
6.45684	0.00377152
6.45708	-0.00153398
6.45733	-0.00253619
6.45757	0.00156513
6.45782	0.00683119
6.45806	0.0095568
6.45831	0.00600819
6.45855	-0.00342039
6.45879	-0.00875451
6.45904	-0.000702811
6.45928	0.0128934
6.45953	0.0149783
6.45977	0.0053008
6.46002	0.00160206
6.46026	0.0106274
6.46051	0.0169267
6.46075	0.00889029
6.461	-0.00308468
6.46124	-0.00647555
6.46149	-0.00664365
6.46173	-0.0116464
6.46197	-0.0134559
6.46222	-0.00303217
6.46246	0.00917882
6.46271	0.00812809
6.46295	-0.000928324
6.4632	-0.00315288
6.46344	-0.000404392
6.46369	-0.00404336
6.46393	-0.00903688
6.46418	-0.00103945
6.46442	0.0140918
6.46467	0.0150018
6.46491	0.000170683
6.46515	-0.00843756
6.4654	-0.0019064
6.46564	0.00258721
6.46589	-0.00530114
6.46613	-0.00962916
6.46638	0.00298231
6.46662	0.0178009
6.46687	0.0148407
6.46711	-1.05329e-05
6.46736	-0.00742352
6.4676	-0.00486787
6.46784	-0.00323667
6.46809	-0.00322556
6.46833	0.00280899
6.46858	0.0109948
6.46882	0.00931399
6.46907	-0.000757272
6.46931	-0.00479662
6.46956	0.00191417
6.4698	0.0087628
6.47005	0.00795584
6.47029	0.00329348
6.47054	-0.000777889
6.47078	-0.00478316
6.47102	-0.00675188
6.47127	-0.00237084
6.47151	0.00492705
6.47176	0.00629606
6.472	0.00184175
6.47225	0.000218266
6.47249	0.00254925
6.47274	0.00102578
6.47298	-0.00387409
6.47323	-0.000864257
6.47347	0.011637
6.47372	0.0185516
6.47396	0.0108418
6.4742	0.00068619
6.47445	0.00232078
6.47469	0.0100812
6.47494	0.00938119
6.47518	0.00017541
6.47543	-0.00556628
6.47567	-0.00394823
6.47592	-0.00194058
6.47616	-0.00284565
6.47641	-0.00240747
6.47665	0.00081949
6.4769	0.00241381
6.47714	0.000339024
6.47738	-0.00228179
6.47763	-0.00306777
6.47787	-0.00202494
6.47812	0.00186311
6.47836	0.00865076
6.47861	0.0134227
6.47885	0.0115473
6.4791	0.00638837
6.47934	0.00431583
6.47959	0.00399908
6.47983	-0.000579275
6.48007	-0.00779971
6.48032	-0.00919098
6.48056	-0.00329334
6.48081	0.00112053
6.48105	-0.00152412
6.4813	-0.00548284
6.48154	-0.00297399
6.48179	0.00502716
6.48203	0.0115424
6.48228	0.0123207
6.48252	0.00824484
6.48277	0.00245486
6.48301	-0.00232453
6.48325	-0.00573627
6.4835	-0.00950114
6.48374	-0.0129362
6.48399	-0.0108551
6.48423	-0.00073279
6.48448	0.0102395
6.48472	0.0123191
6.48497	0.00671785
6.48521	0.00431416
6.48546	0.0101969
6.4857	0.017035
6.48595	0.0156521
6.48619	0.00554701
6.48643	-0.00682292
6.48668	-0.0142521
6.48692	-0.0122621
6.48717	-0.00289604
6.48741	0.00430004
6.48766	0.00189335
6.4879	-0.00491588
6.48815	-0.00548283
6.48839	-0.000436995
6.48864	2.76803e-05
6.48888	-0.00511759
6.48913	-0.00508126
6.48937	0.00257188
6.48961	0.00481555
6.48986	-0.00499909
6.4901	-0.0130735
6.49035	-0.00576809
6.49059	0.00783992
6.49084	0.00994964
6.49108	0.00177489
6.49133	-0.000672246
6.49157	0.00634795
6.49182	0.0101555
6.49206	0.00435674
6.4923	-0.00184079
6.49255	-0.000521754
6.49279	0.00363189
6.49304	0.00446299
6.49328	0.00453632
6.49353	0.00765597
6.49377	0.0107989
6.49402	0.00989779
6.49426	0.00636568
6.49451	0.00271185
6.49475	-0.00154495
6.495	-0.0054103
6.49524	-0.00499176
6.49548	-0.000650533
6.49573	0.0015769
6.49597	-0.000184765
6.49622	-0.000306217
6.49646	0.0031271
6.49671	0.00278252
6.49695	-0.00547354
6.4972	-0.012951
6.49744	-0.0098799
6.49769	-2.03992e-05
6.49793	0.00603972
6.49818	0.00651421
6.49842	0.00685693
6.49866	0.00724974
6.49891	0.00361054
6.49915	-0.00127125
6.4994	-1.59852e-05
6.49964	0.00596189
6.49989	0.00730095
6.50013	0.00233073
6.50038	0.0001325
6.50062	0.00487623
6.50087	0.00879503
6.50111	0.00585993
6.50136	0.00143746
6.5016	0.0012643
6.50184	0.00092225
6.50209	-0.00437683
6.50233	-0.00818509
6.50258	-0.00241056
6.50282	0.00740224
6.50307	0.00879091
6.50331	0.00112024
6.50356	-0.0048388
6.5038	-0.00468793
6.50405	-0.00482616
6.50429	-0.00792577
6.50453	-0.00719399
6.50478	0.00028336
6.50502	0.00589456
6.50527	0.00213148
6.50551	-0.00602813
6.50576	-0.00981895
6.506	-0.00921686
6.50625	-0.00855557
6.50649	-0.00617536
6.50674	0.00155292
6.50698	0.00978424
6.50723	0.00915312
6.50747	-0.000588216
6.50771	-0.00943072
6.50796	-0.00982703
6.5082	-0.00363408
6.50845	0.00349427
6.50869	0.00769288
6.50894	0.00669755
6.50918	0.00111113
6.50943	-0.00306665
6.50967	0.000380869
6.50992	0.00884826
6.51016	0.0130667
6.51041	0.00941609
6.51065	0.00369215
6.51089	0.00127853
6.51114	0.000791828
6.51138	6.85987e-05
6.51163	0.00102725
6.51187	0.00438325
6.51212	0.00616767
6.51236	0.00446932
6.51261	0.00362397
6.51285	0.00612682
6.5131	0.00647098
6.51334	0.000272554
6.51359	-0.00571327
6.51383	-0.00200588
6.51407	0.0078646
6.51432	0.0101881
6.51456	0.000167322
6.51481	-0.0110444
6.51505	-0.0115206
6.5153	-0.00339732
6.51554	0.00215331
6.51579	-0.000324691
6.51603	-0.00636581
6.51628	-0.00946731
6.51652	-0.00772346
6.51677	-0.00278653
6.51701	0.00338999
6.51725	0.00883213
6.5175	0.0107626
6.51774	0.00719829
6.51799	-0.000200538
6.51823	-0.00637219
6.51848	-0.00740909
6.51872	-0.00458866
6.51897	-0.00256665
6.51921	-0.00364753
6.51946	-0.00551386
6.5197	-0.00481725
6.51994	-0.0010794
6.52019	0.00354407
6.52043	0.00639229
6.52068	0.00563601
6.52092	0.0018333
6.52117	-0.00120805
6.52141	-9.11461e-05
6.52166	0.00281596
6.5219	0.00162973
6.52215	-0.00388881
6.52239	-0.00654883
6.52264	-0.00250158
6.52288	0.00177651
6.52312	-0.000832645
6.52337	-0.00616375
6.52361	-0.00478839
6.52386	0.00273873
6.5241	0.00634589
6.52435	0.00212058
6.52459	-0.00250388
6.52484	-0.00170136
6.52508	0.000363982
6.52533	-0.00100675
6.52557	-0.0021136
6.52582	0.00130352
6.52606	0.00452157
6.5263	0.0014542
6.52655	-0.00316052
6.52679	5.3014e-05
6.52704	0.00890472
6.52728	0.0111772
6.52753	0.00362076
6.52777	-0.00183832
6.52802	0.00422246
6.52826	0.0140301
6.52851	0.0134242
6.52875	0.00164356
6.529	-0.00855854
6.52924	-0.00850492
6.52948	-0.00296142
6.52973	-0.000866112
6.52997	-0.00326382
6.53022	-0.00392027
6.53046	0.00134715
6.53071	0.00962215
6.53095	0.0147932
6.5312	0.0143067
6.53144	0.0107108
6.53169	0.00669892
6.53193	0.00114909
6.53217	-0.00697586
6.53242	-0.0125621
6.53266	-0.00835968
6.53291	0.00336411
6.53315	0.0100369
6.5334	0.00432353
6.53364	-0.00575641
6.53389	-0.0090889
6.53413	-0.0077951
6.53438	-0.0110661
6.53462	-0.016829
6.53487	-0.0134122
6.53511	-2.88957e-05
6.53535	0.00898591
6.5356	0.00531652
6.53584	-0.00128302
6.53609	7.19667e-05
6.53633	0.00465303
6.53658	0.00319412
6.53682	-0.000919274
6.53707	0.000603598
6.53731	0.00371851
6.53756	-0.00147841
6.5378	-0.0112167
6.53805	-0.0117026
6.53829	-0.00158176
6.53853	0.00553869
6.53878	0.0027503
6.53902	-0.00185014
6.53927	-0.00211661
6.53951	-0.00299486
6.53976	-0.00631671
6.54	-0.00342349
6.54025	0.00804076
6.54049	0.014141
6.54074	0.00450126
6.54098	-0.00908839
6.54123	-0.00862005
6.54147	0.00388736
6.54171	0.0115296
6.54196	0.00804028
6.5422	0.00211397
6.54245	-0.000420769
6.54269	-0.00238751
6.54294	-0.00386752
6.54318	-0.000794629
6.54343	0.00355054
6.54367	0.000613165
6.54392	-0.00720782
6.54416	-0.00743558
6.5444	0.000997804
6.54465	0.00268665
6.54489	-0.0102767
6.54514	-0.0238096
6.54538	-0.0220196
6.54563	-0.00974066
6.54587	-0.0024094
6.54612	-0.00327029
6.54636	-0.00452489
6.54661	-0.00365333
6.54685	-0.00354491
6.5471	-0.00125793
6.54734	0.00771162
6.54758	0.0162549
6.54783	0.0124519
6.54807	-0.000375891
6.54832	-0.00590612
6.54856	0.000619567
6.54881	0.0056386
6.54905	0.000189363
6.5493	-0.00563808
6.54954	-0.000226008
6.54979	0.0101322
6.55003	0.0111684
6.55028	0.00188813
6.55052	-0.00591744
6.55076	-0.00470445
6.55101	0.00236433
6.55125	0.00882429
6.5515	0.0103116
6.55174	0.00525683
6.55199	-0.00271763
6.55223	-0.00594186
6.55248	-0.00209961
6.55272	0.0018288
6.55297	0.00056397
6.55321	-0.00121144
6.55346	0.00100931
6.5537	0.00147135
6.55394	-0.00494818
6.55419	-0.00986065
6.55443	-0.00372184
6.55468	0.00529046
6.55492	0.00210035
6.55517	-0.00924835
6.55541	-0.0102527
6.55566	0.00141305
6.5559	0.00739608
6.55615	-0.000734077
6.55639	-0.00809973
6.55663	-0.00299873
6.55688	0.0035236
6.55712	-0.0016698
6.55737	-0.0109073
6.55761	-0.0103391
6.55786	-0.00391502
6.5581	-0.00420035
6.55835	-0.00900538
6.55859	-0.00626568
6.55884	0.00385411
6.55908	0.00992083
6.55933	0.00864665
6.55957	0.00660241
6.55981	0.00519217
6.56006	0.000291926
6.5603	-0.00472807
6.56055	-0.00189124
6.56079	0.00564842
6.56104	0.0065439
6.56128	0.000558882
6.56153	-0.000987717
6.56177	0.00407853
6.56202	0.00417754
6.56226	-0.00545628
6.56251	-0.0133987
6.56275	-0.0103755
6.56299	-0.00327183
6.56324	-0.0020298
6.56348	-0.00390894
6.56373	-0.000915639
6.56397	0.00531998
6.56422	0.0064435
6.56446	0.000720188
6.56471	-0.00480489
6.56495	-0.00360504
6.5652	0.00379824
6.56544	0.0110197
6.56569	0.0113536
6.56593	0.00455022
6.56617	-0.00164241
6.56642	-0.000248956
6.56666	0.005842
6.56691	0.00867669
6.56715	0.00673397
6.5674	0.00421511
6.56764	0.00141692
6.56789	-0.00418423
6.56813	-0.00864798
6.56838	-0.00524855
6.56862	0.00199872
6.56886	0.00125912
6.56911	-0.0081481
6.56935	-0.0126237
6.5696	-0.00465171
6.56984	0.00618627
6.57009	0.0087698
6.57033	0.00550542
6.57058	0.00425956
6.57082	0.00532739
6.57107	0.00495566
6.57131	0.00393793
6.57156	0.00452166
6.5718	0.00501912
6.57204	0.00419183
6.57229	0.00501008
6.57253	0.00823357
6.57278	0.00851279
6.57302	0.00253481
6.57327	-0.00475139
6.57351	-0.00698993
6.57376	-0.00403999
6.574	0.000832121
6.57425	0.0051794
6.57449	0.00605854
6.57474	0.00158831
6.57498	-0.00376891
6.57522	-0.00300872
6.57547	0.0030202
6.57571	0.00763919
6.57596	0.010333
6.5762	0.0149964
6.57645	0.0168614
6.57669	0.00711034
6.57694	-0.0076287
6.57718	-0.00911715
6.57743	0.00376532
6.57767	0.0100908
6.57792	-0.00042785
6.57816	-0.0103841
6.5784	-0.0034376
6.57865	0.00945476
6.57889	0.00972553
6.57914	0.000543242
6.57938	-0.00291868
6.57963	0.000553303
6.57987	0.00171207
6.58012	3.20633e-05
6.58036	0.000674415
6.58061	0.00119163
6.58085	-0.00144121
6.58109	-9.44629e-06
6.58134	0.00956159
6.58158	0.014699
6.58183	0.00477203
6.58207	-0.00786907
6.58232	-0.00627099
6.58256	0.00252859
6.58281	0.000755735
6.58305	-0.00784384
6.5833	-0.00553606
6.58354	0.00615088
6.58379	0.00884453
6.58403	0.000117526
6.58427	-0.00415375
6.58452	0.000144017
6.58476	0.000777762
6.58501	-0.00368539
6.58525	-0.000214342
6.5855	0.0109186
6.58574	0.012386
6.58599	0.000594078
6.58623	-0.00643952
6.58648	-0.000375299
6.58672	0.00464622
6.58697	0.000787096
6.58721	0.00138219
6.58745	0.0131582
6.5877	0.0190202
6.58794	0.00638189
6.58819	-0.00934357
6.58843	-0.00931298
6.58868	-0.000615776
6.58892	-0.000345272
6.58917	-0.0060631
6.58941	-0.00405928
6.58966	0.00462866
6.5899	0.00769694
6.59015	0.00308559
6.59039	-0.00152615
6.59063	-0.00386443
6.59088	-0.00520892
6.59112	-0.00081165
6.59137	0.0112829
6.59161	0.0188781
6.59186	0.0102077
6.5921	-0.00571823
6.59235	-0.0101799
6.59259	-0.00139643
6.59284	0.00658108
6.59308	0.00729512
6.59333	0.00638859
6.59357	0.00518274
6.59381	-0.00161745
6.59406	-0.0110566
6.5943	-0.0121737
6.59455	-0.00413132
6.59479	0.0012837
6.59504	-0.00104498
6.59528	-0.00259845
6.59553	0.00146239
6.59577	0.00281678
6.59602	-0.00400799
6.59626	-0.00904731
6.5965	-0.00159032
6.59675	0.0113449
6.59699	0.0138362
6.59724	0.00400185
6.59748	-0.00399269
6.59773	-0.000430365
6.59797	0.00820545
6.59822	0.0109898
6.59846	0.00753458
6.59871	0.00521905
6.59895	0.00668408
6.5992	0.00772731
6.59944	0.00605951
6.59968	0.00436213
6.59993	0.00344615
6.60017	4.13006e-05
6.60042	-0.00489952
6.60066	-0.00338632
6.60091	0.00718952
6.60115	0.015269
6.6014	0.00894976
6.60164	-0.004917
6.60189	-0.0075225
6.60213	0.00587838
6.60238	0.0190765
6.60262	0.0176433
6.60286	0.00728285
6.60311	0.00270493
6.60335	0.00691399
6.6036	0.010509
6.60384	0.00692471
6.60409	-0.000107551
6.60433	-0.00322316
6.60458	-4.47993e-05
6.60482	0.00506841
6.60507	0.00571409
6.60531	0.000635441
6.60556	-0.00396955
6.6058	-0.0021976
6.60604	0.00268164
6.60629	0.00265419
6.60653	-0.00223791
6.60678	-0.00331058
6.60702	0.00287423
6.60727	0.00852927
6.60751	0.00673076
6.60776	0.00199739
6.608	0.00282286
6.60825	0.00910687
6.60849	0.0133815
6.60873	0.0113906
6.60898	0.0062414
6.60922	0.00364695
6.60947	0.00604291
6.60971	0.00992575
6.60996	0.0085274
6.6102	0.000377182
6.61045	-0.00573176
6.61069	-0.000445044
6.61094	0.0117312
6.61118	0.0160894
6.61143	0.00766157
6.61167	-0.00170778
6.61191	-0.000335473
6.61216	0.00819331
6.6124	0.0129854
6.61265	0.0111395
6.61289	0.00751718
6.61314	0.00511263
6.61338	0.00379507
6.61363	0.00486699
6.61387	0.00920253
6.61412	0.0128288
6.61436	0.0109073
6.61461	0.0052828
6.61485	0.00295578
6.61509	0.00707291
6.61534	0.0127973
6.61558	0.0125545
6.61583	0.00432596
6.61607	-0.00495793
6.61632	-0.00546418
6.61656	0.00385694
6.61681	0.0120948
6.61705	0.00961706
6.6173	0.00185276
6.61754	0.00233238
6.61779	0.0132351
6.61803	0.0222922
6.61827	0.0202077
6.61852	0.0116613
6.61876	0.00591702
6.61901	0.00513747
6.61925	0.00613737
6.6195	0.00642145
6.61974	0.0043408
6.61999	-0.000647217
6.62023	-0.00480684
6.62048	-0.00291403
6.62072	0.0040222
6.62096	0.00988931
6.62121	0.0123459
6.62145	0.0129947
6.6217	0.00994683
6.62194	0.000734362
6.62219	-0.00790252
6.62243	-0.0059454
6.62268	0.00327514
6.62292	0.00647808
6.62317	0.00212099
6.62341	0.00234228
6.62366	0.00980743
6.6239	0.0115905
6.62414	0.00337901
6.62439	-0.000302963
6.62463	0.00837932
6.62488	0.0145118
6.62512	0.00579722
6.62537	-0.00402845
6.62561	0.00263986
6.62586	0.0163178
6.6261	0.0153508
6.62635	0.0020247
6.62659	-0.00157747
6.62684	0.0103299
6.62708	0.0201735
6.62732	0.0170793
6.62757	0.011169
6.62781	0.012396
6.62806	0.0146352
6.6283	0.00990253
6.62855	0.00370643
6.62879	0.00540145
6.62904	0.0123313
6.62928	0.0136875
6.62953	0.00605056
6.62977	-0.00241861
6.63002	-0.00261187
6.63026	0.00465281
6.6305	0.00979962
6.63075	0.00651899
6.63099	0.000391276
6.63124	0.00123252
6.63148	0.00816076
6.63173	0.0104149
6.63197	0.00422878
6.63222	-0.00153953
6.63246	-0.000556086
6.63271	0.00196598
6.63295	0.00202458
6.63319	0.00597436
6.63344	0.0169428
6.63368	0.0241595
6.63393	0.0185506
6.63417	0.00837358
6.63442	0.00545605
6.63466	0.00619137
6.63491	0.00213956
6.63515	-0.00060879
6.6354	0.00792664
6.63564	0.0191695
6.63589	0.0159887
6.63613	0.0014156
6.63637	-0.00475917
6.63662	0.00264458
6.63686	0.00822345
6.63711	0.00343114
6.63735	-0.00162795
6.6376	0.00100914
6.63784	0.00461777
6.63809	0.00355559
6.63833	0.00376686
6.63858	0.00870987
6.63882	0.0105082
6.63907	0.00468236
6.63931	-0.000176723
6.63955	0.00285176
6.6398	0.00715349
6.64004	0.00526307
6.64029	0.00174724
6.64053	0.00299268
6.64078	0.00466542
6.64102	0.000610476
6.64127	-0.00443979
6.64151	-0.00258837
6.64176	0.00345449
6.642	0.00526256
6.64225	0.00236929
6.64249	0.00103757
6.64273	0.00305981
6.64298	0.00470104
6.64322	0.00411783
6.64347	0.00249729
6.64371	0.000418786
6.64396	-0.000951074
6.6442	0.00142332
6.64445	0.006893
6.64469	0.00870128
6.64494	0.00341568
6.64518	-0.00194047
6.64542	0.000375526
6.64567	0.00635754
6.64591	0.0062409
6.64616	-6.51354e-05
6.6464	-0.0033519
6.64665	1.53271e-05
6.64689	0.00360804
6.64714	0.00287545
6.64738	0.00217192
6.64763	0.00563639
6.64787	0.00865414
6.64812	0.00483709
6.64836	-0.00299262
6.6486	-0.00568288
6.64885	3.77652e-06
6.64909	0.00795922
6.64934	0.0112946
6.64958	0.00902412
6.64983	0.00361172
6.65007	-0.00258687
6.65032	-0.00613319
6.65056	-0.00300695
6.65081	0.00555215
6.65105	0.0115699
6.6513	0.00945499
6.65154	0.00358031
6.65178	0.00183579
6.65203	0.00474753
6.65227	0.00705668
6.65252	0.00696209
6.65276	0.00606728
6.65301	0.00256569
6.65325	-0.0058496
6.6535	-0.0130514
6.65374	-0.00959309
6.65399	0.00161415
6.65423	0.00605462
6.65448	-0.00216758
6.65472	-0.0117724
6.65496	-0.0113308
6.65521	-0.00439558
6.65545	-0.000524943
6.6557	-0.000709031
6.65594	-0.000331717
6.65619	0.000702965
6.65643	-0.000354338
6.65668	-0.00251928
6.65692	-0.00316639
6.65717	-0.00206029
6.65741	0.00132486
6.65765	0.00814968
6.6579	0.0141137
6.65814	0.0118054
6.65839	0.00336581
6.65863	3.52814e-05
6.65888	0.00405831
6.65912	0.00426856
6.65937	-0.00328288
6.65961	-0.0060717
6.65986	0.00273732
6.6601	0.00957702
6.66035	0.00315547
6.66059	-0.00404732
6.66083	0.00349298
6.66108	0.015691
6.66132	0.0120874
6.66157	-0.00378757
6.66181	-0.00990881
6.66206	-0.000101225
6.6623	0.0113158
6.66255	0.0160613
6.66279	0.0191341
6.66304	0.0209174
6.66328	0.0159044
6.66353	0.00976879
6.66377	0.0142555
6.66401	0.0235033
6.66426	0.0192332
6.6645	0.00226455
6.66475	-0.00604302
6.66499	0.00137271
6.66524	0.00694941
6.66548	0.00106079
6.66573	-0.00143533
6.66597	0.0100281
6.66622	0.0207112
6.66646	0.0150754
6.66671	0.00218468
6.66695	-0.00146245
6.66719	0.00208428
6.66744	0.00175012
6.66768	-0.0010103
6.66793	0.00133815
6.66817	0.00550508
6.66842	0.00449963
6.66866	0.00246292
6.66891	0.00600582
6.66915	0.00938283
6.6694	0.00447894
6.66964	-0.00245116
6.66988	-0.000810749
6.67013	0.0046275
6.67037	0.00175904
6.67062	-0.00610905
6.67086	-0.00425117
6.67111	0.00843845
6.67135	0.016462
6.6716	0.011574
6.67184	0.0036138
6.67209	0.00305445
6.67233	0.0058587
6.67258	0.00247588
6.67282	-0.00700228
6.67306	-0.0136685
6.67331	-0.011295
6.67355	-0.00235309
6.6738	0.00528343
6.67404	0.00549407
6.67429	-0.000783953
6.67453	-0.00695473
6.67478	-0.00802682
6.67502	-0.004679
6.67527	0.000742322
6.67551	0.00802847
6.67576	0.0157841
6.676	0.0185659
6.67624	0.0125629
6.67649	0.00205904
6.67673	-0.00438574
6.67698	-0.00339047
6.67722	0.000699317
6.67747	0.00169718
6.67771	-0.00224439
6.67796	-0.00745289
6.6782	-0.00861116
6.67845	-0.00480965
6.67869	-0.000803886
6.67894	0.000176272
6.67918	0.0023498
6.67942	0.0105605
6.67967	0.019636
6.67991	0.0189615
6.68016	0.00827439
6.6804	-2.13689e-05
6.68065	0.00291055
6.68089	0.0118482
6.68114	0.0169537
6.68138	0.0162132
6.68163	0.0138149
6.68187	0.0123779
6.68212	0.0117063
6.68236	0.0108517
6.6826	0.00800296
6.68285	0.00233374
6.68309	-0.00243836
6.68334	-0.00162592
6.68358	0.00253187
6.68383	0.00324284
6.68407	0.000230297
6.68432	0.000295905
6.68456	0.00527015
6.68481	0.00842563
6.68505	0.0056871
6.68529	0.00152363
6.68554	0.000338764
6.68578	0.000735815
6.68603	0.00170032
6.68627	0.00536626
6.68652	0.0100423
6.68676	0.0097764
6.68701	0.0045367
6.68725	0.00136421
6.6875	0.00220961
6.68774	0.0013004
6.68799	-0.00226912
6.68823	-0.00203526
6.68847	0.00160541
6.68872	-0.000803688
6.68896	-0.00942172
6.68921	-0.0104692
6.68945	0.000795308
6.6897	0.00879657
6.68994	0.00204712
6.69019	-0.00681928
6.69043	-0.00163805
6.69068	0.0104528
6.69092	0.0122848
6.69117	0.00619048
6.69141	0.00832801
6.69165	0.0195514
6.6919	0.0245298
6.69214	0.0185086
6.69239	0.0135166
6.69263	0.0156635
6.69288	0.0158271
6.69312	0.00838107
6.69337	0.00223256
6.69361	0.00530456
6.69386	0.0114477
6.6941	0.011696
6.69435	0.0085088
6.69459	0.00978343
6.69483	0.0155087
6.69508	0.0186587
6.69532	0.0156438
6.69557	0.00959244
6.69581	0.00529572
6.69606	0.0050182
6.6963	0.00792447
6.69655	0.0110017
6.69679	0.0113659
6.69704	0.00874451
6.69728	0.00505068
6.69752	0.00195262
6.69777	-8.85076e-06
6.69801	-0.00100866
6.69826	-0.00193601
6.6985	-0.00332891
6.69875	-0.00370996
6.69899	-0.00170417
6.69924	-4.95742e-05
6.69948	-0.00283123
6.69973	-0.00763426
6.69997	-0.00660577
6.70022	0.00190903
6.70046	0.00917689
6.7007	0.00746217
6.70095	-0.000289977
6.70119	-0.006102
6.70144	-0.00611066
6.70168	-0.000127907
6.70193	0.0107498
6.70217	0.0211747
6.70242	0.0234186
6.70266	0.0174169
6.70291	0.0115835
6.70315	0.00937672
6.7034	0.00494594
6.70364	-0.00267035
6.70388	-0.00395619
6.70413	0.00376832
6.70437	0.00758519
6.70462	0.000170512
6.70486	-0.00441617
6.70511	0.00681483
6.70535	0.020381
6.7056	0.0153214
6.70584	-0.00149435
6.70609	-0.00462334
6.70633	0.00915162
6.70658	0.0166735
6.70682	0.00748441
6.70706	8.61273e-05
6.70731	0.0100704
6.70755	0.0251535
6.7078	0.025393
6.70804	0.0107898
6.70829	-0.00480432
6.70853	-0.0130177
6.70878	-0.0112499
6.70902	0.00291692
6.70927	0.0231086
6.70951	0.0310013
6.70975	0.0174667
6.71	-0.000922552
6.71024	-0.0016142
6.71049	0.0137728
6.71073	0.0243728
6.71098	0.0209546
6.71122	0.0150718
6.71147	0.0170988
6.71171	0.0212055
6.71196	0.0178338
6.7122	0.00949564
6.71245	0.00600476
6.71269	0.0100671
6.71293	0.0149891
6.71318	0.0145107
6.71342	0.0095893
6.71367	0.00531636
6.71391	0.0042542
6.71416	0.00434296
6.7144	0.00267022
6.71465	-0.000555775
6.71489	-0.00312517
6.71514	-0.00454471
6.71538	-0.00581874
6.71563	-0.00608001
6.71587	-0.0032906
6.71611	0.001123
6.71636	0.00247752
6.7166	-0.000763033
6.71685	-0.0045977
6.71709	-0.00514012
6.71734	-0.0027389
6.71758	0.00113423
6.71783	0.00630078
6.71807	0.0107687
6.71832	0.0104548
6.71856	0.00554472
6.71881	0.00207642
6.71905	0.00305387
6.71929	0.00343827
6.71954	-0.000682544
6.71978	-0.00376168
6.72003	0.000776906
6.72027	0.00849599
6.72052	0.00973407
6.72076	0.00463001
6.72101	0.00198571
6.72125	0.00405566
6.7215	0.00371016
6.72174	-0.00173651
6.72198	-0.00539528
6.72223	-0.00371178
6.72247	-0.00359669
6.72272	-0.00974858
6.72296	-0.0142374
6.72321	-0.00796292
6.72345	0.00437421
6.7237	0.0107543
6.72394	0.00839446
6.72419	0.00366623
6.72443	-0.000419127
6.72468	-0.0050533
6.72492	-0.00628675
6.72516	0.00202916
6.72541	0.0148275
6.72565	0.017878
6.7259	0.00706656
6.72614	-0.00537153
6.72639	-0.00871375
6.72663	-0.00726368
6.72688	-0.00940443
6.72712	-0.0131257
6.72737	-0.0116302
6.72761	-0.00592275
6.72786	-0.00170848
6.7281	0.00132616
6.72834	0.00729672
6.72859	0.0143882
6.72883	0.0165922
6.72908	0.0133097
6.72932	0.00897618
6.72957	0.00473039
6.72981	-0.00144124
6.73006	-0.00730076
6.7303	-0.00738786
6.73055	-0.00198075
6.73079	0.00196761
6.73104	0.000175356
6.73128	-0.00389315
6.73152	-0.00431271
6.73177	0.000564923
6.73201	0.00664083
6.73226	0.00718324
6.7325	-0.000410569
6.73275	-0.00908215
6.73299	-0.00808818
6.73324	0.00245096
6.73348	0.0096384
6.73373	0.00518912
6.73397	-0.0035102
6.73421	-0.00672305
6.73446	-0.00708461
6.7347	-0.0104219
6.73495	-0.0115114
6.73519	-0.00375083
6.73544	0.00429476
6.73568	-0.000428883
6.73593	-0.0124528
6.73617	-0.0142718
6.73642	-0.00437205
6.73666	0.000952528
6.73691	-0.00468955
6.73715	-0.00845449
6.73739	-0.00163121
6.73764	0.00672713
6.73788	0.00738442
6.73813	0.00504821
6.73837	0.00556416
6.73862	0.0042718
6.73886	-0.00229686
6.73911	-0.00649864
6.73935	-0.00242843
6.7396	0.00271493
6.73984	0.000801613
6.74009	-0.00386945
6.74033	-0.00335461
6.74057	0.00145976
6.74082	0.00652476
6.74106	0.0127168
6.74131	0.0187809
6.74155	0.0166741
6.7418	0.00461377
6.74204	-0.00517236
6.74229	-0.00301414
6.74253	0.00334408
6.74278	0.00239913
6.74302	-0.00177773
6.74327	0.00234333
6.74351	0.0131485
6.74375	0.0177736
6.744	0.0110173
6.74424	0.000242787
6.74449	-0.00635085
6.74473	-0.00675326
6.74498	-0.00298331
6.74522	0.000578714
6.74547	9.33152e-05
6.74571	-0.00127746
6.74596	0.00387713
6.7462	0.0132814
6.74644	0.0139677
6.74669	0.00242124
6.74693	-0.00634209
6.74718	-0.000433925
6.74742	0.0102741
6.74767	0.0107741
6.74791	0.00487694
6.74816	0.00593544
6.7484	0.0125053
6.74865	0.0118879
6.74889	0.00264861
6.74914	-0.00465996
6.74938	-0.00626627
6.74962	-0.00737547
6.74987	-0.00752711
6.75011	-0.000989879
6.75036	0.00828711
6.7506	0.00861451
6.75085	-0.000669187
6.75109	-0.00686618
6.75134	-0.0027982
6.75158	0.0047922
6.75183	0.00794325
6.75207	0.00681046
6.75232	0.00404249
6.75256	0.000510932
6.7528	-0.0012697
6.75305	0.00143691
6.75329	0.0057982
6.75354	0.00701434
6.75378	0.00626573
6.75403	0.00666508
6.75427	0.00501594
6.75452	-0.00161592
6.75476	-0.00561458
6.75501	0.00126441
6.75525	0.0110828
6.7555	0.00860321
6.75574	-0.00448534
6.75598	-0.011017
6.75623	-0.00470555
6.75647	0.0023605
6.75672	0.00163622
6.75696	0.000175582
6.75721	0.00466198
6.75745	0.00908485
6.7577	0.00669956
6.75794	0.00167822
6.75819	0.000365228
6.75843	0.0012002
6.75868	0.000839996
6.75892	0.00102043
6.75916	0.00253015
6.75941	0.00117212
6.75965	-0.00390988
6.7599	-0.00640413
6.76014	-0.00345492
6.76039	-0.00166311
6.76063	-0.00620952
6.76088	-0.0121465
6.76112	-0.0131593
6.76137	-0.0111464
6.76161	-0.00997956
6.76185	-0.00698766
6.7621	0.00124518
6.76234	0.0101769
6.76259	0.0126291
6.76283	0.00925416
6.76308	0.00653202
6.76332	0.00678547
6.76357	0.00649709
6.76381	0.00336395
6.76406	-0.000297236
6.7643	-0.00158344
6.76455	-0.0012963
6.76479	-0.00293282
6.76503	-0.00762895
6.76528	-0.0108516
6.76552	-0.00665642
6.76577	0.00365918
6.76601	0.0111493
6.76626	0.010356
6.7665	0.00587969
6.76675	0.0034002
6.76699	0.000706105
6.76724	-0.00475432
6.76748	-0.00623031
6.76773	0.00285284
6.76797	0.0142499
6.76821	0.0135297
6.76846	0.00196467
6.7687	-0.00445121
6.76895	0.00111512
6.76919	0.00782235
6.76944	0.00593808
6.76968	0.000198219
6.76993	-0.00171077
6.77017	-0.00161528
6.77042	-0.00351801
6.77066	-0.00345213
6.77091	0.00401066
6.77115	0.0153079
6.77139	0.0219178
6.77164	0.0207405
6.77188	0.0146224
6.77213	0.00671727
6.77237	-0.000272357
6.77262	-0.00282771
6.77286	0.0001051
6.77311	0.00447958
6.77335	0.0052925
6.7736	0.00205462
6.77384	-0.00169759
6.77408	-0.00279989
6.77433	-0.00139933
6.77457	-0.000274615
6.77482	-0.000640554
6.77506	0.00101995
6.77531	0.00766251
6.77555	0.0128547
6.7758	0.00597339
6.77604	-0.0095097
6.77629	-0.0141822
6.77653	0.00128955
6.77678	0.0193266
6.77702	0.0189058
6.77726	0.00625459
6.77751	0.00328017
6.77775	0.0120362
6.778	0.0138671
6.77824	0.00273532
6.77849	-0.00552679
6.77873	-0.00218053
6.77898	0.000204004
6.77922	-0.00735936
6.77947	-0.0126038
6.77971	-0.0037074
6.77996	0.00862458
6.7802	0.00789977
6.78044	-0.00166506
6.78069	-0.0031139
6.78093	0.00636966
6.78118	0.013308
6.78142	0.00925008
6.78167	-4.09827e-05
6.78191	-0.00628703
6.78216	-0.00839821
6.7824	-0.00888889
6.78265	-0.00802017
6.78289	-0.00397615
6.78314	0.00368485
6.78338	0.0112683
6.78362	0.0122606
6.78387	0.00432631
6.78411	-0.00612357
6.78436	-0.0111526
6.7846	-0.0112626
6.78485	-0.0115291
6.78509	-0.0106206
6.78534	-0.00346362
6.78558	0.00685182
6.78583	0.0116173
6.78607	0.0105839
6.78631	0.010905
6.78656	0.0120672
6.7868	0.00647253
6.78705	-0.00359027
6.78729	-0.00588083
6.78754	0.00120345
6.78778	0.00464392
6.78803	-0.0011189
6.78827	-0.00512598
6.78852	-0.000164175
6.78876	0.00497203
6.78901	0.00273559
6.78925	4.04189e-05
6.78949	0.00367037
6.78974	0.00785568
6.78998	0.00733641
6.79023	0.00751857
6.79047	0.0102418
6.79072	0.00564848
6.79096	-0.00875565
6.79121	-0.0175262
6.79145	-0.0108863
6.7917	-0.00243388
6.79194	-0.00599901
6.79219	-0.0111001
6.79243	-0.00210894
6.79267	0.012581
6.79292	0.0140712
6.79316	0.00450804
6.79341	0.000465504
6.79365	0.00312723
6.7939	0.000550532
6.79414	-0.00556556
6.79439	-0.001489
6.79463	0.0115475
6.79488	0.0166483
6.79512	0.00903836
6.79537	0.00212564
6.79561	0.00305484
6.79585	0.00326483
6.7961	-0.00239228
6.79634	-0.00637661
6.79659	-0.00348398
6.79683	0.001525
6.79708	0.00536102
6.79732	0.00961869
6.79757	0.0103425
6.79781	0.00122097
6.79806	-0.010081
6.7983	-0.00719244
6.79854	0.00895082
6.79879	0.0179647
6.79903	0.00988704
6.79928	-0.00147125
6.79952	-0.0026409
6.79977	0.000988821
6.80001	0.00116802
6.80026	0.00302399
6.8005	0.0114799
6.80075	0.016841
6.80099	0.00993128
6.80124	-0.000166455
6.80148	0.000168189
6.80172	0.00669341
6.80197	0.00529202
6.80221	-0.00392567
6.80246	-0.00747895
6.8027	-0.000850939
6.80295	0.00581355
6.80319	0.00490319
6.80344	0.000645273
6.80368	-0.00136691
6.80393	-0.00241669
6.80417	-0.00410295
6.80442	-0.00286919
6.80466	0.00294752
6.8049	0.00717772
6.80515	0.0036979
6.80539	-0.00353095
6.80564	-0.00533014
6.80588	-0.000873927
6.80613	0.00102517
6.80637	-0.00410668
6.80662	-0.00863621
6.80686	-0.0046211
6.80711	0.00268671
6.80735	0.00265787
6.8076	-0.00243616
6.80784	0.000322653
6.80808	0.0123694
6.80833	0.0179304
6.80857	0.00741535
6.80882	-0.00643483
6.80906	-0.00714027
6.80931	0.00127348
6.80955	0.0030578
6.8098	-0.0036546
6.81004	-0.00661577
6.81029	-0.00131914
6.81053	0.00375427
6.81077	0.00378039
6.81102	0.0038111
6.81126	0.00608753
6.81151	0.00534662
6.81175	0.000633848
6.812	-0.000690657
6.81224	0.00468233
6.81249	0.0101849
6.81273	0.00999334
6.81298	0.00609511
6.81322	0.00173051
6.81347	-0.00292972
6.81371	-0.00630497
6.81395	-0.00605318
6.8142	-0.00552409
6.81444	-0.00931143
6.81469	-0.0121324
6.81493	-0.00469388
6.81518	0.0085999
6.81542	0.0127083
6.81567	0.00536694
6.81591	0.000977991
6.81616	0.00615201
6.8164	0.00900564
6.81665	0.00140809
6.81689	-0.00544244
6.81713	-0.000105624
6.81738	0.00921261
6.81762	0.0084795
6.81787	-3.64807e-05
6.81811	-0.00453334
6.81836	-0.00341437
6.8186	-0.00327854
6.81885	-0.00432796
6.81909	-0.00248634
6.81934	-0.000801155
6.81958	-0.00483733
6.81983	-0.0104347
6.82007	-0.00877062
6.82031	-0.000912083
6.82056	0.00386097
6.8208	0.00181464
6.82105	-0.00270597
6.82129	-0.00538434
6.82154	-0.00428585
6.82178	0.0013792
6.82203	0.00689185
6.82227	0.00302409
6.82252	-0.00955428
6.82276	-0.0150556
6.823	-0.00321289
6.82325	0.0131144
6.82349	0.0147316
6.82374	0.00309392
6.82398	-0.00497727
6.82423	-0.00315985
6.82447	0.0010909
6.82472	0.0042965
6.82496	0.00906454
6.82521	0.0109471
6.82545	0.00288643
6.8257	-0.00744886
6.82594	-0.00471882
6.82618	0.00811204
6.82643	0.0113545
6.82667	1.67722e-05
6.82692	-0.00748995
6.82716	0.000788689
6.82741	0.0123712
6.82765	0.0128252
6.8279	0.00736244
6.82814	0.00651666
6.82839	0.00664709
6.82863	0.000463974
6.82888	-0.00614659
6.82912	-0.00442225
6.82936	0.000469645
6.82961	-0.000562069
6.82985	-0.00260011
6.8301	0.00368037
6.83034	0.0114727
6.83059	0.00639635
6.83083	-0.00755909
6.83108	-0.0106929
6.83132	0.0021955
6.83157	0.0128513
6.83181	0.00659983
6.83206	-0.00747202
6.8323	-0.0123782
6.83254	-0.00704198
6.83279	-0.00284088
6.83303	-0.00407102
6.83328	-0.00450049
6.83352	-0.00124494
6.83377	-0.000668286
6.83401	-0.00747833
6.83426	-0.0154813
6.8345	-0.0147387
6.83475	-0.00484914
6.83499	0.00448129
6.83524	0.00595517
6.83548	0.00263391
6.83572	0.00127275
6.83597	0.00247833
6.83621	0.00228892
6.83646	0.000511208
6.8367	0.000935179
6.83695	0.0037487
6.83719	0.00421359
6.83744	5.23422e-05
6.83768	-0.00535661
6.83793	-0.00833004
6.83817	-0.00819851
6.83841	-0.00470998
6.83866	0.00146866
6.8389	0.00495692
6.83915	0.000408745
6.83939	-0.00702511
6.83964	-0.00542976
6.83988	0.00571998
6.84013	0.0115211
6.84037	0.00255768
6.84062	-0.0102616
6.84086	-0.0117265
6.84111	-0.00458211
6.84135	-0.00286294
6.84159	-0.0083606
6.84184	-0.00839577
6.84208	0.00342637
6.84233	0.0173297
6.84257	0.0210349
6.84282	0.0136829
6.84306	0.00287209
6.84331	-0.00487282
6.84355	-0.00775596
6.8438	-0.00824665
6.84404	-0.0107142
6.84429	-0.0155974
6.84453	-0.0168081
6.84477	-0.00992741
6.84502	-0.000691498
6.84526	0.00165104
6.84551	-0.00269604
6.84575	-0.00604146
6.846	-0.00610603
6.84624	-0.00682203
6.84649	-0.00734787
6.84673	-0.00257959
6.84698	0.00408716
6.84722	0.00213064
6.84747	-0.00748833
6.84771	-0.00904614
6.84795	0.00417472
6.8482	0.0155879
6.84844	0.00754545
6.84869	-0.0112126
6.84893	-0.0160654
6.84918	-0.000704494
6.84942	0.0152684
6.84967	0.0145017
6.84991	0.00313829
6.85016	-0.00241312
6.8504	0.00117045
6.85064	0.00398993
6.85089	0.000372733
6.85113	-0.00440526
6.85138	-0.00440732
6.85162	-0.00102167
6.85187	0.00201805
6.85211	0.00479712
6.85236	0.00790231
6.8526	0.00804581
6.85285	0.00288145
6.85309	-0.00314788
6.85334	-0.00438813
6.85358	-0.00288612
6.85382	-0.00385535
6.85407	-0.00431205
6.85431	0.00285663
6.85456	0.0130128
6.8548	0.0115922
6.85505	-0.00297744
6.85529	-0.0122851
6.85554	-0.00378429
6.85578	0.00942403
6.85603	0.0088733
6.85627	-0.000460261
6.85652	-0.000372616
6.85676	0.00916825
6.857	0.0113835
6.85725	0.00323865
6.85749	0.000384674
6.85774	0.00789845
6.85798	0.0102198
6.85823	-0.000296281
6.85847	-0.00712088
6.85872	0.00348533
6.85896	0.0179897
6.85921	0.0165033
6.85945	0.00389308
6.8597	-0.000605045
6.85994	0.00502565
6.86018	0.00638349
6.86043	3.70963e-05
6.86067	-0.00195952
6.86092	0.0048578
6.86116	0.00988011
6.86141	0.00702076
6.86165	0.00444117
6.8619	0.00818052
6.86214	0.0108215
6.86239	0.0052777
6.86263	-0.00171933
6.86287	-0.00032011
6.86312	0.00619825
6.86336	0.00675834
6.86361	-9.19441e-05
6.86385	-0.00451162
6.8641	-0.000645973
6.86434	0.00543997
6.86459	0.00609566
6.86483	0.00383518
6.86508	0.00654408
6.86532	0.0135059
6.86557	0.0144531
6.86581	0.00546206
6.86605	-0.0021325
6.8663	0.00292974
6.86654	0.0130041
6.86679	0.0110634
6.86703	-0.00194187
6.86728	-0.00573041
6.86752	0.00776339
6.86777	0.018701
6.86801	0.00815463
6.86826	-0.0116921
6.8685	-0.0149245
6.86875	-0.000612604
6.86899	0.00815401
6.86923	0.00142797
6.86948	-0.00471631
6.86972	0.00291201
6.86997	0.0140349
6.87021	0.0137928
6.87046	0.00576025
6.8707	0.00267774
6.87095	0.00564053
6.87119	0.0065581
6.87144	0.0039467
6.87168	0.00270924
6.87193	0.00241186
6.87217	-0.00164068
6.87241	-0.00734786
6.87266	-0.00706016
6.8729	-0.000219191
6.87315	0.00475237
6.87339	0.00279677
6.87364	-0.00141222
6.87388	-0.00188842
6.87413	0.00050967
6.87437	0.00179058
6.87462	0.00179005
6.87486	0.00302721
6.8751	0.00497806
6.87535	0.00374009
6.87559	-0.00216052
6.87584	-0.00794186
6.87608	-0.0064604
6.87633	0.00358246
6.87657	0.0144224
6.87682	0.0160104
6.87706	0.00625707
6.87731	-0.00686687
6.87755	-0.0135357
6.8778	-0.0107349
6.87804	-0.00293683
6.87828	0.00314097
6.87853	0.00357658
6.87877	-0.000484451
6.87902	-0.00412937
6.87926	-0.00354831
6.87951	0.0001676
6.87975	0.00376455
6.88	0.00712553
6.88024	0.0117311
6.88049	0.014382
6.88073	0.0089148
6.88098	-0.00338718
6.88122	-0.0114814
6.88146	-0.00776619
6.88171	0.00109913
6.88195	0.00282904
6.8822	-0.00421069
6.88244	-0.0103754
6.88269	-0.00890128
6.88293	-0.00322699
6.88318	0.000379707
6.88342	0.000552151
6.88367	-0.0010868
6.88391	-0.00374633
6.88416	-0.00602158
6.8844	-0.00499474
6.88464	-0.000273153
6.88489	0.0043016
6.88513	0.00595345
6.88538	0.00678532
6.88562	0.00933052
6.88587	0.0118494
6.88611	0.0117711
6.88636	0.0104278
6.8866	0.0098452
6.88685	0.00795504
6.88709	0.00238522
6.88733	-0.00365777
6.88758	-0.00558369
6.88782	-0.00531167
6.88807	-0.00760108
6.88831	-0.0100997
6.88856	-0.00622518
6.8888	0.0019471
6.88905	0.00445407
6.88929	-0.000210701
6.88954	-0.00118863
6.88978	0.00614517
6.89003	0.00927536
6.89027	-0.00318254
6.89051	-0.0212009
6.89076	-0.0249986
6.891	-0.0123625
6.89125	-8.45089e-05
6.89149	0.000935902
6.89174	-0.00192872
6.89198	0.00180252
6.89223	0.0102184
6.89247	0.0143425
6.89272	0.0108893
6.89296	0.00397039
6.89321	-0.00129844
6.89345	-0.00316195
6.89369	-0.00395661
6.89394	-0.00711931
6.89418	-0.0107243
6.89443	-0.00700396
6.89467	0.00592586
6.89492	0.0163246
6.89516	0.0123804
6.89541	3.97228e-05
6.89565	-0.00495861
6.8959	-0.00057019
6.89614	0.00126368
6.89639	-0.0022738
6.89663	4.28067e-05
6.89687	0.0104788
6.89712	0.0136437
6.89736	0.00116071
6.89761	-0.0120775
6.89785	-0.0102868
6.8981	-0.00108812
6.89834	-0.000805147
6.89859	-0.00676284
6.89883	-0.00348946
6.89908	0.0098468
6.89932	0.0175092
6.89956	0.0111222
6.89981	-0.000876495
6.90005	-0.00797399
6.9003	-0.0079704
6.90054	-0.0022168
6.90079	0.00667315
6.90103	0.011455
6.90128	0.00645349
6.90152	-0.00176603
6.90177	-0.001221
6.90201	0.00696409
6.90226	0.00860055
6.9025	-0.00262805
6.90274	-0.0156261
6.90299	-0.0174859
6.90323	-0.0090643
6.90348	-3.4248e-05
6.90372	0.00404501
6.90397	0.00464
6.90421	0.00550625
6.90446	0.00903713
6.9047	0.0140077
6.90495	0.0154862
6.90519	0.0104513
6.90544	0.00302151
6.90568	-0.00039717
6.90592	0.000371755
6.90617	0.00140056
6.90641	0.00313205
6.90666	0.00861908
6.9069	0.0141674
6.90715	0.0111375
6.90739	-0.00114953
6.90764	-0.012596
6.90788	-0.0151879
6.90813	-0.0115921
6.90837	-0.00796613
6.90862	-0.00498245
6.90886	-0.000325426
6.9091	0.00487429
6.90935	0.00688571
6.90959	0.00425643
6.90984	-0.00142687
6.91008	-0.00818549
6.91033	-0.0146361
6.91057	-0.0187643
6.91082	-0.0176317
6.91106	-0.0102951
6.91131	-0.0017159
6.91155	-0.000379699
6.91179	-0.00758834
6.91204	-0.0122109
6.91228	-0.00413668
6.91253	0.00868386
6.91277	0.00832297
6.91302	-0.00648331
6.91326	-0.0159736
6.91351	-0.00766487
6.91375	0.00555123
6.914	0.00590611
6.91424	-0.00391225
6.91449	-0.0094923
6.91473	-0.00767036
6.91497	-0.00512041
6.91522	-0.00247369
6.91546	0.00363759
6.91571	0.00872092
6.91595	0.00649376
6.9162	0.00187238
6.91644	0.00292562
6.91669	0.0054027
6.91693	0.000770744
6.91718	-0.00634946
6.91742	-0.00567766
6.91767	-0.000412262
6.91791	-0.000978353
6.91815	-0.00541185
6.9184	-0.00511783
6.91864	-0.0040229
6.91889	-0.0105234
6.91913	-0.0163961
6.91938	-0.00850166
6.91962	0.00333884
6.91987	-0.00134428
6.92011	-0.0156543
6.92036	-0.0119159
6.9206	0.0109927
6.92085	0.0214521
6.92109	0.00536338
6.92133	-0.0115693
6.92158	-0.00688101
6.92182	0.00533609
6.92207	0.00438582
6.92231	-0.00226148
6.92256	0.00136709
6.9228	0.00869033
6.92305	0.00555833
6.92329	-0.00183084
6.92354	-0.000106017
6.92378	0.00470274
6.92403	-0.000709738
6.92427	-0.00981184
6.92451	-0.00642113
6.92476	0.00620979
6.925	0.0100412
6.92525	0.000730465
6.92549	-0.00910023
6.92574	-0.0109333
6.92598	-0.00710115
6.92623	-0.000949157
6.92647	0.00440844
6.92672	0.00325972
6.92696	-0.0032991
6.9272	-0.00342211
6.92745	0.00686497
6.92769	0.012845
6.92794	0.00436829
6.92818	-0.00426402
6.92843	0.00259461
6.92867	0.0132283
6.92892	0.00755622
6.92916	-0.00686768
6.92941	-0.00622624
6.92965	0.00931247
6.9299	0.0165198
6.93014	0.007959
6.93038	0.000776615
6.93063	0.00503883
6.93087	0.0105142
6.93112	0.00935107
6.93136	0.00709111
6.93161	0.00576373
6.93185	-0.000874976
6.9321	-0.00960646
6.93234	-0.007779
6.93259	0.00279756
6.93283	0.00440125
6.93308	-0.0070351
6.93332	-0.0135838
6.93356	-0.00530965
6.93381	0.00425956
6.93405	0.00406195
6.9343	0.00431773
6.93454	0.0141575
6.93479	0.0206091
6.93503	0.00888495
6.93528	-0.0113086
6.93552	-0.0191023
6.93577	-0.0117434
6.93601	-0.00304973
6.93626	-0.000696545
6.9365	-0.00148049
6.93674	-0.00335036
6.93699	-0.00688979
6.93723	-0.00830918
6.93748	-0.00369172
6.93772	0.00236968
6.93797	0.00259302
6.93821	-0.00174784
6.93846	-0.00417964
6.9387	-0.00342658
6.93895	-0.00185823
6.93919	0.00165148
6.93943	0.00834906
6.93968	0.0134843
6.93992	0.012431
6.94017	0.0088062
6.94041	0.00822599
6.94066	0.00861604
6.9409	0.00539861
6.94115	0.00127286
6.94139	0.00113563
6.94164	0.00195816
6.94188	-0.00163282
6.94213	-0.00565193
6.94237	-0.00234007
6.94261	0.00518324
6.94286	0.00624041
6.9431	-0.000452841
6.94335	-0.00564085
6.94359	-0.00553362
6.94384	-0.00575029
6.94408	-0.00729759
6.94433	-0.00287022
6.94457	0.0073689
6.94482	0.0102986
6.94506	-0.000227205
6.94531	-0.00962701
6.94555	-0.00204285
6.94579	0.0143452
6.94604	0.0172609
6.94628	0.0026476
6.94653	-0.00962144
6.94677	-0.00486727
6.94702	0.00707396
6.94726	0.00919439
6.94751	0.00153395
6.94775	-0.00319869
6.948	-0.000173486
6.94824	0.00409343
6.94849	0.0050485
6.94873	0.00475124
6.94897	0.00415698
6.94922	0.00170663
6.94946	0.000203847
6.94971	0.00494432
6.94995	0.0133882
6.9502	0.0161827
6.95044	0.0106408
6.95069	0.0042505
6.95093	0.00283617
6.95118	0.00468711
6.95142	0.00814684
6.95166	0.0137845
6.95191	0.0162081
6.95215	0.00687006
6.9524	-0.00972846
6.95264	-0.0163879
6.95289	-0.00710368
6.95313	0.00351541
6.95338	0.00380265
6.95362	0.00222921
6.95387	0.00821996
6.95411	0.0123203
6.95436	0.00406839
6.9546	-0.00449255
6.95484	0.00354709
6.95509	0.0186948
6.95533	0.0175054
6.95558	0.001131
6.95582	-0.00612208
6.95607	0.00373562
6.95631	0.0123109
6.95656	0.00833706
6.9568	0.00359261
6.95705	0.00661211
6.95729	0.00668092
6.95754	-0.0026667
6.95778	-0.00740607
6.95802	0.00337939
6.95827	0.0171098
6.95851	0.0180574
6.95876	0.0108739
6.959	0.00634168
6.95925	0.00079587
6.95949	-0.0100475
6.95974	-0.012874
6.95998	0.00326899
6.96023	0.0212882
6.96047	0.0174342
6.96072	8.78911e-05
6.96096	-0.00206139
6.9612	0.0131178
6.96145	0.0178146
6.96169	0.00102519
6.96194	-0.0132573
6.96218	-0.00614311
6.96243	0.00643782
6.96267	0.00267592
6.96292	-0.0093917
6.96316	-0.00876402
6.96341	0.00167691
6.96365	0.00172304
6.96389	-0.010422
6.96414	-0.0153247
6.96438	-0.00493453
6.96463	0.00582422
6.96487	0.00508223
6.96512	0.000895755
6.96536	0.00303692
6.96561	0.00563764
6.96585	0.000839911
6.9661	-0.00403
6.96634	0.00145015
6.96659	0.0108949
6.96683	0.0101535
6.96707	0.000796865
6.96732	-0.0029809
6.96756	0.00114012
6.96781	0.000807384
6.96805	-0.00733027
6.9683	-0.0102073
6.96854	-0.00144248
6.96879	0.0061746
6.96903	0.00268705
6.96928	-0.000666212
6.96952	0.00902666
6.96977	0.0214574
6.97001	0.0177705
6.97025	0.00220325
6.9705	-0.00319292
6.97074	0.00693349
6.97099	0.0146091
6.97123	0.00922298
6.97148	0.0028459
6.97172	0.00665995
6.97197	0.011431
6.97221	0.00447767
6.97246	-0.00822688
6.9727	-0.0116035
6.97295	-0.00372037
6.97319	0.00513637
6.97343	0.00899055
6.97368	0.00932611
6.97392	0.00685964
6.97417	0.00189684
6.97441	-0.00088622
6.97466	0.00139263
6.9749	0.00249566
6.97515	-0.00381
6.97539	-0.0111759
6.97564	-0.00862198
6.97588	0.00172772
6.97612	0.00714058
6.97637	0.00354309
6.97661	-0.000147428
6.97686	0.00205992
6.9771	0.00503293
6.97735	0.00324292
6.97759	-0.000966514
6.97784	-0.00393365
6.97808	-0.00624367
6.97833	-0.00751459
6.97857	-0.00451081
6.97882	0.000840534
6.97906	0.000694695
6.9793	-0.00536845
6.97955	-0.00553434
6.97979	0.00685302
6.98004	0.0191575
6.98028	0.0148452
6.98053	-0.00144839
6.98077	-0.00828858
6.98102	0.00267094
6.98126	0.0150602
6.98151	0.0116815
6.98175	-0.00155006
6.982	-0.00589886
6.98224	0.00280912
6.98248	0.0101464
6.98273	0.00581373
6.98297	-0.00224832
6.98322	-0.00172521
6.98346	0.00554631
6.98371	0.00796757
6.98395	0.00229665
6.9842	-0.00293539
6.98444	-0.00171686
6.98469	0.00140435
6.98493	0.000625227
6.98518	-0.00186472
6.98542	-0.00156456
6.98566	-0.000811944
6.98591	-0.00488826
6.98615	-0.0118476
6.9864	-0.0139306
6.98664	-0.00910912
6.98689	-0.00443367
6.98713	-0.00584054
6.98738	-0.0100005
6.98762	-0.00977104
6.98787	-0.00417872
6.98811	0.0012097
6.98835	0.00236251
6.9886	0.00128443
6.98884	0.00216591
6.98909	0.0060698
6.98933	0.0108408
6.98958	0.0144239
6.98982	0.0161383
6.99007	0.0152595
6.99031	0.0107466
6.99056	0.00336071
6.9908	-0.00349381
6.99105	-0.00660849
6.99129	-0.00600813
6.99153	-0.00409308
6.99178	-0.00275871
6.99202	-0.00272445
6.99227	-0.00423478
6.99251	-0.00592334
6.99276	-0.00413927
6.993	0.0030966
6.99325	0.0116228
6.99349	0.0145246
6.99374	0.0107556
6.99398	0.00640907
6.99423	0.00605816
6.99447	0.00726506
6.99471	0.00638523
6.99496	0.00518505
6.9952	0.00701955
6.99545	0.00991582
6.99569	0.00950179
6.99594	0.00704389
6.99618	0.00786982
6.99643	0.011755
6.99667	0.0119783
6.99692	0.00623745
6.99716	0.00176491
6.99741	0.00474053
6.99765	0.00991533
6.99789	0.00785156
6.99814	-0.000159883
6.99838	-0.00283083
6.99863	0.0047715
6.99887	0.0136742
6.99912	0.0136813
6.99936	0.00679015
6.99961	0.00167268
6.99985	-0.000157941
7.0001	-0.0037123
7.00034	-0.00817609
7.00059	-0.0058007
7.00083	0.00445875
7.00107	0.0119784
7.00132	0.00883696
7.00156	0.00145748
7.00181	0.000121649
7.00205	0.00299619
7.0023	0.00050987
7.00254	-0.00771047
7.00279	-0.0116358
7.00303	-0.00664954
7.00328	0.000249518
7.00352	0.00275
7.00376	0.00376987
7.00401	0.00692648
7.00425	0.00828265
7.0045	0.00355743
7.00474	-0.00305393
7.00499	-0.0049766
7.00523	-0.00337503
7.00548	-0.00330933
7.00572	-0.00364078
7.00597	0.000397062
7.00621	0.00666974
7.00646	0.0076837
7.0067	0.00287736
7.00694	0.000257883
7.00719	0.00343644
7.00743	0.005533
7.00768	0.000629577
7.00792	-0.0056651
7.00817	-0.00394027
7.00841	0.00467247
7.00866	0.00936657
7.0089	0.00440727
7.00915	-0.00327235
7.00939	-0.00329788
7.00964	0.00512792
7.00988	0.0125123
7.01012	0.0102216
7.01037	-0.000207099
7.01061	-0.00962253
7.01086	-0.0116424
7.0111	-0.00839313
7.01135	-0.00556837
7.01159	-0.00460842
7.01184	-0.00278735
7.01208	0.000396767
7.01233	0.00173155
7.01257	0.000199479
7.01282	-0.000328567
7.01306	0.00258024
7.0133	0.0047656
7.01355	0.00144417
7.01379	-0.0039847
7.01404	-0.0030814
7.01428	0.00571964
7.01453	0.0140557
7.01477	0.0142122
7.01502	0.00784443
7.01526	0.00144262
7.01551	-0.00240043
7.01575	-0.00499615
7.01599	-0.00600657
7.01624	-0.00313927
7.01648	0.00333359
7.01673	0.00986287
7.01697	0.0135112
7.01722	0.0137168
7.01746	0.0108013
7.01771	0.00587738
7.01795	0.0018197
7.0182	0.00109343
7.01844	0.00268876
7.01869	0.00406475
7.01893	0.00550766
7.01917	0.00896644
7.01942	0.0130109
7.01966	0.0133547
7.01991	0.00918104
7.02015	0.00503583
7.0204	0.00513565
7.02064	0.00879478
7.02089	0.0122737
7.02113	0.0123469
7.02138	0.00813347
7.02162	0.00265602
7.02187	0.00163493
7.02211	0.0063283
7.02235	0.00915202
7.0226	0.00298206
7.02284	-0.00637127
7.02309	-0.00613953
7.02333	0.00406923
7.02358	0.00983548
7.02382	0.00293567
7.02407	-0.0064805
7.02431	-0.00620157
7.02456	-0.000201308
7.0248	9.97646e-05
7.02505	-0.00487888
7.02529	-0.00498727
7.02553	0.00239983
7.02578	0.00952991
7.02602	0.0110248
7.02627	0.00863047
7.02651	0.0043305
7.02676	-0.000982708
7.027	-0.00278326
7.02725	0.00271903
7.02749	0.00973555
7.02774	0.00886567
7.02798	0.00193779
7.02822	-0.000187056
7.02847	0.00472396
7.02871	0.00703766
7.02896	0.00210909
7.0292	-0.00230962
7.02945	-0.000283856
7.02969	0.00277879
7.02994	0.00168383
7.03018	0.0015898
7.03043	0.00776227
7.03067	0.0140774
7.03092	0.0119755
7.03116	0.00491167
7.0314	0.00368797
7.03165	0.01053
7.03189	0.0165863
7.03214	0.0141567
7.03238	0.00508554
7.03263	-0.00243834
7.03287	-0.00161627
7.03312	0.0069685
7.03336	0.0150961
7.03361	0.0156341
7.03385	0.0119906
7.0341	0.0129643
7.03434	0.0178762
7.03458	0.0166948
7.03483	0.00814798
7.03507	0.00532961
7.03532	0.0152767
7.03556	0.0249154
7.03581	0.0196697
7.03605	0.00643056
7.0363	0.00247752
7.03654	0.00807128
7.03679	0.00829997
7.03703	0.000220972
7.03728	-0.00152772
7.03752	0.00963719
7.03776	0.0188706
7.03801	0.0117146
7.03825	-0.00391556
7.0385	-0.00966915
7.03874	-0.00230566
7.03899	0.00542467
7.03923	0.00532684
7.03948	0.00265852
7.03972	0.00401395
7.03997	0.00702704
7.04021	0.00662905
7.04045	0.00465323
7.0407	0.00658991
7.04094	0.0115476
7.04119	0.012403
7.04143	0.0070201
7.04168	0.00318855
7.04192	0.00780053
7.04217	0.0153365
7.04241	0.0144723
7.04266	0.00498569
7.0429	-0.000880361
7.04315	0.00360352
7.04339	0.00940341
7.04363	0.00569356
7.04388	-0.00342226
7.04412	-0.00541151
7.04437	0.00176701
7.04461	0.00763239
7.04486	0.00512452
7.0451	-0.000951324
7.04535	-0.00281258
7.04559	0.000718655
7.04584	0.00570155
7.04608	0.00814075
7.04633	0.00582118
7.04657	0.000389697
7.04681	-0.00152064
7.04706	0.00495113
7.0473	0.0141545
7.04755	0.0145624
7.04779	0.00394635
7.04804	-0.00673961
7.04828	-0.00724002
7.04853	0.000743437
7.04877	0.00925667
7.04902	0.0141553
7.04926	0.0149118
7.04951	0.0110009
7.04975	0.00490366
7.04999	0.00372104
7.05024	0.0104743
7.05048	0.0170681
7.05073	0.0136349
7.05097	0.00313658
7.05122	-0.0015145
7.05146	0.00467599
7.05171	0.0118648
7.05195	0.00948665
7.0522	0.000685581
7.05244	-0.0031378
7.05268	0.00150438
7.05293	0.00648273
7.05317	0.00457804
7.05342	-0.00067394
7.05366	-0.0011274
7.05391	0.00412759
7.05415	0.00844481
7.0544	0.00791993
7.05464	0.00603668
7.05489	0.00654906
7.05513	0.00719678
7.05538	0.00449878
7.05562	0.000997077
7.05586	0.00226679
7.05611	0.00815785
7.05635	0.0123452
7.0566	0.010819
7.05684	0.00639199
7.05709	0.00382108
7.05733	0.00422229
7.05758	0.00576634
7.05782	0.00681814
7.05807	0.00652591
7.05831	0.00446691
7.05856	0.00166591
7.0588	0.000922253
7.05904	0.00450966
7.05929	0.0112509
7.05953	0.0160565
7.05978	0.0133745
7.06002	0.00324419
7.06027	-0.00606797
7.06051	-0.00502638
7.06076	0.00582696
7.061	0.0151872
7.06125	0.0142942
7.06149	0.00672245
7.06174	0.00119304
7.06198	-0.000117591
7.06222	0.000230965
7.06247	0.00341807
7.06271	0.0115404
7.06296	0.0187616
7.0632	0.0163156
7.06345	0.00701916
7.06369	0.00384311
7.06394	0.0109955
7.06418	0.0170196
7.06443	0.0121484
7.06467	0.0029038
7.06491	0.00144983
7.06516	0.0078012
7.0654	0.0121309
7.06565	0.0103519
7.06589	0.00772686
7.06614	0.00852063
7.06638	0.0106151
7.06663	0.0109029
7.06687	0.00951344
7.06712	0.00750613
7.06736	0.00513731
7.06761	0.0033718
7.06785	0.00361131
7.06809	0.00558124
7.06834	0.0082175
7.06858	0.0116148
7.06883	0.0147717
7.06907	0.01324
7.06932	0.00420619
7.06956	-0.00659596
7.06981	-0.00898769
7.07005	-0.000932899
7.0703	0.00805884
7.07054	0.0088136
7.07079	0.00355906
7.07103	0.00123937
7.07127	0.00475404
7.07152	0.00812479
7.07176	0.00612598
7.07201	0.00171889
7.07225	0.00149497
7.0725	0.00680735
7.07274	0.0129525
7.07299	0.0159014
7.07323	0.0159707
7.07348	0.0146848
7.07372	0.0121486
7.07397	0.00932737
7.07421	0.00915601
7.07445	0.0121737
7.0747	0.0138555
7.07494	0.0101062
7.07519	0.00331245
7.07543	-0.00121978
7.07568	-0.00288271
7.07592	-0.00476961
7.07617	-0.00643168
7.07641	-0.0039819
7.07666	0.00199013
7.0769	0.00495611
7.07715	0.00152447
7.07739	-0.00285779
7.07763	-0.000699873
7.07788	0.00809905
7.07812	0.0165949
7.07837	0.0185569
7.07861	0.0135385
7.07886	0.00558578
7.0791	-0.00114688
7.07935	-0.00537593
7.07959	-0.00736674
7.07984	-0.00549184
7.08008	0.00245125
7.08032	0.0129167
7.08057	0.0165788
7.08081	0.0094099
7.08106	-0.000389487
7.0813	-0.00274443
7.08155	0.000972093
7.08179	0.00270242
7.08204	0.00182479
7.08228	0.00401621
7.08253	0.00828767
7.08277	0.00757052
7.08302	0.00262283
7.08326	0.00254379
7.0835	0.00896142
7.08375	0.0123835
7.08399	0.00820335
7.08424	0.00358905
7.08448	0.0032457
7.08473	0.00150374
7.08497	-0.00428056
7.08522	-0.00565249
7.08546	0.00210652
7.08571	0.00903984
7.08595	0.00548703
7.0862	-0.00260395
7.08644	-0.005008
7.08668	-0.00371366
7.08693	-0.00506871
7.08717	-0.00497972
7.08742	0.00288123
7.08766	0.0114969
7.08791	0.00943119
7.08815	0.000427124
7.0884	-0.00211629
7.08864	0.00282293
7.08889	0.00349729
7.08913	-0.00393742
7.08938	-0.0096106
7.08962	-0.00587586
7.08986	0.0038559
7.09011	0.0133227
7.09035	0.0193123
7.0906	0.0193188
7.09084	0.0137312
7.09109	0.00925296
7.09133	0.0100837
7.09158	0.00911268
7.09182	-0.000313418
7.09207	-0.00893844
7.09231	-0.00346318
7.09255	0.00994955
7.0928	0.0124413
7.09304	0.00148959
7.09329	-0.00645353
7.09353	-0.00350362
7.09378	0.000217455
7.09402	-0.00117316
7.09427	0.00136062
7.09451	0.012365
7.09476	0.0209909
7.095	0.0194661
7.09525	0.0156502
7.09549	0.0168754
7.09573	0.0172331
7.09598	0.0118103
7.09622	0.00802802
7.09647	0.0108687
7.09671	0.0116289
7.09696	0.00415278
7.0972	-0.00207855
7.09745	0.00127597
7.09769	0.00578008
7.09794	0.00236841
7.09818	-0.000974851
7.09843	0.00512271
7.09867	0.0114317
7.09891	0.0057213
7.09916	-0.00313066
7.0994	0.000844831
7.09965	0.0111988
7.09989	0.00830869
7.10014	-0.0065215
7.10038	-0.0122034
7.10063	-0.00314629
7.10087	0.00250471
7.10112	-0.005086
7.10136	-0.0115661
7.10161	-0.00461485
7.10185	0.00492718
7.10209	0.00209989
7.10234	-0.00796768
7.10258	-0.0106318
7.10283	-0.00554635
7.10307	-0.00387881
7.10332	-0.00800707
7.10356	-0.00912812
7.10381	-0.0032548
7.10405	0.00328039
7.1043	0.00564811
7.10454	0.00772422
7.10478	0.0136801
7.10503	0.0191438
7.10527	0.0163017
7.10552	0.00558354
7.10576	-0.00275722
7.10601	-0.000311228
7.10625	0.00886552
7.1065	0.0129091
7.10674	0.00727097
7.10699	0.000422302
7.10723	0.00166228
7.10748	0.00786988
7.10772	0.00850936
7.10796	0.00177276
7.10821	-0.00212144
7.10845	0.00420962
7.1087	0.0135804
7.10894	0.0127511
7.10919	0.000263941
7.10943	-0.0101385
7.10968	-0.00586511
7.10992	0.00861953
7.11017	0.0170865
7.11041	0.0120345
7.11066	0.00326345
7.1109	0.00271054
7.11114	0.00773568
7.11139	0.00763647
7.11163	0.00198502
7.11188	0.000661948
7.11212	0.00629521
7.11237	0.00958848
7.11261	0.00529116
7.11286	0.000545259
7.1131	0.00161713
7.11335	0.00361467
7.11359	0.00100427
7.11384	-0.00174174
7.11408	0.00115045
7.11432	0.00617037
7.11457	0.00775841
7.11481	0.0079615
7.11506	0.00966693
7.1153	0.00870837
7.11555	0.00286298
7.11579	2.26983e-06
7.11604	0.00567541
7.11628	0.0111109
7.11653	0.00670182
7.11677	-0.000900184
7.11701	-0.000181783
7.11726	0.00462946
7.1175	0.00199432
7.11775	-0.00400524
7.11799	0.00054417
7.11824	0.0133878
7.11848	0.0172076
7.11873	0.00776988
7.11897	0.000244738
7.11922	0.00364274
7.11946	0.00885264
7.11971	0.00832973
7.11995	0.00857459
7.12019	0.0141037
7.12044	0.0162153
7.12068	0.00888807
7.12093	0.00147781
7.12117	0.00377634
7.12142	0.0104563
7.12166	0.011993
7.12191	0.0103828
7.12215	0.0121715
7.1224	0.0150826
7.12264	0.0134575
7.12289	0.00947172
7.12313	0.00783617
7.12337	0.00637015
7.12362	0.00255772
7.12386	0.00226492
7.12411	0.0102098
7.12435	0.0180491
7.1246	0.0148665
7.12484	0.00515425
7.12509	0.00309215
7.12533	0.0109867
7.12558	0.0163882
7.12582	0.0112868
7.12607	0.00263156
7.12631	0.000721381
7.12655	0.00573693
7.1268	0.00979183
7.12704	0.00726061
7.12729	0.000280828
7.12753	-0.00327005
7.12778	0.0029596
7.12802	0.015962
7.12827	0.0240989
7.12851	0.0190453
7.12876	0.00543324
7.129	-0.00477404
7.12924	-0.00546383
7.12949	-0.00033229
7.12973	0.00379407
7.12998	0.00324312
7.13022	-0.00105601
7.13047	-0.00453895
7.13071	-0.00311439
7.13096	0.00107791
7.1312	0.00137953
7.13145	-0.00299939
7.13169	-0.00368408
7.13194	0.00455612
7.13218	0.0139249
7.13242	0.0140077
7.13267	0.00771591
7.13291	0.00670361
7.13316	0.0126605
7.1334	0.0145627
7.13365	0.00648518
7.13389	-0.00247957
7.13414	-0.00144256
7.13438	0.00705579
7.13463	0.0120224
7.13487	0.00925272
7.13512	0.00417993
7.13536	0.00185206
7.1356	0.00134632
7.13585	0.000482974
7.13609	-8.32712e-05
7.13634	0.000215005
7.13658	-0.000683359
7.13683	-0.00371571
7.13707	-0.0053967
7.13732	-0.00225716
7.13756	0.00320728
7.13781	0.00562179
7.13805	0.00507771
7.1383	0.00686518
7.13854	0.011788
7.13878	0.0129794
7.13903	0.00627018
7.13927	-0.00147507
7.13952	-0.000504821
7.13976	0.00829144
7.14001	0.0146904
7.14025	0.0130333
7.1405	0.00841058
7.14074	0.00825392
7.14099	0.013082
7.14123	0.017376
7.14147	0.0162661
7.14172	0.0101838
7.14196	0.00479404
7.14221	0.00562769
7.14245	0.0109088
7.1427	0.0125407
7.14294	0.00745222
7.14319	0.00356601
7.14343	0.00860997
7.14368	0.0174872
7.14392	0.0193474
7.14417	0.0140034
7.14441	0.0106306
7.14465	0.0115596
7.1449	0.00972141
7.14514	0.00356692
7.14539	0.00155483
7.14563	0.0072477
7.14588	0.0119697
7.14612	0.00920787
7.14637	0.00587789
7.14661	0.0106354
7.14686	0.0192777
7.1471	0.0211561
7.14735	0.0141585
7.14759	0.00469499
7.14783	-0.0022674
7.14808	-0.00523925
7.14832	-0.00318836
7.14857	0.00153629
7.14881	0.00184035
7.14906	-0.00449973
7.1493	-0.00847044
7.14955	-0.00186677
7.14979	0.00868935
7.15004	0.00992824
7.15028	0.00108322
7.15053	-0.00613197
7.15077	-0.00537277
7.15101	-0.00202499
7.15126	-0.00094753
7.1515	0.000786451
7.15175	0.0053801
7.15199	0.0082182
7.15224	0.00554002
7.15248	0.00107982
7.15273	-9.8204e-05
7.15297	0.00132612
7.15322	0.00268338
7.15346	0.00456285
7.1537	0.00705916
7.15395	0.00610905
7.15419	0.000173691
7.15444	-0.00370913
7.15468	0.00146633
7.15493	0.0105578
7.15517	0.011994
7.15542	0.00554027
7.15566	0.00401679
7.15591	0.0135251
7.15615	0.0218633
7.1564	0.0150422
7.15664	-0.00139149
7.15688	-0.00874762
7.15713	-0.000409065
7.15737	0.0111079
7.15762	0.0133755
7.15786	0.00856903
7.15811	0.00438202
7.15835	0.0014351
7.1586	-0.00219808
7.15884	-0.00251554
7.15909	0.00399663
7.15933	0.0108783
7.15958	0.0093812
7.15982	0.00259942
7.16006	0.00122306
7.16031	0.00659432
7.16055	0.00898729
7.1608	0.00384545
7.16104	-0.000542669
7.16129	0.00463943
7.16153	0.0160928
7.16178	0.0224742
7.16202	0.0170331
7.16227	0.0037437
7.16251	-0.00647958
7.16276	-0.00550387
7.163	0.0036277
7.16324	0.00974621
7.16349	0.00758939
7.16373	0.00411929
7.16398	0.00624904
7.16422	0.00927316
7.16447	0.00609421
7.16471	0.00110278
7.16496	0.00272483
7.1652	0.0074118
7.16545	0.00562485
7.16569	0.000387696
7.16594	0.00317895
7.16618	0.0122053
7.16642	0.0129446
7.16667	0.00253536
7.16691	-0.00478475
7.16716	-0.00124052
7.1674	0.00384605
7.16765	0.00365329
7.16789	0.00526708
7.16814	0.0120701
7.16838	0.0132956
7.16863	0.00398311
7.16887	-0.00188139
7.16911	0.0063855
7.16936	0.0161908
7.1696	0.0118284
7.16985	0.00113111
7.17009	0.00155022
7.17034	0.0101544
7.17058	0.0103795
7.17083	0.00219754
7.17107	0.00144558
7.17132	0.0105614
7.17156	0.0138799
7.17181	0.00571468
7.17205	0.00122204
7.17229	0.0108567
7.17254	0.0221568
7.17278	0.018989
7.17303	0.00619085
7.17327	0.00163174
7.17352	0.0106713
7.17376	0.0208762
7.17401	0.0201013
7.17425	0.0102678
7.1745	0.00189273
7.17474	0.000955881
7.17499	0.00445427
7.17523	0.00694709
7.17547	0.00792711
7.17572	0.0105995
7.17596	0.0150035
7.17621	0.0167573
7.17645	0.0137691
7.1767	0.0098032
7.17694	0.00874255
7.17719	0.00909796
7.17743	0.00737574
7.17768	0.00367189
7.17792	0.000897102
7.17817	0.00120521
7.17841	0.00510108
7.17865	0.0106654
7.1789	0.012765
7.17914	0.00824128
7.17939	0.00285718
7.17963	0.00597547
7.17988	0.0164141
7.18012	0.022257
7.18037	0.0182336
7.18061	0.0134524
7.18086	0.0160521
7.1811	0.020111
7.18134	0.0163859
7.18159	0.00783003
7.18183	0.00449425
7.18208	0.00868416
7.18232	0.0143119
7.18257	0.0166479
7.18281	0.0151622
7.18306	0.0111892
7.1833	0.00898551
7.18355	0.0134466
7.18379	0.0212716
7.18404	0.022087
7.18428	0.0142397
7.18452	0.00953739
7.18477	0.0145684
7.18501	0.0189729
7.18526	0.0131601
7.1855	0.00592153
7.18575	0.0101687
7.18599	0.0212957
7.18624	0.0260524
7.18648	0.0246631
7.18673	0.0262719
7.18697	0.0288369
7.18722	0.0230452
7.18746	0.0128954
7.1877	0.0126016
7.18795	0.0230577
7.18819	0.0296409
7.18844	0.0253322
7.18868	0.019639
7.18893	0.0216684
7.18917	0.0288652
7.18942	0.0354415
7.18966	0.0390041
7.18991	0.0367652
7.19015	0.0276934
7.1904	0.0198005
7.19064	0.0227726
7.19088	0.0326126
7.19113	0.0364572
7.19137	0.0327334
7.19162	0.0321627
7.19186	0.0381096
7.19211	0.04174
7.19235	0.039433
7.1926	0.0393415
7.19284	0.0459117
7.19309	0.0518167
7.19333	0.0503514
7.19357	0.0435487
7.19382	0.0342619
7.19406	0.0227738
7.19431	0.0144091
7.19455	0.0169199
7.1948	0.0264701
7.19504	0.0297943
7.19529	0.0239536
7.19553	0.0196395
7.19578	0.0211708
7.19602	0.0194692
7.19627	0.0106898
7.19651	0.00505686
7.19675	0.00869784
7.197	0.0123661
7.19724	0.00828345
7.19749	0.00401278
7.19773	0.00851394
7.19798	0.0169483
7.19822	0.0206054
7.19847	0.0208084
7.19871	0.0221269
7.19896	0.0224148
7.1992	0.0203121
7.19945	0.0222103
7.19969	0.0307598
7.19993	0.0364629
7.20018	0.0319375
7.20042	0.0249967
7.20067	0.0260963
7.20091	0.0321047
7.20116	0.034411
7.2014	0.0340992
7.20165	0.0364268
7.20189	0.0385583
7.20214	0.0359804
7.20238	0.0337768
7.20263	0.0382697
7.20287	0.0441475
7.20311	0.0431344
7.20336	0.0388064
7.2036	0.0389725
7.20385	0.0400865
7.20409	0.034843
7.20434	0.0295929
7.20458	0.0362294
7.20483	0.0492381
7.20507	0.0496187
7.20532	0.033434
7.20556	0.0193586
7.2058	0.0227889
7.20605	0.0365184
7.20629	0.0438329
7.20654	0.0399095
7.20678	0.0328074
7.20703	0.0305886
7.20727	0.0340014
7.20752	0.0379783
7.20776	0.0367067
7.20801	0.0299772
7.20825	0.0249374
7.2085	0.0276502
7.20874	0.0342298
7.20898	0.0359946
7.20923	0.0316412
7.20947	0.0269593
7.20972	0.0238238
7.20996	0.0186161
7.21021	0.0120208
7.21045	0.0106896
7.2107	0.0164322
7.21094	0.022462
7.21119	0.0242391
7.21143	0.0261284
7.21168	0.0321872
7.21192	0.0372629
7.21216	0.0341547
7.21241	0.0253722
7.21265	0.020668
7.2129	0.0241848
7.21314	0.0296897
7.21339	0.0288805
7.21363	0.0204606
7.21388	0.00985879
7.21412	0.00260779
7.21437	5.96929e-05
7.21461	0.000839641
7.21486	0.00406749
7.2151	0.00930621
7.21534	0.0143879
7.21559	0.0163329
7.21583	0.0151438
7.21608	0.0140595
7.21632	0.0151787
7.21657	0.0178472
7.21681	0.0220841
7.21706	0.0287918
7.2173	0.0343519
7.21755	0.0311882
7.21779	0.0190043
7.21803	0.00994202
7.21828	0.0144307
7.21852	0.0252956
7.21877	0.0259349
7.21901	0.0139598
7.21926	0.00590294
7.2195	0.0148544
7.21975	0.03298
7.21999	0.0431549
7.22024	0.0410434
7.22048	0.0364953
7.22073	0.0365082
7.22097	0.0372932
7.22121	0.0345552
7.22146	0.0323967
7.2217	0.0365804
7.22195	0.0445762
7.22219	0.0492367
7.22244	0.0499065
7.22268	0.0526611
7.22293	0.0593719
7.22317	0.0637396
7.22342	0.061147
7.22366	0.056396
7.22391	0.0565494
7.22415	0.0602263
7.22439	0.0603144
7.22464	0.0550928
7.22488	0.0498182
7.22513	0.04754
7.22537	0.045125
7.22562	0.0401228
7.22586	0.0356793
7.22611	0.0353071
7.22635	0.0367691
7.2266	0.0347846
7.22684	0.0277387
7.22709	0.0192618
7.22733	0.0147097
7.22757	0.0172616
7.22782	0.0252294
7.22806	0.0319618
7.22831	0.0310338
7.22855	0.0232912
7.2288	0.0165961
7.22904	0.0170323
7.22929	0.0224585
7.22953	0.0262866
7.22978	0.0254127
7.23002	0.0223483
7.23026	0.0210941
7.23051	0.0230047
7.23075	0.026214
7.231	0.0278161
7.23124	0.0267279
7.23149	0.0246217
7.23173	0.0237255
7.23198	0.0242729
7.23222	0.0251137
7.23247	0.0261902
7.23271	0.0291535
7.23296	0.035822
7.2332	0.0464507
7.23344	0.0583082
7.23369	0.0659247
7.23393	0.0654984
7.23418	0.0599245
7.23442	0.0561161
7.23467	0.0563693
7.23491	0.0569887
7.23516	0.0567606
7.2354	0.0597897
7.23565	0.0662548
7.23589	0.0685432
7.23614	0.0633304
7.23638	0.0594491
7.23662	0.0642399
7.23687	0.0694021
7.23711	0.0630109
7.23736	0.0501626
7.2376	0.0464642
7.23785	0.0533552
7.23809	0.056578
7.23834	0.0501685
7.23858	0.044633
7.23883	0.0465356
7.23907	0.0468539
7.23932	0.0384431
7.23956	0.0304969
7.2398	0.033705
7.24005	0.0420537
7.24029	0.042481
7.24054	0.0351362
7.24078	0.0310202
7.24103	0.0342195
7.24127	0.038752
7.24152	0.0405376
7.24176	0.0410278
7.24201	0.0394761
7.24225	0.0322478
7.2425	0.0218312
7.24274	0.0181052
7.24298	0.0267033
7.24323	0.0409073
7.24347	0.0488369
7.24372	0.0466027
7.24396	0.0415819
7.24421	0.0426946
7.24445	0.0493718
7.2447	0.052812
7.24494	0.0487229
7.24519	0.0441458
7.24543	0.0469544
7.24567	0.0528272
7.24592	0.0512505
7.24616	0.0429262
7.24641	0.0401857
7.24665	0.047695
7.2469	0.0537936
7.24714	0.0473179
7.24739	0.0342744
7.24763	0.0292126
7.24788	0.0356308
7.24812	0.0437953
7.24837	0.0455285
7.24861	0.0432138
7.24885	0.0437734
7.2491	0.049052
7.24934	0.05416
7.24959	0.0539364
7.24983	0.0499498
7.25008	0.0491554
7.25032	0.0539807
7.25057	0.057304
7.25081	0.0523782
7.25106	0.0442756
7.2513	0.0432646
7.25155	0.048666
7.25179	0.049615
7.25203	0.0424068
7.25228	0.0359229
7.25252	0.0367003
7.25277	0.0392946
7.25301	0.0365421
7.25326	0.0302653
7.2535	0.0260575
7.25375	0.0250678
7.25399	0.0262694
7.25424	0.0301501
7.25448	0.0358693
7.25473	0.0410277
7.25497	0.0466528
7.25521	0.0547045
7.25546	0.05968
7.2557	0.0536758
7.25595	0.0419699
7.25619	0.0403159
7.25644	0.0521163
7.25668	0.0622646
7.25693	0.0601501
7.25717	0.0540246
7.25742	0.0537038
7.25766	0.0541363
7.2579	0.0481133
7.25815	0.0415114
7.25839	0.041809
7.25864	0.0433132
7.25888	0.0386419
7.25913	0.0340184
7.25937	0.0374163
7.25962	0.0418555
7.25986	0.0378061
7.26011	0.0326395
7.26035	0.0380165
7.2606	0.0455486
7.26084	0.037469
7.26108	0.0180384
7.26133	0.0109876
7.26157	0.0241605
7.26182	0.0383644
7.26206	0.0367559
7.26231	0.026358
7.26255	0.0221524
7.2628	0.0252823
7.26304	0.0273634
7.26329	0.0257309
7.26353	0.0242287
7.26378	0.0247643
7.26402	0.0255788
7.26426	0.0249575
7.26451	0.0229602
7.26475	0.0217843
7.265	0.0247475
7.26524	0.0315729
7.26549	0.0362921
7.26573	0.0345254
7.26598	0.0302481
7.26622	0.0296507
7.26647	0.0317037
7.26671	0.0317238
7.26696	0.0305653
7.2672	0.0320584
7.26744	0.0346275
7.26769	0.0341764
7.26793	0.0323907
7.26818	0.0335548
7.26842	0.036211
7.26867	0.0365261
7.26891	0.0361198
7.26916	0.0377643
7.2694	0.0381695
7.26965	0.0347536
7.26989	0.033632
7.27013	0.0395812
7.27038	0.0447324
7.27062	0.0407283
7.27087	0.035227
7.27111	0.0400674
7.27136	0.0490696
7.2716	0.0468562
7.27185	0.0359347
7.27209	0.0334576
7.27234	0.04167
7.27258	0.0443
7.27283	0.0354206
7.27307	0.0292951
7.27331	0.0347818
7.27356	0.0410953
7.2738	0.038492
7.27405	0.034192
7.27429	0.0364452
7.27454	0.0393268
7.27478	0.035641
7.27503	0.030869
7.27527	0.0320591
7.27552	0.0350518
7.27576	0.0343254
7.27601	0.0341682
7.27625	0.0386082
7.27649	0.0408894
7.27674	0.0347003
7.27698	0.0265621
7.27723	0.0256845
7.27747	0.0297447
7.27772	0.0312055
7.27796	0.0298176
7.27821	0.0289025
7.27845	0.0270769
7.2787	0.0233461
7.27894	0.0227253
7.27919	0.0275742
7.27943	0.0311618
7.27967	0.0286529
7.27992	0.0259436
7.28016	0.0286433
7.28041	0.0318278
7.28065	0.0306975
7.2809	0.0313135
7.28114	0.0390608
7.28139	0.0461911
7.28163	0.043989
7.28188	0.0385037
7.28212	0.0399276
7.28236	0.0442246
7.28261	0.040824
7.28285	0.0321699
7.2831	0.0292387
7.28334	0.0321858
7.28359	0.0321043
7.28383	0.0291556
7.28408	0.0322046
7.28432	0.041333
7.28457	0.0468077
7.28481	0.0458599
7.28506	0.0452381
7.2853	0.046124
7.28554	0.041914
7.28579	0.0334739
7.28603	0.0314532
7.28628	0.0391702
7.28652	0.0469164
7.28677	0.0480972
7.28701	0.0479797
7.28726	0.0510845
7.2875	0.0530587
7.28775	0.051866
7.28799	0.0542946
7.28824	0.0627546
7.28848	0.0674386
7.28872	0.0619733
7.28897	0.0562589
7.28921	0.0614703
7.28946	0.0712764
7.2897	0.0728104
7.28995	0.0703813
7.29019	0.0811482
7.29044	0.107946
7.29068	0.133116
7.29093	0.14331
7.29117	0.145657
7.29142	0.151814
7.29166	0.158999
7.2919	0.159061
7.29215	0.157888
7.29239	0.170444
7.29264	0.19792
7.29288	0.223131
7.29313	0.230905
7.29337	0.222461
7.29362	0.20695
7.29386	0.190229
7.29411	0.177542
7.29435	0.175881
7.29459	0.183908
7.29484	0.187875
7.29508	0.178622
7.29533	0.166106
7.29557	0.164865
7.29582	0.170885
7.29606	0.167985
7.29631	0.154102
7.29655	0.143935
7.2968	0.144492
7.29704	0.145907
7.29729	0.141346
7.29753	0.138748
7.29777	0.144396
7.29802	0.150668
7.29826	0.151345
7.29851	0.155124
7.29875	0.170294
7.299	0.187775
7.29924	0.194779
7.29949	0.19596
7.29973	0.204176
7.29998	0.217236
7.30022	0.221923
7.30047	0.21734
7.30071	0.215988
7.30095	0.222735
7.3012	0.230604
7.30144	0.238472
7.30169	0.254702
7.30193	0.278889
7.30218	0.29735
7.30242	0.304177
7.30267	0.311404
7.30291	0.328665
7.30316	0.346652
7.3034	0.353443
7.30365	0.356447
7.30389	0.372936
7.30413	0.404944
7.30438	0.438974
7.30462	0.468302
7.30487	0.499777
7.30511	0.535541
7.30536	0.562031
7.3056	0.565723
7.30585	0.551468
7.30609	0.53515
7.30634	0.521941
7.30658	0.502319
7.30682	0.470349
7.30707	0.435959
7.30731	0.41367
7.30756	0.405768
7.3078	0.404098
7.30805	0.404242
7.30829	0.408623
7.30854	0.4169
7.30878	0.423776
7.30903	0.428639
7.30927	0.438401
7.30952	0.457488
7.30976	0.484028
7.31	0.519925
7.31025	0.5735
7.31049	0.644035
7.31074	0.714035
7.31098	0.768638
7.31123	0.81502
7.31147	0.868684
7.31172	0.925628
7.31196	0.964116
7.31221	0.973273
7.31245	0.964671
7.3127	0.953685
7.31294	0.944508
7.31318	0.939363
7.31343	0.949402
7.31367	0.986175
7.31392	1.04777
7.31416	1.11996
7.31441	1.18754
7.31465	1.24178
7.3149	1.28136
7.31514	1.309
7.31539	1.32412
7.31563	1.32084
7.31588	1.29978
7.31612	1.27901
7.31636	1.2812
7.31661	1.30934
7.31685	1.34673
7.3171	1.38218
7.31734	1.41976
7.31759	1.45954
7.31783	1.48619
7.31808	1.48823
7.31832	1.47497
7.31857	1.46159
7.31881	1.44949
7.31906	1.43594
7.3193	1.4319
7.31954	1.45044
7.31979	1.48306
7.32003	1.50912
7.32028	1.52953
7.32052	1.57222
7.32077	1.65957
7.32101	1.78627
7.32126	1.93615
7.3215	2.10606
7.32175	2.30037
7.32199	2.50958
7.32223	2.70812
7.32248	2.8768
7.32272	3.02222
7.32297	3.1696
7.32321	3.33405
7.32346	3.50215
7.3237	3.65064
7.32395	3.78377
7.32419	3.93628
7.32444	4.1284
7.32468	4.33508
7.32493	4.52275
7.32517	4.70313
7.32541	4.91396
7.32566	5.14477
7.3259	5.32285
7.32615	5.39228
7.32639	5.37161
7.32664	5.30198
7.32688	5.16859
7.32713	4.92117
7.32737	4.56219
7.32762	4.16367
7.32786	3.78842
7.32811	3.43792
7.32835	3.097
7.32859	2.79127
7.32884	2.56792
7.32908	2.44204
7.32933	2.39337
7.32957	2.40102
7.32982	2.44968
7.33006	2.51059
7.33031	2.55086
7.33055	2.56418
7.3308	2.567
7.33104	2.56271
7.33129	2.53643
7.33153	2.48955
7.33177	2.45091
7.33202	2.44039
7.33226	2.44471
7.33251	2.44554
7.33275	2.45096
7.333	2.47909
7.33324	2.52722
7.33349	2.5818
7.33373	2.65074
7.33398	2.76165
7.33422	2.93126
7.33446	3.15804
7.33471	3.44452
7.33495	3.80383
7.3352	4.23731
7.33544	4.72348
7.33569	5.23845
7.33593	5.77321
7.33618	6.31882
7.33642	6.84335
7.33667	7.29673
7.33691	7.63902
7.33716	7.86107
7.3374	7.9811
7.33764	8.02283
7.33789	7.99057
7.33813	7.86175
7.33838	7.60926
7.33862	7.23387
7.33887	6.76743
7.33911	6.24083
7.33936	5.65981
7.3396	5.02378
7.33985	4.36136
7.34009	3.73014
7.34034	3.17646
7.34058	2.70657
7.34082	2.30621
7.34107	1.98154
7.34131	1.76525
7.34156	1.67569
7.3418	1.67932
7.34205	1.70746
7.34229	1.71214
7.34254	1.6942
7.34278	1.67153
7.34303	1.63395
7.34327	1.54855
7.34352	1.4091
7.34376	1.26163
7.344	1.17086
7.34425	1.16726
7.34449	1.23233
7.34474	1.32733
7.34498	1.4286
7.34523	1.53954
7.34547	1.67576
7.34572	1.83641
7.34596	1.98722
7.34621	2.07968
7.34645	2.09481
7.34669	2.0604
7.34694	2.01324
7.34718	1.9522
7.34743	1.84968
7.34767	1.71109
7.34792	1.5971
7.34816	1.5669
7.34841	1.61141
7.34865	1.66377
7.3489	1.6717
7.34914	1.63667
7.34939	1.58068
7.34963	1.50223
7.34987	1.38439
7.35012	1.23183
7.35036	1.07879
7.35061	0.962237
7.35085	0.899116
7.3511	0.884726
7.35134	0.900921
7.35159	0.930929
7.35183	0.978144
7.35208	1.06382
7.35232	1.19398
7.35257	1.3396
7.35281	1.46732
7.35305	1.5769
7.3533	1.68455
7.35354	1.78486
7.35379	1.8652
7.35403	1.94694
7.35428	2.06603
7.35452	2.21739
7.35477	2.37546
7.35501	2.57261
7.35526	2.88236
7.3555	3.29879
7.35575	3.71517
7.35599	4.0775
7.35623	4.47711
7.35648	4.99867
7.35672	5.53584
7.35697	5.87696
7.35721	5.95107
7.35746	5.86678
7.3577	5.70688
7.35795	5.42096
7.35819	4.97136
7.35844	4.46994
7.35868	4.08483
7.35892	3.87673
7.35917	3.79652
7.35941	3.78782
7.35966	3.8224
7.3599	3.87864
7.36015	3.95073
7.36039	4.04806
7.36064	4.14052
7.36088	4.15424
7.36113	4.07473
7.36137	3.99557
7.36162	3.99693
7.36186	4.03516
7.3621	4.03687
7.36235	4.04589
7.36259	4.16827
7.36284	4.40886
7.36308	4.68113
7.36333	4.96079
7.36357	5.29803
7.36382	5.6655
7.36406	5.92203
7.36431	5.97136
7.36455	5.85754
7.3648	5.66132
7.36504	5.39954
7.36528	5.08147
7.36553	4.77504
7.36577	4.54509
7.36602	4.38534
7.36626	4.26918
7.36651	4.2109
7.36675	4.22208
7.367	4.26297
7.36724	4.29665
7.36749	4.35189
7.36773	4.49151
7.36798	4.76355
7.36822	5.20614
7.36846	5.82101
7.36871	6.49603
7.36895	7.04208
7.3692	7.37501
7.36944	7.57893
7.36969	7.71721
7.36993	7.68621
7.37018	7.37715
7.37042	6.89487
7.37067	6.45386
7.37091	6.09693
7.37115	5.684
7.3714	5.15713
7.37164	4.65268
7.37189	4.3161
7.37213	4.14946
7.37238	4.09802
7.37262	4.1662
7.37287	4.382
7.37311	4.74686
7.37336	5.28019
7.3736	6.0081
7.37385	6.83198
7.37409	7.508
7.37433	7.85913
7.37458	7.94167
7.37482	7.90915
7.37507	7.77835
7.37531	7.44718
7.37556	6.90923
7.3758	6.32697
7.37605	5.87909
7.37629	5.61781
7.37654	5.48523
7.37678	5.39287
7.37703	5.26228
7.37727	5.046
7.37751	4.7416
7.37776	4.3656
7.378	3.91908
7.37825	3.41305
7.37849	2.91335
7.37874	2.50723
7.37898	2.22134
7.37923	2.01629
7.37947	1.86374
7.37972	1.78135
7.37996	1.78305
7.38021	1.84094
7.38045	1.91352
7.38069	1.97581
7.38094	2.00642
7.38118	1.9795
7.38143	1.89075
7.38167	1.76774
7.38192	1.63929
7.38216	1.51536
7.38241	1.40641
7.38265	1.33537
7.3829	1.3138
7.38314	1.32788
7.38338	1.36629
7.38363	1.44688
7.38387	1.59885
7.38412	1.82678
7.38436	2.10317
7.38461	2.38952
7.38485	2.65892
7.3851	2.90256
7.38534	3.11384
7.38559	3.26162
7.38583	3.29389
7.38608	3.18949
7.38632	2.99709
7.38656	2.79287
7.38681	2.60189
7.38705	2.39659
7.3873	2.17723
7.38754	2.00886
7.38779	1.94973
7.38803	1.97244
7.38828	1.99134
7.38852	1.95423
7.38877	1.87483
7.38901	1.78362
7.38926	1.68405
7.3895	1.56596
7.38974	1.43507
7.38999	1.3102
7.39023	1.20225
7.39048	1.1104
7.39072	1.03371
7.39097	0.973027
7.39121	0.921518
7.39146	0.865406
7.3917	0.800594
7.39195	0.741601
7.39219	0.705511
7.39244	0.691048
7.39268	0.683102
7.39292	0.674457
7.39317	0.669018
7.39341	0.663722
7.39366	0.646336
7.3939	0.619152
7.39415	0.6065
7.39439	0.624391
7.39464	0.657642
7.39488	0.684279
7.39513	0.708779
7.39537	0.749095
7.39561	0.801105
7.39586	0.842255
7.3961	0.866425
7.39635	0.888861
7.39659	0.916612
7.39684	0.940325
7.39708	0.958285
7.39733	0.980968
7.39757	1.00338
7.39782	0.999574
7.39806	0.958543
7.39831	0.902196
7.39855	0.850582
7.39879	0.790747
7.39904	0.703152
7.39928	0.603467
7.39953	0.530294
7.39977	0.496216
7.40002	0.47591
7.40026	0.444672
7.40051	0.407221
7.40075	0.380051
7.401	0.361233
7.40124	0.332039
7.40149	0.283904
7.40173	0.231722
7.40197	0.196908
7.40222	0.183177
7.40246	0.175454
7.40271	0.1618
7.40295	0.148157
7.4032	0.146447
7.40344	0.154894
7.40369	0.160039
7.40393	0.155976
7.40418	0.15119
7.40442	0.155105
7.40467	0.166623
7.40491	0.178479
7.40515	0.186389
7.4054	0.192
7.40564	0.201844
7.40589	0.222831
7.40613	0.253275
7.40638	0.281563
7.40662	0.302033
7.40687	0.327819
7.40711	0.375221
7.40736	0.437665
7.4076	0.490888
7.40785	0.525215
7.40809	0.556232
7.40833	0.599044
7.40858	0.648701
7.40882	0.69418
7.40907	0.736246
7.40931	0.779603
7.40956	0.818744
7.4098	0.8438
7.41005	0.852369
7.41029	0.844995
7.41054	0.816663
7.41078	0.763643
7.41102	0.693099
7.41127	0.616646
7.41151	0.539894
7.41176	0.466121
7.412	0.402863
7.41225	0.355066
7.41249	0.317893
7.41274	0.285815
7.41298	0.26228
7.41323	0.249993
7.41347	0.238803
7.41372	0.216859
7.41396	0.189792
7.4142	0.174423
7.41445	0.174357
7.41469	0.175686
7.41494	0.16838
7.41518	0.158663
7.41543	0.155527
7.41567	0.15634
7.41592	0.153629
7.41616	0.148524
7.41641	0.148439
7.41665	0.154697
7.4169	0.160877
7.41714	0.163617
7.41738	0.16806
7.41763	0.179629
7.41787	0.19535
7.41812	0.208387
7.41836	0.218392
7.41861	0.230785
7.41885	0.246428
7.4191	0.260129
7.41934	0.271078
7.41959	0.284977
7.41983	0.300896
7.42008	0.307285
7.42032	0.301018
7.42056	0.29986
7.42081	0.320884
7.42105	0.354104
7.4213	0.376402
7.42154	0.38762
7.42179	0.410546
7.42203	0.453408
7.42228	0.495534
7.42252	0.517595
7.42277	0.524253
7.42301	0.525241
7.42325	0.514305
7.4235	0.483476
7.42374	0.442679
7.42399	0.406998
7.42423	0.376002
7.42448	0.343168
7.42472	0.315545
7.42497	0.30508
7.42521	0.307447
7.42546	0.308149
7.4257	0.305051
7.42595	0.307425
7.42619	0.316489
7.42643	0.324759
7.42668	0.332896
7.42692	0.349783
7.42717	0.37562
7.42741	0.400757
7.42766	0.422697
7.4279	0.450266
7.42815	0.489749
7.42839	0.539751
7.42864	0.600288
7.42888	0.674237
7.42913	0.759553
7.42937	0.852427
7.42961	0.95803
7.42986	1.08726
7.4301	1.24695
7.43035	1.44614
7.43059	1.70276
7.43084	2.02324
7.43108	2.38572
7.43133	2.77647
7.43157	3.23605
7.43182	3.81561
7.43206	4.46432
7.43231	5.00984
7.43255	5.30344
7.43279	5.36627
7.43304	5.34229
7.43328	5.31429
7.43353	5.22332
7.43377	4.9877
7.43402	4.65331
7.43426	4.38512
7.43451	4.32561
7.43475	4.48819
7.435	4.77229
7.43524	5.04598
7.43548	5.21602
7.43573	5.25645
7.43597	5.19301
7.43622	5.05057
7.43646	4.8084
7.43671	4.42108
7.43695	3.89225
7.4372	3.30985
7.43744	2.78828
7.43769	2.38265
7.43793	2.07695
7.43818	1.84565
7.43842	1.69457
7.43866	1.63214
7.43891	1.62927
7.43915	1.63408
7.4394	1.61772
7.43964	1.58527
7.43989	1.54503
7.44013	1.48825
7.44038	1.40443
7.44062	1.30239
7.44087	1.208
7.44111	1.14791
7.44136	1.13899
7.4416	1.18642
7.44184	1.28655
7.44209	1.43373
7.44233	1.62375
7.44258	1.84533
7.44282	2.07078
7.44307	2.26593
7.44331	2.41381
7.44356	2.52411
7.4438	2.61998
7.44405	2.72225
7.44429	2.84331
7.44454	2.98523
7.44478	3.14563
7.44502	3.33812
7.44527	3.59798
7.44551	3.93571
7.44576	4.27734
7.446	4.49006
7.44625	4.50133
7.44649	4.37259
7.44674	4.21829
7.44698	4.06854
7.44723	3.86427
7.44747	3.59079
7.44771	3.35028
7.44796	3.25575
7.4482	3.28661
7.44845	3.30488
7.44869	3.20785
7.44894	3.01468
7.44918	2.7935
7.44943	2.55325
7.44967	2.24611
7.44992	1.85544
7.45016	1.43993
7.45041	1.08501
7.45065	0.833721
7.45089	0.672935
7.45114	0.568781
7.45138	0.499246
7.45163	0.457621
7.45187	0.43985
7.45212	0.43686
7.45236	0.437654
7.45261	0.435518
7.45285	0.429019
7.4531	0.418099
7.45334	0.401629
7.45359	0.378702
7.45383	0.349412
7.45407	0.31355
7.45432	0.271654
7.45456	0.228889
7.45481	0.194282
7.45505	0.172911
7.4553	0.161085
7.45554	0.151972
7.45579	0.14334
7.45603	0.13637
7.45628	0.1299
7.45652	0.121168
7.45677	0.111111
7.45701	0.103548
7.45725	0.0990299
7.4575	0.0942531
7.45774	0.0881012
7.45799	0.0834578
7.45823	0.0816717
7.45848	0.0798365
7.45872	0.0760005
7.45897	0.0732136
7.45921	0.0751191
7.45946	0.0800871
7.4597	0.0829108
7.45994	0.0807758
7.46019	0.0748066
7.46043	0.0672346
7.46068	0.0602953
7.46092	0.0571713
7.46117	0.0600067
7.46141	0.0656224
7.46166	0.0662652
7.4619	0.0577189
7.46215	0.0456202
7.46239	0.0402855
7.46264	0.0446691
7.46288	0.0510013
7.46312	0.0515151
7.46337	0.0486783
7.46361	0.0498522
7.46386	0.0544767
7.4641	0.0543033
7.46435	0.0471334
7.46459	0.0417942
7.46484	0.0450777
7.46508	0.0510571
7.46533	0.05024
7.46557	0.0437101
7.46582	0.0397038
7.46606	0.040088
7.4663	0.0402768
7.46655	0.040798
7.46679	0.0474414
7.46704	0.0580911
7.46728	0.0605902
7.46753	0.0491883
7.46777	0.0346223
7.46802	0.0308295
7.46826	0.0376933
7.46851	0.0443111
7.46875	0.0447507
7.469	0.0421677
7.46924	0.0397067
7.46948	0.0362096
7.46973	0.031756
7.46997	0.0299207
7.47022	0.031698
7.47046	0.0327518
7.47071	0.0302379
7.47095	0.0278044
7.4712	0.0291581
7.47144	0.030263
7.47169	0.0247162
7.47193	0.0158394
7.47217	0.0151131
7.47242	0.0254329
7.47266	0.0336379
7.47291	0.0269487
7.47315	0.0117176
7.4734	0.0057923
7.47364	0.0140036
7.47389	0.0229178
7.47413	0.021962
7.47438	0.0174477
7.47462	0.0191181
7.47487	0.0237961
7.47511	0.0228515
7.47535	0.0180668
7.4756	0.0178065
7.47584	0.0220829
7.47609	0.0240467
7.47633	0.0237915
7.47658	0.0276368
7.47682	0.0341298
7.47707	0.0340957
7.47731	0.0266247
7.47756	0.0222557
7.4778	0.0261802
7.47805	0.0302541
7.47829	0.0277672
7.47853	0.0252831
7.47878	0.0314252
7.47902	0.0421462
7.47927	0.0464133
7.47951	0.0414521
7.47976	0.0340539
7.48	0.0301095
7.48025	0.0296933
7.48049	0.029912
7.48074	0.027153
7.48098	0.0194234
7.48123	0.0113183
7.48147	0.0127068
7.48171	0.0262667
7.48196	0.0396815
7.4822	0.0378521
7.48245	0.0219471
7.48269	0.00891063
7.48294	0.0107602
7.48318	0.0207402
7.48343	0.0237221
7.48367	0.0159288
7.48392	0.0080305
7.48416	0.00874731
7.48441	0.0124589
7.48465	0.00875124
7.48489	-7.62073e-05
7.48514	-0.00115885
7.48538	0.0084986
7.48563	0.0154386
7.48587	0.00980222
7.48612	0.00102544
7.48636	0.0028208
7.48661	0.0114671
7.48685	0.0131981
7.4871	0.00718071
7.48734	0.00475003
7.48758	0.00863216
7.48783	0.0104277
7.48807	0.00872727
7.48832	0.011692
7.48856	0.0191937
7.48881	0.0206814
7.48905	0.0154135
7.4893	0.0162306
7.48954	0.0264907
7.48979	0.0323319
7.49003	0.0274741
7.49028	0.026266
7.49052	0.0386109
7.49076	0.0499405
7.49101	0.0436079
7.49125	0.0284606
7.4915	0.0247508
7.49174	0.033604
7.49199	0.0405884
7.49223	0.0414931
7.49248	0.0441829
7.49272	0.0495835
7.49297	0.050226
7.49321	0.0460162
7.49346	0.0446611
7.4937	0.0472036
7.49394	0.0474881
7.49419	0.0446046
7.49443	0.0426504
7.49468	0.0405652
7.49492	0.0351896
7.49517	0.0310856
7.49541	0.0335645
7.49566	0.0358944
7.4959	0.0283592
7.49615	0.0164788
7.49639	0.0140875
7.49664	0.0210713
7.49688	0.0248985
7.49712	0.0225043
7.49737	0.0227907
7.49761	0.0276455
7.49786	0.0286246
7.4981	0.023921
7.49835	0.0210881
7.49859	0.0209042
7.49884	0.0160206
7.49908	0.00810346
7.49933	0.0079863
7.49957	0.0150216
7.49981	0.0152365
7.50006	0.00592728
7.5003	0.00291534
7.50055	0.0145396
7.50079	0.0261433
7.50104	0.0219653
7.50128	0.00802278
7.50153	0.000922827
7.50177	0.00508601
7.50202	0.0124428
7.50226	0.0162716
7.50251	0.015884
7.50275	0.0141894
7.50299	0.0165329
7.50324	0.0250758
7.50348	0.0322304
7.50373	0.0299551
7.50397	0.0259432
7.50422	0.0352192
7.50446	0.0534998
7.50471	0.0583126
7.50495	0.0431268
7.5052	0.0294248
7.50544	0.0336785
7.50569	0.0429928
7.50593	0.0392793
7.50617	0.028745
7.50642	0.027421
7.50666	0.0325463
7.50691	0.0308157
7.50715	0.0243417
7.5074	0.0253271
7.50764	0.0315941
7.50789	0.0300451
7.50813	0.0212077
7.50838	0.0188372
7.50862	0.0253492
7.50887	0.0274348
7.50911	0.0185374
7.50935	0.00858094
7.5096	0.00738088
7.50984	0.0124121
7.51009	0.0170824
7.51033	0.0194684
7.51058	0.019285
7.51082	0.0159812
7.51107	0.0125638
7.51131	0.0131185
7.51156	0.0155688
7.5118	0.0146176
7.51204	0.0111757
7.51229	0.0104602
7.51253	0.0122346
7.51278	0.0121342
7.51302	0.0108046
7.51327	0.0116978
7.51351	0.0119825
7.51376	0.00707575
7.514	0.00249281
7.51425	0.00815383
7.51449	0.0208294
7.51474	0.0258448
7.51498	0.0184754
7.51522	0.0105834
7.51547	0.0122513
7.51571	0.0191756
7.51596	0.0235854
7.5162	0.0261828
7.51645	0.0299431
7.51669	0.0312243
7.51694	0.0255995
7.51718	0.0168807
7.51743	0.0129131
7.51767	0.0153678
7.51792	0.0187312
7.51816	0.0173082
7.5184	0.010266
7.51865	0.00189618
7.51889	-0.00164981
7.51914	0.00185761
7.51938	0.00804516
7.51963	0.011435
7.51987	0.011829
7.52012	0.0114277
7.52036	0.00865404
7.52061	0.00118316
7.52085	-0.00698802
7.5211	-0.00881517
7.52134	-0.00369184
7.52158	0.00283853
7.52183	0.00718346
7.52207	0.00867322
7.52232	0.00532679
7.52256	-0.00248674
7.52281	-0.00667836
7.52305	-0.000329844
7.5233	0.00944562
7.52354	0.0091516
7.52379	-0.000867064
7.52403	-0.006548
7.52427	-0.00173681
7.52452	0.00387163
7.52476	0.00207765
7.52501	-0.00183437
7.52525	-0.000573777
7.5255	0.00331989
7.52574	0.00447682
7.52599	0.00391605
7.52623	0.00411011
7.52648	0.00314102
7.52672	0.000170217
7.52697	-0.00110688
7.52721	0.000214561
7.52745	0.000155588
7.5277	-0.000258727
7.52794	0.00595391
7.52819	0.0165907
7.52843	0.017118
7.52868	0.00262541
7.52892	-0.00963824
7.52917	-0.00323135
7.52941	0.0125772
7.52966	0.0172394
7.5299	0.0102078
7.53015	0.00836958
7.53039	0.0156053
7.53063	0.0161145
7.53088	0.0015617
7.53112	-0.0138931
7.53137	-0.0143474
7.53161	-0.00407462
7.53186	0.00175145
7.5321	-0.00143335
7.53235	-0.00625735
7.53259	-0.00731735
7.53284	-0.00548488
7.53308	-0.00141274
7.53333	0.00507229
7.53357	0.00943984
7.53381	0.00535104
7.53406	-0.00493469
7.5343	-0.0104112
7.53455	-0.00509761
7.53479	0.00378011
7.53504	0.00580243
7.53528	0.000800484
7.53553	-0.00357939
7.53577	-0.00410071
7.53602	-0.00399787
7.53626	-0.00426344
7.5365	-0.0019152
7.53675	0.00167572
7.53699	0.000109481
7.53724	-0.00639108
7.53748	-0.00786878
7.53773	0.000284994
7.53797	0.00774572
7.53822	0.00374389
7.53846	-0.0063973
7.53871	-0.0103986
7.53895	-0.00838355
7.5392	-0.00928781
7.53944	-0.0120935
7.53968	-0.00695102
7.53993	0.00525279
7.54017	0.0112408
7.54042	0.00649542
7.54066	0.00213232
7.54091	0.00492134
7.54115	0.00559494
7.5414	-0.00438521
7.54164	-0.0174797
7.54189	-0.021653
7.54213	-0.016893
7.54238	-0.01029
7.54262	-0.00385572
7.54286	0.00290594
7.54311	0.00645165
7.54335	0.0046882
7.5436	0.00187243
7.54384	0.000346769
7.54409	-0.00389833
7.54433	-0.010073
7.54458	-0.00866345
7.54482	0.00140167
7.54507	0.00473101
7.54531	-0.00749045
7.54556	-0.0189934
7.5458	-0.0108518
7.54604	0.00766223
7.54629	0.0119556
7.54653	-0.000220329
7.54678	-0.00711794
7.54702	0.00195672
7.54727	0.0127753
7.54751	0.0113492
7.54776	0.00292219
7.548	-0.00144232
7.54825	-0.00121272
7.54849	-0.00115687
7.54873	-0.00191676
7.54898	-0.00273879
7.54922	-0.00409875
7.54947	-0.00363066
7.54971	0.00102184
7.54996	0.00385154
7.5502	-0.00297005
7.55045	-0.0131597
7.55069	-0.0118005
7.55094	0.000504938
7.55118	0.0058562
7.55143	-0.00295657
7.55167	-0.0105196
7.55191	-0.00420714
7.55216	0.00567025
7.5524	0.0042645
7.55265	-0.00405502
7.55289	-0.00613559
7.55314	-0.0025139
7.55338	-0.00196313
7.55363	-0.00192565
7.55387	0.00671486
7.55412	0.0189262
7.55436	0.0178556
7.55461	-0.000559258
7.55485	-0.0195349
7.55509	-0.0216938
7.55534	-0.0077669
7.55558	0.00775153
7.55583	0.0123749
7.55607	0.00516143
7.55632	-0.00417324
7.55656	-0.00503247
7.55681	0.00197595
7.55705	0.00538181
7.5573	-0.00097057
7.55754	-0.00791827
7.55779	-0.00427332
7.55803	0.00584722
7.55827	0.00942613
7.55852	0.00434728
7.55876	0.000524342
7.55901	0.00228795
7.55925	0.00260564
7.5595	-0.0025857
7.55974	-0.00593899
7.55999	-0.000236159
7.56023	0.00998801
7.56048	0.0147755
7.56072	0.0114184
7.56097	0.00507973
7.56121	0.000218687
7.56145	-0.00316981
7.5617	-0.0059446
7.56194	-0.00667631
7.56219	-0.00345746
7.56243	0.00223884
7.56268	0.00539857
7.56292	0.0033696
7.56317	0.00124432
7.56341	0.00672793
7.56366	0.0182221
7.5639	0.0241825
7.56414	0.0185952
7.56439	0.0106332
7.56463	0.0118585
7.56488	0.0195106
7.56512	0.02225
7.56537	0.0185205
7.56561	0.0171826
7.56586	0.0210792
7.5661	0.0232242
7.56635	0.021413
7.56659	0.0230789
7.56684	0.0300036
7.56708	0.0311466
7.56732	0.0204198
7.56757	0.0110558
7.56781	0.018887
7.56806	0.037499
7.5683	0.0452709
7.56855	0.0359419
7.56879	0.0265983
7.56904	0.030998
7.56928	0.0392072
7.56953	0.0338387
7.56977	0.0166844
7.57002	0.0051384
7.57026	0.00585028
7.5705	0.00724219
7.57075	0.000727865
7.57099	-0.00508401
7.57124	-3.63069e-05
7.57148	0.00870545
7.57173	0.00652251
7.57197	-0.00544559
7.57222	-0.0115551
7.57246	-0.00539975
7.57271	0.00217576
7.57295	0.0020481
7.5732	-6.27909e-05
7.57344	0.00327151
7.57368	0.00686538
7.57393	0.0025619
7.57417	-0.00512233
7.57442	-0.00548247
7.57466	0.000965755
7.57491	0.00416503
7.57515	0.00181728
7.5754	0.00258558
7.57564	0.0105673
7.57589	0.0175891
7.57613	0.0153454
7.57637	0.00730772
7.57662	0.00329558
7.57686	0.00716676
7.57711	0.014674
7.57735	0.0205389
7.5776	0.023412
7.57784	0.0247477
7.57809	0.0257389
7.57833	0.0263519
7.57858	0.0267398
7.57882	0.027947
7.57907	0.0293845
7.57931	0.02724
7.57955	0.0197038
7.5798	0.012994
7.58004	0.0153823
7.58029	0.0240361
7.58053	0.0264332
7.58078	0.0186351
7.58102	0.0124902
7.58127	0.0176184
7.58151	0.0257533
7.58176	0.0234207
7.582	0.0123771
7.58225	0.00474731
7.58249	0.00343463
7.58273	0.00145381
7.58298	-0.0024794
7.58322	-0.00240997
7.58347	0.00166913
7.58371	0.00317488
7.58396	0.00193225
7.5842	0.00435659
7.58445	0.00977131
7.58469	0.0101498
7.58494	0.00494304
7.58518	0.00204988
7.58543	0.00204724
7.58567	-0.00328241
7.58591	-0.0132192
7.58616	-0.0151415
7.5864	-0.00514641
7.58665	0.00419639
7.58689	0.0041242
7.58714	0.00197218
7.58738	0.00427522
7.58763	0.00382898
7.58787	-0.00438956
7.58812	-0.00959428
7.58836	-0.00235179
7.5886	0.0071667
7.58885	0.00428983
7.58909	-0.00691243
7.58934	-0.0119234
7.58958	-0.00875633
7.58983	-0.00576244
7.59007	-0.00369505
7.59032	0.00233877
7.59056	0.00832137
7.59081	0.00654966
7.59105	0.00176295
7.5913	0.00452016
7.59154	0.0113627
7.59178	0.00971653
7.59203	0.000786151
7.59227	-0.00180961
7.59252	0.00349047
7.59276	0.0034084
7.59301	-0.00522226
7.59325	-0.00826144
7.5935	0.000945512
7.59374	0.00868207
7.59399	0.00323719
7.59423	-0.00619561
7.59448	-0.00585879
7.59472	0.000343163
7.59496	-0.000647495
7.59521	-0.00922317
7.59545	-0.0141415
7.5957	-0.0105833
7.59594	-0.00482061
7.59619	-0.0027484
7.59643	-0.00320739
7.59668	-0.00221881
7.59692	0.00223026
7.59717	0.00862409
7.59741	0.0117882
7.59766	0.00745075
7.5979	-0.000661357
7.59814	-0.00357505
7.59839	0.000331261
7.59863	0.00254873
7.59888	-0.00178142
7.59912	-0.00574101
7.59937	-0.00261177
7.59961	0.00230502
7.59986	0.000550726
7.6001	-0.00545129
7.60035	-0.00722298
7.60059	-0.00453669
7.60083	-0.00468274
7.60108	-0.0100106
7.60132	-0.015711
7.60157	-0.018598
7.60181	-0.0194429
7.60206	-0.0174948
7.6023	-0.0112087
7.60255	-0.00453468
7.60279	-0.00457667
7.60304	-0.0116716
7.60328	-0.0180857
7.60353	-0.0177337
7.60377	-0.0119639
7.60401	-0.00507831
7.60426	0.000763398
7.6045	0.00510258
7.60475	0.00756847
7.60499	0.00751975
7.60524	0.00337121
7.60548	-0.00575515
7.60573	-0.0151382
7.60597	-0.0155273
7.60622	-0.00440775
7.60646	0.0079115
7.60671	0.0103995
7.60695	0.00569852
7.60719	0.00383652
7.60744	0.00504089
7.60768	0.000354764
7.60793	-0.0110704
7.60817	-0.0179926
7.60842	-0.0137392
7.60866	-0.00572391
7.60891	-0.00307829
7.60915	-0.00449671
7.6094	-0.00490598
7.60964	-0.00546679
7.60989	-0.00863876
7.61013	-0.0100944
7.61037	-0.00494641
7.61062	0.00231354
7.61086	0.00337916
7.61111	-0.00098835
7.61135	-0.00259384
7.6116	0.000730558
7.61184	0.00215811
7.61209	-0.00269451
7.61233	-0.00914375
7.61258	-0.0108968
7.61282	-0.00826429
7.61306	-0.00570143
7.61331	-0.00537112
7.61355	-0.00625087
7.6138	-0.00670157
7.61404	-0.00529834
7.61429	-0.00136562
7.61453	0.00310837
7.61478	0.00409728
7.61502	0.00026808
7.61527	-0.00453704
7.61551	-0.00576843
7.61576	-0.0039415
7.616	-0.00360753
7.61624	-0.00698156
7.61649	-0.0108306
7.61673	-0.0103563
7.61698	-0.00489208
7.61722	0.00115841
7.61747	0.00279607
7.61771	-0.000649188
7.61796	-0.00508909
7.6182	-0.00606284
7.61845	-0.00339909
7.61869	-0.00109041
7.61894	-0.00229789
7.61918	-0.00519482
7.61942	-0.00501039
7.61967	-0.000287738
7.61991	0.00465415
7.62016	0.004841
7.6204	0.000709945
7.62065	-0.00329881
7.62089	-0.00505347
7.62114	-0.00597042
7.62138	-0.00607047
7.62163	-0.0030619
7.62187	0.00132931
7.62212	-0.000219499
7.62236	-0.0104454
7.6226	-0.0198634
7.62285	-0.0169844
7.62309	-0.00463662
7.62334	0.00242986
7.62358	-0.00282563
7.62383	-0.011115
7.62407	-0.0112254
7.62432	-0.00481028
7.62456	-0.000534034
7.62481	0.000249185
7.62505	0.00328988
7.62529	0.00953351
7.62554	0.0120101
7.62578	0.00566025
7.62603	-0.00549498
7.62627	-0.0128018
7.62652	-0.0111961
7.62676	-0.00229908
7.62701	0.00770067
7.62725	0.0126248
7.6275	0.0109393
7.62774	0.0060038
7.62799	0.000775132
7.62823	-0.00558306
7.62847	-0.013377
7.62872	-0.0177644
7.62896	-0.0133826
7.62921	-0.00254932
7.62945	0.0061535
7.6297	0.00756207
7.62994	0.00409725
7.63019	0.000255003
7.63043	-0.00262647
7.63068	-0.00520136
7.63092	-0.00746076
7.63117	-0.00876677
7.63141	-0.00844871
7.63165	-0.00603928
7.6319	-0.00249176
7.63214	-0.000114372
7.63239	0.000522327
7.63263	0.00134236
7.63288	0.00212886
7.63312	-0.000799771
7.63337	-0.00714431
7.63361	-0.00912249
7.63386	-0.00237619
7.6341	0.00463463
7.63435	0.00185266
7.63459	-0.00585396
7.63483	-0.00592021
7.63508	0.000513828
7.63532	1.83805e-06
7.63557	-0.00932437
7.63581	-0.0129238
7.63606	-0.00480521
7.6363	0.00056369
7.63655	-0.00788918
7.63679	-0.0183767
7.63704	-0.0157423
7.63728	-0.0066702
7.63752	-0.00672765
7.63777	-0.0124
7.63801	-0.00790742
7.63826	0.00537802
7.6385	0.00958272
7.63875	0.000454173
7.63899	-0.00577733
7.63924	-0.000277947
7.63948	0.0047298
7.63973	-0.00129983
7.63997	-0.00951735
7.64022	-0.00858523
7.64046	-0.00383773
7.6407	-0.005584
7.64095	-0.0101663
7.64119	-0.00772968
7.64144	-0.000480092
7.64168	0.00183786
7.64193	-0.000812173
7.64217	-0.00038154
7.64242	0.00356218
7.64266	0.00324753
7.64291	-0.00306061
7.64315	-0.00801624
7.6434	-0.00669588
7.64364	-0.00157445
7.64388	0.00388816
7.64413	0.00770933
7.64437	0.00624013
7.64462	-0.00200764
7.64486	-0.00974051
7.64511	-0.00779597
7.64535	0.00110205
7.6456	0.00530653
7.64584	0.00134088
7.64609	-0.00283574
7.64633	-0.00310392
7.64658	-0.00531523
7.64682	-0.0116112
7.64706	-0.0128106
7.64731	-0.00269248
7.64755	0.00931093
7.6478	0.0094547
7.64804	-0.00206146
7.64829	-0.0129984
7.64853	-0.0148493
7.64878	-0.00860074
7.64902	0.00132672
7.64927	0.0101574
7.64951	0.0120761
7.64976	0.00495592
7.65	-0.00469539
7.65024	-0.00807444
7.65049	-0.00453015
7.65073	0.000207597
7.65098	0.00384364
7.65122	0.00781697
7.65147	0.00946102
7.65171	0.00373035
7.65196	-0.00597645
7.6522	-0.00835328
7.65245	0.000510071
7.65269	0.0103328
7.65293	0.0102655
7.65318	0.0026531
7.65342	-0.00290351
7.65367	-0.00365695
7.65391	-0.00442985
7.65416	-0.00758221
7.6544	-0.0103572
7.65465	-0.0114742
7.65489	-0.0130853
7.65514	-0.0148863
7.65538	-0.0124176
7.65563	-0.0041329
7.65587	0.00411256
7.65611	0.00526978
7.65636	-0.000301129
7.6566	-0.00563324
7.65685	-0.00578189
7.65709	-0.00297327
7.65734	-0.00277533
7.65758	-0.0069666
7.65783	-0.0116264
7.65807	-0.0119569
7.65832	-0.00757455
7.65856	-0.0022548
7.65881	0.00058932
7.65905	0.000739842
7.65929	-0.000161438
7.65954	-0.00088914
7.65978	-0.00112888
7.66003	-0.00127787
7.66027	-0.00234749
7.66052	-0.0046879
7.66076	-0.00645166
7.66101	-0.00519172
7.66125	-0.00153118
7.6615	0.00097167
7.66174	0.000672467
7.66199	0.000228352
7.66223	0.00245039
7.66247	0.00587754
7.66272	0.0065383
7.66296	0.00261445
7.66321	-0.00420801
7.66345	-0.0104339
7.6637	-0.0124158
7.66394	-0.00858174
7.66419	-0.00180697
7.66443	0.00257085
7.66468	0.00278084
7.66492	0.00201081
7.66516	0.00241614
7.66541	0.00175823
7.66565	-0.00135885
7.6659	-0.00354962
7.66614	-0.00223578
7.66639	-0.00081145
7.66663	-0.00260645
7.66688	-0.00386429
7.66712	0.000351938
7.66737	0.00643843
7.66761	0.00656214
7.66786	0.000792443
7.6681	-0.00353516
7.66834	-0.00362767
7.66859	-0.00322126
7.66883	-0.00280914
7.66908	0.00192369
7.66932	0.00963711
7.66957	0.0112477
7.66981	0.00279141
7.67006	-0.0077285
7.6703	-0.0113309
7.67055	-0.00910525
7.67079	-0.0074569
7.67104	-0.00843811
7.67128	-0.00961162
7.67152	-0.00838432
7.67177	-0.00282367
7.67201	0.00664691
7.67226	0.0138509
7.6725	0.0121583
7.67275	0.00556806
7.67299	0.00562086
7.67324	0.0135597
7.67348	0.0162462
7.67373	0.00608195
7.67397	-0.00614232
7.67422	-0.00731162
7.67446	-0.000561165
7.6747	0.00340281
7.67495	0.00415342
7.67519	0.00710022
7.67544	0.00858162
7.67568	0.00118134
7.67593	-0.0100439
7.67617	-0.0124708
7.67642	-0.00593335
7.67666	-0.00309494
7.67691	-0.00903504
7.67715	-0.0144419
7.67739	-0.0118779
7.67764	-0.00658939
7.67788	-0.00670399
7.67813	-0.0117658
7.67837	-0.0148226
7.67862	-0.0098344
7.67886	0.00353602
7.67911	0.0167134
7.67935	0.0166561
7.6796	0.00176864
7.67984	-0.0111382
7.68009	-0.00697446
7.68033	0.00560104
7.68057	0.00693555
7.68082	-0.00328567
7.68106	-0.00753369
7.68131	-0.00109898
7.68155	0.00106123
7.6818	-0.00766396
7.68204	-0.0133052
7.68229	-0.00637657
7.68253	0.00152354
7.68278	-0.00107214
7.68302	-0.00622971
7.68327	-0.00369298
7.68351	-0.000848278
7.68375	-0.00787681
7.684	-0.0163999
7.68424	-0.0125157
7.68449	-0.00160466
7.68473	-0.000337655
7.68498	-0.010045
7.68522	-0.0166524
7.68547	-0.0134453
7.68571	-0.00683029
7.68596	-0.00209485
7.6862	0.000823537
7.68645	-0.000381937
7.68669	-0.0072072
7.68693	-0.0117702
7.68718	-0.00638833
7.68742	0.000854609
7.68767	-0.00374727
7.68791	-0.0160253
7.68816	-0.0184767
7.6884	-0.00820915
7.68865	-0.00121977
7.68889	-0.00584001
7.68914	-0.0110564
7.68938	-0.007522
7.68962	-0.00211925
7.68987	-0.00236928
7.69011	-0.00239578
7.69036	0.00374753
7.6906	0.00788361
7.69085	0.0004895
7.69109	-0.011636
7.69134	-0.0141147
7.69158	-0.00568498
7.69183	0.00219905
7.69207	0.00289901
7.69232	0.00051785
7.69256	-0.000225674
7.6928	-0.000380579
7.69305	-0.00231731
7.69329	-0.00575904
7.69354	-0.00933723
7.69378	-0.0120818
7.69403	-0.0132072
7.69427	-0.0127594
7.69452	-0.0112997
7.69476	-0.00778654
7.69501	-0.00115813
7.69525	0.00461776
7.6955	0.0025566
7.69574	-0.00680963
7.69598	-0.0125751
7.69623	-0.0067736
7.69647	0.00381816
7.69672	0.00584712
7.69696	-0.00316962
7.69721	-0.0123363
7.69745	-0.0116592
7.6977	-0.00281526
7.69794	0.0053834
7.69819	0.007863
7.69843	0.00744475
7.69868	0.00978937
7.69892	0.0154525
7.69916	0.0176301
7.69941	0.0094462
7.69965	-0.00624087
7.6999	-0.0173444
7.70014	-0.0148202
7.70039	-0.00229283
7.70063	0.00849059
7.70088	0.00967262
7.70112	0.00265771
7.70137	-0.00608687
7.70161	-0.0111306
7.70185	-0.0105764
7.7021	-0.00564678
7.70234	0.000538099
7.70259	0.00414644
7.70283	0.00210678
7.70308	-0.00540608
7.70332	-0.0132839
7.70357	-0.0149728
7.70381	-0.00978611
7.70406	-0.00428359
7.7043	-0.00388073
7.70455	-0.00654515
7.70479	-0.00846825
7.70503	-0.0111513
7.70528	-0.0162228
7.70552	-0.0178155
7.70577	-0.0100697
7.70601	5.75684e-05
7.70626	-0.000539671
7.7065	-0.0109466
7.70675	-0.0154851
7.70699	-0.00680257
7.70724	0.00308056
7.70748	0.00163706
7.70773	-0.00596495
7.70797	-0.00736746
7.70821	-0.00240624
7.70846	-0.000205236
7.7087	-0.00294304
7.70895	-0.00457086
7.70919	-0.00270538
7.70944	-0.00100998
7.70968	-0.00114817
7.70993	-0.00157192
7.71017	-0.00324356
7.71042	-0.00817465
7.71066	-0.0132397
7.71091	-0.0131588
7.71115	-0.00841371
7.71139	-0.00308397
7.71164	0.00250882
7.71188	0.00842897
7.71213	0.0077676
7.71237	-0.00547324
7.71262	-0.0219988
7.71286	-0.0241516
7.71311	-0.0100674
7.71335	0.00183921
7.7136	-0.00200484
7.71384	-0.0125734
7.71408	-0.0139278
7.71433	-0.00659295
7.71457	-0.00352806
7.71482	-0.00850807
7.71506	-0.0115662
7.71531	-0.00588546
7.71555	0.0017989
7.7158	0.00164506
7.71604	-0.00547645
7.71629	-0.0102016
7.71653	-0.00774986
7.71678	-0.00324001
7.71702	-0.00328797
7.71726	-0.00651509
7.71751	-0.00631415
7.71775	-0.00156825
7.718	0.00117396
7.71824	-0.00177797
7.71849	-0.00465785
7.71873	-0.00165331
7.71898	0.00223293
7.71922	-0.00150436
7.71947	-0.00948129
7.71971	-0.00958067
7.71996	-0.00040312
7.7202	0.00449141
7.72044	-0.00328071
7.72069	-0.0135735
7.72093	-0.0127551
7.72118	-0.00328822
7.72142	0.00220512
7.72167	0.000267701
7.72191	-0.00194002
7.72216	-0.0013188
7.7224	-0.00242558
7.72265	-0.00620601
7.72289	-0.006781
7.72314	-0.00240301
7.72338	0.000239501
7.72362	-0.0028295
7.72387	-0.00559075
7.72411	-0.00162321
7.72436	0.00519829
7.7246	0.0060804
7.72485	-0.000374092
7.72509	-0.00724165
7.72534	-0.00883191
7.72558	-0.00623742
7.72583	-0.00396625
7.72607	-0.00458908
7.72632	-0.00693929
7.72656	-0.00806203
7.7268	-0.00704743
7.72705	-0.00655985
7.72729	-0.00858334
7.72754	-0.00959124
7.72778	-0.00412352
7.72803	0.00654161
7.72827	0.0142609
7.72852	0.0138358
7.72876	0.00786519
7.72901	0.000567198
7.72925	-0.0066785
7.72949	-0.0112613
7.72974	-0.00895156
7.72998	-0.0025209
7.73023	-0.00240083
7.73047	-0.0112241
7.73072	-0.0158664
7.73096	-0.00557623
7.73121	0.00876102
7.73145	0.00766588
7.7317	-0.00802562
7.73194	-0.0176913
7.73219	-0.0114341
7.73243	-0.0028774
7.73267	-0.00509484
7.73292	-0.00980013
7.73316	-0.00272693
7.73341	0.0116274
7.73365	0.016122
7.7339	0.0067011
7.73414	-0.00304726
7.73439	-0.00295259
7.73463	0.00119592
7.73488	-0.000210661
7.73512	-0.00590969
7.73537	-0.00769065
7.73561	-0.00356245
7.73585	-0.000245803
7.7361	-0.00343502
7.73634	-0.0102022
7.73659	-0.0128618
7.73683	-0.00875405
7.73708	-0.00344136
7.73732	-0.00289631
7.73757	-0.00513741
7.73781	-0.00381156
7.73806	0.00106146
7.7383	0.00228112
7.73855	-0.00292886
7.73879	-0.00741023
7.73903	-0.00482111
7.73928	-0.000126109
7.73952	-0.00252979
7.73977	-0.0113385
7.74001	-0.0164253
7.74026	-0.0120514
7.7405	-0.00369859
7.74075	-0.000202386
7.74099	-0.00374171
7.74124	-0.00896355
7.74148	-0.0094125
7.74172	-0.00420919
7.74197	0.000620406
7.74221	-0.00123815
7.74246	-0.00782807
7.7427	-0.0106335
7.74295	-0.00658265
7.74319	-0.00297521
7.74344	-0.00631192
7.74368	-0.0117957
7.74393	-0.0105409
7.74417	-0.00313692
7.74442	0.00169074
7.74466	-0.000269768
7.7449	-0.00486162
7.74515	-0.00737223
7.74539	-0.00765094
7.74564	-0.00778735
7.74588	-0.00975761
7.74613	-0.0142109
7.74637	-0.0175519
7.74662	-0.013537
7.74686	-0.00251984
7.74711	0.00583395
7.74735	0.00520961
7.7476	0.00175218
7.74784	0.0023954
7.74808	0.00185246
7.74833	-0.00671265
7.74857	-0.015236
7.74882	-0.0110533
7.74906	0.000743669
7.74931	0.0036716
7.74955	-0.00288493
7.7498	-0.00304005
7.75004	0.00699994
7.75029	0.0113847
7.75053	0.00214732
7.75078	-0.00685751
7.75102	-0.0041124
7.75126	0.000773679
7.75151	-0.00391673
7.75175	-0.0112914
7.752	-0.0100558
7.75224	-0.0047723
7.75249	-0.00460939
7.75273	-0.00466074
7.75298	0.0026735
7.75322	0.00870105
7.75347	0.00172124
7.75371	-0.00911465
7.75395	-0.00592293
7.7542	0.00674552
7.75444	0.00660209
7.75469	-0.0107444
7.75493	-0.0238016
7.75518	-0.0169689
7.75542	-3.30625e-05
7.75567	0.0106235
7.75591	0.0125387
7.75616	0.0105428
7.7564	0.00495812
7.75665	-0.00338668
7.75689	-0.00760727
7.75713	-0.00385771
7.75738	0.00196724
7.75762	0.00355532
7.75787	0.00250414
7.75811	0.00183361
7.75836	-0.000431287
7.7586	-0.00529922
7.75885	-0.00835088
7.75909	-0.00711959
7.75934	-0.00573243
7.75958	-0.00699231
7.75983	-0.00724296
7.76007	-0.00415715
7.76031	-0.00189735
7.76056	-0.00321508
7.7608	-0.00435082
7.76105	-0.00337969
7.76129	-0.0051534
7.76154	-0.0112929
7.76178	-0.0139473
7.76203	-0.00771327
7.76227	0.000150201
7.76252	0.000746432
7.76276	-0.00234796
7.76301	-0.000731977
7.76325	0.00305238
7.76349	8.25488e-05
7.76374	-0.0076635
7.76398	-0.0080516
7.76423	0.00235561
7.76447	0.0122491
7.76472	0.0120138
7.76496	0.00626237
7.76521	0.00404467
7.76545	0.00415481
7.7657	-0.00124427
7.76594	-0.011301
7.76618	-0.0140945
7.76643	-0.00275142
7.76667	0.0120559
7.76692	0.0128846
7.76716	-0.00208264
7.76741	-0.0155631
7.76765	-0.0137406
7.7679	-0.00420583
7.76814	-0.00275012
7.76839	-0.00848605
7.76863	-0.00606691
7.76888	0.00797115
7.76912	0.0170486
7.76936	0.00884748
7.76961	-0.00580496
7.76985	-0.00875894
7.7701	0.000379104
7.77034	0.00704725
7.77059	0.00349275
7.77083	-0.00460171
7.77108	-0.0102164
7.77132	-0.0120229
7.77157	-0.00975815
7.77181	-0.0026811
7.77206	0.00582806
7.7723	0.0095141
7.77254	0.00669314
7.77279	0.00160153
7.77303	-0.00152929
7.77328	-0.00148656
7.77352	0.00101327
7.77377	0.00285035
7.77401	-0.000176407
7.77426	-0.00637623
7.7745	-0.00671621
7.77475	0.00279739
7.77499	0.0120353
7.77524	0.00924106
7.77548	-0.00126042
7.77572	-0.00494027
7.77597	0.00151744
7.77621	0.00700421
7.77646	0.00430973
7.7767	-0.00074271
7.77695	-0.000726915
7.77719	0.00419856
7.77744	0.0115966
7.77768	0.0204827
7.77793	0.0263848
7.77817	0.0233862
7.77841	0.0149107
7.77866	0.0115821
7.7789	0.0145953
7.77915	0.0137897
7.77939	0.00720377
7.77964	0.00739047
7.77988	0.0191529
7.78013	0.0266245
7.78037	0.0169606
7.78062	0.00389265
7.78086	0.00920942
7.78111	0.029493
7.78135	0.0417974
7.78159	0.0381066
7.78184	0.0327976
7.78208	0.0357675
7.78233	0.0395985
7.78257	0.0383992
7.78282	0.0397404
7.78306	0.0486816
7.78331	0.0561126
7.78355	0.0542824
7.7838	0.0510704
7.78404	0.0570235
7.78429	0.0689088
7.78453	0.0784568
7.78477	0.0880723
7.78502	0.104088
7.78526	0.121532
7.78551	0.13056
7.78575	0.134275
7.786	0.145822
7.78624	0.169167
7.78649	0.19583
7.78673	0.220377
7.78698	0.246609
7.78722	0.277573
7.78747	0.311677
7.78771	0.350586
7.78795	0.39882
7.7882	0.452024
7.78844	0.497163
7.78869	0.529439
7.78893	0.558866
7.78918	0.594628
7.78942	0.632389
7.78967	0.662959
7.78991	0.683719
7.79016	0.693957
7.7904	0.688196
7.79064	0.664275
7.79089	0.632201
7.79113	0.605349
7.79138	0.58628
7.79162	0.5678
7.79187	0.54295
7.79211	0.507496
7.79236	0.459829
7.7926	0.407578
7.79285	0.367314
7.79309	0.346099
7.79334	0.328644
7.79358	0.295807
7.79382	0.252051
7.79407	0.21991
7.79431	0.20832
7.79456	0.202152
7.7948	0.185673
7.79505	0.161549
7.79529	0.140908
7.79554	0.127141
7.79578	0.117433
7.79603	0.110996
7.79627	0.107886
7.79652	0.106176
7.79676	0.106357
7.797	0.112423
7.79725	0.12377
7.79749	0.133045
7.79774	0.137176
7.79798	0.143099
7.79823	0.156552
7.79847	0.172749
7.79872	0.185579
7.79896	0.199121
7.79921	0.220831
7.79945	0.247984
7.7997	0.270458
7.79994	0.284981
7.80018	0.298817
7.80043	0.320307
7.80067	0.351683
7.80092	0.389951
7.80116	0.42996
7.80141	0.468317
7.80165	0.507579
7.8019	0.552315
7.80214	0.596669
7.80239	0.622529
7.80263	0.618687
7.80287	0.597663
7.80312	0.583643
7.80336	0.585433
7.80361	0.590702
7.80385	0.585594
7.8041	0.568955
7.80434	0.545288
7.80459	0.514807
7.80483	0.476941
7.80508	0.436671
7.80532	0.399986
7.80557	0.366166
7.80581	0.330605
7.80605	0.293646
7.8063	0.260801
7.80654	0.233562
7.80679	0.205233
7.80703	0.169499
7.80728	0.130675
7.80752	0.100445
7.80777	0.0838972
7.80801	0.0738286
7.80826	0.0617937
7.8085	0.0496685
7.80875	0.0442844
7.80899	0.04434
7.80923	0.0412711
7.80948	0.0324318
7.80972	0.0245201
7.80997	0.0225735
7.81021	0.0240224
7.81046	0.0257936
7.8107	0.0285318
7.81095	0.0305675
7.81119	0.0267539
7.81144	0.0179269
7.81168	0.0128588
7.81193	0.0155594
7.81217	0.0190343
7.81241	0.0170762
7.81266	0.013073
7.8129	0.0107596
7.81315	0.00630377
7.81339	-0.00215369
7.81364	-0.0070693
7.81388	-0.00344941
7.81413	0.00112551
7.81437	-0.000856198
7.81462	-0.00366245
7.81486	6.86919e-05
7.81511	0.00432481
7.81535	0.00106318
7.81559	-0.00244195
7.81584	0.00490816
7.81608	0.0159572
7.81633	0.0142912
7.81657	0.00166049
7.81682	-0.00397118
7.81706	0.00275424
7.81731	0.00789402
7.81755	0.00274962
7.8178	-0.00404375
7.81804	-0.00391733
7.81828	-0.000845257
7.81853	-0.000146133
7.81877	0.000488514
7.81902	0.00252728
7.81926	0.0020134
7.81951	-0.00127113
7.81975	-0.00202125
7.82	-0.000457543
7.82024	-0.00236076
7.82049	-0.00537962
7.82073	-0.000303969
7.82098	0.0102346
7.82122	0.0109096
7.82146	-0.00233474
7.82171	-0.0140037
7.82195	-0.0126118
7.8222	-0.00644722
7.82244	-0.00638039
7.82269	-0.00854402
7.82293	-0.00552119
7.82318	-0.000907195
7.82342	-0.000489308
7.82367	-0.000920842
7.82391	0.00109535
7.82416	-0.000146058
7.8244	-0.00743858
7.82464	-0.0112396
7.82489	-0.0045967
7.82513	0.0029455
7.82538	-0.000880625
7.82562	-0.0124701
7.82587	-0.0192787
7.82611	-0.0167403
7.82636	-0.00802265
7.8266	0.00315821
7.82685	0.00969799
7.82709	0.00311269
7.82734	-0.010885
7.82758	-0.0126375
7.82782	0.003101
7.82807	0.0148131
7.82831	0.00598931
7.82856	-0.00768935
7.8288	-0.00371863
7.82905	0.0102933
7.82929	0.0110932
7.82954	-0.000393579
7.82978	-0.00316605
7.83003	0.00595031
7.83027	0.00907625
7.83051	0.00163018
7.83076	0.000299023
7.831	0.011909
7.83125	0.0208822
7.83149	0.0156747
7.83174	0.00481621
7.83198	-0.00193229
7.83223	-0.0073715
7.83247	-0.0126389
7.83272	-0.00928734
7.83296	0.00336759
7.83321	0.010812
7.83345	0.00500649
7.83369	-0.00218212
7.83394	0.00106039
7.83418	0.00785629
7.83443	0.0066007
7.83467	0.000313045
7.83492	-0.0016596
7.83516	-0.000477773
7.83541	-0.00251181
7.83565	-0.00563802
7.8359	-0.00393858
7.83614	0.000267942
7.83639	0.000823537
7.83663	-0.00118907
7.83687	-0.00123841
7.83712	-0.00102305
7.83736	-0.00430907
7.83761	-0.00782662
7.83785	-0.00637098
7.8381	-0.00301464
7.83834	-0.00418502
7.83859	-0.00750589
7.83883	-0.0048411
7.83908	0.0035406
7.83932	0.00775814
7.83957	0.00280166
7.83981	-0.00390563
7.84005	-0.00334494
7.8403	0.00183465
7.84054	0.00063258
7.84079	-0.0101978
7.84103	-0.0189402
7.84128	-0.0129915
7.84152	0.00188942
7.84177	0.00549161
7.84201	-0.00984663
7.84226	-0.0259285
7.8425	-0.0220594
7.84274	-0.00413254
7.84299	0.00370666
7.84323	-0.00710839
7.84348	-0.0203628
7.84372	-0.0206345
7.84397	-0.0117969
7.84421	-0.0049864
7.84446	-0.00257983
7.8447	-0.00200774
7.84495	-0.00395171
7.84519	-0.00803199
7.84544	-0.00889376
7.84568	-0.00416534
7.84592	0.000764044
7.84617	0.00149555
7.84641	0.000530829
7.84666	-7.98068e-05
7.8469	-0.0028372
7.84715	-0.006484
7.84739	-0.00395342
7.84764	0.00463012
7.84788	0.00723619
7.84813	-0.00328165
7.84837	-0.0167119
7.84862	-0.0190798
7.84886	-0.0111771
7.8491	-0.00445379
7.84935	-0.00481225
7.84959	-0.0089829
7.84984	-0.011616
7.85008	-0.00899953
7.85033	-0.00128954
7.85057	0.00388655
7.85082	-0.00207674
7.85106	-0.0138363
7.85131	-0.0144984
7.85155	0.000197629
7.8518	0.0127662
7.85204	0.00901588
7.85228	-0.00110037
7.85253	-0.00147274
7.85277	0.00385543
7.85302	0.000547151
7.85326	-0.00895405
7.85351	-0.00935701
7.85375	0.000256314
7.854	0.00439166
7.85424	-0.00270075
7.85449	-0.00832455
7.85473	-0.00338599
7.85497	0.00371368
7.85522	0.00264491
7.85546	-0.0026446
7.85571	-0.0021811
7.85595	0.00470652
7.8562	0.0106838
7.85644	0.0113155
7.85669	0.00810037
7.85693	0.00417328
7.85718	0.00163662
7.85742	0.000953762
7.85767	0.000593094
7.85791	-0.000883801
7.85815	-0.00213781
7.8584	-0.00113548
7.85864	0.00092608
7.85889	0.00128534
7.85913	0.000130903
7.85938	-0.000307464
7.85962	0.00012885
7.85987	0.000219814
7.86011	0.000555958
7.86036	0.00228541
7.8606	0.00466475
7.86085	0.00718081
7.86109	0.0109287
7.86133	0.014302
7.86158	0.0118973
7.86182	0.00261162
7.86207	-0.00604272
7.86231	-0.00758118
7.86256	-0.00550913
7.8628	-0.00622118
7.86305	-0.00845513
7.86329	-0.0075762
7.86354	-0.00516037
7.86378	-0.00550014
7.86403	-0.00705938
7.86427	-0.00635301
7.86451	-0.00569037
7.86476	-0.00756355
7.865	-0.00639777
7.86525	0.00302001
7.86549	0.0132081
7.86574	0.0122966
7.86598	0.00171925
7.86623	-0.00654
7.86647	-0.00775672
7.86672	-0.00704795
7.86696	-0.00664949
7.8672	-0.0041992
7.86745	-0.00235842
7.86769	-0.00619733
7.86794	-0.0113314
7.86818	-0.0083803
7.86843	0.000865727
7.86867	0.00563869
7.86892	0.00402942
7.86916	0.00336028
7.86941	0.00311603
7.86965	-0.00473155
7.8699	-0.016356
7.87014	-0.0162521
7.87038	-0.00220843
7.87063	0.00836705
7.87087	0.004635
7.87112	-0.00274032
7.87136	-0.00186752
7.87161	0.00255876
7.87185	0.00300966
7.8721	0.00422229
7.87234	0.0107647
7.87259	0.0138432
7.87283	0.00581086
7.87308	-0.00395828
7.87332	-0.00329538
7.87356	0.00280085
7.87381	0.00230525
7.87405	-0.00241093
7.8743	7.08553e-05
7.87454	0.0098087
7.87479	0.0166335
7.87503	0.0172093
7.87528	0.0160064
7.87552	0.0132587
7.87577	0.00673417
7.87601	0.00223346
7.87626	0.0074405
7.8765	0.017017
7.87674	0.0176048
7.87699	0.00660902
7.87723	-0.00620217
7.87748	-0.0135682
7.87772	-0.0147086
7.87797	-0.00802211
7.87821	0.00542901
7.87846	0.0137604
7.8787	0.00604218
7.87895	-0.00860498
7.87919	-0.0109018
7.87943	-0.000766153
7.87968	0.00242503
7.87992	-0.00787676
7.88017	-0.0138952
7.88041	-0.00314614
7.88066	0.0100713
7.8809	0.00690354
7.88115	-0.00742547
7.88139	-0.0138913
7.88164	-0.00824281
7.88188	-0.0018071
7.88213	0.000263501
7.88237	0.00391526
7.88261	0.0103827
7.88286	0.0112619
7.8831	0.00286957
7.88335	-0.00610546
7.88359	-0.006689
7.88384	-0.00189482
7.88408	-0.00153721
7.88433	-0.00894043
7.88457	-0.0174435
7.88482	-0.0189255
7.88506	-0.0128481
7.88531	-0.0058393
7.88555	-0.00275673
7.88579	-0.000527973
7.88604	0.00596964
7.88628	0.0136016
7.88653	0.0132031
7.88677	0.00377917
7.88702	-0.00303259
7.88726	0.00221037
7.88751	0.013644
7.88775	0.0186681
7.888	0.0147912
7.88824	0.00965611
7.88849	0.00755038
7.88873	0.00563999
7.88897	0.00312148
7.88922	0.00430168
7.88946	0.00997453
7.88971	0.0135192
7.88995	0.00947428
7.8902	0.000578231
7.89044	-0.00695308
7.89069	-0.0103082
7.89093	-0.00939754
7.89118	-0.00445546
7.89142	0.00179299
7.89167	0.00397854
7.89191	0.000415566
7.89215	-0.00381211
7.8924	-0.00399344
7.89264	-0.00237752
7.89289	-0.00313234
7.89313	-0.00454917
7.89338	-0.0024227
7.89362	0.00127407
7.89387	0.000227249
7.89411	-0.00611778
7.89436	-0.011076
7.8946	-0.0103855
7.89484	-0.00730867
7.89509	-0.00621441
7.89533	-0.00661032
7.89558	-0.00629159
7.89582	-0.00567076
7.89607	-0.00568187
7.89631	-0.0052289
7.89656	-0.00380872
7.8968	-0.00321863
7.89705	-0.00405736
7.89729	-0.00449187
7.89754	-0.00497861
7.89778	-0.0087271
7.89802	-0.0137499
7.89827	-0.0114002
7.89851	0.000445293
7.89876	0.00945128
7.899	0.0041212
7.89925	-0.00777391
7.89949	-0.00865322
7.89974	0.00292639
7.89998	0.0102433
7.90023	0.00403694
7.90047	-0.00529641
7.90072	-0.00719644
7.90096	-0.00759437
7.9012	-0.0149619
7.90145	-0.021933
7.90169	-0.0160957
7.90194	-0.00213483
7.90218	0.00300826
7.90243	-0.00511126
7.90267	-0.0134372
7.90292	-0.0119538
7.90316	-0.00587362
7.90341	-0.00412945
7.90365	-0.00704477
7.9039	-0.0100754
7.90414	-0.0110333
7.90438	-0.00912645
7.90463	-0.00386414
7.90487	0.00154595
7.90512	0.00219483
7.90536	-0.000679619
7.90561	-0.000709571
7.90585	0.00285537
7.9061	0.00335491
7.90634	-0.00198409
7.90659	-0.0075177
7.90683	-0.00881165
7.90707	-0.00789433
7.90732	-0.00593677
7.90756	-0.000847221
7.90781	0.00413661
7.90805	0.00108953
7.9083	-0.00815923
7.90854	-0.0110295
7.90879	-0.00462405
7.90903	-0.00261199
7.90928	-0.0116003
7.90952	-0.0165366
7.90977	-0.00495291
7.91001	0.00908756
7.91025	0.00556771
7.9105	-0.00869608
7.91074	-0.0118495
7.91099	-0.00345519
7.91123	-0.0018109
7.91148	-0.00836941
7.91172	-0.00534826
7.91197	0.00809642
7.91221	0.00893523
7.91246	-0.0096401
7.9127	-0.0208076
7.91295	-0.00456752
7.91319	0.0194749
7.91343	0.0222836
7.91368	0.00832065
7.91392	0.00244151
7.91417	0.0083809
7.91441	0.00879063
7.91466	-0.000686471
7.9149	-0.00563544
7.91515	-0.000547251
7.91539	0.00280657
7.91564	-0.00166746
7.91588	-0.00437289
7.91613	0.000735228
7.91637	0.00476238
7.91661	-0.000387269
7.91686	-0.00882104
7.9171	-0.0111101
7.91735	-0.00713487
7.91759	-0.00195232
7.91784	0.00197607
7.91808	0.00304651
7.91833	-0.000544198
7.91857	-0.0055533
7.91882	-0.00546179
7.91906	-0.00122371
7.9193	-0.00160402
7.91955	-0.00890836
7.91979	-0.0135621
7.92004	-0.0082036
7.92028	0.00133216
7.92053	0.00551906
7.92077	0.00440284
7.92102	0.00411652
7.92126	0.00547513
7.92151	0.00378959
7.92175	-0.00203109
7.922	-0.00630444
7.92224	-0.00300241
7.92248	0.0070615
7.92273	0.0159766
7.92297	0.0162718
7.92322	0.0093404
7.92346	0.00371702
7.92371	0.00337384
7.92395	0.00293195
7.9242	-0.00159321
7.92444	-0.00473665
7.92469	-0.00180023
7.92493	0.000930561
7.92518	-0.002395
7.92542	-0.00335833
7.92566	0.00744305
7.92591	0.0192649
7.92615	0.0135568
7.9264	-0.00461111
7.92664	-0.0106313
7.92689	0.00108977
7.92713	0.00742839
7.92738	-0.00555048
7.92762	-0.0194114
7.92787	-0.0136665
7.92811	0.00194553
7.92836	0.00630125
7.9286	0.00181169
7.92884	0.00620501
7.92909	0.0191908
7.92933	0.0226832
7.92958	0.0116133
7.92982	0.00147682
7.93007	0.00260838
7.93031	0.00596404
7.93056	0.000246072
7.9308	-0.0111572
7.93105	-0.017365
7.93129	-0.0147678
7.93153	-0.00870969
7.93178	-0.00583004
7.93202	-0.00788455
7.93227	-0.00999607
7.93251	-0.00529234
7.93276	0.00566584
7.933	0.0132504
7.93325	0.0107296
7.93349	0.00305475
7.93374	-0.00184906
7.93398	-0.00422113
7.93423	-0.00723892
7.93447	-0.00755771
7.93471	-0.00152631
7.93496	0.00460406
7.9352	0.00259537
7.93545	-0.0033252
7.93569	-0.00223978
7.93594	0.00552208
7.93618	0.00864791
7.93643	0.00240493
7.93667	-0.00576968
7.93692	-0.00858621
7.93716	-0.00638211
7.93741	-0.00187572
7.93765	0.00284317
7.93789	0.00396407
7.93814	-0.00031141
7.93838	-0.00427882
7.93863	-0.00193449
7.93887	0.00219891
7.93912	-0.000328786
7.93936	-0.00659752
7.93961	-0.00575439
7.93985	0.0030693
7.9401	0.00906279
7.94034	0.00665763
7.94059	0.0015978
7.94083	-0.00134759
7.94107	-0.00409245
7.94132	-0.0062481
7.94156	-0.0030108
7.94181	0.00424124
7.94205	0.00676087
7.9423	0.00199432
7.94254	-0.00240385
7.94279	-0.00214482
7.94303	-0.00311451
7.94328	-0.00973765
7.94352	-0.0164539
7.94376	-0.0162947
7.94401	-0.00991955
7.94425	-0.00193085
7.9445	0.00422538
7.94474	0.00503273
7.94499	-0.00103955
7.94523	-0.00807124
7.94548	-0.00812943
7.94572	-0.00339627
7.94597	-0.00285874
7.94621	-0.00652244
7.94646	-0.00569396
7.9467	-0.000411619
7.94694	-0.00148079
7.94719	-0.0109814
7.94743	-0.016503
7.94768	-0.0114895
7.94792	-0.00591392
7.94817	-0.00801683
7.94841	-0.0104516
7.94866	-0.00543937
7.9489	0.000384943
7.94915	-0.000802468
7.94939	-0.00238394
7.94964	0.00457665
7.94988	0.0136186
7.95012	0.0124004
7.95037	0.00218429
7.95061	-0.00669661
7.95086	-0.012041
7.9511	-0.0176224
7.95135	-0.019593
7.95159	-0.0110448
7.95184	0.00250158
7.95208	0.00722686
7.95233	0.000524903
7.95257	-0.00611764
7.95282	-0.00418858
7.95306	0.002665
7.9533	0.00708633
7.95355	0.00647283
7.95379	0.00236718
7.95404	-0.00148272
7.95428	-0.00108731
7.95453	0.00228975
7.95477	0.00181099
7.95502	-0.00419032
7.95526	-0.00719844
7.95551	-0.0019332
7.95575	0.00278438
7.95599	-0.00258837
7.95624	-0.0113655
7.95648	-0.0108305
7.95673	-0.00346047
7.95697	-0.00170572
7.95722	-0.00527047
7.95746	-0.00226383
7.95771	0.0068655
7.95795	0.00640317
7.9582	-0.00832236
7.95844	-0.0197619
7.95869	-0.0129308
7.95893	0.00279865
7.95917	0.00831867
7.95942	0.000966308
7.95966	-0.00622265
7.95991	-0.005007
7.96015	0.000385273
7.9604	0.00374506
7.96064	0.00504274
7.96089	0.00703138
7.96113	0.00964603
7.96138	0.009713
7.96162	0.0045103
7.96187	-0.00427102
7.96211	-0.0102188
7.96235	-0.00831305
7.9626	-0.00153142
7.96284	0.00193499
7.96309	-0.00165615
7.96333	-0.00826421
7.96358	-0.0122025
7.96382	-0.0113558
7.96407	-0.00675735
7.96431	-0.00216673
7.96456	-0.00347302
7.9648	-0.012082
7.96505	-0.0191766
7.96529	-0.0145382
7.96553	-0.0019422
7.96578	0.00357884
7.96602	-0.00336192
7.96627	-0.0105431
7.96651	-0.00670755
7.96676	0.00185293
7.967	0.0024262
7.96725	-0.00409237
7.96749	-0.00608453
7.96774	-0.000403221
7.96798	0.00370633
7.96823	0.000131148
7.96847	-0.00578605
7.96871	-0.00769268
7.96896	-0.00776229
7.9692	-0.0101574
7.96945	-0.0117108
7.96969	-0.00667675
7.96994	0.00222787
7.97018	0.00505042
7.97043	-0.00251179
7.97067	-0.0129808
7.97092	-0.0161932
7.97116	-0.0110517
7.9714	-0.00513028
7.97165	-0.00446397
7.97189	-0.00744942
7.97214	-0.00919733
7.97238	-0.00866934
7.97263	-0.00896039
7.97287	-0.0115854
7.97312	-0.0135193
7.97336	-0.011355
7.97361	-0.00673229
7.97385	-0.00485949
7.9741	-0.00725946
7.97434	-0.00892775
7.97458	-0.00513984
7.97483	0.00119338
7.97507	0.00324768
7.97532	0.000513095
7.97556	-0.00048138
7.97581	0.00298583
7.97605	0.00479918
7.9763	-0.000208774
7.97654	-0.00768295
7.97679	-0.0112032
7.97703	-0.0126564
7.97728	-0.0165353
7.97752	-0.0185642
7.97776	-0.0116476
7.97801	-0.00120108
7.97825	-0.000622215
7.9785	-0.00950608
7.97874	-0.0110432
7.97899	0.00231609
7.97923	0.0141809
7.97948	0.00630298
7.97972	-0.0145334
7.97997	-0.0252389
7.98021	-0.0167323
7.98046	-0.002185
7.9807	0.00331432
7.98094	-0.00075767
7.98119	-0.00540046
7.98143	-0.0040333
7.98168	0.00314816
7.98192	0.0102461
7.98217	0.00959667
7.98241	-0.000190743
7.98266	-0.00997551
7.9829	-0.00922785
7.98315	0.00089935
7.98339	0.00931937
7.98363	0.009274
7.98388	0.0043261
7.98412	8.43507e-06
7.98437	-0.00312048
7.98461	-0.00596372
7.98486	-0.00697284
7.9851	-0.00555476
7.98535	-0.00495706
7.98559	-0.00762404
7.98584	-0.010176
7.98608	-0.00691589
7.98633	0.00205349
7.98657	0.00906566
7.98681	0.00678019
7.98706	-0.00286191
7.9873	-0.0098714
7.98755	-0.00787937
7.98779	-0.00192697
7.98804	-0.000808228
7.98828	-0.00405699
7.98853	-0.00342818
7.98877	0.00303987
7.98902	0.00701462
7.98926	0.00247789
7.98951	-0.00585139
7.98975	-0.0105615
7.98999	-0.0102004
7.99024	-0.0057841
7.99048	0.00242389
7.99073	0.00927814
7.99097	0.00587079
7.99122	-0.00613073
7.99146	-0.0114401
7.99171	-0.00207587
7.99195	0.00886466
7.9922	0.00621902
7.99244	-0.00427724
7.99269	-0.00685536
7.99293	-0.0010589
7.99317	0.00109674
7.99342	-0.00259052
7.99366	-0.00390092
7.99391	-0.00241355
7.99415	-0.00480443
7.9944	-0.00737682
7.99464	0.000103446
7.99489	0.0122487
7.99513	0.011378
7.99538	-0.00298606
7.99562	-0.00987237
7.99586	0.000572205
7.99611	0.0117984
7.99635	0.00899435
7.9966	0.00179649
7.99684	0.00392941
7.99709	0.00832387
7.99733	0.00163753
7.99758	-0.00981871
7.99782	-0.00964377
7.99807	0.00102826
7.99831	0.00571811
7.99856	-0.00108007
7.9988	-0.00805321
7.99904	-0.00727907
7.99929	-0.00423456
7.99953	-0.00534927
7.99978	-0.0085382
8.00002	-0.00978958
8.00027	-0.00944356
8.00051	-0.008357
8.00076	-0.00513667
8.001	-0.000208527
8.00125	0.00284507
8.00149	0.00243519
8.00174	0.00152434
8.00198	0.0033561
8.00222	0.00690227
8.00247	0.00732164
8.00271	0.000756519
8.00296	-0.00964762
8.0032	-0.0134073
8.00345	-0.00357909
8.00369	0.011631
8.00394	0.0157577
8.00418	0.00514555
8.00443	-0.00555208
8.00467	-0.00365733
8.00492	0.00499739
8.00516	0.00712813
8.0054	0.000978646
8.00565	-0.00541793
8.00589	-0.00827904
8.00614	-0.00966075
8.00638	-0.00962713
8.00663	-0.0073114
8.00687	-0.00646696
8.00712	-0.0100819
8.00736	-0.0124422
8.00761	-0.00652598
8.00785	0.00324719
8.00809	0.00601313
8.00834	0.000644503
8.00858	-0.00340895
8.00883	-0.000855507
8.00907	0.00393547
8.00932	0.0065286
8.00956	0.00784481
8.00981	0.00837131
8.01005	0.00541334
8.0103	-0.00139507
8.01054	-0.00792529
8.01079	-0.0104121
8.01103	-0.00810445
8.01127	-0.00218637
8.01152	0.00310569
8.01176	0.00146154
8.01201	-0.00671802
8.01225	-0.0106428
8.0125	-0.0031551
8.01274	0.00587722
8.01299	0.00214658
8.01323	-0.00992641
8.01348	-0.0113277
8.01372	0.00338477
8.01397	0.0173588
8.01421	0.0155476
8.01445	0.00368757
8.0147	-0.00389447
8.01494	-0.0033595
8.01519	0.000622482
8.01543	0.00572789
8.01568	0.0104031
8.01592	0.00899914
8.01617	-0.000569382
8.01641	-0.00920046
8.01666	-0.00707205
8.0169	0.00146753
8.01715	0.00357042
8.01739	-0.00318802
8.01763	-0.00777273
8.01788	-0.00261491
8.01812	0.00555549
8.01837	0.00576816
8.01861	-0.00232609
8.01886	-0.00873469
8.0191	-0.00582079
8.01935	0.00337784
8.01959	0.00937643
8.01984	0.00642552
8.02008	-0.00225195
8.02032	-0.00842983
8.02057	-0.00719485
8.02081	-0.00142855
8.02106	0.00127252
8.0213	-0.00377161
8.02155	-0.0128794
8.02179	-0.0165843
8.02204	-0.009639
8.02228	0.00172302
8.02253	0.0057841
8.02277	-0.00068256
8.02302	-0.0087687
8.02326	-0.00971657
8.0235	-0.00551667
8.02375	-0.00316762
8.02399	-0.00369297
8.02424	-0.00317252
8.02448	-0.000788067
8.02473	0.00126555
8.02497	0.00297661
8.02522	0.0045757
8.02546	0.00264409
8.02571	-0.00378575
8.02595	-0.00695042
8.0262	-0.000509326
8.02644	0.00700547
8.02668	0.00199865
8.02693	-0.0115784
8.02717	-0.0146973
8.02742	-0.00149709
8.02766	0.0108115
8.02791	0.00772109
8.02815	-0.00181013
8.0284	-0.00204358
8.02864	0.00433575
8.02889	0.00310865
8.02913	-0.00663416
8.02938	-0.0113342
8.02962	-0.00513671
8.02986	0.0017601
8.03011	-0.000288194
8.03035	-0.00691315
8.0306	-0.0079961
8.03084	-0.00194311
8.03109	0.00384512
8.03133	0.00324368
8.03158	-0.00207561
8.03182	-0.00581291
8.03207	-0.00491601
8.03231	-0.00299776
8.03255	-0.00431605
8.0328	-0.00596976
8.03304	-0.00145602
8.03329	0.00752242
8.03353	0.0105661
8.03378	0.00367181
8.03402	-0.00336023
8.03427	-0.00121198
8.03451	0.00490573
8.03476	0.00475667
8.035	0.000320141
8.03525	0.00176249
8.03549	0.00967987
8.03573	0.014074
8.03598	0.0104849
8.03622	0.00505648
8.03647	0.00239924
8.03671	6.42278e-05
8.03696	-0.00236102
8.0372	-8.57016e-05
8.03745	0.00655215
8.03769	0.00886631
8.03794	0.00249538
8.03818	-0.00563515
8.03843	-0.00860682
8.03867	-0.00876378
8.03891	-0.00909693
8.03916	-0.00487555
8.0394	0.00649162
8.03965	0.0147396
8.03989	0.00797257
8.04014	-0.00876091
8.04038	-0.0175677
8.04063	-0.0100443
8.04087	0.00393721
8.04112	0.0104961
8.04136	0.00655589
8.04161	-0.00119451
8.04185	-0.00499869
8.04209	-0.00123356
8.04234	0.00763221
8.04258	0.0139362
8.04283	0.0116554
8.04307	0.00360843
8.04332	-0.0018
8.04356	-0.00100426
8.04381	0.0021499
8.04405	0.00390242
8.0443	0.00445655
8.04454	0.00358142
8.04478	-0.00055228
8.04503	-0.00550389
8.04527	-0.00454599
8.04552	0.00318373
8.04576	0.00878326
8.04601	0.00551596
8.04625	-0.000852735
8.0465	-0.000790157
8.04674	0.00426928
8.04699	0.00496441
8.04723	-9.74553e-05
8.04748	-0.00163211
8.04772	0.00532028
8.04796	0.012839
8.04821	0.0114187
8.04845	0.00312292
8.0487	-0.00279954
8.04894	-0.00297328
8.04919	-0.00162397
8.04943	-0.00144095
8.04968	-5.90395e-05
8.04992	0.00377328
8.05017	0.00663977
8.05041	0.0054415
8.05066	0.00180607
8.0509	-0.000942811
8.05114	-0.00203332
8.05139	-0.00212727
8.05163	-0.00108684
8.05188	0.000253394
8.05212	-0.00104534
8.05237	-0.00553146
8.05261	-0.00788523
8.05286	-0.00270169
8.0531	0.00686186
8.05335	0.0111525
8.05359	0.00557339
8.05384	-0.00402853
8.05408	-0.00884048
8.05432	-0.00630485
8.05457	-0.000384429
8.05481	0.0036919
8.05506	0.00298598
8.0553	-0.0014109
8.05555	-0.00417735
8.05579	-0.000816593
8.05604	0.00527101
8.05628	0.00560292
8.05653	-0.000623843
8.05677	-0.00266694
8.05702	0.00722805
8.05726	0.0209304
8.0575	0.0240527
8.05775	0.0148983
8.05799	0.00478124
8.05824	0.00151589
8.05848	0.00255891
8.05873	0.00431596
8.05897	0.00753914
8.05922	0.0112729
8.05946	0.0112494
8.05971	0.00775179
8.05995	0.00626865
8.06019	0.00717804
8.06044	0.00449796
8.06068	-0.00133184
8.06093	-0.000912874
8.06117	0.00763666
8.06142	0.0118422
8.06166	0.00407348
8.06191	-0.00392622
8.06215	0.00135688
8.0624	0.0128804
8.06264	0.0142842
8.06289	0.00657503
8.06313	0.005091
8.06337	0.0126333
8.06362	0.0152687
8.06386	0.00695123
8.06411	-0.000514423
8.06435	0.00161421
8.0646	0.00488696
8.06484	0.000134951
8.06509	-0.00555567
8.06533	-0.00077335
8.06558	0.0105371
8.06582	0.0145275
8.06607	0.00796083
8.06631	0.00146647
8.06655	0.00342597
8.0668	0.0101425
8.06704	0.013385
8.06729	0.0111098
8.06753	0.00771613
8.06778	0.0066107
8.06802	0.00572919
8.06827	0.00173329
8.06851	-0.0026691
8.06876	-0.000220933
8.069	0.00958186
8.06925	0.0162881
8.06949	0.0115063
8.06973	0.000975456
8.06998	-0.00468099
8.07022	-0.00597979
8.07047	-0.00986884
8.07071	-0.0134846
8.07096	-0.0081739
8.0712	0.00150817
8.07145	0.000810073
8.07169	-0.0103768
8.07194	-0.0143265
8.07218	-0.0035159
8.07242	0.00680841
8.07267	0.00400295
8.07291	-0.00216987
8.07316	0.00115707
8.0734	0.0072614
8.07365	0.00371261
8.07389	-0.00429003
8.07414	-0.00383421
8.07438	0.00207255
8.07463	0.00099398
8.07487	-0.00514214
8.07512	-0.00286451
8.07536	0.00921688
8.0756	0.0182318
8.07585	0.0172881
8.07609	0.0112911
8.07634	0.00387218
8.07658	-0.00491563
8.07683	-0.00881907
8.07707	-0.000574632
8.07732	0.0124129
8.07756	0.0143481
8.07781	0.0045882
8.07805	-0.00153671
8.0783	0.00238891
8.07854	0.00560269
8.07878	0.00117734
8.07903	-0.00211057
8.07927	0.0032719
8.07952	0.00953361
8.07976	0.00610209
8.08001	-0.00445188
8.08025	-0.0116308
8.0805	-0.0102398
8.08074	-0.00241067
8.08099	0.00632631
8.08123	0.00928559
8.08148	0.00463308
8.08172	0.000720675
8.08196	0.00619398
8.08221	0.0149118
8.08245	0.0133045
8.0827	0.00294364
8.08294	-0.000317547
8.08319	0.00756274
8.08343	0.0119198
8.08368	0.00485882
8.08392	-0.00141682
8.08417	0.00292027
8.08441	0.00779595
8.08465	0.00225157
8.0849	-0.00500896
8.08514	-0.00103528
8.08539	0.00818085
8.08563	0.00829489
8.08588	0.000934372
8.08612	-0.00116475
8.08637	0.00341133
8.08661	0.00530318
8.08686	0.00259354
8.0871	0.000970832
8.08735	-0.000764899
8.08759	-0.00783155
8.08783	-0.0144303
8.08808	-0.00956837
8.08832	0.00255159
8.08857	0.00609451
8.08881	-0.00102886
8.08906	-0.00389709
8.0893	0.00338317
8.08955	0.00745339
8.08979	-0.000395295
8.09004	-0.00792997
8.09028	-0.00210012
8.09053	0.00883438
8.09077	0.00903564
8.09101	0.00109514
8.09126	0.000704954
8.0915	0.00978928
8.09175	0.0128676
8.09199	0.00164074
8.09224	-0.0122779
8.09248	-0.014782
8.09273	-0.00746839
8.09297	-0.000861274
8.09322	0.00125788
8.09346	0.0013069
8.09371	-0.00162973
8.09395	-0.00941125
8.09419	-0.015691
8.09444	-0.0108217
8.09468	0.00310719
8.09493	0.0122523
8.09517	0.00868985
8.09542	-0.000831206
8.09566	-0.00682207
8.09591	-0.00804146
8.09615	-0.00596602
8.0964	0.00107515
8.09664	0.0106423
8.09688	0.0131689
8.09713	0.00626405
8.09737	0.00264362
8.09762	0.0112144
8.09786	0.0190584
8.09811	0.00890963
8.09835	-0.011306
8.0986	-0.0164397
8.09884	-0.000956755
8.09909	0.0127728
8.09933	0.00745369
8.09958	-0.00696736
8.09982	-0.0126561
8.10006	-0.00911689
8.10031	-0.00715593
8.10055	-0.00917205
8.1008	-0.008152
8.10104	-0.000440621
8.10129	0.0096567
8.10153	0.0146917
8.10178	0.00951932
8.10202	-0.00293604
8.10227	-0.0103842
8.10251	-0.00401139
8.10276	0.0074118
8.103	0.00791503
8.10324	-0.00129431
8.10349	-0.00365542
8.10373	0.00469464
8.10398	0.00853507
8.10422	0.00151479
8.10447	-0.00137013
8.10471	0.00884965
8.10496	0.0165315
8.1052	0.00721015
8.10545	-0.00665632
8.10569	-0.00612944
8.10594	0.00350895
8.10618	0.00495747
8.10642	-0.000864994
8.10667	-0.000844018
8.10691	0.00384773
8.10716	0.00248691
8.1074	-0.000951821
8.10765	0.00561618
8.10789	0.0155347
8.10814	0.00995287
8.10838	-0.00910558
8.10863	-0.0184831
8.10887	-0.00963452
8.10911	0.00022331
8.10936	-0.0020237
8.1096	-0.00804506
8.10985	-0.00814997
8.11009	-0.00659977
8.11034	-0.00719407
8.11058	-0.00347992
8.11083	0.00571492
8.11107	0.00881951
8.11132	0.000925045
8.11156	-0.00570241
8.11181	-0.00208854
8.11205	0.00224814
8.11229	-0.00274463
8.11254	-0.00945286
8.11278	-0.00689501
8.11303	-0.00023821
8.11327	-0.000193499
8.11352	-0.00330596
8.11376	0.000747689
8.11401	0.00971778
8.11425	0.0124485
8.1145	0.00688021
8.11474	5.35041e-05
8.11499	-0.00551753
8.11523	-0.0116042
8.11547	-0.0139477
8.11572	-0.00647641
8.11596	0.00550314
8.11621	0.00953487
8.11645	0.00355004
8.1167	-0.00268072
8.11694	-0.0038712
8.11719	-0.00481509
8.11743	-0.00779935
8.11768	-0.00675753
8.11792	0.000942977
8.11817	0.0070176
8.11841	0.00376216
8.11865	-0.00384087
8.1189	-0.0051384
8.11914	0.00121122
8.11939	0.00661453
8.11963	0.00509778
8.11988	-0.000499375
8.12012	-0.00518029
8.12037	-0.00820826
8.12061	-0.0101021
8.12086	-0.0083727
8.1211	-0.00159568
8.12134	0.00484075
8.12159	0.00351245
8.12183	-0.00427719
8.12208	-0.00878217
8.12232	-0.00467843
8.12257	0.00261174
8.12281	0.00653898
8.12306	0.00807278
8.1233	0.00907001
8.12355	0.00463738
8.12379	-0.00822297
8.12404	-0.0195208
8.12428	-0.0160809
8.12452	-0.000914146
8.12477	0.00946073
8.12501	0.00786385
8.12526	0.00412101
8.1255	0.00683795
8.12575	0.0102572
8.12599	0.00600666
8.12624	-0.00269277
8.12648	-0.0075421
8.12673	-0.00812627
8.12697	-0.00894672
8.12722	-0.00906409
8.12746	-0.00442469
8.1277	0.00271798
8.12795	0.00586664
8.12819	0.00452707
8.12844	0.00443783
8.12868	0.00766971
8.12893	0.00935475
8.12917	0.00532207
8.12942	-0.00232415
8.12966	-0.00868444
8.12991	-0.0112799
8.13015	-0.0104823
8.1304	-0.00753263
8.13064	-0.00352461
8.13088	0.000680799
8.13113	0.00386557
8.13137	0.00401099
8.13162	0.000291188
8.13186	-0.00413199
8.13211	-0.00449321
8.13235	-0.00106838
8.1326	0.000222219
8.13284	-0.00373182
8.13309	-0.00827901
8.13333	-0.00823589
8.13358	-0.00582935
8.13382	-0.00583185
8.13406	-0.00635729
8.13431	-0.00232216
8.13455	0.00344174
8.1348	0.00207304
8.13504	-0.00638564
8.13529	-0.00962279
8.13553	-0.000398812
8.13578	0.0109292
8.13602	0.0102799
8.13627	0.000631259
8.13651	-0.00296416
8.13675	0.00290989
8.137	0.00538926
8.13724	-0.002723
8.13749	-0.0109689
8.13773	-0.00955946
8.13798	-0.0064222
8.13822	-0.0122949
8.13847	-0.0190692
8.13871	-0.0115673
8.13896	0.00412297
8.1392	0.00572293
8.13945	-0.0102868
8.13969	-0.0207831
8.13993	-0.0109992
8.14018	0.00284243
8.14042	-0.000500331
8.14067	-0.015187
8.14091	-0.0198829
8.14116	-0.0102415
8.1414	-0.000524019
8.14165	0.00126232
8.14189	0.00123659
8.14214	0.00426008
8.14238	0.00663074
8.14263	0.0049189
8.14287	-6.37529e-05
8.14311	-0.00778428
8.14336	-0.0158583
8.1436	-0.0161088
8.14385	-0.0048253
8.14409	0.00620163
8.14434	0.00290583
8.14458	-0.0091712
8.14483	-0.0119342
8.14507	-0.00258624
8.14532	0.00333631
8.14556	-0.00131977
8.14581	-0.00432195
8.14605	0.0038356
8.14629	0.0137305
8.14654	0.0125915
8.14678	0.0029563
8.14703	-0.00450883
8.14727	-0.00668794
8.14752	-0.00682795
8.14776	-0.00573436
8.14801	-0.00287097
8.14825	-0.000173153
8.1485	0.00162702
8.14874	0.00448255
8.14898	0.00679713
8.14923	0.00366876
8.14947	-0.0027605
8.14972	-0.00299551
8.14996	0.00461078
8.15021	0.00872774
8.15045	0.00163187
8.1507	-0.00925033
8.15094	-0.0135676
8.15119	-0.011591
8.15143	-0.00768815
8.15168	-0.00114252
8.15192	0.0068557
8.15216	0.00762542
8.15241	-0.00185248
8.15265	-0.00944595
8.1529	-0.00452201
8.15314	0.0039657
8.15339	0.000518211
8.15363	-0.0120772
8.15388	-0.0170616
8.15412	-0.0096464
8.15437	-0.00229031
8.15461	-0.00380913
8.15486	-0.00834372
8.1551	-0.00826642
8.15534	-0.0053061
8.15559	-0.00398672
8.15583	-0.00379928
8.15608	-0.00285552
8.15632	-0.00192145
8.15657	-0.000972315
8.15681	0.00180814
8.15706	0.00468147
8.1573	0.00253607
8.15755	-0.00457164
8.15779	-0.00940205
8.15804	-0.00750421
8.15828	-0.00339373
8.15852	-0.00298339
8.15877	-0.0052173
8.15901	-0.00572955
8.15926	-0.00427614
8.1595	-0.00327535
8.15975	-0.00205321
8.15999	0.00180001
8.16024	0.00652439
8.16048	0.00682428
8.16073	0.00103811
8.16097	-0.00607742
8.16121	-0.00904411
8.16146	-0.00764978
8.1617	-0.00559393
8.16195	-0.00483305
8.16219	-0.00344357
8.16244	0.000959357
8.16268	0.00710444
8.16293	0.0100382
8.16317	0.00541666
8.16342	-0.00539978
8.16366	-0.0143941
8.16391	-0.0133351
8.16415	-0.00331346
8.16439	0.00433716
8.16464	0.000576746
8.16488	-0.00934658
8.16513	-0.0121997
8.16537	-0.00483381
8.16562	0.00172515
8.16586	-0.00126851
8.16611	-0.00835271
8.16635	-0.00990837
8.1666	-0.00614025
8.16684	-0.00279096
8.16709	0.000307863
8.16733	0.00595249
8.16757	0.00977908
8.16782	0.00585045
8.16806	-0.000686235
8.16831	0.000825762
8.16855	0.00914775
8.1688	0.0121534
8.16904	0.00561998
8.16929	-0.00221596
8.16953	-0.00627585
8.16978	-0.0103421
8.17002	-0.01385
8.17027	-0.00883182
8.17051	0.00328953
8.17075	0.00746031
8.171	-0.00252734
8.17124	-0.0117341
8.17149	-0.00686638
8.17173	0.00188481
8.17198	-0.00221978
8.17222	-0.0143581
8.17247	-0.0161522
8.17271	-0.00562183
8.17296	0.00121144
8.1732	-0.00291381
8.17344	-0.0079478
8.17369	-0.00679072
8.17393	-0.00534776
8.17418	-0.00713122
8.17442	-0.00545975
8.17467	0.000864732
8.17491	0.000529141
8.17516	-0.0103379
8.1754	-0.0161005
8.17565	-0.00453428
8.17589	0.0102222
8.17614	0.00636717
8.17638	-0.0116351
8.17662	-0.0191794
8.17687	-0.00912116
8.17711	-0.000343845
8.17736	-0.00500691
8.1776	-0.0103158
8.17785	-0.0038613
8.17809	0.00348843
8.17834	-0.00263234
8.17858	-0.0129367
8.17883	-0.00880669
8.17907	0.00561547
8.17932	0.0090029
8.17956	-0.00326226
8.1798	-0.0141663
8.18005	-0.0145042
8.18029	-0.0137318
8.18054	-0.0166712
8.18078	-0.012779
8.18103	0.00134405
8.18127	0.00981557
8.18152	0.00161439
8.18176	-0.0107948
8.18201	-0.012243
8.18225	-0.00866886
8.1825	-0.0131012
8.18274	-0.0214743
8.18298	-0.0213779
8.18323	-0.0142145
8.18347	-0.0092868
8.18372	-0.00462695
8.18396	0.0063732
8.18421	0.0163912
8.18445	0.0129441
8.1847	0.000762241
8.18494	-0.00476377
8.18519	-0.00245706
8.18543	-0.00331063
8.18567	-0.00742274
8.18592	-0.00507408
8.18616	0.000792125
8.18641	-0.00362185
8.18665	-0.0174176
8.1869	-0.023653
8.18714	-0.0165879
8.18739	-0.00870124
8.18763	-0.00675673
8.18788	-0.00280926
8.18812	0.0054694
8.18837	0.00757052
8.18861	0.000911237
8.18885	-0.00213491
8.1891	0.00315075
8.18934	0.00440403
8.18959	-0.0046903
8.18983	-0.0116963
8.19008	-0.00758861
8.19032	-0.00278138
8.19057	-0.00777173
8.19081	-0.0150403
8.19106	-0.0144849
8.1913	-0.0111494
8.19155	-0.0126207
8.19179	-0.0129702
8.19203	-0.00494061
8.19228	0.00404967
8.19252	0.00344642
8.19277	-0.003178
8.19301	-0.0064101
8.19326	-0.00669297
8.1935	-0.00856565
8.19375	-0.00899808
8.19399	-0.00455534
8.19424	-0.000881836
8.19448	-0.00274406
8.19473	-0.0042268
8.19497	-0.000669882
8.19521	0.000474103
8.19546	-0.00636498
8.1957	-0.0113219
8.19595	-0.00432817
8.19619	0.0063831
8.19644	0.00694945
8.19668	0.000307576
8.19693	-0.000622282
8.19717	0.00481543
8.19742	0.00628018
8.19766	0.00119423
8.1979	-0.00337539
8.19815	-0.00449791
8.19839	-0.00549605
8.19864	-0.00687059
8.19888	-0.00653485
8.19913	-0.00604113
8.19937	-0.00707669
8.19962	-0.00652157
8.19986	-0.00350824
8.20011	-0.00417042
8.20035	-0.0101744
8.2006	-0.0117513
8.20084	-0.00323351
8.20108	0.00450318
8.20133	0.000226252
8.20157	-0.00890494
8.20182	-0.00970965
8.20206	-0.00482515
8.20231	-0.00550771
8.20255	-0.010522
8.2028	-0.010231
8.20304	-0.00577232
8.20329	-0.00567932
8.20353	-0.00761079
8.20378	-0.0019959
8.20402	0.00858704
8.20426	0.0118065
8.20451	0.00632484
8.20475	0.00287671
8.205	0.00473247
8.20524	0.00391543
8.20549	-0.00189471
8.20573	-0.00468472
8.20598	-0.000827428
8.20622	0.003712
8.20647	0.00546344
8.20671	0.00779434
8.20696	0.0107781
8.2072	0.00907711
8.20744	0.00270709
8.20769	-0.00136613
8.20793	-0.000861071
8.20818	-0.000904912
8.20842	-0.00306961
8.20867	-0.00233503
8.20891	0.00223296
8.20916	0.0039128
8.2094	-0.000555209
8.20965	-0.00464968
8.20989	-0.00160377
8.21014	0.00534894
8.21038	0.00663486
8.21062	-0.00194913
8.21087	-0.0131204
8.21111	-0.0141007
8.21136	-0.000971307
8.2116	0.0135562
8.21185	0.0128611
8.21209	-0.00231993
8.21234	-0.0142189
8.21258	-0.0120777
8.21283	-0.00438678
8.21307	-0.0019167
8.21331	-0.00189491
8.21356	0.00146014
8.2138	0.00308542
8.21405	-0.00359395
8.21429	-0.0128227
8.21454	-0.0145462
8.21478	-0.00903247
8.21503	-0.00310455
8.21527	0.000199366
8.21552	-0.000698465
8.21576	-0.00805261
8.21601	-0.0155466
8.21625	-0.0102219
8.21649	0.00561561
8.21674	0.0105072
8.21698	-0.0042329
8.21723	-0.0166406
8.21747	-0.00669404
8.21772	0.0110009
8.21796	0.0103995
8.21821	-0.00557898
8.21845	-0.0144482
8.2187	-0.0114633
8.21894	-0.0089708
8.21919	-0.00814526
8.21943	-0.00130186
8.21967	0.00449768
8.21992	-0.00327405
8.22016	-0.0145158
8.22041	-0.00890979
8.22065	0.00671135
8.2209	0.0062159
8.22114	-0.0109496
8.22139	-0.0171106
8.22163	-0.00266976
8.22188	0.00894435
8.22212	0.0012642
8.22237	-0.011728
8.22261	-0.0136195
8.22285	-0.00884889
8.2231	-0.00532689
8.22334	0.000533902
8.22359	0.00826471
8.22383	0.00611927
8.22408	-0.00753792
8.22432	-0.0166569
8.22457	-0.012626
8.22481	-0.00633841
8.22506	-0.00548952
8.2253	-0.0022133
8.22554	0.00616768
8.22579	0.00756833
8.22603	-0.00146758
8.22628	-0.00611222
8.22652	-0.000415577
8.22677	-0.000583719
8.22701	-0.015618
8.22726	-0.0275707
8.2275	-0.0191539
8.22775	-0.000774279
8.22799	0.008422
8.22824	0.00807253
8.22848	0.00720662
8.22872	0.00521926
8.22897	0.000467183
8.22921	0.000915741
8.22946	0.00820371
8.2297	0.00798121
8.22995	-0.00583359
8.23019	-0.0151403
8.23044	-0.00597984
8.23068	0.00541176
8.23093	-0.00192686
8.23117	-0.0183186
8.23142	-0.0194323
8.23166	-0.00527988
8.2319	0.00344871
8.23215	-0.000293033
8.23239	-0.00485528
8.23264	-0.00404121
8.23288	-0.00278254
8.23313	-0.00170093
8.23337	0.00314254
8.23362	0.00741933
8.23386	0.00370599
8.23411	-0.00362566
8.23435	-0.00523762
8.2346	-0.00354873
8.23484	-0.00579628
8.23508	-0.0069064
8.23533	0.00180434
8.23557	0.0126015
8.23582	0.0105189
8.23606	-0.00122353
8.23631	-0.00557218
8.23655	0.000849699
8.2368	0.00507697
8.23704	0.0018074
8.23729	-0.000170307
8.23753	0.00339492
8.23777	0.00618347
8.23802	0.00605548
8.23826	0.00826062
8.23851	0.0114018
8.23875	0.00684939
8.239	-0.00487455
8.23924	-0.0126067
8.23949	-0.0121126
8.23973	-0.0102383
8.23998	-0.00952986
8.24022	-0.0045863
8.24047	0.00325039
8.24071	0.00378671
8.24095	-0.00458288
8.2412	-0.010314
8.24144	-0.00724559
8.24169	-0.00367627
8.24193	-0.00660932
8.24218	-0.0101724
8.24242	-0.00724613
8.24267	-0.00119843
8.24291	0.00181907
8.24316	0.00273875
8.2434	0.00439724
8.24365	0.00464007
8.24389	0.00120344
8.24413	-0.00336408
8.24438	-0.00678107
8.24462	-0.0103405
8.24487	-0.0132558
8.24511	-0.0112284
8.24536	-0.00457496
8.2456	5.07712e-06
8.24585	-0.000293274
8.24609	-0.000362544
8.24634	0.00248173
8.24658	0.00312739
8.24683	-0.000976791
8.24707	-0.00302164
