4.00007	0.0273292
4.00031	0.0312624
4.00056	0.0439053
4.0008	0.0563823
4.00105	0.0559966
4.00129	0.0450138
4.00154	0.0387525
4.00178	0.0428239
4.00203	0.0463789
4.00227	0.0414816
4.00252	0.0343937
4.00276	0.0320202
4.003	0.0316495
4.00325	0.0313669
4.00349	0.0366111
4.00374	0.0475558
4.00398	0.0529961
4.00423	0.0467746
4.00447	0.0386927
4.00472	0.0391084
4.00496	0.0439276
4.00521	0.0451993
4.00545	0.0450755
4.0057	0.0474504
4.00594	0.04673
4.00618	0.0384653
4.00643	0.0318775
4.00667	0.0371973
4.00692	0.0476076
4.00716	0.048221
4.00741	0.0379006
4.00765	0.0285909
4.0079	0.0270639
4.00814	0.0302297
4.00839	0.0353429
4.00863	0.0423604
4.00888	0.0477146
4.00912	0.0463882
4.00936	0.0395728
4.00961	0.0329893
4.00985	0.0301883
4.0101	0.0328883
4.01034	0.0418482
4.01059	0.0511453
4.01083	0.0500888
4.01108	0.03886
4.01132	0.032388
4.01157	0.0388803
4.01181	0.0459986
4.01205	0.0411425
4.0123	0.033207
4.01254	0.0369921
4.01279	0.046566
4.01303	0.0450559
4.01328	0.0341098
4.01352	0.0310801
4.01377	0.0396931
4.01401	0.0457262
4.01426	0.0422208
4.0145	0.0381152
4.01475	0.0395543
4.01499	0.0420104
4.01523	0.0440204
4.01548	0.0502177
4.01572	0.0574144
4.01597	0.0561188
4.01621	0.0494065
4.01646	0.0509378
4.0167	0.0597857
4.01695	0.0584583
4.01719	0.0433274
4.01744	0.034883
4.01768	0.045806
4.01793	0.0595105
4.01817	0.056589
4.01841	0.0452028
4.01866	0.0456915
4.0189	0.0574811
4.01915	0.0624009
4.01939	0.0545207
4.01964	0.0469499
4.01988	0.0498142
4.02013	0.0569984
4.02037	0.0570968
4.02062	0.0477707
4.02086	0.037388
4.02111	0.0372391
4.02135	0.050582
4.02159	0.0663455
4.02184	0.068753
4.02208	0.056534
4.02233	0.0450397
4.02257	0.0451565
4.02282	0.0503541
4.02306	0.0512627
4.02331	0.0511107
4.02355	0.0559073
4.0238	0.0600983
4.02404	0.0558233
4.02428	0.0485198
4.02453	0.0487298
4.02477	0.0542541
4.02502	0.0550782
4.02526	0.0513407
4.02551	0.0513822
4.02575	0.0553229
4.026	0.0558321
4.02624	0.0530109
4.02649	0.0531742
4.02673	0.0544073
4.02698	0.0495583
4.02722	0.0432204
4.02746	0.0482546
4.02771	0.063239
4.02795	0.0709006
4.0282	0.0635295
4.02844	0.0531915
4.02869	0.0508191
4.02893	0.0520577
4.02918	0.0517878
4.02942	0.0554993
4.02967	0.0650858
4.02991	0.0693513
4.03016	0.0626276
4.0304	0.0585186
4.03064	0.068626
4.03089	0.0802752
4.03113	0.0752829
4.03138	0.0613115
4.03162	0.0613449
4.03187	0.0763914
4.03211	0.0836259
4.03236	0.0733601
4.0326	0.0633487
4.03285	0.068157
4.03309	0.0761654
4.03334	0.0708535
4.03358	0.0580925
4.03382	0.0549987
4.03407	0.0624391
4.03431	0.0665212
4.03456	0.0620104
4.0348	0.0574951
4.03505	0.0587354
4.03529	0.0616818
4.03554	0.063179
4.03578	0.0658036
4.03603	0.0692148
4.03627	0.0678126
4.03651	0.0610625
4.03676	0.056522
4.037	0.0577091
4.03725	0.0575135
4.03749	0.0497456
4.03774	0.0398158
4.03798	0.0365435
4.03823	0.0390698
4.03847	0.0403038
4.03872	0.0395599
4.03896	0.0422896
4.03921	0.0481054
4.03945	0.0484759
4.03969	0.0390238
4.03994	0.0270781
4.04018	0.0226923
4.04043	0.026753
4.04067	0.0325548
4.04092	0.0360658
4.04116	0.0391973
4.04141	0.0437668
4.04165	0.0475503
4.0419	0.0481169
4.04214	0.0468739
4.04239	0.046389
4.04263	0.0459171
4.04287	0.0432014
4.04312	0.0398777
4.04336	0.0407447
4.04361	0.0465147
4.04385	0.0511707
4.0441	0.0493376
4.04434	0.043426
4.04459	0.0399343
4.04483	0.0407509
4.04508	0.0422659
4.04532	0.041777
4.04557	0.0400375
4.04581	0.037904
4.04605	0.0355046
4.0463	0.035085
4.04654	0.0393359
4.04679	0.0457669
4.04703	0.0482872
4.04728	0.0462372
4.04752	0.0458502
4.04777	0.0499409
4.04801	0.0527572
4.04826	0.0497212
4.0485	0.0458573
4.04874	0.0479942
4.04899	0.0538096
4.04923	0.0563539
4.04948	0.0551669
4.04972	0.0542876
4.04997	0.0527724
4.05021	0.0474267
4.05046	0.0430792
4.0507	0.048581
4.05095	0.0619611
4.05119	0.0709944
4.05144	0.0710622
4.05168	0.0711045
4.05192	0.0775934
4.05217	0.0840271
4.05241	0.0830887
4.05266	0.0789305
4.0529	0.0786702
4.05315	0.0803338
4.05339	0.0790112
4.05364	0.0777289
4.05388	0.0816571
4.05413	0.087551
4.05437	0.0899235
4.05462	0.0921443
4.05486	0.0993013
4.0551	0.105073
4.05535	0.0999161
4.05559	0.0890084
4.05584	0.0862204
4.05608	0.0913195
4.05633	0.0904111
4.05657	0.0806454
4.05682	0.0759879
4.05706	0.083134
4.05731	0.0903023
4.05755	0.0890039
4.0578	0.0889601
4.05804	0.0983624
4.05828	0.105784
4.05853	0.0987586
4.05877	0.0869873
4.05902	0.0871949
4.05926	0.0950257
4.05951	0.0941857
4.05975	0.0868535
4.06	0.09013
4.06024	0.103703
4.06049	0.107001
4.06073	0.0933779
4.06097	0.0829375
4.06122	0.0915854
4.06146	0.10839
4.06171	0.116596
4.06195	0.118755
4.0622	0.125267
4.06244	0.133141
4.06269	0.134339
4.06293	0.134266
4.06318	0.143261
4.06342	0.157
4.06367	0.163422
4.06391	0.163899
4.06415	0.169575
4.0644	0.180376
4.06464	0.186622
4.06489	0.190292
4.06513	0.204586
4.06538	0.229222
4.06562	0.245402
4.06587	0.242591
4.06611	0.233903
4.06636	0.235279
4.0666	0.243429
4.06685	0.246311
4.06709	0.244667
4.06733	0.249384
4.06758	0.26356
4.06782	0.279937
4.06807	0.293553
4.06831	0.306453
4.06856	0.320794
4.0688	0.335859
4.06905	0.352183
4.06929	0.372273
4.06954	0.396862
4.06978	0.424749
4.07003	0.455678
4.07027	0.490278
4.07051	0.52966
4.07076	0.578792
4.071	0.646853
4.07125	0.73944
4.07149	0.854416
4.07174	0.992371
4.07198	1.16833
4.07223	1.40341
4.07247	1.70167
4.07272	2.03904
4.07296	2.37651
4.0732	2.68293
4.07345	2.94924
4.07369	3.18915
4.07394	3.42948
4.07418	3.6951
4.07443	3.99495
4.07467	4.3113
4.07492	4.59034
4.07516	4.74386
4.07541	4.68381
4.07565	4.38505
4.0759	3.9236
4.07614	3.44138
4.07638	3.06144
4.07663	2.83171
4.07687	2.73884
4.07712	2.7569
4.07736	2.87652
4.07761	3.0985
4.07785	3.40513
4.0781	3.7263
4.07834	3.93027
4.07859	3.87414
4.07883	3.49861
4.07908	2.88373
4.07932	2.20049
4.07956	1.59992
4.07981	1.14511
4.08005	0.828668
4.0803	0.621223
4.08054	0.491742
4.08079	0.406604
4.08103	0.339639
4.08128	0.286371
4.08152	0.255271
4.08177	0.243672
4.08201	0.233425
4.08226	0.212621
4.0825	0.190302
4.08274	0.182196
4.08299	0.188161
4.08323	0.19239
4.08348	0.183977
4.08372	0.16873
4.08397	0.158347
4.08421	0.154719
4.08446	0.150838
4.0847	0.14373
4.08495	0.138248
4.08519	0.136876
4.08544	0.133531
4.08568	0.122573
4.08592	0.108531
4.08617	0.0996641
4.08641	0.0950491
4.08666	0.0866093
4.0869	0.073449
4.08715	0.0651323
4.08739	0.0681439
4.08764	0.076734
4.08788	0.0812149
4.08813	0.0791932
4.08837	0.0742513
4.08861	0.0691201
4.08886	0.0652332
4.0891	0.0643994
4.08935	0.0655927
4.08959	0.0638774
4.08984	0.0572856
4.09008	0.0508213
4.09033	0.0489453
4.09057	0.0487639
4.09082	0.0461593
4.09106	0.0435882
4.09131	0.044869
4.09155	0.0471173
4.09179	0.0461233
4.09204	0.0455345
4.09228	0.051005
4.09253	0.0582601
4.09277	0.0579054
4.09302	0.0509866
4.09326	0.0486693
4.09351	0.0558636
4.09375	0.0656405
4.094	0.0711354
4.09424	0.072481
4.09449	0.0701439
4.09473	0.0625164
4.09497	0.0533841
4.09522	0.0508446
4.09546	0.0544988
4.09571	0.0544441
4.09595	0.0478366
4.0962	0.0448062
4.09644	0.0509431
4.09669	0.0556901
4.09693	0.0481422
4.09718	0.0346396
4.09742	0.0289674
4.09767	0.0323281
4.09791	0.0351096
4.09815	0.0332488
4.0984	0.0307797
4.09864	0.0295757
4.09889	0.0279817
4.09913	0.0276208
4.09938	0.0314967
4.09962	0.0370194
4.09987	0.0395941
4.10011	0.0401538
4.10036	0.0403624
4.1006	0.0352993
4.10084	0.0224651
4.10109	0.0133175
4.10133	0.0209485
4.10158	0.0382712
4.10182	0.0447201
4.10207	0.0355091
4.10231	0.027262
4.10256	0.0309656
4.1028	0.0370581
4.10305	0.0351208
4.10329	0.0315333
4.10354	0.0354676
4.10378	0.0411247
4.10402	0.0388079
4.10427	0.0335298
4.10451	0.0363091
4.10476	0.043588
4.105	0.0424607
4.10525	0.0335291
4.10549	0.0314073
4.10574	0.041381
4.10598	0.0513245
4.10623	0.0510213
4.10647	0.0456624
4.10672	0.0437329
4.10696	0.0436471
4.1072	0.0412452
4.10745	0.040649
4.10769	0.0467205
4.10794	0.0534824
4.10818	0.0520492
4.10843	0.0464236
4.10867	0.0488878
4.10892	0.0603144
4.10916	0.0677779
4.10941	0.064712
4.10965	0.0614383
4.1099	0.0690539
4.11014	0.0828914
4.11038	0.0918678
4.11063	0.0973988
4.11087	0.11097
4.11112	0.135744
4.11136	0.162921
4.11161	0.186762
4.11185	0.211151
4.1121	0.237977
4.11234	0.260565
4.11259	0.274902
4.11283	0.287018
4.11307	0.300256
4.11332	0.303836
4.11356	0.285921
4.11381	0.252839
4.11405	0.22256
4.1143	0.201376
4.11454	0.180028
4.11479	0.15295
4.11503	0.127631
4.11528	0.111256
4.11552	0.10055
4.11577	0.0912007
4.11601	0.0865623
4.11625	0.0888586
4.1165	0.0907651
4.11674	0.0853672
4.11699	0.0776503
4.11723	0.0759747
4.11748	0.0778935
4.11772	0.0757308
4.11797	0.0718453
4.11821	0.0752472
4.11846	0.0846804
4.1187	0.0889065
4.11895	0.0853343
4.11919	0.0847658
4.11943	0.0933156
4.11968	0.102534
4.11992	0.104549
4.12017	0.105309
4.12041	0.113185
4.12066	0.124248
4.1209	0.130834
4.12115	0.137276
4.12139	0.153513
4.12164	0.177701
4.12188	0.19964
4.12213	0.2194
4.12237	0.247338
4.12261	0.28481
4.12286	0.320162
4.1231	0.347167
4.12335	0.371698
4.12359	0.393514
4.12384	0.397312
4.12408	0.373745
4.12433	0.337078
4.12457	0.307636
4.12482	0.285394
4.12506	0.256246
4.1253	0.218415
4.12555	0.18559
4.12579	0.165559
4.12604	0.152188
4.12628	0.140792
4.12653	0.137036
4.12677	0.145709
4.12702	0.161847
4.12726	0.178442
4.12751	0.194698
4.12775	0.21267
4.128	0.232961
4.12824	0.255952
4.12848	0.279054
4.12873	0.291414
4.12897	0.282038
4.12922	0.25624
4.12946	0.2324
4.12971	0.217347
4.12995	0.197377
4.1302	0.161785
4.13044	0.123091
4.13069	0.101398
4.13093	0.0970425
4.13118	0.0929671
4.13142	0.0799965
4.13166	0.0656603
4.13191	0.0585398
4.13215	0.056938
4.1324	0.0562583
4.13264	0.0575284
4.13289	0.062947
4.13313	0.068797
4.13338	0.0685009
4.13362	0.0610808
4.13387	0.0531728
4.13411	0.0523399
4.13436	0.0592357
4.1346	0.0671004
4.13484	0.0696756
4.13509	0.0684384
4.13533	0.0696176
4.13558	0.0752935
4.13582	0.0818889
4.13607	0.0873151
4.13631	0.0940594
4.13656	0.103915
4.1368	0.115208
4.13705	0.127305
4.13729	0.142587
4.13753	0.161929
4.13778	0.183615
4.13802	0.208389
4.13827	0.239031
4.13851	0.272483
4.13876	0.299367
4.139	0.314456
4.13925	0.320959
4.13949	0.321637
4.13974	0.31352
4.13998	0.295096
4.14023	0.270662
4.14047	0.243318
4.14071	0.211599
4.14096	0.17701
4.1412	0.146262
4.14145	0.122269
4.14169	0.102464
4.14194	0.0887086
4.14218	0.0859897
4.14243	0.0873698
4.14267	0.0769122
4.14292	0.0552237
4.14316	0.0436663
4.14341	0.0515205
4.14365	0.0587501
4.14389	0.0481225
4.14414	0.0342918
4.14438	0.037569
4.14463	0.0468249
4.14487	0.0389016
4.14512	0.0225871
4.14536	0.0274453
4.14561	0.0525495
4.14585	0.0634402
4.1461	0.0453987
4.14634	0.0250153
4.14659	0.0264744
4.14683	0.0371209
4.14707	0.0342991
4.14732	0.0211454
4.14756	0.0142081
4.14781	0.0142134
4.14805	0.0116816
4.1483	0.00903124
4.14854	0.0153614
4.14879	0.0263463
4.14903	0.0282577
4.14928	0.0187055
4.14952	0.00849102
4.14976	0.00498984
4.15001	0.00587308
4.15025	0.00765334
4.1505	0.0101227
4.15074	0.0128613
4.15099	0.0146542
4.15123	0.015547
4.15148	0.0151122
4.15172	0.0116691
4.15197	0.00662283
4.15221	0.00482691
4.15246	0.00718067
4.1527	0.00851845
4.15294	0.00630292
4.15319	0.00508398
4.15343	0.00885119
4.15368	0.0153421
4.15392	0.0206399
4.15417	0.0224985
4.15441	0.018096
4.15466	0.00790622
4.1549	0.0024573
4.15515	0.0125145
4.15539	0.030416
4.15564	0.0366031
4.15588	0.0291407
4.15612	0.0287034
4.15637	0.0455094
4.15661	0.0604865
4.15686	0.0536924
4.1571	0.0346481
4.15735	0.026144
4.15759	0.0310591
4.15784	0.035383
4.15808	0.0343562
4.15833	0.034424
4.15857	0.0356801
4.15882	0.0334596
4.15906	0.0335858
4.1593	0.0453669
4.15955	0.0612667
4.15979	0.0640677
4.16004	0.0544644
4.16028	0.0511738
4.16053	0.0613816
4.16077	0.0716919
4.16102	0.07394
4.16126	0.079595
4.16151	0.0982875
4.16175	0.119025
4.16199	0.126243
4.16224	0.122638
4.16248	0.121923
4.16273	0.126193
4.16297	0.123947
4.16322	0.107937
4.16346	0.0843773
4.16371	0.0642954
4.16395	0.0526403
4.1642	0.0467397
4.16444	0.0414584
4.16469	0.0347446
4.16493	0.0289016
4.16517	0.0260914
4.16542	0.0241393
4.16566	0.0199458
4.16591	0.0156774
4.16615	0.01648
4.1664	0.0222103
4.16664	0.0266208
4.16689	0.025193
4.16713	0.0192031
4.16738	0.0123537
4.16762	0.00845133
4.16787	0.0111927
4.16811	0.0194739
4.16835	0.0238988
4.1686	0.0164859
4.16884	0.00424709
4.16909	0.00324408
4.16933	0.0163896
4.16958	0.0273595
4.16982	0.0222596
4.17007	0.00843634
4.17031	0.00365073
4.17056	0.0128022
4.1708	0.0246196
4.17105	0.0283412
4.17129	0.0246797
4.17153	0.0202397
4.17178	0.0183288
4.17202	0.0177467
4.17227	0.0167597
4.17251	0.0157733
4.17276	0.0169431
4.173	0.021577
4.17325	0.0277356
4.17349	0.0317307
4.17374	0.0328715
4.17398	0.034937
4.17423	0.0413458
4.17447	0.0504484
4.17471	0.057853
4.17496	0.0627926
4.1752	0.0698524
4.17545	0.083148
4.17569	0.0992724
4.17594	0.107838
4.17618	0.101231
4.17643	0.0838198
4.17667	0.0685129
4.17692	0.06296
4.17716	0.0624145
4.1774	0.0581417
4.17765	0.0482349
4.17789	0.0360452
4.17814	0.0229757
4.17838	0.0101237
4.17863	0.00375127
4.17887	0.00957274
4.17912	0.0216485
4.17936	0.0262719
4.17961	0.0192405
4.17985	0.0108956
4.1801	0.0106945
4.18034	0.0149531
4.18058	0.0150675
4.18083	0.0107012
4.18107	0.00770899
4.18132	0.00776659
4.18156	0.00752836
4.18181	0.00548278
4.18205	0.00310853
4.1823	0.000636208
4.18254	-0.00250442
4.18279	-0.00380706
4.18303	0.000398792
4.18328	0.00889896
4.18352	0.0156823
4.18376	0.0167973
4.18401	0.014269
4.18425	0.0128068
4.1845	0.0146167
4.18474	0.0175352
4.18499	0.0172839
4.18523	0.0123611
4.18548	0.00688667
4.18572	0.00617596
4.18597	0.00922106
4.18621	0.00979045
4.18646	0.00628149
4.1867	0.0047081
4.18694	0.00864894
4.18719	0.0126742
4.18743	0.0113944
4.18768	0.0088092
4.18792	0.0107334
4.18817	0.0132064
4.18841	0.00856016
4.18866	-0.000396742
4.1889	-0.00379607
4.18915	-0.000753018
4.18939	0.000601906
4.18963	-0.000680691
4.18988	0.00369015
4.19012	0.0139344
4.19037	0.0178692
4.19061	0.0108968
4.19086	0.00588373
4.1911	0.0126171
4.19135	0.0205683
4.19159	0.0160637
4.19184	0.00557598
4.19208	0.00467277
4.19233	0.0115288
4.19257	0.0112311
4.19281	0.00289608
4.19306	0.00136523
4.1933	0.0106649
4.19355	0.0166569
4.19379	0.0116516
4.19404	0.00683889
4.19428	0.0109715
4.19453	0.0142255
4.19477	0.00592314
4.19502	-0.00600918
4.19526	-0.00768877
4.19551	-0.000335052
4.19575	0.00596736
4.19599	0.0104116
4.19624	0.0179432
4.19648	0.0246552
4.19673	0.0227565
4.19697	0.0158181
4.19722	0.0139094
4.19746	0.0165863
4.19771	0.0153
4.19795	0.0101386
4.1982	0.00915202
4.19844	0.0125661
4.19869	0.0129343
4.19893	0.0104652
4.19917	0.0126391
4.19942	0.0183389
4.19966	0.0186889
4.19991	0.014958
4.20015	0.0181342
4.2004	0.0276895
4.20064	0.0297016
4.20089	0.0219145
4.20113	0.0208247
4.20138	0.0338932
4.20162	0.0439299
4.20186	0.0355821
4.20211	0.0209592
4.20235	0.0211645
4.2026	0.034647
4.20284	0.0432309
4.20309	0.0414382
4.20333	0.040429
4.20358	0.0470883
4.20382	0.0572838
4.20407	0.0683627
4.20431	0.0823747
4.20456	0.0972259
4.2048	0.109021
4.20504	0.123226
4.20529	0.150078
4.20553	0.188525
4.20578	0.227068
4.20602	0.259842
4.20627	0.288758
4.20651	0.310961
4.20676	0.319943
4.207	0.320072
4.20725	0.323119
4.20749	0.326873
4.20774	0.314746
4.20798	0.283136
4.20822	0.251471
4.20847	0.234448
4.20871	0.220505
4.20896	0.192644
4.2092	0.157875
4.20945	0.137769
4.20969	0.136714
4.20994	0.137844
4.21018	0.128858
4.21043	0.115948
4.21067	0.110511
4.21092	0.115138
4.21116	0.125938
4.2114	0.138429
4.21165	0.147791
4.21189	0.151943
4.21214	0.157666
4.21238	0.176115
4.21263	0.208999
4.21287	0.24595
4.21312	0.278033
4.21336	0.306085
4.21361	0.331991
4.21385	0.350349
4.21409	0.356056
4.21434	0.354379
4.21458	0.354938
4.21483	0.358149
4.21507	0.355149
4.21532	0.340543
4.21556	0.318828
4.21581	0.298143
4.21605	0.283805
4.2163	0.279251
4.21654	0.287043
4.21679	0.304579
4.21703	0.321926
4.21727	0.328514
4.21752	0.322245
4.21776	0.310194
4.21801	0.300541
4.21825	0.294734
4.2185	0.286763
4.21874	0.268841
4.21899	0.238356
4.21923	0.200743
4.21948	0.165892
4.21972	0.141075
4.21997	0.126742
4.22021	0.118452
4.22045	0.11185
4.2207	0.105607
4.22094	0.100713
4.22119	0.098037
4.22143	0.0967688
4.22168	0.0954819
4.22192	0.0951531
4.22217	0.100226
4.22241	0.114492
4.22266	0.135422
4.2229	0.155053
4.22315	0.168598
4.22339	0.180762
4.22363	0.200497
4.22388	0.229066
4.22412	0.255889
4.22437	0.268264
4.22461	0.264561
4.22486	0.255735
4.2251	0.253036
4.22535	0.255764
4.22559	0.253203
4.22584	0.237671
4.22608	0.211909
4.22632	0.18244
4.22657	0.150785
4.22681	0.1166
4.22706	0.0862865
4.2273	0.0698823
4.22755	0.0678534
4.22779	0.0684932
4.22804	0.0622283
4.22828	0.0520012
4.22853	0.0446336
4.22877	0.0388934
4.22902	0.0302607
4.22926	0.0223224
4.2295	0.0226531
4.22975	0.0291005
4.22999	0.0313512
4.23024	0.027104
4.23048	0.0254541
4.23073	0.0307111
4.23097	0.0340657
4.23122	0.0281249
4.23146	0.0199847
4.23171	0.0201802
4.23195	0.025756
4.2322	0.0259233
4.23244	0.020398
4.23268	0.0193508
4.23293	0.0256174
4.23317	0.0295782
4.23342	0.0248928
4.23366	0.0184441
4.23391	0.0188859
4.23415	0.0237732
4.2344	0.0252136
4.23464	0.0223037
4.23489	0.0204256
4.23513	0.0220022
4.23538	0.0249331
4.23562	0.0276767
4.23586	0.02956
4.23611	0.0282684
4.23635	0.0234387
4.2366	0.0208709
4.23684	0.026161
4.23709	0.0350549
4.23733	0.0373259
4.23758	0.0304192
4.23782	0.0221848
4.23807	0.0193475
4.23831	0.0206391
4.23855	0.0229587
4.2388	0.0265086
4.23904	0.0305193
4.23929	0.0309988
4.23953	0.0270282
4.23978	0.023276
4.24002	0.0223673
4.24027	0.0211806
4.24051	0.0188996
4.24076	0.0210172
4.241	0.0292792
4.24125	0.0353557
4.24149	0.0325779
4.24173	0.026922
4.24198	0.0267213
4.24222	0.0280983
4.24247	0.0227603
4.24271	0.0153055
4.24296	0.0182578
4.2432	0.0313264
4.24345	0.0404064
4.24369	0.0387617
4.24394	0.035002
4.24418	0.0362983
4.24443	0.0374096
4.24467	0.0329856
4.24491	0.0289731
4.24516	0.0329676
4.2454	0.0416917
4.24565	0.046616
4.24589	0.0458393
4.24614	0.0429224
4.24638	0.0392988
4.24663	0.0349571
4.24687	0.0325953
4.24712	0.0350292
4.24736	0.0414477
4.24761	0.050035
4.24785	0.060279
4.24809	0.0698056
4.24834	0.0744722
4.24858	0.0748474
4.24883	0.0766256
4.24907	0.0813395
4.24932	0.0832361
4.24956	0.0785984
4.24981	0.0707832
4.25005	0.0626994
4.2503	0.0528962
4.25054	0.0432302
4.25079	0.0406388
4.25103	0.045619
4.25127	0.0487749
4.25152	0.0453427
4.25176	0.042836
4.25201	0.0466037
4.25225	0.0488111
4.2525	0.0417523
4.25274	0.0319559
4.25299	0.0295839
4.25323	0.0326003
4.25348	0.033306
4.25372	0.0323841
4.25396	0.0341548
4.25421	0.0357072
4.25445	0.0335486
4.2547	0.0333918
4.25494	0.0399151
4.25519	0.0446446
4.25543	0.0388245
4.25568	0.0308021
4.25592	0.0340859
4.25617	0.0446127
4.25641	0.0477837
4.25666	0.0429254
4.2569	0.0415703
4.25714	0.0450096
4.25739	0.0439597
4.25763	0.0393537
4.25788	0.042759
4.25812	0.0548365
4.25837	0.063341
4.25861	0.0651695
4.25886	0.0707761
4.2591	0.0826359
4.25935	0.0890171
4.25959	0.0854926
4.25984	0.0841699
4.26008	0.0933022
4.26032	0.104062
4.26057	0.106389
4.26081	0.1035
4.26106	0.101994
4.2613	0.100524
4.26155	0.0964065
4.26179	0.0916637
4.26204	0.0859136
4.26228	0.0752778
4.26253	0.0637149
4.26277	0.0619363
4.26302	0.0695763
4.26326	0.0730991
4.2635	0.0672252
4.26375	0.0620413
4.26399	0.0618122
4.26424	0.0555215
4.26448	0.0393192
4.26473	0.0295896
4.26497	0.0386263
4.26522	0.0533061
4.26546	0.0549647
4.26571	0.0470081
4.26595	0.0447757
4.26619	0.049412
4.26644	0.0512834
4.26668	0.0510388
4.26693	0.0575077
4.26717	0.069394
4.26742	0.0769282
4.26766	0.0784972
4.26791	0.079426
4.26815	0.0774177
4.2684	0.065841
4.26864	0.0499581
4.26889	0.0434985
4.26913	0.0481838
4.26937	0.0510203
4.26962	0.043597
4.26986	0.0314035
4.27011	0.0223697
4.27035	0.0182485
4.2706	0.0195303
4.27084	0.0272517
4.27109	0.0365725
4.27133	0.0387426
4.27158	0.0334463
4.27182	0.0306923
4.27207	0.0365907
4.27231	0.044758
4.27255	0.0458788
4.2728	0.0395622
4.27304	0.0326167
4.27329	0.0304907
4.27353	0.0343761
4.27378	0.0431228
4.27402	0.0539261
4.27427	0.0624324
4.27451	0.0648637
4.27476	0.0605779
4.275	0.0525891
4.27525	0.0453911
4.27549	0.0409691
4.27573	0.0370283
4.27598	0.0313886
4.27622	0.0273805
4.27647	0.0302568
4.27671	0.0378566
4.27696	0.0411895
4.2772	0.0369564
4.27745	0.0331554
4.27769	0.0378799
4.27794	0.0480279
4.27818	0.0545225
4.27842	0.0544497
4.27867	0.0525709
4.27891	0.053996
4.27916	0.0601936
4.2794	0.0693895
4.27965	0.0766679
4.27989	0.0764807
4.28014	0.0688404
4.28038	0.0601991
4.28063	0.0552244
4.28087	0.0513932
4.28112	0.0448428
4.28136	0.0372333
4.2816	0.032754
4.28185	0.0318201
4.28209	0.0316763
4.28234	0.0307927
4.28258	0.0300514
4.28283	0.0317698
4.28307	0.0381065
4.28332	0.0469018
4.28356	0.0501664
4.28381	0.0428833
4.28405	0.0324524
4.2843	0.0309318
4.28454	0.0377052
4.28478	0.0400498
4.28503	0.0327294
4.28527	0.025532
4.28552	0.0272199
4.28576	0.0335471
4.28601	0.0374659
4.28625	0.0405429
4.2865	0.046425
4.28674	0.0519672
4.28699	0.0529566
4.28723	0.0512555
4.28748	0.0493618
4.28772	0.0454231
4.28796	0.0399201
4.28821	0.038903
4.28845	0.0438617
4.2887	0.0469947
4.28894	0.0436275
4.28919	0.0406034
4.28943	0.044916
4.28968	0.0529319
4.28992	0.0586561
4.29017	0.0635218
4.29041	0.0695317
4.29065	0.0715196
4.2909	0.0650724
4.29114	0.0542115
4.29139	0.0437946
4.29163	0.0334106
4.29188	0.0255221
4.29212	0.0278171
4.29237	0.0386372
4.29261	0.0427569
4.29286	0.0324608
4.2931	0.0203593
4.29335	0.0194084
4.29359	0.0234364
4.29383	0.0215592
4.29408	0.0186915
4.29432	0.0247722
4.29457	0.0349111
4.29481	0.0384347
4.29506	0.0381194
4.2953	0.0420251
4.29555	0.0453191
4.29579	0.0398462
4.29604	0.0336695
4.29628	0.0399676
4.29653	0.0528544
4.29677	0.0561353
4.29701	0.051302
4.29726	0.0537863
4.2975	0.0638117
4.29775	0.0648401
4.29799	0.0523348
4.29824	0.0417463
4.29848	0.0437887
4.29873	0.0510787
4.29897	0.0539593
4.29922	0.0524057
4.29946	0.0477225
4.29971	0.0379629
4.29995	0.0259765
4.30019	0.0187855
4.30044	0.0165616
4.30068	0.0143895
4.30093	0.0141184
4.30117	0.0204797
4.30142	0.027769
4.30166	0.0268763
4.30191	0.023072
4.30215	0.0282356
4.3024	0.0377874
4.30264	0.0367575
4.30288	0.0276182
4.30313	0.0276668
4.30337	0.0372746
4.30362	0.0376243
4.30386	0.0253714
4.30411	0.0212686
4.30435	0.0338863
4.3046	0.0425634
4.30484	0.0319942
4.30509	0.0183887
4.30533	0.0214973
4.30558	0.0325156
4.30582	0.032677
4.30606	0.0262286
4.30631	0.0298534
4.30655	0.0416577
4.3068	0.0460786
4.30704	0.0424477
4.30729	0.0446945
4.30753	0.0556761
4.30778	0.0633236
4.30802	0.06224
4.30827	0.0603615
4.30851	0.0623574
4.30876	0.0625667
4.309	0.0576362
4.30924	0.0527979
4.30949	0.0517435
4.30973	0.0506539
4.30998	0.0457188
4.31022	0.0384875
4.31047	0.0315702
4.31071	0.0259578
4.31096	0.0235757
4.3112	0.0258398
4.31145	0.0292572
4.31169	0.0288993
4.31194	0.0263351
4.31218	0.0275031
4.31242	0.0326231
4.31267	0.035188
4.31291	0.03211
4.31316	0.0282367
4.3134	0.0285391
4.31365	0.0311784
4.31389	0.0314658
4.31414	0.0289984
4.31438	0.0275153
4.31463	0.0293033
4.31487	0.0325057
4.31511	0.0342421
4.31536	0.0352148
4.3156	0.0396782
4.31585	0.0497624
4.31609	0.0609682
4.31634	0.0658831
4.31658	0.0622905
4.31683	0.0547502
4.31707	0.0479715
4.31732	0.0422041
4.31756	0.0362297
4.31781	0.0310556
4.31805	0.028082
4.31829	0.0262065
4.31854	0.0235374
4.31878	0.0207017
4.31903	0.0201956
4.31927	0.0228068
4.31952	0.0260523
4.31976	0.026694
4.32001	0.0246946
4.32025	0.0236947
4.3205	0.025925
4.32074	0.0276843
4.32099	0.0236543
4.32123	0.0158956
4.32147	0.0131163
4.32172	0.0188371
4.32196	0.02603
4.32221	0.0271638
4.32245	0.0238026
4.3227	0.0215475
4.32294	0.021199
4.32319	0.0205433
4.32343	0.0193366
4.32368	0.0168145
4.32392	0.0106198
4.32417	0.00438768
4.32441	0.00818674
4.32465	0.0229089
4.3249	0.03322
4.32514	0.0276028
4.32539	0.0167983
4.32563	0.0178436
4.32588	0.0272934
4.32612	0.0281665
4.32637	0.0188255
4.32661	0.0145631
4.32686	0.020677
4.3271	0.0245108
4.32735	0.0183792
4.32759	0.0118961
4.32783	0.0146309
4.32808	0.0220593
4.32832	0.0263052
4.32857	0.0276332
4.32881	0.0280434
4.32906	0.0253406
4.3293	0.0203738
4.32955	0.0193436
4.32979	0.022916
4.33004	0.0233831
4.33028	0.0176625
4.33052	0.0126123
4.33077	0.0132557
4.33101	0.0167495
4.33126	0.0211683
4.3315	0.0274499
4.33175	0.0297733
4.33199	0.0197234
4.33224	0.00485218
4.33248	0.00534766
4.33273	0.0240236
4.33297	0.0376156
4.33322	0.0295107
4.33346	0.0140714
4.3337	0.0136504
4.33395	0.0264097
4.33419	0.0345393
4.33444	0.0328157
4.33468	0.0299035
4.33493	0.0287348
4.33517	0.0243489
4.33542	0.0178468
4.33566	0.0161807
4.33591	0.0191926
4.33615	0.0200445
4.3364	0.0174944
4.33664	0.016437
4.33688	0.0176562
4.33713	0.0175614
4.33737	0.0169165
4.33762	0.0200759
4.33786	0.0260866
4.33811	0.0289079
4.33835	0.0263125
4.3386	0.0220952
4.33884	0.0200386
4.33909	0.0204144
4.33933	0.0211198
4.33958	0.0194046
4.33982	0.0151154
4.34006	0.0130368
4.34031	0.0166861
4.34055	0.0204172
4.3408	0.0168942
4.34104	0.0118897
4.34129	0.0179445
4.34153	0.0316096
4.34178	0.034562
4.34202	0.0231071
4.34227	0.0165843
4.34251	0.025783
4.34275	0.0338041
4.343	0.0245989
4.34324	0.0109174
4.34349	0.0123985
4.34373	0.0223051
4.34398	0.0214483
4.34422	0.01281
4.34447	0.0143398
4.34471	0.0248631
4.34496	0.0261401
4.3452	0.0160968
4.34545	0.0119443
4.34569	0.0194223
4.34593	0.0256316
4.34618	0.025478
4.34642	0.0292653
4.34667	0.0385038
4.34691	0.0393655
4.34716	0.0283683
4.3474	0.0211677
4.34765	0.0260022
4.34789	0.0307102
4.34814	0.0273414
4.34838	0.0276448
4.34863	0.0397437
4.34887	0.0496708
4.34911	0.0435646
4.34936	0.0314853
4.3496	0.0303424
4.34985	0.036769
4.35009	0.03668
4.35034	0.0315038
4.35058	0.0344588
4.35083	0.0466312
4.35107	0.0555201
4.35132	0.0549851
4.35156	0.0510253
4.35181	0.0492701
4.35205	0.0500067
4.35229	0.0541456
4.35254	0.0621774
4.35278	0.0686842
4.35303	0.0685521
4.35327	0.066653
4.35352	0.0714189
4.35376	0.0820078
4.35401	0.0922913
4.35425	0.103526
4.3545	0.120797
4.35474	0.140355
4.35498	0.154628
4.35523	0.168406
4.35547	0.195183
4.35572	0.236808
4.35596	0.282051
4.35621	0.328603
4.35645	0.391412
4.3567	0.482533
4.35694	0.595104
4.35719	0.714686
4.35743	0.8348
4.35768	0.951439
4.35792	1.05152
4.35816	1.11915
4.35841	1.15013
4.35865	1.15149
4.3589	1.12934
4.35914	1.08365
4.35939	1.01233
4.35963	0.914362
4.35988	0.792212
4.36012	0.656938
4.36037	0.527331
4.36061	0.417293
4.36086	0.32659
4.3611	0.249624
4.36134	0.188878
4.36159	0.151334
4.36183	0.134412
4.36208	0.125466
4.36232	0.115649
4.36257	0.106082
4.36281	0.0995854
4.36306	0.0947641
4.3633	0.0905766
4.36355	0.0889866
4.36379	0.0895004
4.36404	0.0874409
4.36428	0.0815535
4.36452	0.0778248
4.36477	0.0814266
4.36501	0.0892718
4.36526	0.0947317
4.3655	0.0961143
4.36575	0.0964984
4.36599	0.0981548
4.36624	0.100713
4.36648	0.102541
4.36673	0.101349
4.36697	0.0960585
4.36721	0.0900345
4.36746	0.0890944
4.3677	0.0944507
4.36795	0.101581
4.36819	0.107712
4.36844	0.115016
4.36868	0.123896
4.36893	0.129757
4.36917	0.131061
4.36942	0.134231
4.36966	0.14429
4.36991	0.155942
4.37015	0.1612
4.37039	0.161705
4.37064	0.165781
4.37088	0.176068
4.37113	0.18741
4.37137	0.19508
4.37162	0.198807
4.37186	0.201017
4.37211	0.206659
4.37235	0.221023
4.3726	0.241448
4.37284	0.256391
4.37309	0.260767
4.37333	0.266253
4.37357	0.285604
4.37382	0.312354
4.37406	0.329961
4.37431	0.337317
4.37455	0.348741
4.3748	0.369617
4.37504	0.39054
4.37529	0.408728
4.37553	0.435975
4.37578	0.477261
4.37602	0.51871
4.37627	0.548371
4.37651	0.574872
4.37675	0.612509
4.377	0.66009
4.37724	0.709098
4.37749	0.762707
4.37773	0.830336
4.37798	0.910261
4.37822	0.994187
4.37847	1.08473
4.37871	1.19225
4.37896	1.31737
4.3792	1.45371
4.37944	1.60744
4.37969	1.79634
4.37993	2.02622
4.38018	2.28542
4.38042	2.56956
4.38067	2.89625
4.38091	3.28447
4.38116	3.72981
4.3814	4.21199
4.38165	4.71904
4.38189	5.25064
4.38214	5.79931
4.38238	6.33944
4.38262	6.83761
4.38287	7.26787
4.38311	7.61621
4.38336	7.87525
4.3836	8.03843
4.38385	8.10004
4.38409	8.06184
4.38434	7.93853
4.38458	7.751
4.38483	7.51089
4.38507	7.21467
4.38532	6.85533
4.38556	6.43481
4.3858	5.96082
4.38605	5.43835
4.38629	4.87419
4.38654	4.28855
4.38678	3.71304
4.38703	3.17529
4.38727	2.69118
4.38752	2.27066
4.38776	1.92067
4.38801	1.63853
4.38825	1.41146
4.3885	1.22823
4.38874	1.0847
4.38898	0.973018
4.38923	0.875505
4.38947	0.779683
4.38972	0.69268
4.38996	0.62832
4.39021	0.583514
4.39045	0.5406
4.3907	0.491486
4.39094	0.444881
4.39119	0.408072
4.39143	0.376788
4.39167	0.348243
4.39192	0.32919
4.39216	0.321669
4.39241	0.313331
4.39265	0.293995
4.3929	0.272347
4.39314	0.263002
4.39339	0.263901
4.39363	0.260543
4.39388	0.24824
4.39412	0.23579
4.39437	0.228619
4.39461	0.222006
4.39485	0.21204
4.3951	0.201362
4.39534	0.191627
4.39559	0.180068
4.39583	0.165944
4.39608	0.152399
4.39632	0.140629
4.39657	0.129691
4.39681	0.121956
4.39706	0.120346
4.3973	0.12059
4.39755	0.115574
4.39779	0.106903
4.39803	0.101766
4.39828	0.0990706
4.39852	0.091416
4.39877	0.0816298
4.39901	0.0822248
4.39926	0.0938685
4.3995	0.0994027
4.39975	0.0877241
4.39999	0.070759
4.40024	0.0660183
4.40048	0.0724341
4.40073	0.0755976
4.40097	0.069932
4.40121	0.0631041
4.40146	0.0616183
4.4017	0.0627625
4.40195	0.0606457
4.40219	0.0534363
4.40244	0.0448369
4.40268	0.0417099
4.40293	0.04752
4.40317	0.0559731
4.40342	0.0565843
4.40366	0.0492069
4.4039	0.0453572
4.40415	0.0507811
4.40439	0.0559508
4.40464	0.0512846
4.40488	0.0429067
4.40513	0.0427327
4.40537	0.0492329
4.40562	0.050028
4.40586	0.0405917
4.40611	0.0291965
4.40635	0.0239369
4.4066	0.0243412
4.40684	0.0265038
4.40708	0.0288696
4.40733	0.0314827
4.40757	0.0344544
4.40782	0.0376399
4.40806	0.0390435
4.40831	0.0357836
4.40855	0.0296666
4.4088	0.0276555
4.40904	0.0326862
4.40929	0.0389197
4.40953	0.0408137
4.40978	0.0408338
4.41002	0.0420521
4.41026	0.0401438
4.41051	0.0312822
4.41075	0.0216412
4.411	0.0190459
4.41124	0.0206156
4.41149	0.0195888
4.41173	0.0189657
4.41198	0.025336
4.41222	0.0333655
4.41247	0.0318019
4.41271	0.0234251
4.41296	0.0225873
4.4132	0.0313252
4.41344	0.0347215
4.41369	0.0250909
4.41393	0.0148433
4.41418	0.0166199
4.41442	0.0241717
4.41467	0.024341
4.41491	0.0179705
4.41516	0.0162321
4.4154	0.022148
4.41565	0.0277067
4.41589	0.0267504
4.41614	0.0211963
4.41638	0.0158112
4.41662	0.0140372
4.41687	0.0173824
4.41711	0.0228939
4.41736	0.0237019
4.4176	0.0179218
4.41785	0.0133977
4.41809	0.0165395
4.41834	0.0206578
4.41858	0.0152764
4.41883	0.00459374
4.41907	0.00416717
4.41931	0.0174743
4.41956	0.0285816
4.4198	0.0246554
4.42005	0.0150359
4.42029	0.0172175
4.42054	0.0305175
4.42078	0.0370607
4.42103	0.0280573
4.42127	0.0159159
4.42152	0.0155459
4.42176	0.0239964
4.42201	0.0273551
4.42225	0.021836
4.42249	0.0174847
4.42274	0.0220821
4.42298	0.0312959
4.42323	0.037538
4.42347	0.0405359
4.42372	0.0434344
4.42396	0.0438416
4.42421	0.0366903
4.42445	0.0248976
4.4247	0.0194195
4.42494	0.0256591
4.42519	0.0348568
4.42543	0.0342876
4.42567	0.0241422
4.42592	0.0180635
4.42616	0.0251516
4.42641	0.0373216
4.42665	0.0401772
4.4269	0.0329485
4.42714	0.0289313
4.42739	0.0357555
4.42763	0.0452184
4.42788	0.0477605
4.42812	0.0475405
4.42837	0.0532267
4.42861	0.0604291
4.42885	0.0568418
4.4291	0.0433677
4.42934	0.0359531
4.42959	0.0432662
4.42983	0.0550844
4.43008	0.0587027
4.43032	0.055857
4.43057	0.0550969
4.43081	0.0564291
4.43106	0.0540832
4.4313	0.049069
4.43154	0.0485445
4.43179	0.0549678
4.43203	0.0639453
4.43228	0.0707434
4.43252	0.0722702
4.43277	0.0660339
4.43301	0.054872
4.43326	0.049224
4.4335	0.0555544
4.43375	0.0650267
4.43399	0.0637844
4.43424	0.0530373
4.43448	0.0474535
4.43472	0.0529966
4.43497	0.0589447
4.43521	0.0560232
4.43546	0.050523
4.4357	0.0525745
4.43595	0.0596555
4.43619	0.0618804
4.43644	0.0582133
4.43668	0.0568376
4.43693	0.0613344
4.43717	0.0661396
4.43742	0.0665704
4.43766	0.0655547
4.4379	0.0678934
4.43815	0.0736562
4.43839	0.0803956
4.43864	0.0876022
4.43888	0.0953695
4.43913	0.101506
4.43937	0.103727
4.43962	0.103317
4.43986	0.103344
4.44011	0.103952
4.44035	0.102337
4.4406	0.0970804
4.44084	0.0895012
4.44108	0.0807104
4.44133	0.070934
4.44157	0.0627233
4.44182	0.0605698
4.44206	0.0643527
4.44231	0.0669198
4.44255	0.0629737
4.4428	0.0578981
4.44304	0.0614066
4.44329	0.0729142
4.44353	0.0805446
4.44377	0.0771358
4.44402	0.0704574
4.44426	0.0725106
4.44451	0.083723
4.44475	0.0945979
4.445	0.100288
4.44524	0.105396
4.44549	0.113607
4.44573	0.120049
4.44598	0.117993
4.44622	0.108503
4.44647	0.0983408
4.44671	0.0904957
4.44695	0.0820663
4.4472	0.0715489
4.44744	0.0631243
4.44769	0.0611768
4.44793	0.0638775
4.44818	0.0657962
4.44842	0.0650498
4.44867	0.0637647
4.44891	0.062361
4.44916	0.0586334
4.4494	0.0535851
4.44965	0.0526026
4.44989	0.057362
4.45013	0.06125
4.45038	0.0579098
4.45062	0.0508953
4.45087	0.0485819
4.45111	0.051692
4.45136	0.053318
4.4516	0.0509597
4.45185	0.0502231
4.45209	0.0541996
4.45234	0.0570327
4.45258	0.0531594
4.45283	0.0470464
4.45307	0.0469385
4.45331	0.05223
4.45356	0.0544881
4.4538	0.0504144
4.45405	0.0465731
4.45429	0.0489845
4.45454	0.0538821
4.45478	0.0536657
4.45503	0.0488501
4.45527	0.0476137
4.45552	0.0531053
4.45576	0.0578292
4.456	0.0547142
4.45625	0.048648
4.45649	0.0499164
4.45674	0.0586548
4.45698	0.064845
4.45723	0.0643936
4.45747	0.0652782
4.45772	0.0735498
4.45796	0.0826234
4.45821	0.0837119
4.45845	0.079249
4.4587	0.0768793
4.45894	0.0761375
4.45918	0.0714143
4.45943	0.0638309
4.45967	0.0590087
4.45992	0.0556917
4.46016	0.04794
4.46041	0.037251
4.46065	0.0311339
4.4609	0.0303219
4.46114	0.0290258
4.46139	0.0275441
4.46163	0.0317377
4.46188	0.0389423
4.46212	0.0382786
4.46236	0.0284402
4.46261	0.0219299
4.46285	0.0269822
4.4631	0.037845
4.46334	0.0478206
4.46359	0.0584094
4.46383	0.0691084
4.46408	0.0720774
4.46432	0.0655872
4.46457	0.059822
4.46481	0.0600048
4.46506	0.057083
4.4653	0.0457874
4.46554	0.0373467
4.46579	0.039961
4.46603	0.0407454
4.46628	0.0258897
4.46652	0.00755487
4.46677	0.00821341
4.46701	0.0244755
4.46726	0.0306287
4.4675	0.0174947
4.46775	0.00424663
4.46799	0.007118
4.46823	0.0176241
4.46848	0.0206673
4.46872	0.0168547
4.46897	0.0153274
4.46921	0.0170929
4.46946	0.0172066
4.4697	0.01515
4.46995	0.0132656
4.47019	0.0112105
4.47044	0.00947442
4.47068	0.0118386
4.47093	0.0174514
4.47117	0.017699
4.47141	0.00879615
4.47166	0.000593947
4.4719	0.00359711
4.47215	0.0128541
4.47239	0.0152294
4.47264	0.00908076
4.47288	0.00544426
4.47313	0.0104672
4.47337	0.0176636
4.47362	0.019646
4.47386	0.0179748
4.47411	0.0171845
4.47435	0.0166177
4.47459	0.0137223
4.47484	0.0100898
4.47508	0.00837851
4.47533	0.00717028
4.47557	0.00482409
4.47582	0.00513676
4.47606	0.0118769
4.47631	0.0193383
4.47655	0.0169812
4.4768	0.00483556
4.47704	-0.00386665
4.47729	0.000790243
4.47753	0.0129867
4.47777	0.0200448
4.47802	0.017704
4.47826	0.0107161
4.47851	0.0038841
4.47875	-1.70938e-05
4.479	0.00212487
4.47924	0.00964521
4.47949	0.0147845
4.47973	0.0121349
4.47998	0.00819802
4.48022	0.0115391
4.48046	0.0166755
4.48071	0.0108839
4.48095	-0.00376503
4.4812	-0.0105476
4.48144	-0.00336556
4.48169	0.00381364
4.48193	-0.000271964
4.48218	-0.00673318
4.48242	-0.00280879
4.48267	0.00685576
4.48291	0.00944281
4.48316	0.00616858
4.4834	0.00939864
4.48364	0.0208035
4.48389	0.0274742
4.48413	0.0212804
4.48438	0.0102925
4.48462	0.00682318
4.48487	0.0118413
4.48511	0.0160173
4.48536	0.0124209
4.4856	0.0041179
4.48585	-0.000642042
4.48609	0.00112149
4.48634	0.00406671
4.48658	0.0034828
4.48682	0.00308936
4.48707	0.00785504
4.48731	0.0127223
4.48756	0.00879518
4.4878	-0.000326934
4.48805	-0.0012814
4.48829	0.00809923
4.48854	0.0148798
4.48878	0.0127202
4.48903	0.0118574
4.48927	0.0191405
4.48952	0.0239818
4.48976	0.0165837
4.49	0.00602122
4.49025	0.0050565
4.49049	0.00916503
4.49074	0.00752248
4.49098	0.0043137
4.49123	0.010035
4.49147	0.0198258
4.49172	0.0208543
4.49196	0.0154483
4.49221	0.0159546
4.49245	0.0207981
4.4927	0.0178477
4.49294	0.00949842
4.49318	0.0107648
4.49343	0.0213342
4.49367	0.0236231
4.49392	0.0131454
4.49416	0.00677733
4.49441	0.0129057
4.49465	0.0168524
4.4949	0.00775951
4.49514	-0.00175336
4.49539	0.00178912
4.49563	0.00960267
4.49587	0.00845383
4.49612	0.00540977
4.49636	0.0133982
4.49661	0.0241333
4.49685	0.0196213
4.4971	0.00445306
4.49734	0.00166966
4.49759	0.0164243
4.49783	0.0276047
4.49808	0.0218012
4.49832	0.0140293
4.49857	0.022354
4.49881	0.0386587
4.49905	0.0421908
4.4993	0.0325344
4.49954	0.0291352
4.49979	0.0397508
4.50003	0.0490473
4.50028	0.0444673
4.50052	0.0366332
4.50077	0.0416728
4.50101	0.0551075
4.50126	0.059776
4.5015	0.0535755
4.50175	0.0508267
4.50199	0.0567826
4.50223	0.0599589
4.50248	0.0542151
4.50272	0.0497717
4.50297	0.0531706
4.50321	0.0533876
4.50346	0.0410984
4.5037	0.0272691
4.50395	0.0264438
4.50419	0.0329141
4.50444	0.0313177
4.50468	0.0223154
4.50493	0.0189203
4.50517	0.0232124
4.50541	0.0258387
4.50566	0.0249393
4.5059	0.0266231
4.50615	0.0288026
4.50639	0.0234603
4.50664	0.0139976
4.50688	0.0115972
4.50713	0.0147816
4.50737	0.0120561
4.50762	0.00502227
4.50786	0.00757001
4.5081	0.0195299
4.50835	0.0234867
4.50859	0.0135047
4.50884	0.00524829
4.50908	0.00919213
4.50933	0.0144488
4.50957	0.00973473
4.50982	0.00146683
4.51006	-0.000709811
4.51031	0.000924205
4.51055	0.00324486
4.5108	0.0112718
4.51104	0.0231825
4.51128	0.0235035
4.51153	0.00652667
4.51177	-0.00884784
4.51202	-0.0042884
4.51226	0.0112185
4.51251	0.0167178
4.51275	0.00942152
4.513	0.00184482
4.51324	-0.000779695
4.51349	-0.001885
4.51373	-0.000330244
4.51398	0.00638052
4.51422	0.011597
4.51446	0.00818258
4.51471	0.00194712
4.51495	0.00190987
4.5152	0.00435579
4.51544	0.00178393
4.51569	-0.000441174
4.51593	0.00623666
4.51618	0.0147935
4.51642	0.0128524
4.51667	0.00578669
4.51691	0.00868669
4.51716	0.0189591
4.5174	0.0191343
4.51764	0.00654234
4.51789	-0.00199864
4.51813	0.00218669
4.51838	0.00831825
4.51862	0.00753959
4.51887	0.00585412
4.51911	0.008343
4.51936	0.0084168
4.5196	0.00226671
4.51985	-0.00140458
4.52009	0.00346492
4.52033	0.00854995
4.52058	0.00550881
4.52082	0.000838457
4.52107	0.00462613
4.52131	0.0132934
4.52156	0.0157718
4.5218	0.0109924
4.52205	0.00756281
4.52229	0.00918088
4.52254	0.010796
4.52278	0.00855424
4.52303	0.00508905
4.52327	0.0037697
4.52351	0.00365126
4.52376	0.00232929
4.524	0.000590044
4.52425	0.00173727
4.52449	0.00658655
4.52474	0.0107016
4.52498	0.00877737
4.52523	0.00202932
4.52547	-0.0020674
4.52572	0.000765043
4.52596	0.00639202
4.52621	0.00938257
4.52645	0.0102306
4.52669	0.0107831
4.52694	0.0084419
4.52718	0.00221128
4.52743	-0.00103832
4.52767	0.00416987
4.52792	0.0110547
4.52816	0.0101815
4.52841	0.00602515
4.52865	0.0101926
4.5289	0.0199778
4.52914	0.0198634
4.52939	0.00662471
4.52963	-0.0034649
4.52987	0.00133669
4.53012	0.0116057
4.53036	0.012782
4.53061	0.00528096
4.53085	-0.00139994
4.5311	-0.00389608
4.53134	-0.00325435
4.53159	0.0026629
4.53183	0.0128388
4.53208	0.0168427
4.53232	0.00814745
4.53256	-0.00212232
4.53281	0.00116942
4.53305	0.0138262
4.5333	0.0179004
4.53354	0.00917389
4.53379	0.00257586
4.53403	0.00749943
4.53428	0.0137613
4.53452	0.00944891
4.53477	-0.000523507
4.53501	-0.00405897
4.53526	-0.000511618
4.5355	0.00207546
4.53574	0.00230625
4.53599	0.00572148
4.53623	0.0122296
4.53648	0.0148251
4.53672	0.0112481
4.53697	0.00720542
4.53721	0.00635966
4.53746	0.00564209
4.5377	0.00264641
4.53795	-0.000249923
4.53819	-0.00149597
4.53844	-0.00217145
4.53868	7.47541e-05
4.53892	0.00927848
4.53917	0.0195895
4.53941	0.0170462
4.53966	0.000426596
4.5399	-0.01131
4.54015	-0.00386057
4.54039	0.01045
4.54064	0.0105735
4.54088	-0.00159652
4.54113	-0.00633882
4.54137	0.00155469
4.54162	0.0073248
4.54186	0.0039479
4.5421	0.00263792
4.54235	0.009367
4.54259	0.0125689
4.54284	0.00531223
4.54308	0.00024488
4.54333	0.00775567
4.54357	0.0160266
4.54382	0.010446
4.54406	-0.00104093
4.54431	-0.00184079
4.54455	0.00490929
4.54479	0.00385775
4.54504	-0.00381042
4.54528	-0.00271304
4.54553	0.00794271
4.54577	0.0113695
4.54602	0.00164301
4.54626	-0.00626064
4.54651	-0.00122126
4.54675	0.00756807
4.547	0.00756214
4.54724	0.00117505
4.54749	-0.00285535
4.54773	-0.00436222
4.54797	-0.00725105
4.54822	-0.00859054
4.54846	-0.0026877
4.54871	0.00839457
4.54895	0.0160983
4.5492	0.0149537
4.54944	0.00709996
4.54969	-1.82352e-05
4.54993	0.00067478
4.55018	0.00831036
4.55042	0.0126061
4.55067	0.00608566
4.55091	-0.00382533
4.55115	-0.00376512
4.5514	0.00556719
4.55164	0.0100404
4.55189	0.00380901
4.55213	-0.00278169
4.55238	-0.00122383
4.55262	0.0024617
4.55287	0.000407197
4.55311	-0.00323149
4.55336	-0.000690415
4.5536	0.00577153
4.55385	0.00859004
4.55409	0.0071188
4.55433	0.00599237
4.55458	0.00589249
4.55482	0.0041693
4.55507	0.00138392
4.55531	0.000407304
4.55556	0.00160141
4.5558	0.00365268
4.55605	0.00586549
4.55629	0.00634399
4.55654	0.00298893
4.55678	-0.0006758
4.55702	0.00233224
4.55727	0.0105194
4.55751	0.0126757
4.55776	0.00432149
4.558	-0.00380222
4.55825	-0.00179749
4.55849	0.00379549
4.55874	0.0011659
4.55898	-0.00717895
4.55923	-0.00879002
4.55947	-0.00117775
4.55972	0.0055635
4.55996	0.00492257
4.5602	0.00120074
4.56045	-6.97738e-05
4.56069	0.000824487
4.56094	0.00179664
4.56118	0.00224598
4.56143	0.00121816
4.56167	-0.00132803
4.56192	-0.00166932
4.56216	0.00280932
4.56241	0.00709332
4.56265	0.0044026
4.5629	-0.00257145
4.56314	-0.00483424
4.56338	-0.00107382
4.56363	0.00093045
4.56387	-0.00225626
4.56412	-0.00470162
4.56436	-0.00216354
4.56461	0.00111861
4.56485	0.000746059
4.5651	-0.00102534
4.56534	-0.00151723
4.56559	-0.00301621
4.56583	-0.00649986
4.56608	-0.00721291
4.56632	-0.0029634
4.56656	-0.000230501
4.56681	-0.00427495
4.56705	-0.00885177
4.5673	-0.00504623
4.56754	0.00359749
4.56779	0.00541521
4.56803	-0.00129569
4.56828	-0.00580826
4.56852	-0.00235773
4.56877	0.000813858
4.56901	-0.00495031
4.56925	-0.0147012
4.5695	-0.017129
4.56974	-0.0104925
4.56999	-0.00302688
4.57023	-7.29632e-06
4.57048	0.00140523
4.57072	0.0042566
4.57097	0.00587025
4.57121	0.00253685
4.57146	-0.00404802
4.5717	-0.00801246
4.57195	-0.00563213
4.57219	0.000716131
4.57243	0.00452612
4.57268	0.00200674
4.57292	-0.0024856
4.57317	-0.000702639
4.57341	0.00821442
4.57366	0.0152652
4.5739	0.0139335
4.57415	0.00917831
4.57439	0.00780403
4.57464	0.00626177
4.57488	-0.00173753
4.57513	-0.0105438
4.57537	-0.00931571
4.57561	-0.00127613
4.57586	-0.000138504
4.5761	-0.00627203
4.57635	-0.00442453
4.57659	0.00953026
4.57684	0.0182707
4.57708	0.0094057
4.57733	-0.00510343
4.57757	-0.00931168
4.57782	-0.00741528
4.57806	-0.0110693
4.57831	-0.0162838
4.57855	-0.0124776
4.57879	-0.00423941
4.57904	-0.00324939
4.57928	-0.00598134
4.57953	-0.000713414
4.57977	0.00884028
4.58002	0.00893885
4.58026	0.00114382
4.58051	-0.000441765
4.58075	0.00446812
4.581	0.00197027
4.58124	-0.00967548
4.58149	-0.0165125
4.58173	-0.0135301
4.58197	-0.00971707
4.58222	-0.00641966
4.58246	0.00421185
4.58271	0.0154246
4.58295	0.00834513
4.5832	-0.0138783
4.58344	-0.0230621
4.58369	-0.00908945
4.58393	0.00254871
4.58418	-0.00752029
4.58442	-0.0214917
4.58466	-0.0164571
4.58491	-0.00180118
4.58515	0.00164441
4.5854	-0.00171274
4.58564	0.00409441
4.58589	0.012719
4.58613	0.0066438
4.58638	-0.008533
4.58662	-0.0116662
4.58687	-0.00181695
4.58711	0.0022765
4.58736	-0.00473825
4.5876	-0.00906331
4.58784	-0.00403632
4.58809	0.00217343
4.58833	0.00481578
4.58858	0.00628596
4.58882	0.00309076
4.58907	-0.00847988
4.58931	-0.015919
4.58956	-0.0043137
4.5898	0.0145892
4.59005	0.0139025
4.59029	-0.00619509
4.59054	-0.0161142
4.59078	-0.00231777
4.59102	0.0134654
4.59127	0.0109211
4.59151	0.000153376
4.59176	-0.000929086
4.592	0.00492194
4.59225	0.00629643
4.59249	0.0051171
4.59274	0.00804296
4.59298	0.0100967
4.59323	0.00477322
4.59347	-0.000612192
4.59372	0.00374996
4.59396	0.0124693
4.5942	0.013672
4.59445	0.00758511
4.59469	0.002493
4.59494	-0.000461433
4.59518	-0.00464062
4.59543	-0.00666773
4.59567	-0.0017218
4.59592	0.00487178
4.59616	0.00444245
4.59641	-0.000700961
4.59665	-0.00202107
4.59689	9.04344e-05
4.59714	-0.00133405
4.59738	-0.00510772
4.59763	-0.00283084
4.59787	0.00570146
4.59812	0.0103459
4.59836	0.00576788
4.59861	-0.00147484
4.59885	-0.00380621
4.5991	-0.00211594
4.59934	-0.000842912
4.59959	-0.000278013
4.59983	0.00185253
4.60007	0.0052082
4.60032	0.00717623
4.60056	0.00679601
4.60081	0.00585013
4.60105	0.00619781
4.6013	0.00699643
4.60154	0.00555773
4.60179	0.00185683
4.60203	0.000713997
4.60228	0.00629173
4.60252	0.014928
4.60277	0.0178028
4.60301	0.0115017
4.60325	0.00175181
4.6035	-0.0041952
4.60374	-0.00438984
4.60399	-0.00074076
4.60423	0.00371451
4.60448	0.0048287
4.60472	0.000689977
4.60497	-0.0033728
4.60521	0.000142458
4.60546	0.00874939
4.6057	0.0109178
4.60595	0.00275315
4.60619	-0.00517226
4.60643	-0.00340111
4.60668	0.00306229
4.60692	0.00526818
4.60717	0.00575888
4.60741	0.012007
4.60766	0.0202394
4.6079	0.0195384
4.60815	0.0101683
4.60839	0.00397761
4.60864	0.0052346
4.60888	0.00484962
4.60912	-0.00160907
4.60937	-0.00368286
4.60961	0.00648355
4.60986	0.0169477
4.6101	0.0105736
4.61035	-0.00790122
4.61059	-0.0154829
4.61084	-0.00330778
4.61108	0.0100598
4.61133	0.00556822
4.61157	-0.00887424
4.61182	-0.0113854
4.61206	0.00103052
4.6123	0.009497
4.61255	0.00230724
4.61279	-0.00994415
4.61304	-0.0131998
4.61328	-0.00919922
4.61353	-0.00687142
4.61377	-0.00619788
4.61402	-0.00219918
4.61426	0.00301763
4.61451	0.0040231
4.61475	0.00231015
4.615	0.00193588
4.61524	0.000521877
4.61548	-0.00411904
4.61573	-0.00455496
4.61597	0.00513729
4.61622	0.0138447
4.61646	0.00587052
4.61671	-0.0127724
4.61695	-0.0186518
4.6172	-0.0035865
4.61744	0.0146635
4.61769	0.0192412
4.61793	0.0143368
4.61818	0.0104477
4.61842	0.00619397
4.61866	-0.00261048
4.61891	-0.00878079
4.61915	-0.0038032
4.6194	0.00575699
4.61964	0.00612482
4.61989	-0.00389804
4.62013	-0.0134275
4.62038	-0.0163705
4.62062	-0.0158427
4.62087	-0.0137184
4.62111	-0.00783992
4.62135	-0.000331897
4.6216	0.0020412
4.62184	-0.00152857
4.62209	-0.00359221
4.62233	-0.000183936
4.62258	0.00261121
4.62282	-0.00136665
4.62307	-0.00773283
4.62331	-0.00745333
4.62356	-0.000365797
4.6238	0.00421054
4.62405	0.000372313
4.62429	-0.0072731
4.62453	-0.0115928
4.62478	-0.0119698
4.62502	-0.0108326
4.62527	-0.00686128
4.62551	0.000484066
4.62576	0.00372314
4.626	-0.00419456
4.62625	-0.0152451
4.62649	-0.0136113
4.62674	-3.4511e-05
4.62698	0.00647698
4.62723	-0.0020841
4.62747	-0.00867146
4.62771	0.00101239
4.62796	0.0131098
4.6282	0.00758151
4.62845	-0.00694621
4.62869	-0.00551549
4.62894	0.0117606
4.62918	0.0184041
4.62943	0.00358643
4.62967	-0.0114921
4.62992	-0.0079632
4.63016	0.00340662
4.63041	0.00302685
4.63065	-0.00762787
4.63089	-0.0132414
4.63114	-0.00969359
4.63138	-0.00593222
4.63163	-0.00749592
4.63187	-0.0110029
4.63212	-0.0117076
4.63236	-0.00797364
4.63261	-0.00104273
4.63285	0.00491049
4.6331	0.00643385
4.63334	0.00628706
4.63358	0.00903608
4.63383	0.0113666
4.63407	0.00652607
4.63432	-0.0018819
4.63456	-0.0034591
4.63481	0.000765847
4.63505	-0.000864268
4.6353	-0.0090504
4.63554	-0.0106906
4.63579	-0.00301626
4.63603	-0.00111073
4.63628	-0.0120076
4.63652	-0.0204556
4.63676	-0.0132631
4.63701	-0.000247246
4.63725	0.0039526
4.6375	0.00277359
4.63774	0.0058058
4.63799	0.00871696
4.63823	0.00375476
4.63848	-0.00189749
4.63872	0.00223641
4.63897	0.00950569
4.63921	0.00649793
4.63946	-0.00398628
4.6397	-0.00862503
4.63994	-0.00541179
4.64019	-0.00222883
4.64043	-0.000323421
4.64068	0.00339498
4.64092	0.00441221
4.64117	-0.00113562
4.64141	-0.00323889
4.64166	0.00792331
4.6419	0.0210896
4.64215	0.0175822
4.64239	0.000851029
4.64264	-0.00891762
4.64288	-0.00605327
4.64312	-0.00296458
4.64337	-0.00438763
4.64361	-0.001501
4.64386	0.0067316
4.6441	0.00892272
4.64435	0.00238316
4.64459	-0.00109375
4.64484	0.00412332
4.64508	0.00879961
4.64533	0.00588442
4.64557	0.00024256
4.64581	-0.0027167
4.64606	-0.00291631
4.6463	0.00206063
4.64655	0.0140648
4.64679	0.0223887
4.64704	0.0133467
4.64728	-0.00575229
4.64753	-0.0124661
4.64777	-0.00292901
4.64802	0.00227643
4.64826	-0.0075846
4.64851	-0.0163616
4.64875	-0.00898356
4.64899	0.00510483
4.64924	0.0101634
4.64948	0.00694795
4.64973	0.0026127
4.64997	-0.00480125
4.65022	-0.0158733
4.65046	-0.0194198
4.65071	-0.00954671
4.65095	0.000483432
4.6512	-0.00173287
4.65144	-0.00690803
4.65169	-0.00123253
4.65193	0.00797508
4.65217	0.00449164
4.65242	-0.00811708
4.65266	-0.0118509
4.65291	-0.00318007
4.65315	0.00435465
4.6534	0.00426076
4.65364	0.00420213
4.65389	0.00838786
4.65413	0.0101302
4.65438	0.00468132
4.65462	-0.00372264
4.65487	-0.00940213
4.65511	-0.00939924
4.65535	-0.00152561
4.6556	0.0108535
4.65584	0.0156747
4.65609	0.00696923
4.65633	-0.00150289
4.65658	0.00665714
4.65682	0.023091
4.65707	0.0237468
4.65731	0.0050745
4.65756	-0.0100402
4.6578	-0.00665407
4.65805	0.00327702
4.65829	0.00460753
4.65853	0.00121995
4.65878	0.00168257
4.65902	0.000408574
4.65927	-0.00998749
4.65951	-0.0203467
4.65976	-0.0170486
4.66	-0.00413122
4.66025	0.00367082
4.66049	0.00389716
4.66074	0.00531614
4.66098	0.008361
4.66122	0.00500119
4.66147	-0.00258988
4.66171	-0.00173452
4.66196	0.00880429
4.6622	0.0132123
4.66245	0.00205303
4.66269	-0.012391
4.66294	-0.0135503
4.66318	-0.00314729
4.66343	0.00399106
4.66367	0.000870899
4.66392	-0.00621867
4.66416	-0.00950225
4.6644	-0.0077894
4.66465	-0.00400442
4.66489	-0.00163337
4.66514	-0.00315914
4.66538	-0.00695796
4.66563	-0.00684262
4.66587	0.000604242
4.66612	0.00942873
4.66636	0.0101026
4.66661	0.00165636
4.66685	-0.00651115
4.6671	-0.00567068
4.66734	0.00258077
4.66758	0.00867466
4.66783	0.00541352
4.66807	-0.00434332
4.66832	-0.0102208
4.66856	-0.0058773
4.66881	0.00247567
4.66905	0.00296408
4.6693	-0.00606161
4.66954	-0.0129802
4.66979	-0.00872476
4.67003	0.000933511
4.67028	0.00469105
4.67052	0.00148117
4.67076	-0.00125293
4.67101	-0.00117491
4.67125	-0.00293991
4.6715	-0.00720546
4.67174	-0.00768231
4.67199	-0.00156662
4.67223	0.00486557
4.67248	0.00479103
4.67272	-0.000505734
4.67297	-0.00501732
4.67321	-0.00599887
4.67345	-0.00523038
4.6737	-0.00487277
4.67394	-0.00477794
4.67419	-0.00327619
4.67443	-4.56174e-05
4.67468	0.00183661
4.67492	-0.000903382
4.67517	-0.00531661
4.67541	-0.003673
4.67566	0.00502357
4.6759	0.0105111
4.67615	0.00495877
4.67639	-0.00392578
4.67663	-0.00297082
4.67688	0.00656875
4.67712	0.010739
4.67737	0.00397099
4.67761	-0.00384491
4.67786	-0.00395477
4.6781	-0.000835017
4.67835	-0.00229462
4.67859	-0.00691612
4.67884	-0.00845818
4.67908	-0.00643618
4.67933	-0.005281
4.67957	-0.00647855
4.67981	-0.00698363
4.68006	-0.00402165
4.6803	0.00122002
4.68055	0.00382984
4.68079	-0.000247773
4.68104	-0.00751521
4.68128	-0.00789985
4.68153	0.00250123
4.68177	0.0135212
4.68202	0.0134671
4.68226	0.00555998
4.68251	0.00158572
4.68275	0.00279775
4.68299	0.000690845
4.68324	-0.0048827
4.68348	-0.00456458
4.68373	0.00194571
4.68397	0.00326296
4.68422	-0.00313062
4.68446	-0.00501355
4.68471	0.00253711
4.68495	0.00651809
4.6852	-0.00189853
4.68544	-0.0107949
4.68568	-0.00693881
4.68593	0.00199899
4.68617	0.000861742
4.68642	-0.00809633
4.68666	-0.0111296
4.68691	-0.00646162
4.68715	-0.00430037
4.6874	-0.00751253
4.68764	-0.00865956
4.68789	-0.00485902
4.68813	-0.0012949
4.68838	-8.30108e-05
4.68862	0.00208218
4.68886	0.00489785
4.68911	0.00382533
4.68935	-0.0010145
4.6896	-0.00421132
4.68984	-0.00327412
4.69009	-0.000118616
4.69033	0.00394701
4.69058	0.00756058
4.69082	0.00664957
4.69107	0.000279374
4.69131	-0.00442704
4.69156	-0.00160945
4.6918	0.00330349
4.69204	0.00228729
4.69229	-0.00127664
4.69253	0.00130107
4.69278	0.00770694
4.69302	0.00768303
4.69327	0.000983569
4.69351	-0.00149865
4.69376	0.00409117
4.694	0.00819279
4.69425	0.00346669
4.69449	-0.00399376
4.69474	-0.00450513
4.69498	0.0019336
4.69522	0.00745836
4.69547	0.00631274
4.69571	-0.000847027
4.69596	-0.00899532
4.6962	-0.0126354
4.69645	-0.0101834
4.69669	-0.00518432
4.69694	-0.00131505
4.69718	0.001979
4.69743	0.00574043
4.69767	0.00655873
4.69791	0.00067646
4.69816	-0.00902964
4.6984	-0.0156622
4.69865	-0.0165315
4.69889	-0.0139631
4.69914	-0.00978942
4.69938	-0.00425384
4.69963	0.0008493
4.69987	0.002734
4.70012	0.000787336
4.70036	-0.00350886
4.70061	-0.00786082
4.70085	-0.00874472
4.70109	-0.00394527
4.70134	0.00237194
4.70158	0.00279354
4.70183	-0.00252575
4.70207	-0.00526374
4.70232	-0.00240809
4.70256	-0.00129779
4.70281	-0.00615205
4.70305	-0.0099668
4.7033	-0.00737952
4.70354	-0.00478818
4.70379	-0.00747659
4.70403	-0.00732745
4.70427	0.00328209
4.70452	0.0142511
4.70476	0.0103886
4.70501	-0.00436575
4.70525	-0.011819
4.7055	-0.00592027
4.70574	0.00160988
4.70599	0.00154142
4.70623	-0.00203627
4.70648	-0.00291338
4.70672	-0.0018061
4.70697	-0.00117161
4.70721	-0.000987368
4.70745	-0.00203192
4.7077	-0.0054204
4.70794	-0.0084438
4.70819	-0.00819608
4.70843	-0.00787678
4.70868	-0.0115446
4.70892	-0.0154623
4.70917	-0.01376
4.70941	-0.00917341
4.70966	-0.00756163
4.7099	-0.00567268
4.71014	0.00293102
4.71039	0.0127308
4.71063	0.0117436
4.71088	0.0014599
4.71112	-0.00396014
4.71137	-0.000182573
4.71161	0.000573382
4.71186	-0.0102974
4.7121	-0.0240713
4.71235	-0.0274371
4.71259	-0.0188549
4.71284	-0.00630729
4.71308	0.00298678
4.71332	0.00539103
4.71357	0.000511078
4.71381	-0.0070051
4.71406	-0.0103758
4.7143	-0.00846468
4.71455	-0.00632994
4.71479	-0.00708868
4.71504	-0.00851275
4.71528	-0.00820486
4.71553	-0.00666632
4.71577	-0.0050566
4.71602	-0.00477384
4.71626	-0.0079968
4.7165	-0.0133456
4.71675	-0.013791
4.71699	-0.00574509
4.71724	0.00274925
4.71748	0.00109316
4.71773	-0.00890788
4.71797	-0.0156483
4.71822	-0.0133033
4.71846	-0.00627899
4.71871	-9.74793e-05
4.71895	0.00329683
4.7192	0.00264242
4.71944	-0.00181046
4.71968	-0.00592059
4.71993	-0.00694627
4.72017	-0.00777887
4.72042	-0.00929788
4.72066	-0.00543632
4.72091	0.00447357
4.72115	0.00709984
4.7214	-0.00676903
4.72164	-0.022742
4.72189	-0.0195898
4.72213	-0.0015159
4.72237	0.00655092
4.72262	-0.0041525
4.72286	-0.0150682
4.72311	-0.010652
4.72335	-0.000120262
4.7236	0.000359562
4.72384	-0.00851764
4.72409	-0.0147719
4.72433	-0.0139668
4.72458	-0.0112533
4.72482	-0.0105214
4.72507	-0.0103287
4.72531	-0.00824027
4.72555	-0.00460724
4.7258	-0.00319298
4.72604	-0.00788689
4.72629	-0.0161416
4.72653	-0.0190396
4.72678	-0.0131362
4.72702	-0.00715185
4.72727	-0.0091263
4.72751	-0.0131093
4.72776	-0.00956614
4.728	-0.00278194
4.72825	-0.00368872
4.72849	-0.00993542
4.72873	-0.00963424
4.72898	-0.00283246
4.72922	-0.00151229
4.72947	-0.00770148
4.72971	-0.00947297
4.72996	-0.00194091
4.7302	0.00460723
4.73045	0.00264593
4.73069	-0.00151732
4.73094	-0.00052012
4.73118	0.00317974
4.73143	0.00481649
4.73167	0.0044278
4.73191	0.00212861
4.73216	-0.00314123
4.7324	-0.00746304
4.73265	-0.00555193
4.73289	-0.00173391
4.73314	-0.00493923
4.73338	-0.0123563
4.73363	-0.012596
4.73387	-0.00572217
4.73412	-0.003295
4.73436	-0.00656256
4.73461	-0.00395607
4.73485	0.00496878
4.73509	0.00413479
4.73534	-0.0111522
4.73558	-0.0211837
4.73583	-0.0108871
4.73607	0.00489091
4.73632	0.00254799
4.73656	-0.0154273
4.73681	-0.0251098
4.73705	-0.0148042
4.7373	0.00257233
4.73754	0.00988298
4.73778	0.00563242
4.73803	0.000687173
4.73827	0.00258304
4.73852	0.007286
4.73876	0.0058427
4.73901	-0.00262958
4.73925	-0.00887525
4.7395	-0.00717293
4.73974	-0.00469117
4.73999	-0.00979798
4.74023	-0.0174033
4.74048	-0.0171132
4.74072	-0.0107901
4.74096	-0.00828998
4.74121	-0.0095983
4.74145	-0.00690124
4.7417	-0.00178274
4.74194	-0.00275737
4.74219	-0.00654228
4.74243	-0.00101559
4.74268	0.0117216
4.74292	0.0152846
4.74317	0.00579778
4.74341	-0.00129824
4.74366	0.00278106
4.7439	0.00697095
4.74414	0.00125734
4.74439	-0.00744528
4.74463	-0.00972101
4.74488	-0.00767086
4.74512	-0.00533812
4.74537	-0.00046552
4.74561	0.0054882
4.74586	0.00424181
4.7461	-0.00405958
4.74635	-0.00767295
4.74659	-0.00288665
4.74684	-0.000442777
4.74708	-0.00475478
4.74732	-0.00520441
4.74757	0.00234118
4.74781	0.00493669
4.74806	-0.00424927
4.7483	-0.0113125
4.74855	-0.0047707
4.74879	0.00456704
4.74904	0.00307562
4.74928	-0.00297787
4.74953	-0.00185212
4.74977	0.00155425
4.75001	-0.00298769
4.75026	-0.0102382
4.7505	-0.0091934
4.75075	-0.00340782
4.75099	-0.00346982
4.75124	-0.00809744
4.75148	-0.0095266
4.75173	-0.00888465
4.75197	-0.0100134
4.75222	-0.00740922
4.75246	0.00312677
4.75271	0.0113848
4.75295	0.0074962
4.75319	0.000174352
4.75344	0.00210669
4.75368	0.00704204
4.75393	0.00201535
4.75417	-0.0063856
4.75442	-0.00149666
4.75466	0.0129112
4.75491	0.0161847
4.75515	0.00387778
4.7554	-0.00638768
4.75564	-0.00443979
4.75589	-0.000657445
4.75613	-0.00418927
4.75637	-0.00822885
4.75662	-0.00528158
4.75686	-0.000233645
4.75711	0.00140345
4.75735	0.00435726
4.7576	0.0121952
4.75784	0.0163218
4.75809	0.00802321
4.75833	-0.00595601
4.75858	-0.0113887
4.75882	-0.00625466
4.75907	-0.00192062
4.75931	-0.00545253
4.75955	-0.0103138
4.7598	-0.00767927
4.76004	5.33277e-05
4.76029	0.00317972
4.76053	-0.0011281
4.76078	-0.00601491
4.76102	-0.00646393
4.76127	-0.00542242
4.76151	-0.00497913
4.76176	-0.000184172
4.762	0.0107409
4.76224	0.0176177
4.76249	0.0108188
4.76273	-0.0025164
4.76298	-0.00746733
4.76322	-0.00332263
4.76347	-0.00256372
4.76371	-0.00934989
4.76396	-0.0143584
4.7642	-0.012061
4.76445	-0.00793969
4.76469	-0.00609292
4.76494	-0.00434968
4.76518	-0.0043105
4.76542	-0.0109509
4.76567	-0.0193061
4.76591	-0.0179294
4.76616	-0.00906863
4.7664	-0.007471
4.76665	-0.0146597
4.76689	-0.0146474
4.76714	-0.00239044
4.76738	0.0053603
4.76763	-0.00135027
4.76787	-0.00797529
4.76812	-0.00121804
4.76836	0.00776439
4.7686	0.00433701
4.76885	-0.00300467
4.76909	0.00166364
4.76934	0.0126721
4.76958	0.0117624
4.76983	-0.00226689
4.77007	-0.0134896
4.77032	-0.0133896
4.77056	-0.00788848
4.77081	-0.0035181
4.77105	-0.00128236
4.7713	-0.00123004
4.77154	-0.00180537
4.77178	0.000871498
4.77203	0.00462156
4.77227	0.000198185
4.77252	-0.0128684
4.77276	-0.0206703
4.77301	-0.015357
4.77325	-0.0081993
4.7735	-0.010137
4.77374	-0.0136525
4.77399	-0.00887202
4.77423	-0.00295447
4.77447	-0.00541714
4.77472	-0.00794435
4.77496	0.000276512
4.77521	0.00903
4.77545	0.00201481
4.7757	-0.0137454
4.77594	-0.0176357
4.77619	-0.00858533
4.77643	-0.00409073
4.77668	-0.00926852
4.77692	-0.0109781
4.77717	-0.00315766
4.77741	0.0040932
4.77765	0.00355429
4.7779	0.000257843
4.77814	-0.00128774
4.77839	-0.00305578
4.77863	-0.00427103
4.77888	-0.000819954
4.77912	0.00450608
4.77937	0.0045234
4.77961	0.000733387
4.77986	0.000834628
4.7801	0.0039059
4.78035	0.00190474
4.78059	-0.00453847
4.78083	-0.00581975
4.78108	0.000665038
4.78132	0.00701891
4.78157	0.00777399
4.78181	0.00503567
4.78206	0.00125853
4.7823	-0.0027125
4.78255	-0.00429715
4.78279	-0.00357261
4.78304	-0.00665856
4.78328	-0.014517
4.78353	-0.0155594
4.78377	-0.00264563
4.78401	0.0106029
4.78426	0.00719913
4.7845	-0.00637071
4.78475	-0.0098727
4.78499	-0.00102621
4.78524	0.00344174
4.78548	-0.00350184
4.78573	-0.0107127
4.78597	-0.0101248
4.78622	-0.00655898
4.78646	-0.00368528
4.7867	0.00135176
4.78695	0.00591812
4.78719	0.00174629
4.78744	-0.00943769
4.78768	-0.0159729
4.78793	-0.0147655
4.78817	-0.0138834
4.78842	-0.0145936
4.78866	-0.00854519
4.78891	0.00336859
4.78915	0.00770023
4.7894	0.000448964
4.78964	-0.00480242
4.78988	0.000901237
4.79013	0.00707373
4.79037	0.00140646
4.79062	-0.0104754
4.79086	-0.0140178
4.79111	-0.00592921
4.79135	0.00424596
4.7916	0.00728282
4.79184	0.00242102
4.79209	-0.00364064
4.79233	-0.00269445
4.79258	0.00604982
4.79282	0.0132222
4.79306	0.0111305
4.79331	0.00545819
4.79355	0.00633537
4.7938	0.011348
4.79404	0.00974741
4.79429	0.00141107
4.79453	-0.002892
4.79478	-0.000232315
4.79502	0.000678982
4.79527	-0.00343187
4.79551	-0.00475416
4.79576	-8.90627e-05
4.796	0.00214332
4.79624	-0.00332439
4.79649	-0.00925919
4.79673	-0.00800704
4.79698	-0.00240281
4.79722	0.00156301
4.79747	0.00350133
4.79771	0.00421135
4.79796	0.00117412
4.7982	-0.00560358
4.79845	-0.010112
4.79869	-0.00762592
4.79893	-0.000574506
4.79918	0.00499088
4.79942	0.00407605
4.79967	-0.00498239
4.79991	-0.0162534
4.80016	-0.0173018
4.8004	-0.00398011
4.80065	0.00941257
4.80089	0.00695483
4.80114	-0.00525008
4.80138	-0.00754733
4.80163	0.00285032
4.80187	0.00824044
4.80211	-0.000662838
4.80236	-0.0113143
4.8026	-0.0111101
4.80285	-0.00487452
4.80309	-0.00155681
4.80334	0.000782513
4.80358	0.00557552
4.80383	0.00662282
4.80407	-0.00103505
4.80432	-0.00904559
4.80456	-0.00671127
4.80481	0.00329639
4.80505	0.0108432
4.80529	0.0132449
4.80554	0.0138986
4.80578	0.0118214
4.80603	0.00377991
4.80627	-0.00603717
4.80652	-0.00855652
4.80676	-0.00200633
4.80701	0.00534633
4.80725	0.00539684
4.8075	-0.000938179
4.80774	-0.0057618
4.80799	-0.00355358
4.80823	0.00184676
4.80847	0.00128309
4.80872	-0.00694667
4.80896	-0.0125003
4.80921	-0.00657421
4.80945	0.00445003
4.8097	0.00780948
4.80994	0.00329938
4.81019	0.00143977
4.81043	0.00403887
4.81068	0.00107984
4.81092	-0.010055
4.81116	-0.0167313
4.81141	-0.00940768
4.81165	0.00385109
4.8119	0.00969751
4.81214	0.00708586
4.81239	0.00375911
4.81263	0.00265684
4.81288	0.00106626
4.81312	-0.00177526
4.81337	-0.00445752
4.81361	-0.00717921
4.81386	-0.00923128
4.8141	-0.00663084
4.81434	0.00138475
4.81459	0.00742858
4.81483	0.00454079
4.81508	-0.00306568
4.81532	-0.00489567
4.81557	0.0015372
4.81581	0.00807823
4.81606	0.00775761
4.8163	0.00303695
4.81655	2.94086e-05
4.81679	-0.00069966
4.81704	-0.00312209
4.81728	-0.00723558
4.81752	-0.0070145
4.81777	0.000795887
4.81801	0.00967075
4.81826	0.0100613
4.8185	0.00168612
4.81875	-0.00658602
4.81899	-0.00890169
4.81924	-0.0078765
4.81948	-0.00710311
4.81973	-0.00595033
4.81997	-0.00429717
4.82022	-0.00425724
4.82046	-0.00371851
4.8207	0.00276578
4.82095	0.012064
4.82119	0.0121004
4.82144	0.000403005
4.82168	-0.00839249
4.82193	-0.00370505
4.82217	0.00350671
4.82242	-0.00202358
4.82266	-0.01457
4.82291	-0.0159358
4.82315	-0.00343354
4.8234	0.00796952
4.82364	0.00894905
4.82388	0.00471512
4.82413	0.00110338
4.82437	-0.00259137
4.82462	-0.00544463
4.82486	-0.00337539
4.82511	0.00193655
4.82535	0.00396214
4.8256	0.00216616
4.82584	0.0014992
4.82609	0.00194779
4.82633	-9.43175e-05
4.82657	-0.00188509
4.82682	0.00132568
4.82706	0.00401488
4.82731	-0.00274845
4.82755	-0.013179
4.8278	-0.0121249
4.82804	0.000373765
4.82829	0.00708445
4.82853	-0.000383441
4.82878	-0.0103935
4.82902	-0.011555
4.82927	-0.0081119
4.82951	-0.00769081
4.82975	-0.00835709
4.83	-0.00685436
4.83024	-0.00724599
4.83049	-0.0117149
4.83073	-0.0131175
4.83098	-0.00632815
4.83122	0.0013467
4.83147	0.000272579
4.83171	-0.00730527
4.83196	-0.0110843
4.8322	-0.00620439
4.83245	0.00293877
4.83269	0.00865805
4.83293	0.00632698
4.83318	-0.00133194
4.83342	-0.00518852
4.83367	-0.00014737
4.83391	0.00608637
4.83416	0.00234018
4.8344	-0.00892175
4.83465	-0.0139971
4.83489	-0.00782336
4.83514	-0.000131147
4.83538	0.000393394
4.83563	-0.00332775
4.83587	-0.00554698
4.83611	-0.00625273
4.83636	-0.00657157
4.8366	-0.00535143
4.83685	-0.00469888
4.83709	-0.00978437
4.83734	-0.018842
4.83758	-0.0221427
4.83783	-0.0153422
4.83807	-0.00590604
4.83832	-0.00226321
4.83856	-0.00401488
4.8388	-0.00638493
4.83905	-0.00747985
4.83929	-0.00804665
4.83954	-0.00959997
4.83978	-0.0137506
4.84003	-0.0182799
4.84027	-0.0162689
4.84052	-0.00634378
4.84076	0.00083936
4.84101	-0.00329504
4.84125	-0.0101089
4.8415	-0.00662259
4.84174	0.00182232
4.84198	-0.000154743
4.84223	-0.0102756
4.84247	-0.0109223
4.84272	1.93399e-05
4.84296	0.00412767
4.84321	-0.00622837
4.84345	-0.014736
4.8437	-0.00900174
4.84394	-1.30032e-05
4.84419	-0.000921915
4.84443	-0.00571712
4.84468	-0.00443003
4.84492	-0.00302305
4.84516	-0.010639
4.84541	-0.0197419
4.84565	-0.016809
4.8459	-0.00411278
4.84614	0.00514118
4.84639	0.00667655
4.84663	0.00590149
4.84688	0.00455112
4.84712	-2.22362e-05
4.84737	-0.00608687
4.84761	-0.00912254
4.84786	-0.00894585
4.8481	-0.00707039
4.84834	-0.00186435
4.84859	0.00620077
4.84883	0.010533
4.84908	0.0072857
4.84932	0.00196747
4.84957	0.000176488
4.84981	-0.00108889
4.85006	-0.00561662
4.8503	-0.00942092
4.85055	-0.00804902
4.85079	-0.00491015
4.85103	-0.00433698
4.85128	-0.00381297
4.85152	-0.000837594
4.85177	0.000481017
4.85201	-0.00239972
4.85226	-0.00409858
4.8525	-0.00130076
4.85275	-0.000155846
4.85299	-0.00486502
4.85324	-0.00831404
4.85348	-0.00410884
4.85373	0.00131376
4.85397	-0.000240719
4.85421	-0.00432924
4.85446	-0.00271955
4.8547	0.0013789
4.85495	0.000223781
4.85519	-0.00309566
4.85544	-0.000323922
4.85568	0.00577137
4.85593	0.0051348
4.85617	-0.00242985
4.85642	-0.00730992
4.85666	-0.00605081
4.85691	-0.00493897
4.85715	-0.00760669
4.85739	-0.00999523
4.85764	-0.00870682
4.85788	-0.0053904
4.85813	-0.00175349
4.85837	0.00242247
4.85862	0.00564628
4.85886	0.00536831
4.85911	0.00260162
4.85935	0.000925375
4.8596	0.00123384
4.85984	0.00148768
4.86009	0.000509319
4.86033	-0.00135277
4.86057	-0.00351083
4.86082	-0.00458105
4.86106	-0.00337031
4.86131	-0.00208343
4.86155	-0.00431535
4.8618	-0.00838591
4.86204	-0.00842071
4.86229	-0.00381989
4.86253	-0.000818058
4.86278	-0.00235979
4.86302	-0.00407972
4.86326	-0.00290544
4.86351	-0.00137893
4.86375	-0.000689458
4.864	0.00160507
4.86424	0.0043175
4.86449	0.00312376
4.86473	0.000535517
4.86498	0.00333075
4.86522	0.00765788
4.86547	0.00167354
4.86571	-0.0125337
4.86596	-0.0170154
4.8662	-0.00556078
4.86644	0.00510469
4.86669	0.00242128
4.86693	-0.00265544
4.86718	0.00213256
4.86742	0.00741879
4.86767	0.000432261
4.86791	-0.00989899
4.86816	-0.00800853
4.8684	0.000802612
4.86865	0.00113519
4.86889	-0.00435613
4.86914	-0.00208782
4.86938	0.00466248
4.86962	0.000984362
4.86987	-0.0105758
4.87011	-0.0121935
4.87036	-0.00169789
4.8706	0.00374206
4.87085	-0.00282445
4.87109	-0.00886348
4.87134	-0.00724194
4.87158	-0.00729703
4.87183	-0.013715
4.87207	-0.0158018
4.87232	-0.00773331
4.87256	-0.000747047
4.8728	-0.00373047
4.87305	-0.00793389
4.87329	-0.00353364
4.87354	0.00257638
4.87378	-0.00062554
4.87403	-0.00854483
4.87427	-0.00814752
4.87452	0.00165758
4.87476	0.00961743
4.87501	0.00887962
4.87525	0.00382584
4.87549	0.00140384
4.87574	0.00302215
4.87598	0.00494743
4.87623	0.00273395
4.87647	-0.00400082
4.87672	-0.00980942
4.87696	-0.00901374
4.87721	-0.0035305
4.87745	-0.000878822
4.8777	-0.00400874
4.87794	-0.00837166
4.87819	-0.00975766
4.87843	-0.00899149
4.87867	-0.00749909
4.87892	-0.00442498
4.87916	-0.000435715
4.87941	0.000918633
4.87965	-0.00203505
4.8799	-0.00691809
4.88014	-0.0107085
4.88039	-0.0115367
4.88063	-0.00814617
4.88088	-0.00279218
4.88112	-0.00274463
4.88137	-0.0116414
4.88161	-0.0208618
4.88185	-0.0185328
4.8821	-0.00687967
4.88234	-0.000228564
4.88259	-0.00405511
4.88283	-0.0073118
4.88308	-0.000583934
4.88332	0.00847729
4.88357	0.00635918
4.88381	-0.00618214
4.88406	-0.0147901
4.8843	-0.010465
4.88455	-3.34005e-05
4.88479	0.00388354
4.88503	-0.00142614
4.88528	-0.00685771
4.88552	-0.00470282
4.88577	0.000599543
4.88601	-0.000419249
4.88626	-0.00637559
4.8865	-0.00509871
4.88675	0.00739505
4.88699	0.0178055
4.88724	0.0133831
4.88748	0.000590293
4.88772	-0.00532667
4.88797	-0.00314009
4.88821	-0.00392046
4.88846	-0.00985796
4.8887	-0.0110088
4.88895	-0.00431399
4.88919	9.58765e-06
4.88944	-0.00399111
4.88968	-0.00806419
4.88993	-0.0046925
4.89017	-6.00512e-05
4.89042	-0.0026745
4.89066	-0.00803909
4.8909	-0.00543668
4.89115	0.00496441
4.89139	0.0115327
4.89164	0.00606538
4.89188	-0.00748678
4.89213	-0.0185109
4.89237	-0.0196813
4.89262	-0.0123394
4.89286	-0.00476919
4.89311	-0.00420193
4.89335	-0.00954999
4.8936	-0.0136278
4.89384	-0.0118795
4.89408	-0.00554848
4.89433	0.00244664
4.89457	0.00956343
4.89482	0.0121886
4.89506	0.00817129
4.89531	0.00104743
4.89555	-0.00358151
4.8958	-0.00512319
4.89604	-0.00580166
4.89629	-0.00398227
4.89653	0.0020358
4.89678	0.00617638
4.89702	0.00161097
4.89726	-0.00561828
4.89751	-0.00307602
4.89775	0.00738726
4.898	0.0103031
4.89824	0.00103287
4.89849	-0.00660747
4.89873	-0.00345657
4.89898	0.000776815
4.89922	-0.00371614
4.89947	-0.0095956
4.89971	-0.00723674
4.89996	-0.0031577
4.9002	-0.00762449
4.90044	-0.0150089
4.90069	-0.0141271
4.90093	-0.00921048
4.90118	-0.011407
4.90142	-0.0162106
4.90167	-0.0104981
4.90191	0.00162948
4.90216	0.00271441
4.9024	-0.00827646
4.90265	-0.0132146
4.90289	-0.00591625
4.90313	-0.00244485
4.90338	-0.0113915
4.90362	-0.0164573
4.90387	-0.00358261
4.90411	0.0133374
4.90436	0.0128413
4.9046	-0.00135359
4.90485	-0.00855293
4.90509	-0.00329175
4.90534	0.00182001
4.90558	0.000907798
4.90583	0.00103204
4.90607	0.00363967
4.90631	0.000551199
4.90656	-0.00719779
4.9068	-0.00536837
4.90705	0.0103145
4.90729	0.0226714
4.90754	0.0157069
4.90778	-0.00293604
4.90803	-0.0135569
4.90827	-0.00958864
4.90852	-4.87902e-05
4.90876	0.00598389
4.90901	0.00586642
4.90925	-0.000171224
4.90949	-0.00777077
4.90974	-0.00780125
4.90998	0.00208824
4.91023	0.00948942
4.91047	0.00277828
4.91072	-0.0092937
4.91096	-0.00814051
4.91121	0.00621901
4.91145	0.014099
4.9117	0.00591541
4.91194	-0.00450897
4.91219	-0.00355817
4.91243	0.00185438
4.91267	-0.000237652
4.91292	-0.00457594
4.91316	0.00141236
4.91341	0.0131957
4.91365	0.0132451
4.9139	-0.00124997
4.91414	-0.0116549
4.91439	-0.00371297
4.91463	0.012582
4.91488	0.0170183
4.91512	0.00546265
4.91536	-0.00699153
4.91561	-0.00678449
4.91585	0.00228846
4.9161	0.0065884
4.91634	0.00128279
4.91659	-0.00457699
4.91683	-0.00247273
4.91708	0.0025707
4.91732	1.47866e-05
4.91757	-0.00880875
4.91781	-0.0117306
4.91806	-0.00485809
4.9183	0.00117131
4.91854	-0.00103718
4.91879	-0.0036101
4.91903	0.00158676
4.91928	0.0066725
4.91952	0.000149783
4.91977	-0.0117706
4.92001	-0.0126288
4.92026	-0.00150586
4.9205	0.00580717
4.92075	0.002359
4.92099	-0.000509096
4.92124	0.00551518
4.92148	0.0109757
4.92172	0.00492295
4.92197	-0.00640538
4.92221	-0.00937719
4.92246	-0.00350715
4.9227	0.000316231
4.92295	-0.00223653
4.92319	-0.00498684
4.92344	-0.00433074
4.92368	-0.0050403
4.92393	-0.010081
4.92417	-0.0130136
4.92442	-0.00631549
4.92466	0.00653203
4.9249	0.0134372
4.92515	0.008735
4.92539	0.00101704
4.92564	0.0019298
4.92588	0.00984487
4.92613	0.0119513
4.92637	0.00356807
4.92662	-0.00415722
4.92686	-0.00186467
4.92711	0.0024186
4.92735	-0.00308382
4.92759	-0.0122726
4.92784	-0.00997975
4.92808	0.000668989
4.92833	0.000304008
4.92857	-0.0139563
4.92882	-0.0196826
4.92906	-0.00389576
4.92931	0.0131427
4.92955	0.00645138
4.9298	-0.0159317
4.93004	-0.0251515
4.93029	-0.0130545
4.93053	0.0011167
4.93077	0.00275457
4.93102	-0.00168726
4.93126	-0.00282295
4.93151	-0.00264824
4.93175	-0.00388681
4.932	-0.00170371
4.93224	0.0049099
4.93249	0.00669105
4.93273	-0.00124968
4.93298	-0.00905248
4.93322	-0.00641839
4.93347	0.00145549
4.93371	0.00280635
4.93395	-0.00243428
4.9342	-0.00418941
4.93444	0.00158769
4.93469	0.00799024
4.93493	0.00727794
4.93518	-0.000790319
4.93542	-0.00971559
4.93567	-0.0113091
4.93591	-0.00311753
4.93616	0.00584447
4.9364	0.00240963
4.93665	-0.0129525
4.93689	-0.0230165
4.93713	-0.0159335
4.93738	-0.0028265
4.93762	-0.00234322
4.93787	-0.013664
4.93811	-0.0189732
4.93836	-0.0104427
4.9386	0.000590419
4.93885	0.00309778
4.93909	0.000256024
4.93934	-0.00135075
4.93958	-0.00335169
4.93982	-0.00830361
4.94007	-0.0111723
4.94031	-0.00781857
4.94056	-0.00449905
4.9408	-0.00881802
4.94105	-0.0162983
4.94129	-0.0159025
4.94154	-0.00582119
4.94178	0.00531414
4.94203	0.0107239
4.94227	0.0102153
4.94252	0.00438858
4.94276	-0.00622638
4.943	-0.0156771
4.94325	-0.0152379
4.94349	-0.0043489
4.94374	0.00739278
4.94398	0.0112747
4.94423	0.00714094
4.94447	-0.000817123
4.94472	-0.00915602
4.94496	-0.0138455
4.94521	-0.0106896
4.94545	-0.00111391
4.9457	0.0072963
4.94594	0.00931351
4.94618	0.00667878
4.94643	0.00198719
4.94667	-0.00567283
4.94692	-0.0148484
4.94716	-0.0181507
4.94741	-0.011296
4.94765	-0.0012948
4.9479	0.00156787
4.94814	-0.0030497
4.94839	-0.00736358
4.94863	-0.00791928
4.94888	-0.00806792
4.94912	-0.00897526
4.94936	-0.00701619
4.94961	-0.00185058
4.94985	0.000768228
4.9501	-0.00220326
4.95034	-0.00574794
4.95059	-0.00473257
4.95083	-0.00221265
4.95108	-0.0041851
4.95132	-0.00911244
4.95157	-0.00924874
4.95181	-0.00233902
4.95205	0.00395832
4.9523	0.00235058
4.95254	-0.00328669
4.95279	-0.0028229
4.95303	0.00482791
4.95328	0.00819218
4.95352	-0.000316954
4.95377	-0.0102032
4.95401	-0.00529805
4.95426	0.0107711
4.9545	0.0150473
4.95475	-0.00293655
4.95499	-0.0229642
4.95523	-0.0204297
4.95548	-0.00132409
4.95572	0.00683521
4.95597	-0.00473969
4.95621	-0.0155842
4.95646	-0.00918625
4.9567	0.00356382
4.95695	0.00471833
4.95719	-0.00322439
4.95744	-0.00541146
4.95768	0.000387546
4.95793	0.00348981
4.95817	-0.000277756
4.95841	-0.00418611
4.95866	-0.00377407
4.9589	-0.00144807
4.95915	0.00131171
4.95939	0.00494804
4.95964	0.00578608
4.95988	2.14257e-05
4.96013	-0.00692905
4.96037	-0.00638172
4.96062	-0.00121573
4.96086	-0.00249119
4.96111	-0.0108173
4.96135	-0.0145213
4.96159	-0.00897963
4.96184	-0.00392269
4.96208	-0.00631538
4.96233	-0.00914926
4.96257	-0.00479252
4.96282	0.00193629
4.96306	0.00299085
4.96331	-3.74646e-05
4.96355	-0.00139
4.9638	-0.00149475
4.96404	-0.00299714
4.96428	-0.003861
4.96453	-0.00299963
4.96477	-0.00506422
4.96502	-0.010569
4.96526	-0.00998358
4.96551	0.00101248
4.96575	0.00900449
4.966	0.000123942
4.96624	-0.0165231
4.96649	-0.0196621
4.96673	-0.00710622
4.96698	0.00201434
4.96722	-0.00276819
4.96746	-0.00951238
4.96771	-0.00584058
4.96795	0.00194336
4.9682	0.00176467
4.96844	-0.00448329
4.96869	-0.00609924
4.96893	-0.000975919
4.96918	0.00349302
4.96942	0.00298616
4.96967	0.000329003
4.96991	-0.00102361
4.97016	-0.000457189
4.9704	0.00144706
4.97064	0.00270611
4.97089	0.000119669
4.97113	-0.00578947
4.97138	-0.0089206
4.97162	-0.0056105
4.97187	-0.00113358
4.97211	-0.00227866
4.97236	-0.00656322
4.9726	-0.0062611
4.97285	-0.00137273
4.97309	6.37571e-05
4.97334	-0.00474149
4.97358	-0.00838486
4.97382	-0.00489941
4.97407	0.00114494
4.97431	0.00251551
4.97456	0.000317274
4.9748	-8.26683e-05
4.97505	-8.81925e-05
4.97529	-0.00549966
4.97554	-0.013714
4.97578	-0.0135847
4.97603	-0.00207419
4.97627	0.00789398
4.97652	0.00395152
4.97676	-0.00740576
4.977	-0.00924702
4.97725	0.00164316
4.97749	0.0106626
4.97774	0.00693245
4.97798	-0.0024237
4.97823	-0.00488211
4.97847	0.000165555
4.97872	0.00480721
4.97896	0.00614473
4.97921	0.0064169
4.97945	0.00392316
4.97969	-0.00499152
4.97994	-0.015556
4.98018	-0.0167383
4.98043	-0.00634766
4.98067	0.00431164
4.98092	0.00474347
4.98116	-0.00217349
4.98141	-0.00644186
4.98165	-0.00465339
4.9819	-0.00144486
4.98214	0.000200386
4.98239	0.0032327
4.98263	0.00945346
4.98287	0.0131343
4.98312	0.00701829
4.98336	-0.00585017
4.98361	-0.0121196
4.98385	-0.00388859
4.9841	0.00949323
4.98434	0.0117978
4.98459	0.000482873
4.98483	-0.0109016
4.98508	-0.0114162
4.98532	-0.00507098
4.98557	-0.00137938
4.98581	-0.00237717
4.98605	-0.00477196
4.9863	-0.00760326
4.98654	-0.0105327
4.98679	-0.0101201
4.98703	-0.00502681
4.98728	-0.000540239
4.98752	-0.00143738
4.98777	-0.00486229
4.98801	-0.00624435
4.98826	-0.00684863
4.9885	-0.00895179
4.98875	-0.00962933
4.98899	-0.00663628
4.98923	-0.00400366
4.98948	-0.00399369
4.98972	-0.000934779
4.98997	0.00778641
4.99021	0.0129061
4.99046	0.00674289
4.9907	-0.00267094
4.99095	-0.00413235
4.99119	-0.00200145
4.99144	-0.00688618
4.99168	-0.0145182
4.99192	-0.0119765
4.99217	-0.000722306
4.99241	0.00516315
4.99266	0.00148897
4.9929	-0.00336146
4.99315	-0.00610411
4.99339	-0.0101339
4.99364	-0.0113907
4.99388	-0.00293419
4.99413	0.00741236
4.99437	0.0057607
4.99462	-0.00213908
4.99486	0.00193319
4.9951	0.0150065
4.99535	0.0143212
4.99559	-0.00291513
4.99584	-0.0114977
4.99608	-0.00029291
4.99633	0.00811515
4.99657	-0.00404014
4.99682	-0.0200233
4.99706	-0.0185272
4.99731	-0.00826658
4.99755	-0.00798209
4.9978	-0.0125886
4.99804	-0.0064015
4.99828	0.00553925
4.99853	0.00666523
4.99877	-0.00168847
4.99902	-0.00567811
4.99926	-0.00510132
4.99951	-0.00975699
4.99975	-0.0164117
5.0	-0.0129154
5.00024	-0.00102485
5.00049	0.00585027
5.00073	0.004121
5.00098	0.000750361
5.00122	-0.00266385
5.00146	-0.00865281
5.00171	-0.0121746
5.00195	-0.00772178
5.0022	-0.00211797
5.00244	-0.00342165
5.00269	-0.0050591
5.00293	0.00111452
5.00318	0.00600778
5.00342	-0.00165177
5.00367	-0.0116942
5.00391	-0.00782029
5.00415	0.00263798
5.0044	0.000737918
5.00464	-0.00983529
5.00489	-0.00964964
5.00513	0.000313219
5.00538	0.000473194
5.00562	-0.0108215
5.00587	-0.0143855
5.00611	-0.00562235
5.00636	-0.00119274
5.0066	-0.00577789
5.00685	-0.00393847
5.00709	0.00740664
5.00733	0.00972772
5.00758	-0.0032958
5.00782	-0.0126752
5.00807	-0.00754347
5.00831	-0.00272892
5.00856	-0.00817349
5.0088	-0.00941018
5.00905	0.00317838
5.00929	0.012471
5.00954	0.00358434
5.00978	-0.00885731
5.01003	-0.00603619
5.01027	0.00278865
5.01051	-0.00137293
5.01076	-0.0131585
5.011	-0.0133382
5.01125	-0.0016447
5.01149	0.00582112
5.01174	0.00386053
5.01198	0.000413463
5.01223	-0.00211814
5.01247	-0.00730066
5.01272	-0.0114537
5.01296	-0.00848508
5.01321	-0.00353411
5.01345	-0.0054367
5.01369	-0.0105775
5.01394	-0.00968067
5.01418	-0.00487595
5.01443	-0.00436629
5.01467	-0.00608558
5.01492	-0.00281025
5.01516	0.00195656
5.01541	-0.000292126
5.01565	-0.00621249
5.0159	-0.00600075
5.01614	-0.00157673
5.01638	-0.00265745
5.01663	-0.00776297
5.01687	-0.00622645
5.01712	0.0020755
5.01736	0.00538452
5.01761	-0.0009357
5.01785	-0.00839346
5.0181	-0.00950918
5.01834	-0.00568219
5.01859	-0.000430989
5.01883	0.00422899
5.01908	0.00482995
5.01932	-0.000278836
5.01956	-0.00607374
5.01981	-0.00787961
5.02005	-0.00906657
5.0203	-0.012389
5.02054	-0.0108602
5.02079	-0.000118983
5.02103	0.00797479
5.02128	0.000942171
5.02152	-0.0113098
5.02177	-0.00884377
5.02201	0.00661134
5.02226	0.0143944
5.0225	0.00897295
5.02274	0.00707381
5.02299	0.0158262
5.02323	0.0181656
5.02348	0.00191605
5.02372	-0.0167313
5.02397	-0.0153739
5.02421	0.00240494
5.02446	0.0140971
5.0247	0.00971676
5.02495	0.000243328
5.02519	-0.00238803
5.02544	2.32346e-05
5.02568	-0.000861634
5.02592	-0.00673604
5.02617	-0.010843
5.02641	-0.00715665
5.02666	0.000980394
5.0269	0.00358829
5.02715	-0.00318498
5.02739	-0.0108415
5.02764	-0.00991136
5.02788	-0.00356243
5.02813	-0.00198261
5.02837	-0.00611915
5.02861	-0.00728219
5.02886	-0.00227693
5.0291	0.00211988
5.02935	0.00128091
5.02959	-0.0011769
5.02984	-0.0020856
5.03008	-0.00387719
5.03033	-0.00790929
5.03057	-0.011287
5.03082	-0.0129207
5.03106	-0.0142899
5.03131	-0.0127634
5.03155	-0.00411648
5.03179	0.00667685
5.03204	0.00862349
5.03228	0.00140939
5.03253	-0.0033204
5.03277	-0.000984632
5.03302	-0.000784212
5.03326	-0.00786027
5.03351	-0.0132355
5.03375	-0.0100774
5.034	-0.00620669
5.03424	-0.00945321
5.03449	-0.0129593
5.03473	-0.00782092
5.03497	0.000359358
5.03522	0.00134194
5.03546	-0.00261748
5.03571	-0.00400275
5.03595	-0.00571415
5.0362	-0.0131828
5.03644	-0.0180975
5.03669	-0.00874475
5.03693	0.00733965
5.03718	0.010719
5.03742	-0.000337404
5.03767	-0.00705345
5.03791	0.000252959
5.03815	0.0086349
5.0384	0.00507825
5.03864	-0.00425518
5.03889	-0.00694299
5.03913	-0.0029674
5.03938	0.000574288
5.03962	0.0032114
5.03987	0.00804359
5.04011	0.0119113
5.04036	0.00939651
5.0406	0.00243459
5.04084	-0.00259719
5.04109	-0.0038252
5.04133	-0.00289766
5.04158	0.000603311
5.04182	0.00643622
5.04207	0.00941782
5.04231	0.00555541
5.04256	-0.000772777
5.0428	-0.00315011
5.04305	-0.0033511
5.04329	-0.00715926
5.04354	-0.0128043
5.04378	-0.0128943
5.04402	-0.00679679
5.04427	-0.00166415
5.04451	-0.000673839
5.04476	0.000335695
5.045	0.00266903
5.04525	0.000967612
5.04549	-0.00595509
5.04574	-0.009206
5.04598	-0.00186141
5.04623	0.00903801
5.04647	0.0108097
5.04672	0.00232055
5.04696	-0.00537791
5.0472	-0.00484166
5.04745	-0.00061218
5.04769	9.86052e-05
5.04794	-0.00185685
5.04818	-0.000863023
5.04843	0.00361773
5.04867	0.00643685
5.04892	0.00493253
5.04916	0.00216654
5.04941	0.00081812
5.04965	-0.00124732
5.0499	-0.00600612
5.05014	-0.00949139
5.05038	-0.00612803
5.05063	0.00246549
5.05087	0.00858087
5.05112	0.00869111
5.05136	0.00687304
5.05161	0.00627804
5.05185	0.00370134
5.0521	-0.00307109
5.05234	-0.00851945
5.05259	-0.00686953
5.05283	-0.00217719
5.05307	-0.00253958
5.05332	-0.00645836
5.05356	-0.00467882
5.05381	0.00384395
5.05405	0.00802338
5.0543	0.000710798
5.05454	-0.00970895
5.05479	-0.00990127
5.05503	0.00182047
5.05528	0.0154885
5.05552	0.0219846
5.05577	0.0199343
5.05601	0.0132586
5.05625	0.00717964
5.0565	0.00474699
5.05674	0.00374786
5.05699	-0.00036098
5.05723	-0.00623116
5.05748	-0.00657423
5.05772	0.000127398
5.05797	0.00491105
5.05821	0.00158826
5.05846	-0.00266325
5.0587	0.000809455
5.05895	0.00639903
5.05919	0.00300214
5.05943	-0.00575431
5.05968	-0.0053708
5.05992	0.00561096
5.06017	0.0116409
5.06041	0.00414401
5.06066	-0.00556409
5.0609	-0.00486014
5.06115	0.00174614
5.06139	0.00275613
5.06164	-0.0023962
5.06188	-0.00714154
5.06213	-0.0112313
5.06237	-0.0176499
5.06261	-0.0217356
5.06286	-0.0165624
5.0631	-0.00615087
5.06335	-0.000834599
5.06359	-0.00116398
5.06384	0.0011005
5.06408	0.0066941
5.06433	0.00727341
5.06457	0.0020665
5.06482	0.00183187
5.06506	0.0102881
5.06531	0.0144276
5.06555	0.00314815
5.06579	-0.0138741
5.06604	-0.0180531
5.06628	-0.00752109
5.06653	0.00178633
5.06677	-0.00024199
5.06702	-0.00554058
5.06726	-0.00301512
5.06751	0.00391508
5.06775	0.00323321
5.068	-0.00671053
5.06824	-0.0137496
5.06848	-0.00877843
5.06873	0.00157968
5.06897	0.00466628
5.06922	-0.0002976
5.06946	-0.00233018
5.06971	0.00330354
5.06995	0.00664317
5.0702	-0.00195232
5.07044	-0.015531
5.07069	-0.0186523
5.07093	-0.00873886
5.07118	0.00102721
5.07142	0.000726883
5.07166	-0.0045341
5.07191	-0.0054844
5.07215	-0.00211296
5.0724	0.000266489
5.07264	0.00136587
5.07289	0.00401621
5.07313	0.00614004
5.07338	0.00349907
5.07362	-0.00126978
5.07387	-0.00103766
5.07411	0.00392721
5.07436	0.00452547
5.0746	-0.00395847
5.07484	-0.0137009
5.07509	-0.013833
5.07533	-0.0040888
5.07558	0.00557495
5.07582	0.0069438
5.07607	0.00118093
5.07631	-0.00461753
5.07656	-0.00505059
5.0768	-0.000256432
5.07705	0.00538492
5.07729	0.0073573
5.07754	0.00499447
5.07778	0.00212691
5.07802	0.00302352
5.07827	0.00716099
5.07851	0.00896005
5.07876	0.00402314
5.079	-0.00485203
5.07925	-0.00986911
5.07949	-0.00692566
5.07974	0.000187391
5.07998	0.00561733
5.08023	0.0083265
5.08047	0.00977085
5.08071	0.00785713
5.08096	-0.000326371
5.0812	-0.010369
5.08145	-0.0129723
5.08169	-0.00699401
5.08194	-0.00254773
5.08218	-0.00637234
5.08243	-0.011098
5.08267	-0.0064314
5.08292	0.00430886
5.08316	0.00828915
5.08341	0.00145469
5.08365	-0.00688928
5.08389	-0.00793803
5.08414	-0.00321185
5.08438	0.000962851
5.08463	0.00126965
5.08487	-0.00224742
5.08512	-0.00690737
5.08536	-0.00690374
5.08561	0.000699116
5.08585	0.00790785
5.0861	0.00258348
5.08634	-0.0131633
5.08659	-0.0209289
5.08683	-0.00908572
5.08707	0.010179
5.08732	0.0158911
5.08756	0.00471827
5.08781	-0.00768896
5.08805	-0.00880877
5.0883	-0.00226983
5.08854	0.00147077
5.08879	-0.00165465
5.08903	-0.00837012
5.08928	-0.0140372
5.08952	-0.0157914
5.08977	-0.0129849
5.09001	-0.00767229
5.09025	-0.00385499
5.0905	-0.00478319
5.09074	-0.0101145
5.09099	-0.0145718
5.09123	-0.0107422
5.09148	0.00257177
5.09172	0.0147985
5.09197	0.0128811
5.09221	-0.00159521
5.09246	-0.0121995
5.0927	-0.0090712
5.09294	-0.00184054
5.09319	-0.00331551
5.09343	-0.00922297
5.09368	-0.00679923
5.09392	0.00262238
5.09417	0.00559823
5.09441	-0.000536181
5.09466	-0.00386506
5.0949	0.000310546
5.09515	0.000937473
5.09539	-0.00810097
5.09564	-0.0140864
5.09588	-0.00417953
5.09612	0.0131902
5.09637	0.0195825
5.09661	0.0122331
5.09686	0.0043506
5.0971	0.00361057
5.09735	0.00460377
5.09759	0.00233907
5.09784	-0.000102313
5.09808	-0.00026048
5.09833	-0.00164842
5.09857	-0.00599805
5.09882	-0.0089336
5.09906	-0.00803978
5.0993	-0.00729167
5.09955	-0.00823342
5.09979	-0.00492585
5.10004	0.00477635
5.10028	0.0103891
5.10053	0.0022759
5.10077	-0.0102791
5.10102	-0.00817747
5.10126	0.0093905
5.10151	0.0199643
5.10175	0.00760141
5.102	-0.0140192
5.10224	-0.0195793
5.10248	-0.00574991
5.10273	0.00727342
5.10297	0.00541891
5.10322	-0.00325201
5.10346	-0.00532746
5.10371	-0.00114273
5.10395	0.000779722
5.1042	-0.0014536
5.10444	-0.00369708
5.10469	-0.00527737
5.10493	-0.00846022
5.10517	-0.0117147
5.10542	-0.0115938
5.10566	-0.00894224
5.10591	-0.00651334
5.10615	-0.00350426
5.1064	0.000705488
5.10664	0.00137497
5.10689	-0.00463466
5.10713	-0.010279
5.10738	-0.0065709
5.10762	0.00301531
5.10787	0.00708377
5.10811	0.00383312
5.10835	0.00206746
5.1086	0.00448059
5.10884	0.00313166
5.10909	-0.00509195
5.10933	-0.0112617
5.10958	-0.00870134
5.10982	-0.00355925
5.11007	-0.00372058
5.11031	-0.0065508
5.11056	-0.00606239
5.1108	-0.00430097
5.11105	-0.0060137
5.11129	-0.00791834
5.11153	-0.00339087
5.11178	0.00545918
5.11202	0.00960018
5.11227	0.00547063
5.11251	-0.00198585
5.11276	-0.00768771
5.113	-0.0111953
5.11325	-0.0134256
5.11349	-0.0140657
5.11374	-0.0125674
5.11398	-0.0083872
5.11423	-0.00144279
5.11447	0.00491912
5.11471	0.00453659
5.11496	-0.0036106
5.1152	-0.0110002
5.11545	-0.0087039
5.11569	0.00092131
5.11594	0.00747043
5.11618	0.0064771
5.11643	0.00382018
5.11667	0.00516818
5.11692	0.00695255
5.11716	0.00191307
5.1174	-0.00896694
5.11765	-0.015072
5.11789	-0.00858126
5.11814	0.00450928
5.11838	0.0103624
5.11863	0.00466594
5.11887	-0.00195846
5.11912	0.000360607
5.11936	0.0062942
5.11961	0.00484031
5.11985	-0.00175109
5.1201	-0.00110408
5.12034	0.00804739
5.12058	0.0119675
5.12083	0.0032544
5.12107	-0.00726241
5.12132	-0.00745407
5.12156	-0.00138157
5.12181	-0.000228318
5.12205	-0.0047891
5.1223	-0.00780161
5.12254	-0.00712583
5.12279	-0.00593412
5.12303	-0.00475132
5.12328	-0.00313033
5.12352	-0.00447125
5.12376	-0.00949263
5.12401	-0.0101411
5.12425	-0.000818882
5.1245	0.00930179
5.12474	0.00759971
5.12499	-0.00219318
5.12523	-0.00535723
5.12548	0.000591526
5.12572	0.00310119
5.12597	-0.00405499
5.12621	-0.0117275
5.12646	-0.0118046
5.1267	-0.0090529
5.12694	-0.0100757
5.12719	-0.0119136
5.12743	-0.00957175
5.12768	-0.00590724
5.12792	-0.00571533
5.12817	-0.00679864
5.12841	-0.00490341
5.12866	-0.00202887
5.1289	-0.00197711
5.12915	-0.00204112
5.12939	0.002732
5.12963	0.00949794
5.12988	0.0096759
5.13012	0.000870194
5.13037	-0.00919518
5.13061	-0.0115518
5.13086	-0.00511559
5.1311	0.00348952
5.13135	0.00665925
5.13159	0.00222976
5.13184	-0.00500271
5.13208	-0.00808355
5.13233	-0.00481931
5.13257	0.000741804
5.13281	0.00341488
5.13306	0.00145753
5.1333	-0.00358761
5.13355	-0.0084379
5.13379	-0.00918882
5.13404	-0.00465119
5.13428	0.000676733
5.13453	0.00109664
5.13477	-0.00184877
5.13502	-0.000614351
5.13526	0.00652327
5.13551	0.0109645
5.13575	0.00560569
5.13599	-0.00419418
5.13624	-0.00785159
5.13648	-0.00402502
5.13673	-0.00024955
5.13697	-0.000115041
5.13722	0.000543405
5.13746	0.00378134
5.13771	0.00435095
5.13795	-0.00157004
5.1382	-0.00859196
5.13844	-0.00857884
5.13869	-0.00146066
5.13893	0.00552028
5.13917	0.00727738
5.13942	0.00481001
5.13966	0.00105711
5.13991	-0.00205496
5.14015	-0.00235158
5.1404	0.00207591
5.14064	0.00961263
5.14089	0.015503
5.14113	0.0167606
5.14138	0.014352
5.14162	0.0102403
5.14187	0.00541387
5.14211	0.00140993
5.14235	0.000117171
5.1426	0.000891686
5.14284	0.00138966
5.14309	0.00221238
5.14333	0.00621477
5.14358	0.011631
5.14382	0.0115826
5.14407	0.00384094
5.14431	-0.00446143
5.14456	-0.00667801
5.1448	-0.0059309
5.14504	-0.00829031
5.14529	-0.0114749
5.14553	-0.00862372
5.14578	-0.000575121
5.14602	0.00455907
5.14627	0.0033804
5.14651	0.000438872
5.14676	-0.000896149
5.147	-0.00286852
5.14725	-0.00728807
5.14749	-0.012012
5.14774	-0.0150132
5.14798	-0.0159658
5.14822	-0.0131618
5.14847	-0.00547824
5.14871	0.00230951
5.14896	0.00386951
5.1492	0.00161141
5.14945	0.00379577
5.14969	0.00972342
5.14994	0.00816878
5.15018	-0.00504387
5.15043	-0.0177745
5.15067	-0.0169375
5.15092	-0.00570061
5.15116	0.0023215
5.1514	0.000668515
5.15165	-0.00554277
5.15189	-0.00899769
5.15214	-0.00715667
5.15238	-0.00197831
5.15263	0.00234195
5.15287	0.00295107
5.15312	0.00230424
5.15336	0.00553899
5.15361	0.0121497
5.15385	0.015137
5.1541	0.0107426
5.15434	0.00345894
5.15458	-0.00116844
5.15483	-0.00236605
5.15507	-0.000185957
5.15532	0.00621313
5.15556	0.0122608
5.15581	0.00890625
5.15605	-0.00369741
5.1563	-0.0118245
5.15654	-0.00563489
5.15679	0.00621215
5.15703	0.00865665
5.15727	0.000990995
5.15752	-0.00485513
5.15776	-0.0028587
5.15801	0.000935884
5.15825	-0.000243899
5.1585	-0.00528845
5.15874	-0.00859142
5.15899	-0.00627394
5.15923	0.000976735
5.15948	0.00756966
5.15972	0.00718825
5.15997	9.80387e-05
5.16021	-0.00687247
5.16045	-0.00938649
5.1607	-0.00905438
5.16094	-0.00620384
5.16119	0.00175467
5.16143	0.0106817
5.16168	0.0095536
5.16192	-0.00250574
5.16217	-0.0100745
5.16241	-0.00250118
5.16266	0.00933937
5.1629	0.00980003
5.16315	0.00193008
5.16339	-0.000941704
5.16363	0.00157146
5.16388	0.000176176
5.16412	-0.00347568
5.16437	0.000348239
5.16461	0.00800284
5.16486	0.00464244
5.1651	-0.0100668
5.16535	-0.0179051
5.16559	-0.00893253
5.16584	0.00512132
5.16608	0.0110729
5.16633	0.0116648
5.16657	0.0137625
5.16681	0.0134592
5.16706	0.00457687
5.1673	-0.00775118
5.16755	-0.0130011
5.16779	-0.00874197
5.16804	-0.000542662
5.16828	0.00560743
5.16853	0.00489943
5.16877	-0.00501139
5.16902	-0.0178384
5.16926	-0.0208321
5.1695	-0.00994561
5.16975	0.00327859
5.16999	0.00617401
5.17024	1.10709e-05
5.17048	-0.00544125
5.17073	-0.00545065
5.17097	-0.00129024
5.17122	0.00562764
5.17146	0.0121545
5.17171	0.0113733
5.17195	0.00119164
5.1722	-0.00890117
5.17244	-0.00852847
5.17268	-0.000866506
5.17293	0.00249672
5.17317	-0.0012032
5.17342	-0.00374893
5.17366	-0.000822946
5.17391	0.00126801
5.17415	-0.00305829
5.1744	-0.00900947
5.17464	-0.00892351
5.17489	-0.00428544
5.17513	-0.003662
5.17538	-0.0103283
5.17562	-0.0178113
5.17586	-0.018602
5.17611	-0.0128543
5.17635	-0.00594888
5.1766	-0.00061196
5.17684	0.0043297
5.17709	0.00842705
5.17733	0.00783192
5.17758	0.000709129
5.17782	-0.00899692
5.17807	-0.0153214
5.17831	-0.015365
5.17856	-0.00966607
5.1788	-0.00125567
5.17904	0.00418056
5.17929	0.00210805
5.17953	-0.0042199
5.17978	-0.00628604
5.18002	-0.00267482
5.18027	-0.00194103
5.18051	-0.00803603
5.18076	-0.0115916
5.181	-0.00481203
5.18125	0.00307746
5.18149	-0.00150739
5.18173	-0.0137599
5.18198	-0.0164119
5.18222	-0.00669399
5.18247	0.000168758
5.18271	-0.00324934
5.18296	-0.00536606
5.1832	0.00268498
5.18345	0.0107636
5.18369	0.00665308
5.18394	-0.00394779
5.18418	-0.00824556
5.18443	-0.00738904
5.18467	-0.0113218
5.18491	-0.018737
5.18516	-0.0182459
5.1854	-0.00775703
5.18565	0.00196511
5.18589	0.00417648
5.18614	0.00376973
5.18638	0.00515228
5.18663	0.00411425
5.18687	-0.00279259
5.18712	-0.0096123
5.18736	-0.00857215
5.18761	-0.00114838
5.18785	0.0042822
5.18809	0.00292485
5.18834	-0.00245353
5.18858	-0.00592001
5.18883	-0.00400842
5.18907	0.00108193
5.18932	0.00261967
5.18956	-0.00327992
5.18981	-0.010533
5.19005	-0.00833589
5.1903	0.0039857
5.19054	0.0132755
5.19079	0.00894038
5.19103	-0.00199924
5.19127	-0.00416524
5.19152	0.00439608
5.19176	0.00947684
5.19201	0.0011731
5.19225	-0.0123416
5.1925	-0.0166913
5.19274	-0.00975335
5.19299	-0.00084458
5.19323	0.0037104
5.19348	0.00510253
5.19372	0.00397629
5.19396	-0.00206743
5.19421	-0.0107211
5.19445	-0.0133931
5.1947	-0.00640358
5.19494	0.00241741
5.19519	0.00428848
5.19543	0.00201813
5.19568	0.00467491
5.19592	0.0121109
5.19617	0.0133231
5.19641	0.00191176
5.19666	-0.0137136
5.1969	-0.019967
5.19714	-0.0141356
5.19739	-0.00580668
5.19763	-0.00366881
5.19788	-0.00615358
5.19812	-0.00658957
5.19837	-0.00314868
5.19861	0.000403958
5.19886	0.00168957
5.1991	0.00206369
5.19935	0.00170533
5.19959	-0.00200699
5.19984	-0.00851399
5.20008	-0.0114356
5.20032	-0.00635304
5.20057	0.00233555
5.20081	0.0071317
5.20106	0.00662574
5.2013	0.00356215
5.20155	-0.00227581
5.20179	-0.0112839
5.20204	-0.016865
5.20228	-0.0111196
5.20253	0.00201799
5.20277	0.00921245
5.20302	0.00530611
5.20326	-0.00091807
5.2035	-0.00130364
5.20375	0.00133674
5.20399	0.00203243
5.20424	0.00286312
5.20448	0.00642835
5.20473	0.00870354
5.20497	0.00671831
5.20522	0.00628486
5.20546	0.0127705
5.20571	0.0197411
5.20595	0.0170053
5.20619	0.00672255
5.20644	0.00150219
5.20668	0.00762582
5.20693	0.0188898
5.20717	0.0269063
5.20742	0.029502
5.20766	0.0280911
5.20791	0.0238853
5.20815	0.0191949
5.2084	0.0176253
5.20864	0.0202042
5.20889	0.0233696
5.20913	0.0221115
5.20937	0.0146006
5.20962	0.00449356
5.20986	-0.00118382
5.21011	0.00117271
5.21035	0.00664972
5.2106	0.00696261
5.21084	0.00106463
5.21109	-0.00426021
5.21133	-0.00518049
5.21158	-0.00555206
5.21182	-0.00850397
5.21207	-0.0104818
5.21231	-0.00786924
5.21255	-0.00324253
5.2128	-0.000616981
5.21304	-0.000229881
5.21329	-0.00163938
5.21353	-0.00519643
5.21378	-0.00712331
5.21402	-0.00177453
5.21427	0.00694966
5.21451	0.00695942
5.21476	-0.00310003
5.215	-0.00814797
5.21525	0.00103705
5.21549	0.0122015
5.21573	0.0108459
5.21598	0.00345387
5.21622	0.00502079
5.21647	0.0122881
5.21671	0.00910139
5.21696	-0.00551658
5.2172	-0.0146377
5.21745	-0.0093216
5.21769	0.000634101
5.21794	0.00483572
5.21818	0.00525619
5.21843	0.00627598
5.21867	0.00550556
5.21891	0.000932014
5.21916	-0.00305736
5.2194	-0.00247852
5.21965	0.000894264
5.21989	0.00406652
5.22014	0.0056293
5.22038	0.00318197
5.22063	-0.00379798
5.22087	-0.00868539
5.22112	-0.0051036
5.22136	0.000817149
5.2216	-0.00259471
5.22185	-0.0127146
5.22209	-0.0136622
5.22234	-0.000723327
5.22258	0.0104278
5.22283	0.00600368
5.22307	-0.00652646
5.22332	-0.0106008
5.22356	-0.00299759
5.22381	0.00588092
5.22405	0.00814824
5.2243	0.00531733
5.22454	0.00202768
5.22478	0.000704692
5.22503	0.00208827
5.22527	0.00639093
5.22552	0.0132611
5.22576	0.0212854
5.22601	0.0267151
5.22625	0.0247785
5.2265	0.0160508
5.22674	0.00904374
5.22699	0.0105708
5.22723	0.0158468
5.22748	0.0155586
5.22772	0.0104217
5.22796	0.00901615
5.22821	0.0121529
5.22845	0.0109895
5.2287	0.00244028
5.22894	-0.00486021
5.22919	-0.00387593
5.22943	0.00148184
5.22968	0.00486393
5.22992	0.00642546
5.23017	0.00833362
5.23041	0.0092966
5.23066	0.00855013
5.2309	0.00850437
5.23114	0.00939231
5.23139	0.00797528
5.23163	0.00465063
5.23188	0.00420244
5.23212	0.00641489
5.23237	0.00461457
5.23261	-0.0025858
5.23286	-0.00729569
5.2331	-0.00504205
5.23335	-0.00215285
5.23359	-0.00427798
5.23383	-0.00650537
5.23408	-0.0025481
5.23432	0.00394941
5.23457	0.00565833
5.23481	0.00300492
5.23506	0.00141699
5.2353	0.00238524
5.23555	0.00464611
5.23579	0.00900237
5.23604	0.0143014
5.23628	0.0136532
5.23653	0.0031253
5.23677	-0.00952552
5.23701	-0.0131496
5.23726	-0.0075449
5.2375	-0.00163719
5.23775	0.000281763
5.23799	0.00216198
5.23824	0.00677821
5.23848	0.0107261
5.23873	0.0102189
5.23897	0.00605266
5.23922	0.000966524
5.23946	-0.00381556
5.23971	-0.00764535
5.23995	-0.00879481
5.24019	-0.00576949
5.24044	0.000135784
5.24068	0.00440823
5.24093	0.00284255
5.24117	-0.00313778
5.24142	-0.00643619
5.24166	-0.00278083
5.24191	0.0024729
5.24215	0.000858846
5.2424	-0.00722901
5.24264	-0.0137419
5.24289	-0.0157616
5.24313	-0.0186042
5.24337	-0.0242842
5.24362	-0.0260561
5.24386	-0.0191656
5.24411	-0.00915694
5.24435	-0.00343101
5.2446	-0.00105726
5.24484	0.00246294
5.24509	0.00601191
5.24533	0.00579431
5.24558	0.0031035
5.24582	0.00169277
5.24606	0.000558252
5.24631	-0.00333013
5.24655	-0.00728459
5.2468	-0.00528473
5.24704	0.00225845
5.24729	0.00731641
5.24753	0.00370741
5.24778	-0.00611554
5.24802	-0.0141076
5.24827	-0.0140804
5.24851	-0.00679372
5.24876	0.000673708
5.249	0.00192897
5.24924	-0.0019058
5.24949	-0.00538315
5.24973	-0.00817869
5.24998	-0.0146644
5.25022	-0.0225088
5.25047	-0.021016
5.25071	-0.00685154
5.25096	0.00692625
5.2512	0.00665336
5.25145	-0.00319686
5.25169	-0.00742175
5.25194	-0.00191016
5.25218	0.00362074
5.25242	0.00262049
5.25267	-0.00107911
5.25291	-0.00371033
5.25316	-0.00697918
5.2534	-0.00977897
5.25365	-0.00585904
5.25389	0.00461041
5.25414	0.0107151
5.25438	0.00509129
5.25463	-0.00501985
5.25487	-0.008415
5.25512	-0.00510195
5.25536	-0.00264363
5.2556	-0.00298159
5.25585	-0.00254261
5.25609	-0.00178606
5.25634	-0.00395929
5.25658	-0.00555579
5.25683	0.000950181
5.25707	0.013218
5.25732	0.0181047
5.25756	0.00890505
5.25781	-0.00463487
5.25805	-0.0090837
5.25829	-0.00382149
5.25854	0.00136202
5.25878	0.0005478
5.25903	-0.00306164
5.25927	-0.00383422
5.25952	-0.000106944
5.25976	0.00527628
5.26001	0.00750909
5.26025	0.0043263
5.2605	-0.000409179
5.26074	-0.00104568
5.26099	0.00065571
5.26123	-0.00292934
5.26147	-0.0112893
5.26172	-0.0120994
5.26196	0.000907981
5.26221	0.0145651
5.26245	0.0122452
5.2627	-0.00216447
5.26294	-0.00982426
5.26319	-0.00400789
5.26343	0.00315608
5.26368	0.00200713
5.26392	-0.00152706
5.26417	0.000883511
5.26441	0.00641252
5.26465	0.00816204
5.2649	0.00641452
5.26514	0.00526933
5.26539	0.00505292
5.26563	0.00465387
5.26588	0.00575571
5.26612	0.00921941
5.26637	0.0119374
5.26661	0.0111538
5.26686	0.00738198
5.2671	0.00142984
5.26735	-0.00521471
5.26759	-0.00678286
5.26783	0.000843503
5.26808	0.0097385
5.26832	0.00704258
5.26857	-0.00502527
5.26881	-0.00964314
5.26906	-0.000592216
5.2693	0.00766269
5.26955	0.00290757
5.26979	-0.00656124
5.27004	-0.00773801
5.27028	-0.00353365
5.27052	-0.00372228
5.27077	-0.00615726
5.27101	-0.00242991
5.27126	0.0054507
5.2715	0.00902147
5.27175	0.00829661
5.27199	0.00889553
5.27224	0.00938796
5.27248	0.00506281
5.27273	-7.59958e-05
5.27297	0.00146461
5.27322	0.00675252
5.27346	0.00639416
5.2737	-0.000222934
5.27395	-0.00510075
5.27419	-0.00441087
5.27444	-0.000830706
5.27468	0.00347236
5.27493	0.00681463
5.27517	0.00577001
5.27542	0.00200998
5.27566	0.00433239
5.27591	0.013898
5.27615	0.0168976
5.2764	0.00475954
5.27664	-0.00878686
5.27688	-0.00711521
5.27713	0.00282284
5.27737	0.00302435
5.27762	-0.00515306
5.27786	-0.0060851
5.27811	0.000381706
5.27835	-0.000105105
5.2786	-0.00734391
5.27884	-0.00532194
5.27909	0.00709555
5.27933	0.0107702
5.27958	-0.00121457
5.27982	-0.0106909
5.28006	-0.00502144
5.28031	0.00232287
5.28055	-0.00340182
5.2808	-0.0122392
5.28104	-0.00670942
5.28129	0.00861149
5.28153	0.0139557
5.28178	0.00396345
5.28202	-0.00625532
5.28227	-0.00288537
5.28251	0.0107451
5.28275	0.0207666
5.283	0.0183819
5.28324	0.00791051
5.28349	0.00112399
5.28373	0.00299856
5.28398	0.00564407
5.28422	0.00100209
5.28447	-0.00525248
5.28471	-0.00235387
5.28496	0.00662463
5.2852	0.00829179
5.28545	0.000969599
5.28569	-0.00213125
5.28593	0.00532587
5.28618	0.0129616
5.28642	0.0112986
5.28667	0.00561382
5.28691	0.00471631
5.28716	0.00736856
5.2874	0.00784246
5.28765	0.00571498
5.28789	0.00285317
5.28814	-0.00144272
5.28838	-0.00616863
5.28863	-0.00673131
5.28887	-0.00230167
5.28911	0.00187261
5.28936	0.00291432
5.2896	0.00345201
5.28985	0.00385446
5.29009	0.000490056
5.29034	-0.00523984
5.29058	-0.00571681
5.29083	0.00116733
5.29107	0.00787629
5.29132	0.008266
5.29156	0.00448207
5.29181	0.000489326
5.29205	-0.00261735
5.29229	-0.00333162
5.29254	-0.000974926
5.29278	-0.000758458
5.29303	-0.00749357
5.29327	-0.0148582
5.29352	-0.01302
5.29376	-0.005683
5.29401	-0.00464419
5.29425	-0.00810421
5.2945	-0.00271914
5.29474	0.0107436
5.29498	0.0142516
5.29523	0.00109991
5.29547	-0.0122166
5.29572	-0.0116074
5.29596	-0.00432686
5.29621	-0.0018269
5.29645	-0.0016157
5.2967	0.00119784
5.29694	0.000826556
5.29719	-0.00623624
5.29743	-0.00951189
5.29768	-0.000968648
5.29792	0.00902389
5.29816	0.00725485
5.29841	-0.00155147
5.29865	-0.00443382
5.2989	-0.001005
5.29914	0.000531937
5.29939	3.10524e-05
5.29963	0.00310083
5.29988	0.00839063
5.30012	0.0107357
5.30037	0.0118767
5.30061	0.0162056
5.30086	0.0210061
5.3011	0.0215412
5.30134	0.0203339
5.30159	0.0217774
5.30183	0.0236537
5.30208	0.022695
5.30232	0.0212625
5.30257	0.020458
5.30281	0.0160044
5.30306	0.00944159
5.3033	0.0114527
5.30355	0.0231821
5.30379	0.0277689
5.30404	0.0151671
5.30428	0.00240342
5.30452	0.0104741
5.30477	0.0314888
5.30501	0.040163
5.30526	0.0312389
5.3055	0.0226954
5.30575	0.0242078
5.30599	0.0254328
5.30624	0.0182701
5.30648	0.0101652
5.30673	0.00874311
5.30697	0.00945572
5.30722	0.00624032
5.30746	0.00208896
5.3077	0.00163973
5.30795	0.00276275
5.30819	0.00202763
5.30844	0.00108273
5.30868	0.00216427
5.30893	0.00322292
5.30917	0.00180375
5.30942	-0.00115944
5.30966	-0.00460449
5.30991	-0.00974533
5.31015	-0.016221
5.31039	-0.0196461
5.31064	-0.0161079
5.31088	-0.00729169
5.31113	0.000757778
5.31137	0.00350787
5.31162	0.00221684
5.31186	0.00190894
5.31211	0.00418319
5.31235	0.00404804
5.3126	-0.00246402
5.31284	-0.0100427
5.31309	-0.0103486
5.31333	-0.00501755
5.31357	-0.00307424
5.31382	-0.00546548
5.31406	-0.00390174
5.31431	0.002776
5.31455	0.00478834
5.3148	-0.000832362
5.31504	-0.00308789
5.31529	0.0039795
5.31553	0.00929834
5.31578	0.00319168
5.31602	-0.00529641
5.31627	-0.00350045
5.31651	0.00380512
5.31675	0.00435695
5.317	-0.000151452
5.31724	-8.25759e-05
5.31749	0.00229307
5.31773	-0.00190806
5.31798	-0.00809918
5.31822	-0.00378038
5.31847	0.00757994
5.31871	0.00883713
5.31896	-0.00293288
5.3192	-0.0107321
5.31945	-0.00487844
5.31969	0.0025672
5.31993	-0.000912065
5.32018	-0.00842966
5.32042	-0.00670581
5.32067	0.00251449
5.32091	0.00676685
5.32116	0.00202426
5.3214	-0.00402226
5.32165	-0.0050211
5.32189	-0.00293845
5.32214	-0.00222022
5.32238	-0.00374116
5.32262	-0.00597517
5.32287	-0.00828598
5.32311	-0.0109586
5.32336	-0.0128862
5.3236	-0.0109833
5.32385	-0.00380172
5.32409	0.004182
5.32434	0.00536949
5.32458	-0.00124241
5.32483	-0.00648794
5.32507	-0.00182421
5.32532	0.00819054
5.32556	0.00985118
5.3258	-0.00283602
5.32605	-0.0198721
5.32629	-0.0258813
5.32654	-0.0166199
5.32678	-0.00275577
5.32703	0.00242503
5.32727	-0.0027095
5.32752	-0.00832875
5.32776	-0.0073666
5.32801	-0.00460278
5.32825	-0.00762229
5.3285	-0.0138827
5.32874	-0.0149279
5.32898	-0.0105583
5.32923	-0.00841215
5.32947	-0.00999751
5.32972	-0.00873952
5.32996	-0.00341986
5.33021	-0.00106258
5.33045	-0.00298032
5.3307	-0.00122183
5.33094	0.0053851
5.33119	0.00557016
5.33143	-0.0053039
5.33168	-0.0138206
5.33192	-0.00779616
5.33216	0.00438191
5.33241	0.00704176
5.33265	0.000586729
5.3329	-0.0026822
5.33314	0.0009495
5.33339	0.00460459
5.33363	0.00424517
5.33388	0.00106271
5.33412	-0.00491127
5.33437	-0.0115786
5.33461	-0.0108358
5.33485	-0.000350807
5.3351	0.00724477
5.33534	0.000862201
5.33559	-0.0104404
5.33583	-0.0114856
5.33608	-0.00636509
5.33632	-0.00992006
5.33657	-0.019051
5.33681	-0.0162518
5.33706	-0.00144037
5.3373	0.00482514
5.33755	-0.00504469
5.33779	-0.0130286
5.33803	-0.00587179
5.33828	0.00431958
5.33852	0.00333031
5.33877	-0.00118552
5.33901	0.0036628
5.33926	0.0111889
5.3395	0.00693853
5.33975	-0.00527572
5.33999	-0.00943597
5.34024	-0.0032679
5.34048	0.00124007
5.34073	0.000158089
5.34097	0.00168519
5.34121	0.00788206
5.34146	0.0101636
5.3417	0.00621519
5.34195	0.00530344
5.34219	0.0110109
5.34244	0.01303
5.34268	0.00431922
5.34293	-0.00555326
5.34317	-0.00440516
5.34342	0.00418579
5.34366	0.00741273
5.34391	0.00173625
5.34415	-0.00625234
5.34439	-0.0126557
5.34464	-0.0177837
5.34488	-0.0173912
5.34513	-0.00581875
5.34537	0.0108214
5.34562	0.01712
5.34586	0.00828874
5.34611	-0.0031003
5.34635	-0.00570916
5.3466	-0.00423341
5.34684	-0.00750861
5.34708	-0.0113521
5.34733	-0.00537808
5.34757	0.00798901
5.34782	0.0141467
5.34806	0.00576196
5.34831	-0.00862631
5.34855	-0.0168612
5.3488	-0.0158782
5.34904	-0.0104893
5.34929	-0.00659304
5.34953	-0.00794462
5.34978	-0.0140733
5.35002	-0.0192125
5.35026	-0.017506
5.35051	-0.0103411
5.35075	-0.00474501
5.351	-0.00465025
5.35124	-0.0079703
5.35149	-0.0113879
5.35173	-0.0128874
5.35198	-0.010532
5.35222	-0.00463664
5.35247	-0.000433948
5.35271	-0.00239314
5.35296	-0.00672102
5.3532	-0.00633817
5.35344	-0.00242691
5.35369	-0.00272468
5.35393	-0.00805227
5.35418	-0.00976682
5.35442	-0.00320618
5.35467	0.00474896
5.35491	0.00572127
5.35516	0.000766407
5.3554	-0.00342144
5.35565	-0.0042689
5.35589	-0.00449443
5.35614	-0.00628262
5.35638	-0.00805589
5.35662	-0.00649348
5.35687	-0.000743428
5.35711	0.0050852
5.35736	0.00515796
5.3576	-0.00105493
5.35785	-0.00772073
5.35809	-0.0102497
5.35834	-0.00973143
5.35858	-0.00781635
5.35883	-0.00360963
5.35907	0.000897913
5.35931	0.000253436
5.35956	-0.00473194
5.3598	-0.00597439
5.36005	-0.00272391
5.36029	-0.00529555
5.36054	-0.0157078
5.36078	-0.0189531
5.36103	-0.00645125
5.36127	0.00679187
5.36152	0.00552325
5.36176	-0.000411481
5.36201	0.00442785
5.36225	0.0110918
5.36249	0.00304551
5.36274	-0.00949163
5.36298	-0.00473105
5.36323	0.00929715
5.36347	0.00536225
5.36372	-0.0140548
5.36396	-0.0185501
5.36421	-0.00318059
5.36445	0.00241678
5.3647	-0.0121879
5.36494	-0.0189482
5.36519	-0.00324771
5.36543	0.00736868
5.36567	-0.00813797
5.36592	-0.025403
5.36616	-0.0165396
5.36641	0.00176308
5.36665	-0.00116416
5.3669	-0.0171205
5.36714	-0.0160925
5.36739	0.00214608
5.36763	0.0124023
5.36788	0.00788881
5.36812	0.00320899
5.36837	0.00186498
5.36861	-0.00485314
5.36885	-0.0120644
5.3691	-0.00673321
5.36934	0.00454121
5.36959	0.00334878
5.36983	-0.00762898
5.37008	-0.00890909
5.37032	0.00039914
5.37057	0.00127026
5.37081	-0.0101552
5.37106	-0.0150094
5.3713	-0.00368058
5.37154	0.00994453
5.37179	0.0118729
5.37203	0.00415811
5.37228	-0.00665487
5.37252	-0.0173848
5.37277	-0.0213589
5.37301	-0.0127681
5.37326	-0.000329918
5.3735	0.00128334
5.37375	-0.00592173
5.37399	-0.00767864
5.37424	-0.00292202
5.37448	-0.00342621
5.37472	-0.00908299
5.37497	-0.00771848
5.37521	-0.000887695
5.37546	-0.00408066
5.3757	-0.0167392
5.37595	-0.0183785
5.37619	-0.00287741
5.37644	0.0086982
5.37668	0.00125907
5.37693	-0.0115059
5.37717	-0.0120294
5.37742	-0.00613361
5.37766	-0.00810807
5.3779	-0.0146295
5.37815	-0.0124637
5.37839	-0.00191558
5.37864	0.00461902
5.37888	0.00180092
5.37913	-0.00454473
5.37937	-0.00875096
5.37962	-0.0101991
5.37986	-0.00931242
5.38011	-0.00626065
5.38035	-0.00222592
5.3806	0.00159403
5.38084	0.00363149
5.38108	0.000255544
5.38133	-0.00979411
5.38157	-0.0193083
5.38182	-0.0186464
5.38206	-0.00859855
5.38231	0.000455011
5.38255	0.00202994
5.3828	-0.00228194
5.38304	-0.0103646
5.38329	-0.0201396
5.38353	-0.0236965
5.38378	-0.0142465
5.38402	0.000133693
5.38426	0.00356339
5.38451	-0.00475633
5.38475	-0.00920739
5.385	-0.00266059
5.38524	0.00290054
5.38549	-0.00298923
5.38573	-0.0127981
5.38598	-0.0142754
5.38622	-0.00806567
5.38647	-0.00212344
5.38671	0.00155451
5.38695	0.00445732
5.3872	0.00389345
5.38744	-0.00190369
5.38769	-0.00660285
5.38793	-0.00325357
5.38818	0.00445886
5.38842	0.00636081
5.38867	-0.000642512
5.38891	-0.00920106
5.38916	-0.0109178
5.3894	-0.00526973
5.38965	0.000734509
5.38989	0.000471644
5.39013	-0.00459391
5.39038	-0.0067101
5.39062	-0.00275804
5.39087	0.000993279
5.39111	-0.000699822
5.39136	-0.00256444
5.3916	0.00252093
5.39185	0.0101737
5.39209	0.0101807
5.39234	0.00278412
5.39258	-0.00193262
5.39283	-8.6787e-06
5.39307	0.0022204
5.39331	0.000324642
5.39356	-0.00236681
5.3938	-0.0024181
5.39405	-0.00059509
5.39429	0.00236812
5.39454	0.00589283
5.39478	0.00580467
5.39503	-0.000765304
5.39527	-0.00798115
5.39552	-0.00833259
5.39576	-0.00506828
5.39601	-0.00668159
5.39625	-0.0112464
5.39649	-0.00926731
5.39674	-0.00104252
5.39698	0.00325967
5.39723	0.0014801
5.39747	0.00238185
5.39772	0.00811729
5.39796	0.00887399
5.39821	0.000154984
5.39845	-0.00810253
5.3987	-0.00645526
5.39894	0.000761153
5.39918	0.00356252
5.39943	-0.000739531
5.39967	-0.00772899
5.39992	-0.0118134
5.40016	-0.00903085
5.40041	-0.000934677
5.40065	0.00357131
5.4009	-0.00174684
5.40114	-0.00968598
5.40139	-0.00887477
5.40163	-0.00182338
5.40188	-0.000782541
5.40212	-0.00666372
5.40236	-0.0075359
5.40261	0.0003001
5.40285	0.00564369
5.4031	0.000781096
5.40334	-0.00809756
5.40359	-0.0135223
5.40383	-0.0159424
5.40408	-0.0157005
5.40432	-0.00974238
5.40457	-0.00149171
5.40481	-0.00028225
5.40506	-0.00566099
5.4053	-0.00595772
5.40554	0.00215924
5.40579	0.00709256
5.40603	0.0013548
5.40628	-0.00738052
5.40652	-0.0110786
5.40677	-0.0125031
5.40701	-0.0141108
5.40726	-0.0108981
5.4075	-0.00303475
5.40775	-0.000797115
5.40799	-0.00727432
5.40824	-0.0109023
5.40848	-0.00555974
5.40872	-0.00264343
5.40897	-0.0107476
5.40921	-0.0186809
5.40946	-0.0138011
5.4097	-0.00347422
5.40995	-0.00116921
5.41019	-0.00318415
5.41044	0.00156719
5.41068	0.00800174
5.41093	0.00237273
5.41117	-0.0117241
5.41141	-0.016226
5.41166	-0.00696718
5.4119	0.000628149
5.41215	-0.00276807
5.41239	-0.00697796
5.41264	-0.0015663
5.41288	0.006044
5.41313	0.00238317
5.41337	-0.010801
5.41362	-0.0186019
5.41386	-0.0136222
5.41411	-0.00469951
5.41435	-0.00294724
5.41459	-0.0065292
5.41484	-0.0057451
5.41508	0.000294386
5.41533	0.00194638
5.41557	-0.0039995
5.41582	-0.00644756
5.41606	0.00281907
5.41631	0.0131884
5.41655	0.00917832
5.4168	-0.0052517
5.41704	-0.0115955
5.41729	-0.00399331
5.41753	0.00452212
5.41777	0.00391134
5.41802	-0.000882969
5.41826	-0.00327558
5.41851	-0.00485871
5.41875	-0.006521
5.419	-0.00424429
5.41924	7.75248e-05
5.41949	-0.0024999
5.41973	-0.0116248
5.41998	-0.0141723
5.42022	-0.00480725
5.42047	0.00384947
5.42071	0.000611495
5.42095	-0.00791917
5.4212	-0.0101522
5.42144	-0.00617936
5.42169	-0.00136412
5.42193	0.00456363
5.42218	0.0109391
5.42242	0.010242
5.42267	0.000506692
5.42291	-0.00697613
5.42316	-0.00418621
5.4234	-0.000125966
5.42364	-0.00566028
5.42389	-0.0148312
5.42413	-0.015002
5.42438	-0.00702328
5.42462	-0.00133909
5.42487	-0.000929154
5.42511	-0.00123523
5.42536	-0.000955618
5.4256	-0.000962242
5.42585	0.00140363
5.42609	0.00601348
5.42634	0.00512306
5.42658	-0.00427187
5.42682	-0.0114983
5.42707	-0.00731262
5.42731	0.000936952
5.42756	0.00189044
5.4278	-0.001526
5.42805	-0.000756728
5.42829	0.000826288
5.42854	-0.00428203
5.42878	-0.0102547
5.42903	-0.00639843
5.42927	0.00263807
5.42952	0.00344772
5.42976	-0.00368034
5.43	-0.00741427
5.43025	-0.00702053
5.43049	-0.0117104
5.43074	-0.0196518
5.43098	-0.0179229
5.43123	-0.00530679
5.43147	0.0037458
5.43172	0.00183141
5.43196	-0.00190934
5.43221	-5.61169e-05
5.43245	0.00137486
5.4327	-0.00370399
5.43294	-0.00996178
5.43318	-0.0102467
5.43343	-0.0063681
5.43367	-0.00396301
5.43392	-0.00517418
5.43416	-0.0106818
5.43441	-0.0201864
5.43465	-0.0273504
5.4349	-0.0235987
5.43514	-0.0107602
5.43539	-0.0010401
5.43563	-0.000918282
5.43587	-0.00405082
5.43612	-0.00358912
5.43636	-0.00183287
5.43661	-0.00288152
5.43685	-0.00470946
5.4371	-0.00446166
5.43734	-0.00420946
5.43759	-0.00545075
5.43783	-0.00410071
5.43808	0.00288829
5.43832	0.0103822
5.43857	0.0103598
5.43881	0.00216488
5.43905	-0.00643953
5.4393	-0.00760547
5.43954	-0.00139457
5.43979	0.00389219
5.44003	0.000464762
5.44028	-0.00868062
5.44052	-0.011996
5.44077	-0.00505672
5.44101	0.0018371
5.44126	-0.00173706
5.4415	-0.0102748
5.44175	-0.0110767
5.44199	-0.00459152
5.44223	-0.00294204
5.44248	-0.00913282
5.44272	-0.011865
5.44297	-0.00421027
5.44321	0.00520195
5.44346	0.00580403
5.4437	0.000285601
5.44395	-0.00124523
5.44419	0.00388319
5.44444	0.00886774
5.44468	0.0073237
5.44493	0.000388743
5.44517	-0.00523079
5.44541	-0.00464126
5.44566	-0.00046366
5.4459	0.000522377
5.44615	-0.00241444
5.44639	-0.00208273
5.44664	0.00454883
5.44688	0.00946856
5.44713	0.00616064
5.44737	0.00133125
5.44762	0.0030425
5.44786	0.00437042
5.4481	-0.00567656
5.44835	-0.019644
5.44859	-0.0190904
5.44884	-0.00450252
5.44908	0.00250915
5.44933	-0.0083955
5.44957	-0.021274
5.44982	-0.0199941
5.45006	-0.0112079
5.45031	-0.00878737
5.45055	-0.0107872
5.4508	-0.00766088
5.45104	-0.00213682
5.45128	-0.003619
5.45153	-0.00941069
5.45177	-0.00835247
5.45202	-0.00050908
5.45226	0.00185518
5.45251	-0.00658165
5.45275	-0.0163342
5.453	-0.0164687
5.45324	-0.0068209
5.45349	0.00494056
5.45373	0.0113552
5.45398	0.00901215
5.45422	0.000294582
5.45446	-0.00759063
5.45471	-0.00945995
5.45495	-0.00756433
5.4552	-0.00662473
5.45544	-0.00618526
5.45569	-0.00337425
5.45593	-0.000618058
5.45618	-0.00330473
5.45642	-0.0105364
5.45667	-0.0153032
5.45691	-0.0143787
5.45716	-0.0115194
5.4574	-0.00960324
5.45764	-0.00605919
5.45789	0.000913647
5.45813	0.00673304
5.45838	0.00551616
5.45862	-0.00151152
5.45887	-0.00670773
5.45911	-0.00505002
5.45936	0.000105659
5.4596	0.00146197
5.45985	-0.00315217
5.46009	-0.00827348
5.46034	-0.00801328
5.46058	-0.00348719
5.46082	-0.000492093
5.46107	-0.0014532
5.46131	-0.00367457
5.46156	-0.00489678
5.4618	-0.00545506
5.46205	-0.00423699
5.46229	0.0017267
5.46254	0.0110489
5.46278	0.0165897
5.46303	0.0142035
5.46327	0.00881055
5.46351	0.00730865
5.46376	0.00863815
5.464	0.00589391
5.46425	-0.00329796
5.46449	-0.0131905
5.46474	-0.0167209
5.46498	-0.0130563
5.46523	-0.00796885
5.46547	-0.00760416
5.46572	-0.0115162
5.46596	-0.0127121
5.46621	-0.0067577
5.46645	0.000964493
5.46669	0.0018537
5.46694	-0.0033775
5.46718	-0.00589925
5.46743	-0.00264284
5.46767	0.000175979
5.46792	-0.000184959
5.46816	0.00264367
5.46841	0.0111828
5.46865	0.016129
5.4689	0.0106327
5.46914	0.00337471
5.46939	0.0052992
5.46963	0.010497
5.46987	0.00518012
5.47012	-0.0081659
5.47036	-0.0122516
5.47061	-0.00131661
5.47085	0.0101073
5.4711	0.00948006
5.47134	0.00301168
5.47159	0.00232737
5.47183	0.00613137
5.47208	0.00566327
5.47232	0.000798348
5.47257	-0.000513389
5.47281	0.0043535
5.47305	0.00912816
5.4733	0.00788344
5.47354	0.00155209
5.47379	-0.00443113
5.47403	-0.0047419
5.47428	0.00242394
5.47452	0.0128596
5.47477	0.0186276
5.47501	0.0160033
5.47526	0.00950094
5.4755	0.00561799
5.47574	0.00543497
5.47599	0.00640558
5.47623	0.00786323
5.47648	0.0102403
5.47672	0.0116323
5.47697	0.010285
5.47721	0.0087112
5.47746	0.0102947
5.4777	0.0129747
5.47795	0.01131
5.47819	0.00444028
5.47844	-0.00265745
5.47868	-0.00592159
5.47892	-0.00596008
5.47917	-0.00480162
5.47941	-0.00312199
5.47966	-0.00167593
5.4799	-0.00186866
5.48015	-0.00340481
5.48039	-0.00395083
5.48064	-0.00240208
5.48088	-0.00048756
5.48113	-0.000212197
5.48137	-0.00137029
5.48162	-0.00227527
5.48186	-0.00180909
5.4821	-0.000533927
5.48235	-0.000474495
5.48259	-0.00300497
5.48284	-0.00608381
5.48308	-0.00550312
5.48333	-0.000734362
5.48357	0.00286788
5.48382	0.000765636
5.48406	-0.00394789
5.48431	-0.0046077
5.48455	-0.000356439
5.4848	0.00338988
5.48504	0.00338963
5.48528	0.00207621
5.48553	0.00180172
5.48577	0.000824254
5.48602	-0.0026562
5.48626	-0.0064247
5.48651	-0.00706395
5.48675	-0.00435632
5.487	-0.0010658
5.48724	-0.000315188
5.48749	-0.0038697
5.48773	-0.0100311
5.48797	-0.0127064
5.48822	-0.0067187
5.48846	0.00435134
5.48871	0.0100698
5.48895	0.00560499
5.4892	-0.00174983
5.48944	-0.00217744
5.48969	0.00400097
5.48993	0.00788129
5.49018	0.00410029
5.49042	-0.00349765
5.49067	-0.00788151
5.49091	-0.00636681
5.49115	-0.0016298
5.4914	0.00185248
5.49164	0.00126611
5.49189	-0.00287919
5.49213	-0.00755695
5.49238	-0.00990947
5.49262	-0.00921167
5.49287	-0.00667531
5.49311	-0.00461158
5.49336	-0.00532041
5.4936	-0.00848685
5.49385	-0.00995512
5.49409	-0.00622732
5.49433	-0.000293358
5.49458	0.00120599
5.49482	-0.00266279
5.49507	-0.00572133
5.49531	-0.0044513
5.49556	-0.00293409
5.4958	-0.0043888
5.49605	-0.00435172
5.49629	0.00144244
5.49654	0.00788668
5.49678	0.0073647
5.49703	0.00207838
5.49727	0.000431494
5.49751	0.00322061
5.49776	0.00335058
5.498	-0.000859432
5.49825	-0.00261214
5.49849	0.000958892
5.49874	0.00334092
5.49898	-1.01218e-05
5.49923	-0.00359299
5.49947	-0.000977173
5.49972	0.00518848
5.49996	0.00851278
5.5002	0.00788543
5.50045	0.00462885
5.50069	-0.00283454
5.50094	-0.013118
5.50118	-0.0166223
5.50143	-0.0070696
5.50167	0.00513015
5.50192	0.00355098
5.50216	-0.0103846
5.50241	-0.0172948
5.50265	-0.00715853
5.5029	0.00597053
5.50314	0.00446556
5.50338	-0.00787294
5.50363	-0.0129581
5.50387	-0.00473459
5.50412	0.00496507
5.50436	0.00609255
5.50461	0.00294616
5.50485	0.00294522
5.5051	0.00352321
5.50534	-0.00162671
5.50559	-0.0095479
5.50583	-0.0109817
5.50608	-0.00464445
5.50632	0.000352928
5.50656	-0.00208802
5.50681	-0.00662558
5.50705	-0.00541864
5.5073	1.56236e-05
5.50754	0.00184893
5.50779	-0.00186311
5.50803	-0.00484218
5.50828	-0.00275178
5.50852	0.00052172
5.50877	-0.000430133
5.50901	-0.00439498
5.50926	-0.00655251
5.5095	-0.00637859
5.50974	-0.00682663
5.50999	-0.007117
5.51023	-0.00323211
5.51048	0.00321843
5.51072	0.00371949
5.51097	-0.00513638
5.51121	-0.013773
5.51146	-0.0105844
5.5117	0.00185464
5.51195	0.00899632
5.51219	0.00291854
5.51243	-0.00834134
5.51268	-0.012422
5.51292	-0.00765789
5.51317	-0.00222882
5.51341	-0.00232317
5.51366	-0.00633941
5.5139	-0.00948874
5.51415	-0.00962604
5.51439	-0.007931
5.51464	-0.0064079
5.51488	-0.00581997
5.51513	-0.00550831
5.51537	-0.00490337
5.51561	-0.00440537
5.51586	-0.00368604
5.5161	-0.000551385
5.51635	0.00538299
5.51659	0.00889771
5.51684	0.0039969
5.51708	-0.00666439
5.51733	-0.0127185
5.51757	-0.00897673
5.51782	-0.00219255
5.51806	-0.00123032
5.51831	-0.00541522
5.51855	-0.00761969
5.51879	-0.00503915
5.51904	-0.00112036
5.51928	0.000692117
5.51953	-0.000198607
5.51977	-0.00309013
5.52002	-0.00580243
5.52026	-0.00512706
5.52051	-0.00155104
5.52075	-0.000420888
5.521	-0.00396645
5.52124	-0.00655243
5.52149	-0.00378068
5.52173	-0.00124974
5.52197	-0.00585432
5.52222	-0.012695
5.52246	-0.0113646
5.52271	-0.00314262
5.52295	-6.29388e-05
5.5232	-0.00633019
5.52344	-0.0123428
5.52369	-0.0100314
5.52393	-0.0035558
5.52418	-0.00034591
5.52442	-0.000441197
5.52466	0.000119787
5.52491	0.00227651
5.52515	0.0048116
5.5254	0.00654719
5.52564	0.00482186
5.52589	-0.00218744
5.52613	-0.00994015
5.52638	-0.0115422
5.52662	-0.00855169
5.52687	-0.00892873
5.52711	-0.0126301
5.52736	-0.0103174
5.5276	-0.0002132
5.52784	0.00587208
5.52809	0.000121863
5.52833	-0.00876838
5.52858	-0.00930845
5.52882	-0.00375908
5.52907	-0.00112802
5.52931	-0.00187052
5.52956	-0.000453222
5.5298	0.00286991
5.53005	0.00349208
5.53029	0.00155581
5.53054	0.000547983
5.53078	0.000468083
5.53102	-6.22322e-05
5.53127	0.000595784
5.53151	0.00230667
5.53176	-0.000236434
5.532	-0.00842603
5.53225	-0.0136893
5.53249	-0.00926501
5.53274	-0.00160755
5.53298	-0.000503878
5.53323	-0.00431314
5.53347	-0.0055231
5.53372	-0.00455766
5.53396	-0.00622265
5.5342	-0.00804218
5.53445	-0.00484012
5.53469	-0.000383583
5.53494	-0.00161378
5.53518	-0.00551119
5.53543	-0.00484393
5.53567	-0.00257869
5.53592	-0.00611238
5.53616	-0.0111052
5.53641	-0.00717953
5.53665	0.00279011
5.53689	0.00609627
5.53714	0.00166662
5.53738	0.000137567
5.53763	0.00242418
5.53787	-0.0021533
5.53812	-0.0135374
5.53836	-0.0171187
5.53861	-0.00857744
5.53885	-0.00289152
5.5391	-0.00913529
5.53934	-0.0146982
5.53959	-0.00724783
5.53983	0.00356905
5.54007	0.00184885
5.54032	-0.00919741
5.54056	-0.0141202
5.54081	-0.00968098
5.54105	-0.00635643
5.5413	-0.0092732
5.54154	-0.0118876
5.54179	-0.00838995
5.54203	-0.00176101
5.54228	0.00182043
5.54252	0.000281248
5.54277	-0.00312048
5.54301	-0.00289575
5.54325	0.00261126
5.5435	0.00734081
5.54374	0.00437653
5.54399	-0.00295175
5.54423	-0.00450018
5.54448	0.00114371
5.54472	0.00478467
5.54497	0.00284736
5.54521	0.00291392
5.54546	0.00778636
5.5457	0.00789894
5.54595	-0.00137327
5.54619	-0.00820034
5.54643	-0.00229591
5.54668	0.00701319
5.54692	0.00507653
5.54717	-0.00484946
5.54741	-0.00812005
5.54766	-0.00176272
5.5479	0.00464184
5.54815	0.0063137
5.54839	0.00605877
5.54864	0.00331569
5.54888	-0.00427612
5.54913	-0.0109182
5.54937	-0.00924751
5.54961	-0.00456473
5.54986	-0.00695834
5.5501	-0.0118088
5.55035	-0.0061353
5.55059	0.00636351
5.55084	0.00721645
5.55108	-0.00653626
5.55133	-0.0152424
5.55157	-0.00754882
5.55182	0.00228378
5.55206	0.000314698
5.5523	-0.00309197
5.55255	0.00673524
5.55279	0.0196329
5.55304	0.0143861
5.55328	-0.00530624
5.55353	-0.0124055
5.55377	0.00471853
5.55402	0.0254973
5.55426	0.0258347
5.55451	0.00809534
5.55475	-0.00717706
5.555	-0.00877014
5.55524	-0.00297222
5.55548	0.00012123
5.55573	-0.00194215
5.55597	-0.00518806
5.55622	-0.00470953
5.55646	0.00155957
5.55671	0.0103888
5.55695	0.0148815
5.5572	0.0116538
5.55744	0.00493327
5.55769	0.000227761
5.55793	-0.00344589
5.55818	-0.00959003
5.55842	-0.0147033
5.55866	-0.0109199
5.55891	0.000776026
5.55915	0.00855845
5.5594	0.00522078
5.55964	-0.00177126
5.55989	-0.00188945
5.56013	0.00324948
5.56038	0.00477107
5.56062	0.00189127
5.56087	0.0018337
5.56111	0.00610516
5.56136	0.00783101
5.5616	0.00386165
5.56184	-0.000597742
5.56209	-0.00194932
5.56233	-0.00316659
5.56258	-0.00526651
5.56282	-0.00350056
5.56307	0.00276792
5.56331	0.0056267
5.56356	0.000877067
5.5638	-0.00352826
5.56405	0.000578938
5.56429	0.00844127
5.56453	0.0104088
5.56478	0.00720764
5.56502	0.00684439
5.56527	0.0102631
5.56551	0.0108139
5.56576	0.00632801
5.566	0.00187825
5.56625	0.000750157
5.56649	0.000991524
5.56674	0.00119049
5.56698	0.00260925
5.56723	0.00532389
5.56747	0.00784453
5.56771	0.00974861
5.56796	0.0100548
5.5682	0.00605191
5.56845	-0.000810534
5.56869	-0.00269995
5.56894	0.00356261
5.56918	0.00896515
5.56943	0.00537747
5.56967	5.56975e-05
5.56992	0.00435103
5.57016	0.0131939
5.57041	0.0119461
5.57065	0.00130781
5.57089	-0.00282104
5.57114	0.00460771
5.57138	0.0107992
5.57163	0.00849271
5.57187	0.00719802
5.57212	0.0132019
5.57236	0.0166618
5.57261	0.00996293
5.57285	0.0026384
5.5731	0.00438498
5.57334	0.00756108
5.57359	0.0020438
5.57383	-0.00501164
5.57407	-0.00166009
5.57432	0.00671922
5.57456	0.00670164
5.57481	0.00097878
5.57505	0.00357526
5.5753	0.0150465
5.57554	0.0218862
5.57579	0.0191029
5.57603	0.014862
5.57628	0.0128537
5.57652	0.0084622
5.57676	0.00366037
5.57701	0.0069229
5.57725	0.0151374
5.5775	0.0145839
5.57774	0.00517889
5.57799	0.00432096
5.57823	0.0180351
5.57848	0.027375
5.57872	0.0164682
5.57897	-0.00216084
5.57921	-0.00620653
5.57946	0.0048983
5.5797	0.0143612
5.57994	0.0151851
5.58019	0.0149959
5.58043	0.0183832
5.58068	0.0215181
5.58092	0.023481
5.58117	0.0283877
5.58141	0.0353421
5.58166	0.0381413
5.5819	0.0359624
5.58215	0.0343367
5.58239	0.0354759
5.58264	0.0372885
5.58288	0.0409336
5.58312	0.0483353
5.58337	0.053027
5.58361	0.0464338
5.58386	0.0345707
5.5841	0.0345429
5.58435	0.050126
5.58459	0.0644097
5.58484	0.0640142
5.58508	0.0582904
5.58533	0.0640118
5.58557	0.08048
5.58582	0.0926689
5.58606	0.0939825
5.5863	0.0929891
5.58655	0.0984136
5.58679	0.108305
5.58704	0.116055
5.58728	0.119299
5.58753	0.120067
5.58777	0.121397
5.58802	0.126315
5.58826	0.136409
5.58851	0.149176
5.58875	0.159011
5.58899	0.16239
5.58924	0.161324
5.58948	0.161682
5.58973	0.16839
5.58997	0.180476
5.59022	0.190102
5.59046	0.189919
5.59071	0.183619
5.59095	0.18478
5.5912	0.200747
5.59144	0.221844
5.59169	0.23365
5.59193	0.237493
5.59217	0.249591
5.59242	0.279135
5.59266	0.316905
5.59291	0.350286
5.59315	0.381345
5.5934	0.421949
5.59364	0.475831
5.59389	0.535913
5.59413	0.599596
5.59438	0.676823
5.59462	0.777693
5.59487	0.898545
5.59511	1.02866
5.59535	1.16896
5.5956	1.33451
5.59584	1.5344
5.59609	1.75541
5.59633	1.97277
5.59658	2.17352
5.59682	2.35979
5.59707	2.52909
5.59731	2.6628
5.59756	2.74135
5.5978	2.76338
5.59805	2.74018
5.59829	2.67573
5.59853	2.56399
5.59878	2.40572
5.59902	2.21588
5.59927	2.00944
5.59951	1.78971
5.59976	1.55779
5.6	1.32648
5.60025	1.11519
5.60049	0.93402
5.60074	0.780515
5.60098	0.650036
5.60122	0.541099
5.60147	0.451411
5.60171	0.377195
5.60196	0.318082
5.6022	0.275741
5.60245	0.245881
5.60269	0.218547
5.60294	0.189351
5.60318	0.16394
5.60343	0.147548
5.60367	0.136391
5.60392	0.124506
5.60416	0.113098
5.6044	0.106058
5.60465	0.10061
5.60489	0.0909959
5.60514	0.0792781
5.60538	0.0733112
5.60563	0.0735822
5.60587	0.0710716
5.60612	0.0611687
5.60636	0.0519157
5.60661	0.0529632
5.60685	0.0614438
5.6071	0.0651001
5.60734	0.0573092
5.60758	0.0437473
5.60783	0.0346185
5.60807	0.0341116
5.60832	0.0379006
5.60856	0.038699
5.60881	0.0338494
5.60905	0.0281678
5.6093	0.0284465
5.60954	0.0346536
5.60979	0.0387267
5.61003	0.033729
5.61028	0.022045
5.61052	0.0121542
5.61076	0.00892908
5.61101	0.0100481
5.61125	0.0112177
5.6115	0.0117447
5.61174	0.0139655
5.61199	0.0187919
5.61223	0.0232396
5.61248	0.0228583
5.61272	0.016738
5.61297	0.00920048
5.61321	0.0053838
5.61345	0.00606197
5.6137	0.00874134
5.61394	0.0124764
5.61419	0.0179224
5.61443	0.0230489
5.61468	0.0236445
5.61492	0.0193992
5.61517	0.0151101
5.61541	0.0139217
5.61566	0.0134754
5.6159	0.0110259
5.61615	0.00818523
5.61639	0.00790825
5.61663	0.0105725
5.61688	0.015247
5.61712	0.0203751
5.61737	0.021207
5.61761	0.0129939
5.61786	0.00045068
5.6181	-0.00333685
5.61835	0.00637776
5.61859	0.0170496
5.61884	0.0146433
5.61908	0.00264316
5.61933	-0.00420216
5.61957	-0.000664981
5.61981	0.00543662
5.62006	0.008153
5.6203	0.0100663
5.62055	0.0134393
5.62079	0.0151513
5.62104	0.0130258
5.62128	0.00948587
5.62153	0.0070148
5.62177	0.00616336
5.62202	0.00787898
5.62226	0.0111226
5.62251	0.00992581
5.62275	0.00141498
5.62299	-0.00530862
5.62324	0.000818492
5.62348	0.0149313
5.62373	0.020897
5.62397	0.0142754
5.62422	0.00694924
5.62446	0.00688175
5.62471	0.00837923
5.62495	0.00704605
5.6252	0.00874599
5.62544	0.0159476
5.62569	0.019643
5.62593	0.0143827
5.62617	0.00822872
5.62642	0.00776481
5.62666	0.0066308
5.62691	0.000263756
5.62715	-0.00226344
5.6274	0.00456771
5.62764	0.00792432
5.62789	-0.00291572
5.62813	-0.0139761
5.62838	-0.00652231
5.62862	0.00989835
5.62886	0.00997809
5.62911	-0.00641822
5.62935	-0.0136035
5.6296	-0.00160233
5.62984	0.00975885
5.63009	0.00569219
5.63033	-0.00126965
5.63058	0.00276286
5.63082	0.00811469
5.63107	0.00129881
5.63131	-0.00839898
5.63156	-0.00431476
5.6318	0.00732538
5.63204	0.00612827
5.63229	-0.00862515
5.63253	-0.0158505
5.63278	-0.00543559
5.63302	0.00730783
5.63327	0.00637486
5.63351	-0.0019797
5.63376	-0.00152052
5.634	0.00903388
5.63425	0.0153095
5.63449	0.00798984
5.63474	-0.00543552
5.63498	-0.0107552
5.63522	-0.00345233
5.63547	0.00744862
5.63571	0.0103758
5.63596	0.00414129
5.6362	-0.00135827
5.63645	0.00246765
5.63669	0.0120622
5.63694	0.0160482
5.63718	0.009416
5.63743	-0.000497905
5.63767	-0.00327659
5.63792	0.00263945
5.63816	0.00957526
5.6384	0.00996084
5.63865	0.00311245
5.63889	-0.0061863
5.63914	-0.0124429
5.63938	-0.0123981
5.63963	-0.00651077
5.63987	0.000588857
5.64012	0.00337422
5.64036	0.00140191
5.64061	4.32978e-05
5.64085	0.00269767
5.64109	0.00499128
5.64134	0.00136457
5.64158	-0.00489897
5.64183	-0.00534757
5.64207	6.45752e-05
5.64232	0.00199236
5.64256	-0.00290355
5.64281	-0.00515863
5.64305	0.0023487
5.6433	0.011254
5.64354	0.00961569
5.64379	0.000464354
5.64403	-0.00378189
5.64427	-0.00132291
5.64452	-0.00116032
5.64476	-0.00434266
5.64501	-0.00097016
5.64525	0.0106056
5.6455	0.0171193
5.64574	0.0106218
5.64599	0.00172088
5.64623	0.00195653
5.64648	0.00474425
5.64672	-0.00198152
5.64697	-0.0126211
5.64721	-0.010651
5.64745	0.00425941
5.6477	0.0130023
5.64794	0.00359571
5.64819	-0.0131353
5.64843	-0.0199507
5.64868	-0.014099
5.64892	-0.00498609
5.64917	0.00036604
5.64941	0.00141813
5.64966	-0.000748617
5.6499	-0.00460005
5.65015	-0.00700098
5.65039	-0.00637454
5.65063	-0.00495984
5.65088	-0.00447265
5.65112	-0.00305558
5.65137	-0.000272673
5.65161	-0.000481929
5.65186	-0.00595939
5.6521	-0.0110071
5.65235	-0.00949854
5.65259	-0.00487515
5.65284	-0.00508948
5.65308	-0.00993626
5.65332	-0.0116464
5.65357	-0.00719401
5.65381	-0.00157185
5.65406	0.00145055
5.6543	0.00330078
5.65455	0.00419568
5.65479	0.00152348
5.65504	-0.0029843
5.65528	-0.00322963
5.65553	0.000810784
5.65577	0.0016208
5.65602	-0.00269199
5.65626	-0.00364632
5.6565	0.00286372
5.65675	0.00731448
5.65699	0.00140918
5.65724	-0.00679125
5.65748	-0.00456717
5.65773	0.0053154
5.65797	0.0094036
5.65822	0.0041885
5.65846	-0.00206197
5.65871	-0.00559256
5.65895	-0.0105487
5.6592	-0.0159861
5.65944	-0.0139901
5.65968	-0.00351937
5.65993	0.00619666
5.66017	0.00886984
5.66042	0.0066376
5.66066	0.00122629
5.66091	-0.00743175
5.66115	-0.0126001
5.6614	-0.00606891
5.66164	0.00498881
5.66189	0.00361328
5.66213	-0.00941673
5.66238	-0.0130143
5.66262	0.000700503
5.66286	0.0114251
5.66311	0.00332129
5.66335	-0.00809345
5.6636	-0.00207568
5.66384	0.0118683
5.66409	0.0102655
5.66433	-0.00472847
5.66458	-0.0105284
5.66482	-0.00260857
5.66507	0.00169245
5.66531	-0.0030852
5.66555	-0.00258847
5.6658	0.00693276
5.66604	0.00860489
5.66629	-0.00470683
5.66653	-0.0152785
5.66678	-0.00941896
5.66702	0.000408476
5.66727	-0.00152407
5.66751	-0.0081727
5.66776	-0.00522376
5.668	0.00294876
5.66825	0.00329537
5.66849	-0.00141669
5.66873	0.000411284
5.66898	0.00545865
5.66922	0.00060212
5.66947	-0.0119684
5.66971	-0.0161385
5.66996	-0.00841573
5.6702	-0.00291165
5.67045	-0.0066516
5.67069	-0.00904717
5.67094	-0.00274918
5.67118	0.00237106
5.67143	-0.0032797
5.67167	-0.011389
5.67191	-0.0089754
5.67216	5.18139e-05
5.6724	0.00101513
5.67265	-0.00860616
5.67289	-0.0166295
5.67314	-0.0156191
5.67338	-0.0115673
5.67363	-0.0104702
5.67387	-0.00828377
5.67412	-0.000935132
5.67436	0.00476355
5.67461	2.30801e-05
5.67485	-0.010545
5.67509	-0.0129613
5.67534	-0.00306646
5.67558	0.00761406
5.67583	0.00780585
5.67607	0.000632977
5.67632	-0.00291489
5.67656	0.00109762
5.67681	0.00715388
5.67705	0.00924041
5.6773	0.00606906
5.67754	-0.000802435
5.67778	-0.00823388
5.67803	-0.0113426
5.67827	-0.00732003
5.67852	0.000170025
5.67876	0.0043196
5.67901	0.00311332
5.67925	0.000370398
5.6795	-0.000873459
5.67974	-0.00171414
5.67999	-0.00330082
5.68023	-0.003471
5.68048	0.000298446
5.68072	0.00646619
5.68096	0.00996559
5.68121	0.00731735
5.68145	0.000975059
5.6817	-0.00242875
5.68194	0.000209598
5.68219	0.00385332
5.68243	0.00224089
5.68268	-0.00179581
5.68292	0.000343063
5.68317	0.00866661
5.68341	0.0124754
5.68366	0.00629072
5.6839	-0.00164638
5.68414	-0.00314998
5.68439	-0.00256996
5.68463	-0.00629883
5.68488	-0.00918926
5.68512	-0.003942
5.68537	0.00342222
5.68561	0.00202224
5.68586	-0.00510817
5.6861	-0.00626702
5.68635	-0.00141904
5.68659	-0.000581504
5.68684	-0.00400622
5.68708	-0.00224264
5.68732	0.00388154
5.68757	0.00272612
5.68781	-0.00588932
5.68806	-0.00775809
5.6883	0.000795043
5.68855	0.0049674
5.68879	-0.00299169
5.68904	-0.00967672
5.68928	-0.00345666
5.68953	0.00641525
5.68977	0.00750956
5.69001	0.00461237
5.69026	0.00634916
5.6905	0.00622364
5.69075	-0.00414937
5.69099	-0.0145992
5.69124	-0.00980308
5.69148	0.00448906
5.69173	0.00907937
5.69197	0.000980598
5.69222	-0.00401032
5.69246	0.00295765
5.69271	0.0132333
5.69295	0.0167902
5.69319	0.0137842
5.69344	0.00815116
5.69368	0.00213223
5.69393	-0.00122346
5.69417	-0.000168331
5.69442	0.00117896
5.69466	-0.000934431
5.69491	-0.00208661
5.69515	0.0021247
5.6954	0.00510243
5.69564	-0.00100804
5.69589	-0.0096809
5.69613	-0.00908837
5.69637	-0.002671
5.69662	-0.00336051
5.69686	-0.00969171
5.69711	-0.00728542
5.69735	0.00495833
5.6976	0.0106166
5.69784	0.0024369
5.69809	-0.0062233
5.69833	-0.00436108
5.69858	0.000238506
5.69882	-0.00219664
5.69907	-0.00609167
5.69931	-0.00272209
5.69955	0.00285554
5.6998	0.000760021
5.70004	-0.00669811
5.70029	-0.0096761
5.70053	-0.00624033
5.70078	-0.0021801
5.70102	-0.000362855
5.70127	0.000379952
5.70151	0.000127157
5.70176	-0.000570356
5.702	0.00127215
5.70225	0.0048577
5.70249	0.00338402
5.70273	-0.00506812
5.70298	-0.0113362
5.70322	-0.0079698
5.70347	-0.00128678
5.70371	-0.00116613
5.70396	-0.00517483
5.7042	-0.00404719
5.70445	0.0017326
5.70469	0.00324396
5.70494	-0.00112553
5.70518	-0.0036355
5.70542	-0.00140736
5.70567	-0.00130478
5.70591	-0.00769047
5.70616	-0.0146664
5.7064	-0.0151683
5.70665	-0.0111215
5.70689	-0.00943274
5.70714	-0.0118717
5.70738	-0.0135501
5.70763	-0.00985177
5.70787	-0.00169481
5.70812	0.00581892
5.70836	0.00842695
5.7086	0.00613715
5.70885	0.00211962
5.70909	-0.000827165
5.70934	-0.0015756
5.70958	0.000467403
5.70983	0.00476972
5.71007	0.00785166
5.71032	0.00571328
5.71056	-0.000504033
5.71081	-0.00443739
5.71105	-0.00157071
5.7113	0.00629091
5.71154	0.0141003
5.71178	0.0173914
5.71203	0.0128926
5.71227	0.00107381
5.71252	-0.0100747
5.71276	-0.0100817
5.71301	0.00154627
5.71325	0.0132098
5.7135	0.0155117
5.71374	0.0123092
5.71399	0.0127139
5.71423	0.0174075
5.71448	0.0195939
5.71472	0.0161156
5.71496	0.0107054
5.71521	0.00743925
5.71545	0.00655198
5.7157	0.00635864
5.71594	0.00534755
5.71619	0.00291281
5.71643	0.000611002
5.71668	0.000996936
5.71692	0.00314193
5.71717	0.0023258
5.71741	-0.00299673
5.71765	-0.00741012
5.7179	-0.00525628
5.71814	0.00194664
5.71839	0.00826788
5.71863	0.0104551
5.71888	0.00894304
5.71912	0.00511765
5.71937	0.00111035
5.71961	-0.000675068
5.71986	-0.000627644
5.7201	-0.00124422
5.72035	-0.00187981
5.72059	0.000456256
5.72083	0.00355198
5.72108	0.00106961
5.72132	-0.00558319
5.72157	-0.00603468
5.72181	0.00266443
5.72206	0.0086997
5.7223	0.00314882
5.72255	-0.00522885
5.72279	-0.00438078
5.72304	0.000997586
5.72328	-0.00160846
5.72353	-0.0104961
5.72377	-0.0134159
5.72401	-0.00933615
5.72426	-0.008582
5.7245	-0.0121924
5.72475	-0.0097601
5.72499	-0.000313353
5.72524	0.0031535
5.72548	-0.00406112
5.72573	-0.00875874
5.72597	-0.00154907
5.72622	0.00694938
5.72646	0.0032958
5.72671	-0.00741401
5.72695	-0.0106983
5.72719	-0.00466327
5.72744	0.000684713
5.72768	0.000714291
5.72793	-0.000486934
5.72817	-0.00180283
5.72842	-0.00784594
5.72866	-0.0184654
5.72891	-0.0243294
5.72915	-0.0168206
5.7294	0.000987535
5.72964	0.0152182
5.72988	0.013389
5.73013	-0.00229037
5.73037	-0.0148412
5.73062	-0.0109026
5.73086	0.00158476
5.73111	0.0028578
5.73135	-0.0104833
5.7316	-0.0192365
5.73184	-0.00934804
5.73209	0.00731192
5.73233	0.0110874
5.73258	0.00239261
5.73282	-0.0036138
5.73306	-0.00250681
5.73331	-0.00300811
5.73355	-0.00697508
5.7338	-0.00541889
5.73404	0.00358832
5.73429	0.00947378
5.73453	0.00626679
5.73478	0.00101798
5.73502	-0.000225784
5.73527	-0.0012721
5.73551	-0.00388252
5.73576	-0.000672224
5.736	0.0105186
5.73624	0.0173729
5.73649	0.0102959
5.73673	-0.00104944
5.73698	-0.00212205
5.73722	0.00353394
5.73747	0.00141399
5.73771	-0.00894593
5.73796	-0.0136959
5.7382	-0.00853376
5.73845	-0.00495541
5.73869	-0.00904227
5.73894	-0.0106466
5.73918	-0.00141232
5.73942	0.0102682
5.73967	0.0126193
5.73991	0.00815885
5.74016	0.0066904
5.7404	0.00869731
5.74065	0.00774357
5.74089	0.00372272
5.74114	0.00154363
5.74138	0.000402882
5.74163	-0.00343031
5.74187	-0.00585674
5.74211	-2.17101e-05
5.74236	0.0088701
5.7426	0.00792146
5.74285	-0.0025052
5.74309	-0.00676655
5.74334	0.00199825
5.74358	0.00977918
5.74383	0.00273496
5.74407	-0.0112833
5.74432	-0.014618
5.74456	-0.00573523
5.74481	0.000329257
5.74505	-0.00527375
5.74529	-0.014688
5.74554	-0.0166583
5.74578	-0.0103823
5.74603	-0.0028893
5.74627	0.000528478
5.74652	-0.000430652
5.74676	-0.00328917
5.74701	-0.0051515
5.74725	-0.00461645
5.7475	-0.00270588
5.74774	-0.00127311
5.74799	-0.000982862
5.74823	-0.00147706
5.74847	-0.00168401
5.74872	0.000819945
5.74896	0.007521
5.74921	0.01459
5.74945	0.0150059
5.7497	0.00740447
5.74994	-0.00178669
5.75019	-0.00764886
5.75043	-0.0121623
5.75068	-0.0165149
5.75092	-0.015687
5.75117	-0.0075341
5.75141	-8.47273e-05
5.75165	-0.000705199
5.7519	-0.00396302
5.75214	-0.000833762
5.75239	0.00535301
5.75263	0.00499239
5.75288	0.000539522
5.75312	0.00350949
5.75337	0.0132905
5.75361	0.0149968
5.75386	0.00255021
5.7541	-0.0106128
5.75434	-0.0108867
5.75459	-0.00242685
5.75483	0.00269551
5.75508	0.00226378
5.75532	0.00216768
5.75557	0.00422755
5.75581	0.00571156
5.75606	0.00661827
5.7563	0.00884967
5.75655	0.0108748
5.75679	0.0101566
5.75704	0.00879476
5.75728	0.0111297
5.75752	0.0172607
5.75777	0.0228113
5.75801	0.0232941
5.75826	0.0168677
5.7585	0.00655546
5.75875	0.00108461
5.75899	0.0074946
5.75924	0.0205982
5.75948	0.0269685
5.75973	0.0225966
5.75997	0.0179053
5.76022	0.020429
5.76046	0.0228816
5.7607	0.0168572
5.76095	0.00862632
5.76119	0.00928633
5.76144	0.0160979
5.76168	0.0172728
5.76193	0.0113395
5.76217	0.00772916
5.76242	0.00967685
5.76266	0.0105442
5.76291	0.00765854
5.76315	0.00609344
5.7634	0.00629987
5.76364	0.00162547
5.76388	-0.0072298
5.76413	-0.00854029
5.76437	0.00237307
5.76462	0.013045
5.76486	0.0111229
5.76511	0.00182939
5.76535	-0.00249782
5.7656	-0.00154751
5.76584	-0.00261105
5.76609	-0.00364033
5.76633	0.00331359
5.76657	0.0139856
5.76682	0.0140857
5.76706	0.00203128
5.76731	-0.00641748
5.76755	-0.00215506
5.7678	0.00361059
5.76804	-0.000851363
5.76829	-0.0080702
5.76853	-0.00531696
5.76878	0.002294
5.76902	0.000152082
5.76927	-0.0102153
5.76951	-0.012984
5.76975	-0.00448979
5.77	0.00138723
5.77024	-0.00269921
5.77049	-0.006955
5.77073	-0.00461539
5.77098	-0.00440998
5.77122	-0.0120119
5.77147	-0.0156798
5.77171	-0.00530309
5.77196	0.00759208
5.7722	0.00634732
5.77245	-0.00415192
5.77269	-0.00609785
5.77293	0.00253193
5.77318	0.00749605
5.77342	0.00329306
5.77367	-0.000934395
5.77391	-0.000437144
5.77416	-0.00127071
5.7744	-0.00540898
5.77465	-0.00659568
5.77489	-0.00455812
5.77514	-0.00721026
5.77538	-0.0142816
5.77563	-0.0144913
5.77587	-0.00471096
5.77611	0.00313418
5.77636	0.000986673
5.7766	-0.00395629
5.77685	-0.00425661
5.77709	-0.00442955
5.77734	-0.00900272
5.77758	-0.0115398
5.77783	-0.0062059
5.77807	0.000758012
5.77832	0.0017132
5.77856	3.12816e-05
5.7788	0.00169839
5.77905	0.00384587
5.77929	0.00197894
5.77954	-0.000119405
5.77978	0.00187673
5.78003	0.00348752
5.78027	0.000269878
5.78052	-0.00214865
5.78076	0.00210745
5.78101	0.00711604
5.78125	0.00474253
5.7815	-0.000783578
5.78174	-0.000464885
5.78198	0.0031512
5.78223	0.000619406
5.78247	-0.00731057
5.78272	-0.010578
5.78296	-0.00619233
5.78321	-0.00164883
5.78345	-0.0019057
5.7837	-0.00319574
5.78394	-0.00103206
5.78419	0.0034131
5.78443	0.0062452
5.78468	0.00509231
5.78492	0.000682611
5.78516	-0.00232237
5.78541	0.00157832
5.78565	0.011282
5.7859	0.0180737
5.78614	0.0154644
5.78639	0.00631002
5.78663	-0.00218558
5.78688	-0.00537842
5.78712	-0.00151346
5.78737	0.00760615
5.78761	0.0145332
5.78786	0.0133832
5.7881	0.0104156
5.78834	0.0163773
5.78859	0.0271997
5.78883	0.0274755
5.78908	0.0165647
5.78932	0.0126533
5.78957	0.0231733
5.78981	0.031198
5.79006	0.0235119
5.7903	0.0123071
5.79055	0.0124298
5.79079	0.015722
5.79104	0.00855185
5.79128	-0.00118584
5.79152	0.00189578
5.79177	0.0120034
5.79201	0.0119065
5.79226	0.00210051
5.7925	-0.00367765
5.79275	-0.00425947
5.79299	-0.00828475
5.79324	-0.0123294
5.79348	-0.00657567
5.79373	0.00267036
5.79397	0.000954136
5.79421	-0.00776495
5.79446	-0.00737336
5.7947	0.00110686
5.79495	0.00241872
5.79519	-0.00337697
5.79544	-0.00167488
5.79568	0.00714091
5.79593	0.00741005
5.79617	-0.00120842
5.79642	-0.00202013
5.79666	0.00627787
5.79691	0.00528276
5.79715	-0.00872508
5.79739	-0.0159794
5.79764	-0.00808516
5.79788	-0.00236847
5.79813	-0.00933748
5.79837	-0.0140997
5.79862	-0.00525468
5.79886	0.00401447
5.79911	0.00109931
5.79935	-0.0035566
5.7996	0.00217155
5.79984	0.00940988
5.80009	0.00625836
5.80033	-0.000307819
5.80057	0.000536978
5.80082	0.00365544
5.80106	0.00133693
5.80131	-0.000170741
5.80155	0.00439493
5.8018	0.00484361
5.80204	-0.00493731
5.80229	-0.0100391
5.80253	0.00168398
5.80278	0.014922
5.80302	0.00938849
5.80327	-0.00673902
5.80351	-0.0107552
5.80375	-0.00165553
5.804	0.00337941
5.80424	0.000337477
5.80449	-0.000293121
5.80473	0.00150527
5.80498	-0.00458973
5.80522	-0.0153477
5.80547	-0.0150602
5.80571	-0.0024394
5.80596	0.00570304
5.8062	0.00118809
5.80644	-0.00509571
5.80669	-0.00405767
5.80693	-0.00136575
5.80718	-0.00333201
5.80742	-0.00576049
5.80767	-0.00429896
5.80791	-0.00315591
5.80816	-0.00616849
5.8084	-0.00915087
5.80865	-0.00753925
5.80889	-0.00383869
5.80914	-0.00245754
5.80938	-0.00357504
5.80962	-0.00571291
5.80987	-0.00854217
5.81011	-0.0103996
5.81036	-0.00821116
5.8106	-0.00196958
5.81085	0.00477473
5.81109	0.00949046
5.81134	0.0119579
5.81158	0.0117642
5.81183	0.00880252
5.81207	0.00524114
5.81232	0.0030376
5.81256	0.0011117
5.8128	-0.00162872
5.81305	-0.00332179
5.81329	-0.00292432
5.81354	-0.00313085
5.81378	-0.00526457
5.81403	-0.00555775
5.81427	-0.00128118
5.81452	0.0037405
5.81476	0.00452926
5.81501	0.00147041
5.81525	-0.00267259
5.8155	-0.00681433
5.81574	-0.00863208
5.81598	-0.00460823
5.81623	0.00235826
5.81647	0.00353117
5.81672	-0.00193532
5.81696	-0.00335269
5.81721	0.00425357
5.81745	0.009869
5.8177	0.003457
5.81794	-0.00686004
5.81819	-0.00702697
5.81843	0.00167698
5.81867	0.00706941
5.81892	0.00541075
5.81916	0.00267537
5.81941	0.00140987
5.81965	-0.00025723
5.8199	-0.000450594
5.82014	0.00278499
5.82039	0.00352406
5.82063	-0.0036092
5.82088	-0.0112182
5.82112	-0.00886203
5.82137	-0.00100701
5.82161	-0.000341157
5.82185	-0.00607736
5.8221	-0.00535315
5.82234	0.00402841
5.82259	0.00890271
5.82283	0.00167175
5.82308	-0.00862635
5.82332	-0.0109285
5.82357	-0.00612538
5.82381	-0.00167393
5.82406	-0.00150486
5.8243	-0.00520429
5.82455	-0.00984707
5.82479	-0.0105151
5.82503	-0.00547607
5.82528	-0.000715783
5.82552	-0.00235869
5.82577	-0.00668752
5.82601	-0.00626683
5.82626	-0.00293956
5.8265	-0.00392029
5.82675	-0.00774664
5.82699	-0.00678844
5.82724	-0.00203707
5.82748	-0.00150422
5.82773	-0.00450644
5.82797	-0.0026521
5.82821	0.00289171
5.82846	0.00185245
5.8287	-0.00443393
5.82895	-0.000947402
5.82919	0.0150618
5.82944	0.0234411
5.82968	0.00853616
5.82993	-0.0162227
5.83017	-0.0254755
5.83042	-0.0148259
5.83066	-0.00217526
5.8309	-0.00119461
5.83115	-0.00728273
5.83139	-0.00924126
5.83164	-0.0039549
5.83188	0.0028589
5.83213	0.00417249
5.83237	-0.00196667
5.83262	-0.0105854
5.83286	-0.0143593
5.83311	-0.0115427
5.83335	-0.00723642
5.8336	-0.00544058
5.83384	-0.00387374
5.83408	0.000533282
5.83433	0.00524649
5.83457	0.00542566
5.83482	0.000763438
5.83506	-0.00481259
5.83531	-0.00800566
5.83555	-0.00758831
5.8358	-0.0036491
5.83604	0.00118441
5.83629	0.00239992
5.83653	-0.000750148
5.83678	-0.00267261
5.83702	0.00107003
5.83726	0.0056568
5.83751	0.00209336
5.83775	-0.00976093
5.838	-0.019337
5.83824	-0.0187715
5.83849	-0.0127158
5.83873	-0.0101881
5.83898	-0.0110055
5.83922	-0.00785867
5.83947	-0.000586911
5.83971	0.00122029
5.83996	-0.00659088
5.8402	-0.0136728
5.84044	-0.00878443
5.84069	0.00346958
5.84093	0.00886401
5.84118	0.00306895
5.84142	-0.0050873
5.84167	-0.00827874
5.84191	-0.0080779
5.84216	-0.00756727
5.8424	-0.00701433
5.84265	-0.00822704
5.84289	-0.0130005
5.84313	-0.01569
5.84338	-0.00819733
5.84362	0.00554021
5.84387	0.0118653
5.84411	0.00714618
5.84436	0.0023915
5.8446	0.00422835
5.84485	0.00570322
5.84509	0.00205504
5.84534	0.000184185
5.84558	0.00361442
5.84583	0.00355783
5.84607	-0.00383384
5.84631	-0.00680471
5.84656	0.00149037
5.8468	0.00700406
5.84705	-0.00324393
5.84729	-0.0166812
5.84754	-0.0134562
5.84778	0.000846716
5.84803	0.0036674
5.84827	-0.00907768
5.84852	-0.0189951
5.84876	-0.0148645
5.84901	-0.00482999
5.84925	0.00184809
5.84949	0.00566432
5.84974	0.00707285
5.84998	0.00327162
5.85023	-0.00202348
5.85047	-0.000668813
5.85072	0.00574096
5.85096	0.00764728
5.85121	0.00410876
5.85145	0.00309503
5.8517	0.00529681
5.85194	0.00348855
5.85219	-0.0017584
5.85243	-0.00265646
5.85267	-0.00102753
5.85292	-0.00603315
5.85316	-0.0134495
5.85341	-0.00782514
5.85365	0.0100901
5.8539	0.019432
5.85414	0.0107321
5.85439	0.000515613
5.85463	0.00323754
5.85488	0.00850585
5.85512	0.00155934
5.85536	-0.0102683
5.85561	-0.010119
5.85585	0.000745167
5.8561	0.00668626
5.85634	0.00253547
5.85659	-0.00252143
5.85683	-0.00295682
5.85708	-0.00377195
5.85732	-0.00915471
5.85757	-0.0157322
5.85781	-0.0187639
5.85806	-0.0175139
5.8583	-0.0135657
5.85854	-0.00885347
5.85879	-0.00527343
5.85903	-0.00301579
5.85928	-0.000692248
5.85952	0.000993765
5.85977	-0.000839379
5.86001	-0.0056193
5.86026	-0.00814236
5.8605	-0.00579758
5.86075	-0.00243172
5.86099	-0.00223074
5.86124	-0.00422078
5.86148	-0.0054257
5.86172	-0.00497294
5.86197	-0.00285829
5.86221	0.000650667
5.86246	0.00256865
5.8627	-0.000658632
5.86295	-0.00681053
5.86319	-0.00891829
5.86344	-0.00436139
5.86368	0.00201734
5.86393	0.00475323
5.86417	0.00246434
5.86442	-0.00402445
5.86466	-0.0116927
5.8649	-0.0137632
5.86515	-0.00597915
5.86539	0.00510332
5.86564	0.00800469
5.86588	0.00105886
5.86613	-0.00672555
5.86637	-0.00928618
5.86662	-0.00862899
5.86686	-0.00634746
5.86711	-0.00100733
5.86735	0.00438082
5.8676	0.00328773
5.86784	-0.00321962
5.86808	-0.00658233
5.86833	-0.00442426
5.86857	-0.00349277
5.86882	-0.00644632
5.86906	-0.00720325
5.86931	-0.00305067
5.86955	1.11504e-05
5.8698	-0.00173753
5.87004	-0.00428932
5.87029	-0.00543654
5.87053	-0.00851272
5.87077	-0.0127069
5.87102	-0.0115153
5.87126	-0.00514639
5.87151	-0.00193319
5.87175	-0.00275679
5.872	0.0020188
5.87224	0.01394
5.87249	0.0195591
5.87273	0.0108152
5.87298	-0.00134253
5.87322	-0.00383268
5.87347	0.0003262
5.87371	0.001218
5.87395	-0.00185886
5.8742	-0.00438072
5.87444	-0.00639087
5.87469	-0.00772573
5.87493	-0.00341587
5.87518	0.00581047
5.87542	0.00869679
5.87567	-0.000301855
5.87591	-0.0104196
5.87616	-0.0112159
5.8764	-0.00862377
5.87665	-0.0120385
5.87689	-0.0165595
5.87713	-0.0125875
5.87738	-0.00358144
5.87762	0.000765591
5.87787	0.000799682
5.87811	0.00173701
5.87836	0.000780912
5.8786	-0.0050302
5.87885	-0.00667639
5.87909	0.00351911
5.87934	0.0136879
5.87958	0.00700273
5.87983	-0.0103414
5.88007	-0.016069
5.88031	-0.00466366
5.88056	0.00703032
5.8808	0.00742956
5.88105	0.00323572
5.88129	0.00144702
5.88154	-0.00238813
5.88178	-0.0108806
5.88203	-0.0157152
5.88227	-0.0108113
5.88252	-0.00294049
5.88276	-0.0011494
5.883	-0.00460785
5.88325	-0.00761383
5.88349	-0.00876144
5.88374	-0.00911975
5.88398	-0.00791944
5.88423	-0.00526971
5.88447	-0.00395092
5.88472	-0.0047673
5.88496	-0.00474396
5.88521	-0.00218598
5.88545	0.000972196
5.8857	0.00270292
5.88594	0.00202057
5.88618	-0.00268949
5.88643	-0.0104509
5.88667	-0.0143295
5.88692	-0.00903986
5.88716	-0.000616138
5.88741	0.000569463
5.88765	-0.0044129
5.8879	-0.00500712
5.88814	0.000651683
5.88839	0.00211926
5.88863	-0.00510424
5.88888	-0.0102663
5.88912	-0.00386957
5.88936	0.00643665
5.88961	0.00634484
5.88985	-0.00474798
5.8901	-0.0138314
5.89034	-0.0122939
5.89059	-0.00520191
5.89083	-0.00219834
5.89108	-0.00538306
5.89132	-0.00864261
5.89157	-0.00625054
5.89181	0.00023187
5.89206	0.00408827
5.8923	0.00188353
5.89254	-0.00223037
5.89279	-0.00221063
5.89303	0.00221461
5.89328	0.00665757
5.89352	0.00855134
5.89377	0.00795933
5.89401	0.00393612
5.89426	-0.00355021
5.8945	-0.00853225
5.89475	-0.00358445
5.89499	0.00832489
5.89523	0.0136662
5.89548	0.00469455
5.89572	-0.00940276
5.89597	-0.0135935
5.89621	-0.0058156
5.89646	0.00213221
5.8967	0.00145546
5.89695	-0.00337235
5.89719	-0.00382806
5.89744	-0.000551827
5.89768	-0.00103247
5.89793	-0.00657137
5.89817	-0.00941267
5.89841	-0.00480946
5.89866	0.00101706
5.8989	0.000243658
5.89915	-0.00425214
5.89939	-0.00351601
5.89964	0.00289961
5.89988	0.00564593
5.90013	-0.000356295
5.90037	-0.00844879
5.90062	-0.00980116
5.90086	-0.00449729
5.90111	0.000258557
5.90135	-0.00114647
5.90159	-0.00789931
5.90184	-0.0129642
5.90208	-0.008019
5.90233	0.00634129
5.90257	0.0159388
5.90282	0.00685761
5.90306	-0.0148197
5.90331	-0.0267584
5.90355	-0.0173796
5.9038	0.000564787
5.90404	0.00874422
5.90429	0.00564351
5.90453	0.00213135
5.90477	0.00296162
5.90502	0.00342224
5.90526	0.000247059
5.90551	-0.00393262
5.90575	-0.00595606
5.906	-0.00520119
5.90624	-0.00212396
5.90649	0.00176095
5.90673	0.0038285
5.90698	0.00312537
5.90722	0.00100587
5.90746	-0.00208236
5.90771	-0.00626928
5.90795	-0.00845907
5.9082	-0.00524079
5.90844	0.000131215
5.90869	0.00181061
5.90893	0.00224929
5.90918	0.00788848
5.90942	0.013472
5.90967	0.00581605
5.90991	-0.0127086
5.91016	-0.0215803
5.9104	-0.0113735
5.91064	0.00121551
5.91089	-0.000864368
5.91113	-0.0104908
5.91138	-0.0122318
5.91162	-0.00758541
5.91187	-0.00664953
5.91211	-0.00721624
5.91236	-0.00176064
5.9126	0.00435048
5.91285	0.00133546
5.91309	-0.00607722
5.91334	-0.00705708
5.91358	-0.00427245
5.91382	-0.00588698
5.91407	-0.00655692
5.91431	0.00191705
5.91456	0.00892089
5.9148	-0.0012843
5.91505	-0.0196956
5.91529	-0.0229155
5.91554	-0.0105371
5.91578	-0.00421826
5.91603	-0.00954018
5.91627	-0.00876257
5.91652	0.00375015
5.91676	0.00913968
5.917	-0.00274132
5.91725	-0.0151182
5.91749	-0.0128933
5.91774	-0.00555127
5.91798	-0.00628639
5.91823	-0.00943568
5.91847	-0.00542356
5.91872	-0.000120486
5.91896	-0.00213148
5.91921	-0.00573949
5.91945	-0.00275487
5.91969	0.0019025
5.91994	0.00143994
5.92018	0.00103248
5.92043	0.00563846
5.92067	0.00701357
5.92092	-0.00130265
5.92116	-0.00834849
5.92141	-0.00220635
5.92165	0.00856405
5.9219	0.00803988
5.92214	-0.00110173
5.92239	-0.00341368
5.92263	0.00335269
5.92287	0.00652249
5.92312	0.000192976
5.92336	-0.00768821
5.92361	-0.00965339
5.92385	-0.00712805
5.9241	-0.00448937
5.92434	-0.00464076
5.92459	-0.00900256
5.92483	-0.0138505
5.92508	-0.0106986
5.92532	0.00131724
5.92557	0.00942673
5.92581	0.00365011
5.92605	-0.00721224
5.9263	-0.00789899
5.92654	0.000895537
5.92679	0.00600709
5.92703	0.00330407
5.92728	0.000763159
5.92752	0.00174774
5.92777	0.000190177
5.92801	-0.00613145
5.92826	-0.010618
5.9285	-0.0094417
5.92875	-0.00744744
5.92899	-0.00844596
5.92923	-0.00807542
5.92948	-0.00111018
5.92972	0.00942026
5.92997	0.0146164
5.93021	0.00936935
5.93046	-0.00166122
5.9307	-0.00758214
5.93095	-0.00290086
5.93119	0.00425413
5.93144	0.000847538
5.93168	-0.012758
5.93192	-0.0210778
5.93217	-0.0140537
5.93241	-0.000511881
5.93266	0.00537768
5.9329	0.00247591
5.93315	-0.000987181
5.93339	-0.00177544
5.93364	-0.00238159
5.93388	-0.00317645
5.93413	-0.0034519
5.93437	-0.0053957
5.93462	-0.00863696
5.93486	-0.00683692
5.9351	0.00156719
5.93535	0.0065639
5.93559	0.00082557
5.93584	-0.006808
5.93608	-0.00444078
5.93633	0.0030761
5.93657	0.00163924
5.93682	-0.00947533
5.93706	-0.0171002
5.93731	-0.0139353
5.93755	-0.0056104
5.9378	0.000390026
5.93804	0.0013201
5.93828	-0.00276971
5.93853	-0.00694457
5.93877	-0.00192247
5.93902	0.0119357
5.93926	0.017965
5.93951	0.00459857
5.93975	-0.0140823
5.94	-0.0166446
5.94024	-0.00618459
5.94049	-0.00297807
5.94073	-0.0103805
5.94098	-0.0126673
5.94122	-0.00562801
5.94146	-0.00256314
5.94171	-0.00643763
5.94195	-0.00332025
5.9422	0.0088132
5.94244	0.0118442
5.94269	-0.000115552
5.94293	-0.00648536
5.94318	0.00521176
5.94342	0.0153043
5.94367	0.00414451
5.94391	-0.0129972
5.94416	-0.00978515
5.9444	0.00794381
5.94464	0.012361
5.94489	-0.00155956
5.94513	-0.0118237
5.94538	-0.0084289
5.94562	-0.00700369
5.94587	-0.0173139
5.94611	-0.0239575
5.94636	-0.0116611
5.9466	0.00848466
5.94685	0.0142779
5.94709	0.00353582
5.94733	-0.00569173
5.94758	-0.00211127
5.94782	0.005446
5.94807	0.00381754
5.94831	-0.00511132
5.94856	-0.00783641
5.9488	0.000984166
5.94905	0.0100634
5.94929	0.00633637
5.94954	-0.00701125
5.94978	-0.014828
5.95003	-0.0103996
5.95027	-0.00205782
5.95051	0.00186427
5.95076	0.0037169
5.951	0.00678088
5.95125	0.00553161
5.95149	-0.00454628
5.95174	-0.0150183
5.95198	-0.0142277
5.95223	-0.00482833
5.95247	0.000168731
5.95272	-0.00305658
5.95296	-0.00543472
5.95321	-0.00122457
5.95345	0.00358873
5.95369	0.00231574
5.95394	-0.00263965
5.95418	-0.00597764
5.95443	-0.00827348
5.95467	-0.0126796
5.95492	-0.0173849
5.95516	-0.0171256
5.95541	-0.0106225
5.95565	-0.00269497
5.9559	0.000804559
5.95614	-0.00141776
5.95639	-0.0052775
5.95663	-0.00587937
5.95687	-0.00339847
5.95712	-0.0029087
5.95736	-0.00686871
5.95761	-0.0104729
5.95785	-0.00808353
5.9581	-0.00186446
5.95834	0.00135104
5.95859	0.000434818
5.95883	0.000570432
5.95908	0.00314092
5.95932	0.00248625
5.95956	-0.00424984
5.95981	-0.0109399
5.96005	-0.0113701
5.9603	-0.0089228
5.96054	-0.0104115
5.96079	-0.013923
5.96103	-0.0115371
5.96128	-0.00330336
5.96152	0.00116708
5.96177	-0.00227363
5.96201	-0.0049814
5.96226	0.000617114
5.9625	0.00760891
5.96274	0.00447521
5.96299	-0.00654735
5.96323	-0.0125425
5.96348	-0.00973124
5.96372	-0.0075822
5.96397	-0.0114527
5.96421	-0.0141747
5.96446	-0.0101173
5.9647	-0.0051949
5.96495	-0.00475487
5.96519	-0.00303165
5.96544	0.00450436
5.96568	0.00876843
5.96592	0.0009246
5.96617	-0.00967876
5.96641	-0.00781439
5.96666	0.00284783
5.9669	0.00530999
5.96715	-0.00288712
5.96739	-0.00678213
5.96764	-0.000237839
5.96788	0.00454931
5.96813	-0.000852106
5.96837	-0.00737391
5.96862	-0.00498517
5.96886	0.00221387
5.9691	0.00632905
5.96935	0.00766251
5.96959	0.00762705
5.96984	0.00274241
5.97008	-0.00520958
5.97033	-0.00616173
5.97057	0.00138323
5.97082	0.00418335
5.97106	-0.00400497
5.97131	-0.00931162
5.97155	-0.000679629
5.97179	0.00854637
5.97204	0.000583777
5.97228	-0.0164808
5.97253	-0.0197234
5.97277	-0.00604831
5.97302	0.00580678
5.97326	0.00510796
5.97351	0.000145231
5.97375	-0.000907614
5.974	-0.000784956
5.97424	-0.00169688
5.97449	6.40506e-05
5.97473	0.00370182
5.97497	0.00236233
5.97522	-0.00375474
5.97546	-0.00543499
5.97571	0.000541913
5.97595	0.00629108
5.9762	0.0062306
5.97644	0.00419524
5.97669	0.00373149
5.97693	0.00241658
5.97718	-0.000659199
5.97742	-0.00227623
5.97767	-0.00272359
5.97791	-0.00535957
5.97815	-0.00667968
5.9784	0.000598306
5.97864	0.0119028
5.97889	0.0126399
5.97913	0.000680623
5.97938	-0.00798308
5.97962	-0.00387401
5.97987	0.000567629
5.98011	-0.00809243
5.98036	-0.0206465
5.9806	-0.0179372
5.98085	0.000187633
5.98109	0.0142732
5.98133	0.0113055
5.98158	-0.00178943
5.98182	-0.0110478
5.98207	-0.0111027
5.98231	-0.0056288
5.98256	-0.000178038
5.9828	0.0016812
5.98305	-0.000546175
5.98329	-0.00391315
5.98354	-0.00446665
5.98378	-0.00167163
5.98402	0.000279665
5.98427	-0.00319795
5.98451	-0.010585
5.98476	-0.0133091
5.985	-0.00517537
5.98525	0.00653756
5.98549	0.00624054
5.98574	-0.0089216
5.98598	-0.0210955
5.98623	-0.014513
5.98647	0.000546498
5.98672	0.00112608
5.98696	-0.0145154
5.9872	-0.0245237
5.98745	-0.0166957
5.98769	-0.00447235
5.98794	-0.00221191
5.98818	-0.00343876
5.98843	0.00270049
5.98867	0.00879635
5.98892	0.0012666
5.98916	-0.0144585
5.98941	-0.020183
5.98965	-0.0123142
5.9899	-0.00491833
5.99014	-0.00606005
5.99038	-0.00820059
5.99063	-0.004857
5.99087	-0.00120727
5.99112	-0.00218884
5.99136	-0.00307333
5.99161	-0.000104442
5.99185	5.04277e-05
5.9921	-0.00826637
5.99234	-0.0163401
5.99259	-0.011572
5.99283	0.00191526
5.99308	0.00622447
5.99332	-0.0048823
5.99356	-0.0156624
5.99381	-0.0104793
5.99405	0.00325809
5.9943	0.00576896
5.99454	-0.00616287
5.99479	-0.015119
5.99503	-0.00924775
5.99528	0.00175897
5.99552	0.00370477
5.99577	-0.0013958
5.99601	-0.00280363
5.99625	-0.000176502
5.9965	-0.0013198
5.99674	-0.00598363
5.99699	-0.0064942
5.99723	-0.00256601
5.99748	-0.0014473
5.99772	-0.00372286
5.99797	-0.00289496
5.99821	0.000422843
5.99846	-0.00151843
5.9987	-0.00759699
5.99895	-0.00738437
5.99919	-0.000540253
5.99943	-0.000339786
5.99968	-0.0111879
5.99992	-0.0187756
6.00017	-0.0123627
6.00041	-0.00207365
6.00066	-0.00188171
6.0009	-0.0081942
6.00115	-0.00919268
6.00139	-0.0048275
6.00164	-0.00265206
6.00188	-0.0021059
6.00213	0.00188738
6.00237	0.0059546
6.00261	0.0037855
6.00286	-0.000283137
6.0031	0.00217358
6.00335	0.00752876
6.00359	0.00552462
6.00384	-0.00185275
6.00408	-0.00246392
6.00433	0.00539476
6.00457	0.0096362
6.00482	0.00356472
6.00506	-0.00527193
6.00531	-0.00885355
6.00555	-0.00911379
6.00579	-0.00992349
6.00604	-0.0090376
6.00628	-0.00394894
6.00653	0.00177979
6.00677	0.00344888
6.00702	0.00131267
6.00726	-0.00188477
6.00751	-0.00487669
6.00775	-0.00670856
6.008	-0.00586258
6.00824	-0.00293722
6.00848	-0.00111637
6.00873	-0.00262829
6.00897	-0.0067644
6.00922	-0.0107476
6.00946	-0.0105043
6.00971	-0.00346953
6.00995	0.00598506
6.0102	0.00812589
6.01044	0.000189161
6.01069	-0.00742381
6.01093	-0.00452638
6.01118	0.00353436
6.01142	0.00334566
6.01166	-0.00643833
6.01191	-0.0132091
6.01215	-0.00865765
6.0124	0.00142455
6.01264	0.00765412
6.01289	0.00840612
6.01313	0.00729959
6.01338	0.00639133
6.01362	0.00554127
6.01387	0.0039443
6.01411	0.000143015
6.01436	-0.00584186
6.0146	-0.0102668
6.01484	-0.00993988
6.01509	-0.00784233
6.01533	-0.00899382
6.01558	-0.011858
6.01582	-0.0106402
6.01607	-0.0057006
6.01631	-0.00393889
6.01656	-0.00760343
6.0168	-0.0100975
6.01705	-0.00572348
6.01729	0.00209483
6.01754	0.00543267
6.01778	0.00111321
6.01802	-0.00676725
6.01827	-0.0111834
6.01851	-0.00853173
6.01876	-0.00249359
6.019	-0.000501352
6.01925	-0.00467529
6.01949	-0.00937905
6.01974	-0.0101376
6.01998	-0.00979168
6.02023	-0.0114952
6.02047	-0.0118813
6.02071	-0.00784046
6.02096	-0.00400683
6.0212	-0.00521774
6.02145	-0.0074644
6.02169	-0.00584455
6.02194	-0.00521136
6.02218	-0.0110911
6.02243	-0.0159878
6.02267	-0.00935656
6.02292	0.00302789
6.02316	0.00637653
6.02341	0.00113048
6.02365	0.000988531
6.02389	0.00644428
6.02414	0.00185999
6.02438	-0.0154601
6.02463	-0.0250687
6.02487	-0.0140066
6.02512	0.000992589
6.02536	-0.00211555
6.02561	-0.0181766
6.02585	-0.0250068
6.0261	-0.0167222
6.02634	-0.00762461
6.02659	-0.00695068
6.02683	-0.0084395
6.02707	-0.00605729
6.02732	-0.00405389
6.02756	-0.00643253
6.02781	-0.00830509
6.02805	-0.00438388
6.0283	0.00171088
6.02854	0.00316708
6.02879	8.79516e-06
6.02903	-0.00269322
6.02928	-0.00369716
6.02952	-0.00637939
6.02977	-0.0109358
6.03001	-0.0117104
6.03025	-0.00542477
6.0305	0.00165368
6.03074	0.000145205
6.03099	-0.00951222
6.03123	-0.0164777
6.03148	-0.013715
6.03172	-0.0070219
6.03197	-0.00588748
6.03221	-0.0104568
6.03246	-0.0133727
6.0327	-0.0107241
6.03295	-0.00455474
6.03319	0.00257601
6.03343	0.00837729
6.03368	0.00831221
6.03392	0.000130348
6.03417	-0.00982407
6.03441	-0.012187
6.03466	-0.00632806
6.0349	-3.26444e-05
6.03515	0.00189373
6.03539	0.00170957
6.03564	0.00181693
6.03588	0.00113224
6.03612	-0.000873416
6.03637	-0.0026159
6.03661	-0.00359691
6.03686	-0.00465409
6.0371	-0.00595358
6.03735	-0.00833982
6.03759	-0.0130471
6.03784	-0.0158709
6.03808	-0.00863746
6.03833	0.00636007
6.03857	0.0124948
6.03882	0.000820406
6.03906	-0.0132359
6.0393	-0.010888
6.03955	0.00052083
6.03979	-0.000579249
6.04004	-0.0137791
6.04028	-0.0169505
6.04053	-0.00328076
6.04077	0.00765541
6.04102	0.00210685
6.04126	-0.0086762
6.04151	-0.0115793
6.04175	-0.011622
6.042	-0.0155768
6.04224	-0.0156224
6.04248	-0.00550519
6.04273	0.00338371
6.04297	-0.00086912
6.04322	-0.010594
6.04346	-0.0117787
6.04371	-0.00591815
6.04395	-0.00291158
6.0442	-0.00280032
6.04444	-0.000415759
6.04469	0.00128777
6.04493	-0.00181248
6.04518	-0.00345803
6.04542	0.00221559
6.04566	0.00693499
6.04591	0.001036
6.04615	-0.00831525
6.0464	-0.00816417
6.04664	-0.00165373
6.04689	-0.00169685
6.04713	-0.00887258
6.04738	-0.012902
6.04762	-0.0112016
6.04787	-0.00895834
6.04811	-0.00538128
6.04835	0.00276585
6.0486	0.00813264
6.04884	0.00135874
6.04909	-0.0105294
6.04933	-0.0127006
6.04958	-0.00656685
6.04982	-0.0055902
6.05007	-0.00917231
6.05031	-0.00314264
6.05056	0.0120652
6.0508	0.017007
6.05105	0.00348889
6.05129	-0.0118705
6.05153	-0.0137693
6.05178	-0.00916713
6.05202	-0.0103505
6.05227	-0.0134085
6.05251	-0.00811137
6.05276	0.00253738
6.053	0.00755473
6.05325	0.00528888
6.05349	0.00229515
6.05374	0.000154725
6.05398	-0.00440597
6.05423	-0.0092551
6.05447	-0.00778506
6.05471	0.000167946
6.05496	0.00669614
6.0552	0.00597197
6.05545	0.000430354
6.05569	-0.00377979
6.05594	-0.00350112
6.05618	-0.000302517
6.05643	0.00172826
6.05667	-0.000354337
6.05692	-0.00531219
6.05716	-0.00851918
6.05741	-0.00669141
6.05765	-0.00145633
6.05789	0.00207845
6.05814	-1.27033e-06
6.05838	-0.00661839
6.05863	-0.012036
6.05887	-0.0111658
6.05912	-0.0051792
6.05936	-0.000161606
6.05961	0.000259064
6.05985	-0.00159168
6.0601	-0.00171835
6.06034	0.0010859
6.06058	0.00529719
6.06083	0.00717736
6.06107	0.00210493
6.06132	-0.00848245
6.06156	-0.0131881
6.06181	-0.00373598
6.06205	0.00852064
6.0623	0.00353693
6.06254	-0.0168293
6.06279	-0.0265625
6.06303	-0.012387
6.06328	0.00559328
6.06352	0.00485877
6.06376	-0.00549529
6.06401	-0.00294846
6.06425	0.00985567
6.0645	0.0113065
6.06474	-0.00120895
6.06499	-0.00801273
6.06523	-0.00177139
6.06548	0.00208182
6.06572	-0.0049596
6.06597	-0.00977703
6.06621	-0.00288083
6.06646	0.00363794
6.0667	-0.00266917
6.06694	-0.0127442
6.06719	-0.0110753
6.06743	-0.000210074
6.06768	0.00538974
6.06792	0.00193964
6.06817	-0.00166155
6.06841	-0.000147248
6.06866	0.00205753
6.0689	0.000171026
6.06915	-0.00401212
6.06939	-0.00524819
6.06964	-0.00105316
6.06988	0.00508886
6.07012	0.00643214
6.07037	0.00130161
6.07061	-0.00307143
6.07086	-0.000186473
6.0711	0.00487017
6.07135	0.00224686
6.07159	-0.00697805
6.07184	-0.0119444
6.07208	-0.00821401
6.07233	-0.00195499
6.07257	0.00224554
6.07281	0.00591928
6.07306	0.00769462
6.0733	0.00222912
6.07355	-0.00851996
6.07379	-0.0143654
6.07404	-0.0111303
6.07428	-0.00585027
6.07453	-0.0049421
6.07477	-0.00717151
6.07502	-0.010116
6.07526	-0.0127432
6.07551	-0.0106104
6.07575	-0.000870915
6.07599	0.00741051
6.07624	0.0025031
6.07648	-0.00941849
6.07673	-0.00991258
6.07697	0.00289155
6.07722	0.0102188
6.07746	0.0027324
6.07771	-0.00557687
6.07795	-0.00227335
6.0782	0.00485568
6.07844	0.0057089
6.07869	0.00552649
6.07893	0.0106301
6.07917	0.0137363
6.07942	0.00872892
6.07966	0.00423517
6.07991	0.00669765
6.08015	0.00573016
6.0804	-0.00630025
6.08064	-0.0158164
6.08089	-0.00917114
6.08113	0.0021456
6.08138	-5.96342e-05
6.08162	-0.00929222
6.08187	-0.00639406
6.08211	0.00612456
6.08235	0.00855819
6.0826	-0.00194158
6.08284	-0.00854412
6.08309	-0.00523855
6.08333	-0.00442443
6.08358	-0.0112629
6.08382	-0.0144156
6.08407	-0.0083395
6.08431	-0.00375452
6.08456	-0.00803478
6.0848	-0.0130959
6.08504	-0.0112441
6.08529	-0.00771614
6.08553	-0.00890698
6.08578	-0.0112829
6.08602	-0.0103072
6.08627	-0.00910954
6.08651	-0.0105574
6.08676	-0.01047
6.087	-0.00574386
6.08725	-0.000914409
6.08749	-0.000693865
6.08774	-0.00322367
6.08798	-0.00508584
6.08822	-0.00589078
6.08847	-0.00489696
6.08871	-0.000724302
6.08896	0.00341854
6.0892	0.00258398
6.08945	-0.000439063
6.08969	0.00172005
6.08994	0.00705257
6.09018	0.00537094
6.09043	-0.00345729
6.09067	-0.00601999
6.09092	0.00333139
6.09116	0.0107135
6.0914	0.002562
6.09165	-0.0127821
6.09189	-0.0159929
6.09214	-0.00368744
6.09238	0.00823221
6.09263	0.00687935
6.09287	-0.00288297
6.09312	-0.00839969
6.09336	-0.00612853
6.09361	-0.00338384
6.09385	-0.00597989
6.0941	-0.00967653
6.09434	-0.00664727
6.09458	0.00197683
6.09483	0.00577563
6.09507	-0.000853971
6.09532	-0.00988587
6.09556	-0.00991834
6.09581	-0.00111922
6.09605	0.00615706
6.0963	0.00473651
6.09654	-0.00344985
6.09679	-0.011988
6.09703	-0.0143359
6.09727	-0.00695773
6.09752	0.00489396
6.09776	0.0083476
6.09801	-0.00193066
6.09825	-0.013844
6.0985	-0.0127996
6.09874	-0.002292
6.09899	0.0024169
6.09923	-0.00227436
6.09948	-0.00584078
6.09972	-0.00367438
6.09997	-0.00319479
6.10021	-0.00712993
6.10045	-0.006744
6.1007	0.00205146
6.10094	0.00980514
6.10119	0.0084855
6.10143	0.00328571
6.10168	0.00120642
6.10192	-0.00100526
6.10217	-0.00803219
6.10241	-0.0146673
6.10266	-0.0137599
6.1029	-0.00845628
6.10315	-0.00676063
6.10339	-0.00931881
6.10363	-0.0110961
6.10388	-0.0101508
6.10412	-0.00711858
6.10437	-0.00119085
6.10461	0.00596854
6.10486	0.00769725
6.1051	0.00130342
6.10535	-0.00576327
6.10559	-0.0063203
6.10584	-0.00415673
6.10608	-0.00574863
6.10633	-0.00749622
6.10657	-0.00216169
6.10681	0.00632106
6.10706	0.00684064
6.1073	-0.0014943
6.10755	-0.00778959
6.10779	-0.00587628
6.10804	-0.00151833
6.10828	-0.000934922
6.10853	-0.00218612
6.10877	-0.00188032
6.10902	-0.00182886
6.10926	-0.00383046
6.10951	-0.00468432
6.10975	-0.0021119
6.10999	-0.000295406
6.11024	-0.00349639
6.11048	-0.00836513
6.11073	-0.00902145
6.11097	-0.00650561
6.11122	-0.00598865
6.11146	-0.00677526
6.11171	-0.00384163
6.11195	0.000753983
6.1122	-0.00169005
6.11244	-0.0110153
6.11268	-0.0136676
6.11293	-0.00189224
6.11317	0.0112824
6.11342	0.0083791
6.11366	-0.00688604
6.11391	-0.0153784
6.11415	-0.0116771
6.1144	-0.00945227
6.11464	-0.0151277
6.11489	-0.0162155
6.11513	-0.00540416
6.11538	0.00260821
6.11562	-0.00568473
6.11586	-0.0176028
6.11611	-0.0127381
6.11635	0.00383778
6.1166	0.00956914
6.11684	0.000220443
6.11709	-0.00624303
6.11733	-0.00121445
6.11758	0.00293705
6.11782	-0.00266761
6.11807	-0.00899955
6.11831	-0.00731593
6.11856	-0.0032224
6.1188	-0.00299975
6.11904	-0.00194298
6.11929	0.00360532
6.11953	0.0069445
6.11978	0.00382472
6.12002	0.00123772
6.12027	0.00352592
6.12051	0.00319689
6.12076	-0.00393775
6.121	-0.00838815
6.12125	-0.0039292
6.12149	-0.00114622
6.12174	-0.00978413
6.12198	-0.0203076
6.12222	-0.0193004
6.12247	-0.0119791
6.12271	-0.011348
6.12296	-0.0143846
6.1232	-0.00889402
6.12345	0.00266531
6.12369	0.00703006
6.12394	0.003747
6.12418	0.00374074
6.12443	0.00590863
6.12467	-0.00252844
6.12491	-0.0198226
6.12516	-0.0258585
6.1254	-0.0119071
6.12565	0.00454114
6.12589	0.0049298
6.12614	-0.00566312
6.12638	-0.0106854
6.12663	-0.006811
6.12687	-0.00315388
6.12712	-0.00356823
6.12736	-0.00302521
6.12761	0.00122101
6.12785	0.00525936
6.12809	0.00505506
6.12834	0.000653399
6.12858	-0.00578421
6.12883	-0.0112326
6.12907	-0.0117359
6.12932	-0.00542641
6.12956	0.00397307
6.12981	0.00927297
6.13005	0.00634196
6.1303	-0.00186364
6.13054	-0.00777836
6.13079	-0.00657707
6.13103	-0.00169677
6.13127	-0.00102425
6.13152	-0.00625535
6.13176	-0.00972287
6.13201	-0.00526388
6.13225	0.00198589
6.1325	0.00257029
6.13274	-0.00367005
6.13299	-0.00839853
6.13323	-0.00756565
6.13348	-0.00519788
6.13372	-0.00439585
6.13397	-0.00287087
6.13421	0.000646645
6.13445	0.00267999
6.1347	0.000483221
6.13494	-0.00410039
6.13519	-0.00818488
6.13543	-0.0104137
6.13568	-0.00928325
6.13592	-0.00458703
6.13617	-0.00102576
6.13641	-0.00368116
6.13666	-0.00905792
6.1369	-0.0083505
6.13714	-0.00127535
6.13739	0.00225539
6.13763	-0.00227418
6.13788	-0.00620872
6.13812	-0.00175508
6.13837	0.00483191
6.13861	0.00321106
6.13886	-0.00381039
6.1391	-0.00390672
6.13935	0.0056828
6.13959	0.0130852
6.13984	0.00794805
6.14008	-0.00486708
6.14032	-0.0119627
6.14057	-0.00787339
6.14081	-0.000479437
6.14106	-0.000534624
6.1413	-0.00873846
6.14155	-0.0152491
6.14179	-0.011906
6.14204	-0.0020909
6.14228	0.00431829
6.14253	0.00365798
6.14277	0.000974132
6.14302	0.000169062
6.14326	-0.0015636
6.1435	-0.00661714
6.14375	-0.0105197
6.14399	-0.00795483
6.14424	-0.00123195
6.14448	0.00306055
6.14473	0.0033536
6.14497	0.00314568
6.14522	0.00334516
6.14546	0.0010449
6.14571	-0.00372627
6.14595	-0.00608757
6.1462	-0.0034418
6.14644	-0.000139738
6.14668	-0.00182721
6.14693	-0.00747041
6.14717	-0.0100695
6.14742	-0.00492776
6.14766	0.00444912
6.14791	0.009232
6.14815	0.00430813
6.1484	-0.00561097
6.14864	-0.0104888
6.14889	-0.0065991
6.14913	-0.00109987
6.14937	-0.0020038
6.14962	-0.00635345
6.14986	-0.00443091
6.15011	0.004449
6.15035	0.00817364
6.1506	-0.00199218
6.15084	-0.0175969
6.15109	-0.0225623
6.15133	-0.0136782
6.15158	-0.00350292
6.15182	-0.00269264
6.15207	-0.00757753
6.15231	-0.00871647
6.15255	-0.00501519
6.1528	-0.00286826
6.15304	-0.00461935
6.15329	-0.00527401
6.15353	-0.00137217
6.15378	0.00261799
6.15402	8.89568e-05
6.15427	-0.00804901
6.15451	-0.0133826
6.15476	-0.0104668
6.155	-0.00461603
6.15525	-0.00564433
6.15549	-0.01376
6.15573	-0.0172177
6.15598	-0.00866499
6.15622	0.00115562
6.15647	-0.00409572
6.15671	-0.0212035
6.15696	-0.0277313
6.1572	-0.0124427
6.15745	0.00750534
6.15769	0.0101254
6.15794	-0.00151251
6.15818	-0.007877
6.15843	-0.00397288
6.15867	-0.00272428
6.15891	-0.00910527
6.15916	-0.0114033
6.1594	-0.00322122
6.15965	0.004128
6.15989	0.000362092
6.16014	-0.00763067
6.16038	-0.00922248
6.16063	-0.0068078
6.16087	-0.00703023
6.16112	-0.00648655
6.16136	8.11401e-05
6.1616	0.00632425
6.16185	0.00361863
6.16209	-0.00322315
6.16234	-0.00428811
6.16258	-0.00227636
6.16283	-0.00600106
6.16307	-0.011583
6.16332	-0.00819273
6.16356	0.000463955
6.16381	-2.97996e-05
6.16405	-0.00951066
6.1643	-0.0121618
6.16454	-0.00378788
6.16478	0.000923528
6.16503	-0.004676
6.16527	-0.0062966
6.16552	0.00530362
6.16576	0.0148533
6.16601	0.00603764
6.16625	-0.010753
6.1665	-0.014156
6.16674	-0.00499098
6.16699	-0.00229731
6.16723	-0.0117348
6.16748	-0.0195116
6.16772	-0.0171808
6.16796	-0.0122503
6.16821	-0.01099
6.16845	-0.00889184
6.1687	-0.00409567
6.16894	-0.00406974
6.16919	-0.0108076
6.16943	-0.0133815
6.16968	-0.00511746
6.16992	0.00372686
6.17017	0.00177423
6.17041	-0.00503126
6.17066	-0.00385407
6.1709	0.0035334
6.17114	0.00429807
6.17139	-0.00404208
6.17163	-0.0104697
6.17188	-0.00870714
6.17212	-0.00503626
6.17237	-0.00519156
6.17261	-0.00562256
6.17286	-0.00299412
6.1731	-0.00219589
6.17335	-0.00759269
6.17359	-0.0135938
6.17383	-0.0118779
6.17408	-0.00346967
6.17432	0.00368505
6.17457	0.00607695
6.17481	0.00651154
6.17506	0.0064586
6.1753	0.00364642
6.17555	-0.00230858
6.17579	-0.00763325
6.17604	-0.00950287
6.17628	-0.00956088
6.17653	-0.0103808
6.17677	-0.0107946
6.17701	-0.00706567
6.17726	0.00140636
6.1775	0.00873935
6.17775	0.00690613
6.17799	-0.00459697
6.17824	-0.0148829
6.17848	-0.012003
6.17873	0.00235563
6.17897	0.0136012
6.17922	0.0116228
6.17946	0.0017729
6.17971	-0.00487677
6.17995	-0.00582112
6.18019	-0.00559678
6.18044	-0.00557106
6.18068	-0.00365826
6.18093	-0.00128249
6.18117	-0.001926
6.18142	-0.00394275
6.18166	-0.0030066
6.18191	-0.00101289
6.18215	-0.0040062
6.1824	-0.010955
6.18264	-0.0135557
6.18289	-0.00887128
6.18313	-0.00332717
6.18337	-0.00134956
6.18362	0.000993416
6.18386	0.00633064
6.18411	0.00843389
6.18435	0.00149061
6.1846	-0.00887359
6.18484	-0.0118264
6.18509	-0.00577909
6.18533	0.000415205
6.18558	-0.000227606
6.18582	-0.00519406
6.18606	-0.00792908
6.18631	-0.00675492
6.18655	-0.00600737
6.1868	-0.00926855
6.18704	-0.0135982
6.18729	-0.0127464
6.18753	-0.00617509
6.18778	-0.000849371
6.18802	-0.00126647
6.18827	-0.00241913
6.18851	0.00172099
6.18876	0.00712098
6.189	0.00554897
6.18924	-0.00131775
6.18949	-0.00410399
6.18973	-0.00114831
6.18998	0.0001692
6.19022	-0.00137967
6.19047	0.00224979
6.19071	0.0118194
6.19096	0.0148223
6.1912	0.00447522
6.19145	-0.00702394
6.19169	-0.00529816
6.19194	0.0052503
6.19218	0.00975741
6.19242	0.0055853
6.19267	0.00294655
6.19291	0.0061052
6.19316	0.00783247
6.1934	0.00334467
6.19365	-0.00206862
6.19389	-0.00265983
6.19414	-0.000563016
6.19438	-0.000121915
6.19463	-0.000166926
6.19487	0.00303914
6.19512	0.00837713
6.19536	0.0100492
6.1956	0.00516835
6.19585	-0.0015824
6.19609	-0.00312522
6.19634	0.000407641
6.19658	0.000841548
6.19683	-0.00654384
6.19707	-0.0147389
6.19732	-0.0141495
6.19756	-0.00666627
6.19781	-0.00193058
6.19805	-0.00160435
6.1983	0.00126484
6.19854	0.00696421
6.19878	0.00665114
6.19903	-0.00130646
6.19927	-0.00642066
6.19952	-0.00370917
6.19976	-0.00233663
6.20001	-0.00803765
6.20025	-0.0109645
6.2005	-0.00288186
6.20074	0.00645163
6.20099	0.00468967
6.20123	-0.0022097
6.20147	-0.000993425
6.20172	0.00575542
6.20196	0.00550876
6.20221	-0.0014683
6.20245	-0.00403394
6.2027	-0.00111433
6.20294	-0.00193825
6.20319	-0.00698631
6.20343	-0.00717852
6.20368	-0.00211033
6.20392	-0.00105628
6.20417	-0.00463172
6.20441	-0.00352904
6.20465	0.00219871
6.2049	0.00132531
6.20514	-0.00689046
6.20539	-0.00828373
6.20563	0.00210588
6.20588	0.00999772
6.20612	0.00548299
6.20637	-0.00066426
6.20661	0.00351498
6.20686	0.0107406
6.2071	0.00828347
6.20735	-0.00020023
6.20759	-0.00273226
6.20783	0.000221312
6.20808	-0.000354828
6.20832	-0.00362815
6.20857	-0.00122564
6.20881	0.00515081
6.20906	0.00493109
6.2093	-0.0023423
6.20955	-0.00461808
6.20979	0.00276351
6.21004	0.00830703
6.21028	0.0018741
6.21053	-0.00959798
6.21077	-0.0124102
6.21101	-0.00543998
6.21126	0.0001445
6.2115	-0.0024243
6.21175	-0.00808944
6.21199	-0.00995787
6.21224	-0.00898357
6.21248	-0.00966627
6.21273	-0.0111878
6.21297	-0.00903502
6.21322	-0.00375064
6.21346	-0.00161317
6.2137	-0.00540369
6.21395	-0.00988824
6.21419	-0.00907878
6.21444	-0.00369653
6.21468	0.00147465
6.21493	0.00358295
6.21517	0.00183258
6.21542	-0.00401085
6.21566	-0.0110808
6.21591	-0.0135849
6.21615	-0.0104371
6.2164	-0.00864434
6.21664	-0.0133311
6.21688	-0.0183481
6.21713	-0.0139881
6.21737	-0.00144141
6.21762	0.0081688
6.21786	0.00810465
6.21811	0.00227373
6.21835	-0.0025903
6.2186	-0.00445939
6.21884	-0.00492836
6.21909	-0.00540448
6.21933	-0.00538458
6.21958	-0.0026048
6.21982	0.0033702
6.22006	0.00681094
6.22031	0.00072874
6.22055	-0.0110937
6.2208	-0.0150934
6.22104	-0.00653182
6.22129	0.00220065
6.22153	0.000292593
6.22178	-0.00472132
6.22202	-0.00112997
6.22227	0.00576681
6.22251	0.00316027
6.22276	-0.00559744
6.223	-0.00622069
6.22324	0.000938293
6.22349	0.00117527
6.22373	-0.00839942
6.22398	-0.0137061
6.22422	-0.00826783
6.22447	-0.00301212
6.22471	-0.00543269
6.22496	-0.00790336
6.2252	-0.00503369
6.22545	-0.00481716
6.22569	-0.0120995
6.22593	-0.0171327
6.22618	-0.0125169
6.22642	-0.00705991
6.22667	-0.009834
6.22691	-0.0134923
6.22716	-0.00768666
6.2274	0.00213176
6.22765	0.00455305
6.22789	0.00175656
6.22814	0.00343579
6.22838	0.0078517
6.22863	0.00499785
6.22887	-0.00496388
6.22911	-0.0113141
6.22936	-0.00955683
6.2296	-0.00584302
6.22985	-0.00504944
6.23009	-0.00575496
6.23034	-0.00737161
6.23058	-0.011875
6.23083	-0.01684
6.23107	-0.0154672
6.23132	-0.00623349
6.23156	0.00350615
6.23181	0.00587672
6.23205	0.000801413
6.23229	-0.00507085
6.23254	-0.00525891
6.23278	0.000921778
6.23303	0.00841361
6.23327	0.0124762
6.23352	0.0135756
6.23376	0.0134942
6.23401	0.00953836
6.23425	-0.000387905
6.2345	-0.00883483
6.23474	-0.00538753
6.23499	0.00683353
6.23523	0.0126109
6.23547	0.00555427
6.23572	-0.00440509
6.23596	-0.00854552
6.23621	-0.0107136
6.23645	-0.0142977
6.2367	-0.0125354
6.23694	-0.00278746
6.23719	0.0027236
6.23743	-0.00558403
6.23768	-0.0170006
6.23792	-0.0157169
6.23816	-0.00520605
6.23841	-0.00108873
6.23865	-0.00610826
6.2389	-0.00956265
6.23914	-0.0077854
6.23939	-0.00721895
6.23963	-0.00804195
6.23988	-0.00248656
6.24012	0.00802992
6.24037	0.010238
6.24061	-0.000992252
6.24086	-0.0128278
6.2411	-0.0115563
6.24134	-0.000370948
6.24159	0.00647788
6.24183	0.00138067
6.24208	-0.0097362
6.24232	-0.0147665
6.24257	-0.00739827
6.24281	0.00573509
6.24306	0.0107131
6.2433	0.00248602
6.24355	-0.00785119
6.24379	-0.00737345
6.24404	0.00142488
6.24428	0.00578657
6.24452	0.00136
6.24477	-0.0046425
6.24501	-0.00714725
6.24526	-0.00874705
6.2455	-0.0109432
6.24575	-0.0106708
6.24599	-0.0080116
6.24624	-0.00809436
6.24648	-0.0119431
6.24673	-0.0131096
6.24697	-0.00694069
6.24722	0.00266087
6.24746	0.00817791
6.2477	0.00553606
6.24795	-0.00405556
6.24819	-0.0138083
6.24844	-0.0137653
6.24868	-0.000897296
6.24893	0.0132664
6.24917	0.0131233
6.24942	-0.00190414
6.24966	-0.0163856
6.24991	-0.0179469
6.25015	-0.00938313
6.25039	-0.000510796
6.25064	0.00335518
6.25088	0.00193489
6.25113	-0.00299621
6.25137	-0.00718588
6.25162	-0.00649816
6.25186	-0.00280031
6.25211	-0.00181544
6.25235	-0.00374239
6.2526	-0.00288102
6.25284	0.00182107
6.25309	0.00393586
6.25333	0.0001904
6.25357	-0.00415944
6.25382	-0.00461387
6.25406	-0.00429526
6.25431	-0.00640154
6.25455	-0.00710087
6.2548	-0.00259293
6.25504	0.00243021
6.25529	0.000741206
6.25553	-0.00635041
6.25578	-0.0104664
6.25602	-0.00702734
6.25627	0.000386586
6.25651	0.00540914
6.25675	0.00486636
6.257	0.000435545
6.25724	-0.00311494
6.25749	-0.00245269
6.25773	0.000544689
6.25798	0.00177177
6.25822	0.00155422
6.25847	0.00375038
6.25871	0.00756572
6.25896	0.00682693
6.2592	0.000508485
6.25945	-0.00279664
6.25969	0.0034337
6.25993	0.0126803
6.26018	0.013228
6.26042	0.00404544
6.26067	-0.00436458
6.26091	-0.00385069
6.26116	0.00337825
6.2614	0.0108233
6.26165	0.0153034
6.26189	0.0162664
6.26214	0.0125694
6.26238	0.00395623
6.26262	-0.00616713
6.26287	-0.0126194
6.26311	-0.0130033
6.26336	-0.00894576
6.2636	-0.00335447
6.26385	0.0018008
6.26409	0.00486853
6.26434	0.0038604
6.26458	-0.00156376
6.26483	-0.00797114
6.26507	-0.0102796
6.26532	-0.00670605
6.26556	-0.000182718
6.2658	0.00525326
6.26605	0.00733473
6.26629	0.00484469
6.26654	-0.00199208
6.26678	-0.00855055
6.26703	-0.00765257
6.26727	0.00158131
6.26752	0.00997581
6.26776	0.00843501
6.26801	-0.0003019
6.26825	-0.00545747
6.2685	-0.00236764
6.26874	0.00316457
6.26898	0.00440131
6.26923	0.00135009
6.26947	-0.00235611
6.26972	-0.00493777
6.26996	-0.00670368
6.27021	-0.00841456
6.27045	-0.0106373
6.2707	-0.0119242
6.27094	-0.00850224
6.27119	-0.000199037
6.27143	0.00505553
6.27168	-0.000105293
6.27192	-0.00973943
6.27216	-0.00993125
6.27241	0.000844661
6.27265	0.00722074
6.2729	-0.00138844
6.27314	-0.0146698
6.27339	-0.0165242
6.27363	-0.008353
6.27388	-0.00453628
6.27412	-0.00909095
6.27437	-0.0116924
6.27461	-0.00738313
6.27486	-0.0051076
6.2751	-0.0108902
6.27534	-0.0154593
6.27559	-0.0086197
6.27583	0.00306075
6.27608	0.00520458
6.27632	-0.00267768
6.27657	-0.00759235
6.27681	-0.00411106
6.27706	-0.00157483
6.2773	-0.00686356
6.27755	-0.0120061
6.27779	-0.00661081
6.27803	0.00563114
6.27828	0.0120207
6.27852	0.0076554
6.27877	-0.00153114
6.27901	-0.0094527
6.27926	-0.0148767
6.2795	-0.0171413
6.27975	-0.0153661
6.27999	-0.0121506
6.28024	-0.0108182
6.28048	-0.00889205
6.28073	-0.00174898
6.28097	0.00705485
6.28121	0.00780198
6.28146	-0.00119405
6.2817	-0.010027
6.28195	-0.0110453
6.28219	-0.00809779
6.28244	-0.00780734
6.28268	-0.00954407
6.28293	-0.00944343
6.28317	-0.00753893
6.28342	-0.00524976
6.28366	-0.00189063
6.28391	0.00113436
6.28415	-0.000699076
6.28439	-0.00650174
6.28464	-0.00785415
6.28488	-0.001429
6.28513	0.00439524
6.28537	0.00279821
6.28562	-0.000849991
6.28586	-0.00080251
6.28611	-0.00288539
6.28635	-0.011738
6.2866	-0.016375
6.28684	-0.00612235
6.28709	0.00659903
6.28733	0.00114412
6.28757	-0.0166889
6.28782	-0.0192251
6.28806	0.000816909
6.28831	0.0173705
6.28855	0.009764
6.2888	-0.00846761
6.28904	-0.0144235
6.28929	-0.00985592
6.28953	-0.010362
6.28978	-0.014995
6.29002	-0.0103679
6.29026	0.00190066
6.29051	0.00546402
6.29075	-0.00337618
6.291	-0.00927379
6.29124	-0.00252473
6.29149	0.00724228
6.29173	0.0080648
6.29198	0.00180635
6.29222	-0.00408479
6.29247	-0.00866122
6.29271	-0.0126613
6.29296	-0.0117435
6.2932	-0.00446192
6.29344	0.000598304
6.29369	-0.00383398
6.29393	-0.0105319
6.29418	-0.0068859
6.29442	0.00567484
6.29467	0.0126297
6.29491	0.0066761
6.29516	-0.00366603
6.2954	-0.00844352
6.29565	-0.0093489
6.29589	-0.0124816
6.29614	-0.0157177
6.29638	-0.0120749
6.29662	-0.00230168
6.29687	0.00471232
6.29711	0.00412557
6.29736	0.000344985
6.2976	-0.00147103
6.29785	-0.00225281
6.29809	-0.00410704
6.29834	-0.00463965
6.29858	-0.00143645
6.29883	0.00205488
6.29907	0.00129698
6.29932	-0.00129375
6.29956	0.000230001
6.2998	0.00510361
6.30005	0.00618309
6.30029	0.00101543
6.30054	-0.004616
6.30078	-0.00640698
6.30103	-0.00787247
6.30127	-0.0127999
6.30152	-0.017195
6.30176	-0.0147416
6.30201	-0.00679195
6.30225	-0.000748316
6.30249	-5.99818e-05
6.30274	-0.00128488
6.30298	-0.000510556
6.30323	0.00217307
6.30347	0.00452877
6.30372	0.00420881
6.30396	-0.00111793
6.30421	-0.0111824
6.30445	-0.020018
6.3047	-0.0200431
6.30494	-0.0111305
6.30519	-0.00183185
6.30543	0.000720049
6.30567	-0.00128602
6.30592	-0.00148867
6.30616	0.000857757
6.30641	0.00100656
6.30665	-0.00261223
6.3069	-0.00535841
6.30714	-0.00368762
6.30739	-0.00111084
6.30763	-0.00305297
6.30788	-0.00796122
6.30812	-0.00843719
6.30837	-0.00175448
6.30861	0.00515376
6.30885	0.00387374
6.3091	-0.0050947
6.30934	-0.0134499
6.30959	-0.014895
6.30983	-0.0102166
6.31008	-0.00365552
6.31032	0.00133859
6.31057	0.0025574
6.31081	-0.000204044
6.31106	-0.00335597
6.3113	-0.00235653
6.31155	0.001959
6.31179	0.00374808
6.31203	0.000674123
6.31228	-0.00249867
6.31252	-0.00169141
6.31277	8.61305e-05
6.31301	-0.00144614
6.31326	-0.00425345
6.3135	-0.00413349
6.31375	-0.00259592
6.31399	-0.00344937
6.31424	-0.00445716
6.31448	-0.000878969
6.31472	0.00423142
6.31497	0.00301384
6.31521	-0.0034191
6.31546	-0.00459889
6.3157	0.0028572
6.31595	0.00860209
6.31619	0.00399052
6.31644	-0.00477925
6.31668	-0.00656845
6.31693	-0.00142858
6.31717	0.00169165
6.31742	-0.00158618
6.31766	-0.0083347
6.3179	-0.0151316
6.31815	-0.019228
6.31839	-0.0163068
6.31864	-0.00590036
6.31888	0.00357467
6.31913	0.00414652
6.31937	0.000200604
6.31962	0.00131305
6.31986	0.00567463
6.32011	0.00289918
6.32035	-0.00689034
6.3206	-0.0106738
6.32084	-0.00270889
6.32108	0.00611914
6.32133	0.00551583
6.32157	0.000682981
6.32182	0.00149157
6.32206	0.00643689
6.32231	0.00755933
6.32255	0.00430003
6.3228	0.00212803
6.32304	0.0023832
6.32329	0.00318387
6.32353	0.00622742
6.32378	0.0129185
6.32402	0.0170806
6.32426	0.0117083
6.32451	0.00099911
6.32475	-0.00417706
6.325	-0.0017421
6.32524	0.000385638
6.32549	-0.0017362
6.32573	-0.00291658
6.32598	0.000725696
6.32622	0.00526044
6.32647	0.00594205
6.32671	0.00356048
6.32695	0.000750698
6.3272	-0.00219623
6.32744	-0.0052177
6.32769	-0.00702778
6.32793	-0.00761358
6.32818	-0.0079922
6.32842	-0.00717726
6.32867	-0.00414346
6.32891	-0.00200174
6.32916	-0.00395098
6.3294	-0.00611643
6.32965	-0.00237199
6.32989	0.00411801
6.33013	0.00382571
6.33038	-0.00364091
6.33062	-0.00777308
6.33087	-0.00384429
6.33111	0.000191954
6.33136	-0.00116402
6.3316	-0.000828334
6.33185	0.00714302
6.33209	0.0142939
6.33234	0.0100362
6.33258	-0.000393572
6.33283	-0.00344863
6.33307	0.00190524
6.33331	0.0046166
6.33356	0.000834599
6.3338	-0.00132085
6.33405	0.00248357
6.33429	0.00559494
6.33454	0.00321311
6.33478	0.00095552
6.33503	0.00414104
6.33527	0.00783166
6.33552	0.00550618
6.33576	0.000725027
6.33601	0.00129625
6.33625	0.00632507
6.33649	0.00829623
6.33674	0.00573731
6.33698	0.00452735
6.33723	0.00651495
6.33747	0.00584627
6.33772	-0.000630711
6.33796	-0.00696919
6.33821	-0.0069041
6.33845	-0.0033711
6.3387	-0.00326836
6.33894	-0.00638151
6.33918	-0.0061494
6.33943	9.97378e-05
6.33967	0.00798922
6.33992	0.0127771
6.34016	0.0130581
6.34041	0.00758966
6.34065	-0.00440367
6.3409	-0.017432
6.34114	-0.0213738
6.34139	-0.0137583
6.34163	-0.00500034
6.34188	-0.00555758
6.34212	-0.0120617
6.34236	-0.0129402
6.34261	-0.00494172
6.34285	0.00347445
6.3431	0.00440006
6.34334	-0.00102473
6.34359	-0.00710027
6.34383	-0.0104883
6.34408	-0.0110119
6.34432	-0.0100727
6.34457	-0.00963296
6.34481	-0.00956502
6.34506	-0.00642057
6.3453	0.0012158
6.34554	0.00775385
6.34579	0.00698009
6.34603	0.00235793
6.34628	0.00318638
6.34652	0.0100391
6.34677	0.0130672
6.34701	0.00765909
6.34726	0.00235831
6.3475	0.00521255
6.34775	0.0102853
6.34799	0.00642864
6.34824	-0.00555218
6.34848	-0.0140142
6.34872	-0.0128005
6.34897	-0.00743524
6.34921	-0.00458036
6.34946	-0.00343927
6.3497	-0.000755373
6.34995	0.00165586
6.35019	-0.00050038
6.35044	-0.00621642
6.35068	-0.0088367
6.35093	-0.0044873
6.35117	0.00187749
6.35142	0.0016555
6.35166	-0.00618371
6.3519	-0.0122092
6.35215	-0.00754289
6.35239	0.00413832
6.35264	0.00999332
6.35288	0.00350471
6.35313	-0.00796416
6.35337	-0.0127162
6.35362	-0.00772979
6.35386	0.000586917
6.35411	0.00530939
6.35435	0.00507481
6.35459	0.00303107
6.35484	0.00293221
6.35508	0.00563954
6.35533	0.00772443
6.35557	0.00470691
6.35582	-0.00299601
6.35606	-0.00923591
6.35631	-0.00902273
6.35655	-0.00430738
6.3568	-0.000803565
6.35704	-0.000826783
6.35729	-0.00168296
6.35753	6.69257e-05
6.35777	0.00496976
6.35802	0.0103532
6.35826	0.0119876
6.35851	0.00753072
6.35875	0.000198485
6.359	-0.00280855
6.35924	0.00165397
6.35949	0.00751934
6.35973	0.00598798
6.35998	-0.00287618
6.36022	-0.00891254
6.36047	-0.00412222
6.36071	0.00669125
6.36095	0.0110759
6.3612	0.00405632
6.36144	-0.00581833
6.36169	-0.0072363
6.36193	0.000175361
6.36218	0.00642554
6.36242	0.00388807
6.36267	-0.00486091
6.36291	-0.0117724
6.36316	-0.0112698
6.3634	-0.00275328
6.36365	0.00948603
6.36389	0.016558
6.36413	0.0106643
6.36438	-0.0053604
6.36462	-0.0184673
6.36487	-0.0196416
6.36511	-0.0134525
6.36536	-0.00878446
6.3656	-0.00571776
6.36585	0.00071119
6.36609	0.00806227
6.36634	0.00814338
6.36658	0.000563836
6.36682	-0.00494555
6.36707	-0.00176011
6.36731	0.00541211
6.36756	0.00795237
6.3678	0.00319211
6.36805	-0.0049712
6.36829	-0.0102591
6.36854	-0.00776807
6.36878	0.0013223
6.36903	0.00812081
6.36927	0.00470897
6.36952	-0.00483975
6.36976	-0.00810161
6.37	-0.000170086
6.37025	0.0101173
6.37049	0.0117046
6.37074	0.0038094
6.37098	-0.00503871
6.37123	-0.00611104
6.37147	0.00235745
6.37172	0.013069
6.37196	0.0148314
6.37221	0.00435548
6.37245	-0.00823617
6.3727	-0.011007
6.37294	-0.00505869
6.37318	-0.00071609
6.37343	-0.00159965
6.37367	-0.00223452
6.37392	-0.000271056
6.37416	0.000236729
6.37441	-0.00141243
6.37465	-0.000904421
6.3749	0.00109425
6.37514	-0.00119578
6.37539	-0.00638243
6.37563	-0.00596006
6.37588	-0.000154825
6.37612	0.000172124
6.37636	-0.00668714
6.37661	-0.00653677
6.37685	0.00787778
6.3771	0.0210591
6.37734	0.0155011
6.37759	-0.00198918
6.37783	-0.0102441
6.37808	-0.00354238
6.37832	0.00464868
6.37857	0.00511055
6.37881	0.00394558
6.37905	0.00769756
6.3793	0.0106495
6.37954	0.00399593
6.37979	-0.00929098
6.38003	-0.0162242
6.38028	-0.00952303
6.38052	0.00294597
6.38077	0.00710671
6.38101	1.47528e-06
6.38126	-0.00686601
6.3815	-0.00445615
6.38175	0.000209534
6.38199	-0.00408353
6.38223	-0.0129038
6.38248	-0.0122187
6.38272	-0.00256682
6.38297	0.000169739
6.38321	-0.0085281
6.38346	-0.0129926
6.3837	-0.00384436
6.38395	0.00470905
6.38419	-0.0021295
6.38444	-0.0147453
6.38468	-0.0147498
6.38493	-0.00447002
6.38517	-0.00111308
6.38541	-0.00810013
6.38566	-0.0122706
6.3859	-0.0075137
6.38615	-0.0025329
6.38639	-0.00379543
6.38664	-0.00681177
6.38688	-0.00734964
6.38713	-0.00776814
6.38737	-0.00855596
6.38762	-0.00535326
6.38786	0.00145797
6.38811	0.00429403
6.38835	-3.09999e-05
6.38859	-0.0044272
6.38884	-0.00174104
6.38908	0.00535489
6.38933	0.00859657
6.38957	0.00412292
6.38982	-0.00426717
6.39006	-0.00928601
6.39031	-0.00709481
6.39055	-0.00174586
6.3908	-0.000685012
6.39104	-0.00426708
6.39128	-0.00475773
6.39153	0.00106078
6.39177	0.00553847
6.39202	0.00253179
6.39226	-0.00164848
6.39251	0.0012859
6.39275	0.0069011
6.393	0.00488091
6.39324	-0.00421241
6.39349	-0.0106588
6.39373	-0.0107574
6.39398	-0.0088528
6.39422	-0.00690395
6.39446	-0.00369857
6.39471	-0.00237411
6.39495	-0.0066769
6.3952	-0.0108407
6.39544	-0.00529079
6.39569	0.00758226
6.39593	0.0148182
6.39618	0.0105122
6.39642	0.00132771
6.39667	-0.00567169
6.39691	-0.00958806
6.39716	-0.00957157
6.3974	-0.00362894
6.39764	0.00442824
6.39789	0.00673827
6.39813	0.0020183
6.39838	-0.00368653
6.39862	-0.00662438
6.39887	-0.00712937
6.39911	-0.00399949
6.39936	0.00229419
6.3996	0.00334712
6.39985	-0.00724852
6.40009	-0.0194749
6.40034	-0.017144
6.40058	-0.00226719
6.40082	0.00672347
6.40107	0.00215381
6.40131	-0.00467696
6.40156	-0.0053105
6.4018	-0.00546749
6.40205	-0.00841461
6.40229	-0.00577375
6.40254	0.00510042
6.40278	0.0112444
6.40303	0.00384999
6.40327	-0.00643967
6.40351	-0.0071329
6.40376	-0.00368457
6.404	-0.00681365
6.40425	-0.0113808
6.40449	-0.00528085
6.40474	0.00799753
6.40498	0.0133753
6.40523	0.0072047
6.40547	-5.02339e-05
6.40572	-0.00303355
6.40596	-0.00781967
6.40621	-0.0169806
6.40645	-0.0219146
6.40669	-0.0155486
6.40694	-0.00357909
6.40718	0.00280399
6.40743	0.000256707
6.40767	-0.00500894
6.40792	-0.00589664
6.40816	-0.00165709
6.40841	0.00262145
6.40865	0.0025122
6.4089	-0.000256264
6.40914	-0.000355095
6.40939	0.00324205
6.40963	0.00539433
6.40987	0.002133
6.41012	-0.00404783
6.41036	-0.00827764
6.41061	-0.00878198
6.41085	-0.00595819
6.4111	-0.000321798
6.41134	0.00563614
6.41159	0.0075397
6.41183	0.00439366
6.41208	0.000489812
6.41232	-0.000400792
6.41257	0.000853
6.41281	0.00212692
6.41305	0.00274943
6.4133	0.00104647
6.41354	-0.00485523
6.41379	-0.0111282
6.41403	-0.0100109
6.41428	-0.0013832
6.41452	0.00451268
6.41477	0.00108509
6.41501	-0.00489385
6.41526	-0.00415768
6.4155	0.00118433
6.41574	0.0029066
6.41599	0.000304631
6.41623	-0.00116167
6.41648	-0.00144983
6.41672	-0.00559035
6.41697	-0.0123579
6.41721	-0.0132272
6.41746	-0.00488447
6.4177	0.00490691
6.41795	0.00736811
6.41819	0.00327632
6.41844	-0.000207901
6.41868	0.000284741
6.41892	0.00141836
6.41917	-0.000625124
6.41941	-0.00443187
6.41966	-0.00552119
6.4199	-0.00299965
6.42015	-0.00102698
6.42039	-0.00229827
6.42064	-0.00350091
6.42088	-0.0011835
6.42113	0.000889984
6.42137	-0.00317169
6.42162	-0.0102745
6.42186	-0.0106488
6.4221	-0.00245648
6.42235	0.00457287
6.42259	0.00337062
6.42284	-0.000927779
6.42308	-0.000687281
6.42333	0.00247294
6.42357	0.00214034
6.42382	-0.00232079
6.42406	-0.00612637
6.42431	-0.00571992
6.42455	-0.000156773
6.4248	0.00901948
6.42504	0.0148175
6.42528	0.00869949
6.42553	-0.00661264
6.42577	-0.016137
6.42602	-0.0121438
6.42626	-0.00612913
6.42651	-0.0108293
6.42675	-0.0189818
6.427	-0.0148439
6.42724	-0.000927711
6.42749	0.00509845
6.42773	-0.000732513
6.42797	-0.00246493
6.42822	0.00843822
6.42846	0.0179605
6.42871	0.0118172
6.42895	-0.00192534
6.4292	-0.0061661
6.42944	-0.000330435
6.42969	0.00285666
6.42993	0.000141449
6.43018	0.000652844
6.43042	0.00686162
6.43067	0.00878641
6.43091	0.00174078
6.43115	-0.0034749
6.4314	0.00323371
6.43164	0.0141594
6.43189	0.0138273
6.43213	0.00153468
6.43238	-0.00763355
6.43262	-0.00402276
6.43287	0.00510402
6.43311	0.00852793
6.43336	0.00620891
6.4336	0.00487536
6.43385	0.00508681
6.43409	0.00179346
6.43433	-0.00483109
6.43458	-0.00823192
6.43482	-0.00575271
6.43507	-0.00237198
6.43531	-0.00211367
6.43556	-0.00248563
6.4358	-0.000758937
6.43605	0.000243347
6.43629	-0.00258543
6.43654	-0.00594498
6.43678	-0.00419155
6.43703	0.0020609
6.43727	0.00607854
6.43751	0.00292323
6.43776	-0.00582981
6.438	-0.0140437
6.43825	-0.0153165
6.43849	-0.00732166
6.43874	0.00507597
6.43898	0.012543
6.43923	0.0099466
6.43947	0.00143542
6.43972	-0.00481537
6.43996	-0.00485292
6.44021	-0.000222023
6.44045	0.00580035
6.44069	0.0100197
6.44094	0.00992722
6.44118	0.00609653
6.44143	0.00226531
6.44167	0.000238453
6.44192	-0.00263724
6.44216	-0.00786667
6.44241	-0.0114316
6.44265	-0.00982903
6.4429	-0.00680917
6.44314	-0.0074586
6.44338	-0.00826238
6.44363	-0.00158426
6.44387	0.0105412
6.44412	0.0167477
6.44436	0.0128897
6.44461	0.00868969
6.44485	0.0122473
6.4451	0.0164337
6.44534	0.0100614
6.44559	-0.00277493
6.44583	-0.0065932
6.44608	0.00249505
6.44632	0.0100355
6.44656	0.0044204
6.44681	-0.00560269
6.44705	-0.00432625
6.4473	0.00653678
6.44754	0.00999345
6.44779	-0.000308182
6.44803	-0.00992116
6.44828	-0.00484787
6.44852	0.00827861
6.44877	0.0130143
6.44901	0.00676181
6.44926	0.0013869
6.4495	0.0032321
6.44974	0.00554096
6.44999	0.00241191
6.45023	-0.00131222
6.45048	0.000875184
6.45072	0.00668621
6.45097	0.00971573
6.45121	0.00866487
6.45146	0.00635947
6.4517	0.00426613
6.45195	0.00295968
6.45219	0.00398995
6.45244	0.00677491
6.45268	0.00758864
6.45292	0.00559375
6.45317	0.00514716
6.45341	0.00767094
6.45366	0.00670164
6.4539	-0.00283781
6.45415	-0.0150051
6.45439	-0.019407
6.45464	-0.0140589
6.45488	-0.00528382
6.45513	0.00169129
6.45537	0.00515278
6.45561	0.00369617
6.45586	-0.00123519
6.4561	-0.00259886
6.45635	0.00359121
6.45659	0.0093785
6.45684	0.00465095
6.45708	-0.00590587
6.45733	-0.00759743
6.45757	0.00185122
6.45782	0.00771883
6.45806	0.000478774
6.45831	-0.0096518
6.45855	-0.00823595
6.45879	0.0027071
6.45904	0.00928202
6.45928	0.00514013
6.45953	-0.00311905
6.45977	-0.0068049
6.46002	-0.00334671
6.46026	0.00433849
6.46051	0.00992586
6.46075	0.00708505
6.461	-0.00281976
6.46124	-0.00858144
6.46149	-0.00162282
6.46173	0.0111216
6.46197	0.0147916
6.46222	0.00659844
6.46246	-0.000660998
6.46271	0.00291549
6.46295	0.0112823
6.4632	0.0130307
6.46344	0.00793501
6.46369	0.00503625
6.46393	0.00778924
6.46418	0.0100256
6.46442	0.00716989
6.46467	0.00355241
6.46491	0.0046399
6.46515	0.00751948
6.4654	0.00526377
6.46564	-0.00160496
6.46589	-0.00498651
6.46613	-0.00132892
6.46638	0.00276281
6.46662	0.00070809
6.46687	-0.0037183
6.46711	-0.00244012
6.46736	0.00378398
6.4676	0.0060474
6.46784	0.000740296
6.46809	-0.00553508
6.46833	-0.00632923
6.46858	-0.00325718
6.46882	-0.000200204
6.46907	0.00323084
6.46931	0.00719684
6.46956	0.00716812
6.4698	0.00130864
6.47005	-0.00277329
6.47029	0.00242483
6.47054	0.0110915
6.47078	0.0104328
6.47102	-0.000609351
6.47127	-0.00925796
6.47151	-0.00703739
6.47176	-4.84622e-05
6.472	0.00249784
6.47225	0.00082072
6.47249	6.48169e-05
6.47274	0.00094466
6.47298	0.00174537
6.47323	0.00375543
6.47347	0.00753635
6.47372	0.00855259
6.47396	0.00390769
6.4742	-0.000709493
6.47445	0.00120749
6.47469	0.00579293
6.47494	0.00443049
6.47518	-0.00160897
6.47543	-0.00235787
6.47567	0.00480899
6.47592	0.0104903
6.47616	0.00733257
6.47641	3.3061e-05
6.47665	-0.00283801
6.4769	0.000162967
6.47714	0.00513121
6.47738	0.00945445
6.47763	0.0117154
6.47787	0.0101017
6.47812	0.00604407
6.47836	0.00517825
6.47861	0.00966015
6.47885	0.0134836
6.4791	0.0106475
6.47934	0.00429154
6.47959	0.00189995
6.47983	0.0043359
6.48007	0.00597787
6.48032	0.00395722
6.48056	0.000952089
6.48081	-0.000634911
6.48105	-0.0014262
6.4813	-0.00165259
6.48154	7.09394e-05
6.48179	0.00358483
6.48203	0.00626906
6.48228	0.00585217
6.48252	0.00194
6.48277	-0.00406881
6.48301	-0.00809519
6.48325	-0.00529352
6.4835	0.00285447
6.48374	0.00661066
6.48399	-0.000338786
6.48423	-0.00968689
6.48448	-0.00745045
6.48472	0.0061634
6.48497	0.015537
6.48521	0.0107292
6.48546	0.000363168
6.4857	-0.00195035
6.48595	0.00395687
6.48619	0.00788912
6.48643	0.00553759
6.48668	0.00251287
6.48692	0.00377724
6.48717	0.00708312
6.48741	0.00813682
6.48766	0.00656839
6.4879	0.00471786
6.48815	0.00390881
6.48839	0.00387474
6.48864	0.00416571
6.48888	0.00507353
6.48913	0.0073504
6.48937	0.0102616
6.48961	0.010192
6.48986	0.00423902
6.4901	-0.00370425
6.49035	-0.0048881
6.49059	0.00290175
6.49084	0.0104774
6.49108	0.00907714
6.49133	0.00294025
6.49157	0.00232767
6.49182	0.00669655
6.49206	0.00540281
6.4923	-0.00391942
6.49255	-0.00937672
6.49279	-0.00312571
6.49304	0.00443896
6.49328	-0.000919448
6.49353	-0.0148153
6.49377	-0.0191324
6.49402	-0.00813906
6.49426	0.00379583
6.49451	0.00450664
6.49475	0.00143423
6.495	0.00714053
6.49524	0.0166329
6.49548	0.0137873
6.49573	-0.00187454
6.49597	-0.010941
6.49622	-0.00200402
6.49646	0.0101186
6.49671	0.00576874
6.49695	-0.00915964
6.4972	-0.0109384
6.49744	0.00598187
6.49769	0.0188755
6.49793	0.00911461
6.49818	-0.0109905
6.49842	-0.0166157
6.49866	-0.00539392
6.49891	0.00281607
6.49915	-0.00241198
6.4994	-0.00864954
6.49964	-0.00267802
6.49989	0.00912045
6.50013	0.011603
6.50038	0.00251264
6.50062	-0.0070941
6.50087	-0.00913947
6.50111	-0.00575947
6.50136	-0.0022658
6.5016	-0.000715392
6.50184	-0.000430931
6.50209	0.000287405
6.50233	0.00299794
6.50258	0.00650134
6.50282	0.00695733
6.50307	0.00337835
6.50331	-7.7212e-05
6.50356	-0.000741545
6.5038	-0.0020637
6.50405	-0.00669928
6.50429	-0.00971437
6.50453	-0.00558504
6.50478	0.00179351
6.50502	0.00424714
6.50527	0.00172149
6.50551	0.000770524
6.50576	0.00254669
6.506	0.00190088
6.50625	-0.00209845
6.50649	-0.00440976
6.50674	-0.0030114
6.50698	-0.000273996
6.50723	0.00434
6.50747	0.0121447
6.50771	0.0160021
6.50796	0.00691941
6.5082	-0.00786575
6.50845	-0.00889195
6.50869	0.00740754
6.50894	0.0201858
6.50918	0.0132434
6.50943	-0.00225931
6.50967	-0.00689815
6.50992	-0.00116692
6.51016	0.00196787
6.51041	0.00175479
6.51065	0.00684444
6.51089	0.0138803
6.51114	0.0100893
6.51138	-0.00361281
6.51163	-0.0117475
6.51187	-0.00858285
6.51212	-0.00502696
6.51236	-0.00702797
6.51261	-0.00516135
6.51285	0.00615892
6.5131	0.0148842
6.51334	0.00845209
6.51359	-0.00630609
6.51383	-0.0126003
6.51407	-0.006305
6.51432	0.00179325
6.51456	0.00255203
6.51481	-0.00198192
6.51505	-0.00432643
6.5153	-0.000414835
6.51554	0.00736697
6.51579	0.0131212
6.51603	0.013842
6.51628	0.0122897
6.51652	0.0107323
6.51677	0.00496521
6.51701	-0.00813787
6.51725	-0.0198336
6.5175	-0.0177617
6.51774	-0.00523228
6.51799	0.00119336
6.51823	-0.00349998
6.51848	-0.00548056
6.51872	0.00352537
6.51897	0.0106257
6.51921	0.00312935
6.51946	-0.00822531
6.5197	-0.00484006
6.51994	0.00971878
6.52019	0.0148559
6.52043	0.00481368
6.52068	-0.00410284
6.52092	0.000164299
6.52117	0.00962051
6.52141	0.0123888
6.52166	0.00984901
6.5219	0.00912138
6.52215	0.00966069
6.52239	0.00725944
6.52264	0.00398424
6.52288	0.00446511
6.52312	0.00702148
6.52337	0.00713427
6.52361	0.00624288
6.52386	0.00847196
6.5241	0.0109235
6.52435	0.00663578
6.52459	-0.00276344
6.52484	-0.00693731
6.52508	-0.00203215
6.52533	0.00304715
6.52557	0.000914664
6.52582	-0.00216672
6.52606	0.00265506
6.5263	0.0100425
6.52655	0.00743382
6.52679	-0.00342258
6.52704	-0.00666286
6.52728	0.00327028
6.52753	0.0124247
6.52777	0.00977601
6.52802	0.00421791
6.52826	0.00721644
6.52851	0.011751
6.52875	0.00562005
6.529	-0.00407427
6.52924	-0.000890502
6.52948	0.0114775
6.52973	0.0131076
6.52997	0.00134117
6.53022	-0.00409074
6.53046	0.00528205
6.53071	0.0122703
6.53095	0.00390832
6.5312	-0.00700681
6.53144	-0.00540927
6.53169	0.00115085
6.53193	-0.000165583
6.53217	-0.00262967
6.53242	0.00550339
6.53266	0.0151881
6.53291	0.00995119
6.53315	-0.00401136
6.5334	-0.00653233
6.53364	0.00288005
6.53389	0.00576689
6.53413	-0.00258944
6.53438	-0.00707516
6.53462	-0.00154681
6.53487	0.00148333
6.53511	-0.00413545
6.53535	-0.00724614
6.5356	-0.00238804
6.53584	-0.00157184
6.53609	-0.0110351
6.53633	-0.016272
6.53658	-0.00533645
6.53682	0.00966588
6.53707	0.0110693
6.53731	0.0021915
6.53756	-0.00204752
6.5378	-0.000241097
6.53805	-0.00192987
6.53829	-0.00742218
6.53853	-0.00856134
6.53878	-0.00550245
6.53902	-0.0057692
6.53927	-0.00866685
6.53951	-0.00634547
6.53976	0.000358102
6.54	0.00206765
6.54025	-0.00272518
6.54049	-0.00561838
6.54074	-0.00399548
6.54098	-0.00469764
6.54123	-0.0092231
6.54147	-0.00925937
6.54171	-0.0020062
6.54196	0.00308921
6.5422	-6.61669e-05
6.54245	-0.00338196
6.54269	0.00179877
6.54294	0.00976378
6.54318	0.0093968
6.54343	0.00135827
6.54367	-0.00435115
6.54392	-0.00386994
6.54416	-0.00230366
6.5444	-0.00303071
6.54465	-0.00346226
6.54489	-0.00155006
6.54514	0.000820669
6.54538	0.00175718
6.54563	0.00143946
6.54587	0.000343652
6.54612	-0.000356984
6.54636	0.00181636
6.54661	0.00608166
6.54685	0.00599923
6.5471	-0.00177611
6.54734	-0.00909189
6.54758	-0.00536733
6.54783	0.00620546
6.54807	0.0116967
6.54832	0.00630445
6.54856	6.40266e-06
6.54881	0.000259486
6.54905	0.000962595
6.5493	-0.00454809
6.54954	-0.0101765
6.54979	-0.00689365
6.55003	0.00165713
6.55028	0.00478604
6.55052	0.00148801
6.55076	9.34206e-05
6.55101	0.00340167
6.55125	0.00533696
6.5515	0.0025
6.55174	-0.00105217
6.55199	-0.00214296
6.55223	-0.00283431
6.55248	-0.00413204
6.55272	-0.00299556
6.55297	0.00141792
6.55321	0.00483886
6.55346	0.00417217
6.5537	0.0015846
6.55394	3.04754e-06
6.55419	-0.000730686
6.55443	-0.00130749
6.55468	-0.00100945
6.55492	1.6916e-05
6.55517	0.000525908
6.55541	0.00100869
6.55566	0.00270262
6.5559	0.00382456
6.55615	0.00160492
6.55639	-0.00218665
6.55663	-0.00318661
6.55688	-0.00154027
6.55712	-0.00107792
6.55737	-0.00192386
6.55761	-0.000630633
6.55786	0.00277336
6.5581	0.0051758
6.55835	0.00711838
6.55859	0.0108094
6.55884	0.0123403
6.55908	0.00609841
6.55933	-0.00317897
6.55957	-0.00463411
6.55981	0.00129393
6.56006	0.00308674
6.5603	-0.00152462
6.56055	-0.000959843
6.56079	0.0084739
6.56104	0.0127444
6.56128	0.0026478
6.56153	-0.00871684
6.56177	-0.00531488
6.56202	0.00683042
6.56226	0.0102902
6.56251	0.00309695
6.56275	-0.00231102
6.56299	-0.00116363
6.56324	0.000306457
6.56348	0.000536227
6.56373	0.00416435
6.56397	0.00845166
6.56422	0.00510161
6.56446	-0.00280171
6.56471	-0.00207181
6.56495	0.00869314
6.5652	0.0144129
6.56544	0.00692266
6.56569	-0.00189027
6.56593	0.000340196
6.56617	0.00680682
6.56642	0.00415154
6.56666	-0.00462038
6.56691	-0.00498095
6.56715	0.0054426
6.5674	0.0134024
6.56764	0.0113351
6.56789	0.00801282
6.56813	0.0119543
6.56838	0.0158489
6.56862	0.00829531
6.56886	-0.00587181
6.56911	-0.0108605
6.56935	-0.00423286
6.5696	-0.000868097
6.56984	-0.00801273
6.57009	-0.0114405
6.57033	0.00192348
6.57058	0.0194382
6.57082	0.0181904
6.57107	-0.000734332
6.57131	-0.0129703
6.57156	-0.00574938
6.5718	0.00756692
6.57204	0.0120625
6.57229	0.010793
6.57253	0.0106844
6.57278	0.00710496
6.57302	-0.00356473
6.57327	-0.0103124
6.57351	-0.00297382
6.57376	0.00853924
6.574	0.00719062
6.57425	-0.00564175
6.57449	-0.0135597
6.57474	-0.00951374
6.57498	-0.00152674
6.57522	0.00300771
6.57547	0.00420485
6.57571	0.00236835
6.57596	-0.00280736
6.5762	-0.00624119
6.57645	-0.00254976
6.57669	0.00369295
6.57694	0.00387436
6.57718	-0.000140083
6.57743	0.000987551
6.57767	0.00822563
6.57792	0.0135056
6.57816	0.0136226
6.5784	0.0121714
6.57865	0.00860562
6.57889	-0.000795835
6.57914	-0.0104733
6.57938	-0.00842561
6.57963	0.00538413
6.57987	0.0161766
6.58012	0.0139444
6.58036	0.00494486
6.58061	-0.000160987
6.58085	0.000604113
6.58109	0.00318255
6.58134	0.00407787
6.58158	0.000944562
6.58183	-0.00530178
6.58207	-0.00737202
6.58232	0.000424693
6.58256	0.0105183
6.58281	0.00930745
6.58305	-0.00256488
6.5833	-0.00939069
6.58354	-0.00282248
6.58379	0.00743859
6.58403	0.00998227
6.58427	0.00632694
6.58452	0.00286038
6.58476	-0.000382697
6.58501	-0.00489303
6.58525	-0.0069618
6.5855	-0.00386809
6.58574	0.000492045
6.58599	0.00273956
6.58623	0.00537902
6.58648	0.00913989
6.58672	0.00831563
6.58697	0.000754292
6.58721	-0.00546285
6.58745	-0.00315892
6.5877	0.0031342
6.58794	0.00542133
6.58819	0.0045661
6.58843	0.0056686
6.58868	0.00705548
6.58892	0.0035916
6.58917	-0.00283137
6.58941	-0.00534347
6.58966	-0.00240641
6.5899	0.00177843
6.59015	0.0050417
6.59039	0.00789488
6.59063	0.00828405
6.59088	0.00357522
6.59112	-0.00289559
6.59137	-0.0047384
6.59161	-0.00232162
6.59186	-0.00251881
6.5921	-0.00713574
6.59235	-0.0085623
6.59259	-0.000923826
6.59284	0.0095528
6.59308	0.0113634
6.59333	0.00333088
6.59357	-0.00294135
6.59381	0.00168877
6.59406	0.0112239
6.5943	0.0124525
6.59455	0.00328212
6.59479	-0.00425939
6.59504	-0.000803378
6.59528	0.00810806
6.59553	0.0115042
6.59577	0.00861597
6.59602	0.0074983
6.59626	0.0112146
6.5965	0.0136145
6.59675	0.00890553
6.59699	-0.000730455
6.59724	-0.00802169
6.59748	-0.00740643
6.59773	0.000571886
6.59797	0.00878869
6.59822	0.00966512
6.59846	0.00466013
6.59871	0.00354904
6.59895	0.0101992
6.5992	0.0150932
6.59944	0.00889774
6.59968	-0.00249642
6.59993	-0.006095
6.60017	-0.000661521
6.60042	0.00350942
6.60066	0.00133762
6.60091	-0.00187644
6.60115	-0.00155155
6.6014	0.000538714
6.60164	0.00233723
6.60189	0.00385109
6.60213	0.00311253
6.60238	-0.00131869
6.60262	-0.00422586
6.60286	0.000559379
6.60311	0.00891634
6.60335	0.0108361
6.6036	0.00561252
6.60384	0.00224486
6.60409	0.00481052
6.60433	0.00816137
6.60458	0.00845154
6.60482	0.0073546
6.60507	0.00568602
6.60531	0.00314197
6.60556	0.00328232
6.6058	0.0075955
6.60604	0.00748309
6.60629	-0.00371924
6.60653	-0.0138332
6.60678	-0.00517539
6.60702	0.0157348
6.60727	0.0227405
6.60751	0.00761863
6.60776	-0.00865772
6.608	-0.00898329
6.60825	-0.00236387
6.60849	-0.0022509
6.60873	-0.00375705
6.60898	0.00225022
6.60922	0.00972843
6.60947	0.0092368
6.60971	0.0054786
6.60996	0.00651277
6.6102	0.00744168
6.61045	0.00148451
6.61069	-0.00353582
6.61094	0.00282251
6.61118	0.0140307
6.61143	0.0163266
6.61167	0.0108146
6.61191	0.00891218
6.61216	0.0119908
6.6124	0.0124531
6.61265	0.0100594
6.61289	0.0104026
6.61314	0.0110773
6.61338	0.00597757
6.61363	0.000203697
6.61387	0.00392059
6.61412	0.0132533
6.61436	0.0142219
6.61461	0.00526904
6.61485	-0.000721022
6.61509	0.00216169
6.61534	0.00564394
6.61558	0.00399213
6.61583	0.00235543
6.61607	0.00417835
6.61632	0.00451541
6.61656	0.00144957
6.61681	0.00148602
6.61705	0.00729645
6.6173	0.0114351
6.61754	0.00908924
6.61779	0.00686523
6.61803	0.0110927
6.61827	0.0161944
6.61852	0.013572
6.61876	0.00566292
6.61901	0.00196991
6.61925	0.00484853
6.6195	0.00774273
6.61974	0.00620727
6.61999	0.00364308
6.62023	0.00532788
6.62048	0.0113595
6.62072	0.016881
6.62096	0.0170074
6.62121	0.0108501
6.62145	0.00213832
6.6217	-0.00365901
6.62194	-0.00362409
6.62219	0.000638812
6.62243	0.00524825
6.62268	0.00810592
6.62292	0.0102866
6.62317	0.0129632
6.62341	0.01394
6.62366	0.00996133
6.6239	0.0030433
6.62414	9.38156e-05
6.62439	0.00294012
6.62463	0.0036455
6.62488	-0.00376909
6.62512	-0.0113365
6.62537	-0.00691767
6.62561	0.00586866
6.62586	0.0100417
6.6261	-0.0003488
6.62635	-0.0112098
6.62659	-0.00937289
6.62684	-0.00042705
6.62708	0.00313134
6.62732	0.00123462
6.62757	0.00248627
6.62781	0.00807373
6.62806	0.0112173
6.6283	0.00909004
6.62855	0.00538838
6.62879	0.00324599
6.62904	0.00335033
6.62928	0.00637131
6.62953	0.0105382
6.62977	0.0105359
6.63002	0.00537174
6.63026	0.00251918
6.6305	0.00708064
6.63075	0.0124554
6.63099	0.0101323
6.63124	0.00296334
6.63148	-0.000877585
6.63173	-0.00141312
6.63197	-0.00330229
6.63222	-0.00406542
6.63246	0.00131997
6.63271	0.00774311
6.63295	0.0058106
6.63319	-0.001376
6.63344	-0.00167176
6.63368	0.00569226
6.63393	0.00778222
6.63417	-0.00124519
6.63442	-0.0106916
6.63466	-0.00964623
6.63491	-0.00119822
6.63515	0.00550261
6.6354	0.00774481
6.63564	0.00788906
6.63589	0.00754155
6.63613	0.00847258
6.63637	0.0124325
6.63662	0.0158297
6.63686	0.0120207
6.63711	0.00292961
6.63735	-5.20335e-05
6.6376	0.00773985
6.63784	0.0154611
6.63809	0.0114348
6.63833	-0.000369912
6.63858	-0.00698976
6.63882	-0.00439797
6.63907	0.000353582
6.63931	0.00178524
6.63955	0.00147203
6.6398	0.0015746
6.64004	0.00132855
6.64029	0.00123442
6.64053	0.00372424
6.64078	0.00726874
6.64102	0.00588032
6.64127	-0.00170798
6.64151	-0.00710824
6.64176	-0.00199517
6.642	0.00945506
6.64225	0.0138836
6.64249	0.00497727
6.64273	-0.00903112
6.64298	-0.0162848
6.64322	-0.0146268
6.64347	-0.00978404
6.64371	-0.00478957
6.64396	0.00158346
6.6442	0.00760146
6.64445	0.00817009
6.64469	0.00318504
6.64494	-0.00089395
6.64518	-0.000606023
6.64542	-0.000180905
6.64567	-0.00320382
6.64591	-0.00593957
6.64616	-0.00379404
6.6464	0.00100745
6.64665	0.00367858
6.64689	0.00440095
6.64714	0.00613745
6.64738	0.00870109
6.64763	0.0101108
6.64787	0.0101733
6.64812	0.00807196
6.64836	0.00116152
6.6486	-0.00827735
6.64885	-0.0106259
6.64909	-0.000966349
6.64934	0.0109161
6.64958	0.0115568
6.64983	0.00205199
6.65007	-0.0041401
6.65032	-0.000541827
6.65056	0.00470956
6.65081	0.00171911
6.65105	-0.00861138
6.6513	-0.0174101
6.65154	-0.0177516
6.65178	-0.00979567
6.65203	0.000360377
6.65227	0.00630912
6.65252	0.00795256
6.65276	0.0105571
6.65301	0.0148393
6.65325	0.0132397
6.6535	0.00176503
6.65374	-0.0100565
6.65399	-0.0100179
6.65423	-0.000444386
6.65448	0.00542305
6.65472	0.00199873
6.65496	-0.00436634
6.65521	-0.00840162
6.65545	-0.0111006
6.6557	-0.010942
6.65594	-0.00275159
6.65619	0.0106466
6.65643	0.0171263
6.65668	0.0117091
6.65692	0.00451419
6.65717	0.00529379
6.65741	0.00917373
6.65765	0.00677168
6.6579	0.00115193
6.65814	0.00315738
6.65839	0.0129736
6.65863	0.0179916
6.65888	0.0106353
6.65912	-0.000772763
6.65937	-0.00328412
6.65961	0.0041355
6.65986	0.0111059
6.6601	0.0107233
6.66035	0.0076409
6.66059	0.00937744
6.66083	0.0146314
6.66108	0.0160861
6.66132	0.0129887
6.66157	0.0129508
6.66181	0.0189827
6.66206	0.0229191
6.6623	0.0176853
6.66255	0.00925581
6.66279	0.00750424
6.66304	0.01021
6.66328	0.00757127
6.66353	0.000471265
6.66377	0.000819738
6.66401	0.011487
6.66426	0.0190374
6.6645	0.0130239
6.66475	0.00178491
6.66499	-0.000322742
6.66524	0.00623801
6.66548	0.00917079
6.66573	0.0040251
6.66597	-0.000933601
6.66622	0.000465987
6.66646	0.00348794
6.66671	0.00215317
6.66695	-0.000632693
6.66719	0.00103097
6.66744	0.00502086
6.66768	0.00375254
6.66793	-0.00331433
6.66817	-0.0071436
6.66842	-0.00140741
6.66866	0.00827021
6.66891	0.0118935
6.66915	0.00842692
6.6694	0.00553085
6.66964	0.00712613
6.66988	0.00806049
6.67013	0.00314695
6.67037	-0.00428582
6.67062	-0.00703889
6.67086	-0.00384367
6.67111	-3.81869e-05
6.67135	0.000102164
6.6716	-0.00192303
6.67184	-0.00178482
6.67209	0.00199483
6.67233	0.00557344
6.67258	0.00329477
6.67282	-0.00517608
6.67306	-0.0126321
6.67331	-0.0123217
6.67355	-0.00650802
6.6738	-0.00217785
6.67404	-3.18363e-05
6.67429	0.00432624
6.67453	0.00875658
6.67478	0.00507319
6.67502	-0.00551063
6.67527	-0.00899942
6.67551	0.00207204
6.67576	0.0160411
6.676	0.0183455
6.67624	0.0116155
6.67649	0.00796938
6.67673	0.00842705
6.67698	0.00420741
6.67722	-0.00507286
6.67747	-0.00923991
6.67771	-0.00390668
6.67796	0.00368799
6.6782	0.00705536
6.67845	0.0077391
6.67869	0.00790973
6.67894	0.00571365
6.67918	0.00125035
6.67942	-0.00120898
6.67967	-0.000133791
6.67991	0.00120693
6.68016	0.00180271
6.6804	0.00493973
6.68065	0.0112234
6.68089	0.0165485
6.68114	0.0189944
6.68138	0.0209694
6.68163	0.0228423
6.68187	0.0212705
6.68212	0.0155755
6.68236	0.00928893
6.6826	0.00434461
6.68285	0.000457305
6.68309	9.36721e-05
6.68334	0.00526479
6.68358	0.00902575
6.68383	0.00110998
6.68407	-0.0151213
6.68432	-0.0225566
6.68456	-0.0124537
6.68481	0.00344196
6.68505	0.00959672
6.68529	0.00619752
6.68554	0.00356211
6.68578	0.00487915
6.68603	0.00494846
6.68627	0.00192139
6.68652	0.000136271
6.68676	0.00200628
6.68701	0.00456183
6.68725	0.00452389
6.6875	0.00192219
6.68774	-0.00150919
6.68799	-0.00413677
6.68823	-0.00479609
6.68847	-0.00359044
6.68872	-0.00184149
6.68896	-0.000502364
6.68921	-1.12325e-05
6.68945	-0.0012577
6.6897	-0.00362636
6.68994	-0.00300324
6.69019	0.00343948
6.69043	0.0108905
6.69068	0.0115586
6.69092	0.00614057
6.69117	0.00355373
6.69141	0.00803767
6.69165	0.0143964
6.6919	0.0180373
6.69214	0.0206011
6.69239	0.0219833
6.69263	0.0169708
6.69288	0.00618266
6.69312	0.000695395
6.69337	0.0069672
6.69361	0.0154038
6.69386	0.0142896
6.6941	0.0079763
6.69435	0.00866718
6.69459	0.0151179
6.69483	0.0142567
6.69508	0.00305695
6.69532	-0.00608928
6.69557	-0.00483561
6.69581	-0.00032395
6.69606	-0.00113543
6.6963	-0.00329065
6.69655	0.000696936
6.69679	0.00712274
6.69704	0.0065163
6.69728	-0.000566739
6.69752	-0.00445642
6.69777	-0.00234156
6.69801	-0.00245731
6.69826	-0.00946637
6.6985	-0.0150223
6.69875	-0.00918338
6.69899	0.00475784
6.69924	0.0141805
6.69948	0.0126519
6.69973	0.00438399
6.69997	-0.00473827
6.70022	-0.0123864
6.70046	-0.0159473
6.7007	-0.0120457
6.70095	-0.00286579
6.70119	0.00384395
6.70144	0.00444911
6.70168	0.00293954
6.70193	0.00199521
6.70217	-0.00142095
6.70242	-0.006876
6.70266	-0.0062201
6.70291	0.003313
6.70315	0.0102456
6.7034	0.00423189
6.70364	-0.00650204
6.70388	-0.00667739
6.70413	0.00172169
6.70437	0.00289963
6.70462	-0.00595163
6.70486	-0.00916063
6.70511	0.00183598
6.70535	0.0143459
6.7056	0.0147012
6.70584	0.0085154
6.70609	0.00836776
6.70633	0.0118662
6.70658	0.00714227
6.70682	-0.00493072
6.70706	-0.00955661
6.70731	0.00014709
6.70755	0.0128384
6.7078	0.0150977
6.70804	0.00884701
6.70829	0.00565241
6.70853	0.00877493
6.70878	0.0099507
6.70902	0.00445773
6.70927	0.000641103
6.70951	0.00777095
6.70975	0.0195446
6.71	0.020559
6.71024	0.0094576
6.71049	0.00295439
6.71073	0.0110064
6.71098	0.0205948
6.71122	0.015745
6.71147	0.00331194
6.71171	0.00237923
6.71196	0.0138929
6.7122	0.0198949
6.71245	0.0121438
6.71269	0.0022956
6.71293	0.000323853
6.71318	0.00106728
6.71342	-0.0012749
6.71367	-0.00194127
6.71391	0.00226002
6.71416	0.00414068
6.7144	-0.000673063
6.71465	-0.00433836
6.71489	-0.00047168
6.71514	0.00452192
6.71538	0.00366128
6.71563	0.00132275
6.71587	0.00268837
6.71611	0.00314794
6.71636	-0.00063158
6.7166	-0.00121038
6.71685	0.00544045
6.71709	0.00860638
6.71734	0.000291057
6.71758	-0.00801464
6.71783	-0.00302258
6.71807	0.00696018
6.71832	0.00594931
6.71856	-0.00178811
6.71881	-0.000273362
6.71905	0.00799769
6.71929	0.00544467
6.71954	-0.00844194
6.71978	-0.0137645
6.72003	-0.00265691
6.72027	0.00854131
6.72052	0.00672598
6.72076	0.000324445
6.72101	0.000217911
6.72125	0.00146204
6.7215	-0.00324335
6.72174	-0.00743085
6.72198	-0.00261444
6.72223	0.00535195
6.72247	0.00580919
6.72272	0.000802262
6.72296	-0.000280927
6.72321	0.00261248
6.72345	0.00178939
6.7237	-0.00352202
6.72394	-0.00583268
6.72419	-0.00181268
6.72443	0.00331728
6.72468	0.00422243
6.72492	0.00149006
6.72516	-0.00152784
6.72541	-0.0031984
6.72565	-0.00411594
6.7259	-0.00559912
6.72614	-0.00775983
6.72639	-0.00855524
6.72663	-0.0062524
6.72688	-0.00255836
6.72712	-0.000549773
6.72737	-0.000366107
6.72761	-0.000771074
6.72786	-0.00310231
6.7281	-0.00784485
6.72834	-0.00932416
6.72859	-0.00207493
6.72883	0.00836942
6.72908	0.0108933
6.72932	0.00542426
6.72957	0.00299555
6.72981	0.00729454
6.73006	0.00887601
6.7303	0.00232835
6.73055	-0.00410994
6.73079	-0.00359903
6.73104	-0.00248308
6.73128	-0.00670017
6.73152	-0.00833958
6.73177	0.000751076
6.73201	0.0114639
6.73226	0.00958167
6.7325	-0.000709475
6.73275	-0.00262416
6.73299	0.0064694
6.73324	0.0117668
6.73348	0.00586639
6.73373	-0.000215237
6.73397	0.00341528
6.73421	0.00958699
6.73446	0.00678096
6.7347	-0.00277877
6.73495	-0.00814979
6.73519	-0.00616006
6.73544	-0.00273192
6.73568	-0.00145125
6.73593	-0.000325628
6.73617	0.00110891
6.73642	-0.000126625
6.73666	-0.00384164
6.73691	-0.00464859
6.73715	0.000422835
6.73739	0.00643696
6.73764	0.00629089
6.73788	6.44432e-05
6.73813	-0.00490848
6.73837	-0.0033162
6.73862	0.00156375
6.73886	0.00217165
6.73911	-0.00382893
6.73935	-0.0105345
6.7396	-0.0104827
6.73984	-0.00266928
6.74009	0.0068428
6.74033	0.0109786
6.74057	0.00724452
6.74082	-0.00147809
6.74106	-0.00953521
6.74131	-0.0117225
6.74155	-0.00611425
6.7418	0.00406394
6.74204	0.0114252
6.74229	0.00992062
6.74253	0.00140833
6.74278	-0.00473913
6.74302	-0.00161902
6.74327	0.0064927
6.74351	0.00939237
6.74375	0.00447782
6.744	-0.000986919
6.74424	-0.00228267
6.74449	-0.00371828
6.74473	-0.00805448
6.74498	-0.00821388
6.74522	0.00127243
6.74547	0.0113337
6.74571	0.00933202
6.74596	-0.000806002
6.7462	-0.0035823
6.74644	0.00381106
6.74669	0.00776322
6.74693	0.0013808
6.74718	-0.0050231
6.74742	-0.00327982
6.74767	-0.00145419
6.74791	-0.00761305
6.74816	-0.0130406
6.7484	-0.00619713
6.74865	0.00621883
6.74889	0.00827171
6.74914	-0.000852109
6.74938	-0.00739268
6.74962	-0.00491699
6.74987	-0.000121533
6.75011	0.00264797
6.75036	0.00733573
6.7506	0.0142304
6.75085	0.015651
6.75109	0.00839596
6.75134	4.06526e-05
6.75158	-0.00194686
6.75183	0.000823762
6.75207	0.00313401
6.75232	0.00279108
6.75256	-0.001004
6.7528	-0.00799981
6.75305	-0.0129066
6.75329	-0.00928791
6.75354	-0.000225822
6.75378	0.00341976
6.75403	-0.00153165
6.75427	-0.0060098
6.75452	-0.00325785
6.75476	0.00191407
6.75501	0.0035411
6.75525	0.0039657
6.7555	0.00600765
6.75574	0.00553939
6.75598	0.000580193
6.75623	-0.0012506
6.75647	0.00522378
6.75672	0.0111488
6.75696	0.00622313
6.75721	-0.00336002
6.75745	-0.00328816
6.7577	0.00635263
6.75794	0.0115817
6.75819	0.0064665
6.75843	-0.00022302
6.75868	-0.00187034
6.75892	-0.00281263
6.75916	-0.00588056
6.75941	-0.00505133
6.75965	0.0019674
6.7599	0.00575602
6.76014	-0.000505048
6.76039	-0.00834588
6.76063	-0.00670624
6.76088	0.000295356
6.76112	0.000928781
6.76137	-0.00414292
6.76161	-0.00394835
6.76185	0.00233818
6.7621	0.00244616
6.76234	-0.00827269
6.76259	-0.0171495
6.76283	-0.0125482
6.76308	-0.000940784
6.76332	0.00412024
6.76357	0.0022443
6.76381	0.00363647
6.76406	0.0101755
6.7643	0.0117083
6.76455	0.00258873
6.76479	-0.00840362
6.76503	-0.00947551
6.76528	-0.000905105
6.76552	0.00647773
6.76577	0.0047254
6.76601	-0.00365529
6.76626	-0.0104133
6.7665	-0.0106591
6.76675	-0.00660762
6.76699	-0.00315277
6.76724	-0.00120063
6.76748	0.00208127
6.76773	0.00604023
6.76797	0.00444319
6.76821	-0.00529302
6.76846	-0.0149708
6.7687	-0.0146232
6.76895	-0.00649949
6.76919	-0.00196342
6.76944	-0.00476942
6.76968	-0.00645288
6.76993	-0.000431627
6.77017	0.0081305
6.77042	0.0109099
6.77066	0.00774527
6.77091	0.00423126
6.77115	0.00330206
6.77139	0.00381638
6.77164	0.00328
6.77188	-0.000783349
6.77213	-0.00722809
6.77237	-0.00816638
6.77262	0.0022691
6.77286	0.0144148
6.77311	0.0102883
6.77335	-0.0103794
6.7736	-0.0245996
6.77384	-0.0160231
6.77408	0.00248201
6.77433	0.00904049
6.77457	0.00350151
6.77482	0.000982137
6.77506	0.00441562
6.77531	0.00445374
6.77555	0.00158535
6.7758	0.00583868
6.77604	0.0148677
6.77629	0.0144907
6.77653	0.0039135
6.77678	-0.0011717
6.77702	0.00405937
6.77726	0.00497147
6.77751	-0.00511624
6.77775	-0.0107451
6.778	-0.00081606
6.77824	0.0104276
6.77849	0.00624473
6.77873	-0.00504619
6.77898	-0.0054705
6.77922	0.00208979
6.77947	0.00121763
6.77971	-0.00793273
6.77996	-0.00946793
6.7802	-0.000613369
6.78044	0.00311313
6.78069	-0.00509978
6.78093	-0.0113182
6.78118	-0.00365993
6.78142	0.00863957
6.78167	0.00954714
6.78191	-0.000826274
6.78216	-0.00861124
6.7824	-0.00595027
6.78265	0.00135507
6.78289	0.00449673
6.78314	0.00257974
6.78338	0.0010123
6.78362	0.00237027
6.78387	0.0024007
6.78411	-0.00314551
6.78436	-0.00968697
6.7846	-0.00742728
6.78485	0.00430857
6.78509	0.0127442
6.78534	0.00715845
6.78558	-0.00627575
6.78583	-0.0126186
6.78607	-0.00781094
6.78631	-0.00141194
6.78656	-0.000891576
6.7868	-0.0028439
6.78705	-0.00221115
6.78729	-0.00182968
6.78754	-0.00687808
6.78778	-0.0140872
6.78803	-0.0134143
6.78827	-0.00143052
6.78852	0.0114209
6.78876	0.0114784
6.78901	-0.00062026
6.78925	-0.00895856
6.78949	-0.00266654
6.78974	0.00882998
6.78998	0.00919921
6.79023	-0.000834341
6.79047	-0.00572761
6.79072	-0.000163102
6.79096	0.00410363
6.79121	0.000133946
6.79145	-0.00254702
6.7917	0.00311625
6.79194	0.00745514
6.79219	0.00174649
6.79243	-0.00439539
6.79267	0.000488397
6.79292	0.00819764
6.79316	0.00484705
6.79341	-0.00375139
6.79365	-0.00227081
6.7939	0.00575377
6.79414	0.00364859
6.79439	-0.00765934
6.79463	-0.00989487
6.79488	0.000599305
6.79512	0.00646684
6.79537	-0.000218423
6.79561	-0.00573939
6.79585	-0.00152742
6.7961	0.000424393
6.79634	-0.00859929
6.79659	-0.0160321
6.79683	-0.00960691
6.79708	0.000877408
6.79732	0.00084059
6.79757	-0.00480518
6.79781	-0.00325795
6.79806	0.00234411
6.7983	0.00057803
6.79854	-0.00534278
6.79879	-0.00271818
6.79903	0.00715786
6.79928	0.00993071
6.79952	0.00136684
6.79977	-0.00736063
6.80001	-0.00810004
6.80026	-0.00477427
6.8005	-0.00280337
6.80075	-0.00250405
6.80099	-0.00433858
6.80124	-0.00870924
6.80148	-0.00934743
6.80172	0.000969732
6.80197	0.0160497
6.80221	0.0197618
6.80246	0.00751812
6.8027	-0.00665313
6.80295	-0.00900212
6.80319	-0.00199254
6.80344	0.00390269
6.80368	0.00485925
6.80393	0.00316863
6.80417	-0.000272036
6.80442	-0.00469282
6.80466	-0.0056377
6.8049	-0.000403418
6.80515	0.00542116
6.80539	0.00397715
6.80564	-0.00353656
6.80588	-0.00800534
6.80613	-0.00496409
6.80637	-0.000285076
6.80662	-0.00137989
6.80686	-0.006974
6.80711	-0.0092271
6.80735	-0.00443667
6.8076	0.00222999
6.80784	0.00394846
6.80808	0.00156567
6.80833	0.00225576
6.80857	0.00882631
6.80882	0.0144777
6.80906	0.0113607
6.80931	0.00187118
6.80955	-0.00360878
6.8098	-0.000415596
6.81004	0.00443823
6.81029	0.00309697
6.81053	-0.00102781
6.81077	0.00151023
6.81102	0.0104432
6.81126	0.0139982
6.81151	0.00628561
6.81175	-0.00172485
6.812	0.00313082
6.81224	0.0159417
6.81249	0.0199693
6.81273	0.0118353
6.81298	0.00626682
6.81322	0.0118849
6.81347	0.0171149
6.81371	0.00994613
6.81395	-0.0012451
6.8142	-0.00121083
6.81444	0.00715657
6.81469	0.00901081
6.81493	0.00339115
6.81518	0.00305502
6.81542	0.00945036
6.81567	0.00894221
6.81591	-0.00172214
6.81616	-0.00659724
6.8164	0.00369913
6.81665	0.0153201
6.81689	0.0127038
6.81713	0.00183817
6.81738	-0.00245554
6.81762	-0.000321648
6.81787	-0.0016177
6.81811	-0.00574976
6.81836	-0.00407214
6.8186	0.00259392
6.81885	0.00541978
6.81909	0.00418474
6.81934	0.00706536
6.81958	0.0143624
6.81983	0.0169019
6.82007	0.0119292
6.82031	0.00742083
6.82056	0.00798508
6.8208	0.00842801
6.82105	0.00500743
6.82129	0.00230429
6.82154	0.00405026
6.82178	0.00623802
6.82203	0.00489219
6.82227	0.00329159
6.82252	0.00560928
6.82276	0.00906829
6.823	0.00845542
6.82325	0.00479566
6.82349	0.00383785
6.82374	0.00727219
6.82398	0.00978614
6.82423	0.00558265
6.82447	-0.00386816
6.82472	-0.0100058
6.82496	-0.00637173
6.82521	0.00290556
6.82545	0.00731494
6.8257	0.00370577
6.82594	0.000613678
6.82618	0.00525744
6.82643	0.0118944
6.82667	0.00996101
6.82692	-6.38045e-05
6.82716	-0.00742238
6.82741	-0.0064412
6.82765	-0.00263649
6.8279	-0.00233646
6.82814	-0.00346858
6.82839	9.3963e-05
6.82863	0.00915485
6.82888	0.0171995
6.82912	0.0169259
6.82936	0.0085847
6.82961	0.00136529
6.82985	0.003013
6.8301	0.0079569
6.83034	0.00320551
6.83059	-0.0106803
6.83083	-0.014907
6.83108	0.00211532
6.83132	0.0239417
6.83157	0.0252456
6.83181	0.0068459
6.83206	-0.00544108
6.8323	0.00297071
6.83254	0.0176662
6.83279	0.0188216
6.83303	0.00729963
6.83328	-0.00210494
6.83352	-0.00235992
6.83377	0.00182958
6.83401	0.00529676
6.83426	0.007519
6.8345	0.00906625
6.83475	0.010039
6.83499	0.0108075
6.83524	0.0105421
6.83548	0.00739701
6.83572	0.00253335
6.83597	0.000152552
6.83621	0.00153581
6.83646	0.00375533
6.8367	0.00583798
6.83695	0.00981161
6.83719	0.0135819
6.83744	0.0111093
6.83768	0.00365812
6.83793	0.00157769
6.83817	0.00834352
6.83841	0.0122936
6.83866	0.00391914
6.8389	-0.00710236
6.83915	-0.00543297
6.83939	0.00493972
6.83964	0.00564344
6.83988	-0.00670839
6.84013	-0.0136976
6.84037	-0.00360708
6.84062	0.00916588
6.84086	0.00547894
6.84111	-0.00880685
6.84135	-0.0111903
6.84159	0.00320778
6.84184	0.0139175
6.84208	0.00587924
6.84233	-0.00809257
6.84257	-0.00707323
6.84282	0.00627685
6.84306	0.010107
6.84331	-0.00323998
6.84355	-0.0155146
6.8438	-0.00971332
6.84404	0.00506735
6.84429	0.00721956
6.84453	-0.00696743
6.84477	-0.0198476
6.84502	-0.0173854
6.84526	-0.00537958
6.84551	0.00168496
6.84575	-0.00129896
6.846	-0.00781695
6.84624	-0.00970771
6.84649	-0.00453297
6.84673	0.00386711
6.84698	0.00841137
6.84722	0.00418673
6.84747	-0.00633465
6.84771	-0.0141662
6.84795	-0.0115798
6.8482	0.000638636
6.84844	0.0132008
6.84869	0.0156347
6.84893	0.0059491
6.84918	-0.00563324
6.84942	-0.00584627
6.84967	0.00617135
6.84991	0.0166501
6.85016	0.0144508
6.8504	0.0054337
6.85064	0.00249414
6.85089	0.00589126
6.85113	0.00449142
6.85138	-0.00438483
6.85162	-0.00906879
6.85187	-0.00149657
6.85211	0.00978486
6.85236	0.0117924
6.8526	0.00478508
6.85285	-0.000414537
6.85309	0.00179407
6.85334	0.00657982
6.85358	0.00724644
6.85382	0.00261285
6.85407	-0.00338704
6.85431	-0.00509547
6.85456	0.000702861
6.8548	0.0103742
6.85505	0.0150392
6.85529	0.0102986
6.85554	0.00214268
6.85578	-0.00116264
6.85603	-0.000585564
6.85627	-0.00370901
6.85652	-0.011489
6.85676	-0.0148977
6.857	-0.00738774
6.85725	0.00483675
6.85749	0.00985531
6.85774	0.00466027
6.85798	-0.00238975
6.85823	-0.00332805
6.85847	0.000420416
6.85872	0.0029023
6.85896	0.00300621
6.85921	0.00401764
6.85945	0.00589698
6.8597	0.00441643
6.85994	-0.00086647
6.86018	-0.00377423
6.86043	-9.63584e-05
6.86067	0.00558143
6.86092	0.00614448
6.86116	0.00162668
6.86141	-0.00232049
6.86165	-0.00300787
6.8619	-0.0023161
6.86214	-0.00143308
6.86239	0.000391957
6.86263	0.00242606
6.86287	0.00273364
6.86312	0.00158739
6.86336	0.000504912
6.86361	-0.000984485
6.86385	-0.00322821
6.8641	-0.00308384
6.86434	0.0016781
6.86459	0.00628977
6.86483	0.00416222
6.86508	-0.00247163
6.86532	-0.0043089
6.86557	0.00204823
6.86581	0.00980719
6.86605	0.0119249
6.8663	0.00903076
6.86654	0.0058225
6.86679	0.00497464
6.86703	0.00577292
6.86728	0.00437001
6.86752	-0.00356281
6.86777	-0.0149928
6.86801	-0.0176664
6.86826	-0.00511642
6.8685	0.00964101
6.86875	0.00827635
6.86899	-0.00594966
6.86923	-0.0113019
6.86948	-0.0001945
6.86972	0.00943268
6.86997	0.00313792
6.87021	-0.00770298
6.87046	-0.00609048
6.8707	0.00345444
6.87095	0.00566208
6.87119	0.00116907
6.87144	0.00214468
6.87168	0.00799322
6.87193	0.00671494
6.87217	-0.00166204
6.87241	-0.00384475
6.87266	0.00303571
6.8729	0.00618038
6.87315	-0.000173505
6.87339	-0.00547614
6.87364	-0.00300402
6.87388	-0.00143046
6.87413	-0.00682908
6.87437	-0.00985121
6.87462	-0.00331127
6.87486	0.00238101
6.8751	-0.00324316
6.87535	-0.0104074
6.87559	-0.00463775
6.87584	0.00685959
6.87608	0.00544126
6.87633	-0.00743051
6.87657	-0.0116139
6.87682	-0.00134369
6.87706	0.00621057
6.87731	0.000814444
6.87755	-0.00456505
6.8778	0.00176636
6.87804	0.00919324
6.87828	0.00387675
6.87853	-0.00660023
6.87877	-0.00655237
6.87902	0.000782422
6.87926	0.00010909
6.87951	-0.00852983
6.87975	-0.0105997
6.88	-0.00305452
6.88024	0.00172569
6.88049	-0.00062917
6.88073	0.000273833
6.88098	0.00833392
6.88122	0.0127349
6.88146	0.00840464
6.88171	0.00579585
6.88195	0.0102858
6.8822	0.0102716
6.88244	-0.000898757
6.88269	-0.00868702
6.88293	-0.00045709
6.88318	0.0103086
6.88342	0.00420169
6.88367	-0.0109179
6.88391	-0.0112436
6.88416	0.00440109
6.8844	0.0130054
6.88464	0.00431799
6.88489	-0.00558601
6.88513	-0.00302708
6.88538	0.00352176
6.88562	0.00222152
6.88587	-0.00214695
6.88611	0.000270998
6.88636	0.00651653
6.8866	0.00766408
6.88685	0.00423281
6.88709	0.0028064
6.88733	0.00389907
6.88758	0.00361913
6.88782	0.00257915
6.88807	0.00406162
6.88831	0.00658529
6.88856	0.00571982
6.8888	0.00121166
6.88905	-0.0028139
6.88929	-0.00277358
6.88954	0.00189833
6.88978	0.00796552
6.89003	0.00893106
6.89027	0.00144939
6.89051	-0.00798254
6.89076	-0.00928654
6.891	-0.00256252
6.89125	0.00238505
6.89149	0.00128687
6.89174	0.000312736
6.89198	0.00344493
6.89223	0.00607033
6.89247	0.00554396
6.89272	0.00692848
6.89296	0.012236
6.89321	0.014776
6.89345	0.0112289
6.89369	0.00874357
6.89394	0.0119185
6.89418	0.0131733
6.89443	0.00568212
6.89467	-0.00371171
6.89492	-0.00522486
6.89516	-0.001483
6.89541	-0.00108306
6.89565	-0.00406527
6.8959	-0.00495146
6.89614	-0.00383767
6.89639	-0.00339455
6.89663	-0.00092171
6.89687	0.00557025
6.89712	0.00935365
6.89736	0.00437665
6.89761	-0.00317585
6.89785	-0.00409449
6.8981	-0.000588946
6.89834	0.000595425
6.89859	0.00221298
6.89883	0.00895228
6.89908	0.0123767
6.89932	0.0012153
6.89956	-0.0165702
6.89981	-0.020567
6.90005	-0.00681264
6.9003	0.00757837
6.90054	0.0101674
6.90079	0.00633382
6.90103	0.00355438
6.90128	3.57288e-05
6.90152	-0.00479565
6.90177	-0.00424568
6.90201	0.00284461
6.90226	0.00636415
6.9025	0.000791238
6.90274	-0.00464848
6.90299	-0.000917132
6.90323	0.00566517
6.90348	0.0034257
6.90372	-0.00677335
6.90397	-0.0135181
6.90421	-0.0101454
6.90446	-0.000271298
6.9047	0.0083617
6.90495	0.00966649
6.90519	0.00247939
6.90544	-0.0071139
6.90568	-0.010309
6.90592	-0.00566696
6.90617	-0.000241357
6.90641	0.00129472
6.90666	0.00183524
6.9069	0.00342322
6.90715	0.00223376
6.90739	-0.00279251
6.90764	-0.00452631
6.90788	0.00193255
6.90813	0.00998626
6.90837	0.0104382
6.90862	0.0045067
6.90886	0.000270301
6.9091	0.000392149
6.90935	0.00122952
6.90959	0.000921016
6.90984	0.000611318
6.91008	-0.000296938
6.91033	-0.0029585
6.91057	-0.00457681
6.91082	-0.00177804
6.91106	0.00230015
6.91131	0.000806856
6.91155	-0.00659536
6.91179	-0.0119865
6.91204	-0.0090628
6.91228	-0.000648862
6.91253	0.00541844
6.91277	0.00523826
6.91302	0.0018126
6.91326	0.00011698
6.91351	0.00101286
6.91375	0.00142934
6.914	0.00020297
6.91424	0.000122809
6.91449	0.001633
6.91473	-0.000943478
6.91497	-0.0105305
6.91522	-0.0182008
6.91546	-0.0127925
6.91571	0.00109936
6.91595	0.00670955
6.9162	-0.000778701
6.91644	-0.00684817
6.91669	-0.00104591
6.91693	0.00556642
6.91718	-0.00153668
6.91742	-0.0152544
6.91767	-0.0162117
6.91791	-0.00255167
6.91815	0.00709325
6.9184	0.00157716
6.91864	-0.00751438
6.91889	-0.00445443
6.91913	0.00867818
6.91938	0.0170659
6.91962	0.0130224
6.91987	0.00272163
6.92011	-0.00339741
6.92036	-0.000611374
6.9206	0.00800943
6.92085	0.0148363
6.92109	0.0135817
6.92133	0.00485503
6.92158	-0.00429515
6.92182	-0.00734381
6.92207	-0.00387809
6.92231	0.00161145
6.92256	0.00427731
6.9228	0.0020225
6.92305	-0.00326229
6.92329	-0.00684559
6.92354	-0.00566212
6.92378	-0.00181747
6.92403	0.000523186
6.92427	0.000893228
6.92451	0.0019772
6.92476	0.00438415
6.925	0.0064098
6.92525	0.00833446
6.92549	0.0112424
6.92574	0.0114994
6.92598	0.00375856
6.92623	-0.00823373
6.92647	-0.011821
6.92672	-0.00174888
6.92696	0.0104692
6.9272	0.0109617
6.92745	0.00223195
6.92769	-0.00170251
6.92794	0.00380975
6.92818	0.00869929
6.92843	0.00466953
6.92867	-0.00311319
6.92892	-0.00530159
6.92916	-0.00152516
6.92941	0.00196367
6.92965	0.00248479
6.9299	0.001804
6.93014	-2.81133e-05
6.93038	-0.0045219
6.93063	-0.00927377
6.93087	-0.00913274
6.93112	-0.00372107
6.93136	0.00125091
6.93161	0.00154211
6.93185	-0.000888882
6.9321	-0.00209632
6.93234	-0.00116482
6.93259	0.000780105
6.93283	0.0029839
6.93308	0.00433702
6.93332	0.00351347
6.93356	0.00206779
6.93381	0.00377536
6.93405	0.00792396
6.9343	0.00735825
6.93454	-0.00187917
6.93479	-0.012117
6.93503	-0.0120907
6.93528	-0.00251954
6.93552	0.00380595
6.93577	-0.000740531
6.93601	-0.00855975
6.93626	-0.00846835
6.9365	-0.00159558
6.93674	0.00142077
6.93699	-0.00371624
6.93723	-0.00991501
6.93748	-0.0100383
6.93772	-0.0060487
6.93797	-0.00361334
6.93821	-0.0032173
6.93846	-0.00161099
6.9387	0.0014577
6.93895	0.00366517
6.93919	0.00536589
6.93943	0.00828863
6.93968	0.0094287
6.93992	0.00318093
6.94017	-0.00842408
6.94041	-0.0143317
6.94066	-0.00798074
6.9409	0.00284642
6.94115	0.00589241
6.94139	0.000794633
6.94164	-0.00181704
6.94188	0.0036161
6.94213	0.0106084
6.94237	0.0113403
6.94261	0.00690647
6.94286	0.00289874
6.9431	0.000642376
6.94335	-0.00159512
6.94359	-0.00240917
6.94384	0.00135806
6.94408	0.00816344
6.94433	0.0121137
6.94457	0.0101958
6.94482	0.00518326
6.94506	0.000682469
6.94531	-0.00318637
6.94555	-0.00778968
6.94579	-0.0122204
6.94604	-0.0134103
6.94628	-0.00910433
6.94653	-0.000118856
6.94677	0.00938246
6.94702	0.0137952
6.94726	0.0100874
6.94751	0.00109862
6.94775	-0.00601534
6.948	-0.00587998
6.94824	0.000435408
6.94849	0.00706152
6.94873	0.00923056
6.94897	0.00702312
6.94922	0.00364595
6.94946	0.00141562
6.94971	0.000455154
6.94995	0.00041241
6.9502	0.00141541
6.95044	0.00312646
6.95069	0.00479708
6.95093	0.00666172
6.95118	0.00881398
6.95142	0.00820934
6.95166	0.000857373
6.95191	-0.0105755
6.95215	-0.015933
6.9524	-0.00929643
6.95264	0.0017818
6.95289	0.00505217
6.95313	-0.000592896
6.95338	-0.00541444
6.95362	-0.00405674
6.95387	-0.00188709
6.95411	-0.00459488
6.95436	-0.00975044
6.9546	-0.0121835
6.95484	-0.010795
6.95509	-0.00614878
6.95533	0.0021306
6.95558	0.0111543
6.95582	0.0143329
6.95607	0.0102801
6.95631	0.00634471
6.95656	0.00786343
6.9568	0.00991457
6.95705	0.00614731
6.95729	8.57359e-05
6.95754	-0.000135844
6.95778	0.00604221
6.95802	0.0124023
6.95827	0.0150999
6.95851	0.0134469
6.95876	0.00586607
6.959	-0.00600651
6.95925	-0.0128803
6.95949	-0.00765958
6.95974	0.00255129
6.95998	0.00476617
6.96023	-0.00127799
6.96047	-0.00438392
6.96072	-0.00104977
6.96096	5.31263e-05
6.9612	-0.00482439
6.96145	-0.00668325
6.96169	0.000642026
6.96194	0.00848542
6.96218	0.0056387
6.96243	-0.00536309
6.96267	-0.0128171
6.96292	-0.0110745
6.96316	-0.00373666
6.96341	0.0034624
6.96365	0.00609434
6.96389	0.00190073
6.96414	-0.00510943
6.96438	-0.00592465
6.96463	0.00152419
6.96487	0.00668053
6.96512	0.000410619
6.96536	-0.0102486
6.96561	-0.0112758
6.96585	-0.00222432
6.9661	0.00402691
6.96634	0.00152938
6.96659	-0.000982087
6.96683	0.00424397
6.96707	0.011483
6.96732	0.0109966
6.96756	0.00318908
6.96781	-0.00386705
6.96805	-0.00586477
6.9683	-0.00444207
6.96854	-0.00165039
6.96879	0.001079
6.96903	0.000902235
6.96928	-0.00316433
6.96952	-0.0065085
6.96977	-0.00432654
6.97001	0.000600192
6.97025	0.001659
6.9705	-0.00128904
6.97074	-0.002506
6.97099	-0.000971928
6.97123	-0.00199273
6.97148	-0.00661869
6.97172	-0.00848662
6.97197	-0.0051183
6.97221	-0.00329182
6.97246	-0.00673065
6.9727	-0.00731467
6.97295	0.00166326
6.97319	0.0106552
6.97343	0.00542086
6.97368	-0.0100204
6.97392	-0.0167231
6.97417	-0.00785147
6.97441	0.00226255
6.97466	0.000722476
6.9749	-0.00580743
6.97515	-0.00393774
6.97539	0.00609006
6.97564	0.0134195
6.97588	0.0130511
6.97612	0.00893806
6.97637	0.00500608
6.97661	0.00233489
6.97686	0.00204957
6.9771	0.0028311
6.97735	-0.00100247
6.97759	-0.0107833
6.97784	-0.0167957
6.97808	-0.00986248
6.97833	0.00345509
6.97857	0.00807857
6.97882	0.00124953
6.97906	-0.0053202
6.9793	-0.00415536
6.97955	-0.000579547
6.97979	5.74975e-05
6.98004	0.00161231
6.98028	0.00773138
6.98053	0.0129738
6.98077	0.010922
6.98102	0.00435868
6.98126	0.000121854
6.98151	-0.00110152
6.98175	-0.00295467
6.982	-0.00542765
6.98224	-0.0054983
6.98248	-0.00330042
6.98273	-0.00166835
6.98297	-0.0010253
6.98322	0.000403574
6.98346	0.0025346
6.98371	0.00371724
6.98395	0.00376034
6.9842	0.00318104
6.98444	0.00126449
6.98469	-0.00143248
6.98493	-0.000892403
6.98518	0.00529708
6.98542	0.0120808
6.98566	0.0114505
6.98591	0.00293505
6.98615	-0.00526974
6.9864	-0.00671182
6.98664	-0.00383175
6.98689	-0.00256963
6.98713	-0.00346429
6.98738	-0.00189392
6.98762	0.00406799
6.98787	0.0096788
6.98811	0.00859727
6.98835	0.000351819
6.9886	-0.00870832
6.98884	-0.0115446
6.98909	-0.0064606
6.98933	0.00259724
6.98958	0.00983939
6.98982	0.0109114
6.99007	0.00482676
6.99031	-0.0044503
6.99056	-0.0092249
6.9908	-0.00457242
6.99105	0.00550825
6.99129	0.0115795
6.99153	0.00989076
6.99178	0.00655859
6.99202	0.00804214
6.99227	0.0112607
6.99251	0.00863582
6.99276	0.00088603
6.993	-0.00288953
6.99325	0.000814968
6.99349	0.00415735
6.99374	0.00114974
6.99398	-0.00107323
6.99423	0.00632787
6.99447	0.0161897
6.99471	0.0124507
6.99496	-0.00459787
6.9952	-0.0146834
6.99545	-0.00533815
6.99569	0.00973838
6.99594	0.0109094
6.99618	0.000693794
6.99643	-0.00302185
6.99667	0.00474782
6.99692	0.0117424
6.99716	0.0106251
6.99741	0.00792489
6.99765	0.00820299
6.99789	0.00587437
6.99814	-0.00103902
6.99838	-0.00377763
6.99863	0.00187314
6.99887	0.00590931
6.99912	0.000153838
6.99936	-0.00674973
6.99961	-0.0024751
6.99985	0.00890016
7.0001	0.0126242
7.00034	0.00422353
7.00059	-0.00662769
7.00083	-0.0100022
7.00107	-0.0039413
7.00132	0.00783399
7.00156	0.0175253
7.00181	0.0160931
7.00205	0.00345321
7.0023	-0.00730811
7.00254	-0.00438308
7.00279	0.00749992
7.00303	0.0145335
7.00328	0.0123285
7.00352	0.00759082
7.00376	0.00520317
7.00401	0.00394337
7.00425	0.00282671
7.0045	0.00226272
7.00474	0.000741904
7.00499	-0.00184379
7.00523	-0.00120036
7.00548	0.0032791
7.00572	0.00334479
7.00597	-0.00545576
7.00621	-0.0130031
7.00646	-0.00887036
7.0067	-6.23379e-05
7.00694	0.000787093
7.00719	-0.00208965
7.00743	0.00378956
7.00768	0.0128184
7.00792	0.00706824
7.00817	-0.0111947
7.00841	-0.0178715
7.00866	-0.00441024
7.0089	0.00731128
7.00915	-0.000510831
7.00939	-0.0135998
7.00964	-0.00912246
7.00988	0.00890163
7.01012	0.0176676
7.01037	0.00980102
7.01061	0.000362657
7.01086	0.00289977
7.0111	0.0139403
7.01135	0.0216178
7.01159	0.0192735
7.01184	0.00977055
7.01208	0.00255852
7.01233	0.00525936
7.01257	0.0143063
7.01282	0.0177275
7.01306	0.0105783
7.0133	0.00152656
7.01355	0.00010808
7.01379	0.00517032
7.01404	0.0111294
7.01428	0.016522
7.01453	0.0190466
7.01477	0.0119612
7.01502	-0.00409885
7.01526	-0.0141318
7.01551	-0.00633423
7.01575	0.00921587
7.01599	0.0130156
7.01624	0.00337201
7.01648	-0.00350639
7.01673	0.000564576
7.01697	0.00557881
7.01722	0.00246434
7.01746	-0.00243523
7.01771	-0.000298334
7.01795	0.00385158
7.0182	-0.00047057
7.01844	-0.0102203
7.01869	-0.0112236
7.01893	0.000176293
7.01917	0.00973078
7.01942	0.00500686
7.01966	-0.00655273
7.01991	-0.00877578
7.02015	-0.000562331
7.0204	0.00408968
7.02064	-0.000937575
7.02089	-0.00554815
7.02113	-0.00278094
7.02138	-0.00150251
7.02162	-0.00917462
7.02187	-0.0149013
7.02211	-0.00536546
7.02235	0.0112367
7.0226	0.0155201
7.02284	0.00626942
7.02309	0.000167081
7.02333	0.00402308
7.02358	0.00733541
7.02382	0.00384005
7.02407	0.000318729
7.02431	0.000112522
7.02456	-0.0023581
7.0248	-0.00530125
7.02505	0.00158738
7.02529	0.0145624
7.02553	0.0140861
7.02578	-0.00324754
7.02602	-0.013277
7.02627	-0.000496532
7.02651	0.0152408
7.02676	0.00865774
7.027	-0.0120237
7.02725	-0.0201908
7.02749	-0.0116931
7.02774	-0.00449359
7.02798	-0.00575851
7.02822	-0.00587091
7.02847	-0.00201223
7.02871	-0.00241176
7.02896	-0.00647547
7.0292	-0.00369421
7.02945	0.00485558
7.02969	0.00514118
7.02994	-0.00520016
7.03018	-0.0106206
7.03043	-0.00242785
7.03067	0.00818609
7.03092	0.00985587
7.03116	0.00768808
7.0314	0.0104259
7.03165	0.0142336
7.03189	0.0101885
7.03214	-0.00117968
7.03238	-0.0119895
7.03263	-0.0168536
7.03287	-0.0143749
7.03312	-0.0060789
7.03336	0.00105242
7.03361	-0.000702175
7.03385	-0.00735736
7.0341	-0.00469256
7.03434	0.0114629
7.03458	0.0260073
7.03483	0.0241593
7.03507	0.0116498
7.03532	0.00475569
7.03556	0.00687452
7.03581	0.00778356
7.03605	0.00312936
7.0363	0.000855536
7.03654	0.00609123
7.03679	0.0112624
7.03703	0.00736187
7.03728	-0.00244325
7.03752	-0.0078815
7.03776	-0.00606532
7.03801	-0.00308233
7.03825	-0.00265176
7.0385	-0.00178186
7.03874	0.000490116
7.03899	-0.00133604
7.03923	-0.00906559
7.03948	-0.0132235
7.03972	-0.00474686
7.03997	0.00971242
7.04021	0.0149969
7.04045	0.00859254
7.0407	0.00263882
7.04094	0.00391343
7.04119	0.00532323
7.04143	0.00185684
7.04168	0.000959763
7.04192	0.00800799
7.04217	0.0136402
7.04241	0.00773149
7.04266	-0.00313585
7.0429	-0.00560274
7.04315	-2.40387e-05
7.04339	0.00314043
7.04363	0.00247781
7.04388	0.00586156
7.04412	0.0135916
7.04437	0.0164725
7.04461	0.0116986
7.04486	0.00721264
7.0451	0.00791121
7.04535	0.00937637
7.04559	0.00833491
7.04584	0.00848703
7.04608	0.0120459
7.04633	0.0146007
7.04657	0.0122529
7.04681	0.00648061
7.04706	-0.00032372
7.0473	-0.00670771
7.04755	-0.00840768
7.04779	-0.0014906
7.04804	0.0089035
7.04828	0.0119227
7.04853	0.00567662
7.04877	-6.7633e-05
7.04902	0.00157685
7.04926	0.00613014
7.04951	0.00668787
7.04975	0.00256887
7.04999	-0.00408437
7.05024	-0.0113218
7.05048	-0.0136858
7.05073	-0.00545433
7.05097	0.00783314
7.05122	0.0113486
7.05146	0.000790364
7.05171	-0.00954098
7.05195	-0.00623544
7.0522	0.00486778
7.05244	0.00929413
7.05268	0.00487248
7.05293	0.00059316
7.05317	0.000164948
7.05342	-0.000571184
7.05366	-0.00212598
7.05391	0.000434791
7.05415	0.00709543
7.0544	0.0112135
7.05464	0.010343
7.05489	0.00952483
7.05513	0.0108339
7.05538	0.00861553
7.05562	0.00028707
7.05586	-0.00593008
7.05611	-0.00188109
7.05635	0.00685669
7.0566	0.00744989
7.05684	-0.00159306
7.05709	-0.00801117
7.05733	-0.00391914
7.05758	0.00319166
7.05782	0.0034742
7.05807	0.000677031
7.05831	0.0049099
7.05856	0.0138405
7.0588	0.0141686
7.05904	0.00283433
7.05929	-0.00632032
7.05953	-0.00273613
7.05978	0.00543883
7.06002	0.00515385
7.06027	-0.0015295
7.06051	-0.00310308
7.06076	0.00182497
7.061	0.00416611
7.06125	0.000925017
7.06149	-0.00159848
7.06174	-0.00149141
7.06198	-0.00452566
7.06222	-0.0106136
7.06247	-0.00974545
7.06271	0.00236324
7.06296	0.014952
7.0632	0.0161425
7.06345	0.00814689
7.06369	0.000813749
7.06394	-0.0027786
7.06418	-0.00523455
7.06443	-0.00517719
7.06467	0.000406111
7.06491	0.00668766
7.06516	0.00501547
7.0654	-0.00273736
7.06565	-0.00395033
7.06589	0.00685448
7.06614	0.0182135
7.06638	0.0161616
7.06663	0.00295394
7.06687	-0.00664815
7.06712	-0.00541479
7.06736	-0.000909548
7.06761	-0.00123527
7.06785	-0.00262193
7.06809	0.00235485
7.06834	0.0104084
7.06858	0.0112946
7.06883	0.00430278
7.06907	0.000459586
7.06932	0.00574435
7.06956	0.0118328
7.06981	0.00943035
7.07005	0.00284454
7.0703	0.00255509
7.07054	0.00826753
7.07079	0.00964229
7.07103	0.00276216
7.07127	-0.00379085
7.07152	-0.00148695
7.07176	0.00674363
7.07201	0.011368
7.07225	0.00807102
7.0725	0.00108328
7.07274	-0.00293464
7.07299	-0.00128826
7.07323	0.00390408
7.07348	0.00912522
7.07372	0.0122817
7.07397	0.012011
7.07421	0.0067263
7.07445	-0.00220044
7.0747	-0.00777774
7.07494	-0.00374404
7.07519	0.00577855
7.07543	0.00957896
7.07568	0.00444018
7.07592	-0.000475953
7.07617	0.0020503
7.07641	0.00689014
7.07666	0.00651674
7.0769	0.00313381
7.07715	0.00240961
7.07739	0.0022817
7.07763	-0.00162921
7.07788	-0.00504895
7.07812	-0.00106713
7.07837	0.00671205
7.07861	0.00897263
7.07886	0.00588993
7.0791	0.0051939
7.07935	0.00708491
7.07959	0.00468165
7.07984	-0.00090565
7.08008	-0.000560601
7.08032	0.00594748
7.08057	0.00794694
7.08081	0.00288248
7.08106	0.00236763
7.0813	0.0120024
7.08155	0.0191006
7.08179	0.0112241
7.08204	-0.00385477
7.08228	-0.00898639
7.08253	-0.00116696
7.08277	0.00791778
7.08302	0.0101371
7.08326	0.00783912
7.0835	0.00484955
7.08375	0.00184692
7.08399	0.00101635
7.08424	0.00555405
7.08448	0.0122188
7.08473	0.0120718
7.08497	0.00237487
7.08522	-0.00753602
7.08546	-0.00666888
7.08571	0.00408099
7.08595	0.0129987
7.0862	0.0116874
7.08644	0.00443083
7.08668	0.00148032
7.08693	0.00536009
7.08717	0.00815021
7.08742	0.00289573
7.08766	-0.00711221
7.08791	-0.0134753
7.08815	-0.0128097
7.0884	-0.00710099
7.08864	0.00198567
7.08889	0.0123423
7.08913	0.0176189
7.08938	0.0125428
7.08962	0.00167082
7.08986	-0.00499263
7.09011	-0.00516229
7.09035	-0.00472555
7.0906	-0.00491707
7.09084	0.000369599
7.09109	0.0114087
7.09133	0.0177554
7.09158	0.0128395
7.09182	0.00435794
7.09207	0.00239747
7.09231	0.00506789
7.09255	0.00497486
7.0928	0.00311301
7.09304	0.00509143
7.09329	0.00791847
7.09353	0.00329785
7.09378	-0.00655175
7.09402	-0.00892153
7.09427	0.000587514
7.09451	0.0100392
7.09476	0.00763622
7.095	-0.00203331
7.09525	-0.00566757
7.09549	0.000206537
7.09573	0.00685169
7.09598	0.00733705
7.09622	0.00449911
7.09647	0.00362467
7.09671	0.00404462
7.09696	0.00210231
7.0972	-0.00127142
7.09745	-0.000817491
7.09769	0.00565087
7.09794	0.013295
7.09818	0.0147849
7.09843	0.00798779
7.09867	-0.00107271
7.09891	-0.0031911
7.09916	0.00487749
7.0994	0.0160556
7.09965	0.0194937
7.09989	0.0118444
7.10014	-0.000285024
7.10038	-0.00903026
7.10063	-0.0120468
7.10087	-0.00943629
7.10112	-0.000450387
7.10136	0.0118648
7.10161	0.0183842
7.10185	0.0135557
7.10209	0.00392795
7.10234	-4.12034e-06
7.10258	0.00302839
7.10283	0.00759927
7.10307	0.0124869
7.10332	0.0185038
7.10356	0.0196978
7.10381	0.010497
7.10405	-0.000360021
7.1043	0.00111758
7.10454	0.0108416
7.10478	0.0101974
7.10503	-0.00374457
7.10527	-0.0112151
7.10552	-0.000738051
7.10576	0.0125139
7.10601	0.0116934
7.10625	0.00370574
7.1065	0.00386458
7.10674	0.0102808
7.10699	0.0115397
7.10723	0.0077422
7.10748	0.00540089
7.10772	0.00185578
7.10796	-0.00632107
7.10821	-0.00920169
7.10845	0.00185368
7.1087	0.014011
7.10894	0.00929481
7.10919	-0.00574211
7.10943	-0.00960647
7.10968	0.000249819
7.10992	0.00742719
7.11017	0.00672981
7.11041	0.00822083
7.11066	0.012169
7.1109	0.00735195
7.11114	-0.00310942
7.11139	-0.00170497
7.11163	0.012098
7.11188	0.0173531
7.11212	0.00654553
7.11237	-0.0016497
7.11261	0.00453584
7.11286	0.010346
7.1131	0.00266906
7.11335	-0.00634749
7.11359	-0.00172582
7.11384	0.00897562
7.11408	0.0115718
7.11432	0.00867335
7.11457	0.00841534
7.11481	0.00639087
7.11506	-0.00170821
7.1153	-0.00499534
7.11555	0.00430744
7.11579	0.0115968
7.11604	0.000975841
7.11628	-0.0165401
7.11653	-0.0190597
7.11677	-0.00799132
7.11701	-0.00219154
7.11726	-0.00583706
7.1175	-0.00718618
7.11775	-0.00428616
7.11799	-0.0060941
7.11824	-0.00954729
7.11848	-0.00101327
7.11873	0.0171367
7.11897	0.0250956
7.11922	0.0156572
7.11946	0.00439757
7.11971	0.00372881
7.11995	0.00686716
7.12019	0.0057022
7.12044	0.00574857
7.12068	0.0123311
7.12093	0.0175453
7.12117	0.0135149
7.12142	0.00678744
7.12166	0.00731594
7.12191	0.0121388
7.12215	0.011641
7.1224	0.00535706
7.12264	0.00076085
7.12289	0.000776339
7.12313	0.00186979
7.12337	0.00186642
7.12362	0.00211715
7.12386	0.00344212
7.12411	0.00519063
7.12435	0.00671496
7.1246	0.00657906
7.12484	0.0032465
7.12509	-0.000854835
7.12533	-0.000434789
7.12558	0.00434644
7.12582	0.00594831
7.12607	0.000284334
7.12631	-0.0057291
7.12655	-0.00352186
7.1268	0.00421588
7.12704	0.00710259
7.12729	0.00158651
7.12753	-0.00518225
7.12778	-0.00598846
7.12802	-0.00175128
7.12827	0.00240662
7.12851	0.00409569
7.12876	0.00390659
7.129	0.00235594
7.12924	-9.60548e-05
7.12949	-0.0017947
7.12973	-0.00148284
7.12998	-1.79723e-05
7.13022	0.00166147
7.13047	0.00467924
7.13071	0.00926016
7.13096	0.0112173
7.1312	0.00637272
7.13145	-0.00135727
7.13169	-0.002275
7.13194	0.00618031
7.13218	0.0146968
7.13242	0.0147107
7.13267	0.0101609
7.13291	0.00997336
7.13316	0.0135558
7.1334	0.0129497
7.13365	0.00696211
7.13389	0.0026057
7.13414	0.00229327
7.13438	0.000431383
7.13463	-0.00456476
7.13487	-0.00535632
7.13512	0.00205232
7.13536	0.00989862
7.1356	0.0090273
7.13585	0.00111869
7.13609	-0.0054815
7.13634	-0.00652097
7.13658	-0.00295158
7.13683	0.00316537
7.13707	0.0084252
7.13732	0.00914287
7.13756	0.00741524
7.13781	0.00985759
7.13805	0.0156294
7.1383	0.014383
7.13854	0.00343657
7.13878	-0.00262807
7.13903	0.00885603
7.13927	0.0271318
7.13952	0.0300791
7.13976	0.0143918
7.14001	-0.00127563
7.14025	-0.00331116
7.1405	0.00157496
7.14074	0.00180466
7.14099	-0.0018537
7.14123	-0.00213974
7.14147	0.0012785
7.14172	0.00343303
7.14196	0.00366639
7.14221	0.00512762
7.14245	0.00734694
7.1427	0.00677605
7.14294	0.00420471
7.14319	0.0052842
7.14343	0.0121803
7.14368	0.0192242
7.14392	0.0196786
7.14417	0.0142525
7.14441	0.00948498
7.14465	0.00855552
7.1449	0.00765937
7.14514	0.00269132
7.14539	-0.00426027
7.14563	-0.00797915
7.14588	-0.00664185
7.14612	-0.00162876
7.14637	0.00583871
7.14661	0.0124672
7.14686	0.0108399
7.1471	-0.00188305
7.14735	-0.0146116
7.14759	-0.0122341
7.14783	0.00343974
7.14808	0.0135496
7.14832	0.00733592
7.14857	-0.00354314
7.14881	-0.00320882
7.14906	0.00590121
7.1493	0.00946666
7.14955	0.00345717
7.14979	-0.00255679
7.15004	-0.00165967
7.15028	0.00243715
7.15053	0.00436976
7.15077	0.00482212
7.15101	0.00653669
7.15126	0.00854568
7.1515	0.00721769
7.15175	0.000609505
7.15199	-0.00880939
7.15224	-0.0147986
7.15248	-0.0127952
7.15273	-0.00593476
7.15297	-0.00179631
7.15322	-0.00157639
7.15346	0.0015315
7.1537	0.0100759
7.15395	0.0159999
7.15419	0.0122983
7.15444	0.00394003
7.15468	-0.000306524
7.15493	-0.000566746
7.15517	-0.00172887
7.15542	-0.00250155
7.15566	0.00111654
7.15591	0.00572726
7.15615	0.00493993
7.1564	0.00126289
7.15664	0.0025979
7.15688	0.00836828
7.15713	0.0101438
7.15737	0.00582763
7.15762	0.00234538
7.15786	0.00329644
7.15811	0.0044388
7.15835	0.00368973
7.1586	0.00573599
7.15884	0.0128959
7.15909	0.0194013
7.15933	0.0191354
7.15958	0.0132211
7.15982	0.00651898
7.16006	0.00158235
7.16031	-0.000863381
7.16055	0.000493128
7.1608	0.00640103
7.16104	0.0151096
7.16129	0.0222912
7.16153	0.0224801
7.16178	0.0136022
7.16202	0.00220577
7.16227	-0.000786074
7.16251	0.00630169
7.16276	0.012303
7.163	0.00882533
7.16324	0.00212344
7.16349	0.00121249
7.16373	0.00242539
7.16398	-0.00185111
7.16422	-0.00606633
7.16447	0.000926649
7.16471	0.0149469
7.16496	0.0206741
7.1652	0.01598
7.16545	0.0137283
7.16569	0.0175241
7.16594	0.0153774
7.16618	0.00349582
7.16642	-0.00318831
7.16667	0.00498347
7.16691	0.0148345
7.16716	0.0109043
7.1674	0.000206659
7.16765	0.000271049
7.16789	0.0116204
7.16814	0.0191604
7.16838	0.016384
7.16863	0.0120658
7.16887	0.0133753
7.16911	0.0159972
7.16936	0.013755
7.1696	0.00837963
7.16985	0.00596109
7.17009	0.00910466
7.17034	0.0148688
7.17058	0.0175821
7.17083	0.013657
7.17107	0.00570898
7.17132	0.000421123
7.17156	0.000759965
7.17181	0.00344157
7.17205	0.00566034
7.17229	0.00908126
7.17254	0.0140854
7.17278	0.0159597
7.17303	0.0117716
7.17327	0.00612397
7.17352	0.00475574
7.17376	0.00654631
7.17401	0.00680605
7.17425	0.0045092
7.1745	0.00169424
7.17474	-9.60572e-05
7.17499	0.00130609
7.17523	0.00809415
7.17547	0.0166117
7.17572	0.0184846
7.17596	0.0125725
7.17621	0.00825561
7.17645	0.0106552
7.1767	0.0115547
7.17694	0.00402707
7.17719	-0.00298547
7.17743	0.00264373
7.17768	0.0157365
7.17792	0.0206593
7.17817	0.0147745
7.17841	0.0097212
7.17865	0.0108464
7.1789	0.011397
7.17914	0.00857991
7.17939	0.00955083
7.17963	0.016796
7.17988	0.0217337
7.18012	0.0192857
7.18037	0.0163012
7.18061	0.0180313
7.18086	0.0178545
7.1811	0.00991374
7.18134	0.00214111
7.18159	0.00532998
7.18183	0.0157982
7.18208	0.0203694
7.18232	0.0149671
7.18257	0.00798142
7.18281	0.0068456
7.18306	0.0101771
7.1833	0.0130383
7.18355	0.0131039
7.18379	0.0113781
7.18404	0.0112403
7.18428	0.0154438
7.18452	0.0206303
7.18477	0.0187529
7.18501	0.0089129
7.18526	0.00234817
7.1855	0.00799774
7.18575	0.0182535
7.18599	0.0196266
7.18624	0.013939
7.18648	0.0152708
7.18673	0.0259125
7.18697	0.0307147
7.18722	0.0207416
7.18746	0.00857133
7.1877	0.0101132
7.18795	0.0215404
7.18819	0.0266482
7.18844	0.020817
7.18868	0.0145307
7.18893	0.0157211
7.18917	0.0212549
7.18942	0.0263548
7.18966	0.0309747
7.18991	0.034186
7.19015	0.0323647
7.1904	0.0273324
7.19064	0.0276295
7.19088	0.0358831
7.19113	0.0420225
7.19137	0.0363315
7.19162	0.024441
7.19186	0.0212541
7.19211	0.0316566
7.19235	0.0443965
7.1926	0.0459714
7.19284	0.0358041
7.19309	0.0256867
7.19333	0.0261636
7.19357	0.034952
7.19382	0.0395597
7.19406	0.032129
7.19431	0.0196087
7.19455	0.0150878
7.1948	0.0204988
7.19504	0.025246
7.19529	0.0229865
7.19553	0.0202497
7.19578	0.0234133
7.19602	0.0267231
7.19627	0.0223157
7.19651	0.0145738
7.19675	0.0129144
7.197	0.0154433
7.19724	0.0131414
7.19749	0.00763054
7.19773	0.009805
7.19798	0.0200267
7.19822	0.0251373
7.19847	0.0196226
7.19871	0.0150976
7.19896	0.0209451
7.1992	0.0284922
7.19945	0.0252296
7.19969	0.0147445
7.19993	0.0100266
7.20018	0.013644
7.20042	0.0173434
7.20067	0.0174806
7.20091	0.0184299
7.20116	0.0218839
7.2014	0.0238229
7.20165	0.022823
7.20189	0.0224012
7.20214	0.0241227
7.20238	0.0258853
7.20263	0.0276268
7.20287	0.0316134
7.20311	0.0363389
7.20336	0.0367847
7.2036	0.0316954
7.20385	0.0251148
7.20409	0.0208399
7.20434	0.0207298
7.20458	0.026681
7.20483	0.0369418
7.20507	0.0421921
7.20532	0.0347412
7.20556	0.0214719
7.2058	0.0172589
7.20605	0.0241308
7.20629	0.0283782
7.20654	0.0219837
7.20678	0.0147509
7.20703	0.0177494
7.20727	0.0254388
7.20752	0.0250883
7.20776	0.0168941
7.20801	0.0125666
7.20825	0.0169795
7.2085	0.0226555
7.20874	0.0226273
7.20898	0.0191531
7.20923	0.0174855
7.20947	0.0182926
7.20972	0.0193976
7.20996	0.0201158
7.21021	0.0209577
7.21045	0.0219584
7.2107	0.0229625
7.21094	0.0232673
7.21119	0.0206418
7.21143	0.0138427
7.21168	0.00665322
7.21192	0.00564387
7.21216	0.0121337
7.21241	0.0194102
7.21265	0.0204506
7.2129	0.0160946
7.21314	0.0123701
7.21339	0.0112536
7.21363	0.00885833
7.21388	0.00380696
7.21412	0.00202687
7.21437	0.0081491
7.21461	0.0154517
7.21486	0.0126192
7.2151	0.00118177
7.21534	-0.00338315
7.21559	0.00688419
7.21583	0.0190099
7.21608	0.0168306
7.21632	0.00518374
7.21657	0.00259681
7.21681	0.0126051
7.21706	0.0187239
7.2173	0.0110024
7.21755	0.00167101
7.21779	0.0059756
7.21803	0.0201811
7.21828	0.0297893
7.21852	0.0303735
7.21877	0.0279292
7.21901	0.024991
7.21926	0.0193882
7.2195	0.0137184
7.21975	0.0141556
7.21999	0.0206376
7.22024	0.0277706
7.22048	0.0342453
7.22073	0.0419792
7.22097	0.0472045
7.22121	0.0429073
7.22146	0.0310218
7.2217	0.0228208
7.22195	0.0251214
7.22219	0.0336358
7.22244	0.0413631
7.22268	0.0459715
7.22293	0.0472169
7.22317	0.0446589
7.22342	0.0408938
7.22366	0.0411072
7.22391	0.0465593
7.22415	0.0527127
7.22439	0.0551415
7.22464	0.0533288
7.22488	0.0486471
7.22513	0.0431069
7.22537	0.0396476
7.22562	0.0391421
7.22586	0.0384305
7.22611	0.0355716
7.22635	0.0334302
7.2266	0.0322277
7.22684	0.0246043
7.22709	0.00809442
7.22733	-0.00325711
7.22757	0.00556805
7.22782	0.0258371
7.22806	0.0328216
7.22831	0.0199272
7.22855	0.00756188
7.2288	0.0124826
7.22904	0.0254957
7.22929	0.0293529
7.22953	0.0239794
7.22978	0.0209492
7.23002	0.0235255
7.23026	0.025745
7.23051	0.0246955
7.23075	0.0222395
7.231	0.0194897
7.23124	0.018323
7.23149	0.0223301
7.23173	0.0285687
7.23198	0.0267883
7.23222	0.0160869
7.23247	0.0123428
7.23271	0.02646
7.23296	0.0446091
7.2332	0.0464401
7.23344	0.0363029
7.23369	0.0369726
7.23393	0.0540807
7.23418	0.0671595
7.23442	0.0606068
7.23467	0.0459095
7.23491	0.0435328
7.23516	0.0548813
7.2354	0.0635979
7.23565	0.058706
7.23589	0.0466295
7.23614	0.0414279
7.23638	0.0490171
7.23662	0.0619125
7.23687	0.0679884
7.23711	0.0637371
7.23736	0.0568333
7.2376	0.0544024
7.23785	0.0534581
7.23809	0.0478298
7.23834	0.0398676
7.23858	0.0370605
7.23883	0.0390656
7.23907	0.0372712
7.23932	0.0279508
7.23956	0.018078
7.2398	0.0160778
7.24005	0.0225759
7.24029	0.0316756
7.24054	0.0367752
7.24078	0.0348464
7.24103	0.0292201
7.24127	0.027112
7.24152	0.0302328
7.24176	0.0309691
7.24201	0.0236993
7.24225	0.0152848
7.2425	0.0155016
7.24274	0.0213478
7.24298	0.0225596
7.24323	0.0199551
7.24347	0.0239812
7.24372	0.0347218
7.24396	0.0389576
7.24421	0.0312313
7.24445	0.0231335
7.2447	0.0247934
7.24494	0.0304498
7.24519	0.0309527
7.24543	0.0285446
7.24567	0.0291678
7.24592	0.0308327
7.24616	0.0308672
7.24641	0.0349051
7.24665	0.0458113
7.2469	0.0523824
7.24714	0.0441544
7.24739	0.0310143
7.24763	0.0311264
7.24788	0.0427533
7.24812	0.0465838
7.24837	0.0367607
7.24861	0.0305815
7.24885	0.0411632
7.2491	0.0572324
7.24934	0.0606971
7.24959	0.0517987
7.24983	0.0441123
7.25008	0.04295
7.25032	0.0424069
7.25057	0.0396242
7.25081	0.0386398
7.25106	0.0400686
7.2513	0.0380238
7.25155	0.0298902
7.25179	0.0213704
7.25203	0.0191539
7.25228	0.0241957
7.25252	0.0335161
7.25277	0.0426147
7.25301	0.045015
7.25326	0.0366046
7.2535	0.0232568
7.25375	0.0172304
7.25399	0.0220209
7.25424	0.0273884
7.25448	0.0244356
7.25473	0.0186675
7.25497	0.02044
7.25521	0.0280903
7.25546	0.0307869
7.2557	0.0256293
7.25595	0.0209844
7.25619	0.0221372
7.25644	0.0240538
7.25668	0.021925
7.25693	0.0200241
7.25717	0.0242888
7.25742	0.0321204
7.25766	0.0358106
7.2579	0.0327882
7.25815	0.0275647
7.25839	0.0257347
7.25864	0.0295883
7.25888	0.0374293
7.25913	0.0443887
7.25937	0.0461327
7.25962	0.0437942
7.25986	0.0424439
7.26011	0.0434069
7.26035	0.0425345
7.2606	0.0381017
7.26084	0.0347321
7.26108	0.0354578
7.26133	0.0354589
7.26157	0.0296907
7.26182	0.0226388
7.26206	0.023181
7.26231	0.0312439
7.26255	0.0365305
7.2628	0.0315716
7.26304	0.0212769
7.26329	0.0173334
7.26353	0.0248427
7.26378	0.0359941
7.26402	0.0379287
7.26426	0.0278237
7.26451	0.0177435
7.26475	0.0202606
7.265	0.0313918
7.26524	0.0357264
7.26549	0.0286537
7.26573	0.023016
7.26598	0.0294454
7.26622	0.0406551
7.26647	0.043299
7.26671	0.0366759
7.26696	0.0295438
7.2672	0.0252953
7.26744	0.0220673
7.26769	0.0226284
7.26793	0.0308122
7.26818	0.0398336
7.26842	0.0372785
7.26867	0.0230666
7.26891	0.0112839
7.26916	0.0118498
7.2694	0.0200969
7.26965	0.0269631
7.26989	0.0299391
7.27013	0.0304461
7.27038	0.029182
7.27062	0.0285149
7.27087	0.0320745
7.27111	0.0377222
7.27136	0.0379081
7.2716	0.0312894
7.27185	0.0267673
7.27209	0.0306421
7.27234	0.0367278
7.27258	0.0362161
7.27283	0.0314964
7.27307	0.031364
7.27331	0.0359728
7.27356	0.0366279
7.2738	0.0307345
7.27405	0.0273726
7.27429	0.0338511
7.27454	0.0436834
7.27478	0.0447248
7.27503	0.0360552
7.27527	0.0292043
7.27552	0.0321249
7.27576	0.0390049
7.27601	0.0397155
7.27625	0.0339456
7.27649	0.0297939
7.27674	0.0311127
7.27698	0.0332962
7.27723	0.0314052
7.27747	0.0261401
7.27772	0.0208391
7.27796	0.0181087
7.27821	0.0202896
7.27845	0.0276887
7.2787	0.0354014
7.27894	0.0375986
7.27919	0.0354306
7.27943	0.0342112
7.27967	0.0332858
7.27992	0.0279433
7.28016	0.0217529
7.28041	0.0247203
7.28065	0.0355852
7.2809	0.039377
7.28114	0.0297189
7.28139	0.0205438
7.28163	0.0254908
7.28188	0.0375171
7.28212	0.041608
7.28236	0.0374628
7.28261	0.0347489
7.28285	0.033914
7.2831	0.0283257
7.28334	0.0208987
7.28359	0.02216
7.28383	0.0331984
7.28408	0.0443807
7.28432	0.0499224
7.28457	0.051568
7.28481	0.0501904
7.28506	0.0460946
7.2853	0.0445863
7.28554	0.0483579
7.28579	0.0486016
7.28603	0.0382322
7.28628	0.0287338
7.28652	0.035738
7.28677	0.0519012
7.28701	0.0557561
7.28726	0.0464325
7.2875	0.0450037
7.28775	0.0579066
7.28799	0.0653868
7.28824	0.0560525
7.28848	0.0477602
7.28872	0.0583457
7.28897	0.0767695
7.28921	0.0831408
7.28946	0.0812053
7.2897	0.0889946
7.28995	0.108215
7.29019	0.125473
7.29044	0.137958
7.29068	0.155978
7.29093	0.180861
7.29117	0.199806
7.29142	0.205875
7.29166	0.207963
7.2919	0.216503
7.29215	0.23144
7.29239	0.249093
7.29264	0.270413
7.29288	0.295782
7.29313	0.318434
7.29337	0.329633
7.29362	0.327325
7.29386	0.315703
7.29411	0.299002
7.29435	0.279737
7.29459	0.261732
7.29484	0.250627
7.29508	0.249232
7.29533	0.253482
7.29557	0.25538
7.29582	0.250707
7.29606	0.241935
7.29631	0.232719
7.29655	0.222895
7.2968	0.211741
7.29704	0.202577
7.29729	0.199285
7.29753	0.200774
7.29777	0.204026
7.29802	0.209994
7.29826	0.220561
7.29851	0.232473
7.29875	0.241433
7.299	0.249748
7.29924	0.262015
7.29949	0.276031
7.29973	0.287086
7.29998	0.298016
7.30022	0.313176
7.30047	0.324829
7.30071	0.320465
7.30095	0.304611
7.3012	0.297833
7.30144	0.310244
7.30169	0.331128
7.30193	0.350195
7.30218	0.372958
7.30242	0.405986
7.30267	0.44147
7.30291	0.468486
7.30316	0.48846
7.3034	0.507975
7.30365	0.526583
7.30389	0.543993
7.30413	0.569772
7.30438	0.612186
7.30462	0.664619
7.30487	0.716189
7.30511	0.768493
7.30536	0.826693
7.3056	0.87914
7.30585	0.902784
7.30609	0.888742
7.30634	0.849273
7.30658	0.799725
7.30682	0.746706
7.30707	0.694797
7.30731	0.651116
7.30756	0.618258
7.3078	0.592283
7.30805	0.571877
7.30829	0.561441
7.30854	0.561302
7.30878	0.562607
7.30903	0.55732
7.30927	0.548501
7.30952	0.546569
7.30976	0.55963
7.31	0.59127
7.31025	0.643625
7.31049	0.716331
7.31074	0.802474
7.31098	0.890341
7.31123	0.972137
7.31147	1.04916
7.31172	1.12455
7.31196	1.19091
7.31221	1.23087
7.31245	1.23476
7.3127	1.21374
7.31294	1.18923
7.31318	1.17262
7.31343	1.16372
7.31367	1.16542
7.31392	1.1863
7.31416	1.22642
7.31441	1.27399
7.31465	1.32183
7.3149	1.37501
7.31514	1.43486
7.31539	1.48767
7.31563	1.52024
7.31588	1.53775
7.31612	1.55445
7.31636	1.57492
7.31661	1.59719
7.31685	1.62734
7.3171	1.67539
7.31734	1.73842
7.31759	1.8012
7.31783	1.8529
7.31808	1.89136
7.31832	1.91294
7.31857	1.9126
7.31881	1.89614
7.31906	1.88004
7.3193	1.87475
7.31954	1.87746
7.31979	1.88329
7.32003	1.89316
7.32028	1.90779
7.32052	1.92582
7.32077	1.95408
7.32101	2.0093
7.32126	2.10163
7.3215	2.22398
7.32175	2.36431
7.32199	2.51879
7.32223	2.68254
7.32248	2.83737
7.32272	2.96692
7.32297	3.08212
7.32321	3.2118
7.32346	3.36256
7.3237	3.50704
7.32395	3.62562
7.32419	3.74273
7.32444	3.89804
7.32468	4.08989
7.32493	4.27839
7.32517	4.4476
7.32541	4.62842
7.32566	4.83806
7.3259	5.02662
7.32615	5.12179
7.32639	5.11256
7.32664	5.04599
7.32688	4.94256
7.32713	4.76303
7.32737	4.47773
7.32762	4.12792
7.32786	3.78548
7.32811	3.47849
7.32835	3.19432
7.32859	2.9394
7.32884	2.75272
7.32908	2.65938
7.32933	2.64584
7.32957	2.68762
7.32982	2.77219
7.33006	2.88389
7.33031	2.99211
7.33055	3.07107
7.3308	3.11545
7.33104	3.12552
7.33129	3.09439
7.33153	3.02422
7.33177	2.93975
7.33202	2.86763
7.33226	2.81102
7.33251	2.75964
7.33275	2.71652
7.333	2.69718
7.33324	2.70629
7.33349	2.73319
7.33373	2.77214
7.33398	2.8332
7.33422	2.9302
7.33446	3.06992
7.33471	3.2581
7.33495	3.50501
7.3352	3.81653
7.33544	4.18469
7.33569	4.59392
7.33593	5.0331
7.33618	5.49337
7.33642	5.95356
7.33667	6.37473
7.33691	6.71545
7.33716	6.95457
7.3374	7.09912
7.33764	7.16933
7.33789	7.17477
7.33813	7.10343
7.33838	6.93302
7.33862	6.65278
7.33887	6.27459
7.33911	5.8235
7.33936	5.31982
7.3396	4.77428
7.33985	4.20205
7.34009	3.63601
7.34034	3.11761
7.34058	2.67152
7.34082	2.29514
7.34107	1.97882
7.34131	1.73246
7.34156	1.58228
7.3418	1.53692
7.34205	1.5627
7.34229	1.60039
7.34254	1.60846
7.34278	1.58583
7.34303	1.55059
7.34327	1.50355
7.34352	1.42429
7.34376	1.30674
7.344	1.18789
7.34425	1.12682
7.34449	1.15268
7.34474	1.24171
7.34498	1.34948
7.34523	1.45832
7.34547	1.58584
7.34572	1.74965
7.34596	1.93189
7.34621	2.0838
7.34645	2.16698
7.34669	2.18823
7.34694	2.18675
7.34718	2.1835
7.34743	2.15607
7.34767	2.08001
7.34792	1.98645
7.34816	1.94716
7.34841	1.99126
7.34865	2.06319
7.3489	2.08501
7.34914	2.04003
7.34939	1.96601
7.34963	1.88139
7.34987	1.76002
7.35012	1.58315
7.35036	1.38024
7.35061	1.20183
7.35085	1.07502
7.3511	0.99995
7.35134	0.969109
7.35159	0.973629
7.35183	1.00584
7.35208	1.06936
7.35232	1.17271
7.35257	1.30361
7.35281	1.42869
7.35305	1.52974
7.3533	1.61855
7.35354	1.70448
7.35379	1.77683
7.35403	1.83809
7.35428	1.92049
7.35452	2.04052
7.35477	2.17376
7.35501	2.31566
7.35526	2.52752
7.3555	2.85863
7.35575	3.2521
7.35599	3.61043
7.35623	3.94397
7.35648	4.3551
7.35672	4.85411
7.35697	5.29019
7.35721	5.5195
7.35746	5.55919
7.3577	5.50418
7.35795	5.36423
7.35819	5.08413
7.35844	4.68917
7.35868	4.30663
7.35892	4.04056
7.35917	3.90016
7.35941	3.85189
7.35966	3.86992
7.3599	3.92702
7.36015	3.99901
7.36039	4.08841
7.36064	4.19187
7.36088	4.25142
7.36113	4.20791
7.36137	4.10242
7.36162	4.04369
7.36186	4.06307
7.3621	4.08662
7.36235	4.07421
7.36259	4.0929
7.36284	4.20802
7.36308	4.38992
7.36333	4.59017
7.36357	4.82691
7.36382	5.11138
7.36406	5.35368
7.36431	5.43764
7.36455	5.35461
7.3648	5.18159
7.36504	4.96126
7.36528	4.69112
7.36553	4.40621
7.36577	4.17711
7.36602	4.02605
7.36626	3.92069
7.36651	3.84953
7.36675	3.83271
7.367	3.86137
7.36724	3.89864
7.36749	3.94526
7.36773	4.04517
7.36798	4.23273
7.36822	4.5329
7.36846	4.98466
7.36871	5.57388
7.36895	6.15977
7.3692	6.57718
7.36944	6.81547
7.36969	6.98322
7.36993	7.08739
7.37018	6.99008
7.37042	6.63714
7.37067	6.18836
7.37091	5.8204
7.37115	5.50788
7.3714	5.11928
7.37164	4.65316
7.37189	4.24911
7.37213	4.00531
7.37238	3.90736
7.37262	3.92125
7.37287	4.04958
7.37311	4.29976
7.37336	4.68446
7.3736	5.23983
7.37385	5.94533
7.37409	6.63212
7.37433	7.08185
7.37458	7.24001
7.37482	7.23841
7.37507	7.18076
7.37531	7.0062
7.37556	6.62014
7.3758	6.07813
7.37605	5.56076
7.37629	5.20329
7.37654	5.00898
7.37678	4.90018
7.37703	4.79443
7.37727	4.6381
7.37751	4.412
7.37776	4.11795
7.378	3.75599
7.37825	3.32997
7.37849	2.8798
7.37874	2.47611
7.37898	2.1628
7.37923	1.92867
7.37947	1.75193
7.37972	1.64229
7.37996	1.6149
7.38021	1.64955
7.38045	1.70549
7.38069	1.75814
7.38094	1.79505
7.38118	1.79469
7.38143	1.74054
7.38167	1.64603
7.38192	1.53967
7.38216	1.43342
7.38241	1.32793
7.38265	1.23843
7.3829	1.18884
7.38314	1.18368
7.38338	1.20931
7.38363	1.26371
7.38387	1.36614
7.38412	1.53345
7.38436	1.75835
7.38461	2.01259
7.38485	2.26483
7.3851	2.49668
7.38534	2.7039
7.38559	2.8755
7.38583	2.97369
7.38608	2.95539
7.38632	2.82392
7.38656	2.63878
7.38681	2.45685
7.38705	2.28257
7.3873	2.09877
7.38754	1.92776
7.38779	1.82304
7.38803	1.79999
7.38828	1.80829
7.38852	1.78593
7.38877	1.71864
7.38901	1.63321
7.38926	1.55104
7.3895	1.46726
7.38974	1.3683
7.38999	1.25324
7.39023	1.13628
7.39048	1.03595
7.39072	0.963023
7.39097	0.913764
7.39121	0.873089
7.39146	0.82641
7.3917	0.770898
7.39195	0.716824
7.39219	0.678134
7.39244	0.660122
7.39268	0.655722
7.39292	0.654726
7.39317	0.65432
7.39341	0.65626
7.39366	0.656989
7.3939	0.650992
7.39415	0.645478
7.39439	0.658977
7.39464	0.697804
7.39488	0.744734
7.39513	0.782169
7.39537	0.818006
7.39561	0.874332
7.39586	0.955073
7.3961	1.04014
7.39635	1.11097
7.39659	1.16746
7.39684	1.21738
7.39708	1.26197
7.39733	1.29591
7.39757	1.31082
7.39782	1.29516
7.39806	1.24191
7.39831	1.16121
7.39855	1.07487
7.39879	0.992446
7.39904	0.904215
7.39928	0.805142
7.39953	0.71296
7.39977	0.649174
7.40002	0.61056
7.40026	0.574571
7.40051	0.528947
7.40075	0.481403
7.401	0.441227
7.40124	0.405625
7.40149	0.367113
7.40173	0.323987
7.40197	0.280531
7.40222	0.24424
7.40246	0.222751
7.40271	0.215498
7.40295	0.210304
7.4032	0.198213
7.40344	0.188422
7.40369	0.19484
7.40393	0.210756
7.40418	0.215605
7.40442	0.207825
7.40467	0.209105
7.40491	0.229723
7.40515	0.252852
7.4054	0.265273
7.40564	0.280909
7.40589	0.315862
7.40613	0.360299
7.40638	0.39793
7.40662	0.437085
7.40687	0.496271
7.40711	0.570827
7.40736	0.641766
7.4076	0.709179
7.40785	0.787288
7.40809	0.871624
7.40833	0.943073
7.40858	1.00431
7.40882	1.07962
7.40907	1.17342
7.40931	1.26008
7.40956	1.32343
7.4098	1.37537
7.41005	1.42207
7.41029	1.44091
7.41054	1.41034
7.41078	1.3387
7.41102	1.24437
7.41127	1.12883
7.41151	0.991272
7.41176	0.851528
7.412	0.734369
7.41225	0.642994
7.41249	0.568011
7.41274	0.50988
7.41298	0.471326
7.41323	0.439043
7.41347	0.39646
7.41372	0.348376
7.41396	0.3122
7.4142	0.289743
7.41445	0.267339
7.41469	0.240398
7.41494	0.218954
7.41518	0.209592
7.41543	0.207601
7.41567	0.206935
7.41592	0.205399
7.41616	0.201224
7.41641	0.19505
7.41665	0.192708
7.4169	0.197296
7.41714	0.203496
7.41738	0.207793
7.41763	0.216215
7.41787	0.23282
7.41812	0.250958
7.41836	0.267089
7.41861	0.291095
7.41885	0.328797
7.4191	0.36664
7.41934	0.390586
7.41959	0.408071
7.41983	0.431786
7.42008	0.453459
7.42032	0.457376
7.42056	0.451708
7.42081	0.460818
7.42105	0.490663
7.4213	0.526896
7.42154	0.564942
7.42179	0.615589
7.42203	0.678668
7.42228	0.73603
7.42252	0.775775
7.42277	0.80175
7.42301	0.813874
7.42325	0.800629
7.4235	0.758561
7.42374	0.700395
7.42399	0.636411
7.42423	0.565752
7.42448	0.493455
7.42472	0.437201
7.42497	0.406119
7.42521	0.388002
7.42546	0.368238
7.4257	0.348572
7.42595	0.337438
7.42619	0.334338
7.42643	0.334535
7.42668	0.33887
7.42692	0.348762
7.42717	0.360103
7.42741	0.370974
7.42766	0.387335
7.4279	0.41323
7.42815	0.443676
7.42839	0.475043
7.42864	0.513944
7.42888	0.567178
7.42913	0.63096
7.42937	0.699921
7.42961	0.779858
7.42986	0.880989
7.4301	1.00498
7.43035	1.15207
7.43059	1.33699
7.43084	1.57958
7.43108	1.87558
7.43133	2.197
7.43157	2.53843
7.43182	2.94626
7.43206	3.46479
7.43231	4.04216
7.43255	4.52552
7.43279	4.78806
7.43304	4.85109
7.43328	4.84239
7.43353	4.83451
7.43377	4.77138
7.43402	4.57499
7.43426	4.28314
7.43451	4.04076
7.43475	3.97298
7.435	4.09762
7.43524	4.34026
7.43548	4.59012
7.43573	4.74988
7.43597	4.78084
7.43622	4.71438
7.43646	4.5923
7.43671	4.39422
7.43695	4.05883
7.4372	3.58252
7.43744	3.05699
7.43769	2.58957
7.43793	2.21817
7.43818	1.92606
7.43842	1.70667
7.43866	1.57431
7.43891	1.52345
7.43915	1.51459
7.4394	1.5063
7.43964	1.48283
7.43989	1.44816
7.44013	1.40761
7.44038	1.35894
7.44062	1.29449
7.44087	1.21165
7.44111	1.12489
7.44136	1.06295
7.4416	1.04897
7.44184	1.08789
7.44209	1.17546
7.44233	1.30957
7.44258	1.48468
7.44282	1.68234
7.44307	1.87657
7.44331	2.04634
7.44356	2.18131
7.4438	2.28457
7.44405	2.37595
7.44429	2.4818
7.44454	2.61072
7.44478	2.74665
7.44502	2.8796
7.44527	3.03831
7.44551	3.27132
7.44576	3.58181
7.446	3.88881
7.44625	4.07437
7.44649	4.08325
7.44674	3.96973
7.44698	3.83125
7.44723	3.70163
7.44747	3.53679
7.44771	3.31286
7.44796	3.09943
7.4482	2.99499
7.44845	3.00293
7.44869	3.01695
7.44894	2.9373
7.44918	2.76298
7.44943	2.55235
7.44967	2.32864
7.44992	2.06094
7.45016	1.72642
7.45041	1.3581
7.45065	1.02533
7.45089	0.781523
7.45114	0.632655
7.45138	0.545003
7.45163	0.479857
7.45187	0.425245
7.45212	0.394912
7.45236	0.397914
7.45261	0.418071
7.45285	0.428248
7.4531	0.417121
7.45334	0.394312
7.45359	0.373686
7.45383	0.358356
7.45407	0.339965
7.45432	0.308714
7.45456	0.265461
7.45481	0.223961
7.45505	0.197158
7.4553	0.182659
7.45554	0.168248
7.45579	0.149962
7.45603	0.135258
7.45628	0.128632
7.45652	0.125073
7.45677	0.119626
7.45701	0.113183
7.45725	0.106522
7.4575	0.0985326
7.45774	0.0923955
7.45799	0.0932443
7.45823	0.0977429
7.45848	0.0968391
7.45872	0.0907925
7.45897	0.0894952
7.45921	0.0950576
7.45946	0.0968319
7.4597	0.088329
7.45994	0.0770407
7.46019	0.0719558
7.46043	0.0720496
7.46068	0.0725393
7.46092	0.0727977
7.46117	0.0731609
7.46141	0.072467
7.46166	0.0717659
7.4619	0.0720289
7.46215	0.0681655
7.46239	0.0563733
7.46264	0.0461291
7.46288	0.0501507
7.46312	0.0626884
7.46337	0.0651051
7.46361	0.054398
7.46386	0.0466792
7.4641	0.0488831
7.46435	0.0486419
7.46459	0.0393842
7.46484	0.033555
7.46508	0.0401019
7.46533	0.0490793
7.46557	0.0509956
7.46582	0.0522109
7.46606	0.0575582
7.4663	0.0569019
7.46655	0.0448864
7.46679	0.0360241
7.46704	0.0423552
7.46728	0.05239
7.46753	0.0511366
7.46777	0.0456237
7.46802	0.0497048
7.46826	0.0570964
7.46851	0.0524663
7.46875	0.0389934
7.469	0.0316543
7.46924	0.0308178
7.46948	0.0258373
7.46973	0.0195241
7.46997	0.0252179
7.47022	0.0410068
7.47046	0.0492521
7.47071	0.0434431
7.47095	0.0360263
7.4712	0.0362443
7.47144	0.037506
7.47169	0.0318352
7.47193	0.0228799
7.47217	0.0186533
7.47242	0.02099
7.47266	0.0263901
7.47291	0.0303985
7.47315	0.0295736
7.4734	0.0249487
7.47364	0.0228729
7.47389	0.0268879
7.47413	0.0313602
7.47438	0.0290642
7.47462	0.0213529
7.47487	0.0147283
7.47511	0.012089
7.47535	0.0135575
7.4756	0.0196932
7.47584	0.02687
7.47609	0.0267825
7.47633	0.0186994
7.47658	0.0144378
7.47682	0.0221037
7.47707	0.0329126
7.47731	0.0341066
7.47756	0.0268276
7.4778	0.0206334
7.47805	0.018626
7.47829	0.0192389
7.47853	0.024157
7.47878	0.0325258
7.47902	0.0359667
7.47927	0.031417
7.47951	0.0291283
7.47976	0.0350385
7.48	0.0370812
7.48025	0.0251126
7.48049	0.0122893
7.48074	0.0166465
7.48098	0.0315225
7.48123	0.0367001
7.48147	0.0310698
7.48171	0.0299452
7.48196	0.0352294
7.4822	0.0342465
7.48245	0.0265018
7.48269	0.0254439
7.48294	0.0319727
7.48318	0.0314798
7.48343	0.0213081
7.48367	0.016859
7.48392	0.0240616
7.48416	0.0289046
7.48441	0.0226466
7.48465	0.0159223
7.48489	0.0178381
7.48514	0.020836
7.48538	0.0174844
7.48563	0.014267
7.48587	0.0166165
7.48612	0.01651
7.48636	0.00775601
7.48661	-0.000337
7.48685	0.00255263
7.4871	0.0113201
7.48734	0.0151777
7.48758	0.0135921
7.48783	0.0120593
7.48807	0.0115564
7.48832	0.0113134
7.48856	0.0129132
7.48881	0.0145287
7.48905	0.0115408
7.4893	0.00852895
7.48954	0.0167432
7.48979	0.0329007
7.49003	0.0375796
7.49028	0.0251193
7.49052	0.0166628
7.49076	0.0281662
7.49101	0.0432817
7.49125	0.0387358
7.4915	0.0222555
7.49174	0.0203143
7.49199	0.0367902
7.49223	0.0503449
7.49248	0.0501385
7.49272	0.0479823
7.49297	0.0522359
7.49321	0.0538798
7.49346	0.0465657
7.4937	0.0403005
7.49394	0.0439978
7.49419	0.0498213
7.49443	0.0470497
7.49468	0.0398092
7.49492	0.0385478
7.49517	0.0421642
7.49541	0.0410951
7.49566	0.0333928
7.4959	0.0268026
7.49615	0.0267483
7.49639	0.0309179
7.49664	0.0347506
7.49688	0.0354571
7.49712	0.0315557
7.49737	0.0246228
7.49761	0.0209176
7.49786	0.0254212
7.4981	0.0340561
7.49835	0.0370016
7.49859	0.0306091
7.49884	0.0215895
7.49908	0.018131
7.49933	0.0208216
7.49957	0.0240709
7.49981	0.0233842
7.50006	0.018988
7.5003	0.0142496
7.50055	0.012494
7.50079	0.0143571
7.50104	0.0173614
7.50128	0.0190714
7.50153	0.0204396
7.50177	0.023928
7.50202	0.0286835
7.50226	0.0311278
7.50251	0.0308773
7.50275	0.0317091
7.50299	0.0349856
7.50324	0.0370953
7.50348	0.0363868
7.50373	0.0370633
7.50397	0.0412484
7.50422	0.0428267
7.50446	0.0367386
7.50471	0.0298812
7.50495	0.0329293
7.5052	0.0435575
7.50544	0.0488057
7.50569	0.0440362
7.50593	0.0378463
7.50617	0.0363563
7.50642	0.0352604
7.50666	0.0321182
7.50691	0.0336848
7.50715	0.042949
7.5074	0.0500952
7.50764	0.0467229
7.50789	0.0397451
7.50813	0.0395454
7.50838	0.0423179
7.50862	0.03758
7.50887	0.0272738
7.50911	0.0223812
7.50935	0.0235651
7.5096	0.0205801
7.50984	0.0110217
7.51009	0.00496338
7.51033	0.00828153
7.51058	0.0145071
7.51082	0.0173965
7.51107	0.0198249
7.51131	0.024644
7.51156	0.0269896
7.5118	0.0225843
7.51204	0.0161195
7.51229	0.0147076
7.51253	0.0182784
7.51278	0.0214774
7.51302	0.0205561
7.51327	0.0150033
7.51351	0.00737424
7.51376	0.00410773
7.514	0.010536
7.51425	0.0222073
7.51449	0.0275062
7.51474	0.0221427
7.51498	0.0146302
7.51522	0.0140025
7.51547	0.0189968
7.51571	0.0234515
7.51596	0.0252321
7.5162	0.0245638
7.51645	0.0202844
7.51669	0.0141076
7.51694	0.0130463
7.51718	0.0209065
7.51743	0.0315361
7.51767	0.036391
7.51792	0.0348888
7.51816	0.0319135
7.5184	0.0294782
7.51865	0.0269394
7.51889	0.0256033
7.51914	0.0266858
7.51938	0.0274426
7.51963	0.0249416
7.51987	0.02113
7.52012	0.0193046
7.52036	0.0187395
7.52061	0.0176178
7.52085	0.0174247
7.5211	0.0189131
7.52134	0.0176523
7.52158	0.0100978
7.52183	0.00110643
7.52207	-0.00110758
7.52232	0.00450369
7.52256	0.0116958
7.52281	0.0149195
7.52305	0.012942
7.5233	0.00819126
7.52354	0.00701861
7.52379	0.0152474
7.52403	0.0278864
7.52427	0.0302419
7.52452	0.0170775
7.52476	0.00282473
7.52501	0.00216129
7.52525	0.00856133
7.5255	0.00670029
7.52574	-0.000683832
7.52599	0.00249778
7.52623	0.0166346
7.52648	0.0236692
7.52672	0.016475
7.52697	0.0096249
7.52721	0.0132462
7.52745	0.0164838
7.5277	0.00910216
7.52794	0.0014355
7.52819	0.0066992
7.52843	0.0175931
7.52868	0.01858
7.52892	0.011204
7.52917	0.00871351
7.52941	0.0128317
7.52966	0.0143445
7.5299	0.0117631
7.53015	0.0112981
7.53039	0.0118715
7.53063	0.00811744
7.53088	0.00509621
7.53112	0.0108226
7.53137	0.016723
7.53161	0.00754923
7.53186	-0.00936467
7.5321	-0.00985962
7.53235	0.0077076
7.53259	0.0160264
7.53284	0.00218427
7.53308	-0.0102885
7.53333	-0.000669923
7.53357	0.0134574
7.53381	0.00616981
7.53406	-0.0114979
7.5343	-0.0091669
7.53455	0.0112146
7.53479	0.0174482
7.53504	-0.000389285
7.53528	-0.0149842
7.53553	-0.00730262
7.53577	0.0050267
7.53602	0.000528951
7.53626	-0.0113894
7.5365	-0.00995875
7.53675	0.00188566
7.53699	0.00610594
7.53724	0.0013687
7.53748	0.00179425
7.53773	0.00923341
7.53797	0.0100547
7.53822	8.1352e-05
7.53846	-0.00749736
7.53871	-0.00373318
7.53895	0.00302505
7.5392	0.00255355
7.53944	-0.00174175
7.53968	-0.00103862
7.53993	0.00449647
7.54017	0.00804884
7.54042	0.00686451
7.54066	0.003281
7.54091	-0.000828186
7.54115	-0.00451302
7.5414	-0.00559969
7.54164	-0.00311377
7.54189	0.000301639
7.54213	0.00200069
7.54238	0.00275924
7.54262	0.00368757
7.54286	0.00352235
7.54311	0.00273736
7.54335	0.00602244
7.5436	0.0149785
7.54384	0.0217858
7.54409	0.0176463
7.54433	0.00639822
7.54458	0.00151043
7.54482	0.00779308
7.54507	0.0139094
7.54531	0.00800065
7.54556	-0.0050641
7.5458	-0.00964725
7.54604	-0.000505075
7.54629	0.0103385
7.54653	0.0100372
7.54678	0.00130008
7.54702	-0.00326525
7.54727	0.000928179
7.54751	0.00609206
7.54776	0.00545067
7.548	0.00265418
7.54825	0.00369851
7.54849	0.00604845
7.54873	0.00340467
7.54898	-0.00194394
7.54922	-0.000752395
7.54947	0.0082847
7.54971	0.0139509
7.54996	0.00721986
7.5502	-0.00581208
7.55045	-0.011963
7.55069	-0.00793581
7.55094	-0.00221369
7.55118	-0.0015963
7.55143	-0.00317109
7.55167	-0.000966282
7.55191	0.00536062
7.55216	0.011635
7.5524	0.0153403
7.55265	0.0172958
7.55289	0.0188264
7.55314	0.0199364
7.55338	0.0198644
7.55363	0.0180231
7.55387	0.0146764
7.55412	0.0112217
7.55436	0.0091555
7.55461	0.00844163
7.55485	0.00769167
7.55509	0.00624248
7.55534	0.00537686
7.55558	0.00709295
7.55583	0.0116199
7.55607	0.015808
7.55632	0.0147962
7.55656	0.00748833
7.55681	0.000118947
7.55705	0.000356499
7.5573	0.00660049
7.55754	0.00850855
7.55779	0.00163202
7.55803	-0.0048784
7.55827	-0.00197008
7.55852	0.00407017
7.55876	0.000909567
7.55901	-0.00889535
7.55925	-0.0103998
7.5595	-0.000415388
7.55974	0.00636018
7.55999	0.000951032
7.56023	-0.00518362
7.56048	0.000597199
7.56072	0.0109803
7.56097	0.0112109
7.56121	0.00356359
7.56145	0.00229548
7.5617	0.00880446
7.56194	0.0100358
7.56219	0.00201407
7.56243	-0.00264329
7.56268	0.0040785
7.56292	0.0119016
7.56317	0.00859248
7.56341	-0.000902446
7.56366	-0.00227636
7.5639	0.00741994
7.56414	0.0171053
7.56439	0.0175905
7.56463	0.0119705
7.56488	0.00922351
7.56512	0.0123754
7.56537	0.015719
7.56561	0.0133907
7.56586	0.00882389
7.5661	0.0117576
7.56635	0.0239389
7.56659	0.0333816
7.56684	0.0293517
7.56708	0.0186238
7.56732	0.0169915
7.56757	0.0265417
7.56781	0.0332874
7.56806	0.0287456
7.5683	0.0213633
7.56855	0.0215811
7.56879	0.026903
7.56904	0.0292939
7.56928	0.0280993
7.56953	0.0266596
7.56977	0.0233205
7.57002	0.0156174
7.57026	0.00851618
7.5705	0.00874211
7.57075	0.0136265
7.57099	0.0143249
7.57124	0.00867439
7.57148	0.00304066
7.57173	0.00197761
7.57197	0.00312568
7.57222	0.00297779
7.57246	0.00187113
7.57271	0.00165569
7.57295	0.00213218
7.5732	0.00145779
7.57344	-0.00122561
7.57368	-0.00385665
7.57393	-0.00238898
7.57417	0.00432682
7.57442	0.010997
7.57466	0.0111193
7.57491	0.00592358
7.57515	0.00288664
7.5754	0.00448649
7.57564	0.00519598
7.57589	0.00223737
7.57613	0.00186566
7.57637	0.00975677
7.57662	0.0209884
7.57686	0.0256158
7.57711	0.0207257
7.57735	0.0125719
7.5776	0.00992063
7.57784	0.0176484
7.57809	0.0320395
7.57833	0.0406664
7.57858	0.0340316
7.57882	0.0196842
7.57907	0.0156396
7.57931	0.026044
7.57955	0.0346992
7.5798	0.0294458
7.58004	0.0203747
7.58029	0.0225538
7.58053	0.0316654
7.58078	0.0320457
7.58102	0.0220516
7.58127	0.0151396
7.58151	0.0183541
7.58176	0.0245789
7.582	0.025901
7.58225	0.0220375
7.58249	0.0152415
7.58273	0.0080234
7.58298	0.00600962
7.58322	0.0126541
7.58347	0.0213661
7.58371	0.0228002
7.58396	0.0187554
7.5842	0.0182638
7.58445	0.0216413
7.58469	0.0206846
7.58494	0.014012
7.58518	0.00911871
7.58543	0.00850698
7.58567	0.00703081
7.58591	0.00454759
7.58616	0.00730864
7.5864	0.0134165
7.58665	0.0108372
7.58689	-0.00432368
7.58714	-0.0195567
7.58738	-0.0224751
7.58763	-0.0155196
7.58787	-0.00829941
7.58812	-0.00480217
7.58836	-0.00409432
7.5886	-0.00482033
7.58885	-0.00354096
7.58909	0.00310344
7.58934	0.0104775
7.58958	0.00963896
7.58983	0.002385
7.59007	0.000828816
7.59032	0.00735178
7.59056	0.00917884
7.59081	0.00065304
7.59105	-0.00433702
7.5913	0.00558111
7.59154	0.0186837
7.59178	0.0178412
7.59203	0.00794185
7.59227	0.006518
7.59252	0.0138228
7.59276	0.0134229
7.59301	0.00115011
7.59325	-0.0077815
7.5935	-0.00461307
7.59374	-0.000890503
7.59399	-0.00760605
7.59423	-0.0158095
7.59448	-0.0105924
7.59472	0.00523756
7.59496	0.014915
7.59521	0.0110236
7.59545	0.00302993
7.5957	0.00152881
7.59594	0.00463865
7.59619	0.00355271
7.59643	-0.00413854
7.59668	-0.0114904
7.59692	-0.0110937
7.59717	-0.00348226
7.59741	0.00423933
7.59766	0.0064347
7.5979	0.00358699
7.59814	-0.000645958
7.59839	-0.00382032
7.59863	-0.0043846
7.59888	-0.000319
7.59912	0.00755841
7.59937	0.01253
7.59961	0.00799501
7.59986	-0.00271277
7.6001	-0.00825702
7.60035	-0.00370756
7.60059	0.00243383
7.60083	0.000281932
7.60108	-0.00714108
7.60132	-0.00902913
7.60157	-0.00371058
7.60181	-0.000782622
7.60206	-0.00492624
7.6023	-0.00773154
7.60255	-0.00181096
7.60279	0.00533852
7.60304	0.00175909
7.60328	-0.00937241
7.60353	-0.0130184
7.60377	-0.00487933
7.60401	0.00218617
7.60426	-0.00144667
7.6045	-0.00728069
7.60475	-0.00279993
7.60499	0.0084176
7.60524	0.0120761
7.60548	0.00424169
7.60573	-0.00459629
7.60597	-0.00583127
7.60622	-0.00274784
7.60646	-0.00236839
7.60671	-0.00565495
7.60695	-0.00908306
7.60719	-0.0100376
7.60744	-0.00757066
7.60768	-0.00226928
7.60793	0.00224676
7.60817	0.00173512
7.60842	-0.00262297
7.60866	-0.00427477
7.60891	0.000558475
7.60915	0.00794671
7.6094	0.0112541
7.60964	0.00833437
7.60989	0.00237255
7.61013	-0.00187946
7.61037	-0.00170606
7.61062	0.00119193
7.61086	0.00132731
7.61111	-0.00497739
7.61135	-0.0143016
7.6116	-0.0190842
7.61184	-0.015837
7.61209	-0.00783043
7.61233	-0.000604494
7.61258	0.00173686
7.61282	-0.00250555
7.61306	-0.010203
7.61331	-0.0131918
7.61355	-0.00701855
7.6138	0.000588463
7.61404	-0.00204898
7.61429	-0.0129141
7.61453	-0.0164945
7.61478	-0.00543486
7.61502	0.00791344
7.61527	0.00902098
7.61551	0.00152032
7.61576	-0.000888584
7.616	0.00299104
7.61624	0.00144287
7.61649	-0.00879889
7.61673	-0.0155524
7.61698	-0.0105487
7.61722	-0.00323324
7.61747	-0.00592692
7.61771	-0.0142963
7.61796	-0.0149796
7.6182	-0.00771127
7.61845	-0.00551214
7.61869	-0.0126442
7.61894	-0.0169543
7.61918	-0.0095177
7.61942	0.000794436
7.61967	0.00173423
7.61991	-0.00333811
7.62016	-0.00321908
7.6204	0.00129129
7.62065	-8.88563e-05
7.62089	-0.00783504
7.62114	-0.0114307
7.62138	-0.00806601
7.62163	-0.00688728
7.62187	-0.010808
7.62212	-0.00964861
7.62236	0.00114668
7.6226	0.00938079
7.62285	0.00444963
7.62309	-0.00521893
7.62334	-0.00600499
7.62358	-0.00062464
7.62383	-0.00104773
7.62407	-0.0070403
7.62432	-0.00814573
7.62456	-0.00353683
7.62481	-0.00335722
7.62505	-0.0102062
7.62529	-0.0144249
7.62554	-0.0104263
7.62578	-0.00467584
7.62603	-0.00362332
7.62627	-0.00481781
7.62652	-0.00404846
7.62676	-0.00162516
7.62701	0.00200836
7.62725	0.00750825
7.6275	0.0102111
7.62774	0.00267158
7.62799	-0.0119042
7.62823	-0.0189517
7.62847	-0.0114494
7.62872	-0.000316235
7.62896	0.00136478
7.62921	-0.00379821
7.62945	-0.0043251
7.6297	0.00187818
7.62994	0.00633316
7.63019	0.0039739
7.63043	-0.00108999
7.63068	-0.0033368
7.63092	-0.00203299
7.63117	0.000893439
7.63141	0.00357354
7.63165	0.00374781
7.6319	-0.000276484
7.63214	-0.00682444
7.63239	-0.0112825
7.63263	-0.010151
7.63288	-0.00393118
7.63312	0.00339525
7.63337	0.00726183
7.63361	0.00650663
7.63386	0.00509749
7.6341	0.00750626
7.63435	0.0117381
7.63459	0.0105734
7.63483	0.00171477
7.63508	-0.00729744
7.63532	-0.00819117
7.63557	-0.00314205
7.63581	-0.00184889
7.63606	-0.00841375
7.6363	-0.016442
7.63655	-0.0183404
7.63679	-0.0148747
7.63704	-0.012347
7.63728	-0.0132846
7.63752	-0.0143632
7.63777	-0.0127264
7.63801	-0.00960807
7.63826	-0.00649378
7.6385	-0.00232698
7.63875	0.00255549
7.63899	0.0039143
7.63924	-0.000364423
7.63948	-0.00519399
7.63973	-0.00515937
7.63997	-0.00349219
7.64022	-0.00639519
7.64046	-0.0104963
7.6407	-0.00635405
7.64095	0.00477077
7.64119	0.00936293
7.64144	0.00135034
7.64168	-0.00763175
7.64193	-0.0050185
7.64217	0.0047229
7.64242	0.00786617
7.64266	0.000424563
7.64291	-0.0096758
7.64315	-0.014402
7.6434	-0.0115186
7.64364	-0.0032877
7.64388	0.00378707
7.64413	0.00312971
7.64437	-0.0019761
7.64462	-0.000183554
7.64486	0.00962569
7.64511	0.0126913
7.64535	0.00120947
7.6456	-0.00960137
7.64584	-0.00390688
7.64609	0.00736006
7.64633	0.00216366
7.64658	-0.0165379
7.64682	-0.0241975
7.64706	-0.0123974
7.64731	0.00121805
7.64755	0.00364156
7.6478	0.00320553
7.64804	0.00832742
7.64829	0.011735
7.64853	0.00703488
7.64878	0.00222159
7.64902	0.0040088
7.64927	0.00476601
7.64951	-0.00181718
7.64976	-0.0069296
7.65	-0.00259005
7.65024	0.00213787
7.65049	-0.00354626
7.65073	-0.0122878
7.65098	-0.0107319
7.65122	-0.00204239
7.65147	0.00115982
7.65171	-0.00121276
7.65196	-6.01355e-05
7.6522	0.00299891
7.65245	-0.0014521
7.65269	-0.00987398
7.65293	-0.00775246
7.65318	0.00568296
7.65342	0.0131814
7.65367	0.00547839
7.65391	-0.00464758
7.65416	-0.0029337
7.6544	0.00502294
7.65465	0.00457095
7.65489	-0.00456042
7.65514	-0.00861725
7.65538	-0.000796719
7.65563	0.00960071
7.65587	0.010925
7.65611	0.0041806
7.65636	-0.000450222
7.6566	0.00175123
7.65685	0.00491563
7.65709	0.00260414
7.65734	-0.00241502
7.65758	-0.00296296
7.65783	0.000908555
7.65807	0.00180206
7.65832	-0.00323639
7.65856	-0.00786661
7.65881	-0.00620234
7.65905	-0.00105706
7.65929	0.00183906
7.65954	0.00225105
7.65978	0.00270273
7.66003	0.00216665
7.66027	-0.0012061
7.66052	-0.00459843
7.66076	-0.00424041
7.66101	-0.0018595
7.66125	-0.00127018
7.6615	-0.00143226
7.66174	0.000503296
7.66199	0.00185756
7.66223	-0.0020826
7.66247	-0.00877381
7.66272	-0.0106552
7.66296	-0.00641842
7.66321	-0.0022869
7.66345	-0.00185501
7.6637	-0.00246038
7.66394	-0.00232514
7.66419	-0.00311165
7.66443	-0.00378473
7.66468	-0.000397614
7.66492	0.00520994
7.66516	0.00514112
7.66541	-0.00219442
7.66565	-0.00795966
7.6659	-0.00662977
7.66614	-0.00502937
7.66639	-0.00976331
7.66663	-0.0138108
7.66688	-0.00683772
7.66712	0.00623776
7.66737	0.00993898
7.66761	0.000182196
7.66786	-0.0110002
7.6681	-0.0137414
7.66834	-0.0111916
7.66859	-0.00843377
7.66883	-0.00280729
7.66908	0.00736574
7.66932	0.0141898
7.66957	0.0103819
7.66981	0.00189381
7.67006	0.000116444
7.6703	0.00514331
7.67055	0.00703382
7.67079	0.00230563
7.67104	-0.0010414
7.67128	0.00346079
7.67152	0.0112181
7.67177	0.0135666
7.67201	0.00880022
7.67226	0.00250312
7.6725	-0.000209026
7.67275	-4.21657e-05
7.67299	-0.00166816
7.67324	-0.00658101
7.67348	-0.0085837
7.67373	-0.000518618
7.67397	0.0131577
7.67422	0.0176406
7.67446	0.00691918
7.6747	-0.00556521
7.67495	-0.00406503
7.67519	0.00768049
7.67544	0.0128973
7.67568	0.00553694
7.67593	-0.00527435
7.67617	-0.0116137
7.67642	-0.0132151
7.67666	-0.00900535
7.67691	0.00173273
7.67715	0.00890591
7.67739	7.31271e-05
7.67764	-0.0169814
7.67788	-0.0186739
7.67813	0.00014163
7.67837	0.0149811
7.67862	0.00589701
7.67886	-0.0141619
7.67911	-0.0196591
7.67935	-0.00720105
7.6796	0.00648996
7.67984	0.0105976
7.68009	0.00742973
7.68033	0.0011172
7.68057	-0.00486322
7.68082	-0.00412479
7.68106	0.00470667
7.68131	0.0113113
7.68155	0.00697455
7.6818	-0.00141546
7.68204	-0.00242875
7.68229	0.00245585
7.68253	0.00530741
7.68278	0.00687667
7.68302	0.0102143
7.68327	0.00806655
7.68351	-0.00547678
7.68375	-0.0179653
7.684	-0.0130921
7.68424	0.00248752
7.68449	0.00708534
7.68473	-0.00413133
7.68498	-0.0154203
7.68522	-0.016882
7.68547	-0.0137479
7.68571	-0.00953406
7.68596	-0.00137938
7.6862	0.0058191
7.68645	0.00158725
7.68669	-0.0101642
7.68693	-0.0131687
7.68718	-0.00449632
7.68742	0.0016636
7.68767	-0.000422362
7.68791	-0.000426461
7.68816	0.00463639
7.6884	0.00273532
7.68865	-0.00860506
7.68889	-0.0133969
7.68914	-0.00503217
7.68938	-0.000258537
7.68962	-0.00979973
7.68987	-0.0166106
7.69011	-0.0036322
7.69036	0.0151103
7.6906	0.0149646
7.69085	-0.000879989
7.69109	-0.00874116
7.69134	-0.00269792
7.69158	0.000178119
7.69183	-0.00849835
7.69207	-0.0151359
7.69232	-0.00744333
7.69256	0.00697722
7.6928	0.0129407
7.69305	0.00687746
7.69329	-0.00319637
7.69354	-0.00929236
7.69378	-0.00951382
7.69403	-0.00689271
7.69427	-0.00565452
7.69452	-0.00691936
7.69476	-0.00777951
7.69501	-0.00587409
7.69525	-0.00250439
7.6955	0.000640399
7.69574	0.00383579
7.69598	0.00566105
7.69623	0.00225515
7.69647	-0.00557206
7.69672	-0.0101285
7.69696	-0.00733712
7.69721	-0.00415434
7.69745	-0.00855675
7.6977	-0.0163043
7.69794	-0.0157898
7.69819	-0.00431757
7.69843	0.00783347
7.69868	0.00997185
7.69892	0.00247697
7.69916	-0.00530378
7.69941	-0.00580986
7.69965	-0.0009838
7.6999	0.000698661
7.70014	-0.00447255
7.70039	-0.00957536
7.70063	-0.00672001
7.70088	-4.40535e-05
7.70112	-0.00104873
7.70137	-0.0110487
7.70161	-0.0178785
7.70185	-0.0129648
7.7021	-0.00245017
7.70234	0.00324667
7.70259	0.00234562
7.70283	-0.00151967
7.70308	-0.00716986
7.70332	-0.0131714
7.70357	-0.0139718
7.70381	-0.00700612
7.70406	0.000794848
7.7043	0.00115674
7.70455	-0.0041529
7.70479	-0.00662271
7.70503	-0.00294243
7.70528	0.00233896
7.70552	0.00402752
7.70577	0.00110272
7.70601	-0.00415534
7.70626	-0.0080453
7.7065	-0.00805209
7.70675	-0.00595671
7.70699	-0.00609877
7.70724	-0.00906352
7.70748	-0.0104697
7.70773	-0.00735092
7.70797	-0.00176447
7.70821	0.0029213
7.70846	0.00472446
7.7087	0.0016716
7.70895	-0.00632902
7.70919	-0.0134028
7.70944	-0.0122621
7.70968	-0.00443445
7.70993	0.00064861
7.71017	-0.00189191
7.71042	-0.00778312
7.71066	-0.0121582
7.71091	-0.0145229
7.71115	-0.0140882
7.71139	-0.0092358
7.71164	-0.00327634
7.71188	-0.00140049
7.71213	-0.000693377
7.71237	0.00602751
7.71262	0.0153039
7.71286	0.0152052
7.71311	0.00515582
7.71335	-0.0013025
7.7136	0.0014485
7.71384	0.00231966
7.71408	-0.00551214
7.71433	-0.0114721
7.71457	-0.00670762
7.71482	-0.000824562
7.71506	-0.00517522
7.71531	-0.0127451
7.71555	-0.0110395
7.7158	-0.00409982
7.71604	-0.00399012
7.71629	-0.00873748
7.71653	-0.00719326
7.71678	-0.000208021
7.71702	0.00155649
7.71726	-0.00214461
7.71751	-0.00104536
7.71775	0.00622229
7.718	0.0092837
7.71824	0.00374343
7.71849	-0.00298459
7.71873	-0.00533406
7.71898	-0.00573321
7.71922	-0.00531503
7.71947	-0.00145318
7.71971	0.00296435
7.71996	0.00024259
7.7202	-0.00871843
7.72044	-0.0131132
7.72069	-0.00808428
7.72093	-0.00113637
7.72118	0.00136876
7.72142	0.00336728
7.72167	0.00911259
7.72191	0.0138421
7.72216	0.0116745
7.7224	0.00537043
7.72265	0.000857434
7.72289	-0.00200493
7.72314	-0.00559286
7.72338	-0.00635587
7.72362	0.000530967
7.72387	0.0102615
7.72411	0.0113335
7.72436	0.00135661
7.7246	-0.00745033
7.72485	-0.00352645
7.72509	0.00786784
7.72534	0.0109664
7.72558	0.00104432
7.72583	-0.00875865
7.72607	-0.00562631
7.72632	0.00557512
7.72656	0.0105475
7.7268	0.00561831
7.72705	-0.000579549
7.72729	-0.00262726
7.72754	-0.00357216
7.72778	-0.00457407
7.72803	-0.00205878
7.72827	0.0019475
7.72852	-0.000464409
7.72876	-0.00786613
7.72901	-0.00707197
7.72925	0.00608585
7.72949	0.0162003
7.72974	0.00971052
7.72998	-0.00391073
7.73023	-0.0061681
7.73047	0.00324002
7.73072	0.00848278
7.73096	0.00228464
7.73121	-0.00687949
7.73145	-0.0108886
7.7317	-0.0108067
7.73194	-0.00837475
7.73219	-0.0014238
7.73243	0.00862933
7.73267	0.0143147
7.73292	0.0111415
7.73316	0.00286826
7.73341	-0.00410937
7.73365	-0.00627286
7.7339	-0.00292513
7.73414	0.0033972
7.73439	0.00682676
7.73463	0.00433806
7.73488	0.000767371
7.73512	0.0015105
7.73537	0.00276875
7.73561	-0.00273303
7.73585	-0.012287
7.7361	-0.0150983
7.73634	-0.00747601
7.73659	0.00316832
7.73683	0.00974275
7.73708	0.011405
7.73732	0.00774003
7.73757	-0.00192399
7.73781	-0.0110841
7.73806	-0.00941067
7.7383	0.00175693
7.73855	0.00796598
7.73879	0.00197411
7.73903	-0.00494795
7.73928	-0.000889639
7.73952	0.00706927
7.73977	0.00369048
7.74001	-0.00958546
7.74026	-0.0154193
7.7405	-0.00610324
7.74075	0.00550026
7.74099	0.00514375
7.74124	-0.00376589
7.74148	-0.00814125
7.74172	-0.00463734
7.74197	-0.00115223
7.74221	-0.00207495
7.74246	-0.00216951
7.7427	0.0035506
7.74295	0.0114151
7.74319	0.0139358
7.74344	0.00864691
7.74368	-0.000438381
7.74393	-0.00699772
7.74417	-0.00676906
7.74442	-0.00142684
7.74466	0.00136547
7.7449	-0.00345094
7.74515	-0.00963062
7.74539	-0.00669046
7.74564	0.00318611
7.74588	0.00531796
7.74613	-0.0057509
7.74637	-0.0157388
7.74662	-0.0108612
7.74686	0.00123872
7.74711	0.00347691
7.74735	-0.0047812
7.7476	-0.00900901
7.74784	-0.00339304
7.74808	0.00227719
7.74833	2.76478e-05
7.74857	-0.00612896
7.74882	-0.00983356
7.74906	-0.0100451
7.74931	-0.006598
7.74955	0.000561494
7.7498	0.00537411
7.75004	4.46569e-05
7.75029	-0.0120816
7.75053	-0.0186609
7.75078	-0.0152653
7.75102	-0.00923342
7.75126	-0.00573949
7.75151	-0.00273914
7.75175	-0.00102742
7.752	-0.00489985
7.75224	-0.0103956
7.75249	-0.00838272
7.75273	-0.00235536
7.75298	-0.00566105
7.75322	-0.0165043
7.75347	-0.0161116
7.75371	-0.000210022
7.75395	0.00946405
7.7542	-0.00110639
7.75444	-0.0135269
7.75469	-0.00506368
7.75493	0.0153573
7.75518	0.0215995
7.75542	0.0091835
7.75567	-0.00347501
7.75591	-0.00566462
7.75616	-0.00355006
7.7564	-0.0018041
7.75665	0.00283632
7.75689	0.00895382
7.75713	0.00903806
7.75738	0.00279742
7.75762	-0.00201128
7.75787	-0.00295119
7.75811	-0.00455042
7.75836	-0.00691611
7.7586	-0.00551736
7.75885	-0.0022347
7.75909	-0.00384724
7.75934	-0.00898269
7.75958	-0.00907507
7.75983	-0.00353577
7.76007	-0.00168661
7.76031	-0.00709863
7.76056	-0.0113908
7.7608	-0.00759754
7.76105	-0.000311697
7.76129	0.00229017
7.76154	-0.000184429
7.76178	-0.0015467
7.76203	0.00208679
7.76227	0.00772035
7.76252	0.00910695
7.76276	0.00508959
7.76301	0.00328913
7.76325	0.0107529
7.76349	0.0213757
7.76374	0.0216844
7.76398	0.0114025
7.76423	0.00614906
7.76447	0.0134816
7.76472	0.0197175
7.76496	0.0112849
7.76521	-0.00354909
7.76545	-0.00861382
7.7657	-0.00460968
7.76594	-0.00300089
7.76618	-0.00375358
7.76643	0.00149736
7.76667	0.00922777
7.76692	0.00727394
7.76716	-0.00291266
7.76741	-0.00639427
7.76765	0.00125548
7.7679	0.00724101
7.76814	0.00216549
7.76839	-0.00739803
7.76863	-0.0110592
7.76888	-0.00738651
7.76912	-0.00126402
7.76936	0.00188904
7.76961	-0.00151962
7.76985	-0.0077915
7.7701	-0.00532621
7.77034	0.00976673
7.77059	0.022271
7.77083	0.016602
7.77108	0.00224961
7.77132	0.00194737
7.77157	0.0166849
7.77181	0.0242161
7.77206	0.0145873
7.7723	0.00441281
7.77254	0.00820141
7.77279	0.0164245
7.77303	0.0141919
7.77328	0.00493689
7.77352	0.00129431
7.77377	0.00429166
7.77401	0.00562598
7.77426	0.00309777
7.7745	0.00198263
7.77475	0.00540256
7.77499	0.0113805
7.77524	0.0160121
7.77548	0.0155182
7.77572	0.0100839
7.77597	0.00702036
7.77621	0.012493
7.77646	0.0199462
7.7767	0.0177038
7.77695	0.00866802
7.77719	0.00804605
7.77744	0.0184599
7.77768	0.0240746
7.77793	0.0164668
7.77817	0.0090906
7.77841	0.0147076
7.77866	0.0241422
7.7789	0.0227479
7.77915	0.0156402
7.77939	0.0185222
7.77964	0.0307595
7.77988	0.0359723
7.78013	0.0274179
7.78037	0.0170301
7.78062	0.0177889
7.78086	0.0290039
7.78111	0.0415502
7.78135	0.0490339
7.78159	0.0511858
7.78184	0.0518531
7.78208	0.0553183
7.78233	0.0617823
7.78257	0.0673653
7.78282	0.0704214
7.78306	0.074289
7.78331	0.0812316
7.78355	0.0888419
7.7838	0.0961118
7.78404	0.106953
7.78429	0.122691
7.78453	0.137488
7.78477	0.147564
7.78502	0.158786
7.78526	0.177806
7.78551	0.201402
7.78575	0.222853
7.786	0.243617
7.78624	0.269455
7.78649	0.299501
7.78673	0.329689
7.78698	0.364172
7.78722	0.412375
7.78747	0.475606
7.78771	0.546865
7.78795	0.623218
7.7882	0.70685
7.78844	0.792406
7.78869	0.865862
7.78893	0.921959
7.78918	0.973149
7.78942	1.03305
7.78967	1.09723
7.78991	1.14875
7.79016	1.1782
7.7904	1.18851
7.79064	1.18162
7.79089	1.15265
7.79113	1.10276
7.79138	1.04859
7.79162	1.00785
7.79187	0.977156
7.79211	0.934818
7.79236	0.868923
7.7926	0.793255
7.79285	0.728406
7.79309	0.675213
7.79334	0.618617
7.79358	0.554007
7.79382	0.494702
7.79407	0.450443
7.79431	0.412594
7.79456	0.369401
7.7948	0.325452
7.79505	0.293729
7.79529	0.273946
7.79554	0.252344
7.79578	0.22278
7.79603	0.196021
7.79627	0.184448
7.79652	0.186524
7.79676	0.191796
7.797	0.194966
7.79725	0.198645
7.79749	0.205916
7.79774	0.216816
7.79798	0.231376
7.79823	0.250703
7.79847	0.274053
7.79872	0.29835
7.79896	0.321811
7.79921	0.345721
7.79945	0.372024
7.7997	0.401502
7.79994	0.434943
7.80018	0.473531
7.80043	0.517363
7.80067	0.566404
7.80092	0.623358
7.80116	0.690865
7.80141	0.763784
7.80165	0.830278
7.8019	0.88548
7.80214	0.937796
7.80239	0.993148
7.80263	1.03813
7.80287	1.05203
7.80312	1.03586
7.80336	1.01588
7.80361	1.01335
7.80385	1.02214
7.8041	1.02183
7.80434	1.00103
7.80459	0.95867
7.80483	0.89502
7.80508	0.816626
7.80532	0.743403
7.80557	0.693453
7.80581	0.660615
7.80605	0.620023
7.8063	0.557003
7.80654	0.47968
7.80679	0.403269
7.80703	0.33496
7.80728	0.277184
7.80752	0.232931
7.80777	0.200683
7.80801	0.172253
7.80826	0.142423
7.8085	0.115262
7.80875	0.0963121
7.80899	0.0838178
7.80923	0.0723494
7.80948	0.0605468
7.80972	0.0507599
7.80997	0.044202
7.81021	0.0399851
7.81046	0.0368329
7.8107	0.0339703
7.81095	0.0321656
7.81119	0.0335151
7.81144	0.0372042
7.81168	0.0375098
7.81193	0.031117
7.81217	0.0238405
7.81241	0.0226447
7.81266	0.0234099
7.8129	0.0168987
7.81315	0.00614647
7.81339	0.0050513
7.81364	0.0166589
7.81388	0.0260927
7.81413	0.0218164
7.81437	0.0121506
7.81462	0.0112031
7.81486	0.0179994
7.81511	0.020995
7.81535	0.0166089
7.81559	0.0112281
7.81584	0.00869177
7.81608	0.0073665
7.81633	0.00782095
7.81657	0.012482
7.81682	0.0176967
7.81706	0.0159786
7.81731	0.00760563
7.81755	0.00171238
7.8178	0.00393378
7.81804	0.0100105
7.81828	0.0134783
7.81853	0.0129594
7.81877	0.00968103
7.81902	0.00434723
7.81926	-0.000460545
7.81951	-0.000584298
7.81975	0.00342729
7.82	0.0053516
7.82024	0.00227084
7.82049	-0.000273394
7.82073	0.00351244
7.82098	0.0105783
7.82122	0.0132845
7.82146	0.00938753
7.82171	0.00242991
7.82195	-0.0045156
7.8222	-0.00906273
7.82244	-0.00655734
7.82269	0.00424568
7.82293	0.0136213
7.82318	0.00964158
7.82342	-0.00325085
7.82367	-0.00591571
7.82391	0.00914364
7.82416	0.0241452
7.8244	0.0193255
7.82464	0.00112792
7.82489	-0.00731179
7.82513	0.000959701
7.82538	0.0102562
7.82562	0.00860153
7.82587	0.00257373
7.82611	0.000442008
7.82636	-0.00243634
7.8266	-0.0105701
7.82685	-0.0145638
7.82709	-0.00514354
7.82734	0.00804617
7.82758	0.00781263
7.82782	-0.00461111
7.82807	-0.0107365
7.82831	-0.00165922
7.82856	0.0105357
7.8288	0.011389
7.82905	0.00255048
7.82929	-0.00382666
7.82954	-0.00153119
7.82978	0.00472622
7.83003	0.007182
7.83027	0.00385874
7.83051	0.000160852
7.83076	0.00205885
7.831	0.00776917
7.83125	0.00948235
7.83149	0.00456436
7.83174	-0.000792672
7.83198	-0.00216777
7.83223	-0.00327645
7.83247	-0.00616724
7.83272	-0.00458675
7.83296	0.00373736
7.83321	0.00815061
7.83345	0.00153987
7.83369	-0.00358547
7.83394	0.00699419
7.83418	0.0223465
7.83443	0.0194326
7.83467	0.000432144
7.83492	-0.00791236
7.83516	0.00438519
7.83541	0.0155132
7.83565	0.00773484
7.8359	-0.00592917
7.83614	-0.00623384
7.83639	0.00176849
7.83663	0.00239092
7.83687	-0.00252821
7.83712	-0.00119213
7.83736	0.00368409
7.83761	0.000951434
7.83785	-0.005361
7.8381	-0.00148802
7.83834	0.0101839
7.83859	0.013215
7.83883	0.00521585
7.83908	0.00188514
7.83932	0.00951217
7.83957	0.0147367
7.83981	0.00903406
7.84005	0.00378593
7.8403	0.00964464
7.84054	0.017218
7.84079	0.012552
7.84103	-0.000194462
7.84128	-0.00678202
7.84152	-0.00521447
7.84177	-0.00447915
7.84201	-0.0060498
7.84226	-0.00253407
7.8425	0.00630296
7.84274	0.0107762
7.84299	0.00678698
7.84323	0.0018531
7.84348	0.00188351
7.84372	0.0026163
7.84397	-0.000470335
7.84421	-0.00338296
7.84446	-0.00208403
7.8447	-0.00195079
7.84495	-0.00939386
7.84519	-0.0190122
7.84544	-0.0196921
7.84568	-0.0117977
7.84592	-0.00732049
7.84617	-0.0111843
7.84641	-0.0129135
7.84666	-0.00281674
7.8469	0.011418
7.84715	0.0133854
7.84739	8.34756e-05
7.84764	-0.0138998
7.84788	-0.0152469
7.84813	-0.00733585
7.84837	-0.00296443
7.84862	-0.00699398
7.84886	-0.012334
7.8491	-0.0116044
7.84935	-0.00648901
7.84959	-0.00339645
7.84984	-0.00424521
7.85008	-0.00586114
7.85033	-0.00645061
7.85057	-0.00741344
7.85082	-0.0085376
7.85106	-0.00711413
7.85131	-0.00413865
7.85155	-0.00544351
7.8518	-0.0117947
7.85204	-0.0135952
7.85228	-0.00362903
7.85253	0.00872068
7.85277	0.00726467
7.85302	-0.00699579
7.85326	-0.0142222
7.85351	-0.00286014
7.85375	0.0131293
7.854	0.0131063
7.85424	-0.00248396
7.85449	-0.0144046
7.85473	-0.0104559
7.85497	0.00216232
7.85522	0.0094443
7.85546	0.00600446
7.85571	-0.00318028
7.85595	-0.00936651
7.8562	-0.00711508
7.85644	0.000177035
7.85669	0.00198842
7.85693	-0.00733261
7.85718	-0.0197979
7.85742	-0.022706
7.85767	-0.0143402
7.85791	-0.00390549
7.85815	0.00204247
7.8584	0.00423317
7.85864	0.0026809
7.85889	-0.00515954
7.85913	-0.0157949
7.85938	-0.0192261
7.85962	-0.011917
7.85987	-0.00262212
7.86011	-0.000346118
7.86036	-0.00327272
7.8606	-0.00485377
7.86085	-0.00430854
7.86109	-0.00447995
7.86133	-0.00445864
7.86158	-0.00186569
7.86182	0.000612448
7.86207	-0.00167078
7.86231	-0.00685625
7.86256	-0.00783799
7.8628	-0.00252509
7.86305	0.00237461
7.86329	-0.000313229
7.86354	-0.009056
7.86378	-0.0147878
7.86403	-0.0106541
7.86427	0.000141156
7.86451	0.00683902
7.86476	0.0024825
7.865	-0.00806798
7.86525	-0.0138505
7.86549	-0.010846
7.86574	-0.00520046
7.86598	-0.0029466
7.86623	-0.00214612
7.86647	0.00137642
7.86672	0.00537531
7.86696	0.00417129
7.8672	-0.00189126
7.86745	-0.0061886
7.86769	-0.00513644
7.86794	-0.00218746
7.86818	-0.000946633
7.86843	0.000436738
7.86867	0.00413353
7.86892	0.0058662
7.86916	-0.000409523
7.86941	-0.0115484
7.86965	-0.0157229
7.8699	-0.00702552
7.87014	0.00552728
7.87038	0.00882932
7.87063	0.00240269
7.87087	-0.00212361
7.87112	0.00307308
7.87136	0.0134146
7.87161	0.0194927
7.87185	0.016437
7.8721	0.00497194
7.87234	-0.00917359
7.87259	-0.0151212
7.87283	-0.00522761
7.87308	0.0122878
7.87332	0.0184843
7.87356	0.00761653
7.87381	-0.0036609
7.87405	0.000539452
7.8743	0.01296
7.87454	0.0162721
7.87479	0.00996768
7.87503	0.00773468
7.87528	0.0124606
7.87552	0.012646
7.87577	0.00457957
7.87601	-0.000298482
7.87626	0.00456057
7.8765	0.00980357
7.87674	0.00741005
7.87699	0.00448292
7.87723	0.0089269
7.87748	0.013239
7.87772	0.00598869
7.87797	-0.00847542
7.87821	-0.0156857
7.87846	-0.0119562
7.8787	-0.00641786
7.87895	-0.00433807
7.87919	-0.00151358
7.87943	0.00385641
7.87968	0.00593404
7.87992	0.00194894
7.88017	-0.00159279
7.88041	0.000577379
7.88066	0.00302986
7.8809	-0.00179984
7.88115	-0.010013
7.88139	-0.0100258
7.88164	0.000389306
7.88188	0.00906338
7.88213	0.00494511
7.88237	-0.00723607
7.88261	-0.0136884
7.88286	-0.00967752
7.8831	-0.00349074
7.88335	-0.00253562
7.88359	-0.00368953
7.88384	-0.00106767
7.88408	0.00334037
7.88433	0.00304628
7.88457	-0.00262321
7.88482	-0.00788757
7.88506	-0.00860478
7.88531	-0.0060969
7.88555	-0.00405995
7.88579	-0.00524657
7.88604	-0.00920844
7.88628	-0.0104163
7.88653	-0.00255184
7.88677	0.0114364
7.88702	0.0188991
7.88726	0.0129466
7.88751	0.00259236
7.88775	-0.000234053
7.888	0.00233604
7.88824	0.000631423
7.88849	-0.00439827
7.88873	-0.00331267
7.88897	0.00365925
7.88922	0.00556746
7.88946	-0.000775987
7.88971	-0.00541074
7.88995	-0.00187617
7.8902	0.00358897
7.89044	0.00396855
7.89069	0.000719642
7.89093	-0.00357309
7.89118	-0.00983264
7.89142	-0.014648
7.89167	-0.0104902
7.89191	-0.000310533
7.89215	0.00128619
7.8924	-0.0098994
7.89264	-0.0176294
7.89289	-0.00861773
7.89313	0.00629839
7.89338	0.00868072
7.89362	0.00026148
7.89387	-0.00271453
7.89411	0.00322711
7.89436	0.00545554
7.8946	-0.00182162
7.89484	-0.00823769
7.89509	-0.00462425
7.89533	0.003219
7.89558	0.00393871
7.89582	-0.00429627
7.89607	-0.0131949
7.89631	-0.0142798
7.89656	-0.00666953
7.8968	0.0022796
7.89705	0.00387587
7.89729	-0.0021214
7.89754	-0.00684894
7.89778	-0.00418622
7.89802	0.00131358
7.89827	0.00276509
7.89851	0.00133919
7.89876	0.00146735
7.899	0.00161243
7.89925	-0.00121957
7.89949	-0.00291974
7.89974	0.0012873
7.89998	0.00597839
7.90023	0.00267011
7.90047	-0.00542114
7.90072	-0.00826774
7.90096	-0.00598348
7.9012	-0.00672731
7.90145	-0.00944851
7.90169	-0.00535859
7.90194	0.00262556
7.90218	0.000636341
7.90243	-0.0114094
7.90267	-0.0154327
7.90292	-0.00437696
7.90316	0.00379824
7.90341	-0.00502501
7.90365	-0.0166317
7.9039	-0.0120543
7.90414	-0.000430523
7.90438	-0.00360162
7.90463	-0.0172303
7.90487	-0.0159405
7.90512	0.0039105
7.90536	0.0157091
7.90561	0.0037661
7.90585	-0.0133512
7.9061	-0.0139342
7.90634	-0.00506132
7.90659	-0.00505085
7.90683	-0.0115153
7.90707	-0.00935604
7.90732	0.000226039
7.90756	0.00240462
7.90781	-0.00411371
7.90805	-0.00516353
7.9083	0.00334812
7.90854	0.00846777
7.90879	0.00249329
7.90903	-0.00572005
7.90928	-0.00751057
7.90952	-0.00658316
7.90977	-0.00749236
7.91001	-0.00642228
7.91025	-0.0017764
7.9105	-0.00103886
7.91074	-0.00786259
7.91099	-0.0136687
7.91123	-0.0114854
7.91148	-0.00744178
7.91172	-0.00868181
7.91197	-0.0104413
7.91221	-0.00628796
7.91246	-0.0013483
7.9127	-0.00282392
7.91295	-0.00571193
7.91319	-0.00105924
7.91343	0.00830863
7.91368	0.0129788
7.91392	0.0117649
7.91417	0.0095042
7.91441	0.00680406
7.91466	0.00383089
7.9149	0.00609651
7.91515	0.0133381
7.91539	0.0124063
7.91564	-0.00286105
7.91588	-0.0153676
7.91613	-0.00824025
7.91637	0.00574064
7.91661	0.00288045
7.91686	-0.0113416
7.9171	-0.010905
7.91735	0.00531604
7.91759	0.0108313
7.91784	-0.00167831
7.91808	-0.00629306
7.91833	0.0111366
7.91857	0.0271609
7.91882	0.0191897
7.91906	0.0012298
7.9193	-0.00241795
7.91955	0.00441602
7.91979	0.00384666
7.92004	-0.0024292
7.92028	-0.0014103
7.92053	0.00330229
7.92077	-0.000165396
7.92102	-0.00588913
7.92126	-1.31374e-05
7.92151	0.0104775
7.92175	0.00668562
7.922	-0.00831373
7.92224	-0.0123211
7.92248	-0.000705031
7.92273	0.00675917
7.92297	-0.000138336
7.92322	-0.0064913
7.92346	0.000939254
7.92371	0.0129264
7.92395	0.0150966
7.9242	0.00938517
7.92444	0.00610986
7.92469	0.00671989
7.92493	0.00591235
7.92518	0.00283429
7.92542	0.000719728
7.92566	0.000525557
7.92591	0.00152884
7.92615	0.00434599
7.9264	0.00905
7.92664	0.0133155
7.92689	0.0143755
7.92713	0.0104963
7.92738	0.00188628
7.92762	-0.00642902
7.92787	-0.0066658
7.92811	0.00117812
7.92836	0.00612722
7.9286	0.00115236
7.92884	-0.00521572
7.92909	-0.00236961
7.92933	0.00437016
7.92958	0.00287586
7.92982	-0.00462721
7.93007	-0.00607664
7.93031	-0.00142601
7.93056	-0.00150898
7.9308	-0.00638346
7.93105	-0.00458078
7.93129	0.00453351
7.93153	0.00804809
7.93178	0.00321546
7.93202	0.00309036
7.93227	0.0113752
7.93251	0.0125939
7.93276	-0.00135025
7.933	-0.0139227
7.93325	-0.00815933
7.93349	0.00745461
7.93374	0.013712
7.93398	0.00881055
7.93423	0.00429496
7.93447	0.00244803
7.93471	-0.00354259
7.93496	-0.0118154
7.9352	-0.0120627
7.93545	-0.00299803
7.93569	0.00460879
7.93594	0.00358638
7.93618	-0.00172051
7.93643	-0.0043312
7.93667	-0.00291428
7.93692	-0.000105647
7.93716	0.00120918
7.93741	-0.000307479
7.93765	-0.00241736
7.93789	-0.00123868
7.93814	0.00157515
7.93838	-0.00127524
7.93863	-0.0107491
7.93887	-0.0159771
7.93912	-0.00825839
7.93936	0.00530407
7.93961	0.0110648
7.93985	0.00689708
7.9401	0.0013556
7.94034	-0.00108336
7.94059	-0.00301928
7.94083	-0.00467034
7.94107	-0.00288445
7.94132	0.00024672
7.94156	-0.00173348
7.94181	-0.00835228
7.94205	-0.0109217
7.9423	-0.005419
7.94254	0.000961073
7.94279	-0.000155781
7.94303	-0.00736208
7.94328	-0.0122563
7.94352	-0.00969131
7.94376	-0.00242227
7.94401	0.00261683
7.94425	0.00149057
7.9445	-0.00242792
7.94474	-0.00238898
7.94499	0.0024624
7.94523	0.00515257
7.94548	0.00101147
7.94572	-0.00471566
7.94597	-0.00450093
7.94621	0.000241184
7.94646	0.00232819
7.9467	0.000296924
7.94694	-0.0011687
7.94719	-0.000842376
7.94743	-0.00256043
7.94768	-0.00670193
7.94792	-0.00787589
7.94817	-0.0032032
7.94841	0.00316018
7.94866	0.00590841
7.9489	0.00412944
7.94915	-0.000367026
7.94939	-0.00546121
7.94964	-0.00833497
7.94988	-0.0073669
7.95012	-0.00547023
7.95037	-0.00706968
7.95061	-0.0112658
7.95086	-0.012912
7.9511	-0.0107855
7.95135	-0.00895692
7.95159	-0.00925832
7.95184	-0.00871383
7.95208	-0.00611274
7.95233	-0.00477558
7.95257	-0.00628557
7.95282	-0.00737886
7.95306	-0.00577515
7.9533	-0.00333043
7.95355	-0.000933152
7.95379	0.00304188
7.95404	0.00613871
7.95428	0.0017267
7.95453	-0.00931979
7.95477	-0.0151447
7.95502	-0.0088856
7.95526	-0.000716983
7.95551	-0.00376896
7.95575	-0.0138817
7.95599	-0.0160779
7.95624	-0.00810419
7.95648	-0.00283803
7.95673	-0.00623063
7.95697	-0.00816753
7.95722	-0.00134647
7.95746	0.00436208
7.95771	-0.00291594
7.95795	-0.0169073
7.9582	-0.0211244
7.95844	-0.0124691
7.95869	-0.0041446
7.95893	-0.00542368
7.95917	-0.00982498
7.95942	-0.00641231
7.95966	0.00536102
7.95991	0.0163748
7.96015	0.0184469
7.9604	0.0108442
7.96064	-0.000433046
7.96089	-0.0074004
7.96113	-0.00632435
7.96138	-0.000512487
7.96162	0.00435889
7.96187	0.00636501
7.96211	0.00621836
7.96235	0.00291352
7.9626	-0.00417577
7.96284	-0.0106837
7.96309	-0.0113293
7.96333	-0.00804809
7.96358	-0.00754922
7.96382	-0.0112476
7.96407	-0.0145173
7.96431	-0.0150832
7.96456	-0.0138489
7.9648	-0.0083418
7.96505	0.00400746
7.96529	0.0157033
7.96553	0.0149629
7.96578	0.00423429
7.96602	-0.000889644
7.96627	0.00404628
7.96651	0.00459986
7.96676	-0.00790315
7.967	-0.0200852
7.96725	-0.0174578
7.96749	-0.00695206
7.96774	-0.00249823
7.96798	-0.00114407
7.96823	0.00669063
7.96847	0.0133192
7.96871	0.00366615
7.96896	-0.0155942
7.9692	-0.0208264
7.96945	-0.00596531
7.96969	0.00971246
7.96994	0.0112891
7.97018	0.00478766
7.97043	-0.00092313
7.97067	-0.0082078
7.97092	-0.0180105
7.97116	-0.021065
7.9714	-0.0127543
7.97165	-0.00292187
7.97189	-0.00079171
7.97214	-0.00214084
7.97238	-0.000476117
7.97263	0.000864086
7.97287	-0.00287878
7.97312	-0.00810472
7.97336	-0.0104899
7.97361	-0.0124576
7.97385	-0.0149442
7.9741	-0.0121359
7.97434	-0.00273047
7.97458	0.00404737
7.97483	0.0022499
7.97507	-0.00136978
7.97532	-0.000239129
7.97556	0.000932368
7.97581	-0.00252623
7.97605	-0.00425918
7.9763	0.00147568
7.97654	0.00729484
7.97679	0.0037248
7.97703	-0.00574212
7.97728	-0.0116356
7.97752	-0.0122605
7.97776	-0.0102962
7.97801	-0.00485023
7.97825	0.0026076
7.9785	0.00411037
7.97874	-0.00209523
7.97899	-0.0050511
7.97923	0.00147927
7.97948	0.0069252
7.97972	0.00207995
7.97997	-0.00381411
7.98021	8.09503e-05
7.98046	0.00548667
7.9807	0.000279533
7.98094	-0.00743935
7.98119	-0.00290636
7.98143	0.00680569
7.98168	0.00238344
7.98192	-0.0149021
7.98217	-0.0245362
7.98241	-0.0185232
7.98266	-0.00831924
7.9829	-0.00149138
7.98315	0.00451136
7.98339	0.00533144
7.98363	-0.00811983
7.98388	-0.0271672
7.98412	-0.0297795
7.98437	-0.013405
7.98461	-0.000333364
7.98486	-0.0034811
7.9851	-0.00998851
7.98535	-0.00763609
7.98559	-0.00415373
7.98584	-0.00782423
7.98608	-0.0103224
7.98633	-0.00414838
7.98657	0.00098271
7.98681	-0.00457149
7.98706	-0.0119394
7.9873	-0.00890208
7.98755	-0.000549955
7.98779	0.00141713
7.98804	-0.00107818
7.98828	0.000906617
7.98853	0.00557518
7.98877	0.00491671
7.98902	-8.28973e-05
7.98926	-0.00294891
7.98951	-0.00423364
7.98975	-0.00750723
7.98999	-0.00915556
7.99024	-0.005052
7.99048	-0.00141239
7.99073	-0.00583187
7.99097	-0.0127322
7.99122	-0.0111151
7.99146	-0.00268953
7.99171	0.00116228
7.99195	-0.00243596
7.9922	-0.00600455
7.99244	-0.0064714
7.99269	-0.00853761
7.99293	-0.0127638
7.99317	-0.0125739
7.99342	-0.0060086
7.99366	-0.000602371
7.99391	-0.0024624
7.99415	-0.00765644
7.9944	-0.00882126
7.99464	-0.00558902
7.99489	-0.00408416
7.99513	-0.00779089
7.99538	-0.0122836
7.99562	-0.0104215
7.99586	-0.00200013
7.99611	0.00494617
7.99635	0.00477663
7.9966	0.00220056
7.99684	0.00415705
7.99709	0.00766413
7.99733	0.0046875
7.99758	-0.00303837
7.99782	-0.00550472
7.99807	-0.00090663
7.99831	0.00171252
7.99856	-0.00167836
7.9988	-0.0047831
7.99904	-0.0049523
7.99929	-0.0080157
7.99953	-0.0134634
7.99978	-0.0101896
8.00002	0.00397352
8.00027	0.0133484
8.00051	0.0068391
8.00076	-0.00400729
8.001	-0.0031511
8.00125	0.00548867
8.00149	0.00735908
8.00174	0.00151332
8.00198	-0.00148141
8.00222	0.000609398
8.00247	0.000891928
8.00271	-0.00135998
8.00296	-0.00021041
8.0032	0.00407524
8.00345	0.00528272
8.00369	0.00275493
8.00394	0.000742716
8.00418	-0.00136817
8.00443	-0.00676484
8.00467	-0.0122827
8.00492	-0.0129708
8.00516	-0.0115762
8.0054	-0.0119047
8.00565	-0.00822818
8.00589	0.00485892
8.00614	0.0171366
8.00638	0.0134207
8.00663	-0.00345771
8.00687	-0.0163395
8.00712	-0.0179317
8.00736	-0.0147194
8.00761	-0.00934542
8.00785	0.00142773
8.00809	0.011086
8.00834	0.00676085
8.00858	-0.00766393
8.00883	-0.0119562
8.00907	0.000431853
8.00932	0.0120339
8.00956	0.00968501
8.00981	0.00396432
8.01005	0.00792502
8.0103	0.013764
8.01054	0.00724121
8.01079	-0.00723549
8.01103	-0.0138748
8.01127	-0.0100195
8.01152	-0.00617883
8.01176	-0.00591207
8.01201	-0.00221282
8.01225	0.0067058
8.0125	0.0126228
8.01274	0.0108304
8.01299	0.00722056
8.01323	0.00814773
8.01348	0.0115482
8.01372	0.0120344
8.01397	0.00865671
8.01421	0.00397545
8.01445	2.51921e-05
8.0147	-0.00146871
8.01494	0.00126428
8.01519	0.00646903
8.01543	0.00784033
8.01568	0.00164803
8.01592	-0.00634142
8.01617	-0.00630866
8.01641	0.00207788
8.01666	0.00697283
8.0169	-0.000663825
8.01715	-0.0137605
8.01739	-0.0178268
8.01763	-0.010589
8.01788	-0.00351703
8.01812	-0.00321236
8.01837	-0.00278392
8.01861	0.00319852
8.01886	0.00676059
8.0191	-0.000430633
8.01935	-0.0108132
8.01959	-0.0106791
8.01984	-0.00128142
8.02008	0.00354102
8.02032	-0.0010175
8.02057	-0.00520459
8.02081	-0.00189245
8.02106	0.00349402
8.0213	0.00384006
8.02155	0.000573387
8.02179	-0.00161072
8.02204	-0.00183698
8.02228	-0.000507602
8.02253	0.00312869
8.02277	0.00690667
8.02302	0.00583086
8.02326	3.6014e-05
8.0235	-0.00326646
8.02375	0.000584734
8.02399	0.00737576
8.02424	0.0104409
8.02448	0.00855234
8.02473	0.00467672
8.02497	0.00148434
8.02522	0.000521482
8.02546	0.00184622
8.02571	0.00291656
8.02595	0.00158239
8.0262	0.000338874
8.02644	0.00299054
8.02668	0.00764568
8.02693	0.00882087
8.02717	0.00604515
8.02742	0.00396188
8.02766	0.0043412
8.02791	0.00495171
8.02815	0.00562294
8.0284	0.00748637
8.02864	0.00703226
8.02889	0.000453882
8.02913	-0.00630161
8.02938	-0.00295074
8.02962	0.00818257
8.02986	0.0126465
8.03011	0.0047761
8.03035	-0.00397955
8.0306	-0.00311383
8.03084	0.00237868
8.03109	0.00325489
8.03133	0.00116201
8.03158	0.00242183
8.03182	0.00480989
8.03207	0.00186912
8.03231	-0.00414605
8.03255	-0.00427252
8.0328	0.00374104
8.03304	0.0120772
8.03329	0.0126869
8.03353	0.00532081
8.03378	-0.0033652
8.03402	-0.00537941
8.03427	0.00174219
8.03451	0.0109243
8.03476	0.011583
8.035	0.00221639
8.03525	-0.00690416
8.03549	-0.00594049
8.03573	0.00421841
8.03598	0.0159125
8.03622	0.0228555
8.03647	0.0214214
8.03671	0.0110398
8.03696	-0.00166509
8.0372	-0.0055008
8.03745	0.00260043
8.03769	0.0126477
8.03794	0.0146961
8.03818	0.0112768
8.03843	0.0106574
8.03867	0.0134625
8.03891	0.0139932
8.03916	0.0110497
8.0394	0.00891219
8.03965	0.00897676
8.03989	0.0078486
8.04014	0.0040676
8.04038	0.0011658
8.04063	0.00289701
8.04087	0.00849719
8.04112	0.0131999
8.04136	0.0122552
8.04161	0.00543774
8.04185	-0.00193929
8.04209	-0.00451103
8.04234	-0.00296464
8.04258	-0.00131654
8.04283	0.000637022
8.04307	0.00625774
8.04332	0.0138095
8.04356	0.0167139
8.04381	0.0131517
8.04405	0.00786061
8.0443	0.00356845
8.04454	-0.000303708
8.04478	0.000244092
8.04503	0.0103809
8.04527	0.0218331
8.04552	0.0169907
8.04576	-0.00402053
8.04601	-0.0157213
8.04625	-0.000339563
8.0465	0.0245205
8.04674	0.0290304
8.04699	0.0124689
8.04723	9.6859e-05
8.04748	0.0032727
8.04772	0.0068763
8.04796	-0.000300553
8.04821	-0.00627709
8.04845	0.00143591
8.0487	0.012172
8.04894	0.00821087
8.04919	-0.00616589
8.04943	-0.0105042
8.04968	0.000474876
8.04992	0.00966164
8.05017	0.00491371
8.05041	-0.00249733
8.05066	0.00334355
8.0509	0.0169403
8.05114	0.0188438
8.05139	0.0054164
8.05163	-0.00500498
8.05188	0.000723852
8.05212	0.0118101
8.05237	0.0115411
8.05261	0.00280481
8.05286	0.00125745
8.0531	0.00909117
8.05335	0.0122825
8.05359	0.0037814
8.05384	-0.00643503
8.05408	-0.00827523
8.05432	-0.00468061
8.05457	-0.00201238
8.05481	0.00042459
8.05506	0.00389733
8.0553	0.00420815
8.05555	0.000551295
8.05579	0.000772738
8.05604	0.00871601
8.05628	0.0151155
8.05653	0.011079
8.05677	0.00265134
8.05702	0.000924829
8.05726	0.00443576
8.0575	0.0037251
8.05775	-0.00139715
8.05799	-0.00212432
8.05824	0.00368151
8.05848	0.0080097
8.05873	0.00528223
8.05897	-0.000862481
8.05922	-0.00421383
8.05946	-0.00233053
8.05971	0.00356931
8.05995	0.00919413
8.06019	0.00901421
8.06044	0.00298412
8.06068	-0.00119013
8.06093	0.00195805
8.06117	0.00726784
8.06142	0.00698764
8.06166	0.00243964
8.06191	-0.000226264
8.06215	-0.00110466
8.0624	-0.00390603
8.06264	-0.00634066
8.06289	-0.00367525
8.06313	0.000859134
8.06337	5.54816e-05
8.06362	-0.00460184
8.06386	-0.00499645
8.06411	-9.68234e-05
8.06435	0.00317193
8.0646	0.00231033
8.06484	0.00163563
8.06509	0.00202841
8.06533	-0.00067428
8.06558	-0.00561148
8.06582	-0.00582486
8.06607	0.000206586
8.06631	0.00528177
8.06655	0.00429778
8.0668	-1.68308e-05
8.06704	-0.00399411
8.06729	-0.00704406
8.06753	-0.00715881
8.06778	-0.00152895
8.06802	0.00605421
8.06827	0.00749771
8.06851	0.00275789
8.06876	0.000833899
8.069	0.0053512
8.06925	0.00859391
8.06949	0.00434056
8.06973	-0.00219173
8.06998	-0.00296728
8.07022	0.00140487
8.07047	0.00471789
8.07071	0.0042566
8.07096	0.0016879
8.0712	-0.00095269
8.07145	-0.00220993
8.07169	-0.00148651
8.07194	-0.000542966
8.07218	-0.00118758
8.07242	-0.00128194
8.07267	0.00191613
8.07291	0.00521856
8.07316	0.0034473
8.0734	-0.000750756
8.07365	-1.6637e-05
8.07389	0.00456635
8.07414	0.00411509
8.07438	-0.00237432
8.07463	-0.0047557
8.07487	0.00175894
8.07512	0.00856213
8.07536	0.00815385
8.0756	0.00539371
8.07585	0.00649488
8.07609	0.0074042
8.07634	0.00282611
8.07658	-0.00228393
8.07683	-0.00123422
8.07707	0.00158949
8.07732	-0.00205022
8.07756	-0.00955635
8.07781	-0.0115257
8.07805	-0.00676648
8.0783	-0.00228263
8.07854	-0.00096406
8.07878	0.000115991
8.07903	0.00110091
8.07927	-0.0004711
8.07952	-0.00219864
8.07976	6.46462e-06
8.08001	0.00199274
8.08025	-0.00420073
8.0805	-0.0151343
8.08074	-0.0167847
8.08099	-0.00412769
8.08123	0.0103755
8.08148	0.0132955
8.08172	0.00674311
8.08196	0.00176688
8.08221	0.00216427
8.08245	0.00302675
8.0827	0.00137717
8.08294	-0.00043774
8.08319	-0.00127552
8.08343	-0.00350001
8.08368	-0.0067858
8.08392	-0.00554254
8.08417	0.00311185
8.08441	0.0119141
8.08465	0.00982501
8.0849	-0.00333809
8.08514	-0.0137302
8.08539	-0.00893195
8.08563	0.00634438
8.08588	0.0156884
8.08612	0.0113385
8.08637	0.00204008
8.08661	-0.00132253
8.08686	-0.000116575
8.0871	-0.00194132
8.08735	-0.00625753
8.08759	-0.00545724
8.08783	0.00145641
8.08808	0.00604766
8.08832	0.00332677
8.08857	-0.000771288
8.08881	0.000800023
8.08906	0.00530558
8.0893	0.00542768
8.08955	0.00146965
8.08979	0.000866179
8.09004	0.00605225
8.09028	0.00981091
8.09053	0.0052702
8.09077	-0.00435423
8.09101	-0.010121
8.09126	-0.00876696
8.0915	-0.00504018
8.09175	-0.00345449
8.09199	-0.00293704
8.09224	-0.00132972
8.09248	-0.000558771
8.09273	-0.00326969
8.09297	-0.00706611
8.09322	-0.00731283
8.09346	-0.00494774
8.09371	-0.00587007
8.09395	-0.0112121
8.09419	-0.0138357
8.09444	-0.0083873
8.09468	-0.0005422
8.09493	-0.000105279
8.09517	-0.00648973
8.09542	-0.00828493
8.09566	0.000641787
8.09591	0.0110495
8.09615	0.00989036
8.0964	-0.00160591
8.09664	-0.00908392
8.09688	-0.0046275
8.09713	0.00272003
8.09737	0.000256112
8.09762	-0.0107428
8.09786	-0.0178121
8.09811	-0.0143074
8.09835	-0.00524287
8.0986	0.00275863
8.09884	0.00804667
8.09909	0.00904807
8.09933	0.00262064
8.09958	-0.00802651
8.09982	-0.0122661
8.10006	-0.00548816
8.10031	0.00337954
8.10055	0.00494817
8.1008	0.00295767
8.10104	0.00580474
8.10129	0.0109847
8.10153	0.00989922
8.10178	0.00420789
8.10202	0.00379453
8.10227	0.00909909
8.10251	0.00914958
8.10276	-0.000389104
8.103	-0.00981069
8.10324	-0.0104677
8.10349	-0.00626451
8.10373	-0.00433734
8.10398	-0.00391455
8.10422	-0.00124255
8.10447	0.00208929
8.10471	0.00250227
8.10496	0.000212809
8.1052	-0.00344073
8.10545	-0.00823521
8.10569	-0.0105441
8.10594	-0.00457141
8.10618	0.00672089
8.10642	0.0108229
8.10667	0.0027573
8.10691	-0.00592246
8.10716	-0.00390497
8.1074	0.0026968
8.10765	0.000969031
8.10789	-0.00801894
8.10814	-0.0120313
8.10838	-0.00715093
8.10863	-0.00129693
8.10887	0.00015736
8.10911	-0.000131416
8.10936	-0.000478274
8.1096	-0.00316051
8.10985	-0.00680634
8.11009	-0.00594627
8.11034	-0.000543168
8.11058	0.00263797
8.11083	0.000351979
8.11107	-0.00331524
8.11132	-0.00529834
8.11156	-0.00761875
8.11181	-0.0106054
8.11205	-0.00980871
8.11229	-0.00335439
8.11254	0.00362662
8.11278	0.00539021
8.11303	0.00205935
8.11327	-0.00226668
8.11352	-0.0040352
8.11376	-0.00238175
8.11401	-0.000509759
8.11425	-0.00355625
8.1145	-0.0104297
8.11474	-0.0115769
8.11499	-0.00241444
8.11523	0.00591061
8.11547	0.00102409
8.11572	-0.00918186
8.11596	-0.00585334
8.11621	0.0100263
8.11645	0.0156199
8.1167	0.000886843
8.11694	-0.0145541
8.11719	-0.0111214
8.11743	0.00189507
8.11768	0.00421285
8.11792	-0.00277145
8.11817	-0.00255802
8.11841	0.00551212
8.11865	0.00550327
8.1189	-0.00625644
8.11914	-0.013969
8.11939	-0.00832371
8.11963	-0.000453315
8.11988	-0.00210465
8.12012	-0.00780409
8.12037	-0.0070894
8.12061	-0.00223596
8.12086	-0.00209129
8.1211	-0.0066707
8.12134	-0.00933886
8.12159	-0.00873333
8.12183	-0.00786488
8.12208	-0.00538808
8.12232	0.0015541
8.12257	0.00790392
8.12281	0.00489328
8.12306	-0.00572921
8.1233	-0.0114857
8.12355	-0.00620183
8.12379	0.00106667
8.12404	-0.000660114
8.12428	-0.00829552
8.12452	-0.00940783
8.12477	-0.000255743
8.12501	0.00901713
8.12526	0.00850738
8.1255	0.000943146
8.12575	-0.00449155
8.12599	-0.00573587
8.12624	-0.00801637
8.12648	-0.0120724
8.12673	-0.0109691
8.12697	-0.00162075
8.12722	0.00774972
8.12746	0.00740287
8.1277	-0.00121399
8.12795	-0.00869409
8.12819	-0.0101563
8.12844	-0.00792343
8.12868	-0.00463935
8.12893	-0.00150299
8.12917	-0.00171842
8.12942	-0.00713507
8.12966	-0.0116821
8.12991	-0.00729218
8.13015	0.00263113
8.1304	0.00546552
8.13064	-0.00230885
8.13088	-0.00944242
8.13113	-0.00732039
8.13137	-0.00229436
8.13162	-0.00294133
8.13186	-0.00509089
8.13211	-0.000707272
8.13235	0.00579954
8.1326	0.00362123
8.13284	-0.0058677
8.13309	-0.0103547
8.13333	-0.00563698
8.13358	-5.08463e-05
8.13382	0.00149801
8.13406	0.00446832
8.13431	0.0112338
8.13455	0.0132378
8.1348	0.00426632
8.13504	-0.00808345
8.13529	-0.0131322
8.13553	-0.0118889
8.13578	-0.0115631
8.13602	-0.0114629
8.13627	-0.00585445
8.13651	0.00221052
8.13675	0.00257531
8.137	-0.00525248
8.13724	-0.00854784
8.13749	0.000387664
8.13773	0.0112816
8.13798	0.00907261
8.13822	-0.00496341
8.13847	-0.014306
8.13871	-0.00875719
8.13896	0.00334098
8.1392	0.00753353
8.13945	0.00172091
8.13969	-0.00387204
8.13993	-0.00246732
8.14018	0.00115845
8.14042	6.28039e-05
8.14067	-0.00388035
8.14091	-0.00359736
8.14116	0.00206761
8.1414	0.00702516
8.14165	0.00676236
8.14189	0.00288612
8.14214	-0.00124705
8.14238	-0.0040385
8.14263	-0.00404249
8.14287	-0.000375637
8.14311	0.0036994
8.14336	0.00309108
8.1436	-0.00130214
8.14385	-0.0030295
8.14409	-0.000812942
8.14434	-0.0015552
8.14458	-0.00807688
8.14483	-0.0116927
8.14507	-0.00480224
8.14532	0.00556348
8.14556	0.00684662
8.14581	-0.000510928
8.14605	-0.00499853
8.14629	-0.00257828
8.14654	-0.000908151
8.14678	-0.00416443
8.14703	-0.0063431
8.14727	-0.00384778
8.14752	-0.00304902
8.14776	-0.00834982
8.14801	-0.0123579
8.14825	-0.00677858
8.1485	0.00388845
8.14874	0.00875881
8.14898	0.00577511
8.14923	0.00171471
8.14947	0.000740507
8.14972	0.00160776
8.14996	0.00341329
8.15021	0.00556031
8.15045	0.00434879
8.1507	-0.00158681
8.15094	-0.00463421
8.15119	0.00287908
8.15143	0.0140999
8.15168	0.0136015
8.15192	-0.000386242
8.15216	-0.0115471
8.15241	-0.0079625
8.15265	0.00197181
8.1529	0.00366261
8.15314	-0.00278796
8.15339	-0.00603412
8.15363	-0.00212731
8.15388	0.00171305
8.15412	0.000511465
8.15437	-0.00164946
8.15461	-0.000135585
8.15486	0.00254315
8.1551	0.00114998
8.15534	-0.00462271
8.15559	-0.0102047
8.15583	-0.011667
8.15608	-0.00927041
8.15632	-0.00662545
8.15657	-0.00690442
8.15681	-0.0089772
8.15706	-0.0080051
8.1573	-0.00142821
8.15755	0.00694894
8.15779	0.0113628
8.15804	0.0112943
8.15828	0.010915
8.15852	0.0120615
8.15877	0.0119877
8.15901	0.00885704
8.15926	0.00532908
8.1595	0.00432757
8.15975	0.00416706
8.15999	0.00118724
8.16024	-0.00399887
8.16048	-0.00647591
8.16073	-0.00406403
8.16097	-0.00144496
8.16121	-0.00423815
8.16146	-0.00983079
8.1617	-0.00857062
8.16195	0.00341686
8.16219	0.0163296
8.16244	0.0169324
8.16268	0.0052369
8.16293	-0.00558995
8.16317	-0.00652261
8.16342	-0.00234509
8.16366	-0.0010435
8.16391	-0.00189079
8.16415	-0.000849341
8.16439	-0.000980175
8.16464	-0.007281
8.16488	-0.0146063
8.16513	-0.0122349
8.16537	-0.000820466
8.16562	0.00625106
8.16586	0.00153338
8.16611	-0.00633735
8.16635	-0.00663282
8.1666	-0.00211061
8.16684	-0.00272601
8.16709	-0.00972024
8.16733	-0.015209
8.16757	-0.0149434
8.16782	-0.0122913
8.16806	-0.00957209
8.16831	-0.00424849
8.16855	0.00337863
8.1688	0.00611446
8.16904	-0.000461681
8.16929	-0.0085997
8.16953	-0.00629533
8.16978	0.00567762
8.17002	0.0123231
8.17027	0.00368221
8.17051	-0.0106489
8.17075	-0.0136483
8.171	-0.00417435
8.17124	0.00209245
8.17149	-0.00379888
8.17173	-0.0111905
8.17198	-0.00734659
8.17222	0.0021438
8.17247	0.00253225
8.17271	-0.00642434
8.17296	-0.0108754
8.1732	-0.00607856
8.17344	-0.00338338
8.17369	-0.00979048
8.17393	-0.0151909
8.17418	-0.00901116
8.17442	0.00192816
8.17467	0.0041386
8.17491	-0.00153781
8.17516	-0.00275807
8.1754	0.00411405
8.17565	0.00950433
8.17589	0.00628725
8.17614	-0.00105484
8.17638	-0.00507677
8.17662	-0.00443817
8.17687	-0.00144363
8.17711	0.00233726
8.17736	0.00471292
8.1776	0.00275696
8.17785	-0.00262291
8.17809	-0.00619595
8.17834	-0.00494778
8.17858	-0.00141126
8.17883	0.00114133
8.17907	0.00254322
8.17932	0.00294274
8.17956	0.000871873
8.1798	-0.00292269
8.18005	-0.00379445
8.18029	0.000922066
8.18054	0.00707943
8.18078	0.00824385
8.18103	0.00320419
8.18127	-0.00366373
8.18152	-0.00753951
8.18176	-0.00621683
8.18201	-0.000504764
8.18225	0.00514704
8.1825	0.0045154
8.18274	-0.00387036
8.18298	-0.0129956
8.18323	-0.0142915
8.18347	-0.00825806
8.18372	-0.00399894
8.18396	-0.00716859
8.18421	-0.012614
8.18445	-0.0118066
8.1847	-0.00431611
8.18494	0.00232811
8.18519	0.00274401
8.18543	-0.00114814
8.18567	-0.00540959
8.18592	-0.00938674
8.18616	-0.012937
8.18641	-0.0125895
8.18665	-0.00560032
8.1869	0.00368265
8.18714	0.00696648
8.18739	0.0023152
8.18763	-0.00318794
8.18788	-0.00282488
8.18812	0.00151788
8.18837	0.00324541
8.18861	0.000314312
8.18885	-0.00293501
8.1891	-0.00206305
8.18934	0.00231693
8.18959	0.00566355
8.18983	0.00406814
8.19008	-0.00204328
8.19032	-0.00768379
8.19057	-0.00750492
8.19081	-0.00147104
8.19106	0.00423956
8.1913	0.00326827
8.19155	-0.00415738
8.19179	-0.0112023
8.19203	-0.0112113
8.19228	-0.0045165
8.19252	0.00156504
8.19277	0.000542924
8.19301	-0.00530385
8.19326	-0.00745515
8.1935	-0.0032323
8.19375	-0.00101933
8.19399	-0.00826664
8.19424	-0.0179038
8.19448	-0.0155885
8.19473	-0.000367107
8.19497	0.0119271
8.19521	0.0095365
8.19546	-0.000334429
8.1957	-0.00409047
8.19595	-0.00120788
8.19619	-0.00158824
8.19644	-0.00827245
8.19668	-0.0136941
8.19693	-0.0125142
8.19717	-0.00864019
8.19742	-0.00753244
8.19766	-0.00871648
8.1979	-0.00873901
8.19815	-0.00648409
8.19839	-0.00294693
8.19864	0.00065573
8.19888	0.00266982
8.19913	0.00189461
8.19937	-8.72983e-05
8.19962	-0.00027799
8.19986	0.00126392
8.20011	0.00131314
8.20035	-0.00134825
8.2006	-0.00377142
8.20084	-0.00318534
8.20108	-0.000818678
8.20133	0.000415818
8.20157	0.00023535
8.20182	0.00103762
8.20206	0.00413786
8.20231	0.00727955
8.20255	0.00660517
8.2028	0.00123139
8.20304	-0.00510077
8.20329	-0.00833656
8.20353	-0.0090669
8.20378	-0.0104572
8.20402	-0.0119382
8.20426	-0.00954299
8.20451	-0.00346868
8.20475	-0.000107098
8.205	-0.00377613
8.20524	-0.0109471
8.20549	-0.0160109
8.20573	-0.0183247
8.20598	-0.0195582
8.20622	-0.0185911
8.20647	-0.0141839
8.20671	-0.00904283
8.20696	-0.00595297
8.2072	-0.00329628
8.20744	0.000187963
8.20769	6.46357e-05
8.20793	-0.00747506
8.20818	-0.0169551
8.20842	-0.0190021
8.20867	-0.0130026
8.20891	-0.00695596
8.20916	-0.00527631
8.2094	-0.00411807
8.20965	0.000547738
8.20989	0.00689029
8.21014	0.010867
8.21038	0.0108025
8.21062	0.00678399
8.21087	-0.00045743
8.21111	-0.00852965
8.21136	-0.0136403
8.2116	-0.0126677
8.21185	-0.00496197
8.21209	0.00552116
8.21234	0.0101562
8.21258	0.0036672
8.21283	-0.00625903
8.21307	-0.00578666
8.21331	0.00507406
8.21356	0.0101559
8.2138	0.00162329
8.21405	-0.00638734
8.21429	-0.00079687
8.21454	0.00710565
8.21478	7.69122e-05
8.21503	-0.0136442
8.21527	-0.0116303
8.21552	0.00448232
8.21576	0.009374
8.21601	-0.00499888
8.21625	-0.0165239
8.21649	-0.0098192
8.21674	0.00032477
8.21698	-0.0028413
8.21723	-0.00972395
8.21747	-0.00456159
8.21772	0.00447459
8.21796	-0.000439706
8.21821	-0.0140352
8.21845	-0.0147439
8.2187	0.00067
8.21894	0.0128132
8.21919	0.0101637
8.21943	0.00300533
8.21967	0.00284303
8.21992	0.00542126
8.22016	0.00164932
8.22041	-0.00700727
8.22065	-0.0122205
8.2209	-0.0105917
8.22114	-0.00564084
8.22139	-0.00241343
8.22163	-0.00354637
8.22188	-0.00757246
8.22212	-0.00990725
8.22237	-0.00821957
8.22261	-0.00579101
8.22285	-0.00629889
8.2231	-0.00797004
8.22334	-0.00753983
8.22359	-0.00650866
8.22383	-0.0072735
8.22408	-0.00644829
8.22432	0.00028135
8.22457	0.00886329
8.22481	0.0105232
8.22506	0.00380008
8.2253	-0.00427884
8.22554	-0.00820904
8.22579	-0.00847999
8.22603	-0.00727401
8.22628	-0.00640523
8.22652	-0.00806574
8.22677	-0.0111833
8.22701	-0.00964372
8.22726	-0.00143334
8.2275	0.00424452
8.22775	-0.00151661
8.22799	-0.012108
8.22824	-0.0133085
8.22848	-0.00436627
8.22872	0.00190082
8.22897	-0.000403527
8.22921	-0.00420459
8.22946	-0.00552286
8.2297	-0.00972264
8.22995	-0.0167054
8.23019	-0.0157374
8.23044	-0.00362462
8.23068	0.00615967
8.23093	0.00337975
8.23117	-0.00275146
8.23142	-0.000266853
8.23166	0.00438388
8.2319	-0.00172001
8.23215	-0.0134423
8.23239	-0.0142218
8.23264	-0.00343018
8.23288	0.00264013
8.23313	-0.00227426
8.23337	-0.00581563
8.23362	-0.000124909
8.23386	0.00477606
8.23411	-9.51304e-05
8.23435	-0.00619532
8.2346	-0.00287533
8.23484	0.00285382
8.23508	-0.00223387
8.23533	-0.0139534
8.23557	-0.0156915
8.23582	-0.00456325
8.23606	0.00397653
8.23631	-0.000457555
8.23655	-0.00968828
8.2368	-0.0117376
8.23704	-0.00688469
8.23729	-0.00226089
8.23753	-0.000411306
8.23777	-0.000999559
8.23802	-0.0056899
8.23826	-0.0127929
8.23851	-0.0138094
8.23875	-0.0046192
8.239	0.00524546
8.23924	0.00435304
8.23949	-0.00383605
8.23973	-0.0066245
8.23998	-0.0015375
8.24022	0.0018033
8.24047	-0.00131237
8.24071	-0.00425452
8.24095	-0.00199813
8.2412	0.000778257
8.24144	-0.00107327
8.24169	-0.00530113
8.24193	-0.00859587
8.24218	-0.0123083
8.24242	-0.0163881
8.24267	-0.0154905
8.24291	-0.0076003
8.24316	0.000238275
8.2434	0.00156405
8.24365	7.96232e-06
8.24389	0.00205937
8.24413	0.00563714
8.24438	0.00392037
8.24462	-0.00294531
8.24487	-0.00800798
8.24511	-0.00769688
8.24536	-0.00509919
8.2456	-0.00381221
8.24585	-0.00387736
8.24609	-0.00340945
8.24634	-0.00071461
8.24658	0.00410882
8.24683	0.00765557
8.24707	0.00628067
