0.500079	-0.00966875
0.500324	-0.00131733
0.500569	0.00660719
0.500813	0.0030232
0.501058	-0.0068632
0.501302	-0.00758451
0.501547	0.00293596
0.501792	0.00971469
0.502036	0.00411369
0.502281	-0.00338812
0.502525	-0.00155591
0.50277	0.00364053
0.503015	0.00123159
0.503259	-0.00494998
0.503504	-0.00354108
0.503748	0.00366404
0.503993	0.00449131
0.504238	-0.00237457
0.504482	-0.00492774
0.504727	0.0018508
0.504971	0.0078608
0.505216	0.00460462
0.505461	-0.00226973
0.505705	-0.00361207
0.50595	-0.000200112
0.506194	0.00177971
0.506439	0.00132913
0.506684	0.0011644
0.506928	0.000687509
0.507173	-0.00246684
0.507417	-0.00679358
0.507662	-0.00854215
0.507907	-0.00722799
0.508151	-0.00536841
0.508396	-0.00430262
0.50864	-0.00338868
0.508885	-0.00192435
0.50913	0.000176036
0.509374	0.00200392
0.509619	0.00118666
0.509863	-0.00341167
0.510108	-0.00808711
0.510353	-0.00747957
0.510597	-0.00232892
0.510842	0.000697899
0.511086	-0.00155414
0.511331	-0.00486501
0.511576	-0.00550455
0.51182	-0.00577632
0.512065	-0.00781882
0.512309	-0.00799731
0.512554	-0.00329245
0.512799	0.00162078
0.513043	0.000625128
0.513288	-0.00394772
0.513532	-0.00505322
0.513777	-0.00231151
0.514022	-0.0015939
0.514266	-0.00389865
0.514511	-0.00320721
0.514755	0.00266119
0.515	0.00687206
0.515245	0.0033801
0.515489	-0.00393368
0.515734	-0.00718704
0.515978	-0.00567187
0.516223	-0.00530065
0.516468	-0.00864005
0.516712	-0.0112079
0.516957	-0.00822011
0.517201	-0.000845969
0.517446	0.00569428
0.517691	0.00762411
0.517935	0.00498052
0.51818	0.00062346
0.518424	-0.00184626
0.518669	-0.000770375
0.518914	0.00189207
0.519158	0.00283683
0.519403	0.001889
0.519647	0.0022333
0.519892	0.00527235
0.520137	0.00784438
0.520381	0.00666511
0.520626	0.0032671
0.52087	0.00143457
0.521115	0.00123246
0.52136	-0.000680155
0.521604	-0.00520361
0.521849	-0.00906278
0.522093	-0.0095435
0.522338	-0.00771947
0.522583	-0.00587959
0.522827	-0.00446134
0.523072	-0.00280591
0.523316	-0.000791413
0.523561	0.00127325
0.523806	0.00252165
0.52405	0.00107106
0.524295	-0.0037484
0.524539	-0.00849826
0.524784	-0.00824624
0.525029	-0.00291783
0.525273	0.00214694
0.525518	0.00284657
0.525762	0.000126883
0.526007	-0.00354668
0.526252	-0.00714894
0.526496	-0.00906342
0.526741	-0.00694123
0.526985	-0.00218401
0.52723	-0.000113114
0.527475	-0.00269473
0.527719	-0.00543495
0.527964	-0.00455763
0.528208	-0.00236708
0.528453	-0.00176755
0.528698	-0.000921118
0.528942	0.00159087
0.529187	0.00177848
0.529431	-0.0029708
0.529676	-0.00689343
0.529921	-0.00350876
0.530165	0.00337081
0.53041	0.0049407
0.530654	0.00117938
0.530899	-7.32171e-05
0.531144	0.00339198
0.531388	0.00558541
0.531633	0.00381334
0.531877	0.00274249
0.532122	0.00455633
0.532367	0.00435279
0.532611	-0.000567693
0.532856	-0.00489606
0.5331	-0.00379875
0.533345	-0.000506946
0.53359	-4.30736e-05
0.533834	-0.00111864
0.534079	-0.000153803
0.534323	0.00124201
0.534568	-0.000784146
0.534813	-0.0048566
0.535057	-0.00597941
0.535302	-0.00328809
0.535546	-0.00109591
0.535791	-0.00244648
0.536036	-0.0054397
0.53628	-0.00625758
0.536525	-0.00356556
0.536769	0.000249883
0.537014	0.00146601
0.537259	-0.000551698
0.537503	-0.00156009
0.537748	0.00240222
0.537992	0.00817139
0.538237	0.00789557
0.538482	-0.000285559
0.538726	-0.00845366
0.538971	-0.0086339
0.539215	-0.00256943
0.53946	0.00181418
0.539705	0.000909825
0.539949	-0.00155652
0.540194	-0.000673366
0.540438	0.00373806
0.540683	0.00716655
0.540928	0.00509656
0.541172	-0.00157438
0.541417	-0.00608566
0.541661	-0.00336693
0.541906	0.00250503
0.542151	0.00289772
0.542395	-0.00305549
0.54264	-0.00689518
0.542884	-0.00364985
0.543129	0.000888625
0.543374	0.000204972
0.543618	-0.00236464
0.543863	-8.7479e-05
0.544107	0.00520333
0.544352	0.00615233
0.544597	0.00217504
0.544841	-0.000290581
0.545086	0.000721098
0.54533	-0.000206186
0.545575	-0.00553086
0.54582	-0.00925584
0.546064	-0.00571338
0.546309	0.00156945
0.546553	0.00433068
0.546798	1.83015e-05
0.547043	-0.00605077
0.547287	-0.00771599
0.547532	-0.00448721
0.547776	-0.00129485
0.548021	-0.00302228
0.548266	-0.00935907
0.54851	-0.0151389
0.548755	-0.0159123
0.548999	-0.0120351
0.549244	-0.00675618
0.549489	-0.00268553
0.549733	-0.00167596
0.549978	-0.00488446
0.550222	-0.00956797
0.550467	-0.00908112
0.550712	-0.00109307
0.550956	0.006585
0.551201	0.00470023
0.551445	-0.00414316
0.55169	-0.00817971
0.551935	-0.00284311
0.552179	0.0036163
0.552424	0.00332644
0.552668	-0.000443785
0.552913	-0.000842625
0.553158	0.000959499
0.553402	-0.000774083
0.553647	-0.00515299
0.553891	-0.00508211
0.554136	0.00177149
0.554381	0.00922359
0.554625	0.010854
0.55487	0.0070147
0.555114	0.00215273
0.555359	-0.000771912
0.555604	-0.00142082
0.555848	-0.000752341
0.556093	-0.000466475
0.556337	-0.00167952
0.556582	-0.00296303
0.556827	-0.00190914
0.557071	0.000341224
0.557316	-0.000968819
0.55756	-0.00751191
0.557805	-0.0135565
0.55805	-0.0119022
0.558294	-0.00334138
0.558539	0.0035378
0.558783	0.00271486
0.559028	-0.00255551
0.559273	-0.00549029
0.559517	-0.00515474
0.559762	-0.00594797
0.560006	-0.00897667
0.560251	-0.00947565
0.560496	-0.00475367
0.56074	0.000157038
0.560985	-0.000868524
0.561229	-0.00576007
0.561474	-0.00713887
0.561719	-0.00337157
0.561963	-0.000548027
0.562208	-0.00262511
0.562452	-0.00573899
0.562697	-0.00515042
0.562942	-0.00242145
0.563186	-0.00130904
0.563431	-0.000867231
0.563675	0.00178304
0.56392	0.00474957
0.564165	0.00364902
0.564409	-0.000721579
0.564654	-0.00312366
0.564898	-0.00197321
0.565143	-0.000668025
0.565388	-0.000518715
0.565632	0.0012017
0.565877	0.0045761
0.566121	0.00489263
0.566366	0.000246364
0.566611	-0.00449583
0.566855	-0.00508139
0.5671	-0.0038562
0.567344	-0.00393192
0.567589	-0.00297129
0.567834	0.00120168
0.568078	0.00387439
0.568323	0.000113732
0.568568	-0.00544166
0.568812	-0.00443213
0.569057	0.00165687
0.569301	0.00356396
0.569546	-0.000547703
0.569791	-0.00275482
0.570035	5.09689e-06
0.57028	0.000471445
0.570524	-0.00504729
0.570769	-0.00838851
0.571014	-0.00300671
0.571258	0.00363272
0.571503	0.00139726
0.571747	-0.00584111
0.571992	-0.00672033
0.572237	-0.000970963
0.572481	0.00144609
0.572726	-0.00208542
0.57297	-0.00351735
0.573215	0.000472195
0.57346	0.00267746
0.573704	-0.00121759
0.573949	-0.00497038
0.574193	-0.00322663
0.574438	-0.000586695
0.574683	-0.00224092
0.574927	-0.00427721
0.575172	-0.00148521
0.575416	0.00246986
0.575661	0.00170744
0.575906	-0.000848452
0.57615	0.00117853
0.576395	0.00551044
0.576639	0.00456494
0.576884	-0.00163918
0.577129	-0.00587449
0.577373	-0.00568462
0.577618	-0.00518045
0.577862	-0.00532919
0.578107	-0.00251404
0.578352	0.00225255
0.578596	0.00265676
0.578841	-0.00195793
0.579085	-0.00444867
0.57933	-0.00208082
0.579575	-0.00142822
0.579819	-0.00609705
0.580064	-0.00873887
0.580308	-0.00263149
0.580553	0.0061833
0.580798	0.00716439
0.581042	0.000612194
0.581287	-0.00443852
0.581531	-0.00448211
0.581776	-0.00428362
0.582021	-0.00643113
0.582265	-0.00734984
0.58251	-0.00514658
0.582754	-0.00371479
0.582999	-0.00589712
0.583244	-0.00804044
0.583488	-0.00499946
0.583733	0.00260873
0.583977	0.0089092
0.584222	0.00874371
0.584467	0.00193476
0.584711	-0.00652986
0.584956	-0.0101114
0.5852	-0.00670495
0.585445	-0.00118087
0.58569	0.000275953
0.585934	-0.00230304
0.586179	-0.00411241
0.586423	-0.00382514
0.586668	-0.00529397
0.586913	-0.00990786
0.587157	-0.0126319
0.587402	-0.0089694
0.587646	-0.00192531
0.587891	0.00199051
0.588136	0.00109147
0.58838	-0.00121756
0.588625	-0.0025571
0.588869	-0.00343548
0.589114	-0.00378303
0.589359	-0.00222087
0.589603	0.000459822
0.589848	0.000833401
0.590092	-0.00253758
0.590337	-0.00664733
0.590582	-0.00782936
0.590826	-0.00592404
0.591071	-0.00315007
0.591315	-0.000843957
0.59156	0.00063631
0.591805	0.000396456
0.592049	-0.00195349
0.592294	-0.0044714
0.592538	-0.00471589
0.592783	-0.00325814
0.593028	-0.00285285
0.593272	-0.00390091
0.593517	-0.0036633
0.593761	-0.00102258
0.594006	0.000996976
0.594251	-0.000356417
0.594495	-0.00316701
0.59474	-0.00392036
0.594984	-0.00309562
0.595229	-0.00380495
0.595474	-0.00575743
0.595718	-0.00509682
0.595963	-0.000815938
0.596207	0.00302417
0.596452	0.00312062
0.596697	0.00105854
0.596941	-0.000671361
0.597186	-0.00282008
0.59743	-0.00602473
0.597675	-0.00685191
0.59792	-0.0023834
0.598164	0.003154
0.598409	0.00244905
0.598653	-0.00401599
0.598898	-0.00726333
0.599143	-0.00237858
0.599387	0.00351498
0.599632	0.000489837
0.599876	-0.0101467
0.600121	-0.0168661
0.600366	-0.0126013
0.60061	-0.00296493
0.600855	0.00213115
0.601099	0.000558503
0.601344	-0.00213982
0.601589	-0.00213077
0.601833	-0.00116786
0.602078	-0.00126915
0.602322	-0.000839507
0.602567	0.00168698
0.602812	0.00438783
0.603056	0.00516964
0.603301	0.00532186
0.603545	0.00614858
0.60379	0.00505539
0.604035	-0.000137348
0.604279	-0.00530934
0.604524	-0.00447445
0.604768	0.000795449
0.605013	0.00294231
0.605258	-0.000351186
0.605502	-0.00345358
0.605747	-0.00260806
0.605991	-0.000961128
0.606236	-0.000805146
0.606481	0.00147955
0.606725	0.00757944
0.60697	0.0111666
0.607214	0.00657193
0.607459	-0.00149088
0.607704	-0.00420257
0.607948	-0.000877715
0.608193	0.00234309
0.608437	0.00277841
0.608682	0.00237633
0.608927	0.00126244
0.609171	-0.00150195
0.609416	-0.00239092
0.60966	0.00253644
0.609905	0.00874839
0.61015	0.00757429
0.610394	-0.000180546
0.610639	-0.00440446
0.610883	-0.00114759
0.611128	0.00170957
0.611373	-0.00218277
0.611617	-0.0076868
0.611862	-0.00717591
0.612106	-0.00239164
0.612351	-0.000863937
0.612596	-0.00507149
0.61284	-0.0106953
0.613085	-0.0125493
0.613329	-0.0084207
0.613574	-0.000177617
0.613819	0.00628085
0.614063	0.00593416
0.614308	0.00121902
0.614552	-0.00121024
0.614797	-0.00120011
0.615042	-0.00494748
0.615286	-0.0118244
0.615531	-0.0113812
0.615775	0.000467568
0.61602	0.0118786
0.616265	0.0107561
0.616509	0.00211459
0.616754	-0.00108621
0.616998	0.00181083
0.617243	0.00107156
0.617488	-0.00470999
0.617732	-0.00601213
0.617977	0.000756761
0.618221	0.00670568
0.618466	0.00440044
0.618711	-0.0019691
0.618955	-0.00499388
0.6192	-0.00426426
0.619444	-0.00317077
0.619689	-0.00218176
0.619934	-0.000456389
0.620178	0.00079448
0.620423	0.00092029
0.620667	0.00180763
0.620912	0.00400834
0.621157	0.00491104
0.621401	0.00341846
0.621646	0.00204441
0.62189	0.00181535
0.622135	-2.62551e-05
0.62238	-0.00434563
0.622624	-0.0073507
0.622869	-0.00697281
0.623113	-0.00664744
0.623358	-0.00848819
0.623603	-0.00817838
0.623847	-0.0022637
0.624092	0.00433223
0.624336	0.00487545
0.624581	0.00124889
0.624826	0.000307503
0.62507	0.00235282
0.625315	0.00159289
0.625559	-0.00270178
0.625804	-0.0043856
0.626049	-0.00135472
0.626293	7.98356e-05
0.626538	-0.00438222
0.626782	-0.00915764
0.627027	-0.00701872
0.627272	-0.000307531
0.627516	0.002812
0.627761	0.000673286
0.628005	-0.000604979
0.62825	0.0020345
0.628495	0.00371454
0.628739	0.000438796
0.628984	-0.00306941
0.629228	0.000161459
0.629473	0.00791542
0.629718	0.0103775
0.629962	0.00360887
0.630207	-0.0044914
0.630451	-0.00479567
0.630696	0.000869662
0.630941	0.0031207
0.631185	-0.00168259
0.63143	-0.00751567
0.631674	-0.0083527
0.631919	-0.00579436
0.632164	-0.00429608
0.632408	-0.00361169
0.632653	-0.000828522
0.632897	0.00267855
0.633142	0.00198333
0.633387	-0.00366953
0.633631	-0.00862585
0.633876	-0.00786146
0.63412	-0.0028403
0.634365	0.00155183
0.63461	0.00308457
0.634854	0.00263726
0.635099	0.00078942
0.635343	-0.00251981
0.635588	-0.00536615
0.635833	-0.00428597
0.636077	0.00129412
0.636322	0.00699235
0.636566	0.00762079
0.636811	0.00295248
0.637056	-0.0018634
0.6373	-0.00178893
0.637545	0.00285357
0.637789	0.00693714
0.638034	0.00609114
0.638279	0.00120734
0.638523	-0.00290295
0.638768	-0.00289479
0.639012	-1.34616e-05
0.639257	0.00212611
0.639502	0.00145302
0.639746	-0.00164692
0.639991	-0.00582164
0.640235	-0.00935764
0.64048	-0.0102083
0.640725	-0.00778893
0.640969	-0.00463489
0.641214	-0.0038779
0.641458	-0.00473352
0.641703	-0.0031818
0.641948	0.00191554
0.642192	0.00632074
0.642437	0.0060343
0.642681	0.00272177
0.642926	0.000637143
0.643171	0.000294363
0.643415	-0.000852681
0.64366	-0.00255481
0.643904	-0.00131036
0.644149	0.00350528
0.644394	0.00725157
0.644638	0.00583546
0.644883	0.000967168
0.645127	-0.00273923
0.645372	-0.00355598
0.645617	-0.00280706
0.645861	-0.00108117
0.646106	0.00213472
0.64635	0.00528848
0.646595	0.00482284
0.64684	4.47202e-05
0.647084	-0.00426657
0.647329	-0.00269409
0.647573	0.00380376
0.647818	0.00804957
0.648063	0.00469939
0.648307	-0.00349906
0.648552	-0.00897185
0.648797	-0.00763347
0.649041	-0.0019188
0.649286	0.00355067
0.64953	0.00623336
0.649775	0.00545423
0.65002	0.0016123
0.650264	-0.00254291
0.650509	-0.0028665
0.650753	0.00126428
0.650998	0.00502922
0.651243	0.00366737
0.651487	-0.00201402
0.651732	-0.00791492
0.651976	-0.0117578
0.652221	-0.0127439
0.652466	-0.00916449
0.65271	-0.00131986
0.652955	0.00499922
0.653199	0.00364362
0.653444	-0.0035356
0.653689	-0.00857668
0.653933	-0.00766453
0.654178	-0.00434955
0.654422	-0.00233346
0.654667	-0.00086265
0.654912	0.00126419
0.655156	0.00260844
0.655401	0.00233177
0.655645	0.00196314
0.65589	0.00187839
0.656135	0.000445651
0.656379	-0.00158083
0.656624	-0.000950066
0.656868	0.00158258
0.657113	0.000510096
0.657358	-0.00509883
0.657602	-0.00741729
0.657847	-0.000408441
0.658091	0.00996019
0.658336	0.0123498
0.658581	0.00433541
0.658825	-0.00575873
0.65907	-0.00979887
0.659314	-0.00739865
0.659559	-0.0032312
0.659804	-0.00130655
0.660048	-0.00213741
0.660293	-0.00291339
0.660537	-0.000814058
0.660782	0.00274465
0.661027	0.00359357
0.661271	0.00176427
0.661516	0.00238921
0.66176	0.00662095
0.662005	0.00732275
0.66225	-0.000369621
0.662494	-0.00905199
0.662739	-0.00776758
0.662983	0.00190939
0.663228	0.0075288
0.663473	0.00315848
0.663717	-0.00388231
0.663962	-0.00535213
0.664206	-0.00262873
0.664451	-0.00111711
0.664696	-0.0012632
0.66494	-0.000667659
0.665185	-0.000228869
0.665429	-0.00207761
0.665674	-0.00418501
0.665919	-0.00276269
0.666163	0.00113585
0.666408	0.00257669
0.666652	0.000224454
0.666897	-0.00188904
0.667142	-0.0012267
0.667386	-0.00108403
0.667631	-0.0052172
0.667875	-0.011112
0.66812	-0.0127568
0.668365	-0.0092378
0.668609	-0.00601728
0.668854	-0.00656478
0.669098	-0.00710701
0.669343	-0.00286603
0.669588	0.0038458
0.669832	0.00652961
0.670077	0.00376392
0.670321	0.000331934
0.670566	-0.000493527
0.670811	-0.000299299
0.671055	-0.000528559
0.6713	0.000198919
0.671544	0.00183048
0.671789	0.00120713
0.672034	-0.00254574
0.672278	-0.0054889
0.672523	-0.00475579
0.672767	-0.0027594
0.673012	-0.00248269
0.673257	-0.00288282
0.673501	-0.00233292
0.673746	-0.00210932
0.67399	-0.00254903
0.674235	-0.00032778
0.67448	0.00572737
0.674724	0.0103948
0.674969	0.00881417
0.675213	0.00367559
0.675458	0.000379615
0.675703	-0.000991195
0.675947	-0.00290997
0.676192	-0.00359448
0.676436	-0.000114856
0.676681	0.00451082
0.676926	0.00471068
0.67717	0.00102459
0.677415	-0.00148103
0.677659	-0.00160551
0.677904	-0.00191994
0.678149	-0.00221697
0.678393	-0.000451759
0.678638	0.00147574
0.678882	0.000570821
0.679127	-0.000393315
0.679372	0.00267807
0.679616	0.00567329
0.679861	0.00119189
0.680105	-0.00765179
0.68035	-0.00956439
0.680595	-0.00238057
0.680839	0.00358263
0.681084	0.002318
0.681328	0.000200209
0.681573	0.00228713
0.681818	0.00266674
0.682062	-0.00346339
0.682307	-0.00871077
0.682551	-0.00500667
0.682796	0.00184749
0.683041	0.00108066
0.683285	-0.00500414
0.68353	-0.00469055
0.683774	0.00363702
0.684019	0.00847593
0.684264	0.00304734
0.684508	-0.00507339
0.684753	-0.0062633
0.684997	-0.00205033
0.685242	-0.000254953
0.685487	-0.00283192
0.685731	-0.00501997
0.685976	-0.00364589
0.68622	-0.000420318
0.686465	0.0023571
0.68671	0.00464052
0.686954	0.00641691
0.687199	0.00606144
0.687443	0.00274069
0.687688	-0.00140159
0.687933	-0.00330818
0.688177	-0.00240378
0.688422	-0.00043689
0.688666	0.00116052
0.688911	0.00183405
0.689156	0.000633924
0.6894	-0.00266674
0.689645	-0.00516749
0.689889	-0.00320008
0.690134	0.00178523
0.690379	0.00373625
0.690623	0.000571579
0.690868	-0.00225549
0.691112	-0.000509729
0.691357	0.00128165
0.691602	-0.00288154
0.691846	-0.00923787
0.692091	-0.00839544
0.692335	0.000428618
0.69258	0.00775039
0.692825	0.00735497
0.693069	0.00344977
0.693314	0.00193272
0.693558	0.00220979
0.693803	0.00178766
0.694048	0.00231961
0.694292	0.00561994
0.694537	0.00850344
0.694781	0.00722652
0.695026	0.00367358
0.695271	0.00205942
0.695515	0.00235701
0.69576	0.0018651
0.696004	0.000736292
0.696249	0.000907129
0.696494	0.00156881
0.696738	0.000856786
0.696983	0.000594737
0.697227	0.00401027
0.697472	0.00924026
0.697717	0.010426
0.697961	0.00590948
0.698206	0.000728028
0.69845	-0.000440223
0.698695	0.0010945
0.69894	0.00146502
0.699184	0.000282712
0.699429	0.000483752
0.699673	0.00350512
0.699918	0.00710612
0.700163	0.00812262
0.700407	0.00616276
0.700652	0.00390084
0.700896	0.00375836
0.701141	0.00489258
0.701386	0.00438634
0.70163	0.00142723
0.701875	-0.00123111
0.702119	-0.000897779
0.702364	0.00143203
0.702609	0.00279334
0.702853	0.00259326
0.703098	0.00296547
0.703342	0.00499832
0.703587	0.00712757
0.703832	0.00802707
0.704076	0.00860299
0.704321	0.00928611
0.704565	0.00750591
0.70481	0.00122515
0.705055	-0.00568619
0.705299	-0.00580881
0.705544	0.0025573
0.705788	0.0119824
0.706033	0.0144844
0.706278	0.0106497
0.706522	0.00669629
0.706767	0.00518707
0.707011	0.00387555
0.707256	0.00227241
0.707501	0.00287099
0.707745	0.00526949
0.70799	0.00538281
0.708234	0.00241804
0.708479	0.0008226
0.708724	0.00287386
0.708968	0.00522702
0.709213	0.00578063
0.709457	0.00743561
0.709702	0.0108409
0.709947	0.010409
0.710191	0.00382303
0.710436	-0.000948627
0.71068	0.00359656
0.710925	0.0117158
0.71117	0.0118806
0.711414	0.00386619
0.711659	-0.00166477
0.711903	0.000728604
0.712148	0.00571337
0.712393	0.00798461
0.712637	0.00863739
0.712882	0.00871774
0.713126	0.00557733
0.713371	-0.000669122
0.713616	-0.00439805
0.71386	-0.00226859
0.714105	0.00188792
0.714349	0.00336061
0.714594	0.00268938
0.714839	0.00258821
0.715083	0.00349945
0.715328	0.00492198
0.715572	0.00691307
0.715817	0.00823022
0.716062	0.00738688
0.716306	0.00692753
0.716551	0.0111686
0.716795	0.0178945
0.71704	0.0186432
0.717285	0.0106016
0.717529	0.00228518
0.717774	0.00275541
0.718018	0.00976813
0.718263	0.0137934
0.718508	0.0107529
0.718752	0.00564086
0.718997	0.00466553
0.719241	0.00779897
0.719486	0.00972635
0.719731	0.00675797
0.719975	0.00199968
0.72022	0.00208986
0.720464	0.00781037
0.720709	0.0114181
0.720954	0.00724627
0.721198	0.00136197
0.721443	0.00385956
0.721687	0.0135549
0.721932	0.0188256
0.722177	0.0139241
0.722421	0.00578516
0.722666	0.00262455
0.72291	0.00397162
0.723155	0.00531632
0.7234	0.00543205
0.723644	0.00508877
0.723889	0.00432144
0.724133	0.00435646
0.724378	0.00702566
0.724623	0.0100958
0.724867	0.00930928
0.725112	0.00669457
0.725356	0.00912229
0.725601	0.0160289
0.725846	0.0175895
0.72609	0.0095898
0.726335	0.00116552
0.726579	0.0014405
0.726824	0.00660741
0.727069	0.00786481
0.727313	0.00519655
0.727558	0.00454528
0.727802	0.00644882
0.728047	0.00655982
0.728292	0.00456159
0.728536	0.00457238
0.728781	0.00810133
0.729025	0.0125067
0.72927	0.0150166
0.729515	0.0140283
0.729759	0.00905844
0.730004	0.00315757
0.730249	0.00175716
0.730493	0.00546814
0.730738	0.00850658
0.730982	0.00783322
0.731227	0.00784906
0.731472	0.0112996
0.731716	0.0126116
0.731961	0.00722545
0.732205	0.00109886
0.73245	0.00245312
0.732695	0.00900877
0.732939	0.0121893
0.733184	0.010035
0.733428	0.00713297
0.733673	0.00515258
0.733918	0.00261259
0.734162	0.001541
0.734407	0.00512475
0.734651	0.0101555
0.734896	0.0103721
0.735141	0.00636925
0.735385	0.00415281
0.73563	0.00490597
0.735874	0.00434925
0.736119	0.00172316
0.736364	0.00125329
0.736608	0.00424693
0.736853	0.00678978
0.737097	0.00591285
0.737342	0.00229604
0.737587	-0.00259886
0.737831	-0.00650416
0.738076	-0.00531255
0.73832	0.00145268
0.738565	0.0064468
0.73881	0.00334096
0.739054	-0.00249665
0.739299	-0.00102875
0.739543	0.00656153
0.739788	0.0092914
0.740033	0.00342349
0.740277	-0.00280938
0.740522	-0.00313393
0.740766	-0.00128755
0.741011	-0.00188228
0.741256	-0.00293468
0.7415	-0.0019695
0.741745	-0.00117203
0.741989	-0.00170488
0.742234	-0.000410698
0.742479	0.00304862
0.742723	0.00299088
0.742968	-0.0029792
0.743212	-0.00814024
0.743457	-0.00605974
0.743702	-9.98882e-05
0.743946	0.00260059
0.744191	0.00146596
0.744435	0.000247943
0.74468	-0.000960679
0.744925	-0.00402464
0.745169	-0.00621854
0.745414	-0.00324118
0.745658	0.00245821
0.745903	0.00376419
0.746148	-0.00042433
0.746392	-0.00324266
0.746637	-0.000219811
0.746881	0.00419345
0.747126	0.00356238
0.747371	-0.00122067
0.747615	-0.00369858
0.74786	-0.000951262
0.748104	0.00321394
0.748349	0.00417449
0.748594	0.00209229
0.748838	7.28551e-05
0.749083	-0.000775685
0.749327	-0.00167935
0.749572	-0.00263456
0.749817	-0.00181355
0.750061	0.000970725
0.750306	0.0030553
0.75055	0.00250344
0.750795	0.000652398
0.75104	-0.000393622
0.751284	-0.000666326
0.751529	-0.00104046
0.751773	-0.00112253
0.752018	-0.000381963
0.752263	0.00044576
0.752507	0.000970097
0.752752	0.00222833
0.752996	0.00428634
0.753241	0.00497988
0.753486	0.00320545
0.75373	0.0010738
0.753975	0.000363236
0.754219	-0.000532735
0.754464	-0.00310993
0.754709	-0.00487418
0.754953	-0.00283802
0.755198	0.000977445
0.755442	0.00165643
0.755687	-0.00186913
0.755932	-0.00559306
0.756176	-0.00542802
0.756421	-0.000965365
0.756665	0.00478402
0.75691	0.00747443
0.757155	0.00496191
0.757399	0.000434586
0.757644	-0.000568438
0.757888	0.00216437
0.758133	0.00279786
0.758378	-0.00112893
0.758622	-0.00376097
0.758867	0.000196876
0.759111	0.00675625
0.759356	0.0087727
0.759601	0.00651626
0.759845	0.00517562
0.76009	0.00533693
0.760334	0.00387576
0.760579	0.00203537
0.760824	0.00408632
0.761068	0.00865099
0.761313	0.00952463
0.761557	0.00554047
0.761802	0.00212852
0.762047	0.00218019
0.762291	0.00249844
0.762536	0.000853555
0.76278	-0.000188895
0.763025	0.00121611
0.76327	0.00254151
0.763514	0.00140673
0.763759	-0.000496835
0.764003	-0.000127937
0.764248	0.00330201
0.764493	0.0082208
0.764737	0.0114355
0.764982	0.00979994
0.765226	0.00448824
0.765471	0.00168023
0.765716	0.00455434
0.76596	0.00736179
0.766205	0.00347815
0.766449	-0.00367816
0.766694	-0.00579033
0.766939	-0.0031779
0.767183	-0.00304338
0.767428	-0.00503082
0.767672	-0.000630541
0.767917	0.0105399
0.768162	0.0161575
0.768406	0.00901406
0.768651	-0.00089251
0.768895	-0.000565436
0.76914	0.00720801
0.769385	0.00904242
0.769629	0.000739079
0.769874	-0.00787832
0.770118	-0.00735912
0.770363	-7.85182e-05
0.770608	0.00479552
0.770852	0.003299
0.771097	0.000578478
0.771341	0.0034269
0.771586	0.010745
0.771831	0.0139668
0.772075	0.00833783
0.77232	0.000463601
0.772564	0.000157861
0.772809	0.00717044
0.773054	0.0125087
0.773298	0.0119956
0.773543	0.0105574
0.773787	0.011875
0.774032	0.0122764
0.774277	0.00861281
0.774521	0.00477335
0.774766	0.00508858
0.77501	0.00702952
0.775255	0.00627438
0.7755	0.00462551
0.775744	0.00682141
0.775989	0.012302
0.776233	0.0157282
0.776478	0.0141816
0.776723	0.00950204
0.776967	0.00477391
0.777212	0.00222843
0.777456	0.00356174
0.777701	0.00888562
0.777946	0.0155142
0.77819	0.0197954
0.778435	0.0200183
0.778679	0.0171333
0.778924	0.0139872
0.779169	0.0137891
0.779413	0.0169256
0.779658	0.01929
0.779902	0.0167941
0.780147	0.0114501
0.780392	0.00920379
0.780636	0.0116881
0.780881	0.0148252
0.781125	0.0161651
0.78137	0.0179925
0.781615	0.0212148
0.781859	0.0218703
0.782104	0.0172443
0.782348	0.0110855
0.782593	0.00886236
0.782838	0.0109722
0.783082	0.0140299
0.783327	0.0161744
0.783571	0.0177728
0.783816	0.0188123
0.784061	0.0185789
0.784305	0.0171764
0.78455	0.015896
0.784794	0.0165631
0.785039	0.0200878
0.785284	0.0243036
0.785528	0.0249375
0.785773	0.0214671
0.786017	0.0195271
0.786262	0.0232017
0.786507	0.0277797
0.786751	0.0263578
0.786996	0.0211042
0.78724	0.0199117
0.787485	0.0233057
0.78773	0.0242267
0.787974	0.0209658
0.788219	0.019907
0.788463	0.0234915
0.788708	0.0259775
0.788953	0.0245171
0.789197	0.0239418
0.789442	0.0260143
0.789686	0.0247443
0.789931	0.0186972
0.790176	0.0174174
0.79042	0.0270011
0.790665	0.0382585
0.790909	0.0390955
0.791154	0.0317507
0.791399	0.0276055
0.791643	0.0303493
0.791888	0.0344272
0.792132	0.0360051
0.792377	0.0354896
0.792622	0.0321995
0.792866	0.0262286
0.793111	0.0237023
0.793355	0.0307838
0.7936	0.0429361
0.793845	0.0484003
0.794089	0.0429718
0.794334	0.0348445
0.794578	0.0340239
0.794823	0.041788
0.795068	0.0509997
0.795312	0.053586
0.795557	0.0483462
0.795801	0.0431117
0.796046	0.0464302
0.796291	0.0558483
0.796535	0.0599325
0.79678	0.0544492
0.797024	0.0490856
0.797269	0.0531743
0.797514	0.0626044
0.797758	0.0680868
0.798003	0.069207
0.798247	0.0715003
0.798492	0.0755195
0.798737	0.0782151
0.798981	0.0804194
0.799226	0.0839217
0.79947	0.0857731
0.799715	0.0843147
0.79996	0.0853932
0.800204	0.0929534
0.800449	0.0996655
0.800693	0.0982321
0.800938	0.0955398
0.801183	0.101974
0.801427	0.112563
0.801672	0.115108
0.801916	0.112984
0.802161	0.120714
0.802406	0.137424
0.80265	0.14513
0.802895	0.137518
0.803139	0.130997
0.803384	0.13949
0.803629	0.155499
0.803873	0.165972
0.804118	0.171539
0.804362	0.178222
0.804607	0.183528
0.804852	0.184645
0.805096	0.189995
0.805341	0.207722
0.805585	0.229735
0.80583	0.241897
0.806075	0.245891
0.806319	0.257237
0.806564	0.283544
0.806808	0.317324
0.807053	0.350109
0.807298	0.381979
0.807542	0.415051
0.807787	0.446968
0.808031	0.474031
0.808276	0.494072
0.808521	0.503716
0.808765	0.498675
0.80901	0.479753
0.809254	0.454371
0.809499	0.429632
0.809744	0.406918
0.809988	0.385037
0.810233	0.365535
0.810478	0.351949
0.810722	0.344887
0.810967	0.340451
0.811211	0.334776
0.811456	0.329493
0.811701	0.330451
0.811945	0.339762
0.81219	0.351759
0.812434	0.36041
0.812679	0.36868
0.812924	0.385164
0.813168	0.412359
0.813413	0.445257
0.813657	0.482351
0.813902	0.529875
0.814147	0.591647
0.814391	0.662151
0.814636	0.734361
0.81488	0.806756
0.815125	0.875557
0.81537	0.926995
0.815614	0.947564
0.815859	0.939181
0.816103	0.915335
0.816348	0.884434
0.816593	0.846553
0.816837	0.805252
0.817082	0.770551
0.817326	0.746575
0.817571	0.72658
0.817816	0.707164
0.81806	0.700091
0.818305	0.720543
0.818549	0.766318
0.818794	0.818154
0.819039	0.862697
0.819283	0.908135
0.819528	0.971606
0.819772	1.05341
0.820017	1.12872
0.820262	1.16579
0.820506	1.14972
0.820751	1.08872
0.820995	1.0024
0.82124	0.908864
0.821485	0.820869
0.821729	0.746879
0.821974	0.690644
0.822218	0.650547
0.822463	0.621871
0.822708	0.600499
0.822952	0.584891
0.823197	0.575596
0.823441	0.572813
0.823686	0.573891
0.823931	0.57478
0.824175	0.575791
0.82442	0.583783
0.824664	0.605019
0.824909	0.637617
0.825154	0.676243
0.825398	0.723376
0.825643	0.789343
0.825887	0.880666
0.826132	0.995974
0.826377	1.13554
0.826621	1.30401
0.826866	1.49357
0.82711	1.66842
0.827355	1.77782
0.8276	1.78945
0.827844	1.70889
0.828089	1.56937
0.828333	1.40846
0.828578	1.2539
0.828823	1.12167
0.829067	1.01793
0.829312	0.940369
0.829556	0.880854
0.829801	0.83129
0.830046	0.789213
0.83029	0.757475
0.830535	0.73749
0.830779	0.72461
0.831024	0.71289
0.831269	0.702453
0.831513	0.696797
0.831758	0.692684
0.832002	0.679235
0.832247	0.650402
0.832492	0.613586
0.832736	0.581604
0.832981	0.559134
0.833225	0.540861
0.83347	0.520464
0.833715	0.497659
0.833959	0.477582
0.834204	0.465657
0.834448	0.461972
0.834693	0.460356
0.834938	0.455757
0.835182	0.451751
0.835427	0.455203
0.835671	0.463731
0.835916	0.467205
0.836161	0.464227
0.836405	0.46684
0.83665	0.482776
0.836894	0.503096
0.837139	0.516811
0.837384	0.528657
0.837628	0.549861
0.837873	0.578036
0.838117	0.6011
0.838362	0.617271
0.838607	0.634564
0.838851	0.650373
0.839096	0.648606
0.83934	0.621744
0.839585	0.581122
0.83983	0.538704
0.840074	0.492058
0.840319	0.436579
0.840563	0.380954
0.840808	0.338133
0.841053	0.30783
0.841297	0.279955
0.841542	0.251558
0.841786	0.229175
0.842031	0.215736
0.842276	0.205363
0.84252	0.192476
0.842765	0.178505
0.843009	0.167288
0.843254	0.15914
0.843499	0.151979
0.843743	0.145015
0.843988	0.139044
0.844232	0.134431
0.844477	0.130035
0.844722	0.124379
0.844966	0.118126
0.845211	0.114231
0.845455	0.113431
0.8457	0.110987
0.845945	0.102302
0.846189	0.091253
0.846434	0.086757
0.846678	0.0899388
0.846923	0.0919062
0.847168	0.0873467
0.847412	0.0826023
0.847657	0.0846802
0.847901	0.0892922
0.848146	0.0877053
0.848391	0.0803877
0.848635	0.0749933
0.84888	0.0739258
0.849124	0.0729742
0.849369	0.0707401
0.849614	0.0703444
0.849858	0.071651
0.850103	0.0701598
0.850347	0.0649637
0.850592	0.0606211
0.850837	0.0595615
0.851081	0.059202
0.851326	0.0580365
0.85157	0.0578169
0.851815	0.0577319
0.85206	0.053429
0.852304	0.0450681
0.852549	0.0399312
0.852793	0.042794
0.853038	0.0488743
0.853283	0.0507863
0.853527	0.0480151
0.853772	0.0448943
0.854016	0.0430212
0.854261	0.0408865
0.854506	0.0385025
0.85475	0.0374936
0.854995	0.037822
0.855239	0.0381223
0.855484	0.038169
0.855729	0.0382552
0.855973	0.0376913
0.856218	0.0363862
0.856462	0.0357535
0.856707	0.0356317
0.856952	0.0332679
0.857196	0.0285275
0.857441	0.0266712
0.857685	0.0314027
0.85793	0.0379885
0.858175	0.0388883
0.858419	0.0344278
0.858664	0.0316737
0.858908	0.0334323
0.859153	0.0350427
0.859398	0.0329664
0.859642	0.0300013
0.859887	0.0293755
0.860131	0.0292409
0.860376	0.0267948
0.860621	0.0236597
0.860865	0.0229605
0.86111	0.02402
0.861354	0.0242069
0.861599	0.0240069
0.861844	0.0258909
0.862088	0.0291082
0.862333	0.0298213
0.862577	0.0266628
0.862822	0.0227467
0.863067	0.0212467
0.863311	0.0215651
0.863556	0.0211248
0.8638	0.0191439
0.864045	0.0171554
0.86429	0.0167082
0.864534	0.0178495
0.864779	0.0196629
0.865023	0.0212515
0.865268	0.0216977
0.865513	0.0197492
0.865757	0.0150243
0.866002	0.00999058
0.866246	0.00885041
0.866491	0.0124518
0.866736	0.0157962
0.86698	0.013818
0.867225	0.00888056
0.867469	0.00806239
0.867714	0.0125813
0.867959	0.0155724
0.868203	0.012918
0.868448	0.0102006
0.868692	0.013544
0.868937	0.0187035
0.869182	0.0172472
0.869426	0.0107812
0.869671	0.00947011
0.869915	0.0161305
0.87016	0.0216245
0.870405	0.0193944
0.870649	0.0155029
0.870894	0.0179466
0.871138	0.0231608
0.871383	0.0218011
0.871628	0.014063
0.871872	0.00979456
0.872117	0.0137168
0.872361	0.0188619
0.872606	0.0170844
0.872851	0.00993057
0.873095	0.00529283
0.87334	0.00685857
0.873584	0.0107927
0.873829	0.0116996
0.874074	0.00904311
0.874318	0.00720118
0.874563	0.0100912
0.874807	0.0164127
0.875052	0.02091
0.875297	0.0202502
0.875541	0.0161427
0.875786	0.0121986
0.87603	0.0100544
0.876275	0.0099185
0.87652	0.0120176
0.876764	0.0147922
0.877009	0.0143337
0.877253	0.0093712
0.877498	0.00485125
0.877743	0.00619709
0.877987	0.0113166
0.878232	0.0131695
0.878476	0.00979873
0.878721	0.00664071
0.878966	0.0082543
0.87921	0.0126258
0.879455	0.015298
0.879699	0.0150915
0.879944	0.0138283
0.880189	0.0134958
0.880433	0.0151915
0.880678	0.0182282
0.880922	0.0195516
0.881167	0.0169392
0.881412	0.0128552
0.881656	0.0114295
0.881901	0.0118668
0.882145	0.00997243
0.88239	0.0064841
0.882635	0.00715008
0.882879	0.0124645
0.883124	0.0148017
0.883368	0.0102391
0.883613	0.00616372
0.883858	0.0102446
0.884102	0.0174195
0.884347	0.0167525
0.884591	0.00820507
0.884836	0.00276552
0.885081	0.00592893
0.885325	0.010557
0.88557	0.00905571
0.885814	0.00453839
0.886059	0.00446338
0.886304	0.00862664
0.886548	0.0101918
0.886793	0.0064779
0.887037	0.00243744
0.887282	0.00296375
0.887527	0.00648144
0.887771	0.00811635
0.888016	0.00617583
0.88826	0.00303505
0.888505	0.00141945
0.88875	0.00248039
0.888994	0.00654663
0.889239	0.0125845
0.889483	0.0168598
0.889728	0.0155909
0.889973	0.0102178
0.890217	0.00679412
0.890462	0.00823272
0.890706	0.0107206
0.890951	0.0107396
0.891196	0.0113252
0.89144	0.0160577
0.891685	0.0204495
0.89193	0.0170087
0.892174	0.00756668
0.892419	0.00208243
0.892663	0.00449858
0.892908	0.00838582
0.893153	0.00874038
0.893397	0.0089596
0.893642	0.0119237
0.893886	0.01331
0.894131	0.0102918
0.894376	0.00864273
0.89462	0.0126944
0.894865	0.0151903
0.895109	0.00758591
0.895354	-0.00447695
0.895599	-0.00770316
0.895843	-0.000692278
0.896088	0.0051998
0.896332	0.00439877
0.896577	0.00397315
0.896822	0.00906646
0.897066	0.0131802
0.897311	0.00922749
0.897555	0.00140009
0.8978	-0.00156975
0.898045	0.000916954
0.898289	0.00283562
0.898534	0.00181203
0.898778	0.000738183
0.899023	0.00120286
0.899268	0.00167983
0.899512	0.00170908
0.899757	0.00274838
0.900001	0.00473224
0.900246	0.00577709
0.900491	0.00558963
0.900735	0.00582695
0.90098	0.00677031
0.901224	0.00684555
0.901469	0.00612631
0.901714	0.00704428
0.901958	0.00985233
0.902203	0.0102563
0.902447	0.00496593
0.902692	-0.0015736
0.902937	-0.000496731
0.903181	0.00975263
0.903426	0.0189286
0.90367	0.0163776
0.903915	0.00482876
0.90416	-0.00272788
0.904404	0.000300057
0.904649	0.00714587
0.904893	0.00943371
0.905138	0.00865728
0.905383	0.0104264
0.905627	0.0130152
0.905872	0.00999684
0.906116	0.0019224
0.906361	-0.00324316
0.906606	-0.00168787
0.90685	0.00177631
0.907095	0.00250736
0.907339	0.00249998
0.907584	0.00492853
0.907829	0.00782817
0.908073	0.00753683
0.908318	0.00489016
0.908562	0.00373314
0.908807	0.00503141
0.909052	0.00586975
0.909296	0.00373168
0.909541	-0.000347202
0.909785	-0.0028419
0.91003	-0.00129442
0.910275	0.00286892
0.910519	0.00551882
0.910764	0.0047992
0.911008	0.00368615
0.911253	0.00561724
0.911498	0.00909433
0.911742	0.00972502
0.911987	0.00661348
0.912231	0.00310081
0.912476	0.00168006
0.912721	0.0018475
0.912965	0.00272218
0.91321	0.00391166
0.913454	0.00391889
0.913699	0.00164721
0.913944	-0.000500696
0.914188	0.000875268
0.914433	0.00457145
0.914677	0.00604656
0.914922	0.00441351
0.915167	0.00341842
0.915411	0.0049506
0.915656	0.00662871
0.9159	0.00680106
0.916145	0.00688085
0.91639	0.00742824
0.916634	0.00703492
0.916879	0.00658965
0.917123	0.00920212
0.917368	0.0138726
0.917613	0.0149563
0.917857	0.0107056
0.918102	0.00669261
0.918346	0.0071675
0.918591	0.00857206
0.918836	0.00634965
0.91908	0.00322763
0.919325	0.00467121
0.919569	0.00943209
0.919814	0.0110947
0.920059	0.00774252
0.920303	0.00424974
0.920548	0.00472899
0.920792	0.0074859
0.921037	0.00897508
0.921282	0.00945356
0.921526	0.0121239
0.921771	0.0174073
0.922015	0.0203779
0.92226	0.0158462
0.922505	0.00586478
0.922749	-0.000733722
0.922994	0.00169311
0.923238	0.00865619
0.923483	0.0117763
0.923728	0.0094657
0.923972	0.00687196
0.924217	0.00709791
0.924461	0.00823209
0.924706	0.0084329
0.924951	0.0081804
0.925195	0.00740785
0.92544	0.00566716
0.925684	0.00483801
0.925929	0.00628819
0.926174	0.00662925
0.926418	0.00290448
0.926663	0.000104584
0.926907	0.00470579
0.927152	0.0120589
0.927397	0.0113833
0.927641	0.00375731
0.927886	0.0021471
0.92813	0.0105069
0.928375	0.0168252
0.92862	0.0130786
0.928864	0.00812225
0.929109	0.0113598
0.929353	0.0164645
0.929598	0.013755
0.929843	0.00818485
0.930087	0.0105505
0.930332	0.0184283
0.930576	0.0209354
0.930821	0.0172795
0.931066	0.0154681
0.93131	0.0160281
0.931555	0.0124229
0.931799	0.00621502
0.932044	0.00624148
0.932289	0.011908
0.932533	0.0123669
0.932778	0.00519543
0.933022	0.00153856
0.933267	0.00767253
0.933512	0.0145816
0.933756	0.0129257
0.934001	0.00718296
0.934245	0.00642717
0.93449	0.00987547
0.934735	0.0107991
0.934979	0.00835157
0.935224	0.00642166
0.935468	0.00518184
0.935713	0.00238751
0.935958	0.000115197
0.936202	0.00201167
0.936447	0.00546871
0.936691	0.00440028
0.936936	-0.000464184
0.937181	-0.0016472
0.937425	0.00331832
0.93767	0.00725183
0.937914	0.00403116
0.938159	-0.00168201
0.938404	-0.00100893
0.938648	0.00602005
0.938893	0.0105651
0.939137	0.00785318
0.939382	0.00326785
0.939627	0.00336721
0.939871	0.00676935
0.940116	0.00832943
0.94036	0.00763067
0.940605	0.00749508
0.94085	0.00755136
0.941094	0.00604986
0.941339	0.00554955
0.941583	0.00913587
0.941828	0.0127792
0.942073	0.0102345
0.942317	0.00461357
0.942562	0.00479174
0.942806	0.00982024
0.943051	0.00884312
0.943296	-0.000521728
0.94354	-0.00643107
0.943785	-0.00134615
0.944029	0.00593399
0.944274	0.00526835
0.944519	0.00116045
0.944763	0.00312934
0.945008	0.00938152
0.945252	0.0120859
0.945497	0.0117216
0.945742	0.0136906
0.945986	0.0161568
0.946231	0.0138022
0.946475	0.00952417
0.94672	0.0100799
0.946965	0.0132716
0.947209	0.0114909
0.947454	0.0054623
0.947698	0.00252452
0.947943	0.00321669
0.948188	0.00157063
0.948432	-0.00249558
0.948677	-0.00292025
0.948921	0.000764321
0.949166	0.00267935
0.949411	0.00161147
0.949655	0.00225217
0.9499	0.00546467
0.950144	0.00726852
0.950389	0.00725757
0.950634	0.00838677
0.950878	0.00929336
0.951123	0.00636037
0.951367	0.00176509
0.951612	-0.000174081
0.951857	-0.00163389
0.952101	-0.0056117
0.952346	-0.00621164
0.95259	0.00209138
0.952835	0.0102266
0.95308	0.0058579
0.953324	-0.00445124
0.953569	-0.00316278
0.953813	0.00930531
0.954058	0.0141481
0.954303	0.00449454
0.954547	-0.00511693
0.954792	-0.00443421
0.955036	-0.00166433
0.955281	-0.00430581
0.955526	-0.00573849
0.95577	-0.00076555
0.956015	0.00351605
0.956259	0.0028771
0.956504	0.00484996
0.956749	0.0117529
0.956993	0.012308
0.957238	0.00233132
0.957482	-0.00383008
0.957727	0.00326918
0.957972	0.0104187
0.958216	0.00400012
0.958461	-0.00595982
0.958705	-0.00311045
0.95895	0.00727044
0.959195	0.00847621
0.959439	0.000312913
0.959684	-0.00411127
0.959928	-0.00194606
0.960173	-0.000510879
0.960418	0.000533491
0.960662	0.00690755
0.960907	0.0136703
0.961151	0.0107423
0.961396	0.00169994
0.961641	-0.00114296
0.961885	0.00211097
0.96213	0.000947862
0.962374	-0.00458374
0.962619	-0.00404015
0.962864	0.0027265
0.963108	0.00437719
0.963353	-0.000891352
0.963597	-0.00189182
0.963842	0.0047698
0.964087	0.0084789
0.964331	0.00404028
0.964576	0.000408864
0.96482	0.0036814
0.965065	0.00683973
0.96531	0.0038536
0.965554	9.89116e-05
0.965799	0.000630825
0.966043	0.000604981
0.966288	-0.00390612
0.966533	-0.0065367
0.966777	-0.00136514
0.967022	0.0060041
0.967266	0.0072137
0.967511	0.00379262
0.967756	0.00254193
0.968	0.0042144
0.968245	0.00472983
0.968489	0.00330363
0.968734	0.00249215
0.968979	0.00315409
0.969223	0.00436791
0.969468	0.00573719
0.969712	0.00659859
0.969957	0.0060668
0.970202	0.00550255
0.970446	0.00678507
0.970691	0.00746117
0.970935	0.00348552
0.97118	-0.00254046
0.971425	-0.00325484
0.971669	0.00177814
0.971914	0.00458002
0.972159	0.00165658
0.972403	-0.000592732
0.972648	0.00233643
0.972892	0.00486268
0.973137	0.00133063
0.973382	-0.0035989
0.973626	-0.00242942
0.973871	0.00294757
0.974115	0.00467604
0.97436	0.000991982
0.974605	-0.00264569
0.974849	-0.00231962
0.975094	0.000784506
0.975338	0.00416719
0.975583	0.00602371
0.975828	0.00462899
0.976072	0.00029838
0.976317	-0.00298889
0.976561	-0.0018296
0.976806	0.00166077
0.977051	0.00257254
0.977295	-1.07371e-05
0.97754	-0.00220815
0.977784	-0.000874272
0.978029	0.00277697
0.978274	0.00513638
0.978518	0.00401993
0.978763	0.000452992
0.979007	-0.00244747
0.979252	-0.00239066
0.979497	0.000312087
0.979741	0.00403422
0.979986	0.00751274
0.98023	0.00909904
0.980475	0.00656069
0.98072	0.000465018
0.980964	-0.00420846
0.981209	-0.00336416
0.981453	0.000959731
0.981698	0.00447686
0.981943	0.00734907
0.982187	0.0115896
0.982432	0.0141253
0.982676	0.0100642
0.982921	0.00247984
0.983166	0.000523391
0.98341	0.00606042
0.983655	0.0102422
0.983899	0.00669857
0.984144	0.000634864
0.984389	-1.33438e-05
0.984633	0.00376359
0.984878	0.00536115
0.985122	0.00335656
0.985367	0.00260207
0.985612	0.00632094
0.985856	0.012059
0.986101	0.0150445
0.986345	0.0126571
0.98659	0.00635669
0.986835	0.000854338
0.987079	-0.000110386
0.987324	0.0018171
0.987568	0.00179812
0.987813	-0.000909257
0.988058	-0.00167753
0.988302	0.00177954
0.988547	0.00502459
0.988791	0.00376735
0.989036	0.00127699
0.989281	0.00380782
0.989525	0.0105181
0.98977	0.0134767
0.990014	0.00831346
0.990259	0.000391698
0.990504	-0.00206673
0.990748	0.00161237
0.990993	0.0045144
0.991237	0.00215326
0.991482	-0.00136182
0.991727	0.000423349
0.991971	0.00678751
0.992216	0.0111101
0.99246	0.0105639
0.992705	0.00883277
0.99295	0.00852633
0.993194	0.00742782
0.993439	0.00486649
0.993683	0.00501809
0.993928	0.0092876
0.994173	0.0116675
0.994417	0.00768223
0.994662	0.0023477
0.994906	0.00234623
0.995151	0.00559654
0.995396	0.0064672
0.99564	0.00618047
0.995885	0.0085952
0.996129	0.0101427
0.996374	0.00506101
0.996619	-0.00224721
0.996863	-0.00196533
0.997108	0.0053805
0.997352	0.00993123
0.997597	0.00873697
0.997842	0.00825991
0.998086	0.00997251
0.998331	0.00719516
0.998575	-0.000575556
0.99882	-0.00366092
0.999065	0.00213554
0.999309	0.00787655
0.999554	0.00594866
0.999798	0.0014337
1.00004	0.00198124
1.00029	0.00594526
1.00053	0.00807676
1.00078	0.00849534
1.00102	0.00860217
1.00127	0.00594295
1.00151	0.0004325
1.00176	-0.00175028
1.002	0.00231366
1.00224	0.00617596
1.00249	0.00453748
1.00273	0.00229571
1.00298	0.00542984
1.00322	0.0104767
1.00347	0.0117203
1.00371	0.0116176
1.00396	0.0144743
1.0042	0.0162414
1.00445	0.0111355
1.00469	0.00321912
1.00493	0.000615791
1.00518	0.00234011
1.00542	0.00174438
1.00567	-0.000443193
1.00591	0.00181396
1.00616	0.00685984
1.0064	0.00666813
1.00665	0.00138105
1.00689	0.000715816
1.00714	0.00826109
1.00738	0.0148748
1.00763	0.0124173
1.00787	0.00569921
1.00811	0.00450081
1.00836	0.00918927
1.0086	0.0112423
1.00885	0.00614466
1.00909	-0.000505232
1.00934	-0.00119189
1.00958	0.0033535
1.00983	0.00617425
1.01007	0.00506653
1.01032	0.00564016
1.01056	0.0105907
1.01081	0.0122457
1.01105	0.0034693
1.01129	-0.00810791
1.01154	-0.00786594
1.01178	0.00419195
1.01203	0.0120541
1.01227	0.00697432
1.01252	-0.000590627
1.01276	0.00131162
1.01301	0.00861785
1.01325	0.0110848
1.0135	0.00957214
1.01374	0.0115443
1.01399	0.0163842
1.01423	0.0176992
1.01447	0.0158083
1.01472	0.0160443
1.01496	0.0174575
1.01521	0.0144433
1.01545	0.0079752
1.0157	0.00486069
1.01594	0.00664537
1.01619	0.00847921
1.01643	0.00811177
1.01668	0.00744879
1.01692	0.00640342
1.01717	0.0036731
1.01741	0.0020783
1.01765	0.00440621
1.0179	0.00576197
1.01814	-0.000331439
1.01839	-0.00959506
1.01863	-0.0111887
1.01888	-0.00401797
1.01912	0.00182052
1.01937	0.000841385
1.01961	-0.00122355
1.01986	0.000983593
1.0201	0.00431747
1.02034	0.00452488
1.02059	0.00333547
1.02083	0.00360921
1.02108	0.00400698
1.02132	0.00270244
1.02157	0.00118753
1.02181	0.00101277
1.02206	0.0011244
1.0223	0.000860172
1.02255	0.0015971
1.02279	0.00379149
1.02304	0.00606334
1.02328	0.00780938
1.02352	0.00905287
1.02377	0.00836179
1.02401	0.00527658
1.02426	0.00338199
1.0245	0.0057217
1.02475	0.00906689
1.02499	0.00879911
1.02524	0.00704169
1.02548	0.00855748
1.02573	0.0111553
1.02597	0.00917666
1.02622	0.0044961
1.02646	0.00377998
1.0267	0.00608825
1.02695	0.00473198
1.02719	0.00108062
1.02744	0.00341019
1.02768	0.0106796
1.02793	0.0117753
1.02817	0.0046695
1.02842	0.00151075
1.02866	0.00823865
1.02891	0.0138418
1.02915	0.00913217
1.0294	0.00231032
1.02964	0.00368365
1.02988	0.00724853
1.03013	0.00266371
1.03037	-0.00402321
1.03062	0.000705745
1.03086	0.0135872
1.03111	0.0176537
1.03135	0.0084724
1.0316	-0.000178791
1.03184	0.00107558
1.03209	0.00542494
1.03233	0.0057804
1.03257	0.0070644
1.03282	0.0136988
1.03306	0.0174642
1.03331	0.00987786
1.03355	-0.00147118
1.0338	-0.00197079
1.03404	0.00860471
1.03429	0.016161
1.03453	0.0128943
1.03478	0.00609556
1.03502	0.00422364
1.03527	0.00480943
1.03551	0.00185553
1.03575	-0.00251622
1.036	-0.00155564
1.03624	0.00472673
1.03649	0.00907611
1.03673	0.00716809
1.03698	0.00274102
1.03722	0.00199637
1.03747	0.00653187
1.03771	0.0123522
1.03796	0.0137184
1.0382	0.00858375
1.03845	0.00192788
1.03869	0.00153791
1.03893	0.00799928
1.03918	0.0123481
1.03942	0.0078355
1.03967	1.01319e-05
1.03991	-0.00135851
1.04016	0.0033116
1.0404	0.00583576
1.04065	0.00463363
1.04089	0.00572755
1.04114	0.00952643
1.04138	0.00883704
1.04163	0.00263349
1.04187	-0.000479723
1.04211	0.00285248
1.04236	0.00469783
1.0426	0.00104563
1.04285	0.000325912
1.04309	0.00777988
1.04334	0.0136778
1.04358	0.00882964
1.04383	0.000815598
1.04407	0.000906812
1.04432	0.00454962
1.04456	0.000951765
1.0448	-0.00579883
1.04505	-0.00363659
1.04529	0.00453276
1.04554	0.00466301
1.04578	-0.00326017
1.04603	-0.00412978
1.04627	0.00637234
1.04652	0.0143832
1.04676	0.0112524
1.04701	0.0060415
1.04725	0.00733222
1.0475	0.0092072
1.04774	0.00497078
1.04798	0.000535252
1.04823	0.00313061
1.04847	0.0081991
1.04872	0.00851303
1.04896	0.00658884
1.04921	0.00729584
1.04945	0.00682307
1.0497	0.000394301
1.04994	-0.00603765
1.05019	-0.0034872
1.05043	0.00533008
1.05068	0.00956627
1.05092	0.00558841
1.05116	-0.00023565
1.05141	-0.00190606
1.05165	0.000762852
1.0519	0.00523688
1.05214	0.00849252
1.05239	0.00786805
1.05263	0.00448872
1.05288	0.00339886
1.05312	0.00655339
1.05337	0.00939673
1.05361	0.00793019
1.05386	0.00426047
1.0541	0.00134814
1.05434	-0.00174001
1.05459	-0.00471659
1.05483	-0.00306989
1.05508	0.0037726
1.05532	0.0079047
1.05557	0.00379521
1.05581	-0.00224566
1.05606	-0.00110781
1.0563	0.00605538
1.05655	0.011728
1.05679	0.013601
1.05703	0.0135541
1.05728	0.0102851
1.05752	0.00298496
1.05777	-0.00163134
1.05801	0.00312874
1.05826	0.0116032
1.0585	0.0117668
1.05875	0.0026491
1.05899	-0.00464145
1.05924	-0.00344379
1.05948	0.00112316
1.05973	0.00282462
1.05997	0.00264993
1.06021	0.00340687
1.06046	0.00399039
1.0607	0.00284914
1.06095	0.00124988
1.06119	0.00019136
1.06144	-0.000813404
1.06168	-7.95326e-05
1.06193	0.00531689
1.06217	0.0128473
1.06242	0.0149674
1.06266	0.00935501
1.06291	0.00301871
1.06315	0.00231669
1.06339	0.00422139
1.06364	0.00261881
1.06388	-0.00110007
1.06413	-0.000537057
1.06437	0.00451037
1.06462	0.00665733
1.06486	0.0021707
1.06511	-0.00251604
1.06535	0.00030474
1.0656	0.00786537
1.06584	0.00995688
1.06609	0.00318888
1.06633	-0.0039829
1.06657	-0.00296293
1.06682	0.00361338
1.06706	0.00704947
1.06731	0.00508493
1.06755	0.00254769
1.0678	0.00172115
1.06804	7.89903e-05
1.06829	-0.00220131
1.06853	-0.000689317
1.06878	0.00494276
1.06902	0.00836499
1.06926	0.00600892
1.06951	0.00256118
1.06975	0.00294965
1.07	0.00497512
1.07024	0.00490011
1.07049	0.00466229
1.07073	0.00738277
1.07098	0.0101207
1.07122	0.0077474
1.07147	0.00139773
1.07171	-0.00271115
1.07196	-0.00116846
1.0722	0.00428968
1.07244	0.0101504
1.07269	0.0129544
1.07293	0.0104287
1.07318	0.00460572
1.07342	0.00110764
1.07367	0.0020873
1.07391	0.00347465
1.07416	0.00233234
1.0744	0.00185087
1.07465	0.00462856
1.07489	0.00676178
1.07514	0.0048232
1.07538	0.00352178
1.07562	0.00870804
1.07587	0.0165185
1.07611	0.0176688
1.07636	0.010448
1.0766	0.00203168
1.07685	-0.00148962
1.07709	0.00026047
1.07734	0.00528315
1.07758	0.0103412
1.07783	0.0107163
1.07807	0.00573403
1.07832	0.00253729
1.07856	0.00715766
1.0788	0.0141215
1.07905	0.0132445
1.07929	0.00511777
1.07954	0.000391361
1.07978	0.00370935
1.08003	0.00808378
1.08027	0.00716419
1.08052	0.0041277
1.08076	0.00475235
1.08101	0.00874179
1.08125	0.0121379
1.08149	0.0132826
1.08174	0.0127988
1.08198	0.0113386
1.08223	0.00983741
1.08247	0.00909292
1.08272	0.00812073
1.08296	0.00593043
1.08321	0.00450291
1.08345	0.00594713
1.0837	0.0077891
1.08394	0.00649259
1.08419	0.00470626
1.08443	0.00810418
1.08467	0.0148518
1.08492	0.0159914
1.08516	0.00830616
1.08541	-0.000465603
1.08565	-0.00231598
1.0859	0.00170444
1.08614	0.00643191
1.08639	0.0104619
1.08663	0.0141235
1.08688	0.0148778
1.08712	0.0108771
1.08737	0.00611607
1.08761	0.00635383
1.08785	0.0113084
1.0881	0.0154721
1.08834	0.0157151
1.08859	0.0138553
1.08883	0.0120013
1.08908	0.00966579
1.08932	0.00682453
1.08957	0.0065078
1.08981	0.0112254
1.09006	0.0178023
1.0903	0.0192408
1.09055	0.0133021
1.09079	0.00655914
1.09103	0.00655987
1.09128	0.0114985
1.09152	0.0127079
1.09177	0.00759433
1.09201	0.00383274
1.09226	0.00776842
1.0925	0.0146618
1.09275	0.0158604
1.09299	0.0113855
1.09324	0.00866476
1.09348	0.0109523
1.09373	0.0138653
1.09397	0.0132824
1.09421	0.0108406
1.09446	0.0103068
1.0947	0.012294
1.09495	0.0139338
1.09519	0.0120527
1.09544	0.00687915
1.09568	0.00331374
1.09593	0.00621795
1.09617	0.0132983
1.09642	0.0165437
1.09666	0.0128055
1.0969	0.00797409
1.09715	0.00744336
1.09739	0.00847652
1.09764	0.00703375
1.09788	0.00591788
1.09813	0.00909394
1.09837	0.0133511
1.09862	0.0137107
1.09886	0.0125253
1.09911	0.0145414
1.09935	0.0171337
1.0996	0.014962
1.09984	0.0106681
1.10008	0.0106781
1.10033	0.0134478
1.10057	0.0127975
1.10082	0.0102237
1.10106	0.0118965
1.10131	0.0154118
1.10155	0.0129457
1.1018	0.00714115
1.10204	0.00938529
1.10229	0.020447
1.10253	0.0272247
1.10278	0.0226002
1.10302	0.0148915
1.10326	0.0125361
1.10351	0.0126795
1.10375	0.0113673
1.104	0.0122077
1.10424	0.0167045
1.10449	0.0176724
1.10473	0.0116598
1.10498	0.00763096
1.10522	0.0130709
1.10547	0.0205247
1.10571	0.0191066
1.10596	0.0118772
1.1062	0.00976865
1.10644	0.0137182
1.10669	0.0151879
1.10693	0.0115007
1.10718	0.0088455
1.10742	0.0104177
1.10767	0.0117507
1.10791	0.00950398
1.10816	0.00728963
1.1084	0.0101326
1.10865	0.0175457
1.10889	0.024072
1.10913	0.0248677
1.10938	0.020566
1.10962	0.0169921
1.10987	0.0183075
1.11011	0.0209797
1.11036	0.0186655
1.1106	0.0126532
1.11085	0.0108783
1.11109	0.0156163
1.11134	0.020013
1.11158	0.0193698
1.11183	0.0174313
1.11207	0.0177725
1.11231	0.0178582
1.11256	0.0166799
1.1128	0.0188723
1.11305	0.0247383
1.11329	0.0257216
1.11354	0.0182201
1.11378	0.0126712
1.11403	0.0185428
1.11427	0.0282011
1.11452	0.0276252
1.11476	0.017158
1.11501	0.00927055
1.11525	0.0101024
1.11549	0.0154194
1.11574	0.0212668
1.11598	0.0261835
1.11623	0.0256042
1.11647	0.0170645
1.11672	0.0094478
1.11696	0.0138529
1.11721	0.0255947
1.11745	0.028788
1.1177	0.0198527
1.11794	0.0126204
1.11819	0.0167564
1.11843	0.024549
1.11867	0.0251027
1.11892	0.0201958
1.11916	0.0182253
1.11941	0.0208253
1.11965	0.0234255
1.1199	0.0235666
1.12014	0.0221113
1.12039	0.0201269
1.12063	0.0191176
1.12088	0.0207162
1.12112	0.0232656
1.12136	0.0231579
1.12161	0.0213945
1.12185	0.0228331
1.1221	0.0268032
1.12234	0.0260568
1.12259	0.0188551
1.12283	0.0141482
1.12308	0.0187174
1.12332	0.0260627
1.12357	0.0256371
1.12381	0.0180852
1.12406	0.0130778
1.1243	0.0150795
1.12454	0.0193347
1.12479	0.0207391
1.12503	0.0194242
1.12528	0.0174831
1.12552	0.0162236
1.12577	0.0173137
1.12601	0.0215044
1.12626	0.0253553
1.1265	0.0238285
1.12675	0.0173521
1.12699	0.0122564
1.12724	0.0126821
1.12748	0.015771
1.12772	0.0168983
1.12797	0.0161604
1.12821	0.0165832
1.12846	0.0183727
1.1287	0.0190114
1.12895	0.018278
1.12919	0.0190053
1.12944	0.0219715
1.12968	0.0238258
1.12993	0.0223173
1.13017	0.0203676
1.13042	0.0213803
1.13066	0.0230084
1.1309	0.0205445
1.13115	0.0153491
1.13139	0.0138815
1.13164	0.0177378
1.13188	0.0209299
1.13213	0.0192531
1.13237	0.0161436
1.13262	0.0158412
1.13286	0.0170118
1.13311	0.0177481
1.13335	0.0203418
1.13359	0.0247514
1.13384	0.024029
1.13408	0.0151866
1.13433	0.00884698
1.13457	0.0163646
1.13482	0.0307104
1.13506	0.0338075
1.13531	0.0226845
1.13555	0.0137014
1.1358	0.0175186
1.13604	0.0246498
1.13629	0.0232435
1.13653	0.0177733
1.13677	0.0186262
1.13702	0.023165
1.13726	0.021102
1.13751	0.0131171
1.13775	0.00998669
1.138	0.0150131
1.13824	0.0203354
1.13849	0.0213763
1.13873	0.0229204
1.13898	0.0278535
1.13922	0.0305818
1.13947	0.0268234
1.13971	0.0215202
1.13995	0.0208163
1.1402	0.0226448
1.14044	0.0219605
1.14069	0.0203313
1.14093	0.022719
1.14118	0.0275405
1.14142	0.027827
1.14167	0.0220552
1.14191	0.0169256
1.14216	0.0178128
1.1424	0.0220577
1.14265	0.0243752
1.14289	0.0243081
1.14313	0.0245653
1.14338	0.0252023
1.14362	0.0241753
1.14387	0.0223468
1.14411	0.0231369
1.14436	0.0267263
1.1446	0.0287708
1.14485	0.0265881
1.14509	0.0232714
1.14534	0.0230624
1.14558	0.025127
1.14582	0.025296
1.14607	0.0227151
1.14631	0.0211125
1.14656	0.02323
1.1468	0.0269298
1.14705	0.0279536
1.14729	0.0248163
1.14754	0.0200802
1.14778	0.0178216
1.14803	0.0201593
1.14827	0.0252996
1.14852	0.0290569
1.14876	0.0291872
1.149	0.0275953
1.14925	0.0271235
1.14949	0.0276092
1.14974	0.0273653
1.14998	0.0269938
1.15023	0.028113
1.15047	0.0291895
1.15072	0.0272237
1.15096	0.0237791
1.15121	0.024017
1.15145	0.0282
1.1517	0.0298789
1.15194	0.0259115
1.15218	0.0227426
1.15243	0.0271652
1.15267	0.0349761
1.15292	0.0360277
1.15316	0.0287247
1.15341	0.0219319
1.15365	0.0221502
1.1539	0.0260476
1.15414	0.0278453
1.15439	0.0275338
1.15463	0.0278169
1.15488	0.0281283
1.15512	0.0268649
1.15536	0.0262724
1.15561	0.029633
1.15585	0.0352382
1.1561	0.0382054
1.15634	0.0375908
1.15659	0.0368119
1.15683	0.0370186
1.15708	0.0352924
1.15732	0.0310195
1.15757	0.0291572
1.15781	0.0336085
1.15805	0.0404835
1.1583	0.0422928
1.15854	0.0376219
1.15879	0.0325369
1.15903	0.0323299
1.15928	0.0356925
1.15952	0.0384114
1.15977	0.0394373
1.16001	0.040442
1.16026	0.0414005
1.1605	0.0404064
1.16075	0.0377215
1.16099	0.0364603
1.16123	0.0380864
1.16148	0.0402865
1.16172	0.0412982
1.16197	0.0433579
1.16221	0.0484449
1.16246	0.0528896
1.1627	0.0512012
1.16295	0.0447259
1.16319	0.0409385
1.16344	0.0429434
1.16368	0.0453588
1.16393	0.0434563
1.16417	0.0407996
1.16441	0.0430141
1.16466	0.048643
1.1649	0.0524545
1.16515	0.0543133
1.16539	0.0573007
1.16564	0.0593118
1.16588	0.0553429
1.16613	0.0479745
1.16637	0.0462028
1.16662	0.0518377
1.16686	0.0561032
1.16711	0.0534713
1.16735	0.0500694
1.16759	0.0527757
1.16784	0.0580671
1.16808	0.0592778
1.16833	0.0582194
1.16857	0.0605348
1.16882	0.0642856
1.16906	0.0631391
1.16931	0.0583365
1.16955	0.0576682
1.1698	0.0631365
1.17004	0.0686027
1.17028	0.0700325
1.17053	0.0699142
1.17077	0.0706068
1.17102	0.0710591
1.17126	0.0715916
1.17151	0.0746907
1.17175	0.0791895
1.172	0.0803769
1.17224	0.0778092
1.17249	0.076656
1.17273	0.0795045
1.17298	0.0832585
1.17322	0.085829
1.17346	0.0888569
1.17371	0.0916205
1.17395	0.0899118
1.1742	0.0843656
1.17444	0.0825145
1.17469	0.0881825
1.17493	0.0955479
1.17518	0.0984448
1.17542	0.0989467
1.17567	0.101266
1.17591	0.103576
1.17616	0.102731
1.1764	0.102036
1.17664	0.106828
1.17689	0.115462
1.17713	0.121384
1.17738	0.122016
1.17762	0.120008
1.17787	0.117877
1.17811	0.116646
1.17836	0.117754
1.1786	0.121277
1.17885	0.123994
1.17909	0.123548
1.17934	0.122613
1.17958	0.125018
1.17982	0.130181
1.18007	0.135379
1.18031	0.140631
1.18056	0.146763
1.1808	0.15141
1.18105	0.152066
1.18129	0.151325
1.18154	0.154329
1.18178	0.162066
1.18203	0.170686
1.18227	0.176115
1.18252	0.1769
1.18276	0.17492
1.183	0.175412
1.18325	0.182584
1.18349	0.192949
1.18374	0.197883
1.18398	0.195738
1.18423	0.195373
1.18447	0.203384
1.18472	0.214425
1.18496	0.220148
1.18521	0.221618
1.18545	0.225666
1.18569	0.233908
1.18594	0.242702
1.18618	0.24978
1.18643	0.254282
1.18667	0.254888
1.18692	0.254219
1.18716	0.25919
1.18741	0.270114
1.18765	0.276804
1.1879	0.273976
1.18814	0.272043
1.18839	0.28136
1.18863	0.294302
1.18887	0.29746
1.18912	0.294595
1.18936	0.300128
1.18961	0.314144
1.18985	0.322913
1.1901	0.323195
1.19034	0.326369
1.19059	0.336286
1.19083	0.342596
1.19108	0.34157
1.19132	0.345266
1.19157	0.361432
1.19181	0.379873
1.19205	0.38873
1.1923	0.391571
1.19254	0.398487
1.19279	0.411097
1.19303	0.425646
1.19328	0.441198
1.19352	0.456118
1.19377	0.465687
1.19401	0.471347
1.19426	0.482947
1.1945	0.503845
1.19475	0.523477
1.19499	0.533258
1.19523	0.539846
1.19548	0.552953
1.19572	0.569651
1.19597	0.581848
1.19621	0.590918
1.19646	0.602899
1.1967	0.615727
1.19695	0.623185
1.19719	0.626851
1.19744	0.633518
1.19768	0.644708
1.19792	0.657797
1.19817	0.672758
1.19841	0.689161
1.19866	0.702058
1.1989	0.709881
1.19915	0.720486
1.19939	0.73985
1.19964	0.761231
1.19988	0.775812
1.20013	0.787146
1.20037	0.803247
1.20062	0.821196
1.20086	0.833607
1.2011	0.8449
1.20135	0.865485
1.20159	0.892746
1.20184	0.913829
1.20208	0.926504
1.20233	0.941564
1.20257	0.963657
1.20282	0.985213
1.20306	1.00213
1.20331	1.02058
1.20355	1.04345
1.2038	1.0635
1.20404	1.07668
1.20428	1.0907
1.20453	1.11286
1.20477	1.13859
1.20502	1.15987
1.20526	1.17747
1.20551	1.19709
1.20575	1.21871
1.206	1.2371
1.20624	1.24977
1.20649	1.25866
1.20673	1.26629
1.20698	1.27439
1.20722	1.28464
1.20746	1.29759
1.20771	1.31188
1.20795	1.32556
1.2082	1.33706
1.20844	1.34547
1.20869	1.35231
1.20893	1.36201
1.20918	1.37743
1.20942	1.39591
1.20967	1.41291
1.20991	1.42766
1.21015	1.44207
1.2104	1.4573
1.21064	1.4758
1.21089	1.50213
1.21113	1.53593
1.21138	1.56836
1.21162	1.59309
1.21187	1.61626
1.21211	1.6469
1.21236	1.68242
1.2126	1.71402
1.21285	1.74244
1.21309	1.77533
1.21333	1.81164
1.21358	1.843
1.21382	1.86996
1.21407	1.90186
1.21431	1.93869
1.21456	1.96879
1.2148	1.98819
1.21505	2.00691
1.21529	2.03043
1.21554	2.0502
1.21578	2.06045
1.21603	2.06943
1.21627	2.08333
1.21651	2.0925
1.21676	2.08629
1.217	2.07101
1.21725	2.05924
1.21749	2.04961
1.21774	2.03211
1.21798	2.00751
1.21823	1.98589
1.21847	1.96824
1.21872	1.94441
1.21896	1.91084
1.21921	1.8779
1.21945	1.85566
1.21969	1.84107
1.21994	1.82386
1.22018	1.79945
1.22043	1.77221
1.22067	1.74865
1.22092	1.73027
1.22116	1.71296
1.22141	1.69318
1.22165	1.67373
1.2219	1.66035
1.22214	1.65291
1.22238	1.64512
1.22263	1.63424
1.22287	1.62494
1.22312	1.62066
1.22336	1.61829
1.22361	1.61578
1.22385	1.6179
1.2241	1.62776
1.22434	1.6385
1.22459	1.6414
1.22483	1.63815
1.22508	1.63712
1.22532	1.64049
1.22556	1.64296
1.22581	1.64162
1.22605	1.63975
1.2263	1.64082
1.22654	1.64401
1.22679	1.64571
1.22703	1.64184
1.22728	1.63021
1.22752	1.61374
1.22777	1.59886
1.22801	1.58773
1.22826	1.57554
1.2285	1.55888
1.22874	1.54179
1.22899	1.52892
1.22923	1.51791
1.22948	1.50464
1.22972	1.49126
1.22997	1.48192
1.23021	1.47456
1.23046	1.46464
1.2307	1.45404
1.23095	1.44828
1.23119	1.44709
1.23144	1.44497
1.23168	1.43988
1.23192	1.43456
1.23217	1.43087
1.23241	1.42916
1.23266	1.43165
1.2329	1.43976
1.23315	1.44989
1.23339	1.45802
1.23364	1.46629
1.23388	1.47836
1.23413	1.49104
1.23437	1.49805
1.23461	1.50041
1.23486	1.50482
1.2351	1.51275
1.23535	1.51936
1.23559	1.52263
1.23584	1.5255
1.23608	1.52851
1.23633	1.52874
1.23657	1.52691
1.23682	1.52834
1.23706	1.53483
1.23731	1.54145
1.23755	1.54268
1.23779	1.53647
1.23804	1.52258
1.23828	1.50285
1.23853	1.48295
1.23877	1.46762
1.23902	1.4541
1.23926	1.43617
1.23951	1.41387
1.23975	1.39273
1.24	1.37448
1.24024	1.35652
1.24049	1.33977
1.24073	1.32789
1.24097	1.31789
1.24122	1.30128
1.24146	1.27742
1.24171	1.25698
1.24195	1.24804
1.2422	1.24563
1.24244	1.23953
1.24269	1.22666
1.24293	1.2116
1.24318	1.19965
1.24342	1.19352
1.24367	1.19306
1.24391	1.19482
1.24415	1.19437
1.2444	1.19091
1.24464	1.18748
1.24489	1.18689
1.24513	1.19027
1.24538	1.19838
1.24562	1.20971
1.24587	1.21906
1.24611	1.22311
1.24636	1.22567
1.2466	1.23163
1.24684	1.23853
1.24709	1.24146
1.24733	1.24311
1.24758	1.24903
1.24782	1.25539
1.24807	1.2532
1.24831	1.2441
1.24856	1.239
1.2488	1.23916
1.24905	1.23216
1.24929	1.21109
1.24954	1.18548
1.24978	1.1672
1.25002	1.1564
1.25027	1.14741
1.25051	1.13832
1.25076	1.12794
1.251	1.11324
1.25125	1.09652
1.25149	1.08614
1.25174	1.08353
1.25198	1.07897
1.25223	1.0668
1.25247	1.05412
1.25272	1.04682
1.25296	1.03878
1.2532	1.0251
1.25345	1.01449
1.25369	1.01547
1.25394	1.01993
1.25418	1.015
1.25443	1.00367
1.25467	0.998179
1.25492	0.998574
1.25516	0.994366
1.25541	0.984108
1.25565	0.976869
1.2559	0.974847
1.25614	0.970215
1.25638	0.960501
1.25663	0.952585
1.25687	0.948816
1.25712	0.942651
1.25736	0.9319
1.25761	0.923868
1.25785	0.922341
1.2581	0.920398
1.25834	0.911689
1.25859	0.899362
1.25883	0.888211
1.25908	0.876792
1.25932	0.863405
1.25956	0.85184
1.25981	0.84421
1.26005	0.834558
1.2603	0.816947
1.26054	0.795134
1.26079	0.777226
1.26103	0.764098
1.26128	0.749819
1.26152	0.73155
1.26177	0.712628
1.26201	0.695977
1.26225	0.679765
1.2625	0.661409
1.26274	0.642827
1.26299	0.628773
1.26323	0.620071
1.26348	0.611227
1.26372	0.597443
1.26397	0.582458
1.26421	0.574197
1.26446	0.572045
1.2647	0.565706
1.26495	0.55048
1.26519	0.535749
1.26543	0.531028
1.26568	0.530909
1.26592	0.524261
1.26617	0.512428
1.26641	0.504857
1.26666	0.500417
1.2669	0.489428
1.26715	0.474291
1.26739	0.469901
1.26764	0.47841
1.26788	0.481444
1.26813	0.467317
1.26837	0.450141
1.26861	0.44802
1.26886	0.455206
1.2691	0.45337
1.26935	0.441755
1.26959	0.436175
1.26984	0.441205
1.27008	0.443701
1.27033	0.436477
1.27057	0.429976
1.27082	0.433147
1.27106	0.437892
1.27131	0.432901
1.27155	0.421557
1.27179	0.413954
1.27204	0.409023
1.27228	0.398312
1.27253	0.383679
1.27277	0.376876
1.27302	0.380462
1.27326	0.382025
1.27351	0.372334
1.27375	0.358715
1.274	0.35268
1.27424	0.352326
1.27448	0.347337
1.27473	0.336724
1.27497	0.329324
1.27522	0.327282
1.27546	0.321795
1.27571	0.309102
1.27595	0.298854
1.2762	0.298896
1.27644	0.301462
1.27669	0.295097
1.27693	0.28314
1.27718	0.277529
1.27742	0.278767
1.27766	0.276788
1.27791	0.270394
1.27815	0.269451
1.2784	0.274867
1.27864	0.273144
1.27889	0.25845
1.27913	0.244858
1.27938	0.24519
1.27962	0.250584
1.27987	0.245572
1.28011	0.233171
1.28036	0.227541
1.2806	0.228476
1.28084	0.223047
1.28109	0.210709
1.28133	0.206017
1.28158	0.212886
1.28182	0.215681
1.28207	0.204196
1.28231	0.190679
1.28256	0.190265
1.2828	0.197834
1.28305	0.198352
1.28329	0.19059
1.28354	0.185309
1.28378	0.185713
1.28402	0.184972
1.28427	0.180807
1.28451	0.178208
1.28476	0.177438
1.285	0.172423
1.28525	0.163255
1.28549	0.158543
1.28574	0.161595
1.28598	0.164561
1.28623	0.1611
1.28647	0.155782
1.28671	0.155058
1.28696	0.156725
1.2872	0.155205
1.28745	0.151104
1.28769	0.148233
1.28794	0.145709
1.28818	0.140462
1.28843	0.134475
1.28867	0.132297
1.28892	0.1331
1.28916	0.131864
1.28941	0.127572
1.28965	0.123992
1.28989	0.122425
1.29014	0.119571
1.29038	0.113547
1.29063	0.107098
1.29087	0.103367
1.29112	0.102357
1.29136	0.102884
1.29161	0.104535
1.29185	0.106173
1.2921	0.105445
1.29234	0.1014
1.29259	0.0956559
1.29283	0.090145
1.29307	0.0856872
1.29332	0.0831435
1.29356	0.0835617
1.29381	0.0863923
1.29405	0.0894519
1.2943	0.0909358
1.29454	0.089683
1.29479	0.0842839
1.29503	0.0752779
1.29528	0.0678937
1.29552	0.0680782
1.29577	0.0745764
1.29601	0.0793588
1.29625	0.0780307
1.2965	0.0752745
1.29674	0.0764745
1.29699	0.0783643
1.29723	0.073919
1.29748	0.0643431
1.29772	0.0591138
1.29797	0.0630517
1.29821	0.069473
1.29846	0.0695689
1.2987	0.0642507
1.29894	0.0617188
1.29919	0.0652389
1.29943	0.0689859
1.29968	0.0669772
1.29992	0.0613635
1.30017	0.0585475
1.30041	0.0598383
1.30066	0.0602959
1.3009	0.0564848
1.30115	0.0512718
1.30139	0.0494912
1.30164	0.0516971
1.30188	0.0543229
1.30212	0.0542818
1.30237	0.05141
1.30261	0.0476368
1.30286	0.0456595
1.3031	0.047421
1.30335	0.0518765
1.30359	0.0549524
1.30384	0.0536761
1.30408	0.0499926
1.30433	0.0486218
1.30457	0.051156
1.30482	0.0539351
1.30506	0.0522691
1.3053	0.0459428
1.30555	0.0400789
1.30579	0.0402447
1.30604	0.0462551
1.30628	0.0516388
1.30653	0.050894
1.30677	0.046223
1.30702	0.0438363
1.30726	0.0442843
1.30751	0.0419259
1.30775	0.0354045
1.308	0.0320044
1.30824	0.0369462
1.30848	0.0439772
1.30873	0.0435375
1.30897	0.0366768
1.30922	0.033031
1.30946	0.0367208
1.30971	0.0423053
1.30995	0.0445363
1.3102	0.0442209
1.31044	0.0432632
1.31069	0.0412281
1.31093	0.0389277
1.31117	0.0389101
1.31142	0.0401761
1.31166	0.0386983
1.31191	0.0352743
1.31215	0.0358398
1.3124	0.0409995
1.31264	0.0429463
1.31289	0.0376363
1.31313	0.0326778
1.31338	0.0362897
1.31362	0.0442724
1.31387	0.0460862
1.31411	0.0399305
1.31435	0.0332477
1.3146	0.0304601
1.31484	0.0289806
1.31509	0.0271435
1.31533	0.0275843
1.31558	0.030871
1.31582	0.0329356
1.31607	0.0321112
1.31631	0.0330015
1.31656	0.0391004
1.3168	0.0456954
1.31705	0.045266
1.31729	0.0379526
1.31753	0.031553
1.31778	0.0311458
1.31802	0.0333715
1.31827	0.032897
1.31851	0.0305874
1.31876	0.0312061
1.319	0.0350543
1.31925	0.0372903
1.31949	0.0358202
1.31974	0.0341079
1.31998	0.0339746
1.32023	0.0318113
1.32047	0.0264447
1.32071	0.0245242
1.32096	0.0306447
1.3212	0.0371805
1.32145	0.034103
1.32169	0.025974
1.32194	0.0268086
1.32218	0.037944
1.32243	0.0446713
1.32267	0.0386569
1.32292	0.0301006
1.32316	0.0302463
1.3234	0.0343062
1.32365	0.0324339
1.32389	0.0275258
1.32414	0.0290648
1.32438	0.0361537
1.32463	0.0402381
1.32487	0.0402179
1.32512	0.041248
1.32536	0.0416498
1.32561	0.0354926
1.32585	0.0272435
1.3261	0.028666
1.32634	0.0390029
1.32658	0.0428936
1.32683	0.0329226
1.32707	0.0210638
1.32732	0.0206081
1.32756	0.028164
1.32781	0.0325389
1.32805	0.0321019
1.3283	0.0327317
1.32854	0.0349356
1.32879	0.0341277
1.32903	0.0305918
1.32928	0.0291386
1.32952	0.0298839
1.32976	0.0280999
1.33001	0.0236095
1.33025	0.0225896
1.3305	0.0280213
1.33074	0.0344126
1.33099	0.0352181
1.33123	0.031542
1.33148	0.0297752
1.33172	0.0323172
1.33197	0.0343575
1.33221	0.0309327
1.33246	0.0248464
1.3327	0.0241043
1.33294	0.0308873
1.33319	0.0373412
1.33343	0.0360318
1.33368	0.0308199
1.33392	0.0307205
1.33417	0.0351671
1.33441	0.0348247
1.33466	0.0280052
1.3349	0.0253137
1.33515	0.0327014
1.33539	0.0401773
1.33564	0.0365372
1.33588	0.0273181
1.33612	0.0260779
1.33637	0.0326624
1.33661	0.0341194
1.33686	0.0264896
1.3371	0.021254
1.33735	0.0263747
1.33759	0.0337744
1.33784	0.0329818
1.33808	0.0271964
1.33833	0.0262885
1.33857	0.0305689
1.33881	0.0320214
1.33906	0.0283571
1.3393	0.0257428
1.33955	0.0279673
1.33979	0.0314603
1.34004	0.0323372
1.34028	0.0315699
1.34053	0.0313127
1.34077	0.0316041
1.34102	0.0325796
1.34126	0.0351702
1.34151	0.03774
1.34175	0.0365728
1.34199	0.0316976
1.34224	0.0280633
1.34248	0.0289253
1.34273	0.0322199
1.34297	0.0353924
1.34322	0.0388819
1.34346	0.0420504
1.34371	0.0410664
1.34395	0.0352577
1.3442	0.0307596
1.34444	0.0322244
1.34469	0.0349589
1.34493	0.0320043
1.34517	0.0259029
1.34542	0.0253163
1.34566	0.031238
1.34591	0.0354231
1.34615	0.0336251
1.3464	0.0317307
1.34664	0.0351916
1.34689	0.0398192
1.34713	0.0387661
1.34738	0.0335826
1.34762	0.0318162
1.34787	0.0359369
1.34811	0.0405259
1.34835	0.0401667
1.3486	0.0357291
1.34884	0.0319784
1.34909	0.0316035
1.34933	0.0329012
1.34958	0.032878
1.34982	0.0321209
1.35007	0.0350924
1.35031	0.0436338
1.35056	0.0517556
1.3508	0.0513851
1.35104	0.0435234
1.35129	0.0382534
1.35153	0.0415867
1.35178	0.0477939
1.35202	0.0486319
1.35227	0.0450412
1.35251	0.0439846
1.35276	0.0472557
1.353	0.0502725
1.35325	0.0505448
1.35349	0.050731
1.35374	0.0529782
1.35398	0.0556903
1.35422	0.0568882
1.35447	0.0564119
1.35471	0.0541765
1.35496	0.0505287
1.3552	0.0487391
1.35545	0.052062
1.35569	0.057044
1.35594	0.0553105
1.35618	0.0449551
1.35643	0.0351806
1.35667	0.0351926
1.35692	0.0422259
1.35716	0.046052
1.3574	0.0430263
1.35765	0.0392994
1.35789	0.0402448
1.35814	0.0432111
1.35838	0.0432317
1.35863	0.0408403
1.35887	0.040185
1.35912	0.0425081
1.35936	0.0456509
1.35961	0.0479914
1.35985	0.0487835
1.3601	0.0465829
1.36034	0.042237
1.36058	0.041679
1.36083	0.0490995
1.36107	0.0577894
1.36132	0.0561707
1.36156	0.0450031
1.36181	0.0392499
1.36205	0.0475336
1.3623	0.0589656
1.36254	0.0591454
1.36279	0.0513038
1.36303	0.0493418
1.36327	0.055226
1.36352	0.0584153
1.36376	0.0563287
1.36401	0.0586024
1.36425	0.0675095
1.3645	0.0706504
1.36474	0.0614857
1.36499	0.0528877
1.36523	0.0581837
1.36548	0.0696531
1.36572	0.0704339
1.36597	0.0606832
1.36621	0.0558835
1.36645	0.061847
1.3667	0.067351
1.36694	0.063386
1.36719	0.0558145
1.36743	0.0537589
1.36768	0.0561395
1.36792	0.0566376
1.36817	0.0547177
1.36841	0.0545309
1.36866	0.056989
1.3689	0.0590027
1.36915	0.0584919
1.36939	0.0557047
1.36963	0.0509805
1.36988	0.0448789
1.37012	0.0399602
1.37037	0.039554
1.37061	0.0442571
1.37086	0.0507227
1.3711	0.0542198
1.37135	0.0523997
1.37159	0.0469632
1.37184	0.0416512
1.37208	0.03867
1.37233	0.0378433
1.37257	0.0388252
1.37281	0.0417142
1.37306	0.0448644
1.3733	0.0451931
1.37355	0.0425279
1.37379	0.0408042
1.37404	0.0426412
1.37428	0.045536
1.37453	0.0460688
1.37477	0.0448653
1.37502	0.0442044
1.37526	0.0437272
1.3755	0.042346
1.37575	0.041659
1.37599	0.0432905
1.37624	0.0452561
1.37648	0.0452494
1.37673	0.0451232
1.37697	0.0475614
1.37722	0.0507034
1.37746	0.0509961
1.37771	0.0491877
1.37795	0.0483416
1.3782	0.0481047
1.37844	0.0464758
1.37868	0.0451132
1.37893	0.0467994
1.37917	0.0494207
1.37942	0.0489008
1.37966	0.0464731
1.37991	0.046115
1.38015	0.0462145
1.3804	0.041729
1.38064	0.0341917
1.38089	0.0311328
1.38113	0.0346858
1.38138	0.038872
1.38162	0.0397496
1.38186	0.0401172
1.38211	0.0417231
1.38235	0.0409768
1.3826	0.0362895
1.38284	0.0325461
1.38309	0.0335589
1.38333	0.0358496
1.38358	0.0345704
1.38382	0.0307122
1.38407	0.0280125
1.38431	0.0270933
1.38456	0.0269853
1.3848	0.0285824
1.38504	0.032375
1.38529	0.0359473
1.38553	0.0372946
1.38578	0.0376182
1.38602	0.0380067
1.38627	0.0370731
1.38651	0.0348766
1.38676	0.0349844
1.387	0.0387506
1.38725	0.0414038
1.38749	0.0383678
1.38773	0.032605
1.38798	0.031117
1.38822	0.0360413
1.38847	0.0430717
1.38871	0.0472094
1.38896	0.0468825
1.3892	0.0439318
1.38945	0.0421663
1.38969	0.0442296
1.38994	0.0478232
1.39018	0.0475073
1.39043	0.0423531
1.39067	0.038414
1.39091	0.0405537
1.39116	0.0453701
1.3914	0.046451
1.39165	0.04367
1.39189	0.0421824
1.39214	0.0441395
1.39238	0.0469334
1.39263	0.048907
1.39287	0.0510554
1.39312	0.0523157
1.39336	0.0487853
1.39361	0.0403977
1.39385	0.0342374
1.39409	0.0369388
1.39434	0.0455474
1.39458	0.0503098
1.39483	0.046785
1.39507	0.0411257
1.39532	0.0412311
1.39556	0.0461153
1.39581	0.0483772
1.39605	0.0455593
1.3963	0.0431122
1.39654	0.0450196
1.39679	0.0476282
1.39703	0.0465362
1.39727	0.0445261
1.39752	0.046975
1.39776	0.0527496
1.39801	0.0561986
1.39825	0.0566276
1.3985	0.0592365
1.39874	0.066853
1.39899	0.0767427
1.39923	0.0861578
1.39948	0.0955347
1.39972	0.105185
1.39996	0.113861
1.40021	0.122003
1.40045	0.13223
1.4007	0.145339
1.40094	0.159064
1.40119	0.170891
1.40143	0.178907
1.40168	0.181189
1.40192	0.178663
1.40217	0.176453
1.40241	0.176704
1.40266	0.172707
1.4029	0.158004
1.40314	0.139127
1.40339	0.129045
1.40363	0.128197
1.40388	0.123936
1.40412	0.111059
1.40437	0.100115
1.40461	0.0997274
1.40486	0.103011
1.4051	0.100482
1.40535	0.0961894
1.40559	0.0994454
1.40584	0.107427
1.40608	0.108616
1.40632	0.100568
1.40657	0.0928954
1.40681	0.0930112
1.40706	0.0983122
1.4073	0.103257
1.40755	0.106376
1.40779	0.1085
1.40804	0.109897
1.40828	0.111267
1.40853	0.113941
1.40877	0.118163
1.40902	0.123653
1.40926	0.131423
1.4095	0.142476
1.40975	0.155585
1.40999	0.168878
1.41024	0.182668
1.41048	0.19884
1.41073	0.218835
1.41097	0.243316
1.41122	0.27136
1.41146	0.299361
1.41171	0.324951
1.41195	0.353034
1.41219	0.391816
1.41244	0.43972
1.41268	0.482482
1.41293	0.508105
1.41317	0.519281
1.41342	0.5256
1.41366	0.52864
1.41391	0.521407
1.41415	0.49889
1.4144	0.463147
1.41464	0.421257
1.41489	0.383258
1.41513	0.357504
1.41537	0.341921
1.41562	0.324546
1.41586	0.299295
1.41611	0.275795
1.41635	0.26566
1.4166	0.265025
1.41684	0.261558
1.41709	0.254216
1.41733	0.252572
1.41758	0.257622
1.41782	0.257684
1.41807	0.246638
1.41831	0.233866
1.41855	0.230042
1.4188	0.232449
1.41904	0.23153
1.41929	0.225246
1.41953	0.21941
1.41978	0.217543
1.42002	0.217184
1.42027	0.215284
1.42051	0.212823
1.42076	0.213814
1.421	0.221436
1.42125	0.234979
1.42149	0.250628
1.42173	0.26637
1.42198	0.285036
1.42222	0.310167
1.42247	0.340222
1.42271	0.370337
1.42296	0.398872
1.4232	0.428376
1.42345	0.460494
1.42369	0.493781
1.42394	0.526493
1.42418	0.558197
1.42443	0.588813
1.42467	0.618759
1.42491	0.648892
1.42516	0.67737
1.4254	0.698298
1.42565	0.706859
1.42589	0.703887
1.42614	0.692436
1.42638	0.673318
1.42663	0.648015
1.42687	0.621351
1.42712	0.595447
1.42736	0.565827
1.4276	0.530904
1.42785	0.500189
1.42809	0.483077
1.42834	0.473411
1.42858	0.457295
1.42883	0.434277
1.42907	0.417086
1.42932	0.409747
1.42956	0.400715
1.42981	0.38199
1.43005	0.36096
1.4303	0.345754
1.43054	0.331037
1.43078	0.308625
1.43103	0.283212
1.43127	0.265926
1.43152	0.257311
1.43176	0.247676
1.43201	0.232476
1.43225	0.218216
1.4325	0.212737
1.43274	0.216064
1.43299	0.222161
1.43323	0.226135
1.43348	0.228788
1.43372	0.235049
1.43396	0.247327
1.43421	0.261245
1.43445	0.271096
1.4347	0.278358
1.43494	0.289261
1.43519	0.304206
1.43543	0.317091
1.43568	0.326603
1.43592	0.33981
1.43617	0.360996
1.43641	0.384999
1.43666	0.406642
1.4369	0.429448
1.43714	0.458818
1.43739	0.492743
1.43763	0.525559
1.43788	0.555379
1.43812	0.581227
1.43837	0.597905
1.43861	0.600717
1.43886	0.591586
1.4391	0.574551
1.43935	0.549321
1.43959	0.515235
1.43983	0.477294
1.44008	0.441728
1.44032	0.40906
1.44057	0.377328
1.44081	0.348186
1.44106	0.323792
1.4413	0.301764
1.44155	0.279433
1.44179	0.259072
1.44204	0.242915
1.44228	0.227753
1.44253	0.210874
1.44277	0.19617
1.44301	0.187124
1.44326	0.179249
1.4435	0.167544
1.44375	0.155662
1.44399	0.148516
1.44424	0.141974
1.44448	0.13095
1.44473	0.121935
1.44497	0.12398
1.44522	0.131142
1.44546	0.128983
1.44571	0.117217
1.44595	0.110454
1.44619	0.115331
1.44644	0.12215
1.44668	0.122681
1.44693	0.121757
1.44717	0.125516
1.44742	0.1308
1.44766	0.133334
1.44791	0.136086
1.44815	0.142592
1.4484	0.150748
1.44864	0.159355
1.44889	0.172445
1.44913	0.19131
1.44937	0.21031
1.44962	0.225962
1.44986	0.241649
1.45011	0.25788
1.45035	0.267234
1.4506	0.265709
1.45084	0.25992
1.45109	0.255399
1.45133	0.246762
1.45158	0.22845
1.45182	0.206734
1.45206	0.190555
1.45231	0.177434
1.45255	0.159866
1.4528	0.140327
1.45304	0.127942
1.45329	0.123474
1.45353	0.119228
1.45378	0.112291
1.45402	0.106998
1.45427	0.10445
1.45451	0.099729
1.45476	0.0910917
1.455	0.0837166
1.45524	0.0819559
1.45549	0.0836208
1.45573	0.0837604
1.45598	0.080382
1.45622	0.0759916
1.45647	0.0757965
1.45671	0.0824545
1.45696	0.0905081
1.4572	0.0904782
1.45745	0.081904
1.45769	0.0760855
1.45794	0.0805201
1.45818	0.0878942
1.45842	0.0884055
1.45867	0.0854829
1.45891	0.0881846
1.45916	0.0940171
1.4594	0.0929897
1.45965	0.0857108
1.45989	0.0830885
1.46014	0.0880975
1.46038	0.0914924
1.46063	0.087541
1.46087	0.0816497
1.46112	0.0794379
1.46136	0.0794428
1.4616	0.0799151
1.46185	0.0825115
1.46209	0.085982
1.46234	0.0858967
1.46258	0.0832826
1.46283	0.0836184
1.46307	0.0853354
1.46332	0.0808784
1.46356	0.0717662
1.46381	0.0694846
1.46405	0.0769483
1.46429	0.0828516
1.46454	0.0809119
1.46478	0.0806811
1.46503	0.0903321
1.46527	0.102243
1.46552	0.106951
1.46576	0.109126
1.46601	0.11631
1.46625	0.122578
1.4665	0.118758
1.46674	0.110577
1.46699	0.110073
1.46723	0.114715
1.46747	0.11218
1.46772	0.102663
1.46796	0.098847
1.46821	0.103899
1.46845	0.106539
1.4687	0.101049
1.46894	0.0967823
1.46919	0.101984
1.46943	0.110535
1.46968	0.112009
1.46992	0.106128
1.47017	0.100608
1.47041	0.100759
1.47065	0.106257
1.4709	0.113649
1.47114	0.118773
1.47139	0.120486
1.47163	0.122962
1.47188	0.130051
1.47212	0.138492
1.47237	0.143149
1.47261	0.147303
1.47286	0.15875
1.4731	0.176012
1.47335	0.188589
1.47359	0.192284
1.47383	0.193813
1.47408	0.197477
1.47432	0.198188
1.47457	0.192313
1.47481	0.185391
1.47506	0.183182
1.4753	0.18403
1.47555	0.18632
1.47579	0.194892
1.47604	0.212893
1.47628	0.23489
1.47652	0.255732
1.47677	0.279727
1.47701	0.313938
1.47726	0.358892
1.4775	0.412644
1.47775	0.475506
1.47799	0.540592
1.47824	0.586913
1.47848	0.595267
1.47873	0.569588
1.47897	0.533054
1.47922	0.50531
1.47946	0.491903
1.4797	0.491286
1.47995	0.498645
1.48019	0.502542
1.48044	0.490604
1.48068	0.463458
1.48093	0.43607
1.48117	0.423145
1.48142	0.429024
1.48166	0.451449
1.48191	0.486395
1.48215	0.527775
1.4824	0.570514
1.48264	0.61574
1.48288	0.665245
1.48313	0.71027
1.48337	0.736495
1.48362	0.743911
1.48386	0.751361
1.48411	0.774819
1.48435	0.80857
1.4846	0.83361
1.48484	0.837036
1.48509	0.817041
1.48533	0.777499
1.48558	0.727597
1.48582	0.681514
1.48606	0.648772
1.48631	0.627382
1.48655	0.613007
1.4868	0.609233
1.48704	0.620317
1.48729	0.640629
1.48753	0.663543
1.48778	0.695855
1.48802	0.749541
1.48827	0.825097
1.48851	0.92367
1.48875	1.07277
1.489	1.3057
1.48924	1.59414
1.48949	1.8238
1.48973	1.87288
1.48998	1.72045
1.49022	1.46148
1.49047	1.2163
1.49071	1.04229
1.49096	0.929864
1.4912	0.851237
1.49145	0.790795
1.49169	0.742288
1.49193	0.702349
1.49218	0.671132
1.49242	0.649514
1.49267	0.635319
1.49291	0.62859
1.49316	0.636931
1.4934	0.667002
1.49365	0.713111
1.49389	0.761902
1.49414	0.804526
1.49438	0.835245
1.49463	0.843683
1.49487	0.823399
1.49511	0.787775
1.49536	0.761806
1.4956	0.753685
1.49585	0.747096
1.49609	0.725902
1.49634	0.692388
1.49658	0.654071
1.49683	0.608018
1.49707	0.551782
1.49732	0.498525
1.49756	0.464676
1.49781	0.448834
1.49805	0.439103
1.49829	0.436949
1.49854	0.455079
1.49878	0.490888
1.49903	0.520666
1.49927	0.527338
1.49952	0.520447
1.49976	0.52108
1.50001	0.538416
1.50025	0.568931
1.5005	0.606284
1.50074	0.639035
1.50099	0.646725
1.50123	0.614278
1.50147	0.550533
1.50172	0.481967
1.50196	0.427112
1.50221	0.384889
1.50245	0.347149
1.5027	0.312343
1.50294	0.283823
1.50319	0.262914
1.50343	0.248641
1.50368	0.239651
1.50392	0.233031
1.50416	0.225587
1.50441	0.219324
1.50465	0.220993
1.5049	0.232227
1.50514	0.244155
1.50539	0.246592
1.50563	0.239502
1.50588	0.230141
1.50612	0.221282
1.50637	0.20896
1.50661	0.191892
1.50686	0.17645
1.5071	0.169267
1.50734	0.168901
1.50759	0.168157
1.50783	0.162601
1.50808	0.154309
1.50832	0.14862
1.50857	0.148934
1.50881	0.153425
1.50906	0.15603
1.5093	0.15263
1.50955	0.146698
1.50979	0.14539
1.51004	0.149003
1.51028	0.149597
1.51052	0.143409
1.51077	0.138579
1.51101	0.143753
1.51126	0.153773
1.5115	0.156569
1.51175	0.152324
1.51199	0.153988
1.51224	0.166689
1.51248	0.178612
1.51273	0.178331
1.51297	0.170841
1.51322	0.167606
1.51346	0.168984
1.5137	0.167464
1.51395	0.162551
1.51419	0.160037
1.51444	0.159419
1.51468	0.154876
1.51493	0.148349
1.51517	0.148588
1.51542	0.154972
1.51566	0.155089
1.51591	0.143642
1.51615	0.132372
1.51639	0.133475
1.51664	0.142274
1.51688	0.14564
1.51713	0.141002
1.51737	0.137032
1.51762	0.139417
1.51786	0.145746
1.51811	0.152768
1.51835	0.159733
1.5186	0.164453
1.51884	0.163909
1.51909	0.160385
1.51933	0.16098
1.51957	0.168681
1.51982	0.177881
1.52006	0.180838
1.52031	0.176287
1.52055	0.170509
1.5208	0.171003
1.52104	0.179024
1.52129	0.188087
1.52153	0.191528
1.52178	0.191236
1.52202	0.194528
1.52227	0.201734
1.52251	0.204123
1.52275	0.198178
1.523	0.193925
1.52324	0.201178
1.52349	0.214034
1.52373	0.219706
1.52398	0.218647
1.52422	0.223213
1.52447	0.237213
1.52471	0.249892
1.52496	0.25287
1.5252	0.251129
1.52545	0.252389
1.52569	0.256204
1.52593	0.260135
1.52618	0.267487
1.52642	0.280451
1.52667	0.292111
1.52691	0.294331
1.52716	0.289888
1.5274	0.288962
1.52765	0.295844
1.52789	0.305733
1.52814	0.31289
1.52838	0.315982
1.52862	0.316554
1.52887	0.317586
1.52911	0.322828
1.52936	0.333113
1.5296	0.344051
1.52985	0.351093
1.53009	0.355845
1.53034	0.363747
1.53058	0.37665
1.53083	0.391346
1.53107	0.40462
1.53132	0.416463
1.53156	0.428823
1.5318	0.443847
1.53205	0.46282
1.53229	0.48471
1.53254	0.506385
1.53278	0.525545
1.53303	0.542389
1.53327	0.558045
1.53352	0.5736
1.53376	0.590785
1.53401	0.610094
1.53425	0.62795
1.5345	0.640337
1.53474	0.649907
1.53498	0.663605
1.53523	0.681666
1.53547	0.695822
1.53572	0.701398
1.53596	0.703972
1.53621	0.709907
1.53645	0.717805
1.5367	0.724883
1.53694	0.73431
1.53719	0.748982
1.53743	0.764419
1.53768	0.775705
1.53792	0.786137
1.53816	0.801506
1.53841	0.821246
1.53865	0.842715
1.5389	0.867954
1.53914	0.898061
1.53939	0.928005
1.53963	0.956533
1.53988	0.993332
1.54012	1.04454
1.54037	1.09888
1.54061	1.14246
1.54085	1.1802
1.5411	1.22625
1.54134	1.27904
1.54159	1.3255
1.54183	1.36654
1.54208	1.41661
1.54232	1.47775
1.54257	1.53694
1.54281	1.59271
1.54306	1.66146
1.5433	1.75029
1.54355	1.84646
1.54379	1.9436
1.54403	2.05568
1.54428	2.18992
1.54452	2.32604
1.54477	2.44093
1.54501	2.53786
1.54526	2.63197
1.5455	2.72069
1.54575	2.78968
1.54599	2.83823
1.54624	2.87706
1.54648	2.90709
1.54673	2.92049
1.54697	2.9184
1.54721	2.90894
1.54746	2.89166
1.5477	2.86321
1.54795	2.8355
1.54819	2.82887
1.54844	2.84732
1.54868	2.87817
1.54893	2.91608
1.54917	2.96889
1.54942	3.03878
1.54966	3.11624
1.54991	3.1968
1.55015	3.2861
1.55039	3.38345
1.55064	3.47678
1.55088	3.56016
1.55113	3.64078
1.55137	3.72185
1.55162	3.79314
1.55186	3.84676
1.55211	3.88834
1.55235	3.92341
1.5526	3.94516
1.55284	3.94663
1.55308	3.93515
1.55333	3.92382
1.55357	3.91671
1.55382	3.91192
1.55406	3.91245
1.55431	3.92492
1.55455	3.95378
1.5548	4.00481
1.55504	4.08846
1.55529	4.21233
1.55553	4.3758
1.55578	4.57819
1.55602	4.82356
1.55626	5.1079
1.55651	5.4069
1.55675	5.68525
1.557	5.9147
1.55724	6.07823
1.55749	6.16585
1.55773	6.17788
1.55798	6.12857
1.55822	6.03657
1.55847	5.91203
1.55871	5.75713
1.55896	5.57291
1.5592	5.35955
1.55944	5.11815
1.55969	4.86259
1.55993	4.62317
1.56018	4.42589
1.56042	4.27155
1.56067	4.14578
1.56091	4.04436
1.56116	3.97454
1.5614	3.93419
1.56165	3.90687
1.56189	3.88138
1.56214	3.8623
1.56238	3.85503
1.56262	3.85144
1.56287	3.83843
1.56311	3.81338
1.56336	3.78307
1.5636	3.75081
1.56385	3.71121
1.56409	3.65675
1.56434	3.58565
1.56458	3.50332
1.56483	3.41652
1.56507	3.32614
1.56531	3.22833
1.56556	3.12464
1.5658	3.02665
1.56605	2.94477
1.56629	2.87646
1.56654	2.81334
1.56678	2.75721
1.56703	2.71882
1.56727	2.70153
1.56752	2.69683
1.56776	2.69781
1.56801	2.70695
1.56825	2.7266
1.56849	2.75108
1.56874	2.7723
1.56898	2.785
1.56923	2.78216
1.56947	2.75466
1.56972	2.70159
1.56996	2.63348
1.57021	2.55889
1.57045	2.47525
1.5707	2.37925
1.57094	2.27747
1.57119	2.17761
1.57143	2.07642
1.57167	1.96752
1.57192	1.8567
1.57216	1.75811
1.57241	1.67729
1.57265	1.60778
1.5729	1.54268
1.57314	1.4801
1.57339	1.4189
1.57363	1.35908
1.57388	1.3059
1.57412	1.26354
1.57437	1.22516
1.57461	1.17989
1.57485	1.1294
1.5751	1.08572
1.57534	1.05146
1.57559	1.01548
1.57583	0.972288
1.57608	0.932065
1.57632	0.903989
1.57657	0.881674
1.57681	0.855027
1.57706	0.826598
1.5773	0.804718
1.57754	0.788055
1.57779	0.769365
1.57803	0.749398
1.57828	0.734609
1.57852	0.724281
1.57877	0.711994
1.57901	0.698192
1.57926	0.689387
1.5795	0.685275
1.57975	0.678214
1.57999	0.666381
1.58024	0.656368
1.58048	0.650807
1.58072	0.644201
1.58097	0.633941
1.58121	0.624858
1.58146	0.618572
1.5817	0.608494
1.58195	0.591286
1.58219	0.57438
1.58244	0.565171
1.58268	0.56
1.58293	0.551075
1.58317	0.538088
1.58342	0.525477
1.58366	0.513206
1.5839	0.497952
1.58415	0.48006
1.58439	0.462826
1.58464	0.4479
1.58488	0.436624
1.58513	0.431731
1.58537	0.431821
1.58562	0.428838
1.58586	0.418107
1.58611	0.406559
1.58635	0.40304
1.5866	0.404244
1.58684	0.399734
1.58708	0.388692
1.58733	0.381306
1.58757	0.383048
1.58782	0.387067
1.58806	0.384627
1.58831	0.375637
1.58855	0.365965
1.5888	0.360087
1.58904	0.358868
1.58929	0.359818
1.58953	0.357748
1.58978	0.349284
1.59002	0.337464
1.59026	0.327741
1.59051	0.320103
1.59075	0.310806
1.591	0.300985
1.59124	0.295838
1.59149	0.294511
1.59173	0.289363
1.59198	0.278017
1.59222	0.268034
1.59247	0.265592
1.59271	0.267235
1.59295	0.268065
1.5932	0.270723
1.59344	0.279356
1.59369	0.290993
1.59393	0.301354
1.59418	0.314437
1.59442	0.336434
1.59467	0.362287
1.59491	0.378668
1.59516	0.381054
1.5954	0.378246
1.59565	0.377029
1.59589	0.371422
1.59613	0.35328
1.59638	0.326973
1.59662	0.305117
1.59687	0.292245
1.59711	0.280981
1.59736	0.264955
1.5976	0.24813
1.59785	0.237869
1.59809	0.233904
1.59834	0.229377
1.59858	0.220757
1.59883	0.21199
1.59907	0.208913
1.59931	0.212633
1.59956	0.2185
1.5998	0.219663
1.60005	0.212816
1.60029	0.202841
1.60054	0.199691
1.60078	0.20683
1.60103	0.215103
1.60127	0.213797
1.60152	0.206012
1.60176	0.204881
1.60201	0.214339
1.60225	0.223678
1.60249	0.225126
1.60274	0.226776
1.60298	0.240192
1.60323	0.262714
1.60347	0.282096
1.60372	0.294334
1.60396	0.306235
1.60421	0.321633
1.60445	0.33491
1.6047	0.339628
1.60494	0.336579
1.60518	0.33199
1.60543	0.333036
1.60567	0.345172
1.60592	0.368362
1.60616	0.395675
1.60641	0.420347
1.60665	0.443607
1.6069	0.470888
1.60714	0.50217
1.60739	0.532152
1.60763	0.558063
1.60788	0.579984
1.60812	0.594629
1.60836	0.59703
1.60861	0.588553
1.60885	0.575509
1.6091	0.559473
1.60934	0.536855
1.60959	0.508479
1.60983	0.480881
1.61008	0.456816
1.61032	0.433327
1.61057	0.410964
1.61081	0.395149
1.61106	0.38488
1.6113	0.369963
1.61154	0.345265
1.61179	0.319588
1.61203	0.303798
1.61228	0.296502
1.61252	0.288177
1.61277	0.274567
1.61301	0.259587
1.61326	0.248412
1.6135	0.243113
1.61375	0.24288
1.61399	0.244948
1.61424	0.247346
1.61448	0.252075
1.61472	0.262083
1.61497	0.275134
1.61521	0.286767
1.61546	0.299593
1.6157	0.321099
1.61595	0.349957
1.61619	0.373823
1.61644	0.384832
1.61668	0.388131
1.61693	0.389997
1.61717	0.387646
1.61741	0.378543
1.61766	0.37071
1.6179	0.373786
1.61815	0.386319
1.61839	0.401621
1.61864	0.420673
1.61888	0.449228
1.61913	0.486626
1.61937	0.527656
1.61962	0.571992
1.61986	0.621336
1.62011	0.669362
1.62035	0.704748
1.62059	0.723839
1.62084	0.731829
1.62108	0.732103
1.62133	0.722559
1.62157	0.701895
1.62182	0.671706
1.62206	0.632937
1.62231	0.587892
1.62255	0.544963
1.6228	0.512992
1.62304	0.490746
1.62329	0.469849
1.62353	0.448154
1.62377	0.431475
1.62402	0.420967
1.62426	0.408136
1.62451	0.386029
1.62475	0.357984
1.625	0.33104
1.62524	0.306918
1.62549	0.284325
1.62573	0.265193
1.62598	0.252688
1.62622	0.245172
1.62647	0.237087
1.62671	0.225838
1.62695	0.215052
1.6272	0.210449
1.62744	0.213515
1.62769	0.219842
1.62793	0.224022
1.62818	0.225837
1.62842	0.230059
1.62867	0.239916
1.62891	0.253341
1.62916	0.26683
1.6294	0.279755
1.62964	0.292215
1.62989	0.30137
1.63013	0.303521
1.63038	0.298749
1.63062	0.291108
1.63087	0.285451
1.63111	0.285471
1.63136	0.292796
1.6316	0.306506
1.63185	0.325491
1.63209	0.351368
1.63234	0.385383
1.63258	0.422513
1.63282	0.454237
1.63307	0.477862
1.63331	0.496339
1.63356	0.507913
1.6338	0.505173
1.63405	0.487651
1.63429	0.46521
1.63454	0.443508
1.63478	0.416758
1.63503	0.382534
1.63527	0.352386
1.63552	0.336597
1.63576	0.328086
1.636	0.314626
1.63625	0.298592
1.63649	0.289205
1.63674	0.281836
1.63698	0.263073
1.63723	0.233813
1.63747	0.209433
1.63772	0.196467
1.63796	0.185709
1.63821	0.170595
1.63845	0.156406
1.6387	0.147265
1.63894	0.138783
1.63918	0.128926
1.63943	0.122906
1.63967	0.12157
1.63992	0.117317
1.64016	0.107576
1.64041	0.100641
1.64065	0.101746
1.6409	0.10449
1.64114	0.102671
1.64139	0.0997002
1.64163	0.0992389
1.64187	0.0974304
1.64212	0.0924618
1.64236	0.0913958
1.64261	0.0985168
1.64285	0.106379
1.6431	0.107811
1.64334	0.107711
1.64359	0.112896
1.64383	0.119228
1.64408	0.120563
1.64432	0.122768
1.64457	0.135495
1.64481	0.155338
1.64505	0.170835
1.6453	0.18101
1.64554	0.195065
1.64579	0.21425
1.64603	0.227389
1.64628	0.226661
1.64652	0.216647
1.64677	0.204159
1.64701	0.188749
1.64726	0.168563
1.6475	0.148268
1.64775	0.134449
1.64799	0.126588
1.64823	0.118416
1.64848	0.107327
1.64872	0.0979091
1.64897	0.0946435
1.64921	0.0940566
1.64946	0.0883417
1.6497	0.0772332
1.64995	0.0708717
1.65019	0.0760868
1.65044	0.0844439
1.65068	0.0825456
1.65093	0.0720595
1.65117	0.0679468
1.65141	0.0753686
1.65166	0.0815582
1.6519	0.0766355
1.65215	0.0695196
1.65239	0.0724457
1.65264	0.0800652
1.65288	0.0780627
1.65313	0.0662916
1.65337	0.0581071
1.65362	0.0589641
1.65386	0.0604826
1.6541	0.0566886
1.65435	0.0525644
1.65459	0.0528829
1.65484	0.0541458
1.65508	0.0528187
1.65533	0.052204
1.65557	0.0551586
1.65582	0.0575069
1.65606	0.0550001
1.65631	0.0510175
1.65655	0.0509626
1.6568	0.0533006
1.65704	0.0525768
1.65728	0.04861
1.65753	0.0465061
1.65777	0.0484896
1.65802	0.0510259
1.65826	0.0506258
1.65851	0.0485132
1.65875	0.0479465
1.659	0.0493752
1.65924	0.0504527
1.65949	0.0501052
1.65973	0.0502421
1.65998	0.0522908
1.66022	0.0538508
1.66046	0.0517925
1.66071	0.0483538
1.66095	0.0499682
1.6612	0.0580511
1.66144	0.0649046
1.66169	0.0627323
1.66193	0.0541442
1.66218	0.0489238
1.66242	0.0514725
1.66267	0.0564429
1.66291	0.0570402
1.66316	0.0528921
1.6634	0.0479843
1.66364	0.0445706
1.66389	0.0421743
1.66413	0.0409077
1.66438	0.0425731
1.66462	0.0476229
1.66487	0.0525116
1.66511	0.052176
1.66536	0.0461408
1.6656	0.0404858
1.66585	0.0411699
1.66609	0.0461434
1.66634	0.0476087
1.66658	0.0423179
1.66682	0.0354398
1.66707	0.0328368
1.66731	0.0338943
1.66756	0.0346521
1.6678	0.0341568
1.66805	0.0342373
1.66829	0.0357999
1.66854	0.0384198
1.66878	0.04116
1.66903	0.041563
1.66927	0.0372548
1.66951	0.0309806
1.66976	0.029633
1.67	0.0348876
1.67025	0.0393917
1.67049	0.0365587
1.67074	0.0295024
1.67098	0.025308
1.67123	0.0252503
1.67147	0.0267645
1.67172	0.0303725
1.67196	0.0370599
1.67221	0.0423616
1.67245	0.0412386
1.67269	0.0364691
1.67294	0.0343849
1.67318	0.0347826
1.67343	0.0335535
1.67367	0.032759
1.67392	0.0377836
1.67416	0.0452898
1.67441	0.0451529
1.67465	0.0359633
1.6749	0.0283093
1.67514	0.0296418
1.67539	0.0351927
1.67563	0.0375223
1.67587	0.0363118
1.67612	0.0341681
1.67636	0.030683
1.67661	0.0260368
1.67685	0.0241058
1.6771	0.0268952
1.67734	0.031038
1.67759	0.0335013
1.67783	0.0351022
1.67808	0.0353861
1.67832	0.0312589
1.67857	0.0247285
1.67881	0.0240287
1.67905	0.0312387
1.6793	0.0364141
1.67954	0.0312648
1.67979	0.0218599
1.68003	0.0193148
1.68028	0.0236024
1.68052	0.0261517
1.68077	0.0242758
1.68101	0.0227199
1.68126	0.0232242
1.6815	0.0229118
1.68174	0.0224554
1.68199	0.0258198
1.68223	0.0309242
1.68248	0.0301962
1.68272	0.0230611
1.68297	0.018982
1.68321	0.0236177
1.68346	0.0295662
1.6837	0.0271394
1.68395	0.0189454
1.68419	0.0162061
1.68444	0.0228936
1.68468	0.0309376
1.68492	0.031905
1.68517	0.0272831
1.68541	0.0240692
1.68566	0.0242923
1.6859	0.0238655
1.68615	0.0206399
1.68639	0.0182277
1.68664	0.0200831
1.68688	0.024016
1.68713	0.0258752
1.68737	0.0254782
1.68762	0.0246229
1.68786	0.0220313
1.6881	0.0161615
1.68835	0.0114203
1.68859	0.0141951
1.68884	0.0222135
1.68908	0.0255529
1.68933	0.0205928
1.68957	0.01553
1.68982	0.0181377
1.69006	0.0249386
1.69031	0.027736
1.69055	0.0249892
1.6908	0.0207907
1.69104	0.0176128
1.69128	0.0162347
1.69153	0.018324
1.69177	0.0227585
1.69202	0.0237833
1.69226	0.0194469
1.69251	0.0170348
1.69275	0.0223704
1.693	0.0286434
1.69324	0.0256521
1.69349	0.016464
1.69373	0.0134844
1.69397	0.0194505
1.69422	0.0242843
1.69446	0.0215764
1.69471	0.0164609
1.69495	0.014369
1.6952	0.012941
1.69544	0.00967809
1.69569	0.00819502
1.69593	0.0113735
1.69618	0.0158786
1.69642	0.0184729
1.69667	0.020749
1.69691	0.023044
1.69715	0.02114
1.6974	0.0144503
1.69764	0.0103734
1.69789	0.0142329
1.69813	0.021057
1.69838	0.0235712
1.69862	0.0224237
1.69887	0.0219246
1.69911	0.0214187
1.69936	0.0181558
1.6996	0.01381
1.69985	0.0109637
1.70009	0.00786562
1.70033	0.00377052
1.70058	0.00399331
1.70082	0.0112004
1.70107	0.0171401
1.70131	0.0133576
1.70156	0.00575079
1.7018	0.00659828
1.70205	0.0148419
1.70229	0.017732
1.70254	0.0119951
1.70278	0.00905504
1.70303	0.0155175
1.70327	0.0216521
1.70351	0.0165929
1.70376	0.00498917
1.704	-0.000215092
1.70425	0.00492942
1.70449	0.0134931
1.70474	0.0186536
1.70498	0.0190715
1.70523	0.0160048
1.70547	0.0117162
1.70572	0.00973137
1.70596	0.0118939
1.7062	0.0157112
1.70645	0.017483
1.70669	0.0166516
1.70694	0.0148879
1.70718	0.0131407
1.70743	0.0117786
1.70767	0.0111238
1.70792	0.0099703
1.70816	0.00675639
1.70841	0.00392508
1.70865	0.00671816
1.7089	0.0149473
1.70914	0.0208261
1.70938	0.0190403
1.70963	0.0143843
1.70987	0.0142942
1.71012	0.0178214
1.71036	0.0182671
1.71061	0.0140756
1.71085	0.0103781
1.7111	0.0106494
1.71134	0.0128597
1.71159	0.0140551
1.71183	0.0138467
1.71208	0.0129736
1.71232	0.0122918
1.71256	0.0132253
1.71281	0.0159172
1.71305	0.0175422
1.7133	0.0157822
1.71354	0.0128797
1.71379	0.0125946
1.71403	0.0145314
1.71428	0.0156164
1.71452	0.0156794
1.71477	0.0167447
1.71501	0.018048
1.71526	0.0172864
1.7155	0.0161782
1.71574	0.0187615
1.71599	0.0238776
1.71623	0.0254047
1.71648	0.021203
1.71672	0.0162062
1.71697	0.014862
1.71721	0.0157158
1.71746	0.0156888
1.7177	0.0149368
1.71795	0.0148298
1.71819	0.0150183
1.71843	0.0148562
1.71868	0.0145063
1.71892	0.0132647
1.71917	0.0103985
1.71941	0.00835074
1.71966	0.0104521
1.7199	0.0146908
1.72015	0.0154802
1.72039	0.0129308
1.72064	0.0134032
1.72088	0.0181985
1.72113	0.0196189
1.72137	0.0132642
1.72161	0.00666934
1.72186	0.00842681
1.7221	0.0148217
1.72235	0.0160629
1.72259	0.0115831
1.72284	0.0094951
1.72308	0.0129667
1.72333	0.0168671
1.72357	0.0178026
1.72382	0.0182704
1.72406	0.0194813
1.72431	0.0185629
1.72455	0.015425
1.72479	0.0146919
1.72504	0.0174239
1.72528	0.0180314
1.72553	0.0137645
1.72577	0.0106053
1.72602	0.0139222
1.72626	0.0187617
1.72651	0.0167442
1.72675	0.00912855
1.727	0.00500974
1.72724	0.00774373
1.72749	0.0113216
1.72773	0.011327
1.72797	0.0116865
1.72822	0.0166142
1.72846	0.0221052
1.72871	0.0216594
1.72895	0.0169431
1.7292	0.0155018
1.72944	0.0187054
1.72969	0.0194704
1.72993	0.014007
1.73018	0.00875114
1.73042	0.0107546
1.73066	0.0165869
1.73091	0.0177776
1.73115	0.0141688
1.7314	0.0135476
1.73164	0.0183971
1.73189	0.021672
1.73213	0.0181735
1.73238	0.0124841
1.73262	0.0112785
1.73287	0.0138522
1.73311	0.0155048
1.73336	0.0153424
1.7336	0.0149587
1.73384	0.0135358
1.73409	0.0105482
1.73433	0.0100563
1.73458	0.0154037
1.73482	0.0218682
1.73507	0.0217627
1.73531	0.0157656
1.73556	0.0120703
1.7358	0.0143547
1.73605	0.017621
1.73629	0.0170359
1.73654	0.014437
1.73678	0.013903
1.73702	0.0159072
1.73727	0.0180735
1.73751	0.0181706
1.73776	0.0154162
1.738	0.0120844
1.73825	0.0131087
1.73849	0.0195874
1.73874	0.024251
1.73898	0.0199564
1.73923	0.0117315
1.73947	0.0118165
1.73972	0.0218728
1.73996	0.0296555
1.7402	0.0265841
1.74045	0.0190801
1.74069	0.0169616
1.74094	0.0191956
1.74118	0.0188062
1.74143	0.0153177
1.74167	0.0138126
1.74192	0.0158471
1.74216	0.0190201
1.74241	0.0222654
1.74265	0.024694
1.7429	0.0227688
1.74314	0.0159176
1.74338	0.0115172
1.74363	0.0163633
1.74387	0.0260039
1.74412	0.0308846
1.74436	0.0305369
1.74461	0.0322263
1.74485	0.0370188
1.7451	0.0380533
1.74534	0.0336403
1.74559	0.0313929
1.74583	0.0357717
1.74607	0.0405372
1.74632	0.0383462
1.74656	0.0305888
1.74681	0.0228499
1.74705	0.0170558
1.7473	0.0133719
1.74754	0.0141381
1.74779	0.0198049
1.74803	0.0250818
1.74828	0.0250713
1.74852	0.0224636
1.74877	0.0234301
1.74901	0.0285852
1.74925	0.0328004
1.7495	0.0324614
1.74974	0.0288594
1.74999	0.0255293
1.75023	0.0251282
1.75048	0.0273012
1.75072	0.0276154
1.75097	0.0216775
1.75121	0.0126494
1.75146	0.0100849
1.7517	0.0173063
1.75195	0.0250193
1.75219	0.0236265
1.75243	0.0173792
1.75268	0.0178691
1.75292	0.0260436
1.75317	0.03071
1.75341	0.025455
1.75366	0.0172138
1.7539	0.01477
1.75415	0.0171913
1.75439	0.0187283
1.75464	0.0183146
1.75488	0.017943
1.75513	0.0167472
1.75537	0.0136967
1.75561	0.0128564
1.75586	0.0188559
1.7561	0.0287668
1.75635	0.035206
1.75659	0.0367593
1.75684	0.0385306
1.75708	0.0420208
1.75733	0.0418783
1.75757	0.0354018
1.75782	0.0287041
1.75806	0.0284101
1.7583	0.0316082
1.75855	0.0300886
1.75879	0.0225469
1.75904	0.0163458
1.75928	0.0167889
1.75953	0.0201251
1.75977	0.0196767
1.76002	0.0151086
1.76026	0.0119013
1.76051	0.0131629
1.76075	0.0157214
1.761	0.0149231
1.76124	0.0107523
1.76148	0.00751717
1.76173	0.0084893
1.76197	0.012516
1.76222	0.015971
1.76246	0.016767
1.76271	0.0156832
1.76295	0.0143717
1.7632	0.013187
1.76344	0.011417
1.76369	0.00916184
1.76393	0.00812246
1.76418	0.00978429
1.76442	0.0127644
1.76466	0.0131097
1.76491	0.00880502
1.76515	0.00378085
1.7654	0.00501259
1.76564	0.0140853
1.76589	0.0235258
1.76613	0.0243085
1.76638	0.0163462
1.76662	0.00851494
1.76687	0.00814635
1.76711	0.0137627
1.76736	0.0192171
1.7676	0.0214118
1.76784	0.0213922
1.76809	0.0207109
1.76833	0.0204441
1.76858	0.0223256
1.76882	0.0269498
1.76907	0.0310901
1.76931	0.0303539
1.76956	0.0250558
1.7698	0.02057
1.77005	0.0209948
1.77029	0.0247479
1.77053	0.0271568
1.77078	0.0252941
1.77102	0.0197136
1.77127	0.0136825
1.77151	0.0113128
1.77176	0.0139963
1.772	0.0178489
1.77225	0.0172543
1.77249	0.0119155
1.77274	0.00749556
1.77298	0.00790344
1.77323	0.0103955
1.77347	0.0107417
1.77371	0.00969384
1.77396	0.0104496
1.7742	0.0124679
1.77445	0.0128428
1.77469	0.0123591
1.77494	0.0144716
1.77518	0.0181792
1.77543	0.017834
1.77567	0.0118129
1.77592	0.00591435
1.77616	0.00500183
1.77641	0.00622725
1.77665	0.00508217
1.77689	0.00381263
1.77714	0.00734877
1.77738	0.0134025
1.77763	0.0144152
1.77787	0.00940696
1.77812	0.0060585
1.77836	0.00885646
1.77861	0.0126411
1.77885	0.0118791
1.7791	0.00924332
1.77934	0.00909333
1.77959	0.00898911
1.77983	0.00573646
1.78007	0.00438456
1.78032	0.0106536
1.78056	0.0179649
1.78081	0.0148053
1.78105	0.00436679
1.7813	0.00237856
1.78154	0.0123828
1.78179	0.0185845
1.78203	0.010804
1.78228	0.00158336
1.78252	0.00611868
1.78276	0.0177808
1.78301	0.0199435
1.78325	0.0130383
1.7835	0.0105865
1.78374	0.0134877
1.78399	0.00992385
1.78423	0.000696312
1.78448	0.00181204
1.78472	0.0159569
1.78497	0.0231571
1.78521	0.0112762
1.78546	-0.00307139
1.7857	0.000214207
1.78594	0.0136519
1.78619	0.0155144
1.78643	0.004039
1.78668	-0.00284957
1.78692	0.00247917
1.78717	0.00867998
1.78741	0.00753149
1.78766	0.00554657
1.7879	0.00842039
1.78815	0.00999787
1.78839	0.00497617
1.78864	0.000402817
1.78888	0.00494934
1.78912	0.0149244
1.78937	0.0200632
1.78961	0.0178527
1.78986	0.0140539
1.7901	0.0124989
1.79035	0.0116595
1.79059	0.00975443
1.79084	0.00754444
1.79108	0.00629015
1.79133	0.00637766
1.79157	0.00760096
1.79182	0.00909898
1.79206	0.010226
1.7923	0.0120987
1.79255	0.0156547
1.79279	0.0177816
1.79304	0.013788
1.79328	0.00543435
1.79353	0.00148752
1.79377	0.00669774
1.79402	0.0144996
1.79426	0.0154061
1.79451	0.00953582
1.79475	0.0052805
1.79499	0.00712923
1.79524	0.0107787
1.79548	0.0108966
1.79573	0.00853286
1.79597	0.00816399
1.79622	0.0104657
1.79646	0.0115534
1.79671	0.00889287
1.79695	0.00513193
1.7972	0.00472292
1.79744	0.00815122
1.79769	0.0116583
1.79793	0.0125672
1.79817	0.0122786
1.79842	0.012786
1.79866	0.0130013
1.79891	0.0113386
1.79915	0.00985166
1.7994	0.0116642
1.79964	0.0149657
1.79989	0.0142154
1.80013	0.00832034
1.80038	0.0033223
1.80062	0.00455473
1.80087	0.009251
1.80111	0.0102325
1.80135	0.00539421
1.8016	0.000213111
1.80184	0.000648762
1.80209	0.0059446
1.80233	0.00992831
1.80258	0.00863408
1.80282	0.00464493
1.80307	0.00287148
1.80331	0.00389487
1.80356	0.00453007
1.8038	0.00426632
1.80405	0.00636098
1.80429	0.0109817
1.80453	0.0125305
1.80478	0.00778018
1.80502	0.00223953
1.80527	0.00275654
1.80551	0.00712407
1.80576	0.00784346
1.806	0.00416167
1.80625	0.00250299
1.80649	0.00520236
1.80674	0.00698932
1.80698	0.00439837
1.80722	0.0012184
1.80747	0.00148869
1.80771	0.00334646
1.80796	0.00342263
1.8082	0.00208693
1.80845	0.000899013
1.80869	-0.000317486
1.80894	-0.000698459
1.80918	0.00220177
1.80943	0.00679839
1.80967	0.00704889
1.80992	0.00203597
1.81016	-1.6053e-05
1.8104	0.00660898
1.81065	0.0148347
1.81089	0.014054
1.81114	0.00597173
1.81138	0.00208475
1.81163	0.00669549
1.81187	0.0118913
1.81212	0.0107876
1.81236	0.0068994
1.81261	0.00630383
1.81285	0.00749567
1.8131	0.00519735
1.81334	0.000253517
1.81358	-0.000927824
1.81383	0.00418688
1.81407	0.010908
1.81432	0.0140717
1.81456	0.0136259
1.81481	0.0117215
1.81505	0.00823719
1.8153	0.00283842
1.81554	-0.000956322
1.81579	0.00124682
1.81603	0.00759008
1.81628	0.0105415
1.81652	0.00641472
1.81676	0.000306708
1.81701	-0.00118874
1.81725	0.00166219
1.8175	0.00469424
1.81774	0.00760351
1.81799	0.0127046
1.81823	0.0176169
1.81848	0.0162782
1.81872	0.00828103
1.81897	0.00106004
1.81921	0.000300941
1.81945	0.00302088
1.8197	0.00324056
1.81994	0.000592261
1.82019	-0.000418088
1.82043	0.00255191
1.82068	0.00672483
1.82092	0.00753213
1.82117	0.00328176
1.82141	-0.00278226
1.82166	-0.00489155
1.8219	-0.000785633
1.82215	0.00503905
1.82239	0.00657064
1.82263	0.00400367
1.82288	0.00260278
1.82312	0.00434797
1.82337	0.00550224
1.82361	0.00316346
1.82386	-0.000687529
1.8241	-0.0031513
1.82435	-0.00376564
1.82459	-0.0023158
1.82484	0.00181585
1.82508	0.00603538
1.82533	0.00549766
1.82557	0.000589569
1.82581	-0.00155374
1.82606	0.00325834
1.8263	0.00960226
1.82655	0.00986485
1.82679	0.00455458
1.82704	0.000305499
1.82728	0.000225972
1.82753	0.00126623
1.82777	0.000149129
1.82802	-0.00217165
1.82826	-0.00230356
1.82851	0.00119312
1.82875	0.00540547
1.82899	0.00557213
1.82924	0.00144629
1.82948	-0.000725111
1.82973	0.00353426
1.82997	0.00889502
1.83022	0.0070698
1.83046	0.000439687
1.83071	-0.000376212
1.83095	0.0064067
1.8312	0.00990148
1.83144	0.00394051
1.83169	-0.00269855
1.83193	-0.000769106
1.83217	0.00464348
1.83242	0.0036774
1.83266	-0.00180153
1.83291	-0.00281708
1.83315	0.000924873
1.8334	0.00212122
1.83364	2.53886e-05
1.83389	0.00143275
1.83413	0.00767866
1.83438	0.0113243
1.83462	0.00746016
1.83486	-2.41982e-05
1.83511	-0.00514824
1.83535	-0.00615443
1.8356	-0.00409565
1.83584	-0.000949682
1.83609	0.000440814
1.83633	-0.000577013
1.83658	-0.000446511
1.83682	0.00277681
1.83707	0.00442696
1.83731	0.000369452
1.83756	-0.00438598
1.8378	-0.00252441
1.83804	0.00322592
1.83829	0.00439359
1.83853	0.00117654
1.83878	0.00124474
1.83902	0.00494567
1.83927	0.00420566
1.83951	-0.00228525
1.83976	-0.00545804
1.84	-0.00122946
1.84025	0.0023293
1.84049	-0.00130821
1.84074	-0.0068195
1.84098	-0.00698863
1.84122	-0.0037021
1.84147	-0.00187658
1.84171	-0.000661214
1.84196	0.00181549
1.8422	0.00242318
1.84245	-0.000237231
1.84269	4.11591e-05
1.84294	0.00738587
1.84318	0.0140917
1.84343	0.0102787
1.84367	-0.000814342
1.84392	-0.00713985
1.84416	-0.00501572
1.8444	-0.00203173
1.84465	-0.00339387
1.84489	-0.00502174
1.84514	-0.00219523
1.84538	0.00276289
1.84563	0.00499143
1.84587	0.00416494
1.84612	0.0034198
1.84636	0.00407519
1.84661	0.00437851
1.84685	0.00262752
1.84709	2.73777e-05
1.84734	3.92199e-05
1.84758	0.00420088
1.84783	0.00880858
1.84807	0.0081365
1.84832	0.00188042
1.84856	-0.00359116
1.84881	-0.00327065
1.84905	0.000315279
1.8493	0.00159892
1.84954	-0.000401511
1.84979	-0.0024355
1.85003	-0.0026026
1.85027	-0.00171019
1.85052	-0.00052472
1.85076	0.000857505
1.85101	0.00192533
1.85125	0.00277179
1.8515	0.00479118
1.85174	0.0078441
1.85199	0.00870038
1.85223	0.00531862
1.85248	0.000756656
1.85272	-0.000545159
1.85297	0.00127257
1.85321	0.00265636
1.85345	0.00225945
1.8537	0.00180106
1.85394	0.00244354
1.85419	0.00378407
1.85443	0.00554228
1.85468	0.00710953
1.85492	0.0065183
1.85517	0.00314708
1.85541	0.000332897
1.85566	0.00174749
1.8559	0.00588881
1.85615	0.00772551
1.85639	0.0054754
1.85663	0.0025561
1.85688	0.00277509
1.85712	0.00615287
1.85737	0.0095557
1.85761	0.00975518
1.85786	0.00639825
1.8581	0.00290458
1.85835	0.00266
1.85859	0.0038316
1.85884	0.00167807
1.85908	-0.0028176
1.85932	-0.00251737
1.85957	0.00427954
1.85981	0.00888609
1.86006	0.00518822
1.8603	0.000523314
1.86055	0.00402869
1.86079	0.0100683
1.86104	0.00624544
1.86128	-0.00505423
1.86153	-0.00846219
1.86177	-5.10109e-05
1.86202	0.00607835
1.86226	0.000919553
1.8625	-0.00510589
1.86275	-0.000373795
1.86299	0.00871236
1.86324	0.00957889
1.86348	0.00449357
1.86373	0.00465137
1.86397	0.00968013
1.86422	0.00921924
1.86446	0.00249134
1.86471	0.000331965
1.86495	0.00644605
1.8652	0.011165
1.86544	0.00772501
1.86568	0.00222953
1.86593	0.0019068
1.86617	0.00423616
1.86642	0.00434366
1.86666	0.0040688
1.86691	0.00622648
1.86715	0.00744029
1.8674	0.0045808
1.86764	0.00215082
1.86789	0.00506766
1.86813	0.00914413
1.86838	0.00733009
1.86862	0.00171682
1.86886	0.000459543
1.86911	0.00498647
1.86935	0.00904166
1.8696	0.00966183
1.86984	0.0106114
1.87009	0.0140891
1.87033	0.0166059
1.87058	0.0152664
1.87082	0.0122422
1.87107	0.0106454
1.87131	0.0105221
1.87155	0.0108827
1.8718	0.0116922
1.87204	0.0121244
1.87229	0.0103695
1.87253	0.00679597
1.87278	0.00446784
1.87302	0.0054603
1.87327	0.00894764
1.87351	0.0128586
1.87376	0.0148694
1.874	0.0129538
1.87425	0.00858511
1.87449	0.00771741
1.87473	0.013481
1.87498	0.0194326
1.87522	0.0166775
1.87547	0.00707959
1.87571	0.00157774
1.87596	0.00470966
1.8762	0.00943926
1.87645	0.00956261
1.87669	0.00786439
1.87694	0.00761863
1.87718	0.00555
1.87743	0.00022998
1.87767	-0.00112496
1.87791	0.00640642
1.87816	0.0143876
1.8784	0.0119379
1.87865	0.00335365
1.87889	0.00264543
1.87914	0.0121314
1.87938	0.0192814
1.87963	0.0165587
1.87987	0.012054
1.88012	0.0151752
1.88036	0.0220864
1.88061	0.0234306
1.88085	0.019504
1.88109	0.0183109
1.88134	0.0218214
1.88158	0.0234983
1.88183	0.0198095
1.88207	0.0165046
1.88232	0.0204377
1.88256	0.0300832
1.88281	0.0382212
1.88305	0.041469
1.8833	0.0427704
1.88354	0.0448094
1.88378	0.0454648
1.88403	0.042287
1.88427	0.038656
1.88452	0.0410552
1.88476	0.0500273
1.88501	0.0577715
1.88525	0.0567225
1.8855	0.0479599
1.88574	0.0388303
1.88599	0.0343242
1.88623	0.0335188
1.88648	0.0330515
1.88672	0.030948
1.88696	0.0273976
1.88721	0.0241833
1.88745	0.0232359
1.8877	0.0240631
1.88794	0.023455
1.88819	0.0197297
1.88843	0.0160759
1.88868	0.0168417
1.88892	0.0212152
1.88917	0.0238911
1.88941	0.0221849
1.88966	0.0191642
1.8899	0.018478
1.89014	0.0188589
1.89039	0.0161789
1.89063	0.00999877
1.89088	0.00566935
1.89112	0.00867139
1.89137	0.0174047
1.89161	0.023582
1.89186	0.0215264
1.8921	0.0157347
1.89235	0.0157633
1.89259	0.0236006
1.89284	0.030766
1.89308	0.030017
1.89332	0.0251252
1.89357	0.0247673
1.89381	0.0305063
1.89406	0.0366967
1.8943	0.0400525
1.89455	0.0425583
1.89479	0.0452322
1.89504	0.0459987
1.89528	0.045511
1.89553	0.0488826
1.89577	0.058128
1.89601	0.0674113
1.89626	0.0698916
1.8965	0.066301
1.89675	0.0626719
1.89699	0.0615508
1.89724	0.0597455
1.89748	0.0543156
1.89773	0.0469671
1.89797	0.0415103
1.89822	0.0392473
1.89846	0.0382579
1.89871	0.0362077
1.89895	0.0327218
1.89919	0.0291531
1.89944	0.0267936
1.89968	0.0257864
1.89993	0.0256195
1.90017	0.0258352
1.90042	0.0257098
1.90066	0.024033
1.90091	0.0204072
1.90115	0.0165537
1.9014	0.0149743
1.90164	0.0159539
1.90189	0.0170215
1.90213	0.0161826
1.90237	0.0148747
1.90262	0.0163726
1.90286	0.0211491
1.90311	0.0253131
1.90335	0.0249443
1.9036	0.0210926
1.90384	0.0183076
1.90409	0.018375
1.90433	0.0185924
1.90458	0.0173767
1.90482	0.0177197
1.90507	0.0218387
1.90531	0.0258138
1.90555	0.0247022
1.9058	0.0208964
1.90604	0.0211038
1.90629	0.0256899
1.90653	0.0281532
1.90678	0.0262415
1.90702	0.0261121
1.90727	0.0324182
1.90751	0.0410907
1.90776	0.0463674
1.908	0.0489699
1.90825	0.0519407
1.90849	0.0536762
1.90873	0.0515618
1.90898	0.0486035
1.90922	0.0494928
1.90947	0.0524301
1.90971	0.0513248
1.90996	0.0447395
1.9102	0.0369791
1.91045	0.0314868
1.91069	0.0283397
1.91094	0.0270106
1.91118	0.0264985
1.91142	0.0239557
1.91167	0.0181907
1.91191	0.0132504
1.91216	0.0134771
1.9124	0.0164845
1.91265	0.0164866
1.91289	0.0131967
1.91314	0.011414
1.91338	0.0126227
1.91363	0.0133891
1.91387	0.0122319
1.91412	0.0119625
1.91436	0.0141784
1.9146	0.0165085
1.91485	0.0164354
1.91509	0.0138632
1.91534	0.00972885
1.91558	0.00585187
1.91583	0.00539822
1.91607	0.00914813
1.91632	0.0125169
1.91656	0.0110981
1.91681	0.00757269
1.91705	0.00749451
1.9173	0.0101257
1.91754	0.0103751
1.91778	0.00840569
1.91803	0.00923743
1.91827	0.0131363
1.91852	0.0149578
1.91876	0.0137608
1.91901	0.0142042
1.91925	0.0167505
1.9195	0.0157378
1.91974	0.0104123
1.91999	0.00878853
1.92023	0.0156898
1.92048	0.024762
1.92072	0.0279915
1.92096	0.0264207
1.92121	0.0253771
1.92145	0.0250739
1.9217	0.0227734
1.92194	0.0197973
1.92219	0.0194134
1.92243	0.020436
1.92268	0.0190684
1.92292	0.0155159
1.92317	0.0136606
1.92341	0.0149283
1.92365	0.0163541
1.9239	0.0145264
1.92414	0.00940847
1.92439	0.00486401
1.92463	0.00580819
1.92488	0.0128834
1.92512	0.020355
1.92537	0.0225436
1.92561	0.0213151
1.92586	0.0221234
1.9261	0.0238069
1.92635	0.0200244
1.92659	0.0113916
1.92683	0.00692859
1.92708	0.0102889
1.92732	0.0137481
1.92757	0.0109857
1.92781	0.00717949
1.92806	0.00957572
1.9283	0.0155923
1.92855	0.0181769
1.92879	0.0167203
1.92904	0.0145046
1.92928	0.0111225
1.92953	0.00627073
1.92977	0.00567458
1.93001	0.0130969
1.93026	0.0205949
1.9305	0.0178587
1.93075	0.00878721
1.93099	0.0070237
1.93124	0.0154509
1.93148	0.0221985
1.93173	0.019147
1.93197	0.0129718
1.93222	0.0129373
1.93246	0.0171949
1.93271	0.0180977
1.93295	0.014692
1.93319	0.0124406
1.93344	0.013864
1.93368	0.0160564
1.93393	0.0164958
1.93417	0.0162801
1.93442	0.0171021
1.93466	0.0182225
1.93491	0.017669
1.93515	0.0151907
1.9354	0.0129852
1.93564	0.0133066
1.93588	0.0157347
1.93613	0.0178828
1.93637	0.0189382
1.93662	0.0207047
1.93686	0.0241925
1.93711	0.0272573
1.93735	0.0272498
1.9376	0.0240934
1.93784	0.0191997
1.93809	0.0138536
1.93833	0.0105837
1.93858	0.0127725
1.93882	0.019616
1.93906	0.0245541
1.93931	0.0228185
1.93955	0.0178969
1.9398	0.0159423
1.94004	0.0164626
1.94029	0.0143511
1.94053	0.00933199
1.94078	0.00659547
1.94102	0.00817654
1.94127	0.0102717
1.94151	0.0102259
1.94176	0.0101301
1.942	0.0115219
1.94224	0.0120193
1.94249	0.0100426
1.94273	0.00833987
1.94298	0.0095444
1.94322	0.0118004
1.94347	0.0121441
1.94371	0.0113613
1.94396	0.0119964
1.9442	0.0135518
1.94445	0.0133249
1.94469	0.011142
1.94494	0.00996522
1.94518	0.0114284
1.94542	0.0133037
1.94567	0.0128993
1.94591	0.0117779
1.94616	0.0146962
1.9464	0.0226673
1.94665	0.0289806
1.94689	0.0256346
1.94714	0.0141208
1.94738	0.0058461
1.94763	0.00927329
1.94787	0.0197718
1.94811	0.025765
1.94836	0.0225348
1.9486	0.0156388
1.94885	0.0122395
1.94909	0.0139874
1.94934	0.0182513
1.94958	0.0216392
1.94983	0.0213711
1.95007	0.0169445
1.95032	0.0117321
1.95056	0.0102722
1.95081	0.0131981
1.95105	0.0169116
1.95129	0.0180262
1.95154	0.0157282
1.95178	0.0107726
1.95203	0.00549968
1.95227	0.00387716
1.95252	0.00734659
1.95276	0.0112325
1.95301	0.00998007
1.95325	0.00565785
1.9535	0.00573052
1.95374	0.0118473
1.95399	0.0169743
1.95423	0.0155738
1.95447	0.0106343
1.95472	0.00753663
1.95496	0.00655064
1.95521	0.00567615
1.95545	0.00613657
1.9557	0.00972691
1.95594	0.013878
1.95619	0.0146947
1.95643	0.013061
1.95668	0.013012
1.95692	0.0152518
1.95717	0.0166114
1.95741	0.0153461
1.95765	0.0133059
1.9579	0.012961
1.95814	0.0147888
1.95839	0.0169796
1.95863	0.015905
1.95888	0.00886946
1.95912	-0.00105246
1.95937	-0.00551657
1.95961	-2.64205e-05
1.95986	0.00952472
1.9601	0.0137214
1.96034	0.0111328
1.96059	0.00792875
1.96083	0.00763547
1.96108	0.00773594
1.96132	0.00648715
1.96157	0.00611543
1.96181	0.00716673
1.96206	0.0060575
1.9623	0.00181188
1.96255	-0.00011276
1.96279	0.00467471
1.96304	0.0122025
1.96328	0.0152763
1.96352	0.012973
1.96377	0.00995783
1.96401	0.00863732
1.96426	0.00748838
1.9645	0.00597087
1.96475	0.00543672
1.96499	0.00521965
1.96524	0.00317557
1.96548	0.000855047
1.96573	0.00294971
1.96597	0.00985472
1.96622	0.0153343
1.96646	0.0140475
1.9667	0.00786723
1.96695	0.00241283
1.96719	0.000587193
1.96744	0.00187528
1.96768	0.00468459
1.96793	0.0066318
1.96817	0.00549803
1.96842	0.00271508
1.96866	0.00285362
1.96891	0.00685721
1.96915	0.00954034
1.9694	0.00750978
1.96964	0.00524112
1.96988	0.00776597
1.97013	0.0111921
1.97037	0.00808145
1.97062	0.000155608
1.97086	-0.003112
1.97111	0.00128587
1.97135	0.00600921
1.9716	0.00587806
1.97184	0.00554381
1.97209	0.0100808
1.97233	0.0153875
1.97257	0.0145283
1.97282	0.00869097
1.97306	0.00492478
1.97331	0.00580941
1.97355	0.00756056
1.9738	0.00681758
1.97404	0.00403411
1.97429	0.00118149
1.97453	0.000369268
1.97478	0.00347669
1.97502	0.00913102
1.97527	0.0116992
1.97551	0.00756879
1.97575	0.000958482
1.976	-0.000834204
1.97624	0.0034394
1.97649	0.00889936
1.97673	0.011897
1.97698	0.0126329
1.97722	0.0119285
1.97747	0.0105823
1.97771	0.0107026
1.97796	0.0124256
1.9782	0.0110456
1.97845	0.00371328
1.97869	-0.00290641
1.97893	0.00013883
1.97918	0.0098241
1.97942	0.0136406
1.97967	0.00757937
1.97991	0.0012205
1.98016	0.00156346
1.9804	0.00298203
1.98065	-0.000101311
1.98089	-0.0012695
1.98114	0.00666681
1.98138	0.0164286
1.98163	0.0152202
1.98187	0.00493974
1.98211	4.07522e-05
1.98236	0.00575431
1.9826	0.0114724
1.98285	0.0084316
1.98309	0.00225688
1.98334	0.00227584
1.98358	0.00755337
1.98383	0.010837
1.98407	0.0100876
1.98432	0.00858538
1.98456	0.00752225
1.98481	0.00556353
1.98505	0.00375187
1.98529	0.00470181
1.98554	0.0077057
1.98578	0.00939374
1.98603	0.00876647
1.98627	0.00762202
1.98652	0.00670148
1.98676	0.00528414
1.98701	0.00422617
1.98725	0.00579368
1.9875	0.0102888
1.98774	0.0156166
1.98798	0.01991
1.98823	0.0221846
1.98847	0.0214197
1.98872	0.0180598
1.98896	0.0154233
1.98921	0.0160829
1.98945	0.017785
1.9897	0.016966
1.98994	0.0153959
1.99019	0.0180424
1.99043	0.0240427
1.99068	0.0257842
1.99092	0.0192142
1.99116	0.00988564
1.99141	0.00546691
1.99165	0.0065106
1.9919	0.00838391
1.99214	0.00864996
1.99239	0.00826061
1.99263	0.00829981
1.99288	0.00982588
1.99312	0.0143512
1.99337	0.0200256
1.99361	0.0202145
1.99386	0.0116555
1.9941	0.00186592
1.99434	0.00130029
1.99459	0.00864871
1.99483	0.0117795
1.99508	0.00476207
1.99532	-0.00407896
1.99557	-0.00495492
1.99581	-4.57212e-05
1.99606	0.00224694
1.9963	0.000982205
1.99655	0.00215599
1.99679	0.00680478
1.99704	0.00857049
1.99728	0.00433969
1.99752	-0.000210179
1.99777	0.000759276
1.99801	0.00455075
1.99826	0.00472798
1.9985	0.00136719
1.99875	0.000910934
1.99899	0.00631512
1.99924	0.0124008
1.99948	0.0129463
1.99973	0.00912396
1.99997	0.00759161
2.00021	0.0113446
2.00046	0.0161851
2.0007	0.0172927
2.00095	0.0159049
2.00119	0.0162462
2.00144	0.0179145
2.00168	0.0163661
2.00193	0.0112888
2.00217	0.00877747
2.00242	0.0121153
2.00266	0.0154449
2.00291	0.0121132
2.00315	0.00581303
2.00339	0.00598464
2.00364	0.0131115
2.00388	0.0169816
2.00413	0.0116827
2.00437	0.00443768
2.00462	0.0046463
2.00486	0.0103349
2.00511	0.0122801
2.00535	0.00779331
2.0056	0.00282624
2.00584	0.0016984
2.00609	0.00212284
2.00633	0.00136067
2.00657	0.00109395
2.00682	0.00359119
2.00706	0.00722656
2.00731	0.00865364
2.00755	0.00714626
2.0078	0.00496369
2.00804	0.00494794
2.00829	0.00835386
2.00853	0.0133295
2.00878	0.0157317
2.00902	0.013663
2.00927	0.0103422
2.00951	0.00944791
2.00975	0.00902445
2.01	0.00474593
2.01024	-0.00159987
2.01049	-0.00315142
2.01073	0.00168781
2.01098	0.00651057
2.01122	0.00652879
2.01147	0.00429375
2.01171	0.00290012
2.01196	0.000738169
2.0122	-0.0023174
2.01244	-0.000763098
2.01269	0.00763026
2.01293	0.0149014
2.01318	0.0131793
2.01342	0.00716695
2.01367	0.00709831
2.01391	0.0127159
2.01416	0.014679
2.0144	0.010346
2.01465	0.0070048
2.01489	0.00861144
2.01514	0.01013
2.01538	0.00801342
2.01562	0.0064527
2.01587	0.00864584
2.01611	0.0103894
2.01636	0.00797994
2.0166	0.00542944
2.01685	0.00767283
2.01709	0.0121855
2.01734	0.0135062
2.01758	0.0115981
2.01783	0.00996252
2.01807	0.00936332
2.01832	0.00889561
2.01856	0.00951158
2.0188	0.0110274
2.01905	0.00942795
2.01929	0.00324639
2.01954	-0.000850779
2.01978	0.00424018
2.02003	0.0150519
2.02027	0.0212636
2.02052	0.019065
2.02076	0.0138914
2.02101	0.0105102
2.02125	0.0078454
2.0215	0.00466763
2.02174	0.00349662
2.02198	0.00600336
2.02223	0.00952597
2.02247	0.0110547
2.02272	0.0110474
2.02296	0.0109826
2.02321	0.0105612
2.02345	0.00973648
2.0237	0.0104744
2.02394	0.0137388
2.02419	0.0169945
2.02443	0.0173611
2.02467	0.0155711
2.02492	0.0142555
2.02516	0.0137069
2.02541	0.0121975
2.02565	0.00987062
2.0259	0.00920242
2.02614	0.010972
2.02639	0.0124987
2.02663	0.011644
2.02688	0.0105035
2.02712	0.0122753
2.02737	0.0154926
2.02761	0.0153039
2.02785	0.0111305
2.0281	0.00867617
2.02834	0.0117199
2.02859	0.0160367
2.02883	0.0158912
2.02908	0.0131305
2.02932	0.0136345
2.02957	0.0168945
2.02981	0.0168652
2.03006	0.0129055
2.0303	0.0112692
2.03055	0.0138451
2.03079	0.0143621
2.03103	0.00994729
2.03128	0.00758348
2.03152	0.0122766
2.03177	0.0166307
2.03201	0.0116019
2.03226	0.00207271
2.0325	0.000572792
2.03275	0.00804955
2.03299	0.0127173
2.03324	0.00856894
2.03348	0.00338504
2.03373	0.0046
2.03397	0.0076647
2.03421	0.00543366
2.03446	0.00129549
2.0347	0.00366196
2.03495	0.0114458
2.03519	0.0149017
2.03544	0.0106043
2.03568	0.00635666
2.03593	0.00837058
2.03617	0.0115774
2.03642	0.008698
2.03666	0.00320804
2.0369	0.00448519
2.03715	0.0121403
2.03739	0.0152597
2.03764	0.00919606
2.03788	0.00317836
2.03813	0.00555843
2.03837	0.0103663
2.03862	0.00779944
2.03886	0.00143952
2.03911	0.00271672
2.03935	0.0112109
2.0396	0.0142464
2.03984	0.00711669
2.04008	0.00027687
2.04033	0.00217344
2.04057	0.00715658
2.04082	0.00717233
2.04106	0.00484835
2.04131	0.00637276
2.04155	0.00977849
2.0418	0.00971582
2.04204	0.00762972
2.04229	0.008139
2.04253	0.010237
2.04278	0.0104548
2.04302	0.0102278
2.04326	0.0120115
2.04351	0.0125773
2.04375	0.00851158
2.044	0.00415821
2.04424	0.00556709
2.04449	0.0103226
2.04473	0.0119766
2.04498	0.0107982
2.04522	0.0111792
2.04547	0.0119771
2.04571	0.00899722
2.04596	0.00416351
2.0462	0.00266116
2.04644	0.00357282
2.04669	0.00284768
2.04693	0.00253708
2.04718	0.00675406
2.04742	0.0113453
2.04767	0.00907873
2.04791	0.00301717
2.04816	0.00252065
2.0484	0.00712642
2.04865	0.00744998
2.04889	0.00211241
2.04913	7.664e-05
2.04938	0.00443255
2.04962	0.00764759
2.04987	0.00635601
2.05011	0.00737166
2.05036	0.0136034
2.0506	0.0164316
2.05085	0.00936967
2.05109	-0.000737436
2.05134	-0.00363383
2.05158	0.00109569
2.05183	0.00704082
2.05207	0.010232
2.05231	0.0099144
2.05256	0.00662813
2.0528	0.00414253
2.05305	0.00701989
2.05329	0.0129242
2.05354	0.0144155
2.05378	0.0108007
2.05403	0.00938104
2.05427	0.0122305
2.05452	0.0124186
2.05476	0.00762857
2.05501	0.00575787
2.05525	0.010465
2.05549	0.0129203
2.05574	0.00683026
2.05598	0.000795363
2.05623	0.00468045
2.05647	0.0126772
2.05672	0.0124254
2.05696	0.00458057
2.05721	0.000585209
2.05745	0.00493626
2.0577	0.0115143
2.05794	0.0150338
2.05819	0.0152391
2.05843	0.0114013
2.05867	0.00326376
2.05892	-0.00300146
2.05916	0.000294396
2.05941	0.0105845
2.05965	0.0165968
2.0599	0.0130487
2.06014	0.00636144
2.06039	0.00397671
2.06063	0.00485103
2.06088	0.0037618
2.06112	0.000134002
2.06136	-0.00148505
2.06161	0.00200093
2.06185	0.00803205
2.0621	0.0113664
2.06234	0.0106806
2.06259	0.0103599
2.06283	0.0137795
2.06308	0.0169819
2.06332	0.0138917
2.06357	0.00684166
2.06381	0.00499968
2.06406	0.0110707
2.0643	0.0170012
2.06454	0.015931
2.06479	0.0111601
2.06503	0.00892285
2.06528	0.009146
2.06552	0.00887706
2.06577	0.00880729
2.06601	0.0102045
2.06626	0.0102934
2.0665	0.0067455
2.06675	0.00261742
2.06699	0.00148741
2.06724	0.00196124
2.06748	0.00203136
2.06772	0.00394467
2.06797	0.0091977
2.06821	0.0136025
2.06846	0.0133141
2.0687	0.0111974
2.06895	0.0112178
2.06919	0.0111474
2.06944	0.00726927
2.06968	0.00214435
2.06993	0.00111412
2.07017	0.00449795
2.07042	0.00878918
2.07066	0.0118135
2.0709	0.0119076
2.07115	0.00709079
2.07139	0.000344335
2.07164	-0.00024153
2.07188	0.0072413
2.07213	0.0133955
2.07237	0.0105062
2.07262	0.00392301
2.07286	0.00266431
2.07311	0.00575073
2.07335	0.00722393
2.0736	0.0079469
2.07384	0.0114219
2.07408	0.0136131
2.07433	0.00902013
2.07457	0.00266946
2.07482	0.00365679
2.07506	0.00975847
2.07531	0.0109595
2.07555	0.00619877
2.0758	0.00388102
2.07604	0.00663567
2.07629	0.00835221
2.07653	0.0069326
2.07677	0.00772898
2.07702	0.0123619
2.07726	0.0151218
2.07751	0.0131073
2.07775	0.0103138
2.078	0.00927957
2.07824	0.00765659
2.07849	0.00544651
2.07873	0.00701922
2.07898	0.0129574
2.07922	0.0172331
2.07947	0.0154756
2.07971	0.0104825
2.07995	0.00774659
2.0802	0.00990278
2.08044	0.0155356
2.08069	0.0194932
2.08093	0.0165786
2.08118	0.00920763
2.08142	0.00689701
2.08167	0.0126758
2.08191	0.0170782
2.08216	0.0136783
2.0824	0.0115028
2.08265	0.019554
2.08289	0.0280451
2.08313	0.0223117
2.08338	0.00894574
2.08362	0.00737156
2.08387	0.0180339
2.08411	0.021549
2.08436	0.0112164
2.0846	0.00341036
2.08485	0.00951493
2.08509	0.0190262
2.08534	0.0198679
2.08558	0.0163034
2.08583	0.0156031
2.08607	0.0142398
2.08631	0.00957929
2.08656	0.00962548
2.0868	0.0179631
2.08705	0.0231225
2.08729	0.0165534
2.08754	0.00814505
2.08778	0.00964447
2.08803	0.0149779
2.08827	0.0125946
2.08852	0.00638178
2.08876	0.00737926
2.089	0.0134555
2.08925	0.0147118
2.08949	0.0127279
2.08974	0.0170628
2.08998	0.0264827
2.09023	0.029963
2.09047	0.0245338
2.09072	0.0179881
2.09096	0.015284
2.09121	0.0147322
2.09145	0.0158432
2.0917	0.0192599
2.09194	0.0211165
2.09218	0.0184134
2.09243	0.0167146
2.09267	0.0214679
2.09292	0.0263982
2.09316	0.0231234
2.09341	0.0171079
2.09365	0.0192356
2.0939	0.0259918
2.09414	0.0250405
2.09439	0.0178778
2.09463	0.0180777
2.09488	0.0267455
2.09512	0.0293163
2.09536	0.0205126
2.09561	0.0136162
2.09585	0.0180965
2.0961	0.0251452
2.09634	0.0245041
2.09659	0.0206906
2.09683	0.0218691
2.09708	0.0250713
2.09732	0.023847
2.09757	0.0206548
2.09781	0.0206627
2.09806	0.02151
2.0983	0.0196936
2.09854	0.0196513
2.09879	0.0258143
2.09903	0.0318969
2.09928	0.0290786
2.09952	0.0204296
2.09977	0.0168959
2.10001	0.021948
2.10026	0.0294083
2.1005	0.0340623
2.10075	0.0357881
2.10099	0.035001
2.10123	0.0320597
2.10148	0.0302445
2.10172	0.0325053
2.10197	0.036199
2.10221	0.0369242
2.10246	0.0359456
2.1027	0.0378759
2.10295	0.0426618
2.10319	0.0458642
2.10344	0.0455311
2.10368	0.0432321
2.10393	0.039876
2.10417	0.0360211
2.10441	0.0343799
2.10466	0.0363472
2.1049	0.0382958
2.10515	0.0374401
2.10539	0.0384059
2.10564	0.046085
2.10588	0.0544594
2.10613	0.0526616
2.10637	0.0422297
2.10662	0.0375212
2.10686	0.0458924
2.10711	0.0573318
2.10735	0.0593152
2.10759	0.0538018
2.10784	0.0520097
2.10808	0.0577226
2.10833	0.0640435
2.10857	0.0645172
2.10882	0.0603526
2.10906	0.0566596
2.10931	0.0567652
2.10955	0.0609052
2.1098	0.0668868
2.11004	0.0714242
2.11029	0.0733551
2.11053	0.0756023
2.11077	0.0816287
2.11102	0.0901596
2.11126	0.0960023
2.11151	0.0964824
2.11175	0.0948229
2.112	0.0961964
2.11224	0.101862
2.11249	0.108357
2.11273	0.112017
2.11298	0.113395
2.11322	0.116495
2.11346	0.12342
2.11371	0.130871
2.11395	0.133741
2.1142	0.131924
2.11444	0.131063
2.11469	0.135684
2.11493	0.144111
2.11518	0.151897
2.11542	0.158
2.11567	0.164956
2.11591	0.174423
2.11616	0.185462
2.1164	0.196624
2.11664	0.207165
2.11689	0.216612
2.11713	0.225599
2.11738	0.236929
2.11762	0.253597
2.11787	0.276383
2.11811	0.305883
2.11836	0.345763
2.1186	0.399971
2.11885	0.467155
2.11909	0.542882
2.11934	0.627395
2.11958	0.723085
2.11982	0.819567
2.12007	0.888852
2.12031	0.905758
2.12056	0.872298
2.1208	0.813723
2.12105	0.75074
2.12129	0.685184
2.12154	0.615102
2.12178	0.551612
2.12203	0.510493
2.12227	0.493217
2.12252	0.488194
2.12276	0.48981
2.123	0.505666
2.12325	0.543338
2.12349	0.599393
2.12374	0.664682
2.12398	0.731067
2.12423	0.787007
2.12447	0.815495
2.12472	0.807364
2.12496	0.774316
2.12521	0.740264
2.12545	0.720164
2.12569	0.712802
2.12594	0.710727
2.12618	0.707716
2.12643	0.697307
2.12667	0.675299
2.12692	0.647959
2.12716	0.630155
2.12741	0.631115
2.12765	0.647979
2.1279	0.675773
2.12814	0.714871
2.12839	0.762585
2.12863	0.805486
2.12887	0.829939
2.12912	0.837593
2.12936	0.843541
2.12961	0.862028
2.12985	0.900455
2.1301	0.963995
2.13034	1.05776
2.13059	1.18473
2.13083	1.34642
2.13108	1.54152
2.13132	1.75482
2.13157	1.94945
2.13181	2.08054
2.13205	2.12145
2.1323	2.07511
2.13254	1.96449
2.13279	1.82061
2.13303	1.6755
2.13328	1.55208
2.13352	1.45412
2.13377	1.37151
2.13401	1.29806
2.13426	1.24172
2.1345	1.22198
2.13475	1.26381
2.13499	1.38335
2.13523	1.5585
2.13548	1.71552
2.13572	1.77192
2.13597	1.70718
2.13621	1.57786
2.13646	1.45455
2.1367	1.36138
2.13695	1.28584
2.13719	1.22093
2.13744	1.16985
2.13768	1.12388
2.13792	1.06802
2.13817	1.00742
2.13841	0.962938
2.13866	0.940525
2.1389	0.929642
2.13915	0.934119
2.13939	0.976113
2.13964	1.05669
2.13988	1.13381
2.14013	1.15687
2.14037	1.11282
2.14062	1.0281
2.14086	0.938663
2.1411	0.870455
2.14135	0.836758
2.14159	0.836071
2.14184	0.854271
2.14208	0.879349
2.14233	0.912352
2.14257	0.958504
2.14282	1.0141
2.14306	1.06985
2.14331	1.12096
2.14355	1.16519
2.1438	1.19601
2.14404	1.20554
2.14428	1.19096
2.14453	1.15234
2.14477	1.08994
2.14502	1.01009
2.14526	0.927342
2.14551	0.853885
2.14575	0.792651
2.146	0.74673
2.14624	0.725796
2.14649	0.732586
2.14673	0.750133
2.14698	0.754448
2.14722	0.736081
2.14746	0.700412
2.14771	0.65379
2.14795	0.601599
2.1482	0.554099
2.14844	0.519439
2.14869	0.49268
2.14893	0.463993
2.14918	0.435232
2.14942	0.415605
2.14967	0.403487
2.14991	0.387188
2.15016	0.363999
2.1504	0.344746
2.15064	0.33808
2.15089	0.342428
2.15113	0.353554
2.15138	0.366364
2.15162	0.368627
2.15187	0.348639
2.15211	0.312841
2.15236	0.281299
2.1526	0.261584
2.15285	0.24214
2.15309	0.216415
2.15333	0.196072
2.15358	0.190658
2.15382	0.190098
2.15407	0.180708
2.15431	0.166237
2.15456	0.158722
2.1548	0.158227
2.15505	0.156613
2.15529	0.154006
2.15554	0.156056
2.15578	0.159513
2.15603	0.155614
2.15627	0.145576
2.15651	0.138903
2.15676	0.137251
2.157	0.133025
2.15725	0.124237
2.15749	0.118023
2.15774	0.117386
2.15798	0.11613
2.15823	0.110567
2.15847	0.105958
2.15872	0.106335
2.15896	0.106335
2.15921	0.099286
2.15945	0.0877361
2.15969	0.080102
2.15994	0.0800731
2.16018	0.0836899
2.16043	0.0849539
2.16067	0.0814283
2.16092	0.075739
2.16116	0.0731062
2.16141	0.0759794
2.16165	0.0806445
2.1619	0.0810599
2.16214	0.0759962
2.16239	0.0700492
2.16263	0.0677598
2.16287	0.0692882
2.16312	0.0716716
2.16336	0.0717097
2.16361	0.0678518
2.16385	0.061676
2.1641	0.0569733
2.16434	0.0552657
2.16459	0.0538647
2.16483	0.0512019
2.16508	0.0513506
2.16532	0.0581825
2.16556	0.0667771
2.16581	0.0673978
2.16605	0.0587364
2.1663	0.0508953
2.16654	0.0526488
2.16679	0.0608475
2.16703	0.0658475
2.16728	0.0634449
2.16752	0.0572423
2.16777	0.0518889
2.16801	0.0488136
2.16826	0.0480938
2.1685	0.0499616
2.16874	0.0528051
2.16899	0.0526322
2.16923	0.0474023
2.16948	0.0408106
2.16972	0.0386229
2.16997	0.0409494
2.17021	0.0417279
2.17046	0.0378005
2.1707	0.0345651
2.17095	0.038151
2.17119	0.0448466
2.17144	0.0450551
2.17168	0.0373758
2.17192	0.0313025
2.17217	0.0337929
2.17241	0.040013
2.17266	0.0413261
2.1729	0.0368297
2.17315	0.0321624
2.17339	0.0311937
2.17364	0.0336266
2.17388	0.0373635
2.17413	0.0389995
2.17437	0.0353415
2.17462	0.0283165
2.17486	0.024699
2.1751	0.0272624
2.17535	0.0306594
2.17559	0.0301397
2.17584	0.0289485
2.17608	0.0316141
2.17633	0.0353213
2.17657	0.0348196
2.17682	0.031353
2.17706	0.0293733
2.17731	0.0283957
2.17755	0.0258344
2.17779	0.0241858
2.17804	0.0270588
2.17828	0.0311577
2.17853	0.0308759
2.17877	0.0283037
2.17902	0.0297619
2.17926	0.0344932
2.17951	0.0359835
2.17975	0.0330641
2.18	0.030683
2.18024	0.0308025
2.18049	0.0313103
2.18073	0.0325078
2.18097	0.0355911
2.18122	0.0365322
2.18146	0.031384
2.18171	0.0257031
2.18195	0.0275667
2.1822	0.0328196
2.18244	0.0299358
2.18269	0.0191886
2.18293	0.0133677
2.18318	0.0181444
2.18342	0.0254688
2.18367	0.0288497
2.18391	0.0311058
2.18415	0.0333416
2.1844	0.0307104
2.18464	0.0244511
2.18489	0.02418
2.18513	0.0316985
2.18538	0.0359168
2.18562	0.0308836
2.18587	0.0253492
2.18611	0.0264104
2.18636	0.0275469
2.1866	0.0226997
2.18685	0.018741
2.18709	0.0223128
2.18733	0.0265821
2.18758	0.0238711
2.18782	0.0202674
2.18807	0.0239995
2.18831	0.0295374
2.18856	0.0278947
2.1888	0.023572
2.18905	0.0256591
2.18929	0.0300242
2.18954	0.026849
2.18978	0.0195535
2.19002	0.0190991
2.19027	0.0240061
2.19051	0.0232871
2.19076	0.0164932
2.191	0.0139516
2.19125	0.0182556
2.19149	0.0215976
2.19174	0.0211685
2.19198	0.0218946
2.19223	0.0238799
2.19247	0.0221796
2.19272	0.019273
2.19296	0.0224496
2.1932	0.0281933
2.19345	0.0251807
2.19369	0.0145854
2.19394	0.0108403
2.19418	0.0186513
2.19443	0.025579
2.19467	0.0228004
2.19492	0.0177857
2.19516	0.0196102
2.19541	0.025941
2.19565	0.0321638
2.1959	0.0401274
2.19614	0.0494167
2.19638	0.0519778
2.19663	0.0443393
2.19687	0.0348525
2.19712	0.0307963
2.19736	0.0284559
2.19761	0.0235418
2.19785	0.0203818
2.1981	0.0219837
2.19834	0.0217161
2.19859	0.014885
2.19883	0.0089673
2.19908	0.0118757
2.19932	0.0187123
2.19956	0.0207671
2.19981	0.019612
2.20005	0.0214226
2.2003	0.0247775
2.20054	0.0251804
2.20079	0.0248467
2.20103	0.0269055
2.20128	0.0266173
2.20152	0.0197965
2.20177	0.0132891
2.20201	0.0147895
2.20225	0.0186618
2.2025	0.0152551
2.20274	0.00836796
2.20299	0.00844787
2.20323	0.0131406
2.20348	0.0113091
2.20372	0.00406054
2.20397	0.00406867
2.20421	0.013231
2.20446	0.018376
2.2047	0.0128215
2.20495	0.00618985
2.20519	0.00715383
2.20543	0.0108943
2.20568	0.0108721
2.20592	0.0102628
2.20617	0.0133473
2.20641	0.0163327
2.20666	0.0153907
2.2069	0.0145168
2.20715	0.0169849
2.20739	0.0178187
2.20764	0.0137364
2.20788	0.0120324
2.20813	0.0189773
2.20837	0.0264605
2.20861	0.0222508
2.20886	0.00906915
2.2091	0.00114633
2.20935	0.00388413
2.20959	0.00893688
2.20984	0.00959435
2.21008	0.00934299
2.21033	0.0121604
2.21057	0.0143864
2.21082	0.0117989
2.21106	0.00795124
2.21131	0.00909785
2.21155	0.014384
2.21179	0.0166695
2.21204	0.0120615
2.21228	0.00485238
2.21253	0.00260732
2.21277	0.00787145
2.21302	0.015077
2.21326	0.0159508
2.21351	0.00866436
2.21375	0.000400803
2.214	-0.00114441
2.21424	0.00274514
2.21448	0.00444259
2.21473	0.00118143
2.21497	-0.0016868
2.21522	0.000161803
2.21546	0.00342518
2.21571	0.00347801
2.21595	0.00242956
2.2162	0.00497043
2.21644	0.00900418
2.21669	0.00776821
2.21693	0.00116427
2.21718	-0.00261796
2.21742	0.000694138
2.21766	0.00463256
2.21791	0.00234716
2.21815	-0.00200896
2.2184	0.000248463
2.21864	0.00778887
2.21889	0.0102508
2.21913	0.00372039
2.21938	-0.0036488
2.21962	-0.00405259
2.21987	-8.57761e-05
2.22011	0.00200949
2.22036	0.00200937
2.2206	0.002568
2.22084	0.00241334
2.22109	0.000145506
2.22133	0.000129241
2.22158	0.00588533
2.22182	0.0109634
2.22207	0.00647126
2.22231	-0.00363485
2.22256	-0.00592886
2.2228	0.00258542
2.22305	0.00929148
2.22329	0.00484886
2.22354	-0.0033774
2.22378	-0.0039228
2.22402	0.00144727
2.22427	0.00249213
2.22451	-0.00296763
2.22476	-0.00738205
2.225	-0.00602282
2.22525	-0.0020591
2.22549	0.000559622
2.22574	0.001559
2.22598	0.00109563
2.22623	-0.00133606
2.22647	-0.00361167
2.22672	-0.00215996
2.22696	0.00223175
2.2272	0.00457587
2.22745	0.00280109
2.22769	0.000353403
2.22794	0.000587543
2.22818	0.00279978
2.22843	0.00506298
2.22867	0.00702125
2.22892	0.00836517
2.22916	0.00802588
2.22941	0.00625682
2.22965	0.00462108
2.22989	0.00321091
2.23014	0.00107338
2.23038	-0.000367131
2.23063	0.00168221
2.23087	0.00624881
2.23112	0.00878935
2.23136	0.00775805
2.23161	0.0067206
2.23185	0.00839689
2.2321	0.010983
2.23234	0.0123714
2.23259	0.0136902
2.23283	0.0159381
2.23307	0.0170772
2.23332	0.0155277
2.23356	0.0131226
2.23381	0.0116944
2.23405	0.0100835
2.2343	0.00764104
2.23454	0.00724904
2.23479	0.0111101
2.23503	0.0162455
2.23528	0.0180562
2.23552	0.0164342
2.23577	0.01501
2.23601	0.0160775
2.23625	0.0190466
2.2365	0.022047
2.23674	0.0226883
2.23699	0.0197826
2.23723	0.0165368
2.23748	0.0184427
2.23772	0.024846
2.23797	0.027018
2.23821	0.0195185
2.23846	0.0096731
2.2387	0.00916424
2.23895	0.0182992
2.23919	0.0257704
2.23943	0.023751
2.23968	0.0163809
2.23992	0.011858
2.24017	0.0121598
2.24041	0.0137446
2.24066	0.0143659
2.2409	0.0152701
2.24115	0.0178615
2.24139	0.0208486
2.24164	0.0212607
2.24188	0.0179585
2.24212	0.0135148
2.24237	0.0114349
2.24261	0.0116829
2.24286	0.0111888
2.2431	0.00895772
2.24335	0.00728926
2.24359	0.00708925
2.24384	0.00636185
2.24408	0.00528511
2.24433	0.00762839
2.24457	0.0137624
2.24482	0.017521
2.24506	0.0146288
2.2453	0.00926507
2.24555	0.00698155
2.24579	0.00647629
2.24604	0.00496211
2.24628	0.00610898
2.24653	0.0138016
2.24677	0.0222286
2.24702	0.0222247
2.24726	0.0148967
2.24751	0.0090071
2.24775	0.00711998
2.248	0.00527038
2.24824	0.00443727
2.24848	0.00933645
2.24873	0.0156436
2.24897	0.0126251
2.24922	0.00154414
2.24946	-0.00266307
2.24971	0.00623606
2.24995	0.0150921
2.2502	0.0113019
2.25044	0.00163775
2.25069	0.000604776
2.25093	0.00902714
2.25118	0.0158253
2.25142	0.0152448
2.25166	0.0113151
2.25191	0.00869287
2.25215	0.00850085
2.2524	0.0108698
2.25264	0.0140645
2.25289	0.0137819
2.25313	0.00966616
2.25338	0.00842835
2.25362	0.0138009
2.25387	0.0186414
2.25411	0.0154523
2.25435	0.00957766
2.2546	0.011412
2.25484	0.0191259
2.25509	0.021195
2.25533	0.0150516
2.25558	0.0108329
2.25582	0.0146917
2.25607	0.0196925
2.25631	0.0176998
2.25656	0.0113949
2.2568	0.00885289
2.25705	0.0123227
2.25729	0.0175945
2.25753	0.0203719
2.25778	0.0192605
2.25802	0.015666
2.25827	0.0136085
2.25851	0.0165283
2.25876	0.022167
2.259	0.0241611
2.25925	0.0207643
2.25949	0.0179852
2.25974	0.0211237
2.25998	0.0267296
2.26023	0.026832
2.26047	0.019233
2.26071	0.0100529
2.26096	0.00663357
2.2612	0.010282
2.26145	0.0159675
2.26169	0.0179499
2.26194	0.0156375
2.26218	0.0137647
2.26243	0.0159284
2.26267	0.0190017
2.26292	0.0167986
2.26316	0.00940397
2.26341	0.00488448
2.26365	0.00918351
2.26389	0.0172962
2.26414	0.0188598
2.26438	0.0117583
2.26463	0.00512851
2.26487	0.00682893
2.26512	0.0124181
2.26536	0.011798
2.26561	0.00476117
2.26585	0.00238799
2.2661	0.0107069
2.26634	0.0203185
2.26658	0.0187981
2.26683	0.00869752
2.26707	0.00420508
2.26732	0.0111568
2.26756	0.0200382
2.26781	0.0209027
2.26805	0.0161464
2.2683	0.013537
2.26854	0.0138952
2.26879	0.0127694
2.26903	0.00985073
2.26928	0.00921869
2.26952	0.0117916
2.26976	0.0136745
2.27001	0.0120623
2.27025	0.00861675
2.2705	0.00670251
2.27074	0.00788472
2.27099	0.0110877
2.27123	0.0137508
2.27148	0.0144333
2.27172	0.0145153
2.27197	0.015514
2.27221	0.015423
2.27246	0.011629
2.2727	0.00707857
2.27294	0.00766479
2.27319	0.0125568
2.27343	0.0140569
2.27368	0.00937633
2.27392	0.00486686
2.27417	0.00474029
2.27441	0.00401214
2.27466	-0.00123132
2.2749	-0.00473512
2.27515	0.000173412
2.27539	0.00814014
2.27564	0.008912
2.27588	0.00257135
2.27612	-0.00213745
2.27637	-0.00158114
2.27661	0.000427281
2.27686	0.0018213
2.2771	0.00404836
2.27735	0.00588758
2.27759	0.00494044
2.27784	0.00447611
2.27808	0.00926319
2.27833	0.0150499
2.27857	0.0125055
2.27881	0.00260628
2.27906	-0.00239562
2.2793	0.00382119
2.27955	0.013067
2.27979	0.0154342
2.28004	0.0121995
2.28028	0.0105043
2.28053	0.0117913
2.28077	0.0118261
2.28102	0.00847706
2.28126	0.0042764
2.28151	0.00286278
2.28175	0.00553305
2.28199	0.00980838
2.28224	0.0108204
2.28248	0.00673686
2.28273	0.00252619
2.28297	0.00448876
2.28322	0.0113985
2.28346	0.0158136
2.28371	0.014249
2.28395	0.0107987
2.2842	0.0100744
2.28444	0.0119026
2.28469	0.0140919
2.28493	0.015419
2.28517	0.0146823
2.28542	0.0115358
2.28566	0.00923064
2.28591	0.0116979
2.28615	0.0170596
2.2864	0.0189584
2.28664	0.0152282
2.28689	0.0104334
2.28713	0.00907999
2.28738	0.0111196
2.28762	0.0145539
2.28787	0.0174651
2.28811	0.0173937
2.28835	0.0140174
2.2886	0.0120547
2.28884	0.0157007
2.28909	0.0211711
2.28933	0.0217237
2.28958	0.0187966
2.28982	0.0194838
2.29007	0.0237242
2.29031	0.0244801
2.29056	0.0212745
2.2908	0.021714
2.29104	0.0268678
2.29129	0.0275508
2.29153	0.0200445
2.29178	0.013238
2.29202	0.0133887
2.29227	0.0138749
2.29251	0.00891132
2.29276	0.00582634
2.293	0.0122455
2.29325	0.0208903
2.29349	0.0204527
2.29374	0.0140587
2.29398	0.0126688
2.29422	0.0157754
2.29447	0.0140724
2.29471	0.00815436
2.29496	0.00836945
2.2952	0.0159267
2.29545	0.0196698
2.29569	0.0145282
2.29594	0.00906527
2.29618	0.00983324
2.29643	0.0110435
2.29667	0.00669295
2.29692	0.00195027
2.29716	0.00395369
2.2974	0.00965904
2.29765	0.0118502
2.29789	0.0110225
2.29814	0.0121779
2.29838	0.0143121
2.29863	0.0124161
2.29887	0.00767322
2.29912	0.00683729
2.29936	0.01159
2.29961	0.0159005
2.29985	0.0150563
2.3001	0.0113918
2.30034	0.00930187
2.30058	0.00919245
2.30083	0.00860998
2.30107	0.00646379
2.30132	0.00431226
2.30156	0.00487026
2.30181	0.00948392
2.30205	0.0156529
2.3023	0.0180714
2.30254	0.0144455
2.30279	0.00893827
2.30303	0.00679073
2.30327	0.00736784
2.30352	0.00693034
2.30376	0.00651363
2.30401	0.0105021
2.30425	0.0174666
2.3045	0.0201
2.30474	0.0163565
2.30499	0.0128495
2.30523	0.0134343
2.30548	0.0126693
2.30572	0.00692532
2.30597	0.00390892
2.30621	0.0113619
2.30645	0.0220261
2.3067	0.0218972
2.30694	0.0110232
2.30719	0.00357915
2.30743	0.00695227
2.30768	0.0132761
2.30792	0.0144997
2.30817	0.0136948
2.30841	0.0158822
2.30866	0.0182155
2.3089	0.0165012
2.30915	0.0131416
2.30939	0.0114608
2.30963	0.00957324
2.30988	0.00664945
2.31012	0.00735294
2.31037	0.0123428
2.31061	0.0127228
2.31086	0.00347729
2.3111	-0.00534049
2.31135	-0.0021797
2.31159	0.00792293
2.31184	0.0116719
2.31208	0.00848062
2.31233	0.00842736
2.31257	0.012607
2.31281	0.0119251
2.31306	0.00557941
2.3133	0.00422926
2.31355	0.0112111
2.31379	0.0157298
2.31404	0.0106709
2.31428	0.00379212
2.31453	0.00365963
2.31477	0.00621444
2.31502	0.00430984
2.31526	0.000909728
2.31551	0.002877
2.31575	0.00871433
2.31599	0.0119921
2.31624	0.0117439
2.31648	0.0110688
2.31673	0.00992678
2.31697	0.00724731
2.31722	0.0061986
2.31746	0.00963234
2.31771	0.013515
2.31795	0.0121542
2.3182	0.00725097
2.31844	0.00499556
2.31868	0.00657669
2.31893	0.00801722
2.31917	0.00736189
2.31942	0.00593556
2.31966	0.00428334
2.31991	0.0025164
2.32015	0.00295213
2.3204	0.00718249
2.32064	0.0122787
2.32089	0.0145143
2.32113	0.014412
2.32138	0.0137292
2.32162	0.0112144
2.32186	0.00685307
2.32211	0.00585912
2.32235	0.0111131
2.3226	0.0155933
2.32284	0.0113201
2.32309	0.00311784
2.32333	0.00323052
2.32358	0.0131883
2.32382	0.0219005
2.32407	0.0226989
2.32431	0.0210186
2.32456	0.0218584
2.3248	0.0208736
2.32504	0.0143385
2.32529	0.00866901
2.32553	0.0112773
2.32578	0.0180804
2.32602	0.0191163
2.32627	0.0130542
2.32651	0.00763727
2.32676	0.0075194
2.327	0.00950806
2.32725	0.00965206
2.32749	0.0082663
2.32774	0.00716493
2.32798	0.00723988
2.32822	0.00935906
2.32847	0.0130403
2.32871	0.0143042
2.32896	0.0100462
2.3292	0.0045246
2.32945	0.00526411
2.32969	0.0116317
2.32994	0.0145572
2.33018	0.0101448
2.33043	0.00600073
2.33067	0.00913941
2.33091	0.0145782
2.33116	0.0132956
2.3314	0.00634811
2.33165	0.00216386
2.33189	0.00288046
2.33214	0.00317969
2.33238	0.00174268
2.33263	0.00341784
2.33287	0.00842498
2.33312	0.00971544
2.33336	0.00505872
2.33361	0.00229758
2.33385	0.00665083
2.33409	0.0113775
2.33434	0.00909905
2.33458	0.00511397
2.33483	0.00900213
2.33507	0.0175271
2.33532	0.0179503
2.33556	0.00775565
2.33581	-0.000507725
2.33605	0.00295462
2.3363	0.0119531
2.33654	0.0142121
2.33679	0.00793605
2.33703	0.00204925
2.33727	0.0030546
2.33752	0.00772529
2.33776	0.00906083
2.33801	0.00570902
2.33825	0.00322757
2.3385	0.00631677
2.33874	0.0119092
2.33899	0.0128559
2.33923	0.00822263
2.33948	0.00505988
2.33972	0.00761229
2.33997	0.0105739
2.34021	0.00854893
2.34045	0.00686338
2.3407	0.0139958
2.34094	0.0260493
2.34119	0.0296187
2.34143	0.0209626
2.34168	0.0117381
2.34192	0.0121143
2.34217	0.0176325
2.34241	0.0183994
2.34266	0.0133931
2.3429	0.00868238
2.34314	0.00742245
2.34339	0.00885876
2.34363	0.0126497
2.34388	0.0169113
2.34412	0.0158979
2.34437	0.00747678
2.34461	1.69225e-05
2.34486	0.0034173
2.3451	0.01471
2.34535	0.0212566
2.34559	0.0181302
2.34584	0.0131646
2.34608	0.0130561
2.34632	0.0141763
2.34657	0.0122179
2.34681	0.0123263
2.34706	0.0209152
2.3473	0.0322642
2.34755	0.0334748
2.34779	0.022451
2.34804	0.0119535
2.34828	0.0132028
2.34853	0.0226202
2.34877	0.029038
2.34902	0.0281887
2.34926	0.0242
2.3495	0.0208229
2.34975	0.0184557
2.34999	0.0183041
2.35024	0.0220683
2.35048	0.0267854
2.35073	0.026561
2.35097	0.0212414
2.35122	0.017438
2.35146	0.01854
2.35171	0.0198019
2.35195	0.0169305
2.3522	0.0136004
2.35244	0.0152311
2.35268	0.0203099
2.35293	0.0240434
2.35317	0.0265595
2.35342	0.0303694
2.35366	0.0327359
2.35391	0.0287483
2.35415	0.0210153
2.3544	0.0182066
2.35464	0.0231745
2.35489	0.0296352
2.35513	0.0322651
2.35537	0.0334249
2.35562	0.0371891
2.35586	0.0424267
2.35611	0.0456278
2.35635	0.0466751
2.3566	0.0479992
2.35684	0.0501197
2.35709	0.0509153
2.35733	0.0486952
2.35758	0.0450716
2.35782	0.0452625
2.35807	0.0541457
2.35831	0.069872
2.35855	0.0834381
2.3588	0.0884458
2.35904	0.0896737
2.35929	0.0970822
2.35953	0.112526
2.35978	0.128232
2.36002	0.138005
2.36027	0.143185
2.36051	0.1465
2.36076	0.147161
2.361	0.145228
2.36125	0.145112
2.36149	0.150708
2.36173	0.16079
2.36198	0.172506
2.36222	0.186184
2.36247	0.203795
2.36271	0.225124
2.36296	0.24744
2.3632	0.266545
2.36345	0.277233
2.36369	0.276142
2.36394	0.26574
2.36418	0.252941
2.36443	0.243388
2.36467	0.239975
2.36491	0.245675
2.36516	0.262164
2.3654	0.285247
2.36565	0.307394
2.36589	0.325655
2.36614	0.341252
2.36638	0.351091
2.36663	0.347693
2.36687	0.330275
2.36712	0.308415
2.36736	0.29086
2.3676	0.277252
2.36785	0.264674
2.36809	0.255265
2.36834	0.252194
2.36858	0.254251
2.36883	0.259574
2.36907	0.268666
2.36932	0.278261
2.36956	0.278652
2.36981	0.264095
2.37005	0.240939
2.3703	0.219108
2.37054	0.200676
2.37078	0.183525
2.37103	0.170363
2.37127	0.165165
2.37152	0.164621
2.37176	0.16214
2.37201	0.157798
2.37225	0.156083
2.3725	0.156243
2.37274	0.153311
2.37299	0.146739
2.37323	0.139643
2.37348	0.131231
2.37372	0.118637
2.37396	0.10491
2.37421	0.0962046
2.37445	0.0916929
2.3747	0.0852596
2.37494	0.0767915
2.37519	0.0722252
2.37543	0.0720128
2.37568	0.069573
2.37592	0.062916
2.37617	0.0580245
2.37641	0.0579065
2.37666	0.0576087
2.3769	0.0537246
2.37714	0.0502307
2.37739	0.0507161
2.37763	0.0526947
2.37788	0.0536997
2.37812	0.0553012
2.37837	0.0570009
2.37861	0.0542631
2.37886	0.0472923
2.3791	0.043476
2.37935	0.0458092
2.37959	0.0475234
2.37983	0.0444309
2.38008	0.0432864
2.38032	0.0494983
2.38057	0.0554338
2.38081	0.051762
2.38106	0.0434212
2.3813	0.0421056
2.38155	0.0477619
2.38179	0.0502944
2.38204	0.0467078
2.38228	0.0435718
2.38253	0.0436435
2.38277	0.0431056
2.38301	0.0427158
2.38326	0.0486003
2.3835	0.0590843
2.38375	0.0629334
2.38399	0.0556184
2.38424	0.0468537
2.38448	0.0461294
2.38473	0.0499427
2.38497	0.0501407
2.38522	0.0471026
2.38546	0.0467829
2.38571	0.0501006
2.38595	0.0528529
2.38619	0.0529415
2.38644	0.0516027
2.38668	0.0497429
2.38693	0.0475225
2.38717	0.0454634
2.38742	0.0430577
2.38766	0.0391894
2.38791	0.0358211
2.38815	0.0369015
2.3884	0.0416337
2.38864	0.044399
2.38889	0.0437985
2.38913	0.0450091
2.38937	0.04965
2.38962	0.0509924
2.38986	0.0448134
2.39011	0.037738
2.39035	0.0377586
2.3906	0.0426624
2.39084	0.0454145
2.39109	0.0453854
2.39133	0.0460734
2.39158	0.0467202
2.39182	0.0449727
2.39207	0.0437762
2.39231	0.0469062
2.39255	0.0512922
2.3928	0.0521355
2.39304	0.051467
2.39329	0.0527602
2.39353	0.0521719
2.39378	0.046033
2.39402	0.0421378
2.39427	0.050021
2.39451	0.062862
2.39476	0.0642505
2.395	0.0529616
2.39524	0.0453824
2.39549	0.0504624
2.39573	0.0576248
2.39598	0.0555232
2.39622	0.0490002
2.39647	0.0486515
2.39671	0.0541752
2.39696	0.0577863
2.3972	0.0570705
2.39745	0.0557629
2.39769	0.0564694
2.39794	0.0591195
2.39818	0.062785
2.39842	0.0647763
2.39867	0.0625542
2.39891	0.0593479
2.39916	0.0615331
2.3994	0.0675158
2.39965	0.0672159
2.39989	0.0570376
2.40014	0.0471343
2.40038	0.0477336
2.40063	0.0555872
2.40087	0.0607697
2.40112	0.0604647
2.40136	0.0586563
2.4016	0.0574338
2.40185	0.056181
2.40209	0.0558139
2.40234	0.0573574
2.40258	0.0589406
2.40283	0.0588353
2.40307	0.0582176
2.40332	0.0574014
2.40356	0.0540153
2.40381	0.0487461
2.40405	0.0474062
2.4043	0.0525971
2.40454	0.0584915
2.40478	0.058729
2.40503	0.0546126
2.40527	0.0509843
2.40552	0.049174
2.40576	0.0485887
2.40601	0.049924
2.40625	0.0521789
2.4065	0.0517563
2.40674	0.0486744
2.40699	0.0478567
2.40723	0.0505625
2.40747	0.0516088
2.40772	0.0491827
2.40796	0.049014
2.40821	0.053423
2.40845	0.055246
2.4087	0.0496015
2.40894	0.0429109
2.40919	0.0422468
2.40943	0.0443037
2.40968	0.0437516
2.40992	0.043841
2.41017	0.0484201
2.41041	0.0516653
2.41065	0.0475553
2.4109	0.0424219
2.41114	0.0452236
2.41139	0.0513197
2.41163	0.0497887
2.41188	0.0424708
2.41212	0.0410411
2.41237	0.0474341
2.41261	0.0519439
2.41286	0.0506763
2.4131	0.050534
2.41335	0.0546504
2.41359	0.0558879
2.41383	0.0493697
2.41408	0.0412975
2.41432	0.0401205
2.41457	0.0460755
2.41481	0.0536122
2.41506	0.0585696
2.4153	0.0597168
2.41555	0.0576424
2.41579	0.0548564
2.41604	0.0543397
2.41628	0.0568382
2.41653	0.0609046
2.41677	0.064327
2.41701	0.064272
2.41726	0.0594591
2.4175	0.0541157
2.41775	0.0546828
2.41799	0.059903
2.41824	0.0609728
2.41848	0.0554496
2.41873	0.0525617
2.41897	0.0585259
2.41922	0.0656863
2.41946	0.0648
2.4197	0.0594198
2.41995	0.0577852
2.42019	0.0586784
2.42044	0.0574526
2.42068	0.0586344
2.42093	0.0685313
2.42117	0.0807032
2.42142	0.0832874
2.42166	0.0770036
2.42191	0.0719019
2.42215	0.0699366
2.4224	0.0655608
2.42264	0.0605531
2.42288	0.0622386
2.42313	0.0682622
2.42337	0.0690788
2.42362	0.0653057
2.42386	0.0665726
2.42411	0.0726374
2.42435	0.0724286
2.4246	0.064064
2.42484	0.0590637
2.42509	0.0627347
2.42533	0.066574
2.42558	0.0653615
2.42582	0.0659325
2.42606	0.0721781
2.42631	0.0763586
2.42655	0.073548
2.4268	0.0709021
2.42704	0.0733534
2.42729	0.0731047
2.42753	0.064168
2.42778	0.0559996
2.42802	0.0602782
2.42827	0.0725149
2.42851	0.0791191
2.42876	0.0768123
2.429	0.0733566
2.42924	0.0730941
2.42949	0.0728933
2.42973	0.0709208
2.42998	0.0701109
2.43022	0.0725076
2.43047	0.0763535
2.43071	0.079143
2.43096	0.079916
2.4312	0.0794892
2.43145	0.0807528
2.43169	0.0861712
2.43193	0.09288
2.43218	0.0941627
2.43242	0.0885481
2.43267	0.0829636
2.43291	0.0833401
2.43316	0.0868594
2.4334	0.0881411
2.43365	0.0885469
2.43389	0.0930144
2.43414	0.100399
2.43438	0.103989
2.43463	0.101545
2.43487	0.0987113
2.43511	0.100579
2.43536	0.104508
2.4356	0.104858
2.43585	0.102272
2.43609	0.103407
2.43634	0.110882
2.43658	0.118067
2.43683	0.117423
2.43707	0.11118
2.43732	0.108591
2.43756	0.1135
2.43781	0.120444
2.43805	0.123752
2.43829	0.124471
2.43854	0.126192
2.43878	0.129475
2.43903	0.133228
2.43927	0.137021
2.43952	0.139832
2.43976	0.14099
2.44001	0.143361
2.44025	0.149699
2.4405	0.1555
2.44074	0.153674
2.44099	0.1473
2.44123	0.147262
2.44147	0.15466
2.44172	0.158017
2.44196	0.152973
2.44221	0.151038
2.44245	0.160433
2.4427	0.171647
2.44294	0.173274
2.44319	0.170124
2.44343	0.172395
2.44368	0.177508
2.44392	0.177418
2.44416	0.175144
2.44441	0.178564
2.44465	0.184907
2.4449	0.18684
2.44514	0.187688
2.44539	0.19502
2.44563	0.204586
2.44588	0.206538
2.44612	0.20301
2.44637	0.203805
2.44661	0.208942
2.44686	0.211362
2.4471	0.212577
2.44734	0.218872
2.44759	0.225856
2.44783	0.224633
2.44808	0.0
2.44832	0.0
2.44857	0.0
2.44881	0.0
2.44906	0.0
2.4493	0.0
2.44955	0.0
2.44979	0.0
2.45004	0.0
2.45028	0.0
2.45052	0.0
2.45077	0.0
2.45101	0.0
2.45126	0.0
2.4515	0.0
2.45175	0.0
2.45199	0.0
2.45224	0.0
2.45248	0.0
2.45273	0.0
2.45297	0.0
2.45322	0.0
2.45346	0.0
2.4537	0.0
2.45395	0.0
2.45419	0.0
2.45444	0.0
2.45468	0.0
2.45493	0.0
2.45517	0.0
2.45542	0.0
2.45566	0.0
2.45591	0.0
2.45615	0.0
2.45639	0.0
2.45664	0.0
2.45688	0.0
2.45713	0.0
2.45737	0.0
2.45762	0.0
2.45786	0.0
2.45811	0.0
2.45835	0.0
2.4586	0.0
2.45884	0.0
2.45909	0.0
2.45933	0.0
2.45957	0.0
2.45982	0.0
2.46006	0.0
2.46031	0.0
2.46055	0.0
2.4608	0.0
2.46104	0.0
2.46129	0.0
2.46153	0.0
2.46178	0.0
2.46202	0.0
2.46227	0.0
2.46251	0.0
2.46275	0.0
2.463	0.0
2.46324	0.0
2.46349	0.0
2.46373	0.0
2.46398	0.0
2.46422	0.0
2.46447	0.0
2.46471	0.0
2.46496	0.0
2.4652	0.0
2.46545	0.0
2.46569	0.0
2.46593	0.0
2.46618	0.0
2.46642	0.0
2.46667	0.0
2.46691	0.0
2.46716	0.0
2.4674	0.0
2.46765	0.0
2.46789	0.0
2.46814	0.0
2.46838	0.0
2.46863	0.0
2.46887	0.0
2.46911	0.0
2.46936	0.0
2.4696	0.0
2.46985	0.0
2.47009	0.0
2.47034	0.0
2.47058	0.0
2.47083	0.0
2.47107	0.0
2.47132	0.0
2.47156	0.0
2.4718	0.0
2.47205	0.0
2.47229	0.0
2.47254	0.0
2.47278	0.0
2.47303	0.0
2.47327	0.0
2.47352	0.0
2.47376	0.0
2.47401	0.0
2.47425	0.0
2.4745	0.0
2.47474	0.0
2.47498	0.0
2.47523	0.0
2.47547	0.0
2.47572	0.0
2.47596	0.0
2.47621	0.0
2.47645	0.0
2.4767	0.0
2.47694	0.0
2.47719	0.0
2.47743	0.0
2.47768	0.0
2.47792	0.0
2.47816	0.0
2.47841	0.0
2.47865	0.0
2.4789	0.0
2.47914	0.0
2.47939	0.0
2.47963	0.0
2.47988	0.0
2.48012	0.0
2.48037	0.0
2.48061	0.0
2.48086	0.0
2.4811	0.0
2.48134	0.0
2.48159	0.0
2.48183	0.0
2.48208	0.0
2.48232	0.0
2.48257	0.0
2.48281	0.0
2.48306	0.0
2.4833	0.0
2.48355	0.0
2.48379	0.0
2.48403	0.0
2.48428	0.0
2.48452	0.0
2.48477	0.0
2.48501	0.0
2.48526	0.0
2.4855	0.0
2.48575	0.0
2.48599	0.0
2.48624	0.0
2.48648	0.0
2.48673	0.0
2.48697	0.0
2.48721	0.0
2.48746	0.0
2.4877	0.0
2.48795	0.0
2.48819	0.0
2.48844	0.0
2.48868	0.0
2.48893	0.0
2.48917	0.0
2.48942	0.0
2.48966	0.0
2.48991	0.0
2.49015	0.0
2.49039	0.0
2.49064	0.0
2.49088	0.0
2.49113	0.0
2.49137	0.0
2.49162	0.0
2.49186	0.0
2.49211	0.0
2.49235	0.0
2.4926	0.0
2.49284	0.0
2.49309	0.0
2.49333	0.0
2.49357	0.0
2.49382	0.0
2.49406	0.0
2.49431	0.0
2.49455	0.0
2.4948	0.0
2.49504	0.0
2.49529	0.0
2.49553	0.0
2.49578	0.0
2.49602	0.0
2.49626	0.0
2.49651	0.0
2.49675	0.0
2.497	0.0
2.49724	0.0
2.49749	0.0
2.49773	0.0
2.49798	0.0
2.49822	0.0
2.49847	0.0
2.49871	0.0
2.49896	0.0
2.4992	0.0
2.49944	0.0
2.49969	0.0
2.49993	0.0
2.50018	0.0
2.50042	0.0
2.50067	0.0
2.50091	0.0
2.50116	0.0
2.5014	0.0
2.50165	0.0
2.50189	0.0
2.50214	0.0
2.50238	0.0
2.50262	0.0
2.50287	0.0
2.50311	0.0
2.50336	0.0
2.5036	0.0
2.50385	0.0
2.50409	0.0
2.50434	0.0
2.50458	0.0
2.50483	0.0
2.50507	0.0
2.50532	0.0
2.50556	0.0
2.5058	0.0
2.50605	0.0
2.50629	0.0
2.50654	0.0
2.50678	0.0
2.50703	0.0
2.50727	0.0
2.50752	0.0
2.50776	0.0
2.50801	0.0
2.50825	0.0
2.50849	0.0
2.50874	0.0
2.50898	0.0
2.50923	0.0
2.50947	0.0
2.50972	0.0
2.50996	0.0
2.51021	0.0
2.51045	0.0
2.5107	0.0
2.51094	0.0
2.51119	0.0
2.51143	0.0
2.51167	0.0
2.51192	0.0
2.51216	0.0
2.51241	0.0
2.51265	0.0
2.5129	0.0
2.51314	0.0
2.51339	0.0
2.51363	0.0
2.51388	0.0
2.51412	0.0
2.51437	0.0
2.51461	0.0
2.51485	0.0
2.5151	0.0
2.51534	0.0
2.51559	0.0
2.51583	0.0
2.51608	0.0
2.51632	0.0
2.51657	0.0
2.51681	0.0
2.51706	0.0
2.5173	0.0
2.51755	0.0
2.51779	0.0
2.51803	0.0
2.51828	0.0
2.51852	0.0
2.51877	0.0
2.51901	0.0
2.51926	0.0
2.5195	0.0
2.51975	0.0
2.51999	0.0
2.52024	0.0
2.52048	0.0
2.52072	0.0
2.52097	0.0
2.52121	0.0
2.52146	0.0
2.5217	0.0
2.52195	0.0
2.52219	0.0
2.52244	0.450945
2.52268	0.445214
2.52293	0.441336
2.52317	0.438189
2.52342	0.43398
2.52366	0.428134
2.5239	0.423744
2.52415	0.4227
2.52439	0.41964
2.52464	0.408226
2.52488	0.392855
2.52513	0.385398
2.52537	0.389116
2.52562	0.394334
2.52586	0.39245
2.52611	0.386194
2.52635	0.382434
2.5266	0.381748
2.52684	0.379798
2.52708	0.374417
2.52733	0.367233
2.52757	0.361029
2.52782	0.357789
2.52806	0.357068
2.52831	0.355674
2.52855	0.351581
2.5288	0.347308
2.52904	0.345657
2.52929	0.343702
2.52953	0.336605
2.52978	0.326676
2.53002	0.322002
2.53026	0.325212
2.53051	0.329775
2.53075	0.329231
2.531	0.324675
2.53124	0.320776
2.53149	0.318952
2.53173	0.31737
2.53198	0.31475
2.53222	0.311917
2.53247	0.310871
2.53271	0.312499
2.53295	0.313941
2.5332	0.310043
2.53344	0.300266
2.53369	0.291703
2.53393	0.290846
2.53418	0.294384
2.53442	0.293716
2.53467	0.28746
2.53491	0.28318
2.53516	0.286088
2.5354	0.291779
2.53565	0.292266
2.53589	0.285519
2.53613	0.277045
2.53638	0.273838
2.53662	0.277221
2.53687	0.280786
2.53711	0.277015
2.53736	0.267082
2.5376	0.260413
2.53785	0.262073
2.53809	0.265766
2.53834	0.264141
2.53858	0.260246
2.53883	0.260971
2.53907	0.263638
2.53931	0.259579
2.53956	0.249653
2.5398	0.245128
2.54005	0.251157
2.54029	0.25889
2.54054	0.258028
2.54078	0.249877
2.54103	0.243162
2.54127	0.242062
2.54152	0.243172
2.54176	0.241514
2.54201	0.236154
2.54225	0.23105
2.54249	0.23112
2.54274	0.235936
2.54298	0.23876
2.54323	0.235114
2.54347	0.230051
2.54372	0.231381
2.54396	0.237569
2.54421	0.239893
2.54445	0.236277
2.5447	0.234155
2.54494	0.237585
2.54518	0.240543
2.54543	0.237524
2.54567	0.232902
2.54592	0.233117
2.54616	0.235525
2.54641	0.232971
2.54665	0.226189
2.5469	0.223472
2.54714	0.228381
2.54739	0.234766
2.54763	0.235765
2.54788	0.232656
2.54812	0.231755
2.54836	0.235334
2.54861	0.239162
2.54885	0.238764
2.5491	0.235434
2.54934	0.234317
2.54959	0.237561
2.54983	0.241922
2.55008	0.243974
2.55032	0.245002
2.55057	0.248238
2.55081	0.253091
2.55106	0.255803
2.5513	0.255449
2.55154	0.255619
2.55179	0.259329
2.55203	0.265273
2.55228	0.270412
2.55252	0.273919
2.55277	0.277012
2.55301	0.280541
2.55326	0.284231
2.5535	0.287643
2.55375	0.291203
2.55399	0.296361
2.55424	0.303851
2.55448	0.311082
2.55472	0.313461
2.55497	0.310904
2.55521	0.310603
2.55546	0.318637
2.5557	0.330023
2.55595	0.333581
2.55619	0.327749
2.55644	0.32438
2.55668	0.33258
2.55693	0.345233
2.55717	0.348912
2.55742	0.343265
2.55766	0.341028
2.5579	0.348878
2.55815	0.358317
2.55839	0.35984
2.55864	0.357678
2.55888	0.362393
2.55913	0.373875
2.55937	0.381897
2.55962	0.382863
2.55986	0.385688
2.56011	0.397726
2.56035	0.41354
2.56059	0.423905
2.56084	0.429753
2.56108	0.439118
2.56133	0.453786
2.56157	0.467916
2.56182	0.479633
2.56206	0.49589
2.56231	0.523932
2.56255	0.564274
2.5628	0.614668
2.56304	0.675612
2.56329	0.748742
2.56353	0.833628
2.56377	0.927993
2.56402	1.02578
2.56426	1.1117
2.56451	1.16355
2.56475	1.16741
2.565	1.13024
2.56524	1.0737
2.56549	1.01639
2.56573	0.964789
2.56598	0.918787
2.56622	0.879535
2.56647	0.850001
2.56671	0.831331
2.56695	0.821659
2.5672	0.818395
2.56744	0.820678
2.56769	0.829085
2.56793	0.842848
2.56818	0.858454
2.56842	0.872727
2.56867	0.886841
2.56891	0.904806
2.56916	0.927732
2.5694	0.952479
2.56965	0.976949
2.56989	1.00377
2.57013	1.03681
2.57038	1.0763
2.57062	1.11972
2.57087	1.16563
2.57111	1.2143
2.57136	1.26526
2.5716	1.31596
2.57185	1.36291
2.57209	1.40434
2.57234	1.44272
2.57258	1.48394
2.57282	1.53206
2.57307	1.5862
2.57331	1.64536
2.57356	1.71466
2.5738	1.80203
2.57405	1.91077
2.57429	2.04235
2.57454	2.20551
2.57478	2.41063
2.57503	2.65034
2.57527	2.89584
2.57552	3.12143
2.57576	3.32487
2.576	3.5139
2.57625	3.68126
2.57649	3.80933
2.57674	3.89672
2.57698	3.96128
2.57723	4.01076
2.57747	4.02585
2.57772	3.98385
2.57796	3.88933
2.57821	3.76976
2.57845	3.64736
2.5787	3.5288
2.57894	3.41892
2.57918	3.32851
2.57943	3.26356
2.57967	3.21772
2.57992	3.18214
2.58016	3.15595
2.58041	3.14147
2.58065	3.13515
2.5809	3.13074
2.58114	3.12871
2.58139	3.1361
2.58163	3.15844
2.58188	3.19685
2.58212	3.25097
2.58236	3.31932
2.58261	3.39748
2.58285	3.48081
2.5831	3.56807
2.58334	3.65744
2.58359	3.7413
2.58383	3.81199
2.58408	3.87246
2.58432	3.93399
2.58457	4.00336
2.58481	4.08071
2.58505	4.17156
2.5853	4.28965
2.58554	4.44106
2.58579	4.61331
2.58603	4.78893
2.58628	4.96581
2.58652	5.15582
2.58677	5.3661
2.58701	5.58928
2.58726	5.81043
2.5875	6.01478
2.58775	6.18698
2.58799	6.30971
2.58823	6.36924
2.58848	6.36409
2.58872	6.309
2.58897	6.22826
2.58921	6.13838
2.58946	6.03311
2.5897	5.89023
2.58995	5.6979
2.59019	5.47139
2.59044	5.24042
2.59068	5.02571
2.59093	4.83378
2.59117	4.66733
2.59141	4.52851
2.59166	4.4122
2.5919	4.30616
2.59215	4.20039
2.59239	4.09122
2.59264	3.9765
2.59288	3.8543
2.59313	3.72775
2.59337	3.60556
2.59362	3.49635
2.59386	3.40576
2.59411	3.3374
2.59435	3.29051
2.59459	3.25729
2.59484	3.2283
2.59508	3.20002
2.59533	3.17203
2.59557	3.13919
2.59582	3.0947
2.59606	3.03987
2.59631	2.98372
2.59655	2.93365
2.5968	2.89412
2.59704	2.8727
2.59728	2.87693
2.59753	2.90415
2.59777	2.94317
2.59802	2.98562
2.59826	3.02658
2.59851	3.0557
2.59875	3.0622
2.599	3.05133
2.59924	3.04145
2.59949	3.03824
2.59973	3.02404
2.59998	2.97966
2.60022	2.90402
2.60046	2.80369
2.60071	2.67682
2.60095	2.52207
2.6012	2.35454
2.60144	2.1967
2.60169	2.05673
2.60193	1.92871
2.60218	1.81119
2.60242	1.7117
2.60267	1.63321
2.60291	1.56943
2.60316	1.51572
2.6034	1.4728
2.60364	1.43597
2.60389	1.39186
2.60413	1.33292
2.60438	1.26788
2.60462	1.21019
2.60487	1.16097
2.60511	1.11123
2.60536	1.0581
2.6056	1.0102
2.60585	0.974964
2.60609	0.947416
2.60634	0.916575
2.60658	0.880344
2.60682	0.847998
2.60707	0.827077
2.60731	0.81319
2.60756	0.796298
2.6078	0.773251
2.60805	0.748732
2.60829	0.725998
2.60854	0.703352
2.60878	0.68005
2.60903	0.659027
2.60927	0.641365
2.60951	0.623419
2.60976	0.602574
2.61	0.581506
2.61025	0.563445
2.61049	0.547027
2.61074	0.529426
2.61098	0.51123
2.61123	0.494377
2.61147	0.47807
2.61172	0.461013
2.61196	0.446071
2.61221	0.438354
2.61245	0.438363
2.61269	0.439593
2.61294	0.433994
2.61318	0.419922
2.61343	0.404914
2.61367	0.398954
2.61392	0.402857
2.61416	0.405663
2.61441	0.397837
2.61465	0.384647
2.6149	0.379208
2.61514	0.383047
2.61539	0.383323
2.61563	0.372173
2.61587	0.35858
2.61612	0.35429
2.61636	0.356395
2.61661	0.353453
2.61685	0.343332
2.6171	0.334195
2.61734	0.330081
2.61759	0.326336
2.61783	0.319984
2.61808	0.314938
2.61832	0.313877
2.61857	0.312616
2.61881	0.306999
2.61905	0.29995
2.6193	0.296934
2.61954	0.2979
2.61979	0.298283
2.62003	0.295986
2.62028	0.293145
2.62052	0.291633
2.62077	0.290391
2.62101	0.287747
2.62126	0.283949
2.6215	0.280485
2.62174	0.278445
2.62199	0.278506
2.62223	0.28114
2.62248	0.285209
2.62272	0.287087
2.62297	0.283383
2.62321	0.27504
2.62346	0.26676
2.6237	0.26134
2.62395	0.256484
2.62419	0.248939
2.62444	0.23981
2.62468	0.232871
2.62492	0.228661
2.62517	0.223754
2.62541	0.216164
2.62566	0.208312
2.6259	0.203433
2.62615	0.201378
2.62639	0.199564
2.62664	0.196685
2.62688	0.19393
2.62713	0.1929
2.62737	0.193089
2.62762	0.191683
2.62786	0.186344
2.6281	0.178406
2.62835	0.172222
2.62859	0.170637
2.62884	0.172294
2.62908	0.174163
2.62933	0.174877
2.62957	0.174213
2.62982	0.171446
2.63006	0.166613
2.63031	0.162157
2.63055	0.161088
2.6308	0.164033
2.63104	0.16895
2.63128	0.172347
2.63153	0.17069
2.63177	0.163703
2.63202	0.156868
2.63226	0.156381
2.63251	0.160404
2.63275	0.160921
2.633	0.156524
2.63324	0.156131
2.63349	0.165187
2.63373	0.175717
2.63398	0.177812
2.63422	0.174831
2.63446	0.177487
2.63471	0.186977
2.63495	0.194604
2.6352	0.19612
2.63544	0.1959
2.63569	0.197211
2.63593	0.198104
2.63618	0.197525
2.63642	0.196585
2.63667	0.193171
2.63691	0.183918
2.63715	0.17209
2.6374	0.164794
2.63764	0.161833
2.63789	0.156362
2.63813	0.147099
2.63838	0.140057
2.63862	0.137183
2.63887	0.133873
2.63911	0.129454
2.63936	0.128667
2.6396	0.129941
2.63985	0.124612
2.64009	0.112598
2.64033	0.10629
2.64058	0.111806
2.64082	0.118254
2.64107	0.114527
2.64131	0.10594
2.64156	0.103431
2.6418	0.105615
2.64205	0.104185
2.64229	0.100239
2.64254	0.101534
2.64278	0.10726
2.64303	0.108751
2.64327	0.10405
2.64351	0.0998193
2.64376	0.0987106
2.644	0.0961281
2.64425	0.0909819
2.64449	0.0890076
2.64474	0.0921241
2.64498	0.0939395
2.64523	0.0906963
2.64547	0.0887241
2.64572	0.094588
2.64596	0.103664
2.64621	0.106162
2.64645	0.101455
2.64669	0.0985775
2.64694	0.102866
2.64718	0.109732
2.64743	0.113955
2.64767	0.11813
2.64792	0.126257
2.64816	0.133722
2.64841	0.131911
2.64865	0.121779
2.6489	0.114267
2.64914	0.115293
2.64938	0.118397
2.64963	0.1162
2.64987	0.111263
2.65012	0.109094
2.65036	0.107228
2.65061	0.100118
2.65085	0.09051
2.6511	0.0864078
2.65134	0.0886811
2.65159	0.0904365
2.65183	0.0876601
2.65208	0.0825875
2.65232	0.0775668
2.65256	0.0733047
2.65281	0.0720181
2.65305	0.0745635
2.6533	0.076006
2.65354	0.072156
2.65379	0.068243
2.65403	0.0717324
2.65428	0.0789233
2.65452	0.0798311
2.65477	0.0746725
2.65501	0.0728699
2.65526	0.0761529
2.6555	0.0765965
2.65574	0.0725705
2.65599	0.071732
2.65623	0.0750239
2.65648	0.07309
2.65672	0.0639965
2.65697	0.059225
2.65721	0.0643296
2.65746	0.0681589
2.6577	0.0612915
2.65795	0.052157
2.65819	0.0529866
2.65844	0.0605748
2.65868	0.063851
2.65892	0.0621655
2.65917	0.0628557
2.65941	0.0663827
2.65966	0.0663879
2.6599	0.061431
2.66015	0.056541
2.66039	0.0551539
2.66064	0.0568187
2.66088	0.0600999
2.66113	0.0622245
2.66137	0.0601321
2.66161	0.0564233
2.66186	0.0581229
2.6621	0.0650294
2.66235	0.0675393
2.66259	0.0616537
2.66284	0.0564782
2.66308	0.0593673
2.66333	0.0639863
2.66357	0.062683
2.66382	0.0604374
2.66406	0.0645975
2.66431	0.0697971
2.66455	0.0668132
2.66479	0.0594911
2.66504	0.0585489
2.66528	0.0634905
2.66553	0.064813
2.66577	0.0607574
2.66602	0.0582057
2.66626	0.0592271
2.66651	0.0596696
2.66675	0.0595558
2.667	0.0626334
2.66724	0.0667758
2.66749	0.0664798
2.66773	0.0637733
2.66797	0.0652541
2.66822	0.0695313
2.66846	0.0692681
2.66871	0.0648822
2.66895	0.0642606
2.6692	0.0687639
2.66944	0.0712655
2.66969	0.0690272
2.66993	0.0673885
2.67018	0.069187
2.67042	0.0708747
2.67067	0.0708453
2.67091	0.0719921
2.67115	0.0744995
2.6714	0.0752629
2.67164	0.0755127
2.67189	0.0797418
2.67213	0.0860978
2.67238	0.0875712
2.67262	0.0842442
2.67287	0.0848314
2.67311	0.0941308
2.67336	0.108106
2.6736	0.123233
2.67384	0.141156
2.67409	0.161244
2.67433	0.17746
2.67458	0.186155
2.67482	0.189712
2.67507	0.190182
2.67531	0.186676
2.67556	0.180657
2.6758	0.175632
2.67605	0.169897
2.67629	0.158296
2.67654	0.143364
2.67678	0.135508
2.67702	0.138965
2.67727	0.146779
2.67751	0.153934
2.67776	0.166613
2.678	0.192619
2.67825	0.229502
2.67849	0.267607
2.67874	0.299122
2.67898	0.319697
2.67923	0.327563
2.67947	0.326523
2.67972	0.324488
2.67996	0.32323
2.6802	0.313592
2.68045	0.286311
2.68069	0.244949
2.68094	0.203798
2.68118	0.174988
2.68143	0.160754
2.68167	0.156071
2.68192	0.155515
2.68216	0.158109
2.68241	0.166555
2.68265	0.181131
2.6829	0.19579
2.68314	0.203349
2.68338	0.203545
2.68363	0.202188
2.68387	0.203102
2.68412	0.204823
2.68436	0.204015
2.68461	0.197741
2.68485	0.183859
2.6851	0.164358
2.68534	0.1469
2.68559	0.137655
2.68583	0.134067
2.68607	0.130059
2.68632	0.125583
2.68656	0.124184
2.68681	0.124289
2.68705	0.121871
2.6873	0.119472
2.68754	0.122499
2.68779	0.127877
2.68803	0.127467
2.68828	0.122494
2.68852	0.122465
2.68877	0.128484
2.68901	0.130528
2.68925	0.124829
2.6895	0.121295
2.68974	0.127816
2.68999	0.138503
2.69023	0.144954
2.69048	0.150022
2.69072	0.162508
2.69097	0.185211
2.69121	0.215262
2.69146	0.250522
2.6917	0.289256
2.69195	0.327442
2.69219	0.36007
2.69243	0.381309
2.69268	0.383979
2.69292	0.367344
2.69317	0.34556
2.69341	0.336875
2.69366	0.342067
2.6939	0.345541
2.69415	0.339654
2.69439	0.332457
2.69464	0.327397
2.69488	0.315156
2.69513	0.296091
2.69537	0.291619
2.69561	0.317889
2.69586	0.364791
2.6961	0.418109
2.69635	0.483561
2.69659	0.563405
2.69684	0.624631
2.69708	0.625952
2.69733	0.574962
2.69757	0.52566
2.69782	0.513144
2.69806	0.519883
2.6983	0.516104
2.69855	0.502588
2.69879	0.492807
2.69904	0.476714
2.69928	0.431978
2.69953	0.362345
2.69977	0.29907
2.70002	0.2652
2.70026	0.258108
2.70051	0.267549
2.70075	0.290643
2.701	0.321894
2.70124	0.344347
2.70148	0.343608
2.70173	0.324666
2.70197	0.305173
2.70222	0.294753
2.70246	0.288577
2.70271	0.28006
2.70295	0.271051
2.7032	0.265455
2.70344	0.258177
2.70369	0.237955
2.70393	0.20207
2.70418	0.162461
2.70442	0.133371
2.70466	0.116309
2.70491	0.102304
2.70515	0.0868747
2.7054	0.0756076
2.70564	0.0736711
2.70589	0.07655
2.70613	0.0755774
2.70638	0.0686666
2.70662	0.0608459
2.70687	0.0564218
2.70711	0.0552718
2.70736	0.0559449
2.7076	0.0579332
2.70784	0.0600838
2.70809	0.0599849
2.70833	0.0566016
2.70858	0.0520245
2.70882	0.0492729
2.70907	0.0488748
2.70931	0.0484473
2.70956	0.045853
2.7098	0.0424459
2.71005	0.0422179
2.71029	0.0467192
2.71054	0.0517011
2.71078	0.051207
2.71102	0.0455251
2.71127	0.0423025
2.71151	0.0475103
2.71176	0.0571044
2.712	0.060947
2.71225	0.0548209
2.71249	0.0451831
2.71274	0.0406805
2.71298	0.0420011
2.71323	0.0432369
2.71347	0.041525
2.71371	0.0406511
2.71396	0.044109
2.7142	0.0489843
2.71445	0.050058
2.71469	0.0472982
2.71494	0.0451758
2.71518	0.0459452
2.71543	0.0479214
2.71567	0.04973
2.71592	0.0515293
2.71616	0.0519788
2.71641	0.0491496
2.71665	0.0452992
2.71689	0.0452404
2.71714	0.0483964
2.71738	0.0485172
2.71763	0.0438515
2.71787	0.0408362
2.71812	0.0434572
2.71836	0.0460019
2.71861	0.0427638
2.71885	0.0385078
2.7191	0.0407436
2.71934	0.0465148
2.71959	0.0468844
2.71983	0.0416675
2.72007	0.0391219
2.72032	0.0421189
2.72056	0.0452762
2.72081	0.0460988
2.72105	0.048096
2.7213	0.0510854
2.72154	0.0492373
2.72179	0.0422198
2.72203	0.0381972
2.72228	0.0412994
2.72252	0.0454698
2.72277	0.0455315
2.72301	0.044732
2.72325	0.0455119
2.7235	0.0428658
2.72374	0.0347735
2.72399	0.0298384
2.72423	0.0346941
2.72448	0.0416257
2.72472	0.0397917
2.72497	0.0324037
2.72521	0.0305648
2.72546	0.0345715
2.7257	0.0345288
2.72594	0.0276597
2.72619	0.0220775
2.72643	0.0229078
2.72668	0.0264604
2.72692	0.0299539
2.72717	0.0360408
2.72741	0.0443226
2.72766	0.0479214
2.7279	0.0430197
2.72815	0.0347089
2.72839	0.0295483
2.72864	0.0283644
2.72888	0.0292174
2.72912	0.0312555
2.72937	0.0326683
2.72961	0.0307216
2.72986	0.0269548
2.7301	0.0269167
2.73035	0.0317772
2.73059	0.0353104
2.73084	0.0322465
2.73108	0.0251531
2.73133	0.0203544
2.73157	0.0209008
2.73182	0.0253583
2.73206	0.0296738
2.7323	0.0293489
2.73255	0.024052
2.73279	0.0201113
2.73304	0.0231884
2.73328	0.0291347
2.73353	0.0291526
2.73377	0.0235764
2.73402	0.0215635
2.73426	0.0259717
2.73451	0.0286738
2.73475	0.0243244
2.735	0.0189238
2.73524	0.0194459
2.73548	0.0236154
2.73573	0.0260154
2.73597	0.0267886
2.73622	0.0281302
2.73646	0.0288985
2.73671	0.0283757
2.73695	0.028848
2.7372	0.0297408
2.73744	0.026921
2.73769	0.0224499
2.73793	0.0251292
2.73817	0.0349559
2.73842	0.0384042
2.73866	0.0286204
2.73891	0.0189455
2.73915	0.023603
2.7394	0.0349595
2.73964	0.0358225
2.73989	0.0269986
2.74013	0.0243092
2.74038	0.0315226
2.74062	0.0351435
2.74087	0.0274179
2.74111	0.0174702
2.74135	0.015366
2.7416	0.0193339
2.74184	0.0240272
2.74209	0.0291562
2.74233	0.0340578
2.74258	0.0341308
2.74282	0.028685
2.74307	0.0239042
2.74331	0.0232081
2.74356	0.022746
2.7438	0.0204726
2.74405	0.0208999
2.74429	0.0259877
2.74453	0.0297729
2.74478	0.0276057
2.74502	0.0232763
2.74527	0.0215148
2.74551	0.0205221
2.74576	0.0176382
2.746	0.0157374
2.74625	0.0179065
2.74649	0.0213876
2.74674	0.0224055
2.74698	0.0218719
2.74723	0.021524
2.74747	0.0201149
2.74771	0.0182343
2.74796	0.0204719
2.7482	0.027143
2.74845	0.0305214
2.74869	0.0260722
2.74894	0.0210655
2.74918	0.023918
2.74943	0.030528
2.74967	0.0307171
2.74992	0.0243401
2.75016	0.0206459
2.7504	0.023263
2.75065	0.0260984
2.75089	0.024724
2.75114	0.0224663
2.75138	0.0227862
2.75163	0.0236061
2.75187	0.0229535
2.75212	0.0237584
2.75236	0.0281574
2.75261	0.0314797
2.75285	0.0275728
2.7531	0.0182712
2.75334	0.0124191
2.75358	0.0150187
2.75383	0.0212298
2.75407	0.0231615
2.75432	0.0201459
2.75456	0.0188315
2.75481	0.0233561
2.75505	0.0294513
2.7553	0.0305962
2.75554	0.0268363
2.75579	0.0233801
2.75603	0.0222755
2.75628	0.0208604
2.75652	0.0185252
2.75676	0.0191812
2.75701	0.024582
2.75725	0.0298873
2.7575	0.0296328
2.75774	0.0252935
2.75799	0.0230818
2.75823	0.0256326
2.75848	0.0292795
2.75872	0.0294901
2.75897	0.0265147
2.75921	0.0244906
2.75946	0.0256177
2.7597	0.0267968
2.75994	0.0238482
2.76019	0.0185239
2.76043	0.0174093
2.76068	0.0221327
2.76092	0.0254035
2.76117	0.0211537
2.76141	0.0142452
2.76166	0.0135054
2.7619	0.0182974
2.76215	0.0202045
2.76239	0.0164443
2.76263	0.0125431
2.76288	0.0118266
2.76312	0.0119294
2.76337	0.0129055
2.76361	0.0184124
2.76386	0.0257523
2.7641	0.0253378
2.76435	0.0154761
2.76459	0.00809945
2.76484	0.012695
2.76508	0.0225621
2.76533	0.0249338
2.76557	0.0183117
2.76581	0.0116957
2.76606	0.0115551
2.7663	0.0169588
2.76655	0.0234086
2.76679	0.025243
2.76704	0.0188789
2.76728	0.00932308
2.76753	0.00764684
2.76777	0.0160156
2.76802	0.0225017
2.76826	0.0182381
2.76851	0.011386
2.76875	0.0138449
2.76899	0.0219551
2.76924	0.0233956
2.76948	0.0174757
2.76973	0.0140101
2.76997	0.0155675
2.77022	0.0160494
2.77046	0.0152991
2.77071	0.0193418
2.77095	0.025625
2.7712	0.0239849
2.77144	0.0147904
2.77169	0.0103211
2.77193	0.0139551
2.77217	0.014209
2.77242	0.00611891
2.77266	0.00217766
2.77291	0.0116138
2.77315	0.0232368
2.7734	0.0224051
2.77364	0.0138206
2.77389	0.0124137
2.77413	0.0195008
2.77438	0.0236986
2.77462	0.0208568
2.77486	0.0176504
2.77511	0.017066
2.77535	0.0147546
2.7756	0.010593
2.77584	0.0110605
2.77609	0.0174472
2.77633	0.0222776
2.77658	0.0207755
2.77682	0.0172015
2.77707	0.0166477
2.77731	0.0181864
2.77756	0.0192725
2.7778	0.02018
2.77804	0.0209453
2.77829	0.0196924
2.77853	0.0165778
2.77878	0.0144288
2.77902	0.0139699
2.77927	0.0134646
2.77951	0.0132649
2.77976	0.0144933
2.78	0.013751
2.78025	0.00750814
2.78049	0.00164308
2.78074	0.00575221
2.78098	0.0160436
2.78122	0.016737
2.78147	0.00385388
2.78171	-0.00580925
2.78196	0.00112388
2.7822	0.013805
2.78245	0.0139493
2.78269	0.00383957
2.78294	0.000890139
2.78318	0.00937378
2.78343	0.0155832
2.78367	0.0111892
2.78392	0.00453639
2.78416	0.00472166
2.7844	0.0087301
2.78465	0.0105526
2.78489	0.0114163
2.78514	0.0137847
2.78538	0.0144411
2.78563	0.0107232
2.78587	0.00627608
2.78612	0.00443973
2.78636	0.00300361
2.78661	0.00123792
2.78685	0.00418158
2.78709	0.012882
2.78734	0.0181413
2.78758	0.012823
2.78783	0.00410496
2.78807	0.00376185
2.78832	0.0110812
2.78856	0.0157812
2.78881	0.014498
2.78905	0.0132524
2.7893	0.0146939
2.78954	0.0140599
2.78979	0.00932149
2.79003	0.00563605
2.79027	0.00650601
2.79052	0.00831814
2.79076	0.00751311
2.79101	0.00681251
2.79125	0.00974921
2.7915	0.0136741
2.79174	0.013199
2.79199	0.0082442
2.79223	0.00435654
2.79248	0.00544932
2.79272	0.00906335
2.79297	0.00970927
2.79321	0.00591701
2.79345	0.00244491
2.7937	0.00432514
2.79394	0.00992387
2.79419	0.0130011
2.79443	0.0115327
2.79468	0.00994463
2.79492	0.0112578
2.79517	0.0124668
2.79541	0.010999
2.79566	0.0102888
2.7959	0.0138021
2.79615	0.0179841
2.79639	0.017159
2.79663	0.0120851
2.79688	0.00770921
2.79712	0.00559422
2.79737	0.00455957
2.79761	0.00534704
2.79786	0.00796095
2.7981	0.00798529
2.79835	0.00319968
2.79859	0.000210759
2.79884	0.00558313
2.79908	0.0136789
2.79933	0.013909
2.79957	0.00769051
2.79981	0.0058463
2.80006	0.00979635
2.8003	0.00950672
2.80055	0.00266131
2.80079	0.00108188
2.80104	0.0113285
2.80128	0.0218529
2.80153	0.0194004
2.80177	0.00861445
2.80202	0.00412575
2.80226	0.00946856
2.8025	0.0152225
2.80275	0.0147956
2.80299	0.0113786
2.80324	0.00970488
2.80348	0.00975927
2.80373	0.010177
2.80397	0.0115377
2.80422	0.0140544
2.80446	0.015806
2.80471	0.0150759
2.80495	0.0125233
2.8052	0.010338
2.80544	0.0102718
2.80568	0.0123331
2.80593	0.014758
2.80617	0.0157674
2.80642	0.0152911
2.80666	0.0141128
2.80691	0.01243
2.80715	0.0110439
2.8074	0.0119778
2.80764	0.0148182
2.80789	0.014906
2.80813	0.00976965
2.80838	0.00487574
2.80862	0.00681145
2.80886	0.0128911
2.80911	0.0151812
2.80935	0.0131469
2.8096	0.0130221
2.80984	0.0153238
2.81009	0.0141176
2.81033	0.00984273
2.81058	0.0105521
2.81082	0.016972
2.81107	0.0191878
2.81131	0.0138588
2.81156	0.0114485
2.8118	0.0177893
2.81204	0.0215582
2.81229	0.0123133
2.81253	-5.85573e-05
2.81278	0.000937701
2.81302	0.0128713
2.81327	0.0190066
2.81351	0.014331
2.81376	0.0101784
2.814	0.0134475
2.81425	0.0172842
2.81449	0.0154458
2.81473	0.0121243
2.81498	0.0123555
2.81522	0.0137312
2.81547	0.0135149
2.81571	0.0149537
2.81596	0.020016
2.8162	0.0228063
2.81645	0.0172134
2.81669	0.00704457
2.81694	0.0025179
2.81718	0.00821887
2.81743	0.0183242
2.81767	0.0232323
2.81791	0.0192606
2.81816	0.0119343
2.8184	0.0092476
2.81865	0.0116899
2.81889	0.0124898
2.81914	0.009364
2.81938	0.00947445
2.81963	0.0168938
2.81987	0.0221517
2.82012	0.0149195
2.82036	0.00268756
2.82061	0.00294251
2.82085	0.0170696
2.82109	0.0268644
2.82134	0.0208197
2.82158	0.0096038
2.82183	0.00793828
2.82207	0.0137002
2.82232	0.0156418
2.82256	0.0120904
2.82281	0.00946564
2.82305	0.00862743
2.8233	0.00580839
2.82354	0.00362511
2.82379	0.00830383
2.82403	0.0168965
2.82427	0.0193818
2.82452	0.0143475
2.82476	0.0111824
2.82501	0.0141947
2.82525	0.0157348
2.8255	0.00993863
2.82574	0.00339782
2.82599	0.00508034
2.82623	0.013146
2.82648	0.0196944
2.82672	0.0229005
2.82696	0.0257976
2.82721	0.026982
2.82745	0.0221593
2.8277	0.0137245
2.82794	0.00970642
2.82819	0.0121511
2.82843	0.0143692
2.82868	0.011845
2.82892	0.00875538
2.82917	0.0102638
2.82941	0.0144473
2.82966	0.0164464
2.8299	0.0160804
2.83014	0.0164501
2.83039	0.0181291
2.83063	0.0194457
2.83088	0.0202611
2.83112	0.0211366
2.83137	0.0205369
2.83161	0.0169687
2.83186	0.0125364
2.8321	0.0106454
2.83235	0.0113993
2.83259	0.0125622
2.83284	0.0133362
2.83308	0.0137446
2.83332	0.0125872
2.83357	0.0102294
2.83381	0.0108904
2.83406	0.016751
2.8343	0.021914
2.83455	0.0188359
2.83479	0.00980438
2.83504	0.00480768
2.83528	0.00770081
2.83553	0.0118676
2.83577	0.011227
2.83602	0.00833849
2.83626	0.00849509
2.8365	0.0118762
2.83675	0.0152405
2.83699	0.0167025
2.83724	0.0158003
2.83748	0.0131507
2.83773	0.0121025
2.83797	0.0156649
2.83822	0.0200992
2.83846	0.018107
2.83871	0.0108414
2.83895	0.00868756
2.83919	0.0156915
2.83944	0.021874
2.83968	0.0181547
2.83993	0.0108034
2.84017	0.0111565
2.84042	0.0171635
2.84066	0.0173647
2.84091	0.0102866
2.84115	0.00679853
2.8414	0.0122962
2.84164	0.0186167
2.84189	0.0177267
2.84213	0.013572
2.84237	0.0141176
2.84262	0.0186509
2.84286	0.0202614
2.84311	0.0171913
2.84335	0.0147406
2.8436	0.0164633
2.84384	0.018726
2.84409	0.0159469
2.84433	0.00914807
2.84458	0.00658591
2.84482	0.0141629
2.84507	0.026206
2.84531	0.0298444
2.84555	0.0205219
2.8458	0.00872758
2.84604	0.00683568
2.84629	0.0132391
2.84653	0.016363
2.84678	0.0118435
2.84702	0.0068551
2.84727	0.00730805
2.84751	0.0102957
2.84776	0.0121528
2.848	0.0151523
2.84825	0.0209268
2.84849	0.0245776
2.84873	0.0220189
2.84898	0.0175965
2.84922	0.0171842
2.84947	0.0182885
2.84971	0.0151239
2.84996	0.010182
2.8502	0.0113539
2.85045	0.0185226
2.85069	0.0226034
2.85094	0.0193673
2.85118	0.0153582
2.85142	0.0167631
2.85167	0.0204282
2.85191	0.0210232
2.85216	0.0203324
2.8524	0.022638
2.85265	0.0258881
2.85289	0.0254369
2.85314	0.0235945
2.85338	0.0266306
2.85363	0.0327929
2.85387	0.0325081
2.85412	0.0230135
2.85436	0.0146049
2.8546	0.0170418
2.85485	0.0257773
2.85509	0.0286607
2.85534	0.0227964
2.85558	0.0167528
2.85583	0.0165609
2.85607	0.0177763
2.85632	0.0146697
2.85656	0.0109232
2.85681	0.0148513
2.85705	0.0262413
2.8573	0.0346835
2.85754	0.032486
2.85778	0.0242678
2.85803	0.0201005
2.85827	0.022351
2.85852	0.0246136
2.85876	0.0228286
2.85901	0.0209856
2.85925	0.0233858
2.8595	0.0269888
2.85974	0.0265669
2.85999	0.0236764
2.86023	0.0241272
2.86048	0.02847
2.86072	0.0316752
2.86096	0.0314828
2.86121	0.0301352
2.86145	0.0281112
2.8617	0.0241958
2.86194	0.0224758
2.86219	0.0295562
2.86243	0.0417193
2.86268	0.0453792
2.86292	0.0363924
2.86317	0.0287483
2.86341	0.0348631
2.86365	0.0462461
2.8639	0.0461576
2.86414	0.0354089
2.86439	0.0309334
2.86463	0.0404328
2.86488	0.0526806
2.86512	0.0550092
2.86537	0.0484998
2.86561	0.0422593
2.86586	0.0422607
2.8661	0.0495751
2.86635	0.0614213
2.86659	0.0705263
2.86683	0.0706382
2.86708	0.0652752
2.86732	0.0639866
2.86757	0.0685506
2.86781	0.0713865
2.86806	0.0693768
2.8683	0.0691848
2.86855	0.0752424
2.86879	0.0825122
2.86904	0.086218
2.86928	0.0892597
2.86953	0.0941929
2.86977	0.0972943
2.87001	0.0975549
2.87026	0.102377
2.8705	0.115759
2.87075	0.128661
2.87099	0.130586
2.87124	0.124624
2.87148	0.121805
2.87173	0.125845
2.87197	0.132583
2.87222	0.139579
2.87246	0.146843
2.87271	0.151944
2.87295	0.153501
2.87319	0.156205
2.87344	0.164115
2.87368	0.17297
2.87393	0.177692
2.87417	0.182774
2.87442	0.195231
2.87466	0.211692
2.87491	0.224034
2.87515	0.234577
2.8754	0.252792
2.87564	0.278326
2.87589	0.301028
2.87613	0.319253
2.87637	0.344951
2.87662	0.386432
2.87686	0.437069
2.87711	0.486447
2.87735	0.534089
2.8776	0.586423
2.87784	0.646293
2.87809	0.710092
2.87833	0.770759
2.87858	0.820918
2.87882	0.857364
2.87906	0.883645
2.87931	0.90362
2.87955	0.912925
2.8798	0.903024
2.88004	0.873049
2.88029	0.830202
2.88053	0.779263
2.88078	0.720816
2.88102	0.65962
2.88127	0.603696
2.88151	0.552959
2.88176	0.499656
2.882	0.443481
2.88224	0.395299
2.88249	0.361223
2.88273	0.333803
2.88298	0.304918
2.88322	0.276856
2.88347	0.253559
2.88371	0.231439
2.88396	0.208007
2.8842	0.190261
2.88445	0.183599
2.88469	0.179688
2.88494	0.166858
2.88518	0.147445
2.88542	0.133567
2.88567	0.129197
2.88591	0.127058
2.88616	0.121076
2.8864	0.112206
2.88665	0.103444
2.88689	0.0975104
2.88714	0.0976274
2.88738	0.102789
2.88763	0.104918
2.88787	0.0987144
2.88812	0.0906883
2.88836	0.0892646
2.8886	0.090298
2.88885	0.0841738
2.88909	0.073922
2.88934	0.0718222
2.88958	0.0782987
2.88983	0.0797422
2.89007	0.070628
2.89032	0.0627588
2.89056	0.0658822
2.89081	0.0725321
2.89105	0.0714872
2.89129	0.0652818
2.89154	0.0631157
2.89178	0.0644132
2.89203	0.0617335
2.89227	0.0551796
2.89252	0.051829
2.89276	0.0527847
2.89301	0.0519266
2.89325	0.047735
2.8935	0.0463707
2.89374	0.0507895
2.89399	0.0551154
2.89423	0.0535122
2.89447	0.0484604
2.89472	0.0459189
2.89496	0.0465862
2.89521	0.0465119
2.89545	0.043966
2.8957	0.0413555
2.89594	0.0408005
2.89619	0.0410996
2.89643	0.0399011
2.89668	0.0370541
2.89692	0.0345535
2.89717	0.0337018
2.89741	0.0334846
2.89765	0.0322423
2.8979	0.0302985
2.89814	0.029824
2.89839	0.031793
2.89863	0.0339843
2.89888	0.0330502
2.89912	0.0287115
2.89937	0.0250497
2.89961	0.0263602
2.89986	0.0315086
2.9001	0.0343217
2.90035	0.0314193
2.90059	0.0275939
2.90083	0.02933
2.90108	0.0340448
2.90132	0.0323231
2.90157	0.0225786
2.90181	0.0157864
2.90206	0.0201779
2.9023	0.0281237
2.90255	0.0269512
2.90279	0.0180415
2.90304	0.0140885
2.90328	0.0190324
2.90352	0.0229875
2.90377	0.0190856
2.90401	0.0137228
2.90426	0.0149712
2.9045	0.0203965
2.90475	0.022945
2.90499	0.0214151
2.90524	0.0183395
2.90548	0.0139588
2.90573	0.00935078
2.90597	0.00982352
2.90622	0.0174844
2.90646	0.0249154
2.9067	0.0240152
2.90695	0.0177097
2.90719	0.0153167
2.90744	0.0191047
2.90768	0.0231066
2.90793	0.0233594
2.90817	0.021749
2.90842	0.0204076
2.90866	0.0189506
2.90891	0.0172822
2.90915	0.0159832
2.9094	0.0143641
2.90964	0.0122021
2.90988	0.0116835
2.91013	0.0136129
2.91037	0.0146924
2.91062	0.013196
2.91086	0.0133183
2.91111	0.0179645
2.91135	0.0218168
2.9116	0.0192323
2.91184	0.0147228
2.91209	0.016172
2.91233	0.0210302
2.91258	0.0202072
2.91282	0.0139509
2.91306	0.0118549
2.91331	0.0166087
2.91355	0.0197225
2.9138	0.0159647
2.91404	0.010875
2.91429	0.00998323
2.91453	0.0106672
2.91478	0.00958827
2.91502	0.00905364
2.91527	0.0105023
2.91551	0.00992019
2.91575	0.00574589
2.916	0.00399991
2.91624	0.00909278
2.91649	0.0157151
2.91673	0.0163823
2.91698	0.0118816
2.91722	0.00805657
2.91747	0.00675221
2.91771	0.00615252
2.91796	0.00637981
2.9182	0.00873263
2.91845	0.0118333
2.91869	0.0134925
2.91893	0.0143178
2.91918	0.0156918
2.91942	0.0165399
2.91967	0.0154636
2.91991	0.0137357
2.92016	0.0134074
2.9204	0.0147293
2.92065	0.0171764
2.92089	0.0200517
2.92114	0.0210138
2.92138	0.0180305
2.92163	0.0137746
2.92187	0.0132668
2.92211	0.0162222
2.92236	0.0174436
2.9226	0.0158472
2.92285	0.0160988
2.92309	0.0193991
2.92334	0.0205452
2.92358	0.0174738
2.92383	0.015771
2.92407	0.0191815
2.92432	0.0229882
2.92456	0.0219519
2.92481	0.0180739
2.92505	0.015399
2.92529	0.0137686
2.92554	0.0128885
2.92578	0.0157057
2.92603	0.0221899
2.92627	0.0264001
2.92652	0.0251545
2.92676	0.0228181
2.92701	0.0226717
2.92725	0.021835
2.9275	0.0201253
2.92774	0.0238721
2.92798	0.0336592
2.92823	0.0392931
2.92847	0.0366468
2.92872	0.0379916
2.92896	0.0526609
2.92921	0.0681957
2.92945	0.0673463
2.9297	0.0558352
2.92994	0.0540119
2.93019	0.0649571
2.93043	0.0712079
2.93068	0.0635255
2.93092	0.0532044
2.93116	0.051274
2.93141	0.0527702
2.93165	0.0490091
2.9319	0.0414642
2.93214	0.0351306
2.93239	0.0292914
2.93263	0.0230642
2.93288	0.0206766
2.93312	0.0232207
2.93337	0.0233465
2.93361	0.0163183
2.93386	0.00942167
2.9341	0.0119003
2.93434	0.0208862
2.93459	0.0258362
2.93483	0.0233602
2.93508	0.0193924
2.93532	0.0183544
2.93557	0.0178753
2.93581	0.0148765
2.93606	0.0110728
2.9363	0.0102237
2.93655	0.0129342
2.93679	0.0161818
2.93704	0.0169121
2.93728	0.0148088
2.93752	0.0115524
2.93777	0.0083778
2.93801	0.00558883
2.93826	0.00422291
2.9385	0.00600948
2.93875	0.0107066
2.93899	0.0153853
2.93924	0.0173367
2.93948	0.0158376
2.93973	0.0109711
2.93997	0.00418165
2.94021	0.000296344
2.94046	0.00384204
2.9407	0.0116747
2.94095	0.0150205
2.94119	0.0112447
2.94144	0.00707823
2.94168	0.00710962
2.94193	0.0071991
2.94217	0.00434615
2.94242	0.0040524
2.94266	0.0100708
2.94291	0.0152416
2.94315	0.0123222
2.94339	0.00660518
2.94364	0.00664509
2.94388	0.00915702
2.94413	0.005998
2.94437	0.000683756
2.94462	0.00333143
2.94486	0.0124261
2.94511	0.0167413
2.94535	0.0140069
2.9456	0.0124878
2.94584	0.0142081
2.94609	0.0123671
2.94633	0.00708992
2.94657	0.00771891
2.94682	0.0155231
2.94706	0.0192925
2.94731	0.013736
2.94755	0.00817982
2.9478	0.0102504
2.94804	0.0140447
2.94829	0.0124605
2.94853	0.00934565
2.94878	0.0104864
2.94902	0.0127441
2.94927	0.0113045
2.94951	0.0090648
2.94975	0.0102218
2.95	0.0123571
2.95024	0.0128161
2.95049	0.0150788
2.95073	0.0208238
2.95098	0.0235989
2.95122	0.0188221
2.95147	0.012464
2.95171	0.0110536
2.95196	0.010735
2.9522	0.00601895
2.95245	0.00193322
2.95269	0.00589455
2.95293	0.0131094
2.95318	0.0126007
2.95342	0.00461378
2.95367	-5.83285e-05
2.95391	0.00318636
2.95416	0.00806872
2.9544	0.00963502
2.95465	0.0105259
2.95489	0.0129984
2.95514	0.013827
2.95538	0.0107729
2.95562	0.00753083
2.95587	0.00840441
2.95611	0.0123771
2.95636	0.0155361
2.9566	0.0163974
2.95685	0.0163082
2.95709	0.0162294
2.95734	0.015032
2.95758	0.0110866
2.95783	0.00548295
2.95807	0.00268261
2.95832	0.00563203
2.95856	0.0106442
2.9588	0.0111194
2.95905	0.00700192
2.95929	0.00537346
2.95954	0.00973729
2.95978	0.014648
2.96003	0.0145666
2.96027	0.0119571
2.96052	0.011342
2.96076	0.0109735
2.96101	0.00744145
2.96125	0.00407196
2.9615	0.00642
2.96174	0.0119735
2.96198	0.0130992
2.96223	0.0094918
2.96247	0.00907802
2.96272	0.0154195
2.96296	0.0221048
2.96321	0.022309
2.96345	0.0174222
2.9637	0.0128045
2.96394	0.0104703
2.96419	0.00999706
2.96443	0.0121207
2.96468	0.016497
2.96492	0.0189236
2.96516	0.016056
2.96541	0.011501
2.96565	0.012044
2.9659	0.0178414
2.96614	0.0213441
2.96639	0.0174963
2.96663	0.0106543
2.96688	0.00837522
2.96712	0.0116349
2.96737	0.0152628
2.96761	0.0160229
2.96785	0.015392
2.9681	0.0149542
2.96834	0.0141658
2.96859	0.0133429
2.96883	0.0139293
2.96908	0.014466
2.96932	0.0114686
2.96957	0.00633956
2.96981	0.00561463
2.97006	0.011024
2.9703	0.0154859
2.97055	0.0140813
2.97079	0.012872
2.97103	0.0193264
2.97128	0.0288009
2.97152	0.0300188
2.97177	0.0217801
2.97201	0.0143381
2.97226	0.0140563
2.9725	0.0162115
2.97275	0.015159
2.97299	0.0130761
2.97324	0.0144819
2.97348	0.0184056
2.97373	0.020628
2.97397	0.019738
2.97421	0.0174422
2.97446	0.0157419
2.9747	0.0161363
2.97495	0.0188817
2.97519	0.0214599
2.97544	0.020525
2.97568	0.016443
2.97593	0.0131631
2.97617	0.012954
2.97642	0.0141795
2.97666	0.01462
2.97691	0.0139076
2.97715	0.0124217
2.97739	0.0107154
2.97764	0.0101208
2.97788	0.0113092
2.97813	0.0128232
2.97837	0.0134366
2.97862	0.0143848
2.97886	0.0164819
2.97911	0.0175354
2.97935	0.0161934
2.9796	0.0151659
2.97984	0.01628
2.98008	0.016171
2.98033	0.0125146
2.98057	0.0103822
2.98082	0.0152554
2.98106	0.0232765
2.98131	0.0265805
2.98155	0.0250775
2.9818	0.0240436
2.98204	0.0231135
2.98229	0.0181924
2.98253	0.0124104
2.98278	0.0135781
2.98302	0.0207148
2.98326	0.0243149
2.98351	0.0209757
2.98375	0.0170864
2.984	0.016735
2.98424	0.0168357
2.98449	0.0159942
2.98473	0.0171666
2.98498	0.0192683
2.98522	0.017107
2.98547	0.0122907
2.98571	0.0130822
2.98596	0.0203236
2.9862	0.0248706
2.98644	0.0225541
2.98669	0.0200506
2.98693	0.0218158
2.98718	0.0232627
2.98742	0.0218711
2.98767	0.022651
2.98791	0.0265157
2.98816	0.0256675
2.9884	0.017869
2.98865	0.0131033
2.98889	0.0177023
2.98914	0.023617
2.98938	0.0227862
2.98962	0.0207061
2.98987	0.0249431
2.99011	0.0307576
2.99036	0.0302424
2.9906	0.0268305
2.99085	0.0283192
2.99109	0.033147
2.99134	0.0359373
2.99158	0.0396057
2.99183	0.0490358
2.99207	0.0587226
2.99231	0.0600171
2.99256	0.0560128
2.9928	0.0561815
2.99305	0.0601221
2.99329	0.0599953
2.99354	0.0561413
2.99378	0.0563167
2.99403	0.0603605
2.99427	0.0591273
2.99452	0.0497617
2.99476	0.0401158
2.99501	0.0361082
2.99525	0.0352498
2.99549	0.0348398
2.99574	0.0366241
2.99598	0.0403463
2.99623	0.0414304
2.99647	0.0385075
2.99672	0.0359356
2.99696	0.0358041
2.99721	0.0342849
2.99745	0.0292535
2.9977	0.0252791
2.99794	0.0269099
2.99819	0.031702
2.99843	0.0340712
2.99867	0.0329213
2.99892	0.0315976
2.99916	0.0319217
2.99941	0.0316343
2.99965	0.0281326
2.9999	0.0232113
3.00014	0.0224807
3.00039	0.0288687
3.00063	0.0376174
3.00088	0.0405221
3.00112	0.0355254
3.00137	0.0290106
3.00161	0.0277561
3.00185	0.031948
3.0021	0.0371216
3.00234	0.0392549
3.00259	0.0368795
3.00283	0.0324121
3.00308	0.0324616
3.00332	0.0418256
3.00357	0.0559213
3.00381	0.065013
3.00406	0.0675003
3.0043	0.0719404
3.00454	0.0832931
3.00479	0.0951481
3.00503	0.10008
3.00528	0.10001
3.00552	0.10042
3.00577	0.101045
3.00601	0.098735
3.00626	0.0936952
3.0065	0.0866637
3.00675	0.0757104
3.00699	0.0620703
3.00724	0.0529764
3.00748	0.0516564
3.00772	0.0505355
3.00797	0.0421905
3.00821	0.0314973
3.00846	0.0284059
3.0087	0.0332169
3.00895	0.0376736
3.00919	0.0370446
3.00944	0.0331109
3.00968	0.0285885
3.00993	0.026113
3.01017	0.0289619
3.01042	0.0353552
3.01066	0.0364445
3.0109	0.0278899
3.01115	0.0186265
3.01139	0.0191677
3.01164	0.0260264
3.01188	0.0280002
3.01213	0.0237036
3.01237	0.0212643
3.01262	0.0233086
3.01286	0.0244812
3.01311	0.0230053
3.01335	0.022774
3.0136	0.0234529
3.01384	0.0199928
3.01408	0.0137095
3.01433	0.0130231
3.01457	0.0201678
3.01482	0.0267163
3.01506	0.0261665
3.01531	0.0229582
3.01555	0.0249618
3.0158	0.0333922
3.01604	0.0435787
3.01629	0.0505199
3.01653	0.0514799
3.01677	0.0480647
3.01702	0.0468777
3.01726	0.052781
3.01751	0.0610985
3.01775	0.0627174
3.018	0.057044
3.01824	0.0522496
3.01849	0.0517922
3.01873	0.0496387
3.01898	0.0419471
3.01922	0.034512
3.01947	0.0331248
3.01971	0.0340148
3.01995	0.0309283
3.0202	0.0261298
3.02044	0.0261964
3.02069	0.0299474
3.02093	0.029119
3.02118	0.0209113
3.02142	0.0123195
3.02167	0.0098888
3.02191	0.0113973
3.02216	0.0116886
3.0224	0.0119179
3.02265	0.0166264
3.02289	0.0236189
3.02313	0.0244924
3.02338	0.0170464
3.02362	0.0100418
3.02387	0.0110061
3.02411	0.0153953
3.02436	0.0148308
3.0246	0.0111907
3.02485	0.0128469
3.02509	0.019231
3.02534	0.0204797
3.02558	0.0134469
3.02583	0.0069696
3.02607	0.00768749
3.02631	0.0108426
3.02656	0.0102971
3.0268	0.00837159
3.02705	0.00923204
3.02729	0.0106969
3.02754	0.00986861
3.02778	0.00985029
3.02803	0.0133278
3.02827	0.0157355
3.02852	0.0125574
3.02876	0.00789723
3.029	0.00806454
3.02925	0.0115558
3.02949	0.0128742
3.02974	0.0115701
3.02998	0.0103507
3.03023	0.00913735
3.03047	0.00811619
3.03072	0.0112043
3.03096	0.018706
3.03121	0.0222239
3.03145	0.0155923
3.0317	0.0056233
3.03194	0.0028219
3.03218	0.00639333
3.03243	0.00823404
3.03267	0.00704484
3.03292	0.00772572
3.03316	0.0103769
3.03341	0.0108877
3.03365	0.0100145
3.0339	0.0115149
3.03414	0.0134317
3.03439	0.0111177
3.03463	0.00660748
3.03488	0.00518289
3.03512	0.00539844
3.03536	0.00281632
3.03561	0.000548585
3.03585	0.00461583
3.0361	0.0112659
3.03634	0.0111782
3.03659	0.00486243
3.03683	0.00153077
3.03708	0.00359731
3.03732	0.00499833
3.03757	0.00449212
3.03781	0.00718784
3.03806	0.0120908
3.0383	0.0117296
3.03854	0.00612487
3.03879	0.00382576
3.03903	0.00651383
3.03928	0.00615073
3.03952	0.000960361
3.03977	0.000233792
3.04001	0.00779618
3.04026	0.0141133
3.0405	0.0119585
3.04075	0.00774647
3.04099	0.00905241
3.04124	0.0117466
3.04148	0.00897071
3.04172	0.00392445
3.04197	0.0039686
3.04221	0.00866176
3.04246	0.012467
3.0427	0.0138225
3.04295	0.0138234
3.04319	0.0112734
3.04344	0.00646798
3.04368	0.00487707
3.04393	0.00977578
3.04417	0.0155454
3.04441	0.0150784
3.04466	0.00979543
3.0449	0.00607269
3.04515	0.00598659
3.04539	0.00800113
3.04564	0.012453
3.04588	0.0190945
3.04613	0.0225488
3.04637	0.0178257
3.04662	0.00853583
3.04686	0.00300866
3.04711	0.00344817
3.04735	0.00496934
3.04759	0.00439595
3.04784	0.00394505
3.04808	0.00583867
3.04833	0.00834585
3.04857	0.00875845
3.04882	0.00726409
3.04906	0.00641934
3.04931	0.00787598
3.04955	0.0101275
3.0498	0.00970963
3.05004	0.00572149
3.05029	0.00231784
3.05053	0.00395833
3.05077	0.00862469
3.05102	0.00989529
3.05126	0.00617691
3.05151	0.00296797
3.05175	0.00436157
3.052	0.00732103
3.05224	0.00722983
3.05249	0.00465681
3.05273	0.00312848
3.05298	0.00369698
3.05322	0.0051799
3.05347	0.00691082
3.05371	0.00819973
3.05395	0.00765135
3.0542	0.00569214
3.05444	0.00514484
3.05469	0.00705388
3.05493	0.0087336
3.05518	0.00802328
3.05542	0.00626625
3.05567	0.0050101
3.05591	0.0034095
3.05616	0.00130766
3.0564	0.00102436
3.05664	0.00331465
3.05689	0.00533556
3.05713	0.00548058
3.05738	0.00619482
3.05762	0.00898361
3.05787	0.0111926
3.05811	0.0112829
3.05836	0.0121603
3.0586	0.0147121
3.05885	0.0137868
3.05909	0.0071292
3.05934	0.00295031
3.05958	0.00975034
3.05982	0.0221537
3.06007	0.0271299
3.06031	0.0228468
3.06056	0.0200854
3.0608	0.0238428
3.06105	0.0256591
3.06129	0.0190686
3.06154	0.0115483
3.06178	0.0126531
3.06203	0.0186888
3.06227	0.0196112
3.06252	0.0155321
3.06276	0.0145233
3.063	0.0169173
3.06325	0.014829
3.06349	0.00791643
3.06374	0.00640737
3.06398	0.0139665
3.06423	0.0195864
3.06447	0.014271
3.06472	0.00581569
3.06496	0.00665945
3.06521	0.0144476
3.06545	0.0168681
3.0657	0.0114875
3.06594	0.00755784
3.06618	0.00915992
3.06643	0.0097081
3.06667	0.00533015
3.06692	0.00188377
3.06716	0.00431039
3.06741	0.00889701
3.06765	0.0111888
3.0679	0.0128674
3.06814	0.0152634
3.06839	0.0143539
3.06863	0.00885622
3.06887	0.0059764
3.06912	0.0114423
3.06936	0.0195559
3.06961	0.0209862
3.06985	0.0160055
3.0701	0.012378
3.07034	0.0135653
3.07059	0.0163723
3.07083	0.0177909
3.07108	0.0175357
3.07132	0.015866
3.07157	0.0146435
3.07181	0.0182345
3.07205	0.0278719
3.0723	0.0375688
3.07254	0.0408651
3.07279	0.0389105
3.07303	0.0367489
3.07328	0.035122
3.07352	0.0319427
3.07377	0.0285579
3.07401	0.0277044
3.07426	0.0274625
3.0745	0.0237426
3.07475	0.0172129
3.07499	0.0122529
3.07523	0.0108194
3.07548	0.0119896
3.07572	0.014864
3.07597	0.0173804
3.07621	0.0161162
3.07646	0.0120679
3.0767	0.0116558
3.07695	0.016567
3.07719	0.0190378
3.07744	0.0142506
3.07768	0.00984612
3.07793	0.0134451
3.07817	0.0182984
3.07841	0.0140929
3.07866	0.00590492
3.0789	0.00700975
3.07915	0.016186
3.07939	0.0190328
3.07964	0.0117535
3.07988	0.00669033
3.08013	0.0112833
3.08037	0.0176384
3.08062	0.0182494
3.08086	0.0171854
3.0811	0.0184595
3.08135	0.0168247
3.08159	0.00919054
3.08184	0.00372759
3.08208	0.00748788
3.08233	0.0141345
3.08257	0.0142123
3.08282	0.0100561
3.08306	0.0100854
3.08331	0.014357
3.08355	0.0165487
3.0838	0.0162263
3.08404	0.018625
3.08428	0.0241938
3.08453	0.0277397
3.08477	0.0275535
3.08502	0.0274316
3.08526	0.0291776
3.08551	0.0297438
3.08575	0.0269232
3.086	0.0226326
3.08624	0.0192474
3.08649	0.0167981
3.08673	0.0151061
3.08698	0.0153453
3.08722	0.0178718
3.08746	0.0207139
3.08771	0.021846
3.08795	0.0217597
3.0882	0.022323
3.08844	0.0235173
3.08869	0.0231485
3.08893	0.0207787
3.08918	0.0200281
3.08942	0.0237721
3.08967	0.0279652
3.08991	0.0255666
3.09016	0.0178765
3.0904	0.0153476
3.09064	0.0229424
3.09089	0.0313272
3.09113	0.0296439
3.09138	0.0214359
3.09162	0.018537
3.09187	0.0229427
3.09211	0.025792
3.09236	0.0228553
3.0926	0.0192379
3.09285	0.0177798
3.09309	0.014593
3.09333	0.00932133
3.09358	0.00880561
3.09382	0.0155194
3.09407	0.021932
3.09431	0.0221659
3.09456	0.0206063
3.0948	0.0225351
3.09505	0.0244568
3.09529	0.0214942
3.09554	0.0174932
3.09578	0.0189214
3.09603	0.0237281
3.09627	0.0252501
3.09651	0.0237752
3.09676	0.0251027
3.097	0.029286
3.09725	0.0297671
3.09749	0.0244022
3.09774	0.0196414
3.09798	0.0211712
3.09823	0.0259602
3.09847	0.0270731
3.09872	0.0231293
3.09896	0.0193449
3.09921	0.0202695
3.09945	0.024598
3.09969	0.0279852
3.09994	0.028865
3.10018	0.0291041
3.10043	0.0297022
3.10067	0.0294196
3.10092	0.02852
3.10116	0.0296316
3.10141	0.0323606
3.10165	0.0316399
3.1019	0.0257791
3.10214	0.0216549
3.10239	0.0255928
3.10263	0.0328038
3.10287	0.0338209
3.10312	0.0289269
3.10336	0.0269352
3.10361	0.0305062
3.10385	0.0329023
3.1041	0.0306949
3.10434	0.029566
3.10459	0.033838
3.10483	0.0390284
3.10508	0.0396724
3.10532	0.0375014
3.10556	0.0368511
3.10581	0.0377575
3.10605	0.0383609
3.1063	0.0394647
3.10654	0.04263
3.10679	0.0473759
3.10703	0.0526259
3.10728	0.0569852
3.10752	0.0569731
3.10777	0.0508836
3.10801	0.0449799
3.10826	0.0482477
3.1085	0.0593864
3.10874	0.0672875
3.10899	0.0667218
3.10923	0.0645499
3.10948	0.0672968
3.10972	0.0724016
3.10997	0.0762629
3.11021	0.0808167
3.11046	0.0862824
3.1107	0.0873748
3.11095	0.0836922
3.11119	0.0839724
3.11144	0.0920477
3.11168	0.0986432
3.11192	0.0967308
3.11217	0.0949609
3.11241	0.10385
3.11266	0.117377
3.1129	0.122357
3.11315	0.119631
3.11339	0.120918
3.11364	0.128739
3.11388	0.134967
3.11413	0.137523
3.11437	0.143211
3.11462	0.153314
3.11486	0.160813
3.1151	0.164337
3.11535	0.171894
3.11559	0.187115
3.11584	0.203533
3.11608	0.216801
3.11633	0.231808
3.11657	0.252482
3.11682	0.274058
3.11706	0.291253
3.11731	0.306232
3.11755	0.322895
3.1178	0.340133
3.11804	0.355831
3.11828	0.371396
3.11853	0.387531
3.11877	0.401238
3.11902	0.411055
3.11926	0.419401
3.11951	0.426169
3.11975	0.426818
3.12	0.420977
3.12024	0.415488
3.12049	0.413495
3.12073	0.408119
3.12097	0.393723
3.12122	0.376144
3.12146	0.363291
3.12171	0.352243
3.12195	0.336242
3.1222	0.319696
3.12244	0.313703
3.12269	0.317941
3.12293	0.319412
3.12318	0.311164
3.12342	0.301313
3.12367	0.299419
3.12391	0.30333
3.12415	0.305479
3.1244	0.304938
3.12464	0.306193
3.12489	0.31068
3.12513	0.316443
3.12538	0.323418
3.12562	0.332716
3.12587	0.341963
3.12611	0.34678
3.12636	0.346532
3.1266	0.344597
3.12685	0.343777
3.12709	0.345255
3.12733	0.35068
3.12758	0.360316
3.12782	0.36953
3.12807	0.372261
3.12831	0.36867
3.12856	0.364798
3.1288	0.364103
3.12905	0.364457
3.12929	0.364576
3.12954	0.367082
3.12978	0.372024
3.13003	0.373599
3.13027	0.368865
3.13051	0.365061
3.13076	0.371106
3.131	0.38434
3.13125	0.393497
3.13149	0.394512
3.13174	0.395425
3.13198	0.403472
3.13223	0.41456
3.13247	0.420247
3.13272	0.419999
3.13296	0.420233
3.1332	0.423508
3.13345	0.425298
3.13369	0.422332
3.13394	0.418705
3.13418	0.420236
3.13443	0.425335
3.13467	0.425759
3.13492	0.417
3.13516	0.404748
3.13541	0.39855
3.13565	0.400333
3.1359	0.402441
3.13614	0.397634
3.13638	0.387989
3.13663	0.38149
3.13687	0.381622
3.13712	0.383722
3.13736	0.381845
3.13761	0.376336
3.13785	0.372726
3.1381	0.374189
3.13834	0.377338
3.13859	0.376618
3.13883	0.371829
3.13908	0.368617
3.13932	0.37033
3.13956	0.372348
3.13981	0.368258
3.14005	0.359891
3.1403	0.355478
3.14054	0.357196
3.14079	0.357029
3.14103	0.348212
3.14128	0.334993
3.14152	0.325903
3.14177	0.321933
3.14201	0.317849
3.14226	0.312107
3.1425	0.308035
3.14274	0.306273
3.14299	0.303394
3.14323	0.298779
3.14348	0.296716
3.14372	0.300082
3.14397	0.306684
3.14421	0.313077
3.14446	0.317934
3.1447	0.321221
3.14495	0.324407
3.14519	0.331416
3.14543	0.344245
3.14568	0.357744
3.14592	0.36494
3.14617	0.367951
3.14641	0.376219
3.14666	0.392101
3.1469	0.406414
3.14715	0.412095
3.14739	0.414043
3.14764	0.419157
3.14788	0.423755
3.14813	0.419483
3.14837	0.40711
3.14861	0.395008
3.14886	0.385884
3.1491	0.374206
3.14935	0.356868
3.14959	0.337769
3.14984	0.319827
3.15008	0.300145
3.15033	0.276986
3.15057	0.255465
3.15082	0.241167
3.15106	0.231855
3.15131	0.220819
3.15155	0.206426
3.15179	0.193308
3.15204	0.184598
3.15228	0.177735
3.15253	0.169075
3.15277	0.158873
3.15302	0.149486
3.15326	0.141231
3.15351	0.132998
3.15375	0.125603
3.154	0.121074
3.15424	0.118414
3.15449	0.1134
3.15473	0.10429
3.15497	0.0952424
3.15522	0.0913585
3.15546	0.0916733
3.15571	0.0903177
3.15595	0.084714
3.1562	0.0794188
3.15644	0.0800735
3.15669	0.0855089
3.15693	0.0885351
3.15718	0.0845928
3.15742	0.0774513
3.15766	0.0747548
3.15791	0.078654
3.15815	0.0831342
3.1584	0.0815771
3.15864	0.0748571
3.15889	0.0692949
3.15913	0.0677439
3.15938	0.0668184
3.15962	0.0638003
3.15987	0.0618059
3.16011	0.0647569
3.16036	0.0701775
3.1606	0.0715588
3.16084	0.067057
3.16109	0.0616177
3.16133	0.0599709
3.16158	0.0611308
3.16182	0.0613297
3.16207	0.0596059
3.16231	0.0579519
3.16256	0.0571345
3.1628	0.0552635
3.16305	0.0514448
3.16329	0.0489209
3.16354	0.0518799
3.16378	0.0590987
3.16402	0.0641715
3.16427	0.0643387
3.16451	0.0658013
3.16476	0.0756389
3.165	0.0906
3.16525	0.100537
3.16549	0.102863
3.16574	0.105584
3.16598	0.113112
3.16623	0.117009
3.16647	0.106994
3.16672	0.0858372
3.16696	0.0663619
3.1672	0.0567588
3.16745	0.0550421
3.16769	0.0553255
3.16794	0.0533065
3.16818	0.0474032
3.16843	0.0403634
3.16867	0.0382984
3.16892	0.0429969
3.16916	0.047496
3.16941	0.0448034
3.16965	0.038079
3.16989	0.0353798
3.17014	0.0371453
3.17038	0.0371545
3.17063	0.0341023
3.17087	0.0329097
3.17112	0.0347467
3.17136	0.0352382
3.17161	0.0336629
3.17185	0.0346625
3.1721	0.0387451
3.17234	0.0402333
3.17259	0.0375246
3.17283	0.0361816
3.17307	0.0379834
3.17332	0.0364575
3.17356	0.0290063
3.17381	0.0243721
3.17405	0.0300122
3.1743	0.0391687
3.17454	0.0397724
3.17479	0.0315931
3.17503	0.0252281
3.17528	0.0266416
3.17552	0.0315191
3.17577	0.0342535
3.17601	0.0346316
3.17625	0.0347336
3.1765	0.0352537
3.17674	0.036262
3.17699	0.0373239
3.17723	0.0362758
3.17748	0.0317012
3.17772	0.026763
3.17797	0.0266036
3.17821	0.031455
3.17846	0.0359438
3.1787	0.0358859
3.17895	0.0324217
3.17919	0.0286556
3.17943	0.0256192
3.17968	0.0232052
3.17992	0.0222589
3.18017	0.0232374
3.18041	0.024173
3.18066	0.0225259
3.1809	0.0191172
3.18115	0.0181655
3.18139	0.0220403
3.18164	0.0270207
3.18188	0.0266301
3.18212	0.0197426
3.18237	0.0128723
3.18261	0.0124809
3.18286	0.0172379
3.1831	0.0210038
3.18335	0.0215639
3.18359	0.0218418
3.18384	0.0231428
3.18408	0.0228655
3.18433	0.0202598
3.18457	0.0190045
3.18482	0.0211232
3.18506	0.0229373
3.1853	0.0210155
3.18555	0.0184102
3.18579	0.0200671
3.18604	0.0244344
3.18628	0.0251256
3.18653	0.0202403
3.18677	0.0149381
3.18702	0.0140604
3.18726	0.0165501
3.18751	0.0188072
3.18775	0.0198648
3.188	0.0205579
3.18824	0.0201267
3.18848	0.017216
3.18873	0.0135234
3.18897	0.0130272
3.18922	0.0166597
3.18946	0.0203224
3.18971	0.0199556
3.18995	0.0167279
3.1902	0.0147397
3.19044	0.0147266
3.19069	0.0132684
3.19093	0.00845213
3.19118	0.00322091
3.19142	0.00187091
3.19166	0.00531786
3.19191	0.0107118
3.19215	0.0137654
3.1924	0.011346
3.19264	0.00480413
3.19289	0.00104289
3.19313	0.00611654
3.19338	0.0166651
3.19362	0.0225877
3.19387	0.0201027
3.19411	0.0162527
3.19435	0.0171178
3.1946	0.018463
3.19484	0.0141093
3.19509	0.0073805
3.19533	0.00584421
3.19558	0.00895847
3.19582	0.0103311
3.19607	0.0095812
3.19631	0.0119027
3.19656	0.0169086
3.1968	0.0182756
3.19705	0.0151152
3.19729	0.0135466
3.19753	0.0151744
3.19778	0.014176
3.19802	0.00905046
3.19827	0.0070522
3.19851	0.0117657
3.19876	0.0155981
3.199	0.0115618
3.19925	0.00483564
3.19949	0.00450327
3.19974	0.00960861
3.19998	0.0121141
3.20023	0.00998817
3.20047	0.00873333
3.20071	0.0114562
3.20096	0.0150533
3.2012	0.0162976
3.20145	0.0156469
3.20169	0.0143071
3.20194	0.012239
3.20218	0.0100639
3.20243	0.00948158
3.20267	0.0107387
3.20292	0.0118831
3.20316	0.0111685
3.20341	0.00901306
3.20365	0.00759953
3.20389	0.0088609
3.20414	0.0118388
3.20438	0.0122882
3.20463	0.00740097
3.20487	0.00102175
3.20512	0.000321716
3.20536	0.00607477
3.20561	0.0107361
3.20585	0.00891627
3.2061	0.00527657
3.20634	0.00748708
3.20659	0.0145443
3.20683	0.0178167
3.20707	0.0128634
3.20732	0.00497364
3.20756	0.00199304
3.20781	0.00544487
3.20805	0.0105928
3.2083	0.012975
3.20854	0.0125001
3.20879	0.0115813
3.20903	0.0112807
3.20928	0.0106539
3.20952	0.00932234
3.20976	0.00869618
3.21001	0.00980854
3.21025	0.0115855
3.2105	0.0124486
3.21074	0.0119401
3.21099	0.00966917
3.21123	0.00527395
3.21148	0.00123762
3.21172	0.00212447
3.21197	0.00772176
3.21221	0.0108253
3.21246	0.00660575
3.2127	0.000386349
3.21294	-0.000104415
3.21319	0.00342955
3.21343	0.00390657
3.21368	0.0019107
3.21392	0.00420613
3.21417	0.0097039
3.21441	0.00881987
3.21466	-0.00025187
3.2149	-0.00603145
3.21515	-0.000370626
3.21539	0.00911492
3.21564	0.0108991
3.21588	0.00608991
3.21612	0.00416998
3.21637	0.0075156
3.21661	0.00969329
3.21686	0.00685242
3.2171	0.00231549
3.21735	3.16744e-05
3.21759	0.000112571
3.21784	0.00166666
3.21808	0.00509009
3.21833	0.0100844
3.21857	0.0142808
3.21882	0.0150778
3.21906	0.0119954
3.2193	0.00735692
3.21955	0.00461715
3.21979	0.00466156
3.22004	0.00423035
3.22028	0.000468825
3.22053	-0.00381469
3.22077	-0.00328319
3.22102	0.00196889
3.22126	0.00634276
3.22151	0.00668328
3.22175	0.00511343
3.22199	0.00370814
3.22224	0.00232518
3.22248	0.00239985
3.22273	0.00617173
3.22297	0.0107542
3.22322	0.0100411
3.22346	0.00444544
3.22371	0.00138327
3.22395	0.00380381
3.2242	0.00628574
3.22444	0.00549386
3.22469	0.00565247
3.22493	0.00916619
3.22517	0.010639
3.22542	0.00619698
3.22566	0.000967462
3.22591	0.00090786
3.22615	0.00422641
3.2264	0.00705031
3.22664	0.0104447
3.22689	0.0153096
3.22713	0.0173933
3.22738	0.0141463
3.22762	0.00981576
3.22787	0.00761422
3.22811	0.00450467
3.22835	-8.20531e-05
3.2286	0.000161277
3.22884	0.00645212
3.22909	0.00906512
3.22933	0.00328072
3.22958	0.000141756
3.22982	0.00884232
3.23007	0.0188959
3.23031	0.0153846
3.23056	0.00316442
3.2308	-0.00169869
3.23105	0.00205198
3.23129	0.00280621
3.23153	-0.000247234
3.23178	0.00362418
3.23202	0.0142773
3.23227	0.0184508
3.23251	0.0126255
3.23276	0.00856662
3.233	0.0114119
3.23325	0.0114342
3.23349	0.00458283
3.23374	0.00269065
3.23398	0.0128804
3.23422	0.0229107
3.23447	0.01956
3.23471	0.00894766
3.23496	0.00554693
3.2352	0.0108151
3.23545	0.0155099
3.23569	0.0156918
3.23594	0.0143815
3.23618	0.0128062
3.23643	0.0107269
3.23667	0.0111274
3.23692	0.0153731
3.23716	0.0179485
3.2374	0.0142079
3.23765	0.00889173
3.23789	0.00906503
3.23814	0.013305
3.23838	0.0158451
3.23863	0.0166382
3.23887	0.0189199
3.23912	0.0213109
3.23936	0.0209922
3.23961	0.0207028
3.23985	0.0238897
3.2401	0.0268131
3.24034	0.0244103
3.24058	0.0201344
3.24083	0.0202459
3.24107	0.0218967
3.24132	0.0178323
3.24156	0.0105307
3.24181	0.00965136
3.24205	0.0159213
3.2423	0.0197404
3.24254	0.0171686
3.24279	0.0152237
3.24303	0.0179682
3.24328	0.0189623
3.24352	0.0133064
3.24376	0.00719305
3.24401	0.00798672
3.24425	0.0125093
3.2445	0.0133637
3.24474	0.01116
3.24499	0.0118427
3.24523	0.0155577
3.24548	0.0167842
3.24572	0.0140875
3.24597	0.0120433
3.24621	0.0133118
3.24645	0.0152156
3.2467	0.0151532
3.24694	0.0140327
3.24719	0.0128312
3.24743	0.0104371
3.24768	0.00712982
3.24792	0.00647495
3.24817	0.0109037
3.24841	0.0177132
3.24866	0.022047
3.2489	0.0224587
3.24915	0.0213392
3.24939	0.0208368
3.24963	0.0206194
3.24988	0.0197101
3.25012	0.0189094
3.25037	0.0205969
3.25061	0.0260589
3.25086	0.032916
3.2511	0.0359342
3.25135	0.0320611
3.25159	0.0248574
3.25184	0.0216653
3.25208	0.0249861
3.25233	0.0287689
3.25257	0.0257131
3.25281	0.0168743
3.25306	0.0107322
3.2533	0.0128776
3.25355	0.0198688
3.25379	0.0241994
3.25404	0.0224622
3.25428	0.0170049
3.25453	0.0119066
3.25477	0.0097463
3.25502	0.0109501
3.25526	0.0136352
3.25551	0.0142208
3.25575	0.0104531
3.25599	0.00477121
3.25624	0.00338558
3.25648	0.0102617
3.25673	0.0214941
3.25697	0.0271324
3.25722	0.0209795
3.25746	0.0086829
3.25771	0.00288867
3.25795	0.00851338
3.2582	0.0164243
3.25844	0.0157037
3.25868	0.00892251
3.25893	0.00842596
3.25917	0.0182292
3.25942	0.0278106
3.25966	0.0267258
3.25991	0.0184401
3.26015	0.0145507
3.2604	0.0198149
3.26064	0.0283574
3.26089	0.0321392
3.26113	0.0286415
3.26138	0.0217314
3.26162	0.0180716
3.26186	0.0208597
3.26211	0.0253162
3.26235	0.0236778
3.2626	0.0162514
3.26284	0.0120727
3.26309	0.0156612
3.26333	0.0201041
3.26358	0.0186148
3.26382	0.0154472
3.26407	0.016993
3.26431	0.0187446
3.26456	0.012642
3.2648	0.00339071
3.26504	0.00407563
3.26529	0.0156589
3.26553	0.023826
3.26578	0.0192177
3.26602	0.00946732
3.26627	0.0062712
3.26651	0.0100279
3.26676	0.013319
3.267	0.0122518
3.26725	0.00820513
3.26749	0.0037186
3.26774	0.0018546
3.26798	0.00512094
3.26822	0.0110614
3.26847	0.0135955
3.26871	0.0118464
3.26896	0.0118258
3.2692	0.0158517
3.26945	0.0173878
3.26969	0.0119556
3.26994	0.00652395
3.27018	0.0102797
3.27043	0.0204184
3.27067	0.0254268
3.27091	0.0206975
3.27116	0.0134221
3.2714	0.0
3.27165	0.0
3.27189	0.0
3.27214	0.0
3.27238	0.0
3.27263	0.0
3.27287	0.0
3.27312	0.0
3.27336	0.0
3.27361	0.0
3.27385	0.0
3.27409	0.0
3.27434	0.0
3.27458	0.0
3.27483	0.0
3.27507	0.0
3.27532	0.0
3.27556	0.0
3.27581	0.0
3.27605	0.0
3.2763	0.0
3.27654	0.0
3.27679	0.0
3.27703	0.0
3.27727	0.0
3.27752	0.0
3.27776	0.0
3.27801	0.0
3.27825	0.0
3.2785	0.0
3.27874	0.0
3.27899	0.0
3.27923	0.0
3.27948	0.0
3.27972	0.0
3.27997	0.0
3.28021	0.0
3.28045	0.0
3.2807	0.0
3.28094	0.0
3.28119	0.0
3.28143	0.0
3.28168	0.0
3.28192	0.0
3.28217	0.0
3.28241	0.0
3.28266	0.0
3.2829	0.0
3.28315	0.0
3.28339	0.0
3.28363	0.0
3.28388	0.0
3.28412	0.0
3.28437	0.0
3.28461	0.0
3.28486	0.0
3.2851	0.0
3.28535	0.0
3.28559	0.0
3.28584	0.0
3.28608	0.0
3.28632	0.0
3.28657	0.0
3.28681	0.0
3.28706	0.0
3.2873	0.0
3.28755	0.0
3.28779	0.0
3.28804	0.0
3.28828	0.0
3.28853	0.0
3.28877	0.0
3.28902	0.0
3.28926	0.0
3.2895	0.0
3.28975	0.0
3.28999	0.0
3.29024	0.0
3.29048	0.0
3.29073	0.0
3.29097	0.0
3.29122	0.0
3.29146	0.0
3.29171	0.0
3.29195	0.0
3.2922	0.0
3.29244	0.0
3.29268	0.0
3.29293	0.0
3.29317	0.0
3.29342	0.0
3.29366	0.0
3.29391	0.0
3.29415	0.0
3.2944	0.0
3.29464	0.0
3.29489	0.0
3.29513	0.0
3.29538	0.0
3.29562	0.0
3.29586	0.0
3.29611	0.0
3.29635	0.0
3.2966	0.0
3.29684	0.0
3.29709	0.0
3.29733	0.0
3.29758	0.0
3.29782	0.0
3.29807	0.0
3.29831	0.0
3.29855	0.0
3.2988	0.0
3.29904	0.0
3.29929	0.0
3.29953	0.0
3.29978	0.0
3.30002	0.0
3.30027	0.0
3.30051	0.0
3.30076	0.0
3.301	0.0
3.30125	0.0
3.30149	0.0
3.30173	0.0
3.30198	0.0
3.30222	0.0
3.30247	0.0
3.30271	0.0
3.30296	0.0
3.3032	0.0
3.30345	0.0
3.30369	0.0
3.30394	0.0
3.30418	0.0
3.30443	0.0
3.30467	0.0
3.30491	0.0
3.30516	0.0
3.3054	0.0
3.30565	0.0
3.30589	0.0
3.30614	0.0
3.30638	0.0
3.30663	0.0
3.30687	0.0
3.30712	0.0
3.30736	0.0
3.30761	0.0
3.30785	0.0
3.30809	0.0
3.30834	0.0
3.30858	0.0
3.30883	0.0
3.30907	0.0
3.30932	0.0
3.30956	0.0
3.30981	0.0
3.31005	0.0
3.3103	0.0
3.31054	0.0
3.31078	0.0
3.31103	0.0
3.31127	0.0
3.31152	0.0
3.31176	0.0
3.31201	0.0
3.31225	0.0
3.3125	0.0
3.31274	0.0
3.31299	0.0
3.31323	0.0
3.31348	0.0
3.31372	0.0
3.31396	0.0
3.31421	0.0
3.31445	0.0
3.3147	0.0
3.31494	0.0
3.31519	0.0
3.31543	0.0
3.31568	0.0
3.31592	0.0
3.31617	0.0
3.31641	0.0
3.31666	0.0
3.3169	0.0
3.31714	0.0
3.31739	0.0
3.31763	0.0
3.31788	0.0
3.31812	0.0
3.31837	0.0
3.31861	0.0
3.31886	0.0
3.3191	0.0
3.31935	0.0
3.31959	0.0
3.31984	0.0
3.32008	0.0
3.32032	0.0
3.32057	0.0
3.32081	0.0
3.32106	0.0
3.3213	0.0
3.32155	0.0
3.32179	0.0
3.32204	0.0
3.32228	0.0
3.32253	0.0
3.32277	0.0
3.32301	0.0
3.32326	0.0
3.3235	0.0
3.32375	0.0
3.32399	0.0
3.32424	0.0
3.32448	0.0
3.32473	0.0
3.32497	0.0
3.32522	0.0
3.32546	0.0
3.32571	0.0
3.32595	0.0
3.32619	0.0
3.32644	0.0
3.32668	0.0
3.32693	0.0
3.32717	0.0
3.32742	0.0
3.32766	0.0
3.32791	0.0
3.32815	0.0
3.3284	0.0
3.32864	0.0
3.32889	0.0
3.32913	0.0
3.32937	0.0
3.32962	0.0
3.32986	0.0
3.33011	0.0
3.33035	0.0
3.3306	0.0
3.33084	0.0
3.33109	0.0
3.33133	0.0
3.33158	0.0
3.33182	0.0
3.33207	0.0
3.33231	0.0
3.33255	0.0
3.3328	0.0
3.33304	0.0
3.33329	0.0
3.33353	0.0
3.33378	0.0
3.33402	0.0
3.33427	0.0
3.33451	0.0
3.33476	0.0
3.335	0.0
3.33524	0.0
3.33549	0.0
3.33573	0.0
3.33598	0.0
3.33622	0.0
3.33647	0.0
3.33671	0.0
3.33696	0.0
3.3372	0.0236122
3.33745	0.0242094
3.33769	0.0243303
3.33794	0.0233855
3.33818	0.0222866
3.33842	0.0219043
3.33867	0.0222641
3.33891	0.0230672
3.33916	0.0235527
3.3394	0.0229946
3.33965	0.0228534
3.33989	0.0261709
3.34014	0.0325128
3.34038	0.0363708
3.34063	0.0339839
3.34087	0.0291505
3.34112	0.0284857
3.34136	0.0333149
3.3416	0.0400746
3.34185	0.0458449
3.34209	0.0491996
3.34234	0.0488962
3.34258	0.0468005
3.34283	0.0486878
3.34307	0.0565301
3.34332	0.0637489
3.34356	0.0644949
3.34381	0.0630088
3.34405	0.0655215
3.3443	0.0676643
3.34454	0.0609575
3.34478	0.0485917
3.34503	0.0419015
3.34527	0.042157
3.34552	0.0397415
3.34576	0.0325467
3.34601	0.0302655
3.34625	0.0361526
3.3465	0.0391423
3.34674	0.0315659
3.34699	0.0220121
3.34723	0.0213218
3.34747	0.0265497
3.34772	0.0290186
3.34796	0.0290194
3.34821	0.0313314
3.34845	0.0337454
3.3487	0.0319529
3.34894	0.0301701
3.34919	0.034779
3.34943	0.0413315
3.34968	0.0400128
3.34992	0.0319382
3.35017	0.0282338
3.35041	0.0331557
3.35065	0.0389304
3.3509	0.0385772
3.35114	0.0341827
3.35139	0.030131
3.35163	0.0265298
3.35188	0.0227103
3.35212	0.020736
3.35237	0.0218989
3.35261	0.0242554
3.35286	0.0260665
3.3531	0.0276585
3.35335	0.0281948
3.35359	0.0249516
3.35383	0.0182347
3.35408	0.0134583
3.35432	0.015312
3.35457	0.021668
3.35481	0.0257781
3.35506	0.0240789
3.3553	0.0202274
3.35555	0.0205774
3.35579	0.0259416
3.35604	0.0298293
3.35628	0.0268694
3.35653	0.020777
3.35677	0.0193289
3.35701	0.0226012
3.35726	0.0231099
3.3575	0.0186527
3.35775	0.0166864
3.35799	0.0220058
3.35824	0.0280552
3.35848	0.0267828
3.35873	0.0204325
3.35897	0.0162916
3.35922	0.0156976
3.35946	0.0164031
3.35971	0.0201302
3.35995	0.0281342
3.36019	0.0340082
3.36044	0.0316779
3.36068	0.0268564
3.36093	0.0286316
3.36117	0.0326913
3.36142	0.027086
3.36166	0.0140597
3.36191	0.010108
3.36215	0.0208334
3.3624	0.0314059
3.36264	0.0291935
3.36288	0.0216668
3.36313	0.0215789
3.36337	0.0265227
3.36362	0.0264339
3.36386	0.0224924
3.36411	0.0234077
3.36435	0.0278019
3.3646	0.0259288
3.36484	0.0178939
3.36509	0.0152225
3.36533	0.0219857
3.36558	0.0280552
3.36582	0.0263398
3.36606	0.0244791
3.36631	0.031042
3.36655	0.0397235
3.3668	0.0383926
3.36704	0.0283759
3.36729	0.0227764
3.36753	0.0269424
3.36778	0.0319941
3.36802	0.0300816
3.36827	0.0262694
3.36851	0.0296236
3.36876	0.0390839
3.369	0.0453035
3.36924	0.043515
3.36949	0.0381129
3.36973	0.0353423
3.36998	0.0368579
3.37022	0.0408796
3.37047	0.0452222
3.37071	0.0478687
3.37096	0.0477228
3.3712	0.0461917
3.37145	0.0459321
3.37169	0.0472854
3.37194	0.0479871
3.37218	0.0468453
3.37242	0.0455464
3.37267	0.0462532
3.37291	0.0492738
3.37316	0.0534274
3.3734	0.0570086
3.37365	0.0587712
3.37389	0.0601732
3.37414	0.0658284
3.37438	0.0785005
3.37463	0.0943454
3.37487	0.107281
3.37511	0.117879
3.37536	0.132547
3.3756	0.152701
3.37585	0.170538
3.37609	0.178491
3.37634	0.177674
3.37658	0.172931
3.37683	0.164414
3.37707	0.149977
3.37732	0.132806
3.37756	0.119861
3.37781	0.113061
3.37805	0.107582
3.37829	0.0995875
3.37854	0.0909135
3.37878	0.0846034
3.37903	0.0799857
3.37927	0.0750724
3.37952	0.0712463
3.37976	0.071739
3.38001	0.0756056
3.38025	0.0766273
3.3805	0.0703543
3.38074	0.0605088
3.38099	0.055277
3.38123	0.057421
3.38147	0.0616696
3.38172	0.0628329
3.38196	0.0620979
3.38221	0.0625618
3.38245	0.0631913
3.3827	0.062039
3.38294	0.0616297
3.38319	0.0649481
3.38343	0.0690043
3.38368	0.0694866
3.38392	0.0692988
3.38417	0.0740502
3.38441	0.0808291
3.38465	0.0815539
3.3849	0.0773841
3.38514	0.0785115
3.38539	0.087572
3.38563	0.0949038
3.38588	0.0945008
3.38612	0.0932891
3.38637	0.0984839
3.38661	0.106485
3.38686	0.112002
3.3871	0.118356
3.38734	0.129804
3.38759	0.142457
3.38783	0.152532
3.38808	0.165668
3.38832	0.187499
3.38857	0.211857
3.38881	0.229282
3.38906	0.241014
3.3893	0.253191
3.38955	0.263019
3.38979	0.263086
3.39004	0.254861
3.39028	0.245617
3.39052	0.23631
3.39077	0.225392
3.39101	0.220353
3.39126	0.23072
3.3915	0.252124
3.39175	0.272444
3.39199	0.292366
3.39224	0.324094
3.39248	0.370007
3.39273	0.419435
3.39297	0.467779
3.39322	0.520064
3.39346	0.570626
3.3937	0.597949
3.39395	0.589401
3.39419	0.55666
3.39444	0.517073
3.39468	0.473568
3.39493	0.423927
3.39517	0.376469
3.39542	0.341539
3.39566	0.315765
3.39591	0.289049
3.39615	0.26182
3.3964	0.242387
3.39664	0.230973
3.39688	0.218958
3.39713	0.202707
3.39737	0.187474
3.39762	0.177575
3.39786	0.171323
3.39811	0.166198
3.39835	0.162158
3.3986	0.159516
3.39884	0.158759
3.39909	0.16182
3.39933	0.168791
3.39957	0.174841
3.39982	0.175297
3.40006	0.172446
3.40031	0.172663
3.40055	0.178111
3.4008	0.185489
3.40104	0.191524
3.40129	0.195706
3.40153	0.19894
3.40178	0.202905
3.40202	0.209304
3.40227	0.217336
3.40251	0.224324
3.40275	0.230696
3.403	0.240492
3.40324	0.254699
3.40349	0.269468
3.40373	0.284624
3.40398	0.308034
3.40422	0.346161
3.40447	0.395597
3.40471	0.450223
3.40496	0.511927
3.4052	0.586958
3.40545	0.675357
3.40569	0.771241
3.40593	0.869936
3.40618	0.966254
3.40642	1.04757
3.40667	1.09728
3.40691	1.10603
3.40716	1.07483
3.4074	1.00989
3.40765	0.921593
3.40789	0.826448
3.40814	0.740365
3.40838	0.667714
3.40863	0.602525
3.40887	0.540774
3.40911	0.485818
3.40936	0.441878
3.4096	0.408408
3.40985	0.381719
3.41009	0.357219
3.41034	0.330547
3.41058	0.30199
3.41083	0.278805
3.41107	0.266847
3.41132	0.26102
3.41156	0.251552
3.4118	0.238817
3.41205	0.232447
3.41229	0.234652
3.41254	0.235024
3.41278	0.226323
3.41303	0.216021
3.41327	0.215336
3.41352	0.223809
3.41376	0.232781
3.41401	0.239613
3.41425	0.250013
3.4145	0.268002
3.41474	0.291359
3.41498	0.318185
3.41523	0.352536
3.41547	0.40045
3.41572	0.461768
3.41596	0.527325
3.41621	0.584642
3.41645	0.62667
3.4167	0.653893
3.41694	0.666609
3.41719	0.658276
3.41743	0.622332
3.41768	0.565317
3.41792	0.505826
3.41816	0.456953
3.41841	0.415542
3.41865	0.373124
3.4189	0.331456
3.41914	0.299792
3.41939	0.280188
3.41963	0.264355
3.41988	0.24559
3.42012	0.226528
3.42037	0.212587
3.42061	0.203269
3.42086	0.193826
3.4211	0.182582
3.42134	0.173036
3.42159	0.169603
3.42183	0.173117
3.42208	0.179966
3.42232	0.185239
3.42257	0.188077
3.42281	0.193855
3.42306	0.208436
3.4233	0.229628
3.42355	0.247545
3.42379	0.255015
3.42403	0.254034
3.42428	0.249245
3.42452	0.239375
3.42477	0.220879
3.42501	0.197531
3.42526	0.178762
3.4255	0.167658
3.42575	0.158019
3.42599	0.145946
3.42624	0.136769
3.42648	0.13496
3.42673	0.134021
3.42697	0.125248
3.42721	0.112598
3.42746	0.108252
3.4277	0.114014
3.42795	0.118126
3.42819	0.113199
3.42844	0.106663
3.42868	0.107416
3.42893	0.111251
3.42917	0.10847
3.42942	0.0998932
3.42966	0.0948712
3.42991	0.0961755
3.43015	0.0972476
3.43039	0.0943881
3.43064	0.0919019
3.43088	0.0929187
3.43113	0.0937295
3.43137	0.0915143
3.43162	0.0908328
3.43186	0.0968548
3.43211	0.10675
3.43235	0.113616
3.4326	0.116237
3.43284	0.119643
3.43309	0.127728
3.43333	0.140324
3.43357	0.156508
3.43382	0.175335
3.43406	0.192773
3.43431	0.202851
3.43455	0.203668
3.4348	0.198571
3.43504	0.18967
3.43529	0.174651
3.43553	0.153493
3.43578	0.134146
3.43602	0.125242
3.43626	0.124511
3.43651	0.121196
3.43675	0.110874
3.437	0.100892
3.43724	0.0981097
3.43749	0.098332
3.43773	0.0940024
3.43798	0.0868001
3.43822	0.0840336
3.43847	0.0854709
3.43871	0.0836195
3.43896	0.076971
3.4392	0.0729885
3.43944	0.0754543
3.43969	0.0781692
3.43993	0.075682
3.44018	0.0718902
3.44042	0.0719843
3.44067	0.0731815
3.44091	0.0708354
3.44116	0.067755
3.4414	0.0690955
3.44165	0.0724331
3.44189	0.0717168
3.44214	0.0679224
3.44238	0.0668135
3.44262	0.0681929
3.44287	0.0665993
3.44311	0.0618503
3.44336	0.0597188
3.4436	0.0618091
3.44385	0.0635244
3.44409	0.0631324
3.44434	0.0642326
3.44458	0.0674239
3.44483	0.0679175
3.44507	0.0641234
3.44532	0.0608686
3.44556	0.061135
3.4458	0.0619956
3.44605	0.0616048
3.44629	0.0622786
3.44654	0.0633312
3.44678	0.0596478
3.44703	0.0521868
3.44727	0.0507547
3.44752	0.0594818
3.44776	0.0679678
3.44801	0.0655488
3.44825	0.0572136
3.4485	0.0552702
3.44874	0.0607813
3.44898	0.0646562
3.44923	0.0637824
3.44947	0.0640499
3.44972	0.0679682
3.44996	0.0704539
3.45021	0.0683814
3.45045	0.0649475
3.4507	0.0626846
3.45094	0.0605846
3.45119	0.0598484
3.45143	0.063868
3.45167	0.0700357
3.45192	0.0703481
3.45216	0.0638201
3.45241	0.0599291
3.45265	0.0647926
3.4529	0.0715927
3.45314	0.0709263
3.45339	0.0642231
3.45363	0.0598043
3.45388	0.0604926
3.45412	0.0625168
3.45437	0.0634436
3.45461	0.0640397
3.45485	0.0641928
3.4551	0.0632885
3.45534	0.0633515
3.45559	0.066271
3.45583	0.0691324
3.45608	0.0676332
3.45632	0.0631675
3.45657	0.0613562
3.45681	0.064198
3.45706	0.0684197
3.4573	0.0710054
3.45755	0.071866
3.45779	0.0716875
3.45803	0.0713836
3.45828	0.0727308
3.45852	0.0754196
3.45877	0.07524
3.45901	0.0699826
3.45926	0.06478
3.4595	0.0654862
3.45975	0.069151
3.45999	0.068781
3.46024	0.0657687
3.46048	0.0678727
3.46073	0.0747763
3.46097	0.0766892
3.46121	0.0702624
3.46146	0.065073
3.4617	0.0688151
3.46195	0.0756915
3.46219	0.0767471
3.46244	0.0734258
3.46268	0.0723175
3.46293	0.0733102
3.46317	0.072631
3.46342	0.0725761
3.46366	0.0778223
3.4639	0.0849717
3.46415	0.0858675
3.46439	0.0801121
3.46464	0.0750429
3.46488	0.0737402
3.46513	0.0721623
3.46537	0.0688829
3.46562	0.0687423
3.46586	0.0741477
3.46611	0.0799876
3.46635	0.0808005
3.4666	0.0779971
3.46684	0.0767636
3.46708	0.0790812
3.46733	0.082145
3.46757	0.0819685
3.46782	0.0779287
3.46806	0.0746028
3.46831	0.0770442
3.46855	0.0828518
3.4688	0.0835451
3.46904	0.0772172
3.46929	0.0734641
3.46953	0.0793666
3.46978	0.0873907
3.47002	0.0868657
3.47026	0.0814611
3.47051	0.0825268
3.47075	0.0891452
3.471	0.0900311
3.47124	0.0840086
3.47149	0.0818628
3.47173	0.085942
3.47198	0.0854702
3.47222	0.0773653
3.47247	0.0741011
3.47271	0.0819612
3.47296	0.088034
3.4732	0.0813371
3.47344	0.0725624
3.47369	0.0774602
3.47393	0.0916243
3.47418	0.0985324
3.47442	0.0948974
3.47467	0.0909638
3.47491	0.090717
3.47516	0.0890704
3.4754	0.0864517
3.47565	0.0895409
3.47589	0.0970747
3.47613	0.0997386
3.47638	0.0957523
3.47662	0.0931737
3.47687	0.0949408
3.47711	0.0948782
3.47736	0.0914012
3.4776	0.0918711
3.47785	0.0987497
3.47809	0.103567
3.47834	0.100714
3.47858	0.0965004
3.47883	0.0976765
3.47907	0.100455
3.47931	0.0984829
3.47956	0.0937179
3.4798	0.0914425
3.48005	0.0910775
3.48029	0.0898331
3.48054	0.0898927
3.48078	0.0938983
3.48103	0.0979002
3.48127	0.0970676
3.48152	0.0948542
3.48176	0.0979879
3.48201	0.104597
3.48225	0.106363
3.48249	0.102166
3.48274	0.100639
3.48298	0.106697
3.48323	0.113103
3.48347	0.110291
3.48372	0.100004
3.48396	0.0933861
3.48421	0.0969343
3.48445	0.105458
3.4847	0.109901
3.48494	0.108241
3.48519	0.105917
3.48543	0.107505
3.48567	0.111724
3.48592	0.114726
3.48616	0.114801
3.48641	0.112357
3.48665	0.108305
3.4869	0.10478
3.48714	0.104929
3.48739	0.108968
3.48763	0.112445
3.48788	0.111715
3.48812	0.109373
3.48836	0.110439
3.48861	0.114614
3.48885	0.116965
3.4891	0.115685
3.48934	0.114101
3.48959	0.11438
3.48983	0.114442
3.49008	0.113071
3.49032	0.113448
3.49057	0.118042
3.49081	0.123154
3.49106	0.122917
3.4913	0.117762
3.49154	0.114793
3.49179	0.118708
3.49203	0.125359
3.49228	0.126935
3.49252	0.122373
3.49277	0.119022
3.49301	0.122687
3.49326	0.129436
3.4935	0.130981
3.49375	0.126246
3.49399	0.122264
3.49424	0.123516
3.49448	0.126226
3.49472	0.125632
3.49497	0.123707
3.49521	0.125517
3.49546	0.131157
3.4957	0.135619
3.49595	0.135208
3.49619	0.131197
3.49644	0.128099
3.49668	0.129524
3.49693	0.134074
3.49717	0.13556
3.49742	0.130693
3.49766	0.125621
3.4979	0.12892
3.49815	0.138518
3.49839	0.143972
3.49864	0.14286
3.49888	0.144126
3.49913	0.151117
3.49937	0.153589
3.49962	0.144973
3.49986	0.136229
3.50011	0.140495
3.50035	0.152507
3.50059	0.157122
3.50084	0.152443
3.50108	0.149875
3.50133	0.1544
3.50157	0.159324
3.50182	0.159892
3.50206	0.159057
3.50231	0.159246
3.50255	0.159713
3.5028	0.162003
3.50304	0.167496
3.50329	0.170755
3.50353	0.16667
3.50377	0.162207
3.50402	0.167966
3.50426	0.17976
3.50451	0.183664
3.50475	0.178946
3.505	0.179003
3.50524	0.187563
3.50549	0.192086
3.50573	0.18617
3.50598	0.180943
3.50622	0.185963
3.50647	0.194537
3.50671	0.197632
3.50695	0.19812
3.5072	0.200639
3.50744	0.200572
3.50769	0.194808
3.50793	0.0
3.50818	0.0
3.50842	0.0
3.50867	0.0
3.50891	0.0
3.50916	0.0
3.5094	0.0
3.50965	0.0
3.50989	0.0
3.51013	0.0
3.51038	0.0
3.51062	0.0
3.51087	0.0
3.51111	0.0
3.51136	0.0
3.5116	0.0
3.51185	0.0
3.51209	0.0
3.51234	0.0
3.51258	0.0
3.51282	0.0
3.51307	0.0
3.51331	0.0
3.51356	0.0
3.5138	0.0
3.51405	0.0
3.51429	0.0
3.51454	0.0
3.51478	0.0
3.51503	0.0
3.51527	0.0
3.51552	0.0
3.51576	0.0
3.516	0.0
3.51625	0.0
3.51649	0.0
3.51674	0.0
3.51698	0.0
3.51723	0.0
3.51747	0.0
3.51772	0.0
3.51796	0.0
3.51821	0.0
3.51845	0.0
3.5187	0.0
3.51894	0.0
3.51918	0.0
3.51943	0.0
3.51967	0.0
3.51992	0.0
3.52016	0.0
3.52041	0.0
3.52065	0.0
3.5209	0.0
3.52114	0.0
3.52139	0.0
3.52163	0.0
3.52188	0.0
3.52212	0.0
3.52236	0.0
3.52261	0.0
3.52285	0.0
3.5231	0.0
3.52334	0.0
3.52359	0.0
3.52383	0.0
3.52408	0.0
3.52432	0.0
3.52457	0.0
3.52481	0.0
3.52506	0.0
3.5253	0.0
3.52554	0.0
3.52579	0.0
3.52603	0.0
3.52628	0.0
3.52652	0.0
3.52677	0.0
3.52701	0.0
3.52726	0.0
3.5275	0.0
3.52775	0.0
3.52799	0.0
3.52823	0.0
3.52848	0.0
3.52872	0.0
3.52897	0.0
3.52921	0.0
3.52946	0.0
3.5297	0.0
3.52995	0.0
3.53019	0.0
3.53044	0.0
3.53068	0.0
3.53093	0.0
3.53117	0.0
3.53141	0.0
3.53166	0.0
3.5319	0.0
3.53215	0.0
3.53239	0.0
3.53264	0.0
3.53288	0.0
3.53313	0.0
3.53337	0.0
3.53362	0.0
3.53386	0.0
3.53411	0.0
3.53435	0.0
3.53459	0.0
3.53484	0.0
3.53508	0.0
3.53533	0.0
3.53557	0.0
3.53582	0.0
3.53606	0.0
3.53631	0.0
3.53655	0.0
3.5368	0.0
3.53704	0.0
3.53729	0.0
3.53753	0.0
3.53777	0.0
3.53802	0.0
3.53826	0.0
3.53851	0.0
3.53875	0.0
3.539	0.0
3.53924	0.0
3.53949	0.0
3.53973	0.0
3.53998	0.0
3.54022	0.0
3.54046	0.0
3.54071	0.0
3.54095	0.0
3.5412	0.0
3.54144	0.0
3.54169	0.0
3.54193	0.0
3.54218	0.0
3.54242	0.0
3.54267	0.0
3.54291	0.0
3.54316	0.0
3.5434	0.0
3.54364	0.0
3.54389	0.0
3.54413	0.0
3.54438	0.0
3.54462	0.0
3.54487	0.0
3.54511	0.0
3.54536	0.0
3.5456	0.0
3.54585	0.0
3.54609	0.0
3.54634	0.0
3.54658	0.0
3.54682	0.0
3.54707	0.0
3.54731	0.0
3.54756	0.0
3.5478	0.0
3.54805	0.0
3.54829	0.0
3.54854	0.0
3.54878	0.0
3.54903	0.0
3.54927	0.0
3.54952	0.0
3.54976	0.0
3.55	0.0
3.55025	0.0
3.55049	0.0
3.55074	0.0
3.55098	0.0
3.55123	0.0
3.55147	0.0
3.55172	0.0
3.55196	0.0
3.55221	0.0
3.55245	0.0
3.55269	0.0
3.55294	0.0
3.55318	0.0
3.55343	0.0
3.55367	0.0
3.55392	0.0
3.55416	0.0
3.55441	0.0
3.55465	0.0
3.5549	0.0
3.55514	0.0
3.55539	0.0
3.55563	0.0
3.55587	0.0
3.55612	0.0
3.55636	0.0
3.55661	0.0
3.55685	0.0
3.5571	0.0
3.55734	0.0
3.55759	0.0
3.55783	0.0
3.55808	0.0
3.55832	0.0
3.55857	0.0
3.55881	0.0
3.55905	0.0
3.5593	0.0
3.55954	0.0
3.55979	0.0
3.56003	0.0
3.56028	0.0
3.56052	0.0
3.56077	0.0
3.56101	0.0
3.56126	0.0
3.5615	0.0
3.56175	0.0
3.56199	0.0
3.56223	0.0
3.56248	0.0
3.56272	0.0
3.56297	0.0
3.56321	0.0
3.56346	0.0
3.5637	0.0
3.56395	0.0
3.56419	0.0
3.56444	0.0
3.56468	0.0
3.56492	0.0
3.56517	0.0
3.56541	0.0
3.56566	0.0
3.5659	0.0
3.56615	0.0
3.56639	0.0
3.56664	0.0
3.56688	0.0
3.56713	0.0
3.56737	0.0
3.56762	0.0
3.56786	0.0
3.5681	0.0
3.56835	0.0
3.56859	0.0
3.56884	0.0
3.56908	0.0
3.56933	0.0
3.56957	0.0
3.56982	0.0
3.57006	0.0
3.57031	0.0
3.57055	0.0
3.5708	0.0
3.57104	0.0
3.57128	0.0
3.57153	0.0
3.57177	0.0
3.57202	0.0
3.57226	0.0
3.57251	0.0
3.57275	0.0
3.573	0.0
3.57324	0.0
3.57349	0.0
3.57373	0.0
3.57398	0.0
3.57422	0.0
3.57446	0.0
3.57471	0.0
3.57495	0.0
3.5752	0.0
3.57544	0.0
3.57569	0.0
3.57593	0.0
3.57618	0.0
3.57642	0.0
3.57667	0.0
3.57691	0.0
3.57715	0.0
3.5774	0.0
3.57764	0.0
3.57789	0.0
3.57813	0.0
3.57838	0.0
3.57862	0.0
3.57887	0.0
3.57911	0.0
3.57936	0.0
3.5796	0.0
3.57985	0.0
3.58009	0.0
3.58033	0.0
3.58058	0.0
3.58082	0.0
3.58107	0.0
3.58131	0.0
3.58156	0.0
3.5818	0.0
3.58205	0.0
3.58229	0.0
3.58254	0.0
3.58278	0.0
3.58303	0.0
3.58327	0.0
3.58351	0.0
3.58376	0.0
3.584	0.0
3.58425	0.0
3.58449	0.0
3.58474	0.0
3.58498	0.0
3.58523	0.0
3.58547	0.0
3.58572	0.0
3.58596	0.0
3.58621	0.0
3.58645	0.0
3.58669	0.0
3.58694	0.0
3.58718	0.0
3.58743	0.0
3.58767	0.0
3.58792	0.0
3.58816	0.0
3.58841	0.0
3.58865	0.0
3.5889	0.0
3.58914	0.0
3.58938	0.0
3.58963	0.0
3.58987	0.0
3.59012	0.0
3.59036	0.0
3.59061	0.0
3.59085	0.0
3.5911	0.0
3.59134	0.0
3.59159	0.0
3.59183	0.0
3.59208	0.0
3.59232	0.0
3.59256	0.0
3.59281	0.0
3.59305	0.0
3.5933	0.0
3.59354	0.0
3.59379	0.0
3.59403	0.0
3.59428	0.0
3.59452	0.0
3.59477	0.0
3.59501	0.0
3.59526	0.0
3.5955	0.0
3.59574	0.0
3.59599	0.0
3.59623	0.0
3.59648	0.0
3.59672	0.0
3.59697	0.0
3.59721	0.0
3.59746	0.0
3.5977	0.0
3.59795	0.0
3.59819	0.0
3.59844	0.0
3.59868	0.0
3.59892	0.0
3.59917	0.0
3.59941	0.0
3.59966	0.0
3.5999	0.0
3.60015	0.0
3.60039	0.0
3.60064	0.0
3.60088	0.0
3.60113	0.0
3.60137	0.0
3.60162	0.0
3.60186	0.0
3.6021	0.0
3.60235	0.0
3.60259	0.0
3.60284	0.0
3.60308	0.0
3.60333	0.0
3.60357	0.0
3.60382	0.0
3.60406	0.0
3.60431	0.0
3.60455	0.0
3.60479	0.0
3.60504	0.0
3.60528	0.0
3.60553	0.0
3.60577	0.0
3.60602	0.0
3.60626	0.0
3.60651	0.0
3.60675	0.0
3.607	0.0
3.60724	0.0
3.60749	0.0
3.60773	0.0
3.60797	0.0
3.60822	0.0
3.60846	0.0
3.60871	0.0
3.60895	0.0
3.6092	0.0
3.60944	0.0
3.60969	0.0
3.60993	0.0
3.61018	0.0
3.61042	0.0
3.61067	0.0
3.61091	0.0
3.61115	0.0
3.6114	0.0
3.61164	0.0
3.61189	0.0
3.61213	0.0
3.61238	0.0
3.61262	0.0
3.61287	0.0
3.61311	0.0
3.61336	0.0
3.6136	0.0
3.61385	0.0
3.61409	0.0
3.61433	0.0
3.61458	0.0
3.61482	0.0
3.61507	0.0
3.61531	0.0
3.61556	0.0
3.6158	0.0
3.61605	0.0
3.61629	0.0
3.61654	0.0
3.61678	0.0
3.61702	0.0
3.61727	0.0
3.61751	0.0
3.61776	0.0
3.618	0.0
3.61825	0.0
3.61849	0.0
3.61874	0.0
3.61898	0.0
3.61923	0.0
3.61947	0.0
3.61972	0.0
3.61996	0.0
3.6202	0.0
3.62045	0.0
3.62069	0.0
3.62094	0.0
3.62118	0.0
3.62143	0.0
3.62167	0.0
3.62192	0.0
3.62216	0.0
3.62241	0.0
3.62265	0.0
3.6229	0.0
3.62314	0.0
3.62338	0.0
3.62363	0.0
3.62387	0.0
3.62412	0.0
3.62436	0.0
3.62461	0.0
3.62485	0.0
3.6251	0.0
3.62534	0.0
3.62559	0.0
3.62583	0.0
3.62608	0.0
3.62632	0.0
3.62656	0.0
3.62681	0.0
3.62705	0.0
3.6273	0.0
3.62754	0.0
3.62779	0.0
3.62803	0.0
3.62828	0.0
3.62852	0.0
3.62877	0.0
3.62901	0.0
3.62925	0.0
3.6295	0.0
3.62974	0.0
3.62999	0.0
3.63023	0.0
3.63048	0.0
3.63072	0.0
3.63097	0.0
3.63121	0.0
3.63146	0.0
3.6317	0.0
3.63195	0.0
3.63219	0.0
3.63243	0.0
3.63268	0.0
3.63292	0.0
3.63317	0.0
3.63341	0.0
3.63366	0.0
3.6339	0.0
3.63415	0.343235
3.63439	0.340661
3.63464	0.33568
3.63488	0.33624
3.63513	0.34144
3.63537	0.341251
3.63561	0.333034
3.63586	0.325958
3.6361	0.325519
3.63635	0.324917
3.63659	0.317443
3.63684	0.308219
3.63708	0.306116
3.63733	0.309905
3.63757	0.310221
3.63782	0.302945
3.63806	0.294187
3.63831	0.291503
3.63855	0.294297
3.63879	0.295323
3.63904	0.290728
3.63928	0.285476
3.63953	0.286041
3.63977	0.289693
3.64002	0.287034
3.64026	0.276201
3.64051	0.26733
3.64075	0.2686
3.641	0.274489
3.64124	0.274616
3.64148	0.268906
3.64173	0.265487
3.64197	0.266779
3.64222	0.266984
3.64246	0.262816
3.64271	0.258379
3.64295	0.257906
3.6432	0.259663
3.64344	0.258851
3.64369	0.253063
3.64393	0.244459
3.64418	0.238497
3.64442	0.238735
3.64466	0.241337
3.64491	0.238947
3.64515	0.231903
3.6454	0.228684
3.64564	0.231578
3.64589	0.231539
3.64613	0.224291
3.64638	0.22052
3.64662	0.228491
3.64687	0.236904
3.64711	0.231002
3.64736	0.21785
3.6476	0.216298
3.64784	0.226276
3.64809	0.229715
3.64833	0.221475
3.64858	0.216265
3.64882	0.220767
3.64907	0.222141
3.64931	0.213129
3.64956	0.206634
3.6498	0.212132
3.65005	0.21706
3.65029	0.208404
3.65054	0.196602
3.65078	0.198491
3.65102	0.208682
3.65127	0.208953
3.65151	0.198199
3.65176	0.191746
3.652	0.19468
3.65225	0.196337
3.65249	0.191081
3.65274	0.185993
3.65298	0.185699
3.65323	0.185852
3.65347	0.184878
3.65371	0.187292
3.65396	0.191406
3.6542	0.188043
3.65445	0.176804
3.65469	0.170294
3.65494	0.17548
3.65518	0.182908
3.65543	0.182325
3.65567	0.178015
3.65592	0.179145
3.65616	0.18396
3.65641	0.184347
3.65665	0.179745
3.65689	0.175813
3.65714	0.173404
3.65738	0.169062
3.65763	0.164058
3.65787	0.16343
3.65812	0.166839
3.65836	0.168586
3.65861	0.16662
3.65885	0.164337
3.6591	0.163479
3.65934	0.162271
3.65959	0.161035
3.65983	0.162623
3.66007	0.165879
3.66032	0.165334
3.66056	0.159685
3.66081	0.154651
3.66105	0.154613
3.6613	0.156826
3.66154	0.156998
3.66179	0.155372
3.66203	0.153562
3.66228	0.150436
3.66252	0.145901
3.66277	0.144312
3.66301	0.148354
3.66325	0.152999
3.6635	0.151852
3.66374	0.146897
3.66399	0.14506
3.66423	0.146973
3.66448	0.147022
3.66472	0.144025
3.66497	0.143076
3.66521	0.145325
3.66546	0.144858
3.6657	0.139545
3.66594	0.136522
3.66619	0.141063
3.66643	0.147128
3.66668	0.146524
3.66692	0.141748
3.66717	0.140767
3.66741	0.142842
3.66766	0.139871
3.6679	0.13109
3.66815	0.126081
3.66839	0.130641
3.66864	0.13804
3.66888	0.138768
3.66912	0.133096
3.66937	0.128955
3.66961	0.130907
3.66986	0.135882
3.6701	0.138387
3.67035	0.136429
3.67059	0.132387
3.67084	0.129716
3.67108	0.129213
3.67133	0.128805
3.67157	0.127166
3.67182	0.125791
3.67206	0.126036
3.6723	0.126455
3.67255	0.125574
3.67279	0.124817
3.67304	0.125405
3.67328	0.125231
3.67353	0.122968
3.67377	0.12207
3.67402	0.12524
3.67426	0.12818
3.67451	0.125737
3.67475	0.121246
3.675	0.121339
3.67524	0.123932
3.67548	0.12169
3.67573	0.116229
3.67597	0.116643
3.67622	0.122723
3.67646	0.123117
3.67671	0.11439
3.67695	0.108587
3.6772	0.11445
3.67744	0.123169
3.67769	0.122593
3.67793	0.115501
3.67817	0.112405
3.67842	0.114078
3.67866	0.113652
3.67891	0.110783
3.67915	0.111229
3.6794	0.115116
3.67964	0.116847
3.67989	0.115446
3.68013	0.115276
3.68038	0.117362
3.68062	0.118509
3.68087	0.118258
3.68111	0.118998
3.68135	0.120337
3.6816	0.120451
3.68184	0.121187
3.68209	0.124698
3.68233	0.127386
3.68258	0.124709
3.68282	0.11948
3.68307	0.117619
3.68331	0.11843
3.68356	0.117278
3.6838	0.114922
3.68405	0.115411
3.68429	0.11789
3.68453	0.11962
3.68478	0.123285
3.68502	0.13095
3.68527	0.135255
3.68551	0.12921
3.68576	0.120936
3.686	0.123914
3.68625	0.135061
3.68649	0.138896
3.68674	0.132785
3.68698	0.129915
3.68723	0.135347
3.68747	0.138346
3.68771	0.133606
3.68796	0.130985
3.6882	0.136221
3.68845	0.140312
3.68869	0.138407
3.68894	0.14139
3.68918	0.155401
3.68943	0.166454
3.68967	0.162114
3.68992	0.154743
3.69016	0.164257
3.69041	0.187946
3.69065	0.207521
3.69089	0.219431
3.69114	0.237353
3.69138	0.266801
3.69163	0.296699
3.69187	0.317527
3.69212	0.331158
3.69236	0.339728
3.69261	0.339434
3.69285	0.330325
3.6931	0.321047
3.69334	0.319012
3.69358	0.323718
3.69383	0.332023
3.69407	0.34205
3.69432	0.350319
3.69456	0.352819
3.69481	0.350174
3.69505	0.344901
3.6953	0.334419
3.69554	0.315296
3.69579	0.293202
3.69603	0.27814
3.69628	0.26956
3.69652	0.257414
3.69676	0.239333
3.69701	0.224788
3.69725	0.218873
3.6975	0.214079
3.69774	0.204091
3.69799	0.194899
3.69823	0.194266
3.69848	0.198673
3.69872	0.199567
3.69897	0.196448
3.69921	0.195062
3.69946	0.196931
3.6997	0.199051
3.69994	0.201515
3.70019	0.207667
3.70043	0.217499
3.70068	0.227284
3.70092	0.23622
3.70117	0.248705
3.70141	0.268957
3.70166	0.296248
3.7019	0.325932
3.70215	0.35303
3.70239	0.374329
3.70264	0.388428
3.70288	0.394959
3.70312	0.394809
3.70337	0.391716
3.70361	0.392157
3.70386	0.401649
3.7041	0.421845
3.70435	0.452232
3.70459	0.491341
3.70484	0.532567
3.70508	0.562482
3.70533	0.570328
3.70557	0.558641
3.70581	0.538249
3.70606	0.513721
3.7063	0.482108
3.70655	0.446621
3.70679	0.420839
3.70704	0.41339
3.70728	0.416084
3.70753	0.414507
3.70777	0.404914
3.70802	0.392865
3.70826	0.379667
3.70851	0.360407
3.70875	0.335075
3.70899	0.31185
3.70924	0.295789
3.70948	0.281281
3.70973	0.261215
3.70997	0.239183
3.71022	0.225658
3.71046	0.222971
3.71071	0.221006
3.71095	0.210397
3.7112	0.194694
3.71144	0.184506
3.71169	0.182837
3.71193	0.182797
3.71217	0.179218
3.71242	0.175254
3.71266	0.175336
3.71291	0.1782
3.71315	0.180977
3.7134	0.184776
3.71364	0.191108
3.71389	0.197216
3.71413	0.200882
3.71438	0.206559
3.71462	0.220527
3.71487	0.242009
3.71511	0.264345
3.71535	0.282421
3.7156	0.293728
3.71584	0.295787
3.71609	0.28978
3.71633	0.283914
3.71658	0.285089
3.71682	0.289146
3.71707	0.287786
3.71731	0.283325
3.71756	0.286396
3.7178	0.298871
3.71804	0.309575
3.71829	0.309166
3.71853	0.299666
3.71878	0.286231
3.71902	0.269021
3.71927	0.247919
3.71951	0.227099
3.71976	0.209431
3.72	0.192767
3.72025	0.176448
3.72049	0.165047
3.72074	0.160625
3.72098	0.157219
3.72122	0.148509
3.72147	0.136375
3.72171	0.127063
3.72196	0.122999
3.7222	0.122318
3.72245	0.12231
3.72269	0.120018
3.72294	0.113887
3.72318	0.107474
3.72343	0.106281
3.72367	0.108741
3.72392	0.107141
3.72416	0.100248
3.7244	0.0965904
3.72465	0.100527
3.72489	0.103845
3.72514	0.0981543
3.72538	0.0879127
3.72563	0.0829276
3.72587	0.0842961
3.72612	0.0863997
3.72636	0.0873486
3.72661	0.0883289
3.72685	0.0871252
3.7271	0.0815908
3.72734	0.0761268
3.72758	0.0759837
3.72783	0.0784027
3.72807	0.0779019
3.72832	0.0763694
3.72856	0.0781652
3.72881	0.0791518
3.72905	0.0723832
3.7293	0.0625461
3.72954	0.061707
3.72979	0.0702427
3.73003	0.0749379
3.73027	0.0688576
3.73052	0.0608241
3.73076	0.0602717
3.73101	0.0639013
3.73125	0.0643665
3.7315	0.0627894
3.73174	0.0638822
3.73199	0.0655137
3.73223	0.0627018
3.73248	0.0579324
3.73272	0.0581539
3.73297	0.0630129
3.73321	0.064703
3.73345	0.0601658
3.7337	0.0559609
3.73394	0.0582402
3.73419	0.0634461
3.73443	0.0634297
3.73468	0.0569992
3.73492	0.0514129
3.73517	0.0524717
3.73541	0.0574654
3.73566	0.0602223
3.7359	0.0598722
3.73615	0.0603588
3.73639	0.0625787
3.73663	0.062634
3.73688	0.0591383
3.73712	0.0566151
3.73737	0.0581744
3.73761	0.0596495
3.73786	0.0560496
3.7381	0.0499964
3.73835	0.0474717
3.73859	0.0479741
3.73884	0.0464961
3.73908	0.0441149
3.73933	0.0477205
3.73957	0.0574792
3.73981	0.0630926
3.74006	0.0572675
3.7403	0.0465974
3.74055	0.0429458
3.74079	0.0479797
3.74104	0.0528383
3.74128	0.0514423
3.74153	0.0476625
3.74177	0.0483413
3.74202	0.0539311
3.74226	0.0584783
3.7425	0.0566705
3.74275	0.0489302
3.74299	0.0404997
3.74324	0.0367911
3.74348	0.0392711
3.74373	0.044879
3.74397	0.04918
3.74422	0.0502214
3.74446	0.0493201
3.74471	0.0482703
3.74495	0.0467465
3.7452	0.0437107
3.74544	0.0410647
3.74568	0.043163
3.74593	0.0505538
3.74617	0.056394
3.74642	0.0533956
3.74666	0.0440513
3.74691	0.038797
3.74715	0.0422854
3.7474	0.0469112
3.74764	0.0438685
3.74789	0.0357934
3.74813	0.0322713
3.74838	0.0359253
3.74862	0.0404754
3.74886	0.0416829
3.74911	0.0421894
3.74935	0.0441127
3.7496	0.044561
3.74984	0.0421061
3.75009	0.0411905
3.75033	0.044994
3.75058	0.0489051
3.75082	0.0470853
3.75107	0.0418964
3.75131	0.0401536
3.75156	0.0422015
3.7518	0.0421016
3.75204	0.0383134
3.75229	0.0365134
3.75253	0.0398094
3.75278	0.0432146
3.75302	0.0419662
3.75327	0.0395873
3.75351	0.0417707
3.75376	0.0461488
3.754	0.0454786
3.75425	0.0397885
3.75449	0.0376939
3.75473	0.0438202
3.75498	0.0513596
3.75522	0.0511813
3.75547	0.0440035
3.75571	0.0385297
3.75596	0.0395986
3.7562	0.0432386
3.75645	0.0433858
3.75669	0.0393657
3.75694	0.0352483
3.75718	0.0342293
3.75743	0.0355212
3.75767	0.0362876
3.75791	0.0355273
3.75816	0.0351303
3.7584	0.0365131
3.75865	0.0374703
3.75889	0.0349822
3.75914	0.0309091
3.75938	0.0309643
3.75963	0.0366266
3.75987	0.0422001
3.76012	0.0425941
3.76036	0.03994
3.76061	0.0388271
3.76085	0.0392189
3.76109	0.0391149
3.76134	0.0400637
3.76158	0.0433352
3.76183	0.0441476
3.76207	0.0381267
3.76232	0.0311506
3.76256	0.0326904
3.76281	0.0399544
3.76305	0.0402247
3.7633	0.0309426
3.76354	0.0249129
3.76379	0.0300791
3.76403	0.0365028
3.76427	0.0328512
3.76452	0.0253059
3.76476	0.0270451
3.76501	0.0358225
3.76525	0.0372635
3.7655	0.0283322
3.76574	0.0221385
3.76599	0.0269506
3.76623	0.0341979
3.76648	0.0334878
3.76672	0.0285039
3.76697	0.0291002
3.76721	0.0351051
3.76745	0.0382115
3.7677	0.0362985
3.76794	0.0356103
3.76819	0.0388789
3.76843	0.0406424
3.76868	0.0373592
3.76892	0.0345053
3.76917	0.0378554
3.76941	0.0427673
3.76966	0.0399373
3.7699	0.0302003
3.77014	0.0249754
3.77039	0.0298023
3.77063	0.0355854
3.77088	0.0320719
3.77112	0.0236961
3.77137	0.0229672
3.77161	0.0311434
3.77186	0.0362583
3.7721	0.0312429
3.77235	0.0234793
3.77259	0.0222573
3.77284	0.0261235
3.77308	0.0290346
3.77332	0.0309427
3.77357	0.0337676
3.77381	0.0331925
3.77406	0.0249133
3.7743	0.0155516
3.77455	0.0164187
3.77479	0.0272051
3.77504	0.036042
3.77528	0.0363569
3.77553	0.0336717
3.77577	0.0336001
3.77602	0.0333003
3.77626	0.0295359
3.7765	0.0263943
3.77675	0.0283574
3.77699	0.0322081
3.77724	0.0328317
3.77748	0.032
3.77773	0.0340219
3.77797	0.0366681
3.77822	0.0346555
3.77846	0.0299528
3.77871	0.0299212
3.77895	0.0351631
3.7792	0.0375362
3.77944	0.0324582
3.77968	0.0260176
3.77993	0.0259562
3.78017	0.0311128
3.78042	0.0347746
3.78066	0.0347105
3.78091	0.0342297
3.78115	0.0350504
3.7814	0.0347135
3.78164	0.0315446
3.78189	0.0279533
3.78213	0.0272829
3.78237	0.0298725
3.78262	0.0333526
3.78286	0.0349884
3.78311	0.0331454
3.78335	0.0284873
3.7836	0.0244951
3.78384	0.0247698
3.78409	0.0287829
3.78433	0.0320164
3.78458	0.0311709
3.78482	0.027516
3.78507	0.0244416
3.78531	0.0239513
3.78555	0.0263977
3.7858	0.0307829
3.78604	0.0337407
3.78629	0.03145
3.78653	0.0250653
3.78678	0.0211489
3.78702	0.0235396
3.78727	0.0278927
3.78751	0.0283047
3.78776	0.0260759
3.788	0.0263321
3.78825	0.0285816
3.78849	0.0278661
3.78873	0.0243735
3.78898	0.0238119
3.78922	0.0271402
3.78947	0.0280716
3.78971	0.0237493
3.78996	0.020148
3.7902	0.0221791
3.79045	0.0253105
3.79069	0.0232405
3.79094	0.0183631
3.79118	0.0173244
3.79143	0.0201831
3.79167	0.0217779
3.79191	0.021247
3.79216	0.0219915
3.7924	0.0233247
3.79265	0.020694
3.79289	0.015032
3.79314	0.0137908
3.79338	0.0199271
3.79363	0.0265814
3.79387	0.0265404
3.79412	0.0217279
3.79436	0.0191096
3.7946	0.0213535
3.79485	0.0260524
3.79509	0.0309119
3.79534	0.0346982
3.79558	0.0350595
3.79583	0.0306159
3.79607	0.0247856
3.79632	0.0229251
3.79656	0.0250478
3.79681	0.0254113
3.79705	0.0208886
3.7973	0.0163117
3.79754	0.0184676
3.79778	0.0265516
3.79803	0.0322992
3.79827	0.0302344
3.79852	0.0248211
3.79876	0.0248656
3.79901	0.0320171
3.79925	0.0384575
3.7995	0.0372454
3.79974	0.0316052
3.79999	0.030278
3.80023	0.0353081
3.80048	0.0396636
3.80072	0.0379473
3.80096	0.0341456
3.80121	0.0349417
3.80145	0.039248
3.8017	0.0401254
3.80194	0.0356982
3.80219	0.0318816
3.80243	0.0332662
3.80268	0.0369771
3.80292	0.0383185
3.80317	0.0378609
3.80341	0.0389402
3.80366	0.0414227
3.8039	0.0424307
3.80414	0.0412816
3.80439	0.0395154
3.80463	0.037658
3.80488	0.0362501
3.80512	0.0384577
3.80537	0.0463027
3.80561	0.0549071
3.80586	0.0563044
3.8061	0.0498109
3.80635	0.0433172
3.80659	0.0431007
3.80683	0.0477609
3.80708	0.0539128
3.80732	0.0616705
3.80757	0.0711248
3.80781	0.0791812
3.80806	0.0850938
3.8083	0.0949851
3.80855	0.115184
3.80879	0.143315
3.80904	0.170522
3.80928	0.19006
3.80953	0.199276
3.80977	0.196145
3.81001	0.180338
3.81026	0.157254
3.8105	0.135538
3.81075	0.119702
3.81099	0.108198
3.81124	0.0981555
3.81148	0.0886581
3.81173	0.0799818
3.81197	0.0729102
3.81222	0.0683808
3.81246	0.0655549
3.81271	0.0618205
3.81295	0.0570742
3.81319	0.0552039
3.81344	0.0581133
3.81368	0.0617958
3.81393	0.0627666
3.81417	0.0644161
3.81442	0.0707749
3.81466	0.0776264
3.81491	0.0782573
3.81515	0.0764745
3.8154	0.0845795
3.81564	0.107304
3.81589	0.136002
3.81613	0.160773
3.81637	0.180242
3.81662	0.19561
3.81686	0.202525
3.81711	0.195468
3.81735	0.176853
3.8176	0.156233
3.81784	0.14105
3.81809	0.130817
3.81833	0.119859
3.81858	0.104585
3.81882	0.0883912
3.81906	0.0786589
3.81931	0.0776572
3.81955	0.0787324
3.8198	0.074628
3.82004	0.0670722
3.82029	0.0633507
3.82053	0.0653337
3.82078	0.0678534
3.82102	0.0671271
3.82127	0.0646787
3.82151	0.0630265
3.82176	0.0633116
3.822	0.0668968
3.82224	0.0731585
3.82249	0.0761782
3.82273	0.0709135
3.82298	0.0629348
3.82322	0.064238
3.82347	0.0781937
3.82371	0.0966366
3.82396	0.113553
3.8242	0.132614
3.82445	0.157249
3.82469	0.181588
3.82494	0.197069
3.82518	0.202155
3.82542	0.200134
3.82567	0.192209
3.82591	0.177916
3.82616	0.158877
3.8264	0.138063
3.82665	0.118199
3.82689	0.102991
3.82714	0.0956099
3.82738	0.0937438
3.82763	0.0907699
3.82787	0.084043
3.82812	0.0773305
3.82836	0.0735951
3.8286	0.0711584
3.82885	0.0687221
3.82909	0.0676405
3.82934	0.0672565
3.82958	0.0650625
3.82983	0.0635791
3.83007	0.068883
3.83032	0.0796197
3.83056	0.086932
3.83081	0.0893823
3.83105	0.0976209
3.83129	0.118167
3.83154	0.143028
3.83178	0.16337
3.83203	0.18274
3.83227	0.205477
3.83252	0.22108
3.83276	0.214586
3.83301	0.188109
3.83325	0.158497
3.8335	0.13584
3.83374	0.117062
3.83399	0.0997384
3.83423	0.088391
3.83447	0.0841011
3.83472	0.0793777
3.83496	0.068796
3.83521	0.0570944
3.83545	0.0516856
3.8357	0.0525653
3.83594	0.0539108
3.83619	0.0516775
3.83643	0.0460979
3.83668	0.0396566
3.83692	0.0355364
3.83717	0.0359957
3.83741	0.0399404
3.83765	0.0431911
3.8379	0.0424417
3.83814	0.0382393
3.83839	0.0337556
3.83863	0.0315451
3.83888	0.0317748
3.83912	0.033005
3.83937	0.0341988
3.83961	0.035227
3.83986	0.0352315
3.8401	0.032705
3.84035	0.0291619
3.84059	0.0298132
3.84083	0.0364886
3.84108	0.0425735
3.84132	0.0409889
3.84157	0.0350833
3.84181	0.033736
3.84206	0.0367923
3.8423	0.0353623
3.84255	0.0276921
3.84279	0.0234939
3.84304	0.0283404
3.84328	0.034329
3.84353	0.0326241
3.84377	0.0262135
3.84401	0.0229931
3.84426	0.0240222
3.8445	0.0260078
3.84475	0.0282986
3.84499	0.0301926
3.84524	0.0283903
3.84548	0.0241741
3.84573	0.0252625
3.84597	0.0327952
3.84622	0.035355
3.84646	0.0256805
3.8467	0.0146028
3.84695	0.0163406
3.84719	0.0272163
3.84744	0.0324412
3.84768	0.0284459
3.84793	0.0240183
3.84817	0.0229844
3.84842	0.0209546
3.84866	0.0181186
3.84891	0.020452
3.84915	0.0268424
3.8494	0.028154
3.84964	0.0218978
3.84988	0.0168044
3.85013	0.0196178
3.85037	0.0264608
3.85062	0.0300913
3.85086	0.0283386
3.85111	0.0238053
3.85135	0.0214094
3.8516	0.0255972
3.85184	0.0336356
3.85209	0.0347535
3.85233	0.0242196
3.85258	0.0137442
3.85282	0.0165272
3.85306	0.026319
3.85331	0.0260115
3.85355	0.0147099
3.8538	0.009018
3.85404	0.0162821
3.85429	0.0246377
3.85453	0.024425
3.85478	0.0219454
3.85502	0.023938
3.85527	0.0245527
3.85551	0.0186751
3.85576	0.0145429
3.856	0.0203568
3.85624	0.0289785
3.85649	0.0291134
3.85673	0.0232787
3.85698	0.0213591
3.85722	0.0231195
3.85747	0.0211544
3.85771	0.0167481
3.85796	0.018262
3.8582	0.0250161
3.85845	0.0264156
3.85869	0.0188531
3.85893	0.0119221
3.85918	0.014098
3.85942	0.021282
3.85967	0.0244
3.85991	0.0217605
3.86016	0.0184076
3.8604	0.0172621
3.86065	0.0164854
3.86089	0.0145205
3.86114	0.0133531
3.86138	0.0153386
3.86163	0.0189732
3.86187	0.0203517
3.86211	0.0189311
3.86236	0.0189392
3.8626	0.022805
3.86285	0.0258906
3.86309	0.022228
3.86334	0.0141718
3.86358	0.0105276
3.86383	0.0146434
3.86407	0.0204082
3.86432	0.021752
3.86456	0.0198313
3.86481	0.0178691
3.86505	0.0153837
3.86529	0.0123113
3.86554	0.0129788
3.86578	0.0193681
3.86603	0.0246938
3.86627	0.0213265
3.86652	0.0128383
3.86676	0.0102206
3.86701	0.0165675
3.86725	0.0233776
3.8675	0.0236006
3.86774	0.0207086
3.86799	0.0208019
3.86823	0.0220633
3.86847	0.0188254
3.86872	0.0129115
3.86896	0.0128027
3.86921	0.0206273
3.86945	0.0271937
3.8697	0.0241596
3.86994	0.0160337
3.87019	0.0137842
3.87043	0.0192933
3.87068	0.0238608
3.87092	0.021928
3.87116	0.0177594
3.87141	0.0158628
3.87165	0.013512
3.8719	0.00864141
3.87214	0.00736598
3.87239	0.0146571
3.87263	0.0230066
3.87288	0.0213949
3.87312	0.0128787
3.87337	0.0110184
3.87361	0.0184903
3.87386	0.0221994
3.8741	0.0139075
3.87434	0.00367369
3.87459	0.00467675
3.87483	0.0138167
3.87508	0.0179332
3.87532	0.0139036
3.87557	0.0111537
3.87581	0.0155209
3.87606	0.0211229
3.8763	0.0205169
3.87655	0.0151321
3.87679	0.0115287
3.87704	0.0121892
3.87728	0.0144452
3.87752	0.0160943
3.87777	0.0179494
3.87801	0.0209473
3.87826	0.0234722
3.8785	0.0228449
3.87875	0.0188337
3.87899	0.0145941
3.87924	0.0134521
3.87948	0.0150866
3.87973	0.0159833
3.87997	0.0140069
3.88022	0.011275
3.88046	0.0114375
3.8807	0.0149866
3.88095	0.0188683
3.88119	0.0206771
3.88144	0.0214664
3.88168	0.023361
3.88193	0.0257048
3.88217	0.0257198
3.88242	0.0228933
3.88266	0.0200954
3.88291	0.0190643
3.88315	0.0175122
3.88339	0.013565
3.88364	0.0107461
3.88388	0.0138623
3.88413	0.0207073
3.88437	0.023464
3.88462	0.0194507
3.88486	0.0148658
3.88511	0.0153414
3.88535	0.0181849
3.8856	0.017967
3.88584	0.0150592
3.88609	0.0134505
3.88633	0.0135926
3.88657	0.0130801
3.88682	0.0121505
3.88706	0.0130216
3.88731	0.0152312
3.88755	0.0165061
3.8878	0.0168283
3.88804	0.0171067
3.88829	0.015828
3.88853	0.0121409
3.88878	0.0100508
3.88902	0.0134141
3.88927	0.0184961
3.88951	0.0184527
3.88975	0.0142444
3.89	0.0133506
3.89024	0.0174274
3.89049	0.0195512
3.89073	0.0156816
3.89098	0.0109314
3.89122	0.0109721
3.89147	0.014198
3.89171	0.016835
3.89196	0.0195785
3.8922	0.0236267
3.89245	0.0250504
3.89269	0.0196493
3.89293	0.0107348
3.89318	0.0061302
3.89342	0.00852062
3.89367	0.0134095
3.89391	0.0158381
3.89416	0.0149626
3.8944	0.0125053
3.89465	0.0107174
3.89489	0.0120687
3.89514	0.0173579
3.89538	0.0231695
3.89562	0.024033
3.89587	0.0185037
3.89611	0.0112992
3.89636	0.00815305
3.8966	0.00993979
3.89685	0.0131273
3.89709	0.0147521
3.89734	0.0149954
3.89758	0.0152161
3.89783	0.0156656
3.89807	0.0159057
3.89832	0.0157108
3.89856	0.014383
3.8988	0.0109448
3.89905	0.00667194
3.89929	0.00533576
3.89954	0.00822483
3.89978	0.0110926
3.90003	0.0100786
3.90027	0.00865936
3.90052	0.012745
3.90076	0.0196424
3.90101	0.0197759
3.90125	0.0111798
3.9015	0.00389184
3.90174	0.00543331
3.90198	0.0098596
3.90223	0.0082766
3.90247	0.0035676
3.90272	0.00511535
3.90296	0.0127643
3.90321	0.0165801
3.90345	0.0120361
3.9037	0.00591259
3.90394	0.00554032
3.90419	0.0100487
3.90443	0.0147318
3.90468	0.0175506
3.90492	0.0182953
3.90516	0.0164985
3.90541	0.0133843
3.90565	0.0121745
3.9059	0.0139811
3.90614	0.0161961
3.90639	0.0163212
3.90663	0.0145121
3.90688	0.0116367
3.90712	0.00823007
3.90737	0.00609303
3.90761	0.00726599
3.90785	0.0104189
3.9081	0.0117305
3.90834	0.0102626
3.90859	0.00898812
3.90883	0.00967692
3.90908	0.0106743
3.90932	0.011043
3.90957	0.0128762
3.90981	0.0172848
3.91006	0.0213883
3.9103	0.0218959
3.91055	0.0193233
3.91079	0.0162491
3.91103	0.0133276
3.91128	0.00966608
3.91152	0.00609009
3.91177	0.00521397
3.91201	0.00770854
3.91226	0.010343
3.9125	0.0095389
3.91275	0.00650781
3.91299	0.00637098
3.91324	0.0108182
3.91348	0.014544
3.91373	0.0125401
3.91397	0.0083007
3.91421	0.00870595
3.91446	0.012082
3.9147	0.00993964
3.91495	0.00205926
3.91519	-8.43746e-05
3.91544	0.00987096
3.91568	0.0220714
3.91593	0.0239576
3.91617	0.0172608
3.91642	0.0120873
3.91666	0.010602
3.91691	0.00814414
3.91715	0.00604005
3.91739	0.0099966
3.91764	0.0169844
3.91788	0.0168966
3.91813	0.00873131
3.91837	0.00316741
3.91862	0.00608957
3.91886	0.010734
3.91911	0.0106213
3.91935	0.00984877
3.9196	0.0140135
3.91984	0.0192991
3.92008	0.0184989
3.92033	0.0124731
3.92057	0.00810173
3.92082	0.00788891
3.92106	0.00805667
3.92131	0.00573472
3.92155	0.003098
3.9218	0.00400676
3.92204	0.00891465
3.92229	0.013536
3.92253	0.0127537
3.92278	0.0068859
3.92302	0.00270209
3.92326	0.00553128
3.92351	0.01195
3.92375	0.0142797
3.924	0.0110796
3.92424	0.00823909
3.92449	0.0101781
3.92473	0.0150779
3.92498	0.0189624
3.92522	0.0197346
3.92547	0.0170401
3.92571	0.0124297
3.92596	0.00946141
3.9262	0.00981061
3.92644	0.0106952
3.92669	0.00998276
3.92693	0.0104236
3.92718	0.0133667
3.92742	0.0131396
3.92767	0.00607681
3.92791	0.000399123
3.92816	0.00580637
3.9284	0.0166108
3.92865	0.018788
3.92889	0.0121977
3.92914	0.0100738
3.92938	0.0155233
3.92962	0.0163317
3.92987	0.00804949
3.93011	0.00387526
3.93036	0.0119836
3.9306	0.0198499
3.93085	0.014587
3.93109	0.00484955
3.93134	0.00631101
3.93158	0.0160387
3.93183	0.0191117
3.93207	0.0135341
3.93232	0.0100366
3.93256	0.0109205
3.9328	0.0078562
3.93305	0.000547496
3.93329	-0.000350369
3.93354	0.00785281
3.93378	0.0138572
3.93403	0.0105188
3.93427	0.00522492
3.93452	0.0056209
3.93476	0.00745094
3.93501	0.00490729
3.93525	0.00232813
3.93549	0.00558136
3.93574	0.0101605
3.93598	0.00892436
3.93623	0.00568907
3.93647	0.00921227
3.93672	0.0170036
3.93696	0.0177075
3.93721	0.00953849
3.93745	0.00413491
3.9377	0.00867033
3.93794	0.0148315
3.93819	0.011944
3.93843	0.0028097
3.93867	-0.00184518
3.93892	0.000775849
3.93916	0.0045578
3.93941	0.00645816
3.93965	0.00948265
3.9399	0.0136193
3.94014	0.0135379
3.94039	0.00826071
3.94063	0.00487305
3.94088	0.00804734
3.94112	0.0125683
3.94137	0.0115991
3.94161	0.00666261
3.94185	0.00350369
3.9421	0.00302336
3.94234	0.00291832
3.94259	0.00402491
3.94283	0.00766261
3.94308	0.0100131
3.94332	0.00695267
3.94357	0.00206854
3.94381	0.00198622
3.94406	0.0057634
3.9443	0.00719256
3.94455	0.0058228
3.94479	0.00642683
3.94503	0.00853408
3.94528	0.00681183
3.94552	0.00220186
3.94577	0.00178356
3.94601	0.00583083
3.94626	0.00642385
3.9465	0.00227587
3.94675	0.00289188
3.94699	0.0120154
3.94724	0.0186009
3.94748	0.0130735
3.94772	0.00283516
3.94797	0.000952417
3.94821	0.00686153
3.94846	0.00993495
3.9487	0.00695574
3.94895	0.00380268
3.94919	0.0027441
3.94944	0.000532282
3.94968	-0.00148723
3.94993	0.00242708
3.95017	0.0102893
3.95042	0.0117017
3.95066	0.00343083
3.9509	-0.00386553
3.95115	-0.000260561
3.95139	0.00965029
3.95164	0.0143415
3.95188	0.0110168
3.95213	0.00606255
3.95237	0.00366057
3.95262	0.00246466
3.95286	0.00244946
3.95311	0.00641527
3.95335	0.0128113
3.9536	0.0144603
3.95384	0.00857214
3.95408	0.00245849
3.95433	0.00390798
3.95457	0.00996843
3.95482	0.0118127
3.95506	0.00812027
3.95531	0.00574519
3.95555	0.00753951
3.9558	0.00821458
3.95604	0.00461457
3.95629	0.00171902
3.95653	0.00367849
3.95678	0.00615773
3.95702	0.00410811
3.95726	0.00117852
3.95751	0.00347806
3.95775	0.00836696
3.958	0.00837528
3.95824	0.00376082
3.95849	0.00205889
3.95873	0.005959
3.95898	0.0103365
3.95922	0.0115579
3.95947	0.0114121
3.95971	0.0108363
3.95995	0.00792083
3.9602	0.00409962
3.96044	0.00469106
3.96069	0.010488
3.96093	0.0153838
3.96118	0.0150489
3.96142	0.0120075
3.96167	0.0099193
3.96191	0.00912723
3.96216	0.0100936
3.9624	0.0144616
3.96265	0.0197792
3.96289	0.0199609
3.96313	0.014474
3.96338	0.0103775
3.96362	0.0113214
3.96387	0.0115458
3.96411	0.00601138
3.96436	-0.0001071
3.9646	0.00117057
3.96485	0.0085044
3.96509	0.0135421
3.96534	0.0123751
3.96558	0.00832929
3.96583	0.00525221
3.96607	0.00374185
3.96631	0.00331698
3.96656	0.00386871
3.9668	0.00502952
3.96705	0.00661696
3.96729	0.00887806
3.96754	0.0108071
3.96778	0.0102952
3.96803	0.00751682
3.96827	0.00570585
3.96852	0.00700325
3.96876	0.0100803
3.96901	0.012848
3.96925	0.0143802
3.96949	0.0135136
3.96974	0.0096197
3.96998	0.00555137
3.97023	0.00517705
3.97047	0.00720833
3.97072	0.00689828
3.97096	0.00454676
3.97121	0.00541209
3.97145	0.00961365
3.9717	0.0102742
3.97194	0.00496285
3.97218	0.000476837
3.97243	0.00139188
3.97267	0.00242251
3.97292	-0.00120926
3.97316	-0.00406514
3.97341	0.000124789
3.97365	0.00614284
3.9739	0.00468549
3.97414	-0.00230655
3.97439	-0.00447657
3.97463	0.000836914
3.97488	0.00552758
3.97512	0.00374109
3.97536	-0.000906595
3.97561	-0.00237304
3.97585	0.0006443
3.9761	0.00598376
3.97634	0.0106834
3.97659	0.0112598
3.97683	0.00630677
3.97708	-0.000294368
3.97732	-0.00288527
3.97757	-0.00090939
3.97781	0.00161913
3.97806	0.00277512
3.9783	0.00417988
3.97854	0.00621423
3.97879	0.00688193
3.97903	0.00589287
3.97928	0.00535787
3.97952	0.00563338
3.97977	0.00449812
3.98001	0.00147283
3.98026	-0.000573449
3.9805	0.000513046
3.98075	0.00302685
3.98099	0.00365501
3.98124	0.0015878
3.98148	-0.000345199
3.98172	0.00139379
3.98197	0.00637576
3.98221	0.0093114
3.98246	0.00647545
3.9827	0.00210654
3.98295	0.00340503
3.98319	0.00907343
3.98344	0.0100472
3.98368	0.004035
3.98393	0.000703912
3.98417	0.0068563
3.98441	0.0149194
3.98466	0.014802
3.9849	0.0100116
3.98515	0.0108356
3.98539	0.0164642
3.98564	0.0168299
3.98588	0.0102827
3.98613	0.00596633
3.98637	0.00772464
3.98662	0.00864395
3.98686	0.00492585
3.98711	0.00281452
3.98735	0.00608547
3.98759	0.00758053
3.98784	0.00107062
3.98808	-0.00695694
3.98833	-0.00631536
3.98857	0.00190989
3.98882	0.00799774
3.98906	0.0073327
3.98931	0.00365436
3.98955	0.00124088
3.9898	0.00108291
3.99004	0.00317082
3.99029	0.00624202
3.99053	0.00656633
3.99077	0.00256509
3.99102	-0.000956686
3.99126	0.00111022
3.99151	0.00572388
3.99175	0.00588642
3.992	0.00197929
3.99224	0.00116662
3.99249	0.00526035
3.99273	0.00756169
3.99298	0.00438971
3.99322	0.00181769
3.99347	0.00588774
3.99371	0.0123072
3.99395	0.0125166
3.9942	0.00629076
3.99444	0.00145251
3.99469	0.00269858
3.99493	0.00705629
3.99518	0.0100862
3.99542	0.0107268
3.99567	0.00928257
3.99591	0.0059975
3.99616	0.00332162
3.9964	0.00491636
3.99664	0.00999623
3.99689	0.0126553
3.99713	0.00963166
3.99738	0.00524619
3.99762	0.00522301
3.99787	0.00854349
3.99811	0.00962669
3.99836	0.00681482
3.9986	0.00408179
3.99885	0.00444312
3.99909	0.00564857
3.99934	0.00372909
3.99958	-0.00146985
3.99982	-0.00568325
4.00007	-0.00445568
4.00031	0.00231189
4.00056	0.00981446
4.0008	0.01287
4.00105	0.0109779
4.00129	0.00756904
4.00154	0.00476569
4.00178	0.00209665
4.00203	0.000680348
4.00227	0.00364754
4.00252	0.00971254
4.00276	0.011495
4.003	0.00521162
4.00325	-0.00203627
4.00349	-0.000933277
4.00374	0.00697853
4.00398	0.0119973
4.00423	0.0101694
4.00447	0.00647399
4.00472	0.00471538
4.00496	0.00330323
4.00521	0.00262736
4.00545	0.00716564
4.0057	0.0158925
4.00594	0.0190033
4.00618	0.0109005
4.00643	0.000159759
4.00667	-0.00124301
4.00692	0.00556538
4.00716	0.00910947
4.00741	0.0047033
4.00765	-0.000166574
4.0079	0.00164663
4.00814	0.00727476
4.00839	0.0102665
4.00863	0.0105357
4.00888	0.012382
4.00912	0.0158042
4.00936	0.0159435
4.00961	0.0112032
4.00985	0.00679356
4.0101	0.00775664
4.01034	0.0115562
4.01059	0.0111296
4.01083	0.00428762
4.01108	-0.0033398
4.01132	-0.00523387
4.01157	-0.00107938
4.01181	0.0042916
4.01205	0.00697346
4.0123	0.00739143
4.01254	0.00874521
4.01279	0.0129324
4.01303	0.0171864
4.01328	0.0154403
4.01352	0.00570111
4.01377	-0.00447366
4.01401	-0.00451907
4.01426	0.0058497
4.0145	0.0150863
4.01475	0.0143816
4.01499	0.00851158
4.01523	0.00754419
4.01548	0.0125356
4.01572	0.0159338
4.01597	0.0133092
4.01621	0.00774999
4.01646	0.00365016
4.0167	0.00228823
4.01695	0.00337271
4.01719	0.00587626
4.01744	0.00747861
4.01768	0.00728839
4.01793	0.00792706
4.01817	0.0108017
4.01841	0.011829
4.01866	0.00742729
4.0189	0.00209704
4.01915	0.00282739
4.01939	0.00764989
4.01964	0.00800862
4.01988	0.00227399
4.02013	-0.00172059
4.02037	0.000995005
4.02062	0.00576315
4.02086	0.00651049
4.02111	0.00380262
4.02135	0.00155631
4.02159	0.00143481
4.02184	0.0034363
4.02208	0.0071878
4.02233	0.0102712
4.02257	0.00972508
4.02282	0.00693804
4.02306	0.00658507
4.02331	0.00950743
4.02355	0.0114185
4.0238	0.00966339
4.02404	0.00636365
4.02428	0.00411767
4.02453	0.00360752
4.02477	0.00567132
4.02502	0.0102286
4.02526	0.0132197
4.02551	0.0107036
4.02575	0.00560587
4.026	0.0037597
4.02624	0.00440838
4.02649	0.00284621
4.02673	0.00108075
4.02698	0.00518546
4.02722	0.0120606
4.02746	0.0114058
4.02771	0.00324122
4.02795	0.000131903
4.0282	0.00712087
4.02844	0.0128288
4.02869	0.00800597
4.02893	0.000290511
4.02918	0.000506511
4.02942	0.00519707
4.02967	0.00476315
4.02991	0.000479316
4.03016	0.000403131
4.0304	0.00408158
4.03064	0.00423546
4.03089	0.000432458
4.03113	-0.000788466
4.03138	0.00215902
4.03162	0.00441634
4.03187	0.00439499
4.03211	0.00548384
4.03236	0.00799322
4.0326	0.00785994
4.03285	0.00412055
4.03309	0.000614669
4.03334	-0.000490289
4.03358	-0.000852369
4.03382	-0.00121228
4.03407	4.25397e-06
4.03431	0.00279221
4.03456	0.00491576
4.0348	0.00569098
4.03505	0.00682204
4.03529	0.00924428
4.03554	0.0116219
4.03578	0.0114867
4.03603	0.00670622
4.03627	-0.00175899
4.03651	-0.00753354
4.03676	-0.00385508
4.037	0.0066191
4.03725	0.0124421
4.03749	0.00770158
4.03774	0.000190331
4.03798	0.000265893
4.03823	0.0069664
4.03847	0.0115035
4.03872	0.0100096
4.03896	0.00585655
4.03921	0.00270553
4.03945	0.00200226
4.03969	0.00473681
4.03994	0.00950039
4.04018	0.0112039
4.04043	0.00721827
4.04067	0.00196331
4.04092	0.00043094
4.04116	0.00112611
4.04141	0.000931975
4.04165	0.00193482
4.0419	0.00623239
4.04214	0.00896219
4.04239	0.00531611
4.04263	0.000488603
4.04287	0.00267006
4.04312	0.00882064
4.04336	0.00840071
4.04361	0.00059832
4.04385	-0.00336892
4.0441	0.0029646
4.04434	0.0122327
4.04459	0.0147232
4.04483	0.0109975
4.04508	0.00818131
4.04532	0.00913763
4.04557	0.0104354
4.04581	0.00869181
4.04605	0.00536095
4.0463	0.00530992
4.04654	0.0109023
4.04679	0.0173981
4.04703	0.0167254
4.04728	0.00773733
4.04752	-0.000812901
4.04777	-0.000998572
4.04801	0.00428449
4.04826	0.00674562
4.0485	0.0043643
4.04874	0.00165254
4.04899	0.00128738
4.04923	0.00224088
4.04948	0.00423807
4.04972	0.00742167
4.04997	0.00919592
4.05021	0.0078542
4.05046	0.0074439
4.0507	0.0119618
4.05095	0.0166787
4.05119	0.0135247
4.05144	0.00423006
4.05168	-0.000832543
4.05192	0.00250299
4.05217	0.00734234
4.05241	0.00764445
4.05266	0.00641331
4.0529	0.00835916
4.05315	0.0116092
4.05339	0.011678
4.05364	0.00890284
4.05388	0.00734897
4.05413	0.00920632
4.05437	0.0133448
4.05462	0.017041
4.05486	0.0172927
4.0551	0.0130718
4.05535	0.00773802
4.05559	0.00651824
4.05584	0.0103496
4.05608	0.0147314
4.05633	0.0154482
4.05657	0.012761
4.05682	0.00932666
4.05706	0.00684652
4.05731	0.00569742
4.05755	0.00550781
4.0578	0.00522533
4.05804	0.00422057
4.05828	0.00326949
4.05853	0.00295499
4.05877	0.00211024
4.05902	-3.79842e-05
4.05926	-0.00149521
4.05951	6.25939e-05
4.05975	0.00355128
4.06	0.00585015
4.06024	0.00593408
4.06049	0.00523804
4.06073	0.00508954
4.06097	0.00600555
4.06122	0.00799142
4.06146	0.00961249
4.06171	0.00895224
4.06195	0.00723087
4.0622	0.00809582
4.06244	0.011045
4.06269	0.010212
4.06293	0.00360262
4.06318	-0.0013649
4.06342	0.00268516
4.06367	0.0118586
4.06391	0.0158086
4.06415	0.0113249
4.0644	0.00457467
4.06464	0.00136102
4.06489	0.00157267
4.06513	0.00283436
4.06538	0.00405898
4.06562	0.0050409
4.06587	0.00628687
4.06611	0.00875394
4.06636	0.0111964
4.0666	0.0101381
4.06685	0.00541085
4.06709	0.00227302
4.06733	0.00432748
4.06758	0.00823403
4.06782	0.00932897
4.06807	0.00783443
4.06831	0.00532512
4.06856	0.000962291
4.0688	-0.00357141
4.06905	-0.00242101
4.06929	0.00453594
4.06954	0.00800941
4.06978	0.00381267
4.07003	0.00211589
4.07027	0.0109333
4.07051	0.0195269
4.07076	0.0136672
4.071	0.000469214
4.07125	-0.000742865
4.07149	0.0108882
4.07174	0.0166641
4.07198	0.00890215
4.07223	0.00170882
4.07247	0.0056097
4.07272	0.0109932
4.07296	0.00688742
4.0732	-7.07554e-05
4.07345	0.0017314
4.07369	0.00925446
4.07394	0.0111645
4.07418	0.00594417
4.07443	0.00154264
4.07467	0.00210534
4.07492	0.00505777
4.07516	0.00760144
4.07541	0.00819226
4.07565	0.00539656
4.0759	0.00158161
4.07614	0.00295446
4.07638	0.0100447
4.07663	0.0141697
4.07687	0.0100231
4.07712	0.0050378
4.07736	0.00780494
4.07761	0.0134908
4.07785	0.0114067
4.0781	0.00291419
4.07834	-9.5709e-05
4.07859	0.00631905
4.07883	0.0125645
4.07908	0.0105558
4.07932	0.00480731
4.07956	0.00388092
4.07981	0.00740241
4.08005	0.00772082
4.0803	0.00178308
4.08054	-0.00424427
4.08079	-0.00306844
4.08103	0.00422901
4.08128	0.00947719
4.08152	0.00763924
4.08177	0.00238976
4.08201	-0.000321651
4.08226	-0.000669793
4.0825	-0.00233386
4.08274	-0.00402108
4.08299	-0.000747711
4.08323	0.00605306
4.08348	0.00752892
4.08372	-0.000130081
4.08397	-0.00866912
4.08421	-0.00829492
4.08446	-0.000598994
4.0847	0.00471881
4.08495	0.00309294
4.08519	-0.000883856
4.08544	-0.00166775
4.08568	0.00048163
4.08592	0.00211969
4.08617	0.00236448
4.08641	0.00340563
4.08666	0.00602308
4.0869	0.00695215
4.08715	0.002833
4.08739	-0.0036962
4.08764	-0.00550669
4.08788	-0.000493711
4.08813	0.00429527
4.08837	0.0020055
4.08861	-0.00397493
4.08886	-0.00490565
4.0891	0.000854468
4.08935	0.00687698
4.08959	0.00866322
4.08984	0.00748693
4.09008	0.00500536
4.09033	0.00159175
4.09057	-7.15185e-05
4.09082	0.00234862
4.09106	0.00448023
4.09131	0.000396887
4.09155	-0.00535602
4.09179	-0.0015191
4.09204	0.0115349
4.09228	0.0188212
4.09253	0.0116071
4.09277	0.000256705
4.09302	-0.00175698
4.09326	0.00305461
4.09351	0.003407
4.09375	-0.00176514
4.094	-0.00341469
4.09424	0.00223611
4.09449	0.00951557
4.09473	0.0131357
4.09497	0.0128198
4.09522	0.00884459
4.09546	0.00181507
4.09571	-0.00291115
4.09595	0.00100376
4.0962	0.0110284
4.09644	0.0167606
4.09669	0.0130247
4.09693	0.00604524
4.09718	0.00403832
4.09742	0.00695386
4.09767	0.00910709
4.09791	0.00812439
4.09815	0.00691688
4.0984	0.00816971
4.09864	0.0105015
4.09889	0.0107339
4.09913	0.00825316
4.09938	0.00575405
4.09962	0.00559635
4.09987	0.006622
4.10011	0.00598691
4.10036	0.00364623
4.1006	0.00277272
4.10084	0.00514484
4.10109	0.00826003
4.10133	0.00830388
4.10158	0.00454863
4.10182	-0.000310341
4.10207	-0.00308424
4.10231	-0.00252214
4.10256	0.000358189
4.1028	0.0037796
4.10305	0.00710976
4.10329	0.0103341
4.10354	0.0115831
4.10378	0.00821193
4.10402	0.00226764
4.10427	0.000865144
4.10451	0.00682733
4.10476	0.0127371
4.105	0.0106387
4.10525	0.00462366
4.10549	0.00533972
4.10574	0.0132751
4.10598	0.017517
4.10623	0.0125396
4.10647	0.00614373
4.10672	0.0067535
4.10696	0.011849
4.1072	0.0145368
4.10745	0.0139147
4.10769	0.0124825
4.10794	0.00978089
4.10818	0.00562885
4.10843	0.0043845
4.10867	0.00856923
4.10892	0.0123306
4.10916	0.00863484
4.10941	4.50774e-05
4.10965	-0.00465468
4.1099	-0.00234439
4.11014	0.00262395
4.11038	0.00673389
4.11063	0.0105098
4.11087	0.0138042
4.11112	0.014149
4.11136	0.0109242
4.11161	0.00707002
4.11185	0.00593827
4.1121	0.00898996
4.11234	0.0157476
4.11259	0.0230525
4.11283	0.0257059
4.11307	0.0214231
4.11332	0.0143727
4.11356	0.0107881
4.11381	0.0121147
4.11405	0.0152251
4.1143	0.0176769
4.11454	0.0192051
4.11479	0.0195437
4.11503	0.0189501
4.11528	0.0202231
4.11552	0.0258661
4.11577	0.0330169
4.11601	0.0354249
4.11625	0.0321914
4.1165	0.0312357
4.11674	0.041019
4.11699	0.0601954
4.11723	0.0790456
4.11748	0.0919029
4.11772	0.104328
4.11797	0.124033
4.11821	0.147035
4.11846	0.15965
4.1187	0.15547
4.11895	0.142845
4.11919	0.131486
4.11943	0.119492
4.11968	0.101205
4.11992	0.0810323
4.12017	0.0684633
4.12041	0.0631204
4.12066	0.0566279
4.1209	0.0476287
4.12115	0.0426033
4.12139	0.0420382
4.12164	0.038862
4.12188	0.0322421
4.12213	0.0298426
4.12237	0.0334589
4.12261	0.0355151
4.12286	0.0333809
4.1231	0.0332235
4.12335	0.0349994
4.12359	0.029319
4.12384	0.0165665
4.12408	0.0127775
4.12433	0.0255332
4.12457	0.0393253
4.12482	0.0384918
4.12506	0.0306773
4.1253	0.0313566
4.12555	0.0375543
4.12579	0.0361104
4.12604	0.0288385
4.12628	0.0286483
4.12653	0.0360369
4.12677	0.0401057
4.12702	0.0405038
4.12726	0.0483745
4.12751	0.0656728
4.12775	0.082707
4.128	0.0977998
4.12824	0.12077
4.12848	0.153106
4.12873	0.181786
4.12897	0.19779
4.12922	0.20515
4.12946	0.206427
4.12971	0.195008
4.12995	0.169215
4.1302	0.140273
4.13044	0.118176
4.13069	0.101249
4.13093	0.0863417
4.13118	0.076759
4.13142	0.0725159
4.13166	0.0656298
4.13191	0.0545217
4.13215	0.0511651
4.1324	0.063205
4.13264	0.0799401
4.13289	0.0882413
4.13313	0.0927818
4.13338	0.106628
4.13362	0.128941
4.13387	0.146631
4.13411	0.153653
4.13436	0.154286
4.1346	0.149704
4.13484	0.135679
4.13509	0.114243
4.13533	0.0949179
4.13558	0.0819313
4.13582	0.0706415
4.13607	0.0589651
4.13631	0.0521222
4.13656	0.0522973
4.1368	0.0528754
4.13705	0.0482268
4.13729	0.041924
4.13753	0.0397931
4.13778	0.0410303
4.13802	0.0419106
4.13827	0.0426295
4.13851	0.0438046
4.13876	0.0410538
4.139	0.0313256
4.13925	0.0216027
4.13949	0.0218598
4.13974	0.0298331
4.13998	0.0326445
4.14023	0.0256824
4.14047	0.0197829
4.14071	0.0243516
4.14096	0.0327585
4.1412	0.0332697
4.14145	0.0271612
4.14169	0.0245693
4.14194	0.0271257
4.14218	0.0283125
4.14243	0.029264
4.14267	0.0386999
4.14292	0.0549537
4.14316	0.064422
4.14341	0.0646148
4.14365	0.0730882
4.14389	0.102299
4.14414	0.138882
4.14438	0.161963
4.14463	0.170915
4.14487	0.178055
4.14512	0.182435
4.14536	0.171364
4.14561	0.144972
4.14585	0.118948
4.1461	0.101504
4.14634	0.0858107
4.14659	0.0681762
4.14683	0.0557087
4.14707	0.0506129
4.14732	0.0441201
4.14756	0.0334973
4.14781	0.0289968
4.14805	0.0348043
4.1483	0.0386478
4.14854	0.0316566
4.14879	0.024007
4.14903	0.0270018
4.14928	0.0326349
4.14952	0.0275871
4.14976	0.0171801
4.15001	0.0163748
4.15025	0.0233757
4.1505	0.0224329
4.15074	0.0109779
4.15099	0.00412516
4.15123	0.00979686
4.15148	0.0173595
4.15172	0.0166205
4.15197	0.0124609
4.15221	0.0125656
4.15246	0.0138206
4.1527	0.0110461
4.15294	0.00899429
4.15319	0.0140629
4.15343	0.0208846
4.15368	0.0191606
4.15392	0.0103322
4.15417	0.00598188
4.15441	0.0103418
4.15466	0.0150025
4.1549	0.0129292
4.15515	0.00836677
4.15539	0.00827482
4.15564	0.0110533
4.15588	0.0102602
4.15612	0.005565
4.15637	0.00316069
4.15661	0.00632157
4.15686	0.0112943
4.1571	0.01322
4.15735	0.0117935
4.15759	0.0099043
4.15784	0.0099569
4.15808	0.0124783
4.15833	0.0154456
4.15857	0.0147145
4.15882	0.00882882
4.15906	0.00361092
4.1593	0.006758
4.15955	0.0164424
4.15979	0.0213857
4.16004	0.015503
4.16028	0.00633003
4.16053	0.00408584
4.16077	0.00831702
4.16102	0.0118979
4.16126	0.0128854
4.16151	0.0141361
4.16175	0.0150701
4.16199	0.0131259
4.16224	0.0110627
4.16248	0.0133898
4.16273	0.0170507
4.16297	0.0154255
4.16322	0.0105714
4.16346	0.010651
4.16371	0.0151188
4.16395	0.0145565
4.1642	0.00734594
4.16444	0.00383664
4.16469	0.00917879
4.16493	0.0141079
4.16517	0.0099416
4.16542	0.00216313
4.16566	0.000375858
4.16591	0.00363351
4.16615	0.00548429
4.1664	0.0064147
4.16664	0.0106821
4.16689	0.0157248
4.16713	0.0152647
4.16738	0.0101682
4.16762	0.0068348
4.16787	0.00664128
4.16811	0.0056171
4.16835	0.00347048
4.1686	0.00454498
4.16884	0.00954043
4.16909	0.013473
4.16933	0.0130922
4.16958	0.0108972
4.16982	0.0105547
4.17007	0.0122167
4.17031	0.0131804
4.17056	0.0106515
4.1708	0.00431244
4.17105	-0.00184429
4.17129	-0.00205536
4.17153	0.00433214
4.17178	0.0107275
4.17202	0.0107937
4.17227	0.00575055
4.17251	0.0015033
4.17276	0.00122533
4.173	0.00386395
4.17325	0.00738221
4.17349	0.0102649
4.17374	0.0116962
4.17398	0.0123716
4.17423	0.0130662
4.17447	0.0119136
4.17471	0.00702078
4.17496	0.00196488
4.1752	0.00274358
4.17545	0.0081518
4.17569	0.0104055
4.17594	0.00719564
4.17618	0.00474613
4.17643	0.0059481
4.17667	0.00527626
4.17692	0.000344213
4.17716	-0.00198959
4.1774	0.00199424
4.17765	0.00497504
4.17789	0.00191218
4.17814	0.000666011
4.17838	0.00804381
4.17863	0.0152179
4.17887	0.0111597
4.17912	0.00252757
4.17936	0.0037955
4.17961	0.0128568
4.17985	0.0142933
4.1801	0.00518715
4.18034	-0.000393233
4.18058	0.00520237
4.18083	0.0117841
4.18107	0.00860037
4.18132	-0.000260515
4.18156	-0.00438889
4.18181	-0.00113606
4.18205	0.0049775
4.1823	0.00967439
4.18254	0.0109818
4.18279	0.00936061
4.18303	0.00837726
4.18328	0.0104028
4.18352	0.0117262
4.18376	0.00807407
4.18401	0.00337524
4.18425	0.00462113
4.1845	0.009612
4.18474	0.0101326
4.18499	0.00651702
4.18523	0.00711092
4.18548	0.012513
4.18572	0.0134282
4.18597	0.00711221
4.18621	0.00275993
4.18646	0.00544086
4.1867	0.00745576
4.18694	0.00283577
4.18719	-0.00121977
4.18743	0.00331017
4.18768	0.0109637
4.18792	0.0113887
4.18817	0.0055641
4.18841	0.00283301
4.18866	0.00585303
4.1889	0.00842377
4.18915	0.00667926
4.18939	0.00401612
4.18963	0.00450316
4.18988	0.0074137
4.19012	0.00961659
4.19037	0.00998991
4.19061	0.0102662
4.19086	0.012392
4.1911	0.0151938
4.19135	0.0146807
4.19159	0.00943545
4.19184	0.00407164
4.19208	0.0039308
4.19233	0.00780772
4.19257	0.0101037
4.19281	0.00860528
4.19306	0.0054717
4.1933	0.00257705
4.19355	0.00128018
4.19379	0.00401923
4.19404	0.00955881
4.19428	0.0101578
4.19453	0.00193218
4.19477	-0.00571548
4.19502	-0.00174777
4.19526	0.00862991
4.19551	0.011
4.19575	0.00489109
4.19599	0.00407127
4.19624	0.0124701
4.19648	0.0172429
4.19673	0.0112115
4.19697	0.00531338
4.19722	0.00963475
4.19746	0.0168923
4.19771	0.0163423
4.19795	0.0118698
4.1982	0.0132085
4.19844	0.0184901
4.19869	0.0189381
4.19893	0.01453
4.19917	0.0123929
4.19942	0.0138884
4.19966	0.0145156
4.19991	0.0137638
4.20015	0.0152697
4.2004	0.019102
4.20064	0.0218352
4.20089	0.0225647
4.20113	0.0227133
4.20138	0.0223787
4.20162	0.0219495
4.20186	0.0238612
4.20211	0.0281515
4.20235	0.0305694
4.2026	0.0293031
4.20284	0.028352
4.20309	0.0302581
4.20333	0.0320423
4.20358	0.0327357
4.20382	0.0371352
4.20407	0.0464947
4.20431	0.0538312
4.20456	0.0553894
4.2048	0.058676
4.20504	0.0712769
4.20529	0.0892216
4.20553	0.104434
4.20578	0.116197
4.20602	0.126921
4.20627	0.134401
4.20651	0.137397
4.20676	0.141222
4.207	0.148116
4.20725	0.149765
4.20749	0.13974
4.20774	0.125657
4.20798	0.117663
4.20822	0.112583
4.20847	0.102168
4.20871	0.0897688
4.20896	0.0842339
4.2092	0.0827678
4.20945	0.0754919
4.20969	0.0638316
4.20994	0.0588209
4.21018	0.0623941
4.21043	0.0651562
4.21067	0.0629463
4.21092	0.0617581
4.21116	0.0649158
4.2114	0.068134
4.21165	0.0696092
4.21189	0.073775
4.21214	0.0825339
4.21238	0.092509
4.21263	0.103058
4.21287	0.117846
4.21312	0.136255
4.21336	0.151224
4.21361	0.157905
4.21385	0.158556
4.21409	0.15831
4.21434	0.160955
4.21458	0.167094
4.21483	0.171419
4.21507	0.165792
4.21532	0.151236
4.21556	0.141116
4.21581	0.144335
4.21605	0.152158
4.2163	0.151974
4.21654	0.146803
4.21679	0.147869
4.21703	0.15429
4.21727	0.156018
4.21752	0.152763
4.21776	0.152829
4.21801	0.154909
4.21825	0.148492
4.2185	0.132842
4.21874	0.118977
4.21899	0.111189
4.21923	0.102564
4.21948	0.0910591
4.21972	0.0839985
4.21997	0.083217
4.22021	0.080908
4.22045	0.0740994
4.2207	0.0688624
4.22094	0.0668063
4.22119	0.0623343
4.22143	0.0568148
4.22168	0.0594458
4.22192	0.0691881
4.22217	0.0723522
4.22241	0.0648128
4.22266	0.0607294
4.2229	0.0710814
4.22315	0.0883149
4.22339	0.100854
4.22363	0.108578
4.22388	0.11469
4.22412	0.116187
4.22437	0.112828
4.22461	0.112913
4.22486	0.119596
4.2251	0.123107
4.22535	0.116661
4.22559	0.107952
4.22584	0.104174
4.22608	0.0981903
4.22632	0.0823441
4.22657	0.0647397
4.22681	0.0576653
4.22706	0.0587007
4.2273	0.057052
4.22755	0.051091
4.22779	0.0464127
4.22804	0.0432133
4.22828	0.0384458
4.22853	0.0346434
4.22877	0.0347329
4.22902	0.03392
4.22926	0.0278764
4.2295	0.0223227
4.22975	0.0231049
4.22999	0.0243917
4.23024	0.0193865
4.23048	0.0146224
4.23073	0.0186702
4.23097	0.024041
4.23122	0.0178804
4.23146	0.00566273
4.23171	0.00498796
4.23195	0.0173536
4.2322	0.0256539
4.23244	0.0215145
4.23268	0.0161038
4.23293	0.0184894
4.23317	0.0208844
4.23342	0.0146191
4.23366	0.00663736
4.23391	0.00832939
4.23415	0.0171325
4.2344	0.0208342
4.23464	0.0152819
4.23489	0.00796546
4.23513	0.00618161
4.23538	0.0093331
4.23562	0.0125882
4.23586	0.0127751
4.23611	0.0101754
4.23635	0.00753622
4.2366	0.0076188
4.23684	0.0103931
4.23709	0.0132702
4.23733	0.0146494
4.23758	0.0156003
4.23782	0.0170517
4.23807	0.0172533
4.23831	0.0140327
4.23855	0.00877525
4.2388	0.00594938
4.23904	0.00780638
4.23929	0.0109576
4.23953	0.010339
4.23978	0.00634804
4.24002	0.0047164
4.24027	0.00776642
4.24051	0.00980843
4.24076	0.00527964
4.241	-0.00199642
4.24125	-0.00366717
4.24149	0.0010992
4.24173	0.00530325
4.24198	0.00501015
4.24222	0.00328113
4.24247	0.00323465
4.24271	0.00457212
4.24296	0.00747987
4.2432	0.0125205
4.24345	0.0162301
4.24369	0.0146898
4.24394	0.0113125
4.24418	0.0119537
4.24443	0.0130165
4.24467	0.00637394
4.24491	-0.00365637
4.24516	-0.00331425
4.2454	0.00740411
4.24565	0.0113951
4.24589	0.00143492
4.24614	-0.00665401
4.24638	0.000862875
4.24663	0.0132068
4.24687	0.0128765
4.24712	0.00286165
4.24736	-0.00130705
4.24761	0.00286488
4.24785	0.00535614
4.24809	0.00337169
4.24834	0.00293834
4.24858	0.00468839
4.24883	0.00423549
4.24907	0.00366965
4.24932	0.00761339
4.24956	0.0111862
4.24981	0.00714964
4.25005	0.00130831
4.2503	0.0042562
4.25054	0.0111123
4.25079	0.00803909
4.25103	-0.00276222
4.25127	-0.00499026
4.25152	0.00374199
4.25176	0.00740008
4.25201	-0.000103322
4.25225	-0.00369593
4.2525	0.00632358
4.25274	0.0162919
4.25299	0.0112953
4.25323	-0.000617446
4.25348	-0.00231071
4.25372	0.00582121
4.25396	0.0098996
4.25421	0.00613872
4.25445	0.00397992
4.2547	0.0084161
4.25494	0.0135353
4.25519	0.0140907
4.25543	0.0121083
4.25568	0.0100372
4.25592	0.00632465
4.25617	0.000841608
4.25641	-0.00171153
4.25666	0.0024629
4.2569	0.0104423
4.25714	0.0151974
4.25739	0.0127045
4.25763	0.00527885
4.25788	-0.00143284
4.25812	-0.00401003
4.25837	-0.00336522
4.25861	-0.00136547
4.25886	0.00250433
4.2591	0.00873859
4.25935	0.0138972
4.25959	0.0133061
4.25984	0.00747003
4.26008	0.00168747
4.26032	-0.000922293
4.26057	-0.00164349
4.26081	-0.00101422
4.26106	0.00319812
4.2613	0.0104971
4.26155	0.014822
4.26179	0.0113354
4.26204	0.00373495
4.26228	0.000626303
4.26253	0.00471486
4.26277	0.00890214
4.26302	0.00519954
4.26326	-0.00392496
4.2635	-0.00720549
4.26375	0.000443968
4.26399	0.00918304
4.26424	0.00674577
4.26448	-0.00330481
4.26473	-0.006021
4.26497	0.00178665
4.26522	0.00581459
4.26546	-0.00270122
4.26571	-0.0116371
4.26595	-0.00687978
4.26619	0.00460347
4.26644	0.00604411
4.26668	-0.00215656
4.26693	-0.00466189
4.26717	0.00267208
4.26742	0.00760932
4.26766	0.00362446
4.26791	-0.000825234
4.26815	0.000454604
4.2684	0.00160384
4.26864	-0.000900468
4.26889	0.000522274
4.26913	0.00928884
4.26937	0.014044
4.26962	0.00536576
4.26986	-0.00728086
4.27011	-0.00852301
4.27035	0.000216065
4.2706	0.00460281
4.27084	-0.000160995
4.27109	-0.0043361
4.27133	-0.000517947
4.27158	0.00652156
4.27182	0.00936798
4.27207	0.00814882
4.27231	0.0069691
4.27255	0.00629918
4.2728	0.00392071
4.27304	0.000608146
4.27329	0.000315101
4.27353	0.00448081
4.27378	0.00890863
4.27402	0.00839361
4.27427	0.0037546
4.27451	0.00130268
4.27476	0.00413291
4.275	0.00734676
4.27525	0.00507968
4.27549	-0.000833979
4.27573	-0.00394382
4.27598	-0.00258648
4.27622	-0.000456213
4.27647	0.00064546
4.27671	0.00215442
4.27696	0.00340084
4.2772	0.0016877
4.27745	-0.00194134
4.27769	-0.00333564
4.27794	-0.00202481
4.27818	-0.0011554
4.27842	-0.000781622
4.27867	0.00174554
4.27891	0.00477667
4.27916	0.00380532
4.2794	0.000462971
4.27965	0.00126477
4.27989	0.00604468
4.28014	0.007096
4.28038	0.00215452
4.28063	-0.00159316
4.28087	0.000112109
4.28112	0.00222334
4.28136	0.000873266
4.2816	0.000149733
4.28185	0.00269958
4.28209	0.00349286
4.28234	-9.48526e-05
4.28258	-0.00149288
4.28283	0.00357288
4.28307	0.00762571
4.28332	0.00289497
4.28356	-0.00542435
4.28381	-0.00748429
4.28405	-0.00375521
4.2843	-0.00115669
4.28454	-6.97475e-05
4.28478	0.00322635
4.28503	0.0056343
4.28527	0.00111675
4.28552	-0.0068342
4.28576	-0.00859063
4.28601	-0.00354502
4.28625	-0.000570917
4.2865	-0.00293235
4.28674	-0.0038192
4.28699	0.000908085
4.28723	0.00563069
4.28748	0.00452745
4.28772	0.000236124
4.28796	-0.00160487
4.28821	-0.000652315
4.28845	-0.000284755
4.2887	-0.00153751
4.28894	-0.00211783
4.28919	0.00049984
4.28943	0.00636726
4.28968	0.0116975
4.28992	0.0108339
4.29017	0.00260993
4.29041	-0.00624328
4.29065	-0.00794881
4.2909	-0.00309507
4.29114	0.00102571
4.29139	0.00061175
4.29163	-0.00106746
4.29188	-0.000122104
4.29212	0.00288816
4.29237	0.00510116
4.29261	0.00462873
4.29286	0.00130253
4.2931	-0.00252817
4.29335	-0.00249443
4.29359	0.00265151
4.29383	0.00735248
4.29408	0.0051401
4.29432	-0.00257016
4.29457	-0.00840465
4.29481	-0.00895993
4.29506	-0.00739915
4.2953	-0.00661762
4.29555	-0.00590971
4.29579	-0.00480138
4.29604	-0.00405187
4.29628	-0.00200108
4.29653	0.00373909
4.29677	0.00975606
4.29701	0.00901054
4.29726	0.00184475
4.2975	-0.00250718
4.29775	0.000787258
4.29799	0.00466827
4.29824	0.00166094
4.29848	-0.00377593
4.29873	-0.00243988
4.29897	0.00443018
4.29922	0.00662292
4.29946	0.000554443
4.29971	-0.00568822
4.29995	-0.00465064
4.30019	0.000800045
4.30044	0.00369842
4.30068	0.00303503
4.30093	0.00259146
4.30117	0.00339611
4.30142	0.00284417
4.30166	0.000123051
4.30191	-0.00220399
4.30215	-0.00232591
4.3024	-0.00141377
4.30264	-0.000971425
4.30288	-0.000660658
4.30313	0.000246566
4.30337	0.00136791
4.30362	0.00209958
4.30386	0.00229251
4.30411	0.00142687
4.30435	-0.000946681
4.3046	-0.00337185
4.30484	-0.00349612
4.30509	-0.00176559
4.30533	-0.00123406
4.30558	-0.0022959
4.30582	-0.0011661
4.30606	0.00370761
4.30631	0.00734286
4.30655	0.00469976
4.3068	-0.0011005
4.30704	-0.00238034
4.30729	0.00239975
4.30753	0.00699084
4.30778	0.00630825
4.30802	0.00173317
4.30827	-0.00313076
4.30851	-0.00672649
4.30876	-0.00816268
4.309	-0.00649622
4.30924	-0.00351594
4.30949	-0.00286743
4.30973	-0.00415154
4.30998	-0.00222683
4.31022	0.00479973
4.31047	0.0110011
4.31071	0.00973592
4.31096	0.00241563
4.3112	-0.00336419
4.31145	-0.0024319
4.31169	0.00393426
4.31194	0.0104519
4.31218	0.0117829
4.31242	0.00636838
4.31267	-0.00108268
4.31291	-0.0030934
4.31316	0.00211314
4.3134	0.00791383
4.31365	0.00759948
4.31389	0.00291824
4.31414	0.00116191
4.31438	0.00562799
4.31463	0.0123261
4.31487	0.0152172
4.31511	0.0119794
4.31536	0.00513441
4.3156	-0.000537146
4.31585	-0.00200805
4.31609	-0.000348427
4.31634	0.00150049
4.31658	0.00268132
4.31683	0.00393396
4.31707	0.00417799
4.31732	0.00186287
4.31756	-0.000336777
4.31781	0.00229848
4.31805	0.00846794
4.31829	0.0111432
4.31854	0.00828038
4.31878	0.00640279
4.31903	0.00947832
4.31927	0.0114324
4.31952	0.00613277
4.31976	-0.00135273
4.32001	-0.0017141
4.32025	0.00458944
4.3205	0.0090286
4.32074	0.00809479
4.32099	0.00579998
4.32123	0.00451348
4.32147	0.00248366
4.32172	0.00068218
4.32196	0.00312925
4.32221	0.00861905
4.32245	0.0101883
4.3227	0.00553352
4.32294	0.000674585
4.32319	1.58044e-05
4.32343	-0.000165678
4.32368	-0.00381195
4.32392	-0.00705405
4.32417	-0.00419598
4.32441	0.00259218
4.32465	0.00619146
4.3249	0.0049322
4.32514	0.00384671
4.32539	0.0061131
4.32563	0.0089691
4.32588	0.00928136
4.32612	0.00861574
4.32637	0.0101332
4.32661	0.01308
4.32686	0.0135193
4.3271	0.00993869
4.32735	0.00552229
4.32759	0.00415415
4.32783	0.00596604
4.32808	0.00824725
4.32832	0.00933361
4.32857	0.00933354
4.32881	0.00783621
4.32906	0.0041961
4.3293	0.000524859
4.32955	0.000696294
4.32979	0.00454491
4.33004	0.00663817
4.33028	0.00384428
4.33052	0.000838706
4.33077	0.00356317
4.33101	0.0094962
4.33126	0.0103186
4.3315	0.00410846
4.33175	-0.00121249
4.33199	0.00123958
4.33224	0.00795007
4.33248	0.0104388
4.33273	0.0069837
4.33297	0.00402744
4.33322	0.00638108
4.33346	0.0106596
4.3337	0.0106218
4.33395	0.00620644
4.33419	0.00351393
4.33444	0.0061055
4.33468	0.0102421
4.33493	0.0107434
4.33517	0.00831965
4.33542	0.00728725
4.33566	0.00807773
4.33591	0.0072821
4.33615	0.00481019
4.3364	0.00495555
4.33664	0.00863104
4.33688	0.0104819
4.33713	0.00725023
4.33737	0.00374065
4.33762	0.00546921
4.33786	0.00959364
4.33811	0.0093356
4.33835	0.00470806
4.3386	0.00203474
4.33884	0.00386812
4.33909	0.00614872
4.33933	0.00594277
4.33958	0.00575498
4.33982	0.00817133
4.34006	0.0111973
4.34031	0.0116995
4.34055	0.0100466
4.3408	0.0087573
4.34104	0.00889724
4.34129	0.00987312
4.34153	0.0110141
4.34178	0.0118361
4.34202	0.012075
4.34227	0.0123006
4.34251	0.013073
4.34275	0.0132934
4.343	0.0113664
4.34324	0.00832374
4.34349	0.00742364
4.34373	0.00988254
4.34398	0.0132524
4.34422	0.015144
4.34447	0.0163804
4.34471	0.0187186
4.34496	0.0208492
4.3452	0.0189194
4.34545	0.0113365
4.34569	0.00198678
4.34593	-0.00239715
4.34618	0.00130567
4.34642	0.00915697
4.34667	0.0144064
4.34691	0.0150851
4.34716	0.0153273
4.3474	0.0185542
4.34765	0.0222891
4.34789	0.0221087
4.34814	0.0186029
4.34838	0.0170702
4.34863	0.0209016
4.34887	0.027871
4.34911	0.0329249
4.34936	0.032968
4.3496	0.0294716
4.34985	0.0277369
4.35009	0.0324031
4.35034	0.0420485
4.35058	0.0496804
4.35083	0.0503666
4.35107	0.046717
4.35132	0.0448414
4.35156	0.0469601
4.35181	0.0506558
4.35205	0.0535698
4.35229	0.0557861
4.35254	0.0586868
4.35278	0.0636666
4.35303	0.0705471
4.35327	0.0761708
4.35352	0.0780185
4.35376	0.0807873
4.35401	0.09353
4.35425	0.116215
4.3545	0.136123
4.35474	0.14516
4.35498	0.154592
4.35523	0.181775
4.35547	0.22615
4.35572	0.271384
4.35596	0.310081
4.35621	0.35108
4.35645	0.398915
4.3567	0.441421
4.35694	0.46633
4.35719	0.4778
4.35743	0.485166
4.35768	0.484793
4.35792	0.466681
4.35816	0.433509
4.35841	0.398712
4.35865	0.36697
4.3589	0.329917
4.35914	0.282884
4.35939	0.234442
4.35963	0.195309
4.35988	0.166786
4.36012	0.144793
4.36037	0.127756
4.36061	0.114898
4.36086	0.102512
4.3611	0.0881796
4.36134	0.0751905
4.36159	0.0674341
4.36183	0.062557
4.36208	0.0553769
4.36232	0.0462217
4.36257	0.0404987
4.36281	0.0403036
4.36306	0.0412243
4.3633	0.0386477
4.36355	0.0337758
4.36379	0.0312949
4.36404	0.0327147
4.36428	0.0341676
4.36452	0.0311766
4.36477	0.0247309
4.36501	0.0210061
4.36526	0.0238237
4.3655	0.0288123
4.36575	0.028075
4.36599	0.020519
4.36624	0.0135351
4.36648	0.0129722
4.36673	0.0157264
4.36697	0.0154727
4.36721	0.0120139
4.36746	0.0102539
4.3677	0.0122634
4.36795	0.015576
4.36819	0.018124
4.36844	0.0197248
4.36868	0.0193777
4.36893	0.0164057
4.36917	0.0139141
4.36942	0.01535
4.36966	0.0175799
4.36991	0.0141159
4.37015	0.00635135
4.37039	0.00404306
4.37064	0.0115544
4.37088	0.0208109
4.37113	0.0224717
4.37137	0.0176987
4.37162	0.0134339
4.37186	0.0120714
4.37211	0.012327
4.37235	0.0149043
4.3726	0.0196631
4.37284	0.0215097
4.37309	0.0172278
4.37333	0.0127569
4.37357	0.0150508
4.37382	0.0200486
4.37406	0.0186212
4.37431	0.0120347
4.37455	0.0100649
4.3748	0.0140399
4.37504	0.0140871
4.37529	0.00595918
4.37553	-0.000954587
4.37578	0.0023203
4.37602	0.0115336
4.37627	0.0166556
4.37651	0.0150604
4.37675	0.011199
4.377	0.00853864
4.37724	0.00739377
4.37749	0.00695287
4.37773	0.00555401
4.37798	0.00235709
4.37822	0.000555896
4.37847	0.00416778
4.37871	0.0105852
4.37896	0.0126854
4.3792	0.00951523
4.37944	0.00713095
4.37969	0.00738976
4.37993	0.00542166
4.38018	0.00104787
4.38042	0.00185627
4.38067	0.00981435
4.38091	0.015527
4.38116	0.0124692
4.3814	0.00671143
4.38165	0.00508654
4.38189	0.00425189
4.38214	0.000319044
4.38238	-0.0013258
4.38262	0.00357679
4.38287	0.00798473
4.38311	0.00556711
4.38336	0.00308853
4.3836	0.007713
4.38385	0.0118433
4.38409	0.00618895
4.38434	-0.00120072
4.38458	0.00272632
4.38483	0.0120046
4.38507	0.0107724
4.38532	0.00165885
4.38556	0.00196297
4.3858	0.0125439
4.38605	0.0151479
4.38629	0.00448482
4.38654	-0.00157177
4.38678	0.00751128
4.38703	0.0168939
4.38727	0.0117863
4.38752	0.00152182
4.38776	0.00214654
4.38801	0.0101613
4.38825	0.0113678
4.3885	0.00516402
4.38874	0.00225814
4.38898	0.0049068
4.38923	0.00587254
4.38947	0.00324601
4.38972	0.00184786
4.38996	0.0021436
4.39021	0.000484592
4.39045	-0.00129195
4.3907	0.00164006
4.39094	0.00609076
4.39119	0.00394382
4.39143	-0.00349479
4.39167	-0.00530002
4.39192	0.0028066
4.39216	0.0116122
4.39241	0.0115087
4.39265	0.00494066
4.3929	0.00114258
4.39314	0.00339523
4.39339	0.00661511
4.39363	0.00591219
4.39388	0.0033456
4.39412	0.00449982
4.39437	0.00960298
4.39461	0.0115795
4.39485	0.00561823
4.3951	-0.00251618
4.39534	-0.00358102
4.39559	0.00154694
4.39583	0.00371515
4.39608	0.000993531
4.39632	0.00169685
4.39657	0.00871268
4.39681	0.0125309
4.39706	0.00692789
4.3973	0.000554247
4.39755	0.00256582
4.39779	0.00624553
4.39803	0.00031627
4.39828	-0.0101852
4.39852	-0.0100702
4.39877	0.00153033
4.39901	0.00885364
4.39926	0.00322421
4.3995	-0.00542909
4.39975	-0.0054656
4.39999	0.000245581
4.40024	0.00208106
4.40048	-0.00129352
4.40073	-0.00371073
4.40097	-0.00216284
4.40121	0.000375135
4.40146	0.000425089
4.4017	-0.00238352
4.40195	-0.00586773
4.40219	-0.00702434
4.40244	-0.00475874
4.40268	-0.00180103
4.40293	-0.00157134
4.40317	-0.00312664
4.40342	-0.00260288
4.40366	0.000560328
4.4039	0.00321079
4.40415	0.00429349
4.40439	0.0059313
4.40464	0.00814011
4.40488	0.008166
4.40513	0.00642535
4.40537	0.00707195
4.40562	0.0103426
4.40586	0.0104502
4.40611	0.00471311
4.40635	-0.000794474
4.4066	0.000399861
4.40684	0.00540554
4.40708	0.00606932
4.40733	0.000230234
4.40757	-0.00635455
4.40782	-0.00809071
4.40806	-0.00500016
4.40831	-0.000447951
4.40855	0.00287168
4.4088	0.00416732
4.40904	0.00407608
4.40929	0.00353904
4.40953	0.0024365
4.40978	-8.53566e-05
4.41002	-0.00354844
4.41026	-0.00591739
4.41051	-0.00606357
4.41075	-0.00477286
4.411	-0.00293643
4.41124	-0.00113335
4.41149	-0.00129876
4.41173	-0.0052293
4.41198	-0.0101366
4.41222	-0.00975245
4.41247	-0.0024891
4.41271	0.00510733
4.41296	0.00630019
4.4132	0.00231588
4.41344	-0.00109642
4.41369	-0.0019527
4.41393	-0.00209027
4.41418	-0.00152925
4.41442	0.00126487
4.41467	0.00431228
4.41491	0.00317535
4.41516	-0.00218508
4.4154	-0.00629436
4.41565	-0.00501949
4.41589	0.000236558
4.41614	0.00581445
4.41638	0.00934576
4.41662	0.00936379
4.41687	0.00565515
4.41711	0.00124597
4.41736	5.29308e-05
4.4176	0.00132158
4.41785	0.000659882
4.41809	-0.00217835
4.41834	-0.00185461
4.41858	0.00373643
4.41883	0.00873773
4.41907	0.00750342
4.41931	0.00277835
4.41956	0.000802741
4.4198	0.00226253
4.42005	0.0035327
4.42029	0.00348513
4.42054	0.00309673
4.42078	0.00119948
4.42103	-0.0029863
4.42127	-0.00559989
4.42152	-0.00330872
4.42176	-0.000259351
4.42201	-0.00194503
4.42225	-0.00439982
4.42249	0.000561425
4.42274	0.0100679
4.42298	0.0118346
4.42323	0.00306844
4.42347	-0.00437818
4.42372	-0.0023921
4.42396	0.00186
4.42421	0.000173275
4.42445	-0.00239582
4.4247	0.00176423
4.42494	0.0070088
4.42519	0.00274942
4.42543	-0.00799805
4.42567	-0.0123931
4.42592	-0.00764451
4.42616	-0.0035115
4.42641	-0.00511013
4.42665	-0.00640385
4.4269	-0.00311515
4.42714	-2.71406e-05
4.42739	-0.00110813
4.42763	-0.00251547
4.42788	-0.00063256
4.42812	0.00145169
4.42837	0.000814361
4.42861	0.000442532
4.42885	0.00254635
4.4291	0.00314848
4.42934	-0.000439332
4.42959	-0.00303097
4.42983	0.000464279
4.43008	0.00546848
4.43032	0.00389328
4.43057	-0.00328149
4.43081	-0.00735716
4.43106	-0.00462252
4.4313	-0.000682583
4.43154	-0.00152372
4.43179	-0.00578899
4.43203	-0.00772052
4.43228	-0.00451437
4.43252	0.000883948
4.43277	0.0028571
4.43301	-0.00145027
4.43326	-0.00895975
4.4335	-0.0133629
4.43375	-0.0116222
4.43399	-0.0067744
4.43424	-0.00374287
4.43448	-0.00394571
4.43472	-0.00486734
4.43497	-0.00345665
4.43521	0.000839611
4.43546	0.00526438
4.4357	0.00599309
4.43595	0.00266809
4.43619	-0.000314374
4.43644	0.000420214
4.43668	0.00163348
4.43693	-0.00220243
4.43717	-0.0098426
4.43742	-0.013808
4.43766	-0.0103365
4.4379	-0.00351938
4.43815	0.00141674
4.43839	0.00340768
4.43864	0.00286018
4.43888	-0.00022477
4.43913	-0.00306246
4.43937	-0.00103114
4.43962	0.00489232
4.43986	0.00713487
4.44011	0.00168718
4.44035	-0.00578601
4.4406	-0.00791596
4.44084	-0.00488265
4.44108	-0.00155524
4.44133	-0.000114977
4.44157	-0.000167493
4.44182	-0.00208089
4.44206	-0.00535325
4.44231	-0.00683356
4.44255	-0.0046826
4.4428	-0.00120725
4.44304	0.0010709
4.44329	0.00220581
4.44353	0.00141341
4.44377	-0.00340211
4.44402	-0.00963956
4.44426	-0.0104401
4.44451	-0.00540815
4.44475	-0.00310471
4.445	-0.00714006
4.44524	-0.00861113
4.44549	-0.000705339
4.44573	0.00790139
4.44598	0.00567446
4.44622	-0.00274183
4.44647	-0.00375144
4.44671	0.00331631
4.44695	0.00648656
4.4472	0.00174872
4.44744	-0.00200699
4.44769	-0.000238515
4.44793	-8.7248e-05
4.44818	-0.00588294
4.44842	-0.0104512
4.44867	-0.0076317
4.44891	-0.00264965
4.44916	-0.00223714
4.4494	-0.00323478
4.44965	0.000470739
4.44989	0.00639563
4.45013	0.00762348
4.45038	0.00411374
4.45062	0.00168052
4.45087	0.00229356
4.45111	0.00260514
4.45136	0.000984512
4.4516	2.02891e-05
4.45185	0.00176155
4.45209	0.00453963
4.45234	0.00521833
4.45258	0.00279984
4.45283	-0.000182105
4.45307	0.000222376
4.45331	0.00436353
4.45356	0.00694946
4.4538	0.00347912
4.45405	-0.00213722
4.45429	-0.0018164
4.45454	0.00457606
4.45478	0.00816352
4.45503	0.00412198
4.45527	-0.0015788
4.45552	-0.00241606
4.45576	-0.00109251
4.456	-0.00311532
4.45625	-0.0067405
4.45649	-0.0068529
4.45674	-0.00455093
4.45698	-0.00468518
4.45723	-0.00649833
4.45747	-0.00505704
4.45772	-0.00079678
4.45796	0.000772331
4.45821	-0.000877875
4.45845	1.98959e-05
4.4587	0.00472092
4.45894	0.0058899
4.45918	-0.00120346
4.45943	-0.00970279
4.45967	-0.00956286
4.45992	-0.00127432
4.46016	0.00527894
4.46041	0.00428153
4.46065	3.71939e-05
4.4609	-0.00112767
4.46114	0.000714514
4.46139	0.0017481
4.46163	0.00146455
4.46188	0.00247587
4.46212	0.00489982
4.46236	0.00560898
4.46261	0.00339169
4.46285	0.000800018
4.4631	-0.000299004
4.46334	-0.00117073
4.46359	-0.00232628
4.46383	-0.00126183
4.46408	0.00274192
4.46432	0.00538255
4.46457	0.00345286
4.46481	0.000968238
4.46506	0.00336417
4.4653	0.00791805
4.46554	0.00714601
4.46579	0.00097973
4.46603	-0.00251802
4.46628	0.000227237
4.46652	0.00322593
4.46677	0.00160965
4.46701	-0.000555982
4.46726	0.00163275
4.4675	0.0047646
4.46775	0.00295376
4.46799	-0.00189634
4.46823	-0.00303712
4.46848	0.000752496
4.46872	0.00458511
4.46897	0.00539458
4.46921	0.00415658
4.46946	0.00166713
4.4697	-0.00175903
4.46995	-0.00343823
4.47019	-0.00114174
4.47044	0.00208957
4.47068	0.00177499
4.47093	-0.000546775
4.47117	-0.000214162
4.47141	0.00138608
4.47166	-0.00133016
4.4719	-0.00684983
4.47215	-0.00636422
4.47239	0.00226709
4.47264	0.00898934
4.47288	0.00507252
4.47313	-0.0047819
4.47337	-0.00989826
4.47362	-0.0077537
4.47386	-0.00408466
4.47411	-0.00286386
4.47435	-0.00311945
4.47459	-0.00361714
4.47484	-0.00442205
4.47508	-0.00459384
4.47533	-0.00321215
4.47557	-0.00190198
4.47582	-0.00237265
4.47606	-0.00285645
4.47631	-0.000984589
4.47655	0.00166605
4.4768	0.00237808
4.47704	0.00250516
4.47729	0.00453574
4.47753	0.0057775
4.47777	0.0015592
4.47802	-0.00575664
4.47826	-0.00807578
4.47851	-0.00319064
4.47875	0.00143846
4.479	-0.000789641
4.47924	-0.00686253
4.47949	-0.00947783
4.47973	-0.00684584
4.47998	-0.00308594
4.48022	-0.00150044
4.48046	-0.00140281
4.48071	-0.000745839
4.48095	0.000816744
4.4812	0.00164643
4.48144	0.000434386
4.48169	-0.00108564
4.48193	0.000763382
4.48218	0.00583983
4.48242	0.00790221
4.48267	0.00233174
4.48291	-0.00560682
4.48316	-0.00642124
4.4834	-7.91625e-05
4.48364	0.00309195
4.48389	-0.00282609
4.48413	-0.0109096
4.48438	-0.0115988
4.48462	-0.00542802
4.48487	-0.000356547
4.48511	-0.000690234
4.48536	-0.00378043
4.4856	-0.00502451
4.48585	-0.00198053
4.48609	0.00417032
4.48634	0.00838017
4.48658	0.00587493
4.48682	-0.00112295
4.48707	-0.00478076
4.48731	-0.00204708
4.48756	0.00159878
4.4878	0.00152583
4.48805	0.000317278
4.48829	0.000409802
4.48854	-0.00178836
4.48878	-0.00749583
4.48903	-0.0088375
4.48927	-0.000188678
4.48952	0.00973281
4.48976	0.00854632
4.49	-0.000775419
4.49025	-0.00411475
4.49049	0.00224173
4.49074	0.00744771
4.49098	0.00460061
4.49123	0.000362587
4.49147	0.00187655
4.49172	0.00535915
4.49196	0.00432783
4.49221	0.000814604
4.49245	0.00104658
4.4927	0.00529563
4.49294	0.00847524
4.49318	0.00770315
4.49343	0.00460637
4.49367	0.00225753
4.49392	0.00268439
4.49416	0.00527717
4.49441	0.00647199
4.49465	0.00359801
4.4949	-0.000991708
4.49514	-0.00331424
4.49539	-0.00406099
4.49563	-0.00615611
4.49587	-0.00750663
4.49612	-0.00389603
4.49636	0.00133022
4.49661	-5.71229e-05
4.49685	-0.0072252
4.4971	-0.00925311
4.49734	-0.00189667
4.49759	0.00475129
4.49783	0.00151385
4.49808	-0.00600859
4.49832	-0.00693047
4.49857	-0.0012739
4.49881	0.00245689
4.49905	0.000982412
4.4993	-0.0016593
4.49954	-0.0029487
4.49979	-0.00430269
4.50003	-0.00574455
4.50028	-0.00531849
4.50052	-0.00372316
4.50077	-0.00394408
4.50101	-0.00619053
4.50126	-0.00754301
4.5015	-0.0064584
4.50175	-0.00417364
4.50199	-0.00206676
4.50223	-0.000409126
4.50248	0.000909583
4.50272	0.00227909
4.50297	0.00370243
4.50321	0.00337766
4.50346	-0.0003565
4.5037	-0.00480545
4.50395	-0.00484868
4.50419	-0.000761614
4.50444	0.000866686
4.50468	-0.00311944
4.50493	-0.0069751
4.50517	-0.00452223
4.50541	0.00140375
4.50566	0.00298858
4.5059	-0.00208357
4.50615	-0.0087509
4.50639	-0.0111828
4.50664	-0.00793677
4.50688	-0.00233989
4.50713	0.00026178
4.50737	-0.0020878
4.50762	-0.00486273
4.50786	-0.00315175
4.5081	-8.90778e-05
4.50835	-0.00250609
4.50859	-0.00838861
4.50884	-0.00824878
4.50908	-0.00103659
4.50933	0.0025083
4.50957	-0.00287308
4.50982	-0.00808399
4.51006	-0.00539428
4.51031	-0.00123873
4.51055	-0.00312887
4.5108	-0.00499927
4.51104	0.00110335
4.51128	0.00804801
4.51153	0.00423298
4.51177	-0.00537326
4.51202	-0.0062125
4.51226	0.00122252
4.51251	0.00202906
4.51275	-0.0076014
4.513	-0.0135951
4.51324	-0.00692692
4.51349	0.00268233
4.51373	0.00317326
4.51398	-0.00254671
4.51422	-0.00422219
4.51446	0.000235208
4.51471	0.005136
4.51495	0.00642192
4.5152	0.00379403
4.51544	-0.00173074
4.51569	-0.00727233
4.51593	-0.0092352
4.51618	-0.00828611
4.51642	-0.00864862
4.51667	-0.0105436
4.51691	-0.00932698
4.51716	-0.0042393
4.5174	-0.00101465
4.51764	-0.00279909
4.51789	-0.0054861
4.51813	-0.00543324
4.51838	-0.0046151
4.51862	-0.00433753
4.51887	-0.00160008
4.51911	0.00328026
4.51936	0.00325205
4.5196	-0.00464342
4.51985	-0.0117866
4.52009	-0.00899241
4.52033	0.000292139
4.52058	0.00568466
4.52082	0.0043758
4.52107	0.00164136
4.52131	0.000264615
4.52156	-0.00150429
4.5218	-0.00299977
4.52205	-0.00106599
4.52229	0.0028322
4.52254	0.00328563
4.52278	-8.45867e-05
4.52303	-0.00144504
4.52327	0.00161258
4.52351	0.00406915
4.52376	0.00200802
4.524	-0.00115542
4.52425	-0.00128051
4.52449	-0.00104347
4.52474	-0.00501802
4.52498	-0.0106225
4.52523	-0.0108006
4.52547	-0.00486884
4.52572	-0.000117282
4.52596	-0.00129848
4.52621	-0.00431095
4.52645	-0.00346766
4.52669	-0.000365276
4.52694	-0.00070489
4.52718	-0.0049405
4.52743	-0.0075842
4.52767	-0.00531147
4.52792	-0.000862096
4.52816	0.00172434
4.52841	0.00146647
4.52865	-0.00100858
4.5289	-0.00511809
4.52914	-0.00878819
4.52939	-0.0090534
4.52963	-0.00639771
4.52987	-0.00509188
4.53012	-0.00688019
4.53036	-0.00784949
4.53061	-0.0045385
4.53085	0.000183351
4.5311	0.00111949
4.53134	-0.00182981
4.53159	-0.00417653
4.53183	-0.00330711
4.53208	-0.00103462
4.53232	-0.000682652
4.53256	-0.00394723
4.53281	-0.00912552
4.53305	-0.0107953
4.5333	-0.00424756
4.53354	0.00726858
4.53379	0.0134678
4.53403	0.0089652
4.53428	0.000600913
4.53452	-0.0019811
4.53477	0.000589847
4.53501	0.000272471
4.53526	-0.00495559
4.5355	-0.00854172
4.53574	-0.00635859
4.53599	-0.0026344
4.53623	-0.00256496
4.53648	-0.0050444
4.53672	-0.0061278
4.53697	-0.00535728
4.53721	-0.00488076
4.53746	-0.00499801
4.5377	-0.00410624
4.53795	-0.00189487
4.53819	-9.37851e-06
4.53844	0.000152416
4.53868	-0.00114226
4.53892	-0.00249771
4.53917	-0.00256282
4.53941	-0.00095981
4.53966	0.00138204
4.5399	0.00289876
4.54015	0.00270423
4.54039	0.00150893
4.54064	0.00112493
4.54088	0.00235034
4.54113	0.00325199
4.54137	0.00117894
4.54162	-0.00276152
4.54186	-0.00390767
4.5421	-0.000789253
4.54235	0.00171009
4.54259	-0.000173654
4.54284	-0.00221755
4.54308	0.000835332
4.54333	0.00468443
4.54357	0.000921349
4.54382	-0.00801084
4.54406	-0.010164
4.54431	-0.00222429
4.54455	0.00482424
4.54479	0.0024579
4.54504	-0.0037171
4.54528	-0.00536149
4.54553	-0.00429419
4.54577	-0.00566812
4.54602	-0.00711637
4.54626	-0.00457277
4.54651	-0.00183032
4.54675	-0.0039689
4.547	-0.00702651
4.54724	-0.00464252
4.54749	3.83081e-05
4.54773	5.64896e-05
4.54797	-0.00215101
4.54822	0.000967383
4.54846	0.00739818
4.54871	0.00740446
4.54895	-0.000661477
4.5492	-0.00768718
4.54944	-0.00737994
4.54969	-0.00257254
4.54993	0.00248991
4.55018	0.00656028
4.55042	0.00731467
4.55067	0.00228137
4.55091	-0.00464991
4.55115	-0.00616485
4.5514	-0.00244925
4.55164	-0.0011987
4.55189	-0.00536063
4.55213	-0.0089989
4.55238	-0.00731281
4.55262	-0.00320137
4.55287	-0.00130524
4.55311	-0.00196137
4.55336	-0.00348108
4.5536	-0.00495072
4.55385	-0.00495295
4.55409	-0.00224164
4.55433	0.00131827
4.55458	0.00264788
4.55482	0.00196901
4.55507	0.00108036
4.55531	-0.00117525
4.55556	-0.00616734
4.5558	-0.0101348
4.55605	-0.00817403
4.55629	-0.00233087
4.55654	0.000757929
4.55678	-0.000939696
4.55702	-0.00406517
4.55727	-0.00624292
4.55751	-0.00683052
4.55776	-0.00403357
4.558	0.00166116
4.55825	0.00440718
4.55849	0.00100743
4.55874	-0.00201634
4.55898	0.00174598
4.55923	0.00648787
4.55947	0.00297888
4.55972	-0.00486193
4.55996	-0.00552747
4.5602	0.000593625
4.56045	0.00195705
4.56069	-0.00449433
4.56094	-0.00937959
4.56118	-0.00788847
4.56143	-0.00605675
4.56167	-0.00729781
4.56192	-0.00673101
4.56216	-0.00278589
4.56241	-0.00124926
4.56265	-0.00345799
4.5629	-0.00293611
4.56314	0.0020103
4.56338	0.004866
4.56363	0.00403092
4.56387	0.00607397
4.56412	0.0112213
4.56436	0.00995897
4.56461	0.000550747
4.56485	-0.00451921
4.5651	0.00183117
4.56534	0.00885115
4.56559	0.00545947
4.56583	-0.00209945
4.56608	-0.0020144
4.56632	0.00386056
4.56656	0.00536259
4.56681	0.00126836
4.56705	-0.00124326
4.5673	0.000463844
4.56754	0.00284057
4.56779	0.00404996
4.56803	0.00468811
4.56828	0.00368561
4.56852	0.000668571
4.56877	-0.000869486
4.56901	0.00127068
4.56925	0.00347
4.5695	0.00218211
4.56974	-6.46643e-05
4.56999	0.000469081
4.57023	0.00240745
4.57048	0.00235423
4.57072	-4.9107e-05
4.57097	-0.00353376
4.57121	-0.00686818
4.57146	-0.00714423
4.5717	-0.00264292
4.57195	0.00152334
4.57219	-0.0010807
4.57243	-0.00639012
4.57268	-0.00439131
4.57292	0.00299909
4.57317	0.00237936
4.57341	-0.00873149
4.57366	-0.0153038
4.5739	-0.00812103
4.57415	0.00159745
4.57439	0.00141554
4.57464	-0.00284648
4.57488	-0.000101462
4.57513	0.00598642
4.57537	0.00534966
4.57561	0.000403694
4.57586	0.000608786
4.5761	0.004737
4.57635	0.00385724
4.57659	-0.00230736
4.57684	-0.0057159
4.57708	-0.00348425
4.57733	0.000681482
4.57757	0.00493696
4.57782	0.008546
4.57806	0.0072085
4.57831	-0.000212716
4.57855	-0.00532539
4.57879	-0.00130565
4.57904	0.00524532
4.57928	0.0048437
4.57953	0.00110163
4.57977	0.00318555
4.58002	0.00824258
4.58026	0.00617132
4.58051	-0.00202331
4.58075	-0.00572005
4.581	-0.00236218
4.58124	0.000790879
4.58149	0.00120932
4.58173	0.00326493
4.58197	0.00632291
4.58222	0.00436082
4.58246	-0.00193905
4.58271	-0.00518388
4.58295	-0.00392317
4.5832	-0.00359526
4.58344	-0.00482721
4.58369	-0.00280217
4.58393	0.00147216
4.58418	0.00139497
4.58442	-0.00291784
4.58466	-0.00423224
4.58491	-0.000968904
4.58515	0.00110659
4.5854	0.000625712
4.58564	0.00224397
4.58589	0.00558492
4.58613	0.004587
4.58638	-0.00066805
4.58662	-0.00329514
4.58687	-0.00216847
4.58711	-0.00290746
4.58736	-0.00493681
4.5876	-0.00105757
4.58784	0.00723687
4.58809	0.00808616
4.58833	-0.00208252
4.58858	-0.0112737
4.58882	-0.00961648
4.58907	-0.00254297
4.58931	0.000556775
4.58956	-0.000149545
4.5898	-0.000517986
4.59005	-0.00183018
4.59029	-0.00607526
4.59054	-0.00926734
4.59078	-0.00724115
4.59102	-0.00248458
4.59127	0.000588535
4.59151	0.00148234
4.59176	0.000593485
4.592	-0.00272761
4.59225	-0.00525716
4.59249	-0.00121908
4.59274	0.00701501
4.59298	0.00853944
4.59323	-0.000234781
4.59347	-0.00855236
4.59372	-0.00683167
4.59396	-9.41893e-05
4.5942	0.00203238
4.59445	1.23775e-05
4.59469	-0.000284771
4.59494	0.000611943
4.59518	-0.000791261
4.59543	-0.00157756
4.59567	0.00257003
4.59592	0.00716473
4.59616	0.00458395
4.59641	-0.00272464
4.59665	-0.00517354
4.59689	-0.000821525
4.59714	0.00269264
4.59738	0.000897205
4.59763	-0.00200336
4.59787	-0.0015059
4.59812	0.00117466
4.59836	0.00337702
4.59861	0.00498291
4.59885	0.00610275
4.5991	0.00555148
4.59934	0.00321146
4.59959	0.000468682
4.59983	-0.00199339
4.60007	-0.00377778
4.60032	-0.00327866
4.60056	-0.000331349
4.60081	0.00142222
4.60105	-0.000609521
4.6013	-0.00280699
4.60154	-0.0005699
4.60179	0.00345103
4.60203	0.00330727
4.60228	0.000371363
4.60252	0.00136784
4.60277	0.00562548
4.60301	0.00418616
4.60325	-0.00531504
4.6035	-0.0125176
4.60374	-0.00894835
4.60399	-0.00065458
4.60423	0.00165312
4.60448	-0.00134614
4.60472	-0.00124094
4.60497	0.00241801
4.60521	0.00169257
4.60546	-0.00463565
4.6057	-0.00726264
4.60595	-0.00147507
4.60619	0.00398748
4.60643	0.000141297
4.60668	-0.00775266
4.60692	-0.00809854
4.60717	-0.000911263
4.60741	0.00278214
4.60766	-0.00121994
4.6079	-0.00391603
4.60815	0.00192319
4.60839	0.00945349
4.60864	0.00745234
4.60888	-0.00306752
4.60912	-0.0102004
4.60937	-0.00739029
4.60961	-0.000536009
4.60986	0.00230924
4.6101	0.00156098
4.61035	0.00249978
4.61059	0.00541984
4.61084	0.00531457
4.61108	0.000691057
4.61133	-0.0029258
4.61157	-0.000891034
4.61182	0.00306218
4.61206	0.00194224
4.6123	-0.00347435
4.61255	-0.00490751
4.61279	0.000750247
4.61304	0.00563002
4.61328	0.00252313
4.61353	-0.00325565
4.61377	-0.00157854
4.61402	0.00598637
4.61426	0.00759316
4.61451	-0.000267195
4.61475	-0.00627955
4.615	-0.00106049
4.61524	0.00893408
4.61548	0.0119169
4.61573	0.00812946
4.61597	0.00693043
4.61622	0.0105982
4.61646	0.0119186
4.61671	0.00750908
4.61695	0.00320143
4.6172	0.00342535
4.61744	0.00378457
4.61769	-0.000849759
4.61793	-0.00695523
4.61818	-0.00719923
4.61842	-0.00135282
4.61866	0.00374864
4.61891	0.00429192
4.61915	0.00405417
4.6194	0.00748385
4.61964	0.0123289
4.61989	0.0125943
4.62013	0.00724933
4.62038	0.0018659
4.62062	0.00067434
4.62087	0.000939604
4.62111	-0.00144155
4.62135	-0.00392993
4.6216	-0.000911361
4.62184	0.00555858
4.62209	0.00626556
4.62233	-0.00128484
4.62258	-0.00710553
4.62282	-0.00275567
4.62307	0.0050617
4.62331	0.00371642
4.62356	-0.00602529
4.6238	-0.0105404
4.62405	-0.00348349
4.62429	0.00538363
4.62453	0.00552694
4.62478	0.000488454
4.62502	0.000214869
4.62527	0.00517588
4.62551	0.00733863
4.62576	0.00392201
4.626	0.000692506
4.62625	0.00150126
4.62649	0.0031739
4.62674	0.00295746
4.62698	0.00324704
4.62723	0.00502532
4.62747	0.00375014
4.62771	-0.00224261
4.62796	-0.0052572
4.6282	0.00162686
4.62845	0.0117309
4.62869	0.0118846
4.62894	0.00133336
4.62918	-0.00674081
4.62943	-0.0041563
4.62967	0.00219395
4.62992	0.00339182
4.63016	0.00169097
4.63041	0.00356536
4.63065	0.00768005
4.63089	0.00875219
4.63114	0.00761797
4.63138	0.00805514
4.63163	0.00803338
4.63187	0.00394966
4.63212	7.1789e-05
4.63236	0.00311178
4.63261	0.00959411
4.63285	0.00983548
4.6331	0.00360033
4.63334	4.68879e-05
4.63358	0.00172799
4.63383	0.00124658
4.63407	-0.00359085
4.63432	-0.00409651
4.63456	0.00432809
4.63481	0.012696
4.63505	0.0112131
4.6353	0.00300661
4.63554	-0.00210863
4.63579	-0.00064687
4.63603	0.00414537
4.63628	0.00852274
4.63652	0.00917265
4.63676	0.00427801
4.63701	-0.00131474
4.63725	0.00078427
4.6375	0.00918147
4.63774	0.011251
4.63799	0.00154614
4.63823	-0.0080601
4.63848	-0.005776
4.63872	0.00194376
4.63897	0.00163056
4.63921	-0.00530113
4.63946	-0.00628285
4.6397	0.000890303
4.63994	0.0053757
4.64019	0.00173795
4.64043	-0.0028524
4.64068	-0.00226235
4.64092	-0.00036855
4.64117	-0.00224506
4.64141	-0.00576154
4.64166	-0.00662954
4.6419	-0.00476441
4.64215	-0.00164305
4.64239	0.00271669
4.64264	0.00680093
4.64288	0.00714778
4.64312	0.00407283
4.64337	0.00267096
4.64361	0.00481206
4.64386	0.00520134
4.6441	-0.000387359
4.64435	-0.00721207
4.64459	-0.00722789
4.64484	-0.00054823
4.64508	0.00414594
4.64533	0.00101418
4.64557	-0.00531263
4.64581	-0.00580425
4.64606	0.00140618
4.6463	0.0088273
4.64655	0.00921586
4.64679	0.00405701
4.64704	6.08128e-05
4.64728	-0.000280903
4.64753	-0.000397206
4.64777	-0.00267752
4.64802	-0.00458654
4.64826	-0.00293661
4.64851	0.00141948
4.64875	0.00461048
4.64899	0.00348643
4.64924	-0.00139564
4.64948	-0.00456202
4.64973	8.78712e-05
4.64997	0.0099422
4.65022	0.0126708
4.65046	0.00162995
4.65071	-0.0116625
4.65095	-0.0109365
4.6512	0.00122669
4.65144	0.00659766
4.65169	-0.00132321
4.65193	-0.00863852
4.65217	-0.00431369
4.65242	0.0037802
4.65266	0.00472627
4.65291	0.00193571
4.65315	0.00290615
4.6534	0.00394431
4.65364	-0.000995302
4.65389	-0.00593483
4.65413	-0.00223424
4.65438	0.00495784
4.65462	0.00466553
4.65487	-0.000881702
4.65511	-0.000317496
4.65535	0.00726425
4.6556	0.011591
4.65584	0.00851595
4.65609	0.00440716
4.65633	0.00360998
4.65658	0.00363033
4.65682	0.00289597
4.65707	0.00274067
4.65731	0.00205758
4.65756	-0.000617818
4.6578	-0.00145263
4.65805	0.00291638
4.65829	0.00708802
4.65853	0.00455736
4.65878	-0.000304714
4.65902	0.000532973
4.65927	0.00391234
4.65951	0.00122498
4.65976	-0.00474527
4.66	-0.003617
4.66025	0.00435961
4.66049	0.00929436
4.66074	0.00921015
4.66098	0.0103599
4.66122	0.0111437
4.66147	0.00367436
4.66171	-0.00769329
4.66196	-0.0082687
4.6622	0.00303099
4.66245	0.00987912
4.66269	0.00383408
4.66294	-0.00430151
4.66318	-0.00482086
4.66343	-0.00313252
4.66367	-0.00496882
4.66392	-0.00438973
4.66416	0.00280433
4.6644	0.00824674
4.66465	0.00494148
4.66489	-0.000391684
4.66514	0.000326826
4.66538	0.00337682
4.66563	0.00277989
4.66587	0.00171872
4.66612	0.00385956
4.66636	0.00417173
4.66661	-0.00066337
4.66685	-0.00298137
4.6671	0.0035955
4.66734	0.0122103
4.66758	0.0139502
4.66783	0.0114955
4.66807	0.0108248
4.66832	0.00917789
4.66856	0.00293122
4.66881	-0.00209666
4.66905	-0.000376818
4.6693	0.00248593
4.66954	0.000824521
4.66979	0.000969213
4.67003	0.00871863
4.67028	0.014826
4.67052	0.00885058
4.67076	-0.00110583
4.67101	0.000207865
4.67125	0.0107785
4.6715	0.0160742
4.67174	0.0130097
4.67199	0.0108243
4.67223	0.0116329
4.67248	0.00894842
4.67272	0.00416643
4.67297	0.00590543
4.67321	0.0125173
4.67345	0.0129257
4.6737	0.00638133
4.67394	0.00426955
4.67419	0.00992953
4.67443	0.0135956
4.67468	0.0109513
4.67492	0.010139
4.67517	0.015368
4.67541	0.0191493
4.67566	0.0168278
4.6759	0.0144353
4.67615	0.0158894
4.67639	0.0162226
4.67663	0.0138917
4.67688	0.0159383
4.67712	0.0236396
4.67737	0.0266814
4.67761	0.0200013
4.67786	0.0135821
4.6781	0.0163644
4.67835	0.0225788
4.67859	0.0236966
4.67884	0.0222694
4.67908	0.0234202
4.67933	0.0237109
4.67957	0.0197853
4.67981	0.0178777
4.68006	0.0230063
4.6803	0.0282566
4.68055	0.0267033
4.68079	0.0243855
4.68104	0.0287366
4.68128	0.0339739
4.68153	0.0324726
4.68177	0.0311317
4.68202	0.039591
4.68226	0.0503641
4.68251	0.0498548
4.68275	0.0433114
4.68299	0.0477343
4.68324	0.0626427
4.68348	0.0701455
4.68373	0.065199
4.68397	0.0634732
4.68422	0.0740549
4.68446	0.0853998
4.68471	0.0868611
4.68495	0.0851924
4.6852	0.088787
4.68544	0.0923765
4.68568	0.0903378
4.68593	0.090817
4.68617	0.102117
4.68642	0.116577
4.68666	0.123022
4.68691	0.125806
4.68715	0.135824
4.6874	0.149871
4.68764	0.155397
4.68789	0.151617
4.68813	0.150028
4.68838	0.155854
4.68862	0.163905
4.68886	0.172682
4.68911	0.188307
4.68935	0.212624
4.6896	0.240171
4.68984	0.270121
4.69009	0.310427
4.69033	0.36787
4.69058	0.44583
4.69082	0.554912
4.69107	0.709528
4.69131	0.899883
4.69156	1.07396
4.6918	1.164
4.69204	1.13936
4.69229	1.03258
4.69253	0.912144
4.69278	0.830075
4.69302	0.795999
4.69327	0.798768
4.69351	0.841617
4.69376	0.93948
4.694	1.07723
4.69425	1.18878
4.69449	1.20038
4.69474	1.09644
4.69498	0.929827
4.69522	0.766885
4.69547	0.636531
4.69571	0.533657
4.69596	0.449699
4.6962	0.383179
4.69645	0.330805
4.69669	0.286421
4.69694	0.248792
4.69718	0.22019
4.69743	0.197913
4.69767	0.175588
4.69791	0.152381
4.69816	0.133439
4.6984	0.121217
4.69865	0.112821
4.69889	0.105967
4.69914	0.101223
4.69938	0.0974424
4.69963	0.0908794
4.69987	0.0809622
4.70012	0.0725759
4.70036	0.0700822
4.70061	0.0719066
4.70085	0.0732442
4.70109	0.0720185
4.70134	0.0698521
4.70158	0.068151
4.70183	0.065618
4.70207	0.0604835
4.70232	0.0539774
4.70256	0.0497276
4.70281	0.049344
4.70305	0.050426
4.7033	0.0501818
4.70354	0.0490671
4.70379	0.0487911
4.70403	0.0488168
4.70427	0.0478567
4.70452	0.0469982
4.70476	0.0475706
4.70501	0.0475187
4.70525	0.0442506
4.7055	0.0396565
4.70574	0.0373567
4.70599	0.0364064
4.70623	0.0336277
4.70648	0.0309459
4.70672	0.0331967
4.70697	0.0388393
4.70721	0.0407673
4.70745	0.0373845
4.7077	0.0347226
4.70794	0.0358645
4.70819	0.0368525
4.70843	0.0357717
4.70868	0.0366476
4.70892	0.0400986
4.70917	0.0393805
4.70941	0.0317217
4.70966	0.0250186
4.7099	0.0258985
4.71014	0.0286536
4.71039	0.0245915
4.71063	0.0163169
4.71088	0.0134018
4.71112	0.0178733
4.71137	0.022916
4.71161	0.0236069
4.71186	0.0212747
4.7121	0.0188204
4.71235	0.0179611
4.71259	0.0195191
4.71284	0.0217391
4.71308	0.0209812
4.71332	0.0178741
4.71357	0.0181095
4.71381	0.0228498
4.71406	0.0248307
4.7143	0.0199361
4.71455	0.0152042
4.71479	0.0171783
4.71504	0.0198993
4.71528	0.0152251
4.71553	0.0084082
4.71577	0.0102041
4.71602	0.0179302
4.71626	0.0191399
4.7165	0.0124516
4.71675	0.00939578
4.71699	0.014352
4.71724	0.0176654
4.71748	0.0127851
4.71773	0.00662189
4.71797	0.00660055
4.71822	0.00917335
4.71846	0.00883198
4.71871	0.00859906
4.71895	0.012606
4.7192	0.0159341
4.71944	0.0115991
4.71968	0.0028524
4.71993	-0.000765297
4.72017	0.00290215
4.72042	0.00702843
4.72066	0.00684228
4.72091	0.00495097
4.72115	0.00507179
4.7214	0.00658593
4.72164	0.00766268
4.72189	0.0095798
4.72213	0.0143069
4.72237	0.0193227
4.72262	0.0187181
4.72286	0.0109708
4.72311	0.00299442
4.72335	0.00279855
4.7236	0.00887837
4.72384	0.0117919
4.72409	0.0073128
4.72433	0.00203673
4.72458	0.00255627
4.72482	0.00553304
4.72507	0.00480044
4.72531	0.00266753
4.72555	0.00518385
4.7258	0.00978378
4.72604	0.00846997
4.72629	0.00244798
4.72653	0.00214708
4.72678	0.0105778
4.72702	0.0174911
4.72727	0.0145249
4.72751	0.00660198
4.72776	0.0022881
4.728	0.00125511
4.72825	-0.00105381
4.72849	-0.00308734
4.72873	-0.000621363
4.72898	0.00378122
4.72922	0.00403654
4.72947	0.00112226
4.72971	0.00147559
4.72996	0.00531843
4.7302	0.00551481
4.73045	-0.00026643
4.73069	-0.0045202
4.73094	-0.000951049
4.73118	0.00601205
4.73143	0.00823019
4.73167	0.00575392
4.73191	0.00516284
4.73216	0.0084523
4.7324	0.0106461
4.73265	0.00849268
4.73289	0.00491182
4.73314	0.00288619
4.73338	0.000844676
4.73363	-0.00251924
4.73387	-0.0040291
4.73412	-0.00131471
4.73436	0.00186478
4.73461	0.00118348
4.73485	-0.000809107
4.73509	0.000644334
4.73534	0.00323339
4.73558	0.00111507
4.73583	-0.00361268
4.73607	-0.00235549
4.73632	0.00606666
4.73656	0.0122607
4.73681	0.00998036
4.73705	0.0042894
4.7373	0.001991
4.73754	0.00232418
4.73778	0.00238817
4.73803	0.00375581
4.73827	0.0071943
4.73852	0.00805172
4.73876	0.00414245
4.73901	0.00154765
4.73925	0.00478086
4.7395	0.00791362
4.73974	0.00451721
4.73999	-8.73022e-05
4.74023	0.0024967
4.74048	0.00819132
4.74072	0.00631797
4.74096	-0.00221304
4.74121	-0.00629276
4.74145	-0.00315209
4.7417	-0.00128601
4.74194	-0.00352522
4.74219	-0.00192305
4.74243	0.00589714
4.74268	0.00922341
4.74292	0.000999818
4.74317	-0.00930874
4.74341	-0.00939753
4.74366	-0.00192677
4.7439	0.00208948
4.74414	0.00103631
4.74439	0.00184954
4.74463	0.00515164
4.74488	0.00402431
4.74512	-0.00228697
4.74537	-0.00509386
4.74561	8.00012e-06
4.74586	0.00573907
4.7461	0.00458606
4.74635	-8.87706e-06
4.74659	-0.000583368
4.74684	0.00203689
4.74708	0.00156131
4.74732	-0.00196257
4.74757	-0.00228504
4.74781	0.00170623
4.74806	0.00390472
4.7483	0.00199301
4.74855	0.00163397
4.74879	0.00567142
4.74904	0.00753616
4.74928	0.00186214
4.74953	-0.00535417
4.74977	-0.00526051
4.75001	0.000641641
4.75026	0.00456315
4.7505	0.0048902
4.75075	0.0046025
4.75099	0.00153885
4.75124	-0.0075309
4.75148	-0.015489
4.75173	-0.0112747
4.75197	0.00203116
4.75222	0.00930652
4.75246	0.00528005
4.75271	3.26084e-05
4.75295	-0.000339932
4.75319	-0.00246971
4.75344	-0.00892413
4.75368	-0.00926903
4.75393	0.00154378
4.75417	0.0104311
4.75442	0.00522864
4.75466	-0.00526985
4.75491	-0.00515351
4.75515	0.00407948
4.7554	0.00880283
4.75564	0.00646597
4.75589	0.0068399
4.75613	0.0130424
4.75637	0.0167969
4.75662	0.0127701
4.75686	0.0053022
4.75711	6.68527e-05
4.75735	-0.00150845
4.7576	9.00894e-05
4.75784	0.00237458
4.75809	0.000512068
4.75833	-0.00540039
4.75858	-0.00681299
4.75882	0.00104694
4.75907	0.00903137
4.75931	0.00678201
4.75955	-0.00022196
4.7598	0.000599293
4.76004	0.00777101
4.76029	0.00837891
4.76053	-0.000304873
4.76078	-0.00735873
4.76102	-0.00664823
4.76127	-0.00387923
4.76151	-0.00331489
4.76176	-0.00147438
4.762	0.00256098
4.76224	0.00328415
4.76249	-0.000496057
4.76273	-0.00219238
4.76298	0.00104884
4.76322	0.00353454
4.76347	0.00182606
4.76371	0.00068499
4.76396	0.0036578
4.7642	0.00639179
4.76445	0.00431983
4.76469	-1.29288e-05
4.76494	-0.00169675
4.76518	-6.91553e-05
4.76542	0.0024528
4.76567	0.00364393
4.76591	0.00229757
4.76616	-4.93642e-05
4.7664	0.000933808
4.76665	0.00590635
4.76689	0.0082938
4.76714	0.00365647
4.76738	-0.00159593
4.76763	0.00044427
4.76787	0.00572361
4.76812	0.00509981
4.76836	0.000386365
4.7686	0.000273109
4.76885	0.00351364
4.76909	0.00152249
4.76934	-0.00376022
4.76958	-0.00158314
4.76983	0.00713714
4.77007	0.00885557
4.77032	0.000471561
4.77056	-0.00448226
4.77081	0.0010874
4.77105	0.00577151
4.7713	-0.00040521
4.77154	-0.00947235
4.77178	-0.00997698
4.77203	-0.0049457
4.77227	-0.00339191
4.77252	-0.00440502
4.77276	-0.00202331
4.77301	0.00203638
4.77325	0.00226856
4.7735	0.000157414
4.77374	0.000712969
4.77399	0.0028154
4.77423	0.00190919
4.77447	-0.0015373
4.77472	-0.00376523
4.77496	-0.00430912
4.77521	-0.00474569
4.77545	-0.00469916
4.7757	-0.00414162
4.77594	-0.00522658
4.77619	-0.00738216
4.77643	-0.00573287
4.77668	0.00116356
4.77692	0.00732203
4.77717	0.00731374
4.77741	0.00297839
4.77765	-0.00127788
4.7779	-0.00396294
4.77814	-0.00421483
4.77839	-0.00088735
4.77863	0.00285771
4.77888	0.00136021
4.77912	-0.00403413
4.77937	-0.00537258
4.77961	-0.000936348
4.77986	0.00189472
4.7801	0.000275969
4.78035	0.00112192
4.78059	0.00698679
4.78083	0.0087148
4.78108	0.000775211
4.78132	-0.00706059
4.78157	-0.00409133
4.78181	0.00436035
4.78206	0.00618496
4.7823	0.0014096
4.78255	-0.000794009
4.78279	0.00101006
4.78304	-0.000254499
4.78328	-0.00609158
4.78353	-0.00957086
4.78377	-0.00708851
4.78401	-0.0033187
4.78426	-0.00259854
4.7845	-0.00266327
4.78475	0.000586782
4.78499	0.0067277
4.78524	0.0114148
4.78548	0.0112291
4.78573	0.00696791
4.78597	0.00246465
4.78622	-0.000108901
4.78646	-0.00227981
4.7867	-0.00464767
4.78695	-0.00367635
4.78719	0.00174432
4.78744	0.00452899
4.78768	-0.00124369
4.78793	-0.00851395
4.78817	-0.00641072
4.78842	0.000726397
4.78866	-0.00155464
4.78891	-0.0127998
4.78915	-0.015227
4.7894	-0.00167533
4.78964	0.0118342
4.78988	0.0109322
4.79013	0.0035861
4.79037	0.00326317
4.79062	0.00664443
4.79086	0.00404039
4.79111	-0.000523462
4.79135	0.00219655
4.7916	0.00726987
4.79184	0.00362338
4.79209	-0.0047994
4.79233	-0.00499956
4.79258	0.00187051
4.79282	0.00257869
4.79306	-0.00432045
4.79331	-0.00619768
4.79355	0.000358039
4.7938	0.00295166
4.79404	-0.00462171
4.79429	-0.0109023
4.79453	-0.00574703
4.79478	0.00312002
4.79502	0.00295227
4.79527	-0.00477072
4.79551	-0.00882427
4.79576	-0.00533701
4.796	-0.000101585
4.79624	0.00230808
4.79649	0.00238997
4.79673	0.00046741
4.79698	-0.00401432
4.79722	-0.00765344
4.79747	-0.00482679
4.79771	0.00350058
4.79796	0.00838893
4.7982	0.0041414
4.79845	-0.00324201
4.79869	-0.0041668
4.79893	0.000542121
4.79918	0.00115604
4.79942	-0.00510598
4.79967	-0.00870256
4.79991	-0.00285163
4.80016	0.00456108
4.8004	0.00268759
4.80065	-0.00515513
4.80089	-0.00732949
4.80114	-0.00278567
4.80138	-0.00099183
4.80163	-0.00443506
4.80187	-0.00547069
4.80211	-0.0018815
4.80236	-0.00089105
4.8026	-0.00407571
4.80285	-0.00312276
4.80309	0.00357074
4.80334	0.00500583
4.80358	-0.00347089
4.80383	-0.00970687
4.80407	-0.00405345
4.80432	0.0039301
4.80456	0.00101009
4.80481	-0.00851189
4.80505	-0.0113205
4.80529	-0.0060047
4.80554	-0.00102074
4.80578	0.00104857
4.80603	0.00279289
4.80627	0.00161229
4.80652	-0.00544592
4.80676	-0.0114606
4.80701	-0.00838669
4.80725	-0.00149435
4.8075	-0.000988663
4.80774	-0.00404083
4.80799	-0.000606279
4.80823	0.00693626
4.80847	0.00703925
4.80872	-0.000209993
4.80896	-0.00319216
4.80921	0.00039074
4.80945	0.000512612
4.8097	-0.00548204
4.80994	-0.00785573
4.81019	-0.00312186
4.81043	-0.000589127
4.81068	-0.00428656
4.81092	-0.00456606
4.81116	0.00411613
4.81141	0.011676
4.81165	0.00843047
4.8119	0.000208219
4.81214	-0.00298628
4.81239	-0.00257295
4.81263	-0.00474681
4.81288	-0.00751724
4.81312	-0.00593337
4.81337	-0.00277963
4.81361	-0.00260884
4.81386	-0.00143448
4.8141	0.00587162
4.81434	0.0131764
4.81459	0.0107496
4.81483	0.00198565
4.81508	-0.000639442
4.81532	0.00478706
4.81557	0.00720872
4.81581	0.00121551
4.81606	-0.00483099
4.8163	-0.00353491
4.81655	0.00039863
4.81679	0.000775974
4.81704	0.0016599
4.81728	0.00857852
4.81752	0.015043
4.81777	0.0101587
4.81801	-0.00290539
4.81826	-0.00862828
4.8185	-0.000808047
4.81875	0.00899671
4.81899	0.00915144
4.81924	0.00353547
4.81948	0.0018205
4.81973	0.00306948
4.81997	0.000142207
4.82022	-0.00490044
4.82046	-0.0028702
4.8207	0.00613258
4.82095	0.011076
4.82119	0.00690738
4.82144	0.00150447
4.82168	0.00158098
4.82193	0.00250478
4.82217	-0.00133542
4.82242	-0.00555714
4.82266	-0.00378281
4.82291	0.000507488
4.82315	-0.000305615
4.8234	-0.0051246
4.82364	-0.00646057
4.82388	-0.00273602
4.82413	0.000789045
4.82437	0.00190578
4.82462	0.00350766
4.82486	0.00560812
4.82511	0.00340979
4.82535	-0.00439877
4.8256	-0.0113428
4.82584	-0.0104452
4.82609	-0.00294774
4.82633	0.00258028
4.82657	-0.000710714
4.82682	-0.010058
4.82706	-0.0147821
4.82731	-0.00801651
4.82755	0.00372176
4.8278	0.00722437
4.82804	-0.000520255
4.82829	-0.00853257
4.82853	-0.00751323
4.82878	-0.00175857
4.82902	-4.8902e-05
4.82927	-0.00194171
4.82951	-0.0012452
4.82975	0.00218513
4.83	0.00352829
4.83024	0.00273749
4.83049	0.00369719
4.83073	0.0051739
4.83098	0.00191852
4.83122	-0.00526501
4.83147	-0.00931553
4.83171	-0.00783677
4.83196	-0.00612609
4.8322	-0.00737002
4.83245	-0.00741592
4.83269	-0.0027215
4.83293	0.00278574
4.83318	0.00327662
4.83342	-0.000604238
4.83367	-0.00329862
4.83391	-0.00213877
4.83416	-1.206e-05
4.8344	-0.000810272
4.83465	-0.00455498
4.83489	-0.00757316
4.83514	-0.00695597
4.83538	-0.00408194
4.83563	-0.00270199
4.83587	-0.00378697
4.83611	-0.00432254
4.83636	-0.00183789
4.8366	0.0021064
4.83685	0.00408667
4.83709	0.00253581
4.83734	-0.00145435
4.83758	-0.00506067
4.83783	-0.00526329
4.83807	-0.00184729
4.83832	0.00149756
4.83856	0.00190364
4.8388	0.00145805
4.83905	0.00234672
4.83929	0.000837389
4.83954	-0.00657814
4.83978	-0.0136351
4.84003	-0.0113219
4.84027	-0.00363444
4.84052	-0.00353724
4.84076	-0.0117114
4.84101	-0.0142348
4.84125	-0.00613072
4.8415	-0.000852445
4.84174	-0.00727908
4.84198	-0.0134907
4.84223	-0.00698098
4.84247	0.00330924
4.84272	0.00228667
4.84296	-0.00536886
4.84321	-0.00428227
4.84345	0.00447396
4.8437	0.0064801
4.84394	4.74651e-05
4.84419	-0.00247404
4.84443	0.00117809
4.84468	-0.000643429
4.84492	-0.0100915
4.84516	-0.0131346
4.84541	-0.00310895
4.84565	0.00690067
4.8459	0.00437843
4.84614	-0.00468925
4.84639	-0.00821245
4.84663	-0.00604259
4.84688	-0.00492893
4.84712	-0.00514981
4.84737	-0.00309622
4.84761	-0.000471663
4.84786	-0.0011932
4.8481	-0.0037054
4.84834	-0.00410129
4.84859	-0.00291233
4.84883	-0.00248571
4.84908	-0.00165101
4.84932	0.00117995
4.84957	0.00327647
4.84981	0.00128204
4.85006	-0.00328437
4.8503	-0.00642882
4.85055	-0.00683294
4.85079	-0.00559679
4.85103	-0.00401264
4.85128	-0.00389556
4.85152	-0.00647323
4.85177	-0.00921009
4.85201	-0.00797276
4.85226	-0.00358261
4.8525	-0.00109577
4.85275	-0.00156737
4.85299	-0.000973754
4.85324	0.00121044
4.85348	0.000186537
4.85373	-0.00445455
4.85397	-0.00551885
4.85421	0.000426544
4.85446	0.00621552
4.8547	0.00486702
4.85495	0.00022827
4.85519	-0.000738017
4.85544	-0.000375465
4.85568	-0.00561484
4.85593	-0.0141758
4.85617	-0.0157093
4.85642	-0.00706999
4.85666	0.00223211
4.85691	0.00279335
4.85715	-0.00274478
4.85739	-0.00496493
4.85764	-0.00127171
4.85788	0.00136666
4.85813	-0.00262262
4.85837	-0.00871788
4.85862	-0.0083679
4.85886	-0.00145779
4.85911	0.00310467
4.85935	0.000185692
4.8596	-0.00442017
4.85984	-0.00343975
4.86009	0.000925678
4.86033	0.00184807
4.86057	-0.000404395
4.86082	0.000430196
4.86106	0.00553565
4.86131	0.00902496
4.86155	0.00696587
4.8618	0.00159555
4.86204	-0.00350038
4.86229	-0.00612511
4.86253	-0.00411978
4.86278	0.00181982
4.86302	0.00490717
4.86326	-0.000277945
4.86351	-0.00787913
4.86375	-0.00730909
4.864	0.000544267
4.86424	0.00405012
4.86449	-0.0010413
4.86473	-0.00562491
4.86498	-0.00272113
4.86522	0.00227237
4.86547	0.00209138
4.86571	-0.00169431
4.86596	-0.00466675
4.8662	-0.00711201
4.86644	-0.00901606
4.86669	-0.00624864
4.86693	0.00106629
4.86718	0.00466175
4.86742	0.000374666
4.86767	-0.00372118
4.86791	2.47623e-05
4.86816	0.00593721
4.8684	0.00485259
4.86865	-7.66158e-05
4.86889	0.000791911
4.86914	0.00657758
4.86938	0.0071096
4.86962	-0.000563854
4.86987	-0.00823165
4.87011	-0.00929075
4.87036	-0.00604677
4.8706	-0.00336557
4.87085	-0.00273296
4.87109	-0.0034629
4.87134	-0.00372966
4.87158	-0.00077348
4.87183	0.00443781
4.87207	0.0049671
4.87232	-0.00287607
4.87256	-0.0109254
4.8728	-0.00861114
4.87305	0.000843821
4.87329	0.00407621
4.87354	-0.00253202
4.87378	-0.00786135
4.87403	-0.00370235
4.87427	0.00331688
4.87452	0.00307937
4.87476	-0.00330485
4.87501	-0.00733972
4.87525	-0.00591688
4.87549	-0.00276826
4.87574	-0.000401764
4.87598	0.00236226
4.87623	0.0056449
4.87647	0.00682039
4.87672	0.00446741
4.87696	0.000804336
4.87721	-0.000936494
4.87745	-0.000185835
4.8777	0.000644824
4.87794	-0.000619213
4.87819	-0.00273257
4.87843	-0.00222866
4.87867	0.00149344
4.87892	0.0043101
4.87916	0.00266136
4.87941	-0.0013116
4.87965	-0.00304172
4.8799	-0.00211064
4.88014	-0.00148023
4.88039	-0.00152859
4.88063	0.000130456
4.88088	0.00313444
4.88112	0.00386382
4.88137	0.00115767
4.88161	-0.00208925
4.88185	-0.00384299
4.8821	-0.00490874
4.88234	-0.00523149
4.88259	-0.003239
4.88283	-0.000153215
4.88308	9.22228e-05
4.88332	-0.00301854
4.88357	-0.00547356
4.88381	-0.00542205
4.88406	-0.00543657
4.8843	-0.00597503
4.88455	-0.00305516
4.88479	0.00379288
4.88503	0.00755984
4.88528	0.00312314
4.88552	-0.00453939
4.88577	-0.00740947
4.88601	-0.00530741
4.88626	-0.00331898
4.8865	-0.00225652
4.88675	0.000781886
4.88699	0.0046573
4.88724	0.0047925
4.88748	0.00103047
4.88772	-0.00174185
4.88797	-0.000914007
4.88821	0.00148166
4.88846	0.00343607
4.8887	0.00458994
4.88895	0.00372292
4.88919	3.91546e-05
4.88944	-0.00372923
4.88968	-0.00489537
4.88993	-0.00590022
4.89017	-0.00940891
4.89042	-0.0106504
4.89066	-0.00357815
4.8909	0.00651788
4.89115	0.007588
4.89139	-0.00073481
4.89164	-0.00517746
4.89188	0.000912091
4.89213	0.00757789
4.89237	0.00518259
4.89262	-0.000565382
4.89286	-0.000429375
4.89311	0.0016706
4.89335	-0.00324237
4.8936	-0.0113292
4.89384	-0.0107037
4.89408	-0.00112201
4.89433	0.00522659
4.89457	0.00262833
4.89482	-0.00144721
4.89506	-0.00070337
4.89531	0.000829702
4.89555	-0.00159573
4.8958	-0.0045369
4.89604	-0.00299073
4.89629	0.00108084
4.89653	0.00260065
4.89678	0.00101447
4.89702	-0.000519298
4.89726	-6.58021e-05
4.89751	0.00215722
4.89775	0.00466926
4.898	0.00483161
4.89824	0.00169156
4.89849	-0.000561427
4.89873	0.00302188
4.89898	0.00952585
4.89922	0.0101597
4.89947	0.00280011
4.89971	-0.00409623
4.89996	-0.00323837
4.9002	0.00221797
4.90044	0.00507497
4.90069	0.00380806
4.90093	0.00120712
4.90118	-0.00133793
4.90142	-0.00299723
4.90167	-0.00156393
4.90191	0.00237545
4.90216	0.00355085
4.9024	-0.000286247
4.90265	-0.00290286
4.90289	0.00202553
4.90313	0.010544
4.90338	0.0133172
4.90362	0.00857739
4.90387	0.00314327
4.90411	0.00171355
4.90436	0.0022978
4.9046	0.00251172
4.90485	0.00354321
4.90509	0.0058518
4.90534	0.0064681
4.90558	0.00370601
4.90583	0.000956866
4.90607	0.00249426
4.90631	0.00736768
4.90656	0.0102736
4.9068	0.00803844
4.90705	0.00338749
4.90729	0.00185975
4.90754	0.00572984
4.90778	0.0116962
4.90803	0.0147174
4.90827	0.0133701
4.90852	0.0106339
4.90876	0.0101757
4.90901	0.0132061
4.90925	0.0182985
4.90949	0.0224628
4.90974	0.0228749
4.90998	0.0195131
4.91023	0.0157567
4.91047	0.0146782
4.91072	0.0156521
4.91096	0.0163339
4.91121	0.016018
4.91145	0.0145734
4.9117	0.0110516
4.91194	0.00723909
4.91219	0.00889895
4.91243	0.0174535
4.91267	0.0238665
4.91292	0.0189937
4.91316	0.00780314
4.91341	0.00362601
4.91365	0.00924534
4.9139	0.0146959
4.91414	0.0142872
4.91439	0.0132514
4.91463	0.0147852
4.91488	0.0140356
4.91512	0.0105305
4.91536	0.013057
4.91561	0.0237951
4.91585	0.0302591
4.9161	0.0237878
4.91634	0.0145613
4.91659	0.0154361
4.91683	0.0210784
4.91708	0.0184827
4.91732	0.0102198
4.91757	0.00965549
4.91781	0.0173481
4.91806	0.0204015
4.9183	0.0147275
4.91854	0.0106502
4.91879	0.0140234
4.91903	0.0176212
4.91928	0.0159806
4.91952	0.0148887
4.91977	0.01967
4.92001	0.0254273
4.92026	0.0259263
4.9205	0.0231353
4.92075	0.0214011
4.92099	0.0198317
4.92124	0.0165831
4.92148	0.0140482
4.92172	0.014155
4.92197	0.0143712
4.92221	0.0132315
4.92246	0.0139276
4.9227	0.0176604
4.92295	0.0193987
4.92319	0.0155298
4.92344	0.01047
4.92368	0.0103438
4.92393	0.0146291
4.92417	0.0189892
4.92442	0.0218769
4.92466	0.0232992
4.9249	0.0214546
4.92515	0.0162101
4.92539	0.0123658
4.92564	0.0138514
4.92588	0.0175401
4.92613	0.0181179
4.92637	0.0162832
4.92662	0.0163107
4.92686	0.017626
4.92711	0.0154625
4.92735	0.00969862
4.92759	0.006764
4.92784	0.0107438
4.92808	0.0169186
4.92833	0.0172296
4.92857	0.010318
4.92882	0.0034116
4.92906	0.00413131
4.92931	0.0120148
4.92955	0.0193535
4.9298	0.0199396
4.93004	0.0149919
4.93029	0.00974348
4.93053	0.006847
4.93077	0.00577119
4.93102	0.0064745
4.93126	0.00942155
4.93151	0.0125354
4.93175	0.0124711
4.932	0.00943956
4.93224	0.00714652
4.93249	0.00735304
4.93273	0.0080445
4.93298	0.00756529
4.93322	0.00694365
4.93347	0.00723274
4.93371	0.00793467
4.93395	0.00873689
4.9342	0.00945834
4.93444	0.00822929
4.93469	0.00406776
4.93493	0.0013353
4.93518	0.00588067
4.93542	0.0153106
4.93567	0.0194321
4.93591	0.0136149
4.93616	0.00583343
4.9364	0.00570897
4.93665	0.0115913
4.93689	0.0145744
4.93713	0.0117246
4.93738	0.00809123
4.93762	0.00686905
4.93787	0.00501633
4.93811	0.000321383
4.93836	-0.00298785
4.9386	0.000464927
4.93885	0.00894023
4.93909	0.0143598
4.93934	0.0114376
4.93958	0.00394316
4.93982	0.000701753
4.94007	0.00584961
4.94031	0.0144804
4.94056	0.0187074
4.9408	0.0165297
4.94105	0.012464
4.94129	0.0102316
4.94154	0.00851529
4.94178	0.00520992
4.94203	0.0022473
4.94227	0.00281023
4.94252	0.00565066
4.94276	0.00631164
4.943	0.00402343
4.94325	0.00340312
4.94349	0.00742251
4.94374	0.0118438
4.94398	0.0102621
4.94423	0.00336574
4.94447	-0.00125643
4.94472	0.000713149
4.94496	0.0047948
4.94521	0.00491372
4.94545	0.00195584
4.9457	0.000698753
4.94594	0.00160493
4.94618	0.00188076
4.94643	0.00247037
4.94667	0.00609991
4.94692	0.00899909
4.94716	0.00416265
4.94741	-0.00529465
4.94765	-0.0066301
4.9479	0.00371585
4.94814	0.0123065
4.94839	0.00780116
4.94863	-0.00172703
4.94888	-0.00171362
4.94912	0.00640957
4.94936	0.0096754
4.94961	0.00578749
4.94985	0.00483859
4.9501	0.00941702
4.95034	0.00948543
4.95059	0.000985504
4.95083	-0.00522158
4.95108	-0.000173305
4.95132	0.00934377
4.95157	0.0124113
4.95181	0.00995069
4.95205	0.00948602
4.9523	0.0110408
4.95254	0.00860086
4.95279	0.00188027
4.95303	-0.00248482
4.95328	-0.000120864
4.95352	0.00699971
4.95377	0.0139884
4.95401	0.015821
4.95426	0.009635
4.9545	-0.000673752
4.95475	-0.00532747
4.95499	0.000372806
4.95523	0.00895384
4.95548	0.0103074
4.95572	0.00509962
4.95597	0.00186272
4.95621	0.0032604
4.95646	0.00356726
4.9567	-0.000130144
4.95695	-0.00236679
4.95719	0.00211573
4.95744	0.00974548
4.95768	0.0121447
4.95793	0.00642516
4.95817	-0.00152672
4.95841	-0.00367857
4.95866	0.00142083
4.9589	0.0070052
4.95915	0.00582521
4.95939	-0.00101903
4.95964	-0.00542663
4.95988	-0.00274236
4.96013	0.00290644
4.96037	0.00527458
4.96062	0.00367562
4.96086	0.00103297
4.96111	-0.00125657
4.96135	-0.00216331
4.96159	0.00112592
4.96184	0.00843584
4.96208	0.0129579
4.96233	0.00912029
4.96257	0.00200343
4.96282	0.0015693
4.96306	0.00844248
4.96331	0.0132326
4.96355	0.0103482
4.9638	0.0043176
4.96404	0.000425217
4.96428	-0.00260533
4.96453	-0.00638298
4.96477	-0.00684258
4.96502	-0.00113683
4.96526	0.00457776
4.96551	0.00202348
4.96575	-0.00663168
4.966	-0.0103852
4.96624	-0.00369831
4.96649	0.00686492
4.96673	0.0117209
4.96698	0.00911786
4.96722	0.00451537
4.96746	0.00276218
4.96771	0.00407985
4.96795	0.00599708
4.9682	0.00622811
4.96844	0.00395047
4.96869	0.000300126
4.96893	-0.00218768
4.96918	-0.00179887
4.96942	0.000623156
4.96967	0.00292543
4.96991	0.00424199
4.97016	0.00526499
4.9704	0.00632869
4.97064	0.00687238
4.97089	0.00686134
4.97113	0.00683312
4.97138	0.00600361
4.97162	0.00268401
4.97187	-0.00204141
4.97211	-0.0037338
4.97236	-0.000412328
4.9726	0.00336889
4.97285	0.00233891
4.97309	-0.00115113
4.97334	-0.000194058
4.97358	0.00531373
4.97382	0.00719991
4.97407	0.00145596
4.97431	-0.0047119
4.97456	-0.00354735
4.9748	0.00127434
4.97505	0.000915252
4.97529	-0.00425684
4.97554	-0.00603241
4.97578	-0.00286207
4.97603	-0.00239682
4.97627	-0.0074138
4.97652	-0.0096575
4.97676	-0.00332074
4.977	0.00422047
4.97725	0.00339474
4.97749	-0.00238389
4.97774	-0.00263483
4.97798	0.00290287
4.97823	0.00417268
4.97847	-0.00243057
4.97872	-0.00833268
4.97896	-0.00646428
4.97921	-0.00091935
4.97945	0.00170744
4.97969	0.0021761
4.97994	0.00346561
4.98018	0.00292411
4.98043	-0.00236871
4.98067	-0.00728806
4.98092	-0.00473338
4.98116	0.00257445
4.98141	0.00537423
4.98165	0.00212731
4.9819	0.000825295
4.98214	0.00536167
4.98239	0.00908436
4.98263	0.00567868
4.98287	-0.00105578
4.98312	-0.00379089
4.98336	-0.00256763
4.98361	-0.00282575
4.98385	-0.00587633
4.9841	-0.0076814
4.98434	-0.00572986
4.98459	-0.00165403
4.98483	0.00258657
4.98508	0.00629939
4.98532	0.00769049
4.98557	0.00445565
4.98581	-0.00201671
4.98605	-0.00663353
4.9863	-0.00641441
4.98654	-0.00359452
4.98679	-0.00149934
4.98703	-0.000156256
4.98728	0.00180168
4.98752	0.00330037
4.98777	0.00219206
4.98801	-0.00057072
4.98826	-0.00160436
4.9885	-0.000317419
4.98875	-2.50482e-05
4.98899	-0.00230771
4.98923	-0.00347312
4.98948	3.27211e-05
4.98972	0.00480143
4.98997	0.004026
4.99021	-0.00215301
4.99046	-0.00539561
4.9907	-0.000659
4.99095	0.00603815
4.99119	0.00586076
4.99144	-0.000488403
4.99168	-0.00458728
4.99192	-0.00258306
4.99217	0.00106715
4.99241	0.00222754
4.99266	0.00255122
4.9929	0.00392915
4.99315	0.00350808
4.99339	-0.00136621
4.99364	-0.00715096
4.99388	-0.00786828
4.99413	-0.00310521
4.99437	0.00173359
4.99462	0.00237967
4.99486	-0.000218321
4.9951	-0.00253101
4.99535	-0.00264066
4.99559	-0.00143395
4.99584	-0.000925827
4.99608	-0.00186844
4.99633	-0.00309719
4.99657	-0.00358675
4.99682	-0.00425505
4.99706	-0.00620997
4.99731	-0.00826092
4.99755	-0.008654
4.9978	-0.00820248
4.99804	-0.00833503
4.99828	-0.00718694
4.99853	-0.00244276
4.99877	0.00249691
4.99902	0.00155939
4.99926	-0.00384988
4.99951	-0.0049823
4.99975	0.00103849
5.0	0.00552145
5.00024	0.000796243
5.00049	-0.00812597
5.00073	-0.0112714
5.00098	-0.00776116
5.00122	-0.00420405
5.00146	-0.0029484
5.00171	-0.000952922
5.00195	0.00147763
5.0022	0.000138302
5.00244	-0.00448601
5.00269	-0.0063787
5.00293	-0.0035238
5.00318	-0.00114937
5.00342	-0.00302592
5.00367	-0.00582725
5.00391	-0.00525774
5.00415	-0.00251762
5.0044	-0.00110768
5.00464	-0.00117113
5.00489	-0.000470019
5.00513	0.00170163
5.00538	0.00417471
5.00562	0.00541593
5.00587	0.00407006
5.00611	0.00036956
5.00636	-0.00258354
5.0066	-0.00226127
5.00685	-0.00147276
5.00709	-0.00496845
5.00733	-0.0106774
5.00758	-0.0105881
5.00782	-0.002894
5.00807	0.00326701
5.00831	-6.05193e-05
5.00856	-0.00833152
5.0088	-0.0115259
5.00905	-0.008228
5.00929	-0.00515513
5.00954	-0.00505449
5.00978	-0.00356242
5.01003	0.00140945
5.01027	0.00491762
5.01051	0.00244767
5.01076	-0.00347876
5.011	-0.00749981
5.01125	-0.00810253
5.01149	-0.00696218
5.01174	-0.00506707
5.01198	-0.00294027
5.01223	-0.00212235
5.01247	-0.00312176
5.01272	-0.00391728
5.01296	-0.00345759
5.01321	-0.00423476
5.01345	-0.00774211
5.01369	-0.00975392
5.01394	-0.00529945
5.01418	0.00254151
5.01443	0.00473942
5.01467	-0.00139311
5.01492	-0.00740674
5.01516	-0.00458996
5.01541	0.00410688
5.01565	0.00766842
5.0159	0.00117736
5.01614	-0.00819772
5.01638	-0.0103047
5.01663	-0.00388498
5.01687	0.00299723
5.01712	0.00314139
5.01736	-0.00209045
5.01761	-0.00622898
5.01785	-0.00639781
5.0181	-0.00530689
5.01834	-0.00521863
5.01859	-0.00450028
5.01883	-0.00207873
5.01908	-0.000873095
5.01932	-0.00293778
5.01956	-0.00480807
5.01981	-0.00273853
5.02005	0.000462668
5.0203	-3.64215e-05
5.02054	-0.00244077
5.02079	-0.00181732
5.02103	-0.000122499
5.02128	-0.00315243
5.02152	-0.0080928
5.02177	-0.00557217
5.02201	0.00390797
5.02226	0.00791088
5.0225	0.0010368
5.02274	-0.00642871
5.02299	-0.00567538
5.02323	-0.00260889
5.02348	-0.00439593
5.02372	-0.00518586
5.02397	0.00168619
5.02421	0.0079748
5.02446	0.0029855
5.0247	-0.00626078
5.02495	-0.00499314
5.02519	0.0045482
5.02544	0.00711407
5.02568	0.000319818
5.02592	-0.00340568
5.02617	-0.000715675
5.02641	-0.00239792
5.02666	-0.0108088
5.0269	-0.012604
5.02715	-0.00171127
5.02739	0.008466
5.02764	0.00584448
5.02788	-0.00263734
5.02813	-0.00502397
5.02837	-0.00260209
5.02861	-0.00239209
5.02886	-0.00289614
5.0291	0.000181121
5.02935	0.00296796
5.02959	0.000110424
5.02984	-0.00453143
5.03008	-0.00410786
5.03033	0.000597399
5.03057	0.00510643
5.03082	0.00851797
5.03106	0.00917198
5.03131	0.00215318
5.03155	-0.0100718
5.03179	-0.0143407
5.03204	-0.00452788
5.03228	0.00698984
5.03253	0.00696102
5.03277	0.000548723
5.03302	-0.000133078
5.03326	0.00294747
5.03351	0.000185122
5.03375	-0.00571398
5.034	-0.00418319
5.03424	0.00295903
5.03449	0.00370707
5.03473	-0.00289086
5.03497	-0.00476613
5.03522	0.00263967
5.03546	0.00928653
5.03571	0.00691169
5.03595	-0.000479499
5.0362	-0.00569823
5.03644	-0.00685842
5.03669	-0.00420563
5.03693	0.00135468
5.03718	0.00447774
5.03742	-0.000230009
5.03767	-0.00843706
5.03791	-0.0100104
5.03815	-0.00375193
5.0384	0.0013091
5.03864	0.000190801
5.03889	-0.00246713
5.03913	-0.00246178
5.03938	-0.00175202
5.03962	-0.00222037
5.03987	-0.00271617
5.04011	-0.00377054
5.04036	-0.00671461
5.0406	-0.00786947
5.04084	-0.00299791
5.04109	0.00291008
5.04133	0.00115809
5.04158	-0.0057108
5.04182	-0.00699104
5.04207	-0.00218822
5.04231	-0.00184306
5.04256	-0.00779846
5.0428	-0.00883441
5.04305	-0.00151076
5.04329	0.00127871
5.04354	-0.00791726
5.04378	-0.0159007
5.04402	-0.00852639
5.04427	0.00630185
5.04451	0.0106226
5.04476	0.00320421
5.045	-0.00185466
5.04525	0.00115863
5.04549	0.00362116
5.04574	4.21648e-05
5.04598	-0.00358155
5.04623	-0.00234768
5.04647	-0.000928362
5.04672	-0.00350669
5.04696	-0.00486926
5.0472	0.000468342
5.04745	0.00661373
5.04769	0.00320278
5.04794	-0.00832949
5.04818	-0.0147509
5.04843	-0.00891244
5.04867	0.000455066
5.04892	0.0015433
5.04916	-0.00435514
5.04941	-0.00701956
5.04965	-0.00368021
5.0499	-0.00134135
5.05014	-0.00335001
5.05038	-0.00434902
5.05063	-0.00140756
5.05087	0.000232573
5.05112	-0.00239733
5.05136	-0.00361356
5.05161	5.84145e-05
5.05185	0.00217426
5.0521	-0.001949
5.05234	-0.00523152
5.05259	-0.00104782
5.05283	0.00365032
5.05307	0.000403026
5.05332	-0.00393653
5.05356	0.00157518
5.05381	0.0103634
5.05405	0.00668906
5.0543	-0.00744622
5.05454	-0.0139027
5.05479	-0.00742391
5.05503	-0.00251669
5.05528	-0.00712399
5.05552	-0.009628
5.05577	-0.000456087
5.05601	0.0111225
5.05625	0.012869
5.0565	0.00778787
5.05674	0.00472411
5.05699	0.00284038
5.05723	-0.00234468
5.05748	-0.00713743
5.05772	-0.00586112
5.05797	-0.00148647
5.05821	0.000278407
5.05846	0.000665238
5.0587	0.00238827
5.05895	0.00184705
5.05919	-0.00363697
5.05943	-0.00785903
5.05968	-0.00490976
5.05992	7.78446e-05
5.06017	-0.000819383
5.06041	-0.00539906
5.06066	-0.00668979
5.0609	-0.00534888
5.06115	-0.00611719
5.06139	-0.00714457
5.06164	-0.00404532
5.06188	-0.000440294
5.06213	-0.00296293
5.06237	-0.0086698
5.06261	-0.00881387
5.06286	-0.00338268
5.0631	-0.000687043
5.06335	-0.00307073
5.06359	-0.00393776
5.06384	5.11002e-06
5.06408	0.00350303
5.06433	0.00219649
5.06457	-0.00082073
5.06482	-0.00106479
5.06506	0.00060154
5.06531	0.000237862
5.06555	-0.00373665
5.06579	-0.00890123
5.06604	-0.0106373
5.06628	-0.0064432
5.06653	-0.000333099
5.06677	0.000239422
5.06702	-0.00520587
5.06726	-0.00777108
5.06751	-0.00213199
5.06775	0.00392909
5.068	0.000788963
5.06824	-0.00718426
5.06848	-0.00746878
5.06873	0.00133487
5.06897	0.0075694
5.06922	0.00455667
5.06946	-0.000412507
5.06971	0.00139634
5.06995	0.00767414
5.0702	0.0102696
5.07044	0.0065486
5.07069	0.000337151
5.07093	-0.00429971
5.07118	-0.00581266
5.07142	-0.00451167
5.07166	-0.00250247
5.07191	-0.0022834
5.07215	-0.00338217
5.0724	-0.00271166
5.07264	0.000203389
5.07289	0.00130741
5.07313	-0.00240313
5.07338	-0.00770054
5.07362	-0.00836495
5.07387	-0.00282411
5.07411	0.00360137
5.07436	0.00459171
5.0746	0.000166537
5.07484	-0.00295614
5.07509	0.000620671
5.07533	0.00749486
5.07558	0.00892467
5.07582	0.00228245
5.07607	-0.00497203
5.07631	-0.00525704
5.07656	-0.000812306
5.0768	0.000647749
5.07705	-0.00278502
5.07729	-0.00581639
5.07754	-0.00441897
5.07778	-1.1779e-05
5.07802	0.00452587
5.07827	0.00756424
5.07851	0.00710109
5.07876	0.00199378
5.079	-0.00400296
5.07925	-0.00496249
5.07949	-0.00147404
5.07974	-0.000928551
5.07998	-0.00609937
5.08023	-0.00964319
5.08047	-0.00532436
5.08071	0.000856431
5.08096	-0.000977224
5.0812	-0.00831229
5.08145	-0.00886511
5.08169	-5.78727e-05
5.08194	0.00549764
5.08218	-0.000840465
5.08243	-0.00939191
5.08267	-0.00640409
5.08292	0.00478224
5.08316	0.00933351
5.08341	0.00386826
5.08365	-0.000580585
5.08389	0.00131899
5.08414	0.00148701
5.08438	-0.0045576
5.08463	-0.00781748
5.08487	-0.00170249
5.08512	0.00509308
5.08536	0.00320742
5.08561	-0.000844969
5.08585	0.00320438
5.0861	0.00966559
5.08634	0.00596154
5.08659	-0.00450205
5.08683	-0.00683596
5.08707	0.000432792
5.08732	0.00386906
5.08756	-0.000861856
5.08781	-0.00265572
5.08805	0.00348807
5.0883	0.00729448
5.08854	0.00263809
5.08879	-0.00115408
5.08903	0.00306351
5.08928	0.0070334
5.08952	0.00300815
5.08977	-0.0012125
5.09001	0.00334166
5.09025	0.00938922
5.0905	0.00552415
5.09074	-0.00346698
5.09099	-0.00436237
5.09123	0.00281463
5.09148	0.00666819
5.09172	0.00388806
5.09197	0.00153632
5.09221	0.00196879
5.09246	8.05016e-05
5.0927	-0.00444403
5.09294	-0.00534049
5.09319	-0.00137374
5.09343	0.0017494
5.09368	0.00218682
5.09392	0.00375436
5.09417	0.00574354
5.09441	0.00222897
5.09466	-0.00592233
5.0949	-0.00928331
5.09515	-0.00417272
5.09539	0.000985491
5.09564	-0.0012138
5.09588	-0.00609121
5.09612	-0.00518171
5.09637	0.000856598
5.09661	0.00441346
5.09686	0.00197435
5.0971	-0.00298415
5.09735	-0.00587063
5.09759	-0.00506239
5.09784	-0.00151171
5.09808	0.00213323
5.09833	0.00288736
5.09857	0.000480431
5.09882	-0.00167566
5.09906	-0.000487236
5.0993	0.00257925
5.09955	0.00314402
5.09979	-0.000235519
5.10004	-0.00350768
5.10028	-0.0018147
5.10053	0.00361527
5.10077	0.00575693
5.10102	0.000917977
5.10126	-0.0049927
5.10151	-0.00381992
5.10175	0.00268838
5.102	0.00485885
5.10224	-0.000165183
5.10248	-0.00401058
5.10273	-0.00101199
5.10297	0.00225358
5.10322	-0.00159851
5.10346	-0.00756213
5.10371	-0.00660213
5.10395	-0.00181193
5.1042	-0.00376916
5.10444	-0.0117689
5.10469	-0.0133358
5.10493	-0.00455328
5.10517	0.00230107
5.10542	-0.00236063
5.10566	-0.0101053
5.10591	-0.00778501
5.10615	0.00159071
5.1064	0.00365153
5.10664	-0.00463368
5.10689	-0.0103321
5.10713	-0.00495755
5.10738	0.00248286
5.10762	0.000198256
5.10787	-0.00757201
5.10811	-0.00761868
5.10835	0.000805661
5.1086	0.00500403
5.10884	-0.000118192
5.10909	-0.00398374
5.10933	0.00103998
5.10958	0.00605198
5.10982	0.00117266
5.11007	-0.00603252
5.11031	-0.00229814
5.11056	0.00818252
5.1108	0.00958371
5.11105	0.000624678
5.11129	-0.00353461
5.11153	0.00321258
5.11178	0.00916326
5.11202	0.00648816
5.11227	0.00344729
5.11251	0.00642207
5.11276	0.00686606
5.113	-0.00191305
5.11325	-0.00991599
5.11349	-0.00676656
5.11374	-0.000401024
5.11398	-0.00346942
5.11423	-0.0112707
5.11447	-0.0106473
5.11471	-0.0032777
5.11496	-0.00168907
5.1152	-0.00663352
5.11545	-0.00688455
5.11569	6.82496e-05
5.11594	0.00456228
5.11618	0.00230181
5.11643	-0.000588324
5.11667	-0.0012332
5.11692	-0.00362423
5.11716	-0.00689489
5.1174	-0.0049399
5.11765	-0.000243466
5.11789	-0.00289423
5.11814	-0.0119638
5.11838	-0.0132979
5.11863	-0.00195196
5.11887	0.00798027
5.11912	0.00433387
5.11936	-0.00559064
5.11961	-0.00879252
5.11985	-0.00654874
5.1201	-0.00828956
5.12034	-0.0135329
5.12058	-0.0132755
5.12083	-0.00570995
5.12107	0.00117668
5.12132	0.00190538
5.12156	-0.000823203
5.12181	-0.00307883
5.12205	-0.00483933
5.1223	-0.00675231
5.12254	-0.00738947
5.12279	-0.00600157
5.12303	-0.00475428
5.12328	-0.00608339
5.12352	-0.0091047
5.12376	-0.0101539
5.12401	-0.00710265
5.12425	-0.00242353
5.1245	-0.000550739
5.12474	-0.00202316
5.12499	-0.00281065
5.12523	-0.000820629
5.12548	0.000363633
5.12572	-0.0028341
5.12597	-0.00803487
5.12621	-0.0106396
5.12646	-0.0100827
5.1267	-0.00758039
5.12694	-0.00165211
5.12719	0.00759909
5.12743	0.0132588
5.12768	0.00883199
5.12792	-0.00128309
5.12817	-0.00674496
5.12841	-0.00525902
5.12866	-0.00315904
5.1289	-0.00344323
5.12915	-0.00297083
5.12939	-0.00141063
5.12963	-0.00259827
5.12988	-0.00554945
5.13012	-0.00410254
5.13037	0.0020706
5.13061	0.00554486
5.13086	0.00308447
5.1311	0.000392389
5.13135	0.00174177
5.13159	0.00375088
5.13184	0.00303464
5.13208	0.00147563
5.13233	0.000377305
5.13257	-0.0019532
5.13281	-0.00347576
5.13306	0.00111322
5.1333	0.00924987
5.13355	0.0103239
5.13379	0.00198173
5.13404	-0.00423495
5.13428	-0.00059665
5.13453	0.00439065
5.13477	0.000611248
5.13502	-0.00652756
5.13526	-0.00544053
5.13551	0.00233099
5.13575	0.00503415
5.13599	-0.000934733
5.13624	-0.00756391
5.13648	-0.00850771
5.13673	-0.00546058
5.13697	-0.00172459
5.13722	0.00159038
5.13746	0.00270388
5.13771	8.375e-05
5.13795	-0.00325557
5.1382	-0.00253116
5.13844	0.00160195
5.13869	0.00392814
5.13893	0.00229568
5.13917	-0.000660161
5.13942	-0.00277111
5.13966	-0.00437378
5.13991	-0.00550802
5.14015	-0.00538285
5.1404	-0.00432907
5.14064	-0.00315299
5.14089	-0.00173933
5.14113	-0.000736712
5.14138	-0.00195412
5.14162	-0.00425333
5.14187	-0.00294788
5.14211	0.00273849
5.14235	0.00598291
5.1426	0.0014321
5.14284	-0.00611522
5.14309	-0.00835977
5.14333	-0.00534594
5.14358	-0.00355619
5.14382	-0.0047571
5.14407	-0.00458354
5.14431	-0.00127399
5.14456	0.00174544
5.1448	0.0024427
5.14504	0.00292201
5.14529	0.00451521
5.14553	0.00536088
5.14578	0.0040387
5.14602	0.0016146
5.14627	-0.000620177
5.14651	-0.0023256
5.14676	-0.00329376
5.147	-0.00414447
5.14725	-0.00641075
5.14749	-0.00904522
5.14774	-0.00750982
5.14798	-0.000374157
5.14822	0.00624526
5.14847	0.00611365
5.14871	0.00187103
5.14896	0.000333564
5.1492	0.00137937
5.14945	-0.000610093
5.14969	-0.00535701
5.14994	-0.00569571
5.15018	0.000488696
5.15043	0.00559845
5.15067	0.00336618
5.15092	-0.00183677
5.15116	-0.00179075
5.1514	0.0035364
5.15165	0.00630139
5.15189	0.00199198
5.15214	-0.00428905
5.15238	-0.00435767
5.15263	0.00231102
5.15287	0.0074074
5.15312	0.00450586
5.15336	-0.00201868
5.15361	-0.00307327
5.15385	0.00176717
5.1541	0.00395359
5.15434	6.46004e-05
5.15458	-0.00246229
5.15483	0.0017119
5.15507	0.00570005
5.15532	0.00130804
5.15556	-0.00666919
5.15581	-0.00744913
5.15605	-0.00141845
5.1563	0.00102009
5.15654	-0.00381363
5.15679	-0.00841239
5.15703	-0.00694526
5.15727	-0.00255496
5.15752	1.80162e-05
5.15776	0.000430082
5.15801	-0.000621721
5.15825	-0.00297972
5.1585	-0.00365548
5.15874	0.000527022
5.15899	0.00578785
5.15923	0.0049282
5.15948	-0.00104253
5.15972	-0.00380481
5.15997	-0.00153727
5.16021	-0.00153486
5.16045	-0.0063586
5.1607	-0.00850287
5.16094	-0.00358591
5.16119	0.00192093
5.16143	0.00229782
5.16168	0.00153978
5.16192	0.00341139
5.16217	0.00300429
5.16241	-0.00241176
5.16266	-0.00397128
5.1629	0.00543508
5.16315	0.0162285
5.16339	0.0142211
5.16363	0.00244909
5.16388	-0.00348895
5.16412	0.000852207
5.16437	0.00478734
5.16461	0.0024106
5.16486	0.001203
5.1651	0.00657371
5.16535	0.0112023
5.16559	0.00731759
5.16584	-0.000176728
5.16608	-0.001458
5.16633	0.0037123
5.16657	0.00755533
5.16681	0.00649401
5.16706	0.00415668
5.1673	0.00374604
5.16755	0.00386523
5.16779	0.00230684
5.16804	-0.000311364
5.16828	-0.00177702
5.16853	-0.00110505
5.16877	0.000379584
5.16902	0.000192615
5.16926	-0.0023919
5.1695	-0.00445047
5.16975	-0.00236806
5.16999	0.00275371
5.17024	0.00516985
5.17048	0.00143224
5.17073	-0.00503931
5.17097	-0.00825302
5.17122	-0.00667576
5.17146	-0.00371949
5.17171	-0.00244094
5.17195	-0.00218221
5.1722	-0.00040944
5.17244	0.00372218
5.17268	0.00811344
5.17293	0.00976791
5.17317	0.00818916
5.17342	0.00641277
5.17366	0.00760545
5.17391	0.0107968
5.17415	0.0115686
5.1744	0.00744846
5.17464	0.00108674
5.17489	-0.00281114
5.17513	-0.00265825
5.17538	-0.00111075
5.17562	-0.0015198
5.17586	-0.0039601
5.17611	-0.00498886
5.17635	-0.001731
5.1766	0.00381622
5.17684	0.00599654
5.17709	0.00206424
5.17733	-0.00396018
5.17758	-0.00585801
5.17782	-0.00234464
5.17807	0.00266318
5.17831	0.00568002
5.17856	0.00642534
5.1788	0.00564539
5.17904	0.0037428
5.17929	0.00186256
5.17953	0.00112923
5.17978	0.000435438
5.18002	-0.00187572
5.18027	-0.00414072
5.18051	-0.00320548
5.18076	-0.000547917
5.181	-0.00152247
5.18125	-0.00666907
5.18149	-0.00914461
5.18173	-0.0043714
5.18198	0.00251257
5.18222	0.00381543
5.18247	0.000251182
5.18271	-0.00129172
5.18296	0.00115552
5.1832	0.00248097
5.18345	-0.000606381
5.18369	-0.004742
5.18394	-0.00569713
5.18418	-0.004108
5.18443	-0.00292893
5.18467	-0.00287399
5.18491	-0.00313099
5.18516	-0.00382193
5.1854	-0.00488977
5.18565	-0.00451524
5.18589	-0.00152252
5.18614	0.00192171
5.18638	0.00279284
5.18663	0.00171777
5.18687	0.00216284
5.18712	0.00491665
5.18736	0.00621115
5.18761	0.00294594
5.18785	-0.00210323
5.18809	-0.0030238
5.18834	0.00138357
5.18858	0.00537652
5.18883	0.003561
5.18907	-0.00179995
5.18932	-0.00399813
5.18956	-0.00144884
5.18981	0.000363741
5.19005	-0.00236447
5.1903	-0.00571318
5.19054	-0.0042133
5.19079	0.000387154
5.19103	0.00163869
5.19127	-0.00190218
5.19152	-0.00502318
5.19176	-0.00410296
5.19201	-0.00169139
5.19225	-0.00123492
5.1925	-0.00189596
5.19274	-0.00129839
5.19299	0.000302176
5.19323	0.00171703
5.19348	0.00368223
5.19372	0.0065633
5.19396	0.00765336
5.19421	0.00456758
5.19445	-0.000320445
5.1947	-0.00261796
5.19494	-0.00185494
5.19519	-0.00085506
5.19543	-0.000246526
5.19568	0.00184492
5.19592	0.00483241
5.19617	0.00521191
5.19641	0.0019999
5.19666	-0.00184702
5.1969	-0.0047473
5.19714	-0.00838554
5.19739	-0.0120471
5.19763	-0.0104646
5.19788	-0.00184358
5.19812	0.00620485
5.19837	0.00497702
5.19861	-0.00319519
5.19886	-0.00764005
5.1991	-0.00372276
5.19935	0.00206994
5.19959	0.00269191
5.19984	-0.000141468
5.20008	-0.000501899
5.20032	0.00264679
5.20057	0.00535974
5.20081	0.00514263
5.20106	0.00342822
5.2013	0.0026268
5.20155	0.00343428
5.20179	0.00447957
5.20204	0.00338293
5.20228	-0.000375519
5.20253	-0.00319821
5.20277	-0.00103967
5.20302	0.00385947
5.20326	0.00452714
5.2035	-0.000352525
5.20375	-0.00340173
5.20399	-7.39031e-05
5.20424	0.00309327
5.20448	-0.00115643
5.20473	-0.0076114
5.20497	-0.00573034
5.20522	0.00293728
5.20546	0.00613569
5.20571	-4.01952e-05
5.20595	-0.00554249
5.20619	-0.00310542
5.20644	0.00104335
5.20668	-0.000502548
5.20693	-0.00351979
5.20717	-0.000610028
5.20742	0.00517806
5.20766	0.00550036
5.20791	0.000640531
5.20815	-0.00220534
5.2084	-0.00180374
5.20864	-0.00359498
5.20889	-0.00825902
5.20913	-0.0097112
5.20937	-0.0059268
5.20962	-0.0027962
5.20986	-0.00429005
5.21011	-0.00635081
5.21035	-0.00441165
5.2106	-0.000714047
5.21084	0.00040168
5.21109	-0.000414247
5.21133	-0.000118429
5.21158	0.000530839
5.21182	-0.00135184
5.21207	-0.00473175
5.21231	-0.00528253
5.21255	-0.00209599
5.2128	0.00017543
5.21304	-0.00280684
5.21329	-0.00940039
5.21353	-0.0138485
5.21378	-0.0127595
5.21402	-0.00812223
5.21427	-0.00410412
5.21451	-0.00260067
5.21476	-0.00279613
5.215	-0.00342825
5.21525	-0.00356783
5.21549	-0.00228218
5.21573	-7.34844e-05
5.21598	0.000189513
5.21622	-0.00311188
5.21647	-0.00663423
5.21671	-0.00616013
5.21696	-0.00380173
5.2172	-0.0052678
5.21745	-0.00930871
5.21769	-0.00730524
5.21794	0.00337802
5.21818	0.0129383
5.21843	0.0114825
5.21867	0.00179334
5.21891	-0.00645511
5.21916	-0.00967172
5.2194	-0.0102812
5.21965	-0.00876644
5.21989	-0.00452748
5.22014	-0.00124972
5.22038	-0.00247474
5.22063	-0.00428237
5.22087	-0.00120519
5.22112	0.00302664
5.22136	0.000559587
5.2216	-0.00641267
5.22185	-0.00764634
5.22209	-0.00124643
5.22234	0.003214
5.22258	7.82687e-05
5.22283	-0.00455071
5.22307	-0.00395739
5.22332	-0.00030047
5.22356	0.00143902
5.22381	0.000811783
5.22405	-0.00111002
5.2243	-0.00474135
5.22454	-0.00808548
5.22478	-0.00697562
5.22503	-0.00269698
5.22527	-0.00189835
5.22552	-0.00550955
5.22576	-0.00607073
5.22601	-0.00028004
5.22625	0.00462828
5.2265	0.0025237
5.22674	-0.00211457
5.22699	-0.00288078
5.22723	-0.0017868
5.22748	-0.00355867
5.22772	-0.00649083
5.22796	-0.00670543
5.22821	-0.00553738
5.22845	-0.00509975
5.2287	-0.00226126
5.22894	0.00502829
5.22919	0.0107188
5.22943	0.00833378
5.22968	0.00128488
5.22992	-0.00244065
5.23017	-0.00171478
5.23041	-0.000513766
5.23066	0.000807739
5.2309	0.00378619
5.23114	0.00516142
5.23139	0.001161
5.23163	-0.00418536
5.23188	-0.00409109
5.23212	-0.000367631
5.23237	-0.000728835
5.23261	-0.00597443
5.23286	-0.00871885
5.2331	-0.00476909
5.23335	0.0020835
5.23359	0.00678784
5.23383	0.00768539
5.23408	0.00482277
5.23432	0.00024378
5.23457	-0.00073111
5.23481	0.00475289
5.23506	0.0108215
5.2353	0.00920112
5.23555	0.000970165
5.23579	-0.00512928
5.23604	-0.00530783
5.23628	-0.00379367
5.23653	-0.00342119
5.23677	-0.00161809
5.23701	0.00268074
5.23726	0.0056118
5.2375	0.00452572
5.23775	0.00160323
5.23799	-0.000935087
5.23824	-0.00402697
5.23848	-0.0080239
5.23873	-0.0102691
5.23897	-0.00849758
5.23922	-0.00358705
5.23946	0.00189871
5.23971	0.00527238
5.23995	0.00465903
5.24019	0.00170832
5.24044	0.00165098
5.24068	0.00639314
5.24093	0.00979716
5.24117	0.00538506
5.24142	-0.00323418
5.24166	-0.00629156
5.24191	-0.00135286
5.24215	0.00390795
5.2424	0.00261197
5.24264	-0.00382677
5.24289	-0.00958726
5.24313	-0.0104762
5.24337	-0.00582887
5.24362	0.000684548
5.24386	0.00247433
5.24411	-0.00295574
5.24435	-0.00947082
5.2446	-0.0096352
5.24484	-0.00454354
5.24509	-0.000553723
5.24533	0.00106865
5.24558	0.00372952
5.24582	0.00676285
5.24606	0.00578387
5.24631	0.00121442
5.24655	-0.00179148
5.2468	-0.00171015
5.24704	-0.00101712
5.24729	0.000927829
5.24753	0.00630195
5.24778	0.0105652
5.24802	0.00615602
5.24827	-0.00441575
5.24851	-0.00950218
5.24876	-0.0047332
5.249	0.00144971
5.24924	0.00182587
5.24949	2.86167e-06
5.24973	0.0014448
5.24998	0.00407111
5.25022	0.00376617
5.25047	0.00200263
5.25071	0.00190679
5.25096	0.00210723
5.2512	-0.000197279
5.25145	-0.00403902
5.25169	-0.00640756
5.25194	-0.00596962
5.25218	-0.00322924
5.25242	-0.000454967
5.25267	-0.00136506
5.25291	-0.00617573
5.25316	-0.00840867
5.2534	-0.00320856
5.25365	0.00335659
5.25389	0.00218788
5.25414	-0.00381829
5.25438	-0.00414186
5.25463	0.00103244
5.25487	0.000941272
5.25512	-0.00582746
5.25536	-0.00719483
5.2556	0.00164433
5.25585	0.00861458
5.25609	0.00386416
5.25634	-0.00518464
5.25658	-0.0073049
5.25683	-0.00380485
5.25707	-0.00122436
5.25732	0.00104886
5.25756	0.00488576
5.25781	0.00543926
5.25805	0.000644172
5.25829	-0.000900597
5.25854	0.00635504
5.25878	0.0126444
5.25903	0.00771501
5.25927	-0.000732976
5.25952	0.00126056
5.25976	0.01061
5.26001	0.0123257
5.26025	0.00399165
5.2605	-0.00199262
5.26074	0.000284936
5.26099	0.00299298
5.26123	0.000445394
5.26147	-0.0022528
5.26172	-0.000400847
5.26196	0.0022432
5.26221	0.00137612
5.26245	-0.000921262
5.2627	-0.00143697
5.26294	-0.000967126
5.26319	-0.000918266
5.26343	-0.000592484
5.26368	-0.00011777
5.26392	-0.00113312
5.26417	-0.00335388
5.26441	-0.00474592
5.26465	-0.00494144
5.2649	-0.0042512
5.26514	-0.000976593
5.26539	0.00513321
5.26563	0.00908817
5.26588	0.00645244
5.26612	0.000683126
5.26637	-0.00168031
5.26661	-0.000516084
5.26686	2.80958e-05
5.2671	-0.00010053
5.26735	0.0013152
5.26759	0.00182435
5.26783	-0.00153666
5.26808	-0.00394909
5.26832	0.000933232
5.26857	0.00840163
5.26881	0.00783609
5.26906	-0.000269561
5.2693	-0.00454442
5.26955	-0.00072409
5.26979	0.00315018
5.27004	0.00195541
5.27028	0.00124316
5.27052	0.00518653
5.27077	0.00856001
5.27101	0.0071923
5.27126	0.00618026
5.2715	0.0100819
5.27175	0.0135068
5.27199	0.00980935
5.27224	0.0023517
5.27248	-0.00135701
5.27273	-0.0013257
5.27297	-0.00222845
5.27322	-0.00299637
5.27346	0.00143194
5.2737	0.00944431
5.27395	0.0125385
5.27419	0.00699758
5.27444	-0.000623319
5.27468	-0.00211002
5.27493	0.00251486
5.27517	0.00656053
5.27542	0.00579686
5.27566	0.00280067
5.27591	0.00216616
5.27615	0.00405327
5.2764	0.0048282
5.27664	0.00323414
5.27688	0.00248904
5.27713	0.00517356
5.27737	0.00929366
5.27762	0.0115326
5.27786	0.011411
5.27811	0.00973372
5.27835	0.00614243
5.2786	0.00133429
5.27884	-0.00162137
5.27909	-0.001679
5.27933	-0.00193552
5.27958	-0.00366507
5.27982	-0.00285072
5.28006	0.00245468
5.28031	0.00665625
5.28055	0.00516309
5.2808	0.00311248
5.28104	0.00704526
5.28129	0.0126379
5.28153	0.0112902
5.28178	0.00557486
5.28202	0.00589496
5.28227	0.0128468
5.28251	0.015955
5.28275	0.0114397
5.283	0.00824241
5.28324	0.012191
5.28349	0.0160792
5.28373	0.0122449
5.28398	0.00564741
5.28422	0.0062097
5.28447	0.0139114
5.28471	0.018923
5.28496	0.0139743
5.2852	0.00202273
5.28545	-0.00680027
5.28569	-0.00439717
5.28593	0.00674636
5.28618	0.0149357
5.28642	0.0129904
5.28667	0.00777913
5.28691	0.00943713
5.28716	0.0148144
5.2874	0.0125247
5.28765	0.00289498
5.28789	-0.00073817
5.28814	0.00710779
5.28838	0.0154167
5.28863	0.0139738
5.28887	0.00711554
5.28911	0.0036614
5.28936	0.00411666
5.2896	0.00530776
5.28985	0.00789944
5.29009	0.0115371
5.29034	0.0114642
5.29058	0.00745098
5.29083	0.00706831
5.29107	0.0126774
5.29132	0.0152352
5.29156	0.00979978
5.29181	0.00641461
5.29205	0.0140734
5.29229	0.0235971
5.29254	0.0205347
5.29278	0.00811001
5.29303	0.00229219
5.29327	0.00804812
5.29352	0.0151183
5.29376	0.0157052
5.29401	0.0127023
5.29425	0.0101422
5.2945	0.0075266
5.29474	0.00505521
5.29498	0.00465754
5.29523	0.00476078
5.29547	0.00227635
5.29572	-0.000587746
5.29596	0.000249224
5.29621	0.00199556
5.29645	-0.000902742
5.2967	-0.00532374
5.29694	-0.00282948
5.29719	0.00590571
5.29743	0.0112465
5.29768	0.00999067
5.29792	0.00919445
5.29816	0.0124934
5.29841	0.0142181
5.29865	0.0110839
5.2989	0.00882881
5.29914	0.0115222
5.29939	0.0136756
5.29963	0.0096975
5.29988	0.00355232
5.30012	0.00206815
5.30037	0.00467726
5.30061	0.00645651
5.30086	0.00636928
5.3011	0.00623375
5.30134	0.00574125
5.30159	0.0043728
5.30183	0.0045195
5.30208	0.00713801
5.30232	0.0079489
5.30257	0.00374962
5.30281	-0.000850883
5.30306	0.000574628
5.3033	0.00587248
5.30355	0.00668572
5.30379	0.000448939
5.30404	-0.00624555
5.30428	-0.00673193
5.30452	-0.00149173
5.30477	0.00460307
5.30501	0.00766993
5.30526	0.00617691
5.3055	0.00119215
5.30575	-0.00273397
5.30599	-0.000502711
5.30624	0.00715272
5.30648	0.012816
5.30673	0.010583
5.30697	0.00312634
5.30722	-0.00200583
5.30746	-0.00130467
5.3077	0.00257496
5.30795	0.00599737
5.30819	0.00757133
5.30844	0.00665759
5.30868	0.00314852
5.30893	-0.000454241
5.30917	-0.000919429
5.30942	0.00051631
5.30966	-0.000726621
5.30991	-0.00463849
5.31015	-0.00523843
5.31039	-7.54328e-05
5.31064	0.00499255
5.31088	0.00527242
5.31113	0.00497801
5.31137	0.00848053
5.31162	0.0103357
5.31186	0.00419791
5.31211	-0.00327508
5.31235	-0.000373552
5.3126	0.010012
5.31284	0.0132018
5.31309	0.00589337
5.31333	0.000974456
5.31357	0.00521056
5.31382	0.00811648
5.31406	0.00123312
5.31431	-0.00609201
5.31455	-0.0019599
5.3148	0.00844863
5.31504	0.0117441
5.31529	0.00652632
5.31553	0.00152454
5.31578	-9.64873e-06
5.31602	-0.00100209
5.31627	-0.000705961
5.31651	0.00290069
5.31675	0.00468792
5.317	-0.00110538
5.31724	-0.00893191
5.31749	-0.00868866
5.31773	-0.00172617
5.31798	0.00211535
5.31822	0.000926981
5.31847	0.00131061
5.31871	0.00440549
5.31896	0.00489582
5.3192	0.00340057
5.31945	0.00619345
5.31969	0.0119308
5.31993	0.0120441
5.32018	0.00572614
5.32042	0.00147219
5.32067	0.00199256
5.32091	0.000956814
5.32116	-0.00289608
5.3214	-0.00237586
5.32165	0.00372707
5.32189	0.00661359
5.32214	0.00284084
5.32238	0.000417105
5.32262	0.00381665
5.32287	0.0059477
5.32311	0.00187266
5.32336	-0.00214468
5.3236	-0.00103231
5.32385	-0.000196217
5.32409	-0.0037281
5.32434	-0.00498791
5.32458	0.00104896
5.32483	0.00656786
5.32507	0.00296462
5.32532	-0.00475519
5.32556	-0.00651195
5.3258	-0.00249072
5.32605	0.000456851
5.32629	0.000582479
5.32654	-0.000599523
5.32678	-0.00462059
5.32703	-0.0102195
5.32727	-0.00863193
5.32752	0.00392446
5.32776	0.0158001
5.32801	0.0139452
5.32825	0.00265781
5.3285	-0.00378258
5.32874	-0.00175423
5.32898	0.00130959
5.32923	0.00235207
5.32947	0.0045059
5.32972	0.00643181
5.32996	0.00381224
5.33021	0.000113182
5.33045	0.00259728
5.3307	0.00846373
5.33094	0.00811929
5.33119	0.00189402
5.33143	-0.000122681
5.33168	0.00433969
5.33192	0.00624002
5.33216	0.00167079
5.33241	-0.00181433
5.33265	0.000699803
5.3329	0.00385422
5.33314	0.00361736
5.33339	0.00446762
5.33363	0.00851482
5.33388	0.00868438
5.33412	0.000907369
5.33437	-0.0063617
5.33461	-0.00417845
5.33485	0.00257594
5.3351	0.00281373
5.33534	-0.00360603
5.33559	-0.00637219
5.33583	-0.000650245
5.33608	0.00628685
5.33632	0.00560051
5.33657	-0.00169677
5.33681	-0.00643205
5.33706	-0.0022696
5.3373	0.00681208
5.33755	0.0107556
5.33779	0.00520062
5.33803	-0.0033304
5.33828	-0.00636783
5.33852	-0.00447112
5.33877	-0.00423135
5.33901	-0.00672331
5.33926	-0.00630464
5.3395	-0.000704233
5.33975	0.00539667
5.33999	0.0082122
5.34024	0.00905603
5.34048	0.00889832
5.34073	0.00612804
5.34097	0.00222667
5.34121	0.00206387
5.34146	0.0051718
5.3417	0.00445598
5.34195	-0.0020768
5.34219	-0.00615431
5.34244	-0.00153093
5.34268	0.00595717
5.34293	0.00779737
5.34317	0.00565061
5.34342	0.00610558
5.34366	0.00774603
5.34391	0.00384398
5.34415	-0.00430712
5.34439	-0.00736515
5.34464	-0.00222991
5.34488	0.00269393
5.34513	-0.000147347
5.34537	-0.00655297
5.34562	-0.00669145
5.34586	0.00164142
5.34611	0.0104795
5.34635	0.0113966
5.3466	0.00453811
5.34684	-0.00257957
5.34708	-0.00359672
5.34733	0.000851242
5.34757	0.00569921
5.34782	0.00779736
5.34806	0.00773356
5.34831	0.00666045
5.34855	0.0046863
5.3488	0.00254865
5.34904	0.00166848
5.34929	0.0017622
5.34953	0.00127593
5.34978	0.000596631
5.35002	0.00151284
5.35026	0.00314164
5.35051	0.0025043
5.35075	-0.000109005
5.351	-0.000960201
5.35124	0.000738381
5.35149	0.00141497
5.35173	-7.73753e-05
5.35198	-1.84952e-05
5.35222	0.00308046
5.35247	0.00496808
5.35271	0.00304786
5.35296	0.00129094
5.3532	0.00291284
5.35344	0.00410683
5.35369	0.00115728
5.35393	-0.00179047
5.35418	0.000504145
5.35442	0.00456513
5.35467	0.00372824
5.35491	-8.12097e-05
5.35516	0.000329006
5.3554	0.0044219
5.35565	0.00476162
5.35589	0.000866206
5.35614	0.00135735
5.35638	0.00949681
5.35662	0.0164119
5.35687	0.0139624
5.35711	0.00663844
5.35736	0.0042794
5.3576	0.00845331
5.35785	0.0128862
5.35809	0.0139568
5.35834	0.0138844
5.35858	0.0146556
5.35883	0.0147147
5.35907	0.0125235
5.35931	0.00947705
5.35956	0.00805141
5.3598	0.00919865
5.36005	0.0122422
5.36029	0.0156412
5.36054	0.0172774
5.36078	0.0154209
5.36103	0.010522
5.36127	0.00576433
5.36152	0.00504056
5.36176	0.00973307
5.36201	0.0172651
5.36225	0.0231882
5.36249	0.0249996
5.36274	0.0237031
5.36298	0.0218108
5.36323	0.0208928
5.36347	0.0213405
5.36372	0.022953
5.36396	0.0247394
5.36421	0.0254839
5.36445	0.0257384
5.3647	0.0281013
5.36494	0.0342307
5.36519	0.0426685
5.36543	0.0507622
5.36567	0.0575167
5.36592	0.0636103
5.36616	0.0701824
5.36641	0.0784167
5.36665	0.0880254
5.3669	0.0951613
5.36714	0.095193
5.36739	0.0896212
5.36763	0.0863093
5.36788	0.0893107
5.36812	0.092214
5.36837	0.0867193
5.36861	0.0749455
5.36885	0.0667112
5.3691	0.0655561
5.36934	0.0643917
5.36959	0.0563307
5.36983	0.0439858
5.37008	0.0351566
5.37032	0.0332437
5.37057	0.0350102
5.37081	0.035579
5.37106	0.0330439
5.3713	0.0289739
5.37154	0.0258652
5.37179	0.0243094
5.37203	0.0231091
5.37228	0.0221591
5.37252	0.0230368
5.37277	0.0254818
5.37301	0.0262267
5.37326	0.0238505
5.3735	0.0218178
5.37375	0.0233324
5.37399	0.0262684
5.37424	0.0272948
5.37448	0.0275275
5.37472	0.0288053
5.37497	0.0280915
5.37521	0.0226817
5.37546	0.0178072
5.3757	0.0201893
5.37595	0.0258932
5.37619	0.024974
5.37644	0.0181061
5.37668	0.0168309
5.37693	0.0244756
5.37717	0.0289539
5.37742	0.020994
5.37766	0.00915212
5.3779	0.00757273
5.37815	0.0160949
5.37839	0.0225441
5.37864	0.020413
5.37888	0.0144721
5.37913	0.0106355
5.37937	0.00902658
5.37962	0.00753939
5.37986	0.00581074
5.38011	0.00438469
5.38035	0.00382196
5.3806	0.00491273
5.38084	0.00729521
5.38108	0.00906199
5.38133	0.00994039
5.38157	0.0122973
5.38182	0.0162519
5.38206	0.0172438
5.38231	0.0124051
5.38255	0.00610183
5.3828	0.00452021
5.38304	0.00744948
5.38329	0.0101704
5.38353	0.0109225
5.38378	0.0113435
5.38402	0.0115885
5.38426	0.0103307
5.38451	0.00830114
5.38475	0.00730707
5.385	0.00715209
5.38524	0.00729087
5.38549	0.00893144
5.38573	0.0113644
5.38598	0.0100797
5.38622	0.00422337
5.38647	0.00162651
5.38671	0.00864831
5.38695	0.0185052
5.3872	0.0194064
5.38744	0.0123953
5.38769	0.00981565
5.38793	0.0154117
5.38818	0.0181626
5.38842	0.010233
5.38867	-4.21777e-05
5.38891	-0.00068116
5.38916	0.00669932
5.3894	0.0112457
5.38965	0.00928635
5.38989	0.00680029
5.39013	0.00765561
5.39038	0.00854748
5.39062	0.00652921
5.39087	0.00423524
5.39111	0.00482334
5.39136	0.00676675
5.3916	0.00709993
5.39185	0.00660571
5.39209	0.00791037
5.39234	0.0100214
5.39258	0.00898766
5.39283	0.0045094
5.39307	0.00212396
5.39331	0.00637658
5.39356	0.0143263
5.3938	0.0192513
5.39405	0.0191066
5.39429	0.0169049
5.39454	0.0138081
5.39478	0.00808357
5.39503	0.00181364
5.39527	0.00126656
5.39552	0.0069615
5.39576	0.0104049
5.39601	0.00650563
5.39625	0.00271284
5.39649	0.00777799
5.39674	0.0167835
5.39698	0.0178188
5.39723	0.010747
5.39747	0.00762295
5.39772	0.0140401
5.39796	0.0213297
5.39821	0.0202795
5.39845	0.0128531
5.3987	0.00610589
5.39894	0.00288759
5.39918	0.00331292
5.39943	0.00782111
5.39967	0.0134575
5.39992	0.0138706
5.40016	0.00851467
5.40041	0.00553682
5.40065	0.00978197
5.4009	0.0144021
5.40114	0.0113768
5.40139	0.00453308
5.40163	0.00356863
5.40188	0.00924591
5.40212	0.0136818
5.40236	0.0132861
5.40261	0.0123732
5.40285	0.0141017
5.4031	0.0160581
5.40334	0.0162552
5.40359	0.0165802
5.40383	0.0180076
5.40408	0.0179715
5.40432	0.0152527
5.40457	0.0131936
5.40481	0.0151023
5.40506	0.0193815
5.4053	0.0217688
5.40554	0.0203622
5.40579	0.0164107
5.40603	0.0119105
5.40628	0.00863903
5.40652	0.00858666
5.40677	0.0128625
5.40701	0.0194858
5.40726	0.0237141
5.4075	0.0222772
5.40775	0.0173234
5.40799	0.0143532
5.40824	0.0153975
5.40848	0.0164597
5.40872	0.0136677
5.40897	0.00929853
5.40921	0.00801114
5.40946	0.00924326
5.4097	0.00860653
5.40995	0.0058336
5.41019	0.00529163
5.41044	0.00840384
5.41068	0.0118052
5.41093	0.0136977
5.41117	0.0153294
5.41141	0.0152678
5.41166	0.0104123
5.4119	0.00476102
5.41215	0.00757551
5.41239	0.0185185
5.41264	0.0247202
5.41288	0.0192572
5.41313	0.0123136
5.41337	0.014635
5.41362	0.0197291
5.41386	0.0154456
5.41411	0.00575771
5.41435	0.00514688
5.41459	0.0146387
5.41484	0.0199119
5.41508	0.0139799
5.41533	0.00643132
5.41557	0.00658337
5.41582	0.0110099
5.41606	0.0132181
5.41631	0.013977
5.41655	0.0154031
5.4168	0.0145793
5.41704	0.010242
5.41729	0.00786438
5.41753	0.0110456
5.41777	0.0143973
5.41802	0.0115278
5.41826	0.00449618
5.41851	-0.000325603
5.41875	-0.000415067
5.419	0.00366118
5.41924	0.0108973
5.41949	0.0168522
5.41973	0.0151062
5.41998	0.00751206
5.42022	0.00534131
5.42047	0.0132762
5.42071	0.0204758
5.42095	0.0167026
5.4212	0.00910528
5.42144	0.010671
5.42169	0.0183471
5.42193	0.0179157
5.42218	0.00821915
5.42242	0.00416388
5.42267	0.013285
5.42291	0.0242561
5.42316	0.0246136
5.4234	0.0176431
5.42364	0.0137113
5.42389	0.0145148
5.42413	0.0151806
5.42438	0.0150942
5.42462	0.0168159
5.42487	0.0183297
5.42511	0.0156658
5.42536	0.0113257
5.4256	0.0118316
5.42585	0.0173517
5.42609	0.0210776
5.42634	0.019587
5.42658	0.0173601
5.42682	0.0191873
5.42707	0.0233188
5.42731	0.0248005
5.42756	0.0221176
5.4278	0.0181014
5.42805	0.016381
5.42829	0.0183418
5.42854	0.0217786
5.42878	0.0222031
5.42903	0.0180511
5.42927	0.0145775
5.42952	0.0185694
5.42976	0.028121
5.43	0.0325963
5.43025	0.0259084
5.43049	0.0154028
5.43074	0.0124664
5.43098	0.0174634
5.43123	0.0206671
5.43147	0.0171307
5.43172	0.0130339
5.43196	0.0152032
5.43221	0.0211085
5.43245	0.0238924
5.4327	0.0226466
5.43294	0.0218548
5.43318	0.0230796
5.43343	0.0232699
5.43367	0.0209715
5.43392	0.018837
5.43416	0.0189046
5.43441	0.0196937
5.43465	0.0195687
5.4349	0.0194426
5.43514	0.0202125
5.43539	0.0205591
5.43563	0.0196448
5.43587	0.0195537
5.43612	0.0222111
5.43636	0.0253763
5.43661	0.0247077
5.43685	0.0196223
5.4371	0.0148568
5.43734	0.015635
5.43759	0.0222769
5.43783	0.0298732
5.43808	0.0329243
5.43832	0.0304154
5.43857	0.0263694
5.43881	0.0251025
5.43905	0.0266139
5.4393	0.0279113
5.43954	0.0280477
5.43979	0.0290448
5.44003	0.0314491
5.44028	0.0324073
5.44052	0.0302593
5.44077	0.0282353
5.44101	0.0302839
5.44126	0.0348971
5.4415	0.0369361
5.44175	0.0351395
5.44199	0.0337451
5.44223	0.0357211
5.44248	0.0382253
5.44272	0.0372192
5.44297	0.0337509
5.44321	0.032126
5.44346	0.0332559
5.4437	0.0339201
5.44395	0.0327881
5.44419	0.0329309
5.44444	0.036398
5.44468	0.0400091
5.44493	0.0401326
5.44517	0.038981
5.44541	0.041124
5.44566	0.0449028
5.4459	0.0436103
5.44615	0.0365329
5.44639	0.0323463
5.44664	0.0374861
5.44688	0.046398
5.44713	0.0492677
5.44737	0.045908
5.44762	0.0447022
5.44786	0.0490585
5.4481	0.0527771
5.44835	0.0503111
5.44859	0.0448075
5.44884	0.0425846
5.44908	0.0445044
5.44933	0.0467694
5.44957	0.0472047
5.44982	0.047125
5.45006	0.0484988
5.45031	0.0516427
5.45055	0.0547478
5.4508	0.0551438
5.45104	0.0528907
5.45128	0.0525057
5.45153	0.0574106
5.45177	0.0631922
5.45202	0.0621777
5.45226	0.0555346
5.45251	0.0535624
5.45275	0.0608455
5.453	0.0687869
5.45324	0.0685159
5.45349	0.0640416
5.45373	0.0644285
5.45398	0.0686528
5.45422	0.0687685
5.45446	0.0650992
5.45471	0.0664735
5.45495	0.0748179
5.4552	0.0809033
5.45544	0.0789537
5.45569	0.0755487
5.45593	0.0781459
5.45618	0.0827559
5.45642	0.0808949
5.45667	0.0737729
5.45691	0.0709194
5.45716	0.0762273
5.4574	0.082938
5.45764	0.0836832
5.45789	0.0800846
5.45813	0.0796171
5.45838	0.0855909
5.45862	0.0931661
5.45887	0.0953776
5.45911	0.0914693
5.45936	0.0873939
5.4596	0.0877991
5.45985	0.0902483
5.46009	0.090096
5.46034	0.0886687
5.46058	0.0915238
5.46082	0.099076
5.46107	0.104977
5.46131	0.105291
5.46156	0.103444
5.4618	0.103461
5.46205	0.104259
5.46229	0.104728
5.46254	0.108477
5.46278	0.117418
5.46303	0.125481
5.46327	0.126349
5.46351	0.124169
5.46376	0.127892
5.464	0.136511
5.46425	0.139566
5.46449	0.133304
5.46474	0.1269
5.46498	0.129138
5.46523	0.137058
5.46547	0.142884
5.46572	0.145363
5.46596	0.147869
5.46621	0.150424
5.46645	0.150848
5.46669	0.150828
5.46694	0.154076
5.46718	0.160132
5.46743	0.165866
5.46767	0.171424
5.46792	0.178814
5.46816	0.186215
5.46841	0.190307
5.46865	0.193139
5.4689	0.199482
5.46914	0.207799
5.46939	0.211965
5.46963	0.212555
5.46987	0.21718
5.47012	0.227293
5.47036	0.234824
5.47061	0.236767
5.47085	0.242488
5.4711	0.258233
5.47134	0.274141
5.47159	0.278633
5.47183	0.278435
5.47208	0.289269
5.47232	0.310216
5.47257	0.324301
5.47281	0.325612
5.47305	0.328559
5.4733	0.344387
5.47354	0.364579
5.47379	0.377756
5.47403	0.389296
5.47428	0.410228
5.47452	0.436458
5.47477	0.455318
5.47501	0.467392
5.47526	0.48529
5.4755	0.512522
5.47574	0.540018
5.47599	0.565057
5.47623	0.597302
5.47648	0.640396
5.47672	0.682027
5.47697	0.711661
5.47721	0.737758
5.47746	0.776904
5.4777	0.832582
5.47795	0.894592
5.47819	0.954955
5.47844	1.01512
5.47868	1.08004
5.47892	1.15295
5.47917	1.23438
5.47941	1.32014
5.47966	1.40249
5.4799	1.479
5.48015	1.55661
5.48039	1.64053
5.48064	1.72329
5.48088	1.7936
5.48113	1.85355
5.48137	1.91657
5.48162	1.98878
5.48186	2.06309
5.4821	2.13409
5.48235	2.20879
5.48259	2.29808
5.48284	2.4051
5.48308	2.52752
5.48333	2.66577
5.48357	2.82423
5.48382	3.00929
5.48406	3.23085
5.48431	3.50313
5.48455	3.84205
5.4848	4.26798
5.48504	4.81469
5.48528	5.52936
5.48553	6.45573
5.48577	7.61669
5.48602	9.01128
5.48626	10.6165
5.48651	12.3801
5.48675	14.2119
5.487	15.9903
5.48724	17.5781
5.48749	18.8375
5.48773	19.6461
5.48797	19.9217
5.48822	19.6454
5.48846	18.8614
5.48871	17.6577
5.48895	16.1472
5.4892	14.4572
5.48944	12.7173
5.48969	11.0424
5.48993	9.52092
5.49018	8.20692
5.49042	7.1143
5.49067	6.22094
5.49091	5.49106
5.49115	4.8986
5.4914	4.42648
5.49164	4.05014
5.49189	3.738
5.49213	3.47188
5.49238	3.2542
5.49262	3.08913
5.49287	2.96828
5.49311	2.88298
5.49336	2.83947
5.4936	2.84981
5.49385	2.914
5.49409	3.02131
5.49433	3.1625
5.49458	3.3274
5.49482	3.49384
5.49507	3.63271
5.49531	3.72474
5.49556	3.76212
5.4958	3.73537
5.49605	3.63334
5.49629	3.45987
5.49654	3.23794
5.49678	2.99091
5.49703	2.72871
5.49727	2.45853
5.49751	2.1982
5.49776	1.96807
5.498	1.77441
5.49825	1.6105
5.49849	1.47145
5.49874	1.35852
5.49898	1.26977
5.49923	1.19597
5.49947	1.12908
5.49972	1.06924
5.49996	1.01983
5.5002	0.979446
5.50045	0.942343
5.50069	0.905246
5.50094	0.870289
5.50118	0.840773
5.50143	0.815953
5.50167	0.791661
5.50192	0.765797
5.50216	0.741076
5.50241	0.720637
5.50265	0.702276
5.5029	0.680126
5.50314	0.652403
5.50338	0.624481
5.50363	0.602744
5.50387	0.587474
5.50412	0.57366
5.50436	0.557525
5.50461	0.540276
5.50485	0.525586
5.5051	0.514502
5.50534	0.503478
5.50559	0.488359
5.50583	0.470462
5.50608	0.456445
5.50632	0.450031
5.50656	0.446193
5.50681	0.437205
5.50705	0.422763
5.5073	0.409346
5.50754	0.4006
5.50779	0.394203
5.50803	0.388124
5.50828	0.383127
5.50852	0.377705
5.50877	0.367953
5.50901	0.355453
5.50926	0.347799
5.5095	0.346772
5.50974	0.343396
5.50999	0.331042
5.51023	0.316453
5.51048	0.309426
5.51072	0.307323
5.51097	0.300176
5.51121	0.287505
5.51146	0.27832
5.5117	0.275148
5.51195	0.270087
5.51219	0.259197
5.51243	0.249833
5.51268	0.248334
5.51292	0.249036
5.51317	0.242557
5.51341	0.229625
5.51366	0.219702
5.5139	0.218306
5.51415	0.221044
5.51439	0.219524
5.51464	0.210316
5.51488	0.198655
5.51513	0.193669
5.51537	0.197832
5.51561	0.202154
5.51586	0.196596
5.5161	0.18457
5.51635	0.179597
5.51659	0.186095
5.51684	0.192472
5.51708	0.187986
5.51733	0.177681
5.51757	0.172972
5.51782	0.174519
5.51806	0.174255
5.51831	0.169603
5.51855	0.164823
5.51879	0.160679
5.51904	0.153987
5.51928	0.147139
5.51953	0.146903
5.51977	0.151864
5.52002	0.151712
5.52026	0.1427
5.52051	0.134005
5.52075	0.133501
5.521	0.136196
5.52124	0.133714
5.52149	0.12746
5.52173	0.124005
5.52197	0.123516
5.52222	0.122063
5.52246	0.120858
5.52271	0.123023
5.52295	0.124196
5.5232	0.117521
5.52344	0.107265
5.52369	0.105755
5.52393	0.114822
5.52418	0.121556
5.52442	0.116934
5.52466	0.108263
5.52491	0.106361
5.52515	0.109452
5.5254	0.108933
5.52564	0.104472
5.52589	0.102634
5.52613	0.104192
5.52638	0.103641
5.52662	0.10016
5.52687	0.0988161
5.52711	0.100344
5.52736	0.0993451
5.5276	0.0944839
5.52784	0.0913088
5.52809	0.0919963
5.52833	0.0912328
5.52858	0.0864594
5.52882	0.083387
5.52907	0.0855022
5.52931	0.0864973
5.52956	0.0809936
5.5298	0.0754026
5.53005	0.0781964
5.53029	0.0848394
5.53054	0.0839539
5.53078	0.0754626
5.53102	0.0702148
5.53127	0.0719902
5.53151	0.0728263
5.53176	0.0687949
5.532	0.0675962
5.53225	0.0741844
5.53249	0.0798585
5.53274	0.0748829
5.53298	0.064195
5.53323	0.060165
5.53347	0.0646204
5.53372	0.0687442
5.53396	0.0683172
5.5342	0.0679733
5.53445	0.0699506
5.53469	0.06916
5.53494	0.0629152
5.53518	0.0571388
5.53543	0.0577327
5.53567	0.0619485
5.53592	0.0640366
5.53616	0.0647133
5.53641	0.0681659
5.53665	0.0723874
5.53689	0.0702772
5.53714	0.0609914
5.53738	0.0535463
5.53763	0.0559525
5.53787	0.0649985
5.53812	0.0706539
5.53836	0.068027
5.53861	0.0609245
5.53885	0.0550934
5.5391	0.0526063
5.53934	0.0530819
5.53959	0.0556382
5.53983	0.0575908
5.54007	0.0552225
5.54032	0.0492467
5.54056	0.04661
5.54081	0.0525851
5.54105	0.0626553
5.5413	0.0668656
5.54154	0.0618284
5.54179	0.0539486
5.54203	0.0504038
5.54228	0.0514709
5.54252	0.0530974
5.54277	0.0527947
5.54301	0.0506883
5.54325	0.0478448
5.5435	0.045654
5.54374	0.0444977
5.54399	0.0422166
5.54423	0.0372892
5.54448	0.0337698
5.54472	0.0374659
5.54497	0.0455378
5.54521	0.0469943
5.54546	0.0379255
5.5457	0.0290911
5.54595	0.0313107
5.54619	0.0395084
5.54643	0.0409297
5.54668	0.034958
5.54692	0.0327663
5.54717	0.0381198
5.54741	0.0413729
5.54766	0.035873
5.5479	0.0288029
5.54815	0.0293966
5.54839	0.0353539
5.54864	0.0387006
5.54888	0.0383821
5.54913	0.038617
5.54937	0.0394858
5.54961	0.0378363
5.54986	0.0348153
5.5501	0.0344013
5.55035	0.0360079
5.55059	0.0360299
5.55084	0.0356049
5.55108	0.0390186
5.55133	0.0444361
5.55157	0.0442265
5.55182	0.0362348
5.55206	0.0277314
5.5523	0.0256171
5.55255	0.0288934
5.55279	0.0334558
5.55304	0.0378577
5.55328	0.0403838
5.55353	0.036749
5.55377	0.0268406
5.55402	0.0193151
5.55426	0.0223882
5.55451	0.0322192
5.55475	0.0372308
5.555	0.0332164
5.55524	0.0274003
5.55548	0.0267444
5.55573	0.028886
5.55597	0.0277674
5.55622	0.0232263
5.55646	0.0204662
5.55671	0.0225097
5.55695	0.0273625
5.5572	0.0315992
5.55744	0.0333389
5.55769	0.032162
5.55793	0.0293528
5.55818	0.0283638
5.55842	0.0318162
5.55866	0.0370347
5.55891	0.037634
5.55915	0.0316051
5.5594	0.0252557
5.55964	0.0258422
5.55989	0.0318019
5.56013	0.0346523
5.56038	0.0307855
5.56062	0.0263699
5.56087	0.0279063
5.56111	0.0323577
5.56136	0.031902
5.5616	0.0261323
5.56184	0.0226915
5.56209	0.0252157
5.56233	0.0276963
5.56258	0.0244212
5.56282	0.0196482
5.56307	0.0212216
5.56331	0.0280775
5.56356	0.0315352
5.5638	0.0282203
5.56405	0.0241965
5.56429	0.0246548
5.56453	0.0264064
5.56478	0.024402
5.56502	0.0201968
5.56527	0.0186989
5.56551	0.020126
5.56576	0.0208773
5.566	0.0202787
5.56625	0.0206178
5.56649	0.021382
5.56674	0.0194355
5.56698	0.01549
5.56723	0.0146505
5.56747	0.0185649
5.56771	0.0220285
5.56796	0.0203785
5.5682	0.0161434
5.56845	0.0145343
5.56869	0.0155464
5.56894	0.0151979
5.56918	0.012856
5.56943	0.0121898
5.56967	0.0147408
5.56992	0.0170414
5.57016	0.0158068
5.57041	0.0127499
5.57065	0.011881
5.57089	0.0140006
5.57114	0.0165442
5.57138	0.0180095
5.57163	0.0196264
5.57187	0.0219881
5.57212	0.0226146
5.57236	0.0192096
5.57261	0.0142181
5.57285	0.0129796
5.5731	0.0167284
5.57334	0.0205398
5.57359	0.0201397
5.57383	0.0177507
5.57407	0.0178114
5.57432	0.019459
5.57456	0.0184558
5.57481	0.0154765
5.57505	0.015945
5.5753	0.0205175
5.57554	0.0226296
5.57579	0.0189201
5.57603	0.0156462
5.57628	0.0189573
5.57652	0.0240158
5.57676	0.0216526
5.57701	0.0131129
5.57725	0.00938672
5.5775	0.0157531
5.57774	0.0252243
5.57799	0.0295948
5.57823	0.0297562
5.57848	0.0310731
5.57872	0.0342218
5.57897	0.0359267
5.57921	0.0353437
5.57946	0.0344239
5.5797	0.0334952
5.57994	0.0310419
5.58019	0.0275228
5.58043	0.0257937
5.58068	0.0271843
5.58092	0.029427
5.58117	0.0292525
5.58141	0.026029
5.58166	0.0224751
5.5819	0.0219023
5.58215	0.0243395
5.58239	0.0258294
5.58264	0.0229731
5.58288	0.0177239
5.58312	0.0151133
5.58337	0.0161239
5.58361	0.0161541
5.58386	0.0120419
5.5841	0.00720067
5.58435	0.00710992
5.58459	0.0120748
5.58484	0.0175496
5.58508	0.020047
5.58533	0.0196636
5.58557	0.0177572
5.58582	0.0154002
5.58606	0.0140764
5.5863	0.015191
5.58655	0.0180905
5.58679	0.0202299
5.58704	0.0200535
5.58728	0.0188577
5.58753	0.019222
5.58777	0.0216565
5.58802	0.0230937
5.58826	0.019701
5.58851	0.0121733
5.58875	0.00685122
5.58899	0.00897614
5.58924	0.0155027
5.58948	0.0182037
5.58973	0.0142704
5.58997	0.00966688
5.59022	0.0105192
5.59046	0.0155028
5.59071	0.0193621
5.59095	0.0199166
5.5912	0.0181717
5.59144	0.0152177
5.59169	0.0131651
5.59193	0.0156495
5.59217	0.0222946
5.59242	0.0256019
5.59266	0.019547
5.59291	0.0095753
5.59315	0.00722962
5.5934	0.014916
5.59364	0.0227802
5.59389	0.0221813
5.59413	0.0160989
5.59438	0.0132322
5.59462	0.0166523
5.59487	0.0220607
5.59511	0.024327
5.59535	0.0224015
5.5956	0.0193866
5.59584	0.0197526
5.59609	0.0248256
5.59633	0.029929
5.59658	0.0285399
5.59682	0.0206842
5.59707	0.014238
5.59731	0.0157287
5.59756	0.022569
5.5978	0.0271713
5.59805	0.0264513
5.59829	0.0238187
5.59853	0.0232041
5.59878	0.0249982
5.59902	0.0278818
5.59927	0.0310878
5.59951	0.0335303
5.59976	0.0332879
5.6	0.03024
5.60025	0.0280263
5.60049	0.0307889
5.60074	0.0376712
5.60098	0.0428724
5.60122	0.0426788
5.60147	0.0406249
5.60171	0.0430741
5.60196	0.0507842
5.6022	0.0586163
5.60245	0.0636893
5.60269	0.0691069
5.60294	0.0775258
5.60318	0.0857723
5.60343	0.0899219
5.60367	0.092024
5.60392	0.0963922
5.60416	0.101586
5.6044	0.102188
5.60465	0.0975474
5.60489	0.0924937
5.60514	0.0893548
5.60538	0.085701
5.60563	0.0810122
5.60587	0.0786608
5.60612	0.0784922
5.60636	0.0739392
5.60661	0.0611742
5.60685	0.0463641
5.6071	0.038636
5.60734	0.0392707
5.60758	0.042954
5.60783	0.0466198
5.60807	0.0508033
5.60832	0.0537524
5.60856	0.0512413
5.60881	0.0436407
5.60905	0.0378557
5.6093	0.0394077
5.60954	0.0457939
5.60979	0.0502751
5.61003	0.049941
5.61028	0.047325
5.61052	0.0455723
5.61076	0.0451207
5.61101	0.0451118
5.61125	0.0454788
5.6115	0.0465904
5.61174	0.0483577
5.61199	0.0506289
5.61223	0.0532085
5.61248	0.0546908
5.61272	0.0531669
5.61297	0.0497169
5.61321	0.048947
5.61345	0.0531017
5.6137	0.0577177
5.61394	0.0574943
5.61419	0.0549081
5.61443	0.0568018
5.61468	0.0628148
5.61492	0.0654603
5.61517	0.0638437
5.61541	0.0678309
5.61566	0.0829396
5.6159	0.100148
5.61615	0.109629
5.61639	0.11694
5.61663	0.133787
5.61688	0.158018
5.61712	0.176737
5.61737	0.186904
5.61761	0.197565
5.61786	0.210662
5.6181	0.215508
5.61835	0.207158
5.61859	0.195512
5.61884	0.188256
5.61908	0.178011
5.61933	0.157067
5.61957	0.13387
5.61981	0.12176
5.62006	0.118585
5.6203	0.111151
5.62055	0.0959549
5.62079	0.0825315
5.62104	0.077508
5.62128	0.0771592
5.62153	0.0767031
5.62177	0.0770485
5.62202	0.0798742
5.62226	0.0834448
5.62251	0.0859468
5.62275	0.0879141
5.62299	0.0896866
5.62324	0.0901721
5.62348	0.0886874
5.62373	0.0853641
5.62397	0.0807767
5.62422	0.0773956
5.62446	0.0781972
5.62471	0.0806502
5.62495	0.0768286
5.6252	0.0644513
5.62544	0.052486
5.62569	0.0490779
5.62593	0.0493238
5.62617	0.0437838
5.62642	0.0343228
5.62666	0.030613
5.62691	0.0338418
5.62715	0.0358282
5.6274	0.033474
5.62764	0.0319097
5.62789	0.0324743
5.62813	0.0298608
5.62838	0.0239693
5.62862	0.022813
5.62886	0.0290408
5.62911	0.0340092
5.62935	0.030898
5.6296	0.0246712
5.62984	0.0230671
5.63009	0.0257355
5.63033	0.0283903
5.63058	0.0304092
5.63082	0.0320074
5.63107	0.0304681
5.63131	0.0254711
5.63156	0.0222647
5.6318	0.0236892
5.63204	0.0250396
5.63229	0.0226431
5.63253	0.0209695
5.63278	0.0244026
5.63302	0.0283172
5.63327	0.0263609
5.63351	0.0212828
5.63376	0.0200017
5.634	0.0222783
5.63425	0.0230473
5.63449	0.0224261
5.63474	0.0243217
5.63498	0.0276432
5.63522	0.0279527
5.63547	0.0260954
5.63571	0.0263416
5.63596	0.0274334
5.6362	0.0248132
5.63645	0.0209302
5.63669	0.0230519
5.63694	0.0299291
5.63718	0.0312354
5.63743	0.0234421
5.63767	0.0164405
5.63792	0.0190365
5.63816	0.0259134
5.6384	0.0258263
5.63865	0.0171747
5.63889	0.00841055
5.63914	0.00627886
5.63938	0.00989953
5.63963	0.0146135
5.63987	0.0164564
5.64012	0.0138915
5.64036	0.00928264
5.64061	0.00769924
5.64085	0.0108327
5.64109	0.013676
5.64134	0.011072
5.64158	0.00593051
5.64183	0.00591138
5.64207	0.0122638
5.64232	0.0174816
5.64256	0.0156984
5.64281	0.0105553
5.64305	0.00940245
5.6433	0.013097
5.64354	0.016091
5.64379	0.0151856
5.64403	0.013277
5.64427	0.0136108
5.64452	0.0145115
5.64476	0.0125378
5.64501	0.00852875
5.64525	0.00711144
5.6455	0.0104987
5.64574	0.0153628
5.64599	0.016642
5.64623	0.0130976
5.64648	0.00826618
5.64672	0.0063303
5.64697	0.00753318
5.64721	0.00813675
5.64745	0.00545702
5.6477	0.0020505
5.64794	0.00258724
5.64819	0.00654907
5.64843	0.00779011
5.64868	0.00345846
5.64892	-0.00050143
5.64917	0.00293054
5.64941	0.0112303
5.64966	0.0150505
5.6499	0.0107605
5.65015	0.00438291
5.65039	0.00233019
5.65063	0.00392086
5.65088	0.00528008
5.65112	0.0057079
5.65137	0.00680178
5.65161	0.00858653
5.65186	0.00978559
5.6521	0.0099834
5.65235	0.00945783
5.65259	0.00867561
5.65284	0.00894451
5.65308	0.0110155
5.65332	0.0125033
5.65357	0.0102694
5.65381	0.00595898
5.65406	0.00456693
5.6543	0.00634876
5.65455	0.00582146
5.65479	0.00119939
5.65504	-0.00147746
5.65528	0.00222428
5.65553	0.00752988
5.65577	0.00787104
5.65602	0.00470656
5.65626	0.00326063
5.6565	0.00285857
5.65675	-0.000354967
5.65699	-0.00375431
5.65724	-0.000384611
5.65748	0.00920486
5.65773	0.0155191
5.65797	0.0126168
5.65822	0.00567113
5.65846	0.00314108
5.65871	0.00602419
5.65895	0.00812016
5.6592	0.0043892
5.65944	-0.00343356
5.65968	-0.0086297
5.65993	-0.00622883
5.66017	0.00152443
5.66042	0.00733384
5.66066	0.00717697
5.66091	0.004049
5.66115	0.00205081
5.6614	0.000785854
5.66164	-0.00110488
5.66189	-0.00126361
5.66213	0.00224066
5.66238	0.0055458
5.66262	0.00395359
5.66286	-0.000301472
5.66311	-0.00162076
5.66335	-4.0571e-05
5.6636	0.000298944
5.66384	-0.000446092
5.66409	0.0011907
5.66433	0.00400682
5.66458	0.00361848
5.66482	0.00133265
5.66507	0.00262668
5.66531	0.00673117
5.66555	0.00720849
5.6658	0.00377959
5.66604	0.00338463
5.66629	0.00732746
5.66653	0.00802564
5.66678	0.00229556
5.66702	-0.00263218
5.66727	-0.00144826
5.66751	0.0011075
5.66776	0.000653686
5.668	0.00157969
5.66825	0.00716026
5.66849	0.0106859
5.66873	0.0060479
5.66898	-0.000804862
5.66922	-0.00134961
5.66947	0.00155457
5.66971	0.000442523
5.66996	-0.00215366
5.6702	0.00136212
5.67045	0.00829269
5.67069	0.00888702
5.67094	0.00320126
5.67118	0.00117802
5.67143	0.00549294
5.67167	0.00733372
5.67191	0.0016426
5.67216	-0.0053162
5.6724	-0.00727542
5.67265	-0.00618998
5.67289	-0.00480376
5.67314	-0.000893585
5.67338	0.00563907
5.67363	0.00868049
5.67387	0.00509759
5.67412	0.000737401
5.67436	0.00117372
5.67461	0.00314101
5.67485	0.00160628
5.67509	-0.000767332
5.67534	0.00136185
5.67558	0.00610822
5.67583	0.00704918
5.67607	0.00305556
5.67632	-0.00120903
5.67656	-0.00266474
5.67681	-0.00195347
5.67705	0.000198275
5.6773	0.00342447
5.67754	0.00559108
5.67778	0.00472993
5.67803	0.00224308
5.67827	0.000796288
5.67852	0.000529319
5.67876	0.00036999
5.67901	0.000796434
5.67925	0.00216052
5.6795	0.00314601
5.67974	0.00409769
5.67999	0.00787583
5.68023	0.013266
5.68048	0.012661
5.68072	0.00287593
5.68096	-0.00628491
5.68121	-0.00311167
5.68145	0.00889782
5.6817	0.0147269
5.68194	0.00808018
5.68219	-0.00217488
5.68243	-0.00695318
5.68268	-0.00767458
5.68292	-0.00806669
5.68317	-0.00548199
5.68341	0.00211643
5.68366	0.0077823
5.6839	0.00344006
5.68414	-0.00719924
5.68439	-0.0120595
5.68463	-0.00647944
5.68488	0.00125705
5.68512	0.0012874
5.68537	-0.0058297
5.68561	-0.0106728
5.68586	-0.00622019
5.6861	0.00422622
5.68635	0.0103188
5.68659	0.00576905
5.68684	-0.00473247
5.68708	-0.0113363
5.68732	-0.0103429
5.68757	-0.00586132
5.68781	-0.00124915
5.68806	0.0044457
5.6883	0.00999444
5.68855	0.00981699
5.68879	0.00308917
5.68904	-0.00191407
5.68928	0.000667642
5.68953	0.00444048
5.68977	0.000953435
5.69001	-0.00541856
5.69026	-0.00381081
5.6905	0.00461342
5.69075	0.00726822
5.69099	0.00016281
5.69124	-0.00554409
5.69148	-0.00137762
5.69173	0.00573941
5.69197	0.00586628
5.69222	0.0015129
5.69246	0.00123609
5.69271	0.00465418
5.69295	0.00466586
5.69319	0.000972835
5.69344	0.000557552
5.69368	0.00525409
5.69393	0.00844609
5.69417	0.00573553
5.69442	0.00104621
5.69466	-0.000640808
5.69491	-0.000296743
5.69515	-0.000989406
5.6954	-0.00175886
5.69564	0.000228368
5.69589	0.00380078
5.69613	0.00423714
5.69637	-0.000275718
5.69662	-0.00509899
5.69686	-0.00369509
5.69711	0.00419029
5.69735	0.0105785
5.6976	0.00795993
5.69784	-0.000642571
5.69809	-0.00446446
5.69833	0.00101928
5.69858	0.00801348
5.69882	0.00750677
5.69907	0.00112754
5.69931	-0.00347824
5.69955	-0.0044143
5.6998	-0.00522796
5.70004	-0.00602006
5.70029	-0.00368174
5.70053	9.71216e-05
5.70078	0.000209503
5.70102	-0.00201101
5.70127	0.000378484
5.70151	0.00731223
5.70176	0.00944731
5.702	0.00253788
5.70225	-0.00479092
5.70249	-0.00352118
5.70273	0.0029009
5.70298	0.00519366
5.70322	0.0019452
5.70347	-0.000864822
5.70371	-8.77562e-05
5.70396	0.0021158
5.7042	0.00347474
5.70445	0.00311829
5.70469	0.000153417
5.70494	-0.0038711
5.70518	-0.00384077
5.70542	0.00207055
5.70567	0.00744711
5.70591	0.00551278
5.70616	-0.0010123
5.7064	-0.00437036
5.70665	-0.00298757
5.70689	-0.0009392
5.70714	0.000769971
5.70738	0.00364976
5.70763	0.004584
5.70787	-0.000699127
5.70812	-0.00740156
5.70836	-0.00568261
5.7086	0.00355518
5.70885	0.00775273
5.70909	0.00109911
5.70934	-0.00675071
5.70958	-0.00592268
5.70983	-0.00046852
5.71007	0.000503152
5.71032	-0.00245968
5.71056	-0.00292459
5.71081	-0.00116104
5.71105	-0.00238279
5.7113	-0.00564901
5.71154	-0.005072
5.71178	-0.00116137
5.71203	-0.000958421
5.71227	-0.0058443
5.71252	-0.00839831
5.71276	-0.00423503
5.71301	0.00094917
5.71325	0.000372226
5.7135	-0.00408909
5.71374	-0.00614283
5.71399	-0.00428214
5.71423	-0.001351
5.71448	0.00156603
5.71472	0.00494255
5.71496	0.00657298
5.71521	0.00366934
5.71545	-0.00120166
5.7157	-0.00208993
5.71594	0.00152571
5.71619	0.00337798
5.71643	3.13634e-05
5.71668	-0.00348116
5.71692	-0.00173442
5.71717	0.00170821
5.71741	-0.000872219
5.71765	-0.00900017
5.7179	-0.0132837
5.71814	-0.00800615
5.71839	0.00125844
5.71863	0.00510815
5.71888	0.0012135
5.71912	-0.00504873
5.71937	-0.00765225
5.71961	-0.00486129
5.71986	0.000401959
5.7201	0.00298589
5.72035	0.000671492
5.72059	-0.00202597
5.72083	0.000982531
5.72108	0.00740628
5.72132	0.00790122
5.72157	0.00027924
5.72181	-0.00507063
5.72206	2.85718e-05
5.7223	0.0085586
5.72255	0.00911861
5.72279	0.00388916
5.72304	0.00400979
5.72328	0.0101251
5.72353	0.0111306
5.72377	0.00313629
5.72401	-0.003595
5.72426	-0.000844666
5.7245	0.00571959
5.72475	0.00674962
5.72499	0.00208167
5.72524	-0.00277762
5.72548	-0.00530705
5.72573	-0.00500754
5.72597	-0.000767013
5.72622	0.00494674
5.72646	0.00576799
5.72671	0.000770785
5.72695	-0.00259434
5.72719	-4.22832e-05
5.72744	0.00288066
5.72768	0.00162811
5.72793	0.00118437
5.72817	0.00579538
5.72842	0.00908571
5.72866	0.00460651
5.72891	-0.0015299
5.72915	-0.000120233
5.7294	0.00547195
5.72964	0.00558638
5.72988	0.000851799
5.73013	-0.000756949
5.73037	0.000788664
5.73062	-0.000754758
5.73086	-0.004082
5.73111	-0.00292776
5.73135	-0.000335247
5.7316	-0.00444202
5.73184	-0.0108369
5.73209	-0.00655041
5.73233	0.00669122
5.73258	0.0115699
5.73282	0.00225971
5.73306	-0.00587217
5.73331	-0.00151636
5.73355	0.00525254
5.7338	0.00213333
5.73404	-0.00472598
5.73429	-0.0035635
5.73453	0.00212155
5.73478	0.00162838
5.73502	-0.00312238
5.73527	-0.00238715
5.73551	0.00273523
5.73576	0.00263487
5.736	-0.0030224
5.73624	-0.00508115
5.73649	-0.00133406
5.73673	0.000765222
5.73698	-0.00175849
5.73722	-0.00310951
5.73747	-9.54203e-06
5.73771	0.00374569
5.73796	0.00567142
5.7382	0.00749724
5.73845	0.00820937
5.73869	0.00412012
5.73894	-0.002289
5.73918	-0.00341895
5.73942	0.00111585
5.73967	0.00295477
5.73991	-0.00109925
5.74016	-0.00361555
5.7404	0.000411927
5.74065	0.00455598
5.74089	0.00155438
5.74114	-0.00491499
5.74138	-0.00654873
5.74163	-0.00268663
5.74187	0.00146365
5.74211	0.00444315
5.74236	0.00830107
5.7426	0.011109
5.74285	0.00783162
5.74309	-0.000966377
5.74334	-0.00747906
5.74358	-0.00561775
5.74383	0.00207627
5.74407	0.00811724
5.74432	0.00837717
5.74456	0.00510993
5.74481	0.00279475
5.74505	0.00263866
5.74529	0.00222046
5.74554	0.000192502
5.74578	-0.00107846
5.74603	0.000534202
5.74627	0.0025597
5.74652	0.0012165
5.74676	-0.00210574
5.74701	-0.00223864
5.74725	0.00180208
5.7475	0.0050361
5.74774	0.00386124
5.74799	0.000762591
5.74823	-8.4009e-05
5.74847	0.00195708
5.74872	0.00496987
5.74896	0.00706929
5.74921	0.00637792
5.74945	0.00216819
5.7497	-0.00244039
5.74994	-0.00304304
5.75019	-0.00067751
5.75043	-0.00108398
5.75068	-0.00531621
5.75092	-0.00707577
5.75117	-0.00276074
5.75141	0.00216652
5.75165	0.00199644
5.7519	4.5294e-05
5.75214	0.00228241
5.75239	0.00649665
5.75263	0.00614714
5.75288	0.00200603
5.75312	0.000950497
5.75337	0.00407429
5.75361	0.0049371
5.75386	0.000617434
5.7541	-0.00373897
5.75434	-0.00381939
5.75459	-0.0023761
5.75483	-0.00307393
5.75508	-0.00408637
5.75532	-0.00212319
5.75557	0.00153928
5.75581	0.00339731
5.75606	0.0031117
5.7563	0.0027884
5.75655	0.00294853
5.75679	0.00228123
5.75704	1.44242e-05
5.75728	-0.00347312
5.75752	-0.00692066
5.75777	-0.00795882
5.75801	-0.00477989
5.75826	0.000981366
5.7585	0.00548071
5.75875	0.00727573
5.75899	0.00758884
5.75924	0.0060304
5.75948	0.00111116
5.75973	-0.00394418
5.75997	-0.0024126
5.76022	0.0055796
5.76046	0.0102994
5.7607	0.00516172
5.76095	-0.00339924
5.76119	-0.00537151
5.76144	-0.00150024
5.76168	9.48858e-05
5.76193	-0.0019956
5.76217	-0.00177228
5.76242	0.00184569
5.76266	0.00257325
5.76291	-0.0015589
5.76315	-0.0039157
5.7634	-0.000717417
5.76364	0.00183683
5.76388	-0.00215384
5.76413	-0.00777042
5.76437	-0.00634511
5.76462	0.00146239
5.76486	0.00730613
5.76511	0.00740781
5.76535	0.0057082
5.7656	0.00541089
5.76584	0.00446907
5.76609	0.00118637
5.76633	-0.00113355
5.76657	0.00154156
5.76682	0.00760447
5.76706	0.0106117
5.76731	0.00617347
5.76755	-0.00306199
5.7678	-0.00958291
5.76804	-0.00846837
5.76829	-0.00253949
5.76853	0.0010691
5.76878	-0.000666641
5.76902	-0.00403664
5.76927	-0.00490363
5.76951	-0.00403
5.76975	-0.00372633
5.77	-0.00274421
5.77024	0.00103061
5.77049	0.00479163
5.77073	0.00320377
5.77098	-0.00314694
5.77122	-0.00678842
5.77147	-0.00309954
5.77171	0.00266811
5.77196	0.00171742
5.7722	-0.00648562
5.77245	-0.012766
5.77269	-0.0096516
5.77293	-0.00103751
5.77318	0.0030063
5.77342	-0.000136746
5.77367	-0.00259116
5.77391	0.00134549
5.77416	0.00549233
5.7744	0.00123649
5.77465	-0.0072425
5.77489	-0.00717862
5.77514	0.00313337
5.77538	0.0098984
5.77563	0.00357675
5.77587	-0.00692022
5.77611	-0.00782746
5.77636	-0.00051491
5.7766	0.00266468
5.77685	-0.00210103
5.77709	-0.00633685
5.77734	-0.00401482
5.77758	0.000737173
5.77783	0.00227918
5.77807	0.00100733
5.77832	-0.000458798
5.77856	-0.00177946
5.7788	-0.00280733
5.77905	-0.0023731
5.77929	-0.00131248
5.77954	-0.00219919
5.77978	-0.00478054
5.78003	-0.00594706
5.78027	-0.00460624
5.78052	-0.00222309
5.78076	0.000645473
5.78101	0.0030457
5.78125	0.000691416
5.7815	-0.00824483
5.78174	-0.0158252
5.78198	-0.0121971
5.78223	-0.000790079
5.78247	0.00476908
5.78272	0.000404736
5.78296	-0.00326867
5.78321	0.000906845
5.78345	0.00557708
5.7837	0.00261034
5.78394	-0.00324744
5.78419	-0.00352084
5.78443	4.31527e-05
5.78468	0.000592903
5.78492	-0.00160449
5.78516	-0.00197925
5.78541	-0.00124407
5.78565	-0.00262198
5.7859	-0.00414525
5.78614	-0.00280204
5.78639	-0.00186897
5.78663	-0.00503479
5.78688	-0.00782373
5.78712	-0.00448323
5.78737	0.00116837
5.78761	0.00215812
5.78786	0.00102976
5.7881	0.00430297
5.78834	0.00829063
5.78859	0.00419299
5.78883	-0.00481859
5.78908	-0.00657232
5.78932	-0.000151379
5.78957	0.00229395
5.78981	-0.00347172
5.79006	-0.00666184
5.7903	-0.000747827
5.79055	0.00526486
5.79079	0.00315722
5.79104	-0.000392959
5.79128	0.0031731
5.79152	0.00838781
5.79177	0.00554086
5.79201	-0.00196362
5.79226	-0.0036158
5.7925	0.000339379
5.79275	0.000751569
5.79299	-0.0037309
5.79324	-0.00531821
5.79348	-0.00177812
5.79373	0.000540954
5.79397	-0.000198898
5.79421	0.00225594
5.79446	0.0089484
5.7947	0.0105348
5.79495	0.00198952
5.79519	-0.00720614
5.79544	-0.00627492
5.79568	0.000569378
5.79593	0.00123753
5.79617	-0.00510112
5.79642	-0.00734148
5.79666	-0.00044979
5.79691	0.0068269
5.79715	0.00552669
5.79739	-0.00113489
5.79764	-0.00453398
5.79788	-0.00317868
5.79813	-0.00157726
5.79837	-0.00105151
5.79862	0.00035431
5.79886	0.000946118
5.79911	-0.00332821
5.79935	-0.0103345
5.7996	-0.0121496
5.79984	-0.00608022
5.80009	0.00122485
5.80033	0.00339184
5.80057	0.00199105
5.80082	0.00115341
5.80106	0.000501942
5.80131	-0.00165583
5.80155	-0.00315937
5.8018	-0.00190033
5.80204	-0.00109385
5.80229	-0.00444325
5.80253	-0.00878419
5.80278	-0.00785787
5.80302	-0.00167884
5.80327	0.00378669
5.80351	0.00503097
5.80375	0.00352097
5.804	0.00120317
5.80424	-0.000760383
5.80449	-5.33203e-05
5.80473	0.00384276
5.80498	0.00585148
5.80522	0.00112843
5.80547	-0.00602432
5.80571	-0.00649953
5.80596	0.000272105
5.8062	0.0053373
5.80644	0.00374462
5.80669	0.000453219
5.80693	-4.42695e-05
5.80718	-0.00106762
5.80742	-0.00533879
5.80767	-0.00693864
5.80791	0.000470981
5.80816	0.0119017
5.8084	0.0156746
5.80865	0.00825145
5.80889	-0.00229679
5.80914	-0.00748834
5.80938	-0.00726216
5.80962	-0.00626134
5.80987	-0.0058614
5.81011	-0.00335555
5.81036	0.00207216
5.8106	0.00583252
5.81085	0.00270664
5.81109	-0.00540153
5.81134	-0.00999719
5.81158	-0.00636526
5.81183	5.22502e-06
5.81207	0.00132575
5.81232	-0.00139755
5.81256	-0.00155073
5.8128	0.000778114
5.81305	-0.00149913
5.81329	-0.00917834
5.81354	-0.0122624
5.81378	-0.00363653
5.81403	0.00951144
5.81427	0.014108
5.81452	0.0068458
5.81476	-0.00411557
5.81501	-0.00995993
5.81525	-0.00850184
5.8155	-0.00295753
5.81574	0.00176322
5.81598	0.00252312
5.81623	0.000766103
5.81647	0.000497803
5.81672	0.00208106
5.81696	0.00156245
5.81721	-0.00185899
5.81745	-0.00288306
5.8177	0.00144829
5.81794	0.00548484
5.81819	0.00287304
5.81843	-0.00323239
5.81867	-0.00442846
5.81892	0.000917016
5.81916	0.0063549
5.81941	0.00659647
5.81965	0.00224826
5.8199	-0.00351162
5.82014	-0.0074319
5.82039	-0.0065149
5.82063	-0.00136811
5.82088	0.00192971
5.82112	-0.00108438
5.82137	-0.00565943
5.82161	-0.00371856
5.82185	0.00380719
5.8221	0.00801298
5.82234	0.00548463
5.82259	0.00262344
5.82283	0.00471668
5.82308	0.00843249
5.82332	0.00852761
5.82357	0.00532139
5.82381	0.00155673
5.82406	-0.00221591
5.8243	-0.00491203
5.82455	-0.00332944
5.82479	0.00174975
5.82503	0.00331961
5.82528	-0.00203437
5.82552	-0.0069359
5.82577	-0.00305727
5.82601	0.0054934
5.82626	0.00704677
5.8265	-0.00103461
5.82675	-0.0093396
5.82699	-0.0102522
5.82724	-0.00629086
5.82748	-0.00262925
5.82773	0.000472717
5.82797	0.00358542
5.82821	0.00348073
5.82846	-0.00150475
5.8287	-0.00628176
5.82895	-0.00531751
5.82919	-0.000755681
5.82944	0.00161442
5.82968	0.00140354
5.82993	0.00200838
5.83017	0.00248727
5.83042	-0.000904758
5.83066	-0.00577678
5.8309	-0.00488694
5.83115	0.00211285
5.83139	0.00659322
5.83164	0.00391327
5.83188	0.000664368
5.83213	0.003922
5.83237	0.0100808
5.83262	0.0109234
5.83286	0.00562266
5.83311	-0.000365126
5.83335	-0.00427191
5.8336	-0.00652894
5.83384	-0.00568255
5.83408	-0.000835944
5.83433	0.00321301
5.83457	0.00160446
5.83482	-0.00151304
5.83506	0.0015389
5.83531	0.00853701
5.83555	0.00959198
5.8358	0.00321565
5.83604	-0.00111728
5.83629	0.000882631
5.83653	0.00139834
5.83678	-0.00473449
5.83702	-0.00969698
5.83726	-0.00577807
5.83751	0.000638484
5.83775	-0.000754536
5.838	-0.00682743
5.83824	-0.00630652
5.83849	0.00139898
5.83873	0.0058089
5.83898	0.00307757
5.83922	0.00114974
5.83947	0.00481012
5.83971	0.00741288
5.83996	0.00286409
5.8402	-0.00368847
5.84044	-0.00430255
5.84069	-0.000485174
5.84093	0.000835454
5.84118	-0.00108105
5.84142	-0.00140506
5.84167	0.000533101
5.84191	0.000325163
5.84216	-0.00285727
5.8424	-0.00415084
5.84265	-0.00119138
5.84289	0.00185217
5.84313	0.00128096
5.84338	-0.000450429
5.84362	0.000124508
5.84387	0.00130906
5.84411	0.000324117
5.84436	-0.000162572
5.8446	0.00367782
5.84485	0.00811726
5.84509	0.0056069
5.84534	-0.00244558
5.84558	-0.00550747
5.84583	0.000374164
5.84607	0.0056547
5.84631	0.00216872
5.84656	-0.00335265
5.8468	-0.000212587
5.84705	0.00783811
5.84729	0.00763251
5.84754	-0.00212669
5.84778	-0.00819578
5.84803	-0.00338351
5.84827	0.00308775
5.84852	0.00120578
5.84876	-0.00504563
5.84901	-0.00647943
5.84925	-0.00344366
5.84949	-0.00224193
5.84974	-0.00295981
5.84998	-0.000855744
5.85023	0.00369045
5.85047	0.00587422
5.85072	0.00506003
5.85096	0.00451854
5.85121	0.0043176
5.85145	0.00227502
5.8517	0.000436275
5.85194	0.00251589
5.85219	0.0059646
5.85243	0.00498253
5.85267	0.000924493
5.85292	0.000653264
5.85316	0.0041231
5.85341	0.00342251
5.85365	-0.00351834
5.8539	-0.00817567
5.85414	-0.00477973
5.85439	0.000655915
5.85463	0.000806959
5.85488	-0.00138792
5.85512	0.000559506
5.85536	0.00458454
5.85561	0.00387851
5.85585	-0.0009507
5.8561	-0.00301005
5.85634	-0.000908821
5.85659	-0.000241419
5.85683	-0.00294517
5.85708	-0.0039715
5.85732	-0.000818674
5.85757	0.00160404
5.85781	-0.000320855
5.85806	-0.00225536
5.8583	0.000349013
5.85854	0.00319997
5.85879	-0.000683478
5.85903	-0.00860128
5.85928	-0.0103547
5.85952	-0.0032083
5.85977	0.00308432
5.86001	-0.000460181
5.86026	-0.00955247
5.8605	-0.0124512
5.86075	-0.00509327
5.86099	0.00501765
5.86124	0.0090053
5.86148	0.0058259
5.86172	0.000704604
5.86197	-0.00169025
5.86221	-0.000718871
5.86246	0.00127377
5.8627	0.00151686
5.86295	-0.000798543
5.86319	-0.00374587
5.86344	-0.00469315
5.86368	-0.00323464
5.86393	-0.00130032
5.86417	-0.000512304
5.86442	-0.000504917
5.86466	-2.25724e-05
5.8649	0.00114242
5.86515	0.0016022
5.86539	-0.00018992
5.86564	-0.00353792
5.86588	-0.00517962
5.86613	-0.00319049
5.86637	-0.000662279
5.86662	-0.0021263
5.86686	-0.00611328
5.86711	-0.00612416
5.86735	-0.000719906
5.8676	0.00325613
5.86784	0.00123012
5.86808	-0.00180935
5.86833	-0.000489971
5.86857	0.00105475
5.86882	-0.0028697
5.86906	-0.00754368
5.86931	-0.00530281
5.86955	-0.000887272
5.8698	-0.00514774
5.87004	-0.0148202
5.87029	-0.0148545
5.87053	-0.00337933
5.87077	0.0028932
5.87102	-0.00509044
5.87126	-0.0138311
5.87151	-0.00959101
5.87175	-0.000578138
5.872	-0.00187877
5.87224	-0.0100721
5.87249	-0.0107676
5.87273	-0.0039487
5.87298	-0.00254429
5.87322	-0.00867148
5.87347	-0.0102592
5.87371	-0.00258156
5.87395	0.00402052
5.8742	0.00205859
5.87444	-0.00234868
5.87469	-0.0024935
5.87493	-0.00191404
5.87518	-0.00491641
5.87542	-0.00716024
5.87567	-0.00421645
5.87591	-0.00103102
5.87616	-0.00380785
5.8764	-0.00862092
5.87665	-0.00726506
5.87689	-0.000598219
5.87713	0.00281701
5.87738	-6.02854e-05
5.87762	-0.002876
5.87787	-0.000332116
5.87811	0.00378292
5.87836	0.00250365
5.8786	-0.0035505
5.87885	-0.00613276
5.87909	-0.000937489
5.87934	0.00499137
5.87958	0.00208574
5.87983	-0.00749105
5.88007	-0.0118036
5.88031	-0.00658982
5.88056	-0.00178487
5.8808	-0.00561936
5.88105	-0.0114239
5.88129	-0.00920807
5.88154	-0.00252753
5.88178	-0.00169612
5.88203	-0.00571899
5.88227	-0.00518523
5.88252	-9.22951e-05
5.88276	0.000895791
5.883	-0.00162715
5.88325	0.00232127
5.88349	0.011831
5.88374	0.0124308
5.88398	1.66168e-06
5.88423	-0.0096795
5.88447	-0.00498612
5.88472	0.00349346
5.88496	0.00148878
5.88521	-0.00593459
5.88545	-0.00530221
5.8857	0.00175091
5.88594	0.00321366
5.88618	-0.00158351
5.88643	-0.00263587
5.88667	0.00135246
5.88692	0.00134135
5.88716	-0.00407337
5.88741	-0.0048945
5.88765	0.00297048
5.8879	0.010169
5.88814	0.00855048
5.88839	0.00242243
5.88863	-0.000407034
5.88888	-1.13244e-05
5.88912	-0.000803912
5.88936	-0.00324465
5.88961	-0.0048828
5.88985	-0.00532491
5.8901	-0.00559781
5.89034	-0.00548465
5.89059	-0.00448307
5.89083	-0.00304098
5.89108	-0.00145058
5.89132	-6.3327e-05
5.89157	-0.00067528
5.89181	-0.004189
5.89206	-0.00741175
5.8923	-0.00662864
5.89254	-0.00383779
5.89279	-0.00416338
5.89303	-0.00743487
5.89328	-0.00851996
5.89352	-0.00629346
5.89377	-0.00531137
5.89401	-0.00716255
5.89426	-0.00729713
5.8945	-0.00321256
5.89475	0.000759673
5.89499	0.000348795
5.89523	-0.00269532
5.89548	-0.00503879
5.89572	-0.0066388
5.89597	-0.00751566
5.89621	-0.00535021
5.89646	-0.000723232
5.8967	0.000794639
5.89695	-0.00299908
5.89719	-0.00572781
5.89744	-0.00170146
5.89768	0.00439967
5.89793	0.00440729
5.89817	-0.000514215
5.89841	-0.00238939
5.89866	0.000321192
5.8989	0.00114376
5.89915	-0.00257928
5.89939	-0.005237
5.89964	-0.00273874
5.89988	0.000931679
5.90013	0.000899328
5.90037	-0.000977614
5.90062	-0.00037171
5.90086	0.00216332
5.90111	0.00308386
5.90135	0.00197479
5.90159	0.00110787
5.90184	0.00110454
5.90208	0.00121531
5.90233	0.00194191
5.90257	0.00335935
5.90282	0.00289277
5.90306	-0.000741304
5.90331	-0.00346778
5.90355	-0.00120319
5.9038	0.00230248
5.90404	-0.00014479
5.90429	-0.00709713
5.90453	-0.00873163
5.90477	-0.00147098
5.90502	0.00564954
5.90526	0.00392248
5.90551	-0.00280748
5.90575	-0.00557783
5.906	-0.00419471
5.90624	-0.0050512
5.90649	-0.00864964
5.90673	-0.00914445
5.90698	-0.00545809
5.90722	-0.00318897
5.90746	-0.00423138
5.90771	-0.00359067
5.90795	0.000802529
5.9082	0.00369665
5.90844	0.00194185
5.90869	0.000200545
5.90893	0.00194157
5.90918	0.00233133
5.90942	-0.00286099
5.90967	-0.00776421
5.90991	-0.00456958
5.91016	0.00324796
5.9104	0.00538764
5.91064	2.72383e-05
5.91089	-0.00487047
5.91113	-0.00496742
5.91138	-0.00476341
5.91162	-0.00795477
5.91187	-0.0112189
5.91211	-0.0108258
5.91236	-0.00842982
5.9126	-0.00648409
5.91285	-0.00368878
5.91309	0.000869487
5.91334	0.00387975
5.91358	0.00251998
5.91382	-0.000768998
5.91407	-0.00240665
5.91431	-0.00320359
5.91456	-0.00543793
5.9148	-0.0073832
5.91505	-0.00586147
5.91529	-0.00253166
5.91554	-0.00238702
5.91578	-0.00604789
5.91603	-0.00807688
5.91627	-0.00410142
5.91652	0.00345729
5.91676	0.00816336
5.917	0.00628543
5.91725	-8.99558e-05
5.91749	-0.00530378
5.91774	-0.00501166
5.91798	1.0023e-06
5.91823	0.00451746
5.91847	0.00417445
5.91872	-8.52418e-05
5.91896	-0.00371713
5.91921	-0.00403632
5.91945	-0.00222061
5.91969	-0.000170179
5.91994	0.00199953
5.92018	0.0041819
5.92043	0.00433937
5.92067	0.000987345
5.92092	-0.00329843
5.92116	-0.00399272
5.92141	-0.000810815
5.92165	0.0012156
5.9219	-0.00132083
5.92214	-0.00490655
5.92239	-0.00411133
5.92263	-7.36661e-05
5.92287	0.000819134
5.92312	-0.00318292
5.92336	-0.00607729
5.92361	-0.00320934
5.92385	0.00142649
5.9241	0.00136225
5.92434	-0.00238336
5.92459	-0.00321564
5.92483	0.00074743
5.92508	0.00435067
5.92532	0.00373215
5.92557	0.00142211
5.92581	0.00119585
5.92605	0.00239403
5.9263	0.00224699
5.92654	0.0006544
5.92679	-0.000617016
5.92703	-0.00153169
5.92728	-0.00345917
5.92752	-0.00607772
5.92777	-0.00720047
5.92801	-0.00575892
5.92826	-0.00333895
5.9285	-0.00234934
5.92875	-0.00334696
5.92899	-0.00456061
5.92923	-0.00410257
5.92948	-0.00239275
5.92972	-0.00139936
5.92997	-0.00133408
5.93021	-0.000183499
5.93046	0.00213722
5.9307	0.00190606
5.93095	-0.00300186
5.93119	-0.00816195
5.93144	-0.00768905
5.93168	-0.00295654
5.93192	-0.000653142
5.93217	-0.00240202
5.93241	-0.00297315
5.93266	-0.000154264
5.9329	0.00100245
5.93315	-0.00244514
5.93339	-0.00470554
5.93364	-0.000138185
5.93388	0.00661171
5.93413	0.00696715
5.93437	0.00155053
5.93462	-0.00127897
5.93486	0.00147078
5.9351	0.00418997
5.93535	0.00287742
5.93559	0.000414731
5.93584	-0.000400441
5.93608	-0.00155437
5.93633	-0.00403876
5.93657	-0.00396627
5.93682	0.000707449
5.93706	0.00489203
5.93731	0.00340678
5.93755	-0.000709334
5.9378	-0.00100131
5.93804	0.00222096
5.93828	0.00311961
5.93853	0.000206078
5.93877	-0.00199098
5.93902	-0.00119633
5.93926	-0.00053937
5.93951	-0.00183262
5.93975	-0.00205742
5.94	0.000351865
5.94024	0.00126623
5.94049	-0.00252748
5.94073	-0.00666963
5.94098	-0.00480928
5.94122	0.00155943
5.94146	0.00481297
5.94171	0.00201928
5.94195	-0.00184953
5.9422	-0.00238434
5.94244	-0.00171876
5.94269	-0.00326922
5.94293	-0.00507891
5.94318	-0.00301141
5.94342	0.00171131
5.94367	0.00318605
5.94391	-0.000819164
5.94416	-0.00543325
5.9444	-0.00542407
5.94464	-0.00239984
5.94489	-0.00217152
5.94513	-0.00611498
5.94538	-0.00897567
5.94562	-0.006502
5.94587	-0.00207271
5.94611	-0.00238796
5.94636	-0.0079758
5.9466	-0.0123385
5.94685	-0.0110185
5.94709	-0.00689971
5.94733	-0.00414845
5.94758	-0.00144838
5.94782	0.00419996
5.94807	0.0101403
5.94831	0.0104879
5.94856	0.00465131
5.9488	-0.00234322
5.94905	-0.00735649
5.94929	-0.0107103
5.94954	-0.0106176
5.94978	-0.00414179
5.95003	0.00436574
5.95027	0.0045161
5.95051	-0.00564659
5.95076	-0.0141016
5.951	-0.0103403
5.95125	0.000183606
5.95149	0.00499444
5.95174	0.00219212
5.95198	-0.000835735
5.95223	-0.00213668
5.95247	-0.00651394
5.95272	-0.0129014
5.95296	-0.0129747
5.95321	-0.00531225
5.95345	0.000131651
5.95369	-0.0030217
5.95394	-0.00737569
5.95418	-0.0033955
5.95443	0.00592916
5.95467	0.0100499
5.95492	0.00580548
5.95516	-0.000495593
5.95541	-0.00331179
5.95565	-0.00294453
5.9559	-0.00148378
5.95614	7.50169e-05
5.95639	0.000684914
5.95663	-6.52435e-05
5.95687	-0.000243525
5.95712	0.00152582
5.95736	0.00232976
5.95761	-0.00142695
5.95785	-0.00715325
5.9581	-0.00784586
5.95834	-0.00167856
5.95859	0.0047109
5.95883	0.00465821
5.95908	-0.000157557
5.95932	-0.00267644
5.95956	4.42095e-05
5.95981	0.00358428
5.96005	0.00264524
5.9603	-0.00174784
5.96054	-0.00369233
5.96079	-0.000418101
5.96103	0.0040486
5.96128	0.00464505
5.96152	0.00195946
5.96177	2.18107e-05
5.96201	-0.000442498
5.96226	-0.00182818
5.9625	-0.00369608
5.96274	-0.00287328
5.96299	-0.000159425
5.96323	-0.000675979
5.96348	-0.00541121
5.96372	-0.00862033
5.96397	-0.00683212
5.96421	-0.00423324
5.96446	-0.00481081
5.9647	-0.00547066
5.96495	-0.00269484
5.96519	5.80736e-05
5.96544	-0.00121746
5.96568	-0.0028215
5.96592	-0.000204382
5.96617	0.00177394
5.96641	-0.00396851
5.96666	-0.0125806
5.9669	-0.0125755
5.96715	-0.00444465
5.96739	-0.000864598
5.96764	-0.00644721
5.96788	-0.0106051
5.96813	-0.00556714
5.96837	0.00107403
5.96862	-0.000295605
5.96886	-0.00600075
5.9691	-0.00694532
5.96935	-0.00350939
5.96959	-0.00175111
5.96984	-0.00106392
5.97008	0.00250015
5.97033	0.00488288
5.97057	-0.00115762
5.97082	-0.0113054
5.97106	-0.0126539
5.97131	-0.00294802
5.97155	0.00482697
5.97179	0.000860552
5.97204	-0.00866089
5.97228	-0.0123758
5.97253	-0.008723
5.97277	-0.00358712
5.97302	-2.62153e-05
5.97326	0.00205962
5.97351	0.000992053
5.97375	-0.003966
5.974	-0.00791221
5.97424	-0.00576747
5.97449	-0.000737587
5.97473	-0.000347595
5.97497	-0.00500005
5.97522	-0.00750143
5.97546	-0.00413512
5.97571	0.000712566
5.97595	0.00231309
5.9762	0.00158696
5.97644	0.00097507
5.97669	-3.4699e-05
5.97693	-0.00215628
5.97718	-0.00376545
5.97742	-0.00418558
5.97767	-0.00515587
5.97791	-0.00630152
5.97815	-0.00430447
5.9784	-0.000118393
5.97864	-0.000726856
5.97889	-0.00799752
5.97913	-0.0121079
5.97938	-0.00477156
5.97962	0.00590394
5.97987	0.00522283
5.98011	-0.0053988
5.98036	-0.00891729
5.9806	0.00182238
5.98085	0.0124793
5.98109	0.00809582
5.98133	-0.00551657
5.98158	-0.0115339
5.98182	-0.00566136
5.98207	0.00187502
5.98231	0.00380768
5.98256	0.00300329
5.9828	0.00261235
5.98305	0.000313543
5.98329	-0.00477657
5.98354	-0.00806413
5.98378	-0.0064336
5.98402	-0.00313723
5.98427	-0.00199534
5.98451	-0.00155685
5.98476	0.00115417
5.985	0.00482502
5.98525	0.00562734
5.98549	0.0026755
5.98574	-0.00119407
5.98598	-0.00286745
5.98623	-0.00162071
5.98647	0.000490923
5.98672	0.000370757
5.98696	-0.00261222
5.9872	-0.00528445
5.98745	-0.00479889
5.98769	-0.00278393
5.98794	-0.00222351
5.98818	-0.0019897
5.98843	0.000607589
5.98867	0.00314588
5.98892	0.000575498
5.98916	-0.00530148
5.98941	-0.00624712
5.98965	2.7532e-05
5.9899	0.00510748
5.99014	0.00163731
5.99038	-0.00632165
5.99063	-0.00999264
5.99087	-0.00796284
5.99112	-0.00547654
5.99136	-0.00520112
5.99161	-0.00514193
5.99185	-0.00389186
5.9921	-0.00215535
5.99234	9.19479e-05
5.99259	0.00306562
5.99283	0.00437697
5.99308	0.00126836
5.99332	-0.00444635
5.99356	-0.00761274
5.99381	-0.00618675
5.99405	-0.00333599
5.9943	-0.00277862
5.99454	-0.00458179
5.99479	-0.00596817
5.99503	-0.0047206
5.99528	-0.00164601
5.99552	-0.000105183
5.99577	-0.00213438
5.99601	-0.00518584
5.99625	-0.00517771
5.9965	-0.00278959
5.99674	-0.00279654
5.99699	-0.00635334
5.99723	-0.00895969
5.99748	-0.00801012
5.99772	-0.00658203
5.99797	-0.00664274
5.99821	-0.00493483
5.99846	-0.000313469
5.9987	0.00159734
5.99895	-0.00225399
5.99919	-0.00487468
5.99943	0.000157477
5.99968	0.00618111
5.99992	0.00238295
6.00017	-0.00840263
6.00041	-0.0130431
6.00066	-0.00800801
6.0009	-0.00317629
6.00115	-0.0046559
6.00139	-0.00658309
6.00164	-0.00367491
6.00188	-0.000108294
6.00213	-0.000201185
6.00237	-0.000457141
6.00261	0.0023694
6.00286	0.00407976
6.0031	0.00108732
6.00335	-0.00211557
6.00359	-0.00104372
6.00384	0.000329165
6.00408	-0.00285497
6.00433	-0.00689971
6.00457	-0.00631904
6.00482	-0.00397971
6.00506	-0.00497419
6.00531	-0.00582278
6.00555	-0.000636827
6.00579	0.00602817
6.00604	0.00454291
6.00628	-0.00360074
6.00653	-0.00736063
6.00677	-0.00371364
6.00702	-0.000974769
6.00726	-0.0028254
6.00751	-0.00220727
6.00775	0.00401539
6.008	0.0067246
6.00824	-0.000872286
6.00848	-0.0101128
6.00873	-0.00869231
6.00897	0.000785031
6.00922	0.00499608
6.00946	-0.000657725
6.00971	-0.00755183
6.00995	-0.00832555
6.0102	-0.00594479
6.01044	-0.00583141
6.01069	-0.00685389
6.01093	-0.00475247
6.01118	0.000138867
6.01142	0.00344883
6.01166	0.00311597
6.01191	0.00144849
6.01215	0.00114951
6.0124	0.00179957
6.01264	0.00107782
6.01289	-0.00153215
6.01313	-0.00348311
6.01338	-0.00225064
6.01362	0.00108108
6.01387	0.00306631
6.01411	0.00266604
6.01436	0.00215544
6.0146	0.00246305
6.01484	0.00107933
6.01509	-0.002971
6.01533	-0.00560505
6.01558	-0.00336057
6.01582	0.000162719
6.01607	-0.00086864
6.01631	-0.00482697
6.01656	-0.00462436
6.0168	0.000468919
6.01705	0.0027494
6.01729	-0.00158527
6.01754	-0.00570125
6.01778	-0.00292475
6.01802	0.00227836
6.01827	0.00160222
6.01851	-0.00330478
6.01876	-0.00353653
6.019	0.00214086
6.01925	0.00474581
6.01949	-0.000827141
6.01974	-0.00772715
6.01998	-0.00742399
6.02023	-0.00177972
6.02047	0.000615529
6.02071	-0.00352286
6.02096	-0.00911587
6.0212	-0.0101259
6.02145	-0.00606416
6.02169	-0.00157007
6.02194	-0.00153841
6.02218	-0.00581043
6.02243	-0.00824211
6.02267	-0.00356729
6.02292	0.00455889
6.02316	0.00690055
6.02341	0.00142349
6.02365	-0.00327512
6.02389	-0.000847199
6.02414	0.00305097
6.02438	0.000199902
6.02463	-0.00662829
6.02487	-0.00846974
6.02512	-0.00519432
6.02536	-0.00538785
6.02561	-0.011586
6.02585	-0.0159751
6.0261	-0.0130932
6.02634	-0.00753851
6.02659	-0.00497464
6.02683	-0.00364902
6.02707	-0.000306161
6.02732	0.00230154
6.02756	0.000513532
6.02781	-0.00251676
6.02805	-0.00121036
6.0283	0.0034304
6.02854	0.00584719
6.02879	0.00499022
6.02903	0.00492983
6.02928	0.00701248
6.02952	0.00735563
6.02977	0.00319646
6.03001	-0.00256644
6.03025	-0.00493654
6.0305	-0.00271548
6.03074	0.000367477
6.03099	-0.000124204
6.03123	-0.00391447
6.03148	-0.00553425
6.03172	-0.00146034
6.03197	0.00323743
6.03221	0.000425854
6.03246	-0.00823528
6.0327	-0.0110924
6.03295	-0.00290102
6.03319	0.00593628
6.03343	0.00341751
6.03368	-0.0068673
6.03392	-0.0118431
6.03417	-0.00817648
6.03441	-0.00447893
6.03466	-0.00569467
6.0349	-0.00690223
6.03515	-0.00440906
6.03539	-0.00219588
6.03564	-0.00316773
6.03588	-0.00324347
6.03612	0.000352276
6.03637	0.00260695
6.03661	-0.00115088
6.03686	-0.00673891
6.0371	-0.00731565
6.03735	-0.00338113
6.03759	-0.000363805
6.03784	-0.000263101
6.03808	-0.00174046
6.03833	-0.00468489
6.03857	-0.00834917
6.03882	-0.0084434
6.03906	-0.00298357
6.0393	0.0019516
6.03955	-0.0001919
6.03979	-0.00539781
6.04004	-0.00400507
6.04028	0.0042804
6.04053	0.00921485
6.04077	0.00475942
6.04102	-0.00355939
6.04126	-0.00836712
6.04151	-0.00941464
6.04175	-0.00910981
6.042	-0.0066445
6.04224	-0.00209686
6.04248	-0.00044385
6.04273	-0.00487402
6.04297	-0.0100926
6.04322	-0.00888769
6.04346	-0.00273311
6.04371	0.000659907
6.04395	-0.00125564
6.0442	-0.00365477
6.04444	-0.00330481
6.04469	-0.00298651
6.04493	-0.00532024
6.04518	-0.00779774
6.04542	-0.00700719
6.04566	-0.00392126
6.04591	-0.00173363
6.04615	-0.00104383
6.0464	-0.000281439
6.04664	0.000719559
6.04689	0.00048152
6.04713	-0.00141864
6.04738	-0.00355028
6.04762	-0.0044387
6.04787	-0.00406154
6.04811	-0.00379319
6.04835	-0.00516988
6.0486	-0.00781061
6.04884	-0.00870289
6.04909	-0.00549074
6.04933	-0.00065081
6.04958	0.00059732
6.04982	-0.00243357
6.05007	-0.00438885
6.05031	-0.00196917
6.05056	0.000561546
6.0508	-0.00180635
6.05105	-0.00607117
6.05129	-0.00554347
6.05153	-0.000950688
6.05178	0.000382518
6.05202	-0.00333208
6.05227	-0.00524333
6.05251	-0.00150483
6.05276	0.00195081
6.053	-0.000612723
6.05325	-0.00489463
6.05349	-0.0038676
6.05374	0.000299
6.05398	0.000299055
6.05423	-0.00344574
6.05447	-0.00375425
6.05471	9.14579e-05
6.05496	0.000207146
6.0552	-0.00655942
6.05545	-0.0122898
6.05569	-0.00959732
6.05594	-0.00224343
6.05618	0.00144318
6.05643	-1.20622e-05
6.05667	-0.00257697
6.05692	-0.004703
6.05716	-0.00692631
6.05741	-0.00672734
6.05765	-0.00147127
6.05789	0.00485033
6.05814	0.00525414
6.05838	0.000358157
6.05863	-0.00161227
6.05887	0.0031478
6.05912	0.0083388
6.05936	0.00673316
6.05961	-0.000323835
6.05985	-0.00630788
6.0601	-0.00833978
6.06034	-0.00816346
6.06058	-0.00703458
6.06083	-0.00455062
6.06107	-0.00183955
6.06132	-0.00158708
6.06156	-0.00408511
6.06181	-0.00617067
6.06205	-0.00533722
6.0623	-0.00303038
6.06254	-0.00252139
6.06279	-0.00460513
6.06303	-0.00676437
6.06328	-0.00643939
6.06352	-0.00403783
6.06376	-0.00220931
6.06401	-0.00256013
6.06425	-0.00391868
6.0645	-0.00418458
6.06474	-0.00312853
6.06499	-0.00236227
6.06523	-0.00276808
6.06548	-0.00335098
6.06572	-0.00323178
6.06597	-0.00354764
6.06621	-0.0058684
6.06646	-0.00908127
6.0667	-0.0097141
6.06694	-0.00623061
6.06719	-0.00149978
6.06743	0.000707869
6.06768	0.000691865
6.06792	0.00154826
6.06817	0.00306333
6.06841	0.000791205
6.06866	-0.00660869
6.0689	-0.0127702
6.06915	-0.0106231
6.06939	-0.00202417
6.06964	0.00456051
6.06988	0.00511268
6.07012	0.00329842
6.07037	0.00257807
6.07061	0.00154466
6.07086	-0.000898366
6.0711	-0.00214013
6.07135	-0.00129936
6.07159	-0.00225261
6.07184	-0.00642283
6.07208	-0.00790048
6.07233	-0.00201632
6.07257	0.00564574
6.07281	0.00624879
6.07306	0.000638914
6.0733	-0.00285141
6.07355	-0.00173078
6.07379	-0.00159227
6.07404	-0.00497318
6.07428	-0.00692752
6.07453	-0.00398539
6.07477	3.61755e-05
6.07502	0.000368622
6.07526	-0.00255337
6.07551	-0.00593609
6.07575	-0.0080853
6.07599	-0.00691383
6.07624	-0.00118063
6.07648	0.0044417
6.07673	0.00248376
6.07697	-0.00595678
6.07722	-0.0103727
6.07746	-0.00574247
6.07771	-0.000418565
6.07795	-0.00300018
6.0782	-0.00903293
6.07844	-0.00932434
6.07869	-0.00516344
6.07893	-0.0046708
6.07917	-0.00786031
6.07942	-0.00696583
6.07966	-0.000849697
6.07991	0.00227661
6.08015	-0.0015287
6.0804	-0.00549868
6.08064	-0.0032873
6.08089	0.00135134
6.08113	0.00111061
6.08138	-0.0042583
6.08162	-0.00906786
6.08187	-0.00983444
6.08211	-0.00781725
6.08235	-0.00567057
6.0826	-0.00506131
6.08284	-0.00629295
6.08309	-0.00796238
6.08333	-0.00810037
6.08358	-0.00667145
6.08382	-0.00528046
6.08407	-0.00410326
6.08431	-0.0019309
6.08456	0.000139035
6.0848	-0.00126661
6.08504	-0.00627696
6.08529	-0.00968044
6.08553	-0.00703508
6.08578	-0.000590754
6.08602	0.00349435
6.08627	0.00219754
6.08651	-0.0023393
6.08676	-0.00626095
6.087	-0.00702453
6.08725	-0.00395595
6.08749	0.00165135
6.08774	0.00670783
6.08798	0.00805361
6.08822	0.00477857
6.08847	-0.00103985
6.08871	-0.005693
6.08896	-0.00643636
6.0892	-0.00382132
6.08945	-0.00146481
6.08969	-0.00256873
6.08994	-0.00658907
6.09018	-0.00986147
6.09043	-0.0091422
6.09067	-0.00428636
6.09092	0.00130084
6.09116	0.00249713
6.0914	-0.00286256
6.09165	-0.00983444
6.09189	-0.0100022
6.09214	-0.00178448
6.09238	0.00622066
6.09263	0.00586112
6.09287	-0.000104923
6.09312	-0.00344326
6.09336	-0.00300027
6.09361	-0.00428369
6.09385	-0.00808506
6.0941	-0.00859731
6.09434	-0.00413311
6.09458	-0.00082171
6.09483	-0.00206107
6.09507	-0.00229213
6.09532	0.00328467
6.09556	0.00934595
6.09581	0.00766255
6.09605	-0.000547339
6.0963	-0.00645586
6.09654	-0.00549814
6.09679	-0.00114929
6.09703	0.00192329
6.09727	0.00270256
6.09752	0.0018551
6.09776	-0.000276459
6.09801	-0.00271703
6.09825	-0.00394112
6.0985	-0.0036323
6.09874	-0.00272427
6.09899	-0.00198483
6.09923	-0.00182189
6.09948	-0.00234987
6.09972	-0.00243145
6.09997	-0.000520031
6.10021	0.00218577
6.10045	0.00213511
6.1007	-0.000958732
6.10094	-0.00215502
6.10119	0.00174471
6.10143	0.00617851
6.10168	0.00431207
6.10192	-0.00304909
6.10217	-0.00783035
6.10241	-0.0049116
6.10266	0.00197867
6.1029	0.00537832
6.10315	0.00243157
6.10339	-0.0028031
6.10363	-0.00409511
6.10388	0.000111914
6.10412	0.00427119
6.10437	0.00147748
6.10461	-0.00783551
6.10486	-0.0154625
6.1051	-0.0151004
6.10535	-0.00945943
6.10559	-0.00526995
6.10584	-0.00422957
6.10608	-0.00268012
6.10633	0.00147298
6.10657	0.00552686
6.10681	0.00545718
6.10706	0.000200098
6.1073	-0.00724249
6.10755	-0.0118473
6.10779	-0.0110076
6.10804	-0.00748644
6.10828	-0.00554958
6.10853	-0.00419203
6.10877	0.0010571
6.10902	0.00862852
6.10926	0.0101046
6.10951	0.00276228
6.10975	-0.00403049
6.10999	-0.00140351
6.11024	0.00576861
6.11048	0.00631974
6.11073	-0.000730231
6.11097	-0.00632452
6.11122	-0.00556404
6.11146	-0.00224067
6.11171	7.79113e-05
6.11195	0.00211158
6.1122	0.00316464
6.11244	6.52247e-05
6.11268	-0.00614087
6.11293	-0.00977896
6.11317	-0.00894606
6.11342	-0.00771171
6.11366	-0.00821294
6.11391	-0.00743392
6.11415	-0.00413952
6.1144	-0.00226844
6.11464	-0.00443929
6.11489	-0.00795494
6.11513	-0.00994403
6.11538	-0.0107743
6.11562	-0.00999831
6.11586	-0.00522304
6.11611	0.00192753
6.11635	0.00497423
6.1166	0.00147749
6.11684	-0.00289943
6.11709	-0.00304487
6.11733	-0.00156492
6.11758	-0.0029984
6.11782	-0.00610662
6.11807	-0.00683765
6.11831	-0.00475952
6.11856	-0.00193466
6.1188	0.00099146
6.11904	0.00349348
6.11929	0.00351275
6.11953	0.000848844
6.11978	-0.00130344
6.12002	-0.00141222
6.12027	-0.00214419
6.12051	-0.00475976
6.12076	-0.00584541
6.121	-0.00345506
6.12125	-0.00152183
6.12149	-0.00368094
6.12174	-0.00737061
6.12198	-0.0086914
6.12222	-0.00836835
6.12247	-0.00807624
6.12271	-0.0058998
6.12296	-0.000996888
6.1232	0.00217251
6.12345	0.000327941
6.12369	-0.00263032
6.12394	-0.00238905
6.12418	-0.00190966
6.12443	-0.00517536
6.12467	-0.00843092
6.12491	-0.00630613
6.12516	-0.00227223
6.1254	-0.00323007
6.12565	-0.00696091
6.12589	-0.00561208
6.12614	0.000227186
6.12638	0.00211038
6.12663	-0.0019953
6.12687	-0.0053252
6.12712	-0.00526171
6.12736	-0.00727677
6.12761	-0.0129779
6.12785	-0.0150943
6.12809	-0.00933922
6.12834	-0.00196295
6.12858	0.000470036
6.12883	0.00088485
6.12907	0.00462044
6.12932	0.00918707
6.12956	0.00866472
6.12981	0.00368598
6.13005	-0.000516427
6.1303	-0.00315174
6.13054	-0.00767506
6.13079	-0.0136084
6.13103	-0.0152513
6.13127	-0.00985395
6.13152	-0.00259404
6.13176	-0.000964899
6.13201	-0.00589741
6.13225	-0.0104912
6.1325	-0.00809243
6.13274	-0.000715659
6.13299	0.00283309
6.13323	-0.00188542
6.13348	-0.00884452
6.13372	-0.00977733
6.13397	-0.00542089
6.13421	-0.00316251
6.13445	-0.00523006
6.1347	-0.0061458
6.13494	-0.00242077
6.13519	0.00208129
6.13543	0.00274009
6.13568	0.000445355
6.13592	-0.00162893
6.13617	-0.00289412
6.13641	-0.00412996
6.13666	-0.00519299
6.1369	-0.00629677
6.13714	-0.00815694
6.13739	-0.00934027
6.13763	-0.0073021
6.13788	-0.00315264
6.13812	-0.000825104
6.13837	-0.000524479
6.13861	0.00142646
6.13886	0.00476586
6.1391	0.00397921
6.13935	-0.00223773
6.13959	-0.00686534
6.13984	-0.00440849
6.14008	0.000692277
6.14032	0.00057091
6.14057	-0.00533306
6.14081	-0.0106716
6.14106	-0.00997303
6.1413	-0.002772
6.14155	0.00615378
6.14179	0.00848243
6.14204	1.01665e-06
6.14228	-0.0108523
6.14253	-0.00976292
6.14277	0.00371736
6.14302	0.012028
6.14326	0.0025237
6.1435	-0.0139007
6.14375	-0.0174734
6.14399	-0.00647516
6.14424	0.00294614
6.14448	0.00075311
6.14473	-0.00617311
6.14497	-0.00765299
6.14522	-0.00316945
6.14546	0.0017784
6.14571	0.00368373
6.14595	0.00209055
6.1462	-0.00116681
6.14644	-0.0017055
6.14668	0.00299293
6.14693	0.00798875
6.14717	0.00559546
6.14742	-0.00348347
6.14766	-0.00991584
6.14791	-0.00782334
6.14815	-0.00109695
6.1484	0.00371735
6.14864	0.00475172
6.14889	0.00319043
6.14913	9.77654e-05
6.14937	-0.00265887
6.14962	-0.00294478
6.14986	-0.0017453
6.15011	-0.00198478
6.15035	-0.00314323
6.1506	-0.00183562
6.15084	0.00156006
6.15109	0.00234909
6.15133	-0.00106296
6.15158	-0.00456937
6.15182	-0.00480108
6.15207	-0.00307104
6.15231	-0.00141094
6.15255	0.000125981
6.1528	0.000633638
6.15304	-0.00189373
6.15329	-0.00625364
6.15353	-0.00849859
6.15378	-0.00797503
6.15402	-0.00759223
6.15427	-0.0073305
6.15451	-0.00407952
6.15476	0.000825456
6.155	0.00152075
6.15525	-0.00261607
6.15549	-0.00514971
6.15573	-0.00372978
6.15598	-0.0042542
6.15622	-0.0091075
6.15647	-0.0105743
6.15671	-0.00344265
6.15696	0.00408326
6.1572	0.00185039
6.15745	-0.00594334
6.15769	-0.00694241
6.15794	0.000337666
6.15818	0.00517727
6.15843	0.00171974
6.15867	-0.00351046
6.15891	-0.0031882
6.15916	0.000898612
6.1594	0.00332782
6.15965	0.00346889
6.15989	0.00373683
6.16014	0.00413221
6.16038	0.00322513
6.16063	0.00186815
6.16087	0.00183232
6.16112	0.00214526
6.16136	0.000287981
6.1616	-0.00324879
6.16185	-0.00456043
6.16209	-0.00141609
6.16234	0.00313241
6.16258	0.00400249
6.16283	0.000284791
6.16307	-0.00380215
6.16332	-0.00430282
6.16356	-0.00154637
6.16381	0.00194975
6.16405	0.00453864
6.1643	0.00459146
6.16454	0.000330294
6.16478	-0.00609813
6.16503	-0.00827999
6.16527	-0.00417188
6.16552	-0.000986674
6.16576	-0.00469855
6.16601	-0.00888262
6.16625	-0.00383743
6.1665	0.00603863
6.16674	0.00687408
6.16699	-0.00241013
6.16723	-0.00715289
6.16748	-0.0005121
6.16772	0.00511168
6.16796	-0.00122274
6.16821	-0.0106765
6.16845	-0.00954959
6.1687	-0.00158599
6.16894	-0.000156236
6.16919	-0.00534911
6.16943	-0.00541085
6.16968	0.00201873
6.16992	0.00631354
6.17017	0.00214792
6.17041	-0.00298285
6.17066	-0.00268627
6.1709	-0.00118835
6.17114	-0.00438192
6.17139	-0.0104954
6.17163	-0.0142855
6.17188	-0.0138191
6.17212	-0.00975754
6.17237	-0.0035733
6.17261	0.00132974
6.17286	0.00192181
6.1731	-8.11182e-05
6.17335	-0.00127873
6.17359	-0.0032234
6.17383	-0.00906264
6.17408	-0.0146391
6.17432	-0.0121126
6.17457	-0.00318415
6.17481	0.00118336
6.17506	-0.0031202
6.1753	-0.00711341
6.17555	-0.00289996
6.17579	0.0046162
6.17604	0.00600252
6.17628	0.000481902
6.17653	-0.00524559
6.17677	-0.00648253
6.17701	-0.00360979
6.17726	0.000407155
6.1775	0.00146865
6.17775	-0.00297267
6.17799	-0.00952046
6.17824	-0.0111606
6.17848	-0.00648523
6.17873	-0.00178148
6.17897	-0.00146017
6.17922	-0.00223876
6.17946	-0.000324995
6.17971	0.0016638
6.17995	-0.000254357
6.18019	-0.00448854
6.18044	-0.0070567
6.18068	-0.00767743
6.18093	-0.00798194
6.18117	-0.00729609
6.18142	-0.0046972
6.18166	-0.00214798
6.18191	-0.00171244
6.18215	-0.00261182
6.1824	-0.00382738
6.18264	-0.00567101
6.18289	-0.00623236
6.18313	-0.00172472
6.18337	0.00603558
6.18362	0.00867738
6.18386	0.00285199
6.18411	-0.0034343
6.18435	-0.00250728
6.1846	0.000916345
6.18484	-0.00218137
6.18509	-0.00956055
6.18533	-0.010533
6.18558	-0.00270199
6.18582	0.00433113
6.18606	0.00319012
6.18631	-0.00207101
6.18655	-0.0038991
6.1868	-0.00151705
6.18704	0.000587461
6.18729	-0.000254791
6.18753	-0.00312553
6.18778	-0.0059539
6.18802	-0.00686717
6.18827	-0.00509831
6.18851	-0.00250245
6.18876	-0.00231846
6.189	-0.00487719
6.18924	-0.00652167
6.18949	-0.00457491
6.18973	-0.00159107
6.18998	-0.00210017
6.19022	-0.00581745
6.19047	-0.00708171
6.19071	-0.00228699
6.19096	0.00436197
6.1912	0.00534236
6.19145	-0.000610256
6.19169	-0.00696496
6.19194	-0.00824996
6.19218	-0.00631663
6.19242	-0.00525513
6.19267	-0.00447433
6.19291	-0.00173351
6.19316	0.000412378
6.1934	-0.00205224
6.19365	-0.00642255
6.19389	-0.00583912
6.19414	-5.19798e-05
6.19438	0.00368444
6.19463	0.00154193
6.19487	-0.00233886
6.19512	-0.00403741
6.19536	-0.00514404
6.1956	-0.00699143
6.19585	-0.00685935
6.19609	-0.00381784
6.19634	-0.00184765
6.19658	-0.00297109
6.19683	-0.00346813
6.19707	-0.00115367
6.19732	5.17027e-05
6.19756	-0.00238731
6.19781	-0.00417169
6.19805	-0.00184908
6.1983	0.000421751
6.19854	-0.001709
6.19878	-0.00454405
6.19903	-0.00285796
6.19927	0.000456427
6.19952	-0.00085473
6.19976	-0.00602574
6.20001	-0.00938162
6.20025	-0.00955574
6.2005	-0.00915881
6.20074	-0.00819401
6.20099	-0.00515212
6.20123	-0.00225831
6.20147	-0.00275125
6.20172	-0.00509116
6.20196	-0.00580796
6.20221	-0.00516056
6.20245	-0.00429647
6.2027	-0.00106444
6.20294	0.00471741
6.20319	0.00673908
6.20343	0.000857019
6.20368	-0.00657031
6.20392	-0.00776429
6.20417	-0.00585905
6.20441	-0.00802753
6.20465	-0.0114509
6.2049	-0.00856538
6.20514	-0.00251566
6.20539	-0.00318673
6.20563	-0.00932664
6.20588	-0.00948081
6.20612	-0.00155266
6.20637	0.00334682
6.20661	-0.000596487
6.20686	-0.00572266
6.2071	-0.00565998
6.20735	-0.00481372
6.20759	-0.00711955
6.20783	-0.0076948
6.20808	-0.00317412
6.20832	0.000259706
6.20857	-0.0029004
6.20881	-0.00816323
6.20906	-0.00935613
6.2093	-0.00806733
6.20955	-0.00779984
6.20979	-0.00677671
6.21004	-0.00363182
6.21028	-0.00234077
6.21053	-0.00436954
6.21077	-0.00402595
6.21101	0.00101284
6.21126	0.00333194
6.2115	-0.00149489
6.21175	-0.00499084
6.21199	0.000599006
6.21224	0.00702443
6.21248	0.00155091
6.21273	-0.0119547
6.21297	-0.0177069
6.21322	-0.0110378
6.21346	-0.00289031
6.2137	-0.00164716
6.21395	-0.00360452
6.21419	-0.00350396
6.21444	-0.00290594
6.21468	-0.0040979
6.21493	-0.00467331
6.21517	-0.00264882
6.21542	-0.000619071
6.21566	-0.00137652
6.21591	-0.00422783
6.21615	-0.00745689
6.2164	-0.00980079
6.21664	-0.00892271
6.21688	-0.00381661
6.21713	0.00106202
6.21737	0.000155256
6.21762	-0.00432907
6.21786	-0.0046338
6.21811	0.000666103
6.21835	0.00429239
6.2186	0.00157768
6.21884	-0.00325455
6.21909	-0.00502956
6.21933	-0.00483325
6.21958	-0.00538068
6.21982	-0.00538163
6.22006	-0.00303456
6.22031	-0.000125385
6.22055	0.00152135
6.2208	0.00295117
6.22104	0.00371751
6.22129	0.000162196
6.22153	-0.00723178
6.22178	-0.0106371
6.22202	-0.00549077
6.22227	0.0006994
6.22251	-0.00180588
6.22276	-0.00979434
6.223	-0.0111191
6.22324	-0.00286695
6.22349	0.0042947
6.22373	0.00185785
6.22398	-0.00535878
6.22422	-0.00827331
6.22447	-0.00662392
6.22471	-0.00632492
6.22496	-0.00810924
6.2252	-0.00665811
6.22545	-0.000443718
6.22569	0.00440732
6.22593	0.00232621
6.22618	-0.00409494
6.22642	-0.00805875
6.22667	-0.00766159
6.22691	-0.00721531
6.22716	-0.00986077
6.2274	-0.0125587
6.22765	-0.0103768
6.22789	-0.00364689
6.22814	0.0021359
6.22838	0.00322382
6.22863	0.00139538
6.22887	-0.000139509
6.22911	-0.00154495
6.22936	-0.00432335
6.2296	-0.00659148
6.22985	-0.00458566
6.23009	0.00106781
6.23034	0.00461209
6.23058	0.0022422
6.23083	-0.00316029
6.23107	-0.00636838
6.23132	-0.00610558
6.23156	-0.00451918
6.23181	-0.00296746
6.23205	-0.00173897
6.23229	-0.00203459
6.23254	-0.00424625
6.23278	-0.00544998
6.23303	-0.00295872
6.23327	0.000398819
6.23352	-0.000366079
6.23376	-0.00383111
6.23401	-0.0031328
6.23425	0.00274003
6.2345	0.00542917
6.23474	-0.000669982
6.23499	-0.00869858
6.23523	-0.00843825
6.23547	-0.0011707
6.23572	0.00271863
6.23596	-0.000481995
6.23621	-0.00329498
6.23645	0.000134037
6.2367	0.00492042
6.23694	0.00357343
6.23719	-0.00274647
6.23743	-0.00702434
6.23768	-0.00693531
6.23792	-0.0063496
6.23816	-0.00748172
6.23841	-0.00741354
6.23865	-0.00344876
6.2389	0.00223866
6.23914	0.00521009
6.23939	0.00373761
6.23963	-6.55391e-05
6.23988	-0.00230315
6.24012	-8.58438e-06
6.24037	0.00587201
6.24061	0.00947883
6.24086	0.00506891
6.2411	-0.00513994
6.24134	-0.0114438
6.24159	-0.00821816
6.24183	-0.00192231
6.24208	-0.0023321
6.24232	-0.00781035
6.24257	-0.00715603
6.24281	0.00288973
6.24306	0.0110394
6.2433	0.00765028
6.24355	-0.000542481
6.24379	-0.000941661
6.24404	0.0051652
6.24428	0.00540039
6.24452	-0.002799
6.24477	-0.00756373
6.24501	-0.00191958
6.24526	0.00481627
6.2455	0.00188382
6.24575	-0.0069446
6.24599	-0.0113633
6.24624	-0.0106758
6.24648	-0.011246
6.24673	-0.0130393
6.24697	-0.0100216
6.24722	-0.00178788
6.24746	0.0053485
6.2477	0.00799431
6.24795	0.00761179
6.24819	0.00414406
6.24844	-0.00295008
6.24868	-0.00828744
6.24893	-0.00539985
6.24917	0.00174411
6.24942	0.00250655
6.24966	-0.00405434
6.24991	-0.00771622
6.25015	-0.00424819
6.25039	-0.00180485
6.25064	-0.00539819
6.25088	-0.00732482
6.25113	-0.00113234
6.25137	0.00559721
6.25162	0.00284193
6.25186	-0.00555241
6.25211	-0.00861417
6.25235	-0.00551108
6.2526	-0.00422966
6.25284	-0.00662488
6.25309	-0.00703545
6.25333	-0.00458653
6.25357	-0.00495915
6.25382	-0.00860773
6.25406	-0.00810189
6.25431	-0.000698735
6.25455	0.00538569
6.2548	0.00228187
6.25504	-0.00635024
6.25529	-0.0105675
6.25553	-0.006375
6.25578	0.00161169
6.25602	0.00666618
6.25627	0.00555055
6.25651	-0.000126783
6.25675	-0.00514183
6.257	-0.00486622
6.25724	-0.00026053
6.25749	0.0029789
6.25773	0.00163506
6.25798	-0.000931627
6.25822	0.000254258
6.25847	0.00493598
6.25871	0.00829048
6.25896	0.00724735
6.2592	0.00368958
6.25945	0.00146262
6.25969	0.0019575
6.25993	0.00318432
6.26018	0.00251679
6.26042	-0.000304842
6.26067	-0.00319901
6.26091	-0.00450046
6.26116	-0.00466201
6.2614	-0.00475519
6.26165	-0.00456962
6.26189	-0.0034585
6.26214	-0.00207155
6.26238	-0.00163971
6.26262	-0.00208325
6.26287	-0.00231297
6.26311	-0.00196825
6.26336	-0.00151819
6.2636	-0.00114879
6.26385	-0.000864157
6.26409	-0.000951459
6.26434	-0.00102412
6.26458	0.000326836
6.26483	0.00314852
6.26507	0.00458329
6.26532	0.00223434
6.26556	-0.00167657
6.2658	-0.00254449
6.26605	0.000191477
6.26629	0.00207582
6.26654	0.000142351
6.26678	-0.00258802
6.26703	-0.00146283
6.26727	0.00272536
6.26752	0.004093
6.26776	-0.000713968
6.26801	-0.00771658
6.26825	-0.0100726
6.2685	-0.00622165
6.26874	-0.00132773
6.26898	-0.000434319
6.26923	-0.00281446
6.26947	-0.00481865
6.26972	-0.00586655
6.26996	-0.00801039
6.27021	-0.0105433
6.27045	-0.0095679
6.2707	-0.00399199
6.27094	0.00177115
6.27119	0.00298376
6.27143	-0.00032644
6.27168	-0.00495793
6.27192	-0.00819614
6.27216	-0.00823187
6.27241	-0.0044339
6.27265	0.000191233
6.2729	1.74805e-05
6.27314	-0.00649826
6.27339	-0.0135936
6.27363	-0.0146178
6.27388	-0.00926395
6.27412	-0.00186094
6.27437	0.00412884
6.27461	0.00655555
6.27486	0.00357427
6.2751	-0.00281858
6.27534	-0.00559358
6.27559	-0.000968008
6.27583	0.00477083
6.27608	0.00322782
6.27632	-0.00355655
6.27657	-0.00624703
6.27681	-0.00268861
6.27706	-0.000218572
6.2773	-0.00247984
6.27755	-0.00331146
6.27779	0.00222043
6.27803	0.0085331
6.27828	0.00718793
6.27852	-0.00125106
6.27877	-0.00872871
6.27901	-0.00974164
6.27926	-0.00514689
6.2795	0.00119393
6.27975	0.00514801
6.27999	0.00401381
6.28024	-0.000464767
6.28048	-0.00268777
6.28073	-0.000136823
6.28097	0.00263626
6.28121	0.000440146
6.28146	-0.00477388
6.2817	-0.00691468
6.28195	-0.00461282
6.28219	-0.00238789
6.28244	-0.0036863
6.28268	-0.00686627
6.28293	-0.00815008
6.28317	-0.00567016
6.28342	-0.000926887
6.28366	0.00171432
6.28391	-0.00147937
6.28415	-0.00820097
6.28439	-0.0106583
6.28464	-0.00505937
6.28488	0.00212712
6.28513	0.00221021
6.28537	-0.00375604
6.28562	-0.00731329
6.28586	-0.00563325
6.28611	-0.00456736
6.28635	-0.00770693
6.2866	-0.010334
6.28684	-0.00790336
6.28709	-0.00385968
6.28733	-0.0035941
6.28757	-0.00556933
6.28782	-0.00497798
6.28806	-0.00314989
6.28831	-0.0059556
6.28855	-0.0131906
6.2888	-0.0165243
6.28904	-0.0104155
6.28929	-0.000237613
6.28953	0.00412086
6.28978	0.000234438
6.29002	-0.00502892
6.29026	-0.0049402
6.29051	-0.0006344
6.29075	0.00188172
6.291	-4.70459e-05
6.29124	-0.00344145
6.29149	-0.00509764
6.29173	-0.00565613
6.29198	-0.00653662
6.29222	-0.00602303
6.29247	-0.0021481
6.29271	0.00224719
6.29296	0.00212602
6.2932	-0.00214162
6.29344	-0.00465549
6.29369	-0.00251646
6.29393	0.000390351
6.29418	9.44867e-05
6.29442	-0.00190606
6.29467	-0.00276857
6.29491	-0.00313905
6.29516	-0.00381678
6.2954	-0.00221038
6.29565	0.00259926
6.29589	0.00528783
6.29614	0.00108522
6.29638	-0.00593926
6.29662	-0.00822227
6.29687	-0.0057422
6.29711	-0.00404045
6.29736	-0.0034454
6.2976	0.000313311
6.29785	0.00527296
6.29809	0.00378366
6.29834	-0.00387743
6.29858	-0.00701313
6.29883	-0.00029049
6.29907	0.00742906
6.29932	0.00633504
6.29956	-0.000519928
6.2998	-0.00411272
6.30005	-0.00297556
6.30029	-0.00118145
6.30054	0.00127978
6.30078	0.00625084
6.30103	0.00941465
6.30127	0.0047881
6.30152	-0.00432286
6.30176	-0.00824828
6.30201	-0.00445123
6.30225	0.000244483
6.30249	0.000816528
6.30274	-0.000850335
6.30298	-0.00262068
6.30323	-0.00561991
6.30347	-0.00915634
6.30372	-0.00940046
6.30396	-0.00586472
6.30421	-0.00335753
6.30445	-0.0048638
6.3047	-0.00729203
6.30494	-0.00638913
6.30519	-0.00187943
6.30543	0.0034282
6.30567	0.00592635
6.30592	0.00287012
6.30616	-0.003936
6.30641	-0.00751221
6.30665	-0.00439758
6.3069	-0.00155834
6.30714	-0.00664236
6.30739	-0.0137327
6.30763	-0.0101475
6.30788	0.00261498
6.30812	0.00839524
6.30837	0.000638115
6.30861	-0.00691298
6.30885	-0.00150616
6.3091	0.00948356
6.30934	0.0119787
6.30959	0.00728084
6.30983	0.00659325
6.31008	0.010287
6.31032	0.00835837
6.31057	-0.000697132
6.31081	-0.00661323
6.31106	-0.0045493
6.3113	-0.00246716
6.31155	-0.00711718
6.31179	-0.0132737
6.31203	-0.0128289
6.31228	-0.00682375
6.31252	-0.0020159
6.31277	-0.000753271
6.31301	-0.000519112
6.31326	-0.000242946
6.3135	-0.0011835
6.31375	-0.00282796
6.31399	-0.00285776
6.31424	-0.00140859
6.31448	-0.00156787
6.31472	-0.00439927
6.31497	-0.00637426
6.31521	-0.0043207
6.31546	-0.00122357
6.3157	-0.00293774
6.31595	-0.00854945
6.31619	-0.00924673
6.31644	-0.000665732
6.31668	0.00840169
6.31693	0.00675001
6.31717	-0.00271492
6.31742	-0.00672646
6.31766	-0.00152731
6.3179	0.00243957
6.31815	-0.00128031
6.31839	-0.0045952
6.31864	0.000278299
6.31888	0.00650402
6.31913	0.00391514
6.31937	-0.00384908
6.31962	-0.00608315
6.31986	-0.00291799
6.32011	-0.00276113
6.32035	-0.00557475
6.3206	-0.00346696
6.32084	0.00284559
6.32108	0.00319199
6.32133	-0.00423418
6.32157	-0.00829976
6.32182	-0.0028179
6.32206	0.0034639
6.32231	0.00114851
6.32255	-0.0062057
6.3228	-0.0100334
6.32304	-0.00936282
6.32329	-0.0077509
6.32353	-0.00525806
6.32378	-0.00146133
6.32402	-0.000121705
6.32426	-0.00297017
6.32451	-0.00444146
6.32475	-0.000405679
6.325	0.00329739
6.32524	-0.000330024
6.32549	-0.00693786
6.32573	-0.00696911
6.32598	-0.000965976
6.32622	0.00188117
6.32647	-0.000910723
6.32671	-0.00220334
6.32695	0.00138602
6.3272	0.00375629
6.32744	0.000261649
6.32769	-0.00475111
6.32793	-0.0060066
6.32818	-0.0050541
6.32842	-0.00434674
6.32867	-0.000829028
6.32891	0.00708419
6.32916	0.0119931
6.3294	0.00654665
6.32965	-0.00324504
6.32989	-0.00452234
6.33013	0.00294111
6.33038	0.00534236
6.33062	-0.00376961
6.33087	-0.0123525
6.33111	-0.00797141
6.33136	0.00253762
6.3316	0.00343519
6.33185	-0.00552778
6.33209	-0.00951152
6.33234	-0.00261949
6.33258	0.00356281
6.33283	-0.000202968
6.33307	-0.00613292
6.33331	-0.00328552
6.33356	0.0044443
6.3338	0.00547447
6.33405	-0.00111052
6.33429	-0.00633256
6.33454	-0.00670388
6.33478	-0.00711094
6.33503	-0.00957517
6.33527	-0.0100796
6.33552	-0.00723125
6.33576	-0.00454543
6.33601	-0.00279797
6.33625	0.0011755
6.33649	0.00649582
6.33674	0.00758517
6.33698	0.00373963
6.33723	0.00113179
6.33747	0.00249087
6.33772	0.00282112
6.33796	-0.00100706
6.33821	-0.00425777
6.33845	-0.00265306
6.3387	0.000178424
6.33894	-0.000963621
6.33918	-0.0046844
6.33943	-0.0066178
6.33967	-0.00650252
6.33992	-0.00637638
6.34016	-0.00583312
6.34041	-0.00416621
6.34065	-0.00355888
6.3409	-0.0051786
6.34114	-0.00547041
6.34139	-0.00137166
6.34163	0.00363508
6.34188	0.00368718
6.34212	-0.00129432
6.34236	-0.00597081
6.34261	-0.00647092
6.34285	-0.00339488
6.3431	0.000147816
6.34334	0.00054666
6.34359	-0.00382196
6.34383	-0.00925656
6.34408	-0.00895758
6.34432	-0.00179618
6.34457	0.0046202
6.34481	0.00356656
6.34506	-0.00166601
6.3453	-0.00308266
6.34554	0.000494659
6.34579	0.00284777
6.34603	-0.000252192
6.34628	-0.00645108
6.34652	-0.0111265
6.34677	-0.0117816
6.34701	-0.00815808
6.34726	-0.00179298
6.3475	0.00403417
6.34775	0.00640043
6.34799	0.00502501
6.34824	0.00143135
6.34848	-0.00273677
6.34872	-0.00537238
6.34897	-0.0044622
6.34921	-0.00104267
6.34946	0.00103689
6.3497	0.000474266
6.34995	0.000504637
6.35019	0.00303363
6.35044	0.00465974
6.35068	0.00222314
6.35093	-0.00154635
6.35117	-0.00262636
6.35142	-0.00248075
6.35166	-0.00458269
6.3519	-0.00694262
6.35215	-0.00474535
6.35239	0.000887674
6.35264	0.00360723
6.35288	0.00142149
6.35313	-0.000815399
6.35337	0.000333049
6.35362	0.00200382
6.35386	0.00072722
6.35411	-0.00196739
6.35435	-0.00289321
6.35459	-0.00257297
6.35484	-0.0035268
6.35508	-0.00519235
6.35533	-0.00435911
6.35557	-0.000493775
6.35582	0.0023864
6.35606	0.000452343
6.35631	-0.00490446
6.35655	-0.0086377
6.3568	-0.00820116
6.35704	-0.00588524
6.35729	-0.00442174
6.35753	-0.00309876
6.35777	-0.000492216
6.35802	0.00163892
6.35826	0.000989689
6.35851	-0.000649237
6.35875	-0.000107646
6.359	0.00102968
6.35924	-0.00137772
6.35949	-0.00609135
6.35973	-0.00718625
6.35998	-0.00341557
6.36022	-8.74969e-05
6.36047	0.000115606
6.36071	0.000981562
6.36095	0.00450353
6.3612	0.00601633
6.36144	0.00206814
6.36169	-0.00314444
6.36193	-0.00432354
6.36218	-0.00282416
6.36242	-0.00297479
6.36267	-0.00536362
6.36291	-0.00804645
6.36316	-0.00958242
6.3634	-0.00741931
6.36365	0.000508294
6.36389	0.00892176
6.36413	0.00791096
6.36438	-0.00243409
6.36462	-0.00908112
6.36487	-0.00444918
6.36511	0.00210424
6.36536	0.000361339
6.3656	-0.00348732
6.36585	0.00160957
6.36609	0.0111951
6.36634	0.0119821
6.36658	0.00364945
6.36682	-0.00211982
6.36707	-0.00160416
6.36731	-0.00195633
6.36756	-0.00508052
6.3678	-0.00477982
6.36805	-0.00120027
6.36829	-0.00255014
6.36854	-0.00966461
6.36878	-0.0133654
6.36903	-0.0104249
6.36927	-0.00784977
6.36952	-0.00766339
6.36976	-0.00273232
6.37	0.00681543
6.37025	0.00870368
6.37049	-0.00182577
6.37074	-0.0117813
6.37098	-0.00960196
6.37123	-0.00168176
6.37147	0.000939323
6.37172	0.000119736
6.37196	0.00235939
6.37221	0.00382235
6.37245	-0.001983
6.3727	-0.00949183
6.37294	-0.00872596
6.37318	-0.0021184
6.37343	0.000281835
6.37367	-0.00199515
6.37392	-0.00150413
6.37416	0.00142928
6.37441	-0.000668504
6.37465	-0.00699016
6.3749	-0.00787818
6.37514	-0.00104068
6.37539	0.00446872
6.37563	0.00297861
6.37588	-0.000817498
6.37612	-0.00280639
6.37636	-0.00599451
6.37661	-0.0113093
6.37685	-0.0123509
6.3771	-0.00593624
6.37734	0.000629972
6.37759	0.00028622
6.37783	-0.00256751
6.37808	0.000173308
6.37832	0.00626505
6.37857	0.00613204
6.37881	-0.00185741
6.37905	-0.00804295
6.3793	-0.00501986
6.37954	0.00220421
6.37979	0.00339026
6.38003	-0.00334843
6.38028	-0.00963083
6.38052	-0.00777479
6.38077	0.000125065
6.38101	0.00573985
6.38126	0.00483787
6.3815	0.000933085
6.38175	-0.00110253
6.38199	-0.00136668
6.38223	-0.00279045
6.38248	-0.00535608
6.38272	-0.00593502
6.38297	-0.00315727
6.38321	0.000725069
6.38346	0.0030241
6.3837	0.00310193
6.38395	0.00123469
6.38419	-0.00244881
6.38444	-0.00661095
6.38468	-0.00812981
6.38493	-0.00483541
6.38517	0.00155649
6.38541	0.00651323
6.38566	0.00681373
6.3859	0.00294169
6.38615	-0.00253439
6.38639	-0.00763135
6.38664	-0.0110302
6.38688	-0.010813
6.38713	-0.00592948
6.38737	0.000643761
6.38762	0.00334002
6.38786	0.000658385
6.38811	-0.00230419
6.38835	-0.000881577
6.38859	0.00227107
6.38884	0.00163154
6.38908	-0.00193005
6.38933	-0.00228414
6.38957	0.00181771
6.38982	0.00420852
6.39006	0.000755707
6.39031	-0.00440173
6.39055	-0.00531024
6.3908	-0.00248378
6.39104	-0.000929707
6.39128	-0.00286649
6.39153	-0.00587193
6.39177	-0.00644689
6.39202	-0.00318141
6.39226	0.00185146
6.39251	0.00384202
6.39275	0.000233457
6.393	-0.00440434
6.39324	-0.00280624
6.39349	0.00440305
6.39373	0.00805665
6.39398	0.00313857
6.39422	-0.00378045
6.39446	-0.00435864
6.39471	-0.000268056
6.39495	0.00112588
6.3952	-0.00129921
6.39544	-0.00238633
6.39569	-0.000571992
6.39593	1.39369e-05
6.39618	-0.00244327
6.39642	-0.00412832
6.39667	-0.0021039
6.39691	0.00103454
6.39716	0.00144632
6.3974	-0.000689804
6.39764	-0.00265743
6.39789	-0.00339367
6.39813	-0.00364059
6.39838	-0.00325177
6.39862	-0.000974084
6.39887	0.00265105
6.39911	0.00400773
6.39936	0.000257784
6.3996	-0.00544363
6.39985	-0.00572357
6.40009	0.00155939
6.40034	0.00850527
6.40058	0.0063708
6.40082	-0.00226091
6.40107	-0.00657497
6.40131	-0.00229328
6.40156	0.00375806
6.4018	0.00484344
6.40205	0.0022659
6.40229	-0.000557146
6.40254	-0.00385182
6.40278	-0.00687889
6.40303	-0.00537164
6.40327	0.000349843
6.40351	0.00187196
6.40376	-0.00538837
6.404	-0.0131377
6.40425	-0.0115211
6.40449	-0.00397629
6.40474	-0.00114702
6.40498	-0.00427494
6.40523	-0.00545308
6.40547	-0.00212947
6.40572	-0.000127383
6.40596	-0.00205498
6.40621	-0.00295639
6.40645	0.000476529
6.40669	0.00456745
6.40694	0.00482304
6.40718	0.00105972
6.40743	-0.0047822
6.40767	-0.0100636
6.40792	-0.0105731
6.40816	-0.00460214
6.40841	0.00224309
6.40865	0.00296072
6.4089	-0.000780579
6.40914	-0.00189059
6.40939	-1.45564e-05
6.40963	-0.00122851
6.40987	-0.00580818
6.41012	-0.00696389
6.41036	-0.00352735
6.41061	-0.00291587
6.41085	-0.00778825
6.4111	-0.0104114
6.41134	-0.00568582
6.41159	1.21736e-05
6.41183	-0.000315888
6.41208	-0.00323395
6.41232	-0.00229056
6.41257	0.000789473
6.41281	0.000535543
6.41305	-0.00238899
6.4133	-0.00380439
6.41354	-0.00398217
6.41379	-0.00545614
6.41403	-0.00680753
6.41428	-0.00576243
6.41452	-0.00483266
6.41477	-0.00699686
6.41501	-0.00937885
6.41526	-0.00809825
6.4155	-0.00569248
6.41574	-0.00638591
6.41599	-0.00769908
6.41623	-0.00503528
6.41648	-0.00145096
6.41672	-0.00349465
6.41697	-0.0090731
6.41721	-0.00939079
6.41746	-0.00308735
6.4177	0.00119424
6.41795	-0.00174011
6.41819	-0.00626237
6.41844	-0.00525915
6.41868	0.00016515
6.41892	0.00405932
6.41917	0.00336605
6.41941	-0.000983656
6.41966	-0.00624079
6.4199	-0.00837987
6.42015	-0.00466485
6.42039	0.00184453
6.42064	0.00428869
6.42088	0.000698156
6.42113	-0.00333137
6.42137	-0.0028251
6.42162	-1.33483e-05
6.42186	0.000119211
6.4221	-0.00296402
6.42235	-0.0058761
6.42259	-0.00615316
6.42284	-0.00382773
6.42308	-0.000686899
6.42333	-5.25918e-05
6.42357	-0.0042232
6.42382	-0.0100781
6.42406	-0.0108809
6.42431	-0.0050895
6.42455	0.00062615
6.4248	0.000578587
6.42504	-0.00194837
6.42528	-0.000755525
6.42553	0.0029015
6.42577	0.00259528
6.42602	-0.00231318
6.42626	-0.0051737
6.42651	-0.00226259
6.42675	0.00176412
6.427	0.00116985
6.42724	-0.00282314
6.42749	-0.0047245
6.42773	-0.00258155
6.42797	0.000411904
6.42822	0.000826809
6.42846	-0.00122952
6.42871	-0.00303696
6.42895	-0.00233191
6.4292	0.00046308
6.42944	0.00237405
6.42969	0.000777352
6.42993	-0.00331614
6.43018	-0.00574239
6.43042	-0.00373652
6.43067	0.00069189
6.43091	0.00287593
6.43115	0.0007184
6.4314	-0.00298766
6.43164	-0.00370511
6.43189	-0.000375441
6.43213	0.00305545
6.43238	0.00206357
6.43262	-0.00275818
6.43287	-0.00604801
6.43311	-0.0043859
6.43336	-0.00070526
6.4336	-0.000179389
6.43385	-0.00338502
6.43409	-0.00627263
6.43433	-0.00600271
6.43458	-0.00371313
6.43482	-0.00175049
6.43507	-0.00130518
6.43531	-0.00285423
6.43556	-0.00553526
6.4358	-0.0057657
6.43605	-0.000548256
6.43629	0.00666923
6.43654	0.00787192
6.43678	0.000683848
6.43703	-0.00742423
6.43727	-0.00858852
6.43751	-0.00436703
6.43776	-0.00142972
6.438	-0.000686502
6.43825	0.0027568
6.43849	0.00964101
6.43874	0.013498
6.43898	0.0095791
6.43923	0.00161869
6.43947	-0.00357551
6.43972	-0.00464742
6.43996	-0.00496002
6.44021	-0.00562345
6.44045	-0.00401041
6.44069	0.000416463
6.44094	0.00299425
6.44118	-0.000482331
6.44143	-0.00678898
6.44167	-0.00793667
6.44192	-0.00160052
6.44216	0.00486691
6.44241	0.00378674
6.44265	-0.00247323
6.4429	-0.00527597
6.44314	-0.00231884
6.44338	-4.45885e-05
6.44363	-0.00283901
6.44387	-0.00670024
6.44412	-0.00660913
6.44436	-0.00392504
6.44461	-0.00221246
6.44485	-0.00139576
6.4451	-0.00118007
6.44534	-0.00453826
6.44559	-0.0112868
6.44583	-0.0136379
6.44608	-0.00644711
6.44632	0.00254898
6.44656	0.00238411
6.44681	-0.00447156
6.44705	-0.00615574
6.4473	-0.000508087
6.44754	0.00234625
6.44779	-0.00237705
6.44803	-0.00669867
6.44828	-0.00424218
6.44852	-0.00047063
6.44877	-0.00226252
6.44901	-0.00688621
6.44926	-0.00861474
6.4495	-0.00822051
6.44974	-0.00822676
6.44999	-0.00585975
6.45023	0.000786908
6.45048	0.00538957
6.45072	0.00126569
6.45097	-0.00728417
6.45121	-0.0101757
6.45146	-0.00551362
6.4517	-0.000381071
6.45195	0.000558025
6.45219	-0.000421257
6.45244	-0.000411625
6.45268	5.02103e-05
6.45292	-0.000218455
6.45317	-0.00107377
6.45341	-0.00236125
6.45366	-0.00393728
6.4539	-0.00482542
6.45415	-0.00468865
6.45439	-0.00461557
6.45464	-0.0046099
6.45488	-0.00314773
6.45513	-0.000996034
6.45537	-0.00130528
6.45561	-0.00366453
6.45586	-0.00342944
6.4561	-1.86836e-05
6.45635	0.000488099
6.45659	-0.00470714
6.45684	-0.00956412
6.45708	-0.00906605
6.45733	-0.00726521
6.45757	-0.00863319
6.45782	-0.00909544
6.45806	-0.00432547
6.45831	0.000466426
6.45855	-0.000694821
6.45879	-0.00299545
6.45904	0.000135919
6.45928	0.00310793
6.45953	-0.00255089
6.45977	-0.0103042
6.46002	-0.00671839
6.46026	0.00498948
6.46051	0.00768308
6.46075	-0.00239321
6.461	-0.00936812
6.46124	-0.0033306
6.46149	0.00512394
6.46173	0.0035557
6.46197	-0.00423368
6.46222	-0.00843049
6.46246	-0.00875826
6.46271	-0.00910754
6.46295	-0.00712031
6.4632	-0.000530932
6.46344	0.00421076
6.46369	0.000846409
6.46393	-0.00524803
6.46418	-0.00486011
6.46442	0.000813741
6.46467	0.00345443
6.46491	0.00104187
6.46515	-0.00136943
6.4654	-0.0012923
6.46564	-0.000696082
6.46589	-0.000473687
6.46613	-0.000403652
6.46638	-0.00239518
6.46662	-0.00709508
6.46687	-0.00980836
6.46711	-0.00641055
6.46736	-0.000925588
6.4676	-0.000675135
6.46784	-0.00582961
6.46809	-0.0098036
6.46833	-0.00823802
6.46858	-0.00240842
6.46882	0.00400267
6.46907	0.00679349
6.46931	0.00311302
6.46956	-0.00371698
6.4698	-0.00530164
6.47005	0.000512009
6.47029	0.00451342
6.47054	-0.00097033
6.47078	-0.00962853
6.47102	-0.0104792
6.47127	-0.00471203
6.47151	-0.00234941
6.47176	-0.00520544
6.472	-0.0054671
6.47225	-0.000864761
6.47249	0.00115728
6.47274	-0.00320721
6.47298	-0.00757412
6.47323	-0.00620421
6.47347	-0.00235375
6.47372	-0.0012723
6.47396	-0.00247635
6.4742	-0.00350345
6.47445	-0.00477031
6.47469	-0.00636973
6.47494	-0.00598374
6.47518	-0.00389681
6.47543	-0.00428969
6.47567	-0.00784284
6.47592	-0.00932402
6.47616	-0.00659586
6.47641	-0.00522385
6.47665	-0.00872218
6.4769	-0.0109365
6.47714	-0.0053901
6.47738	0.00322281
6.47763	0.00528935
6.47787	0.000460662
6.47812	-0.00328097
6.47836	-0.00280873
6.47861	-0.00312856
6.47885	-0.00734744
6.4791	-0.0117429
6.47934	-0.0126276
6.47959	-0.0109877
6.47983	-0.00788882
6.48007	-0.00189872
6.48032	0.00553992
6.48056	0.00822512
6.48081	0.00343004
6.48105	-0.00270473
6.4813	-0.00324278
6.48154	-0.000253698
6.48179	-0.000605904
6.48203	-0.00476473
6.48228	-0.00692929
6.48252	-0.00550033
6.48277	-0.00563509
6.48301	-0.00951888
6.48325	-0.0112968
6.4835	-0.00600122
6.48374	0.00186118
6.48399	0.00435364
6.48423	0.00112402
6.48448	-0.00176348
6.48472	-0.0018597
6.48497	-0.0022532
6.48521	-0.00393789
6.48546	-0.003549
6.4857	-0.000469856
6.48595	0.000550685
6.48619	-0.00268957
6.48643	-0.0051504
6.48668	-0.00235834
6.48692	0.00193632
6.48717	0.00178128
6.48741	-0.0012209
6.48766	-0.00124824
6.4879	0.000884524
6.48815	-0.00141065
6.48839	-0.00857833
6.48864	-0.0121814
6.48888	-0.00706626
6.48913	0.00075665
6.48937	0.00293883
6.48961	2.22488e-05
6.48986	-0.00178697
6.4901	-0.000822915
6.49035	-0.000364407
6.49059	-0.00121009
6.49084	-0.000990408
6.49108	-0.00037501
6.49133	-0.00281828
6.49157	-0.00691732
6.49182	-0.0059659
6.49206	0.00159729
6.4923	0.0073084
6.49255	0.00350508
6.49279	-0.00528649
6.49304	-0.00800929
6.49328	-0.00202948
6.49353	0.00425189
6.49377	0.00348163
6.49402	-0.00228805
6.49426	-0.00701227
6.49451	-0.00882356
6.49475	-0.00946314
6.495	-0.00949551
6.49524	-0.00808059
6.49548	-0.0056238
6.49573	-0.00350102
6.49597	-0.00215837
6.49622	-0.00161592
6.49646	-0.00240121
6.49671	-0.00399762
6.49695	-0.00410933
6.4972	-0.00179518
6.49744	0.000373154
6.49769	-0.000369487
6.49793	-0.00315051
6.49818	-0.00533953
6.49842	-0.00619637
6.49866	-0.00574728
6.49891	-0.00249152
6.49915	0.00357415
6.4994	0.00764514
6.49964	0.00506655
6.49989	-0.0012868
6.50013	-0.00421065
6.50038	-0.00282374
6.50062	-0.00370724
6.50087	-0.00981452
6.50111	-0.0146628
6.50136	-0.0114126
6.5016	-0.0028962
6.50184	0.00222531
6.50209	0.000301541
6.50233	-0.0047085
6.50258	-0.00731457
6.50282	-0.00506022
6.50307	0.00119157
6.50331	0.00736701
6.50356	0.00779333
6.5038	0.000860892
6.50405	-0.00762528
6.50429	-0.0106271
6.50453	-0.00864501
6.50478	-0.00780309
6.50502	-0.00960539
6.50527	-0.00855918
6.50551	-0.0020151
6.50576	0.00353785
6.506	0.000951435
6.50625	-0.00644517
6.50649	-0.00861108
6.50674	-0.00300444
6.50698	0.00161338
6.50723	-0.00212853
6.50747	-0.00926188
6.50771	-0.00937047
6.50796	-0.00153602
6.5082	0.00412693
6.50845	0.000410781
6.50869	-0.00744043
6.50894	-0.0094432
6.50918	-0.00399566
6.50943	0.00156927
6.50967	0.00179046
6.50992	-0.000891885
6.51016	-0.00166592
6.51041	-0.000485181
6.51065	-0.000858007
6.51089	-0.00365816
6.51114	-0.00545308
6.51138	-0.00349305
6.51163	-0.000365893
6.51187	-0.00147303
6.51212	-0.00734374
6.51236	-0.0107783
6.51261	-0.00495931
6.51285	0.00609611
6.5131	0.0101714
6.51334	0.00227481
6.51359	-0.00754916
6.51383	-0.00693662
6.51407	0.00188436
6.51432	0.00526156
6.51456	-0.00286379
6.51481	-0.0134292
6.51505	-0.0156364
6.5153	-0.0100829
6.51554	-0.00413121
6.51579	-0.000654354
6.51603	0.00203027
6.51628	0.00305897
6.51652	-0.000465293
6.51677	-0.00673133
6.51701	-0.00951174
6.51725	-0.00625797
6.5175	-0.00113945
6.51774	0.00133186
6.51799	0.00165926
6.51823	0.00245694
6.51848	0.00354655
6.51872	0.00270986
6.51897	-0.000347443
6.51921	-0.00341271
6.51946	-0.00485482
6.5197	-0.00543563
6.51994	-0.00644722
6.52019	-0.00707441
6.52043	-0.00518582
6.52068	-0.00134522
6.52092	-0.000130429
6.52117	-0.00463205
6.52141	-0.0103728
6.52166	-0.00930241
6.5219	-0.00131666
6.52215	0.00361657
6.52239	-0.000895174
6.52264	-0.0071006
6.52288	-0.00381311
6.52312	0.00550828
6.52337	0.00610508
6.52361	-0.00558251
6.52386	-0.0145391
6.5241	-0.00849247
6.52435	0.00350572
6.52459	0.00428678
6.52484	-0.00621645
6.52508	-0.0122316
6.52533	-0.00660604
6.52557	0.000144538
6.52582	-0.00173649
6.52606	-0.0066611
6.5263	-0.0047581
6.52655	0.00211579
6.52679	0.00486338
6.52704	0.00167116
6.52728	-0.0015693
6.52753	-0.0020395
6.52777	-0.00224253
6.52802	-0.0030155
6.52826	-0.00226174
6.52851	-0.000215956
6.52875	0.000808586
6.529	0.00137078
6.52924	0.00335779
6.52948	0.00457304
6.52973	0.00162482
6.52997	-0.00285301
6.53022	-0.0031089
6.53046	0.000480314
6.53071	0.00281495
6.53095	0.00350117
6.5312	0.0056739
6.53144	0.00629366
6.53169	-0.000862158
6.53193	-0.0113869
6.53217	-0.0122534
6.53242	-0.00159081
6.53266	0.00638092
6.53291	0.00226263
6.53315	-0.00535356
6.5334	-0.00585598
6.53364	-0.00307551
6.53389	-0.00458722
6.53413	-0.00600565
6.53438	-0.000248895
6.53462	0.0062384
6.53487	0.00256111
6.53511	-0.00689275
6.53535	-0.00821464
6.5356	-0.00043389
6.53584	0.00414112
6.53609	0.00102851
6.53633	-0.00156351
6.53658	-0.000351562
6.53682	-0.00298067
6.53707	-0.0118848
6.53731	-0.0169493
6.53756	-0.0112425
6.5378	-0.00224803
6.53805	-7.84183e-06
6.53829	-0.00360772
6.53853	-0.00631699
6.53878	-0.00591102
6.53902	-0.0035724
6.53927	9.6096e-05
6.53951	0.00251605
6.53976	-0.000208719
6.54	-0.00557405
6.54025	-0.00563649
6.54049	1.5907e-06
6.54074	0.00163529
6.54098	-0.00461683
6.54123	-0.00891971
6.54147	-0.00366498
6.54171	0.00310195
6.54196	0.000764091
6.5422	-0.00621054
6.54245	-0.00649446
6.54269	-0.00139896
6.54294	-0.00187231
6.54318	-0.00894234
6.54343	-0.0115724
6.54367	-0.00481908
6.54392	0.00258436
6.54416	0.00229534
6.5444	-0.00211236
6.54465	-0.00265397
6.54489	0.001205
6.54514	0.00365161
6.54538	0.00136757
6.54563	-0.00312609
6.54587	-0.00525356
6.54612	-0.00311362
6.54636	0.000886926
6.54661	0.00283839
6.54685	0.00220744
6.5471	0.00205747
6.54734	0.00317868
6.54758	0.00178236
6.54783	-0.00356875
6.54807	-0.00697611
6.54832	-0.00289461
6.54856	0.00430983
6.54881	0.00546376
6.54905	-0.000403257
6.5493	-0.00563587
6.54954	-0.00612081
6.54979	-0.0058969
6.55003	-0.0081566
6.55028	-0.00920597
6.55052	-0.00494625
6.55076	0.00206704
6.55101	0.00591967
6.55125	0.00427891
6.5515	-0.000540437
6.55174	-0.0045466
6.55199	-0.00467368
6.55223	-0.0016866
6.55248	-0.000981628
6.55272	-0.00615222
6.55297	-0.0117141
6.55321	-0.00880502
6.55346	0.000420868
6.5537	0.00259831
6.55394	-0.0080214
6.55419	-0.0189618
6.55443	-0.0158917
6.55468	-0.00298896
6.55492	0.00390994
6.55517	0.000707152
6.55541	-0.0013298
6.55566	0.00434705
6.5559	0.00934641
6.55615	0.00522024
6.55639	-0.00286971
6.55663	-0.00570424
6.55688	-0.00456756
6.55712	-0.0060074
6.55737	-0.00805611
6.55761	-0.0034948
6.55786	0.00568538
6.5581	0.00909589
6.55835	0.00371457
6.55859	-0.00206488
6.55884	-0.00235809
6.55908	-0.00134116
6.55933	-0.00304811
6.55957	-0.00367312
6.55981	-0.000113498
6.56006	0.00239329
6.5603	-0.00128612
6.56055	-0.00690867
6.56079	-0.00779217
6.56104	-0.00522299
6.56128	-0.00403741
6.56153	-0.00347254
6.56177	-0.0013483
6.56202	-0.00189238
6.56226	-0.00871919
6.56251	-0.0142772
6.56275	-0.00868573
6.56299	0.00317005
6.56324	0.00684888
6.56348	0.000604927
6.56373	-0.00202119
6.56397	0.00519047
6.56422	0.0106802
6.56446	0.0042032
6.56471	-0.00655013
6.56495	-0.00869982
6.5652	-0.00389039
6.56544	-0.00328713
6.56569	-0.008921
6.56593	-0.0123962
6.56617	-0.0097995
6.56642	-0.00644591
6.56666	-0.00607694
6.56691	-0.00496197
6.56715	0.000240534
6.5674	0.00562095
6.56764	0.00517933
6.56789	-0.00084259
6.56813	-0.00637139
6.56838	-0.00675829
6.56862	-0.00324812
6.56886	-0.0003902
6.56911	-0.000399646
6.56935	-0.00117388
6.5696	-9.80027e-05
6.56984	0.00188423
6.57009	0.00207605
6.57033	0.000641252
6.57058	0.00011776
6.57082	0.000794175
6.57107	0.000416499
6.57131	-0.0012955
6.57156	-0.00217479
6.5718	-0.00234832
6.57204	-0.00469513
6.57229	-0.00914307
6.57253	-0.0114675
6.57278	-0.00994731
6.57302	-0.00825557
6.57327	-0.0089025
6.57351	-0.00884734
6.57376	-0.00539143
6.574	-0.00190933
6.57425	-0.00306334
6.57449	-0.00765796
6.57474	-0.0107247
6.57498	-0.0100963
6.57522	-0.00703197
6.57547	-0.00306566
6.57571	7.68752e-06
6.57596	-0.00025431
6.5762	-0.0034703
6.57645	-0.00527707
6.57669	-0.00330203
6.57694	-0.00114118
6.57718	-0.00227535
6.57743	-0.00365024
6.57767	-0.000697946
6.57792	0.00419765
6.57816	0.0046999
6.5784	0.00038011
6.57865	-0.00295941
6.57889	-0.00244047
6.57914	-0.00118983
6.57938	-0.00145227
6.57963	-0.000644034
6.57987	0.00333147
6.58012	0.00735645
6.58036	0.0067976
6.58061	0.00141918
6.58085	-0.00466293
6.58109	-0.00730064
6.58134	-0.00519639
6.58158	-0.000231489
6.58183	0.00368366
6.58207	0.0034782
6.58232	-7.95517e-05
6.58256	-0.00320853
6.58281	-0.00379132
6.58305	-0.00385415
6.5833	-0.00598616
6.58354	-0.00860585
6.58379	-0.00753504
6.58403	-0.0026456
6.58427	0.000229245
6.58452	-0.00334146
6.58476	-0.00924827
6.58501	-0.00953992
6.58525	-0.0038377
6.5855	-0.000437424
6.58574	-0.00404903
6.58599	-0.00850683
6.58623	-0.00642268
6.58648	-0.000919689
6.58672	-0.000685946
6.58697	-0.00641445
6.58721	-0.0102501
6.58745	-0.00788117
6.5877	-0.0033663
6.58794	-0.00137773
6.58819	-0.00187644
6.58843	-0.00376299
6.58868	-0.00698121
6.58892	-0.00918724
6.58917	-0.00679403
6.58941	-0.00144008
6.58966	0.000435591
6.5899	-0.00365676
6.59015	-0.00959944
6.59039	-0.0136892
6.59063	-0.0156756
6.59088	-0.0140843
6.59112	-0.00684291
6.59137	0.00157924
6.59161	0.00287193
6.59186	-0.00224985
6.5921	-0.0036414
6.59235	0.00183228
6.59259	0.00454527
6.59284	-0.000946924
6.59308	-0.00510334
6.59333	0.00066765
6.59357	0.00802534
6.59381	0.00483583
6.59406	-0.00366601
6.5943	-0.00237177
6.59455	0.00898849
6.59479	0.0147187
6.59504	0.00711254
6.59528	-0.00314146
6.59553	-0.0042013
6.59577	0.00145158
6.59602	0.00457015
6.59626	0.00296314
6.5965	0.000851097
6.59675	0.0003344
6.59699	0.000170017
6.59724	0.000113248
6.59748	0.0012414
6.59773	0.00291664
6.59797	0.0027428
6.59822	-0.000371846
6.59846	-0.00450499
6.59871	-0.0063768
6.59895	-0.00487007
6.5992	-0.00258982
6.59944	-0.00239025
6.59968	-0.00272915
6.59993	1.95721e-05
6.60017	0.00418053
6.60042	0.00313479
6.60066	-0.00432583
6.60091	-0.0100468
6.60115	-0.00774944
6.6014	-0.0025411
6.60164	-0.00259785
6.60189	-0.00628882
6.60213	-0.00598379
6.60238	-0.00124518
6.60262	0.00129123
6.60286	-0.000295651
6.60311	-0.00139878
6.60335	-0.00104496
6.6036	-0.00385753
6.60384	-0.00971681
6.60409	-0.0111111
6.60433	-0.00516589
6.60458	0.000142756
6.60482	-0.00204733
6.60507	-0.00613974
6.60531	-0.002625
6.60556	0.0063602
6.6058	0.00932354
6.60604	0.00264018
6.60629	-0.00357838
6.60653	-0.000188149
6.60678	0.00752031
6.60702	0.00795516
6.60727	0.00125151
6.60751	-3.44807e-05
6.60776	0.0101641
6.608	0.0208892
6.60825	0.0191054
6.60849	0.00870139
6.60873	0.00454906
6.60898	0.0105283
6.60922	0.0155403
6.60947	0.0126366
6.60971	0.00954607
6.60996	0.0142414
6.6102	0.0207278
6.61045	0.0183828
6.61069	0.00824017
6.61094	0.000189593
6.61118	-0.00133018
6.61143	0.000527547
6.61167	0.00359463
6.61191	0.007901
6.61216	0.0104513
6.6124	0.00791641
6.61265	0.00360178
6.61289	0.0035536
6.61314	0.00668885
6.61338	0.00696813
6.61363	0.00439814
6.61387	0.00475967
6.61412	0.00825139
6.61436	0.00827202
6.61461	0.00361165
6.61485	0.00217889
6.61509	0.00802708
6.61534	0.0129407
6.61558	0.00769225
6.61583	-0.0037059
6.61607	-0.00864081
6.61632	-0.00279413
6.61656	0.00453915
6.61681	0.00322706
6.61705	-0.00468797
6.6173	-0.00863225
6.61754	-0.00419571
6.61779	0.0012716
6.61803	-4.13049e-05
6.61827	-0.00462206
6.61852	-0.0033729
6.61876	0.00382187
6.61901	0.00820961
6.61925	0.00666322
6.6195	0.00539348
6.61974	0.00644122
6.61999	0.00260617
6.62023	-0.00747897
6.62048	-0.0114971
6.62072	-0.00173189
6.62096	0.00913917
6.62121	0.00492989
6.62145	-0.00874326
6.6217	-0.0124387
6.62194	-0.00198496
6.62219	0.00788377
6.62243	0.00796232
6.62268	0.00484427
6.62292	0.00447703
6.62317	0.00270526
6.62341	-0.00229715
6.62366	-0.00348776
6.6239	0.00173255
6.62414	0.00480828
6.62439	0.000548976
6.62463	-0.00348378
6.62488	-0.000390392
6.62512	0.00444733
6.62537	0.00413277
6.62561	0.00194369
6.62586	0.0022598
6.6261	4.49949e-05
6.62635	-0.00888664
6.62659	-0.0158581
6.62684	-0.0107944
6.62708	0.000688031
6.62732	0.00488979
6.62757	-0.000133878
6.62781	-0.00548253
6.62806	-0.00792391
6.6283	-0.011143
6.62855	-0.0129722
6.62879	-0.00698581
6.62904	0.00248653
6.62928	0.00228
6.62953	-0.00906662
6.62977	-0.016647
6.63002	-0.0107386
6.63026	-0.000396194
6.6305	0.0021136
6.63075	-0.000694449
6.63099	0.000983102
6.63124	0.00715255
6.63148	0.00963329
6.63173	0.00590127
6.63197	0.000924947
6.63222	-0.0021093
6.63246	-0.00369477
6.63271	-0.00262157
6.63295	0.00229002
6.63319	0.00610372
6.63344	0.002482
6.63368	-0.00529768
6.63393	-0.00699744
6.63417	-0.000592783
6.63442	0.00414929
6.63466	0.000416345
6.63491	-0.00586804
6.63515	-0.00617054
6.6354	-0.0019554
6.63564	-0.000249533
6.63589	-0.00177087
6.63613	-0.00130688
6.63637	0.00264554
6.63662	0.00584044
6.63686	0.0052071
6.63711	0.0021725
6.63735	-0.000709428
6.6376	-0.002036
6.63784	-0.00111149
6.63809	0.000820808
6.63833	0.000106114
6.63858	-0.00454213
6.63882	-0.00855234
6.63907	-0.00737597
6.63931	-0.00379911
6.63955	-0.00376496
6.6398	-0.00673004
6.64004	-0.00694688
6.64029	-0.00350079
6.64053	-0.00163011
6.64078	-0.00357172
6.64102	-0.00545107
6.64127	-0.00475952
6.64151	-0.00397578
6.64176	-0.00455191
6.642	-0.00376791
6.64225	-0.000268787
6.64249	0.00291273
6.64273	0.00331164
6.64298	0.0019445
6.64322	-0.000272211
6.64347	-0.00350578
6.64371	-0.00542963
6.64396	-0.00305329
6.6442	0.00101979
6.64445	0.00138791
6.64469	-0.00068213
6.64494	0.000476075
6.64518	0.00267439
6.64542	-0.00237408
6.64567	-0.0124762
6.64591	-0.0140473
6.64616	-0.00389103
6.6464	0.0025008
6.64665	-0.00575512
6.64689	-0.0167965
6.64714	-0.0142776
6.64738	-0.00220803
6.64763	0.00413815
6.64787	0.00291335
6.64812	0.00339262
6.64836	0.00514789
6.6486	-0.000765115
6.64885	-0.0115547
6.64909	-0.0130217
6.64934	-0.00251536
6.64958	0.00548283
6.64983	0.00120894
6.65007	-0.00776196
6.65032	-0.0111034
6.65056	-0.00948133
6.65081	-0.00727655
6.65105	-0.00370491
6.6513	0.00116111
6.65154	0.0015813
6.65178	-0.00460394
6.65203	-0.00996563
6.65227	-0.00813336
6.65252	-0.00338687
6.65276	-0.00254654
6.65301	-0.00388521
6.65325	-0.00174288
6.6535	0.00299627
6.65374	0.00469298
6.65399	0.00183049
6.65423	-0.0023597
6.65448	-0.00557454
6.65472	-0.00726817
6.65496	-0.00606099
6.65521	-0.00122012
6.65545	0.00465056
6.6557	0.00795676
6.65594	0.00784499
6.65619	0.00555174
6.65643	0.00237146
6.65668	3.89228e-05
6.65692	0.000157494
6.65717	0.00148552
6.65741	0.00106606
6.65765	-0.000496024
6.6579	0.000966085
6.65814	0.00591969
6.65839	0.00851715
6.65863	0.00443558
6.65888	-0.00256812
6.65912	-0.00556694
6.65937	-0.00313708
6.65961	0.000181649
6.65986	0.000165849
6.6601	-0.00287102
6.66035	-0.00490625
6.66059	-0.00223449
6.66083	0.00384639
6.66108	0.0069916
6.66132	0.00333443
6.66157	-0.00232567
6.66181	-0.00261924
6.66206	0.00135754
6.6623	0.00183331
6.66255	-0.00279674
6.66279	-0.00513963
6.66304	-0.00108166
6.66328	0.00336283
6.66353	0.00191204
6.66377	-0.00241104
6.66401	-0.00314529
6.66426	-0.000122053
6.6645	0.00252901
6.66475	0.00340297
6.66499	0.00311898
6.66524	0.000804646
6.66548	-0.00294639
6.66573	-0.00343645
6.66597	0.00178323
6.66622	0.00729341
6.66646	0.00671471
6.66671	0.00214417
6.66695	0.000110974
6.66719	0.000875384
6.66744	-0.000571439
6.66768	-0.00429185
6.66793	-0.00464314
6.66817	-0.0005696
6.66842	0.00126841
6.66866	-0.00324631
6.66891	-0.00845689
6.66915	-0.00643964
6.6694	0.00192541
6.66964	0.00790227
6.66988	0.0054838
6.67013	-0.00235923
6.67037	-0.00776142
6.67062	-0.00611964
6.67086	0.000103714
6.67111	0.00447752
6.67135	0.00289941
6.6716	-0.00304545
6.67184	-0.00852443
6.67209	-0.0102483
6.67233	-0.00824668
6.67258	-0.00411042
6.67282	0.000566132
6.67306	0.00393736
6.67331	0.00407699
6.67355	0.000788653
6.6738	-0.00339969
6.67404	-0.00531247
6.67429	-0.00429058
6.67453	-0.00243356
6.67478	-0.00147822
6.67502	-0.000477636
6.67527	0.00248118
6.67551	0.00696943
6.67576	0.010098
6.676	0.00967733
6.67624	0.0063229
6.67649	0.00248986
6.67673	0.000611876
6.67698	0.00172426
6.67722	0.00413726
6.67747	0.00401036
6.67771	-0.000261905
6.67796	-0.00472502
6.6782	-0.00421177
6.67845	0.000189879
6.67869	0.00237545
6.67894	0.000307555
6.67918	-0.00158771
6.67942	-0.000629622
6.67967	-0.000159656
6.67991	-0.00234999
6.68016	-0.00325407
6.6804	-1.76839e-05
6.68065	0.00312562
6.68089	0.00234043
6.68114	0.00170526
6.68138	0.00541199
6.68163	0.00799826
6.68187	0.00241986
6.68212	-0.00614379
6.68236	-0.00632925
6.6826	0.00123966
6.68285	0.00441886
6.68309	-0.00108529
6.68334	-0.00578054
6.68358	-0.00330458
6.68383	-0.000599847
6.68407	-0.00451991
6.68432	-0.00913958
6.68456	-0.00575328
6.68481	0.00221621
6.68505	0.00462491
6.68529	0.000425703
6.68554	-0.00202825
6.68578	0.00123373
6.68603	0.00480511
6.68627	0.00342413
6.68652	-0.00074601
6.68676	-0.00277168
6.68701	-0.00197432
6.68725	-0.00108768
6.6875	-0.000925505
6.68774	0.000658651
6.68799	0.00435063
6.68823	0.006532
6.68847	0.00348554
6.68872	-0.00216743
6.68896	-0.00338128
6.68921	0.00117231
6.68945	0.00362519
6.6897	-0.0019822
6.68994	-0.00955696
6.69019	-0.00900281
6.69043	-0.00139424
6.69068	0.00296436
6.69092	0.000693892
6.69117	-0.000857067
6.69141	0.00227548
6.69165	0.00350291
6.6919	-0.00239537
6.69214	-0.00937126
6.69239	-0.00920949
6.69263	-0.00383696
6.69288	-0.00110953
6.69312	-0.00297621
6.69337	-0.00488362
6.69361	-0.00373984
6.69386	-0.00039034
6.6941	0.00331442
6.69435	0.00494635
6.69459	0.00167849
6.69483	-0.00553512
6.69508	-0.0107905
6.69532	-0.0101385
6.69557	-0.00631559
6.69581	-0.00322212
6.69606	-0.000520101
6.6963	0.00195727
6.69655	0.000275812
6.69679	-0.00677986
6.69704	-0.0121147
6.69728	-0.00912798
6.69752	-0.00205542
6.69777	0.000363136
6.69801	-0.0021782
6.69826	-0.0037302
6.6985	-0.00398851
6.69875	-0.00750518
6.69899	-0.0121871
6.69924	-0.00992268
6.69948	-0.000562113
6.69973	0.00508838
6.69997	0.000310176
6.70022	-0.00791935
6.70046	-0.00942438
6.7007	-0.00424062
6.70095	0.000134403
6.70119	-4.03505e-05
6.70144	-0.00221336
6.70168	-0.00343012
6.70193	-0.00360147
6.70217	-0.00388145
6.70242	-0.00504549
6.70266	-0.00692123
6.70291	-0.00795715
6.70315	-0.00677072
6.7034	-0.00481879
6.70364	-0.0051132
6.70388	-0.00748802
6.70413	-0.00824514
6.70437	-0.00577345
6.70462	-0.00318822
6.70486	-0.00348589
6.70511	-0.00517033
6.70535	-0.00490438
6.7056	-0.00197332
6.70584	0.00185192
6.70609	0.0044975
6.70633	0.00409175
6.70658	0.000187489
6.70682	-0.00388562
6.70706	-0.00320238
6.70731	0.00215225
6.70755	0.00606945
6.7078	0.00429681
6.70804	-0.000431086
6.70829	-0.00372194
6.70853	-0.00546276
6.70878	-0.0066809
6.70902	-0.00541926
6.70927	-0.00126133
6.70951	0.000460437
6.70975	-0.00396876
6.71	-0.00857823
6.71024	-0.00546344
6.71049	0.0017454
6.71073	0.00218936
6.71098	-0.00489465
6.71122	-0.00848279
6.71147	-0.00372373
6.71171	0.000311479
6.71196	-0.00348806
6.7122	-0.00787996
6.71245	-0.00384643
6.71269	0.00366156
6.71293	0.00420574
6.71318	-0.000413119
6.71342	-0.000290256
6.71367	0.00430691
6.71391	0.00343838
6.71416	-0.00375859
6.7144	-0.00567304
6.71465	0.00264037
6.71489	0.0104512
6.71514	0.00819125
6.71538	0.00157751
6.71563	5.54857e-06
6.71587	0.000810813
6.71611	-0.00346029
6.71636	-0.00913916
6.7166	-0.00600692
6.71685	0.0050132
6.71709	0.0113659
6.71734	0.00661076
6.71758	-0.00207798
6.71783	-0.00628689
6.71807	-0.00669565
6.71832	-0.00725207
6.71856	-0.0070854
6.71881	-0.00380047
6.71905	0.000509051
6.71929	0.00216331
6.71954	0.00165993
6.71978	0.0018382
6.72003	0.00242904
6.72027	0.000666079
6.72052	-0.00377521
6.72076	-0.00793593
6.72101	-0.00926286
6.72125	-0.0075635
6.7215	-0.00378515
6.72174	0.000560467
6.72198	0.00276587
6.72223	0.000390357
6.72247	-0.00528243
6.72272	-0.00891946
6.72296	-0.00644845
6.72321	-0.000478078
6.72345	0.00191806
6.7237	-0.00211627
6.72394	-0.0071538
6.72419	-0.00669973
6.72443	-0.00236289
6.72468	-0.00119769
6.72492	-0.00459604
6.72516	-0.00616946
6.72541	-0.00263584
6.72565	-2.6488e-05
6.7259	-0.00410525
6.72614	-0.0102653
6.72639	-0.0101782
6.72663	-0.00487219
6.72688	-0.00263082
6.72712	-0.00524793
6.72737	-0.00560681
6.72761	-0.000320553
6.72786	0.00398982
6.7281	0.0010516
6.72834	-0.0051888
6.72859	-0.00637188
6.72883	-0.00110059
6.72908	0.00437904
6.72932	0.00408701
6.72957	-0.00285201
6.72981	-0.0124546
6.73006	-0.0176613
6.7303	-0.0131799
6.73055	-0.00246054
6.73079	0.00349622
6.73104	-0.00114067
6.73128	-0.0086887
6.73152	-0.00789937
6.73177	0.000573298
6.73201	0.00577233
6.73226	0.00218115
6.7325	-0.0042899
6.73275	-0.00683736
6.73299	-0.00587868
6.73324	-0.00364288
6.73348	0.00122685
6.73373	0.00838442
6.73397	0.01192
6.73421	0.00857825
6.73446	0.00420711
6.7347	0.00422663
6.73495	0.0030682
6.73519	-0.00646163
6.73544	-0.0171274
6.73568	-0.0141178
6.73593	0.0017118
6.73617	0.0119031
6.73642	0.00629175
6.73666	-0.00300978
6.73691	-0.00183779
6.73715	0.00457276
6.73739	0.00287918
6.73764	-0.00520967
6.73788	-0.00670019
6.73813	0.000560583
6.73837	0.00537606
6.73862	0.00190374
6.73886	-0.00362512
6.73911	-0.00595907
6.73935	-0.00705183
6.7396	-0.00689109
6.73984	-0.00135547
6.74009	0.00669208
6.74033	0.00678227
6.74057	-0.00296601
6.74082	-0.0104285
6.74106	-0.006876
6.74131	0.00071573
6.74155	0.00216813
6.7418	-0.000962551
6.74204	-0.0015164
6.74229	0.000699842
6.74253	0.00154454
6.74278	0.000828291
6.74302	-0.00041544
6.74327	-0.00430776
6.74351	-0.00994719
6.74375	-0.0101208
6.744	-0.00262133
6.74424	0.00297218
6.74449	-0.000616955
6.74473	-0.00549702
6.74498	-0.00116479
6.74522	0.00749308
6.74547	0.00808805
6.74571	0.000881286
6.74596	-0.00341164
6.7462	-0.00220874
6.74644	-0.00248417
6.74669	-0.00544632
6.74693	-0.00493969
6.74718	-0.001387
6.74742	-0.00270942
6.74767	-0.00930697
6.74791	-0.0116629
6.74816	-0.006059
6.7484	-0.000225474
6.74865	0.00020479
6.74889	-0.000971775
6.74914	-0.000699019
6.74938	-0.00244371
6.74962	-0.00681633
6.74987	-0.00732268
6.75011	-0.00134544
6.75036	0.0043531
6.7506	0.00485716
6.75085	0.00447883
6.75109	0.00694094
6.75134	0.00749781
6.75158	0.00189027
6.75183	-0.00516503
6.75207	-0.00787347
6.75232	-0.00838384
6.75256	-0.0104658
6.7528	-0.0112003
6.75305	-0.00705902
6.75329	-0.00219533
6.75354	-0.00223464
6.75378	-0.00461555
6.75403	-0.00325723
6.75427	0.00118632
6.75452	0.00351048
6.75476	0.00278925
6.75501	0.00145867
6.75525	-0.00104242
6.7555	-0.00596643
6.75574	-0.00948419
6.75598	-0.00724207
6.75623	-0.00266833
6.75647	-0.00280416
6.75672	-0.0071844
6.75696	-0.00883488
6.75721	-0.00576093
6.75745	-0.00329809
6.7577	-0.00434731
6.75794	-0.00515553
6.75819	-0.00306557
6.75843	-0.00152843
6.75868	-0.00385392
6.75892	-0.00718141
6.75916	-0.00675416
6.75941	-0.00285166
6.75965	0.000165955
6.7599	-0.000278778
6.76014	-0.00287583
6.76039	-0.00485664
6.76063	-0.00451747
6.76088	-0.00231311
6.76112	-0.000697296
6.76137	-0.00170586
6.76161	-0.0038852
6.76185	-0.00332363
6.7621	0.00107135
6.76234	0.0052222
6.76259	0.00474092
6.76283	0.000787452
6.76308	-0.00141076
6.76332	0.000578579
6.76357	0.00358798
6.76381	0.00343844
6.76406	7.55918e-05
6.7643	-0.00321536
6.76455	-0.00414184
6.76479	-0.00328315
6.76503	-0.0025881
6.76528	-0.00352786
6.76552	-0.0059092
6.76577	-0.00719525
6.76601	-0.00442365
6.76626	0.00122416
6.7665	0.00368392
6.76675	-0.000774974
6.76699	-0.00711116
6.76724	-0.00706154
6.76748	-0.000702431
6.76773	0.00332613
6.76797	0.000196995
6.76821	-0.00482395
6.76846	-0.00536849
6.7687	-0.00303521
6.76895	-0.00259496
6.76919	-0.00320131
6.76944	-0.000759171
6.76968	0.0039485
6.76993	0.00585777
6.77017	0.00308279
6.77042	-0.00134148
6.77066	-0.0041227
6.77091	-0.00380907
6.77115	0.000184513
6.77139	0.00609932
6.77164	0.0089131
6.77188	0.00552658
6.77213	-0.000438823
6.77237	-0.00329378
6.77262	-0.00287592
6.77286	-0.00281388
6.77311	-0.00354983
6.77335	-0.00294638
6.7736	-0.00211885
6.77384	-0.00406923
6.77408	-0.00712776
6.77433	-0.00631928
6.77457	-0.00154132
6.77482	0.00172311
6.77506	0.000589651
6.77531	-0.00189779
6.77555	-0.0024483
6.7758	-0.00127169
6.77604	0.000728954
6.77629	0.00344796
6.77653	0.00526607
6.77678	0.00399416
6.77702	0.00110196
6.77726	0.000509244
6.77751	0.00239712
6.77775	0.0027843
6.778	0.000140146
6.77824	-0.00205286
6.77849	-0.000577686
6.77873	0.00342821
6.77898	0.00659736
6.77922	0.00650408
6.77947	0.00271441
6.77971	-0.00236018
6.77996	-0.00458837
6.7802	-0.00324243
6.78044	-0.00288275
6.78069	-0.00606689
6.78093	-0.00744618
6.78118	-0.00134821
6.78142	0.007522
6.78167	0.0090198
6.78191	0.00217815
6.78216	-0.00343866
6.7824	-0.00147007
6.78265	0.00396389
6.78289	0.00603988
6.78314	0.00337999
6.78338	-0.00106452
6.78362	-0.0034057
6.78387	-0.000532276
6.78411	0.00590878
6.78436	0.00809694
6.7846	0.00139943
6.78485	-0.0064595
6.78509	-0.0043439
6.78534	0.00534583
6.78558	0.0093126
6.78583	0.00327745
6.78607	-0.0026456
6.78631	-0.000996245
6.78656	0.00280586
6.7868	0.00219842
6.78705	0.000196904
6.78729	0.00166659
6.78754	0.00431035
6.78778	0.00455309
6.78803	0.00445826
6.78827	0.00586652
6.78852	0.00501864
6.78876	-5.61033e-05
6.78901	-0.00358097
6.78925	-0.000348191
6.78949	0.00609992
6.78974	0.00994578
6.78998	0.011615
6.79023	0.0137576
6.79047	0.0150851
6.79072	0.0144695
6.79096	0.0147694
6.79121	0.0164758
6.79145	0.0146061
6.7917	0.00837228
6.79194	0.00584787
6.79219	0.0110524
6.79243	0.014786
6.79267	0.00837773
6.79292	-0.000958288
6.79316	-0.000382132
6.79341	0.00862344
6.79365	0.0134131
6.7939	0.0099245
6.79414	0.0065087
6.79439	0.00909937
6.79463	0.0139793
6.79488	0.0155215
6.79512	0.0117546
6.79537	0.00280809
6.79561	-0.00737634
6.79585	-0.00955843
6.7961	0.000666479
6.79634	0.0128895
6.79659	0.0129552
6.79683	0.00288831
6.79708	-0.00230049
6.79732	0.00247251
6.79757	0.00649613
6.79781	0.0028496
6.79806	-0.000496734
6.7983	0.00437732
6.79854	0.0115455
6.79879	0.0112603
6.79903	0.00491257
6.79928	0.000929702
6.79952	0.00212891
6.79977	0.00522735
6.80001	0.00767845
6.80026	0.00756775
6.8005	0.00170278
6.80075	-0.00859749
6.80099	-0.0141029
6.80124	-0.00795284
6.80148	0.00383512
6.80172	0.0095366
6.80197	0.00659632
6.80221	0.00191887
6.80246	-1.96238e-05
6.8027	-0.000902321
6.80295	-0.0016398
6.80319	-0.000366383
6.80344	0.00202207
6.80368	0.00200173
6.80393	0.00037137
6.80417	0.00193377
6.80442	0.00651652
6.80466	0.00751411
6.8049	0.00229725
6.80515	-0.00274889
6.80539	-0.00190011
6.80564	0.000901899
6.80588	-0.00175879
6.80613	-0.00941726
6.80637	-0.0142634
6.80662	-0.0111759
6.80686	-0.00264288
6.80711	0.00522407
6.80735	0.00803284
6.8076	0.0054486
6.80784	0.00111171
6.80808	-0.000586769
6.80833	0.000671457
6.80857	0.0013167
6.80882	1.00656e-05
6.80906	-0.000115064
6.80931	0.0023814
6.80955	0.00347407
6.8098	0.000209696
6.81004	-0.00343489
6.81029	-0.00274455
6.81053	-0.000434526
6.81077	-0.00187718
6.81102	-0.00513715
6.81126	-0.0036437
6.81151	0.00260049
6.81175	0.00653847
6.812	0.00472191
6.81224	0.00106107
6.81249	-0.000485489
6.81273	-1.3366e-05
6.81298	0.0018668
6.81322	0.004778
6.81347	0.00572229
6.81371	0.00258867
6.81395	-8.49363e-05
6.8142	0.00300183
6.81444	0.00741255
6.81469	0.00454566
6.81493	-0.00297311
6.81518	-0.00387107
6.81542	0.00301888
6.81567	0.00687095
6.81591	0.00432289
6.81616	0.00454813
6.8164	0.00953332
6.81665	0.00739806
6.81689	-0.0050223
6.81713	-0.0113574
6.81738	-0.00165236
6.81762	0.00817026
6.81787	0.00125357
6.81811	-0.0110639
6.81836	-0.00789471
6.8186	0.00520618
6.81885	0.00568466
6.81909	-0.00691677
6.81934	-0.010292
6.81958	0.00197888
6.81983	0.00960403
6.82007	-0.000178214
6.82031	-0.0130894
6.82056	-0.0133053
6.8208	-0.00676917
6.82105	-0.00577462
6.82129	-0.00813057
6.82154	-0.0061699
6.82178	-0.00235435
6.82203	-0.00159379
6.82227	0.000402848
6.82252	0.00741624
6.82276	0.0115211
6.823	0.00522454
6.82325	-0.00387251
6.82349	-0.00410328
6.82374	0.00184605
6.82398	0.0029356
6.82423	-0.00190884
6.82447	-0.00503019
6.82472	-0.00497198
6.82496	-0.00650811
6.82521	-0.00853197
6.82545	-0.00509756
6.8257	0.0023358
6.82594	0.00562437
6.82618	0.00311524
6.82643	0.00128743
6.82667	0.00242731
6.82692	0.00105181
6.82716	-0.00511199
6.82741	-0.0097956
6.82765	-0.00756077
6.8279	-0.00161819
6.82814	0.00150267
6.82839	0.000128499
6.82863	-0.0028518
6.82888	-0.00467294
6.82912	-0.00444528
6.82936	-0.00286735
6.82961	-0.00201546
6.82985	-0.00362769
6.8301	-0.00672768
6.83034	-0.00844373
6.83059	-0.00713853
6.83083	-0.00333813
6.83108	0.00160214
6.83132	0.00588548
6.83157	0.0072811
6.83181	0.00487279
6.83206	0.00040915
6.8323	-0.00328773
6.83254	-0.00442648
6.83279	-0.00243045
6.83303	0.001747
6.83328	0.00487957
6.83352	0.0040511
6.83377	0.00108897
6.83401	0.000916095
6.83426	0.00411889
6.8345	0.0055044
6.83475	0.00224261
6.83499	-0.00151884
6.83524	-0.00164486
6.83548	-0.00066796
6.83572	-0.00264095
6.83597	-0.00573125
6.83621	-0.00593551
6.83646	-0.00482204
6.8367	-0.00666759
6.83695	-0.00977916
6.83719	-0.00802618
6.83744	-0.000918443
6.83768	0.00483094
6.83793	0.00519077
6.83817	0.00382128
6.83841	0.004426
6.83866	0.0039125
6.8389	-0.00178371
6.83915	-0.00865841
6.83939	-0.0080003
6.83964	0.00113781
6.83988	0.00864668
6.84013	0.00558387
6.84037	-0.00404736
6.84062	-0.0083986
6.84086	-0.003043
6.84111	0.0044565
6.84135	0.00590943
6.84159	0.00249467
6.84184	0.000259714
6.84208	0.000733764
6.84233	0.00114704
6.84257	0.000576183
6.84282	0.000215034
6.84306	-0.000394575
6.84331	-0.00197437
6.84355	-0.00216416
6.8438	0.000968938
6.84404	0.00394655
6.84429	0.00243334
6.84453	-0.00107592
6.84477	-0.000901747
6.84502	0.00214201
6.84526	0.00256728
6.84551	0.000543361
6.84575	0.00135634
6.846	0.00454311
6.84624	0.00359189
6.84649	-0.00193035
6.84673	-0.00437211
6.84698	-0.00126483
6.84722	-8.64365e-06
6.84747	-0.00437726
6.84771	-0.00686413
6.84795	-0.00175682
6.8482	0.00346923
6.84844	-0.00082534
6.84869	-0.0108876
6.84893	-0.0149438
6.84918	-0.00961776
6.84942	-0.00170854
6.84967	0.00311985
6.84991	0.00442237
6.85016	0.00199043
6.8504	-0.00419134
6.85064	-0.00946799
6.85089	-0.00794416
6.85113	-0.00113692
6.85138	0.00312182
6.85162	0.00115979
6.85187	-0.00280356
6.85211	-0.00421304
6.85236	-0.00390413
6.8526	-0.00431565
6.85285	-0.00461026
6.85309	-0.00287966
6.85334	-0.000860787
6.85358	-0.00276701
6.85382	-0.00892539
6.85407	-0.0129414
6.85431	-0.00812564
6.85456	0.00294894
6.8548	0.00908099
6.85505	0.00377342
6.85529	-0.00544698
6.85554	-0.00644131
6.85578	0.00121877
6.85603	0.0067461
6.85627	0.00421357
6.85652	-0.000818792
6.85676	-0.00239172
6.857	-0.00242679
6.85725	-0.0037634
6.85749	-0.00365057
6.85774	-0.000367018
6.85798	0.0010302
6.85823	-0.0031163
6.85847	-0.00708877
6.85872	-0.00391969
6.85896	0.00314823
6.85921	0.00555663
6.85945	0.00245482
6.8597	0.000377536
6.85994	0.00176862
6.86018	0.00213475
6.86043	-0.00136908
6.86067	-0.00554373
6.86092	-0.00647327
6.86116	-0.00416964
6.86141	-0.000983161
6.86165	0.000896818
6.8619	0.0002291
6.86214	-0.00188932
6.86239	-0.00202366
6.86263	0.00122898
6.86287	0.00415042
6.86312	0.00241128
6.86336	-0.00264198
6.86361	-0.0055854
6.86385	-0.00368417
6.8641	0.000841641
6.86434	0.00397393
6.86459	0.00278908
6.86483	-0.00271102
6.86508	-0.00794989
6.86532	-0.00654493
6.86557	0.00190047
6.86581	0.00938618
6.86605	0.00858483
6.8663	0.00168982
6.86654	-0.00381275
6.86679	-0.00513784
6.86703	-0.00471322
6.86728	-0.00312344
6.86752	0.00160439
6.86777	0.00762729
6.86801	0.00861516
6.86826	0.00189283
6.8685	-0.00675589
6.86875	-0.00921758
6.86899	-0.00409602
6.86923	0.00240333
6.86948	0.00369111
6.86972	-0.000703618
6.86997	-0.0058848
6.87021	-0.00754308
6.87046	-0.00558017
6.8707	-0.00193544
6.87095	0.00222235
6.87119	0.0051915
6.87144	0.00388356
6.87168	-0.00164763
6.87193	-0.00534198
6.87217	-0.00222263
6.87241	0.00347392
6.87266	0.00379054
6.8729	-0.000642158
6.87315	-0.00193115
6.87339	0.00148885
6.87364	0.00230612
6.87388	-0.00233883
6.87413	-0.00502446
6.87437	-0.000411395
6.87462	0.00570575
6.87486	0.00615114
6.8751	0.0033112
6.87535	0.00299383
6.87559	0.0041752
6.87584	0.00286209
6.87608	0.000507653
6.87633	0.000394499
6.87657	0.000471218
6.87682	-0.00202137
6.87706	-0.00333453
6.87731	0.000648217
6.87755	0.00509009
6.8778	0.00256262
6.87804	-0.00416833
6.87828	-0.00577483
6.87853	-0.00137343
6.87877	0.000364875
6.87902	-0.00440819
6.87926	-0.00885168
6.87951	-0.00635021
6.87975	0.000600678
6.88	0.00565397
6.88024	0.0067629
6.88049	0.00586042
6.88073	0.00491605
6.88098	0.00507647
6.88122	0.00638747
6.88146	0.00638268
6.88171	0.00195187
6.88195	-0.00565531
6.8822	-0.0102282
6.88244	-0.00700906
6.88269	0.00145008
6.88293	0.00724803
6.88318	0.00520252
6.88342	-0.0012179
6.88367	-0.00325661
6.88391	0.00242061
6.88416	0.00850677
6.8844	0.00632903
6.88464	-0.00171621
6.88489	-0.00554408
6.88513	-0.00245824
6.88538	-7.20446e-05
6.88562	-0.00255703
6.88587	-0.00405004
6.88611	-0.00022311
6.88636	0.00358009
6.8866	0.00236147
6.88685	0.000156756
6.88709	0.000779081
6.88733	-0.000612288
6.88758	-0.00692304
6.88782	-0.00973893
6.88807	-0.0028336
6.88831	0.00383033
6.88856	-0.0013025
6.8888	-0.0102044
6.88905	-0.00669468
6.88929	0.00568772
6.88954	0.00786515
6.88978	-0.0034356
6.89003	-0.0104302
6.89027	-0.00436257
6.89051	0.00100197
6.89076	-0.00512796
6.891	-0.0118084
6.89125	-0.00670932
6.89149	0.0016412
6.89174	-0.000909648
6.89198	-0.00905212
6.89223	-0.00729591
6.89247	0.0032001
6.89272	0.00674087
6.89296	-0.000598313
6.89321	-0.00544019
6.89345	0.000382733
6.89369	0.00799636
6.89394	0.00712969
6.89418	0.000689694
6.89443	-0.00278099
6.89467	-0.00146851
6.89492	0.00161276
6.89516	0.00534789
6.89541	0.00870876
6.89565	0.00789219
6.8959	0.00167924
6.89614	-0.00447148
6.89639	-0.00525281
6.89663	-0.00294596
6.89687	-0.00278527
6.89712	-0.004168
6.89736	-0.0023255
6.89761	0.00312543
6.89785	0.00703298
6.8981	0.00565041
6.89834	0.000382922
6.89859	-0.00502488
6.89883	-0.00751563
6.89908	-0.0058808
6.89932	-0.00240618
6.89956	-0.00210882
6.89981	-0.00659617
6.90005	-0.0104401
6.9003	-0.00813541
6.90054	-0.0025896
6.90079	-0.000805181
6.90103	-0.00281213
6.90128	-0.00238572
6.90152	0.0016524
6.90177	0.00358567
6.90201	0.00154908
6.90226	0.00088185
6.9025	0.00365215
6.90274	0.00438972
6.90299	0.00100016
6.90323	3.84706e-05
6.90348	0.00423207
6.90372	0.0048771
6.90397	-0.00356568
6.90421	-0.0106771
6.90446	-0.00488368
6.9047	0.00616852
6.90495	0.00568684
6.90519	-0.00568071
6.90544	-0.0104366
6.90568	-0.00143606
6.90592	0.00853363
6.90617	0.00803953
6.90641	0.00211746
6.90666	-0.000360304
6.9069	-0.000667274
6.90715	-0.0030927
6.90739	-0.00506331
6.90764	-0.00347826
6.90788	-0.00189696
6.90813	-0.00288331
6.90837	-0.00152319
6.90862	0.00493622
6.90886	0.00919014
6.9091	0.00496228
6.90935	-0.00155341
6.90959	-0.00152054
6.90984	0.00193484
6.91008	0.000222826
6.91033	-0.00485877
6.91057	-0.00406805
6.91082	0.00326178
6.91106	0.00824651
6.91131	0.00692779
6.91155	0.00473931
6.91179	0.00544945
6.91204	0.00540977
6.91228	0.00146827
6.91253	-0.00301639
6.91277	-0.00343587
6.91302	-0.000300228
6.91326	0.00208749
6.91351	0.000455323
6.91375	-0.00445568
6.914	-0.00765181
6.91424	-0.00431214
6.91449	0.00309812
6.91473	0.00570361
6.91497	6.58338e-05
6.91522	-0.0056308
6.91546	-0.00321157
6.91571	0.00250968
6.91595	0.000777046
6.9162	-0.00838504
6.91644	-0.0142715
6.91669	-0.0112633
6.91693	-0.00481885
6.91718	-0.00114296
6.91742	8.43872e-06
6.91767	0.000327484
6.91791	-0.000983452
6.91815	-0.00330566
6.9184	-0.00352187
6.91864	-0.00146123
6.91889	-0.000492062
6.91913	-0.000934883
6.91938	0.00063374
6.91962	0.0037234
6.91987	0.00302844
6.92011	-0.00179621
6.92036	-0.00317264
6.9206	0.00284293
6.92085	0.00902732
6.92109	0.00731569
6.92133	0.00101504
6.92158	-0.00075447
6.92182	0.00297867
6.92207	0.00487064
6.92231	0.00154108
6.92256	-0.00219493
6.9228	-0.0023668
6.92305	-0.00185241
6.92329	-0.00402871
6.92354	-0.00578394
6.92378	-0.00183473
6.92403	0.00653245
6.92427	0.012102
6.92451	0.0109128
6.92476	0.00656611
6.925	0.00417322
6.92525	0.00362308
6.92549	0.0016337
6.92574	-0.00184777
6.92598	-0.00323162
6.92623	-0.000921273
6.92647	0.00227149
6.92672	0.00340433
6.92696	0.003265
6.9272	0.00414985
6.92745	0.00571191
6.92769	0.00520913
6.92794	0.00134748
6.92818	-0.00363028
6.92843	-0.00597025
6.92867	-0.00436098
6.92892	-0.00176253
6.92916	-0.0023885
6.92941	-0.00628605
6.92965	-0.00861725
6.9299	-0.0059375
6.93014	-0.00110527
6.93038	0.000889292
6.93063	8.2735e-05
6.93087	0.000524583
6.93112	0.00332194
6.93136	0.00540115
6.93161	0.00502176
6.93185	0.00395073
6.9321	0.00377176
6.93234	0.00415533
6.93259	0.00485987
6.93283	0.00542684
6.93308	0.00364923
6.93332	-0.000856285
6.93356	-0.00302234
6.93381	0.00133788
6.93405	0.00711436
6.9343	0.00617691
6.93454	0.00121769
6.93479	0.00262946
6.93503	0.0104091
6.93528	0.0118307
6.93552	0.00181277
6.93577	-0.00719984
6.93601	-0.00385248
6.93626	0.00507752
6.9365	0.00699193
6.93674	0.00314845
6.93699	0.00286976
6.93723	0.00516287
6.93748	0.00121453
6.93772	-0.00778011
6.93797	-0.0103205
6.93821	-0.00300988
6.93846	0.00373646
6.9387	0.00163174
6.93895	-0.00439575
6.93919	-0.00549071
6.93943	-0.00109629
6.93968	0.00309151
6.93992	0.00362244
6.94017	0.0010796
6.94041	-0.00297368
6.94066	-0.00697535
6.9409	-0.00903749
6.94115	-0.00790066
6.94139	-0.00389407
6.94164	0.000807492
6.94188	0.00242934
6.94213	-0.00148259
6.94237	-0.00773215
6.94261	-0.00948622
6.94286	-0.00538983
6.9431	-0.00244445
6.94335	-0.00577126
6.94359	-0.0102419
6.94384	-0.00813788
6.94408	-0.000913351
6.94433	0.00383367
6.94457	0.00387641
6.94482	0.00299605
6.94506	0.00244829
6.94531	0.000227291
6.94555	-0.0022903
6.94579	-0.00144779
6.94604	0.000914271
6.94628	-0.00104435
6.94653	-0.00691501
6.94677	-0.00889414
6.94702	-0.00279742
6.94726	0.00614533
6.94751	0.0105229
6.94775	0.00860033
6.948	0.00360547
6.94824	-0.000144262
6.94849	0.000332999
6.94873	0.003847
6.94897	0.00483681
6.94922	0.000280943
6.94946	-0.00480349
6.94971	-0.00414657
6.94995	3.80397e-05
6.9502	0.00142055
6.95044	0.00115763
6.95069	0.00534308
6.95093	0.0116262
6.95118	0.00991662
6.95142	-0.00112014
6.95166	-0.00938751
6.95191	-0.00606851
6.95215	0.00257195
6.9524	0.00624726
6.95264	0.00499791
6.95289	0.00490713
6.95313	0.00627176
6.95338	0.00485712
6.95362	0.00091968
6.95387	-0.00138956
6.95411	-0.00161761
6.95436	-0.00281674
6.9546	-0.00481326
6.95484	-0.00424352
6.95509	-0.00135851
6.95533	-0.000887806
6.95558	-0.00467586
6.95582	-0.00807462
6.95607	-0.00618466
6.95631	-0.000776696
6.95656	0.00209053
6.9568	0.000237582
6.95705	-0.00222344
6.95729	-0.00166991
6.95754	-0.000835221
6.95778	-0.00396101
6.95802	-0.00792196
6.95827	-0.00497913
6.95851	0.00395976
6.95876	0.00675527
6.959	-0.00338744
6.95925	-0.0154379
6.95949	-0.0139541
6.95974	-0.00103135
6.95998	0.00636318
6.96023	0.000250862
6.96047	-0.00896567
6.96072	-0.00939241
6.96096	-0.00278842
6.9612	0.00243984
6.96145	0.00405947
6.96169	0.00466076
6.96194	0.00423552
6.96218	0.00155148
6.96243	-0.00154437
6.96267	-0.00345695
6.96292	-0.00639399
6.96316	-0.0108585
6.96341	-0.0111886
6.96365	-0.00356714
6.96389	0.00518217
6.96414	0.00481751
6.96438	-0.00388653
6.96463	-0.00949705
6.96487	-0.00476572
6.96512	0.00541697
6.96536	0.0118445
6.96561	0.0111677
6.96585	0.00643083
6.9661	0.00182641
6.96634	-0.000494648
6.96659	-0.00060082
6.96683	0.000233054
6.96707	0.00103556
6.96732	0.00155264
6.96756	0.00105407
6.96781	-0.00136907
6.96805	-0.00422064
6.9683	-0.00409567
6.96854	-0.000843055
6.96879	0.000970045
6.96903	-0.00113985
6.96928	-0.00290408
6.96952	-6.4935e-05
6.96977	0.0035124
6.97001	0.000993672
6.97025	-0.00597943
6.9705	-0.00855562
6.97074	-0.00364047
6.97099	0.00194372
6.97123	0.0022681
6.97148	0.000159986
6.97172	0.000569698
6.97197	0.00223371
6.97221	0.0011258
6.97246	-0.00205671
6.9727	-0.00342307
6.97295	-0.00230701
6.97319	-0.00119119
6.97343	-0.000983146
6.97368	-0.000790166
6.97392	-0.00088185
6.97417	-0.00181614
6.97441	-0.00210821
6.97466	-0.000742684
6.9749	-0.000207858
6.97515	-0.00271387
6.97539	-0.00544318
6.97564	-0.00473512
6.97588	-0.00285449
6.97612	-0.00408217
6.97637	-0.00575356
6.97661	-0.00157206
6.97686	0.00616812
6.9771	0.00741693
6.97735	3.16695e-05
6.97759	-0.00532746
6.97784	-0.00120019
6.97808	0.00503584
6.97833	0.00320097
6.97857	-0.00394183
6.97882	-0.00674079
6.97906	-0.00454813
6.9793	-0.00428938
6.97955	-0.00657601
6.97979	-0.00523404
6.98004	-7.45092e-05
6.98028	0.00145356
6.98053	-0.00301925
6.98077	-0.00668632
6.98102	-0.00497842
6.98126	-0.00185074
6.98151	-0.00127662
6.98175	-0.00107749
6.982	0.000656261
6.98224	0.00106596
6.98248	-0.000806645
6.98273	-0.000422155
6.98297	0.00382787
6.98322	0.0056991
6.98346	0.000796178
6.98371	-0.00512358
6.98395	-0.00446859
6.9842	0.000858457
6.98444	0.00359645
6.98469	0.00215096
6.98493	8.82664e-05
6.98518	-0.00169252
6.98542	-0.00461702
6.98566	-0.00687032
6.98591	-0.00566968
6.98615	-0.0033105
6.9864	-0.00378511
6.98664	-0.00479505
6.98689	-0.000568865
6.98713	0.00772223
6.98738	0.0116419
6.98762	0.00660727
6.98787	-0.00266444
6.98811	-0.0089573
6.98835	-0.00973229
6.9886	-0.00644489
6.98884	-0.0016038
6.98909	0.00199165
6.98933	0.00288281
6.98958	0.00299198
6.98982	0.00496673
6.99007	0.00749455
6.99031	0.00695588
6.99056	0.00358655
6.9908	0.00151107
6.99105	0.00222414
6.99129	0.00267224
6.99153	0.00102349
6.99178	-0.000201608
6.99202	0.00101655
6.99227	0.00212449
6.99251	-0.000103602
6.99276	-0.00399036
6.993	-0.00444419
6.99325	0.000594413
6.99349	0.00723113
6.99374	0.00932251
6.99398	0.00456745
6.99423	-0.00305946
6.99447	-0.00718605
6.99471	-0.0055687
6.99496	-0.00187082
6.9952	-0.000472718
6.99545	-0.00137712
6.99569	-0.00180442
6.99594	-0.00102329
6.99618	-0.000976193
6.99643	-0.00290443
6.99667	-0.00562611
6.99692	-0.00692795
6.99716	-0.00525038
6.99741	-0.000757421
6.99765	0.00413408
6.99789	0.00662632
6.99814	0.00685104
6.99838	0.00711776
6.99863	0.00674809
6.99887	0.00148306
6.99912	-0.00894406
6.99936	-0.0164392
6.99961	-0.0128472
6.99985	-0.000637509
7.0001	0.00996121
7.00034	0.013422
7.00059	0.0129054
7.00083	0.0119005
7.00107	0.00840744
7.00132	0.000443696
7.00156	-0.00725348
7.00181	-0.00707137
7.00205	0.00153201
7.0023	0.00966035
7.00254	0.00847347
7.00279	-0.00029485
7.00303	-0.00628555
7.00328	-0.00390325
7.00352	6.18409e-05
7.00376	-0.00349647
7.00401	-0.0113846
7.00425	-0.0116545
7.0045	-0.00200059
7.00474	0.0053883
7.00499	0.00186317
7.00523	-0.00464056
7.00548	-0.0030404
7.00572	0.00272947
7.00597	0.00111622
7.00621	-0.00654291
7.00646	-0.00750222
7.0067	0.000980335
7.00694	0.00661454
7.00719	0.00217446
7.00743	-0.00301897
7.00768	0.000909209
7.00792	0.00822058
7.00817	0.00763822
7.00841	0.0007299
7.00866	-0.00158484
7.0089	0.00307997
7.00915	0.006007
7.00939	0.00243383
7.00964	-0.00142408
7.00988	0.000689449
7.01012	0.00516812
7.01037	0.00447341
7.01061	-0.00176522
7.01086	-0.0065817
7.0111	-0.004732
7.01135	0.00181201
7.01159	0.00702526
7.01184	0.00714361
7.01208	0.00352017
7.01233	0.000353783
7.01257	0.000221998
7.01282	0.00210306
7.01306	0.00357583
7.0133	0.00371207
7.01355	0.00292645
7.01379	0.00140599
7.01404	-0.000473426
7.01428	-0.00114766
7.01453	0.000461451
7.01477	0.00275911
7.01502	0.00320322
7.01526	0.00173671
7.01551	0.000127383
7.01575	-0.00118988
7.01599	-0.00227085
7.01624	-0.000641916
7.01648	0.00566285
7.01673	0.0117741
7.01697	0.009447
7.01722	-0.000384928
7.01746	-0.00566847
7.01771	0.000719574
7.01795	0.00975658
7.0182	0.00926408
7.01844	0.00232704
7.01869	0.00128018
7.01893	0.00651661
7.01917	0.00581244
7.01942	-0.00371364
7.01966	-0.00834232
7.01991	0.000667437
7.02015	0.0117518
7.0204	0.0101826
7.02064	0.000208854
7.02089	-0.0032748
7.02113	0.00182883
7.02138	0.00459961
7.02162	0.00116004
7.02187	-0.000219411
7.02211	0.00504021
7.02235	0.0103643
7.0226	0.00998644
7.02284	0.00741718
7.02309	0.00743426
7.02333	0.00843905
7.02358	0.00738165
7.02382	0.0049867
7.02407	0.00207237
7.02431	-0.00253779
7.02456	-0.00679615
7.0248	-0.00512051
7.02505	0.00252827
7.02529	0.00786322
7.02553	0.00524401
7.02578	-0.000442122
7.02602	-0.00163656
7.02627	0.00152092
7.02651	0.00377559
7.02676	0.00316361
7.027	0.00166338
7.02725	0.000805738
7.02749	0.00101569
7.02774	0.00263358
7.02798	0.00435122
7.02822	0.00344703
7.02847	-6.53493e-05
7.02871	-0.00282247
7.02896	-0.0033065
7.0292	-0.00344943
7.02945	-0.00354292
7.02969	-0.000775303
7.02994	0.00499623
7.03018	0.00948082
7.03043	0.0104232
7.03067	0.0102372
7.03092	0.00985254
7.03116	0.00647812
7.0314	0.000713573
7.03165	-0.00102745
7.03189	0.00431832
7.03214	0.0109959
7.03238	0.0127363
7.03263	0.0107448
7.03287	0.00891995
7.03312	0.00718126
7.03336	0.00452844
7.03361	0.00298049
7.03385	0.00345278
7.0341	0.00331926
7.03434	0.00264645
7.03458	0.006236
7.03483	0.0141841
7.03507	0.0176855
7.03532	0.0110791
7.03556	0.00151418
7.03581	-0.000801145
7.03605	0.00390988
7.0363	0.00870799
7.03654	0.0111034
7.03679	0.0123133
7.03703	0.0110129
7.03728	0.00679549
7.03752	0.00518293
7.03776	0.0102274
7.03801	0.0163039
7.03825	0.0160875
7.0385	0.0123743
7.03874	0.0125808
7.03899	0.0156698
7.03923	0.0149999
7.03948	0.0110839
7.03972	0.010588
7.03997	0.0143446
7.04021	0.0169047
7.04045	0.0170979
7.0407	0.0187531
7.04094	0.021153
7.04119	0.0189245
7.04143	0.0123011
7.04168	0.00817235
7.04192	0.00932536
7.04217	0.0108632
7.04241	0.00903374
7.04266	0.00625587
7.0429	0.00547753
7.04315	0.00581208
7.04339	0.00556425
7.04363	0.00487511
7.04388	0.00464469
7.04412	0.0062356
7.04437	0.0106519
7.04461	0.0146971
7.04486	0.0122421
7.0451	0.00430685
7.04535	0.00165112
7.04559	0.00947272
7.04584	0.0163442
7.04608	0.00961702
7.04633	-0.0038085
7.04657	-0.00616724
7.04681	0.00473406
7.04706	0.0132562
7.0473	0.0101034
7.04755	0.00324423
7.04779	0.00199709
7.04804	0.00475018
7.04828	0.0072497
7.04853	0.0101998
7.04877	0.0129079
7.04902	0.0107584
7.04926	0.00467946
7.04951	0.00263182
7.04975	0.00635603
7.04999	0.0073986
7.05024	0.00190892
7.05048	-0.00195831
7.05073	0.00165043
7.05097	0.00583811
7.05122	0.00345603
7.05146	-0.00023087
7.05171	0.00256365
7.05195	0.00828082
7.0522	0.00885587
7.05244	0.00543372
7.05268	0.00430732
7.05293	0.0048025
7.05317	0.00228586
7.05342	-0.000957769
7.05366	0.00113333
7.05391	0.00700345
7.05415	0.00932228
7.0544	0.00649794
7.05464	0.00320689
7.05489	0.00110232
7.05513	-0.00185483
7.05538	-0.00396292
7.05562	-0.000986363
7.05586	0.0052704
7.05611	0.00819297
7.05635	0.00664298
7.0566	0.00590882
7.05684	0.00785825
7.05709	0.00852818
7.05733	0.00682058
7.05758	0.00695331
7.05782	0.00955598
7.05807	0.00865755
7.05831	0.00178079
7.05856	-0.00426691
7.0588	-0.00304174
7.05904	0.00216685
7.05929	0.00456293
7.05953	0.00427352
7.05978	0.0055515
7.06002	0.00739428
7.06027	0.00510586
7.06051	-0.000241722
7.06076	-0.00209231
7.061	0.00121987
7.06125	0.00388522
7.06149	0.00242657
7.06174	0.000971979
7.06198	0.00310708
7.06222	0.00518506
7.06247	0.00329602
7.06271	0.00128099
7.06296	0.00446474
7.0632	0.00942541
7.06345	0.0087348
7.06369	0.0037563
7.06394	0.00288873
7.06418	0.00719629
7.06443	0.00859682
7.06467	0.00480839
7.06491	0.00464627
7.06516	0.0125306
7.0654	0.0183866
7.06565	0.0123968
7.06589	0.00154687
7.06614	-0.000140177
7.06638	0.0074336
7.06663	0.0118471
7.06687	0.00803438
7.06712	0.00383309
7.06736	0.00520968
7.06761	0.00812561
7.06785	0.00811007
7.06809	0.00739443
7.06834	0.00812611
7.06858	0.00748781
7.06883	0.00460369
7.06907	0.00451976
7.06932	0.0096053
7.06956	0.0135522
7.06981	0.0100707
7.07005	0.00252009
7.0703	-0.000979737
7.07054	0.00196915
7.07079	0.00759284
7.07103	0.0121475
7.07127	0.0134081
7.07152	0.00950161
7.07176	0.00179847
7.07201	-0.00354361
7.07225	-0.00212869
7.0725	0.00236405
7.07274	0.00296123
7.07299	-0.00112595
7.07323	-0.00422142
7.07348	-0.00218367
7.07372	0.00335461
7.07397	0.008146
7.07421	0.00948243
7.07445	0.00768651
7.0747	0.00578791
7.07494	0.00683668
7.07519	0.0100084
7.07543	0.0112615
7.07568	0.0092503
7.07592	0.00739459
7.07617	0.00786384
7.07641	0.00759217
7.07666	0.00412656
7.0769	0.00158614
7.07715	0.00524244
7.07739	0.0124524
7.07763	0.0150772
7.07788	0.0103915
7.07812	0.00412681
7.07837	0.00214785
7.07861	0.00375545
7.07886	0.00443868
7.0791	0.00177569
7.07935	-0.00266552
7.07959	-0.00498318
7.07984	-0.00202707
7.08008	0.00512625
7.08032	0.0110787
7.08057	0.011668
7.08081	0.00873165
7.08106	0.00676962
7.0813	0.00636027
7.08155	0.00463593
7.08179	0.00132066
7.08204	-0.000334931
7.08228	0.00122466
7.08253	0.0040368
7.08277	0.00650007
7.08302	0.00883504
7.08326	0.0100627
7.0835	0.00818342
7.08375	0.00469117
7.08399	0.00414846
7.08424	0.00730535
7.08448	0.00932989
7.08473	0.00745226
7.08497	0.00551129
7.08522	0.00734844
7.08546	0.0103584
7.08571	0.0103732
7.08595	0.00898613
7.0862	0.0101522
7.08644	0.0122968
7.08668	0.0104031
7.08693	0.00477973
7.08717	0.00131888
7.08742	0.00286144
7.08766	0.00607759
7.08791	0.00757881
7.08815	0.00773559
7.0884	0.00741504
7.08864	0.00624485
7.08889	0.00559646
7.08913	0.00812736
7.08938	0.0124472
7.08962	0.0134528
7.08986	0.0103177
7.09011	0.00873709
7.09035	0.0120107
7.0906	0.015339
7.09084	0.013537
7.09109	0.00954214
7.09133	0.00946622
7.09158	0.0127406
7.09182	0.0136233
7.09207	0.0105267
7.09231	0.0074809
7.09255	0.00692112
7.0928	0.00679312
7.09304	0.00535858
7.09329	0.00416839
7.09353	0.00519518
7.09378	0.00827821
7.09402	0.0119527
7.09427	0.0143934
7.09451	0.0139964
7.09476	0.0116138
7.095	0.0111261
7.09525	0.014763
7.09549	0.019088
7.09573	0.0190399
7.09598	0.0147343
7.09622	0.0106021
7.09647	0.00905719
7.09671	0.00906628
7.09696	0.00995169
7.0972	0.0122652
7.09745	0.0153935
7.09769	0.0181728
7.09794	0.0211288
7.09818	0.0245664
7.09843	0.026052
7.09867	0.0240773
7.09891	0.0222292
7.09916	0.0244625
7.0994	0.0280758
7.09965	0.0275286
7.09989	0.0238711
7.10014	0.0234079
7.10038	0.0274964
7.10063	0.0310016
7.10087	0.0312523
7.10112	0.0311107
7.10136	0.0321062
7.10161	0.0320863
7.10185	0.0315528
7.10209	0.0346627
7.10234	0.0408797
7.10258	0.0428448
7.10283	0.0369593
7.10307	0.0302664
7.10332	0.0317411
7.10356	0.0404808
7.10381	0.0469756
7.10405	0.044149
7.1043	0.0344907
7.10454	0.0275154
7.10478	0.0306238
7.10503	0.0407523
7.10527	0.0464382
7.10552	0.0410203
7.10576	0.0309032
7.10601	0.0262841
7.10625	0.0278594
7.1065	0.0297283
7.10674	0.0309154
7.10699	0.0339139
7.10723	0.0352197
7.10748	0.0297141
7.10772	0.0229202
7.10796	0.0251088
7.10821	0.0331596
7.10845	0.0334107
7.1087	0.0243658
7.10894	0.0199273
7.10919	0.0257426
7.10943	0.030042
7.10968	0.02555
7.10992	0.0225799
7.11017	0.0291519
7.11041	0.0348738
7.11066	0.0290736
7.1109	0.0204471
7.11114	0.022038
7.11139	0.0288142
7.11163	0.0284485
7.11188	0.0246496
7.11212	0.0299564
7.11237	0.0418476
7.11261	0.0462224
7.11286	0.041351
7.1131	0.0390199
7.11335	0.042933
7.11359	0.0445449
7.11384	0.0412602
7.11408	0.0411128
7.11432	0.0464578
7.11457	0.0491141
7.11481	0.0458501
7.11506	0.0441509
7.1153	0.0476935
7.11555	0.0494033
7.11579	0.0446445
7.11604	0.039321
7.11628	0.0386357
7.11653	0.0384657
7.11677	0.0346705
7.11701	0.0318379
7.11726	0.0354833
7.1175	0.042412
7.11775	0.0454057
7.11799	0.0426517
7.11824	0.0376466
7.11848	0.0337126
7.11873	0.0318762
7.11897	0.0307431
7.11922	0.0272068
7.11946	0.0210838
7.11971	0.0182182
7.11995	0.0232605
7.12019	0.0309422
7.12044	0.0322201
7.12068	0.0277698
7.12093	0.0259405
7.12117	0.0279281
7.12142	0.0264
7.12166	0.0203255
7.12191	0.0187777
7.12215	0.0255463
7.1224	0.0313864
7.12264	0.028089
7.12289	0.0206469
7.12313	0.0180083
7.12337	0.0198063
7.12362	0.0203334
7.12386	0.0193188
7.12411	0.0204231
7.12435	0.0231971
7.1246	0.0239918
7.12484	0.0223426
7.12509	0.0206733
7.12533	0.0196534
7.12558	0.0181702
7.12582	0.0160132
7.12607	0.0136438
7.12631	0.011517
7.12655	0.0111141
7.1268	0.0132408
7.12704	0.0146172
7.12729	0.0111669
7.12753	0.00547119
7.12778	0.00451483
7.12802	0.00877318
7.12827	0.0113165
7.12851	0.00997231
7.12876	0.0111474
7.129	0.0173614
7.12924	0.0209438
7.12949	0.0169932
7.12973	0.0132958
7.12998	0.0180931
7.13022	0.025722
7.13047	0.0254064
7.13071	0.018649
7.13096	0.0156896
7.1312	0.0181204
7.13145	0.0180616
7.13169	0.014033
7.13194	0.0144671
7.13218	0.022456
7.13242	0.0285103
7.13267	0.024338
7.13291	0.0153866
7.13316	0.0128255
7.1334	0.0186194
7.13365	0.0253476
7.13389	0.0275212
7.13414	0.0267325
7.13438	0.0267474
7.13463	0.0286043
7.13487	0.0309238
7.13512	0.031975
7.13536	0.031006
7.1356	0.0291532
7.13585	0.0286011
7.13609	0.029617
7.13634	0.0296667
7.13658	0.0271905
7.13683	0.0247795
7.13707	0.0261239
7.13732	0.0306714
7.13756	0.0340635
7.13781	0.0336059
7.13805	0.0307067
7.1383	0.0279008
7.13854	0.0262775
7.13878	0.0262188
7.13903	0.0276904
7.13927	0.028889
7.13952	0.0276183
7.13976	0.025198
7.14001	0.0255233
7.14025	0.0284454
7.1405	0.0283328
7.14074	0.0225388
7.14099	0.0170224
7.14123	0.0183429
7.14147	0.0234951
7.14172	0.0243572
7.14196	0.0200918
7.14221	0.0172992
7.14245	0.0183859
7.1427	0.0184822
7.14294	0.015613
7.14319	0.0152347
7.14343	0.0206063
7.14368	0.0260462
7.14392	0.0253401
7.14417	0.0212443
7.14441	0.0207322
7.14465	0.0248199
7.1449	0.0286962
7.14514	0.0289571
7.14539	0.0260145
7.14563	0.0220271
7.14588	0.0204125
7.14612	0.0242992
7.14637	0.0317437
7.14661	0.0359567
7.14686	0.0338995
7.1471	0.0306245
7.14735	0.0313711
7.14759	0.0343091
7.14783	0.0356093
7.14808	0.0360784
7.14832	0.0370708
7.14857	0.0356648
7.14881	0.031067
7.14906	0.0301537
7.1493	0.0378992
7.14955	0.0470126
7.14979	0.0471008
7.15004	0.0406005
7.15028	0.0385556
7.15053	0.0427028
7.15077	0.0439723
7.15101	0.0390528
7.15126	0.0360109
7.1515	0.0401665
7.15175	0.0452803
7.15199	0.0440594
7.15224	0.0389808
7.15248	0.036902
7.15273	0.0391439
7.15297	0.0421093
7.15322	0.0428979
7.15346	0.0401062
7.1537	0.033498
7.15395	0.0264746
7.15419	0.0245916
7.15444	0.0284395
7.15468	0.0322564
7.15493	0.0323075
7.15517	0.0315471
7.15542	0.0326613
7.15566	0.0323408
7.15591	0.0277822
7.15615	0.0240382
7.1564	0.0277751
7.15664	0.0360335
7.15688	0.0386389
7.15713	0.0323138
7.15737	0.0259282
7.15762	0.0287514
7.15786	0.0378409
7.15811	0.0418005
7.15835	0.0355947
7.1586	0.0263712
7.15884	0.0229031
7.15909	0.0239787
7.15933	0.0222943
7.15958	0.0174178
7.15982	0.0173996
7.16006	0.0259569
7.16031	0.0352411
7.16055	0.0360574
7.1608	0.0301205
7.16104	0.0262713
7.16129	0.0280889
7.16153	0.0317617
7.16178	0.0341051
7.16202	0.0358634
7.16227	0.0373365
7.16251	0.0367078
7.16276	0.0336174
7.163	0.0301988
7.16324	0.028099
7.16349	0.0276482
7.16373	0.0292521
7.16398	0.0322521
7.16422	0.0338206
7.16447	0.0328275
7.16471	0.0328973
7.16496	0.0369651
7.1652	0.040842
7.16545	0.0380883
7.16569	0.0301479
7.16594	0.0252133
7.16618	0.02705
7.16642	0.0312511
7.16667	0.0333529
7.16691	0.0344441
7.16716	0.0367058
7.1674	0.0386805
7.16765	0.0378999
7.16789	0.0347932
7.16814	0.0316698
7.16838	0.0300313
7.16863	0.0300368
7.16887	0.0307024
7.16911	0.0303175
7.16936	0.0284753
7.1696	0.027053
7.16985	0.0272573
7.17009	0.0272888
7.17034	0.0256121
7.17058	0.0244786
7.17083	0.0267353
7.17107	0.0311879
7.17132	0.0349895
7.17156	0.0384454
7.17181	0.043042
7.17205	0.0469681
7.17229	0.0476336
7.17254	0.0466348
7.17278	0.0468188
7.17303	0.0463651
7.17327	0.0418825
7.17352	0.0358703
7.17376	0.0343954
7.17401	0.0378539
7.17425	0.0405639
7.1745	0.0395681
7.17474	0.0376414
7.17499	0.0373477
7.17523	0.0383656
7.17547	0.0412895
7.17572	0.047695
7.17596	0.054933
7.17621	0.0565414
7.17645	0.0500092
7.1767	0.0400916
7.17694	0.0332494
7.17719	0.0323961
7.17743	0.0370255
7.17768	0.0440197
7.17792	0.0481438
7.17817	0.0463999
7.17841	0.0422391
7.17865	0.0412949
7.1789	0.0433376
7.17914	0.0433107
7.17939	0.0399688
7.17963	0.0378506
7.17988	0.0400105
7.18012	0.0440336
7.18037	0.0464587
7.18061	0.0466987
7.18086	0.0453415
7.1811	0.0424953
7.18134	0.0390951
7.18159	0.0369985
7.18183	0.0370396
7.18208	0.0388254
7.18232	0.0416846
7.18257	0.0440656
7.18281	0.04419
7.18306	0.0435966
7.1833	0.04682
7.18355	0.0544975
7.18379	0.0607942
7.18404	0.061459
7.18428	0.0597141
7.18452	0.0595669
7.18477	0.0590562
7.18501	0.056406
7.18526	0.0567359
7.1855	0.0642456
7.18575	0.0729779
7.18599	0.0749557
7.18624	0.0731405
7.18648	0.0758449
7.18673	0.0818664
7.18697	0.0827129
7.18722	0.0774161
7.18746	0.0733032
7.1877	0.0728934
7.18795	0.0715906
7.18819	0.0683393
7.18844	0.0672603
7.18868	0.06811
7.18893	0.0660886
7.18917	0.0620306
7.18942	0.0620428
7.18966	0.0658038
7.18991	0.0657884
7.19015	0.0596851
7.1904	0.0535202
7.19064	0.0511764
7.19088	0.0506056
7.19113	0.0510627
7.19137	0.0538069
7.19162	0.0554386
7.19186	0.0515252
7.19211	0.0466198
7.19235	0.0486523
7.1926	0.0540951
7.19284	0.0528323
7.19309	0.0474114
7.19333	0.0504872
7.19357	0.0612733
7.19382	0.0636943
7.19406	0.0534724
7.19431	0.0473505
7.19455	0.0558264
7.1948	0.0653863
7.19504	0.0610923
7.19529	0.0505943
7.19553	0.0496124
7.19578	0.0563959
7.19602	0.0583919
7.19627	0.0554035
7.19651	0.0579497
7.19675	0.0671493
7.197	0.0728886
7.19724	0.0710294
7.19749	0.0689467
7.19773	0.0731146
7.19798	0.0811503
7.19822	0.0870602
7.19847	0.0875226
7.19871	0.0833563
7.19896	0.0795318
7.1992	0.0812139
7.19945	0.0860231
7.19969	0.0852722
7.19993	0.0772839
7.20018	0.0723705
7.20042	0.078072
7.20067	0.0868904
7.20091	0.0872441
7.20116	0.0802586
7.2014	0.0760747
7.20165	0.078296
7.20189	0.0817549
7.20214	0.0823062
7.20238	0.0800156
7.20263	0.0752758
7.20287	0.0693159
7.20311	0.065733
7.20336	0.0652119
7.2036	0.0629517
7.20385	0.0576678
7.20409	0.0572039
7.20434	0.0669532
7.20458	0.0784854
7.20483	0.0796001
7.20507	0.0714466
7.20532	0.0655974
7.20556	0.0674298
7.2058	0.0723668
7.20605	0.0759144
7.20629	0.0774684
7.20654	0.0760525
7.20678	0.0717455
7.20703	0.0697322
7.20727	0.0740387
7.20752	0.0793539
7.20776	0.0783686
7.20801	0.0747955
7.20825	0.0782466
7.2085	0.0874812
7.20874	0.0907864
7.20898	0.0843087
7.20923	0.0784802
7.20947	0.0824561
7.20972	0.0917085
7.20996	0.0961446
7.21021	0.0934632
7.21045	0.0892262
7.2107	0.0884346
7.21094	0.0916034
7.21119	0.0964608
7.21143	0.100355
7.21168	0.102129
7.21192	0.10254
7.21216	0.102057
7.21241	0.0997645
7.21265	0.0963748
7.2129	0.0956309
7.21314	0.0994218
7.21339	0.104273
7.21363	0.106445
7.21388	0.107261
7.21412	0.109101
7.21437	0.110231
7.21461	0.109154
7.21486	0.109724
7.2151	0.114775
7.21534	0.118719
7.21559	0.115199
7.21583	0.109258
7.21608	0.111882
7.21632	0.123355
7.21657	0.132178
7.21681	0.131527
7.21706	0.127241
7.2173	0.12702
7.21755	0.130265
7.21779	0.132473
7.21803	0.132955
7.21828	0.133969
7.21852	0.136689
7.21877	0.141056
7.21901	0.146295
7.21926	0.150288
7.2195	0.151937
7.21975	0.154158
7.21999	0.160173
7.22024	0.16751
7.22048	0.171272
7.22073	0.172674
7.22097	0.177446
7.22121	0.18564
7.22146	0.190916
7.2217	0.191548
7.22195	0.194104
7.22219	0.203062
7.22244	0.214243
7.22268	0.22287
7.22293	0.231489
7.22317	0.244277
7.22342	0.258438
7.22366	0.267401
7.22391	0.269994
7.22415	0.271753
7.22439	0.278675
7.22464	0.292584
7.22488	0.310595
7.22513	0.327019
7.22537	0.338383
7.22562	0.348221
7.22586	0.363499
7.22611	0.384988
7.22635	0.406272
7.2266	0.424841
7.22684	0.447945
7.22709	0.4823
7.22733	0.523019
7.22757	0.559673
7.22782	0.590297
7.22806	0.62237
7.22831	0.66162
7.22855	0.707201
7.2288	0.757627
7.22904	0.814105
7.22929	0.876314
7.22953	0.941101
7.22978	1.00744
7.23002	1.07659
7.23026	1.14421
7.23051	1.19851
7.23075	1.23224
7.231	1.25299
7.23124	1.27608
7.23149	1.30964
7.23173	1.3535
7.23198	1.41297
7.23222	1.50712
7.23247	1.65982
7.23271	1.88353
7.23296	2.17283
7.2332	2.5139
7.23344	2.90104
7.23369	3.34077
7.23393	3.82944
7.23418	4.32318
7.23442	4.74711
7.23467	5.05673
7.23491	5.28752
7.23516	5.52047
7.2354	5.79307
7.23565	6.06783
7.23589	6.29671
7.23614	6.48111
7.23638	6.63428
7.23662	6.71044
7.23687	6.62969
7.23711	6.38433
7.23736	6.07288
7.2376	5.79775
7.23785	5.56016
7.23809	5.29529
7.23834	4.99264
7.23858	4.72975
7.23883	4.57446
7.23907	4.49147
7.23932	4.37491
7.23956	4.1597
7.2398	3.8753
7.24005	3.59305
7.24029	3.34714
7.24054	3.12143
7.24078	2.89915
7.24103	2.69971
7.24127	2.55774
7.24152	2.48152
7.24176	2.45112
7.24201	2.45488
7.24225	2.50723
7.2425	2.62121
7.24274	2.77826
7.24298	2.94274
7.24323	3.10181
7.24347	3.27369
7.24372	3.4703
7.24396	3.66284
7.24421	3.79791
7.24445	3.85174
7.2447	3.86173
7.24494	3.8937
7.24519	3.97769
7.24543	4.09528
7.24567	4.24543
7.24592	4.50047
7.24616	4.95061
7.24641	5.58656
7.24665	6.28726
7.2469	6.95691
7.24714	7.6255
7.24739	8.34415
7.24763	9.00119
7.24788	9.34278
7.24812	9.22574
7.24837	8.79081
7.24861	8.32089
7.24885	7.96428
7.2491	7.67446
7.24934	7.40311
7.24959	7.23806
7.24983	7.28767
7.25008	7.49508
7.25032	7.65824
7.25057	7.62713
7.25081	7.41131
7.25106	7.08509
7.2513	6.66187
7.25155	6.11224
7.25179	5.46243
7.25203	4.80751
7.25228	4.22641
7.25252	3.72848
7.25277	3.29126
7.25301	2.91243
7.25326	2.60483
7.2535	2.36629
7.25375	2.1786
7.25399	2.02706
7.25424	1.9073
7.25448	1.82165
7.25473	1.77807
7.25497	1.78109
7.25521	1.81533
7.25546	1.8523
7.2557	1.88358
7.25595	1.92795
7.25619	1.98831
7.25644	2.02162
7.25668	1.98149
7.25693	1.88132
7.25717	1.78252
7.25742	1.71982
7.25766	1.67104
7.2579	1.60984
7.25815	1.55521
7.25839	1.54386
7.25864	1.57204
7.25888	1.59349
7.25913	1.57197
7.25937	1.51379
7.25962	1.44572
7.25986	1.37855
7.26011	1.30244
7.26035	1.20962
7.2606	1.1095
7.26084	1.01989
7.26108	0.949039
7.26133	0.89112
7.26157	0.838219
7.26182	0.790802
7.26206	0.753397
7.26231	0.724893
7.26255	0.699538
7.2628	0.675762
7.26304	0.657559
7.26329	0.647066
7.26353	0.64116
7.26378	0.635818
7.26402	0.629186
7.26426	0.620185
7.26451	0.608711
7.26475	0.597489
7.265	0.589853
7.26524	0.585774
7.26549	0.582998
7.26573	0.580273
7.26598	0.576222
7.26622	0.568623
7.26647	0.559413
7.26671	0.555909
7.26696	0.560994
7.2672	0.567257
7.26744	0.568417
7.26769	0.570666
7.26793	0.582852
7.26818	0.601676
7.26842	0.619988
7.26867	0.645515
7.26891	0.695378
7.26916	0.771942
7.2694	0.857635
7.26965	0.933152
7.26989	0.98712
7.27013	1.01075
7.27038	1.00289
7.27062	0.983904
7.27087	0.987123
7.27111	1.0314
7.27136	1.11534
7.2716	1.23496
7.27185	1.38094
7.27209	1.5137
7.27234	1.57278
7.27258	1.53202
7.27283	1.42778
7.27307	1.31698
7.27331	1.22645
7.27356	1.15977
7.2738	1.12878
7.27405	1.14579
7.27429	1.19369
7.27454	1.23228
7.27478	1.23402
7.27503	1.1973
7.27527	1.13216
7.27552	1.05366
7.27576	0.983678
7.27601	0.937518
7.27625	0.909638
7.27649	0.887663
7.27674	0.873935
7.27698	0.876606
7.27723	0.889776
7.27747	0.904846
7.27772	0.932758
7.27796	0.988795
7.27821	1.06198
7.27845	1.12976
7.2787	1.20056
7.27894	1.30678
7.27919	1.44705
7.27943	1.56549
7.27967	1.60349
7.27992	1.55334
7.28016	1.45198
7.28041	1.34246
7.28065	1.25176
7.2809	1.18799
7.28114	1.14551
7.28139	1.12102
7.28163	1.12593
7.28188	1.17167
7.28212	1.25155
7.28236	1.36136
7.28261	1.53107
7.28285	1.80278
7.2831	2.17805
7.28334	2.62323
7.28359	3.12318
7.28383	3.67564
7.28408	4.21777
7.28432	4.61902
7.28457	4.78791
7.28481	4.74586
7.28506	4.55915
7.2853	4.24607
7.28554	3.80696
7.28579	3.30723
7.28603	2.85366
7.28628	2.4946
7.28652	2.20459
7.28677	1.96585
7.28701	1.80237
7.28726	1.72526
7.2875	1.70471
7.28775	1.71825
7.28799	1.77661
7.28824	1.87472
7.28848	1.95966
7.28872	1.98112
7.28897	1.94568
7.28921	1.89339
7.28946	1.84597
7.2897	1.80483
7.28995	1.77555
7.29019	1.7613
7.29044	1.74603
7.29068	1.71215
7.29093	1.66608
7.29117	1.6247
7.29142	1.58732
7.29166	1.54419
7.2919	1.50541
7.29215	1.49902
7.29239	1.54408
7.29264	1.64561
7.29288	1.81574
7.29313	2.07824
7.29337	2.43685
7.29362	2.83705
7.29386	3.166
7.29411	3.3107
7.29435	3.24295
7.29459	3.05309
7.29484	2.88434
7.29508	2.83192
7.29533	2.91976
7.29557	3.156
7.29582	3.54847
7.29606	4.03336
7.29631	4.43557
7.29655	4.56598
7.2968	4.36867
7.29704	3.94991
7.29729	3.47238
7.29753	3.05086
7.29777	2.73778
7.29802	2.55369
7.29826	2.49697
7.29851	2.53495
7.29875	2.60619
7.299	2.63897
7.29924	2.58043
7.29949	2.42622
7.29973	2.22266
7.29998	2.02498
7.30022	1.85236
7.30047	1.69334
7.30071	1.54657
7.30095	1.43233
7.3012	1.36311
7.30144	1.32763
7.30169	1.31322
7.30193	1.32397
7.30218	1.36239
7.30242	1.40706
7.30267	1.42547
7.30291	1.40511
7.30316	1.36083
7.3034	1.31469
7.30365	1.27792
7.30389	1.25245
7.30413	1.2411
7.30438	1.24962
7.30462	1.27808
7.30487	1.3134
7.30511	1.33606
7.30536	1.33589
7.3056	1.31818
7.30585	1.2944
7.30609	1.27326
7.30634	1.26243
7.30658	1.26867
7.30682	1.28972
7.30707	1.31416
7.30731	1.33677
7.30756	1.36714
7.3078	1.41723
7.30805	1.49174
7.30829	1.59977
7.30854	1.75889
7.30878	1.96496
7.30903	2.16506
7.30927	2.29037
7.30952	2.32726
7.30976	2.34004
7.31	2.41384
7.31025	2.59318
7.31049	2.8976
7.31074	3.37955
7.31098	4.10441
7.31123	5.02025
7.31147	5.8765
7.31172	6.3823
7.31196	6.52433
7.31221	6.66901
7.31245	7.21365
7.3127	8.09707
7.31294	8.75636
7.31318	8.64944
7.31343	7.77073
7.31367	6.59185
7.31392	5.57653
7.31416	4.88035
7.31441	4.47361
7.31465	4.34084
7.3149	4.44158
7.31514	4.58902
7.31539	4.53379
7.31563	4.1845
7.31588	3.66996
7.31612	3.17843
7.31636	2.79778
7.31661	2.51701
7.31685	2.30863
7.3171	2.1606
7.31734	2.05774
7.31759	1.97807
7.31783	1.91042
7.31808	1.85815
7.31832	1.82503
7.31857	1.80708
7.31881	1.7977
7.31906	1.79443
7.3193	1.80005
7.31954	1.82057
7.31979	1.86311
7.32003	1.93341
7.32028	2.03278
7.32052	2.15888
7.32077	2.31585
7.32101	2.52631
7.32126	2.82858
7.3215	3.26013
7.32175	3.84715
7.32199	4.59238
7.32223	5.42855
7.32248	6.16919
7.32272	6.56895
7.32297	6.51672
7.32321	6.17657
7.32346	5.8841
7.3237	5.89109
7.32395	6.24479
7.32419	6.88185
7.32444	7.71926
7.32468	8.60376
7.32493	9.28651
7.32517	9.57992
7.32541	9.51943
7.32566	9.27184
7.3259	8.89195
7.32615	8.27232
7.32639	7.35221
7.32664	6.27536
7.32688	5.28186
7.32713	4.50766
7.32737	3.94951
7.32762	3.57162
7.32786	3.35865
7.32811	3.27087
7.32835	3.22042
7.32859	3.12215
7.32884	2.94395
7.32908	2.70174
7.32933	2.43214
7.32957	2.17721
7.32982	1.96997
7.33006	1.81648
7.33031	1.69894
7.33055	1.60114
7.3308	1.52299
7.33104	1.46911
7.33129	1.43545
7.33153	1.4133
7.33177	1.40033
7.33202	1.40302
7.33226	1.43049
7.33251	1.48843
7.33275	1.57979
7.333	1.71323
7.33324	1.90465
7.33349	2.15368
7.33373	2.41045
7.33398	2.58289
7.33422	2.60283
7.33446	2.49134
7.33471	2.34846
7.33495	2.27529
7.3352	2.31465
7.33544	2.46701
7.33569	2.74234
7.33593	3.16558
7.33618	3.71366
7.33642	4.25542
7.33667	4.58653
7.33691	4.56101
7.33716	4.20373
7.3374	3.68573
7.33764	3.18678
7.33789	2.79387
7.33813	2.52536
7.33838	2.40049
7.33862	2.43163
7.33887	2.55823
7.33911	2.64931
7.33936	2.60634
7.3396	2.44359
7.33985	2.24449
7.34009	2.05915
7.34034	1.87435
7.34058	1.67022
7.34082	1.46438
7.34107	1.28791
7.34131	1.14624
7.34156	1.02517
7.3418	0.920957
7.34205	0.843194
7.34229	0.79273
7.34254	0.755217
7.34278	0.718955
7.34303	0.686074
7.34327	0.661762
7.34352	0.642607
7.34376	0.62233
7.344	0.602479
7.34425	0.589896
7.34449	0.586653
7.34474	0.589256
7.34498	0.595881
7.34523	0.606498
7.34547	0.614785
7.34572	0.608359
7.34596	0.583174
7.34621	0.55299
7.34645	0.536903
7.34669	0.539414
7.34694	0.551349
7.34718	0.570339
7.34743	0.608049
7.34767	0.669142
7.34792	0.73154
7.34816	0.760244
7.34841	0.740091
7.34865	0.686303
7.3489	0.624843
7.34914	0.573722
7.34939	0.543454
7.34963	0.54022
7.34987	0.558821
7.35012	0.580523
7.35036	0.587304
7.35061	0.57532
7.35085	0.550511
7.3511	0.518343
7.35134	0.484243
7.35159	0.456135
7.35183	0.436716
7.35208	0.418145
7.35232	0.393329
7.35257	0.367536
7.35281	0.349382
7.35305	0.335875
7.3533	0.318367
7.35354	0.299255
7.35379	0.288797
7.35403	0.286591
7.35428	0.280721
7.35452	0.266784
7.35477	0.253938
7.35501	0.248461
7.35526	0.244207
7.3555	0.234831
7.35575	0.224158
7.35599	0.217802
7.35623	0.213995
7.35648	0.209512
7.35672	0.206467
7.35697	0.20654
7.35721	0.205569
7.35746	0.200343
7.3577	0.194562
7.35795	0.192139
7.35819	0.190365
7.35844	0.185143
7.35868	0.177707
7.35892	0.171497
7.35917	0.167586
7.35941	0.166688
7.35966	0.169447
7.3599	0.171742
7.36015	0.167366
7.36039	0.158823
7.36064	0.15659
7.36088	0.163236
7.36113	0.168062
7.36137	0.163403
7.36162	0.156011
7.36186	0.154567
7.3621	0.155857
7.36235	0.152796
7.36259	0.14744
7.36284	0.145667
7.36308	0.146382
7.36333	0.146405
7.36357	0.149085
7.36382	0.157333
7.36406	0.164569
7.36431	0.163675
7.36455	0.158791
7.3648	0.157057
7.36504	0.15538
7.36528	0.148112
7.36553	0.141438
7.36577	0.145179
7.36602	0.154682
7.36626	0.156694
7.36651	0.150806
7.36675	0.148817
7.367	0.153278
7.36724	0.153511
7.36749	0.145343
7.36773	0.138783
7.36798	0.140788
7.36822	0.144129
7.36846	0.140395
7.36871	0.133274
7.36895	0.131486
7.3692	0.136146
7.36944	0.141238
7.36969	0.141098
7.36993	0.133783
7.37018	0.122321
7.37042	0.114419
7.37067	0.115054
7.37091	0.118792
7.37115	0.116322
7.3714	0.10812
7.37164	0.102942
7.37189	0.103229
7.37213	0.102687
7.37238	0.0992584
7.37262	0.0985702
7.37287	0.101479
7.37311	0.100116
7.37336	0.091353
7.3736	0.0834724
7.37385	0.0834848
7.37409	0.0873573
7.37433	0.0888926
7.37458	0.0891967
7.37482	0.0907383
7.37507	0.0905139
7.37531	0.0863023
7.37556	0.0824511
7.3758	0.082671
7.37605	0.0836376
7.37629	0.0817247
7.37654	0.0794009
7.37678	0.0793504
7.37703	0.0795497
7.37727	0.0796685
7.37751	0.084015
7.37776	0.0918267
7.378	0.0938593
7.37825	0.0866319
7.37849	0.080776
7.37874	0.0853984
7.37898	0.0928984
7.37923	0.0910826
7.37947	0.0829414
7.37972	0.0808043
7.37996	0.0860053
7.38021	0.0888214
7.38045	0.0860587
7.38069	0.0843176
7.38094	0.0859487
7.38118	0.0854132
7.38143	0.0814695
7.38167	0.0805575
7.38192	0.0845731
7.38216	0.0860383
7.38241	0.0799332
7.38265	0.0715758
7.3829	0.068256
7.38314	0.07029
7.38338	0.0741101
7.38363	0.0771992
7.38387	0.0763412
7.38412	0.0681299
7.38436	0.0558032
7.38461	0.0493129
7.38485	0.0535296
7.3851	0.0613288
7.38534	0.0630984
7.38559	0.0585674
7.38583	0.0542531
7.38608	0.0531065
7.38632	0.0523343
7.38656	0.0495159
7.38681	0.0459635
7.38705	0.0442575
7.3873	0.0452353
7.38754	0.0472951
7.38779	0.0478438
7.38803	0.0465273
7.38828	0.0465977
7.38852	0.0503907
7.38877	0.0543297
7.38901	0.053076
7.38926	0.0484373
7.3895	0.0478205
7.38974	0.052419
7.38999	0.0541787
7.39023	0.0480147
7.39048	0.0400043
7.39072	0.0381133
7.39097	0.0411248
7.39121	0.0434502
7.39146	0.0451597
7.3917	0.0487561
7.39195	0.0503815
7.39219	0.044486
7.39244	0.0353318
7.39268	0.0331045
7.39292	0.0380849
7.39317	0.039336
7.39341	0.0318314
7.39366	0.0246505
7.3939	0.027022
7.39415	0.035096
7.39439	0.0395763
7.39464	0.0393289
7.39488	0.0390943
7.39513	0.039106
7.39537	0.0364368
7.39561	0.0335797
7.39586	0.0358775
7.3961	0.0412605
7.39635	0.0419562
7.39659	0.03712
7.39684	0.0345175
7.39708	0.0373216
7.39733	0.0385534
7.39757	0.0334527
7.39782	0.0289903
7.39806	0.0335275
7.39831	0.0427652
7.39855	0.0448524
7.39879	0.0368086
7.39904	0.0272855
7.39928	0.0234609
7.39953	0.0233338
7.39977	0.0227497
7.40002	0.0228934
7.40026	0.0267189
7.40051	0.0324347
7.40075	0.0351307
7.401	0.0331177
7.40124	0.0294484
7.40149	0.027997
7.40173	0.0300675
7.40197	0.0341382
7.40222	0.03744
7.40246	0.0381974
7.40271	0.0370398
7.40295	0.0357763
7.4032	0.0350162
7.40344	0.0342843
7.40369	0.0339026
7.40393	0.0343916
7.40418	0.0341218
7.40442	0.030717
7.40467	0.0256165
7.40491	0.0239028
7.40515	0.0277832
7.4054	0.0332114
7.40564	0.0353854
7.40589	0.0348788
7.40613	0.0352425
7.40638	0.0368399
7.40662	0.037212
7.40687	0.0365355
7.40711	0.0381102
7.40736	0.0424765
7.4076	0.0447579
7.40785	0.0403121
7.40809	0.031358
7.40833	0.0255179
7.40858	0.0276807
7.40882	0.0346822
7.40907	0.0389302
7.40931	0.0368175
7.40956	0.0320961
7.4098	0.0302872
7.41005	0.0317949
7.41029	0.0330979
7.41054	0.0332287
7.41078	0.0345103
7.41102	0.0364352
7.41127	0.0343311
7.41151	0.0270747
7.41176	0.0213236
7.412	0.0232378
7.41225	0.0293464
7.41249	0.0312995
7.41274	0.0276359
7.41298	0.0247254
7.41323	0.0268374
7.41347	0.031389
7.41372	0.0343402
7.41396	0.0346297
7.4142	0.032586
7.41445	0.029443
7.41469	0.0291834
7.41494	0.0348625
7.41518	0.0419758
7.41543	0.0422241
7.41567	0.0358839
7.41592	0.0328452
7.41616	0.0378626
7.41641	0.0431094
7.41665	0.0413966
7.4169	0.0386753
7.41714	0.0441427
7.41738	0.0537378
7.41763	0.0548862
7.41787	0.0454236
7.41812	0.0365143
7.41836	0.036326
7.41861	0.0412994
7.41885	0.0457766
7.4191	0.0501008
7.41934	0.0545042
7.41959	0.0537891
7.41983	0.0451463
7.42008	0.0354938
7.42032	0.0336955
7.42056	0.0386849
7.42081	0.0418488
7.42105	0.039252
7.4213	0.0353004
7.42154	0.0348057
7.42179	0.0370701
7.42203	0.0389463
7.42228	0.0394377
7.42252	0.0390752
7.42277	0.0374105
7.42301	0.0339117
7.42325	0.0306173
7.4235	0.0311293
7.42374	0.0354973
7.42399	0.0378643
7.42423	0.0325892
7.42448	0.0229302
7.42472	0.0191865
7.42497	0.0255553
7.42521	0.0333541
7.42546	0.0324664
7.4257	0.0256864
7.42595	0.0240037
7.42619	0.0295601
7.42643	0.0330174
7.42668	0.0291891
7.42692	0.0252249
7.42717	0.0285868
7.42741	0.0353791
7.42766	0.0373921
7.4279	0.0343903
7.42815	0.0319943
7.42839	0.0320722
7.42864	0.0327752
7.42888	0.0344568
7.42913	0.0378501
7.42937	0.0390991
7.42961	0.0346062
7.42986	0.0290792
7.4301	0.0304161
7.43035	0.0370931
7.43059	0.0391382
7.43084	0.0327654
7.43108	0.025899
7.43133	0.0262249
7.43157	0.0308468
7.43182	0.0322869
7.43206	0.0294384
7.43231	0.026945
7.43255	0.0264777
7.43279	0.0243735
7.43304	0.0183145
7.43328	0.0124263
7.43353	0.0131613
7.43377	0.0208529
7.43402	0.0280767
7.43426	0.0283669
7.43451	0.0247108
7.43475	0.0251701
7.435	0.0305115
7.43524	0.0324894
7.43548	0.0267348
7.43573	0.0202145
7.43597	0.0203819
7.43622	0.0233673
7.43646	0.0212197
7.43671	0.0161071
7.43695	0.0169654
7.4372	0.0241781
7.43744	0.0287334
7.43769	0.0269072
7.43793	0.0247267
7.43818	0.0256303
7.43842	0.0247252
7.43866	0.0197736
7.43891	0.0176966
7.43915	0.0236397
7.4394	0.0319639
7.43964	0.0353061
7.43989	0.0352561
7.44013	0.0362472
7.44038	0.0358328
7.44062	0.0305761
7.44087	0.0260928
7.44111	0.0300521
7.44136	0.0380672
7.4416	0.0382318
7.44184	0.0295338
7.44209	0.0245327
7.44233	0.0312761
7.44258	0.0425493
7.44282	0.0476406
7.44307	0.0465308
7.44331	0.0461345
7.44356	0.048197
7.4438	0.0480078
7.44405	0.0425412
7.44429	0.0341419
7.44454	0.0271053
7.44478	0.0244372
7.44502	0.0267013
7.44527	0.0306556
7.44551	0.0305892
7.44576	0.0247167
7.446	0.0189524
7.44625	0.0203119
7.44649	0.0273539
7.44674	0.0317227
7.44698	0.029326
7.44723	0.0250808
7.44747	0.0248162
7.44771	0.0269829
7.44796	0.0260033
7.4482	0.0210288
7.44845	0.016946
7.44869	0.0172358
7.44894	0.0196875
7.44918	0.0201839
7.44943	0.0181771
7.44967	0.0165983
7.44992	0.0173915
7.45016	0.019023
7.45041	0.0189946
7.45065	0.0178328
7.45089	0.0188194
7.45114	0.0231223
7.45138	0.0272445
7.45163	0.0278461
7.45187	0.0276825
7.45212	0.0324884
7.45236	0.0417141
7.45261	0.047577
7.45285	0.0457441
7.4531	0.0419432
7.45334	0.0436253
7.45359	0.0491775
7.45383	0.0511769
7.45407	0.0476981
7.45432	0.0440278
7.45456	0.0442754
7.45481	0.0472906
7.45505	0.0504383
7.4553	0.0519488
7.45554	0.0501257
7.45579	0.0457295
7.45603	0.0439616
7.45628	0.0478501
7.45652	0.0514055
7.45677	0.0472931
7.45701	0.0396401
7.45725	0.0388907
7.4575	0.0441992
7.45774	0.0436148
7.45799	0.0343665
7.45823	0.0289255
7.45848	0.0344719
7.45872	0.0399842
7.45897	0.0338678
7.45921	0.022704
7.45946	0.0197431
7.4597	0.0239566
7.45994	0.0249048
7.46019	0.0218598
7.46043	0.022649
7.46068	0.0269669
7.46092	0.0261723
7.46117	0.0191364
7.46141	0.0144157
7.46166	0.0157307
7.4619	0.017604
7.46215	0.0167759
7.46239	0.016361
7.46264	0.0170377
7.46288	0.0153745
7.46312	0.0128074
7.46337	0.0150945
7.46361	0.0205819
7.46386	0.0205537
7.4641	0.0143305
7.46435	0.0120977
7.46459	0.0182324
7.46484	0.0237369
7.46508	0.021641
7.46533	0.0188061
7.46557	0.0240089
7.46582	0.033391
7.46606	0.0371654
7.4663	0.034301
7.46655	0.0316366
7.46679	0.033023
7.46704	0.0369345
7.46728	0.0408691
7.46753	0.0415315
7.46777	0.0348472
7.46802	0.0224577
7.46826	0.014433
7.46851	0.0186662
7.46875	0.0302061
7.469	0.0372003
7.46924	0.0351501
7.46948	0.0296697
7.46973	0.0271114
7.46997	0.0279981
7.47022	0.0290135
7.47046	0.0273186
7.47071	0.0229006
7.47095	0.0184607
7.4712	0.0159998
7.47144	0.0135983
7.47169	0.00890023
7.47193	0.00522257
7.47217	0.00811423
7.47242	0.0150182
7.47266	0.0161644
7.47291	0.00876699
7.47315	0.00232159
7.4734	0.00487308
7.47364	0.0116425
7.47389	0.013752
7.47413	0.0114202
7.47438	0.010681
7.47462	0.0123762
7.47487	0.0128674
7.47511	0.0120623
7.47535	0.0125781
7.4756	0.0132627
7.47584	0.0109116
7.47609	0.0068411
7.47633	0.00540217
7.47658	0.00744435
7.47682	0.0105908
7.47707	0.0138124
7.47731	0.0164993
7.47756	0.0159016
7.4778	0.0113893
7.47805	0.00847936
7.47829	0.0123429
7.47853	0.0197563
7.47878	0.023683
7.47902	0.0231358
7.47927	0.0217816
7.47951	0.0195509
7.47976	0.0137152
7.48	0.00687966
7.48025	0.00551362
7.48049	0.0100751
7.48074	0.0137277
7.48098	0.0118942
7.48123	0.00722216
7.48147	0.00439677
7.48171	0.00528927
7.48196	0.00964301
7.4822	0.01561
7.48245	0.0193876
7.48269	0.0186473
7.48294	0.0158326
7.48318	0.0141405
7.48343	0.0123078
7.48367	0.00848534
7.48392	0.00636946
7.48416	0.0102898
7.48441	0.0160959
7.48465	0.0153716
7.48489	0.00834148
7.48514	0.00402134
7.48538	0.00668134
7.48563	0.0107935
7.48587	0.0113839
7.48612	0.0109861
7.48636	0.0128489
7.48661	0.0147485
7.48685	0.0140038
7.4871	0.0126226
7.48734	0.0128462
7.48758	0.0125356
7.48783	0.00945485
7.48807	0.00605437
7.48832	0.00587329
7.48856	0.00851181
7.48881	0.011619
7.48905	0.0145288
7.4893	0.0166713
7.48954	0.0157515
7.48979	0.0110625
7.49003	0.00601487
7.49028	0.00421471
7.49052	0.00519408
7.49076	0.00650343
7.49101	0.00749581
7.49125	0.00856503
7.4915	0.00908977
7.49174	0.00861488
7.49199	0.00812224
7.49223	0.00834363
7.49248	0.0090357
7.49272	0.0109026
7.49297	0.0150736
7.49321	0.0193102
7.49346	0.0186586
7.4937	0.0120868
7.49394	0.0047889
7.49419	0.00145888
7.49443	0.00103909
7.49468	0.000837606
7.49492	0.00155763
7.49517	0.00445145
7.49541	0.00726264
7.49566	0.00751685
7.4959	0.0069241
7.49615	0.00807591
7.49639	0.00943661
7.49664	0.00837129
7.49688	0.00660366
7.49712	0.00747471
7.49737	0.00961253
7.49761	0.00901882
7.49786	0.00618473
7.4981	0.00522718
7.49835	0.00645897
7.49859	0.00603002
7.49884	0.00337331
7.49908	0.00257063
7.49933	0.0047248
7.49957	0.00532608
7.49981	0.0023035
7.50006	0.000931165
7.5003	0.0060288
7.50055	0.0134651
7.50079	0.0150436
7.50104	0.00981474
7.50128	0.00520096
7.50153	0.00712852
7.50177	0.0131802
7.50202	0.0162929
7.50226	0.0126644
7.50251	0.00526289
7.50275	0.00071451
7.50299	0.00252459
7.50324	0.00697843
7.50348	0.00755063
7.50373	0.00398766
7.50397	0.00327893
7.50422	0.00896815
7.50446	0.0140507
7.50471	0.0102071
7.50495	0.000928805
7.5052	-0.00240527
7.50544	0.00313335
7.50569	0.00828347
7.50593	0.00610913
7.50617	0.00163464
7.50642	0.00236995
7.50666	0.00669302
7.50691	0.00842183
7.50715	0.00752123
7.5074	0.00842939
7.50764	0.011049
7.50789	0.0113201
7.50813	0.00896723
7.50838	0.00713544
7.50862	0.00534558
7.50887	0.000546778
7.50911	-0.0049574
7.50935	-0.00463744
7.5096	0.00193867
7.50984	0.00751171
7.51009	0.00786418
7.51033	0.00665818
7.51058	0.00677118
7.51082	0.00486223
7.51107	-0.000613442
7.51131	-0.00342269
7.51156	0.00138228
7.5118	0.00786727
7.51204	0.00673166
7.51229	-0.000735112
7.51253	-0.00436757
7.51278	0.000340282
7.51302	0.00695838
7.51327	0.00804874
7.51351	0.00390565
7.51376	-0.000444966
7.514	-0.00187454
7.51425	-0.000219402
7.51449	0.00372561
7.51474	0.00842077
7.51498	0.0115114
7.51522	0.0114557
7.51547	0.0085827
7.51571	0.00425077
7.51596	7.64699e-05
7.5162	-0.00214878
7.51645	-0.00152529
7.51669	0.000748108
7.51694	0.00260674
7.51718	0.00352175
7.51743	0.00427664
7.51767	0.00473515
7.51792	0.00380673
7.51816	0.00189055
7.5184	0.00144064
7.51865	0.0040633
7.51889	0.00802307
7.51914	0.00971005
7.51938	0.00754023
7.51963	0.00382669
7.51987	0.00223678
7.52012	0.00349616
7.52036	0.00475827
7.52061	0.00391043
7.52085	0.00263745
7.5211	0.00314325
7.52134	0.00377312
7.52158	0.00182307
7.52183	-0.000237622
7.52207	0.00322554
7.52232	0.011805
7.52256	0.0174782
7.52281	0.0150269
7.52305	0.00900345
7.5233	0.00646916
7.52354	0.00739934
7.52379	0.0073439
7.52403	0.00579786
7.52427	0.00564287
7.52452	0.00644178
7.52476	0.00470015
7.52501	0.000226188
7.52525	-0.00328043
7.5255	-0.00378175
7.52574	-0.00221004
7.52599	0.000972743
7.52623	0.00512634
7.52648	0.00622161
7.52672	0.000960734
7.52697	-0.00556397
7.52721	-0.00385155
7.52745	0.00618555
7.5277	0.0127695
7.52794	0.00770023
7.52819	-0.00241754
7.52843	-0.00603058
7.52868	-0.00211318
7.52892	0.00164082
7.52917	0.00230862
7.52941	0.00432035
7.52966	0.00901619
7.5299	0.0106896
7.53015	0.00622571
7.53039	0.00174719
7.53063	0.00433776
7.53088	0.0111664
7.53112	0.0127917
7.53137	0.00596171
7.53161	-0.0022356
7.53186	-0.00359868
7.5321	0.00201652
7.53235	0.00845231
7.53259	0.010928
7.53284	0.00934447
7.53308	0.00585519
7.53333	0.00247575
7.53357	0.00108767
7.53381	0.00306155
7.53406	0.00739142
7.5343	0.0102261
7.53455	0.00784522
7.53479	0.000779302
7.53504	-0.00538386
7.53528	-0.00454123
7.53553	0.00335586
7.53577	0.0109298
7.53602	0.0105891
7.53626	0.00316811
7.5365	-0.0032807
7.53675	-0.00385343
7.53699	-0.00221711
7.53724	-0.00357211
7.53748	-0.00662469
7.53773	-0.00715449
7.53797	-0.00596025
7.53822	-0.00660504
7.53846	-0.00722324
7.53871	-0.00273565
7.53895	0.00456966
7.5392	0.00576818
7.53944	-0.000533914
7.53968	-0.00390587
7.53993	0.00227156
7.54017	0.00920838
7.54042	0.00545499
7.54066	-0.00489022
7.54091	-0.00781816
7.54115	-0.000472089
7.5414	0.00544913
7.54164	0.00215229
7.54189	-0.00388028
7.54213	-0.00412723
7.54238	-0.000731929
7.54262	-0.000233917
7.54286	-0.00201322
7.54311	-0.00130637
7.54335	0.000870845
7.5436	-0.000378178
7.54384	-0.00397919
7.54409	-0.00338621
7.54433	0.00278583
7.54458	0.00798885
7.54482	0.00730519
7.54507	0.00361095
7.54531	0.00180147
7.54556	0.00242498
7.5458	0.00420326
7.54604	0.00767508
7.54629	0.0119083
7.54653	0.0119136
7.54678	0.0050345
7.54702	-0.00274112
7.54727	-0.00300862
7.54751	0.0034557
7.54776	0.00729493
7.548	0.003011
7.54825	-0.00458597
7.54849	-0.00750951
7.54873	-0.00341664
7.54898	0.00403789
7.54922	0.00927262
7.54947	0.00789122
7.54971	0.00030003
7.54996	-0.00633054
7.5502	-0.00467054
7.55045	0.00276216
7.55069	0.00616148
7.55094	0.00286115
7.55118	0.00124997
7.55143	0.00612129
7.55167	0.00929876
7.55191	0.00302556
7.55216	-0.00540019
7.5524	-0.00390782
7.55265	0.00466887
7.55289	0.00672818
7.55314	-0.000190776
7.55338	-0.00401743
7.55363	0.00166067
7.55387	0.00801734
7.55412	0.00671819
7.55436	0.00284426
7.55461	0.00435823
7.55485	0.00846614
7.55509	0.00764364
7.55534	0.00236463
7.55558	-0.00120125
7.55583	-0.00128271
7.55607	9.53031e-06
7.55632	0.00326991
7.55656	0.00966778
7.55681	0.0151845
7.55705	0.0148627
7.5573	0.0109226
7.55754	0.00949297
7.55779	0.0107911
7.55803	0.00966145
7.55827	0.00505058
7.55852	0.00197217
7.55876	0.00352437
7.55901	0.00684436
7.55925	0.00801054
7.5595	0.00650453
7.55974	0.00392358
7.55999	0.00179255
7.56023	0.00104091
7.56048	0.00104764
7.56072	-0.000214526
7.56097	-0.00280356
7.56121	-0.00338067
7.56145	-2.95398e-05
7.5617	0.00405062
7.56194	0.0053335
7.56219	0.00558114
7.56243	0.00799028
7.56268	0.0104945
7.56292	0.00874919
7.56317	0.00410622
7.56341	0.00242093
7.56366	0.00543149
7.5639	0.00911648
7.56414	0.0106092
7.56439	0.011226
7.56463	0.0120749
7.56488	0.0115788
7.56512	0.00843915
7.56537	0.00349084
7.56561	-0.00167268
7.56586	-0.00497248
7.5661	-0.00376836
7.56635	0.00189864
7.56659	0.00740126
7.56684	0.00870201
7.56708	0.00744666
7.56732	0.00684477
7.56757	0.00565829
7.56781	0.0019661
7.56806	-0.000461835
7.5683	0.00290757
7.56855	0.0084521
7.56879	0.00880417
7.56904	0.00460307
7.56928	0.00284588
7.56953	0.00478696
7.56977	0.00578136
7.57002	0.00660606
7.57026	0.0127194
7.5705	0.0206062
7.57075	0.018335
7.57099	0.00469975
7.57124	-0.00510674
7.57148	-0.00053962
7.57173	0.00920316
7.57197	0.0105577
7.57222	0.0056113
7.57246	0.0049737
7.57271	0.00888322
7.57295	0.00907345
7.5732	0.00473175
7.57344	0.00297298
7.57368	0.0053221
7.57393	0.00612647
7.57417	0.00420226
7.57442	0.00460386
7.57466	0.00789316
7.57491	0.00820738
7.57515	0.00403526
7.5754	0.00133505
7.57564	0.00320052
7.57589	0.00500935
7.57613	0.00306215
7.57637	0.000263624
7.57662	-0.000173154
7.57686	0.000254121
7.57711	-0.000124909
7.57735	-0.000219361
7.5776	-0.000693111
7.57784	-0.00422503
7.57809	-0.00809886
7.57833	-0.00457874
7.57858	0.00652389
7.57882	0.013775
7.57907	0.00932959
7.57931	0.00101455
7.57955	0.000956588
7.5798	0.00810119
7.58004	0.0119058
7.58029	0.00955118
7.58053	0.00845642
7.58078	0.0124937
7.58102	0.0161567
7.58127	0.0143717
7.58151	0.00965472
7.58176	0.00667222
7.582	0.00627381
7.58225	0.00756471
7.58249	0.0100235
7.58273	0.0112869
7.58298	0.00873106
7.58322	0.00548072
7.58347	0.00835241
7.58371	0.0167811
7.58396	0.0210652
7.5842	0.0164261
7.58445	0.0115276
7.58469	0.0157556
7.58494	0.0240917
7.58518	0.0242903
7.58543	0.0156585
7.58567	0.00982082
7.58591	0.0129262
7.58616	0.0177948
7.5864	0.0166394
7.58665	0.0121494
7.58689	0.010634
7.58714	0.0115481
7.58738	0.0105863
7.58763	0.0079874
7.58787	0.00650746
7.58812	0.00460312
7.58836	-0.000661178
7.5886	-0.00577572
7.58885	-0.00398408
7.58909	0.00342514
7.58934	0.00695501
7.58958	0.00239359
7.58983	-0.00265712
7.59007	-0.00012807
7.59032	0.00654191
7.59056	0.00805902
7.59081	0.00333869
7.59105	0.000529624
7.5913	0.00453078
7.59154	0.0102883
7.59178	0.0104602
7.59203	0.00488321
7.59227	-0.000367817
7.59252	-0.000150492
7.59276	0.0058226
7.59301	0.0134383
7.59325	0.0163814
7.5935	0.0108355
7.59374	0.000726127
7.59399	-0.00442926
7.59423	-7.57726e-05
7.59448	0.0075462
7.59472	0.00967786
7.59496	0.00620548
7.59521	0.00345856
7.59545	0.00343993
7.5957	0.00250009
7.59594	0.000296417
7.59619	0.00170743
7.59643	0.00738321
7.59668	0.0103479
7.59692	0.00689301
7.59717	0.00395788
7.59741	0.00854557
7.59766	0.0149622
7.5979	0.0117925
7.59814	-0.000286274
7.59839	-0.00739008
7.59863	-0.000888621
7.59888	0.0110406
7.59912	0.0144547
7.59937	0.00655868
7.59961	-0.00364207
7.59986	-0.00810772
7.6001	-0.00713904
7.60035	-0.00460735
7.60059	-0.00164502
7.60083	0.00211708
7.60108	0.00442583
7.60132	0.00227038
7.60157	-0.00216824
7.60181	-0.00223342
7.60206	0.0038309
7.6023	0.00824546
7.60255	0.00349543
7.60279	-0.00599544
7.60304	-0.00909527
7.60328	-0.00389349
7.60353	0.000409323
7.60377	-0.0011489
7.60401	-0.00231107
7.60426	0.00153875
7.6045	0.00429435
7.60475	0.000982519
7.60499	-0.00125356
7.60524	0.00452421
7.60548	0.0100437
7.60573	0.00371606
7.60597	-0.00802406
7.60622	-0.00830339
7.60646	0.00320164
7.60671	0.00906239
7.60695	0.00176441
7.60719	-0.00576618
7.60744	-0.00279021
7.60768	0.00371098
7.60793	0.00488039
7.60817	0.00504966
7.60842	0.00938855
7.60866	0.0110845
7.60891	0.00487639
7.60915	0.000717774
7.6094	0.0077613
7.60964	0.0153556
7.60989	0.00859872
7.61013	-0.00500388
7.61037	-0.00531961
7.61062	0.0077515
7.61086	0.0134387
7.61111	0.00306264
7.61135	-0.00757687
7.6116	-0.00465832
7.61184	0.00396668
7.61209	0.00525672
7.61233	0.00141946
7.61258	0.00162523
7.61282	0.00482321
7.61306	0.00397824
7.61331	4.04108e-05
7.61355	-0.00050809
7.6138	0.00238485
7.61404	0.00336149
7.61429	0.00170406
7.61453	0.0012601
7.61478	0.00235669
7.61502	0.00188723
7.61527	0.000135778
7.61551	0.000328465
7.61576	0.00222939
7.616	0.00258367
7.61624	0.00135144
7.61649	0.00164276
7.61673	0.00371777
7.61698	0.00451257
7.61722	0.0032556
7.61747	0.00262832
7.61771	0.0037404
7.61796	0.00414158
7.6182	0.00178897
7.61845	-0.00199329
7.61869	-0.00411267
7.61894	-0.00225868
7.61918	0.00351524
7.61942	0.00977797
7.61967	0.0118225
7.61991	0.00924022
7.62016	0.00719924
7.6204	0.00902271
7.62065	0.0104297
7.62089	0.00599665
7.62114	-0.00123357
7.62138	-0.0031667
7.62163	0.00135273
7.62187	0.00534575
7.62212	0.00512076
7.62236	0.00497614
7.6226	0.0077203
7.62285	0.00830505
7.62309	0.00237266
7.62334	-0.00493904
7.62358	-0.00583341
7.62383	-0.00156049
7.62407	0.000385563
7.62432	-0.00149424
7.62456	-0.00156232
7.62481	0.00209217
7.62505	0.0041666
7.62529	0.00161606
7.62554	-0.00112145
7.62578	-0.000177493
7.62603	0.00137171
7.62627	0.000299295
7.62652	5.6424e-05
7.62676	0.00395362
7.62701	0.00689355
7.62725	0.00281045
7.6275	-0.00323643
7.62774	-0.00115428
7.62799	0.00701465
7.62823	0.00805461
7.62847	-0.00185881
7.62872	-0.00974371
7.62896	-0.00517561
7.62921	0.00387994
7.62945	0.00421098
7.6297	-0.00222129
7.62994	-0.0033902
7.63019	0.00233007
7.63043	0.00469915
7.63068	-0.000285681
7.63092	-0.00440621
7.63117	-0.00207331
7.63141	0.000975954
7.63165	-0.000750935
7.6319	-0.0024639
7.63214	0.00175989
7.63239	0.00746087
7.63263	0.00635282
7.63288	-0.000347675
7.63312	-0.00405513
7.63337	-0.00190772
7.63361	0.000693532
7.63386	0.000215404
7.6341	-0.00022437
7.63435	0.00200653
7.63459	0.00346425
7.63483	-7.35826e-05
7.63508	-0.00624901
7.63532	-0.0080105
7.63557	-0.00215246
7.63581	0.00647444
7.63606	0.00994599
7.6363	0.00575591
7.63655	-0.000542561
7.63679	-0.00168257
7.63704	0.00322858
7.63728	0.00864718
7.63752	0.00991336
7.63777	0.00750113
7.63801	0.0035858
7.63826	-0.00140388
7.6385	-0.00636624
7.63875	-0.00745888
7.63899	-0.00270295
7.63924	0.00349036
7.63948	0.00481232
7.63973	0.00104118
7.63997	-0.00258968
7.64022	-0.00317304
7.64046	-0.00266806
7.6407	-0.002662
7.64095	-0.0016032
7.64119	0.00115953
7.64144	0.00288952
7.64168	0.0015385
7.64193	-0.000873342
7.64217	-0.00155612
7.64242	-0.00100698
7.64266	-0.00101833
7.64291	-0.00101889
7.64315	0.000434948
7.6434	0.00233795
7.64364	0.0028351
7.64388	0.00262298
7.64413	0.00293865
7.64437	0.00160013
7.64462	-0.00373128
7.64486	-0.00866212
7.64511	-0.00518926
7.64535	0.00586638
7.6456	0.0122924
7.64584	0.00571657
7.64609	-0.0058783
7.64633	-0.00840201
7.64658	-0.0010083
7.64682	0.00421304
7.64706	0.00104765
7.64731	-0.00326734
7.64755	-0.00217794
7.6478	-0.000561159
7.64804	-0.00419559
7.64829	-0.0074481
7.64853	-0.00191083
7.64878	0.00803718
7.64902	0.0101218
7.64927	0.00288131
7.64951	-0.00205801
7.64976	0.00242044
7.65	0.00959385
7.65024	0.0105604
7.65049	0.00622893
7.65073	0.00271116
7.65098	0.00175796
7.65122	0.00118427
7.65147	-0.000173977
7.65171	-0.0025293
7.65196	-0.00595831
7.6522	-0.00798339
7.65245	-0.00533941
7.65269	-0.00092441
7.65293	-0.00228948
7.65318	-0.00929081
7.65342	-0.0112372
7.65367	-0.00263887
7.65391	0.00636084
7.65416	0.00432455
7.6544	-0.00381127
7.65465	-0.00509883
7.65489	0.000395336
7.65514	0.00100222
7.65538	-0.00561058
7.65563	-0.00811974
7.65587	-0.00106948
7.65611	0.00550385
7.65636	0.00265064
7.6566	-0.00315567
7.65685	-0.00158974
7.65709	0.00456532
7.65734	0.00511626
7.65758	-0.000349271
7.65783	-0.00260908
7.65807	0.00169957
7.65832	0.00550789
7.65856	0.00333397
7.65881	-0.00105864
7.65905	-0.0020203
7.65929	-0.00027279
7.65954	0.000197043
7.65978	-0.00111645
7.66003	-0.00176979
7.66027	-0.000946842
7.66052	4.71036e-05
7.66076	0.00040185
7.66101	0.000363876
7.66125	0.000249557
7.6615	0.000614804
7.66174	0.00199961
7.66199	0.00301797
7.66223	0.000790504
7.66247	-0.00456535
7.66272	-0.0081876
7.66296	-0.00641077
7.66321	-0.00238735
7.66345	-0.00135116
7.6637	-0.00178404
7.66394	0.00239679
7.66419	0.0103917
7.66443	0.0129261
7.66468	0.00587337
7.66492	-0.00167469
7.66516	0.000221425
7.66541	0.00733646
7.66565	0.00776441
7.6659	0.000364008
7.66614	-0.00416257
7.66639	-0.000799037
7.66663	0.00264466
7.66688	-0.000339048
7.66712	-0.00417793
7.66737	-0.00130938
7.66761	0.00521852
7.66786	0.00749709
7.6681	0.00516743
7.66834	0.00343768
7.66859	0.00301131
7.66883	0.00085958
7.66908	-0.0018959
7.66932	-0.00164163
7.66957	-2.46421e-05
7.66981	-0.00155024
7.67006	-0.0045824
7.6703	-0.00328065
7.67055	0.00184456
7.67079	0.00399763
7.67104	0.00141521
7.67128	0.000161731
7.67152	0.00380778
7.67177	0.00808454
7.67201	0.00846591
7.67226	0.00641419
7.6725	0.00522462
7.67275	0.00518483
7.67299	0.00523184
7.67324	0.00472364
7.67348	0.00247327
7.67373	-0.00119147
7.67397	-0.00182979
7.67422	0.00341094
7.67446	0.00854175
7.6747	0.00549907
7.67495	-0.00234051
7.67519	-0.00357016
7.67544	0.00339668
7.67568	0.0074518
7.67593	0.00268696
7.67617	-0.00301028
7.67642	-0.00225672
7.67666	0.00116424
7.67691	0.00278436
7.67715	0.00639172
7.67739	0.0134303
7.67764	0.0150501
7.67788	0.00613447
7.67813	-0.00271546
7.67837	5.20605e-05
7.67862	0.00871197
7.67886	0.0104879
7.67911	0.00635251
7.67935	0.00618567
7.6796	0.00907648
7.67984	0.00571577
7.68009	-0.00236747
7.68033	-0.00350763
7.68057	0.00398446
7.68082	0.00898548
7.68106	0.00669978
7.68131	0.00479474
7.68155	0.0071333
7.6818	0.00690332
7.68204	0.00118853
7.68229	-0.00224576
7.68253	0.00049559
7.68278	0.00153397
7.68302	-0.0041271
7.68327	-0.00846479
7.68351	-0.00426654
7.68375	0.00201485
7.684	0.00178385
7.68424	-0.000865772
7.68449	0.00254754
7.68473	0.00927397
7.68498	0.0102068
7.68522	0.00520662
7.68547	0.00172698
7.68571	0.00153027
7.68596	4.03479e-05
7.6862	-0.00298511
7.68645	-0.00285438
7.68669	0.000412153
7.68693	0.00146226
7.68718	-0.00073019
7.68742	-0.00105746
7.68767	0.00260673
7.68791	0.00597696
7.68816	0.00590325
7.6884	0.00495847
7.68865	0.00621928
7.68889	0.00862839
7.68914	0.00991023
7.68938	0.0102249
7.68962	0.0108948
7.68987	0.0122734
7.69011	0.0140914
7.69036	0.0158168
7.6906	0.0163868
7.69085	0.0155238
7.69109	0.014754
7.69134	0.0150205
7.69158	0.0145923
7.69183	0.0119642
7.69207	0.00915584
7.69232	0.00881925
7.69256	0.0096524
7.6928	0.00842527
7.69305	0.00527803
7.69329	0.0031656
7.69354	0.0032292
7.69378	0.00465476
7.69403	0.00770713
7.69427	0.0123648
7.69452	0.0150761
7.69476	0.0120863
7.69501	0.00568258
7.69525	0.00203368
7.6955	0.00275399
7.69574	0.00379874
7.69598	0.00306459
7.69623	0.00327247
7.69647	0.00580629
7.69672	0.0073661
7.69696	0.00552378
7.69721	0.00288774
7.69745	0.00241839
7.6977	0.00244619
7.69794	1.17712e-05
7.69819	-0.0037133
7.69843	-0.00504364
7.69868	-0.00296608
7.69892	0.000424712
7.69916	0.00326803
7.69941	0.0050102
7.69965	0.00533866
7.6999	0.00449076
7.70014	0.00370569
7.70039	0.00341904
7.70063	0.00213146
7.70088	-0.0009863
7.70112	-0.00367529
7.70137	-0.00311329
7.70161	6.65746e-05
7.70185	0.00269025
7.7021	0.00352221
7.70234	0.00444376
7.70259	0.00704476
7.70283	0.0100566
7.70308	0.0108655
7.70332	0.00841212
7.70357	0.00406702
7.70381	0.000162878
7.70406	-0.00214296
7.7043	-0.00356804
7.70455	-0.00473991
7.70479	-0.00396519
7.70503	0.000939899
7.70528	0.00785452
7.70552	0.0103137
7.70577	0.00495546
7.70601	-0.00302721
7.70626	-0.00552158
7.7065	-0.00134104
7.70675	0.00380898
7.70699	0.00651182
7.70724	0.00906786
7.70748	0.012441
7.70773	0.0120296
7.70797	0.00478012
7.70821	-0.00408077
7.70846	-0.00705519
7.7087	-0.00431091
7.70895	-0.00178466
7.70919	-0.00144327
7.70944	-0.000242603
7.70968	0.00189454
7.70993	0.000874246
7.71017	-0.00315619
7.71042	-0.00362414
7.71066	0.00247026
7.71091	0.00856929
7.71115	0.00749225
7.71139	0.00151777
7.71164	-0.00201734
7.71188	-0.00141108
7.71213	-0.000716857
7.71237	-0.00157883
7.71262	-0.00138174
7.71286	0.00104972
7.71311	0.0033434
7.71335	0.00344425
7.7136	0.0015942
7.71384	-0.00133956
7.71408	-0.00400134
7.71433	-0.00378312
7.71457	0.000400142
7.71482	0.00540733
7.71506	0.00736673
7.71531	0.00642002
7.71555	0.00444367
7.7158	0.000707776
7.71604	-0.00509434
7.71629	-0.00826332
7.71653	-0.00451608
7.71678	0.00161139
7.71702	0.00172409
7.71726	-0.00352708
7.71751	-0.00523943
7.71775	-0.000792426
7.718	0.00212643
7.71824	-0.000815779
7.71849	-0.00270574
7.71873	0.00274106
7.71898	0.00948916
7.71922	0.0076136
7.71947	-0.00163373
7.71971	-0.00752752
7.71996	-0.00416954
7.7202	0.00414781
7.72044	0.0107136
7.72069	0.0132696
7.72093	0.0130592
7.72118	0.011866
7.72142	0.0108806
7.72167	0.0100636
7.72191	0.00880292
7.72216	0.00823975
7.7224	0.0105357
7.72265	0.0142329
7.72289	0.0141074
7.72314	0.00865799
7.72338	0.00367537
7.72362	0.00413802
7.72387	0.00656372
7.72411	0.00513684
7.72436	0.00205311
7.7246	0.00426758
7.72485	0.0112207
7.72509	0.0140013
7.72534	0.00825918
7.72558	0.000845685
7.72583	3.52113e-05
7.72607	0.00447213
7.72632	0.00658063
7.72656	0.00365675
7.7268	1.98861e-05
7.72705	-0.00100391
7.72729	-0.00180395
7.72754	-0.00527956
7.72778	-0.00894804
7.72803	-0.00821173
7.72827	-0.0037839
7.72852	-0.00112277
7.72876	-0.00224914
7.72901	-0.00320589
7.72925	-0.0014976
7.72949	-0.000444005
7.72974	-0.00215593
7.72998	-0.00189233
7.73023	0.00403765
7.73047	0.00968827
7.73072	0.00773988
7.73096	0.00274098
7.73121	0.00470706
7.73145	0.0109748
7.7317	0.00820885
7.73194	-0.00525856
7.73219	-0.0138811
7.73243	-0.00814469
7.73267	0.000600042
7.73292	-0.00126582
7.73316	-0.00842792
7.73341	-0.00751192
7.73365	0.00022035
7.7339	0.00296214
7.73414	-0.000508445
7.73439	-0.000654807
7.73463	0.00389878
7.73488	0.00415782
7.73512	-0.00127117
7.73537	-0.00216157
7.73561	0.00494244
7.73585	0.00906028
7.7361	0.00270976
7.73634	-0.00504966
7.73659	-0.00289821
7.73683	0.00519281
7.73708	0.0074038
7.73732	0.00242149
7.73757	-0.000699397
7.73781	0.00236821
7.73806	0.00637644
7.7383	0.00592133
7.73855	0.00156328
7.73879	-0.00375165
7.73903	-0.00793105
7.73928	-0.00879738
7.73952	-0.00534813
7.73977	-0.000716727
7.74001	0.000655376
7.74026	-0.000690379
7.7405	-0.0002191
7.74075	0.00281535
7.74099	0.00362207
7.74124	-0.000260825
7.74148	-0.00408368
7.74172	-0.00223091
7.74197	0.00392293
7.74221	0.00836281
7.74246	0.00835272
7.7427	0.00583323
7.74295	0.00227064
7.74319	-0.00281538
7.74344	-0.00777204
7.74368	-0.00826885
7.74393	-0.003028
7.74417	0.00354899
7.74442	0.00694332
7.74466	0.00730256
7.7449	0.00604723
7.74515	0.00206429
7.74539	-0.00409019
7.74564	-0.00621894
7.74588	0.000293574
7.74613	0.00923745
7.74637	0.00942288
7.74662	-8.76802e-05
7.74686	-0.00832401
7.74711	-0.00737298
7.74735	-0.0013039
7.7476	0.00243923
7.74784	0.00278819
7.74808	0.00208416
7.74833	0.00052813
7.74857	-0.00111544
7.74882	0.000568225
7.74906	0.00545288
7.74931	0.00739244
7.74955	0.00368696
7.7498	0.000872223
7.75004	0.00424852
7.75029	0.00802779
7.75053	0.00454147
7.75078	-0.00241827
7.75102	-0.00375113
7.75126	-0.000245195
7.75151	-5.41166e-05
7.75175	-0.00359512
7.752	-0.00351266
7.75224	0.000854621
7.75249	0.00194463
7.75273	-0.00152825
7.75298	-0.00159129
7.75322	0.00374251
7.75347	0.00522617
7.75371	-0.00119663
7.75395	-0.00480236
7.7542	0.00353224
7.75444	0.0148823
7.75469	0.0139359
7.75493	0.00122467
7.75518	-0.00830271
7.75542	-0.00622914
7.75567	0.0011518
7.75591	0.00540684
7.75616	0.00616151
7.7564	0.00619637
7.75665	0.00490338
7.75689	0.00129411
7.75713	-0.00178544
7.75738	-0.00110045
7.75762	0.00216224
7.75787	0.00443266
7.75811	0.00460494
7.75836	0.00404649
7.7586	0.00326806
7.75885	0.00135269
7.75909	-0.00170529
7.75934	-0.00414823
7.75958	-0.00416812
7.75983	-0.00154004
7.76007	0.00233718
7.76031	0.00534159
7.76056	0.00586064
7.7608	0.00390338
7.76105	0.00096577
7.76129	-0.00155861
7.76154	-0.00340748
7.76178	-0.00450423
7.76203	-0.00402217
7.76227	-0.0018027
7.76252	5.80329e-05
7.76276	-0.000654147
7.76301	-0.00245752
7.76325	-0.00136548
7.76349	0.00296787
7.76374	0.00551227
7.76398	0.00279361
7.76423	-0.00149754
7.76447	-0.00179669
7.76472	0.000888587
7.76496	0.00122618
7.76521	-0.0011248
7.76545	-0.00116917
7.7657	0.00189261
7.76594	0.00207311
7.76618	-0.00352927
7.76643	-0.00873356
7.76667	-0.00678067
7.76692	0.000139026
7.76716	0.00494986
7.76741	0.00531393
7.76765	0.00385681
7.7679	0.00204326
7.76814	-0.000406474
7.76839	-0.00211714
7.76863	-0.00154551
7.76888	-0.00044584
7.76912	-0.00104488
7.76936	-0.00133098
7.76961	0.00192856
7.76985	0.00696076
7.7701	0.00888787
7.77034	0.00686192
7.77059	0.0043708
7.77083	0.00333004
7.77108	0.00277138
7.77132	0.0025955
7.77157	0.00363388
7.77181	0.00453248
7.77206	0.00340299
7.7723	0.00192405
7.77254	0.00290435
7.77279	0.00471832
7.77303	0.00363555
7.77328	0.000888188
7.77352	0.00124382
7.77377	0.00473786
7.77401	0.00636319
7.77426	0.00448264
7.7745	0.00282009
7.77475	0.00290511
7.77499	0.00150183
7.77524	-0.00225439
7.77548	-0.0040655
7.77572	-0.00206857
7.77597	-0.000864466
7.77621	-0.00377443
7.77646	-0.00672248
7.7767	-0.00487009
7.77695	-0.00075803
7.77719	-0.00013859
7.77744	-0.00296448
7.77768	-0.0043764
7.77793	-0.00283752
7.77817	-0.0016265
7.77841	-0.00261846
7.77866	-0.00355056
7.7789	-0.00239525
7.77915	-0.000779845
7.77939	-0.00137675
7.77964	-0.003999
7.77988	-0.00593234
7.78013	-0.00530046
7.78037	-0.00297004
7.78062	-0.00120942
7.78086	-0.00114041
7.78111	-0.00179643
7.78135	-0.00131834
7.78159	0.00139909
7.78184	0.00560549
7.78208	0.00819511
7.78233	0.00536829
7.78257	-0.00263128
7.78282	-0.00904416
7.78306	-0.00686494
7.78331	0.00180305
7.78355	0.00748459
7.7838	0.006029
7.78404	0.00354274
7.78429	0.00518897
7.78453	0.00617453
7.78477	0.000682532
7.78502	-0.00625106
7.78526	-0.00536437
7.78551	0.00181481
7.78575	0.00513811
7.786	0.0018637
7.78624	-0.000209581
7.78649	0.00359598
7.78673	0.00842366
7.78698	0.00950116
7.78722	0.00847611
7.78747	0.00697461
7.78771	0.00325604
7.78795	-0.000740088
7.7882	0.00143865
7.78844	0.00923568
7.78869	0.0120736
7.78893	0.00471117
7.78918	-0.00316997
7.78942	-0.0012213
7.78967	0.00556258
7.78991	0.00547796
7.79016	-0.00119737
7.7904	-0.00403964
7.79064	-1.04822e-05
7.79089	0.00297454
7.79113	9.28177e-05
7.79138	-0.0036364
7.79162	-0.00301714
7.79187	-0.000260476
7.79211	0.000502754
7.79236	-0.000429595
7.7926	-0.000925097
7.79285	-0.000678532
7.79309	0.000635202
7.79334	0.00424712
7.79358	0.00859269
7.79382	0.00899663
7.79407	0.0039305
7.79431	-0.00202776
7.79456	-0.004148
7.7948	-0.00304621
7.79505	-0.00160789
7.79529	3.80188e-05
7.79554	0.00297444
7.79578	0.00570784
7.79603	0.00593644
7.79627	0.00463714
7.79652	0.00471664
7.79676	0.00633822
7.797	0.00691662
7.79725	0.00560199
7.79749	0.00466859
7.79774	0.00585559
7.79798	0.00780618
7.79823	0.00815932
7.79847	0.00641999
7.79872	0.0037794
7.79896	0.00149291
7.79921	0.00042778
7.79945	0.00104972
7.7997	0.00288183
7.79994	0.00495672
7.80018	0.00747699
7.80043	0.0113457
7.80067	0.0147839
7.80092	0.0127951
7.80116	0.00334755
7.80141	-0.00711506
7.80165	-0.00898078
7.8019	-0.00122358
7.80214	0.00662957
7.80239	0.00669926
7.80263	0.00265874
7.80287	0.00318412
7.80312	0.00887188
7.80336	0.0119369
7.80361	0.00811094
7.80385	0.00224116
7.8041	0.000384177
7.80434	0.00196567
7.80459	0.00294531
7.80483	0.00229623
7.80508	0.00115173
7.80532	-0.00116034
7.80557	-0.00524538
7.80581	-0.00754579
7.80605	-0.0035349
7.8063	0.0049878
7.80654	0.0106473
7.80679	0.00976341
7.80703	0.00659558
7.80728	0.00628038
7.80752	0.00760587
7.80777	0.00644816
7.80801	0.00331471
7.80826	0.00238205
7.8085	0.00408952
7.80875	0.00421156
7.80899	0.00119874
7.80923	-0.00078084
7.80948	0.00139564
7.80972	0.00468076
7.80997	0.00525597
7.81021	0.00484029
7.81046	0.00638171
7.8107	0.00693441
7.81095	0.00205353
7.81119	-0.00436951
7.81144	-0.00329213
7.81168	0.00545699
7.81193	0.0111246
7.81217	0.00744619
7.81241	0.00177874
7.81266	0.00311614
7.8129	0.00838554
7.81315	0.00875204
7.81339	0.00413524
7.81364	0.00175031
7.81388	0.00309262
7.81413	0.0026614
7.81437	-0.000626765
7.81462	-0.00078587
7.81486	0.00434982
7.81511	0.00832782
7.81535	0.00597804
7.81559	0.00117941
7.81584	0.000408421
7.81608	0.00404498
7.81633	0.00836475
7.81657	0.0113494
7.81682	0.0121386
7.81706	0.00902673
7.81731	0.00285644
7.81755	-0.000959662
7.8178	0.0014426
7.81804	0.00675354
7.81828	0.00914546
7.81853	0.00791553
7.81877	0.00624489
7.81902	0.00503061
7.81926	0.00294586
7.81951	0.000763908
7.81975	0.00056541
7.82	0.00177503
7.82024	0.00258685
7.82049	0.00398885
7.82073	0.00749974
7.82098	0.0103532
7.82122	0.00876641
7.82146	0.00513086
7.82171	0.00518159
7.82195	0.00790815
7.8222	0.00613758
7.82244	-0.000796819
7.82269	-0.00343434
7.82293	0.00384853
7.82318	0.0127053
7.82342	0.0121147
7.82367	0.00451499
7.82391	0.001457
7.82416	0.00573793
7.8244	0.00808323
7.82464	0.00264292
7.82489	-0.00378552
7.82513	-0.00242628
7.82538	0.00465693
7.82562	0.00865314
7.82587	0.00684066
7.82611	0.00476842
7.82636	0.0069056
7.8266	0.0109308
7.82685	0.0123681
7.82709	0.0108089
7.82734	0.00915347
7.82758	0.00857328
7.82782	0.00709773
7.82807	0.003768
7.82831	0.00202684
7.82856	0.00597708
7.8288	0.0131972
7.82905	0.0154279
7.82929	0.00929659
7.82954	0.00251949
7.82978	0.0041031
7.83003	0.0110951
7.83027	0.0125229
7.83051	0.00574358
7.83076	4.59573e-05
7.831	0.0022131
7.83125	0.00766569
7.83149	0.0101103
7.83174	0.011142
7.83198	0.0139172
7.83223	0.0152619
7.83247	0.0123011
7.83272	0.0103588
7.83296	0.0149104
7.83321	0.0208895
7.83345	0.0201009
7.83369	0.014981
7.83394	0.0139505
7.83418	0.0163382
7.83443	0.0142936
7.83467	0.00827681
7.83492	0.00739458
7.83516	0.0132274
7.83541	0.0163113
7.83565	0.0119809
7.8359	0.00773381
7.83614	0.0100862
7.83639	0.0149121
7.83663	0.0165043
7.83687	0.0164292
7.83712	0.0172406
7.83736	0.0165688
7.83761	0.0142377
7.83785	0.0165514
7.8381	0.0257215
7.83834	0.0327297
7.83859	0.0292981
7.83883	0.0206066
7.83908	0.017359
7.83932	0.0206491
7.83957	0.0238123
7.83981	0.0249184
7.84005	0.0275751
7.8403	0.0315981
7.84054	0.0322416
7.84079	0.0286597
7.84103	0.0258234
7.84128	0.0274773
7.84152	0.0324707
7.84177	0.0379935
7.84201	0.0419582
7.84226	0.0427311
7.8425	0.0404915
7.84274	0.0382875
7.84299	0.0387447
7.84323	0.0410857
7.84348	0.0437925
7.84372	0.0475011
7.84397	0.0522937
7.84421	0.0554246
7.84446	0.055488
7.8447	0.0557544
7.84495	0.059392
7.84519	0.0643452
7.84544	0.0671269
7.84568	0.0688377
7.84592	0.0729084
7.84617	0.0791155
7.84641	0.0840811
7.84666	0.0860505
7.8469	0.0858727
7.84715	0.0853902
7.84739	0.087781
7.84764	0.0966095
7.84788	0.110991
7.84813	0.124347
7.84837	0.131678
7.84862	0.136016
7.84886	0.144435
7.8491	0.159659
7.84935	0.178635
7.84959	0.197793
7.84984	0.217096
7.85008	0.239771
7.85033	0.26938
7.85057	0.306572
7.85082	0.349044
7.85106	0.395731
7.85131	0.449409
7.85155	0.514739
7.8518	0.598792
7.85204	0.714837
7.85228	0.875036
7.85253	1.07236
7.85277	1.28238
7.85302	1.49545
7.85326	1.73119
7.85351	1.99771
7.85375	2.24969
7.854	2.42283
7.85424	2.50791
7.85449	2.54991
7.85473	2.56503
7.85497	2.50526
7.85522	2.33336
7.85546	2.09419
7.85571	1.86955
7.85595	1.68582
7.8562	1.51107
7.85644	1.32903
7.85669	1.16594
7.85693	1.04227
7.85718	0.942882
7.85742	0.848907
7.85767	0.765549
7.85791	0.701642
7.85815	0.647821
7.8584	0.592334
7.85864	0.539107
7.85889	0.494715
7.85913	0.453478
7.85938	0.409579
7.85962	0.37026
7.85987	0.343476
7.86011	0.323503
7.86036	0.300937
7.8606	0.277625
7.86085	0.260542
7.86109	0.248713
7.86133	0.236464
7.86158	0.223662
7.86182	0.213985
7.86207	0.207354
7.86231	0.200588
7.86256	0.192142
7.8628	0.182578
7.86305	0.174188
7.86329	0.171189
7.86354	0.17469
7.86378	0.177935
7.86403	0.174422
7.86427	0.170269
7.86451	0.178889
7.86476	0.203281
7.865	0.234187
7.86525	0.265997
7.86549	0.302224
7.86574	0.343544
7.86598	0.383443
7.86623	0.418898
7.86647	0.452332
7.86672	0.478591
7.86696	0.483361
7.8672	0.461338
7.86745	0.424969
7.86769	0.388469
7.86794	0.353034
7.86818	0.31402
7.86843	0.272868
7.86867	0.234655
7.86892	0.201669
7.86916	0.175261
7.86941	0.157065
7.86965	0.144166
7.8699	0.130581
7.87014	0.116593
7.87038	0.108295
7.87063	0.105838
7.87087	0.102112
7.87112	0.095331
7.87136	0.0915614
7.87161	0.0918562
7.87185	0.0892927
7.8721	0.0825966
7.87234	0.0795173
7.87259	0.0818113
7.87283	0.0807916
7.87308	0.0739667
7.87332	0.0716596
7.87356	0.0788698
7.87381	0.0845822
7.87405	0.0790966
7.8743	0.0692244
7.87454	0.0653758
7.87479	0.0652992
7.87503	0.062274
7.87528	0.0587113
7.87552	0.0592653
7.87577	0.0597757
7.87601	0.0554167
7.87626	0.0515686
7.8765	0.0543723
7.87674	0.0582071
7.87699	0.0549985
7.87723	0.0490835
7.87748	0.0501637
7.87772	0.0570293
7.87797	0.0604963
7.87821	0.0579021
7.87846	0.0533617
7.8787	0.0480497
7.87895	0.0413358
7.87919	0.0375867
7.87943	0.0410134
7.87968	0.0470338
7.87992	0.0485912
7.88017	0.0473694
7.88041	0.0490064
7.88066	0.051251
7.8809	0.0475575
7.88115	0.0395651
7.88139	0.035367
7.88164	0.0368627
7.88188	0.0382951
7.88213	0.0365132
7.88237	0.0344406
7.88261	0.0348043
7.88286	0.0369126
7.8831	0.0387711
7.88335	0.0378556
7.88359	0.0326509
7.88384	0.0272968
7.88408	0.0293531
7.88433	0.0380727
7.88457	0.0418656
7.88482	0.034108
7.88506	0.0239686
7.88531	0.0229416
7.88555	0.0278358
7.88579	0.0275175
7.88604	0.0207397
7.88628	0.0158833
7.88653	0.0167884
7.88677	0.019676
7.88702	0.0216604
7.88726	0.0227978
7.88751	0.0220682
7.88775	0.0196552
7.888	0.0199486
7.88824	0.0243695
7.88849	0.0260354
7.88873	0.0204748
7.88897	0.0158788
7.88922	0.0216848
7.88946	0.0321825
7.88971	0.0342199
7.88995	0.0274949
7.8902	0.0234556
7.89044	0.0260518
7.89069	0.0279078
7.89093	0.025736
7.89118	0.0253323
7.89142	0.0287499
7.89167	0.0294453
7.89191	0.024477
7.89215	0.0205447
7.8924	0.0227707
7.89264	0.0265429
7.89289	0.0259103
7.89313	0.0228609
7.89338	0.0228961
7.89362	0.026719
7.89387	0.03106
7.89411	0.0342406
7.89436	0.0373124
7.8946	0.0415324
7.89484	0.0462283
7.89509	0.04826
7.89533	0.0448863
7.89558	0.0388948
7.89582	0.0374305
7.89607	0.0422104
7.89631	0.0452459
7.89656	0.0396215
7.8968	0.029974
7.89705	0.0252791
7.89729	0.0253831
7.89754	0.0232984
7.89778	0.0179545
7.89802	0.0152052
7.89827	0.0172985
7.89851	0.0201869
7.89876	0.0209767
7.899	0.0201264
7.89925	0.0169474
7.89949	0.0108773
7.89974	0.00657743
7.89998	0.00955889
7.90023	0.0169672
7.90047	0.0204921
7.90072	0.0179478
7.90096	0.0143139
7.9012	0.012422
7.90145	0.0111354
7.90169	0.0116497
7.90194	0.0161069
7.90218	0.0202855
7.90243	0.017484
7.90267	0.00981835
7.90292	0.00573558
7.90316	0.00618872
7.90341	0.00439249
7.90365	0.000198282
7.9039	0.00211332
7.90414	0.0116593
7.90438	0.0181856
7.90463	0.0148956
7.90487	0.00887961
7.90512	0.00833553
7.90536	0.0100108
7.90561	0.00770696
7.90585	0.00455252
7.9061	0.00698835
7.90634	0.0125613
7.90659	0.0135623
7.90683	0.0093826
7.90707	0.00662204
7.90732	0.0087266
7.90756	0.0126118
7.90781	0.0145677
7.90805	0.0138223
7.9083	0.0109526
7.90854	0.00722878
7.90879	0.0049819
7.90903	0.00548087
7.90928	0.00737486
7.90952	0.00906408
7.90977	0.010506
7.91001	0.0112128
7.91025	0.00978958
7.9105	0.00725032
7.91074	0.00685466
7.91099	0.00863106
7.91123	0.00873557
7.91148	0.00657013
7.91172	0.00672823
7.91197	0.0103048
7.91221	0.0108659
7.91246	0.00466809
7.9127	-0.00130175
7.91295	0.000947042
7.91319	0.00761749
7.91343	0.00904999
7.91368	0.005056
7.91392	0.00407729
7.91417	0.00810324
7.91441	0.00936248
7.91466	0.00405838
7.9149	-0.000696184
7.91515	0.00175746
7.91539	0.00749869
7.91564	0.00922091
7.91588	0.00723712
7.91613	0.00652872
7.91637	0.00733371
7.91661	0.00603423
7.91686	0.00286409
7.9171	0.00161888
7.91735	0.0028003
7.91759	0.00359508
7.91784	0.0041369
7.91808	0.00696672
7.91833	0.00981217
7.91857	0.00642446
7.91882	-0.00281919
7.91906	-0.00818232
7.9193	-0.00309664
7.91955	0.00612823
7.91979	0.00903009
7.92004	0.00541468
7.92028	0.00400503
7.92053	0.00856319
7.92077	0.0129384
7.92102	0.0111063
7.92126	0.00595037
7.92151	0.00473822
7.92175	0.00919049
7.922	0.0135051
7.92224	0.0115268
7.92248	0.00394335
7.92273	-0.00228787
7.92297	-0.00170425
7.92322	0.00335381
7.92346	0.00615413
7.92371	0.00484922
7.92395	0.0043627
7.9242	0.00772587
7.92444	0.0107228
7.92469	0.00893972
7.92493	0.00532743
7.92518	0.0051015
7.92542	0.00699972
7.92566	0.00640877
7.92591	0.00423844
7.92615	0.00490584
7.9264	0.00742577
7.92664	0.00700465
7.92689	0.00465378
7.92713	0.00602335
7.92738	0.0102808
7.92762	0.00982686
7.92787	0.00311623
7.92811	-0.00185328
7.92836	-0.000274203
7.9286	0.00240933
7.92884	0.000753513
7.92909	-0.00208659
7.92933	-0.00177785
7.92958	-0.000863865
7.92982	-0.00251344
7.93007	-0.00317956
7.93031	0.000755567
7.93056	0.00468151
7.9308	0.00241866
7.93105	-0.0030897
7.93129	-0.00419277
7.93153	-0.000697595
7.93178	0.000821317
7.93202	-0.00170351
7.93227	-0.00340835
7.93251	-0.00141984
7.93276	0.00102708
7.933	0.000811103
7.93325	-0.000470659
7.93349	-0.00026415
7.93374	0.000753278
7.93398	0.000783416
7.93423	0.000684521
7.93447	0.00297888
7.93471	0.00755216
7.93496	0.0103767
7.9352	0.00807886
7.93545	0.00321943
7.93569	0.00203103
7.93594	0.00555974
7.93618	0.00710804
7.93643	0.00217884
7.93667	-0.00359207
7.93692	-0.00297319
7.93716	0.000387782
7.93741	-0.00251055
7.93765	-0.010086
7.93789	-0.01134
7.93814	-0.00372978
7.93838	0.00240104
7.93863	0.000631048
7.93887	-0.00238889
7.93912	6.78907e-07
7.93936	0.00375739
7.93961	0.00360654
7.93985	0.00252853
7.9401	0.00358964
7.94034	0.00242289
7.94059	-0.00290368
7.94083	-0.00431573
7.94107	0.00332715
7.94132	0.0107739
7.94156	0.00778566
7.94181	-0.00014484
7.94205	-0.00149952
7.9423	0.00225126
7.94254	0.00198412
7.94279	-0.000750951
7.94303	0.00280449
7.94328	0.0102127
7.94352	0.0100456
7.94376	0.00197065
7.94401	-0.00199743
7.94425	0.00214723
7.9445	0.00494561
7.94474	0.00178683
7.94499	0.000793215
7.94523	0.00632051
7.94548	0.00925384
7.94572	0.0026696
7.94597	-0.00482455
7.94621	-0.00197721
7.94646	0.00755959
7.9467	0.0114268
7.94694	0.006578
7.94719	0.000851519
7.94743	-8.61552e-05
7.94768	0.00201457
7.94792	0.00449089
7.94817	0.007263
7.94841	0.00911914
7.94866	0.00695297
7.9489	0.000929401
7.94915	-0.00367883
7.94939	-0.00251212
7.94964	0.0020276
7.94988	0.00359247
7.95012	0.000173389
7.95037	-0.00319309
7.95061	-0.00160674
7.95086	0.00234773
7.9511	0.00245085
7.95135	-0.00116606
7.95159	-0.00198603
7.95184	0.00194149
7.95208	0.00423694
7.95233	0.000880287
7.95257	-0.00277439
7.95282	-0.00150412
7.95306	0.000374929
7.9533	-0.00278792
7.95355	-0.00655426
7.95379	-0.00334781
7.95404	0.00370083
7.95428	0.00536191
7.95453	0.00202173
7.95477	0.00230323
7.95502	0.00681768
7.95526	0.00663717
7.95551	-0.000330022
7.95575	-0.00468191
7.95599	-0.00141495
7.95624	0.00190789
7.95648	-0.000831754
7.95673	-0.00330586
7.95697	0.00177929
7.95722	0.00913158
7.95746	0.00873087
7.95771	0.00135506
7.95795	-0.00356916
7.9582	-0.00233219
7.95844	-9.46691e-05
7.95869	-0.000840251
7.95893	-0.00198613
7.95917	-3.15116e-05
7.95942	0.00373615
7.95966	0.00518233
7.95991	0.00280164
7.96015	8.2766e-05
7.9604	0.00196684
7.96064	0.00797178
7.96089	0.0107202
7.96113	0.00525406
7.96138	-0.00187957
7.96162	0.000195067
7.96187	0.0102467
7.96211	0.0146598
7.96235	0.00695661
7.9626	-0.00187704
7.96284	0.000487612
7.96309	0.00928103
7.96333	0.0102685
7.96358	0.000898556
7.96382	-0.00737633
7.96407	-0.00663425
7.96431	-0.00165308
7.96456	7.00502e-05
7.9648	-0.00155332
7.96505	-0.00272987
7.96529	-0.00263515
7.96553	-0.00228972
7.96578	-0.00117385
7.96602	0.000861724
7.96627	0.00146604
7.96651	-0.000841396
7.96676	-0.00360818
7.967	-0.00390675
7.96725	-0.00266407
7.96749	-0.00246503
7.96774	-0.00298692
7.96798	-0.00205279
7.96823	0.000131781
7.96847	0.00135538
7.96871	0.00127966
7.96896	0.00137694
7.9692	0.00130358
7.96945	-0.000822409
7.96969	-0.00411698
7.96994	-0.00494244
7.97018	-0.00247894
7.97043	-0.0002452
7.97067	-0.000110446
7.97092	0.000810172
7.97116	0.00404026
7.9714	0.00508447
7.97165	0.000234818
7.97189	-0.00547291
7.97214	-0.00404684
7.97238	0.00343215
7.97263	0.00833487
7.97287	0.00784479
7.97312	0.00817596
7.97336	0.0124416
7.97361	0.0142788
7.97385	0.00853398
7.9741	0.000659466
7.97434	-0.001469
7.97458	0.000637193
7.97483	0.00031695
7.97507	-0.00230709
7.97532	-0.00137673
7.97556	0.00372116
7.97581	0.00713827
7.97605	0.00628666
7.9763	0.0047807
7.97654	0.00446969
7.97679	0.00206348
7.97703	-0.00354149
7.97728	-0.00701097
7.97752	-0.00386238
7.97776	0.0022478
7.97801	0.00372091
7.97825	-0.00193633
7.9785	-0.0104151
7.97874	-0.0158973
7.97899	-0.0152777
7.97923	-0.00888234
7.97948	-0.000102807
7.97972	0.00607492
7.97997	0.00659641
7.98021	0.00305801
7.98046	6.35631e-05
7.9807	0.000535532
7.98094	0.00290947
7.98119	0.0032091
7.98143	1.17718e-05
7.98168	-0.00333863
7.98192	-0.00271243
7.98217	0.0010694
7.98241	0.00301229
7.98266	0.0010676
7.9829	-0.000848663
7.98315	0.000842583
7.98339	0.00329946
7.98363	0.00146669
7.98388	-0.0035565
7.98412	-0.00523886
7.98437	-0.000885941
7.98461	0.00405351
7.98486	0.00269862
7.9851	-0.00470468
7.98535	-0.0108828
7.98559	-0.00952932
7.98584	-0.00219931
7.98608	0.00330423
7.98633	0.00187716
7.98657	-0.00272182
7.98681	-0.0032953
7.98706	-0.000100381
7.9873	-0.0010248
7.98755	-0.00886155
7.98779	-0.0146214
7.98804	-0.00938127
7.98828	0.00164627
7.98853	0.00508857
7.98877	-0.00202727
7.98902	-0.00856826
7.98926	-0.00573045
7.98951	0.00131295
7.98975	0.00290816
7.98999	-0.000548349
7.99024	-0.00103084
7.99048	0.00295946
7.99073	0.00301368
7.99097	-0.00632907
7.99122	-0.0173207
7.99146	-0.0169228
7.99171	-0.00342427
7.99195	0.0101928
7.9922	0.0113945
7.99244	0.00265794
7.99269	-0.00311362
7.99293	0.000448778
7.99317	0.00661718
7.99342	0.00664276
7.99366	0.00148075
7.99391	-0.00128424
7.99415	0.0016349
7.9944	0.00615775
7.99464	0.00716751
7.99489	0.00383225
7.99513	-0.0011284
7.99538	-0.00461929
7.99562	-0.00552451
7.99586	-0.00539641
7.99611	-0.00621307
7.99635	-0.00685715
7.9966	-0.00407803
7.99684	0.00183434
7.99709	0.00557212
7.99733	0.00349821
7.99758	-0.00120843
7.99782	-0.00327904
7.99807	-0.00239372
7.99831	-0.00180227
7.99856	-0.00249481
7.9988	-0.00310377
7.99904	-0.00360239
7.99929	-0.00449578
7.99953	-0.00382558
7.99978	0.000297181
8.00002	0.00516577
8.00027	0.00610977
8.00051	0.0030093
8.00076	-0.000210085
8.001	-0.00168213
8.00125	-0.00226002
8.00149	-0.000868581
8.00174	0.00463855
8.00198	0.0110926
8.00222	0.0108178
8.00247	0.00184313
8.00271	-0.00747789
8.00296	-0.00807533
8.0032	-0.0013731
8.00345	0.00331976
8.00369	0.00116789
8.00394	-0.00285428
8.00418	-0.00174067
8.00443	0.00393724
8.00467	0.00722658
8.00492	0.00453975
8.00516	0.000192169
8.0054	-0.000540659
8.00565	0.000833183
8.00589	-0.000325787
8.00614	-0.00275255
8.00638	-0.000580686
8.00663	0.00613854
8.00687	0.00959841
8.00712	0.00555405
8.00736	-0.000473277
8.00761	-0.00241592
8.00785	-0.00237402
8.00809	-0.00448466
8.00834	-0.00638653
8.00858	-0.00416081
8.00883	-0.000714198
8.00907	-0.000914075
8.00932	-0.0022864
8.00956	0.000485651
8.00981	0.0049018
8.01005	0.00429354
8.0103	0.000195136
8.01054	0.000497362
8.01079	0.00560496
8.01103	0.00732078
8.01127	0.00277018
8.01152	-0.00124102
8.01176	-0.000309361
8.01201	0.00163003
8.01225	0.00215874
8.0125	0.0056166
8.01274	0.0129725
8.01299	0.0163436
8.01323	0.0110456
8.01348	0.00476876
8.01372	0.00631329
8.01397	0.0120688
8.01421	0.012919
8.01445	0.00913816
8.0147	0.00836183
8.01494	0.012155
8.01519	0.0145727
8.01543	0.0125948
8.01568	0.00890035
8.01592	0.00489685
8.01617	-0.000461658
8.01641	-0.00489461
8.01666	-0.00425027
8.0169	-0.000589323
8.01715	-0.000624897
8.01739	-0.0044883
8.01763	-0.00437309
8.01788	0.00263692
8.01812	0.00852506
8.01837	0.00597711
8.01861	-0.00082199
8.01886	-0.00314898
8.0191	-0.000207617
8.01935	0.00228656
8.01959	0.00234458
8.01984	0.00309926
8.02008	0.00552958
8.02032	0.00666493
8.02057	0.00498349
8.02081	0.00192218
8.02106	-0.00207361
8.0213	-0.00740476
8.02155	-0.010829
8.02179	-0.0073576
8.02204	0.00143889
8.02228	0.00686615
8.02253	0.00413206
8.02277	-0.00103129
8.02302	-0.000951307
8.02326	0.00306745
8.0235	0.00385079
8.02375	-0.000280885
8.02399	-0.0034877
8.02424	-0.00143163
8.02448	0.00306257
8.02473	0.00476479
8.02497	0.00276096
8.02522	0.000557393
8.02546	0.00142309
8.02571	0.00489402
8.02595	0.00721161
8.0262	0.00530152
8.02644	0.000713298
8.02668	-0.00195471
8.02693	-0.00151368
8.02717	-0.00207572
8.02742	-0.00597342
8.02766	-0.0084443
8.02791	-0.00422607
8.02815	0.0032302
8.0284	0.00557595
8.02864	0.00146722
8.02889	-0.00244302
8.02913	-0.00264306
8.02938	-0.00308101
8.02962	-0.00622195
8.02986	-0.00767376
8.03011	-0.00412247
8.03035	0.000169913
8.0306	0.000617674
8.03084	0.000400742
8.03109	0.00424476
8.03133	0.00843387
8.03158	0.00554167
8.03182	-0.00265612
8.03207	-0.00572153
8.03231	0.00108889
8.03255	0.0104998
8.0328	0.013671
8.03304	0.0106773
8.03329	0.00698737
8.03353	0.00474572
8.03378	0.00265718
8.03402	0.00135014
8.03427	0.00303465
8.03451	0.00640722
8.03476	0.00687381
8.035	0.00287286
8.03525	-0.00171919
8.03549	-0.0031023
8.03573	-0.00232037
8.03598	-0.00224242
8.03622	-0.00253226
8.03647	-0.00108299
8.03671	0.0011472
8.03696	0.00089423
8.0372	-0.00203122
8.03745	-0.00412366
8.03769	-0.00352019
8.03794	-0.00207508
8.03818	-0.00114404
8.03843	0.000430411
8.03867	0.00240394
8.03891	0.00183697
8.03916	-0.00149395
8.0394	-0.00295812
8.03965	-0.000109484
8.03989	0.00253228
8.04014	0.000403339
8.04038	-0.0035385
8.04063	-0.00381774
8.04087	-0.00131864
8.04112	-0.00059019
8.04136	-0.00133776
8.04161	-6.27644e-05
8.04185	0.00194969
8.04209	0.000371452
8.04234	-0.00345863
8.04258	-0.00388204
8.04283	-0.000868651
8.04307	-0.000236886
8.04332	-0.00317813
8.04356	-0.00396816
8.04381	0.000142002
8.04405	0.00474511
8.0443	0.00621494
8.04454	0.00619416
8.04478	0.00574538
8.04503	0.00273237
8.04527	-0.00203615
8.04552	-0.00358599
8.04576	-0.00100404
8.04601	0.000416407
8.04625	-0.00143762
8.0465	-0.00165332
8.04674	0.00233434
8.04699	0.00543296
8.04723	0.00364396
8.04748	0.000483692
8.04772	-0.000443294
8.04796	-0.00166554
8.04821	-0.00489129
8.04845	-0.00550045
8.0487	-0.000680323
8.04894	0.0040948
8.04919	0.00397947
8.04943	0.00318574
8.04968	0.0063589
8.04992	0.00823478
8.05017	0.00175608
8.05041	-0.00839595
8.05066	-0.0108282
8.0509	-0.00335267
8.05114	0.00547654
8.05139	0.0089156
8.05163	0.00750662
8.05188	0.00360046
8.05212	-0.000941838
8.05237	-0.0021189
8.05261	0.00299321
8.05286	0.00979574
8.0531	0.00983463
8.05335	0.00191985
8.05359	-0.00597618
8.05384	-0.00674139
8.05408	-0.00159226
8.05432	0.00301129
8.05457	0.00253652
8.05481	-0.00151967
8.05506	-0.00279675
8.0553	0.00294116
8.05555	0.0108508
8.05579	0.0112644
8.05604	0.00288968
8.05628	-0.00457757
8.05653	-0.00470947
8.05677	-0.00336889
8.05702	-0.00711111
8.05726	-0.0108766
8.0575	-0.00704651
8.05775	-8.73884e-05
8.05799	-0.000100274
8.05824	-0.00591184
8.05848	-0.00745367
8.05873	-0.00301781
8.05897	-0.000839153
8.05922	-0.0032666
8.05946	-0.00259274
8.05971	0.00456875
8.05995	0.0107526
8.06019	0.00994071
8.06044	0.00619819
8.06068	0.00495735
8.06093	0.00464023
8.06117	0.00244388
8.06142	0.000506633
8.06166	0.000466901
8.06191	-0.000976627
8.06215	-0.00487937
8.0624	-0.00509313
8.06264	0.00237126
8.06289	0.0104779
8.06313	0.00966536
8.06337	0.00154509
8.06362	-0.00401178
8.06386	-0.00335979
8.06411	-0.00223775
8.06435	-0.00453342
8.0646	-0.00618815
8.06484	-0.00302256
8.06509	0.00185033
8.06533	0.00298582
8.06558	0.000767564
8.06582	-0.000513068
8.06607	-0.000246479
8.06631	-0.00148008
8.06655	-0.00405777
8.0668	-0.00400686
8.06704	-0.00118242
8.06729	-0.00127227
8.06753	-0.00657912
8.06778	-0.010549
8.06802	-0.00722543
8.06827	-0.00141998
8.06851	-0.00179368
8.06876	-0.00704666
8.069	-0.00827718
8.06925	-0.00377083
8.06949	-0.00105929
8.06973	-0.00335872
8.06998	-0.00473804
8.07022	-0.00180763
8.07047	0.000375494
8.07071	-0.00121245
8.07096	-0.00146447
8.0712	0.00233974
8.07145	0.00400818
8.07169	6.97144e-05
8.07194	-0.00188009
8.07218	0.00396801
8.07242	0.00955644
8.07267	0.00530341
8.07291	-0.003149
8.07316	-0.00374832
8.0734	0.00221383
8.07365	0.00362252
8.07389	-0.000790943
8.07414	-0.00165306
8.07438	0.00311392
8.07463	0.00492892
8.07487	0.0010101
8.07512	-0.000235437
8.07536	0.00548875
8.0756	0.0104206
8.07585	0.00792873
8.07609	0.00286147
8.07634	0.00212544
8.07658	0.00403542
8.07683	0.00406052
8.07707	0.00351498
8.07732	0.00512649
8.07756	0.00620201
8.07781	0.00376803
8.07805	0.00158249
8.0783	0.00419521
8.07854	0.0075397
8.07878	0.00366456
8.07903	-0.00647816
8.07927	-0.0127915
8.07952	-0.00955536
8.07976	-0.00259798
8.08001	-0.000166136
8.08025	-0.00185664
8.0805	-0.00157572
8.08074	0.00145891
8.08099	0.00153998
8.08123	-0.00289117
8.08148	-0.00469243
8.08172	0.000949458
8.08196	0.00666924
8.08221	0.00252317
8.08245	-0.00751757
8.0827	-0.00937286
8.08294	0.000409441
8.08319	0.00927977
8.08343	0.00771397
8.08368	0.00199958
8.08392	0.00119571
8.08417	0.00227452
8.08441	-0.00169582
8.08465	-0.00729714
8.0849	-0.00663794
8.08514	-0.00151098
8.08539	0.000374186
8.08563	-0.000999669
8.08588	-0.000121361
8.08612	0.00166483
8.08637	-0.0016749
8.08661	-0.00831367
8.08686	-0.0103722
8.0871	-0.00713344
8.08735	-0.00462344
8.08759	-0.0031498
8.08783	0.00198628
8.08808	0.00766341
8.08832	0.00476228
8.08857	-0.00536038
8.08881	-0.00988745
8.08906	-0.00362325
8.0893	0.00373671
8.08955	0.0040139
8.08979	0.00174198
8.09004	0.00294887
8.09028	0.00443507
8.09053	0.00190145
8.09077	-0.00099695
8.09101	0.000110761
8.09126	0.0019973
8.0915	0.000521518
8.09175	-0.00135089
8.09199	0.000363817
8.09224	0.00282793
8.09248	0.00188984
8.09273	-0.000102868
8.09297	0.00106339
8.09322	0.00394231
8.09346	0.00495437
8.09371	0.00470526
8.09395	0.0048258
8.09419	0.00352537
8.09444	0.000319619
8.09468	-0.000263294
8.09493	0.00348726
8.09517	0.00449526
8.09542	-0.00287634
8.09566	-0.0111661
8.09591	-0.00829718
8.09615	0.00437034
8.0964	0.0125689
8.09664	0.00824877
8.09688	-0.000912364
8.09713	-0.0037561
8.09737	0.000248744
8.09762	0.00374957
8.09786	0.00304706
8.09811	0.000937298
8.09835	0.000161178
8.0986	-0.000122515
8.09884	-0.000455378
8.09909	0.00156946
8.09933	0.00680044
8.09958	0.0102092
8.09982	0.0059944
8.10006	-0.00347873
8.10031	-0.00904123
8.10055	-0.00613473
8.1008	0.000467653
8.10104	0.00519998
8.10129	0.00847556
8.10153	0.0112887
8.10178	0.0107259
8.10202	0.00751581
8.10227	0.0107168
8.10251	0.0250689
8.10276	0.0392291
8.103	0.0384435
8.10324	0.0254954
8.10349	0.016147
8.10373	0.01574
8.10398	0.0149772
8.10422	0.00947885
8.10447	0.00735353
8.10471	0.012573
8.10496	0.015822
8.1052	0.00980633
8.10545	0.00130158
8.10569	-0.000858442
8.10594	0.000811938
8.10618	0.000196718
8.10642	-0.000942905
8.10667	0.00103403
8.10691	0.00274521
8.10716	0.000815334
8.1074	-0.000223937
8.10765	0.00282767
8.10789	0.0030672
8.10814	-0.00438749
8.10838	-0.00971542
8.10863	-0.0021775
8.10887	0.00968192
8.10911	0.0083429
8.10936	-0.00496537
8.1096	-0.0106214
8.10985	-0.000220086
8.11009	0.011249
8.11034	0.00866922
8.11058	-0.00221101
8.11083	-0.00619407
8.11107	-0.000626557
8.11132	0.0045514
8.11156	0.00292991
8.11181	-0.00198775
8.11205	-0.0044995
8.11229	-0.0034783
8.11254	-0.00139986
8.11278	-0.000961215
8.11303	-0.00303324
8.11327	-0.00595315
8.11352	-0.0071134
8.11376	-0.00565555
8.11401	-0.0023459
8.11425	0.00242969
8.1145	0.00766882
8.11474	0.00979202
8.11499	0.00626087
8.11523	0.000812205
8.11547	-0.000483649
8.11572	0.00127482
8.11596	-0.00102957
8.11621	-0.00829811
8.11645	-0.0120288
8.1167	-0.00734527
8.11694	-0.00141984
8.11719	-0.00242109
8.11743	-0.00679658
8.11768	-0.00618467
8.11792	-0.00192314
8.11817	-0.00217732
8.11841	-0.00694189
8.11865	-0.00737843
8.1189	-0.000979954
8.11914	0.00359152
8.11939	0.000392338
8.11963	-0.00471319
8.11988	-0.00440546
8.12012	-0.00123108
8.12037	-0.00145726
8.12061	-0.00380102
8.12086	-0.00251121
8.1211	0.00208264
8.12134	0.00406299
8.12159	0.00113208
8.12183	-0.00337602
8.12208	-0.00633136
8.12232	-0.00677165
8.12257	-0.00375573
8.12281	0.00169764
8.12306	0.00426489
8.1233	0.000343043
8.12355	-0.00517529
8.12379	-0.00502835
8.12404	-0.000887309
8.12428	-0.000667652
8.12452	-0.00553323
8.12477	-0.0085891
8.12501	-0.00682053
8.12526	-0.00486599
8.1255	-0.00513994
8.12575	-0.0036695
8.12599	0.00116993
8.12624	0.00473037
8.12648	0.00463039
8.12673	0.00464112
8.12697	0.00609462
8.12722	0.00444514
8.12746	-0.00084231
8.1277	-0.00247272
8.12795	0.0022829
8.12819	0.00475382
8.12844	-0.00156496
8.12868	-0.00917385
8.12893	-0.00786002
8.12917	-0.00081193
8.12942	0.0010508
8.12966	-0.00411176
8.12991	-0.0082362
8.13015	-0.00617273
8.1304	-0.000304832
8.13064	0.00505952
8.13088	0.00636644
8.13113	0.00123101
8.13137	-0.00679797
8.13162	-0.0082913
8.13186	-0.000116068
8.13211	0.00775269
8.13235	0.00566456
8.1326	-0.00181864
8.13284	-0.00512323
8.13309	-0.00560287
8.13333	-0.00969831
8.13358	-0.0132132
8.13382	-0.00686438
8.13406	0.0053897
8.13431	0.00966971
8.13455	0.00374564
8.1348	-0.000324351
8.13504	0.00303999
8.13529	0.00485567
8.13553	-0.00137381
8.13578	-0.00846524
8.13602	-0.00790723
8.13627	-0.00220625
8.13651	0.00192149
8.13675	0.00352661
8.137	0.00412771
8.13724	0.00225869
8.13749	-0.0021946
8.13773	-0.00425308
8.13798	-0.000223797
8.13822	0.00633381
8.13847	0.00901968
8.13871	0.00576312
8.13896	-0.000272108
8.1392	-0.00376809
8.13945	-0.00135935
8.13969	0.00373051
8.13993	0.0034652
8.14018	-0.00376506
8.14042	-0.00827088
8.14067	-0.00292478
8.14091	0.00411571
8.14116	0.00176671
8.1414	-0.00471654
8.14165	-0.00220643
8.14189	0.00625155
8.14214	0.00474594
8.14238	-0.00773186
8.14263	-0.0132622
8.14287	-0.00377431
8.14311	0.00598488
8.14336	0.00318675
8.1436	-0.0035439
8.14385	-0.00141359
8.14409	0.00527465
8.14434	0.00551693
8.14458	0.00120377
8.14483	0.00120763
8.14507	0.00442083
8.14532	0.00306828
8.14556	-0.00278764
8.14581	-0.00650275
8.14605	-0.00629691
8.14629	-0.00517996
8.14654	-0.00368186
8.14678	-0.00142609
8.14703	-0.00122706
8.14727	-0.00380298
8.14752	-0.00389062
8.14776	0.00106878
8.14801	0.00485527
8.14825	0.00251211
8.1485	-0.00101911
8.14874	-0.000349587
8.14898	0.00045282
8.14923	-0.0033153
8.14947	-0.00658908
8.14972	-0.00353252
8.14996	0.000730952
8.15021	-0.00130558
8.15045	-0.00624413
8.1507	-0.00670549
8.15094	-0.00468697
8.15119	-0.00570495
8.15143	-0.00629635
8.15168	-0.000857128
8.15192	0.00489921
8.15216	0.00187751
8.15241	-0.0055312
8.15265	-0.00551399
8.1529	0.00143967
8.15314	0.00397204
8.15339	-0.00105114
8.15363	-0.00584961
8.15388	-0.00690742
8.15412	-0.00787501
8.15437	-0.00777425
8.15461	-0.00153608
8.15486	0.00694399
8.1551	0.00726298
8.15534	-0.000286615
8.15559	-0.00430502
8.15583	-0.00081964
8.15608	0.00240447
8.15632	0.00197863
8.15657	0.00351898
8.15681	0.006982
8.15706	0.00419293
8.1573	-0.00381269
8.15755	-0.00429578
8.15779	0.00478056
8.15804	0.00743942
8.15828	-0.00451314
8.15852	-0.0152946
8.15877	-0.00913315
8.15901	0.00414882
8.15926	0.00510663
8.1595	-0.00475387
8.15975	-0.00797613
8.15999	-0.000175023
8.16024	0.00598674
8.16048	0.00376381
8.16073	0.000366738
8.16097	0.000506918
8.16121	-0.00114049
8.16146	-0.00678031
8.1617	-0.00929704
8.16195	-0.00510519
8.16219	-0.00124743
8.16244	-0.00324239
8.16268	-0.00607488
8.16293	-0.00400979
8.16317	-0.000217343
8.16342	0.000551143
8.16366	0.000525689
8.16391	0.00228112
8.16415	0.00131976
8.16439	-0.00553074
8.16464	-0.0110332
8.16488	-0.00747926
8.16513	-0.000509321
8.16537	-0.000982943
8.16562	-0.00645808
8.16586	-0.00462287
8.16611	0.00513551
8.16635	0.00862492
8.1666	-0.000695939
8.16684	-0.0103637
8.16709	-0.00798213
8.16733	0.000288065
8.16757	0.00118682
8.16782	-0.00476987
8.16806	-0.00686199
8.16831	-0.00293433
8.16855	-0.000611346
8.1688	-0.00187014
8.16904	-0.000210199
8.16929	0.00563054
8.16953	0.00774564
8.16978	0.00241009
8.17002	-0.00332839
8.17027	-0.00312655
8.17051	-0.000217774
8.17075	0.000440476
8.171	0.000449866
8.17124	0.00215537
8.17149	0.00198035
8.17173	-0.00307046
8.17198	-0.00804248
8.17222	-0.0068071
8.17247	-0.00190919
8.17271	-0.000271017
8.17296	-0.0025074
8.1732	-0.00397757
8.17344	-0.00390198
8.17369	-0.00552439
8.17393	-0.00813819
8.17418	-0.0065927
8.17442	0.000198503
8.17467	0.00633996
8.17491	0.00657775
8.17516	0.00265068
8.1754	-1.54953e-05
8.17565	0.000783579
8.17589	0.00227006
8.17614	0.000708261
8.17638	-0.00374049
8.17662	-0.0064828
8.17687	-0.00382902
8.17711	0.00146809
8.17736	0.00281104
8.1776	-0.00138555
8.17785	-0.00506885
8.17809	-0.00278756
8.17834	0.00307348
8.17858	0.00629396
8.17883	0.00500633
8.17907	0.00237102
8.17932	0.0012843
8.17956	0.00190094
8.1798	0.00290341
8.18005	0.00244514
8.18029	-0.000810458
8.18054	-0.00542521
8.18078	-0.00760111
8.18103	-0.00561417
8.18127	-0.0018786
8.18152	0.000699016
8.18176	0.00176034
8.18201	0.00163763
8.18225	-0.000129863
8.1825	-0.00267576
8.18274	-0.00362922
8.18298	-0.0028785
8.18323	-0.00310188
8.18347	-0.00514732
8.18372	-0.00674411
8.18396	-0.00677978
8.18421	-0.00607293
8.18445	-0.00329127
8.1847	0.00349771
8.18494	0.0100207
8.18519	0.008567
8.18543	0.000206674
8.18567	-0.00451322
8.18592	-0.00109839
8.18616	0.00222522
8.18641	-0.000881581
8.18665	-0.00381538
8.1869	0.000832869
8.18714	0.00726298
8.18739	0.00549995
8.18763	-0.00233043
8.18788	-0.00615467
8.18812	-0.00346814
8.18837	0.000200135
8.18861	0.00217592
8.18885	0.00326381
8.1891	0.00122285
8.18934	-0.00554859
8.18959	-0.0109669
8.18983	-0.00860694
8.19008	-0.00309882
8.19032	-0.00341612
8.19057	-0.00788096
8.19081	-0.00726673
8.19106	-0.000220402
8.1913	0.00610686
8.19155	0.0084071
8.19179	0.00837276
8.19203	0.00446452
8.19228	-0.00446151
8.19252	-0.0102187
8.19277	-0.00463376
8.19301	0.00451214
8.19326	0.00312211
8.1935	-0.00533704
8.19375	-0.00451642
8.19399	0.00578599
8.19424	0.00696202
8.19448	-0.00691002
8.19473	-0.0170143
8.19497	-0.00944279
8.19521	0.00313912
8.19546	0.00331353
8.1957	-0.00457601
8.19595	-0.00602838
8.19619	-0.00101904
8.19644	0.000609206
8.19668	-0.00135666
8.19693	-0.000174598
8.19717	0.00214246
8.19742	-0.00171859
8.19766	-0.00918315
8.1979	-0.0107626
8.19815	-0.00551123
8.19839	-0.000681656
8.19864	0.00125718
8.19888	0.00302697
8.19913	0.00296991
8.19937	-0.0023392
8.19962	-0.00809263
8.19986	-0.00637614
